PlayerId,MLBAMID,Name,NameASCII,Season,Pitch,Pitches,LD%,GB%,FB%,IFFB%,HR/FB,Strikes,Balls,Pitches.1,xMov,zMov,Mov,O-Swing%,Z-Swing%,Swing%,O-Contact%,Z-Contact%,Contact%,Zone%,SwStr%,pVAL,pVAL/C,Vertical Break,Vertical Drop,Horizontal Break,ArmAngle,SpinRate,Events,EV,EV90,maxEV,LA,Barrels,Barrel%,HardHit,HardHit%,H-Swing%,H-Contact%,H-Zone%,S-Swing%,S-Contact%,S-Zone%,C-Swing%,C-Contact%,C-Zone%,W-Swing%,W-Contact%,W-Zone%,SI-Swing%,SI-Contact%,SI-Zone%,SO-Swing%,SO-Contact%,SO-Zone%
15640,592450,Aaron Judge,Aaron Judge,2025,"FA,FC,FS,SI,CH,SL,CU,KC",2061,0.2374581939799331,0.334448160535117,0.4280936454849498,0.1328125,0.2890625,1208,853,2061,-2.084845910630762,3.49240380361475,8.032444784085394,0.2163965681601525,0.6620553359683794,0.4352256186317321,0.3436123348017621,0.7955223880597015,0.6811594202898551,0.4910237748665696,0.1387675885492479,-54.786522000000005,-2.658249490538574,5.784690397311984,28.702443964095085,-2.6148652436196027,37.92967547258612,2314.208151382824,303,94.89800664451828,111.3,118.1,19.41528239202658,70,0.231023102310231,170,0.5610561056105611,0.751004016064257,0.8636363636363636,0.2416302765647743,0.4863945578231292,0.62004662004662,0.4269771955361475,0.1858585858585858,0.2391304347826087,0.2401746724890829,0.010752688172043,0.0,0.0897622513343037,0.5899581589958159,0.6773049645390071,0.2309558466763707,0.3638613861386138,0.5102040816326531,0.1960213488597768
25524,668845,Aaron Schunk,Aaron Schunk,2025,"FA,FC,SI,SL,CU",35,0.5,0.125,0.375,0.6666666666666666,0.0,29,6,35,-1.875509965714286,3.954503314285714,6.936160542857144,0.5555555555555556,0.7647058823529411,0.6571428571428571,0.6,0.8461538461538461,0.7391304347826086,0.4857142857142857,0.1714285714285714,0.6574567000000003,1.8784477142857157,6.583318606285714,27.43024114285714,-2.244038942857143,37.29017971428572,2347.2285714285717,9,84.075,100.6,100.6,30.125,0,0.0,2,0.2222222222222222,0.7777777777777778,0.8571428571428571,0.2571428571428571,0.7058823529411765,0.6666666666666666,0.4857142857142857,0.3333333333333333,0.5,0.1714285714285714,0.6666666666666666,1.0,0.0857142857142857,0.6666666666666666,0.8333333333333334,0.2571428571428571,0.75,0.5,0.2285714285714285
19844,647351,Abraham Toro,Abraham Toro,2025,"FA,FC,FS,SI,CH,SL,CU,KC,EP",802,0.2101910828025477,0.4076433121019108,0.3821656050955414,0.2333333333333333,0.1,541,261,802,-3.3847308290523683,4.189288457930174,8.854558668329176,0.3629441624365482,0.6225490196078431,0.4950124688279301,0.6643356643356644,0.8858267716535433,0.8060453400503779,0.5087281795511222,0.0960099750623441,2.787802200000001,0.3476062593516211,6.989509873940148,27.61318334164589,-4.936112903491272,36.763481234413966,2273.01246882793,160,87.04339622641508,102.7,109.4,14.42138364779874,9,0.05625,59,0.36875,0.6714285714285714,0.8936170212765957,0.2605985037406483,0.5941176470588235,0.8217821782178217,0.4239401496259352,0.2651933701657458,0.5833333333333334,0.2256857855361596,0.0845070422535211,0.0,0.0885286783042394,0.6292134831460674,0.8660714285714286,0.2219451371571072,0.5555555555555556,0.7666666666666667,0.2019950124688279
27962,691182,Adael Amador,Adael Amador,2025,"FA,FC,FS,SI,CH,SL,CU,KC",374,0.2753623188405797,0.3333333333333333,0.391304347826087,0.2592592592592592,0.037037037037037,236,138,374,-2.967362195989305,3.721842042513368,7.686730729946523,0.2417582417582417,0.65625,0.4545454545454545,0.5909090909090909,0.8809523809523809,0.8058823529411765,0.5133689839572193,0.088235294117647,3.913235800000001,1.0463197326203213,6.180953352941176,27.849296524064165,-4.167843038048129,36.56957668449199,2256.4117647058824,72,85.16567164179104,100.8,103.5,17.746268656716417,3,0.0416666666666666,18,0.25,0.7155963302752294,0.9102564102564102,0.2914438502673797,0.4810126582278481,0.8157894736842105,0.4224598930481283,0.1891891891891892,0.2857142857142857,0.1978609625668449,0.0606060606060606,0.0,0.088235294117647,0.5647058823529412,0.875,0.2272727272727272,0.3835616438356164,0.7142857142857143,0.195187165775401
15223,624428,Adam Frazier,Adam Frazier,2025,"FA,FC,FO,FS,SI,CH,SL,CU,KC,EP",1572,0.2890365448504983,0.3787375415282392,0.3322259136212624,0.18,0.06,1055,517,1572,-2.729433816991094,4.392136179179389,8.401344052798988,0.3060941828254848,0.6741176470588235,0.5050890585241731,0.7375565610859729,0.8883071553228621,0.8463476070528967,0.5407124681933843,0.0776081424936386,2.955727000000004,0.1880233460559799,7.340205117550891,27.244949249363863,-3.757593721501272,37.816560345419845,2289.57951653944,304,85.68874172185429,98.0,104.6,15.254966887417218,6,0.0197368421052631,62,0.2039473684210526,0.7250554323725056,0.9021406727828746,0.2868956743002545,0.5751824817518248,0.8451776649746193,0.4344783715012723,0.2211838006230529,0.6197183098591549,0.2041984732824427,0.017391304347826,0.0,0.0731552162849872,0.6781914893617021,0.8823529411764706,0.2385496183206107,0.4498381877022653,0.7769784172661871,0.1959287531806615
24598,680718,Addison Barger,Addison Barger,2025,"FA,FC,FS,SI,CH,SL,CU,KC,EP",1629,0.25,0.3943661971830985,0.3556338028169014,0.297029702970297,0.198019801980198,1057,572,1629,-2.750947746617557,3.614013609588708,8.509657943523637,0.2998678996036988,0.6708715596330275,0.4984653161448741,0.5330396475770925,0.8598290598290599,0.7684729064039408,0.5352977286678944,0.1154082259054634,-4.657280700000003,-0.2858981399631677,5.993394415856353,29.77300050337631,-3.797287659969307,37.92504196439534,2270.9453652547577,287,91.94000000000004,107.9,116.5,14.238596491228073,37,0.1289198606271777,146,0.5087108013937283,0.724669603524229,0.8571428571428571,0.2774708410067526,0.5539971949509116,0.769620253164557,0.4376918354818907,0.2303370786516854,0.4634146341463415,0.2185389809699202,0.0566037735849056,0.0,0.0650705954573357,0.6256684491978609,0.8461538461538461,0.2295887047268262,0.4749262536873156,0.6583850931677019,0.2081031307550644
26288,668939,Adley Rutschman,Adley Rutschman,2025,"FA,FC,FS,SI,CH,SL,CU,KC,EP",1067,0.1989247311827957,0.4408602150537634,0.3602150537634409,0.1791044776119403,0.1194029850746268,665,402,1067,-2.9163000954545457,4.206074078444236,8.970421359887535,0.2446601941747573,0.5996376811594203,0.4283036551077788,0.7380952380952381,0.9123867069486404,0.8643326039387309,0.5173383317713215,0.0581068416119962,5.343632799999998,0.5008090721649483,7.017267291302717,28.39165367385192,-4.081600866344893,36.39793981911902,2235.8359887535144,189,89.97754010695189,105.0,111.3,13.401069518716575,18,0.0952380952380952,77,0.4074074074074074,0.6606498194945848,0.9398907103825136,0.2596063730084348,0.4750499001996008,0.8445378151260504,0.4695407685098406,0.1658986175115207,0.6111111111111112,0.2033739456419868,0.0,0.0,0.0674789128397375,0.5518518518518518,0.8926174496644296,0.2530459231490159,0.3852813852813853,0.7640449438202247,0.2164948453608247
19287,666969,Adolis García,Adolis Garcia,2025,"FA,FC,FS,SI,CH,SL,CU,KC,EP",1548,0.215547703180212,0.3568904593639576,0.4275618374558304,0.1818181818181818,0.1157024793388429,1014,534,1548,-3.481392896582686,4.945209272945736,9.08919954715762,0.3515527950310559,0.7092866756393001,0.5232558139534884,0.5618374558303887,0.8026565464895635,0.7185185185185186,0.4799741602067183,0.1472868217054263,6.914264699999995,0.4466579263565888,8.29433101608527,25.29456406976744,-5.08915678498553,37.282743249354006,2241.390180878553,289,92.26759581881537,106.1,113.6,17.585365853658537,33,0.1141868512110726,133,0.4602076124567474,0.7676240208877284,0.8061224489795918,0.2467700258397933,0.5915279878971256,0.7493606138107417,0.4270025839793281,0.2972972972972973,0.4545454545454545,0.2390180878552971,0.1119402985074626,0.1333333333333333,0.08656330749354,0.6455331412103746,0.7991071428571429,0.2241602067183462,0.5318471337579618,0.6826347305389222,0.2028423772609819
29554,680728,Adrian Del Castillo,Adrian Del Castillo,2025,"FA,FC,FS,SI,CH,SL,CU,KC",496,0.2676056338028169,0.3380281690140845,0.3943661971830985,0.1071428571428571,0.1428571428571428,320,176,496,-2.368585389516129,4.080389716733871,8.454147764112903,0.2851063829787234,0.632183908045977,0.4677419354838709,0.373134328358209,0.793939393939394,0.6724137931034483,0.5262096774193549,0.1532258064516129,1.4774352000000002,0.29787,6.8010258931451615,27.39930024193548,-3.112815401209677,38.98380247983872,2253.528225806452,72,90.36901408450704,105.1,108.7,17.3943661971831,5,0.0694444444444444,37,0.5138888888888888,0.6544117647058824,0.797752808988764,0.2721774193548387,0.543778801843318,0.652542372881356,0.4375,0.22,0.3181818181818182,0.2016129032258064,0.0697674418604651,0.3333333333333333,0.0866935483870967,0.6086956521739131,0.7,0.2318548387096774,0.4705882352941176,0.5833333333333334,0.2056451612903226
26546,682663,Agustín Ramírez,Agustin Ramirez,2025,"FA,FC,FO,FS,SI,CH,SL,CU,KC,EP",1485,0.2341772151898734,0.4683544303797468,0.2974683544303797,0.2127659574468085,0.1595744680851064,966,519,1485,-2.6637315088080817,3.923340888847137,8.339067902828283,0.304054054054054,0.702013422818792,0.5037037037037037,0.5377777777777778,0.9005736137667304,0.7914438502673797,0.5016835016835017,0.105050505050505,2.473107000000001,0.1665391919191919,6.531802312053872,28.77967371717173,-3.642833527306395,37.89795041077441,2314.205387205387,323,90.56698113207548,109.2,116.9,6.613207547169812,35,0.1083591331269349,151,0.4674922600619195,0.7708830548926014,0.934984520123839,0.2814814814814815,0.5652173913043478,0.7366863905325444,0.4026936026936027,0.2366197183098591,0.4880952380952381,0.239057239057239,0.0265486725663716,0.0,0.076094276094276,0.6059602649006622,0.8306010928961749,0.2033670033670033,0.5236486486486487,0.6258064516129033,0.1993265993265993
22168,668731,Akil Baddoo,Akil Baddoo,2025,"FA,FC,FS,SI,CH,SL,CU",51,0.4,0.5,0.1,0.0,0.0,37,14,51,-1.0744640784313726,3.18763837254902,9.558454313725488,0.4166666666666667,0.8518518518518519,0.6470588235294118,0.4,0.8695652173913043,0.7272727272727273,0.5294117647058824,0.1764705882352941,2.9217328,5.728887843137255,5.257104509803921,29.934535294117648,-0.83261362745098,43.30133333333333,2239.764705882353,10,90.44,100.8,108.5,5.6,0,0.0,4,0.4,0.9375,0.9333333333333332,0.3137254901960784,0.7647058823529411,0.7692307692307693,0.3333333333333333,0.3333333333333333,0.0,0.2745098039215686,0.0,0.0,0.0588235294117647,0.625,0.6,0.1568627450980392,0.8888888888888888,0.875,0.1764705882352941
31564,702176,Alan Roden,Alan Roden,2025,"FA,FC,FS,SI,CH,SL,CU,KC,EP",469,0.1547619047619047,0.5952380952380952,0.25,0.2857142857142857,0.0476190476190476,302,167,469,-2.980258941215351,3.465639632409382,8.614326501066097,0.3155555555555555,0.5983606557377049,0.4626865671641791,0.5915492957746479,0.8698630136986302,0.7788018433179723,0.5202558635394456,0.1023454157782516,6.075218300000002,1.2953557142857148,5.736010906375266,29.572586119402995,-4.19397548891258,37.248321108742,2215.008528784648,84,86.71666666666667,104.7,107.6,1.1428571428571428,1,0.0119047619047619,26,0.3095238095238095,0.6440677966101694,0.9078947368421052,0.2515991471215352,0.5194174757281553,0.7757009345794392,0.4392324093816631,0.3142857142857143,0.5151515151515151,0.2217484008528784,0.025,0.0,0.0852878464818763,0.5546218487394958,0.8787878787878788,0.2537313432835821,0.4712643678160919,0.6097560975609756,0.185501066098081
20056,676701,Alan Trejo,Alan Trejo,2025,"FA,FC,FS,SI,CH,SL,CU",121,0.1111111111111111,0.4444444444444444,0.4444444444444444,0.0,0.0,85,36,121,-2.3638523388429755,3.5744568471074385,6.968964685950413,0.3265306122448979,0.7083333333333334,0.5537190082644629,0.75,0.7843137254901961,0.7761194029850746,0.5950413223140496,0.1239669421487603,3.4717109999999995,2.869182644628099,5.926066933884298,29.028390826446284,-3.1044787190082643,38.53988047933884,2282.8595041322315,28,86.60740740740742,100.4,103.4,13.592592592592592,2,0.0714285714285714,6,0.2142857142857142,0.8157894736842105,0.8387096774193549,0.3057851239669421,0.5660377358490566,0.7333333333333333,0.4380165289256198,0.25,0.6666666666666666,0.1983471074380165,0.0,0.0,0.0495867768595041,0.625,0.75,0.2644628099173554,0.4761904761904761,0.7,0.1735537190082644
21618,664761,Alec Bohm,Alec Bohm,2025,"FA,FC,FO,FS,SI,CH,SL,CU,KN,KC,EP",1307,0.2811387900355871,0.491103202846975,0.2277580071174377,0.09375,0.109375,848,459,1307,-1.924839394644223,4.000171378296099,8.267686573986227,0.2381818181818182,0.655217965653897,0.4797245600612089,0.6412213740458015,0.9193548387096774,0.861244019138756,0.5791889824024483,0.0665646518745218,1.526920999999999,0.1168263963274674,6.664241030635044,27.64690838561592,-2.3374748484774286,38.03803980872227,2340.139250191278,285,90.76113074204952,104.0,109.6,5.658450704225352,16,0.0561403508771929,130,0.4561403508771929,0.75,0.9333333333333332,0.306044376434583,0.4850088183421516,0.8581818181818182,0.4338179035960214,0.1850393700787401,0.4893617021276595,0.1935730680948737,0.0581395348837209,0.2,0.0657995409334353,0.5580645161290323,0.8786127167630058,0.2371843917368018,0.3968871595330739,0.8235294117647058,0.1966335118592196
27615,676475,Alec Burleson,Alec Burleson,2025,"FA,FC,FO,FS,SI,CH,SL,CU,KC,EP",1472,0.2360248447204969,0.3819875776397515,0.3819875776397515,0.1788617886178861,0.1219512195121951,941,531,1472,-3.622313057425272,3.998192655862773,8.47516429347826,0.3122362869198312,0.6517739816031537,0.4877717391304347,0.7702702702702703,0.8850806451612904,0.8495821727019499,0.516983695652174,0.0733695652173913,-11.762633899999996,-0.7990919769021738,6.658394233357333,27.701152065217407,-5.326339271460596,36.68444110054346,2233.054347826087,325,91.92375,106.7,111.1,16.425,34,0.1046153846153846,147,0.4523076923076923,0.7172236503856041,0.8745519713261649,0.2642663043478261,0.5533230293663061,0.8798882681564246,0.4395380434782608,0.226865671641791,0.6447368421052632,0.2275815217391304,0.0495049504950495,0.4,0.0686141304347826,0.6656891495601173,0.8986784140969163,0.2316576086956521,0.4281045751633986,0.8473282442748091,0.2078804347826087
22581,672386,Alejandro Kirk,Alejandro Kirk,2025,"FA,FC,FS,SI,CH,SL,CU,KC,EP",1419,0.2613240418118467,0.4320557491289198,0.3066202090592334,0.2159090909090909,0.125,904,515,1419,-2.6074630894925983,4.36676062470049,8.480012549682877,0.2716763005780346,0.6685006877579092,0.4749823819591261,0.7446808510638298,0.8703703703703703,0.8353115727002968,0.5123326286116984,0.0782241014799154,-1.9475183999999992,-0.1372458350951373,7.295808509471457,27.06575267089499,-3.538917707021845,37.531780819591255,2329.14940098661,288,91.28188153310104,106.8,112.0,11.428571428571429,29,0.1006944444444444,150,0.5208333333333334,0.7338308457711443,0.8949152542372881,0.2825933756166314,0.5171821305841925,0.8172757475083057,0.4101479915433403,0.2307692307692307,0.7222222222222222,0.2198731501057082,0.048780487804878,0.1666666666666666,0.0866807610993657,0.5919732441471572,0.8305084745762712,0.2107117688513037,0.4381625441696113,0.7983870967741935,0.1994362226920366
27915,696030,Alejandro Osuna,Alejandro Osuna,2025,"FA,FC,FS,SI,CH,SL,CU,KC,EP",690,0.3063063063063063,0.4144144144144144,0.2792792792792792,0.2580645161290322,0.064516129032258,435,255,690,-3.9272967394347833,5.024684923623189,9.298407733333336,0.2438271604938271,0.6065573770491803,0.436231884057971,0.6455696202531646,0.918918918918919,0.8471760797342193,0.5304347826086957,0.0666666666666666,4.652112599999998,0.6742192173913041,8.435902135173913,26.797791376811603,-5.876803377246376,36.34550981594201,2182.4246376811598,112,88.97727272727275,105.2,110.2,12.190909090909091,7,0.0625,42,0.375,0.6310679611650486,0.9384615384615383,0.2971014492753623,0.5034013605442177,0.8175675675675675,0.4246376811594203,0.1538461538461538,0.5454545454545454,0.2057971014492753,0.0212765957446808,0.0,0.0681159420289855,0.5947712418300654,0.8571428571428571,0.2202898550724637,0.4042553191489361,0.7543859649122807,0.2043478260869565
23792,677950,Alek Thomas,Alek Thomas,2025,"FA,FC,FO,FS,SI,CH,SL,CU,KC,EP",1395,0.2015810276679842,0.5177865612648221,0.2806324110671936,0.1549295774647887,0.0985915492957746,946,449,1395,-2.762623357483871,3.013259500501792,8.439378575627241,0.3589341692789968,0.6578599735799208,0.5211469534050179,0.5152838427947598,0.8493975903614458,0.7441540577716643,0.5426523297491039,0.1333333333333333,6.370487999999997,0.4566658064516127,4.956786759068099,30.18109548387096,-3.8133319981003577,37.19359350107525,2235.3297491039425,256,90.59723320158103,105.7,110.6,5.201581027667984,23,0.08984375,110,0.4296875,0.7036144578313253,0.8938356164383562,0.2953405017921147,0.584192439862543,0.7176470588235294,0.4172043010752688,0.297029702970297,0.4,0.2172043010752688,0.0526315789473684,0.0,0.068100358422939,0.6666666666666666,0.7777777777777778,0.232258064516129,0.4806201550387597,0.6129032258064516,0.1849462365591397
17678,608324,Alex Bregman,Alex Bregman,2025,"FA,FC,FO,FS,SI,CH,SL,CU,KC",1405,0.2222222222222222,0.362962962962963,0.4148148148148148,0.2946428571428571,0.1339285714285714,873,532,1405,-2.9841418373039152,4.494274329978648,8.726044118149469,0.1967741935483871,0.5961783439490446,0.4199288256227758,0.6721311475409836,0.9145299145299144,0.864406779661017,0.5587188612099644,0.0569395017793594,-7.5853214000000015,-0.5398805266903917,7.5183817193878975,26.38481951601424,-4.21915044469751,38.60338011316727,2348.27615658363,273,90.05404411764704,102.5,107.2,19.591911764705884,21,0.0769230769230769,117,0.4285714285714285,0.6650717703349283,0.9424460431654677,0.297508896797153,0.4518272425249169,0.8492647058823529,0.4277580071174377,0.1330798479087452,0.4571428571428571,0.1871886120996441,0.040983606557377,0.2,0.0868327402135231,0.5432098765432098,0.8806818181818182,0.2298932384341637,0.3453237410071942,0.7916666666666666,0.197864768683274
19296,669743,Alex Call,Alex Call,2025,"FA,FC,FS,SI,CH,SL,CU,KC,EP",843,0.2366412213740458,0.4274809160305343,0.3358778625954198,0.1590909090909091,0.0227272727272727,511,332,843,-3.564964103689206,5.109377039074732,8.814426443653621,0.1813471502590673,0.5229759299781181,0.3665480427046263,0.6714285714285714,0.899581589958159,0.8478964401294499,0.5421115065243179,0.0557532621589561,-1.7679046999999986,-0.2097158600237246,8.579266220521946,24.82336776986951,-5.226392047461449,38.332768820877824,2314.502965599051,138,86.78769230769232,100.4,107.9,13.615384615384617,3,0.0217391304347826,31,0.2246376811594203,0.6088709677419355,0.913907284768212,0.2941874258600237,0.3709677419354839,0.8333333333333334,0.4412811387900356,0.1085714285714285,0.4736842105263157,0.2075919335705812,0.0208333333333333,0.0,0.0569395017793594,0.4549763033175355,0.8541666666666666,0.2502965599051008,0.2608695652173913,0.7857142857142857,0.1909845788849347
31665,690976,Alex Freeland,Alex Freeland,2025,"FA,FC,FS,SI,CH,SL,CU,KC",361,0.1904761904761904,0.4285714285714285,0.3809523809523809,0.25,0.125,215,146,361,-3.12053702797784,4.092663700277009,8.442843786703603,0.1886792452830188,0.5346534653465347,0.3822714681440443,0.4666666666666667,0.8240740740740741,0.7463768115942029,0.5595567867036011,0.0969529085872576,3.3570108000000003,0.929919889196676,6.827034217257618,26.960911745152348,-4.485016356786702,37.914265595567855,2200.301939058172,44,90.49761904761904,101.9,107.2,19.142857142857142,4,0.0909090909090909,17,0.3863636363636363,0.6333333333333333,0.912280701754386,0.2465373961218836,0.4064171122994652,0.6710526315789473,0.518005540166205,0.0793650793650793,0.0,0.1745152354570637,0.0,0.0,0.0581717451523545,0.4653465346534653,0.7446808510638298,0.2797783933518005,0.3372093023255814,0.5517241379310345,0.2382271468144044
17276,656577,Alex Jackson,Alex Jackson,2025,"FA,FC,FS,SI,CH,SL,CU,KC,EP",285,0.25,0.4166666666666667,0.3333333333333333,0.25,0.1666666666666666,179,106,285,-1.7371239182456146,4.961981780350875,8.411833908771928,0.2978723404255319,0.6805555555555556,0.4912280701754385,0.3809523809523809,0.7551020408163265,0.6428571428571429,0.5052631578947369,0.175438596491228,2.851362,1.000477894736842,8.32054711796491,26.770484982456136,-2.016656736842105,40.1242981754386,2385.838596491228,36,87.81111111111113,108.1,108.7,10.333333333333334,5,0.1388888888888889,14,0.3888888888888889,0.8,0.8035714285714286,0.2456140350877192,0.5391304347826087,0.6290322580645161,0.4035087719298245,0.2753623188405797,0.3157894736842105,0.2421052631578947,0.0967741935483871,0.0,0.1087719298245614,0.625,0.6888888888888889,0.2526315789473684,0.3953488372093023,0.4705882352941176,0.1508771929824561
17027,657077,Alex Verdugo,Alex Verdugo,2025,"FA,FC,FS,SI,CH,SL,CU,KC",729,0.3055555555555556,0.4166666666666667,0.2777777777777778,0.225,0.0,468,261,729,-3.273157517832647,4.452857957475994,8.374863779149516,0.2388535031847133,0.5180722891566265,0.3978052126200274,0.6933333333333334,0.9302325581395348,0.8689655172413793,0.5692729766803841,0.0521262002743484,4.588047599999998,0.6293618106995882,7.445171960356653,26.26367211248286,-4.706645785432097,35.42784178326475,2270.7901234567903,144,89.88251748251746,104.0,107.7,11.664335664335663,5,0.0347222222222222,59,0.4097222222222222,0.5560747663551402,0.9747899159663864,0.2921810699588477,0.436532507739938,0.8439716312056738,0.4430727023319616,0.2068965517241379,0.5666666666666667,0.1975308641975308,0.0,0.0,0.0644718792866941,0.5294117647058824,0.8787878787878788,0.2565157750342935,0.3088235294117647,0.7619047619047619,0.186556927297668
22842,672744,Alexander Canario,Alexander Canario,2025,"FA,FC,FO,FS,SI,CH,SL,CU,KC,EP",488,0.2602739726027397,0.4520547945205479,0.2876712328767123,0.238095238095238,0.0952380952380952,322,166,488,-2.272541889385246,4.181169790778689,7.93756943032787,0.2951541850220264,0.7547892720306514,0.5409836065573771,0.3880597014925373,0.7817258883248731,0.6818181818181818,0.5348360655737705,0.1721311475409836,5.207561100000001,1.0671231762295084,6.9759805799180326,28.866912766393444,-2.9569395566188525,39.85527489959016,2321.1741803278687,74,88.39729729729729,106.5,111.7,10.87837837837838,6,0.081081081081081,34,0.4594594594594595,0.7972027972027972,0.7543859649122807,0.2930327868852459,0.6237113402061856,0.6859504132231405,0.3975409836065574,0.2673267326732673,0.4074074074074074,0.2069672131147541,0.04,0.0,0.1024590163934426,0.6730769230769231,0.7571428571428571,0.2131147540983606,0.5666666666666667,0.5882352941176471,0.1844262295081967
18551,645305,Ali Sánchez,Ali Sanchez,2025,"FA,FC,FS,SI,CH,SL,CU,EP",54,0.0833333333333333,0.6666666666666666,0.25,0.3333333333333333,0.0,42,12,54,-3.668179685185185,5.864833574074075,9.240041296296296,0.4583333333333333,0.6333333333333333,0.5555555555555556,0.5454545454545454,0.8947368421052632,0.7666666666666667,0.5555555555555556,0.1296296296296296,2.3356317000000004,4.32524388888889,9.887041148148148,29.439229629629622,-5.402663888888888,43.02718888888889,2270.9444444444443,12,84.47500000000001,102.8,104.3,9.166666666666666,1,0.0833333333333333,4,0.3333333333333333,0.6428571428571429,0.8888888888888888,0.2592592592592592,0.5333333333333333,0.8125,0.5555555555555556,0.5,0.5,0.1481481481481481,0.5,0.0,0.037037037037037,0.625,0.9,0.2962962962962963,0.4285714285714285,0.6666666666666666,0.2592592592592592
15518,642708,Amed Rosario,Amed Rosario,2025,"FA,FC,FS,SI,CH,SL,CU,KC",229,0.2708333333333333,0.5,0.2291666666666666,0.2727272727272727,0.1818181818181818,163,66,229,-0.9844074737991264,3.1536861484716163,7.408891358078603,0.3893805309734513,0.6724137931034483,0.5327510917030568,0.5,0.8333333333333334,0.7131147540983607,0.5065502183406113,0.1528384279475982,2.0083418,0.877005152838428,5.198387568558951,29.699516812227078,-0.6739343113537118,41.00549397379913,2334.921397379913,49,89.17959183673467,107.0,108.9,7.775510204081633,3,0.0612244897959183,19,0.3877551020408163,0.7068965517241379,0.8536585365853658,0.2532751091703056,0.594059405940594,0.75,0.4410480349344978,0.3958333333333333,0.3157894736842105,0.2096069868995633,0.0909090909090909,0.5,0.0960698689956331,0.640625,0.8048780487804879,0.2794759825327511,0.5135135135135135,0.631578947368421,0.1615720524017467
17901,643217,Andrew Benintendi,Andrew Benintendi,2025,"FA,FC,FS,SI,CH,SL,CU,KC,SC",1400,0.2022058823529411,0.3235294117647059,0.4742647058823529,0.2403100775193798,0.1085271317829457,855,545,1400,-3.413091279999999,4.152330854021428,8.757049487857145,0.2691218130311614,0.6930835734870316,0.4792857142857142,0.6947368421052632,0.8378378378378378,0.797317436661699,0.4957142857142857,0.0971428571428571,-1.1798775999999975,-0.0842769714285712,6.925380150642859,27.77756489999999,-4.953305800142856,38.78312134857144,2218.069285714286,277,88.88581818181811,103.2,108.5,20.992727272727272,33,0.1191335740072202,110,0.3971119133574007,0.7947214076246334,0.8560885608856088,0.2428571428571428,0.5421875,0.7982708933717579,0.4571428571428571,0.1573770491803278,0.5208333333333334,0.2171428571428571,0.043859649122807,0.2,0.0814285714285714,0.6355421686746988,0.8104265402843602,0.2371428571428571,0.4415584415584415,0.7794117647058824,0.22
19514,668800,Andrew Knizner,Andrew Knizner,2025,"FA,FC,FS,SI,CH,SL,CU,KC,EP",231,0.2142857142857142,0.4285714285714285,0.3571428571428571,0.4,0.0,154,77,231,-2.408302528571429,4.508978989610389,8.365141354978354,0.3423423423423423,0.5833333333333334,0.4675324675324675,0.7368421052631579,0.9,0.8425925925925926,0.5194805194805194,0.0735930735930736,-0.549528799999999,-0.237891255411255,7.537494498701299,28.702672597402596,-3.203648425108225,41.62254285714286,2331.220779220779,47,84.4521739130435,99.8,108.1,18.08695652173913,0,0.0,10,0.2127659574468085,0.640625,0.8780487804878049,0.277056277056277,0.4537037037037037,0.8775510204081632,0.4675324675324675,0.3409090909090909,0.7333333333333333,0.1904761904761904,0.2,0.3333333333333333,0.0649350649350649,0.4745762711864407,0.9642857142857144,0.2554112554112554,0.4285714285714285,0.7619047619047619,0.2121212121212121
9847,457705,Andrew McCutchen,Andrew McCutchen,2025,"FA,FC,FS,SI,CH,SL,CU,KC,EP",1639,0.2159090909090909,0.4356060606060606,0.3484848484848485,0.2391304347826087,0.108695652173913,1006,633,1639,-1.8786463891214145,4.07268145466748,7.960834906040267,0.1843501326259947,0.6994350282485876,0.462477120195241,0.4820143884892086,0.8222940226171244,0.7598944591029023,0.5399633923123855,0.1110433190970103,5.645678600000005,0.3444587309334964,6.786534837388654,27.317739890176934,-2.2553911443563144,37.03149409212933,2361.115924344112,271,89.75513307984792,103.9,108.1,14.486692015209126,24,0.088560885608856,118,0.4354243542435424,0.7946058091286307,0.8825065274151436,0.2934716290420988,0.4562410329985653,0.6886792452830188,0.4252593044539353,0.1627218934911242,0.3454545454545454,0.2056131787675411,0.0163934426229508,0.0,0.0744356314826113,0.5925925925925926,0.7276785714285714,0.2306284319707138,0.2946708463949843,0.5957446808510638,0.1946308724832214
26197,683734,Andrew Vaughn,Andrew Vaughn,2025,"FA,FC,FO,FS,SI,CH,SL,CU,KC",1184,0.2564102564102564,0.4316239316239316,0.3119658119658119,0.2054794520547945,0.1506849315068493,761,423,1184,-2.2244431056587834,4.150659744662162,8.33838645160473,0.3117338003502627,0.6215334420880914,0.4721283783783784,0.5730337078651685,0.8713910761154856,0.776386404293381,0.5177364864864865,0.1055743243243243,9.650806500000002,0.815101900337838,6.923123533733111,27.507241452702694,-2.8614053983952705,37.63408380912163,2321.7787162162163,234,91.01666666666668,105.4,110.5,12.166666666666666,29,0.1239316239316239,106,0.452991452991453,0.7264437689969605,0.895397489539749,0.2778716216216216,0.4912959381044487,0.7519685039370079,0.4358108108108108,0.2439024390243902,0.4666666666666667,0.2077702702702702,0.0652173913043478,0.1666666666666666,0.0777027027027027,0.5568627450980392,0.823943661971831,0.214527027027027,0.4274809160305343,0.6607142857142857,0.2212837837837837
19455,655316,Andruw Monasterio,Andruw Monasterio,2025,"FA,FC,FS,SI,CH,SL,CU,EP",340,0.2542372881355932,0.3389830508474576,0.4067796610169492,0.2083333333333333,0.0833333333333333,223,117,340,-2.993270522058824,4.385010066470588,8.283939288235295,0.2781456953642384,0.6402116402116402,0.4794117647058823,0.4285714285714285,0.8512396694214877,0.7423312883435583,0.5558823529411765,0.1235294117647058,0.3714840000000005,0.1092600000000001,7.327247934117648,28.91830091176471,-4.223609015588235,37.30994676470589,2277.579411764706,60,87.34915254237286,100.1,104.6,19.559322033898304,3,0.05,22,0.3666666666666666,0.6354166666666666,0.8688524590163934,0.2823529411764706,0.5866666666666667,0.7045454545454546,0.4411764705882353,0.2,0.4615384615384615,0.1911764705882352,0.0344827586206896,0.0,0.0852941176470588,0.6744186046511628,0.8275862068965517,0.2529411764705882,0.46875,0.4666666666666667,0.188235294117647
21797,665953,Andrés Chaparro,Andres Chaparro,2025,"FA,FC,SI,CH,SL,CU",93,0.1666666666666666,0.1666666666666666,0.6666666666666666,0.5833333333333334,0.0833333333333333,60,33,93,-1.5571872365591397,5.055975365591399,8.664853999999998,0.2444444444444444,0.6458333333333334,0.4516129032258064,0.5454545454545454,0.8064516129032258,0.7380952380952381,0.5161290322580645,0.1182795698924731,2.9650406,3.188215698924731,8.486119894623656,25.1391329032258,-1.6874547956989248,33.7361009139785,2393.903225806452,19,81.15555555555555,105.2,106.2,40.22222222222222,2,0.1052631578947368,4,0.2105263157894736,0.6666666666666666,0.8333333333333334,0.1935483870967742,0.5909090909090909,0.7307692307692307,0.4731182795698925,0.1666666666666666,0.5,0.2580645161290322,0.0,0.0,0.075268817204301,0.56,0.8571428571428571,0.2688172043010752,0.631578947368421,0.5833333333333334,0.2043010752688172
19950,665926,Andrés Giménez,Andres Gimenez,2025,"FA,FC,FS,SI,CH,SL,CU,KC",1155,0.297029702970297,0.3613861386138614,0.3415841584158416,0.144927536231884,0.0869565217391304,767,388,1155,-3.830384604372296,4.456053197073594,8.995381603463207,0.3387096774193548,0.6666666666666666,0.5082251082251082,0.671957671957672,0.8668341708542714,0.8040885860306644,0.5168831168831168,0.0995670995670995,8.7480553,0.7574073852813853,7.450697926161041,26.88556126406926,-5.6884610869523815,36.90760292727272,2222.5324675324678,206,87.50394088669947,101.7,106.6,13.448275862068966,5,0.0242718446601941,59,0.2864077669902912,0.7057057057057057,0.8851063829787233,0.2865800865800866,0.5780933062880325,0.7894736842105263,0.4268398268398268,0.2581967213114754,0.6190476190476191,0.2112554112554112,0.0470588235294117,0.0,0.0735930735930736,0.640926640926641,0.8012048192771084,0.2242424242424242,0.5085470085470085,0.773109243697479,0.2025974025974026
18819,628451,Andy Ibáñez,Andy Ibanez,2025,"FA,FC,FS,SI,CH,SL,CU",204,0.2291666666666666,0.5,0.2708333333333333,0.1538461538461538,0.0,136,68,204,-1.848999945588236,3.798797619313726,8.306220686274507,0.3052631578947368,0.7706422018348624,0.553921568627451,0.6206896551724138,0.9166666666666666,0.8407079646017699,0.5343137254901961,0.088235294117647,4.352896100000001,2.133772598039216,6.314039466666666,28.28510426470589,-2.1973210343137253,32.908470377450975,2367.044117647059,48,85.6695652173913,100.7,107.3,6.333333333333333,0,0.0,9,0.1875,0.8333333333333334,0.94,0.2941176470588235,0.6309523809523809,0.7924528301886793,0.4117647058823529,0.2325581395348837,0.6,0.2107843137254902,0.0,0.0,0.0833333333333333,0.725,0.7931034482758621,0.196078431372549,0.5454545454545454,0.7916666666666666,0.2156862745098039
24816,681624,Andy Pages,Andy Pages,2025,"FA,FC,FO,FS,SI,CH,SL,CU,KC",1768,0.2321428571428571,0.3779761904761904,0.3898809523809524,0.1450381679389313,0.183206106870229,1200,568,1768,-2.498886496511878,4.046292960984162,8.139684734728505,0.3256997455470738,0.6965376782077393,0.5316742081447964,0.59765625,0.8830409356725146,0.8053191489361702,0.5554298642533937,0.1035067873303167,-6.204670399999999,-0.3509428959276017,6.741644471069009,27.288986204751133,-3.3495062124264714,37.69257604072398,2338.6781674208146,340,88.13026706231453,104.4,110.6,16.54437869822485,33,0.0970588235294117,124,0.3647058823529411,0.774074074074074,0.9234449760765552,0.3048642533936652,0.5466666666666666,0.7853658536585366,0.4242081447963801,0.2841225626740947,0.4607843137254901,0.2030542986425339,0.0840336134453781,0.2,0.0673076923076923,0.5980629539951574,0.8137651821862348,0.2335972850678733,0.4836795252225519,0.7423312883435583,0.1906108597285067
26540,682657,Angel Martínez,Angel Martinez,2025,"FA,FC,FS,SI,CH,SL,CU,KN,KC",1149,0.1964285714285714,0.3705357142857143,0.4330357142857143,0.2061855670103092,0.0618556701030927,817,332,1149,-2.8710558617580504,3.581072211479548,8.773593754569191,0.4363636363636363,0.6844741235392321,0.5657093124456049,0.6041666666666666,0.8926829268292683,0.7861538461538462,0.5213228894691035,0.1209747606614447,20.7040462,1.801918729329852,5.931286765709311,28.864542140992185,-4.059764235100088,35.49273467449957,2264.6840731070497,227,86.86666666666666,101.6,107.1,19.622222222222224,7,0.0308370044052863,61,0.2687224669603524,0.717607973421927,0.9212962962962964,0.2619669277632724,0.6338582677165354,0.8012422360248447,0.4421235857267189,0.3931297709923664,0.5145631067961165,0.2280243690165361,0.1153846153846153,0.1111111111111111,0.0678851174934725,0.6765799256505576,0.8131868131868132,0.2341166231505657,0.5857740585774058,0.7857142857142857,0.2080069625761531
14551,623993,Anthony Santander,Anthony Santander,2025,"FA,FC,FS,SI,CH,SL,CU,KC",714,0.2075471698113207,0.3584905660377358,0.4339622641509434,0.3478260869565217,0.1304347826086956,461,253,714,-3.570791478963584,5.113355668838934,8.915425907563026,0.3492063492063492,0.6875,0.5084033613445378,0.7272727272727273,0.8398268398268398,0.7988980716253443,0.4705882352941176,0.1022408963585434,8.986373400000003,1.2585957142857147,8.587438269887956,24.78158175070028,-5.231065623109242,38.33575753641456,2261.9523809523807,106,89.63490566037737,104.5,110.4,21.764150943396228,6,0.0566037735849056,40,0.3773584905660377,0.740506329113924,0.8717948717948718,0.2212885154061624,0.6225806451612903,0.8082901554404145,0.4327731092436975,0.2659574468085106,0.64,0.2619047619047619,0.0517241379310344,0.0,0.0812324929971988,0.6839080459770115,0.8151260504201681,0.2436974789915966,0.5441176470588235,0.7972972972972973,0.1890756302521008
23802,678011,Anthony Seigler,Anthony Seigler,2025,"FA,FC,FS,SI,CH,SL,CU,KC,EP",261,0.2954545454545454,0.4772727272727273,0.2272727272727272,0.0,0.0,156,105,261,-4.291802914942529,3.906440894252874,8.85604061302682,0.2074074074074074,0.6349206349206349,0.4137931034482758,0.3928571428571428,0.8625,0.7407407407407407,0.4827586206896552,0.10727969348659,5.606576400000002,2.1481135632183914,6.500319416475097,27.850951724137936,-6.509206570881226,32.60580651340996,2189.8659003831417,45,89.41627906976743,100.6,103.5,10.27906976744186,1,0.0222222222222222,18,0.4,0.7714285714285715,0.8888888888888888,0.2681992337164751,0.4067796610169492,0.6458333333333334,0.4482758620689655,0.1111111111111111,0.1666666666666666,0.2068965517241379,0.0,0.0,0.0727969348659003,0.5357142857142857,0.7666666666666667,0.210727969348659,0.2903225806451613,0.4444444444444444,0.2375478927203065
27647,683011,Anthony Volpe,Anthony Volpe,2025,"FA,FC,FS,SI,CH,SL,CU,KC",1681,0.2007168458781362,0.3942652329749104,0.4050179211469534,0.2035398230088495,0.1327433628318584,1103,578,1681,-2.828459126531827,4.381129381201666,8.544664681023203,0.2539267015706806,0.6510359869138496,0.470553242117787,0.6185567010309279,0.8174204355108877,0.7686472819216182,0.5455086258179654,0.1088637715645449,15.789983399999995,0.9393208447352764,7.32166758647829,26.691774527067217,-3.925571796026176,37.28493661629984,2314.9095776323616,284,88.53928571428574,103.7,110.1,13.075,33,0.1161971830985915,118,0.4154929577464789,0.6964980544747081,0.8184357541899442,0.305175490779298,0.5189873417721519,0.7479674796747967,0.421772754312909,0.1794117647058823,0.6229508196721312,0.2016656751933373,0.0258620689655172,0.3333333333333333,0.0690065437239738,0.635,0.7598425196850394,0.2367638310529446,0.3697749196141479,0.7217391304347827,0.1850089232599643
16925,605244,Aramis Garcia,Aramis Garcia,2025,"FA,FC,SI,SL,CU",9,0.0,0.0,0.0,0.0,0.0,7,2,9,-0.7602786666666668,2.3577661111111112,6.030095555555556,0.3333333333333333,0.3333333333333333,0.3333333333333333,0.0,1.0,0.6666666666666666,0.6666666666666666,0.1111111111111111,0.5422374,6.02486,3.821916666666666,31.464377777777777,-0.2790322222222225,15.104048888888888,2599.333333333333,0,0.0,,,0.0,0,0.0,0,0.0,0.3333333333333333,1.0,0.3333333333333333,0.5,0.5,0.4444444444444444,0.0,0.0,0.1111111111111111,0.0,0.0,0.1111111111111111,0.5,1.0,0.2222222222222222,0.5,0.0,0.2222222222222222
12158,605131,Austin Barnes,Austin Barnes,2025,"FA,FC,FS,SI,CH,SL,CU,KC",138,0.3636363636363636,0.4545454545454545,0.1818181818181818,0.25,0.0,91,47,138,-2.4899737282608694,5.043246543478261,8.096119789855072,0.2068965517241379,0.575,0.4202898550724637,0.1666666666666666,0.8478260869565217,0.7068965517241379,0.5797101449275363,0.1231884057971014,3.716745,2.6932934782608697,8.466191747971015,26.59776246376812,-3.3266986743623184,38.62983500000001,2323.68115942029,23,82.64545454545454,101.6,105.2,4.863636363636363,1,0.0434782608695652,5,0.217391304347826,0.6341463414634146,0.8076923076923077,0.2971014492753623,0.3880597014925373,0.7307692307692307,0.4855072463768116,0.24,0.1666666666666666,0.181159420289855,0.0,0.0,0.036231884057971,0.4473684210526316,0.8823529411764706,0.2753623188405797,0.3103448275862069,0.4444444444444444,0.2101449275362318
19363,669720,Austin Hays,Austin Hays,2025,"FA,FC,FS,SI,CH,SL,CU,KC,EP",1177,0.215311004784689,0.430622009569378,0.354066985645933,0.1486486486486486,0.1756756756756756,781,396,1177,-1.6985860161189463,3.3679444042285467,7.564615032625319,0.3637873754152824,0.688695652173913,0.5225148683092609,0.5159817351598174,0.7954545454545454,0.6959349593495935,0.4885301614273576,0.1588785046728972,5.370457400000001,0.4562835514018692,5.569887457689038,29.180361002548857,-1.94276934068819,37.85355553950721,2334.913338997452,212,88.56183574879226,104.2,109.2,14.584541062801932,21,0.0990566037735849,80,0.3773584905660377,0.7467105263157895,0.8546255506607929,0.2582837723024639,0.6021052631578947,0.6643356643356644,0.4027187765505522,0.3298611111111111,0.4631578947368421,0.243840271877655,0.0636363636363636,0.0,0.092608326253186,0.6439393939393939,0.7,0.2234494477485131,0.5497630331753555,0.6120689655172413,0.179269328802039
12976,595978,Austin Hedges,Austin Hedges,2025,"FA,FC,FS,SI,CH,SL,CU",346,0.2666666666666666,0.25,0.4833333333333333,0.4137931034482758,0.1034482758620689,219,127,346,-2.4536066994219654,4.2154155620231215,8.22312156069364,0.3333333333333333,0.6807228915662651,0.5,0.4166666666666667,0.8849557522123894,0.7225433526011561,0.4797687861271676,0.1387283236994219,7.0654854,2.042047803468208,7.034539442485547,27.217337919075156,-3.262622028901734,37.31616260115607,2366.1127167630057,63,87.7728813559322,101.4,108.6,27.15,2,0.0317460317460317,19,0.3015873015873015,0.7204301075268817,0.8805970149253731,0.2658959537572254,0.5827338129496403,0.7283950617283951,0.4017341040462427,0.2692307692307692,0.3333333333333333,0.2254335260115607,0.1111111111111111,0.0,0.1040462427745664,0.7571428571428571,0.8113207547169812,0.2023121387283237,0.4057971014492754,0.5714285714285714,0.1994219653179191
27462,668885,Austin Martin,Austin Martin,2025,"FA,FC,FS,SI,CH,SL,CU,KC",523,0.2289156626506024,0.5180722891566265,0.253012048192771,0.238095238095238,0.0,296,227,523,-3.4565310776290628,5.27771654206501,9.05532826959847,0.1897233201581027,0.5666666666666667,0.384321223709369,0.5625,0.934640522875817,0.845771144278607,0.5162523900573613,0.0592734225621414,2.5381229999999992,0.4853007648183555,8.908866487380498,24.87814766730401,-5.02870067208413,38.555268565965584,2271.9770554493307,85,86.74756097560977,103.4,106.8,9.097560975609756,3,0.0352941176470588,35,0.4117647058823529,0.6912751677852349,0.941747572815534,0.2848948374760994,0.3624454148471616,0.8313253012048193,0.4359464627151052,0.1226415094339622,0.3076923076923077,0.2026768642447418,0.0512820512820512,0.0,0.0745697896749522,0.4693877551020408,0.8695652173913043,0.1873804971319311,0.2824427480916031,0.7837837837837838,0.248565965583174
15941,543592,Austin Nola,Austin Nola,2025,"FA,FC,FS,SI,CH,SL,CU,KC",125,0.4137931034482758,0.3793103448275862,0.2068965517241379,0.3333333333333333,0.0,83,42,125,-3.6649503952,4.813103935999999,7.971168080000001,0.2692307692307692,0.6575342465753424,0.496,0.6428571428571429,0.8958333333333334,0.8387096774193549,0.584,0.08,4.1972142,3.35777136,8.068182208000001,24.66298,-5.396972208,39.16838327999999,2295.952,29,87.22068965517244,99.9,107.4,11.93103448275862,0,0.0,13,0.4482758620689655,0.7878787878787878,0.9230769230769232,0.264,0.5,0.78125,0.512,0.1739130434782608,0.75,0.184,0.0,0.0,0.04,0.5952380952380952,0.8,0.336,0.3181818181818182,0.7142857142857143,0.176
18360,663586,Austin Riley,Austin Riley,2025,"FA,FC,FS,SI,CH,SL,CU,KC",1404,0.2943925233644859,0.3411214953271028,0.3644859813084112,0.141025641025641,0.1538461538461538,917,487,1404,-2.5739604732336185,4.396298087350426,8.50750504273504,0.3042813455657492,0.696,0.5135327635327636,0.4824120603015075,0.8007662835249042,0.7128987517337032,0.5341880341880342,0.1474358974358974,0.8087903000000007,0.0576061467236467,7.347131492165241,26.466090349002847,-3.4750187031623945,36.445905671652426,2355.7685185185187,215,92.58697674418605,108.9,113.9,15.111627906976745,37,0.1720930232558139,113,0.5255813953488372,0.7694235588972431,0.8110749185667753,0.2841880341880342,0.5626072041166381,0.7225609756097561,0.4152421652421652,0.2442244224422442,0.3783783783783784,0.2158119658119658,0.1008403361344537,0.0,0.0847578347578347,0.6656534954407295,0.7488584474885844,0.2343304843304843,0.4291338582677165,0.6697247706422018,0.1809116809116809
16153,596103,Austin Slater,Austin Slater,2025,"FA,FC,FS,SI,CH,SL,CU,KC,EP",265,0.25,0.5,0.25,0.0,0.0,177,88,265,-2.658416454373585,4.487375666037737,8.463704600000002,0.2698412698412698,0.6330935251798561,0.460377358490566,0.4705882352941176,0.8636363636363636,0.7540983606557377,0.5245283018867924,0.1132075471698113,6.4572319,2.436691283018868,7.506351184905662,29.99642505660377,-3.6379938909433966,36.7310981509434,2294.1735849056604,41,90.77368421052633,104.4,109.3,8.473684210526315,4,0.0975609756097561,16,0.3902439024390244,0.746268656716418,0.92,0.2528301886792453,0.5042735042735043,0.711864406779661,0.4415094339622641,0.2181818181818181,0.3333333333333333,0.2037735849056604,0.0384615384615384,0.0,0.0981132075471698,0.5606060606060606,0.7837837837837838,0.2490566037735849,0.4313725490196078,0.5909090909090909,0.1924528301886792
27562,669224,Austin Wells,Austin Wells,2025,"FA,FC,FS,SI,CH,SL,CU,KC",1222,0.2211055276381909,0.3065326633165829,0.4723618090452261,0.2659574468085106,0.1595744680851064,786,436,1222,-3.3582930345335527,4.160400670450081,8.783830549918164,0.3003355704697986,0.7156549520766773,0.5130932896890343,0.5083798882681564,0.8526785714285714,0.7543859649122807,0.5122749590834698,0.1260229132569558,3.0772575999999985,0.2518214075286414,6.938648904909982,27.267562700491,-4.858863106260229,36.82935981423894,2250.2577741407526,204,90.53880597014928,106.3,111.9,22.35323383084577,22,0.1078431372549019,91,0.446078431372549,0.7947976878612717,0.8545454545454545,0.281505728314239,0.5674603174603174,0.7482517482517482,0.4124386252045826,0.225,0.3809523809523809,0.2291325695581014,0.0326086956521739,0.0,0.0752864157119476,0.6498194945848376,0.8111111111111111,0.2266775777414075,0.4669603524229075,0.6415094339622641,0.1857610474631751
15271,642851,Austin Wynns,Austin Wynns,2025,"FA,FC,FS,SI,CH,SL,CU,KC,EP",281,0.2083333333333333,0.4375,0.3541666666666667,0.1176470588235294,0.2941176470588235,190,91,281,-2.46857565480427,3.34476698683274,8.031954790035588,0.2142857142857142,0.6863905325443787,0.498220640569395,0.3333333333333333,0.8275862068965517,0.7428571428571429,0.6014234875444839,0.1281138790035587,-5.1484795000000005,-1.8321991103202848,5.526926497508896,29.287594412811387,-3.291579281850534,34.23263920996441,2355.5195729537368,50,88.83469387755103,106.2,107.9,12.79591836734694,5,0.1,22,0.44,0.6938775510204082,0.8529411764705882,0.3451957295373665,0.5213675213675214,0.7213114754098361,0.4128113879003559,0.2325581395348837,0.2,0.1530249110320284,0.0434782608695652,0.0,0.0818505338078291,0.6428571428571429,0.7333333333333333,0.2455516014234875,0.3404255319148936,0.6875,0.1672597864768683
29576,700250,Ben Rice,Ben Rice,2025,"FA,FC,FS,SI,CH,SL,CU,KC",1563,0.2585034013605442,0.3945578231292517,0.3469387755102041,0.2058823529411764,0.1862745098039215,956,607,1563,-3.009962877888677,3.6193977429174686,8.603333854062699,0.2,0.6497524752475248,0.4325015994881638,0.5562913907284768,0.9028571428571428,0.8254437869822485,0.5169545745361485,0.0754958413307741,-13.056195700000004,-0.8353292194497763,6.004137471241203,28.50329269993602,-4.245993914101083,37.57436141394755,2252.8438899552143,295,93.45918367346935,107.4,113.5,14.284745762711864,45,0.1525423728813559,166,0.5627118644067797,0.7361111111111112,0.940251572327044,0.2751119641714651,0.4598214285714285,0.7831715210355987,0.4299424184261036,0.1377245508982036,0.3695652173913043,0.2136916186820217,0.024,0.0,0.0793346129238643,0.5850144092219021,0.812807881773399,0.2220089571337172,0.3261538461538461,0.7264150943396226,0.2079334612923864
20287,666163,Ben Rortvedt,Ben Rortvedt,2025,"FA,FC,FS,SI,CH,SL,CU,KC",433,0.1267605633802817,0.4647887323943662,0.4084507042253521,0.4827586206896552,0.0344827586206896,277,156,433,-3.5483003683602767,4.369168744341801,8.954453739030024,0.3014354066985646,0.6026785714285714,0.4572748267898383,0.6031746031746031,0.8666666666666667,0.7828282828282829,0.5173210161662818,0.0993071593533487,8.9214266,2.0603756581986143,7.300439642725171,26.38276436489607,-5.191438311200924,36.53883517321016,2291.565819861432,75,82.19855072463768,99.6,103.9,14.869565217391305,3,0.04,15,0.2,0.7181818181818181,0.9367088607594936,0.2540415704387991,0.4752475247524752,0.71875,0.4665127020785219,0.2291666666666666,0.5454545454545454,0.2217090069284064,0.04,0.0,0.0577367205542725,0.5673076923076923,0.6949152542372882,0.2401847575057736,0.3775510204081632,0.7567567567567568,0.2263279445727482
33197,810938,Ben Williamson,Ben Williamson,2025,"FA,FC,FS,SI,CH,SL,CU,KC,EP",818,0.2040816326530612,0.564625850340136,0.2312925170068027,0.0588235294117647,0.0294117647058823,560,258,818,-2.4462537262469435,4.754674946699267,8.350059739608803,0.3413978494623655,0.5739910313901345,0.4682151589242054,0.5275590551181102,0.90625,0.7806788511749347,0.5452322738386308,0.1026894865525672,9.568416899999995,1.1697331173594128,7.967548150855743,26.935529645476777,-3.2855217459046457,37.8256512762836,2268.6907090464547,148,87.08275862068967,103.8,108.5,2.1496598639455784,4,0.027027027027027,58,0.3918918918918919,0.6254826254826255,0.9012345679012346,0.3154034229828851,0.4859813084112149,0.7884615384615384,0.3924205378973105,0.3241758241758242,0.5084745762711864,0.2212713936430317,0.1071428571428571,0.0,0.0684596577017114,0.52046783625731,0.8539325842696629,0.2090464547677261,0.4466666666666666,0.7014925373134329,0.1833740831295843
29573,695257,Billy Cook,Billy Cook,2025,"FA,SL",5,0.0,1.0,0.0,0.0,0.0,5,0,5,3.336996,3.7638232,7.13681,1.0,1.0,1.0,0.5,0.6666666666666666,0.6,0.6,0.4,0.488195,9.7639,6.253546000000001,29.3,6.940232,43.76484000000001,2507.8,1,99.4,99.4,99.4,1.0,0,0.0,1,1.0,1.0,1.0,0.2,1.0,0.5,0.4,1.0,0.5,0.4,0.0,0.0,0.0,1.0,0.0,0.2,1.0,1.0,0.2
15654,641856,Billy McKinney,Billy McKinney,2025,"FA,FC,FS,SI,CH,SL,CU",81,0.2941176470588235,0.3529411764705882,0.3529411764705882,0.1666666666666666,0.0,52,29,81,-1.952174161851852,3.432349458024691,8.34286925925926,0.25,0.6530612244897959,0.4938271604938271,0.5,0.8125,0.75,0.6049382716049383,0.1234567901234567,0.5220425999999996,0.6444970370370365,5.680303703703704,30.335431604938275,-2.3791130246913577,41.04711851851852,2264.1481481481483,18,86.98333333333333,101.4,102.0,15.166666666666666,0,0.0,5,0.2777777777777778,0.7272727272727273,0.9375,0.2716049382716049,0.5526315789473685,0.6666666666666666,0.4691358024691358,0.1666666666666666,0.3333333333333333,0.2222222222222222,0.0,0.0,0.037037037037037,0.6818181818181818,0.7333333333333333,0.2716049382716049,0.375,0.5,0.1975308641975308
25714,688760,Blaine Crim,Blaine Crim,2025,"FA,FC,FS,SI,CH,SL,CU,KC",240,0.3214285714285714,0.3214285714285714,0.3571428571428571,0.2,0.4,154,86,240,-1.2936629299999998,3.23913990625,7.2347072625,0.2956521739130435,0.576,0.4416666666666666,0.4411764705882353,0.7361111111111112,0.6415094339622641,0.5208333333333334,0.1583333333333333,0.3765390000000017,0.1568912500000006,5.344343315833333,29.32673179166666,-1.2068450041666672,36.513192,2438.0,28,92.95714285714288,105.7,111.4,14.25,4,0.1428571428571428,16,0.5714285714285714,0.6417910447761194,0.7674418604651163,0.2791666666666667,0.532608695652174,0.5714285714285714,0.3833333333333333,0.25,0.5,0.2333333333333333,0.0,0.0,0.1041666666666666,0.5714285714285714,0.65625,0.2333333333333333,0.4722222222222222,0.4117647058823529,0.15
29487,694362,Blake Dunn,Blake Dunn,2025,"FA,FC,FS,SI,CH,SL,CU,KC,EP",160,0.1818181818181818,0.5909090909090909,0.2272727272727272,0.2,0.2,98,62,160,-3.0036,2.9884896125000004,8.7627068,0.2873563218390804,0.6027397260273972,0.43125,0.56,0.8181818181818182,0.7246376811594203,0.45625,0.11875,2.2213891,1.3883681874999998,4.915597081875001,30.0057505,-4.24665142625,34.515048125,2227.7625,22,87.01,101.7,104.6,2.85,3,0.1363636363636363,6,0.2727272727272727,0.7352941176470589,0.8,0.2125,0.4507042253521127,0.75,0.44375,0.3142857142857143,0.5454545454545454,0.21875,0.05,0.0,0.125,0.5151515151515151,0.7058823529411765,0.20625,0.3947368421052631,0.8,0.2375
19921,663368,Blake Perkins,Blake Perkins,2025,"FA,FC,FO,FS,SI,CH,SL,CU,KC,EP",479,0.1944444444444444,0.4444444444444444,0.3611111111111111,0.1923076923076923,0.0384615384615384,292,187,479,-2.8731057622129432,3.67683462651357,8.391358505219207,0.171945701357466,0.5542635658914729,0.3778705636743215,0.4473684210526316,0.8041958041958042,0.7292817679558011,0.5386221294363257,0.1022964509394572,4.6226837,0.9650696659707724,6.104178219331941,29.35505029227557,-4.0144328544885175,34.627141419624216,2266.3736951983296,73,89.06142857142858,100.9,106.0,7.114285714285714,3,0.0410958904109589,23,0.3150684931506849,0.6928571428571428,0.8350515463917526,0.2922755741127348,0.3689320388349514,0.631578947368421,0.430062630480167,0.0714285714285714,0.4285714285714285,0.2045929018789144,0.0285714285714285,0.0,0.0730688935281837,0.4414414414414414,0.7142857142857143,0.231732776617954,0.2842105263157894,0.4814814814814814,0.1983298538622129
25805,666165,Blake Sabol,Blake Sabol,2025,"FA,FC,FS,SI,CH,SL,CU",67,0.1428571428571428,0.7142857142857143,0.1428571428571428,0.0,0.0,45,22,67,-4.089029597014925,5.646250462686567,9.214864626865673,0.3846153846153846,0.6428571428571429,0.4925373134328358,0.3333333333333333,1.0,0.696969696969697,0.417910447761194,0.1492537313432835,1.4661327000000006,2.1882577611940306,9.509027931343285,25.27179343283582,-6.144185408955224,38.26428208955224,2155.791044776119,7,86.28571428571429,104.0,104.0,7.0,0,0.0,2,0.2857142857142857,0.5333333333333333,1.0,0.2238805970149253,0.5555555555555556,0.6666666666666666,0.4029850746268656,0.5263157894736842,0.5,0.2835820895522388,0.0,0.0,0.0895522388059701,0.6470588235294118,0.7272727272727273,0.2537313432835821,0.4,0.5,0.1492537313432835
23789,677942,Blaze Alexander,Blaze Alexander,2025,"FA,FC,FS,SI,CH,SL,CU,KC",715,0.2268041237113402,0.5154639175257731,0.2577319587628865,0.04,0.2,470,245,715,-3.0317428337062937,4.316757391622376,8.37202517482517,0.2692307692307692,0.6578249336870027,0.4741258741258741,0.3846153846153846,0.8185483870967742,0.7020648967551623,0.5272727272727272,0.1412587412587412,3.6496923,0.5104464755244756,7.209799312587415,26.49668861538461,-4.281279742797203,38.276572979020976,2308.5174825174827,100,90.1721649484536,105.0,110.4,6.622448979591836,9,0.09,43,0.43,0.71875,0.7971014492753623,0.2671328671328671,0.5327102803738317,0.7076023391812866,0.4475524475524475,0.1776315789473684,0.2592592592592592,0.2125874125874126,0.06,0.0,0.0699300699300699,0.6162162162162163,0.8157894736842105,0.2587412587412587,0.4191176470588235,0.4912280701754385,0.1888111888111888
19612,666182,Bo Bichette,Bo Bichette,2025,"FA,FC,FS,SI,CH,SL,CU,KC,EP",1804,0.2994652406417112,0.4759358288770053,0.2245989304812834,0.1547619047619047,0.1309523809523809,1189,615,1804,-2.5391072160886914,4.364156179783814,8.487270150776054,0.3314350797266515,0.6911447084233261,0.5160753880266076,0.6494845360824743,0.9109375,0.8292158968850698,0.5133037694013304,0.0881374722838137,-15.211477800000004,-0.8432083037694015,7.291688736702329,26.93193919068737,-3.415273863192905,37.60572301829267,2336.9645232815965,378,90.93733333333331,105.7,112.3,7.338666666666667,26,0.0687830687830687,183,0.4841269841269841,0.7602591792656588,0.9204545454545454,0.2566518847006652,0.5796178343949044,0.8395604395604396,0.4351441241685144,0.2704714640198511,0.6055045871559633,0.2233924611973392,0.0980392156862745,0.0,0.0848115299334811,0.6367924528301887,0.8851851851851852,0.2350332594235033,0.5124653739612188,0.772972972972973,0.200110864745011
21865,666310,Bo Naylor,Bo Naylor,2025,"FA,FC,FS,SI,CH,SL,CU,KC",1372,0.245,0.295,0.46,0.2391304347826087,0.1304347826086956,860,512,1372,-2.711064744395043,3.606938900728863,8.672041678571427,0.2503888024883359,0.635116598079561,0.4548104956268221,0.5590062111801242,0.8768898488120951,0.7948717948717948,0.5313411078717201,0.0932944606413994,1.7804376000000004,0.1297695043731778,5.977804404008748,28.910327762390654,-3.759405453206999,35.53828609183674,2267.3367346938776,204,90.877,105.2,110.6,20.78,24,0.1176470588235294,91,0.446078431372549,0.7171717171717171,0.8943661971830986,0.2879008746355685,0.4897959183673469,0.7604166666666666,0.4285714285714285,0.1831501831501831,0.46,0.1989795918367347,0.017391304347826,0.0,0.0838192419825072,0.5723270440251572,0.8186813186813187,0.2317784256559766,0.3925925925925926,0.660377358490566,0.1967930029154519
30028,676044,Bob Seymour,Bob Seymour,2025,"FA,FC,FS,SI,CH,SL,CU,KC",222,0.2368421052631578,0.5,0.2631578947368421,0.3,0.1,151,71,222,-3.0157879729729737,3.2642937653153155,9.12483198198198,0.4214876033057851,0.7029702970297029,0.5495495495495496,0.4313725490196078,0.8309859154929577,0.6639344262295082,0.4549549549549549,0.1846846846846846,2.4827556000000004,1.1183583783783786,5.389669901801801,30.279192432432435,-4.253165995045045,40.19612297297298,2164.063063063063,40,89.49230769230769,106.5,115.0,12.615384615384617,0,0.0,19,0.475,0.8636363636363636,0.8421052631578947,0.1981981981981982,0.6111111111111112,0.6515151515151515,0.481981981981982,0.3571428571428571,0.4,0.1891891891891892,0.1071428571428571,0.0,0.1261261261261261,0.7090909090909091,0.7948717948717948,0.2477477477477477,0.5094339622641509,0.4444444444444444,0.2342342342342342
19966,666915,Bobby Dalbec,Bobby Dalbec,2025,"FA,FC,FS,SI,CH,SL,CU,KC",51,0.2857142857142857,0.4285714285714285,0.2857142857142857,1.0,0.0,33,18,51,-1.5772185686274514,4.276607150980393,7.580841450980392,0.3333333333333333,0.6296296296296297,0.4901960784313725,0.625,0.6470588235294118,0.64,0.5294117647058824,0.1764705882352941,-0.0288009000000001,-0.0564723529411767,7.140369549019607,28.179316078431373,-1.718454254901961,40.28607058823529,2292.274509803922,7,76.88333333333334,92.4,92.4,20.666666666666668,0,0.0,0,0.0,0.7692307692307693,0.6,0.2549019607843137,0.4166666666666667,0.7,0.4705882352941176,0.4444444444444444,0.75,0.1764705882352941,0.2,0.0,0.0980392156862745,0.4615384615384615,0.8333333333333334,0.2549019607843137,0.3636363636363636,0.5,0.2156862745098039
25764,677951,Bobby Witt Jr.,Bobby Witt Jr.,2025,"FA,FC,FO,FS,SI,CH,SL,CU,KC,EP",1980,0.24,0.3775,0.3825,0.2091503267973856,0.1437908496732026,1287,693,1980,-1.9713127820454548,4.384427471616161,7.981877504545452,0.3098739495798319,0.6974708171206225,0.5111111111111111,0.5796610169491525,0.8619246861924686,0.7796442687747036,0.5191919191919192,0.1126262626262626,-18.970818200000007,-0.9581221313131316,7.326664217979799,26.894079515151518,-2.4167138255101013,38.9064117671717,2329.1934343434345,404,92.7895,108.8,115.7,14.885,50,0.1237623762376237,191,0.4727722772277227,0.7806215722120659,0.8665105386416861,0.2762626262626262,0.5668711656441717,0.79004329004329,0.4111111111111111,0.2516556291390728,0.4736842105263157,0.2277777777777777,0.0545454545454545,0.0,0.0833333333333333,0.6401869158878505,0.8613138686131386,0.2161616161616161,0.4857881136950904,0.6861702127659575,0.1949494949494949
29993,691781,Brady House,Brady House,2025,"FA,FC,FS,SI,CH,SL,CU,KN,KC,EP",681,0.2406015037593984,0.4661654135338345,0.2932330827067669,0.1025641025641025,0.1025641025641025,470,211,681,-2.0073266622613803,3.665513391071953,8.09178865051395,0.367601246105919,0.7611111111111111,0.5756240822320118,0.5169491525423728,0.8248175182481752,0.7321428571428571,0.5286343612334802,0.1541850220264317,10.5486306,1.5489912775330394,6.084516966148309,28.54068812041116,-2.484124365638767,38.3578298825257,2361.781204111601,134,88.14179104477611,104.8,111.0,6.119402985074627,6,0.044776119402985,53,0.3955223880597014,0.8440860215053764,0.8726114649681529,0.2731277533039647,0.6114864864864865,0.712707182320442,0.434654919236417,0.33125,0.3962264150943396,0.2349486049926578,0.0256410256410256,0.0,0.0572687224669603,0.6770186335403726,0.7064220183486238,0.2364170337738619,0.5333333333333333,0.7222222222222222,0.198237885462555
21496,663604,Brandon Lockridge,Brandon Lockridge,2025,"FA,FC,FS,SI,CH,SL,CU,KC,EP",291,0.2352941176470588,0.6078431372549019,0.1568627450980392,0.125,0.0,204,87,291,-2.812186494501718,4.549706572474228,8.199288360824744,0.3135593220338983,0.653179190751445,0.5154639175257731,0.5405405405405406,0.8761061946902655,0.7933333333333333,0.5945017182130584,0.1065292096219931,3.7916938,1.302987560137457,7.612398899656356,26.99259869415808,-3.900864289690723,36.62297147766322,2277.810996563574,52,86.95686274509804,100.9,107.8,-0.3725490196078431,0,0.0,16,0.3076923076923077,0.7311827956989247,0.8823529411764706,0.3195876288659793,0.5227272727272727,0.8115942028985508,0.4536082474226804,0.2142857142857142,0.25,0.1924398625429553,0.1,0.0,0.0343642611683848,0.5857142857142857,0.902439024390244,0.2405498281786941,0.4516129032258064,0.6785714285714286,0.2130584192439862
18882,664040,Brandon Lowe,Brandon Lowe,2025,"FA,FC,FS,SI,CH,SL,CU,KC,EP",1577,0.2621722846441947,0.3782771535580524,0.3595505617977528,0.125,0.2708333333333333,1027,550,1577,-3.5332813874635387,3.65464753688903,8.74001449587825,0.3214756258234519,0.7750611246943765,0.5567533291058973,0.4098360655737705,0.8201892744479495,0.7061503416856492,0.518706404565631,0.1636017755231452,-17.285370299999997,-1.0960919657577677,6.065007032530121,28.7068366328472,-5.17126616262524,37.2258396665631,2193.991122384274,270,91.560447761194,106.4,112.6,13.49626865671642,41,0.1518518518518518,130,0.4814814814814814,0.8457943925233645,0.8701657458563536,0.2701331642358909,0.611353711790393,0.6523809523809524,0.435003170577045,0.2649572649572649,0.3333333333333333,0.2219403931515536,0.027027027027027,0.0,0.0703868103994927,0.7317073170731707,0.7111111111111111,0.2333544705136334,0.4716981132075472,0.5466666666666666,0.2016487000634115
20202,669016,Brandon Marsh,Brandon Marsh,2025,"FA,FC,FO,FS,SI,CH,SL,CU,KN,KC",1323,0.2731277533039647,0.4140969162995594,0.3127753303964757,0.1267605633802817,0.1267605633802817,844,479,1323,-2.9890150555026453,4.370193368488281,8.489753024943306,0.3015151515151515,0.6410256410256411,0.4716553287981859,0.5829145728643216,0.8964705882352941,0.7964743589743589,0.5011337868480725,0.0959939531368102,-13.1126303,-0.9911285185185186,7.304601781845802,26.651374535147387,-4.21309669463341,38.20452606198035,2278.6432350718064,233,91.1800884955752,104.0,111.1,12.584070796460177,20,0.0858369098712446,104,0.4463519313304721,0.7406340057636888,0.9299610894941636,0.2622826908541194,0.5128644939965694,0.7892976588628763,0.4406651549508692,0.2304964539007092,0.3384615384615385,0.2131519274376417,0.027027027027027,0.0,0.0839002267573696,0.5993377483443708,0.856353591160221,0.2282690854119425,0.4199288256227758,0.6864406779661016,0.2123960695389266
12927,607043,Brandon Nimmo,Brandon Nimmo,2025,"FA,FC,FS,SI,CH,SL,CU,KC,EP",1790,0.2261146496815286,0.4490445859872611,0.3248407643312102,0.2352941176470588,0.1666666666666666,1140,650,1790,-2.9528322543575425,4.108907105050281,8.799699381564249,0.2337992376111817,0.6450648055832503,0.4642458100558659,0.5108695652173914,0.8608964451313755,0.7833935018050542,0.5603351955307263,0.1005586592178771,-6.766907000000005,-0.3780394972067042,6.850534079340789,27.5114140782123,-4.146434307284918,36.97237291620112,2309.3106145251395,316,92.62222222222226,106.3,112.2,12.336507936507935,27,0.0854430379746835,167,0.5284810126582279,0.7346570397111913,0.8845208845208845,0.3078212290502793,0.4725130890052356,0.7617728531855956,0.4262569832402235,0.1638888888888889,0.2711864406779661,0.2011173184357542,0.0357142857142857,0.0,0.0625698324022346,0.5650118203309693,0.799163179916318,0.235754189944134,0.3577712609970674,0.6885245901639344,0.1905027932960893
29704,690924,Braxton Fulford,Braxton Fulford,2025,"FA,FC,FS,SI,CH,SL,CU,KC",275,0.2444444444444444,0.3777777777777777,0.3777777777777777,0.1176470588235294,0.0588235294117647,187,88,275,-1.975652458181818,3.766911912174546,7.496995400000001,0.3307086614173228,0.6554054054054054,0.5054545454545455,0.4285714285714285,0.8041237113402062,0.6906474820143885,0.5381818181818182,0.1563636363636363,5.612598499999999,2.0409449090909084,6.258896335272726,27.913540872727264,-2.4204802727272736,35.6250342909091,2409.847272727273,46,84.64888888888889,100.7,108.6,16.511111111111113,1,0.0217391304347826,12,0.2608695652173913,0.7066666666666667,0.8867924528301887,0.2727272727272727,0.5546875,0.6197183098591549,0.4618181818181818,0.2978723404255319,0.2857142857142857,0.1709090909090909,0.04,1.0,0.0909090909090909,0.6307692307692307,0.6829268292682927,0.2363636363636363,0.4761904761904761,0.5333333333333333,0.2254545454545454
23690,677587,Brayan Rocchio,Brayan Rocchio,2025,"FA,FC,FS,SI,CH,SL,CU,KC",986,0.2941176470588235,0.4117647058823529,0.2941176470588235,0.0833333333333333,0.05,662,324,986,-3.5258986297160244,4.388487180734281,8.881703751521295,0.3225806451612903,0.6698656429942419,0.5060851926977687,0.6133333333333333,0.8796561604584527,0.7995991983967936,0.5283975659229209,0.101419878296146,8.991159199999998,0.9118822718052736,7.327734094523326,27.06739293103448,-5.216568769776876,36.233326125760655,2238.7210953346857,209,88.37562189054725,102.2,109.6,11.866336633663366,7,0.0334928229665071,74,0.354066985645933,0.7328519855595668,0.9113300492610836,0.2809330628803245,0.5649202733485194,0.7540322580645161,0.4452332657200811,0.2222222222222222,0.5681818181818182,0.2008113590263691,0.0555555555555555,0.5,0.0730223123732251,0.6637554585152838,0.7763157894736842,0.2322515212981744,0.4571428571428571,0.71875,0.2129817444219067
24679,680977,Brendan Donovan,Brendan Donovan,2025,"FA,FC,FO,FS,SI,CH,SL,CU,KC",1261,0.2941176470588235,0.3860294117647059,0.3198529411764705,0.2413793103448276,0.0919540229885057,778,483,1261,-3.420402516772404,4.139277595638381,8.815435521332278,0.2348993288590604,0.6090225563909775,0.4321966693100714,0.7428571428571429,0.94320987654321,0.8917431192660551,0.5273592386994449,0.0467882632831086,-14.3765773,-1.1400933624107852,6.904528071524186,27.39817340206184,-4.968580246550356,37.01977397858842,2260.7890563045203,274,90.8196296296296,104.2,109.6,14.903703703703703,28,0.1021897810218978,121,0.4416058394160584,0.6764705882352942,0.9608695652173912,0.2696272799365583,0.4990990990990991,0.8700361010830325,0.4385408406026962,0.1386861313868613,0.631578947368421,0.2172878667724028,0.0,0.0,0.0729579698651863,0.5791245791245792,0.8895348837209303,0.2339413164155432,0.4069767441860465,0.8380952380952381,0.204599524187153
17907,663898,Brendan Rodgers,Brendan Rodgers,2025,"FA,FC,FS,SI,CH,SL,CU,KC",388,0.2452830188679245,0.4339622641509434,0.320754716981132,0.1176470588235294,0.0588235294117647,252,136,388,-2.61737566935567,3.750942651546392,8.68399004123711,0.3103448275862069,0.5841121495327103,0.461340206185567,0.3148148148148148,0.808,0.659217877094972,0.5515463917525774,0.1572164948453608,5.669069199999999,1.4611003092783503,6.231278148969072,28.67505863402061,-3.5511778015463915,34.18122497422681,2326.7061855670104,56,89.78750000000001,106.6,111.5,8.25,6,0.1071428571428571,25,0.4464285714285714,0.6271186440677966,0.8783783783783784,0.3041237113402061,0.5487804878048781,0.5555555555555556,0.422680412371134,0.1780821917808219,0.2307692307692307,0.1881443298969072,0.0606060606060606,0.0,0.0850515463917525,0.6292134831460674,0.6785714285714286,0.229381443298969,0.4533333333333333,0.3529411764705882,0.1932989690721649
19627,667670,Brent Rooker,Brent Rooker,2025,"FA,FC,FO,FS,SI,CH,SL,CU,KC,EP",1988,0.2401129943502825,0.3757062146892655,0.384180790960452,0.1617647058823529,0.1838235294117647,1256,732,1988,-2.9072175381036205,3.786872694381288,8.500664025150904,0.2695473251028806,0.7332677165354331,0.5065392354124748,0.4122137404580153,0.8201342281879195,0.7140019860973188,0.5110663983903421,0.1448692152917505,-9.225597099999998,-0.4640642404426559,6.292775617123239,28.419449119718312,-4.066269889602615,36.85756560865193,2301.638832997988,360,90.77855153203345,106.4,113.3,16.43732590529248,53,0.1472222222222222,166,0.4611111111111111,0.8113207547169812,0.8627906976744186,0.2665995975855131,0.5752427184466019,0.6708860759493671,0.414486921529175,0.1942604856512141,0.3409090909090909,0.2278672032193159,0.0828729281767955,0.0,0.090543259557344,0.6954545454545454,0.7450980392156863,0.221327967806841,0.4375,0.5357142857142857,0.193158953722334
25479,686668,Brenton Doyle,Brenton Doyle,2025,"FA,FC,FO,FS,SI,CH,SL,CU,KC,EP",1466,0.2105263157894736,0.462406015037594,0.3270676691729323,0.1264367816091954,0.1149425287356321,955,511,1466,-1.9698894094133697,3.906687668799453,7.566708265347888,0.2965616045845272,0.66796875,0.4911323328785811,0.4347826086956521,0.8167641325536062,0.7069444444444445,0.5238744884038199,0.1439290586630286,20.7866778,1.4179179945429738,6.501661925763983,27.76722519099589,-2.415667997680764,38.295140047066845,2366.2087312414733,273,89.58810408921933,104.6,109.5,8.446096654275093,30,0.1098901098901098,122,0.4468864468864469,0.7643979057591623,0.863013698630137,0.2605729877216917,0.5332326283987915,0.6713881019830028,0.451568894952251,0.219047619047619,0.2608695652173913,0.2148703956343792,0.0560747663551401,0.3333333333333333,0.072987721691678,0.5852272727272727,0.7718446601941747,0.2401091405184174,0.4741935483870967,0.5306122448979592,0.2114597544338335
26123,683146,Brett Baty,Brett Baty,2025,"FA,FC,FS,SI,CH,SL,CU,KC,EP",1449,0.243362831858407,0.4823008849557522,0.2743362831858407,0.1290322580645161,0.2419354838709677,915,534,1449,-2.830304227129056,3.9166964182056594,8.914341648033126,0.2485119047619047,0.6537966537966537,0.4658385093167702,0.497005988023952,0.8248031496062992,0.7437037037037038,0.5362318840579711,0.1193926846100759,-6.5493019000000015,-0.4519877087646654,6.521309252933057,28.057285734989645,-3.935008196756385,36.23777202139407,2273.967563837129,231,91.44454148471614,107.2,115.6,7.0,30,0.1298701298701298,112,0.4848484848484848,0.7475247524752475,0.8509933774834437,0.2788129744651483,0.4845679012345679,0.7165605095541401,0.4465148378191856,0.1715210355987055,0.3773584905660377,0.2132505175983436,0.0681818181818181,0.0,0.0607315389924085,0.5821325648414986,0.7623762376237624,0.2387853692201518,0.3720930232558139,0.6339285714285714,0.2077294685990338
29788,695391,Brett Harris,Brett Harris,2025,"FA,FC,FS,SI,CH,SL,CU,KC,EP",211,0.2,0.4857142857142857,0.3142857142857143,0.0909090909090909,0.0,124,87,211,-3.0988763895734595,4.843248315165877,8.644636739336493,0.1886792452830188,0.638095238095238,0.4123222748815165,0.4,0.9104477611940298,0.7931034482758621,0.4976303317535545,0.0853080568720379,-1.4750236999999995,-0.6990633649289097,8.112240710900473,28.782979668246444,-4.419414402843602,37.37866919431279,2255.165876777251,35,84.7,104.3,106.8,12.735294117647058,2,0.0571428571428571,11,0.3142857142857143,0.6470588235294118,0.9090909090909092,0.2417061611374407,0.4536082474226804,0.7954545454545454,0.4597156398104265,0.2083333333333333,0.4,0.2274881516587677,0.0,0.0,0.0710900473933649,0.5555555555555556,0.9,0.2559241706161137,0.3255813953488372,0.5714285714285714,0.2037914691943128
18217,664954,Brett Sullivan,Brett Sullivan,2025,"FA,FS,CH,SL,CU",36,0.0,0.25,0.75,0.0,0.0,25,11,36,-2.3099523611111112,4.343729833333334,8.70195472222222,0.2666666666666666,0.7142857142857143,0.5277777777777778,0.75,0.8666666666666667,0.8421052631578947,0.5833333333333334,0.0833333333333333,0.2501613000000001,0.6948925000000005,7.256444833333335,27.167169444444443,-3.009510000000001,41.35681944444444,2341.583333333333,4,97.975,101.2,101.2,20.5,1,0.25,4,1.0,0.7692307692307693,0.9,0.3611111111111111,0.5714285714285714,0.875,0.3888888888888889,0.1666666666666666,0.0,0.1666666666666666,0.0,0.0,0.0833333333333333,0.625,0.8,0.2222222222222222,0.5,1.0,0.1666666666666666
27735,689172,Brett Wisely,Brett Wisely,2025,"FA,FC,FO,FS,SI,CH,SL,CU,KC",224,0.2058823529411764,0.2058823529411764,0.5882352941176471,0.3,0.05,149,75,224,-3.2854971339285712,4.343561033035715,8.932246428571428,0.3063063063063063,0.672566371681416,0.4910714285714285,0.7941176470588235,0.8947368421052632,0.8636363636363636,0.5044642857142857,0.0669642857142857,2.5606115000000003,1.1431301339285715,7.26074610580357,26.47400816964285,-4.736678247321429,33.95306450892857,2327.901785714286,36,87.27941176470587,101.6,106.1,29.294117647058822,3,0.0833333333333333,10,0.2777777777777778,0.7580645161290323,0.8723404255319149,0.2767857142857143,0.5145631067961165,0.8679245283018868,0.4598214285714285,0.2127659574468085,0.8,0.2098214285714285,0.0,0.0,0.0535714285714285,0.5294117647058824,0.9629629629629628,0.2276785714285714,0.5,0.7692307692307693,0.2321428571428571
20450,676551,Brewer Hicklen,Brewer Hicklen,2025,"FA,CH,SL",18,0.5,0.5,0.0,0.0,0.0,11,7,18,-2.171566833333333,3.487593166666667,5.676553888888888,0.2,0.875,0.5,0.0,0.7142857142857143,0.5555555555555556,0.4444444444444444,0.2222222222222222,-0.9811060999999996,-5.450589444444442,5.775843149999999,29.8058888888889,-2.7656738888888888,44.042,2257.5,2,88.9,109.9,109.9,-6.5,1,0.5,1,0.5,0.8,1.0,0.2777777777777778,0.5,0.25,0.4444444444444444,0.3333333333333333,0.0,0.1666666666666666,0.0,0.0,0.1111111111111111,1.0,0.0,0.1666666666666666,0.2,1.0,0.2777777777777778
16398,640459,Brian Navarreto,Brian Navarreto,2025,"FA,FC,SI,SL,CU",24,0.0,0.5,0.5,0.0,0.0,18,6,24,-2.383542041666667,4.242096041666668,7.73439625,0.3333333333333333,0.6111111111111112,0.5416666666666666,0.5,0.9090909090909092,0.8461538461538461,0.75,0.0833333333333333,0.1553441999999999,0.6472674999999998,7.080675125,27.5848,-3.13917375,26.36614583333333,2406.7916666666665,6,94.93333333333334,105.8,105.8,12.666666666666666,2,0.3333333333333333,4,0.6666666666666666,0.75,1.0,0.3333333333333333,0.5384615384615384,0.7142857142857143,0.5416666666666666,0.0,0.0,0.0416666666666666,0.0,0.0,0.0833333333333333,0.5555555555555556,0.8,0.375,0.5,0.5,0.1666666666666666
33280,694728,Brice Matthews,Brice Matthews,2025,"FA,FC,SI,CH,SL,CU,KC",124,0.1764705882352941,0.2941176470588235,0.5294117647058824,0.2222222222222222,0.4444444444444444,86,38,124,-2.801746217741935,4.890307868548387,9.485151532258064,0.3962264150943396,0.647887323943662,0.5403225806451613,0.1904761904761904,0.717391304347826,0.5522388059701493,0.5725806451612904,0.2419354838709677,-1.431161599999999,-1.1541625806451603,8.201698975806453,25.05277556451613,-3.8760366790322576,33.6167129032258,2435.0080645161293,20,90.41176470588236,108.5,108.7,17.352941176470587,6,0.3,9,0.45,0.6904761904761905,0.7931034482758621,0.3387096774193548,0.5660377358490566,0.4333333333333333,0.4274193548387097,0.238095238095238,0.2,0.1693548387096774,0.375,0.0,0.064516129032258,0.6923076923076923,0.3888888888888889,0.2096774193548387,0.4444444444444444,0.5,0.2177419354838709
22186,668930,Brice Turang,Brice Turang,2025,"FA,FC,FO,FS,SI,CH,SL,CU,KC,EP",1998,0.2565789473684211,0.4375,0.3059210526315789,0.053763440860215,0.1612903225806451,1241,757,1998,-3.037519445745747,4.144710124024023,8.861170897897896,0.2436170212765957,0.6209829867674859,0.4434434434434434,0.6506550218340611,0.8614916286149162,0.8069977426636569,0.5295295295295295,0.0855855855855855,-16.057482599999997,-0.8036778078078076,6.912663422322322,27.271318493493485,-4.291962690090091,38.63209043643647,2270.064064064064,307,91.45313531353132,104.5,110.4,9.128712871287128,30,0.0977198697068403,155,0.504885993485342,0.6936026936026936,0.8640776699029126,0.2962962962962963,0.4739884393063583,0.8048780487804879,0.4324324324324324,0.1517412935323383,0.4754098360655737,0.2012012012012012,0.0218978102189781,0.0,0.0685685685685685,0.5540229885057472,0.8506224066390041,0.2177177177177177,0.3930232558139535,0.7396449704142012,0.2147147147147147
31394,681460,Brooks Baldwin,Brooks Baldwin,2025,"FA,FC,FS,SI,CH,SL,CU,KC,SC,EP",1017,0.2202380952380952,0.3988095238095238,0.3809523809523809,0.234375,0.15625,679,338,1017,-3.4626735430678472,4.591367119606689,8.796201927433623,0.3607214428857715,0.7162162162162162,0.5417895771878073,0.5722222222222222,0.8409703504043127,0.7531760435571688,0.5093411996066863,0.1337266470009832,3.1061776999999995,0.3054255358898721,7.6838582981317565,26.90100718780728,-5.045521221238937,37.47757991543756,2232.851524090462,172,91.69760479041918,105.1,110.2,15.149700598802395,21,0.1220930232558139,78,0.4534883720930232,0.8076923076923077,0.8666666666666667,0.255653883972468,0.6049661399548533,0.7649253731343284,0.4355948869223205,0.293859649122807,0.4029850746268656,0.2232055063913471,0.0697674418604651,0.1666666666666666,0.0845624385447394,0.659919028340081,0.803680981595092,0.2428711897738446,0.5357142857142857,0.7047619047619048,0.1927236971484759
31595,686797,Brooks Lee,Brooks Lee,2025,"FA,FC,FS,SI,CH,SL,CU,KC,EP",1372,0.1962264150943396,0.4037735849056604,0.4,0.160377358490566,0.1037735849056603,878,494,1372,-3.141067433309037,3.802769317572885,8.510517023323615,0.3111111111111111,0.6829268292682927,0.5,0.5857142857142857,0.8823529411764706,0.7915451895043731,0.5080174927113703,0.1042274052478134,10.022494700000008,0.7305025291545195,6.320759023615159,28.533051588921268,-4.478691103352771,36.99556936953351,2234.793002915452,269,88.5119850187266,101.2,110.3,15.093632958801498,13,0.0483271375464684,97,0.3605947955390334,0.7418397626112759,0.928,0.2456268221574344,0.5826645264847512,0.7630853994490359,0.4540816326530612,0.2292358803986711,0.4782608695652174,0.2193877551020408,0.036036036036036,0.25,0.0809037900874635,0.6617210682492581,0.8385650224215246,0.2456268221574344,0.4895104895104895,0.6428571428571429,0.2084548104956268
19600,650559,Bryan De La Cruz,Bryan De La Cruz,2025,"FA,FC,FS,SI,CH,SL,CU",118,0.2,0.4,0.4,0.125,0.0,83,35,118,-1.4860173932203389,3.2095020542372885,8.118333338983051,0.2708333333333333,0.7,0.5254237288135594,0.1538461538461538,0.7755102040816326,0.6451612903225806,0.5932203389830508,0.1864406779661017,3.510423399999999,2.974935084745762,5.2949103449152535,29.449087966101693,-1.5577564525423728,40.6575779661017,2402.754237288136,20,91.415,102.6,106.5,16.05,1,0.05,10,0.5,0.813953488372093,0.7428571428571429,0.3644067796610169,0.4878048780487805,0.7,0.3474576271186441,0.2083333333333333,0.0,0.2033898305084746,0.2,0.0,0.0847457627118644,0.5454545454545454,1.0,0.1864406779661017,0.4210526315789473,0.25,0.1610169491525423
25621,682868,Bryan Ramos,Bryan Ramos,2025,"FA,FC,FS,SI,CH,SL",34,0.1666666666666666,0.3333333333333333,0.5,0.3333333333333333,0.0,22,12,34,-1.593462147058824,5.357413352941177,7.080103823529411,0.2941176470588235,0.7647058823529411,0.5294117647058824,0.4,0.7692307692307693,0.6666666666666666,0.5,0.1764705882352941,1.6647484,4.896318823529412,9.009521058823529,25.92637352941176,-1.747071676470588,38.96566470588236,2239.6176470588234,6,80.33333333333333,102.5,102.5,20.83333333333333,1,0.1666666666666666,1,0.1666666666666666,1.0,0.7,0.2941176470588235,0.4,0.8333333333333334,0.4411764705882353,0.1428571428571428,0.0,0.2058823529411764,0.5,0.0,0.0588235294117647,0.4285714285714285,1.0,0.2058823529411764,0.375,0.6666666666666666,0.2352941176470588
19326,668804,Bryan Reynolds,Bryan Reynolds,2025,"FA,FC,FO,FS,SI,CH,SL,CU,KC",1975,0.2911392405063291,0.4588607594936709,0.25,0.050632911392405,0.1265822784810126,1235,740,1975,-2.4820562618329105,3.4432101822835444,8.209072897620253,0.2679127725856697,0.7094861660079052,0.4941772151898734,0.4496124031007752,0.8384401114206128,0.735655737704918,0.5124050632911392,0.130632911392405,5.751697999999999,0.2912252151898734,5.698095209387341,28.90375701772152,-3.3183927435240506,37.538822262278494,2278.6511392405064,317,91.13259493670884,105.7,110.8,8.639240506329115,27,0.085173501577287,138,0.4353312302839117,0.8190661478599222,0.9121140142517816,0.2597468354430379,0.5357941834451901,0.6659707724425887,0.450126582278481,0.1824817518248175,0.2,0.2075949367088607,0.0064102564102564,0.0,0.0789873417721519,0.6292372881355932,0.7205387205387206,0.2384810126582278,0.4312796208530806,0.5769230769230769,0.2116455696202531
33390,805811,Bryce Eldridge,Bryce Eldridge,2025,"FA,FC,FS,SI,CH,SL,CU,KC",153,0.0,0.5,0.5,0.0,0.0,86,67,153,-2.460724668900653,2.648038671307189,8.726211026143792,0.1904761904761904,0.6521739130434783,0.3986928104575163,0.5,0.7333333333333333,0.6721311475409836,0.4509803921568627,0.130718954248366,1.2752647999999995,0.8335064052287579,4.323915993464053,31.041571895424838,-3.2751667124183013,39.93070588235295,2280.313725490196,14,94.67857142857144,108.4,109.7,9.5,4,0.2857142857142857,9,0.6428571428571429,0.7368421052631579,0.7857142857142857,0.2483660130718954,0.4918032786885246,0.6333333333333333,0.392156862745098,0.0769230769230769,0.0,0.2549019607843137,0.0,0.0,0.0980392156862745,0.6060606060606061,0.7,0.2091503267973856,0.3571428571428571,0.5,0.1830065359477124
11579,547180,Bryce Harper,Bryce Harper,2025,"FA,FC,FO,FS,SI,CH,SL,CU,KN,KC",1321,0.2410714285714285,0.4330357142857143,0.3258928571428571,0.0684931506849315,0.2328767123287671,803,518,1321,-2.4358961380315685,3.297741579962149,8.523836057986367,0.33984375,0.7522603978300181,0.5124905374716124,0.5325670498084292,0.8677884615384616,0.7385524372230429,0.4186222558667676,0.1339894019682059,-15.165438199999995,-1.1480271158213473,5.450941451930356,29.244833800151408,-3.2398266404364877,37.66148257380773,2271.3898561695687,225,92.64843049327354,107.2,112.9,12.672645739910314,30,0.1333333333333333,110,0.4888888888888889,0.8281786941580757,0.8838174273858921,0.2202876608629826,0.6120857699805068,0.7802547770700637,0.3875851627554882,0.3097826086956521,0.3596491228070175,0.2778198334595004,0.0536912751677852,0.125,0.1127933383800151,0.7027027027027027,0.8351648351648352,0.1960635881907645,0.5196850393700787,0.7045454545454546,0.1915215745647236
20002,669369,Bryce Johnson,Bryce Johnson,2025,"FA,FC,FS,SI,CH,SL,CU,EP",163,0.4545454545454545,0.3939393939393939,0.1515151515151515,0.2,0.2,111,52,163,-3.515221694294478,4.554844385276073,9.159328803680983,0.2631578947368421,0.6781609195402298,0.4846625766871165,0.45,0.9152542372881356,0.7974683544303798,0.5337423312883436,0.0981595092024539,-3.0214535,-1.8536524539877297,7.621548709202455,26.71181533742332,-5.133152533742332,37.04262466257669,2314.22699386503,35,88.0125,101.6,105.9,10.84375,2,0.0571428571428571,13,0.3714285714285714,0.7619047619047619,0.96875,0.2576687116564417,0.5454545454545454,0.7380952380952381,0.4723926380368098,0.1515151515151515,0.2,0.2024539877300613,0.0,0.0,0.0674846625766871,0.6086956521739131,0.8214285714285714,0.2822085889570552,0.4516129032258064,0.5714285714285714,0.1901840490797546
29524,669326,Bryce Teodosio,Bryce Teodosio,2025,"FA,FC,SI,CH,SL,CU,KC",428,0.2207792207792207,0.4675324675324675,0.3116883116883117,0.2083333333333333,0.0,303,125,428,-2.284775332943925,4.834379097196262,8.487134147196263,0.3782383419689119,0.7872340425531915,0.602803738317757,0.4383561643835616,0.745945945945946,0.6589147286821705,0.5490654205607477,0.205607476635514,8.6624898,2.0239462149532708,8.10497337640187,25.53649331775701,-2.965144998200935,39.0347556775701,2396.271028037383,77,83.79594594594595,101.2,110.1,10.68918918918919,3,0.0389610389610389,19,0.2467532467532467,0.8489208633093526,0.788135593220339,0.3247663551401869,0.6363636363636364,0.625,0.411214953271028,0.3125,0.28,0.1869158878504672,0.0909090909090909,0.0,0.0771028037383177,0.7272727272727273,0.6944444444444444,0.2313084112149532,0.5194805194805194,0.5,0.1799065420560747
26294,681082,Bryson Stott,Bryson Stott,2025,"FA,FC,FO,FS,SI,CH,SL,CU,KN,KC,EP",1930,0.253125,0.390625,0.35625,0.1842105263157894,0.1052631578947368,1220,710,1930,-3.867829272119172,4.859599593073578,9.162624858031087,0.2440944881889764,0.5408261287223823,0.4041450777202072,0.7741935483870968,0.9023090586145648,0.8666666666666667,0.539378238341969,0.0538860103626943,-6.502489699999996,-0.3369165647668392,8.14965721469948,25.51939767357513,-5.758381041606219,37.6836648445596,2238.535751295337,326,88.19874608150468,103.2,110.7,15.282131661442008,17,0.0521472392638036,100,0.3067484662576687,0.5879120879120879,0.9158878504672896,0.2823834196891192,0.464075382803298,0.8756345177664975,0.4398963730569948,0.1589743589743589,0.5806451612903226,0.2015544041450777,0.0206896551724137,0.3333333333333333,0.0751295336787564,0.5162689804772235,0.8907563025210085,0.238860103626943,0.4020618556701031,0.8525641025641025,0.2010362694300518
22505,671083,Buddy Kennedy,Buddy Kennedy,2025,"FA,FC,SI,CH,SL,CU",37,0.2857142857142857,0.4285714285714285,0.2857142857142857,0.0,0.0,24,13,37,-3.3623277027027023,3.680390864864865,7.366419351351352,0.0909090909090909,0.5,0.3783783783783784,0.0,0.9230769230769232,0.8571428571428571,0.7027027027027027,0.054054054054054,1.5136588,4.09096972972973,6.109269967567568,28.12292162162162,-4.863766864864866,34.27466756756757,2317.45945945946,8,93.2875,107.6,107.6,3.75,0,0.0,5,0.625,0.625,0.9,0.4324324324324324,0.25,1.0,0.3243243243243243,0.1428571428571428,0.0,0.1891891891891892,0.0,0.0,0.054054054054054,0.3,1.0,0.2702702702702703,0.0,0.0,0.054054054054054
14161,621439,Byron Buxton,Byron Buxton,2025,"FA,FC,FS,SI,CH,SL,CU,KC",1568,0.1843137254901961,0.392156862745098,0.4235294117647059,0.1574074074074074,0.2314814814814814,1016,552,1568,-3.0723714865369898,4.321008391071429,8.505670300892854,0.3062583222370173,0.7160342717258262,0.5197704081632653,0.3608695652173913,0.8188034188034188,0.6895705521472393,0.5210459183673469,0.1613520408163265,-15.947616499999992,-1.01706737882653,7.217152377359696,26.67202801658164,-4.352867043176022,36.81067015625001,2309.109056122449,260,92.36872586872587,108.6,114.0,16.501930501930502,43,0.1653846153846153,138,0.5307692307692308,0.7827102803738317,0.8477611940298507,0.2729591836734694,0.5668202764976958,0.6693766937669376,0.4151785714285714,0.2964071856287425,0.303030303030303,0.2123724489795918,0.0774193548387096,0.0833333333333333,0.0975765306122449,0.69164265129683,0.7625,0.2213010204081632,0.4243421052631579,0.4961240310077519,0.1938775510204081
25814,667690,C.J. Stubbs,C.J. Stubbs,2025,"FA,SI,SL",9,0.0,0.5,0.5,0.0,0.0,6,3,9,1.92192,3.256254,8.1092,0.25,0.6,0.4444444444444444,1.0,1.0,1.0,0.5555555555555556,0.0,0.4714392,5.238213333333333,5.375767777777778,32.8163,4.4469055555555554,16.34161111111111,2463.0,2,96.75,100.4,100.4,20.0,0,0.0,1,0.5,0.3333333333333333,1.0,0.3333333333333333,0.6,1.0,0.5555555555555556,0.0,0.0,0.0,0.0,0.0,0.1111111111111111,1.0,1.0,0.3333333333333333,0.0,0.0,0.2222222222222222
25768,682928,CJ Abrams,CJ Abrams,2025,"FA,FC,FO,FS,SI,CH,SL,CU,KC,EP",1608,0.2523364485981308,0.3831775700934579,0.3644859813084112,0.2136752136752136,0.1282051282051282,1046,562,1608,-2.6305226386940297,3.9496639885945264,8.543494994402984,0.3231788079470198,0.6658851113716295,0.5049751243781094,0.6598360655737705,0.8626760563380281,0.8017241379310345,0.5304726368159204,0.1001243781094527,-13.5470403,-0.8424776305970149,6.576377127487558,28.014823327114424,-3.581080031094528,38.27340470771145,2303.0727611940297,329,89.12376543209878,103.8,112.7,12.503086419753089,28,0.0851063829787234,132,0.4012158054711246,0.723175965665236,0.8456973293768546,0.2879353233830846,0.5578635014836796,0.8218085106382979,0.4191542288557214,0.2608695652173913,0.5833333333333334,0.2288557213930348,0.03,0.3333333333333333,0.0615671641791044,0.6538461538461539,0.8613445378151261,0.2263681592039801,0.4451612903225806,0.7536231884057971,0.1927860696517413
20557,680769,CJ Alexander,CJ Alexander,2025,"FA,FC,FS,SI,CH,SL,CU,KC",62,0.3333333333333333,0.2222222222222222,0.4444444444444444,0.5,0.0,43,19,62,-3.1183657241935485,3.3931278548387103,9.287323596774192,0.3928571428571428,0.6764705882352942,0.5483870967741935,0.3636363636363636,0.8695652173913043,0.7058823529411765,0.5483870967741935,0.1612903225806451,1.9373664000000008,3.1247845161290333,5.612481306451614,28.66311887096774,-4.4339046290322575,35.16373064516129,2331.9193548387098,9,81.65555555555555,98.6,98.6,24.444444444444443,0,0.0,1,0.1111111111111111,0.8333333333333334,0.9333333333333332,0.2903225806451613,0.5666666666666667,0.5882352941176471,0.4838709677419355,0.1,0.0,0.1612903225806451,0.25,0.0,0.064516129032258,0.5333333333333333,0.625,0.2419354838709677,0.6,0.5555555555555556,0.2419354838709677
33704,692216,CJ Kayfus,CJ Kayfus,2025,"FA,FC,FS,SI,CH,SL,CU,KC",433,0.2777777777777778,0.3611111111111111,0.3611111111111111,0.0384615384615384,0.1153846153846153,278,155,433,-2.810530766050808,3.868514081755196,8.303202689838336,0.2898550724637681,0.7389380530973452,0.5242494226327945,0.3333333333333333,0.8502994011976048,0.7136563876651982,0.5219399538106235,0.1501154734411085,-0.1565696999999992,-0.0361592840646649,6.434606720092379,28.10728801385682,-3.89150966882217,37.29825316397229,2260.8914549653578,73,89.43333333333331,105.1,109.8,17.88888888888889,7,0.0958904109589041,28,0.3835616438356164,0.811965811965812,0.9263157894736842,0.2702078521939954,0.5778894472361809,0.6260869565217392,0.4595842956120092,0.1904761904761904,0.125,0.1939953810623556,0.0303030303030303,0.0,0.0762124711316397,0.7075471698113207,0.7333333333333333,0.2448036951501154,0.4301075268817204,0.425,0.2147806004618937
21534,663728,Cal Raleigh,Cal Raleigh,2025,"FA,FC,FS,SI,CH,SL,CU,KC,EP",2003,0.1853146853146853,0.2342657342657342,0.5804195804195804,0.2349397590361445,0.2289156626506024,1217,786,2003,-3.0573267847728416,4.236536422775837,8.6895130898652,0.3042671614100185,0.7351351351351352,0.5032451323015477,0.5213414634146342,0.8279411764705882,0.7281746031746031,0.4618072890664004,0.1367948077883175,-22.973735999999988,-1.146966350474288,7.072352707289061,27.45018904143784,-4.335607308037944,37.48440360644035,2233.7868197703447,288,91.10487804878052,107.3,113.5,27.27177700348432,49,0.1701388888888889,141,0.4895833333333333,0.8,0.8709677419354839,0.2311532700948577,0.5990453460620525,0.7091633466135459,0.418372441337993,0.2407766990291262,0.4354838709677419,0.2571143285072391,0.054054054054054,0.0,0.09236145781328,0.6914414414414415,0.7817589576547231,0.2216674987518722,0.4949238578680203,0.5948717948717949,0.1967049425861208
22411,670276,Cal Stevenson,Cal Stevenson,2025,"FA,SI,CH,SL,CU",25,0.1666666666666666,0.5,0.3333333333333333,0.0,0.0,20,5,25,-4.461537400000001,4.375994035999999,8.2680436,0.375,0.5294117647058824,0.48,0.6666666666666666,1.0,0.9166666666666666,0.68,0.04,0.5394241000000001,2.1576964000000003,7.312249028000001,25.465266,-6.800541524,27.954372,2316.4,6,86.76666666666667,97.9,97.9,11.0,0,0.0,1,0.1666666666666666,0.5714285714285714,1.0,0.28,0.6153846153846154,0.875,0.52,0.0,0.0,0.12,0.0,0.0,0.08,0.5454545454545454,0.8333333333333334,0.44,1.0,1.0,0.08
29646,702332,Caleb Durbin,Caleb Durbin,2025,"FA,FC,FO,FS,SI,CH,SL,CU,KC,EP",1356,0.2419928825622775,0.4270462633451957,0.3309608540925267,0.3225806451612903,0.075268817204301,866,490,1356,-2.3191650051622417,4.2485525817846606,8.271280670353983,0.2235294117647059,0.5992115637319316,0.4343657817109144,0.6917293233082706,0.9298245614035088,0.8760611205432938,0.5612094395280236,0.053834808259587,-1.4688600999999988,-0.1083230162241886,7.091854327433627,27.13234333333333,-3.0286205453982293,39.53041276548673,2322.41814159292,289,85.07071428571427,100.9,108.8,12.9,11,0.0380622837370242,74,0.2560553633217993,0.6465116279069767,0.9388489208633094,0.3171091445427728,0.4686940966010733,0.8473282442748091,0.4122418879056047,0.1804511278195488,0.6875,0.1961651917404129,0.0099009900990099,0.0,0.0744837758112094,0.5065359477124183,0.9032258064516128,0.2256637168141592,0.4229249011857707,0.7663551401869159,0.1865781710914454
25688,687478,Cam Devanney,Cam Devanney,2025,"FA,FC,FS,SI,CH,SL,CU",93,0.2727272727272727,0.1818181818181818,0.5454545454545454,0.0,0.0,59,34,93,-2.6128039913978496,5.8394373602150536,8.718043143010753,0.3333333333333333,0.7083333333333334,0.5268817204301075,0.4,0.6764705882352942,0.5918367346938775,0.5161290322580645,0.2150537634408602,4.2195863000000005,4.537189569892473,9.852539494623656,23.88244247311828,-3.6162806827956993,41.08809677419355,2175.559139784946,11,92.35454545454544,102.8,107.0,30.0,1,0.0909090909090909,6,0.5454545454545454,0.76,0.7368421052631579,0.2688172043010752,0.5476190476190477,0.6086956521739131,0.4516129032258064,0.4117647058823529,0.1428571428571428,0.1827956989247312,0.0,0.0,0.0967741935483871,0.8,0.5625,0.2150537634408602,0.3181818181818182,0.7142857142857143,0.2365591397849462
35108,701358,Cam Smith,Cam Smith,2025,"FA,FC,FS,SI,CH,SL,CU,KC",1414,0.2666666666666666,0.4933333333333333,0.24,0.1666666666666666,0.0925925925925925,943,471,1414,-1.7946095275318248,3.655792470366335,8.32040829844413,0.3165354330708661,0.6521181001283697,0.5014144271570015,0.5223880597014925,0.8326771653543307,0.7447108603667136,0.5509193776520509,0.128005657708628,13.1994079,0.9334800495049506,6.0672407294908055,28.471381053748225,-2.1044362644978785,36.45901695190949,2387.1053748231966,228,87.48149779735684,105.8,113.9,6.11453744493392,13,0.0570175438596491,94,0.4122807017543859,0.7467018469656992,0.8833922261484098,0.2673267326732673,0.543613707165109,0.7077363896848138,0.4533239038189533,0.25,0.4366197183098591,0.2008486562942008,0.055045871559633,0.0,0.077086280056577,0.5830985915492958,0.7874396135265701,0.2503536067892503,0.494773519163763,0.5915492957746479,0.2029702970297029
14162,621043,Carlos Correa,Carlos Correa,2025,"FA,FC,FS,SI,CH,SL,CU,KC",1726,0.2826086956521739,0.4658385093167702,0.2515527950310559,0.1975308641975308,0.0987654320987654,1134,592,1726,-3.186040576252028,4.508888965237544,8.485350284241022,0.2747524752475248,0.6339869281045751,0.4658169177288528,0.5945945945945946,0.8797250859106529,0.8009950248756219,0.5318655851680185,0.0926998841251448,4.165068800000006,0.2413133719582854,7.54226768299536,26.214476830822708,-4.553435485457705,37.6154154658169,2314.008690614137,327,90.0030864197531,106.4,112.6,7.567901234567901,20,0.0611620795107033,141,0.4311926605504587,0.680327868852459,0.9036144578313252,0.2821552723059096,0.5124309392265194,0.8005390835579514,0.4188876013904982,0.2299465240641711,0.5116279069767442,0.216685979142526,0.1071428571428571,0.2,0.0811123986095017,0.5751295336787565,0.8558558558558559,0.2230590961761298,0.4408284023668639,0.7181208053691275,0.1958285052143684
21842,666126,Carlos Cortes,Carlos Cortes,2025,"FA,FC,FS,SI,CH,SL,CU,KC,EP",356,0.2535211267605634,0.4084507042253521,0.3380281690140845,0.1666666666666666,0.1666666666666666,238,118,356,-3.770178997191012,4.263886452528089,9.061726485955058,0.3132530120481928,0.6789473684210526,0.5084269662921348,0.6730769230769231,0.8372093023255814,0.7900552486187845,0.5337078651685393,0.1067415730337078,-3.0636873,-0.8605863202247191,7.115650548314607,28.84182421348313,-5.597640691292133,34.85826955056181,2220.3932584269664,71,90.21408450704224,104.5,110.8,15.661971830985916,7,0.0985915492957746,34,0.4788732394366197,0.7289719626168224,0.8589743589743589,0.297752808988764,0.5555555555555556,0.7764705882352941,0.4297752808988764,0.2361111111111111,0.5882352941176471,0.2022471910112359,0.0416666666666666,0.0,0.0674157303370786,0.6333333333333333,0.7719298245614035,0.2528089887640449,0.4444444444444444,0.7857142857142857,0.1769662921348314
19722,665966,Carlos Narváez,Carlos Narvaez,2025,"FA,FC,FO,FS,SI,CH,SL,CU,KC,EP",1292,0.1884057971014492,0.4589371980676328,0.3526570048309179,0.1643835616438356,0.1506849315068493,843,449,1292,-2.7999940427244576,4.709094011455108,8.778417048297209,0.2767402376910017,0.6728307254623044,0.4922600619195046,0.4785276073619632,0.8372093023255814,0.7452830188679245,0.5441176470588235,0.1253869969040247,4.408028530000002,0.3411786787925698,7.888930695975233,26.577833119195045,-3.89954806532508,37.36515333297213,2316.1710526315787,209,91.16763285024152,107.4,111.2,12.8743961352657,18,0.0861244019138756,92,0.4401913875598086,0.7091836734693877,0.8812949640287769,0.3026315789473684,0.5420560747663551,0.6862068965517242,0.413312693498452,0.2177121771217712,0.4576271186440678,0.2089783281733746,0.0957446808510638,0.3333333333333333,0.0727554179566563,0.6290909090909091,0.7341040462427746,0.2120743034055727,0.45,0.6153846153846154,0.2012383900928792
2396,467793,Carlos Santana,Carlos Santana,2025,"FA,FC,FS,SI,CH,SL,CU,KC",1396,0.1981981981981982,0.4234234234234234,0.3783783783783784,0.2738095238095238,0.0833333333333333,842,554,1396,-3.023469906404012,3.4468095087392547,8.600395024355295,0.2535211267605634,0.6559766763848397,0.4512893982808023,0.5722222222222222,0.8511111111111112,0.7714285714285715,0.491404011461318,0.1031518624641833,9.258093600000004,0.6631872206303728,5.703865516296561,29.06951784383955,-4.30458076282235,35.32888273638971,2250.791547277937,224,86.91345291479817,103.1,108.6,15.41255605381166,10,0.0446428571428571,81,0.3616071428571428,0.72,0.8928571428571429,0.2507163323782235,0.5174129353233831,0.75,0.4319484240687679,0.1932515337423312,0.4285714285714285,0.2320916905444126,0.0256410256410256,0.0,0.083810888252149,0.6071428571428571,0.7843137254901961,0.2406876790830945,0.4044943820224719,0.6851851851851852,0.1912607449856733
13620,608348,Carson Kelly,Carson Kelly,2025,"FA,FC,FS,SI,CH,SL,CU,KC,EP",1173,0.215,0.385,0.4,0.225,0.15,718,455,1173,-1.906090571184996,4.015409232167945,8.126494035805626,0.205607476635514,0.6191222570532915,0.4305200341005967,0.6,0.8886075949367088,0.8257425742574257,0.5439045183290707,0.0750213128729752,-0.8210192000000016,-0.0699931116794545,6.688688600852516,27.7439231543052,-2.302525664083546,38.08160757971015,2378.386189258312,204,88.75566502463057,103.2,106.6,16.9064039408867,19,0.0931372549019607,84,0.4117647058823529,0.7151162790697675,0.9146341463414634,0.2932651321398124,0.4621676891615542,0.7876106194690266,0.4160272804774083,0.1290322580645161,0.4375,0.2114236999147485,0.0108695652173913,0.0,0.0784313725490196,0.5475285171102662,0.8263888888888888,0.2233589087809036,0.3628318584070796,0.7195121951219512,0.1926683716965047
33098,676812,Carson McCusker,Carson McCusker,2025,"FA,FC,FS,CH,SL,KC",27,0.0,1.0,0.0,0.0,0.0,15,12,27,-3.520532481481482,5.482788074074074,8.448120000000001,0.25,0.4545454545454545,0.3333333333333333,0.0,0.4,0.2222222222222222,0.4074074074074074,0.2592592592592592,1.2627352,4.676797037037037,9.226324074074077,26.45056296296296,-5.142504869259259,44.13095555555556,2429.4814814814813,1,52.9,52.9,52.9,-43.0,0,0.0,0,0.0,0.375,0.6666666666666666,0.2962962962962963,0.375,0.0,0.2962962962962963,0.3333333333333333,0.0,0.3333333333333333,0.0,0.0,0.074074074074074,0.3333333333333333,0.0,0.1111111111111111,0.4,0.0,0.1851851851851851
30038,700246,Carson Williams,Carson Williams,2025,"FA,FC,FS,SI,CH,SL,CU,KC",267,0.0833333333333333,0.6944444444444444,0.2222222222222222,0.0,0.25,178,89,267,-2.036791209737828,4.136603554044944,7.879493385767791,0.3181818181818182,0.6296296296296297,0.4756554307116105,0.4285714285714285,0.7647058823529411,0.6535433070866141,0.5056179775280899,0.1647940074906367,5.772413500000001,2.161952621722847,6.89947784456929,27.45976419475656,-2.529096437078652,38.95581011235955,2297.179775280899,38,87.17027027027027,103.7,105.6,1.837837837837838,3,0.0789473684210526,14,0.3684210526315789,0.7012987012987013,0.8148148148148148,0.2883895131086142,0.5398230088495575,0.5737704918032787,0.4232209737827715,0.1578947368421052,0.4444444444444444,0.2134831460674157,0.15,0.0,0.0749063670411985,0.6,0.6388888888888888,0.2247191011235955,0.4716981132075472,0.48,0.198501872659176
29478,695600,Carter Jensen,Carter Jensen,2025,"FA,FC,FS,SI,CH,SL,CU,KC,EP",232,0.3611111111111111,0.4166666666666667,0.2222222222222222,0.0,0.375,144,88,232,-3.9742418987068966,4.591574625,8.972663577586207,0.2983870967741935,0.6944444444444444,0.4827586206896552,0.5945945945945946,0.8266666666666667,0.75,0.4655172413793103,0.1206896551724138,-5.746692400000001,-2.4770225862068966,7.68037934913793,28.949224568965523,-5.9555707931034485,37.44333452586206,2176.564655172414,36,97.32222222222222,108.3,112.7,6.416666666666667,8,0.2222222222222222,23,0.6388888888888888,0.8245614035087719,0.8085106382978723,0.2456896551724137,0.5876288659793815,0.7719298245614035,0.418103448275862,0.1228070175438596,0.2857142857142857,0.2456896551724137,0.0476190476190476,0.0,0.0905172413793103,0.6470588235294118,0.9393939393939394,0.2198275862068965,0.5217391304347826,0.5416666666666666,0.1982758620689655
19958,666198,Carter Kieboom,Carter Kieboom,2025,"FA,FC,SI,CH,SL,CU",25,0.2,0.4,0.4,0.0,0.0,17,8,25,-3.13122004,4.801695120000001,9.18,0.25,0.8461538461538461,0.56,0.6666666666666666,0.9090909090909092,0.8571428571428571,0.52,0.08,0.0139403999999999,0.0557615999999998,8.048452600000001,26.116008,-4.4565612,35.4232844,2438.8,5,77.22,102.7,102.7,13.6,0,0.0,1,0.2,0.8,0.75,0.2,0.6666666666666666,0.9,0.6,0.0,0.0,0.16,0.0,0.0,0.04,0.75,1.0,0.32,0.5714285714285714,0.75,0.28
27577,669477,Casey Schmitt,Casey Schmitt,2025,"FA,FC,FO,FS,SI,CH,SL,CU,KC,EP",856,0.2967741935483871,0.3096774193548387,0.3935483870967742,0.180327868852459,0.1639344262295081,551,305,856,-1.590093017745328,3.584517105922897,7.740835558644862,0.2971698113207547,0.7060185185185185,0.5035046728971962,0.492063492063492,0.8655737704918033,0.7563805104408353,0.5046728971962616,0.1226635514018691,-0.2156957,-0.0251980957943925,5.942588454789719,29.250267254672902,-1.7464879895911212,40.20464901869158,2347.1191588785045,158,90.3551282051282,104.3,111.6,19.852564102564106,13,0.0822784810126582,76,0.4810126582278481,0.7654320987654321,0.9032258064516128,0.2838785046728972,0.5623188405797102,0.7371134020618557,0.4030373831775701,0.2311827956989247,0.3255813953488372,0.2172897196261682,0.0975609756097561,0.125,0.0957943925233644,0.6444444444444445,0.7844827586206896,0.2102803738317757,0.4727272727272727,0.6666666666666666,0.1927570093457944
19252,624415,Cavan Biggio,Cavan Biggio,2025,"FA,FC,FS,SI,CH,SL,CU,KC",306,0.2272727272727272,0.2727272727272727,0.5,0.0454545454545454,0.0454545454545454,183,123,306,-3.621319500653596,4.781112545424836,9.200768562091502,0.1755725190839694,0.5428571428571428,0.3856209150326797,0.4347826086956521,0.8421052631578947,0.7627118644067796,0.5718954248366013,0.0915032679738562,3.3180479000000007,1.0843293790849675,8.012854779738564,26.30480562091504,-5.3200979242320265,38.27154431372549,2229.019607843137,45,90.075,102.4,104.0,20.5,2,0.0444444444444444,17,0.3777777777777777,0.7093023255813954,0.9016393442622952,0.2810457516339869,0.3333333333333333,0.6666666666666666,0.4705882352941176,0.1525423728813559,0.3333333333333333,0.1928104575163398,0.0,0.0,0.0555555555555555,0.4078947368421052,0.7419354838709677,0.2483660130718954,0.25,0.5294117647058824,0.2222222222222222
24262,678882,Ceddanne Rafaela,Ceddanne Rafaela,2025,"FA,FC,FO,FS,SI,CH,SL,CU,KC,EP",1507,0.2142857142857142,0.448051948051948,0.3376623376623376,0.25,0.0865384615384615,1074,433,1507,-3.013043475182481,4.501292940345056,8.634799796284014,0.4107648725212464,0.7328339575530587,0.581950895819509,0.5724137931034483,0.8654173764906303,0.7685290763968073,0.5315195753151958,0.1347047113470471,4.650789600000002,0.3086124485733246,7.531935710384869,26.854412342402117,-4.2591516802919696,37.69999675182484,2283.715328467153,316,87.6903536977492,103.7,109.7,13.22508038585209,23,0.0727848101265822,118,0.3734177215189873,0.7923627684964201,0.8734939759036144,0.2773722627737226,0.6368,0.7864321608040201,0.4147312541473125,0.3935860058309038,0.5185185185185185,0.2276045122760451,0.1,0.0833333333333333,0.079628400796284,0.658753709198813,0.8513513513513513,0.2236230922362309,0.6111111111111112,0.7045454545454546,0.1911081619110816
17929,656775,Cedric Mullins,Cedric Mullins,2025,"FA,FC,FS,SI,CH,SL,CU,KC,EP",1555,0.2044444444444444,0.3111111111111111,0.4844444444444444,0.2844036697247706,0.128440366972477,975,580,1555,-3.5100222141800623,4.590669289112538,8.901088852733118,0.2506887052341597,0.6755126658624849,0.4771704180064308,0.5164835164835165,0.8553571428571428,0.7722371967654986,0.5331189710610933,0.1086816720257234,6.289158600000002,0.4044474983922831,7.689125065953054,26.7519230096463,-5.131978621717043,36.47079500321544,2243.981350482315,229,89.5461187214612,103.0,108.4,23.858447488584478,17,0.074235807860262,88,0.3842794759825327,0.7906976744186046,0.861764705882353,0.2765273311897106,0.4886363636363636,0.752906976744186,0.4527331189710611,0.1809523809523809,0.3684210526315789,0.2019292604501607,0.0094339622641509,0.0,0.0681672025723472,0.5612535612535613,0.8274111675126904,0.2257234726688103,0.4164305949008499,0.6530612244897959,0.2270096463022508
29614,677060,Chad Stevens,Chad Stevens,2025,"FA,FS,SI,SL",40,0.0,0.8333333333333334,0.1666666666666666,0.0,0.0,26,14,40,-5.1303543975,6.926142200000001,9.306852225,0.2222222222222222,0.7272727272727273,0.5,0.75,0.75,0.75,0.55,0.125,1.1529275,2.8823187500000005,11.722460425,20.95486,-7.978971200000001,36.36643,2298.075,7,82.19999999999999,96.6,96.6,5.166666666666667,0,0.0,1,0.1428571428571428,1.0,0.75,0.2,0.5217391304347826,0.75,0.575,0.0,0.0,0.15,0.0,0.0,0.075,0.6363636363636364,0.8571428571428571,0.275,0.4166666666666667,0.6,0.3
16953,644433,Chadwick Tromp,Chadwick Tromp,2025,"FA,FC,FS,SI,CH,SL,KC",46,0.1,0.4,0.5,0.4,0.2,31,15,46,-1.717355839130435,4.929794652173913,8.683130869565217,0.3809523809523809,0.52,0.4565217391304347,0.375,0.8461538461538461,0.6666666666666666,0.5434782608695652,0.1521739130434782,2.1054175,4.57699456521739,8.269979913043478,26.42358891304348,-1.965365782608696,44.21754130434783,2270.021739130435,10,89.34444444444445,100.3,100.3,12.2,1,0.1,4,0.4,0.4166666666666667,0.8,0.2608695652173913,0.55,0.8181818181818182,0.4347826086956521,0.3636363636363636,0.25,0.2391304347826087,0.3333333333333333,0.0,0.0652173913043478,0.6,1.0,0.217391304347826,0.5,0.6,0.217391304347826
31912,802415,Chandler Simpson,Chandler Simpson,2025,"FA,FC,FS,SI,CH,SL,CU,KC,EP",1126,0.293040293040293,0.5714285714285714,0.1355311355311355,0.2432432432432432,0.0,770,356,1126,-3.759326953996449,4.543828973001775,9.14927813765542,0.2857142857142857,0.6057838660578386,0.4724689165186501,0.7835820895522388,0.949748743718593,0.9078947368421052,0.58348134991119,0.0435168738898756,3.974531600000002,0.3529779396092364,7.603248254058613,26.586375754884536,-5.582135504085257,36.90797908525754,2223.788632326821,278,84.85396226415097,96.8,107.6,1.6353383458646618,0,0.0,49,0.1762589928057553,0.6706231454005934,0.9778761061946902,0.2992895204262877,0.4923371647509578,0.914396887159533,0.4635879218472469,0.2281553398058252,0.574468085106383,0.1829484902309058,0.0327868852459016,0.0,0.0541740674955595,0.5472312703583062,0.9285714285714286,0.2726465364120781,0.413953488372093,0.8876404494382022,0.1909413854351687
19599,676801,Chas McCormick,Chas McCormick,2025,"FA,FC,FS,SI,CH,SL,CU,KC",241,0.2564102564102564,0.4102564102564102,0.3333333333333333,0.5384615384615384,0.0,160,81,241,-2.0382037746887964,3.9580893813278006,8.336243846473028,0.3925925925925926,0.6981132075471698,0.5269709543568465,0.5094339622641509,0.7837837837837838,0.6692913385826772,0.4398340248962655,0.1742738589211618,5.5079191,2.2854436099585063,6.589517055601659,28.22354481327801,-2.530695278008299,38.51106680497925,2375.435684647303,42,82.44324324324323,97.4,106.4,21.513513513513512,0,0.0,8,0.1904761904761904,0.7931034482758621,0.7608695652173914,0.2406639004149377,0.5607476635514018,0.6833333333333333,0.4439834024896265,0.3673469387755102,0.4444444444444444,0.2033195020746888,0.1111111111111111,0.3333333333333333,0.1120331950207468,0.5531914893617021,0.8076923076923077,0.1950207468879668,0.5666666666666667,0.5882352941176471,0.2489626556016597
31580,805367,Chase Meidroth,Chase Meidroth,2025,"FA,FC,FS,SI,CH,SL,CU,KN,KC",1393,0.2053231939163498,0.5247148288973384,0.2699619771863117,0.2253521126760563,0.0422535211267605,903,490,1393,-3.235405017566402,4.418283138758075,8.490826335247665,0.2296650717703349,0.4973890339425587,0.3768844221105528,0.7847222222222222,0.9133858267716536,0.878095238095238,0.5498923187365399,0.0459440057430007,11.496477400000002,0.8253034745154344,7.385148634242641,26.55183192390524,-4.641350766755204,37.12136581478824,2337.4795405599425,269,87.55285171102662,101.4,107.1,8.018939393939394,3,0.0111524163568773,91,0.3382899628252788,0.5475,0.9315068493150684,0.2857142857142857,0.4128289473684211,0.8685258964143426,0.4364680545585068,0.2015209125475285,0.7358490566037735,0.1888011486001435,0.0163934426229508,0.0,0.0875807609475951,0.45,0.9019607843137256,0.2440775305096913,0.3656716417910448,0.8163265306122449,0.1923905240488155
13757,621035,Chris Taylor,Chris Taylor,2025,"FA,FC,FS,SI,CH,SL,CU,KC,EP",361,0.26,0.32,0.42,0.3333333333333333,0.0952380952380952,229,132,361,-3.130425852243768,4.595024562880887,8.581111731301936,0.2229299363057325,0.7107843137254902,0.4986149584487535,0.2857142857142857,0.7241379310344828,0.6388888888888888,0.5650969529085873,0.1800554016620498,2.0061831,0.5557293905817174,7.689484396398892,27.745746426592795,-4.4618895157894745,33.7354375900277,2325.670360110804,50,85.47999999999998,102.5,108.8,19.74,5,0.1,18,0.36,0.7870370370370371,0.8,0.299168975069252,0.4939024390243902,0.5308641975308642,0.4542936288088642,0.2063492063492063,0.3076923076923077,0.1745152354570637,0.0384615384615384,0.0,0.0720221606648199,0.6391752577319587,0.5483870967741935,0.2686980609418282,0.2835820895522388,0.4736842105263157,0.185595567867036
30011,687952,Christian Encarnacion-Strand,Christian Encarnacion-Strand,2025,"FA,FC,FS,SI,CH,SL,CU,KC,EP",356,0.1923076923076923,0.3974358974358974,0.4102564102564102,0.28125,0.1875,252,104,356,-3.2975018727528087,4.317802294101123,8.439111443820224,0.4176470588235294,0.6559139784946236,0.5421348314606742,0.5774647887323944,0.8770491803278688,0.7668393782383419,0.5224719101123596,0.1264044943820224,-1.7526026999999993,-0.492304129213483,7.208787921067415,27.07913438202247,-4.790225680449439,35.39205272471911,2317.811797752809,78,89.14999999999999,107.1,111.4,19.653846153846157,9,0.1153846153846153,37,0.4743589743589743,0.7083333333333334,0.9264705882352942,0.2696629213483146,0.5641025641025641,0.7727272727272727,0.4382022471910112,0.3875,0.5161290322580645,0.2219101123595505,0.25,0.1666666666666666,0.0674157303370786,0.575,0.8260869565217391,0.2247191011235955,0.5526315789473685,0.7142857142857143,0.2134831460674157
27653,683766,Christian Koss,Christian Koss,2025,"FA,FC,FS,SI,CH,SL,CU,KC,EP",484,0.2277227722772277,0.504950495049505,0.2673267326732673,0.2222222222222222,0.1111111111111111,337,147,484,-2.490583113987604,4.932974061570249,8.385916731404956,0.3645320197044335,0.6868327402135231,0.5516528925619835,0.5945945945945946,0.8031088082901554,0.7453183520599251,0.5805785123966942,0.140495867768595,1.6416954999999998,0.3391932851239669,8.274248521280992,26.43166303719008,-3.339280683471075,40.57300962809918,2340.448347107438,108,86.67211538461537,104.5,108.1,6.490384615384615,6,0.0555555555555555,38,0.3518518518518518,0.7467532467532467,0.8173913043478261,0.3181818181818182,0.5876777251184834,0.7580645161290323,0.4359504132231405,0.2727272727272727,0.4583333333333333,0.1818181818181818,0.1290322580645161,0.0,0.0640495867768595,0.6722689075630253,0.775,0.2458677685950413,0.4782608695652174,0.7272727272727273,0.1900826446280991
34979,695681,Christian Moore,Christian Moore,2025,"FA,FC,FS,SI,CH,SL,CU,KC",615,0.2432432432432432,0.4054054054054054,0.3513513513513513,0.0769230769230769,0.1538461538461538,379,236,615,-2.8357430284552847,4.638764181300813,8.518398718699189,0.2190812720848056,0.6566265060240963,0.4552845528455284,0.4032258064516129,0.7201834862385321,0.65,0.5398373983739837,0.1593495934959349,7.082891000000001,1.151689593495935,7.766678311219513,25.68735746341464,-3.93593389902439,36.69995192146341,2363.663414634146,76,89.85068493150686,105.7,112.5,14.123287671232877,4,0.0526315789473684,28,0.3684210526315789,0.7359550561797753,0.7938931297709924,0.2894308943089431,0.4738805970149253,0.5826771653543307,0.4357723577235772,0.1515151515151515,0.15,0.2146341463414634,0.054054054054054,0.5,0.0601626016260162,0.6028368794326241,0.6470588235294118,0.2292682926829268,0.3307086614173228,0.4523809523809524,0.2065040650406504
9774,543877,Christian Vázquez,Christian Vazquez,2025,"FA,FC,FS,SI,CH,SL,CU,KC",583,0.2434782608695652,0.391304347826087,0.3652173913043478,0.238095238095238,0.0714285714285714,368,215,583,-3.1391529228130355,5.135740102178388,8.699782715265867,0.2546125461254612,0.5961538461538461,0.4373927958833619,0.6811594202898551,0.913978494623656,0.8509803921568627,0.5351629502572899,0.0651801029159519,4.466516700000001,0.7661263636363638,8.626150052830189,24.96092140651801,-4.470533683190396,37.74550896226416,2331.9279588336194,118,86.4364406779661,100.2,104.2,13.398305084745765,6,0.0508474576271186,34,0.288135593220339,0.6325301204819277,0.9428571428571428,0.2847341337907376,0.476,0.8235294117647058,0.4288164665523156,0.2439024390243902,0.6333333333333333,0.2109777015437393,0.0227272727272727,1.0,0.0754716981132075,0.5606060606060606,0.8513513513513513,0.2264150943396226,0.3813559322033898,0.7777777777777778,0.2024013722126929
13419,572233,Christian Walker,Christian Walker,2025,"FA,FC,FS,SI,CH,SL,CU,KC,EP",1989,0.259375,0.38125,0.359375,0.2434782608695652,0.2,1275,714,1989,-2.6447931598421324,4.265146719717447,8.679492670186026,0.2828175026680896,0.7281368821292775,0.518350930115636,0.3811320754716981,0.8120104438642297,0.7012609117361784,0.5289089994972348,0.1548516842634489,3.5195818000000045,0.1769523278029162,7.12061220462544,27.33796935143289,-3.600905909145301,37.399811845198606,2347.4444444444443,324,90.50216049382716,107.6,113.2,16.003086419753085,43,0.132716049382716,151,0.4660493827160494,0.8051470588235294,0.863013698630137,0.2735042735042735,0.5652173913043478,0.659919028340081,0.4384112619406737,0.2154963680387409,0.2134831460674157,0.2076420311714429,0.0632911392405063,0.0,0.0794369029663147,0.6902654867256637,0.7019230769230769,0.2267471091000502,0.4312796208530806,0.5879120879120879,0.2116641528406234
11477,592885,Christian Yelich,Christian Yelich,2025,"FA,FC,FS,SI,CH,SL,CU,KC,EP",1780,0.2382671480144404,0.5306859205776173,0.2310469314079422,0.15625,0.390625,1099,681,1780,-2.552415912157304,4.1351115974325845,8.274471370786516,0.2654867256637168,0.6541095890410958,0.4567415730337079,0.4541666666666666,0.8534031413612565,0.7355473554735548,0.4921348314606741,0.1207865168539325,-18.30987140000001,-1.0286444606741576,6.894173723539323,27.34318820786516,-3.438527979387638,38.78218546348315,2286.7960674157302,283,90.82057761732848,106.7,113.4,3.916967509025271,32,0.1130742049469964,134,0.4734982332155477,0.7516778523489933,0.8779761904761905,0.250561797752809,0.4967405475880052,0.7427821522309711,0.4303370786516854,0.2139175257731958,0.2409638554216867,0.2179775280898876,0.0730337078651685,0.0,0.099438202247191,0.5985221674876847,0.7942386831275721,0.2280898876404494,0.3822714681440443,0.6521739130434783,0.2022471910112359
21897,666624,Christopher Morel,Christopher Morel,2025,"FA,FC,FS,SI,CH,SL,CU,KC,EP",540,0.1772151898734177,0.3544303797468354,0.4683544303797468,0.1891891891891892,0.1351351351351351,358,182,540,-1.908718942407407,4.229679667296298,7.880323762962958,0.3019607843137254,0.7684210526315789,0.5481481481481482,0.2987012987012987,0.7077625570776256,0.6013513513513513,0.5277777777777778,0.2185185185185185,3.6476022,0.6754818888888888,7.05884268098148,28.03510516666667,-2.3046475307777783,39.444903833333335,2305.409259259259,80,90.10632911392403,106.4,113.4,19.329113924050635,14,0.175,37,0.4625,0.8620689655172413,0.792,0.2666666666666666,0.5726495726495726,0.5373134328358209,0.4333333333333333,0.3333333333333333,0.1944444444444444,0.2,0.0188679245283018,0.0,0.0981481481481481,0.6639344262295082,0.5802469135802469,0.2259259259259259,0.4732142857142857,0.4716981132075472,0.2074074074074074
28312,691723,Coby Mayo,Coby Mayo,2025,"FA,FC,FS,SI,CH,SL,CU,KC,EP",761,0.1896551724137931,0.3534482758620689,0.4568965517241379,0.2830188679245283,0.1320754716981132,494,267,761,-1.2368755012181338,3.603785057293035,8.019322026281205,0.2857142857142857,0.5915841584158416,0.4480946123521682,0.4313725490196078,0.8200836820083682,0.7038123167155426,0.5308804204993429,0.1327201051248357,5.335485900000001,0.7011150985545336,5.977013317871221,29.025004809461244,-1.1246619374507227,37.805671210249656,2360.706964520368,116,85.9543103448276,105.5,109.3,20.267241379310345,10,0.0862068965517241,39,0.3362068965517241,0.6294416243654822,0.8467741935483871,0.2562417871222076,0.4984984984984985,0.7469879518072289,0.4375821287779238,0.2754491017964072,0.2391304347826087,0.2194480946123521,0.078125,0.0,0.0840998685939553,0.5736040609137056,0.7522123893805309,0.2588699080157687,0.3897058823529412,0.7358490566037735,0.178712220762155
21547,663796,Coco Montes,Coco Montes,2025,"FC,CU",4,0.0,1.0,0.0,0.0,0.0,4,0,4,3.3664605,-1.1954799999999997,5.214754999999999,1.0,0.3333333333333333,0.5,0.0,1.0,0.5,0.75,0.25,0.488195,12.204875,-2.323065,38.933425,6.992177499999999,43.297275,2695.5,1,91.8,91.8,91.8,-6.0,0,0.0,0,0.0,0.0,0.0,0.5,1.0,1.0,0.25,0.0,0.0,0.0,1.0,0.0,0.25,1.0,1.0,0.25,0.0,0.0,0.0
15998,641355,Cody Bellinger,Cody Bellinger,2025,"FA,FC,FS,SI,CH,SL,CU,KC,EP",1901,0.2322404371584699,0.3278688524590163,0.4398907103825136,0.1677018633540372,0.1304347826086956,1236,665,1901,-3.4479434394581805,4.311790787496054,8.829389952656495,0.3139784946236559,0.6622039134912462,0.4918463966333509,0.7123287671232876,0.9020217729393468,0.8427807486631016,0.5107837980010521,0.0773277222514466,-1.034875599999998,-0.0544384850078904,7.201019566963179,26.95517750131509,-5.01606186257233,38.17876809573907,2258.0689110994213,369,88.29752747252748,102.9,110.2,19.005494505494507,26,0.070460704607046,137,0.3712737127371274,0.7323340471092077,0.9210526315789472,0.2451341399263545,0.5456674473067916,0.8412017167381974,0.4487112046291425,0.2783018867924528,0.6610169491525424,0.2230405049973698,0.0576923076923076,0.3333333333333333,0.0820620725933719,0.6223175965665236,0.8827586206896552,0.2446081009994739,0.4536082474226804,0.7727272727272727,0.2041031036296686
25629,683227,Cody Freeman,Cody Freeman,2025,"FA,FC,FS,SI,CH,SL,CU,KC,EP",317,0.2678571428571428,0.4821428571428571,0.25,0.4285714285714285,0.0714285714285714,206,111,317,-2.58313159873817,4.575667262460567,8.831999132492111,0.2960526315789473,0.5636363636363636,0.4353312302839117,0.8888888888888888,0.8924731182795699,0.8913043478260869,0.5205047318611987,0.0473186119873817,1.9806391,0.6248072870662461,7.657558689274449,27.392796876971605,-3.4908407949526823,38.18608444794954,2312.981072555205,58,85.36842105263158,100.3,104.3,10.649122807017545,1,0.0172413793103448,13,0.2241379310344827,0.6136363636363636,0.9629629629629628,0.2744479495268139,0.4577464788732394,0.8461538461538461,0.4479495268138801,0.3015873015873015,0.8421052631578947,0.195583596214511,0.0,0.0,0.0757097791798107,0.4852941176470588,0.8181818181818182,0.2145110410094637,0.4324324324324324,0.875,0.2334384858044164
31855,687515,Colby Thomas,Colby Thomas,2025,"FA,FC,FS,SI,CH,SL,CU,KC,EP",222,0.1714285714285714,0.4571428571428571,0.3714285714285714,0.2307692307692307,0.0,163,59,222,-2.259388505405405,4.815419116666668,8.52108301801802,0.4684684684684684,0.7567567567567568,0.6126126126126126,0.3461538461538461,0.8333333333333334,0.6470588235294118,0.5,0.2162162162162162,6.3180021,2.845946891891892,8.069438341486485,26.908116036036034,-2.9282503153153145,36.29243274774775,2390.3153153153157,37,91.79444444444444,105.2,110.1,16.63888888888889,3,0.081081081081081,17,0.4594594594594595,0.8070175438596491,0.8913043478260869,0.2567567567567567,0.6739130434782609,0.6451612903225806,0.4144144144144144,0.490566037735849,0.2692307692307692,0.2387387387387387,0.1,0.0,0.09009009009009,0.7547169811320755,0.775,0.2387387387387387,0.5641025641025641,0.4090909090909091,0.1756756756756756
31680,702284,Cole Young,Cole Young,2025,"FA,FC,FS,SI,CH,SL,CU,KC,EP",754,0.2330827067669172,0.3684210526315789,0.3984962406015037,0.320754716981132,0.0754716981132075,476,278,754,-3.814097485610081,5.076877911200266,9.258376319098144,0.2562674094707521,0.6379746835443038,0.4562334217506631,0.6847826086956522,0.8492063492063492,0.8052325581395349,0.5238726790450928,0.0888594164456233,8.6645336,1.1491423872679043,8.521521447639255,25.22455797082228,-5.675185485676392,36.34277548806367,2249.1750663129974,135,87.88863636363635,103.4,114.1,17.59090909090909,8,0.0592592592592592,46,0.3407407407407407,0.7129629629629629,0.8441558441558441,0.2864721485411141,0.503125,0.8136645962732919,0.4244031830238727,0.1728395061728395,0.5714285714285714,0.2135278514588859,0.0178571428571428,0.0,0.0742705570291777,0.5906432748538012,0.8514851485148515,0.2267904509283819,0.4026845637583892,0.75,0.1976127320954907
12317,607067,Colin Rea,Colin Rea,2025,FA,5,0.0,0.0,0.0,0.0,0.0,5,0,5,-7.802042,5.912762000000001,10.297604000000002,1.0,0.5,0.6,1.0,1.0,1.0,0.8,0.0,0.25818,5.1636,9.969918000000002,32.4282,-12.686384,28.2432,1928.4,0,0.0,,,0.0,0,0.0,0,0.0,0.0,0.0,0.0,0.5,1.0,0.8,1.0,1.0,0.2,0.0,0.0,0.0,0.3333333333333333,1.0,0.6,1.0,1.0,0.2
29712,695657,Colson Montgomery,Colson Montgomery,2025,"FA,FC,FS,SI,CH,SL,CU,KC,SC",790,0.2545454545454545,0.2909090909090909,0.4545454545454545,0.2,0.34,504,286,790,-2.709190286708861,4.038002326708859,8.182392675949368,0.2792553191489361,0.6956521739130435,0.4974683544303797,0.3142857142857143,0.8263888888888888,0.6895674300254453,0.5240506329113924,0.1544303797468354,-9.510617399999996,-1.203875620253164,6.727440297025319,27.58603473417721,-3.713915274291141,37.81719615265823,2260.4405063291138,114,90.13982300884956,108.9,114.5,21.150442477876105,19,0.1666666666666666,52,0.4561403508771929,0.7380952380952381,0.9225806451612903,0.2658227848101265,0.5922619047619048,0.6030150753768844,0.4253164556962025,0.2,0.2162162162162162,0.2341772151898734,0.0338983050847457,0.0,0.0746835443037974,0.656084656084656,0.6935483870967742,0.2392405063291139,0.5102040816326531,0.4533333333333333,0.1860759493670886
27899,690993,Colt Keith,Colt Keith,2025,"FA,FC,FS,SI,CH,SL,CU,KC",1637,0.2922535211267605,0.352112676056338,0.3556338028169014,0.1287128712871287,0.1287128712871287,1030,607,1637,-3.4868854046426385,3.934180610812462,8.468240128283448,0.27125,0.6260454002389486,0.4526572999389126,0.5806451612903226,0.8854961832061069,0.796221322537112,0.5113011606597434,0.0922419059254734,-7.718803600000002,-0.4715212950519244,6.54840206237019,28.189903921808178,-5.09286439907147,36.57271023518633,2156.9523518631645,285,91.11473684210524,105.6,110.0,14.926315789473684,28,0.0982456140350877,132,0.4631578947368421,0.6907894736842105,0.9333333333333332,0.2779474648747709,0.492176386913229,0.7427745664739884,0.4294441050702504,0.2101063829787234,0.4936708860759494,0.2296884544899206,0.0098039215686274,0.0,0.0623091020158827,0.5925925925925926,0.7857142857142857,0.2309102015882712,0.3753846153846153,0.6639344262295082,0.1985339034819792
29591,681297,Colton Cowser,Colton Cowser,2025,"FA,FC,FS,SI,CH,SL,CU,KC",1126,0.2123287671232876,0.4178082191780822,0.3698630136986301,0.0555555555555555,0.2037037037037037,696,430,1126,-3.6515348413348137,3.688472085941386,8.85396697779751,0.2405745062836624,0.6115992970123023,0.4280639431616341,0.373134328358209,0.7758620689655172,0.6639004149377593,0.5053285968028419,0.1438721136767318,6.820158400000002,0.6056979040852577,6.122384398357014,28.49798720248667,-5.374959484280638,36.9540533098579,2224.455595026643,146,91.63287671232877,107.0,113.7,14.034246575342468,21,0.1438356164383561,68,0.4657534246575342,0.6631205673758865,0.8074866310160428,0.2504440497335701,0.4869215291750503,0.6487603305785123,0.4396092362344582,0.1845018450184501,0.24,0.2406749555950266,0.0394736842105263,0.0,0.0674955595026643,0.5755395683453237,0.725,0.2460035523978685,0.3744292237442922,0.5,0.1936056838365897
16572,656582,Connor Joe,Connor Joe,2025,"FA,FC,SI,CH,SL,CU,KC,EP",181,0.36,0.32,0.32,0.25,0.0,115,66,181,-2.354245864088398,4.425243648066299,8.866215524861877,0.1973684210526315,0.5428571428571428,0.3977900552486187,0.6,0.8070175438596491,0.7638888888888888,0.580110497237569,0.0939226519337016,2.5604795000000005,1.41462955801105,7.392502550828729,27.84703911602209,-3.1059209364640887,35.807934088397786,2368.5414364640883,26,91.772,103.5,108.3,15.88,0,0.0,12,0.4615384615384615,0.6607142857142857,0.8648648648648649,0.3093922651933701,0.3896103896103896,0.7,0.425414364640884,0.1081081081081081,0.5,0.2044198895027624,0.0909090909090909,0.0,0.0607734806629834,0.4878048780487805,0.7,0.2265193370165746,0.2777777777777778,0.7,0.1988950276243093
21535,663731,Connor Kaiser,Connor Kaiser,2025,"FA,FC,SI,CH,SL,CU",52,0.2222222222222222,0.2222222222222222,0.5555555555555556,0.4,0.0,33,19,52,-3.0002662173076926,4.569424601923077,8.3348125,0.2631578947368421,0.5757575757575758,0.4615384615384615,0.2,0.8947368421052632,0.75,0.6346153846153846,0.1153846153846153,2.916245,5.608163461538462,7.646763019230769,25.113877692307693,-4.2258239134615385,32.74688846153846,2369.7115384615386,10,81.0,95.7,103.6,25.444444444444443,0,0.0,2,0.2,0.8,0.9166666666666666,0.2884615384615384,0.4444444444444444,0.5833333333333334,0.5192307692307693,0.0,0.0,0.173076923076923,0.0,0.0,0.0192307692307692,0.3333333333333333,0.8,0.2884615384615384,0.5833333333333334,0.4285714285714285,0.2307692307692307
29592,681393,Connor Norby,Connor Norby,2025,"FA,FC,FS,SI,CH,SL,CU,KC,EP",827,0.2360248447204969,0.3975155279503105,0.3664596273291925,0.135593220338983,0.1016949152542373,560,267,827,-2.720389989528416,4.142468884014511,8.358732935912938,0.3383838383838384,0.7610208816705336,0.558645707376058,0.4477611940298507,0.8262195121951219,0.7164502164502164,0.5211608222490931,0.1584038694074969,-1.5934101000000005,-0.192673530834341,6.907474092019344,28.2986876420798,-3.738876774486095,37.236231983071335,2305.273276904474,164,88.33987730061352,103.1,108.2,14.631901840490798,18,0.1097560975609756,64,0.3902439024390244,0.8596491228070176,0.8622448979591837,0.2744860943168077,0.6072423398328691,0.6743119266055045,0.43409915356711,0.2654320987654321,0.3488372093023256,0.1958887545344619,0.0641025641025641,0.0,0.094316807738815,0.6510416666666666,0.792,0.2321644498186215,0.5568862275449101,0.5161290322580645,0.2019347037484885
19896,657136,Connor Wong,Connor Wong,2025,"FA,FC,FS,SI,CH,SL,CU,KC,EP",535,0.1855670103092783,0.5154639175257731,0.2989690721649484,0.3448275862068966,0.0,352,183,535,-2.4845713803738314,5.010427707850469,8.786306545981308,0.3399209486166007,0.6418439716312057,0.4990654205607476,0.5348837209302325,0.856353591160221,0.7528089887640449,0.5271028037383177,0.1233644859813084,10.560987600000004,1.9740163738317769,8.408188740728974,25.648162373831777,-3.3213163340186918,40.86633506542056,2328.465420560748,101,84.60416666666666,101.9,111.5,9.96875,4,0.0396039603960396,29,0.2871287128712871,0.6580645161290323,0.8823529411764706,0.2897196261682243,0.5486725663716814,0.7661290322580645,0.4224299065420561,0.3070866141732283,0.3846153846153846,0.2373831775700934,0.074074074074074,0.5,0.0504672897196261,0.6068376068376068,0.8028169014084507,0.2186915887850467,0.4862385321100917,0.7169811320754716,0.2037383177570093
19458,669450,Cooper Hummel,Cooper Hummel,2025,"FA,FC,FS,SI,CH,SL,CU,KC,EP",248,0.1333333333333333,0.6333333333333333,0.2333333333333333,0.4285714285714285,0.0,147,101,248,-2.927207829475807,4.091448969758064,8.589867197580647,0.2671755725190839,0.5982905982905983,0.4233870967741935,0.2857142857142857,0.8428571428571429,0.6571428571428571,0.4717741935483871,0.1451612903225806,4.9749007,2.0060083467741934,6.815599360080645,29.085485,-4.112871189112902,35.151466129032265,2245.060483870968,31,88.16000000000001,100.8,109.3,7.6,0,0.0,8,0.2580645161290322,0.6911764705882353,0.9148936170212766,0.2741935483870967,0.4423076923076923,0.5217391304347826,0.4193548387096774,0.1525423728813559,0.1111111111111111,0.2379032258064516,0.1764705882352941,0.3333333333333333,0.0685483870967741,0.5957446808510638,0.6428571428571429,0.189516129032258,0.3157894736842105,0.3333333333333333,0.2298387096774193
25878,682998,Corbin Carroll,Corbin Carroll,2025,"FA,FC,FO,FS,SI,CH,SL,CU,KC",1765,0.2202166064981949,0.3140794223826715,0.4657039711191336,0.2403100775193798,0.1782945736434108,1115,650,1765,-2.625867811932011,3.683998220220965,8.328711629745044,0.3246187363834422,0.6694214876033058,0.490084985835694,0.62751677852349,0.8536155202821869,0.7757225433526012,0.4798866855524079,0.1099150141643059,-25.9266045,-1.4689294334277618,6.117162482499715,28.477695376770527,-3.571194642815863,38.31412597223797,2264.9637393767707,281,92.773476702509,107.4,115.8,19.799283154121863,42,0.1494661921708185,147,0.5231316725978647,0.7194570135746606,0.8522012578616353,0.2504249291784702,0.5771725032425421,0.7707865168539326,0.4368271954674221,0.2394014962593516,0.59375,0.2260623229461756,0.0397350993377483,0.0,0.0855524079320113,0.6318537859007833,0.8181818181818182,0.2169971671388102,0.5231958762886598,0.7142857142857143,0.2198300283286119
20311,667452,Corey Julks,Corey Julks,2025,"FA,FS,SI,CH,SL",21,0.0,0.25,0.75,0.0,0.0,13,8,21,-4.8222104761904765,5.818285238095238,9.660606666666666,0.2,0.5454545454545454,0.3809523809523809,1.0,0.8333333333333334,0.875,0.5238095238095238,0.0476190476190476,-0.774729,-3.6891857142857134,9.806541904761904,24.901561904761905,-7.436030476190477,40.17394761904762,2099.6666666666665,4,88.325,93.2,93.2,25.5,0,0.0,0,0.0,0.4444444444444444,0.75,0.4285714285714285,0.375,1.0,0.3809523809523809,0.25,1.0,0.1904761904761904,0.0,0.0,0.0,0.6666666666666666,1.0,0.1428571428571428,0.2,1.0,0.238095238095238
13624,608369,Corey Seager,Corey Seager,2025,"FA,FC,FS,SI,CH,SL,CU,KC",1090,0.2244897959183673,0.4438775510204081,0.3316326530612244,0.0615384615384615,0.2,623,467,1090,-3.589158583027523,3.4341638946788984,8.799813743119271,0.2234432234432234,0.7444852941176471,0.4834862385321101,0.5,0.8518518518518519,0.7703984819734345,0.4990825688073395,0.1110091743119266,-15.375381099999998,-1.4105854220183485,5.688682497339447,28.90871628440366,-5.286902882871559,37.478533266055045,2124.335779816514,199,93.8319796954315,108.6,112.2,11.619289340101522,32,0.1608040201005025,112,0.5628140703517588,0.8773234200743495,0.902542372881356,0.2467889908256881,0.53,0.7018867924528301,0.4587155963302752,0.1037344398340249,0.28,0.2211009174311926,0.0125,0.0,0.073394495412844,0.6907630522088354,0.8023255813953488,0.228440366972477,0.3705179282868526,0.5161290322580645,0.2302752293577981
23986,678554,Curtis Mead,Curtis Mead,2025,"FA,FC,FS,SI,CH,SL,CU,KC",531,0.2528735632183908,0.3448275862068966,0.4022988505747126,0.2285714285714285,0.0571428571428571,358,173,531,-2.653376757062147,3.910409902862523,8.238115395480225,0.3117408906882591,0.6443661971830986,0.4896421845574388,0.4935064935064935,0.907103825136612,0.7846153846153846,0.5348399246704332,0.1054613935969868,2.099795400000002,0.3954416949152546,6.507062360828625,27.81757941619586,-3.614608875329569,37.858959412429385,2269.883239171375,89,87.3954022988506,102.8,111.0,15.409090909090908,4,0.0449438202247191,32,0.3595505617977528,0.6714285714285714,0.9361702127659576,0.263653483992467,0.5469387755102041,0.8208955223880597,0.4613935969868173,0.2685185185185185,0.2068965517241379,0.2033898305084746,0.0789473684210526,0.0,0.071563088512241,0.6515151515151515,0.8372093023255814,0.2485875706214689,0.4247787610619469,0.7916666666666666,0.2128060263653484
30163,693409,César Prieto,Cesar Prieto,2025,"FA,FC,FS,SI,SL,CU",25,0.0,1.0,0.0,0.0,0.0,19,6,25,-3.2379200800000003,3.78408452,7.9959844,0.625,0.6666666666666666,0.64,0.4,0.8333333333333334,0.5625,0.36,0.28,0.8762778,3.5051112000000004,6.28859536,30.10582800000001,-4.64456116,29.510452,2159.68,1,0.0,,,0.0,0,0.0,0,0.0,0.3333333333333333,1.0,0.12,0.7142857142857143,0.6,0.56,0.7142857142857143,0.4,0.24,0.0,0.0,0.04,0.6666666666666666,0.75,0.24,0.75,0.5,0.32
21587,663967,César Salazar,Cesar Salazar,2025,"FA,FC,FS,CH,SL,EP",27,0.1428571428571428,0.5714285714285714,0.2857142857142857,0.0,0.0,16,11,27,-5.601922592592592,7.090242962962963,10.518141481481482,0.1666666666666666,0.6666666666666666,0.4444444444444444,0.5,0.9,0.8333333333333334,0.5555555555555556,0.074074074074074,1.6105219999999998,5.964896296296296,12.006265185185187,26.02168888888889,-8.80986725925926,36.07769259259259,2216.703703703704,7,80.92857142857143,97.9,97.9,14.0,0,0.0,2,0.2857142857142857,0.5,1.0,0.2962962962962963,0.7,0.8571428571428571,0.3703703703703703,0.1428571428571428,0.0,0.2592592592592592,0.0,0.0,0.074074074074074,1.0,0.8333333333333334,0.2222222222222222,0.25,1.0,0.1481481481481481
9874,518934,DJ LeMahieu,DJ LeMahieu,2025,"FA,FC,FS,SI,CH,SL,CU,KC,EP",334,0.238095238095238,0.6031746031746031,0.1587301587301587,0.1,0.2,217,117,334,-3.139493113173652,4.113089764371258,7.93279261077844,0.2567567567567567,0.6129032258064516,0.4550898203592814,0.4736842105263157,0.8859649122807017,0.7828947368421053,0.5568862275449101,0.0988023952095808,0.1523780000000002,0.0456221556886228,6.85680671766467,27.25485811377246,-4.475484734431138,36.893511556886224,2291.1736526946106,63,91.3095238095238,103.8,107.9,5.285714285714286,3,0.0476190476190476,34,0.5396825396825397,0.6666666666666666,0.9558823529411764,0.3053892215568862,0.4513888888888889,0.7538461538461538,0.4311377245508982,0.2878787878787879,0.2631578947368421,0.1976047904191616,0.0,0.0,0.0658682634730539,0.547945205479452,0.7,0.218562874251497,0.352112676056338,0.84,0.2125748502994012
24496,680577,DaShawn Keirsey Jr.,DaShawn Keirsey Jr.,2025,"FA,FC,FS,SI,CH,SL,CU,KC",257,0.1111111111111111,0.5333333333333333,0.3555555555555555,0.3125,0.125,175,82,257,-3.831940849416341,4.985914007392996,8.953348365758757,0.2592592592592592,0.697986577181208,0.5136186770428015,0.5357142857142857,0.8653846153846154,0.7954545454545454,0.5797665369649806,0.1050583657587548,8.4366054,3.282725836575876,8.364641568093388,26.43544630350195,-5.69452922529183,36.6482314007782,2238.743190661479,46,88.76222222222219,102.9,109.0,7.777777777777778,3,0.0652173913043478,18,0.391304347826087,0.8243243243243243,0.8688524590163934,0.2879377431906614,0.5391304347826087,0.7741935483870968,0.4474708171206226,0.2195121951219512,0.4444444444444444,0.159533073929961,0.0,0.0,0.1050583657587548,0.6056338028169014,0.813953488372093,0.2762645914396887,0.4318181818181818,0.6842105263157895,0.1712062256809338
19779,680118,Dairon Blanco,Dairon Blanco,2025,"FA,SL",9,0.0,0.0,1.0,1.0,0.0,7,2,9,-4.118775092222222,7.636326666666666,9.043521111111112,0.25,0.6,0.4444444444444444,1.0,1.0,1.0,0.5555555555555556,0.0,0.5460498,6.06722,12.950662222222222,16.96317222222222,-6.196594444444446,35.1357,2325.555555555556,3,81.0,81.0,81.0,73.0,0,0.0,0,0.0,0.0,0.0,0.2222222222222222,1.0,1.0,0.4444444444444444,0.0,0.0,0.2222222222222222,0.0,0.0,0.1111111111111111,1.0,1.0,0.3333333333333333,1.0,1.0,0.1111111111111111
31382,687221,Dalton Rushing,Dalton Rushing,2025,"FA,FC,FS,SI,CH,SL,CU,KC,EP",452,0.2222222222222222,0.3333333333333333,0.4444444444444444,0.2142857142857142,0.1428571428571428,283,169,452,-1.8375917464601768,2.578322707234513,8.110564161504426,0.1969696969696969,0.6338582677165354,0.4424778761061947,0.282051282051282,0.7391304347826086,0.65,0.5619469026548672,0.1548672566371681,3.4378052,0.760576371681416,4.205115261283187,31.12696811946902,-2.1800989236725674,38.02902278761061,2346.1172566371683,64,90.23906250000002,107.4,112.0,16.671875,10,0.15625,28,0.4375,0.7391304347826086,0.8333333333333334,0.3053097345132743,0.4590163934426229,0.5238095238095238,0.4048672566371681,0.1272727272727272,0.0714285714285714,0.243362831858407,0.0,0.0,0.0464601769911504,0.5181818181818182,0.5964912280701754,0.243362831858407,0.3698630136986301,0.3703703703703703,0.161504424778761
22054,667472,Dane Myers,Dane Myers,2025,"FA,FC,FO,FS,SI,CH,SL,CU,KC",821,0.2054794520547945,0.4520547945205479,0.3424657534246575,0.22,0.08,564,257,821,-3.085515945554201,4.615602712399514,8.652166250913524,0.2636363636363636,0.5926680244399185,0.4604141291108404,0.5862068965517241,0.8178694158075601,0.7645502645502645,0.5980511571254568,0.1084043848964677,16.744667199999995,2.0395453349573684,7.727769216443365,26.49297328867235,-4.38008918964677,38.84910809744215,2320.349573690621,148,89.8746575342466,103.2,108.1,11.321917808219178,10,0.0675675675675675,55,0.3716216216216216,0.6280701754385964,0.8324022346368715,0.3471376370280146,0.5075075075075075,0.7396449704142012,0.4043848964677223,0.1895424836601307,0.5172413793103449,0.1863580998781973,0.02,0.0,0.0609013398294762,0.5544041450777202,0.822429906542056,0.2350791717417783,0.4428571428571428,0.5967741935483871,0.1693057247259439
19643,669288,Daniel Johnson,Daniel Johnson,2025,"FA,FC,FS,SI,CH,SL,CU,KC,EP",186,0.2121212121212121,0.4545454545454545,0.3333333333333333,0.3636363636363636,0.0909090909090909,120,66,186,-2.2865526340860214,3.6246878510752687,8.653815865591396,0.3592233009708738,0.6626506024096386,0.4946236559139785,0.3513513513513513,0.8727272727272727,0.6630434782608695,0.4462365591397849,0.1666666666666666,2.5147965999999995,1.3520411827956986,6.007050653225806,30.144095000000004,-3.010144768817205,41.72337365591397,2296.7688172043013,34,88.2030303030303,105.7,110.0,13.727272727272728,3,0.088235294117647,13,0.3823529411764705,0.6923076923076923,0.9166666666666666,0.2795698924731182,0.6527777777777778,0.5531914893617021,0.3870967741935484,0.1951219512195122,0.25,0.2204301075268817,0.0476190476190476,0.0,0.1129032258064516,0.6944444444444444,0.56,0.1935483870967742,0.6111111111111112,0.5454545454545454,0.1935483870967742
25180,682177,Daniel Schneemann,Daniel Schneemann,2025,"FA,FC,FS,SI,CH,SL,CU,KC",1416,0.2070484581497797,0.4493392070484581,0.3436123348017621,0.1666666666666666,0.1538461538461538,890,526,1416,-3.5181144465225973,3.880214297408193,8.814370333333333,0.2725947521865889,0.6301369863013698,0.4569209039548023,0.5294117647058824,0.8195652173913044,0.7357032457496137,0.5155367231638418,0.1207627118644067,5.4278844999999984,0.3833251765536722,6.452849747175143,28.24976201977402,-5.155092464759889,36.02948065536723,2242.919491525424,232,90.16943231441046,103.9,111.2,11.755458515283843,30,0.1293103448275862,105,0.4525862068965517,0.7416879795396419,0.8689655172413793,0.2761299435028249,0.4761092150170648,0.7060931899641577,0.4138418079096045,0.2069970845481049,0.380281690140845,0.2422316384180791,0.0729166666666666,0.0,0.0677966101694915,0.54858934169279,0.6971428571428572,0.2252824858757062,0.3895131086142322,0.7211538461538461,0.1885593220338983
16535,643376,Danny Jansen,Danny Jansen,2025,"FA,FC,FS,SI,CH,SL,CU,KC,EP",824,0.2183098591549295,0.2957746478873239,0.4859154929577465,0.4057971014492754,0.1304347826086956,496,328,824,-2.849997227949029,4.65266484199029,8.548729963592233,0.1868421052631579,0.6396396396396397,0.4308252427184466,0.5492957746478874,0.8943661971830986,0.8253521126760563,0.5388349514563107,0.0752427184466019,0.1515998000000019,0.0183980339805827,7.792453563834953,26.186477633495144,-3.971045967961168,39.96339776699028,2305.1808252427186,146,87.27777777777777,102.2,107.4,22.95138888888889,12,0.0821917808219178,54,0.3698630136986301,0.7345132743362832,0.9216867469879518,0.2730582524271844,0.4816901408450704,0.783625730994152,0.4308252427184466,0.1034482758620689,0.3333333333333333,0.2111650485436893,0.0,0.0,0.0837378640776699,0.5778894472361809,0.8260869565217391,0.241504854368932,0.358974358974359,0.6964285714285714,0.1893203883495145
18314,621020,Dansby Swanson,Dansby Swanson,2025,"FA,FC,FS,SI,CH,SL,CU,KC,EP",2004,0.2379518072289156,0.4126506024096386,0.3493975903614458,0.1724137931034483,0.146551724137931,1275,729,2004,-1.8893629975998003,3.9457549366267486,7.828672003193612,0.2396061269146608,0.7165137614678899,0.499001996007984,0.4063926940639269,0.8066581306017926,0.719,0.5439121756487026,0.1402195608782435,7.360313600000004,0.3672811177644712,6.568507680184631,28.2325371007984,-2.27149240766966,37.50243535633732,2350.1626746506986,338,90.36985074626864,104.8,109.3,13.656716417910449,38,0.1124260355029585,155,0.4585798816568047,0.8014440433212996,0.8265765765765766,0.2764471057884231,0.5519630484988453,0.6820083682008368,0.4321357285429141,0.1753554502369668,0.3513513513513513,0.2105788423153692,0.0246913580246913,0.0,0.0808383233532934,0.6334012219959266,0.752411575562701,0.2450099800399201,0.4453333333333333,0.5508982035928144,0.187125748502994
26224,687231,Darell Hernaiz,Darell Hernaiz,2025,"FA,FC,FS,SI,CH,SL,CU,KN,KC,EP",493,0.2636363636363636,0.4636363636363636,0.2727272727272727,0.2333333333333333,0.0333333333333333,326,167,493,-2.6144752577484787,4.541633878701825,8.47567633874239,0.2787610619469026,0.7191011235955056,0.5172413793103449,0.6984126984126984,0.890625,0.8431372549019608,0.5415821501014199,0.0811359026369168,6.828906399999999,1.3851737119675456,7.595707740973631,27.055052150101425,-3.562789394726167,39.11411239756592,2300.5010141987827,113,84.66396396396397,103.6,109.2,5.936936936936937,4,0.0353982300884955,35,0.3097345132743362,0.8085106382978723,0.9298245614035088,0.2860040567951318,0.5294117647058824,0.7863247863247863,0.4482758620689655,0.2395833333333333,0.6956521739130435,0.1947261663286004,0.0285714285714285,1.0,0.0709939148073022,0.6111111111111112,0.8636363636363636,0.2190669371196754,0.4513274336283185,0.6862745098039216,0.22920892494929
19918,662139,Daulton Varsho,Daulton Varsho,2025,"FA,FC,FS,SI,CH,SL,CU,KC",778,0.1870503597122302,0.2517985611510791,0.5611510791366906,0.2307692307692307,0.2307692307692307,515,263,778,-2.9975990531233943,4.562671061030849,8.700450426735216,0.3031161473087819,0.7505882352941177,0.5475578406169666,0.514018691588785,0.780564263322884,0.7136150234741784,0.5462724935732648,0.1568123393316195,-7.1336043,-0.9169157197943444,7.635084413419024,26.57195223650385,-4.221118939460154,37.00615511568123,2300.412596401028,139,90.75289855072462,107.4,113.9,25.0,25,0.1798561151079136,57,0.4100719424460431,0.8341013824884793,0.8011049723756906,0.2789203084832904,0.5906593406593407,0.6883720930232559,0.4665809768637532,0.18,0.4074074074074074,0.1915167095115681,0.0638297872340425,0.0,0.0604113110539845,0.6885245901639344,0.7222222222222222,0.2352185089974293,0.4917127071823204,0.6404494382022472,0.2313624678663239
23250,675915,David Bañuelos,David Banuelos,2025,FA,1,0.0,0.0,0.0,0.0,0.0,0,1,1,-5.86125,10.0656,11.6477,0.0,0.0,0.0,0.0,0.0,0.0,0.0,0.0,-0.341665,-34.1665,17.1518,12.2213,-9.26678,32.6709,2685.0,0,0.0,,,0.0,0,0.0,0,0.0,0.0,0.0,0.0,0.0,0.0,0.0,0.0,0.0,0.0,0.0,0.0,1.0,0.0,0.0,0.0,0.0,0.0,0.0
24934,681807,David Fry,David Fry,2025,"FA,FC,FS,SI,CH,SL,CU,KC",150,0.2105263157894736,0.2631578947368421,0.5263157894736842,0.4,0.2,108,42,150,-1.6021276686666672,3.296003110042466,7.761064393333334,0.4242424242424242,0.6428571428571429,0.5466666666666666,0.5714285714285714,0.7962962962962963,0.7195121951219512,0.56,0.1533333333333333,2.4567836000000005,1.6378557333333337,5.4445049380000015,28.71117513333333,-1.7623391866666664,35.32517393333333,2340.1466666666665,19,88.09444444444443,104.9,106.8,29.77777777777778,0,0.0,8,0.4210526315789473,0.6888888888888889,0.8387096774193549,0.3,0.6290322580645161,0.717948717948718,0.4133333333333333,0.303030303030303,0.5,0.22,0.2,0.0,0.0666666666666666,0.6571428571428571,0.8260869565217391,0.2333333333333333,0.5925925925925926,0.5625,0.18
27531,666152,David Hamilton,David Hamilton,2025,"FA,FC,FO,FS,SI,CH,SL,CU,KC",666,0.2327586206896551,0.4224137931034483,0.3448275862068966,0.2,0.15,428,238,666,-3.5692248492492493,4.017775930720721,8.754053803303304,0.2524271844660194,0.5854341736694678,0.4309309309309309,0.5769230769230769,0.861244019138756,0.7839721254355401,0.536036036036036,0.093093093093093,6.573976400000007,0.9870835435435444,6.69587962831832,27.845391501501503,-5.239658283483483,35.90058412912913,2224.0645645645645,122,86.95304347826087,103.0,108.1,14.05217391304348,8,0.0655737704918032,35,0.2868852459016393,0.6963350785340314,0.9172932330827068,0.2867867867867867,0.4143835616438356,0.768595041322314,0.4384384384384384,0.2403100775193798,0.3225806451612903,0.1936936936936936,0.037037037037037,0.0,0.081081081081081,0.4805194805194805,0.7837837837837838,0.2312312312312312,0.3405797101449275,0.7446808510638298,0.2072072072072072
24782,681584,David Villar,David Villar,2025,"FA,FS,SI,CH,SL,KC",24,0.0,1.0,0.0,0.0,0.0,11,13,24,-4.2630213333333336,5.5014347375,9.959369583333332,0.0909090909090909,0.5384615384615384,0.3333333333333333,0.0,0.8571428571428571,0.75,0.5416666666666666,0.0833333333333333,0.3245125,1.3521354166666668,9.258584833333332,23.644827083333336,-6.45075125,38.10717629166667,2218.4166666666665,2,82.95,103.4,103.4,-32.0,0,0.0,1,0.5,0.75,1.0,0.1666666666666666,0.3333333333333333,0.6,0.625,0.0,0.0,0.2083333333333333,0.0,0.0,0.0,0.5,0.6666666666666666,0.25,0.2222222222222222,0.5,0.375
23565,676914,Davis Schneider,Davis Schneider,2025,"FA,FC,FS,SI,CH,SL,CU,KC,EP",442,0.1864406779661017,0.3220338983050847,0.4915254237288136,0.2413793103448276,0.2413793103448276,257,185,442,-2.505941623076924,4.380218561312217,7.92482423076923,0.1802575107296137,0.6507177033492823,0.4027149321266968,0.4761904761904761,0.8308823529411765,0.7471910112359551,0.4728506787330316,0.1018099547511312,-4.855469299999998,-1.098522466063348,7.319425579185522,27.87122031674208,-3.363763408574661,39.85163959276018,2335.794117647059,59,91.1,105.1,107.5,22.16949152542373,7,0.1186440677966101,26,0.4406779661016949,0.7130434782608696,0.8902439024390244,0.2601809954751131,0.4647058823529412,0.6708860759493671,0.3846153846153846,0.1545454545454545,0.4117647058823529,0.248868778280543,0.0,0.0,0.1063348416289592,0.5529411764705883,0.7872340425531915,0.1923076923076923,0.3764705882352941,0.5,0.1923076923076923
29995,695734,Daylen Lile,Daylen Lile,2025,"FA,FC,FO,FS,SI,CH,SL,CU,KC,EP",1025,0.3476190476190476,0.3428571428571428,0.3095238095238095,0.2,0.1076923076923077,655,370,1025,-3.039604676585366,4.275351769426342,8.752001237073168,0.2647657841140529,0.7415730337078652,0.5131707317073171,0.6461538461538462,0.9217171717171716,0.8536121673003803,0.5209756097560976,0.0751219512195121,-16.268016799999998,-1.5871235902439025,7.138489132878049,27.193338575609747,-4.2986412919512205,36.629293900487816,2286.4429268292683,215,89.81355140186915,104.0,109.1,14.682242990654206,13,0.0604651162790697,90,0.4186046511627907,0.8245614035087719,0.9404255319148936,0.2770731707317073,0.5466377440347071,0.8333333333333334,0.4497560975609756,0.1745283018867924,0.4864864864864865,0.2068292682926829,0.0298507462686567,0.0,0.0653658536585365,0.6776859504132231,0.8780487804878049,0.2360975609756097,0.4018264840182648,0.75,0.2136585365853658
18353,663662,Daz Cameron,Daz Cameron,2025,"FA,FC,FS,SI,SL,CU,EP",40,0.4285714285714285,0.1428571428571428,0.4285714285714285,0.3333333333333333,0.0,26,14,40,-0.7573895750000001,2.6084176,7.919964999999999,0.1111111111111111,0.8181818181818182,0.5,0.5,0.8888888888888888,0.85,0.55,0.075,0.5592551000000001,1.3981377500000003,4.255394075,37.60514499999999,-0.2739344500000001,31.454581725,2346.45,7,86.84285714285716,105.2,105.2,20.285714285714285,0,0.0,1,0.1428571428571428,1.0,0.9,0.25,0.5263157894736842,0.8,0.475,0.0,0.0,0.175,0.0,0.0,0.1,0.6363636363636364,0.8571428571428571,0.275,0.375,0.6666666666666666,0.2
29858,672016,Denzel Clarke,Denzel Clarke,2025,"FA,FC,FS,SI,CH,SL,CU,KC,EP",491,0.2112676056338028,0.5070422535211268,0.2816901408450704,0.0,0.1,325,166,491,-3.394320397881873,4.302057612769857,8.946239953156821,0.296,0.6431535269709544,0.4663951120162933,0.4054054054054054,0.8516129032258064,0.7074235807860262,0.4908350305498982,0.1364562118126273,3.3957415,0.6915970468431772,7.1808741384928725,27.414672382892057,-4.924580356619145,36.3882505682281,2288.7270875763747,72,89.78571428571425,107.8,113.4,4.142857142857143,5,0.0694444444444444,30,0.4166666666666667,0.6614173228346457,0.9285714285714286,0.2586558044806517,0.5046296296296297,0.6697247706422018,0.439918533604888,0.3238095238095238,0.3235294117647059,0.2138492871690427,0.0465116279069767,0.0,0.0875763747454175,0.5929203539823009,0.7313432835820896,0.230142566191446,0.4077669902912621,0.5714285714285714,0.2097759674134419
28816,694203,Denzer Guzman,Denzer Guzman,2025,"FA,FC,FS,SI,CH,SL,CU,KC",139,0.1764705882352941,0.3529411764705882,0.4705882352941176,0.375,0.25,93,46,139,-1.7897751834532376,3.560750070215827,7.682302956834532,0.175438596491228,0.7317073170731707,0.5035971223021583,0.3,0.7166666666666667,0.6571428571428571,0.5899280575539568,0.1726618705035971,0.6825357999999998,0.4910329496402876,5.90236158057554,28.47860287769784,-2.092969413669065,32.53768600719424,2385.165467625899,17,87.67647058823528,104.9,106.2,24.058823529411764,3,0.1764705882352941,8,0.4705882352941176,0.8604651162790697,0.7297297297297297,0.3093525179856115,0.492063492063492,0.6129032258064516,0.4532374100719424,0.0714285714285714,0.0,0.2014388489208633,0.0,0.0,0.0359712230215827,0.675,0.6296296296296297,0.2877697841726618,0.1739130434782608,0.5,0.1654676258992805
16947,656537,Derek Hill,Derek Hill,2025,"FA,FC,FS,SI,CH,SL,CU,KC",312,0.2830188679245283,0.5283018867924528,0.1886792452830188,0.1,0.2,220,92,312,-1.9241947974358973,4.512185875000002,8.414287980769231,0.4025157232704403,0.6797385620915033,0.5384615384615384,0.390625,0.8269230769230769,0.6607142857142857,0.4903846153846153,0.1826923076923076,4.842840300000001,1.552192403846154,7.547773253846151,27.859301955128203,-2.329810301282051,38.10953288461537,2305.692307692308,54,88.31698113207547,103.5,112.3,4.264150943396227,6,0.1111111111111111,21,0.3888888888888889,0.6625,0.8679245283018868,0.2564102564102564,0.5984848484848485,0.6962025316455697,0.4230769230769231,0.4358974358974359,0.2941176470588235,0.25,0.0909090909090909,0.0,0.0705128205128205,0.5967741935483871,0.7837837837837838,0.1987179487179487,0.6,0.6190476190476191,0.2243589743589743
27464,693307,Dillon Dingler,Dillon Dingler,2025,"FA,FC,FS,SI,CH,SL,CU,KC,EP",1313,0.2983193277310924,0.3865546218487395,0.315126050420168,0.2266666666666666,0.1066666666666666,895,418,1313,-1.6629298795887282,3.8185366857578087,8.260277708301595,0.3305227655986509,0.6430555555555556,0.5019040365575019,0.4846938775510204,0.8639308855291576,0.7511380880121397,0.5483625285605483,0.1249047981721249,4.3033030000000005,0.3277458492003047,6.347071560898703,29.371240929169836,-1.8779126453617667,37.77704530159939,2303.4394516374714,243,89.60705394190872,105.3,110.4,14.71369294605809,18,0.074074074074074,105,0.4320987654320987,0.6784810126582278,0.9253731343283582,0.3000761614623001,0.5680580762250453,0.6996805111821086,0.4196496572734196,0.2637362637362637,0.375,0.2079207920792079,0.0638297872340425,0.1666666666666666,0.0715917745620716,0.6069182389937107,0.7772020725388601,0.2421934501142422,0.5150214592274678,0.575,0.1774562071591774
15055,624513,Dom Nuñez,Dom Nunez,2025,"SI,SL,CU",4,0.0,0.0,0.0,0.0,0.0,3,1,4,3.864744999999999,-1.1632938874999998,8.8038725,0.0,0.25,0.25,0.0,0.0,0.0,1.0,0.25,0.2711189,6.7779725,-2.2674012500000003,42.342025,7.870099999999999,25.499225000000003,2517.75,0,0.0,,,0.0,0,0.0,0,0.0,0.0,0.0,0.5,0.5,0.0,0.5,0.0,0.0,0.0,0.0,0.0,0.0,0.0,0.0,0.0,0.5,0.0,0.5
26438,686527,Dominic Canzone,Dominic Canzone,2025,"FA,FC,FS,SI,CH,SL,CU,KC,EP",772,0.2887323943661972,0.4436619718309859,0.2676056338028169,0.131578947368421,0.2631578947368421,519,253,772,-3.4017004068652854,3.825740852331606,8.851240363989636,0.4035087719298245,0.675603217158177,0.5349740932642487,0.639751552795031,0.8373015873015873,0.7602905569007264,0.483160621761658,0.1282383419689119,-8.174477799999998,-1.0588701813471502,6.359141290414509,28.434990038860104,-4.959209999611399,38.05990058290156,2178.9391191709847,143,93.43309859154928,108.2,115.9,9.82394366197183,24,0.1678321678321678,74,0.5174825174825175,0.7305699481865285,0.8581560283687943,0.2487046632124352,0.6011730205278593,0.7902439024390244,0.4417098445595855,0.3428571428571428,0.5,0.2266839378238342,0.1111111111111111,0.1428571428571428,0.0816062176165803,0.68125,0.8440366972477065,0.2072538860103626,0.5303867403314917,0.7291666666666666,0.2344559585492228
26149,666150,Dominic Fletcher,Dominic Fletcher,2025,"FA,FC,FS,SI,CH,SL,CU,KC",102,0.16,0.44,0.4,0.2,0.1,73,29,102,-4.208161392156863,4.927936674509803,9.163279656862745,0.4489795918367347,0.6226415094339622,0.5392156862745098,0.6818181818181818,0.9696969696969696,0.8545454545454545,0.5196078431372549,0.0784313725490196,0.3836592999999998,0.3761365686274509,8.26677659019608,26.24995058823529,-6.354093153039216,38.39473137254902,2227.303921568628,25,89.632,104.1,105.4,15.8,1,0.04,10,0.4,0.6875,1.0,0.3137254901960784,0.6190476190476191,0.8076923076923077,0.4117647058823529,0.3181818181818182,0.5714285714285714,0.2156862745098039,0.0,0.0,0.0588235294117647,0.7222222222222222,0.9230769230769232,0.1764705882352941,0.5416666666666666,0.6923076923076923,0.2352941176470588
15653,642086,Dominic Smith,Dominic Smith,2025,"FA,FC,FO,FS,SI,CH,SL,CU,KC,EP",758,0.2620689655172414,0.4275862068965517,0.3103448275862069,0.1333333333333333,0.1111111111111111,507,251,758,-2.5784947970976253,3.77171874753298,8.541301017150397,0.3397260273972602,0.6513994910941476,0.5013192612137203,0.5887096774193549,0.88671875,0.7894736842105263,0.5184696569920845,0.1055408970976253,-2.0749749,-0.2737433905013192,6.263432686543536,29.754688166226927,-3.502218299986807,38.98534299472296,2289.4129287598944,146,88.02777777777779,102.1,109.7,13.903448275862068,7,0.047945205479452,56,0.3835616438356164,0.7248677248677249,0.9124087591240876,0.2493403693931398,0.5803571428571429,0.7846153846153846,0.4432717678100263,0.2738095238095238,0.4347826086956521,0.2216358839050131,0.0307692307692307,1.0,0.0857519788918205,0.6208791208791209,0.8495575221238938,0.2401055408970976,0.5324675324675324,0.6951219512195121,0.2031662269129287
8623,456781,Donovan Solano,Donovan Solano,2025,"FA,FC,SI,CH,SL,CU,KC,EP",295,0.3272727272727272,0.4545454545454545,0.2181818181818181,0.25,0.1666666666666666,200,95,295,-2.1952194295254244,4.669610101355931,8.300314301694916,0.3282442748091603,0.6646341463414634,0.5152542372881356,0.4883720930232558,0.8623853211009175,0.756578947368421,0.5559322033898305,0.1254237288135593,-3.803087300000001,-1.2891821355932207,7.820912482711862,27.041984474576275,-2.882095111186441,36.83838007457627,2170.383050847457,57,87.11071428571428,102.9,106.6,10.571428571428571,1,0.0175438596491228,23,0.4035087719298245,0.7435897435897436,0.8448275862068966,0.2644067796610169,0.5864661654135338,0.7564102564102564,0.447457627118644,0.2238805970149253,0.4666666666666667,0.2271186440677966,0.0588235294117647,0.0,0.0576271186440678,0.581081081081081,0.813953488372093,0.2508474576271186,0.5932203389830508,0.6857142857142857,0.1966101694915254
19314,622268,Donovan Walton,Donovan Walton,2025,"FA,FS,SI,CH,SL,CU",24,0.2,0.8,0.0,0.0,0.0,15,9,24,-2.0870975125,4.572579541666667,8.990747083333334,0.3636363636363636,0.6923076923076923,0.5416666666666666,0.75,1.0,0.9230769230769232,0.5416666666666666,0.0416666666666666,0.8059487999999999,3.35812,7.652209999999999,25.5347075,-2.616846666666666,49.40072916666667,2256.6666666666665,6,96.62,103.5,103.5,-2.2,0,0.0,3,0.5,0.875,1.0,0.3333333333333333,0.6,0.8333333333333334,0.4166666666666667,0.0,0.0,0.0833333333333333,0.0,0.0,0.1666666666666666,0.5714285714285714,0.75,0.2916666666666667,0.6666666666666666,1.0,0.125
31539,686948,Drake Baldwin,Drake Baldwin,2025,"FA,FC,FO,FS,SI,CH,SL,CU,KC",1387,0.247148288973384,0.4486692015209125,0.3041825095057034,0.125,0.1875,882,505,1387,-3.867754779610671,3.9258547037491,8.673515089401588,0.3049327354260089,0.6740947075208914,0.4960346070656092,0.696078431372549,0.8863636363636364,0.8299418604651163,0.517664023071377,0.0843547224224945,-8.5515314,-0.6165487671232877,6.5340458198990605,27.644670122566687,-5.754873814780103,34.685910072098075,2271.31290555155,265,92.0547169811321,106.6,112.5,8.4,29,0.1094339622641509,128,0.4830188679245283,0.7611548556430446,0.896551724137931,0.273972602739726,0.5366269165247018,0.8412698412698413,0.4232155731795241,0.2461059190031152,0.5569620253164557,0.2307137707281903,0.0408163265306122,0.5,0.0706560922855082,0.6237623762376238,0.873015873015873,0.2184571016582552,0.4436619718309859,0.7936507936507936,0.2047584715212689
25183,682183,Drew Avans,Drew Avans,2025,"FA,FC,FS,SI,CH,SL,CU",67,0.1,0.6,0.3,0.3333333333333333,0.0,48,19,67,-6.130302044776118,4.965701208955224,10.1283023880597,0.4411764705882353,0.7272727272727273,0.582089552238806,0.6666666666666666,1.0,0.8717948717948718,0.4925373134328358,0.0746268656716417,2.141445,3.196186567164179,8.332080686567165,26.019427164179103,-9.740851910447764,34.96813880597016,2154.9253731343283,10,83.80999999999999,99.0,100.0,4.5,0,0.0,2,0.2,0.8125,1.0,0.2388059701492537,0.6666666666666666,0.8636363636363636,0.4925373134328358,0.4444444444444444,0.5,0.1343283582089552,0.0,0.0,0.1343283582089552,0.7058823529411765,1.0,0.2537313432835821,0.625,0.7,0.2388059701492537
31545,687551,Drew Gilbert,Drew Gilbert,2025,"FA,FC,FS,SI,CH,SL,CU,KC",337,0.2537313432835821,0.4626865671641791,0.2835820895522388,0.3157894736842105,0.1578947368421052,217,120,337,-2.6407583050445105,2.912233328219585,8.824200756676559,0.261744966442953,0.6223404255319149,0.4629080118694362,0.4102564102564102,0.8888888888888888,0.7692307692307693,0.5578635014836796,0.1068249258160237,2.216423099999999,0.657692314540059,4.780815037685461,30.810495934718094,-3.592375388130564,39.75525166172108,2271.379821958457,69,87.27910447761191,104.1,109.8,11.119402985074627,4,0.0579710144927536,26,0.3768115942028985,0.6448598130841121,0.8985507246376812,0.3175074183976261,0.5419847328244275,0.7746478873239436,0.3887240356083086,0.2285714285714285,0.1875,0.2077151335311572,0.0,0.0,0.086053412462908,0.6790123456790124,0.8181818181818182,0.2403560830860534,0.32,0.625,0.1483679525222551
25643,686452,Drew Millas,Drew Millas,2025,"FA,FC,FS,SI,CH,SL,CU,KC",152,0.3142857142857143,0.5142857142857142,0.1714285714285714,0.0,0.0,101,51,152,-2.613807553289474,4.242142407236843,9.149196434210529,0.2419354838709677,0.6444444444444445,0.4802631578947368,0.8,0.8793103448275862,0.863013698630137,0.5921052631578947,0.0657894736842105,-3.1736799,-2.087947302631579,7.08076179605263,27.822963157894737,-3.5448898421052637,32.70689111842106,2307.809210526316,38,83.94166666666666,100.8,106.2,4.138888888888889,1,0.0263157894736842,8,0.2105263157894736,0.7608695652173914,0.8857142857142857,0.3026315789473684,0.4647887323943662,0.8787878787878788,0.4671052631578947,0.1923076923076923,0.6,0.1710526315789473,0.0,0.0,0.0592105263157894,0.6136363636363636,0.925925925925926,0.2894736842105263,0.2222222222222222,0.6666666666666666,0.1776315789473684
27763,691011,Drew Romo,Drew Romo,2025,"FA,CH",5,0.0,0.0,0.0,0.0,0.0,3,2,5,-8.388648,4.1497824,10.035472,0.5,0.0,0.4,0.0,0.0,0.0,0.2,0.4,0.2711184,5.422368,6.921024,27.14352,-13.71996,26.91144,2360.6,0,0.0,,,0.0,0,0.0,0,0.0,0.0,0.0,0.0,0.5,0.0,0.8,0.0,0.0,0.2,0.0,0.0,0.0,0.0,0.0,0.2,0.6666666666666666,0.0,0.6
20505,671221,Drew Waters,Drew Waters,2025,"FA,FC,FS,SI,CH,SL,CU,KC",628,0.2564102564102564,0.4871794871794871,0.2564102564102564,0.0666666666666666,0.0333333333333333,428,200,628,-2.8991619043181527,3.667027957197452,8.413315093949043,0.3733333333333333,0.7560975609756098,0.5732484076433121,0.4464285714285714,0.8467741935483871,0.7222222222222222,0.5222929936305732,0.1592356687898089,2.327459499999999,0.3706145700636941,6.086159705684715,28.61564686305732,-4.047676515031845,40.44743160828027,2259.624203821656,119,86.89059829059828,103.5,110.2,7.9576271186440675,6,0.0504201680672268,40,0.3361344537815126,0.8449197860962567,0.879746835443038,0.2961783439490446,0.6434426229508197,0.6815286624203821,0.3869426751592357,0.271523178807947,0.3414634146341463,0.2404458598726114,0.0869565217391304,0.0,0.0732484076433121,0.7028985507246377,0.7525773195876289,0.2181528662420382,0.5660377358490566,0.5666666666666667,0.1687898089171974
25705,687957,Dustin Harris,Dustin Harris,2025,"FA,FC,FS,SI,CH,SL,CU,KC",172,0.2307692307692307,0.4230769230769231,0.3461538461538461,0.3333333333333333,0.1111111111111111,117,55,172,-2.716967872093024,3.36046524883721,8.894559843023256,0.3488372093023256,0.7093023255813954,0.5290697674418605,0.4,0.9344262295081968,0.7582417582417582,0.5,0.127906976744186,1.5445002000000008,0.89796523255814,5.5559900259302335,29.83005098837209,-3.72665224347093,38.63634313953487,2164.558139534884,26,86.6346153846154,102.6,106.4,15.23076923076923,1,0.0384615384615384,7,0.2692307692307692,0.8695652173913043,0.95,0.2674418604651162,0.5352112676056338,0.7631578947368421,0.4069767441860465,0.2857142857142857,0.2,0.2034883720930232,0.15,0.0,0.1162790697674418,0.5897435897435898,0.9130434782608696,0.2267441860465116,0.46875,0.5333333333333333,0.1802325581395348
31695,687637,Dylan Beavers,Dylan Beavers,2025,"FA,FC,FS,SI,CH,SL,CU,KC,EP",500,0.2982456140350877,0.2631578947368421,0.4385964912280701,0.12,0.12,290,210,500,-3.2518260052,4.2750499064600005,9.353297179999998,0.1984732824427481,0.5630252100840336,0.372,0.5384615384615384,0.8955223880597015,0.7956989247311828,0.476,0.076,-4.1982287,-0.8396457399999999,7.1375873132,27.331001160000003,-4.6741685758,37.18013410200001,2290.236,60,89.37758620689657,104.5,107.7,21.43103448275862,6,0.1,19,0.3166666666666666,0.6240601503759399,0.9397590361445785,0.266,0.4381443298969072,0.7647058823529411,0.388,0.1417322834645669,0.2777777777777778,0.252,0.0,0.0,0.092,0.4907407407407407,0.7924528301886793,0.216,0.3720930232558139,0.71875,0.172
20126,666185,Dylan Carlson,Dylan Carlson,2025,"FA,FC,FS,SI,CH,SL,CU,KC,EP",741,0.2389380530973451,0.3982300884955752,0.3628318584070796,0.1463414634146341,0.1219512195121951,450,291,741,-3.4755795779622143,5.290612886875845,9.241074869095817,0.1928783382789317,0.6336633663366337,0.4331983805668016,0.7230769230769231,0.83203125,0.8099688473520249,0.5452091767881242,0.0823211875843454,3.496947299999999,0.4719227125506072,8.89329898574899,25.289791309041835,-5.068077744669366,37.17828281916329,2251.4075573549258,115,88.7421052631579,103.3,108.0,14.37719298245614,9,0.0782608695652174,34,0.2956521739130435,0.7393364928909952,0.8397435897435898,0.2847503373819163,0.4629629629629629,0.82,0.437246963562753,0.0921052631578947,0.4285714285714285,0.2051282051282051,0.0185185185185185,0.0,0.0728744939271255,0.5748502994011976,0.8229166666666666,0.2253711201079622,0.3439490445859872,0.8148148148148148,0.2118758434547908
33541,686611,Dylan Crews,Dylan Crews,2025,"FA,FC,FO,FS,SI,CH,SL,CU,KC",877,0.1886792452830188,0.5094339622641509,0.3018867924528302,0.1458333333333333,0.1875,554,323,877,-2.921091109942988,4.062906647092361,8.445234192702396,0.2822966507177033,0.6579520697167756,0.4789053591790194,0.3389830508474576,0.8344370860927153,0.6952380952380952,0.5233751425313569,0.1459521094640821,4.559221000000001,0.5198655644241734,6.772191103990876,27.2597848004561,-4.088838013226909,35.54150294629419,2322.21322690992,160,89.37405063291142,107.6,110.3,6.767295597484277,18,0.1125,64,0.4,0.7254098360655737,0.8813559322033898,0.2770809578107183,0.4854881266490765,0.6739130434782609,0.4321550741163056,0.266304347826087,0.2448979591836734,0.209806157354618,0.1428571428571428,0.0,0.0798175598631698,0.5706521739130435,0.7619047619047619,0.209806157354618,0.4051282051282051,0.5569620253164557,0.2223489167616875
18042,664238,Dylan Moore,Dylan Moore,2025,"FA,FC,FS,SI,CH,SL,CU,KC",425,0.2328767123287671,0.3287671232876712,0.4383561643835616,0.3125,0.15625,288,137,425,-3.1268460284470594,4.444278344047059,8.831582637647056,0.2701149425287356,0.6812749003984063,0.5129411764705882,0.5106382978723404,0.8011695906432749,0.7385321100917431,0.5905882352941176,0.1341176470588235,1.0162470000000008,0.2391169411764707,7.430373726235291,26.44594611764706,-4.451624095764706,36.57556237647058,2304.985882352941,74,85.53783783783783,102.9,108.6,23.87837837837838,5,0.0675675675675675,25,0.3378378378378378,0.7724137931034483,0.8125,0.3388235294117647,0.4941860465116279,0.7176470588235294,0.4047058823529412,0.2592592592592592,0.4285714285714285,0.1905882352941176,0.0,0.0,0.0635294117647058,0.6477272727272727,0.7368421052631579,0.2070588235294117,0.3333333333333333,0.6785714285714286,0.1976470588235294
12155,592696,Eddie Rosario,Eddie Rosario,2025,"FA,FC,FS,CH,SL,CU",23,0.3333333333333333,0.3333333333333333,0.3333333333333333,0.0,0.0,17,6,23,-2.0443077391304345,3.891699582608695,7.546074782608696,0.4,0.8461538461538461,0.6521739130434783,0.5,0.6363636363636364,0.6,0.5652173913043478,0.2608695652173913,1.320754,5.742408695652173,6.474688260869565,28.11037391304348,-2.541450695652174,33.20903478260869,2337.695652173913,6,87.3,103.3,103.3,5.833333333333333,1,0.1666666666666666,4,0.6666666666666666,0.75,0.8333333333333334,0.3478260869565217,0.9,0.4444444444444444,0.4347826086956521,0.0,0.0,0.1304347826086956,0.0,0.0,0.0869565217391304,1.0,0.5,0.2608695652173913,0.75,0.3333333333333333,0.1739130434782608
28022,700337,Edgar Quero,Edgar Quero,2025,"FA,FC,FS,SI,CH,SL,CU,KC",1073,0.2433862433862433,0.4814814814814814,0.2751322751322751,0.1153846153846153,0.0769230769230769,675,398,1073,-3.779221974874184,5.057220381547066,9.222549658900274,0.2168421052631579,0.6722408026755853,0.4706430568499534,0.5922330097087378,0.8557213930348259,0.801980198019802,0.5573159366262814,0.0931966449207828,8.9076331,0.8301615191053121,8.48978166682199,25.08707623485555,-5.598456504324324,35.00832834296365,2314.7567567567567,190,90.26157894736842,102.0,107.8,6.7105263157894735,8,0.0421052631578947,87,0.4578947368421052,0.7659574468085106,0.8690476190476191,0.3066169617893756,0.4751619870410367,0.7772727272727272,0.4315004659832246,0.1556603773584905,0.4545454545454545,0.1975768872320596,0.0,0.0,0.0643056849953401,0.6171003717472119,0.8132530120481928,0.2506989748369059,0.2783505154639175,0.6666666666666666,0.1808014911463187
17022,624641,Edmundo Sosa,Edmundo Sosa,2025,"FA,FC,FS,SI,CH,SL,CU,KC,EP",524,0.2336448598130841,0.4859813084112149,0.2803738317757009,0.0666666666666666,0.1666666666666666,371,153,524,-2.8413909805343502,4.257909727671756,8.418197896946563,0.4137931034482758,0.7110266159695817,0.5629770992366412,0.6018518518518519,0.8556149732620321,0.7627118644067796,0.5019083969465649,0.1335877862595419,2.5189876000000027,0.4807228244274814,7.106941929961831,26.81388874045801,-3.948513814312976,36.65446866412213,2347.597328244274,113,87.50186915887853,104.7,110.6,6.906542056074766,7,0.0619469026548672,41,0.3628318584070796,0.7295081967213115,0.898876404494382,0.232824427480916,0.6487603305785123,0.7452229299363057,0.4618320610687023,0.3805309734513274,0.6046511627906976,0.215648854961832,0.1276595744680851,0.3333333333333333,0.0896946564885496,0.6666666666666666,0.782608695652174,0.2633587786259542,0.625,0.6923076923076923,0.1984732824427481
27534,666397,Edouard Julien,Edouard Julien,2025,"FA,FC,FS,SI,CH,SL,CU,KC",683,0.3125,0.4895833333333333,0.1979166666666666,0.0,0.1052631578947368,410,273,683,-3.623337040248903,3.662797221522695,8.900528499267935,0.2100591715976331,0.6115942028985507,0.4128843338213763,0.4507042253521127,0.8530805687203792,0.75177304964539,0.5051244509516838,0.1024890190336749,6.082830500000001,0.8906047584187411,6.079615794480234,29.26097071742313,-5.326251126258608,36.43755752562226,2201.8433382137628,97,88.79583333333333,105.1,110.1,6.65625,12,0.1237113402061855,43,0.4432989690721649,0.7052631578947368,0.9253731343283582,0.2781844802342606,0.4444444444444444,0.6328125,0.4216691068814056,0.1194968553459119,0.3684210526315789,0.232796486090776,0.0217391304347826,0.0,0.0673499267935578,0.5436241610738255,0.7037037037037037,0.2181551976573938,0.3381294964028777,0.5106382978723404,0.2035139092240117
19346,642201,Eli White,Eli White,2025,"FA,FC,FS,SI,CH,SL,CU,KC,EP",653,0.2735042735042735,0.4615384615384615,0.2649572649572649,0.064516129032258,0.1612903225806451,449,204,653,-3.07695204272588,3.7821868922970903,8.285952228177646,0.2666666666666666,0.7038043478260869,0.5130168453292496,0.4078947368421052,0.8725868725868726,0.7671641791044777,0.5635528330781011,0.119448698315467,3.0378156,0.4652091271056662,6.2853128655245,28.02221912710567,-4.360937248698318,32.93454382848392,2346.784073506891,123,87.62666666666662,104.5,108.5,8.0,9,0.073170731707317,48,0.3902439024390244,0.7688172043010753,0.8951048951048951,0.2848392036753445,0.543046357615894,0.7621951219512195,0.4624808575803981,0.1951219512195122,0.125,0.1883614088820827,0.0952380952380952,0.25,0.0643185298621745,0.6227544910179641,0.7884615384615384,0.2557427258805513,0.4444444444444444,0.7166666666666667,0.2067381316998468
11680,553869,Elias Díaz,Elias Diaz,2025,"FA,FC,FS,SI,CH,SL,CU,KC,EP",731,0.2333333333333333,0.35,0.4166666666666667,0.28,0.12,472,259,731,-2.1497116038303696,4.184583426648427,8.271166268125855,0.2761627906976744,0.6847545219638242,0.4924760601915184,0.3263157894736842,0.7584905660377359,0.6444444444444445,0.5294117647058824,0.1751025991792065,8.972933999999997,1.227487551299589,6.983170529138165,27.89282946648428,-2.7370865235294106,36.39243973187416,2338.59097127223,123,89.7873949579832,106.0,111.4,18.235294117647054,11,0.089430894308943,53,0.4308943089430894,0.7525773195876289,0.8698630136986302,0.2640218878248974,0.5786163522012578,0.5489130434782609,0.4350205198358413,0.1372549019607843,0.1904761904761904,0.2093023255813953,0.1363636363636363,0.0,0.0902872777017783,0.6440677966101694,0.6052631578947368,0.2421340629274966,0.4964539007092198,0.4571428571428571,0.1928864569083447
26668,682829,Elly De La Cruz,Elly De La Cruz,2025,"FA,FC,FS,SI,CH,SL,CU,KC,EP",1890,0.2419354838709677,0.5096774193548387,0.2483870967741935,0.2207792207792207,0.2207792207792207,1161,729,1890,-3.059095914333332,3.616179999634921,8.412788051851857,0.2707240293809024,0.6189967982924226,0.4433862433862434,0.4651162790697674,0.8137931034482758,0.7064439140811456,0.4957671957671957,0.1301587301587301,-14.541482499999985,-0.7693906084656077,5.997956846520109,28.861060989417982,-4.336473706052909,37.45167125502645,2230.49417989418,311,91.97225806451614,107.8,117.4,7.716129032258064,36,0.1157556270096463,148,0.4758842443729904,0.6923076923076923,0.8567251461988304,0.2613756613756614,0.5012820512820513,0.6751918158567775,0.4126984126984127,0.2222222222222222,0.34,0.238095238095238,0.0301204819277108,0.2,0.0878306878306878,0.5644768856447688,0.7413793103448276,0.2174603174603174,0.4308943089430894,0.5786163522012578,0.1952380952380952
19890,656896,Emmanuel Rivera,Emmanuel Rivera,2025,"FA,FC,FS,SI,CH,SL,CU,KC",330,0.2285714285714285,0.4857142857142857,0.2857142857142857,0.15,0.0,222,108,330,-2.9725249212121216,5.051011677878787,8.841650327272728,0.3566878980891719,0.6936416184971098,0.5333333333333333,0.5,0.825,0.7215909090909091,0.5242424242424243,0.1484848484848485,6.5747727000000005,1.992355363636364,8.479618345151515,25.012743666666665,-4.176939542424242,36.81820780909089,2350.2090909090907,70,85.98285714285716,99.9,109.1,8.928571428571429,1,0.0142857142857142,21,0.3,0.8023255813953488,0.855072463768116,0.2545454545454545,0.5490196078431373,0.6547619047619048,0.4636363636363636,0.3188405797101449,0.5909090909090909,0.209090909090909,0.0454545454545454,0.0,0.0666666666666666,0.6142857142857143,0.7906976744186046,0.2121212121212121,0.4939759036144578,0.5121951219512195,0.2515151515151515
25332,682848,Endy Rodríguez,Endy Rodriguez,2025,"FA,FC,FS,SI,CH,SL,CU",164,0.1935483870967742,0.3870967741935484,0.4193548387096774,0.2307692307692307,0.0,106,58,164,-2.9925267146341463,4.568960812804879,8.897026530487807,0.1666666666666666,0.6153846153846154,0.4512195121951219,0.5,0.859375,0.8108108108108109,0.6341463414634146,0.0853658536585365,3.7942933,2.313593475609756,7.645961028658536,26.68699036585366,-4.212182018292683,37.258190182926825,2341.701219512195,32,92.03333333333332,102.8,106.2,15.03225806451613,1,0.03125,13,0.40625,0.7543859649122807,0.8837209302325582,0.3475609756097561,0.3571428571428571,0.8,0.4268292682926829,0.1724137931034483,0.4,0.1768292682926829,0.125,0.0,0.048780487804878,0.475,0.7894736842105263,0.2439024390243902,0.2,0.8333333333333334,0.1829268292682926
21716,665839,Enmanuel Valdez,Enmanuel Valdez,2025,"FA,FC,FS,SI,CH,SL,CU,KC",357,0.2686567164179104,0.3283582089552239,0.4029850746268656,0.2962962962962963,0.074074074074074,237,120,357,-2.5684667134453782,3.469972469103642,8.581231291316525,0.2699386503067484,0.5670103092783505,0.4313725490196078,0.6363636363636364,0.9,0.8246753246753247,0.5434173669467787,0.0756302521008403,1.3007329999999997,0.3643509803921568,5.749929092436975,28.704130980392154,-3.4757070565826327,36.11822402521008,2287.84593837535,67,90.02089552238806,104.6,108.5,16.52238805970149,6,0.0895522388059701,28,0.417910447761194,0.5865384615384616,0.9344262295081968,0.2913165266106443,0.5099337748344371,0.8051948051948052,0.42296918767507,0.2162162162162162,0.5,0.2072829131652661,0.0,0.0,0.0784313725490196,0.5494505494505495,0.84,0.2549019607843137,0.45,0.7407407407407407,0.1680672268907563
10472,571771,Enrique Hernández,Enrique Hernandez,2025,"FA,FC,FS,SI,CH,SL,CU,KC,EP",617,0.2580645161290322,0.3763440860215054,0.3655913978494624,0.2058823529411764,0.1176470588235294,406,211,617,-1.6075291353322527,3.165864718946515,7.70708221393841,0.3202614379084967,0.6945337620578779,0.5089141004862237,0.4591836734693877,0.8518518518518519,0.7292993630573248,0.5040518638573744,0.1377633711507293,6.4385267000000015,1.043521345218801,5.219257895623987,30.22653329011345,-1.7728713380875205,38.67272316045381,2332.108589951378,96,89.30425531914894,104.7,111.0,14.095744680851064,5,0.0520833333333333,32,0.3333333333333333,0.7581699346405228,0.853448275862069,0.2479740680713128,0.5563636363636364,0.7516339869281046,0.4440842787682333,0.2985074626865671,0.35,0.2171799027552674,0.0909090909090909,0.2,0.0891410048622366,0.6225165562913907,0.851063829787234,0.2431118314424635,0.4758064516129032,0.5932203389830508,0.2009724473257698
14111,606992,Eric Haase,Eric Haase,2025,"FA,FC,FS,SI,CH,SL,CU,KN,EP",222,0.2083333333333333,0.4166666666666667,0.375,0.2222222222222222,0.1111111111111111,151,71,222,-1.8896541436936936,4.443926917567568,8.457534454954954,0.3469387755102041,0.5887096774193549,0.481981981981982,0.5294117647058824,0.684931506849315,0.6355140186915887,0.5585585585585585,0.1756756756756756,-0.4219023999999992,-0.1900461261261258,7.429782402252253,29.5776672972973,-2.273524171171171,36.24701594594595,2348.7027027027025,25,82.96249999999999,105.3,108.8,5.0,3,0.12,7,0.28,0.6515151515151515,0.7209302325581395,0.2972972972972973,0.5393258426966292,0.5833333333333334,0.4009009009009009,0.2916666666666667,0.5714285714285714,0.2162162162162162,0.1052631578947368,0.5,0.0855855855855855,0.5918367346938775,0.5517241379310345,0.2207207207207207,0.475,0.631578947368421,0.1801801801801801
23395,676572,Eric Wagaman,Eric Wagaman,2025,"FA,FC,FO,FS,SI,CH,SL,CU,KC",1271,0.2468619246861924,0.4351464435146444,0.3179916317991632,0.2236842105263158,0.0526315789473684,832,439,1271,-2.5007213911487023,4.338708584107001,8.272388213217933,0.2804674457429048,0.6294642857142857,0.4649881982690794,0.5595238095238095,0.8723404255319149,0.7834179357021996,0.5287175452399685,0.1007081038552321,11.786503000000002,0.9273409126671912,7.248228713627064,27.120532234461063,-3.347030809284026,38.31533004720692,2326.936270653029,243,90.82809917355372,107.5,113.5,10.838842975206612,15,0.0617283950617283,111,0.4567901234567901,0.711864406779661,0.9007936507936508,0.2785208497246262,0.5095057034220533,0.7611940298507462,0.4130605822187254,0.2313167259786477,0.4923076923076923,0.2210857592446892,0.0545454545454545,0.0,0.08654602675059,0.5894736842105263,0.8035714285714286,0.2242328874901652,0.4149377593360996,0.69,0.1888276947285602
20352,676391,Ernie Clement,Ernie Clement,2025,"FA,FC,FS,SI,CH,SL,CU,KN,KC,EP",1286,0.274390243902439,0.3567073170731707,0.3689024390243902,0.2644628099173554,0.024793388429752,870,416,1286,-1.9968834269906688,3.891119109642304,8.126697886469675,0.3553054662379421,0.6852409638554217,0.5256609642301711,0.6832579185520362,0.9362637362637364,0.8535502958579881,0.5163297045101088,0.0769828926905132,16.306141099999998,1.2679736469673404,6.474541216755834,28.92161753499221,-2.465731481804045,37.0737767496112,2330.842923794712,336,86.18601823708208,100.2,106.9,16.903030303030302,5,0.0148809523809523,82,0.244047619047619,0.7450980392156863,0.962406015037594,0.2768273716951788,0.5806451612903226,0.8398692810457516,0.4097978227060653,0.3297491039426523,0.6739130434782609,0.2146189735614307,0.0975609756097561,0.1666666666666666,0.0948678071539657,0.6531365313653137,0.9152542372881356,0.2107309486780715,0.50390625,0.7364341085271318,0.1990668740279937
21780,665923,Esteury Ruiz,Esteury Ruiz,2025,"FA,SI,CH,SL",22,0.0,0.6666666666666666,0.3333333333333333,0.0,0.0,14,8,22,-2.148021363636364,2.3990287681818185,8.982311363636363,0.2,0.5833333333333334,0.4090909090909091,0.5,0.5714285714285714,0.5555555555555556,0.5454545454545454,0.1818181818181818,-0.0432879999999998,-0.1967636363636358,3.893282545454545,32.62931818181818,-2.7241963636363624,33.37659545454546,2340.090909090909,3,76.36666666666666,93.2,93.2,4.0,0,0.0,0,0.0,0.5555555555555556,0.6,0.4090909090909091,0.75,0.6666666666666666,0.1818181818181818,0.1666666666666666,0.0,0.2727272727272727,0.0,0.0,0.1363636363636363,0.5,1.0,0.0909090909090909,1.0,0.5,0.0909090909090909
12552,553993,Eugenio Suárez,Eugenio Suarez,2025,"FA,FC,FO,FS,SI,CH,SL,CU,KC,EP",1844,0.2096219931271477,0.3161512027491409,0.4742268041237113,0.1956521739130435,0.2608695652173913,1210,634,1844,-2.4886271570498906,3.973797793855748,8.228029754880692,0.3129943502824859,0.6976016684045881,0.5130151843817787,0.3826714801444043,0.8340807174887892,0.7019027484143763,0.5200650759219089,0.1529284164859002,-16.10700689999999,-0.8734819360086764,6.616596364425163,27.61699942516268,-3.3336585084002177,37.13135023047722,2338.4674620390456,295,89.7329931972789,106.0,113.8,21.632653061224488,41,0.1389830508474576,138,0.4677966101694915,0.7639751552795031,0.8888888888888888,0.2619305856832972,0.5703703703703704,0.6774891774891775,0.4387201735357917,0.2519480519480519,0.2371134020618556,0.2087852494577006,0.108433734939759,0.0,0.0894793926247288,0.6412556053811659,0.7552447552447552,0.2418655097613883,0.4835164835164835,0.5511363636363636,0.1968546637744034
27790,694497,Evan Carter,Evan Carter,2025,"FA,FC,FS,SI,CH,SL,CU,KN,KC,EP",719,0.291044776119403,0.3507462686567164,0.3582089552238806,0.2708333333333333,0.1041666666666666,451,268,719,-3.427354106954104,3.679961227677332,9.055478396383869,0.2361963190184049,0.6412213740458015,0.4575799721835883,0.4415584415584415,0.8571428571428571,0.7598784194528876,0.5465924895688457,0.1098748261474269,-4.170614999999999,-0.5800577190542419,6.115805120389427,29.431938511821983,-5.029603471766342,36.479373855910985,2097.702364394993,135,88.03582089552235,103.1,111.1,15.298507462686567,9,0.0666666666666666,52,0.3851851851851852,0.7391304347826086,0.9019607843137256,0.2878998609179415,0.4736842105263157,0.6797385620915033,0.4478442280945758,0.1517241379310344,0.3636363636363636,0.2016689847009735,0.0227272727272727,0.0,0.0611961057023643,0.6162790697674418,0.7452830188679245,0.2392211404728789,0.3112582781456953,0.5319148936170213,0.2086230876216968
23695,677592,Everson Pereira,Everson Pereira,2025,"FA,FC,FS,SI,CH,SL,CU",149,0.2,0.35,0.45,0.2222222222222222,0.0,87,62,149,-1.8274552939597315,3.922296033557048,8.230435,0.2236842105263158,0.6986301369863014,0.4563758389261745,0.1764705882352941,0.8235294117647058,0.6617647058823529,0.4899328859060403,0.1543624161073825,4.672735899999999,3.136064362416107,6.527618429530201,27.68159966442953,-2.1593598859060403,39.858786577181206,2340.4563758389263,21,87.96190476190475,101.4,110.4,18.23809523809524,0,0.0,7,0.3333333333333333,0.7297297297297297,0.7777777777777778,0.2483221476510067,0.532258064516129,0.6666666666666666,0.4161073825503356,0.1794871794871795,0.2857142857142857,0.261744966442953,0.0909090909090909,0.0,0.0738255033557047,0.7419354838709677,0.8260869565217391,0.2080536912751678,0.3225806451612903,0.3,0.2080536912751678
23733,677649,Ezequiel Duran,Ezequiel Duran,2025,"FA,FC,FS,SI,CH,SL,CU,KN,KC,EP",470,0.247191011235955,0.3258426966292135,0.4269662921348314,0.4736842105263157,0.0,320,150,470,-1.3407326763829783,3.951469792553192,7.89684765531915,0.3478260869565217,0.7125,0.5340425531914894,0.6125,0.8713450292397661,0.7888446215139442,0.5106382978723404,0.1127659574468085,7.297823399999999,1.5527283829787233,6.579644131361702,29.766446893617037,-1.3093623012765956,39.11709165957447,2350.9063829787237,90,81.8793103448276,101.0,106.9,19.7816091954023,1,0.0111111111111111,24,0.2666666666666666,0.762962962962963,0.912621359223301,0.2872340425531915,0.5966850828729282,0.7685185185185185,0.3851063829787234,0.3584905660377358,0.5526315789473685,0.2234042553191489,0.0416666666666666,0.0,0.102127659574468,0.65625,0.8412698412698413,0.2042553191489361,0.5294117647058824,0.6666666666666666,0.1808510638297872
24064,678662,Ezequiel Tovar,Ezequiel Tovar,2025,"FA,FC,FO,FS,SI,CH,SL,CU,KC",1106,0.3091787439613526,0.3478260869565217,0.3429951690821256,0.1690140845070422,0.0985915492957746,769,337,1106,-1.7661950662658228,3.920572187206148,7.426128801989152,0.4070796460176991,0.8207024029574861,0.6094032549728752,0.5043478260869565,0.8130630630630631,0.7077151335311572,0.4891500904159132,0.1781193490054249,5.8066076,0.5250097287522604,6.526323098998193,27.659924050632902,-2.055785633824593,38.495309569620254,2375.3110307414104,215,89.45480769230767,105.1,112.5,17.10576923076923,18,0.0837209302325581,85,0.3953488372093023,0.8206896551724138,0.8613445378151261,0.2622061482820976,0.7478070175438597,0.6979472140762464,0.4113924050632911,0.3574468085106383,0.3809523809523809,0.2115732368896926,0.088,0.1818181818181818,0.1130198915009041,0.8162393162393162,0.774869109947644,0.2106690777576853,0.6756756756756757,0.6,0.2007233273056058
19709,665487,Fernando Tatis Jr.,Fernando Tatis Jr.,2025,"FA,FC,FS,SI,CH,SL,CU,KC",1925,0.2082111436950146,0.5073313782991202,0.2844574780058651,0.1958762886597938,0.2061855670103092,1157,768,1925,-3.2291063480623348,3.8612903262857134,8.640138618701302,0.2326064382139148,0.6746361746361746,0.4535064935064935,0.4776785714285714,0.8382126348228043,0.7457044673539519,0.4997402597402597,0.1153246753246753,-27.3627935,-1.421443818181818,6.422383590231691,27.603172353246755,-4.6303042301922055,36.3292115096104,2308.3605194805195,348,93.50962099125364,108.7,113.4,8.005830903790088,38,0.1091954022988505,182,0.5229885057471264,0.806,0.8238213399503722,0.2592207792207792,0.474390243902439,0.7686375321336761,0.4259740259740259,0.1666666666666666,0.2857142857142857,0.2176623376623376,0.0594594594594594,0.0,0.0955844155844155,0.5472636815920398,0.8454545454545455,0.2088311688311688,0.4043062200956938,0.6686390532544378,0.2171428571428571
26121,682626,Francisco Alvarez,Francisco Alvarez,2025,"FA,FC,FS,SI,CH,SL,CU,KC,EP",845,0.2170542635658914,0.4883720930232558,0.2945736434108527,0.1842105263157894,0.2105263157894736,528,317,845,-1.5244745528994084,3.784132532426036,8.24214340473373,0.3057471264367816,0.6414634146341464,0.4686390532544379,0.4586466165413533,0.7870722433460076,0.6767676767676768,0.4852071005917159,0.1514792899408284,-1.2033413999999985,-0.1424072662721891,6.291101179597633,28.183370082840234,-1.6307283815384614,35.755903159763314,2386.3278106508874,131,93.08396946564886,106.8,115.0,11.19083969465649,12,0.0916030534351145,71,0.5419847328244275,0.7168141592920354,0.7962962962962963,0.2674556213017751,0.5086206896551724,0.6892655367231638,0.4118343195266272,0.2397959183673469,0.3191489361702128,0.2319526627218935,0.1333333333333333,0.2,0.0887573964497041,0.5898876404494382,0.7142857142857143,0.2106508875739645,0.4235294117647059,0.6527777777777778,0.2011834319526627
12916,596019,Francisco Lindor,Francisco Lindor,2025,"FA,FC,FS,SI,CH,SL,CU,KC",2046,0.2622478386167147,0.3861671469740634,0.3515850144092219,0.1639344262295081,0.1967213114754098,1300,746,2046,-3.143112442556207,4.316838023265398,8.992006655425216,0.2664543524416136,0.6422101449275363,0.469208211143695,0.5936254980079682,0.8674188998589563,0.7958333333333333,0.5395894428152492,0.0957966764418377,-22.51871139999999,-1.1006212805474092,7.209908176930596,27.06461120234605,-4.4775139296187705,37.22015783479964,2285.75366568915,348,91.86880466472306,104.6,112.9,14.793002915451895,35,0.1005747126436781,171,0.4913793103448275,0.6901639344262295,0.8836104513064132,0.2976539589442815,0.5224913494809689,0.7770419426048565,0.4227761485826002,0.1926829268292683,0.4936708860759494,0.199902248289345,0.0440251572327044,0.1428571428571428,0.0777126099706744,0.6295503211991434,0.8231292517006803,0.2282502443792766,0.3975,0.6918238993710691,0.1945259042033235
5361,518692,Freddie Freeman,Freddie Freeman,2025,"FA,FC,FO,FS,SI,CH,SL,CU,KC",1735,0.2738853503184713,0.4012738853503185,0.3248407643312102,0.1274509803921568,0.1568627450980392,1080,655,1735,-2.910354448282421,3.782818644207493,8.161172107723347,0.2852311161217587,0.7476415094339622,0.5112391930835735,0.5731225296442688,0.8201892744479495,0.7497181510710259,0.4887608069164265,0.1279538904899135,-19.813244499999996,-1.1419737463976942,6.284770328876079,27.776395752161385,-4.074000563291586,37.76541093371758,2271.4184438040347,316,91.3831746031746,104.7,114.1,14.431746031746032,31,0.0981012658227848,146,0.4620253164556962,0.8208616780045351,0.8480662983425414,0.2536023054755043,0.5856573705179283,0.7414965986394558,0.4334293948126801,0.198992443324937,0.3924050632911392,0.2288184438040345,0.0347222222222222,0.0,0.0824207492795389,0.6938775510204082,0.7647058823529411,0.2253602305475504,0.4681440443213296,0.7041420118343196,0.2080691642651297
21840,666023,Freddy Fermin,Freddy Fermin,2025,"FA,FC,FS,SI,CH,SL,CU,KC",960,0.1885714285714285,0.4742857142857143,0.3371428571428571,0.288135593220339,0.0508474576271186,651,309,960,-2.0249084963541666,4.203190830239582,8.280189184375,0.2692307692307692,0.7205882352941176,0.525,0.5446428571428571,0.875,0.8015873015873016,0.5666666666666667,0.1041666666666666,3.259769500000001,0.3395593229166667,7.013397918270832,27.3278379375,-2.507268741458333,38.87308901531248,2345.771875,182,89.66453488372093,102.5,108.3,14.313953488372093,9,0.0494505494505494,68,0.3736263736263736,0.7905405405405406,0.9145299145299144,0.3083333333333333,0.5528846153846154,0.7695652173913043,0.4322916666666667,0.2011173184357542,0.3611111111111111,0.1864583333333333,0.0579710144927536,0.0,0.071875,0.6267281105990783,0.8161764705882353,0.225,0.4723618090452261,0.7021276595744681,0.2072916666666666
22563,672356,Gabriel Arias,Gabriel Arias,2025,"FA,FC,FS,SI,CH,SL,CU,KC",1249,0.2284263959390862,0.4923857868020304,0.2791878172588832,0.1818181818181818,0.1272727272727272,831,418,1249,-2.003440105124099,3.798923949935948,8.16041817534027,0.3711507293354943,0.7420886075949367,0.5588470776621297,0.4759825327510917,0.7313432835820896,0.6475644699140402,0.5060048038430744,0.1969575660528423,12.7139633,1.017931409127302,6.315383755324259,28.42643660528424,-2.4807297488230584,35.00535789271417,2362.75420336269,198,90.515306122449,108.1,112.8,7.061224489795919,24,0.1212121212121212,86,0.4343434343434343,0.8181818181818182,0.7701149425287356,0.2538030424339471,0.615678776290631,0.6211180124223602,0.4187349879903923,0.3354430379746835,0.4433962264150943,0.2530024019215372,0.0989010989010989,0.4444444444444444,0.0728582866293034,0.6526315789473685,0.7096774193548387,0.2281825460368294,0.5714285714285714,0.5,0.1905524419535628
22664,672515,Gabriel Moreno,Gabriel Moreno,2025,"FA,FC,FS,SI,CH,SL,CU,KC",991,0.3053892215568862,0.3712574850299401,0.3233532934131736,0.1666666666666666,0.1481481481481481,628,363,991,-2.6099979863471234,4.389295236488395,8.68086220383451,0.2403628117913832,0.5963636363636363,0.437941473259334,0.660377358490566,0.8932926829268293,0.836405529953917,0.5549949545913219,0.0716448032290615,-5.250233899999994,-0.5297915136226028,7.335247038244197,26.43291914228053,-3.538178418869829,38.41459812310797,2340.8446014127144,168,89.78802395209581,104.3,110.3,14.239520958083832,12,0.0714285714285714,70,0.4166666666666667,0.6306620209059234,0.9060773480662984,0.2885973763874874,0.4849884526558891,0.8285714285714286,0.4369323915237134,0.2039800995024875,0.6097560975609756,0.2028254288597376,0.0285714285714285,0.0,0.0706357214934409,0.591304347826087,0.875,0.2320887991927346,0.3645320197044335,0.7432432432432432,0.2048435923309788
27573,669398,Gage Workman,Gage Workman,2025,"FA,FC,FS,SI,CH,SL,CU,EP",50,0.125,0.625,0.25,0.0,0.0,37,13,50,-0.4979619399999997,3.48695465,7.4249306,0.4545454545454545,0.6785714285714286,0.58,0.1,0.5789473684210527,0.4137931034482758,0.56,0.34,1.0777774999999998,2.155555,5.76982885,34.8767742,0.14198916,36.351402,2349.2,8,88.5,105.6,105.6,15.0,1,0.125,2,0.25,0.8666666666666667,0.7692307692307693,0.3,0.5454545454545454,0.1666666666666666,0.44,0.4444444444444444,0.0,0.18,0.0,0.0,0.08,0.6,0.1666666666666666,0.2,0.5,0.1666666666666666,0.24
19262,641658,Garrett Hampson,Garrett Hampson,2025,"FA,FC,FS,SI,CH,SL,CU,KC,EP",226,0.2307692307692307,0.3461538461538461,0.4230769230769231,0.4545454545454545,0.0,140,86,226,-1.5189556159292037,4.655922080088496,8.057818256637168,0.2342342342342342,0.5130434782608696,0.3761061946902654,0.6153846153846154,0.847457627118644,0.7764705882352941,0.5088495575221239,0.084070796460177,4.4860407,1.9849737610619471,7.792152394690264,27.854118362831866,-1.6291905796460178,38.35670137168141,2362.41592920354,27,83.17692307692309,96.3,99.2,20.807692307692307,1,0.037037037037037,4,0.1481481481481481,0.5849056603773585,0.8709677419354839,0.2345132743362832,0.3898305084745763,0.717391304347826,0.5221238938053098,0.2,0.75,0.1769911504424778,0.0,0.0,0.0663716814159292,0.4571428571428571,0.8125,0.3097345132743362,0.2916666666666667,0.5,0.2123893805309734
27555,669003,Garrett Mitchell,Garrett Mitchell,2025,"FA,FC,FS,SI,CH,SL,CU,KC,EP",209,0.3214285714285714,0.4285714285714285,0.25,0.0,0.0,128,81,209,-3.507618719138756,4.088527186602871,7.951145071770335,0.202020202020202,0.6272727272727273,0.4258373205741627,0.35,0.7971014492753623,0.6966292134831461,0.5263157894736842,0.1291866028708134,1.784447,0.8538023923444977,6.815099368421053,27.594519090909085,-5.119760755980861,37.64186985645933,2108.9186602870814,28,95.28571428571428,109.2,110.8,12.071428571428571,3,0.1071428571428571,16,0.5714285714285714,0.7457627118644068,0.8409090909090909,0.2822966507177033,0.4395604395604395,0.625,0.4354066985645933,0.1162790697674418,0.0,0.2057416267942583,0.0,0.0,0.0765550239234449,0.4634146341463415,0.7894736842105263,0.1961722488038277,0.42,0.4761904761904761,0.2392344497607655
11442,596142,Gary Sánchez,Gary Sanchez,2025,"FA,FC,FS,SI,CH,SL,CU,EP",238,0.1666666666666666,0.4444444444444444,0.3888888888888889,0.2142857142857142,0.2857142857142857,150,88,238,-3.075759571420168,4.323091052941176,8.095349470588234,0.1869158878504672,0.5648854961832062,0.3949579831932773,0.55,0.8513513513513513,0.7872340425531915,0.5504201680672269,0.0840336134453781,-2.0917452000000014,-0.8788845378151268,7.220752810084034,27.63507995798319,-4.358833525210085,37.36610092436975,2308.2100840336134,36,93.77777777777776,105.0,111.7,16.88888888888889,4,0.1111111111111111,22,0.6111111111111112,0.6338028169014085,0.8444444444444444,0.2983193277310924,0.4242424242424242,0.8571428571428571,0.4159663865546218,0.1111111111111111,0.0,0.1890756302521008,0.0869565217391304,0.0,0.0966386554621848,0.5471698113207547,0.8620689655172413,0.2226890756302521,0.2826086956521739,0.8461538461538461,0.1932773109243697
19955,666158,Gavin Lux,Gavin Lux,2025,"FA,FC,FS,SI,CH,SL,CU,KC,EP",1792,0.2745762711864407,0.4576271186440678,0.2677966101694915,0.1012658227848101,0.0632911392405063,1084,708,1792,-2.630554001802456,3.707904936964285,8.261602814955358,0.209090909090909,0.6370614035087719,0.4268973214285714,0.5706521739130435,0.9018932874354562,0.8222222222222222,0.5089285714285714,0.0758928571428571,-9.406427099999998,-0.5249122265624999,6.157253425558034,28.58402066964286,-3.5871380879854917,37.98226165178572,2274.691964285714,299,88.32229729729733,101.2,106.4,9.945945945945946,11,0.0367892976588628,110,0.3678929765886287,0.7137254901960784,0.9285714285714286,0.2845982142857143,0.4774281805745554,0.7765042979942693,0.4068080357142857,0.1220095693779904,0.392156862745098,0.2332589285714285,0.0075187969924812,0.0,0.07421875,0.583547557840617,0.8590308370044053,0.2170758928571428,0.3567251461988304,0.6229508196721312,0.1897321428571428
19901,657757,Gavin Sheets,Gavin Sheets,2025,"FA,FC,FS,SI,CH,SL,CU,KC",1689,0.2883211678832116,0.3503649635036496,0.3613138686131387,0.2626262626262626,0.1717171717171717,1062,627,1689,-2.8684981957904085,3.4275194159265823,8.598676279455304,0.2991071428571428,0.6015132408575031,0.4410894020130254,0.6380597014925373,0.8679245283018868,0.785234899328859,0.4695085849615157,0.0947306098283007,-3.758723499999997,-0.222541355831853,5.665293165103611,29.42030942569568,-3.990697632255772,36.65386528774424,2254.726465364121,275,91.2533088235294,106.1,111.8,16.30514705882353,33,0.12,136,0.4945454545454545,0.626984126984127,0.8945147679324894,0.2226169330965068,0.5373333333333333,0.7890818858560794,0.443457667258733,0.2376237623762376,0.5520833333333334,0.2386027235050325,0.0573248407643312,0.2222222222222222,0.0929544108940201,0.5725593667546174,0.847926267281106,0.2243931320307874,0.5013477088948787,0.7204301075268817,0.2190645352279455
12856,543807,George Springer,George Springer,2025,"FA,FC,FS,SI,CH,SL,CU,KC,EP",1722,0.2542372881355932,0.3796610169491525,0.3661016949152542,0.2407407407407407,0.2222222222222222,1044,678,1722,-3.017091802961672,4.081832098989548,8.510544814750292,0.1945477075588599,0.6994535519125683,0.4628339140534262,0.4522292993630573,0.84375,0.766624843161857,0.5313588850174216,0.1080139372822299,-38.041907,-2.209169976771196,6.803070631214113,27.805563327526137,-4.257953254721254,37.25949791986061,2298.624854819977,302,90.60740740740744,108.0,114.0,16.72053872053872,51,0.1688741721854304,149,0.4933774834437086,0.8004115226337448,0.8817480719794345,0.2816492450638792,0.4756756756756757,0.7017045454545454,0.429732868757259,0.1388101983002833,0.4285714285714285,0.2049941927990708,0.0489510489510489,0.0,0.0830429732868757,0.6036269430051814,0.7510729613733905,0.2241579558652729,0.3361581920903955,0.6050420168067226,0.205574912891986
22541,671655,George Valera,George Valera,2025,"FA,FC,FS,SI,CH,SL,CU,KC",186,0.217391304347826,0.4347826086956521,0.3478260869565217,0.25,0.25,105,81,186,-2.602250623655914,4.334248916666667,8.377686198924732,0.2,0.59375,0.4032258064516129,0.2222222222222222,0.8596491228070176,0.7066666666666667,0.5161290322580645,0.1182795698924731,-2.0845025,-1.1207002688172043,7.240048890322581,27.02363655913979,-3.5245274693548385,38.56961784946237,2222.844086021505,23,94.85217391304349,107.7,111.1,6.913043478260869,1,0.0434782608695652,12,0.5217391304347826,0.6666666666666666,0.8571428571428571,0.2258064516129032,0.4651162790697674,0.675,0.4623655913978494,0.1590909090909091,0.2857142857142857,0.2365591397849462,0.0,0.0,0.075268817204301,0.5510204081632653,0.7407407407407407,0.2634408602150537,0.3513513513513513,0.5384615384615384,0.1989247311827957
22799,672695,Geraldo Perdomo,Geraldo Perdomo,2025,"FA,FC,FO,FS,SI,CH,SL,CU,KC,EP",2134,0.2550143266475644,0.3553008595988539,0.3896848137535816,0.213235294117647,0.1029411764705882,1285,849,2134,-2.873489465501406,4.276770055932521,8.562262863167758,0.1905263157894736,0.5405405405405406,0.3847235238987816,0.7071823204419889,0.9171875,0.8708891595615104,0.5548266166822868,0.049671977507029,-19.461377099999996,-0.9119670618556696,7.141182033055296,26.91756049671979,-4.005414318116211,38.03875620946582,2295.2061855670104,357,87.36000000000003,101.8,108.2,17.091428571428573,26,0.072829131652661,116,0.3249299719887955,0.6276923076923077,0.931372549019608,0.3041237113402061,0.3882743362831858,0.8461538461538461,0.4236176194939081,0.136986301369863,0.6166666666666667,0.2052483598875351,0.0140845070422535,0.5,0.0665417057169634,0.4678714859437751,0.8884120171673819,0.2333645735707591,0.2906403940886699,0.7627118644067796,0.190253045923149
4949,519317,Giancarlo Stanton,Giancarlo Stanton,2025,"FA,FC,FS,SI,CH,SL,CU,KC",879,0.2882882882882883,0.3243243243243243,0.3873873873873873,0.3255813953488372,0.4418604651162791,542,337,879,-2.590777856769056,4.4484897037315125,8.357633106939701,0.2552693208430913,0.5730088495575221,0.4186575654152445,0.4770642201834862,0.7258687258687259,0.6521739130434783,0.5142207053469852,0.1456200227531285,-13.147007899999991,-1.4956778043230936,7.437618931422071,26.61897969283277,-3.504313812571104,37.2895037970421,2320.386803185438,114,93.68053097345135,112.7,118.0,16.8141592920354,25,0.219298245614035,60,0.5263157894736842,0.6111111111111112,0.7832167832167832,0.2662116040955631,0.4797843665768194,0.6348314606741573,0.422070534698521,0.2097560975609756,0.3488372093023256,0.2320819112627986,0.0579710144927536,0.0,0.0784982935153583,0.5454545454545454,0.6842105263157895,0.2377701934015927,0.3950617283950617,0.546875,0.1843003412969283
10681,570482,Gio Urshela,Gio Urshela,2025,"FA,FC,FO,FS,SI,CH,SL,CU,KC",544,0.2792792792792792,0.4684684684684684,0.2522522522522522,0.25,0.0,372,172,544,-1.881843369852941,3.715910165165441,8.216920027573527,0.3735408560311284,0.7247386759581882,0.5588235294117647,0.5625,0.8461538461538461,0.756578947368421,0.5275735294117647,0.1360294117647058,6.229028399999999,1.1450419852941174,6.171617943198529,28.44883227941177,-2.257985726102941,35.57481400735294,2339.685661764706,114,86.43660714285714,101.1,107.0,11.5625,2,0.0175438596491228,37,0.3245614035087719,0.7806451612903226,0.8512396694214877,0.2849264705882353,0.6238095238095238,0.8015267175572519,0.3860294117647059,0.3488372093023256,0.4222222222222222,0.2371323529411764,0.14,0.4285714285714285,0.0919117647058823,0.6916666666666667,0.8072289156626506,0.2205882352941176,0.5333333333333333,0.7916666666666666,0.1654411764705882
16997,650402,Gleyber Torres,Gleyber Torres,2025,"FA,FC,FS,SI,CH,SL,CU,KC",1888,0.2548387096774193,0.3903225806451613,0.3548387096774194,0.1636363636363636,0.0818181818181818,1116,772,1888,-1.6636300282415248,4.195149377738348,8.021639643008475,0.1713014460511679,0.6501516683518705,0.4221398305084746,0.6363636363636364,0.880248833592535,0.8331242158092849,0.5238347457627118,0.0704449152542373,0.2463171000000015,0.0130464565677966,6.998583993315677,27.64301954978813,-1.8820174353495769,38.00741649152542,2305.677436440678,316,88.79076433121021,103.6,109.2,13.92063492063492,26,0.0822784810126582,111,0.3512658227848101,0.757396449704142,0.9166666666666666,0.2680084745762712,0.4491525423728814,0.7870619946091644,0.4375,0.100502512562814,0.5,0.2108050847457627,0.0127388535031847,0.0,0.0831567796610169,0.5704545454545454,0.8167330677290837,0.2330508474576271,0.310880829015544,0.725,0.2044491525423729
31363,688363,Graham Pauley,Graham Pauley,2025,"FA,FC,FO,FS,SI,CH,SL,CU,KC",575,0.2454545454545454,0.3636363636363636,0.3909090909090909,0.3255813953488372,0.0930232558139534,362,213,575,-3.567868445391304,4.457054615130436,8.791708560000002,0.2894736842105263,0.6504854368932039,0.4834782608695652,0.5194805194805194,0.845771144278607,0.7553956834532374,0.5373913043478261,0.1182608695652173,2.368336799999997,0.4118846608695647,7.456081491652171,27.80837848695652,-5.244431222869565,38.06756034782608,2197.5304347826086,111,85.58000000000001,101.5,109.2,18.945454545454545,6,0.054054054054054,37,0.3333333333333333,0.7266666666666667,0.8532110091743119,0.2608695652173913,0.5189393939393939,0.7883211678832117,0.4591304347826087,0.2301587301587301,0.3103448275862069,0.2191304347826086,0.0857142857142857,0.0,0.0608695652173913,0.6197183098591549,0.8068181818181818,0.2469565217391304,0.4016393442622951,0.7551020408163265,0.2121739130434782
25690,687529,Grant McCray,Grant McCray,2025,"FA,FC,SI,CH,SL,CU,KC",79,0.1,0.4,0.5,0.2,0.0,54,25,79,-5.091331721518988,5.809579781012658,9.811239367088609,0.2333333333333333,0.6530612244897959,0.4936708860759494,0.4285714285714285,0.71875,0.6666666666666666,0.620253164556962,0.1645569620253164,2.6630392999999994,3.3709358227848094,9.79149165822785,22.79096189873417,-7.910215949367089,34.83883291139241,2342.1392405063293,11,88.58,104.3,107.8,16.9,2,0.1818181818181818,3,0.2727272727272727,0.7096774193548387,0.7727272727272727,0.3924050632911392,0.5666666666666667,0.5294117647058824,0.379746835443038,0.0,0.0,0.1645569620253164,0.0,0.0,0.0632911392405063,0.6470588235294118,0.6363636363636364,0.2151898734177215,0.4615384615384615,0.3333333333333333,0.1645569620253164
16623,656185,Greg Allen,Greg Allen,2025,"FA,FC,SI,CH,SL,KC",52,0.0,0.6666666666666666,0.3333333333333333,0.0,0.0,36,16,52,-3.6473446346153846,3.498059565384616,8.88452230769231,0.4545454545454545,0.6,0.5384615384615384,0.2,0.8333333333333334,0.6071428571428571,0.5769230769230769,0.2115384615384615,4.6681656,8.97724153846154,5.793942959615384,26.90386346153846,-5.365948846153846,32.83091346153846,2166.980769230769,9,89.9125,100.6,100.6,12.125,0,0.0,3,0.3333333333333333,0.8,0.8333333333333334,0.2884615384615384,0.5652173913043478,0.5384615384615384,0.4423076923076923,0.25,0.0,0.2307692307692307,0.0,0.0,0.0384615384615384,0.5714285714285714,0.625,0.2692307692307692,0.5555555555555556,0.4,0.173076923076923
25448,675659,Greg Jones,Greg Jones,2025,"FA,FC,CU",9,0.0,0.0,0.0,0.0,0.0,7,2,9,-0.746664444444444,4.16785,8.62384888888889,0.5,0.8,0.6666666666666666,0.0,0.5,0.3333333333333333,0.5555555555555556,0.4444444444444444,0.5292988000000001,5.881097777777779,6.952266666666668,25.30230888888889,-0.2550311111111109,39.84126666666667,2660.555555555556,0,0.0,,,0.0,0,0.0,0,0.0,1.0,0.6666666666666666,0.3333333333333333,0.75,0.0,0.4444444444444444,0.0,0.0,0.1111111111111111,0.0,0.0,0.1111111111111111,1.0,0.0,0.2222222222222222,0.5,0.0,0.2222222222222222
21626,665052,Griffin Conine,Griffin Conine,2025,"FA,FC,FO,FS,SI,CH,SL,CU,KC",244,0.2894736842105263,0.4736842105263157,0.2368421052631578,0.0,0.2222222222222222,158,86,244,-3.680637870901639,3.830829099180328,9.145973430327867,0.2857142857142857,0.5984848484848485,0.4549180327868852,0.4375,0.7341772151898734,0.6486486486486487,0.5409836065573771,0.1598360655737705,0.3527085000000001,0.1445526639344262,6.372361040983607,28.71895422131148,-5.427620367622951,33.23864145778689,2189.3893442622957,39,90.49487179487178,107.2,117.4,7.615384615384615,6,0.1538461538461538,17,0.4358974358974359,0.6833333333333333,0.8536585365853658,0.2459016393442623,0.5046728971962616,0.5555555555555556,0.4344262295081967,0.2727272727272727,0.4666666666666667,0.2254098360655737,0.0454545454545454,0.0,0.0901639344262295,0.6056338028169014,0.627906976744186,0.2868852459016393,0.3055555555555556,0.2727272727272727,0.1475409836065573
26289,683002,Gunnar Henderson,Gunnar Henderson,2025,"FA,FC,FS,SI,CH,SL,CU,KC,EP",1674,0.2583892617449664,0.4899328859060403,0.2516778523489933,0.24,0.1866666666666666,1060,614,1674,-3.3328973302329725,4.142406831995223,8.822203333930705,0.2928921568627451,0.6713286713286714,0.486857825567503,0.5271966527196653,0.8767361111111112,0.7742331288343558,0.5125448028673835,0.1099163679808841,-22.683992900000003,-1.3550772341696538,6.908085566786138,27.50713692353644,-4.812457706391876,37.70745931547192,2249.6409796893668,303,93.666889632107,107.3,113.9,8.688963210702342,28,0.0924092409240924,165,0.5445544554455446,0.7535545023696683,0.8962264150943396,0.2508960573476702,0.5482573726541555,0.7701711491442543,0.4456391875746714,0.2090680100755667,0.3734939759036144,0.2359617682198327,0.0458715596330275,0.0,0.0651135005973715,0.6492146596858639,0.8346774193548387,0.2281959378733572,0.4423076923076923,0.6708074534161491,0.2174432497013142
22707,672569,Gustavo Campero,Gustavo Campero,2025,"FA,FC,FS,SI,CH,SL,CU,KC,EP",197,0.3225806451612903,0.3870967741935484,0.2903225806451613,0.2222222222222222,0.2222222222222222,121,76,197,-3.924670563451776,3.928888201015228,9.08351552284264,0.3,0.6082474226804123,0.4517766497461929,0.7,0.9152542372881356,0.8426966292134831,0.4923857868020304,0.0710659898477157,0.0882937000000008,0.044819137055838,6.53902031472081,29.004942284263965,-5.854592720812183,33.697320406091364,2162.035532994924,31,84.4,100.9,108.9,14.0,2,0.064516129032258,7,0.2258064516129032,0.7241379310344828,0.9523809523809524,0.2944162436548223,0.4487179487179487,0.8285714285714286,0.3959390862944162,0.2448979591836734,0.5,0.248730964467005,0.0,0.0,0.0609137055837563,0.525,0.8095238095238095,0.2030456852791878,0.3684210526315789,0.8571428571428571,0.1928934010152284
27506,673490,Ha-Seong Kim,Ha-Seong Kim,2025,"FA,FC,FS,SI,CH,SL,CU,KC,EP",542,0.2758620689655172,0.3563218390804598,0.367816091954023,0.34375,0.125,343,199,542,-3.2442676227121767,4.994638661992621,8.70173077306273,0.1974248927038626,0.5145631067961165,0.3782287822878228,0.6521739130434783,0.8805031446540881,0.8292682926829268,0.5701107011070111,0.0645756457564575,3.662632,0.6757623616236162,8.38049586828413,25.57594361623617,-4.704078794095941,36.7312022509225,2195.463099630996,87,90.548275862069,105.0,107.0,17.35632183908046,6,0.0689655172413793,39,0.4482758620689655,0.5568862275449101,0.9247311827956988,0.3062730627306273,0.3795918367346939,0.7741935483870968,0.4520295202952029,0.1530612244897959,0.7333333333333333,0.1808118081180811,0.125,0.25,0.059040590405904,0.4718309859154929,0.835820895522388,0.2619926199261992,0.2524271844660194,0.6153846153846154,0.1900369003690037
18030,664056,Harrison Bader,Harrison Bader,2025,"FA,FC,FO,FS,SI,CH,SL,CU,KN,KC,EP",1283,0.2202643171806167,0.4889867841409692,0.2907488986784141,0.303030303030303,0.1666666666666666,828,455,1283,-2.391264033468433,4.394427262665627,8.30879193452845,0.3276131045241809,0.618380062305296,0.4731098986749805,0.5952380952380952,0.836272040302267,0.7528830313014827,0.5003897116134061,0.1169134840218238,-14.416828499999998,-1.1236810989867496,7.343762947357754,27.27779527669525,-3.1591114949259542,37.42645127513641,2313.697583787997,231,85.65682819383262,105.7,110.7,10.876651982378856,23,0.0995670995670995,87,0.3766233766233766,0.660436137071651,0.8443396226415094,0.2494154325798908,0.5457809694793537,0.7861842105263158,0.4341387373343726,0.2842465753424658,0.4457831325301205,0.2275915822291504,0.0707964601769911,0.25,0.0880748246297739,0.6118881118881119,0.84,0.2229150428682774,0.4760147601476014,0.7131782945736435,0.2112236944660951
29958,695670,Harry Ford,Harry Ford,2025,"FA,FC,SI,SL",13,0.0,1.0,0.0,0.0,0.0,7,6,13,-4.165439230769231,5.935708153846154,8.523099230769231,0.0,0.8571428571428571,0.4615384615384615,0.0,0.5,0.5,0.5384615384615384,0.2307692307692307,-0.3198484999999999,-2.4603730769230765,10.00962,20.991963846153848,-6.278813076923077,38.91417692307692,2513.4615384615386,2,94.7,102.2,102.2,-7.5,0,0.0,1,0.5,1.0,0.5,0.3076923076923077,0.4,0.5,0.3846153846153846,0.0,0.0,0.2307692307692307,0.0,0.0,0.0769230769230769,0.6666666666666666,0.5,0.2307692307692307,0.0,0.0,0.1538461538461538
21489,663584,Hayden Senger,Hayden Senger,2025,"FA,FC,FS,SI,CH,SL,CU",192,0.2619047619047619,0.5238095238095238,0.2142857142857142,0.2222222222222222,0.0,138,54,192,-2.834324458333333,4.913187758593749,8.904997104166666,0.3625,0.6428571428571429,0.5260416666666666,0.3448275862068966,0.8611111111111112,0.7128712871287128,0.5833333333333334,0.1510416666666666,6.816761700000002,3.5503967187500005,8.241260364583333,25.89091953125,-3.9334367552083336,39.61386958333333,2352.2916666666665,43,88.3475,102.3,107.4,4.35,1,0.0232558139534883,15,0.3488372093023256,0.6140350877192983,0.9142857142857144,0.296875,0.6588235294117647,0.6964285714285714,0.4427083333333333,0.303030303030303,0.1,0.171875,0.0,0.0,0.0885416666666666,0.7608695652173914,0.8,0.2395833333333333,0.5384615384615384,0.5238095238095238,0.203125
22515,671218,Heliot Ramos,Heliot Ramos,2025,"FA,FC,FO,FS,SI,CH,SL,CU,KC,EP",1902,0.2052023121387283,0.4797687861271676,0.315028901734104,0.1651376146788991,0.146788990825688,1233,669,1902,-2.4786031856645643,4.650992255063091,8.500589695320707,0.2962962962962963,0.6392276422764228,0.4737118822292324,0.5661764705882353,0.875993640699523,0.7824639289678136,0.5173501577287066,0.103049421661409,3.9527932000000026,0.2078229863301789,7.788360937697161,26.03997889589906,-3.308722159305994,39.47905656414301,2352.804942166141,346,91.1437317784256,106.7,114.5,10.05217391304348,26,0.0751445086705202,156,0.4508670520231214,0.6821561338289963,0.904632152588556,0.2828601472134595,0.5545571245186136,0.7615740740740741,0.4095688748685594,0.2285012285012285,0.4731182795698925,0.2139852786540483,0.0505617977528089,0.0,0.0935856992639327,0.6072289156626506,0.8174603174603174,0.2181913774973712,0.4945054945054945,0.6833333333333333,0.1913774973711882
29617,680779,Henry Davis,Henry Davis,2025,"FA,FC,FO,FS,SI,CH,SL,CU,KC,SC",815,0.208955223880597,0.3208955223880597,0.4701492537313433,0.2857142857142857,0.0634920634920634,549,266,815,-2.251608217663803,4.124627854858896,8.077657045398771,0.3401015228426396,0.7482185273159145,0.550920245398773,0.4701492537313433,0.8444444444444444,0.732739420935412,0.5165644171779141,0.147239263803681,13.566982,1.6646603680981598,6.877749829300615,27.371293055214725,-2.911665655325153,39.06092995092025,2303.093251533742,142,89.01449275362323,106.7,111.6,22.956521739130437,19,0.1338028169014084,53,0.3732394366197183,0.7927927927927928,0.8636363636363636,0.2711656441717791,0.6257142857142857,0.7351598173515982,0.4294478527607362,0.2685714285714285,0.3404255319148936,0.2134969325153374,0.1029411764705882,0.0,0.0822085889570552,0.6972972972972973,0.7906976744186046,0.2269938650306748,0.5454545454545454,0.6555555555555556,0.2024539877300613
24878,681715,Heriberto Hernández,Heriberto Hernandez,2025,"FA,FC,FO,FS,SI,CH,SL,CU,KC,EP",638,0.2037037037037037,0.3796296296296296,0.4166666666666667,0.2,0.1333333333333333,389,249,638,-3.5333386414733545,4.204405681003136,8.524311744514106,0.2112211221122112,0.6865671641791045,0.4608150470219436,0.421875,0.7652173913043478,0.6904761904761905,0.5250783699059561,0.1426332288401254,-4.438592300000001,-0.6957041222570534,7.0154627561128535,27.442136504702187,-5.167397863793104,37.06237694200627,2268.260188087774,111,89.57522935779818,105.1,112.8,15.431192660550458,11,0.0990990990990991,48,0.4324324324324324,0.7901234567901234,0.890625,0.2539184952978056,0.4736842105263157,0.5555555555555556,0.4764890282131661,0.1818181818181818,0.4090909090909091,0.1896551724137931,0.0,0.0,0.0799373040752351,0.6149068322981367,0.5555555555555556,0.2523510971786833,0.3146853146853147,0.5555555555555556,0.2241379310344827
31166,677008,Heston Kjerstad,Heston Kjerstad,2025,"FA,FC,FS,SI,CH,SL,CU,KC",525,0.2828282828282828,0.3737373737373737,0.3434343434343434,0.2352941176470588,0.1176470588235294,358,167,525,-3.356423533447619,4.591096861161903,9.089717156190476,0.3929961089494163,0.7425373134328358,0.5714285714285714,0.5445544554455446,0.864321608040201,0.7566666666666667,0.5104761904761905,0.139047619047619,7.392471999999996,1.408089904761904,7.684240640057141,26.73024921904762,-4.853359013333332,36.73321101904763,2239.4380952380952,100,89.336,104.3,106.8,13.99,9,0.09,42,0.42,0.8085106382978723,0.8508771929824561,0.2685714285714285,0.6363636363636364,0.7755102040816326,0.44,0.3238095238095238,0.4411764705882353,0.2,0.1041666666666666,0.2,0.0914285714285714,0.7017543859649122,0.8875,0.2171428571428571,0.5726495726495726,0.6417910447761194,0.2228571428571428
23372,676439,Hunter Feduccia,Hunter Feduccia,2025,"FA,FC,FS,SI,CH,SL,CU,KC",381,0.2352941176470588,0.4313725490196078,0.3333333333333333,0.3529411764705882,0.0,225,156,381,-3.790623733858269,4.093846812380577,9.287832624671914,0.234375,0.6455026455026455,0.4383202099737532,0.5777777777777777,0.8278688524590164,0.7604790419161677,0.4960629921259842,0.1049868766404199,2.4312368,0.6381198950131234,6.825951497637794,27.903023018372693,-5.624933328083988,36.28028409448818,2165.8661417322837,52,87.6235294117647,103.7,108.7,17.333333333333332,5,0.0961538461538461,18,0.3461538461538461,0.7476635514018691,0.85,0.2782152230971129,0.4658385093167702,0.7333333333333333,0.4225721784776903,0.1304347826086956,0.3333333333333333,0.2362204724409448,0.0,0.0,0.0551181102362204,0.5609756097560976,0.7608695652173914,0.2152230971128609,0.3670886075949367,0.6896551724137931,0.2073490813648294
29715,696100,Hunter Goodman,Hunter Goodman,2025,"FA,FC,FO,FS,SI,CH,SL,CU,KC,EP",1599,0.2191780821917808,0.3972602739726027,0.3835616438356164,0.2857142857142857,0.2053571428571428,1072,527,1599,-1.511426656998123,3.272260502770482,7.186073761726082,0.3773584905660377,0.7325870646766169,0.555972482801751,0.42,0.8421052631578947,0.6996625421822272,0.5028142589118199,0.1669793621013133,-10.974068599999995,-0.6863082301438397,5.404838770293933,29.12045127579737,-1.6088774467166982,38.3546045134459,2372.7754846779235,297,90.45972696245734,108.2,113.3,16.69283276450512,34,0.1144781144781144,135,0.4545454545454545,0.7818627450980392,0.8746081504702194,0.2545340838023764,0.6377245508982036,0.6924882629107981,0.4171357098186366,0.3448275862068966,0.3615384615384615,0.2351469668542839,0.0958904109589041,0.0714285714285714,0.0906816760475297,0.6938202247191011,0.7813765182186235,0.2226391494684177,0.5737179487179487,0.5698324022346368,0.1944965603502189
15464,592669,Hunter Renfroe,Hunter Renfroe,2025,"FA,FC,FS,SI,CH,SL,CU,KC",245,0.0851063829787234,0.4468085106382978,0.4680851063829787,0.4090909090909091,0.0,151,94,245,-2.5938671869387755,4.357463590081633,8.59810269387755,0.28,0.6083333333333333,0.4408163265306122,0.5714285714285714,0.821917808219178,0.7407407407407407,0.4897959183673469,0.1142857142857142,7.990323,3.2613563265306125,7.280198093224489,27.56351575510204,-3.509755870204082,37.857055273469385,2328.8326530612244,47,87.83829787234046,104.3,108.8,17.76595744680851,3,0.0638297872340425,15,0.3191489361702128,0.6619718309859155,0.8936170212765957,0.2897959183673469,0.4787234042553192,0.7111111111111111,0.3836734693877551,0.2580645161290322,0.375,0.2530612244897959,0.0,0.0,0.073469387755102,0.5217391304347826,0.7083333333333334,0.1877551020408163,0.4375,0.7142857142857143,0.1959183673469387
35322,808975,Hyeseong Kim,Hyeseong Kim,2025,"FA,FC,FS,SI,CH,SL,CU,KC,EP",574,0.3010752688172043,0.4946236559139785,0.2043010752688172,0.1052631578947368,0.1052631578947368,403,171,574,-2.607462663240418,4.032352998780487,8.622903989547039,0.3433962264150943,0.6213592233009708,0.4930313588850174,0.5054945054945055,0.8177083333333334,0.7173144876325088,0.5383275261324042,0.1393728222996515,1.0202406000000008,0.1777422648083625,6.718684141114983,27.99619391986063,-3.536499608118467,37.414275087108,2330.0400696864112,97,86.48229166666668,98.8,105.4,7.822916666666667,2,0.0206185567010309,28,0.2886597938144329,0.6809815950920245,0.8468468468468469,0.2822299651567944,0.5450980392156862,0.6906474820143885,0.4442508710801394,0.2436974789915966,0.4137931034482758,0.2073170731707317,0.1081081081081081,0.25,0.0644599303135888,0.6,0.782051282051282,0.2264808362369338,0.488,0.5737704918032787,0.2177700348432055
17919,664023,Ian Happ,Ian Happ,2025,"FA,FC,FS,SI,CH,SL,CU,KC,SC,EP",1992,0.2691029900332226,0.3322259136212624,0.3986710963455149,0.2083333333333333,0.15,1224,768,1992,-3.031099817088355,4.445807398373495,8.653138561044175,0.2155963302752293,0.6035714285714285,0.4337349397590361,0.5053191489361702,0.8683431952662722,0.7893518518518519,0.5622489959839357,0.0913654618473895,-12.669067469999993,-0.6359973629518069,7.43251490115964,27.072656390562237,-4.285381080873496,37.209403652610455,2262.9713855421687,305,90.04125412541259,105.5,112.0,17.523026315789473,34,0.1114754098360655,134,0.4393442622950819,0.7184801381692574,0.8966346153846154,0.2896586345381526,0.4356103023516237,0.7377892030848329,0.446285140562249,0.142156862745098,0.3793103448275862,0.2048192771084337,0.0089285714285714,0.0,0.0562248995983935,0.5202558635394456,0.8114754098360656,0.2339357429718875,0.3419811320754717,0.6137931034482759,0.2123493975903614
13324,545121,Ildemaro Vargas,Ildemaro Vargas,2025,"FA,FC,FS,SI,CH,SL,CU,KC,EP",246,0.1403508771929824,0.5789473684210527,0.2807017543859649,0.0625,0.0625,175,71,246,-2.458341773577236,3.663662472886178,8.34511175609756,0.3771929824561403,0.5984848484848485,0.4959349593495935,0.627906976744186,0.9113924050632912,0.8114754098360656,0.5365853658536586,0.0934959349593495,2.2893814999999997,0.9306428861788616,6.086544355691056,28.5051543902439,-3.3276301178861787,33.38233878048781,2297.7398373983738,58,89.24999999999999,104.2,106.4,4.321428571428571,2,0.0344827586206896,18,0.3103448275862069,0.6172839506172839,0.94,0.3292682926829268,0.5684210526315789,0.8148148148148148,0.3861788617886179,0.3333333333333333,0.4705882352941176,0.2073170731707317,0.0526315789473684,0.0,0.0772357723577235,0.5434782608695652,0.8,0.1869918699186991,0.5918367346938775,0.8275862068965517,0.1991869918699187
25477,686555,Isaac Collins,Isaac Collins,2025,"FA,FC,FO,FS,SI,CH,SL,CU,KC,EP",1251,0.2896174863387978,0.4371584699453552,0.273224043715847,0.24,0.1,748,503,1251,-3.393522832629895,4.862079423940848,8.891381560351716,0.1678571428571428,0.6107091172214182,0.4124700239808153,0.5319148936170213,0.8601895734597157,0.8003875968992248,0.5523581135091926,0.0823341326938449,-10.1870124,-0.8143095443645084,8.153295089608315,25.55482131095123,-4.920925462661871,38.56085292565948,2247.9400479616306,189,88.9445054945055,104.5,109.7,10.885245901639344,10,0.0529100529100529,75,0.3968253968253968,0.7416666666666667,0.8801498127340824,0.2877697841726618,0.3911504424778761,0.7601809954751131,0.451638689048761,0.1120331950207468,0.3703703703703703,0.1926458832933653,0.0117647058823529,0.0,0.0679456434852118,0.4902597402597403,0.8211920529801324,0.246203037569944,0.2723735408560311,0.6285714285714286,0.2054356514788169
20036,670623,Isaac Paredes,Isaac Paredes,2025,"FA,FC,FS,SI,CH,SL,CU,KC,EP",1640,0.250996015936255,0.3107569721115538,0.4382470119521912,0.2454545454545454,0.1545454545454545,996,644,1640,-3.08938614955122,4.239416662164635,8.635049264634148,0.2267515923566879,0.583625730994152,0.4128048780487804,0.7303370786516854,0.9018036072144288,0.8567208271787297,0.5213414634146342,0.0591463414634146,-11.004106469999996,-0.6709821018292681,7.075752405689029,27.014203817073177,-4.383029948030488,37.7541221445122,2326.1103658536585,255,87.55634920634922,102.8,107.4,22.38095238095238,16,0.0627450980392156,86,0.3372549019607843,0.6329411764705882,0.9256505576208178,0.2579268292682927,0.4964438122332859,0.8595988538681948,0.4280487804878048,0.1587743732590529,0.5263157894736842,0.2189024390243902,0.0130718954248366,0.5,0.0932926829268292,0.5925,0.869198312236287,0.2439024390243902,0.3696369636963696,0.8392857142857143,0.1841463414634146
16512,643396,Isiah Kiner-Falefa,Isiah Kiner-Falefa,2025,"FA,FC,FO,FS,SI,CH,SL,CU,KC,SC",1185,0.2549800796812749,0.5657370517928287,0.1792828685258964,0.3555555555555555,0.0,813,372,1185,-2.5458955180396625,4.003001650793252,8.179693574683544,0.3271375464684015,0.6105100463678517,0.4818565400843881,0.7329545454545454,0.9544303797468354,0.8861646234676007,0.5459915611814345,0.0548523206751054,5.6088735000000005,0.4733226582278481,6.668239193426159,27.45814049789029,-3.4369850359493674,37.625042062447264,2315.343459915612,261,84.16892430278882,99.6,106.3,2.8804780876494025,4,0.0153256704980842,68,0.2605363984674329,0.6666666666666666,0.9615384615384616,0.2953586497890295,0.4925925925925926,0.8984962406015038,0.4556962025316455,0.2895927601809955,0.640625,0.1864978902953586,0.0958904109589041,0.1428571428571428,0.0616033755274261,0.5664335664335665,0.9382716049382716,0.2413502109704641,0.4094488188976378,0.8365384615384616,0.2143459915611814
20599,671056,Iván Herrera,Ivan Herrera,2025,"FA,FC,FS,SI,CH,SL,CU,KC",1301,0.2488888888888888,0.5066666666666667,0.2444444444444444,0.2727272727272727,0.1818181818181818,830,471,1301,-2.7810073696079938,4.27179569405073,8.448075630976172,0.2447916666666666,0.6275862068965518,0.458109146810146,0.4822695035460992,0.8725274725274725,0.7802013422818792,0.5572636433512682,0.1006917755572636,1.219060200000002,0.0937017832436588,7.13229574264412,26.63885293620291,-3.842245069869332,37.75225073789392,2354.3674096848576,228,91.178125,107.4,113.0,8.973214285714286,21,0.0921052631578947,105,0.4605263157894737,0.6916890080428955,0.8992248062015504,0.2851652574942352,0.4850615114235501,0.7681159420289855,0.4373558800922367,0.19921875,0.392156862745098,0.196771714066103,0.1067961165048543,0.0909090909090909,0.0784012298232129,0.5700325732899023,0.8,0.2359723289777094,0.3854961832061068,0.7128712871287128,0.2013835511145273
20084,641555,J.C. Escarra,J.C. Escarra,2025,"FA,FC,FS,SI,CH,SL,CU,KC",340,0.2459016393442623,0.4590163934426229,0.2950819672131147,0.3333333333333333,0.1111111111111111,199,141,340,-2.67465987117647,3.074319069852941,8.542258811764706,0.1901840490797546,0.6214689265536724,0.4147058823529412,0.5806451612903226,0.9090909090909092,0.8368794326241135,0.5205882352941177,0.0676470588235294,1.3712742999999994,0.4033159705882351,5.061123967647057,30.032277147058817,-3.652110913823529,36.50805617647058,2301.7705882352943,62,90.57258064516132,105.0,107.1,10.435483870967742,4,0.064516129032258,27,0.4354838709677419,0.6893203883495146,0.9295774647887324,0.3029411764705882,0.4347826086956521,0.8,0.4058823529411764,0.125,0.4444444444444444,0.2117647058823529,0.037037037037037,0.0,0.0794117647058823,0.5373134328358209,0.8888888888888888,0.1970588235294117,0.3380281690140845,0.6666666666666666,0.2088235294117647
16219,605204,J.D. Davis,J.D. Davis,2025,"FA,SI,CH,SL,CU",33,0.2,0.6,0.2,1.0,0.0,26,7,33,-1.509138121212121,3.4625218484848483,8.406399242424243,0.5,0.7619047619047619,0.6666666666666666,0.1666666666666666,0.6875,0.5454545454545454,0.6363636363636364,0.303030303030303,1.3467771,4.081142727272727,5.732490848484849,29.067212424242427,-1.5985008181818183,37.37256363636364,2404.5454545454545,5,86.92,102.9,102.9,-0.4,0,0.0,2,0.4,0.8666666666666667,0.6153846153846154,0.4545454545454545,0.5555555555555556,0.6,0.2727272727272727,0.5714285714285714,0.25,0.2121212121212121,0.0,0.0,0.0606060606060606,0.6666666666666666,1.0,0.0909090909090909,0.5,0.3333333333333333,0.1818181818181818
15491,641487,J.P. Crawford,J.P. Crawford,2025,"FA,FC,FS,SI,CH,SL,CU,KC,EP",1880,0.2852459016393442,0.4229508196721311,0.2918032786885245,0.1797752808988764,0.0898876404494382,1168,712,1880,-3.4851802941702115,5.110846659537234,9.11048125957447,0.2377142857142857,0.6527363184079602,0.4595744680851064,0.6730769230769231,0.8719512195121951,0.8240740740740741,0.5345744680851063,0.0808510638297872,-1.6767953999999978,-0.0891912446808509,8.58432494462766,25.62881380319148,-5.09123755369149,36.446193274468094,2249.9579787234043,311,87.66390728476821,103.0,110.1,11.3003300330033,17,0.0546623794212218,112,0.360128617363344,0.7282608695652174,0.8830845771144279,0.2936170212765957,0.4700239808153477,0.826530612244898,0.4425531914893617,0.1732283464566929,0.5,0.202127659574468,0.0353982300884955,0.0,0.0601063829787234,0.5821917808219178,0.8352941176470589,0.2324468085106383,0.3459595959595959,0.8102189781021898,0.2101063829787234
11739,592663,J.T. Realmuto,J.T. Realmuto,2025,"FA,FC,FO,FS,SI,CH,SL,CU,KN,KC",1546,0.2585551330798479,0.4296577946768061,0.311787072243346,0.1707317073170731,0.1097560975609756,996,550,1546,-2.437009443732212,4.000175379624841,8.061539799482533,0.3142112125162972,0.668806161745828,0.4928848641655886,0.5767634854771784,0.8886756238003839,0.7900262467191601,0.5038809831824063,0.1034928848641656,0.4437422000000026,0.0287026002587323,6.664082362716687,27.386582373868062,-3.240330162535576,38.166995433376464,2302.7878395860284,265,89.78825757575753,105.5,109.5,11.693181818181818,20,0.0754716981132075,116,0.4377358490566038,0.7095238095238096,0.9194630872483222,0.2703751617076326,0.5450310559006211,0.792022792022792,0.4165588615782665,0.2794520547945205,0.4803921568627451,0.2360931435963777,0.094017094017094,0.0909090909090909,0.075679172056921,0.6246153846153846,0.8374384236453202,0.2102199223803363,0.463949843260188,0.7297297297297297,0.2063389391979301
26368,668709,JJ Bleday,JJ Bleday,2025,"FA,FC,FS,SI,CH,SL,CU,KC,EP",1070,0.1566265060240964,0.3493975903614458,0.4939759036144578,0.2926829268292683,0.1341463414634146,657,413,1070,-3.515575933183177,3.719448891205608,8.627488463551405,0.25,0.6162361623616236,0.4355140186915888,0.4166666666666667,0.811377245508982,0.6995708154506438,0.5065420560747663,0.1308411214953271,7.915101399999997,0.739729102803738,6.175747495971963,29.038425850467284,-5.1381685282243,36.733439271028026,2205.010280373832,167,88.71556886227543,104.2,109.9,22.017964071856287,14,0.0838323353293413,65,0.3892215568862275,0.6910299003322259,0.8557692307692307,0.2813084112149532,0.504739336492891,0.6525821596244131,0.394392523364486,0.1555555555555555,0.2142857142857142,0.2523364485981308,0.0389610389610389,0.0,0.0719626168224299,0.5622317596566524,0.732824427480916,0.2177570093457944,0.4338624338624338,0.524390243902439,0.1766355140186916
35041,695506,Jac Caglianone,Jac Caglianone,2025,"FA,FC,FO,FS,SI,CH,SL,CU,KC,EP",630,0.25,0.4553571428571428,0.2946428571428571,0.2424242424242424,0.1212121212121212,407,223,630,-2.2053027303174604,2.6561511420158737,8.537358596666664,0.4073033707865168,0.6751824817518248,0.5238095238095238,0.5793103448275863,0.9081081081081082,0.7636363636363637,0.4349206349206349,0.1238095238095238,12.844688899999994,2.038839507936507,4.337830705396823,31.41110936507937,-2.837308834,38.071752539682535,2286.479365079365,112,91.02053571428571,108.3,114.1,10.366071428571429,15,0.1339285714285714,50,0.4464285714285714,0.7246376811594203,0.94,0.219047619047619,0.6037735849056604,0.80625,0.4206349206349206,0.4,0.4264705882352941,0.2698412698412698,0.0350877192982456,0.0,0.0888888888888888,0.6888888888888889,0.8387096774193549,0.2142857142857142,0.5153846153846153,0.7611940298507462,0.2063492063492063
31437,690291,Jace Jung,Jace Jung,2025,"FA,FC,FS,SI,CH,SL,CU,KC",215,0.2413793103448276,0.4482758620689655,0.3103448275862069,0.5555555555555556,0.0,139,76,215,-2.3541011786046515,3.4189713441860468,8.879080976744184,0.2424242424242424,0.6724137931034483,0.4744186046511628,0.625,0.8461538461538461,0.7941176470588235,0.5395348837209303,0.0976744186046511,5.827269699999999,2.7103579999999994,5.657169448837211,29.59531874418605,-3.08729727172093,38.96790558139535,2285.074418604652,29,88.65172413793104,106.0,107.3,16.379310344827587,1,0.0344827586206896,12,0.4137931034482758,0.7258064516129032,0.8666666666666667,0.2883720930232558,0.4893617021276595,0.782608695652174,0.4372093023255814,0.2444444444444444,0.5454545454545454,0.2093023255813953,0.0,0.0,0.0651162790697674,0.5882352941176471,0.8333333333333334,0.2372093023255814,0.3720930232558139,0.6875,0.2
30146,683004,Jack Leiter,Jack Leiter,2025,"SI,SL",3,0.0,0.0,0.0,0.0,0.0,3,0,3,-5.08906,5.005513333333333,8.897976666666667,0.0,0.3333333333333333,0.3333333333333333,0.0,0.0,0.0,1.0,0.3333333333333333,0.271119,9.0373,8.400926666666665,23.540633333333336,-7.9062366666666675,38.7459,2515.333333333333,0,0.0,,,0.0,0,0.0,0,0.0,0.0,0.0,0.3333333333333333,0.5,0.0,0.6666666666666666,0.0,0.0,0.0,0.0,0.0,0.0,0.0,0.0,0.3333333333333333,1.0,0.0,0.3333333333333333
22244,669261,Jack Suwinski,Jack Suwinski,2025,"FA,FC,FS,SI,CH,SL,CU,KC",777,0.2727272727272727,0.3181818181818182,0.4090909090909091,0.0277777777777777,0.0833333333333333,449,328,777,-2.059403746585586,3.5793609011583,8.073743029601031,0.1653116531165311,0.6078431372549019,0.3976833976833976,0.2950819672131147,0.8024193548387096,0.7022653721682848,0.525096525096525,0.1184041184041184,8.002537600000004,1.0299276190476194,5.9355543423423445,28.516376898326897,-2.56991601029601,38.22252777348777,2348.779922779923,90,89.85795454545453,105.9,110.5,17.363636363636363,11,0.1222222222222222,36,0.4,0.746031746031746,0.8794326241134752,0.2432432432432432,0.3926701570680628,0.5933333333333334,0.4903474903474903,0.1019108280254777,0.25,0.202059202059202,0.0408163265306122,0.0,0.063063063063063,0.4953271028037383,0.6509433962264151,0.2754182754182754,0.2619047619047619,0.4545454545454545,0.2149292149292149
29830,676466,Jack Winkler,Jack Winkler,2025,"FA,FC,SI,SL",18,0.0,1.0,0.0,0.0,0.0,11,7,18,-4.159511111111112,7.053867555555556,9.56296777777778,0.1666666666666666,0.5833333333333334,0.4444444444444444,1.0,0.8571428571428571,0.875,0.6666666666666666,0.0555555555555555,-0.0322257,-0.1790316666666671,11.943356777777778,18.33631111111111,-6.268367777777779,40.07981111111112,2450.5,3,80.19999999999999,90.1,90.1,-2.0,0,0.0,0,0.0,1.0,0.8,0.2777777777777778,0.25,1.0,0.4444444444444444,0.2,1.0,0.2777777777777778,0.0,0.0,0.0,0.4,1.0,0.2777777777777778,0.0,0.0,0.1666666666666666
28806,694192,Jackson Chourio,Jackson Chourio,2025,"FA,FC,FS,SI,CH,SL,CU,KC",1590,0.2191358024691358,0.4135802469135802,0.3672839506172839,0.2352941176470588,0.1176470588235294,1094,496,1590,-2.5094563985471705,4.527293002301889,8.40406660220126,0.3639896373056995,0.7139364303178484,0.5440251572327044,0.5516014234875445,0.8613013698630136,0.7606936416184971,0.5144654088050314,0.130188679245283,5.4825457000000055,0.3448141949685538,7.57390057172327,26.25813412578617,-3.3610260317861638,39.04749629559748,2332.154716981132,331,88.85840978593275,106.1,113.7,11.678899082568808,33,0.0996978851963746,133,0.4018126888217522,0.7325581395348837,0.9047619047619048,0.269811320754717,0.6189759036144579,0.7347931873479319,0.4163522012578616,0.3444444444444444,0.5564516129032258,0.2257861635220125,0.1102941176470588,0.1333333333333333,0.0855345911949685,0.7020057306590258,0.8122448979591836,0.2188679245283019,0.526984126984127,0.6204819277108434,0.1974842767295597
31781,702616,Jackson Holliday,Jackson Holliday,2025,"FA,FC,FS,SI,CH,SL,CU,KC,EP",1763,0.228125,0.4625,0.309375,0.1111111111111111,0.1313131313131313,1103,660,1763,-3.755214797697108,4.6139648255813945,9.175590507090185,0.2386780905752754,0.678646934460888,0.474758933635848,0.5641025641025641,0.8598130841121495,0.7909199522102748,0.5365853658536586,0.099262620533182,-7.000694299999999,-0.3970898638684061,7.723030458536579,26.57591635847986,-5.557959176744183,36.955880497447545,2244.145207033466,325,89.84378881987574,104.0,109.6,9.520123839009289,30,0.0923076923076923,144,0.4430769230769231,0.7569721115537849,0.8947368421052632,0.2847419171866137,0.5243101182654402,0.7619047619047619,0.4316505955757232,0.1417322834645669,0.3333333333333333,0.2161089052750992,0.0336134453781512,0.0,0.0674985819625638,0.6278538812785388,0.8,0.2484401588201928,0.3839009287925696,0.6774193548387096,0.1832104367555303
29490,701538,Jackson Merrill,Jackson Merrill,2025,"FA,FC,FS,SI,CH,SL,CU,KC,EP",1101,0.2594339622641509,0.3820754716981132,0.3584905660377358,0.131578947368421,0.1842105263157894,741,360,1101,-3.5536744299682104,4.396969932861034,8.718388185286098,0.3865698729582577,0.8054545454545454,0.5958219800181653,0.5492957746478874,0.8419864559819413,0.7469512195121951,0.4995458673932788,0.1507720254314259,-11.072455999999995,-1.0056726612170752,7.349496678383289,27.12263973660308,-5.203829597093551,37.060148710263405,2262.630336058129,214,90.7350710900474,105.3,110.9,15.815165876777252,29,0.1355140186915887,100,0.4672897196261682,0.8929889298892989,0.8636363636363636,0.2461398728428701,0.6808943089430894,0.7402985074626866,0.4459582198001816,0.2962962962962963,0.4583333333333333,0.220708446866485,0.0736842105263157,0.0,0.0862851952770208,0.7601476014760148,0.7864077669902912,0.2461398728428701,0.583710407239819,0.6666666666666666,0.1998183469573115
23296,676070,Jacob Amaya,Jacob Amaya,2025,"FA,FC,FS,SI,CH,SL,CU,KC,EP",188,0.1351351351351351,0.5945945945945946,0.2702702702702703,0.4,0.0,123,65,188,-1.9190270255319144,4.809536733404255,8.358648776595746,0.2325581395348837,0.5196078431372549,0.3882978723404255,0.75,0.8490566037735849,0.821917808219178,0.5425531914893617,0.0691489361702127,7.436348499999999,3.955504521276596,8.059602108510639,27.77059909574469,-2.3273917452127657,38.1258579787234,2269.696808510638,39,87.98611111111111,99.4,108.0,11.36111111111111,0,0.0,9,0.2307692307692307,0.6078431372549019,0.935483870967742,0.2712765957446808,0.4065934065934066,0.7567567567567568,0.4840425531914893,0.088235294117647,1.0,0.1808510638297872,0.1666666666666666,0.0,0.0638297872340425,0.4146341463414634,0.8235294117647058,0.2180851063829787,0.4,0.7,0.2659574468085106
27599,674441,Jacob Hurtubise,Jacob Hurtubise,2025,"FA,FC,SI,CH,SL,CU",59,0.2,0.6,0.2,0.0,0.0,37,22,59,-1.7576041033898309,1.5795080508474575,7.799924915254236,0.2,0.5588235294117647,0.4067796610169492,0.6,0.7894736842105263,0.75,0.576271186440678,0.1016949152542373,1.1138769999999998,1.887927118644068,2.475999661016949,33.24993050847458,-2.036281847457627,17.455520000000003,2295.169491525424,5,88.8,97.8,97.8,5.4,0,0.0,1,0.2,0.7647058823529411,0.9230769230769232,0.288135593220339,0.3809523809523809,0.625,0.3559322033898305,0.2142857142857142,0.3333333333333333,0.2372881355932203,0.0,0.0,0.1186440677966101,0.4285714285714285,0.6666666666666666,0.2372881355932203,0.2857142857142857,0.5,0.1186440677966101
31661,689200,Jacob Melton,Jacob Melton,2025,"FA,FC,FS,SI,CH,SL,CU,KC",266,0.15625,0.75,0.09375,0.0,0.0,168,98,266,-4.012570421052631,4.310402590789474,9.742875627819547,0.24,0.6312056737588653,0.4473684210526316,0.5666666666666667,0.6966292134831461,0.6638655462184874,0.5300751879699248,0.150375939849624,4.565121700000001,1.716211165413534,7.198811793233083,27.27508586466166,-6.009469509022557,38.56259898496239,2211.8308270676694,34,87.18124999999999,105.5,111.3,-3.03125,2,0.0588235294117647,14,0.4117647058823529,0.6626506024096386,0.6909090909090909,0.3120300751879699,0.4811320754716981,0.6862745098039216,0.3984962406015037,0.2068965517241379,0.5,0.2180451127819548,0.0526315789473684,0.0,0.0714285714285714,0.5636363636363636,0.7419354838709677,0.206766917293233,0.392156862745098,0.6,0.1917293233082706
13723,607732,Jacob Stallings,Jacob Stallings,2025,"FA,FC,FS,SI,CH,SL,CU,KC,EP",316,0.2203389830508474,0.4745762711864407,0.3050847457627119,0.2222222222222222,0.0,214,102,316,-1.986275619620253,4.4225433178481,7.360080189873416,0.3815789473684211,0.7317073170731707,0.5632911392405063,0.5344827586206896,0.775,0.6966292134831461,0.5189873417721519,0.170886075949367,8.372865800000001,2.649641075949368,7.390176542088608,27.445250949367097,-2.449133520886076,41.233653955696205,2332.1518987341774,60,85.1542372881356,98.4,104.4,10.94915254237288,1,0.0166666666666666,16,0.2666666666666666,0.7555555555555555,0.7647058823529411,0.2848101265822785,0.6287878787878788,0.7349397590361446,0.4177215189873418,0.3611111111111111,0.3846153846153846,0.2278481012658227,0.0454545454545454,1.0,0.0696202531645569,0.7123287671232876,0.7692307692307693,0.2310126582278481,0.5254237288135594,0.6774193548387096,0.1867088607594936
33266,805779,Jacob Wilson,Jacob Wilson,2025,"FA,FC,FS,SI,CH,SL,CU,KN,KC",1317,0.2485380116959064,0.5233918128654971,0.2280701754385964,0.282051282051282,0.1153846153846153,883,434,1317,-3.2142118715793453,4.421789532465454,8.696994599848141,0.304975922953451,0.6397694524495677,0.4813971146545178,0.8210526315789474,0.9369369369369368,0.9022082018927444,0.5269552012148823,0.0470766894457099,-6.268792899999998,-0.4759903492786634,7.391442414024297,26.558296985573275,-4.602785835497342,36.51608539711467,2324.290053151101,347,84.30029154518951,99.0,108.5,8.898255813953488,8,0.0230547550432276,85,0.2449567723342939,0.679144385026738,0.9330708661417324,0.2839787395596052,0.5397412199630314,0.928082191780822,0.4107820804859529,0.2892857142857143,0.7530864197530864,0.2118451025056947,0.0573770491803278,0.4285714285714285,0.0926347760060744,0.5882352941176471,0.923529411764706,0.2194381169324221,0.4841269841269841,0.9344262295081968,0.1913439635535307
29931,696285,Jacob Young,Jacob Young,2025,"FA,FC,FO,FS,SI,CH,SL,CU,KC,EP",961,0.2566844919786096,0.5187165775401069,0.2245989304812834,0.2619047619047619,0.0476190476190476,634,327,961,-2.174080214713841,4.482477779188347,8.639058711758583,0.2297979797979798,0.5681415929203539,0.4287200832466181,0.6593406593406593,0.912772585669782,0.8567961165048543,0.5879292403746098,0.0613943808532778,12.3112457,1.281086961498439,7.496509344405829,27.123243173777315,-2.785887756295526,36.899733141519256,2360.6222684703434,198,87.11215469613259,102.1,106.8,4.357142857142857,4,0.0202020202020202,64,0.3232323232323232,0.6103896103896104,0.9361702127659576,0.3204994797086368,0.4460431654676259,0.8494623655913979,0.4339229968782518,0.1988304093567251,0.5,0.177939646201873,0.0615384615384615,0.5,0.0676378772112382,0.5267857142857143,0.8728813559322034,0.2330905306971904,0.3523316062176165,0.8088235294117647,0.2008324661810614
18872,663330,Jahmai Jones,Jahmai Jones,2025,"FA,FC,FS,SI,CH,SL,CU",106,0.3333333333333333,0.2857142857142857,0.3809523809523809,0.375,0.0,62,44,106,-3.0343385320754708,3.6386025198113217,7.749029905660377,0.2352941176470588,0.6727272727272727,0.4622641509433962,0.75,0.7837837837837838,0.7755102040816326,0.5188679245283019,0.1037735849056603,-0.9684471000000004,-0.9136293396226418,6.036997097169811,28.111087735849058,-4.285861395471698,33.61922283018868,2280.7169811320755,21,87.70000000000002,105.4,108.0,17.8,2,0.0952380952380952,10,0.4761904761904761,0.76,0.7894736842105263,0.2358490566037736,0.5094339622641509,0.8148148148148148,0.5,0.2,0.3333333333333333,0.1415094339622641,0.0,0.0,0.1226415094339622,0.6071428571428571,0.8823529411764706,0.2641509433962264,0.4,0.7,0.2358490566037736
15194,641343,Jake Bauers,Jake Bauers,2025,"FA,FC,FS,SI,CH,SL,CU,KN,KC,EP",837,0.2672413793103448,0.3534482758620689,0.3793103448275862,0.2272727272727272,0.1590909090909091,497,340,837,-2.4602788715770614,3.4813722510155314,8.619665744324973,0.2030075187969924,0.6301369863013698,0.4265232974910394,0.5061728395061729,0.8731884057971014,0.7899159663865546,0.5232974910394266,0.089605734767025,-4.296853899999997,-0.5133636678614094,5.765416308470728,29.12905302270012,-3.278278558542413,36.57442247789725,2279.077658303465,117,91.89298245614036,107.6,112.6,16.0,16,0.1367521367521367,53,0.452991452991453,0.7605042016806722,0.9060773480662984,0.2843488649940263,0.4425770308123249,0.7088607594936709,0.4265232974910394,0.1005586592178771,0.3333333333333333,0.2138590203106332,0.0,0.0,0.075268817204301,0.5163043478260869,0.8105263157894737,0.2198327359617682,0.3641618497109826,0.5555555555555556,0.2066905615292712
22275,669394,Jake Burger,Jake Burger,2025,"FA,FC,FS,SI,CH,SL,CU,KC,EP",960,0.2169312169312169,0.4444444444444444,0.3386243386243386,0.234375,0.171875,683,277,960,-2.1337704434375,3.668202093479168,8.193468883333335,0.4291754756871035,0.6858316221765913,0.559375,0.4679802955665024,0.8532934131736527,0.707635009310987,0.5072916666666667,0.1635416666666666,9.063645499999998,0.9441297395833332,6.084442838020833,29.20553845833334,-2.7058945206979166,37.84869752083333,2321.389583333333,193,89.64973821989531,107.8,114.7,12.638743455497382,27,0.1398963730569948,92,0.4766839378238341,0.7392996108949417,0.8894736842105263,0.2666666666666666,0.6133004926108374,0.7188755020080321,0.421875,0.4108910891089108,0.3493975903614458,0.209375,0.1578947368421052,0.2,0.0989583333333333,0.6598984771573604,0.7692307692307693,0.2052083333333333,0.569377990430622,0.6638655462184874,0.2166666666666666
18036,630105,Jake Cronenworth,Jake Cronenworth,2025,"FA,FC,FS,SI,CH,SL,CU,KC,EP",1491,0.2119815668202765,0.3778801843317972,0.4101382488479262,0.146067415730337,0.0898876404494382,910,581,1491,-3.766663842723006,4.699103712897384,8.90853653185781,0.21875,0.6211920529801325,0.4225352112676056,0.6211180124223602,0.9019189765458422,0.8301587301587302,0.5063715627095908,0.0717639168343393,-6.8541181,-0.4596994030851777,7.871141398685445,26.20024120724345,-5.576317047102615,36.907508108651896,2245.593561368209,220,89.13240740740746,103.4,109.1,17.13425925925926,17,0.0772727272727272,94,0.4272727272727272,0.6925,0.9061371841155236,0.2682763246143528,0.461890243902439,0.8283828382838284,0.4399731723675386,0.1331360946745562,0.4666666666666667,0.2266934942991281,0.0515463917525773,0.0,0.0650570087189805,0.5344827586206896,0.8870967741935484,0.2334004024144869,0.3798701298701298,0.7350427350427351,0.2065727699530516
19260,641584,Jake Fraley,Jake Fraley,2025,"FA,FC,FS,SI,CH,SL,CU,KC,EP",784,0.2985074626865671,0.3208955223880597,0.3805970149253731,0.2549019607843137,0.1176470588235294,482,302,784,-3.1614531426020407,3.6736734108801024,8.26371376785714,0.2609819121447028,0.690176322418136,0.4783163265306122,0.4752475247524752,0.8722627737226277,0.7653333333333333,0.5063775510204082,0.1122448979591836,-1.6114106000000006,-0.2055370663265306,6.097489330484695,29.18046914540817,-4.511088723788266,35.93116211862245,2229.860969387755,137,85.2362962962963,104.8,108.5,19.03703703703704,7,0.0510948905109489,46,0.3357664233576642,0.783410138248848,0.923529411764706,0.2767857142857143,0.5046153846153846,0.7317073170731707,0.4145408163265306,0.2119565217391304,0.2564102564102564,0.2334183673469387,0.0344827586206896,0.0,0.0739795918367346,0.5828220858895705,0.7894736842105263,0.2079081632653061,0.4259259259259259,0.6521739130434783,0.2066326530612245
26202,663968,Jake Mangum,Jake Mangum,2025,"FA,FC,FS,SI,CH,SL,CU,KC,EP",996,0.1991150442477876,0.6371681415929203,0.163716814159292,0.1081081081081081,0.054054054054054,732,264,996,-3.926734481736946,4.424224503965863,9.01714463052209,0.4678111587982833,0.7924528301886793,0.6405622489959839,0.7201834862385321,0.8809523809523809,0.8260188087774295,0.5321285140562249,0.1114457831325301,-1.1419130999999996,-0.1146499096385541,7.396473867369474,26.928796606425696,-5.878526591736947,37.0298359437751,2180.508032128514,228,88.4081081081081,101.5,108.3,-1.600896860986547,8,0.0350877192982456,80,0.3508771929824561,0.8380281690140845,0.8781512605042017,0.2841365461847389,0.6993318485523385,0.8598726114649682,0.4508032128514056,0.4010416666666667,0.5974025974025974,0.1927710843373494,0.1267605633802817,0.2222222222222222,0.071285140562249,0.7801724137931034,0.861878453038674,0.2329317269076305,0.6129032258064516,0.8571428571428571,0.2178714859437751
21622,664983,Jake McCarthy,Jake McCarthy,2025,"FA,FC,FS,SI,CH,SL,CU,KC",717,0.1692307692307692,0.5384615384615384,0.2923076923076923,0.2105263157894736,0.1052631578947368,469,248,717,-2.1487995793165977,3.217606466443515,8.513897337517436,0.3324175824175824,0.6147308781869688,0.4714086471408647,0.6528925619834711,0.9032258064516128,0.8136094674556213,0.4923291492329149,0.0878661087866108,5.6131797999999975,0.7828702649930263,5.308928066234309,29.628027336122724,-2.725559026778243,37.148957928870296,2302.186889818689,135,84.55920000000002,101.5,110.9,6.112,9,0.0666666666666666,40,0.2962962962962963,0.6631016042780749,0.9274193548387096,0.2608089260808926,0.5326797385620915,0.8159509202453987,0.4267782426778242,0.2777777777777778,0.52,0.2510460251046025,0.0227272727272727,1.0,0.0613668061366806,0.6086956521739131,0.8979591836734694,0.2245467224546722,0.4482758620689655,0.6923076923076923,0.202231520223152
20308,676694,Jake Meyers,Jake Meyers,2025,"FA,FC,FS,SI,CH,SL,CU,KC",1098,0.2694063926940639,0.4840182648401826,0.2465753424657534,0.1296296296296296,0.0555555555555555,687,411,1098,-2.4698799792622954,4.045037720628415,8.458630965391617,0.242,0.6588628762541806,0.4690346083788707,0.512396694214876,0.8934010152284264,0.8038834951456311,0.5446265938069217,0.0919854280510018,-1.3470161000000016,-0.1226790619307833,6.740954271074682,27.588174143897984,-3.292140965273224,38.30283767759563,2347.8406193078326,225,87.8027149321267,103.8,110.4,9.479638009049774,13,0.0577777777777777,84,0.3733333333333333,0.7919463087248322,0.961864406779661,0.2704918032786885,0.4798387096774194,0.7352941176470589,0.4517304189435337,0.1699029126213592,0.3428571428571428,0.1876138433515482,0.0612244897959183,0.0,0.0892531876138433,0.5803921568627451,0.8108108108108109,0.2322404371584699,0.3734439834024896,0.6111111111111112,0.2194899817850637
19452,668670,Jake Rogers,Jake Rogers,2025,"FA,FC,FS,SI,CH,SL,CU",413,0.2153846153846154,0.4307692307692308,0.3538461538461538,0.391304347826087,0.0869565217391304,265,148,413,-2.279201741646489,3.99249613859564,8.06813461016949,0.2114285714285714,0.5966386554621849,0.4334140435835351,0.4324324324324324,0.8380281690140845,0.7541899441340782,0.576271186440678,0.1065375302663438,3.4096913,0.8255911138014528,6.655211598305088,28.228501404358347,-2.9860146278450364,36.21174917433415,2221.767554479419,68,88.13731343283582,102.3,109.2,15.462686567164178,5,0.0735294117647058,25,0.3676470588235294,0.6974789915966386,0.9156626506024096,0.288135593220339,0.4391534391534391,0.6506024096385542,0.4576271186440678,0.1805555555555555,0.3846153846153846,0.1743341404358353,0.0,0.0,0.0799031476997578,0.5,0.6923076923076923,0.2518159806295399,0.3647058823529411,0.5806451612903226,0.2058111380145278
31370,805300,Jakob Marsee,Jakob Marsee,2025,"FA,FC,FO,FS,SI,CH,SL,CU,KC",603,0.2666666666666666,0.4666666666666667,0.2666666666666666,0.1071428571428571,0.0714285714285714,359,244,603,-3.905046100497512,4.735261992868988,8.989471369817577,0.1739130434782608,0.6330275229357798,0.4228855721393035,0.5208333333333334,0.9178743961352656,0.8431372549019608,0.5422885572139303,0.066334991708126,-4.8821807,-0.8096485406301824,7.9340102686567135,26.38627343283581,-5.821222429684907,39.53877479270315,2229.660033167496,105,89.64326923076922,104.7,111.1,9.538461538461538,8,0.0761904761904762,47,0.4476190476190476,0.7613636363636364,0.9328358208955224,0.2918739635157545,0.4302325581395348,0.7747747747747747,0.4245439469320066,0.075,0.4444444444444444,0.1990049751243781,0.0204081632653061,0.0,0.0812603648424544,0.4888888888888889,0.8636363636363636,0.220563847429519,0.3658536585365853,0.6444444444444445,0.2039800995024875
12859,543510,James McCann,James McCann,2025,"FA,FC,FS,SI,CH,SL,CU,KC",319,0.2631578947368421,0.4385964912280701,0.2982456140350877,0.0588235294117647,0.2352941176470588,215,104,319,-1.3489759300940445,3.660847426018808,7.71184119122257,0.3355704697986577,0.6647058823529411,0.5109717868338558,0.42,0.8141592920353983,0.6932515337423313,0.5329153605015674,0.1567398119122257,0.4866749,0.1525626645768025,6.07546772768025,28.47443222570533,-1.3162965287147337,36.84223868338557,2397.5047021943574,58,93.07241379310346,105.7,110.3,7.120689655172414,3,0.0517241379310344,33,0.5689655172413793,0.6705882352941176,0.8771929824561403,0.2664576802507837,0.582089552238806,0.7051282051282052,0.4200626959247649,0.3333333333333333,0.2916666666666667,0.225705329153605,0.1428571428571428,0.25,0.0877742946708464,0.6973684210526315,0.7547169811320755,0.238244514106583,0.4310344827586206,0.6,0.1818181818181818
24770,681546,James Outman,James Outman,2025,"FA,FC,FS,SI,CH,SL,CU,KC",434,0.2040816326530612,0.3265306122448979,0.4693877551020408,0.217391304347826,0.217391304347826,269,165,434,-2.9440619027649766,3.5667856745622117,8.561591138248845,0.2608695652173913,0.6563876651982379,0.4677419354838709,0.3518518518518518,0.738255033557047,0.6354679802955665,0.5230414746543779,0.1705069124423963,4.0904072000000005,0.942490138248848,5.912798035023042,28.824419700460822,-4.126788683870966,37.28833341013825,2277.3963133640555,51,91.47999999999998,107.6,110.5,19.38,9,0.1764705882352941,23,0.4509803921568627,0.7614678899082569,0.8554216867469879,0.2488479262672811,0.504950495049505,0.5392156862745098,0.4654377880184331,0.1935483870967742,0.1666666666666666,0.2142857142857142,0.0,0.0,0.0691244239631336,0.5818181818181818,0.625,0.2534562211981567,0.4130434782608695,0.3947368421052631,0.2119815668202765
29518,695578,James Wood,James Wood,2025,"FA,FC,FO,FS,SI,CH,SL,CU,KC",1966,0.2899159663865546,0.5,0.2100840336134453,0.06,0.38,1160,806,1966,-2.6716666118463883,3.2364257825941,8.586094316887081,0.2373417721518987,0.5166994106090373,0.3819938962360122,0.3955555555555555,0.8174904942965779,0.6910785619174434,0.5178026449643948,0.1180061037639877,-15.803533899999996,-0.8038420091556457,5.344012048621568,29.577709496439464,-3.6533577774160726,37.76493770447609,2276.209053916582,242,95.0105042016807,112.5,116.3,6.588235294117647,41,0.1694214876033057,134,0.5537190082644629,0.6338028169014085,0.8444444444444444,0.2527975584944049,0.3897727272727272,0.673469387755102,0.4471007121057986,0.1919642857142857,0.2558139534883721,0.2278738555442523,0.0496453900709219,0.0,0.0717192268565615,0.4508196721311475,0.7318181818181818,0.2477110885045778,0.3137755102040816,0.5691056910569106,0.1993896236012207
25807,669707,Jared Triolo,Jared Triolo,2025,"FA,FC,FO,FS,SI,CH,SL,CU,KC",987,0.2576687116564417,0.4110429447852761,0.3312883435582822,0.2407407407407407,0.074074074074074,625,362,987,-2.347735504569402,4.300639449664642,8.08026099088146,0.2312633832976445,0.6634615384615384,0.458966565349544,0.4351851851851852,0.8724637681159421,0.7682119205298014,0.5268490374873354,0.1063829787234042,8.0306499,0.8136423404255319,7.184311370719351,26.52224526849037,-3.083766225126647,39.17369480982776,2339.358662613982,170,89.07151515151514,103.2,107.1,13.793939393939391,10,0.0588235294117647,67,0.3941176470588235,0.7533783783783784,0.8789237668161435,0.2978723404255319,0.4665012406947891,0.7553191489361702,0.4083080040526849,0.1690140845070422,0.2777777777777778,0.21580547112462,0.08,0.0,0.0749746707193515,0.5888324873096447,0.8620689655172413,0.1995947315096251,0.3495145631067961,0.5833333333333334,0.2087132725430597
20404,676724,Jared Young,Jared Young,2025,"FA,FC,FS,SI,CH,SL,CU,KC",188,0.2307692307692307,0.2692307692307692,0.5,0.3076923076923077,0.3076923076923077,119,69,188,-2.166930191489362,2.850863548404255,8.936103617021278,0.2872340425531915,0.6808510638297872,0.4840425531914893,0.4074074074074074,0.8125,0.6923076923076923,0.5,0.1489361702127659,1.3378443000000002,0.7116193085106385,4.673084235106383,30.546540957446805,-2.7599847819148926,33.767039361702125,2336.75,26,84.1846153846154,105.9,107.1,22.23076923076923,4,0.1538461538461538,11,0.4230769230769231,0.7647058823529411,0.8205128205128205,0.2712765957446808,0.5384615384615384,0.6666666666666666,0.4148936170212766,0.2040816326530612,0.3,0.2606382978723404,0.0,0.0,0.0531914893617021,0.5909090909090909,0.8076923076923077,0.2340425531914893,0.4705882352941176,0.4375,0.1808510638297872
22558,672284,Jarred Kelenic,Jarred Kelenic,2025,"FA,FC,FS,SI,CH,SL,CU,KC",231,0.0588235294117647,0.4411764705882353,0.5,0.2941176470588235,0.1176470588235294,151,80,231,-2.855916808225108,4.83946558008658,9.229517575757578,0.3090909090909091,0.6942148760330579,0.5108225108225108,0.2352941176470588,0.7857142857142857,0.6271186440677966,0.5238095238095238,0.1904761904761904,3.2065040000000007,1.38809696969697,8.113772644588746,26.43964311688312,-3.971477575757576,38.91399467532467,2279.398268398269,35,89.06764705882354,105.8,108.4,16.294117647058822,5,0.1428571428571428,14,0.4,0.7205882352941176,0.8163265306122449,0.2943722943722944,0.6382978723404256,0.5333333333333333,0.4069264069264069,0.1568627450980392,0.25,0.2207792207792207,0.0555555555555555,0.0,0.0779220779220779,0.7307692307692307,0.631578947368421,0.2251082251082251,0.5238095238095238,0.3636363636363636,0.1818181818181818
24617,680776,Jarren Duran,Jarren Duran,2025,"FA,FC,FO,FS,SI,CH,SL,CU,KC,EP",1836,0.2508038585209003,0.4019292604501607,0.3472668810289389,0.2407407407407407,0.1203703703703703,1138,698,1836,-3.476343119569716,4.69990738330828,8.965492293028323,0.3065539112050739,0.6292134831460674,0.4629629629629629,0.4758620689655172,0.8892857142857142,0.7482352941176471,0.4847494553376906,0.116557734204793,-24.612670299999994,-1.3405593845315902,7.881314442211328,26.397466274509792,-5.061388690174296,38.56156656045753,2229.739106753813,317,92.09238095238098,108.3,117.7,13.206349206349206,31,0.0977917981072555,153,0.4826498422712933,0.6865671641791045,0.9285714285714286,0.2554466230936819,0.5240443896424167,0.7270588235294118,0.4406318082788671,0.2430379746835443,0.2916666666666667,0.2151416122004357,0.0434782608695652,0.0,0.0876906318082788,0.599009900990099,0.8140495867768595,0.2194989106753812,0.4496314496314496,0.6120218579234973,0.2211328976034858
4940,518792,Jason Heyward,Jason Heyward,2025,"FA,FC,FS,SI,CH,SL,CU,KC",303,0.0847457627118644,0.4576271186440678,0.4576271186440678,0.2222222222222222,0.074074074074074,200,103,303,-3.694288334323433,3.5659860198019806,8.500186587458748,0.3472222222222222,0.5786163522012578,0.4686468646864686,0.52,0.8478260869565217,0.7323943661971831,0.5247524752475248,0.1254125412541254,6.973701599999998,2.3015516831683165,5.910985257755775,28.53281102310231,-5.449886892079209,33.70105269306931,2214.656765676568,61,86.44745762711867,104.3,108.9,10.47457627118644,3,0.0491803278688524,22,0.360655737704918,0.632183908045977,0.8727272727272727,0.2871287128712871,0.5476190476190477,0.7101449275362319,0.4158415841584158,0.2575757575757575,0.3529411764705882,0.2178217821782178,0.0416666666666666,1.0,0.0792079207920792,0.582089552238806,0.7948717948717948,0.2211221122112211,0.5084745762711864,0.6,0.1947194719471947
28080,691176,Jasson Domínguez,Jasson Dominguez,2025,"FA,FC,FS,SI,CH,SL,CU,KC,EP",1263,0.2047619047619047,0.4428571428571428,0.3523809523809524,0.1891891891891892,0.1216216216216216,785,478,1263,-3.0985350460807592,3.703760996207442,8.374810566904198,0.3192771084337349,0.7078464106844741,0.503562945368171,0.5801886792452831,0.8655660377358491,0.7704402515723271,0.4742676167854315,0.1155977830562153,-5.757846999999999,-0.4558865399841646,6.149119711654791,28.45655074425968,-4.404381755241488,37.58640522889944,2273.745051464766,211,91.7633333333333,106.8,112.1,13.414285714285716,18,0.0853080568720379,109,0.5165876777251185,0.779874213836478,0.907258064516129,0.2517814726840855,0.5853658536585366,0.75,0.4220110847189232,0.2317460317460317,0.4246575342465753,0.2494061757719715,0.0309278350515463,0.0,0.0760095011876484,0.6627906976744186,0.8187134502923976,0.2042755344418052,0.5127272727272727,0.6666666666666666,0.2177355502771179
12979,595879,Javier Báez,Javier Baez,2025,"FA,FC,FS,SI,CH,SL,CU,KC,EP",1065,0.1913875598086124,0.4401913875598086,0.3684210526315789,0.1818181818181818,0.1298701298701298,740,325,1065,-1.919124417323944,3.9042975809859146,8.290567737089205,0.429097605893186,0.6685823754789272,0.5464788732394367,0.4806866952789699,0.836676217765043,0.6941580756013745,0.4901408450704225,0.1671361502347418,10.8001736,1.014100807511737,6.497722743380281,29.135642253521137,-2.3341150541784037,37.14224623474178,2299.094835680751,213,87.78349056603778,103.0,110.0,12.08490566037736,10,0.0469483568075117,83,0.3896713615023474,0.6917293233082706,0.8586956521739131,0.2497652582159624,0.6142857142857143,0.7790697674418605,0.3924882629107981,0.4117647058823529,0.3714285714285714,0.2394366197183098,0.282258064516129,0.1714285714285714,0.1154929577464788,0.618421052631579,0.8226950354609929,0.212206572769953,0.609375,0.7264957264957265,0.180281690140845
28253,691594,Javier Sanoja,Javier Sanoja,2025,"FA,FC,FS,SI,CH,SL,CU,KC,EP",727,0.2781065088757396,0.4556213017751479,0.2662721893491124,0.3111111111111111,0.0666666666666666,491,236,727,-2.8445702879917483,4.851414462035763,8.651211602475923,0.25,0.5961070559610706,0.4456671251719394,0.810126582278481,0.9551020408163264,0.9197530864197532,0.5653370013755158,0.0357634112792297,0.2424976999999987,0.0333559422283354,8.134069640440167,26.25409188445668,-3.955684785419532,38.41831936313617,2351.2159559834936,175,88.30643274853804,101.4,107.0,11.099415204678362,3,0.0171428571428571,58,0.3314285714285714,0.6409090909090909,0.9645390070921984,0.3026134800550206,0.4702194357366771,0.9266666666666666,0.4387895460797799,0.2426470588235294,0.696969696969697,0.18707015130674,0.0,0.0,0.0715268225584594,0.52,0.934065934065934,0.2407152682255846,0.4097222222222222,0.9152542372881356,0.1980742778541953
20454,665862,Jazz Chisholm Jr.,Jazz Chisholm Jr.,2025,"FA,FC,FS,SI,CH,SL,CU,KC,EP",1564,0.1936936936936936,0.3558558558558558,0.4504504504504504,0.19,0.25,963,601,1564,-3.3031950949488484,3.981329423062661,8.780482347826089,0.2669220945083014,0.6645326504481434,0.4654731457800511,0.4688995215311005,0.7784200385356455,0.6895604395604396,0.4993606138107417,0.1445012787723785,-14.270553199999984,-0.9124394629156,6.629611536764702,28.39023986572891,-4.7618358297570325,37.24529194437339,2225.6918158567773,223,90.76171171171173,106.0,112.2,17.37837837837838,38,0.1704035874439461,102,0.4573991031390134,0.75,0.8350877192982457,0.2423273657289002,0.509090909090909,0.6565934065934066,0.4571611253196931,0.2182890855457227,0.3378378378378378,0.2161125319693094,0.0384615384615384,0.0,0.0831202046035805,0.6164383561643836,0.6977777777777778,0.2333759590792838,0.3971428571428571,0.5899280575539568,0.2237851662404092
15362,643446,Jeff McNeil,Jeff McNeil,2025,"FA,FC,FS,SI,CH,SL,CU,KC,EP",1304,0.2647058823529412,0.3455882352941176,0.3897058823529412,0.2169811320754717,0.1037735849056603,852,452,1304,-3.1797452557300607,3.962400379961656,8.723149247699382,0.2906976744186046,0.7421652421652422,0.5337423312883436,0.7085714285714285,0.9174664107485604,0.8649425287356322,0.5383435582822086,0.0720858895705521,-5.8553417,-0.4490292714723927,6.598429625920246,27.754783634969325,-4.545299728297546,36.215039084355816,2281.2814417177915,275,88.08029197080293,101.6,107.1,17.186131386861312,12,0.0436363636363636,94,0.3418181818181818,0.8264248704663213,0.927899686520376,0.2952453987730061,0.5815217391304348,0.8660436137071651,0.4233128834355828,0.2131782945736434,0.509090909090909,0.1978527607361963,0.0092592592592592,0.0,0.0828220858895705,0.6935483870967742,0.8976744186046511,0.2377300613496932,0.4380165289256198,0.8018867924528302,0.1855828220858895
13621,600869,Jeimer Candelario,Jeimer Candelario,2025,"FA,FC,FS,SI,CH,SL,CU",280,0.1515151515151515,0.5454545454545454,0.303030303030303,0.0,0.0,179,101,280,-3.128474825357143,3.303049391214285,8.064194314285716,0.3448275862068966,0.6666666666666666,0.5,0.36,0.7777777777777778,0.6285714285714286,0.4821428571428571,0.1857142857142857,9.1354763,3.2626701071428563,5.456691959642858,29.38545000000001,-4.451718098214285,32.571063392857134,2195.542857142857,34,86.42727272727275,99.5,104.5,9.484848484848484,2,0.0588235294117647,8,0.2352941176470588,0.7,0.8095238095238095,0.2142857142857142,0.5797101449275363,0.6375,0.4928571428571429,0.3111111111111111,0.2142857142857142,0.1607142857142857,0.1081081081081081,0.0,0.1321428571428571,0.6973684210526315,0.6792452830188679,0.2714285714285714,0.4354838709677419,0.5555555555555556,0.2214285714285714
21871,666464,Jerar Encarnacion,Jerar Encarnacion,2025,"FA,FC,FS,SI,CH,SL,CU,KC,EP",102,0.2857142857142857,0.5238095238095238,0.1904761904761904,0.0,0.25,77,25,102,-2.086096517647059,4.053697022549019,7.665309950980393,0.3409090909090909,0.6724137931034483,0.5294117647058824,0.4,0.8205128205128205,0.7037037037037037,0.5686274509803921,0.1568627450980392,2.698329,2.6454205882352944,6.745495460784314,29.228540980392157,-2.691491656862745,37.7948637254902,2368.401960784314,21,87.91428571428571,106.7,107.7,1.3333333333333333,1,0.0476190476190476,8,0.3809523809523809,0.6666666666666666,0.9,0.2941176470588235,0.5714285714285714,0.7083333333333334,0.4117647058823529,0.4,0.375,0.196078431372549,0.2,0.0,0.0980392156862745,0.6,0.7222222222222222,0.2941176470588235,0.5,0.6666666666666666,0.1176470588235294
22239,669236,Jeremiah Jackson,Jeremiah Jackson,2025,"FA,FC,FS,SI,CH,SL,CU,KC",491,0.1954022988505747,0.4942528735632184,0.3103448275862069,0.1851851851851851,0.1481481481481481,336,155,491,-1.6530473997963342,3.7503652637474554,8.563533678207742,0.3596491228070175,0.6996197718631179,0.5417515274949084,0.4756097560975609,0.7989130434782609,0.6992481203007519,0.5356415478615071,0.1629327902240326,-0.7347489000000003,-0.1496433604887984,6.2302812509165,28.370067372708757,-1.8520597969857429,37.37535287576374,2364.002036659878,90,89.0367816091954,105.2,110.5,10.5,7,0.0777777777777777,34,0.3777777777777777,0.7671232876712328,0.8125,0.2953156822810591,0.6019900497512438,0.6776859504132231,0.4093686354378819,0.297029702970297,0.4333333333333333,0.2057026476578411,0.0697674418604651,0.0,0.0875763747454175,0.6699029126213593,0.7536231884057971,0.2097759674134419,0.5306122448979592,0.5769230769230769,0.1995926680244399
21636,665161,Jeremy Peña,Jeremy Pena,2025,"FA,FC,FS,SI,CH,SL,CU,KC",1425,0.2555205047318612,0.4605678233438486,0.2839116719242902,0.1666666666666666,0.1444444444444444,941,484,1425,-2.6633919712091214,3.9890435896736833,8.376409344561402,0.3439226519337016,0.6562054208273894,0.4975438596491228,0.4698795180722891,0.8934782608695652,0.7447108603667136,0.4919298245614035,0.1270175438596491,-18.4235166,-1.292878357894737,6.643310375657539,27.82360486315789,-3.633746801501756,36.43920532631581,2335.72350877193,320,88.75440251572324,104.8,109.9,8.60062893081761,26,0.08125,131,0.409375,0.7309782608695652,0.9219330855018588,0.2575438596491228,0.5454545454545454,0.7654320987654321,0.4168421052631579,0.322289156626506,0.2990654205607476,0.2329824561403508,0.0687022900763358,0.0,0.0912280701754386,0.5974025974025974,0.8369565217391305,0.216140350877193,0.4895104895104895,0.6714285714285714,0.2007017543859649
13590,608385,Jesse Winker,Jesse Winker,2025,"FA,FC,FS,SI,CH,SL,CU,KC,EP",295,0.2083333333333333,0.375,0.4166666666666667,0.55,0.05,180,115,295,-2.610816658508474,4.003150250508474,9.048861061016948,0.1791044776119403,0.6645962732919255,0.4440677966101695,0.5,0.8411214953271028,0.7786259541984732,0.5457627118644067,0.0983050847457627,1.9439944,0.6589811525423728,6.671367528813559,29.308255491525436,-3.557617569491525,34.04457959322035,2273.9457627118645,48,88.96875000000001,104.9,109.3,21.3125,3,0.0625,21,0.4375,0.75,0.9027777777777778,0.3254237288135593,0.4308943089430894,0.6415094339622641,0.4101694915254237,0.1016949152542373,0.5,0.2,0.0,0.0,0.0576271186440678,0.5789473684210527,0.6666666666666666,0.1932203389830508,0.303030303030303,0.6,0.2169491525423728
19913,660821,Jesús Sánchez,Jesus Sanchez,2025,"FA,FC,FS,SI,CH,SL,CU,KN,KC",1668,0.2354948805460751,0.4744027303754266,0.2901023890784983,0.2235294117647059,0.1529411764705882,1040,628,1668,-3.463389520115109,4.746140994892086,9.089876521582733,0.3031727379553466,0.6817625458996328,0.4886091127098321,0.5581395348837209,0.8545780969479354,0.7607361963190185,0.4898081534772182,0.1169064748201438,-0.0798044999999976,-0.004784442446043,7.952456521768584,26.408318591127067,-5.046992604718224,38.34935920323741,2257.013788968825,297,91.82176870748302,108.6,114.8,9.629251700680271,35,0.1178451178451178,133,0.4478114478114478,0.7985257985257985,0.8769230769230769,0.2428057553956834,0.5204755614266843,0.7360406091370558,0.4538369304556355,0.2367021276595744,0.5056179775280899,0.2254196642685851,0.0546875,0.0,0.0767386091127098,0.5974683544303797,0.7754237288135594,0.236810551558753,0.43646408839779,0.6772151898734177,0.2170263788968825
24257,678877,Jhonkensy Noel,Jhonkensy Noel,2025,"FA,FC,FS,SI,CH,SL,CU,KC",253,0.1590909090909091,0.4772727272727273,0.3636363636363636,0.3125,0.125,174,79,253,-1.8280406600790515,3.776103619762846,8.75162256126482,0.4242424242424242,0.7603305785123967,0.5849802371541502,0.5892857142857143,0.7717391304347826,0.7027027027027027,0.4782608695652174,0.1739130434782608,7.666958500000001,3.0304183794466404,6.297460158102766,29.084563003952567,-2.1611659063241118,36.526433628458506,2300.901185770751,45,90.66888888888892,108.4,116.6,9.755555555555556,2,0.0444444444444444,19,0.4222222222222222,0.7719298245614035,0.7727272727272727,0.225296442687747,0.6893203883495146,0.7464788732394366,0.4071146245059288,0.4705882352941176,0.53125,0.2687747035573122,0.04,0.0,0.0988142292490118,0.6909090909090909,0.7368421052631579,0.217391304347826,0.6875,0.7575757575757576,0.1897233201581027
19802,640902,Jhonny Pereda,Jhonny Pereda,2025,"FA,FC,FS,SI,CH,SL,CU",228,0.2352941176470588,0.5294117647058824,0.2352941176470588,0.5,0.0,135,93,228,-1.8284856907894735,4.731591640350877,8.239072618421051,0.1714285714285714,0.5853658536585366,0.3947368421052631,0.6666666666666666,0.75,0.7333333333333333,0.5394736842105263,0.1052631578947368,-0.4784397999999997,-0.2098420175438595,7.927214533596492,26.424845657894732,-2.161176635526316,36.313281315789474,2364.4166666666665,36,88.9142857142857,104.3,106.8,8.571428571428571,1,0.0277777777777777,16,0.4444444444444444,0.6984126984126984,0.75,0.2763157894736842,0.4020618556701031,0.7692307692307693,0.425438596491228,0.1372549019607843,0.4285714285714285,0.2236842105263158,0.0,0.0,0.0745614035087719,0.4897959183673469,0.7916666666666666,0.2149122807017544,0.3125,0.7333333333333333,0.2105263157894736
28142,691373,Jhostynxon Garcia,Jhostynxon Garcia,2025,"FA,SI,CH,SL",8,1.0,0.0,0.0,0.0,0.0,6,2,8,-5.147681249999999,1.9300875000000004,11.36866,0.3333333333333333,0.6,0.5,0.0,0.6666666666666666,0.5,0.625,0.25,0.5731328,7.16416,3.0823024999999995,31.244175,-8.0095,33.3126625,2580.375,1,95.6,95.6,95.6,10.0,0,0.0,1,1.0,0.5,1.0,0.25,0.5,0.3333333333333333,0.75,0.0,0.0,0.0,0.0,0.0,0.0,0.6666666666666666,0.5,0.375,0.3333333333333333,0.0,0.375
23818,678225,Jihwan Bae,Jihwan Bae,2025,"FA,FC,FO,FS,SI,CH,SL,CU,KC",87,0.0,0.5,0.5,0.2,0.0,47,40,87,-3.253780540229885,5.563548793103449,8.506580229885056,0.3018867924528302,0.6176470588235294,0.425287356321839,0.4375,0.8095238095238095,0.6486486486486487,0.3908045977011494,0.1494252873563218,1.7963730999999998,2.064796666666666,9.369884975862067,23.88263528735632,-4.677931206896552,39.17421494252874,2287.7241379310344,10,88.76666666666665,98.3,104.0,12.555555555555555,2,0.2,4,0.4,0.6470588235294118,0.8181818181818182,0.1954022988505747,0.5263157894736842,0.65,0.4367816091954023,0.2142857142857142,0.3333333333333333,0.3218390804597701,0.0,0.0,0.0459770114942528,0.7058823529411765,0.75,0.1954022988505747,0.3809523809523809,0.5,0.2413793103448276
31354,699625,Jimmy Crooks,Jimmy Crooks,2025,"FA,FC,FS,SI,CH,SL,CU",168,0.1428571428571428,0.3809523809523809,0.4761904761904761,0.2,0.0,114,54,168,-3.197411178571429,3.8327469126785703,8.605236273809524,0.2857142857142857,0.7032967032967034,0.5119047619047619,0.5,0.84375,0.7558139534883721,0.5416666666666666,0.125,5.4798331,3.261805416666667,6.372752089285714,28.027723571428574,-4.57318280297619,35.22792583333334,2206.2976190476197,22,89.05,101.7,106.7,19.13636363636364,1,0.0454545454545454,7,0.3181818181818182,0.7692307692307693,0.85,0.3095238095238095,0.5333333333333333,0.75,0.4464285714285714,0.1666666666666666,0.2,0.1785714285714285,0.0909090909090909,0.0,0.0654761904761904,0.6388888888888888,0.782608695652174,0.2142857142857142,0.4358974358974359,0.7058823529411765,0.2321428571428571
20220,666176,Jo Adell,Jo Adell,2025,"FA,FC,FO,FS,SI,CH,SL,CU,KC",1800,0.2376237623762376,0.3696369636963696,0.3927392739273927,0.226890756302521,0.2521008403361344,1182,618,1800,-2.3582489835816656,3.990539003716667,8.561494003333335,0.3171557562076749,0.7297592997811816,0.5266666666666666,0.4377224199288256,0.8545727136431784,0.7310126582278481,0.5077777777777778,0.1416666666666666,-0.3191620999999924,-0.0177312277777773,6.645782311611111,27.61891987777776,-3.0971948377722214,36.94917163333336,2337.5866666666666,309,91.7481967213115,109.0,115.7,16.513071895424837,53,0.1715210355987055,151,0.4886731391585761,0.7823275862068966,0.8925619834710744,0.2577777777777778,0.599195710455764,0.7427293064876958,0.4138888888888888,0.3091334894613583,0.2803030303030303,0.2372222222222222,0.0368098159509202,0.0,0.0905555555555555,0.6854219948849105,0.7985074626865671,0.2166666666666666,0.504225352112676,0.659217877094972,0.1972222222222222
11899,592626,Joc Pederson,Joc Pederson,2025,"FA,FC,FS,SI,CH,SL,CU,KC,EP",1152,0.1989528795811518,0.3926701570680628,0.4083769633507853,0.2564102564102564,0.1025641025641025,711,441,1152,-3.26256796559462,3.9300396570225686,8.732169855034721,0.2646536412078152,0.6451612903225806,0.4592013888888889,0.5771812080536913,0.8473684210526315,0.7712665406427222,0.5112847222222222,0.1050347222222222,11.1422743,0.9672113107638888,6.540714719097222,28.481716571180552,-4.691312729253472,36.95669515624999,2222.828993055556,193,91.28842105263158,107.0,113.7,17.727748691099478,18,0.0932642487046632,88,0.4559585492227979,0.7033333333333334,0.8530805687203792,0.2604166666666667,0.5315682281059063,0.8007662835249042,0.4253472222222222,0.2029520295202952,0.3272727272727272,0.2352430555555555,0.0222222222222222,0.5,0.078125,0.5976095617529881,0.86,0.2178819444444444,0.4625,0.7207207207207207,0.2074652777777778
21524,663698,Joey Bart,Joey Bart,2025,"FA,FC,FO,FS,SI,CH,SL,CU,KC",1004,0.2222222222222222,0.5555555555555556,0.2222222222222222,0.125,0.03125,589,415,1004,-2.3955397518027883,4.172903631673306,8.227738407370518,0.2281746031746031,0.57,0.398406374501992,0.4434782608695652,0.8596491228070176,0.74,0.49800796812749,0.1035856573705179,10.483310500000002,1.0441544322709166,6.96245636813745,26.987028685258963,-3.1673345728087665,37.58564799442231,2365.1932270916336,148,88.5445205479452,108.0,113.1,7.664383561643835,16,0.1081081081081081,61,0.4121621621621621,0.6045627376425855,0.89937106918239,0.2619521912350597,0.4671532846715328,0.7135416666666666,0.4093625498007968,0.1694915254237288,0.4,0.2350597609561753,0.0957446808510638,0.0,0.0926294820717131,0.5471698113207547,0.7931034482758621,0.2111553784860557,0.3819095477386934,0.5921052631578947,0.198207171314741
29630,694388,Joey Loperfido,Joey Loperfido,2025,"FA,FC,FS,SI,CH,SL,CU,KC,EP",309,0.3461538461538461,0.2884615384615384,0.3653846153846153,0.2631578947368421,0.2105263157894736,201,108,309,-2.843034374433657,3.776110267605178,8.726419838187702,0.3071895424836601,0.7243589743589743,0.517799352750809,0.5106382978723404,0.7787610619469026,0.7,0.5048543689320388,0.1553398058252427,-5.555328400000002,-1.797840906148868,6.27463969288026,29.10592381877024,-3.9601583459546927,37.635452980582535,2279.5922330097087,54,88.04339622641511,103.7,107.2,17.943396226415093,4,0.074074074074074,24,0.4444444444444444,0.8142857142857143,0.8421052631578947,0.2265372168284789,0.6137931034482759,0.6741573033707865,0.4692556634304207,0.1842105263157894,0.2857142857142857,0.2427184466019417,0.0,0.0,0.058252427184466,0.65,0.7115384615384616,0.2588996763754045,0.5692307692307692,0.6216216216216216,0.2103559870550161
25493,687401,Joey Ortiz,Joey Ortiz,2025,"FA,FC,FO,FS,SI,CH,SL,CU,KC,EP",1342,0.2357142857142857,0.4214285714285714,0.3428571428571428,0.4583333333333333,0.0520833333333333,926,416,1342,-2.159467244783904,4.089172438330849,8.278194000745156,0.3163444639718805,0.5575679172056921,0.455290611028316,0.6611111111111111,0.9164733178654292,0.8412438625204582,0.5760059612518629,0.0722801788375558,25.26628009999999,1.8827332414307,6.81653872627422,27.418762459016385,-2.7467030101341283,38.63395184798809,2344.0171385991057,287,84.76557971014496,103.7,109.8,15.021739130434783,7,0.024390243902439,93,0.3240418118466899,0.5956416464891041,0.926829268292683,0.3077496274217585,0.4684838160136286,0.8363636363636363,0.4374068554396423,0.3171641791044776,0.611764705882353,0.198956780923994,0.0675675675675675,0.8,0.0551415797317436,0.5184049079754601,0.8875739644970414,0.2429210134128167,0.4061302681992337,0.7547169811320755,0.1944858420268256
27690,686894,Joey Wiemer,Joey Wiemer,2025,"FA,FC,FO,FS,SI,CH,SL,CU,KC",95,0.25,0.5625,0.1875,0.0,0.3333333333333333,66,29,95,-2.605579649473684,4.242513748421053,7.7271923578947375,0.3809523809523809,0.6981132075471698,0.5578947368421052,0.375,0.8378378378378378,0.6981132075471698,0.5578947368421052,0.1684210526315789,0.8649955000000001,0.9105215789473686,7.086020451578948,27.374930842105265,-3.53425251368421,44.36153578947368,2307.1684210526314,16,88.275,102.9,106.7,-1.1875,2,0.125,8,0.5,0.8461538461538461,0.9090909090909092,0.2736842105263158,0.5681818181818182,0.64,0.4631578947368421,0.2777777777777778,0.2,0.1894736842105263,0.1428571428571428,0.0,0.0736842105263157,0.6153846153846154,0.6875,0.2736842105263158,0.5,0.5555555555555556,0.1894736842105263
24336,679032,Johan Rojas,Johan Rojas,2025,"FA,FC,FS,SI,CH,SL,CU,KC,EP",347,0.2419354838709677,0.5967741935483871,0.1612903225806451,0.4,0.0,245,102,347,-2.7598140723342945,4.068763000576369,8.47080648414986,0.3952095808383233,0.6388888888888888,0.521613832853026,0.5757575757575758,0.8695652173913043,0.7624309392265194,0.5187319884726225,0.1239193083573487,5.559688900000002,1.602215821325649,6.779784053602306,27.13104965417868,-3.803808867723344,37.59634201729106,2327.005763688761,65,87.64666666666666,102.7,107.8,2.533333333333333,2,0.0307692307692307,27,0.4153846153846154,0.6777777777777778,0.9016393442622952,0.2593659942363112,0.5782312925170068,0.7764705882352941,0.4236311239193083,0.3820224719101123,0.5,0.2564841498559078,0.0476190476190476,0.0,0.0605187319884726,0.6091954022988506,0.8301886792452831,0.2507204610951009,0.5333333333333333,0.6875,0.1729106628242075
26284,670231,John Rave,John Rave,2025,"FA,FC,FS,SI,CH,SL,CU,KC,EP",663,0.1789473684210526,0.5473684210526316,0.2736842105263158,0.0769230769230769,0.1538461538461538,412,251,663,-2.4862564410256405,3.688025290256409,8.081896726998492,0.2515723270440251,0.5855072463768116,0.4253393665158371,0.625,0.8663366336633663,0.7978723404255319,0.5203619909502263,0.085972850678733,6.480386799999998,0.9774339064856707,6.120146792307692,29.198175520362,-3.3263011941176472,38.63656776772246,2279.8325791855204,96,89.61612903225806,104.2,109.5,7.010752688172043,6,0.0625,42,0.4375,0.6497175141242938,0.9043478260869564,0.2669683257918552,0.4931972789115646,0.7724137931034483,0.4419306184012066,0.1538461538461538,0.4090909090909091,0.2156862745098039,0.0,0.0,0.0739064856711915,0.5625,0.8181818181818182,0.2654600301659125,0.3898305084745763,0.6739130434782609,0.1764705882352941
22530,671286,Johnathan Rodríguez,Johnathan Rodriguez,2025,"FA,FC,FS,SI,CH,SL,CU",80,0.1428571428571428,0.8571428571428571,0.0,0.0,0.0,52,28,80,-2.843823175,4.499544687499999,8.019283249999999,0.2285714285714285,0.5777777777777777,0.425,0.125,0.8076923076923077,0.6470588235294118,0.5625,0.15,3.6688141,4.586017624999999,7.525910475000001,25.78794125,-3.9501728750000007,37.832876250000005,2348.8875,14,87.36428571428571,104.0,104.5,-21.5,0,0.0,8,0.5714285714285714,0.5185185185185185,0.8571428571428571,0.3375,0.5806451612903226,0.5,0.3875,0.0769230769230769,1.0,0.1625,0.1111111111111111,0.0,0.1125,0.6923076923076923,0.7777777777777778,0.1625,0.5,0.2222222222222222,0.225
12037,542932,Jon Berti,Jon Berti,2025,"FA,FC,FS,SI,CH,SL,CU,KC,EP",277,0.2941176470588235,0.5686274509803921,0.1372549019607843,0.2857142857142857,0.0,179,98,277,-3.5477048830324924,5.167323699638988,9.250485935018048,0.2622950819672131,0.6451612903225806,0.4765342960288808,0.53125,0.8,0.7348484848484849,0.5595667870036101,0.1263537906137184,5.0373791,1.8185484115523465,8.680344707220218,26.859871768953067,-5.194391859205777,37.49345126353791,2305.1516245487364,52,86.67254901960784,103.4,111.3,4.176470588235294,2,0.0384615384615384,17,0.3269230769230769,0.7727272727272727,0.8235294117647058,0.3176895306859206,0.4594594594594595,0.6862745098039216,0.4007220216606498,0.1864406779661017,0.4545454545454545,0.2129963898916967,0.1052631578947368,0.5,0.0685920577617328,0.53125,0.6764705882352942,0.2310469314079422,0.3617021276595745,0.7058823529411765,0.1696750902527075
10441,572138,Jon Singleton,Jon Singleton,2025,"FA,FC,SI,CH,SL",20,0.0,0.6666666666666666,0.3333333333333333,0.0,0.0,14,6,20,0.36036775,2.9801501000000004,7.509161999999999,0.1666666666666666,0.7142857142857143,0.55,0.0,1.0,0.9090909090909092,0.7,0.05,1.0838336,5.419168,4.89827465,28.603086500000007,1.6955170999999996,37.991215,2326.8,6,78.28333333333333,99.9,99.9,2.333333333333333,0,0.0,3,0.5,0.7142857142857143,1.0,0.35,0.625,1.0,0.4,0.3333333333333333,0.0,0.15,0.0,0.0,0.1,0.8333333333333334,1.0,0.3,0.0,0.0,0.1
24703,681146,Jonah Bride,Jonah Bride,2025,"FA,FC,FO,FS,SI,CH,SL,CU,KC,EP",254,0.1764705882352941,0.6470588235294118,0.1764705882352941,0.5,0.0,160,94,254,-2.5567376405511806,4.290420362204726,8.402555338582674,0.2521739130434782,0.3884892086330935,0.326771653543307,0.5517241379310345,0.8148148148148148,0.7228915662650602,0.547244094488189,0.0905511811023622,7.047808899999999,2.7747279133858265,7.151123505590553,30.371261811023626,-3.4881882795275594,36.10609136614173,2290.062992125984,35,87.13235294117648,100.4,104.5,4.823529411764706,2,0.0571428571428571,9,0.2571428571428571,0.4210526315789473,0.875,0.2992125984251969,0.38,0.6842105263157895,0.389763779527559,0.2156862745098039,0.5454545454545454,0.2007874015748031,0.074074074074074,0.0,0.1062992125984252,0.4310344827586206,0.68,0.2283464566929134,0.3095238095238095,0.6923076923076923,0.1614173228346456
16930,641680,Jonah Heim,Jonah Heim,2025,"FA,FC,FS,SI,CH,SL,CU,KN,KC",1173,0.2232558139534883,0.3906976744186046,0.386046511627907,0.2289156626506024,0.0843373493975903,767,406,1173,-3.578993379198636,4.700002157297528,9.128876747655578,0.2992565055762082,0.6566929133858268,0.4927536231884058,0.6211180124223602,0.8441247002398081,0.7820069204152249,0.5413469735720375,0.1074168797953964,11.9139205,1.0156794970161978,7.873255789769821,25.94612063086104,-5.261059515950551,37.02149843137257,2189.4978687127023,222,87.67798165137614,101.5,109.6,15.8348623853211,12,0.054054054054054,70,0.3153153153153153,0.7181008902077152,0.8347107438016529,0.2864450127877238,0.5265151515151515,0.7733812949640287,0.4501278772378516,0.25,0.625,0.1901108269394714,0.0238095238095238,0.0,0.0716112531969309,0.6064981949458483,0.8214285714285714,0.2361466325660699,0.4382470119521912,0.7,0.2139812446717817
26599,682729,Jonatan Clase,Jonatan Clase,2025,"FA,FC,FS,SI,CH,SL,CU,KC,EP",312,0.14,0.4,0.46,0.1304347826086956,0.0869565217391304,200,112,312,-3.3722512461538465,5.498498790608974,9.325183717948716,0.2697368421052631,0.6125,0.4455128205128205,0.5121951219512195,0.8571428571428571,0.7553956834532374,0.5128205128205128,0.1089743589743589,2.4958103000000005,0.7999391987179489,9.251356256410256,25.64787080128205,-4.894219525961538,38.10092257692308,2277.6666666666665,51,89.37173913043479,102.7,108.1,18.32608695652174,5,0.0980392156862745,19,0.3725490196078431,0.7078651685393258,0.873015873015873,0.2852564102564102,0.4776119402985074,0.71875,0.4294871794871794,0.1549295774647887,0.3636363636363636,0.2243589743589743,0.0555555555555555,0.0,0.0576923076923076,0.5,0.84375,0.2051282051282051,0.4571428571428571,0.59375,0.2243589743589743
21837,666018,Jonathan Aranda,Jonathan Aranda,2025,"FA,FC,FS,SI,CH,SL,CU,KC,EP",1329,0.3381642512077294,0.3140096618357488,0.3478260869565217,0.1388888888888889,0.1805555555555555,858,471,1329,-3.506204535974418,4.562093775537998,8.87458410458992,0.3090332805071315,0.6891117478510028,0.508653122648608,0.6205128205128205,0.8357588357588358,0.7736686390532544,0.5252069224981188,0.1151241534988713,-18.5215383,-1.3936447178329567,7.63193376311512,26.839405116629035,-5.1435395547780285,37.0754520165538,2202.755455229496,207,94.126213592233,107.5,111.4,16.54854368932039,33,0.1594202898550724,118,0.5700483091787439,0.7749287749287749,0.8676470588235294,0.2626034612490594,0.5746527777777778,0.7552870090634441,0.4319036869826937,0.2262295081967213,0.5217391304347826,0.2287434161023326,0.0412371134020618,0.25,0.072987208427389,0.6483180428134556,0.7405660377358491,0.2445447705041384,0.4779116465863454,0.7815126050420168,0.1873589164785553
21523,663697,Jonathan India,Jonathan India,2025,"FA,FC,FS,SI,CH,SL,CU,KC,EP",1876,0.2271293375394321,0.3690851735015772,0.4037854889589905,0.2890625,0.0546875,1176,700,1876,-2.8828371643869937,4.7580309264072485,8.530586460660983,0.2059186189889026,0.5596244131455399,0.4067164179104477,0.5988023952095808,0.8909395973154363,0.8269986893840104,0.5676972281449894,0.0703624733475479,6.570345900000002,0.3502316577825161,7.970671716151386,26.250464120469093,-4.0221312578475485,38.37399727238806,2324.861407249467,320,87.82789968652041,104.9,110.8,17.9153605015674,18,0.05625,118,0.36875,0.610051993067591,0.9176136363636364,0.306503198294243,0.4284009546539379,0.8105849582172702,0.4461620469083155,0.1285714285714285,0.3777777777777777,0.1865671641791045,0.063063063063063,0.0,0.0591684434968017,0.5436241610738255,0.8683127572016461,0.2377398720682302,0.2966751918158568,0.6896551724137931,0.2084221748400853
24597,680716,Jonathan Ornelas,Jonathan Ornelas,2025,"FA,FC,SL,CU",30,0.0,0.75,0.25,1.0,0.0,21,9,30,2.7141163666666666,3.1557089,6.9297656666666665,0.3076923076923077,0.7647058823529411,0.5666666666666667,0.25,0.8461538461538461,0.7058823529411765,0.5666666666666667,0.1666666666666666,1.035496,3.4516533333333337,5.201873399999999,31.25610933333333,5.842751566666666,38.76899000000001,2504.0,4,86.175,100.9,100.9,3.0,0,0.0,2,0.5,0.6666666666666666,0.875,0.4,0.875,0.7142857142857143,0.2666666666666666,0.125,0.0,0.2666666666666666,0.5,0.0,0.0666666666666666,1.0,1.0,0.1666666666666666,0.6666666666666666,0.0,0.1
26365,676356,Jonny DeLuca,Jonny DeLuca,2025,"FA,FC,FS,SI,CH,SL,CU,KC",130,0.1538461538461538,0.5,0.3461538461538461,0.2222222222222222,0.0,96,34,130,-3.1956060230769228,4.3277096646153845,8.298841846153847,0.4375,0.6060606060606061,0.5230769230769231,0.6428571428571429,0.875,0.7794117647058824,0.5076923076923077,0.1153846153846153,-2.0049978999999998,-1.5423060769230763,7.228739586153845,26.286100769230767,-4.5700041,33.97767438461538,2317.784615384616,26,86.7576923076923,103.6,106.4,11.23076923076923,0,0.0,7,0.2692307692307692,0.6216216216216216,0.9130434782608696,0.2846153846153846,0.6206896551724138,0.7777777777777778,0.4461538461538462,0.36,0.4444444444444444,0.1923076923076923,0.0,0.0,0.0769230769230769,0.625,0.8,0.1846153846153846,0.6176470588235294,0.7619047619047619,0.2615384615384615
23917,678391,Jorbit Vivas,Jorbit Vivas,2025,"FA,FC,FS,SI,CH,SL,CU,KC",223,0.2894736842105263,0.3684210526315789,0.3421052631578947,0.3076923076923077,0.0769230769230769,137,86,223,-3.584765066098654,5.251096909865472,8.917657641255605,0.2040816326530612,0.744,0.5067264573991032,0.55,0.8387096774193549,0.7876106194690266,0.5605381165919282,0.1076233183856502,2.962317,1.328393273542601,8.825647836771301,24.511739820627803,-5.25568735426009,37.56630152466368,2296.946188340807,40,87.07105263157895,101.0,106.9,18.710526315789476,2,0.05,16,0.4,0.8648648648648649,0.890625,0.3318385650224215,0.4583333333333333,0.7045454545454546,0.4304932735426009,0.073170731707317,0.3333333333333333,0.1838565022421524,0.1666666666666666,0.0,0.0538116591928251,0.6274509803921569,0.6875,0.2286995515695067,0.2666666666666666,0.75,0.2017937219730941
31431,687597,Jordan Beck,Jordan Beck,2025,"FA,FC,FO,FS,SI,CH,SL,CU,KC",1780,0.2608695652173913,0.4347826086956521,0.3043478260869565,0.1666666666666666,0.1309523809523809,1152,628,1780,-2.028171851578652,3.576141335893257,7.260830169101122,0.2704257767548906,0.6564215148188803,0.4679775280898876,0.4723404255319149,0.7876254180602007,0.6986794717887155,0.5117977528089888,0.1410112359550561,2.1753567000000005,0.1222110505617977,5.931775846629215,28.071769275280893,-2.516514034662922,38.28009751235954,2347.614606741573,282,86.24708029197082,104.8,111.0,12.22992700729927,21,0.0744680851063829,99,0.351063829787234,0.724669603524229,0.8024316109422492,0.2550561797752809,0.5224646983311938,0.7125307125307125,0.4370786516853933,0.2095238095238095,0.3181818181818182,0.2359550561797752,0.0708661417322834,0.0,0.0713483146067415,0.6141552511415526,0.7472118959107806,0.2455056179775281,0.4046920821114369,0.644927536231884,0.1915730337078651
29976,691783,Jordan Lawlar,Jordan Lawlar,2025,"FA,FC,FS,SI,CH,SL,CU,KC",144,0.3333333333333333,0.5555555555555556,0.1111111111111111,0.0,0.0,94,50,144,-0.786780682986111,2.611204344722222,8.003702208333332,0.25,0.5875,0.4375,0.125,0.7872340425531915,0.6190476190476191,0.5555555555555556,0.1666666666666666,2.774852100000001,1.9269806250000008,4.260217222916666,30.80304805555556,-0.3257232083333335,35.28021944444444,2364.118055555556,18,84.77777777777777,102.0,104.1,5.222222222222222,0,0.0,5,0.2777777777777778,0.6,0.8095238095238095,0.2430555555555555,0.4696969696969697,0.6774193548387096,0.4583333333333333,0.34375,0.0909090909090909,0.2222222222222222,0.0,0.0,0.0763888888888889,0.5,0.75,0.2777777777777778,0.4230769230769231,0.5454545454545454,0.1805555555555555
27475,691023,Jordan Walker,Jordan Walker,2025,"FA,FC,FS,SI,CH,SL,CU,KC",1154,0.2023809523809523,0.4702380952380952,0.3273809523809524,0.2909090909090909,0.0727272727272727,747,407,1154,-2.022623416984402,3.822331498700173,8.040298653379551,0.3263888888888889,0.657439446366782,0.4922010398613518,0.3776595744680851,0.7947368421052632,0.6566901408450704,0.5008665511265165,0.1689774696707105,16.251706000000002,1.4082934142114387,6.355529035268631,28.04719019930676,-2.505009058058925,35.810002147313696,2363.560658578856,173,92.45465116279068,111.4,117.9,10.616279069767442,19,0.1098265895953757,87,0.5028901734104047,0.6917808219178082,0.8267326732673267,0.2521663778162911,0.5739130434782609,0.6704545454545454,0.3986135181975737,0.3050847457627119,0.3111111111111111,0.255632582322357,0.1121495327102803,0.0833333333333333,0.0927209705372617,0.6345381526104418,0.759493670886076,0.2157712305025996,0.5023696682464455,0.5377358490566038,0.182842287694974
27815,676059,Jordan Westburg,Jordan Westburg,2025,"FA,FC,FS,SI,CH,SL,CU,KC,EP",889,0.2048192771084337,0.4337349397590361,0.3614457831325301,0.2333333333333333,0.2,589,300,889,-3.183390006546681,5.059278034533183,8.814367092238468,0.25,0.7027027027027027,0.4949381327334083,0.5490196078431373,0.8017751479289941,0.7431818181818182,0.5410573678290214,0.1271091113610798,-3.9010863000000007,-0.4388173565804275,8.493068799100111,25.46824905511811,-4.550719098987627,38.15571955118111,2283.721034870641,169,90.00177514792895,106.2,111.8,13.863905325443788,21,0.1242603550295858,73,0.4319526627218935,0.7802197802197802,0.8309859154929577,0.3070866141732283,0.5070028011204482,0.7016574585635359,0.4015748031496063,0.2171717171717171,0.5348837209302325,0.2227221597300337,0.0491803278688524,0.0,0.0686164229471316,0.625,0.7333333333333333,0.2159730033745781,0.3696969696969697,0.639344262295082,0.1856017997750281
23788,677941,Jordyn Adams,Jordyn Adams,2025,"FA,SL",13,0.5,0.0,0.5,0.0,0.0,10,3,13,0.9274476923076922,5.136346538461538,8.988906923076923,0.4285714285714285,0.8333333333333334,0.6153846153846154,0.0,0.6,0.375,0.4615384615384615,0.3846153846153846,1.1144216,8.572473846153846,8.627186230769231,24.905776923076925,2.694696923076923,33.27890000000001,2529.6153846153848,3,91.55,105.9,105.9,25.5,0,0.0,1,0.3333333333333333,1.0,0.6666666666666666,0.2307692307692307,0.5,0.3333333333333333,0.4615384615384615,1.0,0.0,0.1538461538461538,0.0,0.0,0.1538461538461538,0.5,0.5,0.3076923076923077,0.5,0.0,0.1538461538461538
12180,595751,Jorge Alfaro,Jorge Alfaro,2025,"FA,FC,FS,SI,CH,SL,CU",103,0.1666666666666666,0.5,0.3333333333333333,0.1666666666666666,0.0,79,24,103,-2.747980815533981,4.774978433980583,8.941191407766992,0.52,0.8113207547169812,0.6699029126213593,0.5,0.7674418604651163,0.6666666666666666,0.5145631067961165,0.2233009708737864,2.6525528,2.575293980582524,8.015925719417476,24.76502310679612,-3.78585404854369,40.20152912621359,2418.2912621359224,19,85.77368421052631,109.8,113.3,9.842105263157896,1,0.0526315789473684,8,0.4210526315789473,0.8064516129032258,0.8,0.3009708737864077,0.75,0.6666666666666666,0.4660194174757281,0.4705882352941176,0.25,0.1650485436893204,0.0,0.0,0.0679611650485436,0.7619047619047619,0.625,0.203883495145631,0.7407407407407407,0.7,0.2621359223300971
23968,678489,Jorge Barrosa,Jorge Barrosa,2025,"FA,FC,FS,SI,CH,SL,CU",134,0.2272727272727272,0.5454545454545454,0.2272727272727272,0.0,0.0,90,44,134,-3.916867427611941,4.24952252238806,8.80388821641791,0.3529411764705882,0.5606060606060606,0.4552238805970149,0.4583333333333333,0.8108108108108109,0.6721311475409836,0.4925373134328358,0.1492537313432835,5.0642922,3.779322537313433,7.093523339552239,27.25874753731344,-5.840842447761195,36.89550380597015,2267.873134328358,22,85.71428571428571,97.4,108.0,-5.333333333333333,0,0.0,7,0.3181818181818182,0.5641025641025641,0.7727272727272727,0.291044776119403,0.4909090909090909,0.7037037037037037,0.4104477611940298,0.3333333333333333,0.4444444444444444,0.2014925373134328,0.2307692307692307,0.3333333333333333,0.0970149253731343,0.4642857142857143,0.8461538461538461,0.208955223880597,0.5185185185185185,0.5714285714285714,0.2014925373134328
17273,622761,Jorge Mateo,Jorge Mateo,2025,"FA,FC,FS,SI,CH,SL,CU,KC,EP",188,0.1304347826086956,0.6086956521739131,0.2608695652173913,0.3333333333333333,0.1666666666666666,131,57,188,-2.946938082978723,4.5265504473404246,8.97428800531915,0.3373493975903614,0.6571428571428571,0.5159574468085106,0.5357142857142857,0.7681159420289855,0.7010309278350515,0.5585106382978723,0.1542553191489361,4.1323257,2.198045585106383,7.570581702127661,28.28440494680851,-4.144555702127659,38.855259574468086,2250.86170212766,23,84.46086956521738,101.6,107.7,7.869565217391305,1,0.0434782608695652,8,0.3478260869565217,0.7291666666666666,0.7428571428571429,0.25,0.5909090909090909,0.7307692307692307,0.4680851063829787,0.2307692307692307,0.3333333333333333,0.2074468085106383,0.0769230769230769,1.0,0.0691489361702127,0.5510204081632653,0.7037037037037037,0.2606382978723404,0.6410256410256411,0.76,0.2074468085106383
13152,593871,Jorge Polanco,Jorge Polanco,2025,"FA,FC,FS,SI,CH,SL,CU,KC,EP",1587,0.2117263843648208,0.4169381107491857,0.3713355048859935,0.2719298245614035,0.1842105263157894,981,606,1587,-2.881112263881539,3.2341236248897283,8.720056118399496,0.2439335887611749,0.6480099502487562,0.4486452425960932,0.5445026178010471,0.8771593090211133,0.7879213483146067,0.5066162570888468,0.0951480781348456,-9.003090899999995,-0.5673025141776935,5.339314032035285,29.80797692501576,-4.028092031568999,36.18273872904852,2243.6080655324517,310,91.65779220779226,106.2,111.9,14.285714285714286,36,0.1161290322580645,156,0.5032258064516129,0.7023255813953488,0.9304635761589404,0.2709514807813484,0.5269645608628659,0.7309941520467836,0.4083175803402646,0.1689008042895442,0.4761904761904761,0.2344045368620037,0.037037037037037,0.0,0.0850661625708884,0.6131805157593123,0.794392523364486,0.2199117832388153,0.4266666666666667,0.625,0.1884057971014492
14221,624585,Jorge Soler,Jorge Soler,2025,"FA,FC,FS,SI,CH,SL,CU,KC",1062,0.2337662337662337,0.435064935064935,0.3311688311688311,0.2745098039215686,0.196078431372549,664,398,1062,-2.172162776553673,3.1130129082674194,8.071675292843688,0.255278310940499,0.6395563770794824,0.4510357815442561,0.4436090225563909,0.8121387283236994,0.7098121085594989,0.5094161958568738,0.1308851224105461,1.6418823000000051,0.1546028531073451,5.128119612410544,29.503601836158182,-2.769973062335216,36.66083036440679,2324.71186440678,158,89.28789808917196,107.0,112.7,12.630573248407645,19,0.120253164556962,62,0.3924050632911392,0.7121771217712177,0.8549222797927462,0.2551789077212806,0.4978165938864629,0.6929824561403509,0.4312617702448211,0.2122448979591836,0.3269230769230769,0.2306967984934086,0.0681818181818181,0.0,0.0819209039548022,0.606694560669456,0.7655172413793103,0.2250470809792843,0.3789954337899543,0.5662650602409639,0.2062146892655367
5417,514888,Jose Altuve,Jose Altuve,2025,"FA,FC,FS,SI,CH,SL,CU,KC",1850,0.1809045226130653,0.4422110552763819,0.3768844221105528,0.3066666666666666,0.1266666666666666,1234,616,1850,-2.708720579702703,3.976216459167568,8.42940557243243,0.3818181818181818,0.622093023255814,0.4935135135135135,0.7301587301587301,0.8990654205607477,0.8291347207009858,0.4648648648648649,0.0843243243243243,-2.1151021999999955,-0.1143298486486484,6.620097316860539,27.625181178378377,-3.711418013805407,36.5232584108108,2320.181081081081,404,84.88832487309647,102.5,110.6,17.03553299492386,24,0.0594059405940594,120,0.297029702970297,0.6649746192893401,0.9083969465648856,0.2129729729729729,0.5757946210268948,0.8662420382165605,0.4410810810810811,0.3587962962962963,0.6645161290322581,0.2335135135135135,0.1213592233009708,0.32,0.1113513513513513,0.5882352941176471,0.8884615384615384,0.2378378378378378,0.5611702127659575,0.8388625592417062,0.2032432432432432
20538,669304,Jose F Miranda,Jose F Miranda,2025,"FA,FC,SI,CH,SL,CU",66,0.1875,0.5625,0.25,0.0,0.25,44,22,66,-1.085317082727273,4.593320181818182,7.593147575757575,0.3636363636363636,0.6060606060606061,0.4848484848484848,0.5,0.95,0.78125,0.5,0.106060606060606,0.9216004000000008,1.3963642424242435,7.688086060606062,26.917123484848485,-0.85173733030303,40.19868856060606,2290.757575757576,16,88.46874999999999,104.5,107.0,8.4375,1,0.0625,8,0.5,0.7777777777777778,0.9285714285714286,0.2727272727272727,0.4583333333333333,0.9090909090909092,0.3636363636363636,0.3,0.3333333333333333,0.303030303030303,0.25,0.0,0.0606060606060606,0.3571428571428571,1.0,0.2121212121212121,0.6,0.8333333333333334,0.1515151515151515
17040,645444,Jose Herrera,Jose Herrera,2025,"FA,FC,FO,FS,SI,CH,SL,CU,KC,EP",608,0.1910112359550561,0.3707865168539326,0.4382022471910112,0.282051282051282,0.0512820512820512,363,245,608,-2.949554462483553,4.593857856101973,8.65439530756579,0.1407407407407407,0.5739644970414202,0.3815789473684211,0.4736842105263157,0.8917525773195877,0.8232758620689655,0.555921052631579,0.0674342105263157,9.7663554,1.6063084539473682,7.692668919572366,26.6511059375,-4.157742237664475,38.36524787828949,2233.8256578947367,98,82.15227272727275,97.1,106.1,17.90909090909091,0,0.0,17,0.173469387755102,0.6256983240223464,0.9375,0.2944078947368421,0.4153846153846154,0.7777777777777778,0.4276315789473684,0.0952380952380952,0.1666666666666666,0.2072368421052631,0.0,0.0,0.0707236842105263,0.5064935064935064,0.8333333333333334,0.2532894736842105,0.2830188679245283,0.6333333333333333,0.1743421052631578
10231,578428,Jose Iglesias,Jose Iglesias,2025,"FA,FC,FS,SI,CH,SL,CU,KC",795,0.1923076923076923,0.6153846153846154,0.1923076923076923,0.2666666666666666,0.0666666666666666,552,243,795,-3.033150350754717,4.654532394050315,8.999243178616352,0.3438395415472779,0.5022421524663677,0.4327044025157233,0.6916666666666667,0.9196428571428572,0.8401162790697675,0.5610062893081761,0.0691823899371069,9.4384118,1.187221610062893,7.793949040125785,25.770811132075483,-4.283759386289311,34.98850954968552,2330.1509433962265,161,82.8496815286624,100.3,106.0,1.617834394904459,4,0.0248447204968944,41,0.2546583850931677,0.5308641975308642,0.9612403100775194,0.3044025157232704,0.4610591900311526,0.831081081081081,0.4037735849056604,0.3452380952380952,0.6896551724137931,0.2113207547169811,0.1428571428571428,0.2222222222222222,0.0792452830188679,0.5,0.8505747126436781,0.2188679245283019,0.4149659863945578,0.8032786885245902,0.1849056603773584
17452,642350,Jose Siri,Jose Siri,2025,"FA,FC,FS,SI,CH,SL,CU,KC",95,0.0769230769230769,0.2307692307692307,0.6923076923076923,0.1111111111111111,0.0,60,35,95,-0.7490570421052634,3.1470825789473684,8.237840842105262,0.3529411764705882,0.6136363636363636,0.4736842105263157,0.5,0.7037037037037037,0.6222222222222222,0.4631578947368421,0.1789473684210526,2.4926438,2.6238355789473684,5.18696772631579,31.409410842105263,-0.2592527010526315,35.85312378947369,2381.242105263158,13,82.44615384615385,102.3,104.4,33.46153846153846,2,0.1538461538461538,3,0.2307692307692307,0.6071428571428571,0.6470588235294118,0.2947368421052631,0.5757575757575758,0.6842105263157895,0.3368421052631579,0.32,0.5,0.2631578947368421,0.1111111111111111,0.0,0.0947368421052631,0.6666666666666666,0.5,0.1263157894736842,0.5238095238095238,0.8181818181818182,0.2105263157894736
16725,624431,Jose Trevino,Jose Trevino,2025,"FA,FC,FS,SI,CH,SL,CU,KC,EP",800,0.25,0.4545454545454545,0.2954545454545454,0.173076923076923,0.0576923076923076,541,259,800,-2.160488877087501,4.003791368562499,7.813646113750001,0.3147632311977716,0.5782312925170068,0.46,0.672566371681416,0.8666666666666667,0.8070652173913043,0.55125,0.08875,6.965218500000001,0.8706523125000001,6.668306447374999,27.694018200000013,-2.762164751,38.553594025,2364.86125,180,88.31085714285715,103.0,107.9,10.217142857142855,8,0.0444444444444444,80,0.4444444444444444,0.6126482213438735,0.9161290322580644,0.31625,0.5,0.7707006369426752,0.3925,0.2771084337349397,0.6521739130434783,0.20625,0.1492537313432835,0.4,0.08375,0.5529411764705883,0.7553191489361702,0.2125,0.4375,0.7936507936507936,0.18
13145,605137,Josh Bell,Josh Bell,2025,"FA,FC,FO,FS,SI,CH,SL,CU,KC,EP",1595,0.2178217821782178,0.462046204620462,0.3201320132013201,0.1752577319587628,0.1855670103092783,978,617,1595,-3.3263813610407515,3.9808743901567416,8.540510715360504,0.2647427854454203,0.6716791979949874,0.4683385579937304,0.6398104265402843,0.8768656716417911,0.8099062918340026,0.5003134796238244,0.0890282131661442,-9.869478599999995,-0.6187760877742945,6.629657606896551,27.83828126645768,-4.808421441379312,36.95157613793104,2241.119749216301,308,91.09435215946849,108.3,114.1,9.790697674418604,41,0.1331168831168831,155,0.5032467532467533,0.7530562347188264,0.8831168831168831,0.2557993730407523,0.5425685425685426,0.8138297872340425,0.4338557993730407,0.1699716713881019,0.4333333333333333,0.2200626959247648,0.0214285714285714,0.3333333333333333,0.0877742946708464,0.6166666666666667,0.8468468468468469,0.225705329153605,0.4624624624624625,0.7662337662337663,0.2081504702194357
26299,673962,Josh Jung,Josh Jung,2025,"FA,FC,FS,SI,CH,SL,CU,KC,EP",1347,0.2933884297520661,0.396694214876033,0.3099173553719008,0.2266666666666666,0.12,898,449,1347,-2.570457604216778,4.032385131031924,8.458894979213063,0.3303303303303303,0.6622613803230544,0.4981440237564959,0.5818181818181818,0.8514412416851441,0.7630402384500745,0.5055679287305123,0.1180400890868596,6.733409099999999,0.4998818930957683,6.719375373489234,28.015579866369706,-3.486929020638456,37.25783532293987,2246.6577579806976,245,88.92008196721314,103.7,111.2,13.405737704918034,19,0.0775510204081632,112,0.4571428571428571,0.7277777777777777,0.900763358778626,0.267260579064588,0.5530035335689046,0.7284345047923323,0.4194506310319228,0.282312925170068,0.5542168674698795,0.2182628062360802,0.1023622047244094,0.1538461538461538,0.0942835931700074,0.6019417475728155,0.7903225806451613,0.2293986636971046,0.4941634241245136,0.6377952755905512,0.1900519673348181
19953,666139,Josh Lowe,Josh Lowe,2025,"FA,FC,FS,SI,CH,SL,CU,KC",1288,0.291866028708134,0.4354066985645933,0.2727272727272727,0.2280701754385964,0.175438596491228,855,433,1288,-3.5829012254270194,4.2624008910714295,8.782159979037266,0.3706624605678233,0.72782874617737,0.5520186335403726,0.7063829787234043,0.8025210084033614,0.770745428973277,0.5077639751552795,0.1265527950310559,2.2873185,0.1775868400621118,7.118075457205125,26.95828216614907,-5.272909566125774,37.509336692546576,2199.17701863354,211,89.65502392344499,103.9,109.2,10.10047846889952,15,0.0710900473933649,89,0.4218009478672986,0.8012618296529969,0.7874015748031497,0.2461180124223602,0.6191304347826087,0.8117977528089888,0.4464285714285714,0.2925170068027211,0.6744186046511628,0.2282608695652173,0.1470588235294117,0.0666666666666666,0.0791925465838509,0.6837060702875399,0.8037383177570093,0.2430124223602484,0.5419847328244275,0.823943661971831,0.2034161490683229
18839,647304,Josh Naylor,Josh Naylor,2025,"FA,FC,FO,FS,SI,CH,SL,CU,KC",1364,0.2341772151898734,0.4556962025316455,0.310126582278481,0.1632653061224489,0.1428571428571428,890,474,1364,-3.145949238343108,3.519615590615837,8.550562750000001,0.345642540620384,0.7321688500727802,0.5403225806451613,0.6495726495726496,0.9025844930417496,0.8222523744911805,0.5036656891495601,0.096041055718475,-15.310906199999994,-1.1225004545454542,5.83156741307918,28.92452010997067,-4.48365554824047,37.15087985190616,2243.156891495601,322,90.20222222222225,104.9,117.9,11.866666666666667,25,0.077639751552795,145,0.4503105590062112,0.7696629213483146,0.9343065693430656,0.2609970674486803,0.6305506216696269,0.8056338028169014,0.4112903225806452,0.296969696969697,0.6326530612244898,0.2419354838709677,0.0869565217391304,0.2,0.0843108504398826,0.7322033898305085,0.8564814814814815,0.2155425219941349,0.5186567164179104,0.7266187050359713,0.1957478005865102
19734,668942,Josh Rojas,Josh Rojas,2025,"FA,FC,FS,SI,CH,SL,CU,KC",693,0.2314049586776859,0.4132231404958678,0.3553719008264462,0.0697674418604651,0.0465116279069767,416,277,693,-4.00896194978355,4.346769645598846,9.070495976911976,0.1751592356687898,0.683377308707124,0.4531024531024531,0.5636363636363636,0.8571428571428571,0.8057324840764332,0.5468975468975469,0.088023088023088,12.772110100000004,1.843017330447331,7.261702012987016,27.57233733044733,-6.003111884559884,35.389024287157284,2244.6955266955265,122,89.76833333333333,102.0,107.8,13.408333333333331,5,0.040983606557377,48,0.3934426229508196,0.7465437788018433,0.9012345679012346,0.3102453102453102,0.4666666666666667,0.7593984962406015,0.4112554112554112,0.1278195488721804,0.3529411764705882,0.1919191919191919,0.0344827586206896,0.0,0.0836940836940837,0.6330935251798561,0.7840909090909091,0.2005772005772005,0.3082191780821918,0.7111111111111111,0.2106782106782107
26396,669701,Josh Smith,Josh Smith,2025,"FA,FC,FS,SI,CH,SL,CU,KN,KC,EP",1779,0.2531645569620253,0.4462025316455696,0.300632911392405,0.2,0.1052631578947368,1112,667,1779,-3.698881646616076,4.291917866205735,9.18462278133783,0.2597560975609756,0.5995828988529719,0.4429454749859471,0.6431924882629108,0.9217391304347826,0.8464467005076142,0.5390668915120854,0.0680157391793142,-10.366813800000005,-0.5827326475548064,7.168172826441819,28.16926334457561,-5.4680564296795975,36.48262732996065,2179.129286115796,323,88.44303797468353,102.5,108.2,11.908227848101266,20,0.0619195046439628,115,0.3560371517027864,0.6712871287128713,0.952802359882006,0.283867341202923,0.4922879177377892,0.8172323759791122,0.4367622259696458,0.1623036649214659,0.4838709677419355,0.2141652613827993,0.0350877192982456,0.25,0.0640809443507588,0.5633802816901409,0.8833333333333333,0.2388982574480045,0.40625,0.7062937062937062,0.1978639685216413
19818,641943,Joshua Palacios,Joshua Palacios,2025,"FA,FC,FS,SI,CH,SL,CU,KC",495,0.2469135802469135,0.4444444444444444,0.3086419753086419,0.32,0.12,314,181,495,-4.151660110101011,3.889975928010101,9.366527086868688,0.2543103448275862,0.714828897338403,0.498989898989899,0.5254237288135594,0.8457446808510638,0.7692307692307693,0.5313131313131313,0.1151515151515151,0.9980456000000002,0.2016253737373738,6.471723085050504,28.347595191919197,-6.254539986666666,37.74815062626264,2250.315151515152,83,88.5320987654321,105.4,110.3,10.851851851851851,6,0.072289156626506,34,0.4096385542168674,0.8347826086956521,0.875,0.2323232323232323,0.5261044176706827,0.7480916030534351,0.501010101010101,0.1938775510204081,0.4210526315789473,0.1979797979797979,0.0303030303030303,0.0,0.0666666666666666,0.6267605633802817,0.8314606741573034,0.2848484848484848,0.3925233644859813,0.5714285714285714,0.2161616161616161
18821,640492,José Azócar,Jose Azocar,2025,"FA,FC,FS,SI,SL,EP",33,0.2727272727272727,0.5454545454545454,0.1818181818181818,0.5,0.0,22,11,33,-0.9551196060606062,5.778108878787879,8.645555454545454,0.3333333333333333,0.6111111111111112,0.4848484848484848,1.0,1.0,1.0,0.5454545454545454,0.0,1.7618336,5.338889696969697,9.682000303030303,43.20613030303031,-0.7850431515151516,40.14178181818181,2119.242424242424,11,84.24,97.6,109.4,4.9,0,0.0,3,0.2727272727272727,0.75,1.0,0.2424242424242424,0.5333333333333333,1.0,0.4545454545454545,0.3333333333333333,1.0,0.1818181818181818,0.0,0.0,0.1212121212121212,0.5,1.0,0.1818181818181818,0.5555555555555556,1.0,0.2727272727272727
23378,676480,José Barrero,Jose Barrero,2025,"FA,FC,SI,SL,CU,EP",73,0.25,0.1666666666666666,0.5833333333333334,0.2857142857142857,0.1428571428571428,52,21,73,-2.01720037260274,4.764903,8.098007534246575,0.46875,0.5121951219512195,0.4931506849315068,0.4666666666666667,0.8571428571428571,0.6944444444444444,0.5616438356164384,0.1506849315068493,0.9182959999999992,1.257939726027396,7.984818356164382,30.103392191780827,-2.493685150684932,36.07771506849316,2314.876712328767,12,82.43333333333334,100.1,101.8,30.25,1,0.0833333333333333,2,0.1666666666666666,0.5263157894736842,1.0,0.2602739726027397,0.5,0.6111111111111112,0.4931506849315068,0.5333333333333333,0.5,0.2054794520547945,0.0,0.0,0.0410958904109589,0.6818181818181818,0.6666666666666666,0.3013698630136986,0.2142857142857142,0.3333333333333333,0.1917808219178082
23401,676609,José Caballero,Jose Caballero,2025,"FA,FC,FS,SI,CH,SL,CU,KC,EP",985,0.2328767123287671,0.3698630136986301,0.3972602739726027,0.2758620689655172,0.0172413793103448,639,346,985,-2.173490130883249,4.180846614477157,8.423195438578679,0.304,0.6288659793814433,0.4639593908629442,0.5657894736842105,0.8590163934426229,0.7614879649890591,0.4923857868020304,0.1106598984771573,5.2284595,0.5308080710659898,6.974429768497462,27.48738519796954,-2.7841653283248724,39.66158300507615,2283.8730964467004,153,84.94305555555553,101.0,110.7,18.52777777777778,6,0.0392156862745098,42,0.2745098039215686,0.6926070038910506,0.8764044943820225,0.2609137055837564,0.5188916876574308,0.7621359223300971,0.4030456852791878,0.2777777777777778,0.5230769230769231,0.2375634517766497,0.0824742268041237,0.125,0.098477157360406,0.5662100456621004,0.8145161290322581,0.2223350253807106,0.4606741573033708,0.6829268292682927,0.1807106598984771
21746,665877,José Fermín,Jose Fermin,2025,"FA,FC,FS,SI,CH,SL,CU",229,0.3170731707317073,0.3170731707317073,0.3658536585365853,0.2,0.0666666666666666,139,90,229,-2.409680630131004,4.308559574235808,8.602178563318777,0.1553398058252427,0.5873015873015873,0.3930131004366812,0.5,0.918918918918919,0.8444444444444444,0.5502183406113537,0.0611353711790393,-2.5601719,-1.1179789956331878,7.243938365502184,26.552649781659387,-3.2197511637554586,37.18085577903931,2342.480349344978,43,88.54999999999998,100.7,105.5,16.075,0,0.0,15,0.3488372093023256,0.6716417910447762,0.9333333333333332,0.2925764192139738,0.3942307692307692,0.8292682926829268,0.4541484716157205,0.0697674418604651,0.0,0.1877729257641921,0.0666666666666666,0.0,0.0655021834061135,0.4666666666666667,0.9047619047619048,0.1965065502183406,0.3389830508474576,0.75,0.2576419213973799
13510,608070,José Ramírez,Jose Ramirez,2025,"FA,FC,FS,SI,CH,SL,CU,KC",1929,0.2458563535911602,0.3314917127071823,0.4226519337016574,0.2352941176470588,0.1568627450980392,1196,733,1929,-3.1067495684499757,3.3368501553706578,8.403950946604455,0.290547263681592,0.6482683982683982,0.4618973561430793,0.7363013698630136,0.9215358931552587,0.8608305274971941,0.47900466562986,0.064282011404873,-16.7355073,-0.8675742509072057,5.511458210679107,29.407341187143597,-4.437330753240021,35.41710180352513,2217.403317781234,366,88.15382513661199,102.6,111.3,19.60821917808219,29,0.0792349726775956,124,0.3387978142076502,0.6974459724950884,0.9352112676056338,0.263867288750648,0.5118306351183064,0.8686131386861314,0.4157594608605495,0.2505399568034557,0.646551724137931,0.23950233281493,0.0584415584415584,0.3333333333333333,0.07983411093831,0.5925925925925926,0.8958333333333334,0.2099533437013997,0.4296482412060301,0.8304093567251462,0.2058061171591498
23691,677588,José Tena,Jose Tena,2025,"FA,FC,FO,FS,SI,CH,SL,CU,KC,EP",625,0.2621359223300971,0.5825242718446602,0.1553398058252427,0.0,0.0,393,232,625,-2.64341786368,3.80540625616,8.1248508128,0.3,0.5904761904761905,0.4464,0.6559139784946236,0.8655913978494624,0.7956989247311828,0.504,0.0912,5.609130199999997,0.8974608319999996,6.327165112048001,28.241452384,-3.6020294019200003,36.45786512,2295.6256,104,89.86039603960397,103.4,108.5,1.6435643564356437,5,0.048076923076923,44,0.4230769230769231,0.7125,0.9035087719298246,0.2544,0.5019011406844106,0.7954545454545454,0.4192,0.2137931034482758,0.4516129032258064,0.232,0.0350877192982456,0.0,0.0912,0.5323741007194245,0.8243243243243243,0.2208,0.4677419354838709,0.7586206896551724,0.1984
20123,665742,Juan Soto,Juan Soto,2025,"FA,FC,FS,SI,CH,SL,CU,KC,EP",1953,0.2249134948096885,0.4532871972318339,0.3217993079584775,0.1505376344086021,0.3440860215053763,1073,880,1953,-3.423102754736303,3.6190238974398343,8.737023145929344,0.1388611388611388,0.5388655462184874,0.3338453661034306,0.5755395683453237,0.8830409356725146,0.8174846625766872,0.4874551971326165,0.060931899641577,-37.7985453,-1.935409385560676,6.002540804126984,28.417858489503317,-4.971698602457759,36.69213935586277,2260.282130056324,295,95.19238754325256,108.4,114.3,11.26643598615917,53,0.1796610169491525,175,0.5932203389830508,0.6066790352504638,0.8776758409785933,0.27547363031234,0.3581164807930607,0.7993079584775087,0.41321044546851,0.081081081081081,0.4166666666666667,0.227342549923195,0.0,0.0,0.0829493087557603,0.4590570719602977,0.8702702702702703,0.2063492063492063,0.2574257425742574,0.6730769230769231,0.2068612391193036
23697,677594,Julio Rodríguez,Julio Rodriguez,2025,"FA,FC,FS,SI,CH,SL,CU,KC",1840,0.2081081081081081,0.4864864864864865,0.3054054054054054,0.1858407079646017,0.1946902654867256,1246,594,1840,-2.3940195654619565,4.098344109255434,8.330842741304341,0.3613916947250281,0.7365648050579557,0.5548913043478261,0.4937888198757764,0.8469241773962805,0.7355533790401567,0.5157608695652174,0.1467391304347826,-9.7874695,-0.5319276902173913,6.832138744429343,27.446132842391297,-3.1655983657934788,37.64992797608695,2319.3760869565217,375,91.65481283422464,109.1,115.8,8.411764705882353,33,0.088,177,0.472,0.7757201646090535,0.8594164456233422,0.2641304347826086,0.6499339498018494,0.7540650406504065,0.4108695652173913,0.3075170842824601,0.4074074074074074,0.2385869565217391,0.1075949367088607,0.0588235294117647,0.0858695652173913,0.7085308056872038,0.8093645484949833,0.2293478260869565,0.5761194029850746,0.6683937823834197,0.1815217391304348
33824,808982,Jung Hoo Lee,Jung Hoo Lee,2025,"FA,FC,FO,FS,SI,CH,SL,CU,KC,EP",1703,0.260387811634349,0.4238227146814404,0.3157894736842105,0.1140350877192982,0.043859649122807,1063,640,1703,-2.8812902453487967,4.394119398854962,8.925420837345865,0.21455938697318,0.6358695652173914,0.4421608925425719,0.7678571428571429,0.9213675213675212,0.8871181938911022,0.540223135642983,0.0499119201409277,-12.9870043,-0.7625956723429241,7.344597309453908,27.16764839694656,-4.022359492155019,39.38951532002349,2274.988843217851,365,88.15619834710742,101.8,107.2,11.68131868131868,15,0.0410958904109589,125,0.3424657534246575,0.707843137254902,0.9418282548476454,0.2994715208455666,0.4770773638968481,0.8768768768768769,0.4098649442160892,0.154054054054054,0.6140350877192983,0.2172636523781562,0.016,0.5,0.0733998825601879,0.6037735849056604,0.8928571428571429,0.2178508514386377,0.3333333333333333,0.8440366972477065,0.1920140927774515
28163,691406,Junior Caminero,Junior Caminero,2025,"FA,FC,FS,SI,CH,SL,CU,KC,EP",1754,0.2048192771084337,0.4337349397590361,0.3614457831325301,0.2666666666666666,0.2666666666666666,1137,617,1754,-2.516260288234891,3.435492297223489,8.019964412770811,0.3033175355450237,0.7,0.5091220068415051,0.5859375,0.8430141287284144,0.7693169092945129,0.5188141391106044,0.1174458380843785,-9.141552799999996,-0.5211831698973772,5.686713463882554,29.195005091220057,-3.38580158072976,37.75240397605474,2281.2953249714938,338,92.53303571428567,109.7,116.7,12.535714285714286,49,0.1449704142011834,171,0.5059171597633136,0.7683982683982684,0.8676056338028169,0.2622576966932725,0.5592747559274756,0.7755610972568578,0.4087799315849487,0.3106796116504854,0.5234375,0.2348916761687571,0.0552147239263803,0.1111111111111111,0.0923603192702394,0.6206896551724138,0.8015873015873016,0.2314709236031927,0.4790996784565916,0.7315436241610739,0.1773090079817559
10815,595777,Jurickson Profar,Jurickson Profar,2025,"FA,FC,FO,FS,SI,CH,SL,CU,KC",1141,0.1988950276243093,0.3591160220994475,0.4419889502762431,0.35,0.1375,688,453,1141,-3.370944597284838,4.183843016713412,8.891575999123575,0.2125,0.6678141135972461,0.4443470639789658,0.5714285714285714,0.9329896907216496,0.8481262327416174,0.50920245398773,0.0674846625766871,-8.217542,-0.7202052585451358,6.980132104995617,27.17258514461,-4.880680432865908,35.42762489307626,2299.3768624014024,183,88.62,103.8,109.1,19.53038674033149,16,0.087431693989071,73,0.3989071038251366,0.7441077441077442,0.9321266968325792,0.2594215600350569,0.4862745098039215,0.8548387096774194,0.4469763365468887,0.1244813278008298,0.4,0.2112182296231376,0.086021505376344,0.0,0.0815074496056091,0.5904059040590406,0.89375,0.2375109553023663,0.3682008368200837,0.7840909090909091,0.2094653812445223
25005,681909,Justin Dean,Justin Dean,2025,"FA,FC,SI,SL",11,0.0,1.0,0.0,0.0,0.0,7,4,11,-4.059692727272728,4.456190981818182,7.201606181818182,0.1666666666666666,0.8,0.4545454545454545,0.0,0.5,0.4,0.4545454545454545,0.2727272727272727,0.4881943,4.43813,7.450938727272728,23.666021818181814,-6.092495154545455,40.56533636363636,2583.090909090909,1,80.4,80.4,80.4,-39.0,0,0.0,0,0.0,0.6666666666666666,0.0,0.2727272727272727,0.75,0.6666666666666666,0.3636363636363636,0.0,0.0,0.0909090909090909,0.0,0.0,0.2727272727272727,1.0,1.0,0.0909090909090909,0.6666666666666666,0.5,0.2727272727272727
5235,457759,Justin Turner,Justin Turner,2025,"FA,FC,FS,SI,CH,SL,CU,KC",336,0.1818181818181818,0.3090909090909091,0.509090909090909,0.3571428571428571,0.0,208,128,336,-3.162760663392858,6.207138569642858,9.503028053571429,0.2068965517241379,0.6858638743455497,0.4791666666666667,0.6666666666666666,0.8702290076335878,0.8322981366459627,0.5684523809523809,0.0803571428571428,7.8393252,2.3331325,10.47902584583333,23.78408148809524,-4.512130269940474,39.58211440178572,2362.0476190476197,56,87.575,98.7,104.2,23.678571428571427,0,0.0,16,0.2857142857142857,0.7849462365591398,0.8904109589041096,0.2767857142857143,0.487012987012987,0.84,0.4583333333333333,0.203125,0.4615384615384615,0.1904761904761904,0.0,0.0,0.0744047619047619,0.5465116279069767,0.8936170212765957,0.2559523809523809,0.4117647058823529,0.75,0.2023809523809523
29606,669234,Justyn-Henry Malloy,Justyn-Henry Malloy,2025,"FA,FC,FS,SI,CH,SL,CU,KC",238,0.28125,0.28125,0.4375,0.1428571428571428,0.0,146,92,238,-1.886941221008404,3.663450596638656,8.612589348739496,0.217391304347826,0.6341463414634146,0.4327731092436975,0.48,0.7692307692307693,0.6990291262135923,0.5168067226890757,0.1302521008403361,2.8470088,1.1962221848739498,6.079971460924371,28.85300012605042,-2.2641732836134456,37.23627172268908,2311.7394957983192,33,86.55454545454546,101.8,103.7,21.060606060606062,1,0.0303030303030303,10,0.303030303030303,0.7540983606557377,0.8260869565217391,0.2563025210084033,0.4571428571428571,0.5833333333333334,0.4369747899159664,0.1698113207547169,0.6666666666666666,0.2226890756302521,0.0,0.0,0.0798319327731092,0.4827586206896552,0.6428571428571429,0.2436974789915966,0.425531914893617,0.5,0.1932773109243697
26374,670224,Kameron Misner,Kameron Misner,2025,"FA,FC,FS,SI,CH,SL,CU,KC,EP",751,0.2641509433962264,0.4245283018867924,0.3113207547169811,0.2121212121212121,0.1212121212121212,476,275,751,-3.791657577842875,3.9388067788282304,8.769094740346208,0.2877094972067039,0.6412213740458015,0.4727030625832223,0.4660194174757281,0.7817460317460317,0.6901408450704225,0.5233022636484687,0.1464713715046604,3.593225600000001,0.4784588015978697,6.556172149400801,28.4361298801598,-5.62022692942743,37.27472103462051,2198.604527296937,108,88.11495327102801,104.7,110.3,15.336448598130842,6,0.0555555555555555,34,0.3148148148148148,0.7258064516129032,0.837037037037037,0.2476697736351531,0.5057142857142857,0.6497175141242938,0.4660452729693741,0.239766081871345,0.4146341463414634,0.2276964047936085,0.0454545454545454,0.0,0.0585885486018641,0.5816326530612245,0.6929824561403509,0.2609853528628495,0.4090909090909091,0.5714285714285714,0.2050599201065246
18577,663647,Ke'Bryan Hayes,Ke'Bryan Hayes,2025,"FA,FC,FO,FS,SI,CH,SL,CU,KC,EP",1670,0.2600619195046439,0.4736842105263157,0.2662538699690402,0.3604651162790697,0.0581395348837209,1072,598,1670,-2.0050854048562883,4.34877736839521,8.24874092335329,0.2626262626262626,0.5888382687927107,0.4341317365269461,0.5721153846153846,0.9090909090909092,0.8124137931034483,0.525748502994012,0.081437125748503,15.885975599999997,0.9512560239520956,7.265424327964073,27.07007982634732,-2.476069447480838,38.82150152167666,2365.0808383233534,328,88.99843750000001,103.3,108.3,8.233644859813085,15,0.0457317073170731,143,0.4359756097560975,0.6767068273092369,0.9317507418397626,0.2964071856287425,0.4535928143712575,0.7920792079207921,0.3988023952095808,0.2073490813648294,0.4430379746835443,0.2281437125748503,0.048780487804878,0.0,0.0736526946107784,0.49025069637883,0.8693181818181818,0.2149700598802395,0.4110032362459547,0.6850393700787402,0.1838323353293413
19610,660688,Keibert Ruiz,Keibert Ruiz,2025,"FA,FC,FO,FS,SI,CH,SL,CU,KC",716,0.2320441988950276,0.4861878453038674,0.281767955801105,0.2941176470588235,0.0196078431372549,482,234,716,-2.27353765,2.8782363513687157,8.219630988826816,0.3282674772036474,0.7002583979328165,0.5293296089385475,0.7129629629629629,0.940959409594096,0.8759894459102903,0.5405027932960894,0.0656424581005586,10.5950778,1.479759469273743,4.724640726256984,30.56937134078213,-2.9529052972067045,35.30957269553072,2264.5614525139663,183,86.24450549450549,100.3,110.4,11.434065934065934,3,0.0163934426229508,58,0.3169398907103825,0.7524271844660194,0.9612903225806452,0.2877094972067039,0.5723684210526315,0.8850574712643678,0.4245810055865922,0.2818791946308724,0.6190476190476191,0.2081005586592178,0.1403508771929824,0.375,0.079608938547486,0.6265060240963856,0.903846153846154,0.2318435754189944,0.5072463768115942,0.8571428571428571,0.1927374301675977
26244,685744,Kenedy Corona,Kenedy Corona,2025,"FA,FC,SI",17,0.0,1.0,0.0,0.0,0.0,10,7,17,-4.800148823529413,8.206020588235294,10.648348823529412,0.2222222222222222,0.625,0.4117647058823529,0.5,1.0,0.8571428571428571,0.4705882352941176,0.0588235294117647,0.1687267999999999,0.992510588235294,13.935900588235295,17.592811764705882,-7.397152352941178,52.54117176470588,2423.470588235294,1,92.4,92.4,92.4,-21.0,0,0.0,0,0.0,0.0,0.0,0.1764705882352941,0.75,0.8333333333333334,0.4705882352941176,0.25,1.0,0.2352941176470588,0.0,0.0,0.1176470588235294,1.0,1.0,0.2941176470588235,0.3333333333333333,0.0,0.1764705882352941
25961,681481,Kerry Carpenter,Kerry Carpenter,2025,"FA,FC,FS,SI,CH,SL,CU,KC",1489,0.2392857142857143,0.3107142857142857,0.45,0.238095238095238,0.1825396825396825,976,513,1489,-2.883251600826058,3.701555632169241,8.63767225251847,0.356951871657754,0.7165991902834008,0.5359301544660846,0.5543071161048689,0.8531073446327684,0.7531328320802005,0.4976494291470786,0.132303559435863,-11.978403400000008,-0.804459597044997,6.147482960449969,28.92348909335124,-4.025292607387508,38.02549986568168,2222.8253861652115,286,92.30355871886124,104.8,109.5,21.70462633451957,38,0.1328671328671328,138,0.4825174825174825,0.7918781725888325,0.8653846153846154,0.264607118871726,0.6118935837245696,0.7723785166240409,0.4291470785762256,0.2732732732732733,0.3186813186813186,0.2236400268636668,0.032520325203252,0.0,0.0826057756883814,0.6637426900584795,0.7797356828193832,0.2296843519140362,0.5521885521885522,0.7621951219512195,0.1994627266621894
20003,669374,Keston Hiura,Keston Hiura,2025,"FA,FC,FO,FS,SI,SL,CU",59,0.3333333333333333,0.3333333333333333,0.3333333333333333,0.3333333333333333,0.0,41,18,59,-2.326059186440677,4.233927700000001,8.005605423728813,0.4516129032258064,0.6785714285714286,0.559322033898305,0.6428571428571429,0.7368421052631579,0.696969696969697,0.4745762711864407,0.1694915254237288,0.0154692999999999,0.0262191525423728,7.082743677966103,27.413039491525424,-3.093347745762712,43.93732711864406,2231.4745762711864,9,84.34444444444443,105.9,105.9,17.88888888888889,0,0.0,2,0.2222222222222222,0.7692307692307693,0.9,0.2203389830508474,0.5666666666666667,0.6470588235294118,0.5084745762711864,0.625,0.6,0.135593220338983,0.125,0.0,0.135593220338983,0.625,0.7,0.2711864406779661,0.5,0.5714285714285714,0.2372881355932203
13613,606466,Ketel Marte,Ketel Marte,2025,"FA,FC,FS,SI,CH,SL,CU,KN,KC,EP",1483,0.2218045112781954,0.3984962406015037,0.3796992481203007,0.2277227722772277,0.1881188118811881,889,594,1483,-2.582297529635873,3.5438510440863102,8.33494462643291,0.2510121457489878,0.6226415094339622,0.4369521240728253,0.6236559139784946,0.8636363636363636,0.7947530864197531,0.5003371544167229,0.0896830748482805,-17.912049199999988,-1.20782530006743,5.874648418078218,28.962740876601504,-3.4972466971004725,37.72933244099797,2268.335805799056,266,90.57870722433458,107.2,113.2,14.75,36,0.1353383458646616,120,0.4511278195488721,0.7331460674157303,0.8659003831417624,0.2387053270397842,0.467438494934877,0.8235294117647058,0.4652730950775455,0.1676646706586826,0.4107142857142857,0.2252191503708698,0.0784313725490196,0.0,0.0687795010114632,0.5667574931880109,0.8461538461538461,0.2467970330411328,0.3549382716049383,0.782608695652174,0.2184760620364126
25971,682634,Kevin Alcántara,Kevin Alcantara,2025,"FA,SI,SL,CU",20,0.5,0.5,0.0,0.0,0.0,14,6,20,-1.8121647,2.2767670850000004,5.39892045,0.4,0.5,0.45,0.5,0.4,0.4444444444444444,0.5,0.25,-0.1323374,-0.6616869999999999,3.68184535,30.3174,-2.132414034999999,43.351380000000006,2359.85,2,98.25,107.3,107.3,7.5,0,0.0,1,0.5,0.6666666666666666,0.5,0.15,0.4545454545454545,0.6,0.55,0.5,0.0,0.2,0.0,0.0,0.1,0.5,0.5,0.4,0.3333333333333333,1.0,0.15
17696,621028,Kevin Newman,Kevin Newman,2025,"FA,FC,FS,SI,CH,SL,CU,KC",268,0.1904761904761904,0.5714285714285714,0.238095238095238,0.1333333333333333,0.1333333333333333,185,83,268,-2.93094086261194,4.238630836194029,8.445416059701493,0.328,0.7202797202797203,0.5373134328358209,0.7073170731707317,0.9029126213592232,0.8472222222222222,0.5335820895522388,0.0820895522388059,7.648680100000003,2.8539851119402995,7.074688132365672,26.92521119402985,-4.103670811940299,35.64388536940298,2305.652985074627,64,86.64843749999999,100.4,105.5,6.3125,2,0.03125,19,0.296875,0.7402597402597403,0.912280701754386,0.2873134328358209,0.6173913043478261,0.8873239436619719,0.4291044776119403,0.2542372881355932,0.4666666666666667,0.2201492537313432,0.0588235294117647,0.0,0.0634328358208955,0.7272727272727273,0.875,0.2462686567164179,0.4693877551020408,0.9130434782608696,0.1828358208955224
12434,607680,Kevin Pillar,Kevin Pillar,2025,"FA,FC,SI,CH,SL,CU",37,0.0,0.5714285714285714,0.4285714285714285,0.0,0.0,25,12,37,-1.09406772972973,3.3434820270270267,8.007207837837838,0.2941176470588235,0.75,0.5405405405405406,0.4,0.8666666666666667,0.75,0.5405405405405406,0.1351351351351351,1.2061212999999995,3.2597872972972968,5.526618972972974,29.071937297297296,-0.8671628648648648,32.49682972972973,2429.972972972973,7,85.37142857142858,102.9,102.9,11.857142857142858,0,0.0,2,0.2857142857142857,0.8666666666666667,0.8461538461538461,0.4054054054054054,0.5,0.5714285714285714,0.3783783783783784,0.0,0.0,0.1081081081081081,0.0,0.0,0.1081081081081081,0.5,0.6666666666666666,0.1621621621621621,0.5,0.5,0.2162162162162162
20572,665019,Kody Clemens,Kody Clemens,2025,"FA,FC,FS,SI,CH,SL,CU,KC,EP",1186,0.2487562189054726,0.3383084577114428,0.4129353233830846,0.144578313253012,0.2289156626506024,762,424,1186,-3.4004716790893754,4.616020756357504,9.0652284688027,0.2862254025044722,0.6570972886762361,0.4822934232715008,0.60625,0.8616504854368932,0.7902097902097902,0.5286677908937606,0.1011804384485666,-3.2855903999999985,-0.2770312310286676,7.724791650888697,26.677116222596965,-4.938983854468801,36.279272280775736,2267.6188870151773,202,92.6878787878788,106.2,109.8,16.363636363636363,26,0.1287128712871287,101,0.5,0.7286135693215339,0.8866396761133604,0.2849915682967959,0.5294117647058824,0.7662835249042146,0.4156829679595278,0.2423076923076923,0.5238095238095238,0.2192242833052276,0.0106382978723404,0.0,0.0792580101180438,0.5964285714285714,0.8203592814371258,0.236087689713322,0.4413145539906103,0.6702127659574468,0.1795952782462057
25543,686676,Korey Lee,Korey Lee,2025,"FA,FC,FS,SI,CH,SL,KC",101,0.25,0.4375,0.3125,0.4,0.0,61,40,101,-2.597433923762377,4.996074703960396,7.850905673267326,0.2641509433962264,0.6458333333333334,0.4455445544554455,0.4285714285714285,0.8064516129032258,0.6888888888888889,0.4752475247524752,0.1386138613861386,-0.5774369999999994,-0.5717198019801975,8.384609856435643,28.24918405940594,-3.516039920792079,37.5468594059406,2171.7821782178216,19,84.84444444444445,103.2,104.7,11.833333333333334,0,0.0,6,0.3157894736842105,0.7368421052631579,0.8571428571428571,0.1881188118811881,0.5,0.76,0.4851485148514851,0.2608695652173913,0.0,0.2277227722772277,0.0,0.0,0.0891089108910891,0.5666666666666667,0.7647058823529411,0.2871287128712871,0.4,0.75,0.198019801980198
15429,592178,Kris Bryant,Kris Bryant,2025,"FA,FC,FS,SI,CH,SL,CU",118,0.1666666666666666,0.5,0.3333333333333333,0.0,0.0,77,41,118,-0.8851770254237284,3.981508288135593,7.7738112711864416,0.2833333333333333,0.7241379310344828,0.5,0.3529411764705882,0.7619047619047619,0.6440677966101694,0.4915254237288136,0.1779661016949152,3.2413096,2.746872542372881,6.630020686440678,28.61365881355932,-0.4990971186440677,37.929138661016935,2313.271186440678,18,88.65555555555557,101.1,102.9,9.0,2,0.1111111111111111,4,0.2222222222222222,0.8518518518518519,0.7391304347826086,0.2288135593220339,0.4821428571428571,0.7407407407407407,0.4745762711864407,0.32,0.125,0.211864406779661,0.1,0.0,0.0847457627118644,0.6333333333333333,0.7894736842105263,0.2542372881355932,0.3076923076923077,0.625,0.2203389830508474
33644,692225,Kristian Campbell,Kristian Campbell,2025,"FA,FC,FS,SI,CH,SL,CU,KC,EP",764,0.2743362831858407,0.5309734513274337,0.1946902654867256,0.1818181818181818,0.2272727272727272,480,284,764,-2.580595543390052,4.140985707329842,8.316343452879583,0.2265193370165746,0.572139303482587,0.4083769633507853,0.4268292682926829,0.8217391304347826,0.717948717948718,0.5261780104712042,0.1151832460732984,2.935530000000001,0.3842316753926703,6.899251947081152,28.60539138743455,-3.517531403141361,37.51332442670158,2290.950261780105,114,88.2884955752212,105.2,112.2,3.699115044247788,8,0.0701754385964912,48,0.4210526315789473,0.6359223300970874,0.8244274809160306,0.2683246073298429,0.4416403785488959,0.7071428571428572,0.4136125654450261,0.2242424242424242,0.4324324324324324,0.2159685863874345,0.0526315789473684,0.25,0.0994764397905759,0.4970760233918128,0.788235294117647,0.2238219895287958,0.3767123287671233,0.5818181818181818,0.1897905759162303
14813,571657,Kyle Farmer,Kyle Farmer,2025,"FA,FC,FS,SI,CH,SL,CU,KC",656,0.288,0.44,0.272,0.2352941176470588,0.0588235294117647,454,202,656,-2.076641958231708,4.069822480182927,7.989940298780486,0.3006993006993007,0.6432432432432432,0.4939024390243902,0.627906976744186,0.8781512605042017,0.8117283950617284,0.5640243902439024,0.0929878048780487,10.97868193,1.6735795625,6.782751941615854,27.32305272865854,-2.5984212413109757,38.16234665091464,2384.0929878048782,127,86.06507936507936,101.0,103.1,13.626984126984128,5,0.0393700787401574,40,0.3149606299212598,0.6952380952380952,0.9246575342465754,0.3201219512195122,0.5148148148148148,0.8057553956834532,0.4085365853658536,0.2950819672131147,0.4444444444444444,0.1859756097560975,0.0555555555555555,0.0,0.0823170731707317,0.5743243243243243,0.8588235294117647,0.2240853658536585,0.4426229508196721,0.7222222222222222,0.1844512195121951
5517,543309,Kyle Higashioka,Kyle Higashioka,2025,"FA,FC,FS,SI,CH,SL,CU,KN,KC,EP",836,0.2416107382550335,0.348993288590604,0.4093959731543624,0.2295081967213114,0.1311475409836065,537,299,836,-2.407911677392345,3.7849645856459326,8.361612589712918,0.2532637075718015,0.5938189845474614,0.4377990430622009,0.5257731958762887,0.8550185873605948,0.76775956284153,0.5418660287081339,0.1016746411483253,2.7684031,0.3311486961722488,6.293861685645931,29.41755187799043,-3.2131831142344502,36.79886209928228,2242.438995215311,152,89.20939597315439,102.4,108.8,18.08724832214765,12,0.0789473684210526,57,0.375,0.6359832635983264,0.881578947368421,0.2858851674641148,0.5119760479041916,0.7602339181286549,0.3983253588516746,0.2032967032967033,0.4594594594594595,0.2177033492822966,0.074074074074074,0.0,0.09688995215311,0.5532994923857868,0.8256880733944955,0.2344497607655502,0.4525547445255474,0.6451612903225806,0.1638755980861244
21614,664728,Kyle Isbel,Kyle Isbel,2025,"FA,FC,FO,FS,SI,CH,SL,CU,KC,EP",1187,0.216,0.472,0.312,0.3333333333333333,0.0512820512820512,790,397,1187,-2.932986870362257,4.326017978112889,8.63482002021904,0.2591876208897485,0.608955223880597,0.4566133108677337,0.5447761194029851,0.9583333333333334,0.8560885608856088,0.5644481887110362,0.0657118786857624,6.456024199999998,0.5438942038753157,7.2259010679022735,27.31389514743049,-4.107598496545915,38.41570768247683,2253.841617523168,262,88.29382716049383,103.7,109.5,10.707818930041151,5,0.0190839694656488,99,0.3778625954198473,0.6492753623188405,0.9732142857142856,0.2906486941870261,0.5057251908396947,0.8490566037735849,0.4414490311710193,0.2170212765957447,0.4117647058823529,0.1979780960404381,0.0240963855421686,0.0,0.0699241786015164,0.5827586206896552,0.9053254437869822,0.2443133951137321,0.4102564102564102,0.75,0.1971356360572873
33252,691720,Kyle Karros,Kyle Karros,2025,"FA,FC,FS,SI,CH,SL,CU,KC",485,0.2297297297297297,0.5,0.2702702702702703,0.2,0.05,295,190,485,-1.7175557134020616,3.284613786103093,7.141122189690722,0.2212765957446808,0.644,0.4391752577319587,0.5576923076923077,0.8260869565217391,0.7605633802816901,0.5154639175257731,0.1051546391752577,2.5358159000000007,0.5228486391752578,5.424811005000001,28.8172834226804,-1.965720394226804,37.64691775670103,2356.630927835052,75,88.30675675675677,103.2,107.5,12.175675675675675,1,0.0133333333333333,24,0.32,0.6879432624113475,0.8762886597938144,0.2907216494845361,0.5132275132275133,0.6907216494845361,0.3896907216494845,0.1621621621621621,0.5,0.2288659793814433,0.0227272727272727,1.0,0.090721649484536,0.6078431372549019,0.7419354838709677,0.2103092783505154,0.4022988505747126,0.6,0.179381443298969
29794,700932,Kyle Manzardo,Kyle Manzardo,2025,"FA,FC,FS,SI,CH,SL,CU,KC",1680,0.2382671480144404,0.296028880866426,0.4657039711191336,0.2170542635658914,0.1705426356589147,1087,593,1680,-3.2077896597857154,3.713738666172617,8.938823671428572,0.2971285892634207,0.6518771331058021,0.4827380952380952,0.5672268907563025,0.8481675392670157,0.7657213316892725,0.5232142857142857,0.1130952380952381,-7.850440499999997,-0.4672881249999998,6.166458165678571,28.51875207142857,-4.595376507440477,36.49936743035714,2245.918452380952,280,90.32346570397112,104.2,111.3,21.884476534296027,31,0.1107142857142857,119,0.425,0.7298969072164948,0.867231638418079,0.2886904761904761,0.5176151761517616,0.743455497382199,0.4386904761904762,0.2111436950146627,0.4166666666666667,0.2029761904761904,0.0258620689655172,0.0,0.069047619047619,0.6130653266331658,0.7745901639344263,0.2363095238095238,0.4058823529411764,0.6884057971014492,0.2023809523809523
16478,656941,Kyle Schwarber,Kyle Schwarber,2025,"FA,FC,FO,FS,SI,CH,SL,CU,KN,KC,EP",1876,0.2048192771084337,0.3694779116465863,0.4257028112449799,0.1698113207547169,0.3113207547169811,1069,807,1876,-2.995786388775053,3.659776123843285,8.220339350213221,0.2225641025641025,0.6259711431742508,0.4163113006396588,0.4331797235023041,0.8014184397163121,0.6991037131882202,0.4802771855010661,0.1252665245202558,-26.395122400000005,-1.4069894669509595,6.076086133155649,28.54927356609807,-4.226132776066097,38.10881808102344,2237.029317697228,253,95.98406374502,110.9,117.2,18.72908366533865,53,0.2094861660079051,158,0.6245059288537549,0.6982758620689655,0.8395061728395061,0.2462686567164179,0.4839537869062901,0.6790450928381963,0.4147121535181237,0.1748878923766816,0.2307692307692307,0.2377398720682302,0.0106951871657754,0.0,0.0996801705756929,0.5825242718446602,0.7333333333333333,0.2190831556503198,0.3732970027247956,0.583941605839416,0.1956289978678038
26151,669065,Kyle Stowers,Kyle Stowers,2025,"FA,FC,FO,FS,SI,CH,SL,CU,KN,KC,EP",1353,0.2780487804878049,0.3365853658536585,0.3853658536585366,0.1265822784810126,0.3037974683544304,844,509,1353,-3.372216425846266,4.568613383252032,8.91051219216556,0.2801204819277108,0.7793904208998549,0.5343680709534369,0.4516129032258064,0.776536312849162,0.6929460580912863,0.5092387287509239,0.164079822616408,-26.918775600000004,-1.9895621286031044,7.647777753037691,26.947119031781217,-4.883488049275683,37.35501896821876,2267.051736881005,208,92.61116504854364,108.9,113.7,15.427184466019416,47,0.2259615384615384,117,0.5625,0.8743169398907104,0.83125,0.270509977827051,0.601063829787234,0.6312684365781711,0.4168514412416851,0.1848484848484848,0.3442622950819672,0.2439024390243902,0.032258064516129,0.0,0.0679970436067997,0.7129629629629629,0.683982683982684,0.2394678492239468,0.45,0.5185185185185185,0.1773835920177383
33549,691019,Kyle Teel,Kyle Teel,2025,"FA,FC,FS,SI,CH,SL,CU,KC",1008,0.2857142857142857,0.3636363636363636,0.3506493506493506,0.1111111111111111,0.1481481481481481,617,391,1008,-2.891764491755952,3.7817541794642864,8.72942148611111,0.2343096234309623,0.6490566037735849,0.4523809523809524,0.5089285714285714,0.8197674418604651,0.743421052631579,0.5257936507936508,0.1160714285714285,-10.866632699999997,-1.0780389583333332,6.2845652265873015,28.89002519841269,-4.034641820535714,38.06359052579365,2283.832341269841,154,89.61307189542485,104.7,113.7,16.03267973856209,16,0.1038961038961039,61,0.3961038961038961,0.7545126353790613,0.8373205741626795,0.2738095238095238,0.4583333333333333,0.7424242424242424,0.4285714285714285,0.2201834862385321,0.3541666666666667,0.2162698412698412,0.0123456790123456,0.0,0.0803571428571428,0.5844748858447488,0.7890625,0.2172619047619047,0.3286384976525822,0.6571428571428571,0.2113095238095238
18345,663656,Kyle Tucker,Kyle Tucker,2025,"FA,FC,FS,SI,CH,SL,CU,KC",1549,0.2733812949640288,0.3453237410071942,0.381294964028777,0.1792452830188679,0.1320754716981132,891,658,1549,-2.909607359257587,3.817927670271141,8.408524553260168,0.1900937081659973,0.6820448877805486,0.4448030987734022,0.6056338028169014,0.870201096892139,0.8156748911465893,0.5177533892834086,0.0819883795997417,-14.714739099999996,-0.949950877985797,6.347463637817949,28.640054790187214,-4.068207150677855,37.28944685474497,2247.474499677211,281,90.64014336917562,104.1,108.7,17.003584229390682,33,0.1174377224199288,115,0.4092526690391459,0.8199513381995134,0.8961424332344213,0.2646868947708198,0.4643916913946587,0.7859424920127795,0.433828276307295,0.1104815864022662,0.358974358974359,0.2265978050355067,0.0,0.0,0.0716591349257585,0.581081081081081,0.8186046511627907,0.2382182052937378,0.3223684210526316,0.7142857142857143,0.1956100710135571
26420,677347,Kyren Paris,Kyren Paris,2025,"FA,FC,FS,SI,CH,SL,CU,KC",470,0.1666666666666666,0.4074074074074074,0.4259259259259259,0.0869565217391304,0.1739130434782608,306,164,470,-2.3986829113404258,4.128231405994681,8.574445780851065,0.3101851851851852,0.6417322834645669,0.4893617021276595,0.208955223880597,0.6809815950920245,0.5434782608695652,0.5404255319148936,0.2234042553191489,4.232616500000002,0.9005567021276599,6.884765804468084,27.779434765957447,-3.1712615334042558,37.79039870212765,2312.0787234042555,57,88.0963636363636,106.4,108.7,15.4,8,0.1403508771929824,26,0.4561403508771929,0.7372262773722628,0.7425742574257426,0.2914893617021276,0.494949494949495,0.4897959183673469,0.4212765957446808,0.2547169811320754,0.074074074074074,0.225531914893617,0.1379310344827586,0.0,0.0617021276595744,0.5638297872340425,0.490566037735849,0.2,0.4326923076923077,0.4888888888888889,0.2212765957446808
18126,664774,LaMonte Wade Jr.,LaMonte Wade Jr.,2025,"FA,FC,FO,FS,SI,CH,SL,CU,KC",918,0.2556390977443609,0.2932330827067669,0.4511278195488721,0.2333333333333333,0.0333333333333333,568,350,918,-4.078336880283225,5.0980156903649245,9.330401773420478,0.1930232558139535,0.5901639344262295,0.4041394335511982,0.5060240963855421,0.8819444444444444,0.7978436657681941,0.5315904139433552,0.0816993464052287,10.875757900000002,1.1847230827886712,8.561278060457518,25.35912869281045,-6.126093421895424,37.976734455337706,2215.630718954249,135,89.76492537313432,102.5,108.5,22.58208955223881,7,0.0518518518518518,45,0.3333333333333333,0.6830985915492958,0.922680412371134,0.3082788671023965,0.3811881188118812,0.7402597402597403,0.4400871459694989,0.1294117647058823,0.1363636363636363,0.1851851851851851,0.0166666666666666,0.0,0.065359477124183,0.520618556701031,0.8217821782178217,0.2113289760348584,0.2523809523809524,0.5849056603773585,0.2287581699346405
16939,657041,Lane Thomas,Lane Thomas,2025,"FA,FC,FS,SI,CH,SL,CU,KC",364,0.2037037037037037,0.4074074074074074,0.3888888888888889,0.5238095238095238,0.0952380952380952,229,135,364,-3.080159998351649,4.531710136538461,8.736653307692308,0.2242424242424242,0.5879396984924623,0.4230769230769231,0.5135135135135135,0.7692307692307693,0.7077922077922078,0.5467032967032966,0.1236263736263736,8.1531799,2.239884587912088,7.58115805824176,26.18733351648352,-4.368830058241757,37.14812263736263,2280.225274725274,54,88.94444444444443,104.7,110.6,18.62962962962963,3,0.0555555555555555,18,0.3333333333333333,0.7156862745098039,0.821917808219178,0.2802197802197802,0.4522292993630573,0.676056338028169,0.4313186813186813,0.1232876712328767,0.1111111111111111,0.2005494505494505,0.03125,0.0,0.0879120879120879,0.5168539325842697,0.6739130434782609,0.2445054945054945,0.3676470588235294,0.68,0.1868131868131868
21454,663457,Lars Nootbaar,Lars Nootbaar,2025,"FA,FC,FO,FS,SI,CH,SL,CU,KC,EP",1663,0.275,0.3428571428571428,0.3821428571428571,0.2616822429906542,0.0934579439252336,1006,657,1663,-3.870826687330127,4.103923565874923,8.85565666987372,0.2159090909090909,0.5706084959816303,0.4016837041491281,0.631578947368421,0.8752515090543259,0.812874251497006,0.523752254960914,0.0751653638003607,-4.020223899999996,-0.241745273601924,6.841220330565245,27.51608135898978,-5.761911069873723,35.43775058027661,2236.2441371016234,281,92.62821428571426,107.1,113.0,18.6,31,0.1103202846975089,145,0.5160142348754448,0.6590909090909091,0.9,0.26458208057727,0.4228723404255319,0.7861635220125787,0.4515935057125676,0.1590909090909091,0.5714285714285714,0.211665664461816,0.0336134453781512,0.0,0.0715574263379434,0.4927536231884058,0.8382352941176471,0.248346361996392,0.3372781065088757,0.6929824561403509,0.2032471437161755
22542,671732,Lawrence Butler,Lawrence Butler,2025,"FA,FC,FS,SI,CH,SL,CU,KN,KC,EP",2019,0.26875,0.45625,0.275,0.1818181818181818,0.1931818181818181,1229,790,2019,-3.7827825409113434,4.164936848236752,8.887067636453684,0.2830374753451676,0.6696517412935323,0.475482912332838,0.4285714285714285,0.8291233283803864,0.709375,0.4977711738484398,0.138187221396731,-4.299722499999998,-0.2129629767211489,6.947106245884099,27.63067999504705,-5.607431568137688,36.99185087320457,2198.2407132243684,326,90.41744548286604,107.0,113.6,8.862928348909657,31,0.0950920245398773,142,0.4355828220858895,0.7443762781186094,0.8818681318681318,0.2421991084695393,0.5416666666666666,0.6568047337278107,0.4631005448241704,0.1901565995525727,0.3058823529411765,0.2213967310549777,0.0272108843537414,0.25,0.0728083209509658,0.6585858585858586,0.7269938650306749,0.2451708766716196,0.4104308390022675,0.5303867403314917,0.2179296681525507
22896,672820,Lenyn Sosa,Lenyn Sosa,2025,"FA,FC,FS,SI,CH,SL,CU,KC",1510,0.287719298245614,0.3157894736842105,0.3964912280701754,0.2389380530973451,0.1504424778761062,1057,453,1510,-2.2634065604768216,4.073959113907285,8.215701604635758,0.4013513513513513,0.6064935064935065,0.5059602649006623,0.5959595959595959,0.9079229122055674,0.7866492146596858,0.5099337748344371,0.1079470198675496,4.3627784000000025,0.2889257218543048,6.789904759350995,27.84182151655628,-2.927493839152317,38.66625216556292,2317.149668874172,289,91.00524475524472,104.7,111.5,18.66083916083916,28,0.0968858131487889,127,0.4394463667820069,0.6,0.9176954732510288,0.2682119205298013,0.5902140672782875,0.8290155440414507,0.4324503311258278,0.3656957928802589,0.4867256637168141,0.2039735099337748,0.1549295774647887,0.1363636363636363,0.0940397350993377,0.6257142857142857,0.8812785388127854,0.2317880794701986,0.5493421052631579,0.7604790419161677,0.2006622516556291
23782,677870,Leo Jiménez,Leo Jimenez,2025,"FA,FC,SI,CH,SL,CU",38,0.375,0.375,0.25,0.0,0.0,29,9,38,-3.518178281578948,4.665537876315789,8.810136052631577,0.3076923076923077,0.64,0.5263157894736842,0.75,0.9375,0.9,0.6578947368421053,0.0526315789473684,2.529517,6.656623684210528,7.812980184210527,25.150223684210523,-5.138365034210527,33.28102315789474,2356.7894736842104,9,92.0375,108.4,108.4,5.0,1,0.1111111111111111,5,0.5555555555555556,0.6363636363636364,1.0,0.2894736842105263,0.7058823529411765,0.9166666666666666,0.4473684210526316,0.1111111111111111,0.0,0.2368421052631578,0.0,0.0,0.0263157894736842,0.75,0.8888888888888888,0.3157894736842105,0.6,1.0,0.131578947368421
21009,660844,Leo Rivas,Leo Rivas,2025,"FA,FC,FS,SI,CH,SL,CU,KC,EP",336,0.1621621621621621,0.4324324324324324,0.4054054054054054,0.2,0.1333333333333333,190,146,336,-3.737988066964286,4.924025851726192,8.517074062499999,0.1257485029940119,0.5621301775147929,0.3452380952380952,0.6666666666666666,0.7894736842105263,0.7672413793103449,0.5029761904761905,0.0803571428571428,-0.3131895999999993,-0.0932111904761902,8.260009066666665,26.44521639880952,-5.534602238988095,36.74573511904762,2239.8928571428573,37,86.12972972972973,97.9,104.2,15.702702702702704,2,0.054054054054054,6,0.1621621621621621,0.6947368421052632,0.7727272727272727,0.2827380952380952,0.3221476510067114,0.7916666666666666,0.4434523809523809,0.0266666666666666,0.0,0.2232142857142857,0.0,0.0,0.050595238095238,0.4137931034482758,0.8611111111111112,0.2589285714285714,0.1935483870967742,0.5833333333333334,0.1845238095238095
18900,665750,Leody Taveras,Leody Taveras,2025,"FA,FC,FS,SI,CH,SL,CU,KC",567,0.2376237623762376,0.3267326732673267,0.4356435643564356,0.3863636363636363,0.0681818181818181,393,174,567,-4.216030638306879,4.86003764037037,9.34861307760141,0.38671875,0.6366559485530546,0.5238095238095238,0.6161616161616161,0.8939393939393939,0.8013468013468014,0.5485008818342152,0.1040564373897707,10.9340547,1.928404708994709,8.149349465961203,26.2612378659612,-6.367959783068781,36.94602257495592,2180.3298059964727,105,87.868,102.0,109.8,22.62,7,0.0666666666666666,35,0.3333333333333333,0.6993865030674846,0.9649122807017544,0.2874779541446208,0.5676691729323309,0.7615894039735099,0.4673721340388007,0.284313725490196,0.4482758620689655,0.1798941798941798,0.0833333333333333,0.0,0.0634920634920634,0.6319444444444444,0.8021978021978022,0.2539682539682539,0.4918032786885246,0.7,0.2134038800705467
29844,689414,Liam Hicks,Liam Hicks,2025,"FA,FC,FS,SI,CH,SL,CU,KN,KC,EP",1293,0.2966101694915254,0.4449152542372881,0.2584745762711864,0.1311475409836065,0.0983606557377049,778,515,1293,-3.067786667238979,4.120778610595512,8.678091542150042,0.1721170395869191,0.5280898876404494,0.3681361175560712,0.64,0.925531914893617,0.865546218487395,0.5506573859242073,0.0494972931167826,-2.0599902999999977,-0.1593186620262952,6.861626420108276,28.63106890951276,-4.337293630162414,38.02480914771845,2239.709203402939,239,85.50762711864408,101.1,108.5,10.169491525423728,9,0.0376569037656903,73,0.3054393305439331,0.6163682864450127,0.950207468879668,0.3023975251353442,0.3625,0.8423645320197044,0.4331013147718484,0.1240310077519379,0.375,0.1987625676720804,0.0,0.0,0.0641918020108275,0.4548611111111111,0.8854961832061069,0.222737819025522,0.2647058823529412,0.7638888888888888,0.2103634957463263
24273,678894,Liover Peguero,Liover Peguero,2025,"FA,FC,FS,SI,CH,SL,CU,KC",214,0.1111111111111111,0.5277777777777778,0.3611111111111111,0.2307692307692307,0.1538461538461538,137,77,214,-1.534499538317757,2.575054251869159,7.532069551401869,0.198019801980198,0.6194690265486725,0.4205607476635514,0.2,0.8428571428571429,0.7,0.5280373831775701,0.1261682242990654,2.6709149,1.2480910747663552,4.197699628971962,30.406145841121496,-1.643183780373832,40.57974462616823,2370.6728971962616,38,82.52972972972971,103.1,110.3,7.135135135135135,2,0.0526315789473684,9,0.2368421052631578,0.7258064516129032,0.8888888888888888,0.2897196261682243,0.4470588235294118,0.5789473684210527,0.397196261682243,0.125,0.1666666666666666,0.2242990654205607,0.0526315789473684,0.0,0.0887850467289719,0.4745762711864407,0.6785714285714286,0.2757009345794392,0.3846153846153846,0.3,0.1214953271028037
25844,669722,Logan Davidson,Logan Davidson,2025,"FA,FC,FS,SI,CH,SL,CU,KC",183,0.1428571428571428,0.5714285714285714,0.2857142857142857,0.25,0.25,115,68,183,-2.595119459562841,2.5008728508196723,8.647128868852459,0.16,0.6481481481481481,0.448087431693989,0.25,0.6714285714285714,0.6097560975609756,0.5901639344262295,0.174863387978142,5.7428035,3.1381439890710383,4.069405833333334,31.22962633879782,-3.511964699453552,31.813045628415303,2246.6830601092897,16,89.64285714285714,105.3,108.9,13.214285714285714,1,0.0625,4,0.25,0.7192982456140351,0.8292682926829268,0.3114754098360656,0.5217391304347826,0.4444444444444444,0.3770491803278688,0.0714285714285714,0.0,0.2295081967213114,0.1333333333333333,0.0,0.081967213114754,0.5909090909090909,0.4615384615384615,0.2404371584699453,0.4,0.4,0.1366120218579235
24729,681351,Logan O'Hoppe,Logan O'Hoppe,2025,"FA,FC,FO,FS,SI,CH,SL,CU,KC",1445,0.2236842105263158,0.4035087719298245,0.3728070175438596,0.2117647058823529,0.1764705882352941,950,495,1445,-2.216963796221453,3.8913291648304495,8.425109473356402,0.3125884016973126,0.7289972899728997,0.5252595155709343,0.3981900452488687,0.8085501858736059,0.689064558629776,0.510726643598616,0.1633217993079584,18.46051540000001,1.277544318339101,6.4745915019930775,28.06714044982699,-2.8470591786851207,36.670956333564014,2346.5778546712804,233,90.56565217391302,104.5,112.4,16.791304347826088,31,0.1330472103004291,107,0.4592274678111588,0.7613065326633166,0.8547854785478548,0.2747404844290657,0.6104553119730185,0.6602209944751382,0.4096885813148789,0.2570532915360501,0.3048780487804878,0.2207612456747404,0.0888888888888888,0.0,0.0934256055363321,0.7128712871287128,0.7453703703703703,0.2089965397923875,0.503448275862069,0.5342465753424658,0.2006920415224913
20626,682515,Logan Porter,Logan Porter,2025,"FA,FC,SI,SL",34,0.0,0.6,0.4,0.5,0.0,18,16,34,-0.9104056176470584,2.760910970588235,6.602603529411764,0.25,0.5714285714285714,0.3823529411764705,0.8,0.875,0.8461538461538461,0.4117647058823529,0.0588235294117647,0.4638026999999999,1.364125588235294,4.519117976470589,29.31438823529412,-0.5435565882352938,30.89802882352941,2481.970588235294,6,89.4,93.4,93.4,15.2,0,0.0,0,0.0,0.6,1.0,0.1470588235294117,0.5333333333333333,0.875,0.4411764705882353,0.1818181818181818,0.5,0.3235294117647059,0.0,0.0,0.088235294117647,0.6,1.0,0.2941176470588235,0.4,0.5,0.1470588235294117
19238,666971,Lourdes Gurriel Jr.,Lourdes Gurriel Jr.,2025,"FA,FC,FO,FS,SI,CH,SL,CU,KC,EP",1434,0.2382550335570469,0.3758389261744966,0.3859060402684564,0.2347826086956521,0.1217391304347826,970,464,1434,-2.021097121959552,4.1092087297489535,8.118164549372382,0.3343239227340267,0.657030223390276,0.5055788005578801,0.6177777777777778,0.886,0.8027586206896552,0.5306834030683403,0.099721059972106,7.019950000000004,0.4895362622036265,6.851609759330542,27.19174432357043,-2.5047104405160394,38.57257367503487,2345.896792189679,303,88.16245847176083,103.9,109.1,15.926910299003325,25,0.0825082508250825,120,0.396039603960396,0.706766917293233,0.8971631205673759,0.2782426778242677,0.5640194489465153,0.8160919540229885,0.4295676429567643,0.271875,0.4942528735632184,0.2231520223152022,0.0816326530612244,0.25,0.0676429567642956,0.6023391812865497,0.8592233009708737,0.2377963737796374,0.5163636363636364,0.7535211267605634,0.1917712691771269
18568,650333,Luis Arraez,Luis Arraez,2025,"FA,FC,FS,SI,CH,SL,CU,KC,EP",1707,0.3076923076923077,0.4149184149184149,0.2773892773892774,0.1260504201680672,0.0336134453781512,1182,525,1707,-3.7720948117750432,4.990918565084943,9.17319393380199,0.3471849865951742,0.6056191467221644,0.4926772114821324,0.9382239382239382,0.9759450171821306,0.9643281807372176,0.5629759812536614,0.0175746924428822,-4.443969799999996,-0.2603380082015229,8.376348308486822,25.36763748096075,-5.586873507164618,36.12272891739895,2274.6660808435854,433,86.88873239436616,97.0,104.4,12.69718309859155,6,0.0138568129330254,83,0.1916859122401847,0.639763779527559,0.9876923076923076,0.29701230228471,0.5535714285714286,0.9652605459057072,0.4253075571177504,0.3125,0.923809523809524,0.1962507322788517,0.0592592592592592,0.5,0.0790861159929701,0.5860349127182045,0.9574468085106383,0.2349150556531927,0.5137614678899083,0.9761904761904762,0.1903925014645577
22217,669134,Luis Campusano,Luis Campusano,2025,"FA,FC,SI,CH,SL,CU,KC",42,0.0,1.0,0.0,0.0,0.0,24,18,42,-0.3362227380952378,2.584083947619048,8.019908690476191,0.2916666666666667,0.4444444444444444,0.3571428571428571,0.4285714285714285,0.5,0.4666666666666667,0.4285714285714285,0.1904761904761904,1.3831102,3.293119523809524,4.213312571428572,38.71805142857143,0.4681416666666673,43.18654523809524,2273.0714285714284,2,85.8,93.0,93.0,-16.5,0,0.0,0,0.0,0.5555555555555556,0.6,0.2142857142857142,0.2941176470588235,0.6,0.4047619047619047,0.4166666666666667,0.2,0.2857142857142857,0.0,0.0,0.0952380952380952,0.3,0.6666666666666666,0.238095238095238,0.2857142857142857,0.5,0.1666666666666666
20391,671277,Luis García Jr.,Luis Garcia Jr.,2025,"FA,FC,FO,FS,SI,CH,SL,CU,KC,EP",1486,0.2629969418960244,0.4434250764525994,0.2935779816513761,0.1666666666666666,0.1666666666666666,1013,473,1486,-2.8480757718236887,3.302889616823689,8.500062333109016,0.3825417201540436,0.6944837340876945,0.5309555854643337,0.6543624161073825,0.9266802443991852,0.8238276299112801,0.4757738896366083,0.0935397039030955,-6.742164399999997,-0.4537122745625839,5.457815788263796,29.518478384925963,-3.967155269905789,37.1664875168237,2264.2597577388965,333,90.922188449848,105.9,111.7,8.878419452887538,34,0.1021021021021021,159,0.4774774774774775,0.7463976945244957,0.9498069498069498,0.2335127860026918,0.5929339477726574,0.8497409326424871,0.4380888290713324,0.3702702702702702,0.5401459854014599,0.2489905787348587,0.059322033898305,0.2857142857142857,0.079407806191117,0.6535211267605634,0.896551724137931,0.2388963660834455,0.5202702702702703,0.7792207792207793,0.1991924629878869
16451,641645,Luis Guillorme,Luis Guillorme,2025,"FA,FC,FS,SI,CH,SL,CU,KC",62,0.2727272727272727,0.6363636363636364,0.0909090909090909,1.0,0.0,42,20,62,-1.753874241935484,3.922711433870968,8.606933064516129,0.3793103448275862,0.5454545454545454,0.4677419354838709,0.7272727272727273,0.7222222222222222,0.7241379310344828,0.532258064516129,0.1290322580645161,2.3456779,3.783351451612903,6.528338483870966,28.116501612903228,-2.0297159677419354,41.04513387096774,2351.435483870968,11,86.61,98.0,100.4,5.6,0,0.0,2,0.1818181818181818,0.5909090909090909,0.6923076923076923,0.3548387096774194,0.5384615384615384,0.7142857142857143,0.4193548387096774,0.1818181818181818,1.0,0.1774193548387097,0.0,0.0,0.0483870967741935,0.5833333333333334,0.7142857142857143,0.1935483870967742,0.5,0.7142857142857143,0.2258064516129032
26467,682641,Luis Matos,Luis Matos,2025,"FA,FC,FS,SI,CH,SL,CU,KC",377,0.2467532467532467,0.4155844155844156,0.3376623376623376,0.4615384615384615,0.1153846153846153,260,117,377,-2.091461637665782,4.585214973740053,8.183270302387271,0.3636363636363636,0.6684210526315789,0.5172413793103449,0.6176470588235294,0.937007874015748,0.8256410256410256,0.5039787798408488,0.0901856763925729,0.2225529000000004,0.0590325994694961,7.674070736074269,26.635869840848816,-2.62453303183024,39.02653747745357,2333.3554376657826,77,88.40389610389607,102.3,111.6,15.792207792207792,3,0.0389610389610389,31,0.4025974025974026,0.6728971962616822,0.9305555555555556,0.2838196286472148,0.6056338028169014,0.8953488372093024,0.376657824933687,0.3296703296703296,0.5333333333333333,0.2413793103448276,0.1891891891891892,0.1428571428571428,0.0981432360742705,0.6588235294117647,0.8928571428571429,0.2254641909814323,0.5263157894736842,0.9,0.1511936339522546
19858,650859,Luis Rengifo,Luis Rengifo,2025,"FA,FC,FO,FS,SI,CH,SL,CU,KC,EP",1661,0.231974921630094,0.5360501567398119,0.231974921630094,0.2162162162162162,0.081081081081081,1096,565,1661,-2.100406849807346,3.708221275201687,8.421799402167373,0.3113087674714104,0.683066361556064,0.5069235400361228,0.6408163265306123,0.8743718592964824,0.8064133016627079,0.5261890427453342,0.0981336544250451,11.619016000000006,0.6995193257074055,6.157235414563515,28.86831013847082,-2.642641117652017,36.889789977302826,2296.2083082480435,326,86.17468750000003,101.4,108.2,5.078125,17,0.0521472392638036,97,0.2975460122699386,0.753393665158371,0.8858858858858859,0.2661047561709813,0.5526315789473685,0.8,0.4563515954244431,0.2529411764705882,0.5465116279069767,0.2046959662853702,0.0252100840336134,0.3333333333333333,0.0716435881998796,0.6473429951690821,0.8619402985074627,0.2480433473810957,0.4393063583815029,0.6907894736842105,0.2083082480433473
20043,673357,Luis Robert Jr.,Luis Robert Jr.,2025,"FA,FC,FS,SI,CH,SL,CU,KC",1135,0.25,0.3826530612244898,0.3673469387755102,0.2777777777777778,0.1111111111111111,749,386,1135,-2.7751448043700444,3.985518001148016,8.28668525929516,0.3368421052631579,0.7610619469026548,0.5480176211453744,0.4375,0.813953488372093,0.6977491961414791,0.4977973568281938,0.1656387665198238,13.361400400000004,1.177215894273128,6.63637500370044,28.07993881938326,-3.8294508388722446,38.314305956828186,2269.3224669603524,204,88.8020100502513,105.3,115.8,18.231155778894472,20,0.0980392156862745,84,0.4117647058823529,0.8364312267657993,0.8711111111111111,0.2370044052863436,0.6008064516129032,0.6879194630872483,0.4370044052863436,0.3249097472924188,0.3666666666666666,0.2440528634361233,0.0967741935483871,0.0,0.0819383259911894,0.7100371747211895,0.7329842931937173,0.2370044052863436,0.4713656387665198,0.6074766355140186,0.2
15905,620443,Luis Torrens,Luis Torrens,2025,"FA,FC,FS,SI,CH,SL,CU,KC,EP",795,0.2649006622516556,0.5231788079470199,0.2119205298013245,0.0625,0.15625,532,263,795,-2.825328499496856,4.207482281550944,8.373461720503142,0.2865671641791045,0.6304347826086957,0.4855345911949685,0.59375,0.8793103448275862,0.8082901554404145,0.5786163522012578,0.0930817610062893,7.501906899999999,0.9436360880503144,7.019654656232705,27.47608870440251,-3.919507789559748,35.99446396968554,2319.0176100628933,153,91.22697368421052,105.2,110.4,4.552631578947368,17,0.1111111111111111,74,0.4836601307189542,0.65748031496063,0.8622754491017964,0.3194968553459119,0.5723076923076923,0.8064516129032258,0.4088050314465409,0.1851851851851851,0.6,0.2037735849056604,0.0555555555555555,0.0,0.0679245283018867,0.7087912087912088,0.8527131782945736,0.2289308176100629,0.3986013986013986,0.7017543859649122,0.1798742138364779
16622,649966,Luis Urías,Luis Urias,2025,"FA,FC,FS,SI,CH,SL,CU,KC,EP",1019,0.2180851063829787,0.4414893617021276,0.3404255319148936,0.21875,0.109375,636,383,1019,-3.391304195485771,4.288739035034346,8.857277271835132,0.2098501070663811,0.5887681159420289,0.4151128557409225,0.6938775510204082,0.916923076923077,0.8652482269503546,0.5417075564278705,0.0559371933267909,-0.1500084999999977,-0.0147211481844943,7.161136602777235,27.062123729146226,-4.916912148184494,37.17645136408244,2300.7144259077527,195,88.00729166666667,102.0,107.4,12.619791666666666,9,0.0461538461538461,64,0.3282051282051282,0.6557377049180327,0.925,0.2993130520117762,0.452970297029703,0.8633879781420765,0.3964671246319921,0.1769911504424778,0.575,0.2217860647693817,0.0,0.0,0.0824337585868498,0.5150214592274678,0.9083333333333332,0.2286555446516192,0.3684210526315789,0.7777777777777778,0.1678115799803729
23442,676679,Luis Vázquez,Luis Vazquez,2025,"FA,FC,FS,SI,SL,CU,KC",100,0.1666666666666666,0.5555555555555556,0.2777777777777778,0.2,0.0,69,31,100,-2.667879448,5.766212080199999,10.0766476,0.3404255319148936,0.6792452830188679,0.52,0.5,0.7777777777777778,0.6923076923076923,0.53,0.16,2.0817825,2.0817825,9.71648774,23.6837826,-3.6401631500000007,42.52936,2340.4,18,91.40555555555554,105.2,107.2,5.833333333333333,2,0.1111111111111111,10,0.5555555555555556,0.7391304347826086,0.7647058823529411,0.23,0.5882352941176471,0.7333333333333333,0.51,0.1818181818181818,0.25,0.22,0.25,0.0,0.04,0.6296296296296297,0.8823529411764706,0.27,0.5416666666666666,0.5384615384615384,0.24
26548,682668,Luisangel Acuña,Luisangel Acuna,2025,"FA,FC,FS,SI,CH,SL,CU,KC,EP",431,0.2,0.5789473684210527,0.2210526315789473,0.238095238095238,0.0,276,155,431,-1.9258360190023207,3.817931527969837,8.133753689095128,0.3302325581395349,0.6574074074074074,0.494199535962877,0.5352112676056338,0.9014084507042254,0.7793427230046949,0.5011600928074246,0.1090487238979118,9.376948699999998,2.175626148491878,6.346097458700699,29.089908027842228,-2.335985838747099,36.943867378190255,2318.324825986079,97,88.07802197802197,104.8,110.3,3.0,1,0.0103092783505154,34,0.3505154639175257,0.7033898305084746,0.9397590361445785,0.2737819025522042,0.5764705882352941,0.8061224489795918,0.3944315545243619,0.25,0.3461538461538461,0.2412993039443155,0.1538461538461538,0.0,0.0904872389791183,0.6987951807228916,0.8448275862068966,0.1925754060324826,0.4597701149425287,0.75,0.2018561484918793
33321,807712,Luke Keaschall,Luke Keaschall,2025,"FA,FC,FS,SI,CH,SL,CU,KC",514,0.2752293577981651,0.4587155963302752,0.2660550458715596,0.2413793103448276,0.1034482758620689,313,201,514,-2.8494112887159524,3.924538670622568,8.623892581712063,0.1834061135371179,0.5894736842105263,0.4085603112840467,0.7380952380952381,0.8928571428571429,0.861904761904762,0.5544747081712063,0.056420233463035,-11.121725199999998,-2.163759766536965,6.532444953560312,28.158783210116727,-3.9630803161867703,37.99904260700389,2328.772373540856,109,86.26513761467889,101.5,109.2,11.65137614678899,6,0.055045871559633,38,0.3486238532110092,0.7046979865771812,0.9142857142857144,0.2898832684824903,0.4311926605504587,0.8404255319148937,0.424124513618677,0.0982142857142857,0.5454545454545454,0.2178988326848249,0.0,0.0,0.0680933852140077,0.5603448275862069,0.8461538461538461,0.22568093385214,0.284313725490196,0.8275862068965517,0.1984435797665369
13355,571912,Luke Maile,Luke Maile,2025,"FA,FC,FS,SI,CH,SL,CU,KC,EP",133,0.3043478260869565,0.391304347826087,0.3043478260869565,0.1428571428571428,0.1428571428571428,76,57,133,-2.633498012781955,4.509380729323309,8.152525578947367,0.2205882352941176,0.5846153846153846,0.3984962406015037,0.6666666666666666,0.8421052631578947,0.7924528301886793,0.4887218045112781,0.0827067669172932,-0.7854280999999994,-0.5905474436090221,7.53707546917293,28.309951127819545,-3.5916729248120305,37.62060375939849,2289.8571428571427,23,89.48181818181817,104.1,106.1,14.956521739130435,2,0.0869565217391304,10,0.4347826086956521,0.696969696969697,0.8695652173913043,0.2481203007518796,0.4576271186440678,0.7777777777777778,0.4436090225563909,0.1034482758620689,0.3333333333333333,0.2180451127819548,0.0,0.0,0.0902255639097744,0.5135135135135135,0.8421052631578947,0.2781954887218045,0.3636363636363636,0.625,0.1654135338345864
19354,670042,Luke Raley,Luke Raley,2025,"FA,FC,FS,SI,CH,SL,CU,KN,KC,EP",700,0.21875,0.4791666666666667,0.3020833333333333,0.1724137931034483,0.1379310344827586,435,265,700,-3.7191833367142855,4.1484877962,8.960253735714288,0.2959770114942529,0.7642045454545454,0.5314285714285715,0.3203883495145631,0.7323420074349443,0.6182795698924731,0.5028571428571429,0.2028571428571428,-1.0380761999999994,-0.1482965999999999,6.896639277825465,27.839284291845495,-5.520258020600858,37.238718944285736,2147.9357142857143,101,90.19684210526316,106.6,114.3,12.16842105263158,11,0.1089108910891089,44,0.4356435643564356,0.8546511627906976,0.7959183673469388,0.2428571428571428,0.6148867313915858,0.5526315789473685,0.44,0.2115384615384615,0.2424242424242424,0.2228571428571428,0.0317460317460317,0.0,0.09,0.757396449704142,0.6328125,0.2414285714285714,0.4428571428571428,0.3870967741935484,0.1985714285714285
19931,663897,Luke Williams,Luke Williams,2025,"FA,FC,SI,CH,SL,CU",81,0.2352941176470588,0.4117647058823529,0.3529411764705882,0.5,0.0,56,25,81,-3.0187736419753084,4.201129585185185,8.488285679012344,0.2941176470588235,0.6170212765957447,0.4814814814814814,0.6,0.8620689655172413,0.7948717948717948,0.5802469135802469,0.0987654320987654,3.698012400000001,4.565447407407408,7.009831320987654,26.72004580246913,-4.25843750617284,33.47203950617284,2319.320987654321,17,83.8125,98.7,101.3,15.125,1,0.0588235294117647,3,0.1764705882352941,0.8571428571428571,0.8888888888888888,0.2592592592592592,0.4473684210526316,0.8235294117647058,0.4691358024691358,0.2142857142857142,0.3333333333333333,0.1728395061728395,0.125,0.0,0.0987654320987654,0.5,0.8461538461538461,0.3209876543209876,0.3333333333333333,0.75,0.1481481481481481
21497,663609,Luken Baker,Luken Baker,2025,"FA,FC,SI,SL,KC",24,0.0,0.3333333333333333,0.6666666666666666,0.25,0.0,17,7,24,0.9365499291666668,2.3615794166666664,8.7329875,0.4,0.7142857142857143,0.5833333333333334,0.5,0.9,0.7857142857142857,0.5833333333333334,0.125,2.412276,10.05115,3.828511875,31.73675,2.710749125,21.654600041666665,2470.208333333333,6,95.25,109.4,109.4,24.0,1,0.1666666666666666,4,0.6666666666666666,0.75,1.0,0.3333333333333333,0.5454545454545454,0.6666666666666666,0.4583333333333333,0.6666666666666666,0.5,0.125,0.0,0.0,0.0833333333333333,0.6666666666666666,0.5,0.125,0.5,0.75,0.3333333333333333
22197,669004,MJ Melendez,MJ Melendez,2025,"FA,FC,FS,SI,CH,SL,CU,KC",210,0.125,0.34375,0.53125,0.2352941176470588,0.0,137,73,210,-3.522679330190476,4.27394607952381,8.861971723809523,0.336283185840708,0.6701030927835051,0.4904761904761904,0.3684210526315789,0.7384615384615385,0.6019417475728155,0.4619047619047619,0.1952380952380952,9.0550836,4.3119445714285725,7.139184511904763,28.11035380952381,-5.15377190904762,37.92514495238095,2170.0666666666666,33,90.62187500000002,100.9,107.7,23.4375,1,0.0303030303030303,15,0.4545454545454545,0.7450980392156863,0.7894736842105263,0.2428571428571428,0.5698924731182796,0.5471698113207547,0.4428571428571428,0.2352941176470588,0.25,0.2428571428571428,0.0,0.0,0.0714285714285714,0.5957446808510638,0.6785714285714286,0.2238095238095238,0.5434782608695652,0.4,0.219047619047619
22715,672580,Maikel Garcia,Maikel Garcia,2025,"FA,FC,FO,FS,SI,CH,SL,CU,KC,EP",1973,0.2788461538461538,0.4375,0.2836538461538461,0.2372881355932203,0.1101694915254237,1225,748,1973,-2.513665120897112,4.259211751753674,8.236049261226562,0.1872146118721461,0.577028258887876,0.4039533705017739,0.7012195121951219,0.919431279620853,0.8745294855708908,0.5560060821084643,0.0506842372022301,-4.559661700000006,-0.231102975164724,7.109595982767355,27.11468489609732,-3.370138337582362,38.39872494323362,2338.6553471870247,421,91.31135265700478,105.5,110.3,9.746376811594205,23,0.0546318289786223,190,0.4513064133016627,0.6576271186440678,0.9484536082474226,0.2990369994931576,0.4210526315789473,0.8488372093023255,0.4135833755701976,0.1431980906921241,0.6166666666666667,0.2118601115053218,0.0340136054421768,0.0,0.0745058286872782,0.5068493150684932,0.8648648648648649,0.2219969589457678,0.3218997361477572,0.819672131147541,0.1915864166244298
11493,592518,Manny Machado,Manny Machado,2025,"FA,FC,FS,SI,CH,SL,CU,KC,EP",1937,0.2745098039215686,0.3893557422969187,0.3361344537815126,0.2083333333333333,0.125,1246,691,1937,-2.5572027967630357,4.01392400671141,8.415131325761484,0.2839779005524862,0.6947674418604651,0.5028394424367578,0.4863813229571984,0.8549511854951185,0.757700205338809,0.5327826535880227,0.1218378936499741,-3.877310299999997,-0.2001708982963343,6.685904306246774,27.628411719153327,-3.445875389778008,37.02372530562725,2327.421786267424,362,92.75292479108634,108.1,114.8,13.799442896935933,44,0.1215469613259668,186,0.5138121546961326,0.7884615384615384,0.8658536585365854,0.2679401135776975,0.5394896719319563,0.7567567567567568,0.4248838409912235,0.2505747126436781,0.3761467889908257,0.2245740836344863,0.0691823899371069,0.5454545454545454,0.0820856995353639,0.6036446469248291,0.8188679245283019,0.2266391326794011,0.4661458333333333,0.664804469273743,0.1982447083118224
14712,622534,Manuel Margot,Manuel Margot,2025,"FA,FS,SI,SL,CU",19,0.3333333333333333,0.6666666666666666,0.0,0.0,0.0,14,5,19,-3.394184736842105,4.287822,8.331083157894739,0.375,0.7272727272727273,0.5789473684210527,0.3333333333333333,0.75,0.6363636363636364,0.5789473684210527,0.2105263157894736,-0.1734416000000002,-0.9128505263157906,7.159765421052633,27.804900000000004,-4.9198900000000005,38.89806842105264,1828.8947368421047,3,67.93333333333334,90.2,90.2,-22.0,0,0.0,0,0.0,0.7777777777777778,0.7142857142857143,0.4736842105263157,0.5,0.3333333333333333,0.3157894736842105,0.25,1.0,0.2105263157894736,0.0,0.0,0.0,0.5,1.0,0.1052631578947368,0.5,0.0,0.2105263157894736
10324,542303,Marcell Ozuna,Marcell Ozuna,2025,"FA,FC,FO,FS,SI,CH,SL,CU,KC",2002,0.2296296296296296,0.3703703703703703,0.4,0.1203703703703703,0.1666666666666666,1193,809,2002,-2.531181821091409,3.811532600734265,8.177535261738257,0.228460793804453,0.5799793601651186,0.3986013986013986,0.5805084745762712,0.8220640569395018,0.7506265664160401,0.484015984015984,0.0994005994005994,-6.929204400000001,-0.3461141058941059,6.337053546008995,27.719563986013984,-3.40259541012987,36.68380922327671,2326.328171828172,273,90.14723247232472,106.1,111.6,14.878228782287822,33,0.1208791208791208,122,0.4468864468864469,0.6660194174757281,0.8600583090379009,0.2572427572427572,0.4430844553243574,0.7513812154696132,0.4080919080919081,0.1888888888888888,0.3764705882352941,0.2242757242757243,0.0363636363636363,0.0,0.1098901098901098,0.4856512141280353,0.7727272727272727,0.2262737262737262,0.3901098901098901,0.7183098591549296,0.1818181818181818
29668,691785,Marcelo Mayer,Marcelo Mayer,2025,"FA,FC,FS,SI,CH,SL,CU,KN,KC",410,0.2428571428571428,0.4571428571428571,0.3,0.0952380952380952,0.1904761904761904,264,146,410,-3.402078183170732,3.991370984000001,8.245930134146342,0.2879581151832461,0.6894977168949772,0.5024390243902439,0.3454545454545454,0.8874172185430463,0.7427184466019418,0.5341463414634147,0.1292682926829268,-0.2487806000000002,-0.0606781951219512,6.649573204390245,28.251937317073185,-4.9600169878048765,37.15676882926829,2239.2731707317075,72,90.9788732394366,103.8,108.7,7.225352112676056,8,0.1111111111111111,38,0.5277777777777778,0.7404580152671756,0.9381443298969072,0.3195121951219512,0.5370370370370371,0.6551724137931034,0.3951219512195122,0.2444444444444444,0.2272727272727272,0.2195121951219512,0.0,0.0,0.0658536585365853,0.625,0.7818181818181819,0.2146341463414634,0.4324324324324324,0.4375,0.1804878048780487
12533,543760,Marcus Semien,Marcus Semien,2025,"FA,FC,FS,SI,CH,SL,CU,KC",1494,0.2198581560283688,0.3333333333333333,0.4468085106382978,0.238095238095238,0.0952380952380952,932,562,1494,-2.7547934945756363,4.229218357228915,8.380789563587689,0.2520661157024793,0.7395833333333334,0.5026773761713521,0.5245901639344263,0.8943661971830986,0.8042609853528628,0.5140562248995983,0.0983935742971887,5.418318800000009,0.3626719410977247,7.0598544620548855,27.00055808567604,-3.807391051198127,36.922095748995964,2257.243641231593,286,88.23087719298248,102.4,110.0,20.080701754385966,23,0.0804195804195804,100,0.3496503496503496,0.8353808353808354,0.9205882352941176,0.2724230254350736,0.5557404326123128,0.7934131736526946,0.4016064257028112,0.1983471074380165,0.3611111111111111,0.2429718875502008,0.040650406504065,0.0,0.0823293172690763,0.6628895184135978,0.8333333333333334,0.2362784471218206,0.4032258064516129,0.7,0.1653279785809906
11445,592192,Mark Canha,Mark Canha,2025,"FA,FC,FS,SI,CH,SL,CU,KC",239,0.1794871794871795,0.4358974358974359,0.3846153846153846,0.4,0.0,149,90,239,-2.2203620849372387,4.083752160359833,8.200347728033472,0.2439024390243902,0.646551724137931,0.4393305439330544,0.6,0.76,0.7142857142857143,0.4853556485355648,0.1255230125523012,4.917894000000001,2.057696234309624,6.806838236820084,27.037839414225942,-2.8516495497907943,34.38153558995816,2354.7991631799164,40,86.31025641025641,100.7,105.5,16.23076923076923,0,0.0,10,0.25,0.7678571428571429,0.7674418604651163,0.2343096234309623,0.4528301886792453,0.75,0.4393305439330544,0.2592592592592592,0.4285714285714285,0.2259414225941422,0.0,0.0,0.0962343096234309,0.5,0.8484848484848485,0.2719665271966527,0.375,0.5333333333333333,0.1673640167364016
22184,668901,Mark Vientos,Mark Vientos,2025,"FA,FC,FS,SI,CH,SL,CU,KC,EP",1241,0.2535211267605634,0.3849765258215962,0.3615023474178404,0.1688311688311688,0.1558441558441558,820,421,1241,-2.0071570219178088,3.652680275159548,8.214584019339236,0.3023648648648648,0.6979969183359014,0.5092667203867849,0.4525139664804469,0.7924944812362031,0.6962025316455697,0.5229653505237711,0.1547139403706688,6.303608900000005,0.5079459226430302,6.063070669597101,28.896822626913785,-2.4777409179693795,37.20816270749396,2356.5962933118453,215,90.93441860465116,105.3,110.4,12.83720930232558,29,0.1348837209302325,106,0.4930232558139535,0.7194029850746269,0.8174273858921162,0.2699435938759065,0.591715976331361,0.72,0.4085414987912973,0.2688172043010752,0.36,0.2240128928283642,0.1333333333333333,0.0,0.096696212731668,0.6621621621621622,0.7551020408163265,0.2385173247381144,0.4928909952606635,0.6538461538461539,0.1700241740531829
6887,455117,Martín Maldonado,Martin Maldonado,2025,"FA,FC,FS,SI,CH,SL,CU,KC,EP",372,0.135593220338983,0.3898305084745763,0.4745762711864407,0.3214285714285714,0.1071428571428571,261,111,372,-2.3188347825268814,4.335978380913979,8.54540339516129,0.3289473684210526,0.5318181818181819,0.4489247311827957,0.26,0.7777777777777778,0.6227544910179641,0.5913978494623656,0.1693548387096774,10.760521300000002,2.8926132526881725,7.242465672043013,28.38685061827957,-3.0263707473118275,37.83026075268817,2355.935483870968,65,82.30350877192984,102.9,107.5,16.0,6,0.0923076923076923,14,0.2153846153846154,0.512396694214876,0.8225806451612904,0.325268817204301,0.56,0.5595238095238095,0.4032258064516129,0.2941176470588235,0.3,0.1827956989247312,0.0303030303030303,0.0,0.0887096774193548,0.5851063829787234,0.6363636363636364,0.2526881720430107,0.5178571428571429,0.4137931034482758,0.1505376344086021
31837,807799,Masataka Yoshida,Masataka Yoshida,2025,"FA,FC,FS,SI,CH,SL,CU,KC,EP",614,0.2408759124087591,0.5036496350364964,0.2554744525547445,0.2285714285714285,0.1142857142857142,398,216,614,-2.9387690627035825,4.802566666530946,8.872562521172638,0.2773722627737226,0.5764705882352941,0.4429967426710097,0.7105263157894737,0.9081632653061223,0.8529411764705882,0.5537459283387622,0.0651465798045602,-4.887597199999998,-0.796025602605863,8.048922606026057,26.18058296416938,-4.119874055651465,40.939886445114006,2257.5195439739414,141,90.99,104.0,112.4,8.414285714285715,11,0.0780141843971631,69,0.4893617021276595,0.6526946107784432,0.9541284403669724,0.2703583061889251,0.4926470588235294,0.8432835820895522,0.4429967426710097,0.2105263157894736,0.5357142857142857,0.2166123778501628,0.0238095238095238,0.0,0.0684039087947882,0.5283018867924528,0.8928571428571429,0.258957654723127,0.4424778761061947,0.76,0.1840390879478827
22232,669200,Mason McCoy,Mason McCoy,2025,"FA,SI,CH,SL,CU,KC",77,0.0833333333333333,0.4166666666666667,0.5,0.1666666666666666,0.0,51,26,77,-3.162959725974026,4.462811077922077,8.131107623376625,0.3333333333333333,0.5789473684210527,0.4545454545454545,0.3846153846153846,0.8636363636363636,0.6857142857142857,0.4935064935064935,0.1428571428571428,1.3762523999999998,1.787340779220779,7.462385012987013,28.642290389610384,-4.512476779220779,34.16304963636364,2250.025974025974,12,83.05833333333334,100.1,101.5,15.416666666666666,2,0.1666666666666666,3,0.25,0.7777777777777778,0.7857142857142857,0.2337662337662337,0.4411764705882353,0.7333333333333333,0.4415584415584415,0.2777777777777778,0.4,0.2337662337662337,0.1428571428571428,0.0,0.0909090909090909,0.4210526315789473,1.0,0.2467532467532467,0.4666666666666667,0.4285714285714285,0.1948051948051948
27479,691026,Masyn Winn,Masyn Winn,2025,"FA,FC,FS,SI,CH,SL,CU,KC,EP",1500,0.2481481481481481,0.3962962962962963,0.3555555555555555,0.3541666666666667,0.0729166666666666,970,530,1500,-2.323034095566665,4.416069126319998,8.331008363333337,0.2308917197452229,0.6020642201834863,0.4466666666666666,0.6620689655172414,0.88,0.8328358208955224,0.5813333333333334,0.0746666666666666,7.046128,0.4697418666666666,7.38241453821333,26.737768813333343,-3.0357460090666653,36.53927686933333,2368.832,275,87.29328358208954,103.8,109.9,15.772388059701491,14,0.0509090909090909,83,0.3018181818181818,0.67590618336887,0.886435331230284,0.3126666666666666,0.4491392801251956,0.8571428571428571,0.4253333333333333,0.2081911262798634,0.5081967213114754,0.1953333333333333,0.0505050505050505,0.0,0.066,0.5382436260623229,0.8789473684210526,0.2353333333333333,0.3391608391608391,0.8144329896907216,0.19
16505,656305,Matt Chapman,Matt Chapman,2025,"FA,FC,FO,FS,SI,CH,SL,CU,KC,EP",1708,0.2113821138211382,0.4105691056910569,0.3780487804878049,0.3333333333333333,0.1935483870967742,1022,686,1708,-2.5991314382845427,4.767475474590164,8.523529016393445,0.2152521525215252,0.6022346368715084,0.4180327868852459,0.5142857142857142,0.8515769944341373,0.7689075630252101,0.5240046838407494,0.0966042154566744,-9.058457999999996,-0.5303546838407491,7.990339323419203,25.78674101873536,-3.518948994590165,38.95119903981264,2334.2740046838408,248,91.85910931174084,107.5,113.5,15.109311740890687,24,0.0967741935483871,117,0.4717741935483871,0.6923076923076923,0.8678678678678678,0.2810304449648712,0.4351978171896316,0.7304075235109718,0.4291569086651053,0.1602373887240356,0.5,0.1973067915690866,0.0509554140127388,0.0,0.0919203747072599,0.5552699228791774,0.7777777777777778,0.227751756440281,0.2994186046511627,0.6310679611650486,0.2014051522248243
25855,685301,Matt Gorski,Matt Gorski,2025,"FA,FC,FS,SI,CH,SL,CU",88,0.2727272727272727,0.4545454545454545,0.2727272727272727,0.0,0.3333333333333333,60,28,88,-0.986386225,2.531482201136364,6.754797352272728,0.3157894736842105,0.56,0.4545454545454545,0.6666666666666666,0.6785714285714286,0.675,0.5681818181818182,0.1477272727272727,0.5337531000000001,0.6065376136363637,4.122345076136364,31.67313977272728,-0.6774238147727274,42.647184090909086,2264.465909090909,11,83.36363636363636,99.6,107.9,0.4545454545454545,1,0.0909090909090909,2,0.1818181818181818,0.5757575757575758,0.631578947368421,0.375,0.5151515151515151,0.7647058823529411,0.375,0.2666666666666666,0.5,0.1704545454545454,0.0,0.0,0.0795454545454545,0.4705882352941176,0.75,0.1931818181818181,0.5625,0.7777777777777778,0.1818181818181818
29695,680574,Matt McLain,Matt McLain,2025,"FA,FC,FS,SI,CH,SL,CU,KC,EP",1811,0.2074074074074074,0.4,0.3925925925925926,0.2547169811320754,0.1132075471698113,1152,659,1811,-2.131602353136389,4.013825063135839,7.944903148702374,0.2655889145496535,0.580952380952381,0.4301490889011596,0.5130434782608696,0.8287795992714025,0.7355584082156611,0.5218111540585312,0.1137493097736057,13.649508400000004,0.7537000773053564,6.685625916436176,27.60704176145775,-2.7002059939812253,38.3786675064053,2347.2236333517394,275,88.60299625468161,103.3,109.9,16.228464419475657,21,0.0763636363636363,109,0.3963636363636363,0.6266924564796905,0.8827160493827161,0.285477636664826,0.4714828897338403,0.6989247311827957,0.4351187189398122,0.2053333333333333,0.3376623376623376,0.2070679182771949,0.0461538461538461,0.1666666666666666,0.0717835450027609,0.5425,0.7327188940092166,0.2203202650469354,0.3984575835475578,0.6516129032258065,0.2147984538928768
27845,670223,Matt Mervis,Matt Mervis,2025,"FA,FC,FO,FS,SI,CH,SL,CU,KC",502,0.140625,0.34375,0.515625,0.2424242424242424,0.1818181818181818,333,169,502,-3.8697387305179287,4.330285557569722,9.23225107569721,0.3481781376518219,0.7411764705882353,0.547808764940239,0.4186046511627907,0.746031746031746,0.6436363636363637,0.5079681274900398,0.1952191235059761,3.7725434,0.7515026693227091,7.238001096621513,27.83331119521912,-5.767030194621514,35.358645916334666,2208.621513944223,66,89.0090909090909,104.7,108.2,21.87878787878788,5,0.0757575757575757,26,0.3939393939393939,0.8088235294117647,0.7090909090909091,0.2689243027888446,0.6142857142857143,0.6821705426356589,0.4183266932270916,0.2758620689655172,0.34375,0.2310756972111553,0.1,0.0,0.0796812749003984,0.6697247706422018,0.7534246575342466,0.2171314741035856,0.5544554455445545,0.5892857142857143,0.2011952191235059
14344,621566,Matt Olson,Matt Olson,2025,"FA,FC,FO,FS,SI,CH,SL,CU,KC",2257,0.232484076433121,0.3853503184713376,0.3821656050955414,0.2083333333333333,0.1916666666666666,1335,922,2257,-2.7622971629508184,3.834447416566237,8.360840225077537,0.2222222222222222,0.656441717791411,0.4417368187859991,0.6370967741935484,0.8130841121495327,0.769307923771314,0.5055383252104564,0.1019051838723969,-23.121691200000004,-1.0244435622507757,6.380953586840941,27.878786743464776,-3.816358457199824,36.1786206564466,2310.409836065574,316,94.19554140127386,108.4,114.0,16.09235668789809,47,0.1487341772151898,173,0.5474683544303798,0.7325383304940375,0.813953488372093,0.2600797518830305,0.4780439121756487,0.7724425887265136,0.4439521488701816,0.1753653444676409,0.5595238095238095,0.2117855560478511,0.0211640211640211,0.0,0.0837394771821001,0.5875251509054326,0.821917808219178,0.2202038103677448,0.3702970297029703,0.6951871657754011,0.2237483385024368
33322,807713,Matt Shaw,Matt Shaw,2025,"FA,FC,FS,SI,CH,SL,CU,KC,EP",1277,0.2702702702702703,0.3648648648648648,0.3648648648648648,0.2716049382716049,0.0864197530864197,844,433,1277,-2.4105506724236494,4.078331368880186,8.130617696162881,0.3020477815699658,0.5991316931982634,0.4628034455755677,0.632768361581921,0.855072463768116,0.7884940778341794,0.5411119812059515,0.0978856695379796,6.318428200000001,0.4947868598277213,6.7972082806577925,27.620133766640567,-3.1883397338057957,36.96543207595928,2336.8981989036806,225,84.04459459459459,101.9,108.8,15.153153153153154,15,0.0666666666666666,62,0.2755555555555555,0.6449864498644986,0.8781512605042017,0.288175411119812,0.4935779816513762,0.7843866171003717,0.4259984338292873,0.2747252747252747,0.5733333333333334,0.2137823022709475,0.1,0.3333333333333333,0.0704776820673453,0.5596026490066225,0.8106508875739645,0.2364917776037588,0.411522633744856,0.74,0.1895066562255286
19318,642136,Matt Thaiss,Matt Thaiss,2025,"FA,FC,FS,SI,CH,SL,CU,KC",651,0.25,0.4347826086956521,0.3152173913043478,0.2758620689655172,0.0344827586206896,390,261,651,-3.638701496620584,5.219821449769585,9.17119396313364,0.2265372168284789,0.7076023391812866,0.4792626728110599,0.5428571428571428,0.7975206611570248,0.7403846153846154,0.5253456221198156,0.1244239631336405,0.9920395000000009,0.1523870199692781,8.773766379416283,24.832385422427027,-5.370730263748079,36.095324960061454,2219.4454685099845,94,89.7043956043956,103.9,109.9,12.263736263736265,4,0.0425531914893617,41,0.4361702127659574,0.848314606741573,0.8145695364238411,0.2734254992319508,0.4848484848484848,0.7083333333333334,0.4546850998463901,0.1197183098591549,0.3529411764705882,0.2181259600614439,0.0,0.0,0.0522273425499231,0.6357615894039735,0.7395833333333334,0.2319508448540706,0.3287671232876712,0.6458333333333334,0.2227342549923195
21558,663837,Matt Vierling,Matt Vierling,2025,"FA,FC,FS,SI,CH,SL,CU,KC",237,0.1578947368421052,0.3684210526315789,0.4736842105263157,0.1111111111111111,0.0,150,87,237,-3.665715279957806,5.295913916455697,9.043745632911394,0.2314814814814814,0.6511627906976745,0.459915611814346,0.64,0.8928571428571429,0.8348623853211009,0.5443037974683544,0.0759493670886076,3.0044146,1.2676854852320674,8.890867152535865,24.61584434599156,-5.463650890295359,36.61442696202531,1985.8523206751051,39,90.9842105263158,105.5,107.8,19.68421052631579,3,0.0769230769230769,15,0.3846153846153846,0.7368421052631579,0.875,0.3206751054852321,0.4736842105263157,0.8888888888888888,0.4008438818565401,0.1666666666666666,0.25,0.2025316455696202,0.0,0.0,0.0759493670886076,0.4821428571428571,0.9629629629629628,0.2362869198312236,0.4615384615384615,0.7777777777777778,0.1645569620253164
26466,670242,Matt Wallner,Matt Wallner,2025,"FA,FC,FS,SI,CH,SL,CU,KC,EP",1182,0.1923076923076923,0.3205128205128205,0.4871794871794871,0.25,0.2368421052631578,727,455,1182,-3.1956876009306248,4.388448044710658,8.814035877326567,0.2782608695652174,0.7051070840197694,0.4974619289340101,0.3875,0.7266355140186916,0.6343537414965986,0.5135363790186125,0.1818950930626057,-5.762243799999997,-0.4874994754653128,7.332500971150593,26.904636175972925,-4.574939491624364,38.501624708967846,2266.2681895093065,160,91.50759493670888,109.0,113.3,21.0126582278481,26,0.1625,75,0.46875,0.8259587020648967,0.7535714285714286,0.2868020304568528,0.4869739478957915,0.5925925925925926,0.422165820642978,0.242063492063492,0.2950819672131147,0.2123519458544839,0.0434782608695652,0.0,0.0769881556683587,0.5767634854771784,0.6762589928057554,0.2038917089678511,0.4031007751937984,0.4807692307692308,0.2182741116751269
25980,683090,Matthew Lugo,Matthew Lugo,2025,"FA,FC,FS,SI,CH,SL,CU,KC,EP",179,0.21875,0.5,0.28125,0.3333333333333333,0.3333333333333333,127,52,179,-2.4668371458100564,4.174246116201118,9.014544916201118,0.3855421686746988,0.6354166666666666,0.5195530726256983,0.40625,0.7049180327868853,0.6021505376344086,0.5363128491620112,0.2067039106145251,3.3347792000000007,1.8630051396648049,6.962252029608939,29.41180569832402,-3.2956490335195534,35.76705592178772,2358.4748603351954,33,85.47812499999998,106.9,108.0,13.78125,5,0.1515151515151515,12,0.3636363636363636,0.6904761904761905,0.7241379310344828,0.2346368715083799,0.5529411764705883,0.6170212765957447,0.4748603351955307,0.4358974358974359,0.3529411764705882,0.217877094972067,0.0,0.0,0.0726256983240223,0.5454545454545454,0.7083333333333334,0.2458100558659217,0.5609756097560976,0.5217391304347826,0.2290502793296089
16530,643289,Mauricio Dubón,Mauricio Dubon,2025,"FA,FC,FS,SI,CH,SL,CU,KC,EP",921,0.2017167381974249,0.4291845493562232,0.3690987124463519,0.2790697674418604,0.0697674418604651,624,297,921,-2.2404041627578715,4.563653620206297,8.146372780673182,0.3380614657210402,0.7008032128514057,0.5342019543973942,0.7062937062937062,0.9140401146131804,0.8536585365853658,0.5407166123778502,0.0781758957654723,14.9456,1.622757871878393,7.636285781216067,26.84565513572204,-2.888943437567862,38.15058497937025,2339.389793702497,235,85.02511013215857,99.6,108.6,12.986842105263158,3,0.0127659574468085,64,0.2723404255319149,0.7415730337078652,0.9191919191919192,0.2899022801302932,0.6031746031746031,0.8728070175438597,0.4104234527687296,0.2884615384615384,0.65,0.2258414766558089,0.088235294117647,0.0,0.0738327904451683,0.6782178217821783,0.9343065693430656,0.2193268186753528,0.5170454545454546,0.7802197802197802,0.1910966340933767
26106,668974,Maverick Handley,Maverick Handley,2025,"FA,FC,SI,CH,SL,CU",149,0.1363636363636363,0.5454545454545454,0.3181818181818182,0.1428571428571428,0.0,107,42,149,-3.0850013275167782,4.446827255033557,9.28556865771812,0.3,0.6853932584269663,0.5302013422818792,0.5,0.7049180327868853,0.6582278481012658,0.5973154362416108,0.1812080536912751,7.178157500000001,4.8175553691275175,7.434746073825504,26.99140630872483,-4.375120046979866,38.68820939597315,2227.3624161073826,24,83.97272727272727,99.5,105.1,3.6818181818181817,0,0.0,9,0.375,0.7291666666666666,0.8,0.3221476510067114,0.5373134328358209,0.6388888888888888,0.4496644295302013,0.2608695652173913,0.1666666666666666,0.1543624161073825,0.1818181818181818,0.0,0.0738255033557047,0.6136363636363636,0.6666666666666666,0.2953020134228188,0.391304347826087,0.5555555555555556,0.1543624161073825
12144,596146,Max Kepler,Max Kepler,2025,"FA,FC,FS,SI,CH,SL,CU,KN,KC,EP",1571,0.2363636363636363,0.3527272727272727,0.4109090909090909,0.1415929203539823,0.1415929203539823,967,604,1571,-3.0055185118351373,4.119283115359643,8.529350062380647,0.2774274905422446,0.6799485861182519,0.4767663908338638,0.4954545454545455,0.9017013232514176,0.7823765020026703,0.4952259707192871,0.1037555697008275,5.5863797000000055,0.3555938701464039,6.868887295919795,27.602286607256524,-4.2424847608338645,38.72243652450668,2259.532781667728,277,91.60256410256406,104.6,111.8,15.974358974358974,34,0.1227436823104693,128,0.4620938628158845,0.7600950118764845,0.93125,0.267982176957352,0.529500756429652,0.7828571428571428,0.4194780394653087,0.1878306878306878,0.1971830985915492,0.2406110757479312,0.072072072072072,0.0,0.0706556333545512,0.6309523809523809,0.839622641509434,0.2138765117759389,0.4246153846153846,0.6956521739130435,0.2056015276893698
29779,691777,Max Muncy,Max Muncy,2025,"FA,FC,FO,FS,SI,CH,SL,CU,KC",644,0.2342342342342342,0.4234234234234234,0.3423423423423423,0.2894736842105263,0.2105263157894736,433,211,644,-2.3164330147670813,3.630636076708075,8.096423770186334,0.3344370860927152,0.6549707602339181,0.5046583850931677,0.3663366336633663,0.8571428571428571,0.7046153846153846,0.531055900621118,0.1490683229813664,4.236503700000002,0.6578421894409942,6.023420798757762,28.721504425465824,-3.026441689130435,37.89800033540372,2323.0605590062114,114,86.18636363636364,104.8,112.6,10.27927927927928,12,0.1052631578947368,33,0.2894736842105263,0.7248677248677249,0.8978102189781022,0.2934782608695652,0.5238095238095238,0.6293706293706294,0.4239130434782608,0.2878787878787879,0.4210526315789473,0.2034161490683229,0.14,0.0,0.077639751552795,0.6083916083916084,0.7471264367816092,0.2220496894409938,0.4307692307692308,0.4464285714285714,0.201863354037267
13301,571970,Max Muncy,Max Muncy,2025,"FA,FC,FO,FS,SI,CH,SL,CU,KC,EP",1314,0.2258064516129032,0.3118279569892473,0.4623655913978494,0.0813953488372093,0.1860465116279069,757,557,1314,-1.9938572374429215,3.159400687184171,8.067684316590569,0.2131386861313868,0.6470588235294118,0.4208523592085236,0.6438356164383562,0.8402948402948403,0.7884267631103075,0.4786910197869102,0.0890410958904109,-21.239279699999983,-1.616383538812784,5.209133415776256,30.19282901826483,-2.4584498437595133,37.1621769954338,2304.820395738204,187,91.3075268817204,106.1,110.5,19.817204301075268,24,0.1283422459893048,94,0.5026737967914439,0.7261538461538461,0.8686440677966102,0.2473363774733637,0.4922010398613518,0.7570422535211268,0.4383561643835616,0.1043771043771043,0.5161290322580645,0.2260273972602739,0.017391304347826,0.0,0.0875190258751902,0.5886075949367089,0.8172043010752689,0.2397260273972602,0.3754789272030651,0.6428571428571429,0.1986301369863013
24488,680474,Max Schuemann,Max Schuemann,2025,"FA,FC,FS,SI,CH,SL,CU,KC,EP",590,0.2474226804123711,0.4020618556701031,0.3505154639175257,0.2941176470588235,0.0588235294117647,359,231,590,-2.870359517796609,4.501839454237288,8.607564462711867,0.1954022988505747,0.6139817629179332,0.4288135593220339,0.4117647058823529,0.8415841584158416,0.7549407114624506,0.5576271186440678,0.1050847457627118,4.0426945,0.6852024576271186,7.528999722898304,27.172582084745763,-4.001508399322035,36.07137783050847,2307.181355932204,103,86.92346938775512,100.2,105.7,15.43877551020408,3,0.029126213592233,32,0.3106796116504854,0.7325581395348837,0.8650793650793651,0.2915254237288135,0.4392156862745098,0.6875,0.4305084745762711,0.1138211382113821,0.3571428571428571,0.2084745762711864,0.025,0.0,0.0677966101694915,0.5460992907801419,0.8181818181818182,0.2372881355932203,0.3070175438596491,0.4,0.1932203389830508
27963,691185,Maximo Acosta,Maximo Acosta,2025,"FA,FC,FS,SI,CH,SL,CU,KC",157,0.0769230769230769,0.5,0.4230769230769231,0.0909090909090909,0.2727272727272727,93,64,157,-1.6327538605095542,4.245253814649681,7.717140528662418,0.2727272727272727,0.5797101449275363,0.4076433121019108,0.5833333333333334,0.925,0.796875,0.4394904458598726,0.0828025477707006,-1.3981139999999994,-0.8905184713375792,7.086143498407644,27.372303503184717,-1.8163063439490448,41.433296815286624,2332.859872611465,27,94.42222222222225,105.4,108.0,8.88888888888889,5,0.1851851851851851,18,0.6666666666666666,0.6857142857142857,0.9583333333333334,0.2229299363057325,0.4571428571428571,0.84375,0.445859872611465,0.1794871794871795,0.1428571428571428,0.2484076433121019,0.0769230769230769,0.0,0.0828025477707006,0.5,0.8666666666666667,0.1910828025477707,0.425,0.8235294117647058,0.2547770700636942
11489,572191,Michael A. Taylor,Michael A. Taylor,2025,"FA,FC,FS,SI,CH,SL,CU,KC,EP",729,0.2,0.4095238095238095,0.3904761904761905,0.2439024390243902,0.0975609756097561,475,254,729,-2.1915621665432097,3.865324070563786,8.242085956104253,0.2572254335260115,0.6475195822454308,0.4622770919067215,0.3370786516853932,0.7459677419354839,0.6379821958456974,0.5253772290809328,0.1673525377229081,11.2561544,1.5440541015089162,6.428922378600822,29.03010126200273,-2.8051833082304536,38.94226983539093,2287.858710562414,107,89.55050505050507,105.4,114.5,16.050505050505052,8,0.0747663551401869,42,0.3925233644859813,0.7222222222222222,0.8012820512820513,0.2962962962962963,0.4615384615384615,0.6014492753623188,0.4087791495198902,0.238095238095238,0.2,0.2016460905349794,0.1194029850746268,0.0,0.0919067215363511,0.5225806451612903,0.691358024691358,0.2126200274348422,0.3958333333333333,0.4736842105263157,0.196159122085048
26319,683737,Michael Busch,Michael Busch,2025,"FA,FC,FS,SI,CH,SL,CU,KC,EP",1956,0.2469135802469135,0.345679012345679,0.4074074074074074,0.0757575757575757,0.2272727272727272,1225,731,1956,-2.5908152979856856,3.573694806729039,8.504220787321062,0.2352297592997811,0.6775431861804223,0.4708588957055215,0.4697674418604651,0.8526912181303116,0.7633007600434311,0.532719836400818,0.1114519427402863,-31.343622900000003,-1.6024347085889572,5.924413596072593,29.082546589979543,-3.506646017944784,36.71221457259714,2286.673312883436,327,92.63846153846156,105.8,111.9,17.68,60,0.1834862385321101,162,0.4954128440366973,0.7414104882459313,0.8975609756097561,0.2822085889570552,0.5263774912075029,0.7104677060133631,0.434560327198364,0.1481481481481481,0.2666666666666666,0.2060327198364008,0.0137931034482758,0.0,0.0741308793456032,0.6339869281045751,0.7903780068728522,0.233640081799591,0.4010152284263959,0.5632911392405063,0.200920245398773
16376,624424,Michael Conforto,Michael Conforto,2025,"FA,FC,FO,FS,SI,CH,SL,CU,KC",1744,0.192156862745098,0.4235294117647059,0.3843137254901961,0.1632653061224489,0.1122448979591836,1072,672,1744,-3.0528096749541294,4.021963620785552,8.512809516284406,0.2330210772833723,0.6528089887640449,0.4472477064220183,0.5326633165829145,0.8571428571428571,0.7743589743589744,0.5103211009174312,0.1009174311926605,16.509104899999997,0.946622987385321,6.700271515711005,27.8854970011468,-4.327445961467888,36.739747266628434,2268.6066513761466,258,90.3517647058824,105.5,112.9,13.105882352941176,25,0.0968992248062015,115,0.4457364341085271,0.7468085106382979,0.8717948717948718,0.2694954128440367,0.4745098039215686,0.7548209366391184,0.4386467889908257,0.1649214659685864,0.3809523809523809,0.2190366972477064,0.0236220472440944,0.0,0.0728211009174311,0.5686274509803921,0.8060344827586207,0.2339449541284403,0.3669467787114845,0.6641221374045801,0.2047018348623853
25931,671739,Michael Harris II,Michael Harris II,2025,"FA,FC,FO,FS,SI,CH,SL,CU,KC",1580,0.235127478753541,0.4815864022662889,0.28328611898017,0.21,0.17,1126,454,1580,-3.831339253670885,3.766343334177217,8.702724352531646,0.4364779874213836,0.7197452229299363,0.5772151898734177,0.5734870317002881,0.9238938053097344,0.7905701754385965,0.4968354430379746,0.1208860759493671,6.7235518000000045,0.4255412531645572,6.258663212448101,28.057088734177192,-5.691663388449368,34.929547940506325,2227.8151898734177,357,90.97393767705384,108.9,114.1,7.229461756373937,37,0.103641456582633,163,0.4565826330532213,0.7512437810945274,0.9470198675496688,0.2544303797468354,0.6515373352855052,0.8202247191011236,0.4322784810126582,0.3846153846153846,0.4642857142857143,0.230379746835443,0.1908396946564885,0.2,0.0829113924050632,0.7142857142857143,0.8784313725490196,0.2259493670886076,0.5828220858895705,0.7421052631578947,0.2063291139240506
24605,680737,Michael Helman,Michael Helman,2025,"FA,FC,FS,SI,CH,SL,CU",220,0.119047619047619,0.4761904761904761,0.4047619047619047,0.4705882352941176,0.1176470588235294,147,73,220,-2.192433354090909,4.7642305744909095,8.479429568181816,0.2978723404255319,0.6587301587301587,0.5045454545454545,0.6785714285714286,0.9036144578313252,0.8468468468468469,0.5727272727272728,0.0772727272727272,-2.7548413,-1.2522005909090907,7.9836585418181825,26.129294681818187,-2.802440356363636,40.44294045454546,2365.009090909091,45,80.8809523809524,101.1,106.6,15.80952380952381,3,0.0666666666666666,9,0.2,0.7272727272727273,0.8958333333333334,0.3,0.5612244897959183,0.8545454545454545,0.4454545454545454,0.1951219512195122,0.5,0.1863636363636363,0.0,0.0,0.0681818181818181,0.631578947368421,0.8611111111111112,0.2590909090909091,0.4634146341463415,0.8421052631578947,0.1863636363636363
27684,686681,Michael Massey,Michael Massey,2025,"FA,FC,FS,SI,CH,SL,CU,KC,EP",843,0.2445652173913043,0.3043478260869565,0.4510869565217391,0.2650602409638554,0.036144578313253,585,258,843,-3.4728645989205216,4.431806597390274,8.903401525504153,0.3482587064676617,0.7074829931972789,0.5361803084223014,0.6928571428571428,0.9102564102564102,0.8429203539823009,0.5231316725978647,0.0842230130486358,9.9770368,1.183515634638197,7.406927412218264,27.72045746144722,-5.062487604744957,38.24901584816133,2214.6725978647687,185,87.50271739130436,102.1,108.5,22.315217391304348,8,0.0432432432432432,66,0.3567567567567568,0.7130044843049327,0.9182389937106918,0.2645314353499406,0.6170212765957447,0.8362068965517241,0.4436536180308422,0.3031914893617021,0.6666666666666666,0.2218268090154211,0.0714285714285714,0.75,0.066429418742586,0.6634615384615384,0.8695652173913043,0.2455516014234875,0.5595238095238095,0.7872340425531915,0.1981020166073547
22557,672279,Michael Siani,Michael Siani,2025,"FA,FC,FS,SI,CH,SL,CU,KC",62,0.375,0.5,0.125,0.0,0.0,39,23,62,-3.366134822580645,4.250220967741936,8.992399032258064,0.375,0.5333333333333333,0.4516129032258064,0.6666666666666666,0.75,0.7142857142857143,0.4838709677419355,0.1290322580645161,0.181704,0.2930709677419355,7.094739274193549,27.04117467741936,-4.870472596774194,35.236579516129034,2142.9193548387098,8,82.91666666666667,105.8,105.8,16.5,0,0.0,2,0.25,0.5,0.8333333333333334,0.1935483870967742,0.5172413793103449,0.6666666666666666,0.4677419354838709,0.4117647058823529,0.7142857142857143,0.2741935483870967,0.0,0.0,0.064516129032258,0.5,0.5555555555555556,0.2903225806451613,0.5454545454545454,0.8333333333333334,0.1774193548387097
25353,683021,Michael Stefanic,Michael Stefanic,2025,"FA,FC,FS,SI,CH,SL,CU,KC,EP",78,0.2352941176470588,0.4705882352941176,0.2941176470588235,0.4,0.0,47,31,78,-4.460230794871794,4.483157884615385,8.671761794871795,0.282051282051282,0.5384615384615384,0.4102564102564102,0.9090909090909092,0.9047619047619048,0.90625,0.5,0.0384615384615384,0.9320353,1.1949170512820513,7.497575139743589,29.565319230769227,-6.798234923076923,37.98328717948719,2255.897435897436,17,90.58235294117648,102.3,102.8,10.588235294117649,1,0.0588235294117647,8,0.4705882352941176,0.6,0.9333333333333332,0.3205128205128205,0.4814814814814814,0.9230769230769232,0.3461538461538461,0.15,0.6666666666666666,0.2564102564102564,0.1666666666666666,1.0,0.0769230769230769,0.6153846153846154,0.875,0.1666666666666666,0.3571428571428571,1.0,0.1794871794871795
25845,669911,Michael Toglia,Michael Toglia,2025,"FA,FC,FS,SI,CH,SL,CU,KC",973,0.2857142857142857,0.3839285714285714,0.3303571428571428,0.1081081081081081,0.2162162162162162,622,351,973,-2.389756734943475,3.705319588509763,8.012592445015416,0.3231083844580777,0.6508264462809917,0.4861253854059609,0.360759493670886,0.7428571428571429,0.6152219873150105,0.4974306269270298,0.1870503597122302,13.144316500000002,1.3509061151079138,6.15175285364851,28.535131778006168,-3.1496035466598165,37.40653959599178,2290.883864337102,114,89.81727272727272,105.5,109.4,15.872727272727271,14,0.1228070175438596,50,0.4385964912280701,0.7359307359307359,0.7823529411764706,0.237410071942446,0.5350877192982456,0.5901639344262295,0.4686536485097636,0.2464454976303317,0.2692307692307692,0.2158273381294964,0.0933333333333333,0.0,0.0760534429599177,0.5907172995780591,0.65,0.2435765673175745,0.4748858447488584,0.5096153846153846,0.2250770811921891
24759,681508,Mickey Gasper,Mickey Gasper,2025,"FA,FC,FS,SI,CH,SL,CU,KC",297,0.1372549019607843,0.3725490196078431,0.4901960784313725,0.16,0.08,179,118,297,-4.042510764309764,4.473651875420876,8.966159090909091,0.2162162162162162,0.5973154362416108,0.4074074074074074,0.6875,0.9213483146067416,0.859504132231405,0.5016835016835017,0.0572390572390572,3.1144961999999987,1.0486519191919186,7.4811294690235695,27.354378989899,-6.062224003367003,35.488026754208754,2158.7272727272725,53,88.96981132075472,102.0,106.9,20.16981132075472,1,0.0188679245283018,18,0.3396226415094339,0.6470588235294118,0.9272727272727272,0.2861952861952861,0.464,0.8448275862068966,0.4208754208754209,0.123076923076923,0.5,0.2188552188552188,0.0,0.0,0.074074074074074,0.5441176470588235,0.918918918918919,0.2289562289562289,0.3684210526315789,0.7142857142857143,0.1919191919191919
19956,666160,Mickey Moniak,Mickey Moniak,2025,"FA,FC,FO,FS,SI,CH,SL,CU,KC",1372,0.268041237113402,0.3230240549828179,0.40893470790378,0.0840336134453781,0.1932773109243697,952,420,1372,-2.996115656705539,3.712878809482506,7.590837612973759,0.3924242424242424,0.7542134831460674,0.5801749271137027,0.5019305019305019,0.8528864059590316,0.7386934673366834,0.5189504373177842,0.151603498542274,-13.0283779,-0.949590225947522,6.165513602113703,28.19840178571429,-4.22321791143586,37.61199591107872,2251.322886297376,291,90.31206896551724,106.1,111.8,18.18275862068965,42,0.1443298969072164,136,0.4673539518900343,0.8132992327365729,0.8930817610062893,0.2849854227405248,0.6449912126537786,0.7138964577656676,0.4139941690962099,0.3365695792880259,0.4038461538461538,0.2252186588921282,0.0679611650485436,0.0,0.075072886297376,0.7037037037037037,0.7799043062200957,0.2157434402332361,0.5808823529411765,0.6265822784810127,0.1982507288629737
21693,665804,Miguel Amaya,Miguel Amaya,2025,"FA,FC,FS,SI,CH,SL,CU,KC,EP",299,0.2539682539682539,0.3015873015873015,0.4444444444444444,0.1785714285714285,0.1071428571428571,201,98,299,-1.4990917211371233,3.6737592909698993,8.484884551839466,0.3241379310344827,0.7207792207792207,0.5284280936454849,0.6170212765957447,0.8558558558558559,0.7848101265822784,0.5150501672240803,0.1137123745819397,-5.155279800000001,-1.7241738461538465,6.0965777528428085,29.62632682274247,-1.5835449652173912,36.95445018394648,2348.391304347826,64,86.2203125,103.9,108.1,20.25,4,0.0625,23,0.359375,0.7857142857142857,0.9090909090909092,0.2809364548494983,0.5833333333333334,0.8,0.3979933110367893,0.3064516129032258,0.4210526315789473,0.2073578595317725,0.0909090909090909,0.0,0.1103678929765886,0.6716417910447762,0.7777777777777778,0.2240802675585284,0.4716981132075472,0.84,0.1739130434782608
15878,609280,Miguel Andujar,Miguel Andujar,2025,"FA,FC,FS,SI,CH,SL,CU,KC,EP",885,0.2110552763819095,0.4673366834170854,0.321608040201005,0.25,0.09375,582,303,885,-2.1603139055480227,3.4571024029378545,8.034578687005649,0.3348314606741573,0.7181818181818181,0.5254237288135594,0.6778523489932886,0.9050632911392406,0.832258064516129,0.4971751412429379,0.0881355932203389,-2.389926200000001,-0.2700481581920904,5.7231030345762735,29.15437099435028,-2.7468922441807906,36.94439981265536,2327.9242937853105,200,88.2166666666667,104.8,110.9,11.265,10,0.05,72,0.36,0.7601809954751131,0.9404761904761904,0.2497175141242938,0.6206896551724138,0.8333333333333334,0.4259887005649717,0.2722772277227723,0.5818181818181818,0.2282485875706214,0.0941176470588235,0.25,0.096045197740113,0.6796116504854369,0.8428571428571429,0.2327683615819209,0.5497076023391813,0.8191489361702128,0.1932203389830508
7802,500743,Miguel Rojas,Miguel Rojas,2025,"FA,FC,FS,SI,CH,SL,CU,KC,EP",631,0.2335766423357664,0.5182481751824818,0.2481751824817518,0.2352941176470588,0.0294117647058823,421,210,631,-2.155536080996988,4.084745904152138,7.896984324881144,0.3095238095238095,0.5786350148367952,0.4532488114104596,0.5934065934065934,0.9128205128205128,0.8111888111888111,0.5340729001584786,0.0855784469096671,8.153913599999996,1.2922208557844683,6.804565906022187,28.284667242472263,-2.7466255908748023,37.66741062916006,2308.540412044374,142,86.60676691729323,101.1,109.1,8.887218045112782,3,0.0211267605633802,42,0.2957746478873239,0.6208791208791209,0.9557522123893806,0.2884310618066561,0.5113636363636364,0.8074074074074075,0.4183835182250396,0.2556390977443609,0.4411764705882353,0.2107765451664025,0.0769230769230769,0.0,0.0824088748019017,0.5373134328358209,0.8888888888888888,0.2123613312202852,0.4846153846153846,0.7142857142857143,0.2060221870047543
20178,678246,Miguel Vargas,Miguel Vargas,2025,"FA,FC,FS,SI,CH,SL,CU,KC,EP",1693,0.2559726962457337,0.2935153583617747,0.4505119453924914,0.2348484848484848,0.106060606060606,1051,642,1693,-2.3580096672474884,4.564411764548139,8.584307027170704,0.1989528795811518,0.6781485468245425,0.4619019492025989,0.6381578947368421,0.8603174603174604,0.8171355498721228,0.5487300649734199,0.0844654459539279,4.673036800000002,0.2760210750147668,7.637906221819254,26.638047088009444,-3.095858177141169,37.92481272061431,2369.3709391612524,296,90.02610169491525,104.1,110.0,22.135593220338983,31,0.1047297297297297,122,0.4121621621621621,0.7644628099173554,0.8864864864864865,0.2847017129356172,0.4840848806366047,0.8027397260273973,0.4453632604843473,0.1331269349845201,0.4186046511627907,0.1907855877141169,0.0303030303030303,0.0,0.0773774365032486,0.6085858585858586,0.8257261410788381,0.2339043118724158,0.3463687150837989,0.7580645161290323,0.2114589486119314
15274,643565,Mike Tauchman,Mike Tauchman,2025,"FA,FC,FS,SI,CH,SL,CU,KC,EP",1308,0.2850241545893719,0.3429951690821256,0.3719806763285024,0.1818181818181818,0.0779220779220779,822,486,1308,-3.278600236009175,4.562203389938838,8.857590097859328,0.2465753424657534,0.6339779005524862,0.4610091743119266,0.6180555555555556,0.8649237472766884,0.8059701492537313,0.5535168195718655,0.0894495412844036,-6.756684399999999,-0.5165660856269113,7.633516836766051,26.88565368501528,-4.717225366207956,39.130014653669726,2249.9633027522937,210,89.35721153846156,104.0,111.1,17.442307692307693,14,0.0666666666666666,80,0.3809523809523809,0.7487437185929648,0.889261744966443,0.3035168195718654,0.449725776965265,0.7804878048780488,0.4174311926605504,0.2013888888888889,0.5,0.2201834862385321,0.0133333333333333,0.0,0.0573394495412844,0.5379310344827586,0.8141025641025641,0.2217125382262997,0.3501945525291828,0.7222222222222222,0.1957186544342507
10155,545361,Mike Trout,Mike Trout,2025,"FA,FC,FO,FS,SI,CH,SL,CU,KC,EP",2007,0.2608695652173913,0.3217391304347826,0.417391304347826,0.1979166666666666,0.2395833333333333,1164,843,2007,-3.0441901604135517,5.35195699027404,9.095962309417043,0.1938997821350762,0.5555555555555556,0.3901345291479821,0.4719101123595505,0.8082644628099174,0.7318007662835249,0.5426008968609866,0.1046337817638266,-13.169808899999998,-0.6561937668161434,9.00825206386149,24.53314873941206,-4.308294568310912,37.63023954459391,2323.369207772795,235,90.53722943722946,107.6,115.4,19.454545454545453,39,0.1659574468085106,113,0.4808510638297872,0.6732142857142858,0.8408488063660478,0.2785251619332337,0.3665559246954595,0.716012084592145,0.4499252615844544,0.1626213592233009,0.2835820895522388,0.2047832585949177,0.0606060606060606,0.0,0.0652715495764823,0.4446764091858037,0.7793427230046949,0.2386646736422521,0.2783018867924528,0.6016949152542372,0.2112605879422023
14854,573262,Mike Yastrzemski,Mike Yastrzemski,2025,"FA,FC,FO,FS,SI,CH,SL,CU,KC",1896,0.2441471571906354,0.2976588628762542,0.4581939799331103,0.218978102189781,0.1094890510948905,1128,768,1896,-3.207403696476792,4.626597086487341,8.894560197151902,0.206858407079646,0.5957661290322581,0.410337552742616,0.6363636363636364,0.8984771573604061,0.8354755784061697,0.5232067510548524,0.0675105485232067,-13.429546699999998,-0.7083094251054851,7.745982586669828,26.65049360232068,-4.5914530348945135,38.08314030590716,2256.3960970464136,304,91.45170068027214,104.2,109.3,21.62372881355932,28,0.0921052631578947,139,0.4572368421052631,0.6546489563567363,0.8956521739130435,0.2768987341772151,0.465495608531995,0.8382749326145552,0.4198312236286919,0.1339491916859122,0.5172413793103449,0.2283755274261603,0.0287769784172661,0.0,0.0733122362869198,0.556872037914692,0.8638297872340426,0.2220464135021097,0.3626666666666667,0.7941176470588235,0.1977848101265822
20017,670156,Miles Mastrobuoni,Miles Mastrobuoni,2025,"FA,FC,FS,SI,CH,SL,CU,KC,EP",597,0.2792792792792792,0.4774774774774775,0.2432432432432432,0.074074074074074,0.037037037037037,364,233,597,-4.109692296633166,4.425443248743718,9.02285916080402,0.1771653543307086,0.5568513119533528,0.3953098827470687,0.7555555555555555,0.8743455497382199,0.8516949152542372,0.5745393634840871,0.0586264656616415,5.802489399999999,0.9719412730318256,7.399438088442211,27.005275695142377,-6.190998119262978,34.43405881072027,2190.003350083752,115,88.48909090909092,102.1,107.2,6.854545454545455,3,0.0260869565217391,44,0.3826086956521739,0.6174863387978142,0.9380530973451328,0.304857621440536,0.4308300395256917,0.7889908256880734,0.4221105527638191,0.1111111111111111,0.6923076923076923,0.1959798994974874,0.0227272727272727,0.0,0.0737018425460636,0.5034013605442177,0.7837837837837838,0.2462311557788944,0.330188679245283,0.8,0.1758793969849246
15161,641598,Mitch Garver,Mitch Garver,2025,"FA,FC,FS,SI,CH,SL,CU,KC,EP",524,0.2307692307692307,0.3076923076923077,0.4615384615384615,0.25,0.1111111111111111,329,195,524,-2.262324173854962,4.043324053435115,7.935919702290075,0.2291666666666666,0.573943661971831,0.416030534351145,0.3272727272727272,0.754601226993865,0.6467889908256881,0.5419847328244275,0.1469465648854961,8.262109599999997,1.576738473282442,6.738663892442748,28.17444624045803,-2.9396010788167937,37.85903524809161,2305.0248091603053,78,89.62179487179488,104.3,108.7,22.666666666666668,6,0.0769230769230769,34,0.4358974358974359,0.7080745341614907,0.7982456140350878,0.3072519083969465,0.3953488372093023,0.5529411764705883,0.4103053435114503,0.1875,0.1666666666666666,0.183206106870229,0.0192307692307692,0.0,0.099236641221374,0.4247787610619469,0.625,0.215648854961832,0.3627450980392157,0.4594594594594595,0.1946564885496183
28820,694208,Moisés Ballesteros,Moises Ballesteros,2025,"FA,FC,FS,SI,CH,SL,CU,KC",230,0.25,0.6136363636363636,0.1363636363636363,0.0,0.3333333333333333,140,90,230,-4.527190794782608,3.945826457826087,9.132948130434782,0.2719298245614035,0.6810344827586207,0.4782608695652174,0.7419354838709677,0.8354430379746836,0.8090909090909091,0.5043478260869565,0.0913043478260869,-3.097023399999999,-1.346531913043478,6.568313571304348,27.07923491304348,-6.916211704347828,32.6233336,2211.6434782608694,45,89.09333333333333,106.7,112.8,0.8444444444444444,3,0.0666666666666666,15,0.3333333333333333,0.7818181818181819,0.8604651162790697,0.2391304347826087,0.5576923076923077,0.8275862068965517,0.4521739130434782,0.1698113207547169,0.4444444444444444,0.2304347826086956,0.0,0.0,0.0782608695652174,0.6415094339622641,0.7647058823529411,0.2304347826086956,0.4705882352941176,0.9166666666666666,0.2217391304347826
13611,605141,Mookie Betts,Mookie Betts,2025,"FA,FC,FS,SI,CH,SL,CU,KC",1759,0.2710526315789474,0.3026315789473684,0.4263157894736842,0.1419753086419753,0.0802469135802469,1096,663,1759,-2.213080230460489,4.461821025787378,8.067427888004545,0.2131350681536555,0.5840336134453782,0.4138715179079022,0.5755813953488372,0.9388489208633094,0.853021978021978,0.5412166003411029,0.0608300170551449,3.0546832000000057,0.1736602160318366,7.461157634172824,25.998700920977832,-2.8479138122058,37.78612072768618,2360.5383740761795,382,88.78661417322836,101.3,107.2,18.637795275590552,20,0.0523560209424083,131,0.3429319371727748,0.672,0.9583333333333334,0.2842524161455372,0.4332892998678996,0.823170731707317,0.4303581580443433,0.1648351648351648,0.4833333333333333,0.2057987492893689,0.0289855072463768,0.0,0.0784536668561682,0.5084337349397591,0.8815165876777251,0.2359295054007959,0.3421052631578947,0.717948717948718,0.1944286526435474
17620,664702,Myles Straw,Myles Straw,2025,"FA,FC,FS,SI,CH,SL,CU,KC,EP",546,0.2678571428571428,0.3482142857142857,0.3839285714285714,0.1627906976744186,0.0697674418604651,367,179,546,-2.7786541132234444,5.034324083663004,8.321945534798534,0.2169811320754717,0.5868263473053892,0.4432234432234432,0.6956521739130435,0.9132653061224488,0.871900826446281,0.6117216117216118,0.0567765567765567,3.7952155,0.6950944139194138,8.449710296098901,26.28774344322344,-3.83877063937729,40.61394391025642,2315.3369963369964,121,86.21339285714286,98.1,104.5,14.866071428571429,3,0.024793388429752,29,0.2396694214876033,0.6630434782608695,0.9262295081967212,0.3351648351648351,0.4625550660792951,0.8380952380952381,0.4157509157509158,0.1612903225806451,0.6666666666666666,0.1703296703296703,0.0,0.0,0.0769230769230769,0.5434782608695652,0.8933333333333333,0.2527472527472527,0.3370786516853932,0.7,0.163003663003663
31765,805373,Nacho Alvarez Jr.,Nacho Alvarez Jr.,2025,"FA,FC,FS,SI,CH,SL,CU,KC",586,0.2735849056603773,0.3679245283018867,0.3584905660377358,0.2894736842105263,0.0526315789473684,391,195,586,-2.6954326246416374,3.9326181501365176,8.280890184300338,0.2692307692307692,0.5705521472392638,0.4368600682593856,0.6142857142857143,0.8548387096774194,0.7890625,0.5563139931740614,0.0921501706484641,1.8612231000000028,0.3176148634812291,6.54546850682594,27.73424245733788,-3.688709831911264,35.06987565870306,2343.774744027304,108,85.23490566037734,100.0,106.0,16.38679245283019,2,0.0185185185185185,29,0.2685185185185185,0.6132596685082873,0.8468468468468469,0.3088737201365187,0.4743083003952569,0.8083333333333333,0.431740614334471,0.1904761904761904,0.55,0.1791808873720136,0.1063829787234042,0.0,0.0784982935153583,0.5602836879432624,0.7848101265822784,0.2406143344709897,0.3660714285714285,0.8536585365853658,0.1911262798634812
25979,683083,Nasim Nuñez,Nasim Nunez,2025,"FA,FC,FS,SI,CH,SL,CU",253,0.25,0.5,0.25,0.2222222222222222,0.2222222222222222,160,93,253,-3.3225228735177863,3.874150863636364,8.983424055335968,0.2586206896551724,0.5912408759124088,0.4387351778656126,0.4333333333333333,0.8518518518518519,0.7387387387387387,0.541501976284585,0.1146245059288537,2.1385863999999994,0.8452910671936757,6.446792954071146,27.56564604743083,-4.793682407509881,37.41219845849802,2271.865612648221,40,85.96571428571428,100.3,103.7,3.2285714285714286,2,0.05,12,0.3,0.6419753086419753,0.8653846153846154,0.3201581027667984,0.4528301886792453,0.7291666666666666,0.4189723320158103,0.2,0.2,0.1976284584980237,0.0625,0.0,0.0632411067193675,0.5306122448979592,0.7692307692307693,0.1936758893280632,0.3859649122807017,0.6818181818181818,0.225296442687747
25055,681987,Nate Eaton,Nate Eaton,2025,"FA,FC,FS,SI,CH,SL,CU",144,0.1724137931034483,0.5172413793103449,0.3103448275862069,0.2222222222222222,0.1111111111111111,102,42,144,-2.4798438472222224,3.8448321027777776,8.18998073611111,0.2909090909090909,0.6067415730337079,0.4861111111111111,0.375,0.9074074074074074,0.7857142857142857,0.6180555555555556,0.1041666666666666,-0.6965355999999998,-0.4837052777777776,6.393652826944446,27.497020833333337,-3.308851008819445,36.90997208333334,2301.680555555556,30,87.88965517241378,104.4,107.9,6.724137931034483,3,0.1,11,0.3666666666666666,0.5918367346938775,0.896551724137931,0.3402777777777778,0.5666666666666667,0.7647058823529411,0.4166666666666667,0.1923076923076923,0.6,0.1805555555555555,0.2222222222222222,0.0,0.0625,0.625,0.95,0.2222222222222222,0.5,0.5,0.1944444444444444
31357,701675,Nathan Church,Nathan Church,2025,"FA,FC,FS,SI,CH,SL,CU",197,0.1,0.6,0.3,0.1111111111111111,0.1111111111111111,129,68,197,-2.917492696609137,4.843265252639594,8.830618730964467,0.3148148148148148,0.7528089887640449,0.5126903553299492,0.5,0.8208955223880597,0.7128712871287128,0.4517766497461929,0.1472081218274111,4.250919799999999,2.1578273096446696,8.120341431472081,25.52026573604061,-4.079973725888325,35.97738274111675,2272.6395939086296,31,88.96774193548386,99.4,105.5,6.225806451612903,1,0.032258064516129,13,0.4193548387096774,0.851063829787234,0.775,0.2385786802030456,0.5454545454545454,0.75,0.4467005076142132,0.3157894736842105,0.4166666666666667,0.1928934010152284,0.0416666666666666,0.0,0.1218274111675127,0.6666666666666666,0.8076923076923077,0.1979695431472081,0.4489795918367347,0.6818181818181818,0.248730964467005
18123,664770,Nathan Lukes,Nathan Lukes,2025,"FA,FC,FS,SI,CH,SL,CU,KC,EP",1465,0.2281879194630872,0.4395973154362416,0.3322147651006711,0.2323232323232323,0.1212121212121212,966,499,1465,-3.711034439931742,5.003882230914674,9.018949948122872,0.3169642857142857,0.6506935687263556,0.4976109215017065,0.8028169014084507,0.9108527131782944,0.879286694101509,0.5412969283276451,0.0600682593856655,2.6378809000000043,0.180060129692833,8.397199094150167,25.877024259385664,-5.484005726764507,38.13315852559728,2250.3153583617745,305,87.98610169491525,102.3,107.7,12.11864406779661,16,0.0524590163934426,116,0.380327868852459,0.7,0.9003322259136213,0.2928327645051194,0.541871921182266,0.9,0.4150170648464164,0.3049180327868852,0.7741935483870968,0.2081911262798634,0.0413223140495867,0.2,0.0825938566552901,0.6071428571428571,0.9362745098039216,0.2293515358361774,0.4615384615384615,0.8412698412698413,0.1856655290102389
19566,663993,Nathaniel Lowe,Nathaniel Lowe,2025,"FA,FC,FO,FS,SI,CH,SL,CU,KC,EP",1887,0.25,0.4178571428571428,0.3321428571428571,0.1612903225806451,0.1720430107526881,1164,723,1887,-3.431868703762588,4.837208604292525,8.892716422363542,0.2513542795232936,0.6390041493775933,0.4493905670376258,0.5474137931034483,0.8701298701298701,0.7818396226415094,0.510863804981452,0.0980392156862745,-5.854320399999999,-0.3102448542660306,8.110113443746688,25.636017233704308,-4.991830931531531,36.68982503179649,2267.0275569687333,283,89.56223021582736,106.2,111.7,12.071942446043163,21,0.0742049469964664,117,0.4134275618374558,0.7117988394584139,0.907608695652174,0.2739798622151563,0.4987775061124694,0.7450980392156863,0.4324324324324324,0.1618357487922705,0.373134328358209,0.2193958664546899,0.036231884057971,0.0,0.0731319554848966,0.5894495412844036,0.8054474708171206,0.2299947005829359,0.3952879581151832,0.6423841059602649,0.2024377318494965
12147,605113,Nick Ahmed,Nick Ahmed,2025,"FA,FC",9,0.0,0.0,1.0,1.0,0.0,5,4,9,-3.2655733333333337,7.601537777777777,9.297890000000002,0.0,0.6,0.3333333333333333,0.0,0.6666666666666666,0.6666666666666666,0.5555555555555556,0.1111111111111111,0.2060137999999999,2.2890422222222213,12.89049,32.23670333333334,-4.6932744444444445,27.49428888888889,1913.7777777777776,1,91.3,91.3,91.3,73.0,0,0.0,0,0.0,0.75,0.6666666666666666,0.4444444444444444,0.0,0.0,0.1111111111111111,0.0,0.0,0.4444444444444444,0.0,0.0,0.0,0.0,0.0,0.1111111111111111,0.0,0.0,0.0
22277,669397,Nick Allen,Nick Allen,2025,"FA,FC,FS,SI,CH,SL,CU,KC",1135,0.2857142857142857,0.4540816326530612,0.2602040816326531,0.2745098039215686,0.0,750,385,1135,-2.9224153949162988,4.213280997753306,8.419955760352423,0.2347140039447731,0.6480891719745223,0.4634361233480176,0.5630252100840336,0.8476658476658476,0.7832699619771863,0.5533039647577093,0.1004405286343612,18.8698781,1.6625443259911894,7.03023670575859,27.091748044052853,-4.091290377762113,35.56806229550661,2350.153303964758,203,85.14145077720202,98.9,103.7,11.813471502590671,0,0.0,43,0.2118226600985221,0.6901408450704225,0.8612244897959184,0.3127753303964757,0.5216450216450217,0.7842323651452282,0.4052863436123348,0.1434426229508196,0.3428571428571428,0.2140969162995594,0.0675675675675675,0.0,0.0651982378854625,0.5877862595419847,0.8506493506493507,0.2299559471365638,0.435,0.6666666666666666,0.1753303964757709
11737,592206,Nick Castellanos,Nick Castellanos,2025,"FA,FC,FS,SI,CH,SL,CU,KN,KC",1462,0.2405498281786941,0.415807560137457,0.3436426116838488,0.1,0.12,981,481,1462,-0.9713638484541728,3.0588820305234616,7.413330122435022,0.3953786906290115,0.780380673499268,0.5752393980848153,0.5162337662337663,0.8461538461538461,0.7253269916765755,0.4671682626538987,0.1580027359781121,6.192271600000002,0.4235479890560877,5.03657686477428,29.923485766073878,-0.658242549001368,39.025154103967154,2364.5417236662106,295,86.9856164383561,103.4,110.2,13.61433447098976,24,0.0813559322033898,96,0.3254237288135593,0.844776119402985,0.8657243816254417,0.228454172366621,0.6530278232405892,0.7568922305764411,0.4179206566347469,0.3895027624309392,0.4468085106382978,0.2476060191518468,0.1168831168831168,0.0,0.1046511627906976,0.7275449101796407,0.831275720164609,0.228454172366621,0.5631768953068592,0.6410256410256411,0.1894664842681258
21538,663743,Nick Fortes,Nick Fortes,2025,"FA,FC,FO,FS,SI,CH,SL,CU,KC",456,0.2235294117647059,0.4823529411764706,0.2941176470588235,0.36,0.16,305,151,456,-2.218689975657894,4.557639265131578,8.462713453947368,0.2930232558139535,0.6224066390041494,0.4671052631578947,0.6984126984126984,0.8466666666666667,0.8028169014084507,0.5285087719298246,0.0921052631578947,1.7702492999999992,0.3882125657894735,7.625597561403506,26.382529802631584,-2.849420165131579,40.21043258552632,2358.7302631578946,91,87.83058823529413,104.1,111.3,10.6,5,0.0549450549450549,34,0.3736263736263736,0.6640625,0.9176470588235294,0.2807017543859649,0.520618556701031,0.7623762376237624,0.425438596491228,0.2804878048780488,0.6521739130434783,0.1798245614035087,0.0769230769230769,0.25,0.1140350877192982,0.6039603960396039,0.7540983606557377,0.2214912280701754,0.4301075268817204,0.775,0.2039473684210526
27490,693304,Nick Gonzales,Nick Gonzales,2025,"FA,FC,FS,SI,CH,SL,CU,KC",1061,0.240506329113924,0.4810126582278481,0.2784810126582278,0.1969696969696969,0.0454545454545454,714,347,1061,-2.1987477280867105,3.6854206133270497,7.755300474081053,0.3155650319829424,0.7753378378378378,0.5721017907634307,0.4594594594594595,0.869281045751634,0.7693574958813838,0.5579641847313855,0.1319509896324222,10.065036400000002,0.9486367954759662,6.118548144580585,28.04095567389256,-2.8182227798303483,38.02155227426954,2318.64561734213,240,88.41806722689078,103.9,108.5,8.529411764705882,8,0.0333333333333333,88,0.3666666666666666,0.8652037617554859,0.8913043478260869,0.297832233741753,0.5881104033970276,0.7328519855595668,0.4439208294062206,0.2413793103448276,0.3673469387755102,0.1913289349670122,0.0735294117647058,0.0,0.0640904806786051,0.6758893280632411,0.8128654970760234,0.238454288407163,0.4862385321100917,0.6037735849056604,0.2054665409990575
35110,701762,Nick Kurtz,Nick Kurtz,2025,"FA,FC,FS,SI,CH,SL,CU,KC,EP",1350,0.2580645161290322,0.3924731182795699,0.3494623655913978,0.0615384615384615,0.4153846153846154,797,553,1350,-3.521381972192593,3.85380778068148,8.756876009629634,0.2068965517241379,0.6544655929721815,0.4333333333333333,0.3840579710144927,0.7583892617449665,0.67008547008547,0.5059259259259259,0.1429629629629629,-43.205369099999984,-3.20039771111111,6.408011653407406,28.913753207407403,-5.148009860222221,36.010596814814825,2225.5148148148146,187,94.49892473118284,109.2,114.6,14.048387096774194,40,0.213903743315508,107,0.5721925133689839,0.7270029673590505,0.7836734693877551,0.2496296296296296,0.4958123953098827,0.6452702702702703,0.4407407407407407,0.1326860841423948,0.1951219512195122,0.2288888888888889,0.02803738317757,0.3333333333333333,0.0792592592592592,0.6066066066066066,0.693069306930693,0.2451851851851851,0.3560606060606061,0.5425531914893617,0.1955555555555555
27630,679845,Nick Loftin,Nick Loftin,2025,"FA,FC,FO,FS,SI,CH,SL,CU,KC,EP",400,0.2473118279569892,0.4193548387096774,0.3333333333333333,0.3225806451612903,0.064516129032258,254,146,400,-2.970424360275,4.8747858504,8.59716068,0.2285714285714285,0.6444444444444445,0.4625,0.7,0.896551724137931,0.8540540540540541,0.5625,0.0675,4.202922999999999,1.0507307499999998,8.1749869675,25.76548855,-4.176643219999999,38.226449775000006,2364.7925,94,87.8978260869565,101.4,105.3,11.673913043478262,5,0.0531914893617021,31,0.3297872340425531,0.7480314960629921,0.9157894736842104,0.315,0.4457831325301205,0.8378378378378378,0.4125,0.1948051948051948,0.6,0.1925,0.0333333333333333,0.0,0.075,0.5222222222222223,0.8723404255319149,0.225,0.3552631578947368,0.7777777777777778,0.1875
12005,605361,Nick Martini,Nick Martini,2025,"FA,FC,FS,SI,CH,SL,CU,KC",409,0.2025316455696202,0.4430379746835443,0.3544303797468354,0.2142857142857142,0.0357142857142857,259,150,409,-3.032678661344744,4.8020859986063575,8.7648584596577,0.2564102564102564,0.6121495327102804,0.4425427872860635,0.66,0.8931297709923665,0.8287292817679558,0.5232273838630807,0.0757946210268948,3.4465157000000004,0.8426688753056235,8.049128407579465,25.70631359413202,-4.282927386405868,38.20614897310514,2298.709046454768,80,85.51518987341771,101.8,105.6,14.354430379746836,3,0.0375,25,0.3125,0.6293103448275862,0.8904109589041096,0.2836185819070904,0.5089820359281437,0.8352941176470589,0.4083129584352078,0.2110091743119266,0.6086956521739131,0.2665036674816626,0.0,0.0,0.0415647921760391,0.6206896551724138,0.8888888888888888,0.2127139364303178,0.3875,0.7419354838709677,0.19559902200489
21635,665155,Nick Maton,Nick Maton,2025,"FA,FC,FS,SI,CH,SL,CU,KC",245,0.2285714285714285,0.2,0.5714285714285714,0.25,0.1,146,99,245,-3.867008583673468,3.946145630612244,8.970126363265305,0.2661290322580645,0.6859504132231405,0.473469387755102,0.3939393939393939,0.7349397590361446,0.6379310344827587,0.4938775510204081,0.1714285714285714,2.1443032,0.8752257959183672,6.567181343265305,27.95755902040817,-5.755323698367346,34.10033424489795,2183.0489795918365,35,89.00571428571429,103.4,109.3,28.37142857142857,2,0.0571428571428571,13,0.3714285714285714,0.7761194029850746,0.7307692307692307,0.273469387755102,0.5288461538461539,0.5818181818181818,0.4244897959183673,0.1509433962264151,0.5,0.2163265306122449,0.0476190476190476,0.0,0.0857142857142857,0.5576923076923077,0.7586206896551724,0.2122448979591836,0.5,0.3846153846153846,0.2122448979591836
25483,686765,Nick Sogard,Nick Sogard,2025,"FA,FC,FO,FS,SI,CH,SL,CU,KC,EP",280,0.2222222222222222,0.4666666666666667,0.3111111111111111,0.1428571428571428,0.0,172,108,280,-2.906477674285714,3.5625242175,8.416723832142857,0.2262773722627737,0.6013986013986014,0.4178571428571428,0.6451612903225806,0.8837209302325582,0.8205128205128205,0.5107142857142857,0.075,3.5468310000000005,1.2667253571428572,5.904529513142859,29.882276035714288,-4.073937078571429,36.73956546428572,2229.45,46,85.47173913043478,99.8,107.7,11.804347826086955,2,0.0434782608695652,16,0.3478260869565217,0.6164383561643836,0.9333333333333332,0.2607142857142857,0.5344827586206896,0.7741935483870968,0.4107142857142857,0.1384615384615384,0.6666666666666666,0.2321428571428571,0.0384615384615384,0.0,0.0928571428571428,0.5846153846153846,0.7894736842105263,0.2285714285714285,0.4705882352941176,0.75,0.1821428571428571
19294,669256,Nick Solak,Nick Solak,2025,"FA,FS,SI,SL",12,0.3333333333333333,0.3333333333333333,0.3333333333333333,0.0,0.0,9,3,12,-4.288740833333333,6.156354166666667,9.871799166666667,0.25,0.5,0.4166666666666667,0.0,0.75,0.6,0.6666666666666666,0.1666666666666666,0.7734543,6.4454525,10.391195000000002,22.381083333333333,-6.496058333333333,31.366466666666668,2400.583333333333,3,76.10000000000001,85.6,85.6,19.33333333333333,0,0.0,0,0.0,0.6,0.6666666666666666,0.4166666666666667,0.3333333333333333,1.0,0.25,0.0,0.0,0.1666666666666666,0.5,0.0,0.1666666666666666,0.0,0.0,0.1666666666666666,1.0,1.0,0.0833333333333333
27504,694377,Nick Yorke,Nick Yorke,2025,"FA,FC,SI,CH,SL,CU,KC",185,0.1470588235294117,0.5882352941176471,0.2647058823529412,0.2222222222222222,0.1111111111111111,124,61,185,-1.1632592427027026,5.042210848648649,8.16317721081081,0.2839506172839506,0.7307692307692307,0.5351351351351351,0.3478260869565217,0.8947368421052632,0.7676767676767676,0.5621621621621622,0.1243243243243243,4.6347494000000005,2.505269945945946,8.46439835135135,24.94988313513513,-0.9890668470270272,40.18838216216216,2483.9135135135134,34,85.80303030303028,102.2,109.1,6.882352941176471,1,0.0294117647058823,15,0.4411764705882353,0.8297872340425532,0.8974358974358975,0.254054054054054,0.5494505494505495,0.78,0.4918918918918919,0.2702702702702703,0.2,0.2,0.0,0.0,0.054054054054054,0.6111111111111112,0.8484848484848485,0.2918918918918919,0.4594594594594595,0.6470588235294118,0.2
19339,670032,Nicky Lopez,Nicky Lopez,2025,"FA,FC,FS,SI,CH,SL,CU,KC",99,0.1111111111111111,0.7777777777777778,0.1111111111111111,0.5,0.0,60,39,99,-3.179536111111111,3.758158464646464,8.683415555555555,0.16,0.7142857142857143,0.4343434343434343,0.875,0.9142857142857144,0.9069767441860463,0.494949494949495,0.0404040404040404,3.9386349,3.97841909090909,6.243756212121214,27.912078989898998,-4.541689424242425,35.96047239393939,2335.2929292929293,18,85.98333333333333,99.9,104.7,-9.27777777777778,0,0.0,8,0.4444444444444444,0.7727272727272727,1.0,0.2222222222222222,0.5,0.8695652173913043,0.4646464646464646,0.1304347826086956,0.6666666666666666,0.2323232323232323,0.0,0.0,0.0808080808080808,0.6666666666666666,0.85,0.303030303030303,0.1875,1.0,0.1616161616161616
21479,663538,Nico Hoerner,Nico Hoerner,2025,"FA,FC,FS,SI,CH,SL,CU,KC,EP",1832,0.2313253012048192,0.4771084337349398,0.2915662650602409,0.1983471074380165,0.024793388429752,1231,601,1832,-2.542798429716157,4.055916163624453,8.318739695414848,0.3018181818181818,0.6137040714995035,0.4732532751091703,0.7389558232931727,0.9627831715210357,0.8985005767012687,0.5496724890829694,0.0480349344978165,1.5940009000000022,0.0870087827510918,6.75829903012009,27.40810384279477,-3.4213077242358074,36.69497048144104,2362.7308951965065,422,86.4769784172662,100.7,108.1,11.071942446043163,8,0.0189573459715639,126,0.2985781990521327,0.667910447761194,0.9776536312849162,0.2920305676855895,0.5121638924455826,0.9175,0.4241266375545851,0.2682291666666667,0.5825242718446602,0.2096069868995633,0.0458015267175572,0.3333333333333333,0.0715065502183406,0.5650118203309693,0.9581589958158996,0.2287117903930131,0.4497206703910614,0.8571428571428571,0.195414847161572
29782,694359,Niko Kavadas,Niko Kavadas,2025,"FA,FC,SI,CH,SL,CU,KC",90,0.0,0.3333333333333333,0.6666666666666666,0.0,0.0,54,36,90,-0.6586174777777778,3.1598609088888887,9.074297444444444,0.2745098039215686,0.4358974358974359,0.3444444444444444,0.5,0.9411764705882352,0.7419354838709677,0.4333333333333333,0.0888888888888888,1.6738227,1.859803,5.209063355555557,32.53874611111111,-0.0999052555555558,38.81829333333334,2374.988888888889,9,85.34444444444445,108.4,108.4,25.33333333333333,0,0.0,3,0.3333333333333333,0.52,0.9230769230769232,0.2777777777777778,0.3333333333333333,0.6923076923076923,0.4333333333333333,0.2631578947368421,0.4,0.2111111111111111,0.0,0.0,0.0777777777777777,0.2777777777777778,0.8,0.2,0.3809523809523809,0.625,0.2333333333333333
26517,682622,Noelvi Marte,Noelvi Marte,2025,"FA,FC,FS,SI,CH,SL,CU,KC,EP",875,0.1956521739130435,0.4673913043478261,0.3369565217391304,0.2096774193548387,0.2096774193548387,596,279,875,-2.1164646032000007,3.662104467257144,7.919048776914287,0.3533487297921478,0.6877828054298643,0.5222857142857142,0.5490196078431373,0.8585526315789473,0.7549234135667396,0.5051428571428571,0.128,-7.3896752,-0.8445343085714285,6.077956200480001,28.48521199999999,-2.672974607268571,38.79113195428573,2335.7885714285712,189,89.66284153005468,106.1,116.7,12.890710382513662,20,0.1058201058201058,71,0.3756613756613756,0.7647058823529411,0.8994082840236687,0.2514285714285714,0.5732984293193717,0.7397260273972602,0.4342857142857143,0.3241758241758242,0.5084745762711864,0.208,0.1111111111111111,0.1,0.1028571428571428,0.6171171171171171,0.781021897810219,0.2514285714285714,0.5125,0.6707317073170732,0.1828571428571428
9777,571448,Nolan Arenado,Nolan Arenado,2025,"FA,FC,FO,FS,SI,CH,SL,CU,KC",1208,0.20703125,0.3828125,0.41015625,0.3047619047619048,0.0952380952380952,787,421,1208,-2.3083141593294703,4.249768079279802,7.9237895157284735,0.3132328308207705,0.6333878887070377,0.4751655629139072,0.6363636363636364,0.9147286821705426,0.8240418118466899,0.5057947019867549,0.0836092715231788,10.6932749,0.8852048758278146,7.09432882348344,26.89826591887418,-3.0092428721357614,36.88064843625828,2347.615894039735,261,86.72879377431907,101.5,107.9,17.295719844357976,12,0.0459770114942528,86,0.3295019157088122,0.6688741721854304,0.9504950495049505,0.2491721854304635,0.5500945179584121,0.8144329896907216,0.4370860927152318,0.2761194029850746,0.5675675675675675,0.2218543046357615,0.0642201834862385,0.2857142857142857,0.0902317880794702,0.5958904109589042,0.8735632183908046,0.2408940397350993,0.4936708860759494,0.7264957264957265,0.1961920529801324
22263,669357,Nolan Gorman,Nolan Gorman,2025,"FA,FC,FO,FS,SI,CH,SL,CU,KC,EP",1298,0.2360248447204969,0.3043478260869565,0.4596273291925465,0.1486486486486486,0.1216216216216216,805,493,1298,-3.344628972542373,4.641427015254239,8.793249568567028,0.2652388797364086,0.6685962373371924,0.4799691833590138,0.3850931677018633,0.8008658008658008,0.6934189406099518,0.5323574730354391,0.1471494607087827,7.819824799999999,0.6024518335901387,7.771429394067795,26.31177169491525,-4.838356510400615,36.93636120416026,2264.828967642527,162,91.098125,104.9,111.6,21.9375,16,0.0987654320987654,72,0.4444444444444444,0.7551622418879056,0.8203125,0.261171032357473,0.5094991364421416,0.6677966101694915,0.4453004622496148,0.2357142857142857,0.3787878787878788,0.2157164869029275,0.06,0.0,0.0770416024653312,0.6103896103896104,0.7180851063829787,0.236517719568567,0.3948339483394834,0.5794392523364486,0.2087827426810477
20529,666134,Nolan Jones,Nolan Jones,2025,"FA,FC,FS,SI,CH,SL,CU,KC",1338,0.27,0.39,0.34,0.1911764705882352,0.0735294117647058,844,494,1338,-3.374246874140508,4.478787566860987,8.94438564872945,0.2512733446519524,0.6328437917222964,0.4648729446935725,0.5202702702702703,0.8375527426160337,0.7620578778135049,0.5597907324364724,0.1106128550074738,7.795993699999998,0.5826602167414049,7.4834924416293,26.326371330343783,-4.907919694230194,35.225299701046346,2285.843049327354,205,91.9187817258883,105.4,112.7,14.441624365482234,20,0.0975609756097561,98,0.4780487804878048,0.71571072319202,0.8710801393728222,0.2982062780269058,0.4754653130287648,0.7366548042704626,0.4402092675635276,0.1917293233082706,0.3333333333333333,0.1988041853512705,0.0375,0.0,0.0597907324364723,0.5401234567901234,0.7657142857142857,0.242152466367713,0.3970037453183521,0.6886792452830188,0.1980568011958146
33189,694384,Nolan Schanuel,Nolan Schanuel,2025,"FA,FC,FO,FS,SI,CH,SL,CU,KC",1664,0.2791411042944785,0.4141104294478527,0.3067484662576687,0.19,0.1,1042,622,1664,-3.4938872821574547,4.412192816466347,9.012910361778848,0.2728426395939086,0.6164383561643836,0.4537259615384615,0.6976744186046512,0.9203703703703704,0.856953642384106,0.5264423076923077,0.0649038461538461,-2.121170399999998,-0.1274741826923075,7.375932709206729,26.62296997596154,-5.096814128203127,36.98974688701925,2260.001201923077,331,88.0174846625767,101.1,109.8,13.975460122699388,17,0.0513595166163142,104,0.3141993957703927,0.7258771929824561,0.9516616314199396,0.2734375,0.4825662482566248,0.838150289017341,0.4302884615384615,0.1994609164420485,0.5540540540540541,0.2223557692307692,0.0333333333333333,0.25,0.0721153846153846,0.56282722513089,0.8790697674418605,0.2295673076923076,0.3910447761194029,0.7709923664122137,0.2007211538461538
26295,686554,Oliver Dunn,Oliver Dunn,2025,"FA,FC,FS,SI,CH,SL,CU,KC",136,0.2727272727272727,0.5909090909090909,0.1363636363636363,0.0,0.0,81,55,136,-1.962893736764706,3.3429934375,7.916242279411765,0.1428571428571428,0.625,0.4264705882352941,0.375,0.72,0.6724137931034483,0.5882352941176471,0.1397058823529411,2.4360355,1.7912025735294117,5.525772470588235,30.488186029411764,-2.398002022058823,40.663425,2263.6323529411766,23,87.51904761904764,103.4,109.1,0.1904761904761904,0,0.0,8,0.3478260869565217,0.7297297297297297,0.6666666666666666,0.2720588235294117,0.4576271186440678,0.7777777777777778,0.4338235294117647,0.1333333333333333,0.0,0.2205882352941176,0.0,0.0,0.0735294117647058,0.5641025641025641,0.8181818181818182,0.2867647058823529,0.25,0.6,0.1470588235294117
13338,553882,Omar Narváez,Omar Narvaez,2025,"FA,FC,SI,CH,SL",31,0.2,0.4,0.4,0.0,0.0,17,14,31,-3.8286020645161294,7.157066,9.323257741935484,0.2,0.75,0.4838709677419355,1.0,0.8333333333333334,0.8666666666666667,0.5161290322580645,0.064516129032258,-1.0446656,-3.3698890322580644,12.121839032258064,20.950021290322574,-5.685322322580644,44.89074838709677,2310.0967741935483,5,87.12,97.7,97.7,14.4,0,0.0,1,0.2,0.8571428571428571,0.8333333333333334,0.2258064516129032,0.6428571428571429,0.8888888888888888,0.4516129032258064,0.0,0.0,0.2258064516129032,0.0,0.0,0.0967741935483871,0.75,0.8333333333333334,0.2580645161290322,0.5,1.0,0.1935483870967742
21711,665833,Oneil Cruz,Oneil Cruz,2025,"FA,FC,FS,SI,CH,SL,CU,KC,SC",1756,0.2362869198312236,0.4641350210970464,0.2995780590717299,0.1549295774647887,0.2676056338028169,1055,701,1756,-2.43276829033599,2.691605004487472,8.212976901480637,0.2790697674418604,0.5703703703703704,0.4134396355353075,0.5113636363636364,0.803030303030303,0.696969696969697,0.4612756264236902,0.1252847380410023,-4.382858,-0.2495932801822323,4.398699424743736,30.71287125284737,-3.2310600594703875,38.51208066287017,2274.107061503417,239,97.1228813559322,114.2,122.9,9.08898305084746,45,0.1882845188284518,140,0.5857740585774058,0.6361256544502618,0.8024691358024691,0.2175398633257403,0.4689119170984456,0.7237569060773481,0.4390660592255125,0.2399103139013453,0.4579439252336448,0.2534168564920273,0.0897435897435897,0.0,0.0888382687927107,0.5175879396984925,0.7864077669902912,0.2266514806378132,0.4171122994652406,0.6410256410256411,0.2124145785876993
13185,606115,Orlando Arcia,Orlando Arcia,2025,"FA,FC,FS,SI,CH,SL,CU,KC",592,0.2321428571428571,0.5267857142857143,0.2410714285714285,0.1481481481481481,0.074074074074074,406,186,592,-2.271616103378378,3.761383948479729,7.841120013513512,0.3108614232209737,0.7169230769230769,0.5337837837837838,0.5542168674698795,0.8583690987124464,0.7784810126582279,0.5489864864864865,0.1182432432432432,10.9366311,1.847403902027027,6.2498521932601365,27.98237449324325,-2.9409106092905417,37.00080466371621,2363.4560810810813,114,86.80714285714282,104.8,107.8,2.883928571428572,3,0.0263157894736842,38,0.3333333333333333,0.7833333333333333,0.8794326241134752,0.304054054054054,0.5761316872427984,0.7785714285714286,0.4104729729729729,0.2666666666666666,0.40625,0.2027027027027027,0.0612244897959183,0.0,0.0827702702702702,0.6335877862595419,0.8433734939759037,0.2212837837837837,0.5089285714285714,0.6842105263157895,0.1891891891891892
20970,660757,Oscar Gonzalez,Oscar Gonzalez,2025,"FA,FC,FS,SI,CH,SL,CU,KC",98,0.2692307692307692,0.6153846153846154,0.1153846153846153,0.0,0.0,73,25,98,-1.4564564183673467,3.287963495918368,8.534451204081632,0.5333333333333333,0.7631578947368421,0.6224489795918368,0.6875,0.8620689655172413,0.7704918032786885,0.3877551020408163,0.1428571428571428,2.144944599999999,2.188718979591836,5.430607051020409,29.245077959183675,-1.50566912244898,39.59767142857143,2362.091836734694,26,86.01153846153846,107.2,110.9,-6.384615384615385,1,0.0384615384615384,9,0.3461538461538461,0.85,0.8823529411764706,0.2040816326530612,0.6444444444444445,0.8275862068965517,0.4591836734693877,0.5416666666666666,0.6153846153846154,0.2448979591836734,0.2222222222222222,0.0,0.0918367346938775,0.6521739130434783,0.8666666666666667,0.2346938775510204,0.6363636363636364,0.7857142857142857,0.2244897959183673
22823,672724,Oswald Peraza,Oswald Peraza,2025,"FA,FC,FS,SI,CH,SL,CU,KC,EP",671,0.2327586206896551,0.5,0.2672413793103448,0.2580645161290322,0.1612903225806451,459,212,671,-2.6993615638002986,4.448907362146052,8.600254113263782,0.2717770034843205,0.7317708333333334,0.5350223546944859,0.4102564102564102,0.7829181494661922,0.7019498607242339,0.5722801788375559,0.1594634873323397,9.4527019,1.4087484202682563,7.437776739344263,27.40924315946349,-3.7099686255439632,37.92017004470939,2312.2757078986588,119,86.82241379310346,104.9,112.2,6.431034482758621,9,0.0756302521008403,49,0.4117647058823529,0.751219512195122,0.8311688311688312,0.3055141579731744,0.6190476190476191,0.6627218934911243,0.4068554396423249,0.22,0.3333333333333333,0.2235469448584202,0.0697674418604651,0.3333333333333333,0.0640834575260804,0.7354838709677419,0.7105263157894737,0.2309985096870342,0.4661016949152542,0.5636363636363636,0.1758569299552906
21707,665828,Oswaldo Cabrera,Oswaldo Cabrera,2025,"FA,FC,FS,SI,CH,SL,CU,KC",364,0.2985074626865671,0.4776119402985074,0.2238805970149253,0.3333333333333333,0.0666666666666666,227,137,364,-3.5099902131868137,4.360759722802197,9.312695178571426,0.2655367231638418,0.6631016042780749,0.4697802197802198,0.5957446808510638,0.8629032258064516,0.7894736842105263,0.5137362637362637,0.0989010989010989,1.7342674000000005,0.476447087912088,7.285898309615384,27.00164293956044,-5.123937430494505,37.452150989011,2278.697802197802,69,88.52388059701494,102.0,107.5,8.447761194029852,0,0.0,23,0.3333333333333333,0.7304347826086957,0.8690476190476191,0.3159340659340659,0.5271317829457365,0.8382352941176471,0.3543956043956044,0.2183908045977011,0.2631578947368421,0.239010989010989,0.0,0.0,0.0906593406593406,0.5396825396825397,0.8235294117647058,0.173076923076923,0.5151515151515151,0.8529411764705882,0.1813186813186813
31792,805249,Otto Kemp,Otto Kemp,2025,"FA,FC,FS,SI,CH,SL,CU,KC",530,0.217391304347826,0.4565217391304347,0.3260869565217391,0.0666666666666666,0.1333333333333333,352,178,530,-2.732701790528302,3.849693831094339,8.305003015094341,0.2857142857142857,0.7191780821917808,0.5245283018867924,0.3676470588235294,0.8142857142857143,0.7050359712230215,0.5509433962264151,0.1547169811320754,2.1701428000000016,0.4094609056603776,6.402060761320755,27.590935301886795,-3.754378231698114,37.424211226415096,2329.8056603773584,93,89.18804347826087,104.7,111.2,9.880434782608695,11,0.1182795698924731,37,0.3978494623655914,0.7857142857142857,0.8925619834710744,0.290566037735849,0.5641025641025641,0.6363636363636364,0.4415094339622641,0.1851851851851851,0.2,0.2037735849056604,0.1470588235294117,0.0,0.0641509433962264,0.6583333333333333,0.6582278481012658,0.2264150943396226,0.4649122807017544,0.6037735849056604,0.2150943396226415
19608,672640,Otto Lopez,Otto Lopez,2025,"FA,FC,FO,FS,SI,CH,SL,CU,KC,EP",1409,0.2347266881028939,0.4694533762057878,0.2958199356913183,0.1739130434782608,0.1304347826086956,923,486,1409,-2.7537119137686306,4.133927564371892,8.309723613555715,0.2829341317365269,0.6234817813765182,0.4620298083747338,0.6455026455026455,0.9155844155844156,0.837173579109063,0.5259048970901349,0.0752306600425833,-4.759341599999997,-0.3377815188076648,6.89374597,27.936133946061037,-3.794791619162528,37.49386656422996,2319.1064584811925,316,89.34458598726117,105.2,111.2,8.964968152866241,26,0.0822784810126582,127,0.4018987341772151,0.7164948453608248,0.9316546762589928,0.2753726046841732,0.4836601307189542,0.8513513513513513,0.4336408800567778,0.2517482517482518,0.4583333333333333,0.2029808374733853,0.040650406504065,0.2,0.0865862313697657,0.5271565495207667,0.9090909090909092,0.2221433640880056,0.4381270903010033,0.7786259541984732,0.2114975159687721
27496,683357,Owen Caissie,Owen Caissie,2025,"FA,FC,FS,SI,CH,SL,CU",103,0.4,0.2666666666666666,0.3333333333333333,0.2,0.2,70,33,103,-4.407821145631069,3.867042368932039,8.70542922330097,0.36,0.8490566037735849,0.6116504854368932,0.3333333333333333,0.7111111111111111,0.6031746031746031,0.5145631067961165,0.2427184466019417,1.6125426,1.5655753398058254,6.432066650485437,29.84107961165048,-6.7058863203883465,36.397219417475725,2213.533980582524,15,87.25999999999999,105.2,114.0,13.933333333333334,2,0.1333333333333333,3,0.2,0.9032258064516128,0.7857142857142857,0.3009708737864077,0.5686274509803921,0.5517241379310345,0.4951456310679611,0.3333333333333333,0.0,0.145631067961165,0.1666666666666666,0.0,0.058252427184466,0.7272727272727273,0.5,0.2135922330097087,0.4482758620689655,0.6153846153846154,0.2815533980582524
24655,680911,Owen Miller,Owen Miller,2025,"FA,FC,SI,CH,SL,CU,KC",31,0.1666666666666666,0.6666666666666666,0.1666666666666666,0.0,0.0,22,9,31,-2.4725930000000003,3.3049726129032257,7.513731612903225,0.25,0.6842105263157895,0.5161290322580645,1.0,0.9230769230769232,0.9375,0.6129032258064516,0.032258064516129,0.3018027999999998,0.973557419354838,5.460017741935483,28.24794516129032,-3.296070483870968,38.47000967741935,2284.935483870968,6,71.5,106.7,106.7,-7.333333333333333,0,0.0,1,0.1666666666666666,0.8571428571428571,1.0,0.2258064516129032,0.5294117647058824,0.8888888888888888,0.5483870967741935,0.2,1.0,0.1612903225806451,0.0,0.0,0.064516129032258,0.6,0.8333333333333334,0.3225806451612903,0.4285714285714285,1.0,0.2258064516129032
16556,645277,Ozzie Albies,Ozzie Albies,2025,"FA,FC,FO,FS,SI,CH,SL,CU,KC",1798,0.2363112391930835,0.3400576368876081,0.4236311239193083,0.3265306122448979,0.0816326530612244,1129,669,1798,-2.960057991535038,3.499082135478311,8.705449735817576,0.3239289446185998,0.737217598097503,0.5172413793103449,0.6806451612903226,0.8548387096774194,0.7967741935483871,0.4677419354838709,0.1051167964404894,6.2567877,0.3479859677419355,5.80040308749722,28.847115539488307,-4.16652898916129,36.505010044493886,2272.5177975528363,353,86.62215909090911,99.2,107.2,22.23011363636364,16,0.0453257790368272,103,0.291784702549575,0.802247191011236,0.9019607843137256,0.2474972191323693,0.6072386058981233,0.7593818984547461,0.4149054505005561,0.2376681614349775,0.6698113207547169,0.2480533926585094,0.0869565217391304,0.2857142857142857,0.089543937708565,0.7176165803108808,0.7978339350180506,0.2146829810901001,0.4888888888888889,0.6988636363636364,0.200222469410456
16357,622569,Pablo Reyes,Pablo Reyes,2025,"FA,FC,SI,SL,CU",56,0.2,0.6,0.2,0.5,0.0,40,16,56,-3.4361729267857144,5.605534821428572,9.006039589285715,0.3043478260869565,0.5757575757575758,0.4642857142857143,0.5714285714285714,0.7368421052631579,0.6923076923076923,0.5892857142857143,0.1428571428571428,0.65829,1.1755178571428573,9.438612108928572,23.31221642857143,-4.993871267857142,37.29845660714285,2362.625,11,91.46666666666668,98.5,100.4,10.333333333333334,1,0.0909090909090909,4,0.3636363636363636,0.5882352941176471,0.9,0.3035714285714285,0.5769230769230769,0.5333333333333333,0.4642857142857143,0.0909090909090909,1.0,0.1964285714285714,0.0,0.0,0.0357142857142857,0.5625,0.6666666666666666,0.2857142857142857,0.6,0.3333333333333333,0.1785714285714285
23800,678009,Parker Meadows,Parker Meadows,2025,"FA,FC,FS,SI,CH,SL,CU,KC,EP",680,0.320754716981132,0.4150943396226415,0.2641509433962264,0.3214285714285714,0.1428571428571428,423,257,680,-2.8154785459117653,3.552485712647059,8.11049134852941,0.2515151515151515,0.6285714285714286,0.4455882352941177,0.4337349397590361,0.8545454545454545,0.7392739273927392,0.5147058823529411,0.1161764705882353,3.199132399999999,0.4704606470588233,5.890178420441175,29.522029191176472,-3.919174064882353,37.619555142647066,2180.525,106,87.28725490196078,104.8,109.2,13.245098039215684,7,0.0660377358490566,33,0.3113207547169811,0.6648351648351648,0.8512396694214877,0.2676470588235294,0.5148514851485149,0.717948717948718,0.4455882352941177,0.176056338028169,0.36,0.2088235294117647,0.0188679245283018,0.0,0.0779411764705882,0.6193548387096774,0.8958333333333334,0.2279411764705882,0.4054054054054054,0.4333333333333333,0.2176470588235294
27478,672275,Patrick Bailey,Patrick Bailey,2025,"FA,FC,FO,FS,SI,CH,SL,CU,KC",1292,0.2364532019704433,0.3743842364532019,0.3891625615763547,0.189873417721519,0.0632911392405063,833,459,1292,-3.201933902476781,4.184552934597524,8.823539844427243,0.2857142857142857,0.6547085201793722,0.4767801857585139,0.4887640449438202,0.8584474885844748,0.7516233766233766,0.5178018575851393,0.1184210526315789,13.2291854,1.023930758513932,6.981883295356037,27.522643266253866,-4.582064648297212,38.6509498490712,2238.1981424148607,210,88.73960396039605,103.4,107.8,16.584158415841586,12,0.0571428571428571,79,0.3761904761904762,0.7457627118644068,0.8977272727272727,0.2739938080495356,0.5177935943060499,0.7319587628865979,0.434984520123839,0.2007299270072992,0.2363636363636363,0.2113003095975232,0.0588235294117647,0.0,0.0789473684210526,0.5942492012779552,0.8010752688172043,0.2422600619195046,0.4216867469879518,0.6095238095238096,0.1927244582043343
18015,657557,Paul DeJong,Paul DeJong,2025,"FA,FC,FO,FS,SI,CH,SL,CU,KC",541,0.2873563218390804,0.2988505747126437,0.4137931034482758,0.3055555555555556,0.0277777777777777,367,174,541,-1.971341154085028,4.059286535674676,8.37388493530499,0.3220338983050847,0.780327868852459,0.5804066543438078,0.4473684210526316,0.8067226890756303,0.7197452229299363,0.5637707948243993,0.1626617375231053,4.5000744,0.8318067282809611,6.766812242513864,27.695657892791136,-2.4186287262476887,37.16173911275416,2345.212569316081,89,88.19545454545454,105.1,110.6,22.602272727272727,8,0.0898876404494382,35,0.3932584269662921,0.8470588235294118,0.8888888888888888,0.3142329020332717,0.6283185840707964,0.6267605633802817,0.4177449168207024,0.2307692307692307,0.375,0.1922365988909427,0.0975609756097561,0.0,0.0757855822550831,0.7058823529411765,0.7142857142857143,0.2199630314232902,0.5420560747663551,0.5,0.1977818853974122
9218,502671,Paul Goldschmidt,Paul Goldschmidt,2025,"FA,FC,FS,SI,CH,SL,CU,KC",1444,0.2140077821011673,0.4357976653696498,0.3501945525291828,0.1555555555555555,0.0333333333333333,962,482,1444,-2.5036112741689758,4.5520632010318565,8.442523887811637,0.2901234567901234,0.6708542713567839,0.5,0.6808510638297872,0.8408239700374532,0.7991689750692521,0.5512465373961218,0.1004155124653739,10.03612799999999,0.6950227146814398,7.617115433504152,26.19778486842107,-3.353430560685596,39.27306481301941,2319.3012465373963,264,88.93115384615385,103.4,110.8,14.157692307692308,15,0.0568181818181818,102,0.3863636363636363,0.7300884955752213,0.8424242424242424,0.3123268698060942,0.5294117647058824,0.7843137254901961,0.4002770083102493,0.2662337662337662,0.6951219512195121,0.2132963988919667,0.0377358490566037,0.5,0.0734072022160664,0.6059602649006622,0.825136612021858,0.2091412742382271,0.4456521739130434,0.7235772357723578,0.1911357340720221
19892,656976,Pavin Smith,Pavin Smith,2025,"FA,FC,FO,FS,SI,CH,SL,CU,KC",1151,0.2777777777777778,0.4097222222222222,0.3125,0.1777777777777777,0.1777777777777777,701,450,1151,-2.008365222675933,2.9618543889400515,8.156017846220676,0.2191011235955056,0.580226904376013,0.4126846220677672,0.4358974358974359,0.8184357541899442,0.7242105263157895,0.5360556038227628,0.1138140747176368,-6.531958699999997,-0.5675029278887921,4.867508920286706,30.56334171155517,-2.480891647871416,37.60704858384014,2256.632493483927,146,90.02000000000002,103.9,110.9,12.786206896551723,17,0.1164383561643835,66,0.4520547945205479,0.6273291925465838,0.8118811881188119,0.2780191138140747,0.4518072289156626,0.7333333333333333,0.4326672458731538,0.1949152542372881,0.3260869565217391,0.2041702867072111,0.0210526315789473,0.0,0.0825369244135534,0.5342960288808665,0.7905405405405406,0.2406602953953084,0.3484162895927601,0.6233766233766234,0.1920069504778453
25782,686780,Pedro Pagés,Pedro Pages,2025,"FA,FC,FS,SI,CH,SL,CU,KC,EP",1030,0.2311827956989247,0.4139784946236559,0.3548387096774194,0.2272727272727272,0.1363636363636363,712,318,1030,-2.395119136563107,4.405551889951455,8.433352433009707,0.3482905982905983,0.6601423487544484,0.5184466019417475,0.4723926380368098,0.8867924528301887,0.7602996254681648,0.545631067961165,0.1242718446601941,11.612241699999998,1.1274021067961164,7.361911904368928,27.09890497087379,-3.165299278834953,36.6077178038835,2357.080582524272,190,87.40864864864865,103.7,111.7,12.010752688172044,13,0.0684210526315789,64,0.3368421052631579,0.7083333333333334,0.8959276018099548,0.3029126213592233,0.5799522673031027,0.7613168724279835,0.4067961165048543,0.2926829268292683,0.3666666666666666,0.1990291262135922,0.1063829787234042,0.1,0.0912621359223301,0.6147186147186147,0.8732394366197183,0.2242718446601941,0.5372340425531915,0.6039603960396039,0.1825242718446602
19251,624413,Pete Alonso,Pete Alonso,2025,"FA,FC,FS,SI,CH,SL,CU,KC,EP",1954,0.2464183381088825,0.3868194842406877,0.3667621776504298,0.171875,0.2265625,1218,736,1954,-2.648918786340838,3.852975787471853,8.56470439662231,0.2682672233820459,0.6606425702811245,0.4682702149437052,0.5758754863813229,0.8647416413373861,0.7836065573770492,0.5097236438075742,0.1013306038894575,-24.0257243,-1.2295662384851584,6.407153795532242,28.021313321392007,-3.6102349062436048,37.220850414534304,2342.6351074718527,350,94.08742857142856,110.4,115.9,15.582857142857144,67,0.1914285714285714,198,0.5657142857142857,0.7251461988304093,0.8655913978494624,0.2625383828045036,0.5351418002466092,0.7972350230414746,0.4145342886386898,0.2253829321663019,0.4757281553398058,0.2338792221084954,0.0346820809248554,0.0,0.0885363357215967,0.5921908893709328,0.8315018315018315,0.2359263050153531,0.46,0.7391304347826086,0.1786079836233367
27769,691718,Pete Crow-Armstrong,Pete Crow-Armstrong,2025,"FA,FC,FS,SI,CH,SL,CU,KC,EP",1623,0.2461059190031152,0.3115264797507788,0.4423676012461059,0.204225352112676,0.1690140845070422,1108,515,1623,-3.0265066144793598,3.956442488034503,8.613347842267409,0.4228110599078341,0.8079470198675497,0.6019716574245225,0.5722070844686649,0.8426229508196721,0.7410440122824974,0.4651879235982748,0.1558841651263093,-18.5357546,-1.1420674430067774,6.586156259827479,28.05980412199631,-4.276583099199015,37.41055762784966,2271.9673444239065,330,90.63218749999996,105.3,113.2,19.565625,44,0.1333333333333333,147,0.4454545454545454,0.8530183727034121,0.8707692307692307,0.2341343191620456,0.7454268292682927,0.754601226993865,0.403573629081947,0.3543689320388349,0.4657534246575342,0.2532347504621072,0.0977011494252873,0.2352941176470588,0.1072088724584103,0.7949438202247191,0.7950530035335689,0.2193468884781269,0.6866666666666666,0.6990291262135923,0.18422674060382
27931,690984,Petey Halpin,Petey Halpin,2025,"FA,FC,CH,SL,CU",32,0.0,0.6666666666666666,0.3333333333333333,0.0,0.0,19,13,32,-1.9674229375,3.3569265625,8.3331215625,0.2777777777777778,0.6428571428571429,0.4375,1.0,0.7777777777777778,0.8571428571428571,0.4375,0.0625,-0.1045761,-0.3268003125,5.549874375,29.372409375,-2.405968125,31.03818125,2352.3125,3,82.63333333333333,89.8,89.8,6.666666666666667,0,0.0,0,0.0,0.6363636363636364,0.7142857142857143,0.34375,0.5555555555555556,1.0,0.28125,0.25,1.0,0.25,0.0,0.0,0.125,0.5,1.0,0.0625,0.5714285714285714,1.0,0.21875
17350,646240,Rafael Devers,Rafael Devers,2025,"FA,FC,FO,FS,SI,CH,SL,CU,KC,EP",2100,0.2333333333333333,0.3925925925925926,0.374074074074074,0.1485148514851485,0.2574257425742574,1218,882,2100,-4.0530002036557145,5.475260952414289,9.21495095666666,0.2475158084914182,0.6837865055387714,0.4538095238095238,0.6459854014598541,0.7142857142857143,0.6946484784889821,0.4728571428571428,0.1385714285714285,-25.45910230000001,-1.2123382047619051,9.21636002498905,24.55835672380952,-6.097135953095239,38.49254952904762,2216.8814285714284,272,94.18929889298892,108.5,114.5,14.693726937269371,49,0.1801470588235294,154,0.5661764705882353,0.7528735632183908,0.7430025445292621,0.2471428571428571,0.503919372900336,0.6777777777777778,0.4247619047619048,0.193359375,0.6464646464646465,0.2433333333333333,0.0635838150289017,0.0909090909090909,0.0823809523809523,0.6314606741573033,0.6903914590747331,0.2119047619047619,0.3772321428571428,0.6568047337278107,0.2128571428571428
31991,804668,Rafael Flores Jr.,Rafael Flores Jr.,2025,"FA,FC,SI,SL,CU",27,0.2,0.6,0.2,0.0,0.0,17,10,27,1.539214814814815,3.2341600703703706,6.364775925925926,0.3529411764705882,0.7,0.4814814814814814,0.1666666666666666,0.7142857142857143,0.4615384615384615,0.3703703703703703,0.2592592592592592,-0.3632005,-1.345187037037037,5.337557854407407,31.589003703703707,3.772613703703703,36.96451481481482,2405.814814814815,5,92.26,105.8,105.8,15.2,0,0.0,3,0.6,0.75,1.0,0.1481481481481481,0.5384615384615384,0.4285714285714285,0.4814814814814814,0.2857142857142857,0.0,0.2592592592592592,0.3333333333333333,0.0,0.1111111111111111,0.6666666666666666,0.75,0.2222222222222222,0.4285714285714285,0.0,0.2592592592592592
21646,665561,Rafael Marchán,Rafael Marchan,2025,"FA,FC,FS,SI,CH,SL,CU,KC",323,0.1587301587301587,0.5079365079365079,0.3333333333333333,0.2857142857142857,0.0952380952380952,205,118,323,-3.6775448068111456,4.62834695263158,8.819352455108358,0.2745098039215686,0.6470588235294118,0.4705882352941176,0.5714285714285714,0.8636363636363636,0.7828947368421053,0.5263157894736842,0.1021671826625387,3.547220200000001,1.0982105882352944,7.747644758204334,26.388728173374616,-5.420532035913311,37.27212421052632,2284.2321981424147,64,84.22063492063494,100.6,104.6,13.0,2,0.03125,11,0.171875,0.7241379310344828,0.873015873015873,0.2693498452012384,0.5072463768115942,0.8142857142857143,0.4272445820433436,0.2361111111111111,0.4117647058823529,0.2198142414860681,0.0769230769230769,0.0,0.0804953560371517,0.5753424657534246,0.8095238095238095,0.2260061919504644,0.4307692307692308,0.8214285714285714,0.2012383900928792
17128,657656,Ramón Laureano,Ramon Laureano,2025,"FA,FC,FS,SI,CH,SL,CU,KC,EP",1353,0.2701421800947867,0.3696682464454976,0.3601895734597156,0.2368421052631578,0.1973684210526315,867,486,1353,-2.817588095232815,4.4858569207908365,8.24480493281596,0.2508250825082508,0.6586345381526104,0.4759793052475979,0.4802631578947368,0.823170731707317,0.7422360248447205,0.5521064301552107,0.122690317812269,-8.873919299999999,-0.6558698669623059,7.501114437546192,26.98367118255729,-3.9065387155210662,37.84157550406505,2304.7930524759795,214,90.62180094786729,106.5,112.2,16.27962085308057,29,0.1355140186915887,104,0.4859813084112149,0.751937984496124,0.8556701030927835,0.2860310421286031,0.5033898305084745,0.696969696969697,0.4360679970436068,0.1934306569343065,0.3962264150943396,0.2025129342202513,0.0294117647058823,0.3333333333333333,0.0746489283074648,0.5572289156626506,0.7567567567567568,0.245380635624538,0.4341085271317829,0.5982142857142857,0.1906873614190687
18795,602104,Ramón Urías,Ramon Urias,2025,"FA,FC,FS,SI,CH,SL,CU,KC,EP",1021,0.2319587628865979,0.4072164948453608,0.3608247422680412,0.2571428571428571,0.1,654,367,1021,-2.8336522726346725,4.652267180225269,8.646213005876598,0.2655601659751037,0.6753246753246753,0.4818805093046033,0.5390625,0.8461538461538461,0.766260162601626,0.5279138099902057,0.1126346718903036,6.058745600000003,0.5934128893241922,7.789634780293831,26.60066846229187,-3.9330598970617054,37.58548846229187,2311.0411361410384,197,89.55435897435899,103.0,109.4,12.902564102564105,15,0.0761421319796954,81,0.4111675126903553,0.7058823529411765,0.8382352941176471,0.2810969637610186,0.5532407407407407,0.7866108786610879,0.4231145935357492,0.2227722772277227,0.4,0.197845249755142,0.0408163265306122,0.0,0.0959843290891283,0.6666666666666666,0.81875,0.2350636630754162,0.4114583333333333,0.7215189873417721,0.188050930460333
10243,545341,Randal Grichuk,Randal Grichuk,2025,"FA,FC,FS,SI,CH,SL,CU,KC,EP",419,0.2117647058823529,0.4470588235294118,0.3411764705882353,0.3793103448275862,0.0689655172413793,267,152,419,-2.075832105727924,4.499882442004773,8.12482416229117,0.3080568720379147,0.6153846153846154,0.4606205250596659,0.6307692307692307,0.953125,0.844559585492228,0.4964200477326969,0.071599045346062,3.567635499999997,0.8514643198090687,7.521570730071601,27.9812869928401,-2.636680436515512,38.74686303102625,2310.6276849642004,86,92.27906976744184,108.8,114.7,14.732558139534884,8,0.0930232558139534,42,0.4883720930232558,0.6016949152542372,0.971830985915493,0.279236276849642,0.5885714285714285,0.8349514563106796,0.4176610978520286,0.1919191919191919,0.4210526315789473,0.2362768496420047,0.0,0.0,0.0644391408114558,0.6526315789473685,0.9032258064516128,0.2267303102625298,0.5125,0.7317073170731707,0.1909307875894988
19290,668227,Randy Arozarena,Randy Arozarena,2025,"FA,FC,FS,SI,CH,SL,CU,KC",2080,0.2342657342657342,0.4405594405594406,0.3251748251748251,0.3010752688172043,0.1935483870967742,1292,788,2080,-3.077389936706732,4.507228409778845,8.65866999951923,0.2355289421157684,0.6103896103896104,0.4298076923076923,0.5423728813559322,0.7720364741641338,0.7114093959731543,0.5182692307692308,0.1240384615384615,-8.60591859999999,-0.413746086538461,7.54089487668077,26.347471091346165,-4.368806955355773,36.72402125865386,2310.326442307692,291,91.00449826989625,106.7,112.3,11.920415224913494,31,0.1065292096219931,145,0.4982817869415807,0.6678260869565218,0.7708333333333334,0.2754807692307692,0.4632183908045977,0.7468982630272953,0.4177884615384615,0.2095671981776765,0.4130434782608695,0.210576923076923,0.0765306122448979,0.0666666666666666,0.09375,0.5643776824034334,0.7680608365019012,0.2240384615384615,0.3465346534653465,0.7071428571428572,0.19375
27493,677956,Rece Hinds,Rece Hinds,2025,"FA,FC,FS,SI,CH,SL,CU",89,0.125,0.625,0.25,0.0,0.5,58,31,89,-0.9897010449438204,2.5942525932584277,7.18405768539326,0.3157894736842105,0.7058823529411765,0.5393258426966292,0.1666666666666666,0.6666666666666666,0.5416666666666666,0.5730337078651685,0.247191011235955,0.6824392000000001,0.7667856179775282,4.230902606741573,31.144597640449437,-0.6832653707865171,37.55149550561798,2454.9662921348317,17,94.625,109.8,111.3,3.9375,3,0.1764705882352941,9,0.5294117647058824,0.7916666666666666,0.7368421052631579,0.2696629213483146,0.6486486486486487,0.4583333333333333,0.4157303370786517,0.2631578947368421,0.2,0.2134831460674157,0.0,0.0,0.1011235955056179,0.7368421052631579,0.5714285714285714,0.2134831460674157,0.5555555555555556,0.3,0.2022471910112359
15674,624512,Reese McGuire,Reese McGuire,2025,"FA,FC,FS,SI,CH,SL,CU,KC",444,0.1836734693877551,0.4285714285714285,0.3877551020408163,0.2894736842105263,0.1842105263157894,305,139,444,-3.3792457718468474,3.560910387387388,8.39928554054054,0.3842592592592592,0.7105263157894737,0.5518018018018018,0.6265060240963856,0.8641975308641975,0.7836734693877551,0.5135135135135135,0.1193693693693693,3.2004646,0.7208253603603604,5.902638874999999,28.287789662162165,-4.893570931981981,36.21060405405405,2243.524774774775,98,84.54574468085109,101.8,105.7,14.96774193548387,8,0.0816326530612244,35,0.3571428571428571,0.7435897435897436,0.9310344827586208,0.2612612612612612,0.6428571428571429,0.746031746031746,0.4414414414414414,0.3369565217391304,0.5483870967741935,0.2072072072072072,0.0256410256410256,0.0,0.0878378378378378,0.7064220183486238,0.8181818181818182,0.2454954954954954,0.5632183908045977,0.6326530612244898,0.1959459459459459
31793,689041,Rhylan Thomas,Rhylan Thomas,2025,"FA,FC,FS,SI,CH,SL,CU,EP",33,0.0,0.5714285714285714,0.4285714285714285,0.0,0.0,21,12,33,-2.889245836363636,6.007164303030303,8.351118787878788,0.25,0.8823529411764706,0.5757575757575758,0.75,1.0,0.9473684210526316,0.5151515151515151,0.0303030303030303,-0.0570071999999999,-0.1727490909090907,10.128413666666669,25.71636484848485,-4.06114990909091,39.21846363636364,2138.242424242424,8,83.46249999999999,101.4,101.4,11.5,0,0.0,3,0.375,0.7777777777777778,1.0,0.2727272727272727,0.7333333333333333,0.9090909090909092,0.4545454545454545,0.2,1.0,0.1515151515151515,0.0,0.0,0.1212121212121212,1.0,1.0,0.2121212121212121,0.5,0.75,0.2424242424242424
16472,656555,Rhys Hoskins,Rhys Hoskins,2025,"FA,FC,FS,SI,CH,SL,CU,KC,EP",969,0.2575757575757575,0.2878787878787879,0.4545454545454545,0.2333333333333333,0.1333333333333333,581,388,969,-1.4291284713003098,3.983693632528381,7.767188352941178,0.2017543859649122,0.571150097465887,0.3973168214654283,0.4456521739130434,0.8327645051194539,0.7402597402597403,0.5294117647058824,0.1031991744066047,-3.377190799999999,-0.3485233023735808,6.633800264912281,28.114560288957698,-1.457521625283798,39.39594951702784,2354.823529411765,134,88.91729323308267,103.5,109.2,22.37593984962406,13,0.0970149253731343,59,0.4402985074626865,0.6480836236933798,0.8440860215053764,0.2961816305469556,0.3940149625935162,0.7341772151898734,0.4127966976264189,0.1923076923076923,0.3,0.2146542827657378,0.0136986301369863,0.0,0.0753353973168214,0.5069767441860465,0.7706422018348624,0.2218782249742002,0.2634408602150537,0.6530612244897959,0.1909184726522187
24589,680700,Richie Palacios,Richie Palacios,2025,"FA,FC,FS,SI,CH,SL,CU,KC",113,0.3,0.45,0.25,0.0,0.2,73,40,113,-3.7798983045575225,5.010878778761062,9.13079739823009,0.1904761904761904,0.5915492957746479,0.4424778761061947,0.625,0.8095238095238095,0.78,0.6283185840707964,0.0973451327433628,-0.908143299999999,-0.8036666371681408,8.410214008849557,25.331434424778763,-5.599507696460176,37.55083274336283,2220.902654867257,20,92.825,102.2,103.3,9.2,2,0.1,12,0.6,0.6,0.7222222222222222,0.2654867256637168,0.4915254237288136,0.8275862068965517,0.5221238938053098,0.15,0.6666666666666666,0.1769911504424778,0.0,0.0,0.0353982300884955,0.6176470588235294,0.8571428571428571,0.3008849557522124,0.32,0.75,0.2212389380530973
19864,656180,Riley Adams,Riley Adams,2025,"FA,FC,FS,SI,CH,SL,CU,KC,EP",770,0.2524271844660194,0.5339805825242718,0.2135922330097087,0.1363636363636363,0.2272727272727272,505,265,770,-2.507797225246753,3.851147885129869,8.33992209090909,0.3038674033149171,0.6642156862745098,0.4948051948051948,0.3363636363636363,0.8450184501845018,0.6981627296587927,0.5298701298701298,0.1493506493506493,9.891061000000002,1.2845533766233768,6.4045648382857125,27.91420251948052,-3.3596965110389605,39.45501465974028,2336.231168831169,106,92.1855769230769,109.6,115.4,5.557692307692308,11,0.1037735849056603,55,0.5188679245283019,0.6889952153110048,0.8680555555555556,0.2701298701298701,0.5522388059701493,0.7081081081081081,0.435064935064935,0.2781065088757396,0.1914893617021276,0.2194805194805194,0.087719298245614,0.2,0.074025974025974,0.6363636363636364,0.7647058823529411,0.2428571428571428,0.4459459459459459,0.6060606060606061,0.1922077922077922
25976,682985,Riley Greene,Riley Greene,2025,"FA,FC,FS,SI,CH,SL,CU,KC,EP",1854,0.2473498233215547,0.3356890459363957,0.4169611307420495,0.1186440677966101,0.2711864406779661,1191,663,1854,-3.7296892374649406,4.284668557188781,8.901255420711976,0.327641408751334,0.7513631406761178,0.5372168284789643,0.5211726384364821,0.7997097242380261,0.713855421686747,0.494606256742179,0.1537216828478964,-17.95677789999999,-0.9685424973031278,7.155048325431502,27.36726666666668,-5.525102333171519,37.03071074056093,2159.9514563106795,283,90.94416961130744,107.8,115.1,18.21201413427562,58,0.2049469964664311,137,0.4840989399293286,0.8528784648187633,0.8025,0.2529665587918015,0.597051597051597,0.7283950617283951,0.4374325782092772,0.2325056433408578,0.3398058252427184,0.2389428263214671,0.0546875,0.1428571428571428,0.0685005393743257,0.673469387755102,0.7777777777777778,0.2373247033441208,0.5067024128686327,0.6507936507936508,0.2001078748651564
13770,608701,Rob Refsnyder,Rob Refsnyder,2025,"FA,FC,SI,CH,SL,CU,KC,EP",301,0.1363636363636363,0.5909090909090909,0.2727272727272727,0.0833333333333333,0.1666666666666666,185,116,301,-2.355071245847176,4.373384968970099,8.801388631229237,0.2394366197183098,0.6415094339622641,0.4518272425249169,0.4705882352941176,0.8137254901960784,0.7279411764705882,0.5282392026578073,0.1229235880398671,3.055469599999999,1.015106179401993,7.311637790697675,26.598794485049837,-3.099849757475084,34.37572122259135,2416.704318936877,45,90.78409090909088,104.3,110.3,4.409090909090909,3,0.0666666666666666,24,0.5333333333333333,0.7469879518072289,0.8870967741935484,0.2757475083056478,0.4878048780487805,0.65,0.4086378737541528,0.1780821917808219,0.3846153846153846,0.2425249169435216,0.0454545454545454,0.0,0.0730897009966777,0.5294117647058824,0.6666666666666666,0.2259136212624584,0.4363636363636363,0.625,0.1827242524916943
27482,690987,Robert Hassell III,Robert Hassell III,2025,"FA,FC,FO,FS,SI,CH,SL,CU,KC",627,0.2321428571428571,0.5,0.2678571428571428,0.1333333333333333,0.1,419,208,627,-2.7464544539074964,3.240914683413078,8.739960346092504,0.2861952861952861,0.7454545454545455,0.5279106858054227,0.4705882352941176,0.8211382113821138,0.7311178247734139,0.5263157894736842,0.1419457735247209,9.509598500000005,1.5166823763955348,5.352000309776714,29.69607593301435,-3.7833805484529504,35.94151662519936,2320.129186602871,113,89.59908256880732,103.8,109.1,9.009174311926603,11,0.0973451327433628,50,0.4424778761061947,0.8225806451612904,0.8562091503267973,0.2966507177033493,0.5737051792828686,0.7083333333333334,0.4003189792663477,0.2039473684210526,0.2903225806451613,0.2424242424242424,0.0789473684210526,0.0,0.0606060606060606,0.6906474820143885,0.7604166666666666,0.2216905901116427,0.4285714285714285,0.6041666666666666,0.1786283891547049
31812,701350,Roman Anthony,Roman Anthony,2025,"FA,FC,FS,SI,CH,SL,CU,KC,EP",861,0.2540983606557377,0.4836065573770491,0.2622950819672131,0.09375,0.125,493,368,861,-3.206749339837399,3.642939891173053,8.878687704994194,0.1766055045871559,0.5858823529411765,0.3786295005807201,0.4545454545454545,0.8273092369477911,0.7392638036809815,0.4936120789779326,0.0987224157955865,-13.914878699999996,-1.6161299303135883,6.043558957375146,29.02814783972126,-4.596466940882695,38.213171138211386,2261.742160278746,122,95.64380165289252,107.4,113.7,8.760330578512397,20,0.1639344262295081,78,0.639344262295082,0.6454545454545455,0.8873239436619719,0.2555168408826945,0.4200542005420054,0.7032258064516129,0.4285714285714285,0.1386138613861386,0.2142857142857142,0.2334494773519163,0.0142857142857142,0.0,0.08130081300813,0.5412371134020618,0.7714285714285715,0.2253193960511033,0.2857142857142857,0.56,0.2032520325203252
21562,663853,Romy Gonzalez,Romy Gonzalez,2025,"FA,FC,FS,SI,CH,SL,CU,KC,EP",717,0.2761194029850746,0.5373134328358209,0.1865671641791045,0.08,0.08,493,224,717,-2.541481746080893,4.626408992747558,8.527730443514645,0.3548387096774194,0.723404255319149,0.5481171548117155,0.3884297520661157,0.8676470588235294,0.7201017811704835,0.5244072524407253,0.1534170153417015,-2.763369399999998,-0.3854071687587165,7.7435865900976335,26.752388075313814,-3.4226713152022312,38.841376316596936,2319.39470013947,139,92.53165467625898,107.5,111.4,0.8848920863309353,14,0.1007194244604316,78,0.5611510791366906,0.7989949748743719,0.89937106918239,0.2775453277545328,0.5863192182410424,0.6777777777777778,0.4281729428172943,0.3157894736842105,0.3541666666666667,0.2119944211994421,0.1016949152542373,0.1666666666666666,0.0822873082287308,0.6419753086419753,0.8076923076923077,0.2259414225941422,0.5241379310344828,0.5,0.202231520223152
18401,660670,Ronald Acuña Jr.,Ronald Acuna Jr.,2025,"FA,FC,FS,SI,CH,SL,CU,KC",1204,0.1734104046242774,0.4566473988439306,0.3699421965317919,0.140625,0.265625,715,489,1204,-2.710565963164452,3.9784815689368784,8.229910753654485,0.217391304347826,0.699523052464229,0.4692691029900332,0.576,0.7909090909090909,0.7433628318584071,0.5224252491694352,0.1204318936877076,-23.044584099999994,-1.914002001661129,6.624971228405313,27.346677101328908,-3.7166689454235886,35.83504813953488,2352.105481727575,174,93.07687861271675,109.7,115.5,14.352601156069364,29,0.1666666666666666,95,0.5459770114942529,0.7854889589905363,0.8152610441767069,0.2632890365448505,0.5165692007797271,0.7396226415094339,0.4260797342192691,0.1818181818181818,0.4375,0.2192691029900332,0.0272727272727272,0.0,0.0913621262458471,0.6132404181184669,0.7329545454545454,0.2383720930232558,0.3938053097345133,0.7528089887640449,0.1877076411960133
23698,677595,Ronny Mauricio,Ronny Mauricio,2025,"FA,FC,FS,SI,CH,SL,CU,KC,EP",541,0.2282608695652173,0.4021739130434782,0.3695652173913043,0.2647058823529412,0.1764705882352941,357,184,541,-2.4190396275415886,3.2963240334565627,8.19403047874307,0.3876811594202898,0.6716981132075471,0.5268022181146026,0.5327102803738317,0.7808988764044944,0.6877192982456141,0.4898336414048059,0.1645101663585952,-1.4769886000000008,-0.2730108317929761,5.443253629390015,29.539846802218108,-3.203885013678373,36.99612611645102,2330.4214417744915,92,92.12417582417584,107.6,111.3,15.252747252747254,10,0.108695652173913,40,0.4347826086956521,0.7258064516129032,0.7888888888888889,0.2273567467652495,0.612,0.7058823529411765,0.4584103512014787,0.2845528455284553,0.4857142857142857,0.2273567467652495,0.1590909090909091,0.0,0.0813308687615526,0.6666666666666666,0.7613636363636364,0.243992606284658,0.5508474576271186,0.6307692307692307,0.2144177449168207
25346,682927,Ronny Simon,Ronny Simon,2025,"FA,FC,FS,SI,CH,SL,CU,KC",294,0.1698113207547169,0.5471698113207547,0.2830188679245283,0.3333333333333333,0.0,188,106,294,-3.3108900901360547,4.473631530646258,9.040819819727888,0.2700729927007299,0.5923566878980892,0.4421768707482993,0.7567567567567568,0.8924731182795699,0.8538461538461538,0.5340136054421769,0.064625850340136,1.7513793,0.5957072448979592,7.481098329251701,26.88993918367347,-4.773129530612245,38.17196697278912,2248.3809523809523,55,89.61698113207547,103.5,108.8,7.981132075471698,3,0.0545454545454545,22,0.4,0.6506024096385542,0.9074074074074074,0.282312925170068,0.4769230769230769,0.9032258064516128,0.4421768707482993,0.2413793103448276,0.4285714285714285,0.1972789115646258,0.0,0.0,0.0782312925170068,0.5405405405405406,0.9,0.2517006802721088,0.3928571428571428,0.9090909090909092,0.1904761904761904
15679,642133,Rowdy Tellez,Rowdy Tellez,2025,"FA,FC,FS,SI,CH,SL,CU,KC,EP",1179,0.2272727272727272,0.3737373737373737,0.398989898989899,0.189873417721519,0.2151898734177215,748,431,1179,-3.488382855979644,3.4614280168532656,8.87395117387616,0.3086419753086419,0.5718954248366013,0.4452926208651399,0.5542857142857143,0.8657142857142858,0.7619047619047619,0.5190839694656488,0.106022052586938,1.0737489000000005,0.0910728498727735,5.731009326717557,29.923174614079716,-5.090341407888038,36.210866165394414,2210.8117048346057,200,91.54472361809044,107.4,113.1,15.266331658291458,31,0.155,95,0.475,0.627906976744186,0.8994708994708994,0.2553011026293469,0.5056818181818182,0.7415730337078652,0.4478371501272264,0.2607003891050584,0.4626865671641791,0.2179813401187447,0.021505376344086,0.5,0.0788804071246819,0.5544217687074829,0.8220858895705522,0.2493638676844783,0.4444444444444444,0.6153846153846154,0.1984732824427481
20437,668904,Royce Lewis,Royce Lewis,2025,"FA,FC,FS,SI,CH,SL,CU,KC",1060,0.2318840579710145,0.3478260869565217,0.4202898550724637,0.2413793103448276,0.1034482758620689,719,341,1060,-2.605391121,4.430938004386792,8.524374666981132,0.3127572016460905,0.6951219512195121,0.519811320754717,0.5460526315789473,0.8421052631578947,0.7604355716878403,0.5415094339622641,0.1245283018867924,5.7296415000000005,0.5405322169811321,7.406932146132073,26.738759047169825,-3.537683845943394,36.76381459301887,2325.233962264151,212,89.69809523809525,105.3,113.7,16.8,19,0.0896226415094339,86,0.4056603773584906,0.7862068965517242,0.8552631578947368,0.2726415094339622,0.5344827586206896,0.7701612903225806,0.4377358490566038,0.2956521739130435,0.4705882352941176,0.2169811320754717,0.0921052631578947,0.1428571428571428,0.0716981132075471,0.5868725868725869,0.8157894736842105,0.2443396226415094,0.4682926829268293,0.6979166666666666,0.1933962264150943
29547,669208,Ryan Bliss,Ryan Bliss,2025,"FA,FC,FS,SI,CH,SL,CU",93,0.125,0.4375,0.4375,0.0,0.1428571428571428,53,40,93,-3.3640647763440863,5.484828826881721,9.111725806451611,0.2,0.6976744186046512,0.4301075268817204,0.5,0.7333333333333333,0.675,0.4623655913978494,0.1397849462365591,0.9827376,1.0567070967741934,9.22985956344086,23.642519247311828,-4.866819440860214,39.21330752688172,2308.52688172043,17,88.5875,104.0,104.0,12.4375,2,0.1176470588235294,5,0.2941176470588235,0.7083333333333334,0.7647058823529411,0.2580645161290322,0.5,0.6111111111111112,0.3870967741935484,0.1923076923076923,0.6,0.2795698924731182,0.0,0.0,0.075268817204301,0.7333333333333333,0.5454545454545454,0.1612903225806451,0.3333333333333333,0.7142857142857143,0.2258064516129032
24622,680837,Ryan Fitzgerald,Ryan Fitzgerald,2025,"FA,FC,FS,SI,CH,SL,CU",119,0.1818181818181818,0.3181818181818182,0.5,0.0909090909090909,0.1818181818181818,73,46,119,-3.292893326890756,3.660459100840336,8.920409159663864,0.3333333333333333,0.625,0.4705882352941176,0.4761904761904761,0.8,0.6785714285714286,0.4705882352941176,0.1512605042016806,-1.3536951,-1.1375589075630252,6.074796394957982,28.2472474789916,-4.741415188235293,39.000473697479,2316.310924369748,22,90.59523809523807,104.0,110.1,17.571428571428573,4,0.1818181818181818,10,0.4545454545454545,0.6296296296296297,0.9411764705882352,0.226890756302521,0.5964912280701754,0.5882352941176471,0.4705882352941176,0.1481481481481481,0.5,0.226890756302521,0.125,0.0,0.0672268907563025,0.6,0.6666666666666666,0.2436974789915966,0.5925925925925926,0.5,0.226890756302521
24618,680777,Ryan Jeffers,Ryan Jeffers,2025,"FA,FC,FS,SI,CH,SL,CU,KC,EP",1266,0.2678571428571428,0.3839285714285714,0.3482142857142857,0.2564102564102564,0.0897435897435897,796,470,1266,-2.6381247134992103,4.486488556621647,8.46987405766193,0.2553542009884679,0.5477996965098634,0.4075829383886256,0.6064516129032258,0.9002770083102493,0.812015503875969,0.5205371248025277,0.0766192733017377,4.426527500000004,0.3496467219589261,7.501587347788311,26.95496556872038,-3.5966133335703008,38.52963639060031,2326.90916271722,228,89.19999999999999,105.7,110.4,15.622222222222222,18,0.0789473684210526,95,0.4166666666666667,0.596045197740113,0.919431279620853,0.2796208530805687,0.4492481203007519,0.7907949790794979,0.4202211690363349,0.2272727272727272,0.55,0.2085308056872037,0.0517241379310344,0.5,0.0916271721958925,0.4874551971326165,0.8088235294117647,0.2203791469194312,0.4071146245059288,0.7669902912621359,0.1998420221169036
25867,668952,Ryan Kreidler,Ryan Kreidler,2025,"FA,FC,FS,SI,CH,SL,CU,KC",116,0.0833333333333333,0.4166666666666667,0.5,0.0,0.0,75,41,116,-1.4831876051724135,3.505430554310345,8.42922153448276,0.3220338983050847,0.7543859649122807,0.5344827586206896,0.3684210526315789,0.7209302325581395,0.6129032258064516,0.4913793103448275,0.2068965517241379,3.5877777,3.092911810344827,5.810724818965516,29.914770603448275,-1.569566854310345,38.25409224137931,2310.8275862068967,12,86.36666666666667,106.2,106.9,16.416666666666668,1,0.0833333333333333,3,0.25,0.8387096774193549,0.7692307692307693,0.2672413793103448,0.5555555555555556,0.5666666666666667,0.4655172413793103,0.25,0.1666666666666666,0.2068965517241379,0.0,0.0,0.0603448275862069,0.6666666666666666,0.625,0.2068965517241379,0.4666666666666667,0.5,0.2586206896551724
15112,641857,Ryan McMahon,Ryan McMahon,2025,"FA,FC,FO,FS,SI,CH,SL,CU,KC,EP",1969,0.2369477911646586,0.4136546184738955,0.3493975903614458,0.0804597701149425,0.2068965517241379,1193,776,1969,-2.9570617847049263,4.166109237379382,8.209388028948705,0.2467532467532467,0.6411483253588517,0.4560690705942102,0.3947368421052631,0.7835820895522388,0.6848552338530067,0.5307262569832403,0.1437277805992889,-0.232193299999995,-0.011792447943118,6.950042146405792,27.338917724733367,-4.154235032117826,38.16263881361096,2278.937023869985,252,93.3092741935484,106.9,113.6,15.141129032258064,34,0.1349206349206349,130,0.5158730158730159,0.7480916030534351,0.8061224489795918,0.2661249365159979,0.4739819004524886,0.6778042959427207,0.4479431183341797,0.1759259259259259,0.1842105263157894,0.2194007110208227,0.0852713178294573,0.0909090909090909,0.0650076180802437,0.5617021276595745,0.7575757575757576,0.2376841036058913,0.3743961352657005,0.5419354838709678,0.2102590147282884
18373,663624,Ryan Mountcastle,Ryan Mountcastle,2025,"FA,FC,FS,SI,CH,SL,CU,KC,EP",1008,0.2674418604651162,0.4534883720930232,0.2790697674418604,0.0833333333333333,0.1458333333333333,700,308,1008,-2.1017768228174605,4.42208853452381,8.685275848214284,0.3723404255319149,0.7453531598513011,0.5714285714285714,0.5142857142857142,0.800498753117207,0.7135416666666666,0.5337301587301587,0.1636904761904762,5.232040599999999,0.5190516468253967,7.391931461805553,27.04773299603174,-2.643608373710319,37.286717571428575,2320.424603174604,178,91.39775280898876,106.9,116.7,8.252808988764045,24,0.1348314606741573,87,0.4887640449438202,0.823728813559322,0.8477366255144033,0.2906746031746032,0.6099290780141844,0.6550387596899225,0.4196428571428571,0.366120218579235,0.5373134328358209,0.181547619047619,0.0747663551401869,0.0,0.1061507936507936,0.6462264150943396,0.7226277372262774,0.2103174603174603,0.5734597156398105,0.5785123966942148,0.2093253968253968
23312,676116,Ryan Noda,Ryan Noda,2025,"FA,FC,FS,SI,CH,SL,CU,KC",232,0.1818181818181818,0.3181818181818182,0.5,0.3636363636363636,0.0909090909090909,135,97,232,-2.75787917474138,3.892720273706896,8.585038146551724,0.1714285714285714,0.6062992125984252,0.4094827586206896,0.0555555555555555,0.7272727272727273,0.6,0.5474137931034483,0.1637931034482758,4.2238233,1.8206134913793104,6.476469076724139,27.62135547413793,-3.7987428849137936,34.15462663793104,2298.086206896552,24,89.40909090909089,105.6,108.7,26.681818181818183,2,0.0833333333333333,8,0.3333333333333333,0.7222222222222222,0.7884615384615384,0.3103448275862069,0.3619047619047619,0.4210526315789473,0.4525862068965517,0.108695652173913,0.0,0.1982758620689655,0.0,0.0,0.0387931034482758,0.4528301886792453,0.4583333333333333,0.2284482758620689,0.2692307692307692,0.3571428571428571,0.2241379310344827
16442,656811,Ryan O'Hearn,Ryan O'Hearn,2025,"FA,FC,FS,SI,CH,SL,CU,KC,EP",1721,0.2610169491525423,0.4305084745762711,0.3084745762711864,0.1868131868131868,0.1538461538461538,1059,662,1721,-3.297102922355609,4.080435129540964,8.68559226449739,0.2716346153846153,0.6580427446569179,0.4712376525276002,0.6106194690265486,0.8752136752136752,0.8014796547472256,0.516560139453806,0.0935502614758861,-10.031065800000002,-0.5828626263800117,6.800577023590937,28.072372359093546,-4.749345021441024,37.50780393085416,2247.546194073213,300,90.40639730639732,103.3,109.4,12.094276094276092,23,0.0766666666666666,134,0.4466666666666666,0.7808219178082192,0.8888888888888888,0.2545031958163858,0.4974293059125964,0.8036175710594315,0.452062754212667,0.2047872340425532,0.4415584415584415,0.2178965717606043,0.0387596899224806,0.2,0.0749564206856478,0.5845771144278606,0.8680851063829788,0.2335851249273678,0.4042553191489361,0.7039473684210527,0.2184776292852992
31500,690022,Ryan Ritter,Ryan Ritter,2025,"FA,FC,FS,SI,CH,SL,CU,KC",614,0.2473118279569892,0.5376344086021505,0.2150537634408602,0.1,0.05,414,200,614,-1.7573265660260582,3.353289699999998,6.978455307817592,0.306338028169014,0.6848484848484848,0.509771986970684,0.3563218390804598,0.7566371681415929,0.645367412140575,0.5374592833876222,0.1807817589576547,7.306532900000001,1.189989071661238,5.543578724918567,28.44695960912052,-2.035797640570032,37.3553862703583,2390.6058631921824,98,86.02967032967034,101.5,108.4,4.461538461538462,2,0.0204081632653061,34,0.3469387755102041,0.7586206896551724,0.7878787878787878,0.2833876221498371,0.55859375,0.6153846153846154,0.4153094462540717,0.2713178294573643,0.2857142857142857,0.2100977198697068,0.0545454545454545,0.0,0.0895765472312703,0.6081081081081081,0.6777777777777778,0.2394136807817589,0.4907407407407407,0.5094339622641509,0.1758957654723127
22165,668723,Ryan Vilade,Ryan Vilade,2025,"FA,FC,SI,SL",13,0.3333333333333333,0.6666666666666666,0.0,0.0,0.0,10,3,13,-1.0377586153846157,3.569545,7.059585538461538,0.3333333333333333,0.5,0.4615384615384615,0.0,1.0,0.8333333333333334,0.7692307692307693,0.0769230769230769,0.3580302999999999,2.7540792307692303,5.9175699538461535,27.966561538461537,-0.7679338461538466,30.34661,2461.846153846154,3,96.03333333333336,109.8,109.8,0.0,0,0.0,2,0.6666666666666666,0.6666666666666666,1.0,0.2307692307692307,0.4285714285714285,1.0,0.5384615384615384,1.0,0.0,0.0769230769230769,0.0,0.0,0.1538461538461538,0.3333333333333333,1.0,0.2307692307692307,0.5,1.0,0.3076923076923077
26253,669194,Ryne Nelson,Ryne Nelson,2025,"FA,SL",4,0.0,1.0,0.0,0.0,0.0,2,2,4,-4.54974,8.378419999999998,9.9600875,0.0,0.5,0.25,0.0,1.0,1.0,0.5,0.0,-0.4663774999999999,-11.6594375,14.234025,19.898275,-6.955954999999999,48.01755,2325.75,1,89.8,89.8,89.8,-17.0,0,0.0,0,0.0,0.0,0.0,0.25,1.0,1.0,0.25,0.0,0.0,0.5,0.0,0.0,0.0,0.0,0.0,0.0,1.0,1.0,0.25
29622,686217,Sal Frelick,Sal Frelick,2025,"FA,FC,FO,FS,SI,CH,SL,CU,KC,EP",1692,0.2351097178683385,0.4263322884012539,0.3385579937304075,0.3148148148148148,0.1111111111111111,1067,625,1692,-3.0323348204018905,4.281186835933808,8.752306489361704,0.27,0.5807174887892377,0.433806146572104,0.8194444444444444,0.9343629343629344,0.9005449591280654,0.5271867612293144,0.043144208037825,-10.940293999999996,-0.6465894799054371,7.148692488002364,27.142522984633555,-4.283918548049647,38.4539988652482,2262.463947990544,323,86.52515723270442,101.2,109.1,14.60501567398119,14,0.0433436532507739,99,0.3065015479876161,0.593952483801296,0.9418181818181818,0.2730496453900709,0.5275167785234899,0.900763358778626,0.4391252955082742,0.1792717086834734,0.75,0.2109929078014184,0.0157480314960629,0.0,0.0750591016548463,0.6159420289855072,0.9137254901960784,0.2446808510638297,0.4169184290030212,0.8768115942028986,0.1944444444444444
31505,701398,Sal Stewart,Sal Stewart,2025,"FA,FC,FS,SI,CH,SL,CU,KC",197,0.2352941176470588,0.3529411764705882,0.4117647058823529,0.0714285714285714,0.2857142857142857,129,68,197,-1.207628776649746,3.145639074619289,8.34678192893401,0.3260869565217391,0.6857142857142857,0.5177664974619289,0.6,0.8611111111111112,0.7843137254901961,0.5329949238578681,0.1116751269035533,-0.6267845999999995,-0.3181647715736038,5.18446883502538,29.316115482233503,-1.0672483959390862,36.83776227411168,2379.8020304568527,34,94.75882352941174,106.7,111.7,17.61764705882353,5,0.1470588235294117,17,0.5,0.7592592592592593,0.8780487804878049,0.2741116751269035,0.5764705882352941,0.7755102040816326,0.4314720812182741,0.2972972972972973,0.4545454545454545,0.1878172588832487,0.0476190476190476,1.0,0.1065989847715736,0.6590909090909091,0.7586206896551724,0.2233502538071066,0.4878048780487805,0.8,0.2081218274111675
7304,521692,Salvador Perez,Salvador Perez,2025,"FA,FC,FO,FS,SI,CH,SL,CU,KC,EP",1768,0.2307692307692307,0.3543956043956044,0.4148351648351648,0.1986754966887417,0.1854304635761589,1179,589,1768,-1.6036128822737554,3.825388305260181,8.075956454751132,0.3748645720476706,0.7467455621301775,0.5526018099547512,0.5520231213872833,0.849445324881141,0.744114636642784,0.4779411764705882,0.1414027149321267,-4.651928499999998,-0.2631181278280541,6.358992647949434,28.53611950226244,-1.7671266434785062,38.61598666855202,2348.1035067873304,369,89.83989071038256,106.9,114.8,17.352459016393443,57,0.1544715447154471,173,0.4688346883468834,0.7390300230946882,0.875,0.2449095022624434,0.6788218793828892,0.7768595041322314,0.4032805429864253,0.369727047146402,0.4563758389261745,0.2273755656108597,0.1095890410958904,0.125,0.1233031674208144,0.7226666666666667,0.8007380073800738,0.21210407239819,0.6301775147928994,0.7464788732394366,0.1911764705882352
18054,664059,Sam Haggerty,Sam Haggerty,2025,"FA,FC,FS,SI,CH,SL,CU,KN,EP",310,0.3090909090909091,0.4545454545454545,0.2363636363636363,0.2307692307692307,0.1538461538461538,194,116,310,-3.91227731,4.398224693935485,9.344207967741935,0.2653061224489796,0.6625766871165644,0.4741935483870967,0.4358974358974359,0.8425925925925926,0.7346938775510204,0.5258064516129032,0.1258064516129032,1.8940612000000008,0.610987483870968,7.365960178064515,27.540258645161288,-5.901219635161291,37.748391451612896,2060.4387096774194,59,89.58793103448276,103.9,109.6,10.310344827586206,2,0.0338983050847457,26,0.4406779661016949,0.7411764705882353,0.9365079365079364,0.2709677419354839,0.5419847328244275,0.6338028169014085,0.4225806451612903,0.1756756756756756,0.3076923076923077,0.2387096774193548,0.0,0.0,0.064516129032258,0.5972222222222222,0.6976744186046512,0.232258064516129,0.4745762711864407,0.5357142857142857,0.1903225806451612
17954,656541,Sam Hilliard,Sam Hilliard,2025,"FA,FC,FO,FS,SI,CH,SL,CU,KC",260,0.1111111111111111,0.4814814814814814,0.4074074074074074,0.2727272727272727,0.1818181818181818,154,106,260,-2.6612280153846157,3.389817900384615,7.362288442307692,0.2647058823529412,0.6290322580645161,0.4384615384615384,0.6111111111111112,0.6538461538461539,0.6403508771929824,0.4769230769230769,0.1576923076923077,-0.5558308999999986,-0.2137811153846148,5.607576360384615,28.427711538461534,-3.630435771538462,35.725869884615385,2338.773076923077,27,93.8653846153846,107.9,110.3,16.423076923076923,5,0.1851851851851851,16,0.5925925925925926,0.7910447761194029,0.660377358490566,0.2538461538461538,0.4297520661157025,0.6346153846153846,0.4653846153846154,0.1568627450980392,0.625,0.1961538461538461,0.0476190476190476,0.0,0.0807692307692307,0.5185185185185185,0.6785714285714286,0.2076923076923077,0.3582089552238806,0.5833333333333334,0.2576923076923076
22209,669087,Sam Huff,Sam Huff,2025,"FA,FC,FS,SI,CH,SL,CU,KC",160,0.15,0.6,0.25,0.0,0.2,100,60,160,-2.74934561875,5.080669079375001,9.30736504375,0.2535211267605634,0.6629213483146067,0.48125,0.3333333333333333,0.7288135593220338,0.6363636363636364,0.55625,0.175,3.2340974999999994,2.0213109375,8.530913449999998,25.43485350000001,-3.783703450625001,41.093286125000006,2335.43125,20,87.79999999999998,102.5,104.9,-1.35,3,0.15,7,0.35,0.7142857142857143,0.8285714285714286,0.30625,0.515625,0.5454545454545454,0.4,0.1818181818181818,0.1666666666666666,0.20625,0.2142857142857142,0.3333333333333333,0.0875,0.631578947368421,0.5833333333333334,0.2375,0.3461538461538461,0.4444444444444444,0.1625
22274,669392,Samad Taylor,Samad Taylor,2025,"SL,EP",5,0.0,0.6666666666666666,0.3333333333333333,0.0,0.0,5,0,5,3.215158,4.978498,7.450863999999998,0.0,0.8,0.8,0.0,1.0,1.0,1.0,0.0,0.688516,13.77032,8.269968,77.55868000000001,6.35713,35.57038,1852.2,3,65.33333333333333,81.5,81.5,0.6666666666666666,0,0.0,0,0.0,0.6666666666666666,1.0,0.4,1.0,1.0,0.4,0.0,0.0,0.0,0.0,0.0,0.0,1.0,1.0,0.4,0.0,0.0,0.0
28824,694212,Samuel Basallo,Samuel Basallo,2025,"FA,FC,FS,SI,CH,SL,CU,KC,EP",333,0.1428571428571428,0.4761904761904761,0.3809523809523809,0.0833333333333333,0.125,235,98,333,-2.516264978378379,3.083771315315316,8.585946954954954,0.4161490683229814,0.7325581395348837,0.5795795795795796,0.6119402985074627,0.8333333333333334,0.7564766839378239,0.5165165165165165,0.1411411411411411,6.810850500000003,2.0453004504504517,5.078278578078078,30.403209759759758,-3.381687414414414,36.7811598078078,2260.672672672673,63,91.42698412698417,107.9,112.1,14.746031746031743,6,0.0952380952380952,30,0.4761904761904761,0.7835051546391752,0.868421052631579,0.2912912912912913,0.6615384615384615,0.7093023255813954,0.3903903903903903,0.3972602739726027,0.6551724137931034,0.2192192192192192,0.0606060606060606,0.0,0.0990990990990991,0.7285714285714285,0.803921568627451,0.2102102102102102,0.5833333333333334,0.5714285714285714,0.1801801801801801
5273,506702,Sandy León,Sandy Leon,2025,"FA,FS,SI,CH,SL,CU,KC",30,0.0,0.2,0.8,0.0,0.25,21,9,30,-3.2983652,3.5121735666666667,9.267739666666667,0.2307692307692307,0.7647058823529411,0.5333333333333333,0.3333333333333333,0.8461538461538461,0.75,0.5666666666666667,0.1333333333333333,0.3757446999999997,1.2524823333333324,5.818358433333333,28.84044666666667,-4.751058333333333,34.23341666666667,2226.766666666667,5,91.48,99.3,99.3,29.6,0,0.0,1,0.2,0.8181818181818182,0.8888888888888888,0.3666666666666666,0.4615384615384615,0.6666666666666666,0.4333333333333333,0.2,0.0,0.1666666666666666,0.0,0.0,0.0333333333333333,0.6666666666666666,0.75,0.2,0.2857142857142857,0.5,0.2333333333333333
19997,669289,Santiago Espinal,Santiago Espinal,2025,"FA,FC,FS,SI,CH,SL,CU,KC,EP",774,0.2327044025157232,0.5094339622641509,0.2578616352201258,0.3170731707317073,0.0,503,271,774,-2.246106457273902,4.330322056744187,8.081128244186047,0.2598870056497175,0.6404761904761904,0.4664082687338501,0.717391304347826,0.9107806691449816,0.8614958448753463,0.5426356589147286,0.0645994832041343,16.150416800000002,2.0866171576227392,7.233964511343672,27.915878475452203,-2.9042542502583983,37.34884981912144,2321.660206718346,164,85.86025641025647,99.2,107.4,10.333333333333334,1,0.0060975609756097,33,0.2012195121951219,0.7136752136752137,0.9281437125748504,0.3023255813953488,0.52,0.8284023668639053,0.4186046511627907,0.1506024096385542,0.64,0.2144702842377261,0.0,0.0,0.0633074935400516,0.5818181818181818,0.8958333333333334,0.2118863049095607,0.45625,0.7397260273972602,0.2067183462532299
17975,664068,Scott Kingery,Scott Kingery,2025,"FA,FC,FS,SI,SL,CU",64,0.0,0.75,0.25,0.5,0.0,43,21,64,-0.878174625,3.523770328125,7.259479531250001,0.3333333333333333,0.6764705882352942,0.515625,0.4,0.6956521739130435,0.6060606060606061,0.53125,0.203125,2.8147657,4.39807140625,5.83841115,28.2240390625,-0.486758015625,38.094134375,2407.921875,8,90.4375,102.0,102.0,9.0,1,0.125,4,0.5,0.6842105263157895,0.6153846153846154,0.296875,0.53125,0.6470588235294118,0.5,0.25,0.3333333333333333,0.1875,0.0,0.0,0.015625,0.7333333333333333,0.9090909090909092,0.234375,0.3529411764705882,0.1666666666666666,0.265625
21270,656248,Sean Bouchard,Sean Bouchard,2025,"FA,FC,SI,CH,SL,CU",87,0.375,0.5,0.125,0.0,0.0,56,31,87,-1.8972033218390805,4.041367428735632,7.560425701149425,0.25,0.6078431372549019,0.4597701149425287,0.0,0.8387096774193549,0.65,0.5862068965517241,0.160919540229885,2.4517851000000004,2.8181437931034488,6.733540436781609,27.33055172413793,-2.282256540229885,31.51426946896552,2321.425287356322,8,80.64999999999999,96.7,96.7,5.375,0,0.0,1,0.125,0.7142857142857143,0.84,0.4022988505747126,0.375,0.5555555555555556,0.2758620689655172,0.4,0.0,0.1724137931034483,0.0,0.0,0.1494252873563218,0.4285714285714285,0.8333333333333334,0.160919540229885,0.3,0.0,0.1149425287356321
19352,669221,Sean Murphy,Sean Murphy,2025,"FA,FC,FS,SI,CH,SL,CU,KC",829,0.2,0.5,0.3,0.0512820512820512,0.2307692307692307,542,287,829,-2.3706269159589866,3.698675521363088,8.110686600361886,0.2601626016260163,0.6478260869565218,0.4752714113389626,0.3229166666666667,0.8221476510067114,0.700507614213198,0.5548854041013269,0.1423401688781664,5.497340000000001,0.6631290711700846,6.140888329010858,27.97863815440289,-3.1164147803377573,37.56020546441497,2330.159227985525,132,88.72153846153843,107.2,114.4,8.823076923076924,15,0.1136363636363636,54,0.4090909090909091,0.7531914893617021,0.8813559322033898,0.2834740651387213,0.4856321839080459,0.6272189349112426,0.4197828709288299,0.2417582417582417,0.3181818181818182,0.2195416164053076,0.0625,0.0,0.0772014475271411,0.5572139303482587,0.7410714285714286,0.2424607961399276,0.3877551020408163,0.4035087719298245,0.1773220747889023
21735,665861,Sebastián Rivero,Sebastian Rivero,2025,"FA,FC,FS,SI,CH,SL,CU,KC,EP",110,0.2777777777777778,0.3888888888888889,0.3333333333333333,0.3333333333333333,0.0,82,28,110,-2.7018966545454544,4.931678195454546,8.535274227272728,0.5319148936170213,0.7142857142857143,0.6363636363636364,0.4,0.8444444444444444,0.6857142857142857,0.5727272727272728,0.2,1.9912893,1.810263,8.272702999090908,27.57409872727273,-3.715687136363636,36.82568436363636,2286.309090909091,20,86.19,102.4,105.3,18.2,2,0.1,5,0.25,0.7027027027027027,0.8461538461538461,0.3363636363636363,0.74,0.6486486486486487,0.4545454545454545,0.3333333333333333,0.3333333333333333,0.1636363636363636,0.2,0.0,0.0454545454545454,0.76,0.7368421052631579,0.2272727272727272,0.72,0.5555555555555556,0.2272727272727272
30116,673548,Seiya Suzuki,Seiya Suzuki,2025,"FA,FC,FS,SI,CH,SL,CU,KC",1917,0.2408026755852843,0.334448160535117,0.4247491638795986,0.1968503937007874,0.1732283464566929,1195,722,1917,-1.8872208822034424,3.870171194642672,7.993474740740743,0.2251950947603121,0.5833333333333334,0.4157537819509651,0.5148514851485149,0.8521008403361344,0.766624843161857,0.5320813771517997,0.0970266040688575,-6.148367799999987,-0.3207286280646837,6.43791212131038,28.476603823682854,-2.266704269314556,37.110406557120506,2354.9295774647885,302,90.99271523178813,106.5,116.2,17.625827814569536,49,0.162251655629139,141,0.466887417218543,0.6118067978533095,0.9005847953216374,0.2910798122065727,0.4739454094292804,0.7382198952879581,0.4204486176317162,0.1723300970873786,0.2957746478873239,0.2138758476786645,0.0142857142857142,0.0,0.0719874804381846,0.565410199556541,0.796078431372549,0.235263432446531,0.3577464788732394,0.6220472440944882,0.1851851851851851
16417,642727,Sergio Alcántara,Sergio Alcantara,2025,"FA,FC,CH,SL,CU",7,0.0,0.0,0.0,0.0,0.0,6,1,7,-1.921891428571428,2.679308571428572,7.865272857142857,0.5,0.4,0.4285714285714285,0.0,1.0,0.6666666666666666,0.7142857142857143,0.1428571428571428,0.5292989,7.561412857142857,4.377995714285714,28.655557142857145,-2.325747571428572,29.293828571428573,2222.714285714286,0,0.0,,,0.0,0,0.0,0,0.0,0.5,1.0,0.5714285714285714,0.0,0.0,0.1428571428571428,0.5,0.0,0.2857142857142857,0.0,0.0,0.0,0.0,0.0,0.1428571428571428,0.0,0.0,0.0
18171,664913,Seth Brown,Seth Brown,2025,"FA,FC,FO,FS,SI,CH,SL,CU,KC",266,0.25,0.325,0.425,0.1764705882352941,0.0588235294117647,166,100,266,-3.353267454699248,3.6442011323308265,8.16832977443609,0.2835820895522388,0.6818181818181818,0.4812030075187969,0.3947368421052631,0.8555555555555555,0.71875,0.4962406015037593,0.1353383458646616,2.8072683,1.055364022556391,6.054678755015037,29.03788233082707,-4.871641280075187,36.67120454887218,2221.2293233082705,40,87.485,101.3,111.9,19.675,4,0.1,17,0.425,0.7611940298507462,0.8235294117647058,0.2518796992481203,0.5726495726495726,0.7164179104477612,0.4398496240601504,0.1587301587301587,0.2,0.2368421052631578,0.0,0.0,0.0714285714285714,0.6451612903225806,0.9,0.2330827067669172,0.4909090909090909,0.4444444444444444,0.206766917293233
27789,694376,Shay Whitcomb,Shay Whitcomb,2025,"FA,FC,SI,CH,SL,CU",102,0.25,0.5,0.25,0.6666666666666666,0.0,68,34,102,-2.4706966960784307,4.04078477745098,8.155260303921569,0.3673469387755102,0.6415094339622641,0.5098039215686274,0.3888888888888889,0.8235294117647058,0.6730769230769231,0.5196078431372549,0.1666666666666666,2.8208449999999994,2.7655343137254897,6.732534098039217,26.77493676470588,-3.2927346372549016,35.25809049019608,2402.705882352941,13,83.54615384615384,102.1,105.0,18.307692307692307,0,0.0,3,0.2307692307692307,0.6551724137931034,0.7894736842105263,0.284313725490196,0.5714285714285714,0.7916666666666666,0.4117647058823529,0.4736842105263157,0.1111111111111111,0.1862745098039215,0.0,0.0,0.1176470588235294,0.7391304347826086,0.8823529411764706,0.2254901960784313,0.3684210526315789,0.5714285714285714,0.1862745098039215
25816,669127,Shea Langeliers,Shea Langeliers,2025,"FA,FC,FS,SI,CH,SL,CU,KC,EP",1497,0.2272727272727272,0.3811188811188811,0.3916083916083916,0.2589285714285714,0.1875,965,532,1497,-2.080257976427523,4.353724320681362,8.48561448430194,0.2876901798063623,0.710594315245478,0.5063460253841016,0.5576923076923077,0.850909090909091,0.7704485488126649,0.5170340681362725,0.1162324649298597,-5.694249099999996,-0.3803773613894453,7.273367137140943,27.085942945891773,-2.6082499366733467,36.89399698463594,2333.828991315965,288,90.4807692307692,107.4,114.5,17.20979020979021,31,0.1076388888888889,130,0.4513888888888889,0.7623762376237624,0.8961038961038961,0.269873079492318,0.5872756933115824,0.7611111111111111,0.4094856379425518,0.2434017595307918,0.3975903614457831,0.2277889111556446,0.0503597122302158,0.1428571428571428,0.0928523714094856,0.6715976331360947,0.801762114537445,0.2257849031396125,0.4836363636363636,0.6917293233082706,0.1837007348029392
19755,660271,Shohei Ohtani,Shohei Ohtani,2025,"FA,FC,FO,FS,SI,CH,SL,CU,KC",1952,0.2037037037037037,0.3888888888888889,0.4074074074074074,0.0363636363636363,0.3636363636363636,1134,818,1952,-2.982144510298669,3.673492104897542,8.374045703893444,0.2475247524752475,0.6539278131634819,0.4436475409836065,0.456,0.7792207792207793,0.6859122401847575,0.4825819672131147,0.1393442622950819,-46.52010489999999,-2.3832020952868844,6.096368731915984,28.118724984631143,-4.1982869428791,37.31900876629097,2266.4631147540986,273,95.87158671586718,110.3,120.0,15.712177121771218,64,0.2344322344322344,166,0.608058608058608,0.7451403887688985,0.7855072463768116,0.2371926229508196,0.4930875576036866,0.6705607476635514,0.444672131147541,0.1973094170403587,0.3977272727272727,0.228483606557377,0.0285714285714285,0.2,0.0896516393442622,0.6090909090909091,0.7238805970149254,0.2254098360655737,0.3738317757009345,0.58125,0.2192622950819672
26477,687462,Spencer Horwitz,Spencer Horwitz,2025,"FA,FC,FS,SI,CH,SL,CU,KC,EP",1473,0.2720306513409962,0.367816091954023,0.3601532567049808,0.202127659574468,0.1063829787234042,913,560,1473,-3.0504318174541742,4.573974942634079,8.496377722335371,0.2528901734104046,0.6414852752880922,0.4589273591310251,0.6514285714285715,0.9201596806387226,0.8505917159763313,0.5302104548540394,0.0685675492192803,-11.2151284,-0.7613800678886625,7.653391459110661,26.21038463679565,-4.3182439572776685,38.44979789137814,2293.764426340801,262,87.62384615384616,102.5,107.3,16.880769230769232,23,0.0877862595419847,98,0.3740458015267175,0.7214285714285714,0.9306930693069309,0.2837746096401901,0.4705882352941176,0.8461538461538461,0.4494229463679565,0.1891891891891892,0.5178571428571429,0.2002715546503733,0.0531914893617021,0.0,0.0631364562118126,0.5988857938718662,0.8604651162790697,0.2437202987101154,0.3190789473684211,0.8144329896907216,0.2057026476578411
26323,668715,Spencer Steer,Spencer Steer,2025,"FA,FC,FS,SI,CH,SL,CU,KC,EP",1777,0.2142857142857142,0.3741496598639456,0.4115646258503401,0.2314049586776859,0.1239669421487603,1139,638,1777,-2.6189541208216105,4.38443106889139,8.336797527855934,0.2391857506361323,0.656912209889001,0.4721440630275745,0.4946808510638298,0.8417818740399385,0.7640047675804529,0.5576814856499719,0.1114237478897017,3.4889699,0.1963404558244232,7.32704346178391,26.569660303882944,-3.569717936713562,38.32155118232976,2335.624648283624,297,87.133904109589,101.9,108.3,17.84246575342466,22,0.074074074074074,98,0.3299663299663299,0.7334558823529411,0.8796992481203008,0.3061339335959482,0.4993429697766097,0.7131578947368421,0.4271243669105233,0.1612903225806451,0.3272727272727272,0.1918964546989307,0.0381679389312977,0.2,0.0737197523916713,0.580568720379147,0.7428571428571429,0.236916150815982,0.3982300884955752,0.6592592592592592,0.1902082160945413
27465,679529,Spencer Torkelson,Spencer Torkelson,2025,"FA,FC,FS,SI,CH,SL,CU,KC,EP",1865,0.2482014388489208,0.276978417266187,0.4748201438848921,0.2651515151515151,0.1590909090909091,1146,719,1865,-2.210567634890081,3.714029204621984,8.197698362466488,0.2083832335329341,0.6427184466019418,0.4482573726541555,0.4080459770114942,0.8549848942598187,0.7619617224880383,0.5522788203753352,0.1067024128686327,0.441432300000003,0.0236692922252012,6.168189341839462,28.70726491689007,-2.852344578600537,36.71693349705094,2243.1597855227883,280,90.17598566308244,104.3,110.5,23.07168458781362,38,0.1357142857142857,127,0.4535714285714285,0.7383177570093458,0.9037974683544304,0.2868632707774799,0.4656019656019656,0.6912928759894459,0.4359249329758713,0.1524064171122994,0.3157894736842105,0.2005361930294906,0.0352112676056338,0.0,0.0761394101876675,0.5684931506849316,0.7751004016064257,0.2348525469168901,0.3457446808510638,0.5307692307692308,0.2010723860589812
9241,516782,Starling Marte,Starling Marte,2025,"FA,FC,FS,SI,CH,SL,CU,KC,EP",672,0.2338709677419354,0.4919354838709677,0.2741935483870967,0.1470588235294117,0.1470588235294117,451,221,672,-2.548560738839285,4.501132067083336,8.258929206845238,0.3112582781456953,0.6459459459459459,0.4955357142857143,0.5212765957446809,0.8493723849372385,0.7567567567567568,0.5505952380952381,0.1205357142857142,-2.540646700000001,-0.3780724255952382,7.529246394687503,27.08381916666665,-3.4448799980505957,39.78438973065475,2323.0744047619046,126,85.65583333333335,106.5,111.0,7.358333333333333,11,0.0873015873015873,41,0.3253968253968254,0.6507936507936508,0.91869918699187,0.28125,0.5597269624573379,0.725609756097561,0.4345238095238095,0.2933333333333333,0.4545454545454545,0.2232142857142857,0.05,0.0,0.0595238095238095,0.6871165644171779,0.75,0.2410714285714285,0.4,0.6730769230769231,0.1934523809523809
24610,680757,Steven Kwan,Steven Kwan,2025,"FA,FC,FS,SI,CH,SL,CU,KC",1941,0.2961038961038961,0.3636363636363636,0.3402597402597402,0.1526717557251908,0.0839694656488549,1228,713,1941,-3.8180205587016993,4.523675227769191,8.913947087068523,0.2251131221719457,0.5695364238410596,0.4126738794435858,0.8040201005025126,0.9584717607973422,0.920099875156055,0.5445646573930963,0.0329726944873776,-9.033759099999994,-0.4654177794951052,7.565475805564144,26.42028384853169,-5.702004704580113,35.72667182895414,2252.149407521896,391,87.1107894736842,98.6,104.2,16.371052631578948,11,0.0281329923273657,83,0.2122762148337595,0.6063829787234043,0.9766081871345028,0.2895414734672849,0.4697508896797153,0.9191919191919192,0.4343122102009273,0.1464019851116625,0.6440677966101694,0.2071097372488408,0.0305343511450381,0.25,0.0674909840288511,0.5478841870824054,0.951219512195122,0.2313240597630087,0.3807106598984771,0.8666666666666667,0.2029881504379186
22766,672642,Steward Berroa,Steward Berroa,2025,"FA,FC,FS,CH",11,0.0,0.0,0.0,0.0,0.0,7,4,11,-4.541096545454545,5.4324152727272725,9.01489818181818,0.0,0.5714285714285714,0.3636363636363636,0.0,1.0,1.0,0.6363636363636364,0.0,-0.1797787999999999,-1.6343527272727267,9.139220727272727,27.414236363636363,-6.940721272727274,48.68788181818183,1944.909090909091,1,92.8,92.8,92.8,-5.0,0,0.0,0,0.0,0.25,1.0,0.3636363636363636,0.75,1.0,0.3636363636363636,0.0,0.0,0.0,0.0,0.0,0.2727272727272727,1.0,1.0,0.2727272727272727,0.0,0.0,0.0909090909090909
20321,656413,Stuart Fairchild,Stuart Fairchild,2025,"FA,FC,FS,SI,CH,SL",63,0.1538461538461538,0.3846153846153846,0.4615384615384615,0.5,0.0,48,15,63,-3.4964306825396823,4.633607253968254,8.271466507936507,0.35,0.7209302325581395,0.6031746031746031,0.1428571428571428,0.8064516129032258,0.6842105263157895,0.6825396825396826,0.1904761904761904,1.7546995,2.7852373015873018,7.757758126984127,25.53002634920635,-5.100044345555555,39.41882222222223,2234.5079365079364,13,89.02727272727272,102.0,103.3,26.63636363636364,2,0.1538461538461538,4,0.3076923076923077,0.85,0.8823529411764706,0.3174603174603174,0.5588235294117647,0.5263157894736842,0.5396825396825397,0.25,0.5,0.1269841269841269,0.0,0.0,0.0158730158730158,0.7,0.7142857142857143,0.3174603174603174,0.3571428571428571,0.0,0.2222222222222222
19522,670770,TJ Friedl,TJ Friedl,2025,"FA,FC,FS,SI,CH,SL,CU,KC,EP",1898,0.2978723404255319,0.3677811550151976,0.3343465045592705,0.3181818181818182,0.0909090909090909,1135,763,1898,-3.526705999209692,4.449257778424657,8.881689771338255,0.1845637583892617,0.5826693227091634,0.3951527924130664,0.5818181818181818,0.9282051282051282,0.852,0.5289778714436248,0.0584826132771338,-10.727688199999998,-0.5652101264488935,7.438410228134879,26.869460479452048,-5.164168546253425,37.6194059873551,2234.8024236037936,334,87.86923076923077,102.0,107.6,15.735384615384616,9,0.0269461077844311,118,0.3532934131736527,0.6451612903225806,0.95,0.2929399367755532,0.4399494310998735,0.8189655172413793,0.4162276080084299,0.095,0.3157894736842105,0.2107481559536354,0.0268456375838926,0.0,0.077449947312961,0.5318181818181819,0.8803418803418803,0.2312961011591148,0.3247863247863248,0.6929824561403509,0.184931506849315
19960,666211,Taylor Trammell,Taylor Trammell,2025,"FA,FC,FS,SI,CH,SL,CU,KC",489,0.1739130434782608,0.4492753623188406,0.3768115942028985,0.2307692307692307,0.1153846153846153,301,188,489,-3.488341737770962,4.294411662576687,9.312529903885482,0.2304347826086956,0.6563706563706564,0.4560327198364008,0.3584905660377358,0.7352941176470589,0.6457399103139013,0.5296523517382413,0.1615541922290388,3.6240646,0.7411175051124743,7.1711552106339465,26.87657188139059,-5.085793914928424,35.80132728016359,2296.312883435583,69,90.6805970149254,105.2,112.2,15.582089552238806,6,0.0869565217391304,27,0.391304347826087,0.7202797202797203,0.7475728155339806,0.2924335378323108,0.495,0.6363636363636364,0.4089979550102249,0.1694915254237288,0.2,0.2413087934560327,0.0357142857142857,0.0,0.0572597137014314,0.6203703703703703,0.6865671641791045,0.2208588957055214,0.3478260869565217,0.53125,0.1881390593047034
22458,670764,Taylor Walls,Taylor Walls,2025,"FA,FC,FS,SI,CH,SL,CU,KC,EP",895,0.2214285714285714,0.4,0.3785714285714285,0.1132075471698113,0.0754716981132075,557,338,895,-3.639803902569832,4.58958171340782,8.72187871396648,0.1722365038560411,0.6304347826086957,0.4312849162011173,0.6865671641791045,0.8589341692789969,0.8290155440414507,0.5653631284916201,0.0737430167597765,7.157852400000002,0.7997600446927375,7.681347029944136,26.933894659217884,-5.364744995642459,35.2245327396648,2220.290502793296,146,87.2597122302158,100.7,104.5,15.20863309352518,6,0.0410958904109589,40,0.273972602739726,0.6942446043165468,0.8963730569948186,0.3106145251396648,0.4582278481012658,0.7734806629834254,0.441340782122905,0.0693641618497109,0.5833333333333334,0.1932960893854748,0.0,0.0,0.0547486033519553,0.5315315315315315,0.8389830508474576,0.2480446927374301,0.3641618497109826,0.6507936507936508,0.1932960893854748
17548,621493,Taylor Ward,Taylor Ward,2025,"FA,FC,FO,FS,SI,CH,SL,CU,KC,EP",2305,0.2053571428571428,0.3363095238095238,0.4583333333333333,0.2012987012987013,0.1883116883116883,1396,909,2305,-2.0881067438047736,4.021246727566161,8.235906662039046,0.210820895522388,0.51338199513382,0.3726681127982646,0.5132743362831859,0.8720379146919431,0.7776484284051223,0.5349240780911063,0.0828633405639913,-4.197276499999992,-0.1820944251626894,6.699192551288504,27.743103171366617,-2.6204823017006507,36.6938850021692,2336.463774403471,341,89.56088235294115,104.7,111.0,18.83529411764706,42,0.1231671554252199,136,0.3988269794721407,0.6071987480438185,0.9097938144329896,0.2767895878524946,0.384995064165844,0.735897435897436,0.4386117136659436,0.1477732793522267,0.3698630136986301,0.213882863340564,0.050314465408805,0.125,0.0689804772234273,0.437037037037037,0.809322033898305,0.2342733188720173,0.3255813953488372,0.6233766233766234,0.2043383947939262
13066,606192,Teoscar Hernández,Teoscar Hernandez,2025,"FA,FC,FO,FS,SI,CH,SL,CU,KC",1656,0.2367491166077738,0.4734982332155477,0.2897526501766784,0.1707317073170731,0.2317073170731707,1112,544,1656,-2.3177096522946856,3.837047326805554,7.92669612832126,0.2793914246196404,0.6677384780278671,0.4981884057971014,0.4306930693069307,0.7881219903691814,0.7006060606060606,0.5634057971014492,0.1491545893719806,2.4258333000000047,0.1464875181159423,6.3800541987741575,27.631896050724635,-3.03271015173913,37.04007070048309,2326.0537439613527,285,90.1855633802817,106.6,112.5,8.169014084507042,37,0.1298245614035087,131,0.4596491228070175,0.7104722792607803,0.815028901734104,0.2940821256038647,0.5428176795580111,0.6946564885496184,0.4359903381642512,0.2608695652173913,0.282051282051282,0.1805555555555555,0.0547945205479452,0.125,0.0875603864734299,0.6178660049627791,0.7751004016064257,0.2433574879227053,0.4485981308411215,0.5555555555555556,0.1926328502415459
24400,679631,Terrin Vavra,Terrin Vavra,2025,"FA,FC,SL",4,1.0,0.0,0.0,0.0,0.0,3,1,4,-1.4612095000000005,6.88486,7.8985525,0.6666666666666666,1.0,0.75,1.0,1.0,1.0,0.25,0.0,0.3020139,7.5503475,11.651072499999998,21.387975,-1.5140475,35.850275,2403.5,1,100.6,100.6,100.6,8.0,0,0.0,1,1.0,1.0,1.0,0.25,1.0,1.0,0.5,0.0,0.0,0.0,0.0,0.0,0.25,1.0,1.0,0.25,1.0,1.0,0.25
16426,642731,Thairo Estrada,Thairo Estrada,2025,"FA,FC,FO,FS,SI,CH,SL,CU,KC,EP",429,0.2058823529411764,0.5490196078431373,0.2450980392156862,0.08,0.08,300,129,429,-2.3544035993007,3.712769177389277,7.286655916083918,0.3627450980392157,0.7066666666666667,0.5431235431235432,0.5135135135135135,0.89937106918239,0.776824034334764,0.5244755244755245,0.1212121212121212,3.874616000000001,0.9031738927738928,6.165405097435898,27.97065244755245,-3.098981889976689,39.65118866200467,2331.804195804196,103,86.86893203883496,102.4,110.8,5.184466019417476,4,0.0388349514563106,34,0.3300970873786408,0.7355371900826446,0.9101123595505618,0.2797202797202797,0.5891891891891892,0.7889908256880734,0.4312354312354312,0.369047619047619,0.4516129032258064,0.1958041958041958,0.1025641025641025,0.0,0.0909090909090909,0.67,0.8805970149253731,0.2331002331002331,0.4941176470588235,0.6428571428571429,0.1981351981351981
27883,695336,Thomas Saggese,Thomas Saggese,2025,"FA,FC,FS,SI,CH,SL,CU,KC,EP",912,0.2758620689655172,0.4275862068965517,0.296551724137931,0.1162790697674418,0.0232558139534883,616,296,912,-2.922197192894737,4.813215230263159,8.75955493092105,0.3402298850574712,0.6247379454926625,0.4890350877192982,0.6148648648648649,0.8456375838926175,0.7690582959641256,0.5230263157894737,0.112938596491228,6.054263099999999,0.6638446381578946,8.068047811842108,25.272392083333333,-4.089572190131578,37.065099364035085,2367.8991228070176,148,89.16054421768706,103.1,109.0,11.986394557823129,7,0.0472972972972973,62,0.4189189189189189,0.692,0.8497109826589595,0.2741228070175439,0.4962216624685138,0.7817258883248731,0.4320175438596491,0.3365853658536585,0.5797101449275363,0.2247807017543859,0.1166666666666666,0.2857142857142857,0.0657894736842105,0.5654205607476636,0.7768595041322314,0.231359649122807,0.4153005464480874,0.7894736842105263,0.2006578947368421
15172,641313,Tim Anderson,Tim Anderson,2025,"FA,FC,FS,SI,CH,SL,CU,KC",264,0.1627906976744186,0.6511627906976745,0.1860465116279069,0.0,0.0,180,84,264,-2.4757313560227274,5.0874884128787885,9.25801886742424,0.2818181818181818,0.7467532467532467,0.553030303030303,0.3870967741935484,0.8173913043478261,0.726027397260274,0.5833333333333334,0.1515151515151515,5.317928600000001,2.0143668939393944,8.542356183333334,25.511174848484853,-3.3069143598484843,36.390446477272725,2315.7727272727275,43,88.67906976744187,100.9,103.9,-1.8604651162790695,0,0.0,16,0.3720930232558139,0.8255813953488372,0.8450704225352113,0.3257575757575757,0.5096153846153846,0.7169811320754716,0.3939393939393939,0.392156862745098,0.4,0.1931818181818181,0.0869565217391304,0.0,0.0871212121212121,0.5714285714285714,0.8333333333333334,0.2386363636363636,0.4146341463414634,0.4705882352941176,0.1553030303030303
31522,671284,Tim Elko,Tim Elko,2025,"FA,FC,FS,SI,CH,SL,CU,KC",205,0.0333333333333333,0.6333333333333333,0.3333333333333333,0.2,0.3,138,67,205,-2.3025352331707314,3.612567757560976,7.683963980487804,0.2790697674418604,0.6218487394957983,0.4780487804878048,0.3333333333333333,0.8648648648648649,0.7346938775510204,0.5804878048780487,0.1268292682926829,2.4708434,1.2052894634146338,5.993765323756098,29.03419658536585,-3.0051907951219525,35.49519219512195,2355.448780487805,32,92.39032258064518,107.1,110.6,2.677419354838709,3,0.09375,16,0.5,0.6617647058823529,0.9111111111111112,0.3317073170731707,0.4772727272727273,0.6666666666666666,0.4292682926829268,0.21875,0.2857142857142857,0.1560975609756097,0.2352941176470588,0.25,0.0829268292682926,0.5625,0.7777777777777778,0.2341463414634146,0.375,0.4666666666666667,0.1951219512195122
29571,694374,Tim Tawa,Tim Tawa,2025,"FA,FC,FO,FS,SI,CH,SL,CU,KC",547,0.1927710843373494,0.4819277108433735,0.3253012048192771,0.1481481481481481,0.2222222222222222,344,203,547,-2.656308184113345,3.6647652042047536,8.104862396709322,0.2883211678832116,0.663003663003663,0.4753199268738574,0.3924050632911392,0.8121546961325967,0.6846153846153846,0.4990859232175503,0.149908592321755,5.975573500000002,1.0924265996343698,6.0827476318647165,28.281415868372942,-3.6447449793418647,37.03185365630713,2309.524680073126,87,89.3119047619048,104.2,110.0,6.941176470588236,11,0.1264367816091954,34,0.3908045977011494,0.7586206896551724,0.8545454545454545,0.2650822669104204,0.5198237885462555,0.652542372881356,0.4149908592321755,0.2735042735042735,0.21875,0.2138939670932358,0.0,0.0,0.1060329067641681,0.5862068965517241,0.7647058823529411,0.2120658135283363,0.4504504504504504,0.5,0.2029250457038391
22566,672359,Tirso Ornelas,Tirso Ornelas,2025,"FA,FS,SI,CH,SL,KC",62,0.0833333333333333,0.4166666666666667,0.5,0.3333333333333333,0.0,41,21,62,-3.334661640967741,4.18753680483871,9.510606129032258,0.3,0.5625,0.4354838709677419,0.7777777777777778,0.8888888888888888,0.8518518518518519,0.5161290322580645,0.064516129032258,2.725096,4.395316129032258,6.986331541935483,27.63460080645161,-4.815015693548387,35.305517596774195,2345.822580645161,12,90.51666666666668,101.1,107.4,17.583333333333332,1,0.0833333333333333,5,0.4166666666666667,0.5263157894736842,1.0,0.3064516129032258,0.4615384615384615,0.8333333333333334,0.4193548387096774,0.2941176470588235,0.6,0.2741935483870967,0.0,0.0,0.0,0.6923076923076923,0.8888888888888888,0.2096774193548387,0.2307692307692307,0.6666666666666666,0.2096774193548387
19470,669242,Tommy Edman,Tommy Edman,2025,"FA,FC,FO,FS,SI,CH,SL,CU,KC,EP",925,0.2239583333333333,0.4479166666666667,0.328125,0.1746031746031746,0.0952380952380952,604,321,925,-3.4330608803567566,3.700493140183783,8.551820611891893,0.2905569007263922,0.625,0.4756756756756757,0.5916666666666667,0.93125,0.8386363636363636,0.5535135135135135,0.0767567567567567,3.0770762000000045,0.3326568864864869,6.144115833945944,28.193254432432425,-4.989554641718917,34.998987264864866,2268.588108108108,198,87.04300518134713,102.3,105.8,12.523316062176166,8,0.0404040404040404,71,0.3585858585858585,0.7168458781362007,0.94,0.3016216216216216,0.4927184466019417,0.8325123152709359,0.4443243243243243,0.2011494252873563,0.3428571428571428,0.1881081081081081,0.0333333333333333,0.0,0.0648648648648648,0.5688888888888889,0.921875,0.2432432432432432,0.4010695187165775,0.68,0.201081081081081
2967,502054,Tommy Pham,Tommy Pham,2025,"FA,FC,FS,SI,CH,SL,CU,KC",1227,0.2237442922374429,0.5068493150684932,0.2694063926940639,0.288135593220339,0.1186440677966101,773,454,1227,-2.179397004808476,3.8997099525835375,8.237092627546865,0.1676528599605522,0.6138888888888889,0.4295028524857375,0.3411764705882353,0.8710407239819005,0.7855787476280834,0.58679706601467,0.0920945395273023,1.0474131000000009,0.0853637408312959,6.48606300202119,27.659948850855745,-2.7898661397962505,38.39657619152405,2348.285248573757,224,91.3538461538462,106.5,112.3,7.089686098654709,15,0.0669642857142857,105,0.46875,0.6992084432717678,0.9169811320754716,0.308883455582722,0.4197080291970803,0.7086956521739131,0.445802770986145,0.1318181818181818,0.2758620689655172,0.1792991035044824,0.0375,0.0,0.0651996740016299,0.4921135646687697,0.7884615384615384,0.2575387123064385,0.3203463203463203,0.5405405405405406,0.1882640586797066
13755,621512,Tomás Nido,Tomas Nido,2025,"FA,FC,SI,CH,SL,CU",93,0.3529411764705882,0.4117647058823529,0.2352941176470588,0.25,0.0,63,30,93,-2.848705107526881,5.259814291397849,8.752826193548389,0.4107142857142857,0.7567567567567568,0.5483870967741935,0.6086956521739131,0.7857142857142857,0.7058823529411765,0.3978494623655914,0.1612903225806451,0.5643549999999998,0.6068333333333332,8.840723956989248,24.38236784946237,-3.95877476344086,35.044654838709675,2385.505376344086,17,85.52941176470587,102.3,105.3,12.235294117647058,0,0.0,7,0.4117647058823529,0.7647058823529411,1.0,0.1827956989247312,0.6222222222222222,0.6785714285714286,0.4838709677419355,0.45,0.4444444444444444,0.2150537634408602,0.0909090909090909,0.0,0.1182795698924731,0.72,0.6111111111111112,0.2688172043010752,0.5,0.8,0.2150537634408602
13768,608671,Travis Jankowski,Travis Jankowski,2025,"FA,FC,FS,SI,CH,SL,CU,KC",156,0.1724137931034483,0.5862068965517241,0.2413793103448276,0.2857142857142857,0.0,108,48,156,-2.8716049557692305,5.155882848717949,9.216166538461538,0.2181818181818181,0.6138613861386139,0.4743589743589743,0.3333333333333333,0.9032258064516128,0.8108108108108109,0.6474358974358975,0.0897435897435897,1.8783757,1.2040869871794873,8.665822211538462,25.610212115384616,-3.983910880128207,36.78552051282052,2316.326923076923,30,84.90740740740739,101.2,107.2,3.3703703703703702,0,0.0,10,0.3333333333333333,0.6984126984126984,0.9318181818181818,0.4038461538461538,0.4107142857142857,0.7391304347826086,0.358974358974359,0.2258064516129032,0.2857142857142857,0.1987179487179487,0.0,0.0,0.0384615384615384,0.5454545454545454,0.8333333333333334,0.2115384615384615,0.217391304347826,0.4,0.1474358974358974
7739,518595,Travis d'Arnaud,Travis d'Arnaud,2025,"FA,FC,FS,SI,CH,SL,CU,KC",706,0.2432432432432432,0.3963963963963964,0.3603603603603603,0.375,0.1,476,230,706,-2.0038863515269125,3.9491795550991498,8.237432127478753,0.3177257525083612,0.6953316953316954,0.5354107648725213,0.4842105263157895,0.784452296819788,0.708994708994709,0.5764872521246459,0.1558073654390935,9.400937,1.3315774787535408,6.573824038810197,27.70066029745043,-2.4723363215297454,37.01949578682719,2344.6218130311613,111,88.1765765765766,103.1,106.2,17.83783783783784,12,0.1081081081081081,42,0.3783783783783784,0.7630331753554502,0.8322981366459627,0.2988668555240793,0.5828025477707006,0.644808743169399,0.443342776203966,0.2279411764705882,0.5161290322580645,0.1926345609065155,0.0666666666666666,0.0,0.0637393767705382,0.688622754491018,0.6956521739130435,0.235127478753541,0.4625850340136054,0.5588235294117647,0.2082152974504249
16252,607208,Trea Turner,Trea Turner,2025,"FA,FC,FO,FS,SI,CH,SL,CU,KN,KC,EP",1634,0.2180685358255451,0.5295950155763239,0.2523364485981308,0.1728395061728395,0.1358024691358024,1054,580,1634,-2.27554804002448,3.814355469130968,8.1960438620563,0.2956852791878173,0.7033096926713948,0.5067319461444308,0.5021459227467812,0.8436974789915966,0.7475845410628019,0.5177478580171359,0.127906976744186,-12.875585999999984,-0.7879795593635242,6.342089777319463,28.079599694002457,-2.9571254627906973,39.17225257037944,2321.6321909424723,330,88.70152905198773,104.2,110.5,6.143730886850153,22,0.0666666666666666,138,0.4181818181818181,0.7721238938053098,0.9111747851002864,0.2766217870257038,0.5650887573964497,0.7172774869109948,0.4130966952264382,0.2463768115942029,0.3176470588235294,0.2111383108935128,0.0745341614906832,0.0,0.0985312117503059,0.6320224719101124,0.76,0.2172582619339045,0.490625,0.6560509554140127,0.1958384332925336
18564,663757,Trent Grisham,Trent Grisham,2025,"FA,FC,FS,SI,CH,SL,CU,KC",1752,0.2046332046332046,0.3243243243243243,0.471042471042471,0.2131147540983606,0.221311475409836,1018,734,1752,-3.56543631444064,4.231669280764839,8.973833166095892,0.18625,0.5493697478991597,0.3835616438356164,0.5570469798657718,0.875717017208413,0.8050595238095238,0.54337899543379,0.0747716894977169,-24.6318535,-1.4059277111872148,7.062829372517123,27.009135787671237,-5.2225971894977175,37.86923472602741,2249.5188356164385,267,91.62943396226412,105.2,109.8,18.079245283018867,41,0.1535580524344569,130,0.4868913857677903,0.6652542372881356,0.8885350318471338,0.2676940639269406,0.3968058968058968,0.7770897832817337,0.464041095890411,0.0952380952380952,0.3235294117647059,0.2037671232876712,0.0091743119266055,0.0,0.0622146118721461,0.4931818181818181,0.8433179723502304,0.2511415525114155,0.2834224598930481,0.6415094339622641,0.2128995433789954
19384,670092,Trenton Brooks,Trenton Brooks,2025,"FA,FC,FS,SI,CH,SL,CU",159,0.1785714285714285,0.4642857142857143,0.3571428571428571,0.2,0.1,103,56,159,-3.3226226534591192,4.735675021383647,8.721983371069182,0.2638888888888889,0.7931034482758621,0.5534591194968553,0.5789473684210527,0.8405797101449275,0.7840909090909091,0.5471698113207547,0.1194968553459119,4.5132979,2.83855213836478,7.934277213836477,26.23296452830189,-4.793802972955975,37.519106918239,2327.377358490566,29,89.37037037037035,101.5,102.9,18.14814814814815,2,0.0689655172413793,10,0.3448275862068966,0.8666666666666667,0.8717948717948718,0.2830188679245283,0.6212121212121212,0.8048780487804879,0.4150943396226415,0.2051282051282051,0.25,0.2452830188679245,0.0,0.0,0.0566037735849056,0.6904761904761905,0.7931034482758621,0.2641509433962264,0.5,0.8333333333333334,0.1509433962264151
21501,663616,Trevor Larnach,Trevor Larnach,2025,"FA,FC,FS,SI,CH,SL,CU,KC",1743,0.2754098360655738,0.4032786885245901,0.321311475409836,0.1428571428571428,0.1632653061224489,1084,659,1743,-3.2655057689213995,3.913386347051062,8.658964616752723,0.2820809248554913,0.6104783599088838,0.4475043029259897,0.4180327868852459,0.8880597014925373,0.7410256410256411,0.5037292025243832,0.1158921399885255,-2.744784599999992,-0.1574747332185881,6.512316576190476,27.9698359954102,-4.695150994635687,37.730177211703975,2244.9403327596096,310,91.36310679611654,106.9,113.3,11.951456310679612,26,0.0838709677419354,139,0.4483870967741935,0.6969072164948453,0.9230769230769232,0.2782558806655192,0.4688346883468834,0.7167630057803468,0.423407917383821,0.2213930348258706,0.2022471910112359,0.2306368330464716,0.059322033898305,0.0,0.0671256454388984,0.532258064516129,0.797979797979798,0.2134251290877797,0.4043715846994535,0.6081081081081081,0.2099827882960413
12564,596115,Trevor Story,Trevor Story,2025,"FA,FC,FO,FS,SI,CH,SL,CU,KN,KC,EP",1831,0.2082018927444795,0.4258675078864353,0.3659305993690852,0.2413793103448276,0.1551724137931034,1242,589,1831,-2.4505003366848737,4.364602275772256,8.720379731840524,0.343859649122807,0.7049180327868853,0.5363189513926816,0.445578231292517,0.8357558139534884,0.7189409368635438,0.5330420535226652,0.1507373020207537,-2.121394999999997,-0.1158599126160566,7.293789857334791,27.299494369197163,-3.278466274112508,37.49808974330968,2334.397050791917,321,91.62349206349204,106.6,111.7,14.82018927444795,33,0.102803738317757,152,0.4735202492211838,0.7422867513611615,0.8459657701711492,0.3003823047515019,0.584,0.7100456621004566,0.4096122337520481,0.3370165745856354,0.4016393442622951,0.1971600218459858,0.0773809523809523,0.0,0.0906608410704533,0.6675191815856778,0.8160919540229885,0.2135445111960677,0.4930362116991643,0.5536723163841808,0.1960677225559803
31567,702358,Trey Lipscomb,Trey Lipscomb,2025,"FA,FS,SI,SL",13,0.0,1.0,0.0,0.0,0.0,7,6,13,-4.952211615384616,2.622378461538461,6.341663153846154,0.0,0.5,0.3076923076923077,0.0,0.75,0.75,0.6153846153846154,0.0769230769230769,0.0218163999999999,0.1678184615384612,4.279542692307692,27.91863846153846,-7.665088307692306,28.368080000000003,2369.923076923077,2,99.35,109.9,109.9,-36.0,0,0.0,1,0.5,0.3333333333333333,0.0,0.2307692307692307,0.4285714285714285,1.0,0.5384615384615384,0.0,0.0,0.0769230769230769,0.0,0.0,0.1538461538461538,0.25,1.0,0.3076923076923077,0.6666666666666666,1.0,0.2307692307692307
29575,700242,Trey Sweeney,Trey Sweeney,2025,"FA,FC,FS,SI,CH,SL,CU,KC",1033,0.1965317919075144,0.4450867052023121,0.3583815028901734,0.2580645161290322,0.0967741935483871,665,368,1033,-3.005351843078413,3.8647127739593423,8.792428421103581,0.2851063829787234,0.6802841918294849,0.5004840271055179,0.5,0.825065274151436,0.7408123791102514,0.5450145208131656,0.1297192642787996,14.207800100000004,1.3753920716360122,6.427967264869312,28.46607570183931,-4.238830849854793,36.80119976089061,2250.7715392061955,175,87.68265895953755,103.4,109.1,13.479768786127169,13,0.0742857142857142,59,0.3371428571428571,0.7472118959107806,0.8159203980099502,0.260406582768635,0.546583850931677,0.7765151515151515,0.4675701839303001,0.2247706422018348,0.2653061224489796,0.2100677637947725,0.0476190476190476,0.3333333333333333,0.0609874152952565,0.6298932384341637,0.8305084745762712,0.2720232333010648,0.4306930693069307,0.6666666666666666,0.1955469506292352
19877,656484,Tristan Gray,Tristan Gray,2025,"FA,FC,FS,SI,CH,SL,CU,KC",232,0.3170731707317073,0.2926829268292683,0.3902439024390244,0.25,0.0625,156,76,232,-4.057522936637931,3.6899644741379314,9.181376564655174,0.2828282828282828,0.7218045112781954,0.5344827586206896,0.5714285714285714,0.7083333333333334,0.6774193548387096,0.5732758620689655,0.1724137931034483,3.9657414000000006,1.7093712931034486,6.125825801293104,28.195869827586208,-6.088672465517242,36.88760456896552,2282.1508620689656,42,90.91951219512195,105.9,110.6,19.317073170731707,5,0.119047619047619,15,0.3571428571428571,0.8,0.7857142857142857,0.3017241379310345,0.625,0.6333333333333333,0.4137931034482758,0.1632653061224489,0.25,0.2112068965517241,0.0,0.0,0.0732758620689655,0.6923076923076923,0.6111111111111112,0.2241379310344827,0.5454545454545454,0.6666666666666666,0.1896551724137931
30063,671976,Tristan Peters,Tristan Peters,2025,"FA,FC,SI,CH,SL,CU",39,0.4,0.2,0.4,1.0,0.0,29,10,39,-4.717618974358975,2.4533189051282056,9.179919743589744,0.4444444444444444,0.5714285714285714,0.5128205128205128,0.375,0.8333333333333334,0.65,0.5384615384615384,0.1794871794871795,2.6595489,6.819356153846154,3.987164769230769,30.25854615384616,-7.251746923076923,28.66197384615385,2311.538461538461,5,86.78,101.3,101.3,26.8,0,0.0,2,0.4,0.6666666666666666,0.75,0.3076923076923077,0.5555555555555556,0.6,0.4358974358974359,0.3333333333333333,0.5,0.1538461538461538,0.0,0.0,0.0769230769230769,0.5555555555555556,1.0,0.2307692307692307,0.5555555555555556,0.2,0.2051282051282051
26148,663536,Tristin English,Tristin English,2025,"FA,FS,SI,CH,SL,CU",78,0.25,0.3333333333333333,0.4166666666666667,0.2,0.0,56,22,78,-3.3425882987179487,4.719592628205128,7.709462179487179,0.3529411764705882,0.6818181818181818,0.5384615384615384,0.6666666666666666,0.8666666666666667,0.8095238095238095,0.5641025641025641,0.1025641025641025,2.5841844,3.313056923076923,7.90646512820513,25.35902038461538,-4.828981000000001,40.22420376923076,2214.538461538461,13,91.625,99.2,104.9,15.416666666666666,0,0.0,4,0.3076923076923077,0.72,0.8333333333333334,0.3205128205128205,0.65625,0.9047619047619048,0.4102564102564102,0.1875,0.0,0.2051282051282051,0.0,0.0,0.0641025641025641,0.6,0.9166666666666666,0.2564102564102564,0.75,0.8888888888888888,0.1538461538461538
22514,671213,Triston Casas,Triston Casas,2025,"FA,FC,FS,SI,CH,SL,CU,KC",398,0.2096774193548387,0.3709677419354839,0.4193548387096774,0.1153846153846153,0.0769230769230769,241,157,398,-3.3308069404522604,4.125893157537688,8.673401670854274,0.2474747474747475,0.7,0.4748743718592965,0.4897959183673469,0.7642857142857142,0.6931216931216931,0.5025125628140703,0.1457286432160804,7.609244199999999,1.91187040201005,6.879736334170857,27.992542010050244,-4.812039322613065,35.57532472361809,2199.243718592965,63,86.99841269841271,104.6,110.7,15.841269841269842,4,0.0634920634920634,27,0.4285714285714285,0.7909090909090909,0.8390804597701149,0.2763819095477386,0.5,0.5977011494252874,0.4371859296482412,0.1685393258426966,0.4,0.2236180904522613,0.0,0.0,0.0628140703517587,0.6263736263736264,0.6491228070175439,0.228643216080402,0.3614457831325301,0.5,0.2085427135678391
26143,687859,Troy Johnston,Troy Johnston,2025,"FA,FC,FO,FS,SI,CH,SL,CU,KC",417,0.35,0.3625,0.2875,0.217391304347826,0.1739130434782608,273,144,417,-3.2905458426858525,4.234078460191846,8.995114057553954,0.3632075471698113,0.6536585365853659,0.5059952038369304,0.5584415584415584,0.8059701492537313,0.7156398104265402,0.4916067146282973,0.1438848920863309,-3.0916495999999998,-0.7414027817745802,7.068304258992808,28.14306208633093,-4.74230763589928,39.76579695443645,2234.7002398081536,81,89.89124999999999,103.6,106.1,14.7,8,0.0987654320987654,34,0.419753086419753,0.6885245901639344,0.8452380952380952,0.2925659472422062,0.5697674418604651,0.7040816326530612,0.4124700239808153,0.2626262626262626,0.4230769230769231,0.237410071942446,0.125,0.0,0.0575539568345323,0.6296296296296297,0.7254901960784313,0.1942446043165467,0.5164835164835165,0.6808510638297872,0.2182254196642686
28344,691907,Tsung-Che Cheng,Tsung-Che Cheng,2025,"FA,FC,FS,SI,CH,SL",21,0.3333333333333333,0.3333333333333333,0.3333333333333333,0.0,0.0,15,6,21,-4.304869238095238,5.961489523809523,8.631260952380952,0.4444444444444444,0.6666666666666666,0.5714285714285714,1.0,0.875,0.9166666666666666,0.5714285714285714,0.0476190476190476,0.8777316000000002,4.179674285714287,10.054201904761904,21.992538095238096,-6.524489047619048,32.28967619047619,2177.5714285714284,4,93.2,100.6,100.6,17.75,0,0.0,2,0.5,0.8571428571428571,1.0,0.3333333333333333,0.6666666666666666,0.8333333333333334,0.4285714285714285,0.0,0.0,0.1904761904761904,0.0,0.0,0.0476190476190476,0.7142857142857143,0.8,0.3333333333333333,0.5,1.0,0.0952380952380952
10200,571466,Tucker Barnhart,Tucker Barnhart,2025,"FA,FC,SI,CH,SL,CU",37,0.3333333333333333,0.5,0.1666666666666666,0.0,0.0,23,14,37,-4.801586216216217,3.632982648648648,10.139149189189189,0.0666666666666666,0.6818181818181818,0.4324324324324324,1.0,0.9333333333333332,0.9375,0.5945945945945946,0.027027027027027,-0.2720399999999995,-0.7352432432432419,5.998077027027027,27.338594594594596,-7.454268378378378,30.74889189189189,2277.3783783783783,6,93.93333333333334,100.2,100.2,7.0,0,0.0,1,0.1666666666666666,0.7857142857142857,1.0,0.3783783783783784,0.4166666666666667,0.8,0.3243243243243243,0.0,0.0,0.054054054054054,0.0,0.0,0.2432432432432432,0.5,0.75,0.2162162162162162,0.25,1.0,0.1081081081081081
17982,664034,Ty France,Ty France,2025,"FA,FC,FS,SI,CH,SL,CU,KC,EP",1298,0.2559055118110236,0.4645669291338583,0.2795275590551181,0.1408450704225352,0.056338028169014,829,469,1298,-2.614346427664868,4.235398896933744,8.504993429892142,0.313161875945537,0.7237048665620094,0.514637904468413,0.5797101449275363,0.8980477223427332,0.7994011976047904,0.4907550077041602,0.1032357473035439,4.183140199999998,0.3222758243451462,7.068665541232663,28.16574500770416,-3.5548374668489986,37.578541517719565,2305.0338983050847,257,89.47803921568625,105.1,110.4,10.329411764705885,15,0.0583657587548638,114,0.4435797665369649,0.7655786350148368,0.9418604651162792,0.2580893682588598,0.6040515653775322,0.7804878048780488,0.4175654853620955,0.2473867595818815,0.4929577464788732,0.2203389830508474,0.0839694656488549,0.0,0.1009244992295839,0.7067137809187279,0.865,0.2172573189522342,0.4923076923076923,0.6484375,0.2003081664098613
29949,672012,Tyler Black,Tyler Black,2025,"FA,FC,FS,SI,SL,CU",54,0.4285714285714285,0.4285714285714285,0.1428571428571428,0.0,0.0,27,27,54,-1.5937491481481478,2.630023118518519,8.203787611111112,0.1923076923076923,0.5714285714285714,0.3888888888888889,0.6,0.6875,0.6666666666666666,0.5185185185185185,0.1296296296296296,-1.2708768,-2.3534755555555558,4.2927655,28.80803333333333,-1.7475730740740734,34.98441555555556,2528.537037037037,7,83.1,106.0,106.0,1.7142857142857142,0,0.0,2,0.2857142857142857,0.7142857142857143,0.7,0.2592592592592592,0.35,0.7142857142857143,0.3703703703703703,0.1764705882352941,0.6666666666666666,0.3148148148148148,0.3333333333333333,0.0,0.0555555555555555,0.4166666666666667,0.6,0.2222222222222222,0.25,1.0,0.1481481481481481
27497,682997,Tyler Callihan,Tyler Callihan,2025,"FA,FS,CH,SL,CU",22,0.2,0.6,0.2,0.0,0.0,13,9,22,-2.868982772727273,3.8019754545454543,8.530903181818182,0.1111111111111111,0.6923076923076923,0.4545454545454545,1.0,0.8888888888888888,0.9,0.5909090909090909,0.0454545454545454,0.7103319000000001,3.2287813636363643,6.319534999999999,31.302150000000005,-3.994497,35.101381818181814,2051.8636363636365,5,89.8,100.2,100.2,5.2,0,0.0,3,0.6,0.875,0.8571428571428571,0.3636363636363636,0.3,1.0,0.4545454545454545,0.0,0.0,0.0909090909090909,0.0,0.0,0.0909090909090909,0.3333333333333333,1.0,0.1363636363636363,0.2857142857142857,1.0,0.3181818181818182
26208,666149,Tyler Fitzgerald,Tyler Fitzgerald,2025,"FA,FC,FS,SI,CH,SL,CU,KC,EP",614,0.2037037037037037,0.3611111111111111,0.4351851851851852,0.1914893617021276,0.0638297872340425,432,182,614,-1.3787523341042345,3.916360857622151,7.965278868078178,0.342756183745583,0.6797583081570997,0.5244299674267101,0.4536082474226804,0.8311111111111111,0.717391304347826,0.5390879478827362,0.1482084690553746,9.4435851,1.5380431758957656,6.51616605504886,28.53151066775244,-1.3774464851221502,38.4486501286645,2342.597719869707,114,85.34444444444442,101.2,104.6,17.583333333333332,6,0.0526315789473684,35,0.3070175438596491,0.7486338797814208,0.8978102189781022,0.2980456026058632,0.5737051792828686,0.6666666666666666,0.4087947882736156,0.2824427480916031,0.3243243243243243,0.2133550488599348,0.0816326530612244,0.0,0.0798045602605863,0.6158940397350994,0.7204301075268817,0.2459283387622149,0.51,0.5686274509803921,0.1628664495114006
22532,671289,Tyler Freeman,Tyler Freeman,2025,"FA,FC,FO,FS,SI,CH,SL,CU,KC",1181,0.2597402597402597,0.5454545454545454,0.1948051948051948,0.0444444444444444,0.0222222222222222,744,437,1181,-2.6307355921761224,4.028352090042337,7.530119420829807,0.2587412587412587,0.6272577996715928,0.4487722269263336,0.7027027027027027,0.9476439790575916,0.879245283018868,0.5156646909398814,0.0541913632514817,-2.693203800000001,-0.2280443522438612,6.7102298740897535,26.86358038103303,-3.5756661394580878,38.88206579170197,2341.918712955123,234,91.20219298245618,104.2,108.7,5.697368421052632,5,0.0213675213675213,100,0.4273504273504273,0.6715976331360947,0.9647577092511012,0.2861981371718882,0.51440329218107,0.884,0.4106689246401355,0.1793893129770992,0.5319148936170213,0.2218458933107536,0.0631578947368421,0.1666666666666666,0.0804403048264182,0.5968992248062015,0.9285714285714286,0.2176121930567315,0.4210526315789473,0.8125,0.1930567315834039
13897,623168,Tyler Heineman,Tyler Heineman,2025,"FA,FC,FS,SI,CH,SL,CU,KC,EP",463,0.1829268292682926,0.3536585365853658,0.4634146341463415,0.2894736842105263,0.0526315789473684,311,152,463,-3.471381226825055,4.103276707991362,8.625917388768897,0.3515981735159817,0.680327868852459,0.5248380129589633,0.6233766233766234,0.8975903614457831,0.8106995884773662,0.5269978401727862,0.0993520518358531,1.2255525999999983,0.2646981857451401,6.837576990928723,29.929545226781848,-5.069997548812093,36.838814019438445,2231.8617710583158,87,83.6346153846154,96.8,103.6,21.53846153846154,3,0.0344827586206896,16,0.1839080459770115,0.6825396825396826,0.9418604651162792,0.2699784017278617,0.64,0.796875,0.4319654427645788,0.2659574468085106,0.48,0.203023758099352,0.0930232558139534,0.5,0.0928725701943844,0.7428571428571429,0.8461538461538461,0.2267818574514039,0.5263157894736842,0.72,0.2051835853131749
31396,682988,Tyler Locklear,Tyler Locklear,2025,"FA,FC,FS,SI,CH,SL,CU",319,0.1428571428571428,0.5714285714285714,0.2857142857142857,0.0,0.0833333333333333,203,116,319,-1.2982656401253916,3.3187630609090903,7.463529226645768,0.3132530120481928,0.6993464052287581,0.4984326018808777,0.2884615384615384,0.8785046728971962,0.6855345911949685,0.4796238244514106,0.1567398119122257,5.258506600000002,1.6484346708463955,5.483868443322884,29.349395705329147,-1.2269452495297808,38.80156332288401,2370.739811912226,42,87.11428571428571,105.4,108.1,7.095238095238095,2,0.0476190476190476,15,0.3571428571428571,0.7058823529411765,0.9166666666666666,0.2664576802507837,0.5984251968503937,0.6578947368421053,0.3981191222570533,0.2345679012345679,0.1578947368421052,0.2539184952978056,0.1538461538461538,0.25,0.0815047021943573,0.5964912280701754,0.6764705882352942,0.1786833855799373,0.6,0.6428571428571429,0.219435736677116
15711,641933,Tyler O'Neill,Tyler O'Neill,2025,"FA,FC,FS,SI,CH,SL,CU,KC",581,0.2040816326530612,0.336734693877551,0.4591836734693877,0.2444444444444444,0.1111111111111111,363,218,581,-2.559186724130809,4.320702427383821,8.768124764199655,0.2596491228070175,0.6790540540540541,0.4733218588640275,0.4729729729729729,0.8258706467661692,0.730909090909091,0.5094664371772806,0.1273666092943201,0.9189029999999972,0.1581588640275382,7.216622296506021,27.37959530120481,-3.4486501301204813,37.87387091222031,2313.2564543889844,99,87.98282828282828,105.3,108.1,20.444444444444443,14,0.1414141414141414,39,0.3939393939393939,0.7547169811320755,0.8583333333333333,0.2719449225473322,0.532520325203252,0.7099236641221374,0.423407917383821,0.1785714285714285,0.25,0.1927710843373494,0.0625,0.0,0.108433734939759,0.6,0.7733333333333333,0.2151462994836488,0.4628099173553719,0.625,0.2082616179001721
27467,691016,Tyler Soderstrom,Tyler Soderstrom,2025,"FA,FC,FO,FS,SI,CH,SL,CU,KC",1722,0.2422360248447205,0.4968944099378882,0.2608695652173913,0.1309523809523809,0.238095238095238,1059,663,1722,-3.449876633120209,3.4494162680662006,8.712126448896628,0.2733990147783251,0.6681318681318681,0.4819976771196283,0.4954954954954955,0.8930921052631579,0.7867469879518072,0.5284552845528455,0.102787456445993,-13.0399035,-0.7572533972125436,5.71031303095238,29.190268855981422,-5.019034348838559,36.89281648664343,2214.9866434378628,324,92.7078125,107.6,114.0,7.618012422360248,39,0.1203703703703703,169,0.5216049382716049,0.7789934354485777,0.9185393258426966,0.2653890824622532,0.5137254901960784,0.7455470737913485,0.4430894308943089,0.2064343163538874,0.4155844155844156,0.2160278745644599,0.0314960629921259,0.25,0.0737514518002322,0.5913461538461539,0.7926829268292683,0.2415795586527294,0.4212034383954154,0.6666666666666666,0.2015098722415795
17988,663886,Tyler Stephenson,Tyler Stephenson,2025,"FA,FC,FS,SI,CH,SL,CU,KC,EP",1059,0.2482269503546099,0.3687943262411347,0.3829787234042553,0.074074074074074,0.2037037037037037,680,379,1059,-2.4481344906921634,4.105862511019831,8.063479881019834,0.2868686868686869,0.5691489361702128,0.437204910292729,0.4929577464788732,0.8255451713395638,0.7235421166306696,0.5325779036827195,0.1208687440982058,1.966052900000003,0.185651831916903,6.845478478649669,27.68868242681776,-3.2691376823796032,36.83976245892352,2320.813031161473,142,91.2191489361702,104.9,107.9,13.72340425531915,22,0.1549295774647887,74,0.5211267605633803,0.6702508960573477,0.8449197860962567,0.263456090651558,0.4566115702479338,0.6923076923076923,0.4570349386213408,0.2366071428571428,0.4339622641509434,0.2115203021718602,0.0277777777777777,0.5,0.0679886685552408,0.5192307692307693,0.762962962962963,0.2455146364494806,0.3839285714285714,0.5813953488372093,0.2115203021718602
25779,686475,Tyler Tolbert,Tyler Tolbert,2025,"FA,FC,SI,CH,SL,CU,EP",63,0.3571428571428571,0.5,0.1428571428571428,0.0,0.0,46,17,63,-1.7590834333333332,3.6555482225396823,7.50821773015873,0.28,0.8421052631578947,0.6190476190476191,0.4285714285714285,0.8125,0.7435897435897436,0.6031746031746031,0.1587301587301587,-0.8843658000000002,-1.4037552380952385,6.041235142857143,36.3489673015873,-2.118286317460318,37.14503698412698,2324.6984126984125,16,86.68666666666668,103.3,104.9,-2.0,0,0.0,6,0.375,0.9090909090909092,0.9,0.3492063492063492,0.5909090909090909,0.6923076923076923,0.3492063492063492,0.3846153846153846,0.4,0.2063492063492063,0.1666666666666666,0.0,0.0952380952380952,0.75,0.6666666666666666,0.1904761904761904,0.4,0.75,0.1587301587301587
15730,642180,Tyler Wade,Tyler Wade,2025,"FA,FC,FS,SI,CH,SL,CU,KC,EP",381,0.2153846153846154,0.5384615384615384,0.2461538461538461,0.125,0.0,242,139,381,-3.1577479015748025,4.296271144356954,8.956675459317589,0.2670157068062827,0.5736842105263158,0.4199475065616798,0.6470588235294118,0.8807339449541285,0.80625,0.4986876640419947,0.0813648293963254,4.121464299999999,1.0817491601049865,7.175618368110234,28.219682178477687,-4.508013033070865,33.41506513385826,2305.404199475065,71,83.91935483870968,96.3,100.5,8.67741935483871,0,0.0,12,0.1690140845070422,0.6826923076923077,0.9295774647887324,0.2729658792650918,0.4451219512195122,0.7123287671232876,0.4304461942257218,0.1688311688311688,0.6923076923076923,0.2020997375328084,0.0833333333333333,0.6666666666666666,0.0944881889763779,0.4777777777777778,0.8372093023255814,0.2362204724409448,0.4054054054054054,0.5333333333333333,0.1942257217847769
13675,621438,Tyrone Taylor,Tyrone Taylor,2025,"FA,FC,FS,SI,CH,SL,CU,KC,EP",861,0.3109756097560975,0.3292682926829268,0.3597560975609756,0.3728813559322034,0.0338983050847457,589,272,861,-1.4707938245063883,3.711518185655053,7.985201606271775,0.320855614973262,0.6036960985626283,0.4808362369337979,0.5083333333333333,0.8979591836734694,0.785024154589372,0.5656213704994193,0.1033681765389082,9.282835799999994,1.0781458536585358,6.162795692961671,28.866882044134734,-1.5336269182113824,37.37387890940766,2378.444831591173,168,86.63674698795181,102.8,109.5,18.734939759036145,7,0.0416666666666666,59,0.3511904761904761,0.6541353383458647,0.9482758620689656,0.3077816492450639,0.5220994475138122,0.7671957671957672,0.4204413472706155,0.2666666666666666,0.3409090909090909,0.1916376306620209,0.1029411764705882,0.0,0.0789779326364692,0.5942028985507246,0.8373983739837398,0.2404181184668989,0.4258064516129032,0.6363636363636364,0.1800232288037166
14968,605170,Victor Caratini,Victor Caratini,2025,"FA,FC,FS,SI,CH,SL,CU,KC",1185,0.2439024390243902,0.4308943089430894,0.3252032520325203,0.2,0.1125,741,444,1185,-3.31528735529114,3.751498034767933,8.950436408438819,0.2195121951219512,0.661042944785276,0.4624472573839662,0.6495726495726496,0.8839907192575406,0.833941605839416,0.550210970464135,0.0767932489451476,0.0695873999999997,0.0058723544303797,6.232241774649786,28.118437729957805,-4.780878471561177,36.62158283544305,2259.9831223628694,247,88.13455284552846,103.4,110.1,12.05668016194332,16,0.0647773279352226,97,0.3927125506072874,0.7223796033994334,0.9294117647058824,0.2970464135021097,0.4970873786407767,0.78515625,0.4345991561181435,0.1487603305785124,0.5277777777777778,0.2042194092827004,0.0133333333333333,0.0,0.0632911392405063,0.6217228464419475,0.7951807228915663,0.2253164556962025,0.3629032258064516,0.7666666666666667,0.2092827004219409
25999,683748,Victor Mesa Jr.,Victor Mesa Jr.,2025,"FA,FC,FS,SI,CH,SL,CU,KC",108,0.3333333333333333,0.3333333333333333,0.3333333333333333,0.0,0.0,68,40,108,-2.728977438888889,3.490115516666666,8.47196825,0.3898305084745763,0.6938775510204082,0.5277777777777778,0.782608695652174,0.8529411764705882,0.8245614035087719,0.4537037037037037,0.0925925925925925,1.6529166999999996,1.5304784259259254,5.780203753703704,28.85298351851852,-3.747818574074074,34.80740185185186,2245.240740740741,19,94.67222222222225,105.3,106.0,15.944444444444445,1,0.0526315789473684,11,0.5789473684210527,0.7058823529411765,0.9166666666666666,0.1574074074074074,0.6491228070175439,0.8648648648648649,0.5277777777777778,0.2608695652173913,0.6666666666666666,0.2129629629629629,0.1818181818181818,0.0,0.1018518518518518,0.7586206896551724,0.8636363636363636,0.2685185185185185,0.5357142857142857,0.8666666666666667,0.2592592592592592
18363,645302,Victor Robles,Victor Robles,2025,"FA,FC,FS,SI,CH,SL,CU,KC",217,0.1666666666666666,0.4285714285714285,0.4047619047619047,0.2352941176470588,0.0588235294117647,159,58,217,-2.6755910175115205,4.400049770046083,8.275408216589863,0.3894736842105263,0.7295081967213115,0.5806451612903226,0.5405405405405406,0.8202247191011236,0.7380952380952381,0.5622119815668203,0.152073732718894,1.7749990000000004,0.8179718894009218,7.353845526175113,26.564466129032265,-3.653750811059909,36.69979216589861,2374.428571428572,44,85.90697674418603,100.4,107.0,8.813953488372093,2,0.0454545454545454,13,0.2954545454545454,0.8524590163934426,0.8653846153846154,0.2811059907834101,0.59375,0.7017543859649122,0.4423963133640553,0.2978723404255319,0.5714285714285714,0.216589861751152,0.2307692307692307,0.0,0.0599078341013824,0.6530612244897959,0.78125,0.2258064516129032,0.5319148936170213,0.6,0.216589861751152
31349,687363,Victor Scott II,Victor Scott II,2025,"FA,FC,FO,FS,SI,CH,SL,CU,KC,EP",1242,0.2558139534883721,0.4046511627906977,0.3395348837209302,0.2328767123287671,0.0684931506849315,772,470,1242,-2.9316465401521747,3.882592009259258,8.405521308373592,0.2553542009884679,0.6960629921259842,0.4806763285024155,0.5161290322580645,0.8506787330316742,0.7638190954773869,0.5112721417069244,0.1135265700483091,9.269333,0.7463231078904993,6.458853778663446,28.16026771336554,-4.111026864734298,36.35234344766505,2280.8623188405795,219,86.20351758793971,101.1,106.7,16.040201005025125,10,0.045662100456621,58,0.2648401826484018,0.7683284457478006,0.8931297709923665,0.2737520128824476,0.5299625468164794,0.7173144876325088,0.429951690821256,0.1672473867595819,0.375,0.2310789049919484,0.05,0.25,0.0644122383252818,0.6920289855072463,0.8010471204188482,0.2222222222222222,0.3565891472868217,0.5434782608695652,0.2077294685990338
20536,660644,Vidal Bruján,Vidal Brujan,2025,"FA,FC,FO,FS,SI,CH,SL,CU,KC",279,0.2542372881355932,0.5084745762711864,0.2372881355932203,0.2142857142857142,0.0,180,99,279,-3.355870007060932,3.9732730366308258,8.52524815878136,0.248,0.7402597402597403,0.5197132616487455,0.5161290322580645,0.9035087719298246,0.8206896551724138,0.5519713261648745,0.0931899641577061,2.916690200000001,1.0454086738351258,6.617811487455196,28.266118100358423,-4.856792470426522,32.72457390681004,2246.8279569892475,59,88.61379310344829,99.9,110.3,4.965517241379311,0,0.0,22,0.3728813559322034,0.8444444444444444,0.9605263157894736,0.3225806451612903,0.5,0.7096774193548387,0.4444444444444444,0.1304347826086956,0.3333333333333333,0.1648745519713261,0.0526315789473684,0.0,0.068100358422939,0.5714285714285714,0.6944444444444444,0.2258064516129032,0.4262295081967213,0.7307692307692307,0.2186379928315412
17684,605353,Vimael Machín,Vimael Machin,2025,"FA,FC,CH,SL,KC",32,0.375,0.5,0.125,0.0,1.0,22,10,32,-2.951365,5.4993131250000005,9.556350625,0.4761904761904761,0.8181818181818182,0.59375,0.5,0.8888888888888888,0.6842105263157895,0.34375,0.1875,0.2735068,0.8547087500000001,9.25491375,26.527153125,-4.139656625000001,38.90530625,2309.4375,8,87.0375,107.6,107.6,9.25,1,0.125,3,0.375,0.75,1.0,0.25,0.5833333333333334,0.5714285714285714,0.375,0.4285714285714285,0.3333333333333333,0.21875,0.6,0.6666666666666666,0.15625,0.75,0.6666666666666666,0.125,0.5,0.5,0.25
27676,686469,Vinnie Pasquantino,Vinnie Pasquantino,2025,"FA,FC,FO,FS,SI,CH,SL,CU,KC",1950,0.25,0.36,0.39,0.2051282051282051,0.1666666666666666,1243,707,1950,-3.295947302871795,4.035732331092308,8.713900857435895,0.2957600827300931,0.6388606307222787,0.4687179487179487,0.6433566433566433,0.9331210191082804,0.8424507658643327,0.5041025641025642,0.0738461538461538,-19.150827,-0.9820936923076924,6.724085076666666,27.63319452820512,-4.7484686620000005,38.34313773671794,2240.080512820513,405,91.06517412935328,106.0,114.4,16.922885572139304,48,0.1185185185185185,184,0.454320987654321,0.695906432748538,0.9411764705882352,0.2630769230769231,0.5358851674641149,0.8638392857142857,0.4287179487179487,0.2369668246445497,0.46,0.2153846153846154,0.0502793296089385,0.1111111111111111,0.0917948717948718,0.581858407079646,0.908745247148289,0.2317948717948718,0.4817708333333333,0.8,0.1969230769230769
25040,681962,Vinny Capra,Vinny Capra,2025,"FA,FC,FS,SI,CH,SL,CU,KC,EP",182,0.1515151515151515,0.4848484848484848,0.3636363636363636,0.25,0.0,123,59,182,-1.3899008846153844,3.034992068516483,8.28467720879121,0.1904761904761904,0.5126050420168067,0.4010989010989011,0.5,0.9016393442622952,0.8356164383561644,0.6538461538461539,0.0659340659340659,7.1555216,3.9316052747252743,4.99311642032967,31.79014604395604,-1.3884030659340665,34.444793406593405,2252.434065934066,35,87.15294117647059,101.2,103.4,15.235294117647058,0,0.0,12,0.3428571428571428,0.647887323943662,0.9130434782608696,0.3901098901098901,0.3235294117647059,0.7727272727272727,0.3736263736263736,0.1785714285714285,0.4,0.1538461538461538,0.0,0.0,0.0769230769230769,0.4047619047619047,0.8235294117647058,0.2307692307692307,0.1923076923076923,0.6,0.1428571428571428
19611,665489,Vladimir Guerrero Jr.,Vladimir Guerrero Jr.,2025,"FA,FC,FS,SI,CH,SL,CU,KC,EP",1901,0.2545931758530184,0.4724409448818897,0.2729658792650918,0.25,0.1634615384615384,1143,758,1901,-3.160259297711731,4.3686500812046285,8.510357086270384,0.217877094972067,0.6063618290258449,0.4234613361388742,0.6,0.8573770491803279,0.7950310559006211,0.5291951604418726,0.0867964229352972,-13.297143700000005,-0.6994815202524989,7.300035836457179,26.68031727511836,-4.512182771341398,36.65918998421881,2310.28669121515,386,91.54031413612564,110.3,120.4,8.036458333333334,45,0.116580310880829,194,0.5025906735751295,0.6783505154639176,0.8875379939209727,0.2546028406102051,0.463785046728972,0.7858942065491183,0.4492372435560231,0.1566265060240964,0.5230769230769231,0.2183061546554445,0.096551724137931,0.1428571428571428,0.0762756443976854,0.5590062111801242,0.8074074074074075,0.253550762756444,0.3404825737265415,0.7401574803149606,0.1956864807995791
26536,682653,Warming Bernabel,Warming Bernabel,2025,"FA,FC,FS,SI,CH,SL,CU,KC",423,0.2941176470588235,0.4117647058823529,0.2941176470588235,0.28,0.12,290,133,423,-2.857066311111111,3.3914028100236404,7.765198598108746,0.39,0.6995515695067265,0.5531914893617021,0.5897435897435898,0.8397435897435898,0.7564102564102564,0.5271867612293144,0.1347517730496454,0.0606415999999999,0.0143360756501181,5.609490987706855,28.409707446808515,-3.9735065097635935,36.81097956501183,2310.718676122932,87,84.17471264367816,102.0,108.1,10.827586206896552,3,0.0344827586206896,26,0.2988505747126437,0.7692307692307693,0.8333333333333334,0.2765957446808511,0.6086956521739131,0.7857142857142857,0.3806146572104019,0.3761467889908257,0.6097560975609756,0.2576832151300236,0.1388888888888889,0.0,0.0851063829787234,0.65,0.8653846153846154,0.1891252955082742,0.5679012345679012,0.6956521739130435,0.1914893617021276
22857,672761,Wenceel Pérez,Wenceel Perez,2025,"FA,FC,FS,SI,CH,SL,CU,KC,EP",1117,0.2010869565217391,0.375,0.4239130434782608,0.2307692307692307,0.1025641025641025,731,386,1117,-2.30773110213966,3.708977766427933,8.485165135183527,0.3327464788732394,0.6557377049180327,0.4914950760966876,0.6296296296296297,0.8361111111111111,0.7650273224043715,0.4914950760966876,0.1154879140555058,4.715364700000001,0.4221454521038497,6.156776763572067,29.383938370635644,-3.033164888361682,35.722828639212175,2219.715308863026,184,89.58043478260868,102.6,108.3,19.57608695652174,14,0.0760869565217391,70,0.3804347826086957,0.6840390879478827,0.8571428571428571,0.2748433303491495,0.5858369098712446,0.7655677655677655,0.4171888988361683,0.242063492063492,0.4918032786885246,0.2247090420769919,0.0543478260869565,0.2,0.0823634735899731,0.6351931330472103,0.7972972972972973,0.2085944494180841,0.5364806866952789,0.728,0.2085944494180841
19358,642215,Weston Wilson,Weston Wilson,2025,"FA,FC,FS,SI,CH,SL,CU,EP",166,0.1428571428571428,0.5357142857142857,0.3214285714285714,0.0,0.2222222222222222,108,58,166,-2.747744501204819,4.375698646987953,8.167683403614458,0.2666666666666666,0.6593406593406593,0.4819277108433735,0.45,0.9,0.7875,0.5481927710843374,0.1024096385542168,1.2697632,0.7649175903614457,7.310771146686748,26.503469096385533,-3.7856636686747,37.06166813253012,2288.2289156626507,30,89.92068965517242,101.2,107.3,11.20689655172414,2,0.0666666666666666,13,0.4333333333333333,0.673469387755102,0.9393939393939394,0.2951807228915662,0.5070422535211268,0.7222222222222222,0.4277108433734939,0.3235294117647059,0.5454545454545454,0.2048192771084337,0.0,0.0,0.072289156626506,0.5945945945945946,0.8181818181818182,0.2228915662650602,0.4117647058823529,0.5714285714285714,0.2048192771084337
23790,677943,Will Banfield,Will Banfield,2025,"FA,SI,CH,SL,CU,KC",40,0.0,0.0,1.0,0.0,0.0,29,11,40,-1.5362069774999998,2.5463926999999997,7.350595,0.2666666666666666,0.76,0.575,0.5,0.7894736842105263,0.7391304347826086,0.625,0.15,1.7250334,4.312583500000001,4.148121674999999,30.776520000000005,-1.6461887392500003,48.64719,2339.475,3,76.05000000000001,80.7,80.7,34.5,0,0.0,0,0.0,0.7857142857142857,0.7272727272727273,0.35,0.5882352941176471,0.8,0.425,0.3333333333333333,0.5,0.15,0.0,0.0,0.075,0.6666666666666666,0.875,0.3,0.4,0.5,0.125
21853,666181,Will Benson,Will Benson,2025,"FA,FC,FS,SI,CH,SL,CU,KC,EP",848,0.2792207792207792,0.3571428571428571,0.3636363636363636,0.1964285714285714,0.1785714285714285,543,305,848,-2.3467929854127365,4.162494858372643,8.197862428066037,0.2675324675324675,0.7624190064794817,0.5377358490566038,0.3398058252427184,0.7960339943342776,0.6929824561403509,0.5459905660377359,0.1650943396226415,3.448614300000001,0.4066762146226416,6.943370521780657,27.873720330188675,-3.088699372570756,37.78289395683963,2278.334905660377,156,93.000641025641,107.3,111.4,15.666666666666666,24,0.1538461538461538,86,0.5512820512820513,0.8477366255144033,0.8495145631067961,0.2841981132075472,0.5601023017902813,0.6164383561643836,0.4610849056603773,0.1618497109826589,0.2142857142857142,0.2028301886792453,0.073170731707317,0.0,0.0483490566037735,0.6589861751152074,0.6643356643356644,0.2558962264150943,0.4367816091954023,0.5263157894736842,0.205188679245283
25660,686823,Will Brennan,Will Brennan,2025,"FA,FC,FS,SI,CH,SL,CU,KC",46,0.0,0.6,0.4,0.5,0.0,26,20,46,-3.231312152173912,3.508366282608695,8.58155695652174,0.2962962962962963,0.631578947368421,0.4347826086956521,0.875,0.8333333333333334,0.85,0.4130434782608695,0.0652173913043478,1.8168542,3.949683043478261,5.8285922608695655,29.81343326086957,-4.8506226086956525,36.32957826086956,2314.108695652174,10,82.18,96.4,102.8,8.2,0,0.0,3,0.3,0.8333333333333334,0.8,0.1304347826086956,0.56,0.8571428571428571,0.5434782608695652,0.0833333333333333,1.0,0.2608695652173913,0.0,0.0,0.0652173913043478,0.6153846153846154,0.875,0.2826086956521739,0.5,0.8333333333333334,0.2608695652173913
25467,683770,Will Robertson,Will Robertson,2025,"FA,FC,FS,SI,CH,SL,CU,KC",232,0.2702702702702703,0.2432432432432432,0.4864864864864865,0.4444444444444444,0.0,161,71,232,-2.5455624603448275,4.757441942241379,8.582998090517242,0.3620689655172414,0.7327586206896551,0.5474137931034483,0.3333333333333333,0.788235294117647,0.6377952755905512,0.5,0.1982758620689655,9.700400500000002,4.181207112068966,7.971920066810345,26.09314331896552,-3.4246435499999994,38.74147068965516,2299.646551724138,37,86.05675675675674,102.0,109.4,26.54054054054054,4,0.1081081081081081,13,0.3513513513513513,0.8103448275862069,0.8297872340425532,0.25,0.5754716981132075,0.6229508196721312,0.4568965517241379,0.3333333333333333,0.25,0.2068965517241379,0.15,0.0,0.0862068965517241,0.6,0.6060606060606061,0.2370689655172413,0.5490196078431373,0.6428571428571429,0.2198275862068965
19197,669257,Will Smith,Will Smith,2025,"FA,FC,FO,FS,SI,CH,SL,CU,KC",1435,0.2606635071090047,0.3270142180094786,0.4123222748815165,0.1149425287356321,0.1494252873563218,867,568,1435,-2.223770163598606,4.5013204727944265,8.081492306620211,0.2003034901365705,0.5747422680412371,0.402787456445993,0.5909090909090909,0.8654708520179372,0.8027681660899654,0.5407665505226481,0.0794425087108014,-19.9480518,-1.3901081393728223,7.525198697827758,26.690304783821464,-2.868761096757322,37.93415236236935,2306.701045296167,212,91.0848341232228,106.3,110.1,18.80094786729858,26,0.1226415094339622,96,0.4528301886792453,0.6507177033492823,0.8860294117647058,0.289198606271777,0.4212218649517685,0.7900763358778626,0.4334494773519163,0.1442953020134228,0.3720930232558139,0.2076655052264808,0.0103092783505154,0.0,0.067595818815331,0.5,0.8303030303030303,0.229965156794425,0.3321917808219178,0.7216494845360825,0.2034843205574913
29634,695238,Will Wagner,Will Wagner,2025,"FA,FC,FS,SI,CH,SL,CU,KC,EP",568,0.3095238095238095,0.4880952380952381,0.2023809523809523,0.2941176470588235,0.0,362,206,568,-3.680177027288733,4.430892018612677,9.112989929577466,0.287719298245614,0.6925795053003534,0.4894366197183099,0.5975609756097561,0.903061224489796,0.8129496402877698,0.4982394366197183,0.0915492957746478,1.0125007,0.1782571654929577,7.406139678169014,27.12755123239437,-5.428740139612675,35.73330771126761,2219.0915492957747,87,87.41046511627906,103.6,109.0,9.069767441860463,2,0.0229885057471264,37,0.425287356321839,0.7375,0.9491525423728814,0.2816901408450704,0.5578512396694215,0.7407407407407407,0.4242957746478873,0.2155172413793103,0.56,0.2024647887323943,0.0,0.0,0.0880281690140845,0.7310924369747899,0.8505747126436781,0.2095070422535211,0.3902439024390244,0.5416666666666666,0.2147887323943662
25434,669717,Will Wilson,Will Wilson,2025,"FA,FC,FS,SI,CH,SL,CU,KC",173,0.0952380952380952,0.4285714285714285,0.4761904761904761,0.3,0.0,117,56,173,-2.7605394826589595,3.720956640462428,8.692717930635839,0.3595505617977528,0.7857142857142857,0.5664739884393064,0.46875,0.803030303030303,0.6938775510204082,0.4855491329479768,0.1734104046242774,5.187371799999999,2.998480809248554,6.2340524046242765,27.61891768786128,-4.563945606936416,37.07326994219653,2325.1618497109826,23,88.72999999999999,101.7,105.3,21.45,0,0.0,8,0.3478260869565217,0.88,0.8181818181818182,0.2890173410404624,0.6190476190476191,0.6410256410256411,0.3641618497109826,0.3111111111111111,0.5,0.2601156069364161,0.0666666666666666,0.0,0.0867052023121387,0.59375,0.8421052631578947,0.1849710982658959,0.6451612903225806,0.45,0.1791907514450867
17338,650489,Willi Castro,Willi Castro,2025,"FA,FC,FS,SI,CH,SL,CU,KC",1337,0.2548076923076923,0.4038461538461538,0.3413461538461538,0.1408450704225352,0.0985915492957746,859,478,1337,-3.5060091373672417,4.858460090067314,8.897084252804786,0.3145539906103286,0.6962750716332379,0.5138369483919222,0.5024875621890548,0.8189300411522634,0.7263464337700145,0.5220643231114436,0.1406133133881825,8.763870099999998,0.6554876664173521,8.146561293941664,25.65562439042632,-5.119352208683619,38.21154887412119,2274.82124158564,210,86.22344497607658,104.0,111.9,11.301435406698564,12,0.0571428571428571,73,0.3476190476190476,0.7982456140350878,0.8498168498168498,0.2557965594614809,0.560126582278481,0.7062146892655368,0.4727000747943156,0.2030075187969924,0.3148148148148148,0.1989528795811518,0.0618556701030927,0.0,0.0718025430067314,0.6303030303030303,0.7644230769230769,0.2468212415856394,0.4834437086092715,0.6232876712328768,0.2258788332086761
20503,661388,William Contreras,William Contreras,2025,"FA,FC,FO,FS,SI,CH,SL,CU,KC,EP",1860,0.2269938650306748,0.5122699386503068,0.2607361963190184,0.1411764705882353,0.1647058823529411,1148,712,1860,-2.307169659787635,4.324713358381722,8.04974228870968,0.2491620111731843,0.6704663212435233,0.4677419354838709,0.5829596412556054,0.8438948995363215,0.7770114942528735,0.5188172043010753,0.1043010752688172,-10.048281599999996,-0.5402301935483869,7.224110899595161,26.730909333333333,-3.0076721490322598,38.8310840107527,2309.131720430108,334,91.1196374622357,107.6,112.4,6.879154078549849,23,0.0688622754491018,162,0.4850299401197604,0.7597535934291582,0.8810810810810811,0.2612903225806451,0.5072639225181598,0.747016706443914,0.4440860215053763,0.1891891891891892,0.4675324675324675,0.2188172043010752,0.0285714285714285,0.25,0.075268817204301,0.5771812080536913,0.7984496124031008,0.2403225806451613,0.4248021108179419,0.6645962732919255,0.203763440860215
24641,680862,Willie MacIver,Willie MacIver,2025,"FA,FC,FS,SI,CH,SL,CU,KC",253,0.217391304347826,0.5,0.2826086956521739,0.0769230769230769,0.0769230769230769,177,76,253,-2.634510231225297,3.9929425521739135,8.379496881422924,0.2710280373831775,0.7397260273972602,0.541501976284585,0.4827586206896552,0.8333333333333334,0.7591240875912408,0.5770750988142292,0.1304347826086956,5.6895917,2.2488504743083,6.644694243478262,27.84354059288538,-3.5849678221343866,35.50722766798419,2351.3675889328065,47,88.4191489361702,102.9,108.7,9.72340425531915,1,0.0212765957446808,17,0.3617021276595745,0.7530864197530864,0.9016393442622952,0.3201581027667984,0.6078431372549019,0.7580645161290323,0.4031620553359684,0.2,0.1818181818181818,0.217391304347826,0.2,0.0,0.0592885375494071,0.711864406779661,0.7619047619047619,0.233201581027668,0.4651162790697674,0.75,0.1699604743083003
11609,575929,Willson Contreras,Willson Contreras,2025,"FA,FC,FS,SI,CH,SL,CU,KC",1591,0.2290076335877862,0.4427480916030534,0.3282442748091603,0.1395348837209302,0.1744186046511628,1043,548,1591,-2.6059287332620986,4.094703478893778,8.282256075424261,0.306970509383378,0.6686390532544378,0.4990571967316153,0.4890829694323144,0.8336283185840708,0.7342569269521411,0.531112507856694,0.1326209930861093,-4.7024247999999975,-0.2955640980515397,6.825726635323697,27.16549846637337,-3.5316012567220927,36.76918183236957,2330.695160276556,265,89.9110687022901,108.8,114.7,11.505703422053232,37,0.1396226415094339,131,0.4943396226415094,0.7073732718894009,0.8697068403908795,0.2721558768070396,0.5600578871201157,0.7493540051679587,0.4343180389692017,0.2477611940298507,0.3132530120481928,0.2105593966059082,0.1297709923664122,0.0,0.0823381521055939,0.6208651399491094,0.8073770491803278,0.2470144563167819,0.4798657718120805,0.6503496503496503,0.1873035826524198
15986,642715,Willy Adames,Willy Adames,2025,"FA,FC,FO,FS,SI,CH,SL,CU,KC,EP",2056,0.2315112540192926,0.3408360128617363,0.427652733118971,0.225563909774436,0.150375939849624,1272,784,2056,-2.681479474257782,4.472866251566147,8.55468482402724,0.2774005819592628,0.6848780487804879,0.4805447470817121,0.4160839160839161,0.8504273504273504,0.7246963562753036,0.4985408560311284,0.1322957198443579,-3.865159999999997,-0.1879941634241243,7.479605240593384,27.117725914396885,-3.668553632947471,39.34852505009725,2322.4338521400778,316,88.31794871794871,103.7,110.2,19.487179487179485,39,0.1234177215189873,132,0.4177215189873418,0.7573529411764706,0.8689320388349514,0.2641050583657587,0.5258215962441315,0.7120535714285714,0.4143968871595331,0.2458333333333333,0.3305084745762712,0.2334630350194552,0.0555555555555555,0.0,0.0875486381322957,0.6420581655480985,0.794425087108014,0.2174124513618677,0.3975308641975308,0.5652173913043478,0.1969844357976653
5827,527038,Wilmer Flores,Wilmer Flores,2025,"FA,FC,FS,SI,CH,SL,CU,KC,EP",1313,0.2614678899082568,0.3532110091743119,0.3853211009174312,0.2857142857142857,0.119047619047619,874,439,1313,-2.251566196100533,4.338909894805791,8.372102759329778,0.3080568720379147,0.6102941176470589,0.4645849200304646,0.6820512820512821,0.8771084337349397,0.8147540983606557,0.5178979436405179,0.086062452399086,3.8569566999999982,0.293751462300076,7.2476208680426515,27.27808672505713,-2.911777802817975,39.185992757044936,2347.143183549124,224,85.06351351351353,99.6,105.6,17.936936936936938,9,0.0401785714285714,57,0.2544642857142857,0.667590027700831,0.8921161825726142,0.2734196496572734,0.521505376344086,0.8109965635738832,0.4234577303884234,0.2613240418118467,0.6133333333333333,0.2178217821782178,0.02803738317757,0.0,0.0814927646610814,0.554858934169279,0.8361581920903954,0.2421934501142422,0.4769874476987448,0.7719298245614035,0.1812642802741812
23772,677800,Wilyer Abreu,Wilyer Abreu,2025,"FA,FC,FO,FS,SI,CH,SL,CU,KC,EP",1334,0.1798245614035087,0.3026315789473684,0.5175438596491229,0.1864406779661017,0.1779661016949152,871,463,1334,-4.059026612781108,5.4278171448650685,9.397082849325333,0.2870813397129186,0.7213578500707214,0.5172413793103449,0.5666666666666667,0.8686274509803922,0.7898550724637681,0.5299850074962519,0.108695652173913,-5.016776799999996,-0.3760702248875559,9.132424802248872,24.524105772113945,-6.09856017091454,37.688039157421294,2230.689655172414,228,91.69254385964908,107.9,111.7,23.285087719298247,29,0.1271929824561403,106,0.4649122807017544,0.7722222222222223,0.8992805755395683,0.2676161919040479,0.5935919055649241,0.7840909090909091,0.4430284857571214,0.2062937062937063,0.3220338983050847,0.2143928035982009,0.0105263157894736,0.0,0.0712143928035982,0.7084639498432602,0.831858407079646,0.2383808095952024,0.4598540145985401,0.6984126984126984,0.204647676161919
33333,694671,Wyatt Langford,Wyatt Langford,2025,"FA,FC,FS,SI,CH,SL,CU,KN,KC,EP",1644,0.2510121457489878,0.3522267206477733,0.3967611336032389,0.2142857142857142,0.173469387755102,1019,625,1644,-3.204580496776156,4.338189189355232,8.750243700729927,0.2272727272727272,0.6279342723004695,0.4349148418491484,0.4944444444444444,0.8579439252336448,0.7664335664335664,0.5182481751824818,0.101581508515815,-3.1607394999999983,-0.1922590936739658,7.246815498905112,27.240313759124085,-4.588774013430656,36.73842667214112,2314.78102189781,250,91.3328,106.7,113.1,17.62,35,0.14,126,0.504,0.6896551724137931,0.903125,0.2810218978102189,0.4820659971305595,0.7023809523809523,0.4239659367396594,0.1596385542168674,0.3962264150943396,0.2019464720194647,0.0397350993377483,0.3333333333333333,0.0918491484184914,0.5492957746478874,0.7743589743589744,0.2159367396593674,0.4122807017543859,0.6028368794326241,0.2080291970802919
12161,593428,Xander Bogaerts,Xander Bogaerts,2025,"FA,FC,FS,SI,CH,SL,CU,KC",1472,0.2700729927007299,0.4343065693430657,0.2956204379562044,0.2469135802469135,0.0987654320987654,943,529,1472,-2.9275717276494566,3.884762868525813,8.743230680027171,0.244776119402985,0.5698254364089775,0.421875,0.6158536585365854,0.8533916849015317,0.7906602254428341,0.5448369565217391,0.0883152173913043,5.067370499999999,0.3442507133152173,6.462948334782607,27.887488790760862,-4.099406262024457,36.46115100543478,2338.8648097826085,279,87.04649446494466,104.5,112.2,10.307692307692308,16,0.057347670250896,93,0.3333333333333333,0.6223277909738717,0.8931297709923665,0.2846467391304347,0.4620355411954766,0.7622377622377622,0.4205163043478261,0.2082018927444795,0.5909090909090909,0.2153532608695652,0.0608695652173913,0.0,0.078125,0.5446428571428571,0.7759562841530054,0.2282608695652173,0.3639575971731448,0.7378640776699029,0.1922554347826087
22266,669364,Xavier Edwards,Xavier Edwards,2025,"FA,FC,FO,FS,SI,CH,SL,CU,KC",1521,0.2755417956656347,0.4613003095975232,0.2631578947368421,0.1529411764705882,0.0352941176470588,957,564,1521,-3.907931801617356,5.003679328750823,9.335784972386586,0.23,0.6808769792935444,0.4733727810650887,0.7577639751552795,0.9409660107334524,0.9,0.539776462853386,0.0473372781065088,-5.960660899999997,-0.3918909204470741,8.398782625082184,25.589261130834963,-5.827462424326099,38.324471063116384,2235.6311637080867,328,87.42815533980584,101.0,109.0,9.95483870967742,4,0.0121951219512195,105,0.3201219512195122,0.7647058823529411,0.9467455621301776,0.2899408284023668,0.4884080370942813,0.8924050632911392,0.4247205785667324,0.1975308641975308,0.703125,0.2117028270874424,0.0185185185185185,0.5,0.0710059171597633,0.5895953757225434,0.931372549019608,0.2268244575936883,0.3720930232558139,0.8214285714285714,0.197896120973044
23003,673237,Yainer Diaz,Yainer Diaz,2025,"FA,FC,FS,SI,CH,SL,CU,KC,EP",1460,0.2422535211267605,0.4647887323943662,0.2929577464788732,0.2115384615384615,0.1346153846153846,1004,456,1460,-2.026105582876712,3.482629184006849,8.15746297671233,0.434010152284264,0.7663690476190477,0.586986301369863,0.6140350877192983,0.9067961165048544,0.7899649941656943,0.4602739726027397,0.1232876712328767,4.885814700000002,0.3346448424657535,5.766764863691781,29.53372784246576,-2.51117278255,37.081746901438336,2335.205479452055,364,89.75444444444442,105.5,111.1,9.628808864265928,34,0.0934065934065934,153,0.4203296703296703,0.8091397849462365,0.9401993355481728,0.2541095890410959,0.6825396825396826,0.8217054263565892,0.3876712328767123,0.435820895522388,0.5136986301369864,0.2287671232876712,0.1236559139784946,0.0434782608695652,0.1267123287671233,0.7043795620437956,0.8341968911917098,0.1876712328767123,0.6621160409556314,0.8092783505154639,0.2
16578,650490,Yandy Díaz,Yandy Diaz,2025,"FA,FC,FS,SI,CH,SL,CU,KC,EP",1824,0.2177650429799427,0.5616045845272206,0.2206303724928366,0.1948051948051948,0.1818181818181818,1130,694,1824,-3.168640439599781,4.284915971189145,8.45033985197368,0.2152199762187871,0.6205493387589013,0.4336622807017544,0.6464088397790055,0.8819672131147541,0.8280657395701644,0.5389254385964912,0.0745614035087719,-14.750816599999991,-0.8087070504385961,7.156717507072371,27.140521458333332,-4.539570250169956,37.731146820175454,2258.439144736842,351,91.9862068965517,109.2,113.4,3.839541547277937,29,0.0826210826210826,175,0.4985754985754986,0.6942307692307692,0.8864265927977839,0.2850877192982456,0.4654731457800511,0.8269230769230769,0.4281798245614035,0.1580310880829015,0.5245901639344263,0.2116228070175438,0.0367647058823529,0.4,0.0745614035087719,0.5469879518072289,0.8590308370044053,0.2269736842105263,0.3732970027247956,0.7737226277372263,0.2012061403508772
28552,692585,Yanquiel Fernández,Yanquiel Fernandez,2025,"FA,FC,FS,SI,CH,SL,CU,KC",567,0.1818181818181818,0.5,0.3181818181818182,0.1428571428571428,0.1428571428571428,376,191,567,-2.109954588712522,2.6530690423280423,7.748314437389768,0.3862068965517241,0.6642599277978339,0.5220458553791887,0.4910714285714285,0.842391304347826,0.7094594594594594,0.4885361552028218,0.1516754850088183,6.774337200000001,1.1947684656084656,4.332616940035273,30.563506349206357,-2.6571143954144625,37.63150649029984,2346.0811287477954,89,88.88735632183909,104.9,110.3,8.011494252873563,8,0.0898876404494382,33,0.3707865168539326,0.6992481203007519,0.8709677419354839,0.2345679012345679,0.6062992125984252,0.7337662337662337,0.4479717813051146,0.3809523809523809,0.3333333333333333,0.2222222222222222,0.0185185185185185,0.0,0.0952380952380952,0.7037037037037037,0.7789473684210526,0.238095238095238,0.4957983193277311,0.6610169491525424,0.2098765432098765
18848,650968,Yohel Pozo,Yohel Pozo,2025,"FA,FC,FO,FS,SI,CH,SL,CU,KC,EP",430,0.233009708737864,0.3883495145631068,0.3786407766990291,0.5384615384615384,0.1025641025641025,307,123,430,-2.35999036744186,4.357929241697674,8.152412381395349,0.4896265560165975,0.7724867724867724,0.6139534883720931,0.7372881355932204,0.8561643835616438,0.803030303030303,0.4395348837209302,0.1209302325581395,4.490723299999998,1.0443542558139531,7.281018414000001,26.943062023255813,-3.1066676323255806,37.37217055813954,2350.741860465116,104,87.58640776699028,103.4,109.0,18.1747572815534,3,0.0288461538461538,38,0.3653846153846153,0.8080808080808081,0.8875,0.2302325581395349,0.7202380952380952,0.8181818181818182,0.3906976744186046,0.44,0.6909090909090909,0.2906976744186046,0.2105263157894736,0.5,0.0883720930232558,0.7209302325581395,0.8387096774193549,0.2,0.7195121951219512,0.7966101694915254,0.1906976744186046
19556,670541,Yordan Alvarez,Yordan Alvarez,2025,"FA,FC,FS,SI,CH,SL,CU,KC",646,0.2477064220183486,0.3394495412844037,0.4128440366972477,0.2,0.0888888888888888,396,250,646,-3.4676278329721364,4.311289784334365,8.89730510835913,0.2916666666666667,0.5935483870967742,0.436532507739938,0.5816326530612245,0.8967391304347826,0.7872340425531915,0.479876160990712,0.0928792569659442,-1.0674215999999974,-0.1652355417956652,7.201560309597522,27.098573173374614,-5.055468769040248,35.90836343653251,2259.891640866873,110,94.77090909090909,110.0,115.4,18.854545454545452,14,0.1272727272727272,59,0.5363636363636364,0.6917293233082706,0.9456521739130436,0.2058823529411764,0.4932432432432432,0.8013698630136986,0.4551083591331269,0.2378048780487804,0.4358974358974359,0.2538699690402476,0.0943396226415094,0.2,0.0820433436532507,0.5705882352941176,0.865979381443299,0.2600619195046439,0.3888888888888889,0.673469387755102,0.1950464396284829
17232,660162,Yoán Moncada,Yoan Moncada,2025,"FA,FC,FO,FS,SI,CH,SL,CU,KC,EP",1029,0.2435897435897435,0.3653846153846153,0.391025641025641,0.1311475409836065,0.1967213114754098,618,411,1029,-2.836082706705539,3.90123819659864,8.488013689018464,0.2310756972111553,0.650853889943074,0.446064139941691,0.3620689655172414,0.8483965014577259,0.7254901960784313,0.5121477162293488,0.1224489795918367,-6.777450199999996,-0.6586443343051502,6.488623951520019,28.456480359572392,-3.939370585034013,37.505086452866855,2255.0126336248786,157,90.4050955414013,106.7,112.8,15.426751592356688,25,0.1592356687898089,71,0.4522292993630573,0.7765567765567766,0.8962264150943396,0.2653061224489796,0.4481236203090508,0.6600985221674877,0.4402332361516035,0.1666666666666666,0.2195121951219512,0.239067055393586,0.0526315789473684,0.0,0.0544217687074829,0.5146443514644351,0.7560975609756098,0.2322643343051506,0.3738317757009345,0.5125,0.2079689018464528
19198,493329,Yuli Gurriel,Yuli Gurriel,2025,"FA,FC,SI,CH,SL,CU",52,0.1428571428571428,0.4285714285714285,0.4285714285714285,0.6666666666666666,0.0,34,18,52,-1.1344661346153846,4.877962884615385,8.548220769230769,0.4,0.5185185185185185,0.4615384615384615,0.7,0.7857142857142857,0.75,0.5192307692307693,0.1153846153846153,1.4654791,2.8182290384615385,8.18035748076923,26.01807307692308,-0.9383331923076929,38.15129230769231,2450.923076923077,7,83.92857142857143,96.4,96.4,16.285714285714285,0,0.0,1,0.1428571428571428,0.5,0.8,0.1923076923076923,0.5384615384615384,0.7857142857142857,0.5,0.4545454545454545,0.6,0.2115384615384615,0.0,0.0,0.0961538461538461,0.5833333333333334,0.8571428571428571,0.2307692307692307,0.5,0.7142857142857143,0.2692307692307692
27770,691728,Zac Veen,Zac Veen,2025,"FA,FC,FS,SI,CH,SL,CU",92,0.0,0.5384615384615384,0.4615384615384615,0.0,0.1666666666666666,66,26,92,-4.56137297826087,6.015968684782608,9.176986913043477,0.4285714285714285,0.84,0.6521739130434783,0.3888888888888889,0.5714285714285714,0.5166666666666667,0.5434782608695652,0.3152173913043478,2.2645241000000005,2.4614392391304354,10.148425152173914,22.55388630434783,-6.976443177173913,38.65989086956522,2200.478260869565,14,93.2333333333333,103.4,109.2,12.166666666666666,1,0.0714285714285714,5,0.3571428571428571,1.0,0.5555555555555556,0.2934782608695652,0.6818181818181818,0.5333333333333333,0.4782608695652174,0.2,0.0,0.1630434782608695,0.0,0.0,0.0652173913043478,0.7037037037037037,0.6842105263157895,0.2934782608695652,0.6470588235294118,0.2727272727272727,0.1847826086956521
31583,805904,Zach Cole,Zach Cole,2025,"FA,FC,FS,SI,CH,SL,CU",173,0.1304347826086956,0.4782608695652174,0.391304347826087,0.0,0.4444444444444444,114,59,173,-3.96845938150289,3.997123593063585,8.533778647398844,0.325,0.5913978494623656,0.4682080924855491,0.3076923076923077,0.8,0.6419753086419753,0.5375722543352601,0.1676300578034682,-3.0509469999999985,-1.7635531791907504,6.6570246745664745,28.30400121387283,-5.931745695953757,39.47791849710983,2190.8901734104047,24,91.33636363636364,109.9,114.3,15.954545454545457,4,0.1666666666666666,12,0.5,0.7111111111111111,0.84375,0.2601156069364161,0.4935064935064935,0.631578947368421,0.4450867052023121,0.2702702702702703,0.1,0.2080924855491329,0.0714285714285714,0.0,0.0809248554913294,0.5555555555555556,0.72,0.2601156069364161,0.40625,0.4615384615384615,0.1849710982658959
31562,701305,Zach Dezenzo,Zach Dezenzo,2025,"FA,FC,FS,SI,CH,SL,CU,KC",434,0.2592592592592592,0.3703703703703703,0.3703703703703703,0.15,0.1,272,162,434,-2.8089168748921662,4.396728395483871,8.544051571428572,0.2139303482587064,0.6351931330472103,0.4400921658986175,0.3720930232558139,0.8040540540540541,0.7068062827225131,0.5368663594470046,0.1290322580645161,1.5844748000000006,0.3650863594470048,7.34999934110599,27.231230322580647,-3.897572075645161,39.254925658986174,2340.2027649769584,55,89.31999999999998,103.8,107.3,17.727272727272727,7,0.1272727272727272,22,0.4,0.7380952380952381,0.8494623655913979,0.2903225806451613,0.4659090909090909,0.6707317073170732,0.4055299539170507,0.1590909090909091,0.0714285714285714,0.2027649769585253,0.0454545454545454,0.0,0.0990783410138248,0.5729166666666666,0.7272727272727273,0.2211981566820276,0.3375,0.5555555555555556,0.184331797235023
19392,656716,Zach McKinstry,Zach McKinstry,2025,"FA,FC,FS,SI,CH,SL,CU,KC,EP",1589,0.2977099236641221,0.3625954198473282,0.3396946564885496,0.1685393258426966,0.1235955056179775,1013,576,1589,-3.298453236047829,4.408643723045941,8.789964980868476,0.279291553133515,0.6350877192982456,0.4707363121460037,0.5853658536585366,0.8692449355432781,0.7914438502673797,0.5380742605412209,0.0981749528005034,-2.010407899999996,-0.1265203209565762,7.367918714159851,27.352961315292628,-4.763086245405913,37.34162479672748,2206.4738829452485,264,86.13244274809159,102.1,107.3,16.34732824427481,18,0.0681818181818181,84,0.3181818181818182,0.717948717948718,0.8831168831168831,0.2699811202013845,0.5,0.7774798927613941,0.4694776589049717,0.2076677316293929,0.4615384615384615,0.1963499056010069,0.0198019801980198,0.0,0.0635619886721208,0.5984455958549223,0.8268398268398268,0.2429200755191944,0.3944444444444444,0.6971830985915493,0.2265575833857772
31347,687263,Zach Neto,Zach Neto,2025,"FA,FC,FO,FS,SI,CH,SL,CU,KC",1766,0.2465277777777778,0.3645833333333333,0.3888888888888889,0.2142857142857142,0.1696428571428571,1115,651,1766,-2.839793365028314,3.57176348860702,8.52781259184598,0.2954796030871003,0.6635622817229336,0.4745186862967157,0.4888059701492537,0.8596491228070176,0.7410501193317423,0.486409966024915,0.1228765571913929,-10.03000939999999,-0.5679507021517548,5.921628796687425,28.62285740656852,-3.9453889321177806,36.81259638918458,2301.152321630804,293,90.27212543554003,105.1,110.3,16.76306620209059,36,0.1228668941979522,132,0.4505119453924914,0.7364016736401674,0.8806818181818182,0.2695356738391846,0.5520833333333334,0.7439353099730458,0.3799546998867497,0.2427884615384615,0.3465346534653465,0.2355605889014722,0.07,0.0,0.1132502831257078,0.6090651558073654,0.772093023255814,0.1998867497168742,0.4890282131661442,0.7051282051282052,0.1800679501698754
29766,680869,Zack Gelof,Zack Gelof,2025,"FA,FC,FS,SI,CH,SL,CU,EP",299,0.2285714285714285,0.4,0.3714285714285714,0.2307692307692307,0.1538461538461538,187,112,299,-3.282869528093645,4.2522043618093655,8.522737635451506,0.2446043165467626,0.7125,0.4949832775919732,0.3823529411764705,0.7192982456140351,0.6418918918918919,0.5351170568561873,0.177257525083612,1.762119900000001,0.5893377591973248,7.092004117056858,29.36358050167224,-4.753655958528428,36.19142889632106,2301.073578595318,39,86.58157894736841,102.8,107.0,13.86842105263158,5,0.1282051282051282,17,0.4358974358974359,0.8148148148148148,0.7878787878787878,0.2709030100334448,0.5289855072463768,0.5753424657534246,0.4615384615384615,0.1186440677966101,0.1428571428571428,0.197324414715719,0.0952380952380952,0.0,0.0702341137123745,0.6376811594202898,0.6363636363636364,0.2307692307692307,0.4202898550724637,0.4827586206896552,0.2307692307692307
19562,670097,Zack Short,Zack Short,2025,"FA,FC,FS,SI,CH,SL,CU,KC",158,0.1304347826086956,0.4347826086956521,0.4347826086956521,0.4,0.1,99,59,158,-3.605789769620254,4.566801697468355,9.23939012658228,0.2285714285714285,0.5227272727272727,0.3924050632911392,0.75,0.8260869565217391,0.8064516129032258,0.5569620253164557,0.0759493670886076,2.5777724,1.631501518987342,7.642228448101266,26.172477215189875,-5.292729835443037,36.979156962025314,2341.943037974684,24,84.72380952380952,103.5,106.4,21.047619047619047,1,0.0416666666666666,10,0.4166666666666667,0.5384615384615384,0.8571428571428571,0.2468354430379747,0.4383561643835616,0.78125,0.4620253164556962,0.2058823529411764,1.0,0.2151898734177215,0.1666666666666666,0.0,0.0759493670886076,0.525,0.8571428571428571,0.2531645569620253,0.3333333333333333,0.6363636363636364,0.2088607594936709
