Name,Season,Pitch,Pitches,O-Swing%,Z-Swing%,Swing%,O-Contact%,Z-Contact%,Contact%,Zone%,SwStr%,pVAL,pVAL/C,NameASCII,PlayerId,MLBAMID
"Ben Williamson",2025,"FA,FC,FS,SI,CH,SL,CU,KC",398,0.28823529411764703,0.6666666666666666,0.5050251256281407,0.6122448979591837,0.9078947368421053,0.835820895522388,0.5728643216080402,0.0829145728643216,2.548006399999999,0.6402026130653263,"Ben Williamson","33197",810938
"Ernie Clement",2025,"FA,FC,FS,SI,CH,SL,CU,KC,EP",585,0.39649122807017545,0.7066666666666667,0.5555555555555556,0.7876106194690266,0.9386792452830188,0.8861538461538462,0.5128205128205128,0.06324786324786325,-9.757634899999998,-1.6679717777777774,"Ernie Clement","20352",676391
"Vladimir Guerrero Jr.",2025,"FA,FC,FS,SI,CH,SL,CU,KC",601,0.19377162629757785,0.625,0.4176372712146423,0.6607142857142857,0.8666666666666667,0.8207171314741036,0.519134775374376,0.07487520798668885,-10.512993699999999,-1.749250199667221,"Vladimir Guerrero Jr.","19611",665489
"Junior Caminero",2025,"FA,FC,FS,SI,CH,SL,CU,KC",740,0.31420765027322406,0.6684491978609626,0.49324324324324326,0.6260869565217392,0.828,0.7643835616438356,0.5054054054054054,0.11621621621621622,-4.774038600000001,-0.6451403513513514,"Junior Caminero","28163",691406
"J.T. Realmuto",2025,"FA,FC,FS,SI,CH,SL,CU,KC,EP",650,0.3166144200626959,0.6193353474320241,0.4707692307692308,0.5742574257425742,0.8780487804878049,0.7777777777777778,0.5092307692307693,0.10461538461538461,7.5760508999999985,1.165546292307692,"J.T. Realmuto","11739",592663
"Nick Castellanos",2025,"FA,FC,FS,SI,CH,SL,CU,KC",704,0.4274193548387097,0.8253012048192772,0.6150568181818182,0.5471698113207547,0.8503649635036497,0.7390300230946882,0.4715909090909091,0.16051136363636365,4.204753500000001,0.597266122159091,"Nick Castellanos","11737",592206
"Trea Turner",2025,"FA,FC,FS,SI,CH,SL,CU,KC",773,0.31645569620253167,0.753968253968254,0.5304010349288486,0.544,0.9333333333333333,0.8146341463414634,0.4890038809831824,0.09831824062095731,-7.918888700000002,-1.0244357956015526,"Trea Turner","16252",607208
"Ozzie Albies",2025,"FA,FC,FS,SI,CH,SL,CU,KC",595,0.43243243243243246,0.7959866220735786,0.6151260504201681,0.7265625,0.8991596638655462,0.8387978142076503,0.5025210084033613,0.09915966386554621,1.9203964999999996,0.3227557142857142,"Ozzie Albies","16556",645277
"Kyle Tucker",2025,"FA,FC,SI,CH,SL,CU,KC",757,0.16716417910447762,0.6990521327014217,0.46367239101717306,0.5357142857142857,0.888135593220339,0.8319088319088319,0.5574636723910171,0.07793923381770146,-8.3112326,-1.0979171202113607,"Kyle Tucker","18345",663656
"Pete Crow-Armstrong",2025,"FA,FC,SI,CH,SL,CU,KC,EP",689,0.40828402366863903,0.7435897435897436,0.579100145137881,0.4782608695652174,0.8352490421455939,0.7117794486215538,0.5094339622641509,0.16690856313497823,8.951415800000001,1.299189521044993,"Pete Crow-Armstrong","27769",691718
"Will Smith",2025,"FA,FC,FS,SI,CH,SL,CU,KC",491,0.17573221757322174,0.503968253968254,0.34419551934826886,0.5714285714285714,0.8740157480314961,0.7988165680473372,0.5132382892057027,0.06924643584521385,-4.418152699999999,-0.8998274338085539,"Will Smith","19197",669257
"Shohei Ohtani",2025,"FA,FC,FS,SI,CH,SL,CU,KC",913,0.2938496583143508,0.6223628691983122,0.4644030668127054,0.4108527131782946,0.8,0.6816037735849056,0.5191675794085433,0.14786418400876233,-10.4827286,-1.1481630449069005,"Shohei Ohtani","19755",660271
"Juan Soto",2025,"FA,FC,FS,SI,CH,SL,CU,KC",1015,0.21019108280254778,0.5441176470588235,0.3891625615763547,0.5555555555555556,0.8412162162162162,0.769620253164557,0.5359605911330049,0.0896551724137931,-4.449088700000002,-0.43833386206896563,"Juan Soto","20123",665742
"Alec Bohm",2025,"FA,FC,FS,SI,CH,SL,CU,KC",494,0.30973451327433627,0.6380597014925373,0.48785425101214575,0.8142857142857143,0.9239766081871345,0.8921161825726142,0.5425101214574899,0.05263157894736842,-3.5849486999999987,-0.7256981174089067,"Alec Bohm","21618",664761
"Jacob Young",2025,"FA,FC,FS,SI,CH,SL,CU,KC",404,0.1827956989247312,0.6009174311926605,0.4084158415841584,0.5294117647058824,0.916030534351145,0.8363636363636363,0.5396039603960396,0.06683168316831684,3.4108933999999986,0.844280544554455,"Jacob Young","29931",696285
"Freddie Freeman",2025,"FA,FC,FS,SI,CH,SL,CU,KC",647,0.3074433656957929,0.7514792899408284,0.5394126738794436,0.5473684210526316,0.7834645669291339,0.7191977077363897,0.5224111282843895,0.15146831530139104,-5.897519399999998,-0.9115176816074186,"Freddie Freeman","5361",518692
"Gavin Sheets",2025,"FA,FC,SI,CH,SL,CU,KC",590,0.31417624521072796,0.574468085106383,0.45932203389830506,0.6097560975609756,0.8465608465608465,0.7749077490774908,0.5576271186440678,0.10338983050847457,2.25403,0.3820389830508475,"Gavin Sheets","19901",657757
"Kyle Schwarber",2025,"FA,FC,FS,SI,CH,SL,CU,KN,KC",1183,0.2117437722419929,0.6103059581320451,0.4209636517328825,0.37815126050420167,0.7730870712401056,0.678714859437751,0.5249366018596788,0.1352493660185968,-19.0722799,-1.6121961031276415,"Kyle Schwarber","16478",656941
"TJ Friedl",2025,"FA,FC,FS,SI,CH,SL,CU,KC",741,0.19642857142857142,0.4962962962962963,0.3603238866396761,0.5454545454545454,0.8756218905472637,0.7940074906367042,0.5465587044534413,0.07422402159244265,-0.5238589000000018,-0.0706962078272607,"TJ Friedl","19522",670770
"Orlando Arcia",2025,"FA,FC,FS,SI,CH,SL,CU,KC",192,0.3804347826086957,0.72,0.5572916666666666,0.7142857142857143,0.8333333333333334,0.794392523364486,0.5208333333333334,0.11458333333333333,2.8945595,1.5075830729166668,"Orlando Arcia","13185",606115
"Christian Walker",2025,"FA,FC,FS,SI,CH,SL,CU,KC",524,0.29959514170040485,0.7509025270758123,0.5381679389312977,0.40540540540540543,0.8798076923076923,0.7553191489361702,0.5286259541984732,0.1316793893129771,1.4359054999999987,0.27402776717557226,"Christian Walker","13419",572233
"Maikel Garcia",2025,"FA,FC,FS,SI,CH,SL,CU,KC",546,0.250996015936255,0.5084745762711864,0.3901098901098901,0.6031746031746031,0.9266666666666666,0.8309859154929577,0.5402930402930403,0.06593406593406594,-9.289966799999998,-1.7014591208791205,"Maikel Garcia","22715",672580
"Nick Loftin",2025,"FA,FC,FS,SI,CH,SL,CU,KC",276,0.25,0.6447368421052632,0.4673913043478261,0.5806451612903226,0.8469387755102041,0.7829457364341085,0.5507246376811594,0.10144927536231885,4.044106,1.4652557971014493,"Nick Loftin","27630",679845
"Ceddanne Rafaela",2025,"FA,FC,FS,SI,CH,SL,CU,KC",621,0.42207792207792205,0.744408945686901,0.5845410628019324,0.5538461538461539,0.8111587982832618,0.71900826446281,0.5040257648953301,0.1642512077294686,2.993961,0.4821193236714976,"Ceddanne Rafaela","24262",678882
"Nolan Arenado",2025,"FA,FC,FS,SI,CH,SL,CU,KC",378,0.42424242424242425,0.6666666666666666,0.5396825396825397,0.7261904761904762,0.9583333333333334,0.8627450980392157,0.47619047619047616,0.07407407407407407,-0.17058039999999813,-0.04512708994708946,"Nolan Arenado","9777",571448
"Bo Naylor",2025,"FA,FC,SI,CH,SL,CU,KC",309,0.3382352941176471,0.6994219653179191,0.540453074433657,0.6086956521739131,0.8760330578512396,0.8023952095808383,0.5598705501618123,0.10679611650485436,6.421214599999998,2.0780629773462778,"Bo Naylor","21865",666310
"Rafael Devers",2025,"FA,FC,FS,SI,CH,SL,CU,KC",960,0.2619589977220957,0.7216890595009597,0.5114583333333333,0.6,0.7819148936170213,0.7393075356415478,0.5427083333333333,0.13333333333333333,1.215808800000001,0.12664675000000009,"Rafael Devers","17350",646240
"Taylor Walls",2025,"FA,FC,FS,SI,CH,SL,CU,KC",378,0.25,0.6134453781512605,0.47883597883597884,0.5714285714285714,0.8698630136986302,0.8121546961325967,0.6296296296296297,0.08994708994708994,4.343305799999999,1.149022698412698,"Taylor Walls","22458",670764
"Jac Caglianone",2025,"FA,FC,SI,CH,SL,CU,KC",228,0.3853211009174312,0.5714285714285714,0.4824561403508772,0.47619047619047616,0.8529411764705882,0.7090909090909091,0.5219298245614035,0.14035087719298245,2.7048704,1.1863466666666667,"Jac Caglianone","35041",695506
"Angel Martínez",2025,"FA,FC,FS,SI,CH,SL,CU,KC",648,0.340625,0.5945121951219512,0.4691358024691358,0.6972477064220184,0.9025641025641026,0.8289473684210527,0.5061728395061729,0.08024691358024691,-2.9386517999999997,-0.45349564814814813,"Angel Martinez","26540",682657
"Andy Ibáñez",2025,"FA,FC,FS,SI,CH,SL,CU,KC,EP",512,0.288,0.6984732824427481,0.498046875,0.5833333333333334,0.9289617486338798,0.8313725490196079,0.51171875,0.083984375,1.9132982999999992,0.37369107421874986,"Andy Ibanez","18819",628451
"Jeremy Peña",2025,"FA,FC,FS,SI,CH,SL,CU,KC",353,0.39655172413793105,0.7262569832402235,0.5637393767705382,0.4492753623188406,0.8846153846153846,0.7336683417085427,0.5070821529745042,0.1501416430594901,-0.6541757999999998,-0.1853189235127478,"Jeremy Pena","21636",665161
"Ty France",2025,"FA,FC,FS,SI,CH,SL,CU,KC,EP",575,0.30313588850174217,0.75,0.5269565217391304,0.5977011494252874,0.8935185185185185,0.8085808580858086,0.5008695652173913,0.10086956521739131,1.8512406999999989,0.32195490434782587,"Ty France","17982",664034
"Alex Bregman",2025,"FA,FC,FS,SI,CH,SL,CU,KC,EP",542,0.16538461538461538,0.5602836879432624,0.37084870848708484,0.6744186046511628,0.9177215189873418,0.8656716417910447,0.5202952029520295,0.04981549815498155,-6.099985299999999,-1.1254585424354242,"Alex Bregman","17678",608324
"Austin Wells",2025,"FA,FC,FS,SI,CH,SL,CU,KC",572,0.30038022813688214,0.656957928802589,0.493006993006993,0.45569620253164556,0.8472906403940886,0.7375886524822695,0.5402097902097902,0.12937062937062938,2.9300222999999996,0.5122416608391608,"Austin Wells","27562",669224
"Max Schuemann",2025,"FA,FC,FS,SI,CH,SL,CU",248,0.2230769230769231,0.7966101694915254,0.4959677419354839,0.6551724137931034,0.8297872340425532,0.7886178861788617,0.47580645161290325,0.10483870967741936,6.345431400000002,2.5586416935483878,"Max Schuemann","24488",680474
"Luis Arraez",2025,"FA,FC,SI,CH,SL,CU,KC",760,0.3303030303030303,0.5953488372093023,0.48026315789473684,0.908256880733945,0.96484375,0.947945205479452,0.5657894736842105,0.025,6.508795899999999,0.8564205131578946,"Luis Arraez","18568",650333
"Xander Bogaerts",2025,"FA,FC,FS,SI,CH,SL,CU,KC",627,0.1958762886597938,0.5892857142857143,0.40669856459330145,0.5263157894736842,0.9191919191919192,0.8313725490196079,0.5358851674641149,0.0685805422647528,-0.4760080999999998,-0.07591835725677827,"Xander Bogaerts","12161",593428
"Darell Hernaiz",2025,"FA,FC,FS,SI,CH,SL,CU",219,0.29896907216494845,0.6311475409836066,0.4840182648401826,0.7586206896551724,0.8571428571428571,0.8301886792452831,0.5570776255707762,0.0821917808219178,-1.8263723,-0.8339599543378996,"Darell Hernaiz","26224",687231
"Miguel Vargas",2025,"FA,FC,FS,SI,CH,SL,CU,KC",630,0.23934426229508196,0.6676923076923077,0.4603174603174603,0.726027397260274,0.880184331797235,0.8413793103448276,0.5158730158730159,0.07301587301587302,-1.133952800000001,-0.1799925079365081,"Miguel Vargas","20178",678246
"Edgar Quero",2025,"FA,FC,FS,SI,CH,SL,CU,KC",510,0.21777777777777776,0.631578947368421,0.44901960784313727,0.7551020408163265,0.8833333333333333,0.8558951965065502,0.5588235294117647,0.06470588235294118,-5.8859490999999995,-1.1541076666666665,"Edgar Quero","28022",700337
"Gleyber Torres",2025,"FA,FC,FS,SI,CH,SL,CU,KC",764,0.17277486910994763,0.5706806282722513,0.3717277486910995,0.5757575757575758,0.9036697247706422,0.8274647887323944,0.5,0.06413612565445026,-9.620225500000002,-1.259191819371728,"Gleyber Torres","16997",650402
"Brooks Lee",2025,"FA,FC,FS,SI,CH,SL,CU,KC",640,0.33225806451612905,0.6454545454545455,0.49375,0.3786407766990291,0.9014084507042254,0.7310126582278481,0.515625,0.1328125,2.6483014999999996,0.41379710937499997,"Brooks Lee","31595",686797
"Spencer Torkelson",2025,"FA,FC,FS,SI,CH,SL,CU,KC",769,0.21372031662269128,0.658974358974359,0.43953185955786733,0.4567901234567901,0.8599221789883269,0.7633136094674556,0.5071521456436932,0.10403120936280884,-8.974017199999999,-1.1669723276983093,"Spencer Torkelson","27465",679529
"Kyle Stowers",2025,"FA,FC,FS,SI,CH,SL,CU,KC",359,0.3273809523809524,0.7591623036649214,0.5571030640668524,0.4727272727272727,0.8137931034482758,0.72,0.532033426183844,0.15598885793871867,0.7150173000000004,0.19916916434540405,"Kyle Stowers","26151",669065
"Lenyn Sosa",2025,"FA,FC,FS,SI,CH,SL,CU,KC",546,0.45422535211267606,0.5954198473282443,0.521978021978022,0.751937984496124,0.8653846153846154,0.8140350877192982,0.47985347985347987,0.09706959706959707,0.8107165000000007,0.14848287545787558,"Lenyn Sosa","22896",672820
"Cody Bellinger",2025,"FA,FC,FS,SI,CH,SL,CU,KC",693,0.2555205047318612,0.6196808510638298,0.4531024531024531,0.6172839506172839,0.9184549356223176,0.8407643312101911,0.5425685425685426,0.07215007215007214,-15.914890499999998,-2.2965209956709955,"Cody Bellinger","15998",641355
"José Ramírez",2025,"FA,FC,FS,SI,CH,SL,CU,KN,KC",737,0.2861111111111111,0.6710875331564987,0.4830393487109905,0.7281553398058253,0.9209486166007905,0.8651685393258427,0.5115332428765265,0.06512890094979647,-8.729246299999998,-1.1844296200814108,"Jose Ramirez","13510",608070
"Matt Shaw",2025,"FA,FC,FS,SI,CH,SL,CU,KC",443,0.328042328042328,0.6496062992125984,0.5124153498871332,0.7419354838709677,0.8909090909090909,0.8502202643171806,0.5733634311512416,0.07674943566591422,-2.621867899999999,-0.5918437697516927,"Matt Shaw","33322",807713
"Max Muncy",2025,"FA,FC,FS,SI,CH,SL,CU,KC",336,0.22839506172839505,0.6264367816091954,0.43452380952380953,0.4594594594594595,0.8348623853211009,0.7397260273972602,0.5178571428571429,0.1130952380952381,4.945174799999999,1.471778214285714,"Max Muncy","13301",571970
"Jeff McNeil",2025,"FA,FC,FS,SI,CH,SL,CU,KC",414,0.2698412698412698,0.7022222222222222,0.5048309178743962,0.49019607843137253,0.9050632911392406,0.8038277511961722,0.5434782608695652,0.09903381642512077,-0.24782369999999954,-0.05986079710144916,"Jeff McNeil","15362",643446
"Cal Raleigh",2025,"FA,FC,FS,SI,CH,SL,CU,KC",830,0.35714285714285715,0.7358490566037735,0.5506024096385542,0.4689655172413793,0.7788461538461539,0.6805251641137856,0.5108433734939759,0.17590361445783131,-18.304729199999997,-2.2053890602409636,"Cal Raleigh","21534",663728
"Joey Bart",2025,"FA,FC,FS,SI,CH,SL,CU,KC",341,0.2265193370165746,0.63125,0.41642228739002934,0.43902439024390244,0.8316831683168316,0.7183098591549296,0.46920821114369504,0.11730205278592376,-5.0630152000000015,-1.4847551906158363,"Joey Bart","21524",663698
"Michael Harris II",2025,"FA,FC,FS,SI,CH,SL,CU,KC",593,0.39568345323741005,0.653968253968254,0.5328836424957841,0.4636363636363636,0.8592233009708737,0.7215189873417721,0.5311973018549747,0.14839797639123103,6.3431079000000015,1.0696640640809445,"Michael Harris II","25931",671739
"Bryce Johnson",2025,"FA,FC,FS,SI,CH,SL,CU",125,0.37681159420289856,0.5892857142857143,0.472,0.4230769230769231,0.8787878787878788,0.6779661016949152,0.448,0.152,0.27079129999999985,0.21663303999999986,"Bryce Johnson","20002",669369
"J.P. Crawford",2025,"FA,FC,FS,SI,CH,SL,CU,KC",850,0.1780821917808219,0.6082474226804123,0.4235294117647059,0.6461538461538462,0.8406779661016949,0.8055555555555556,0.5705882352941176,0.08235294117647059,2.656080599999999,0.3124800705882351,"J.P. Crawford","15491",641487
"Yandy Díaz",2025,"FA,FC,FS,SI,CH,SL,CU",694,0.2598187311178248,0.6584022038567493,0.46829971181556196,0.7558139534883721,0.9330543933054394,0.8861538461538462,0.5230547550432276,0.053314121037463975,-11.523995699999999,-1.6605181123919306,"Yandy Diaz","16578",650490
"James Wood",2025,"FA,FC,FS,SI,CH,SL,CU,KC",921,0.26851851851851855,0.6012269938650306,0.44516829533116176,0.41379310344827586,0.7925170068027211,0.6853658536585366,0.5309446254071661,0.14006514657980457,-4.050559500000006,-0.4398001628664501,"James Wood","29518",695578
"Brady House",2025,"FA,FC,FS,SI,CH,SL,CU",288,0.36,0.7177914110429447,0.5625,0.37777777777777777,0.7777777777777778,0.6666666666666666,0.5659722222222222,0.1875,8.3990157,2.916324895833333,"Brady House","29993",691781
"Jacob Wilson",2025,"FA,FC,FS,SI,CH,SL,CU,KC",418,0.3114754098360656,0.7361702127659574,0.5502392344497608,0.9298245614035088,0.9653179190751445,0.9565217391304348,0.562200956937799,0.023923444976076555,-5.3944558,-1.2905396650717704,"Jacob Wilson","33266",805779
"Johan Rojas",2025,"FA,FC,FS,SI,CH,SL,CU,KN,KC,EP",278,0.3404255319148936,0.6131386861313869,0.4748201438848921,0.6875,0.8928571428571429,0.8181818181818182,0.49280575539568344,0.08633093525179857,2.918549099999999,1.0498378057553954,"Johan Rojas","24336",679032
"Josh Naylor",2025,"FA,FC,FS,SI,CH,SL,CU,KC",649,0.40718562874251496,0.6698412698412698,0.5346687211093991,0.5588235294117647,0.8436018957345972,0.7319884726224783,0.48536209553158705,0.14329738058551617,-0.17747859999999893,-0.027346471494606922,"Josh Naylor","18839",647304
"Randal Grichuk",2025,"FA,FC,FS,SI,CH,SL,CU,KC",657,0.3311897106109325,0.661849710982659,0.5053272450532724,0.5631067961165048,0.9170305676855895,0.8072289156626506,0.5266362252663622,0.0974124809741248,3.3913555000000053,0.5161880517503813,"Randal Grichuk","10243",545341
"Jung Hoo Lee",2025,"FA,FC,SI,CH,SL,CU,KC",648,0.2748091603053435,0.5803108808290155,0.4567901234567901,0.6527777777777778,0.9241071428571429,0.8581081081081081,0.595679012345679,0.06481481481481481,3.4605245,0.5340315586419753,"Jung Hoo Lee","33824",808982
"Mookie Betts",2025,"FA,FC,FS,SI,CH,SL,CU,KC",701,0.24793388429752067,0.5769230769230769,0.4065620542082739,0.7111111111111111,0.9333333333333333,0.8631578947368421,0.48216833095577744,0.05563480741797432,-0.6840339999999978,-0.09757974322396545,"Mookie Betts","13611",605141
"Marcus Semien",2025,"FA,FC,FS,SI,CH,SL,CU,KC",581,0.21621621621621623,0.7052631578947368,0.45611015490533563,0.484375,0.8507462686567164,0.7622641509433963,0.4905335628227194,0.10843373493975904,3.6385909000000005,0.6262634939759036,"Marcus Semien","12533",543760
"Adolis García",2025,"FA,FC,FS,SI,CH,SL,CU,KC",601,0.34965034965034963,0.6698412698412698,0.5174708818635607,0.59,0.7772511848341233,0.7170418006430869,0.5241264559068219,0.1464226289517471,6.147060999999997,1.0228054908485853,"Adolis Garcia","19287",666969
"Oneil Cruz",2025,"FA,FC,FS,SI,CH,SL,CU,KC",479,0.2727272727272727,0.6093023255813953,0.42379958246346555,0.3611111111111111,0.7480916030534351,0.6108374384236454,0.4488517745302714,0.1649269311064718,12.482164299999997,2.605879812108559,"Oneil Cruz","21711",665833
"Victor Scott II",2025,"FA,FC,FS,SI,CH,SL,CU,KC",461,0.19801980198019803,0.637065637065637,0.44468546637744033,0.275,0.8424242424242424,0.7317073170731707,0.561822125813449,0.1193058568329718,7.597355600000002,1.6480163991323213,"Victor Scott II","31349",687363
"Jonah Heim",2025,"FA,FC,FS,SI,CH,SL,CU,KC",531,0.292,0.697508896797153,0.5065913370998116,0.6164383561643836,0.8367346938775511,0.7769516728624535,0.5291902071563088,0.11299435028248588,5.5314191,1.0416985122410545,"Jonah Heim","16930",641680
"Josh Smith",2025,"FA,FC,FS,SI,CH,SL,CU,KC",508,0.29130434782608694,0.6294964028776978,0.4763779527559055,0.5373134328358209,0.8,0.7272727272727273,0.547244094488189,0.12992125984251968,7.567176399999998,1.4896016535433068,"Josh Smith","26396",669701
"Dylan Carlson",2025,"FA,FC,FS,SI,CH,SL,CU,KC",280,0.23684210526315788,0.6686746987951807,0.4928571428571429,0.48148148148148145,0.8468468468468469,0.7753623188405797,0.5928571428571429,0.11071428571428571,4.7347323999999995,1.6909758571428568,"Dylan Carlson","20126",666185
"Daulton Varsho",2025,"FA,FC,FS,SI,CH,SL,CU",208,0.28421052631578947,0.7522123893805309,0.5384615384615384,0.5555555555555556,0.788235294117647,0.7321428571428571,0.5432692307692307,0.14423076923076922,-0.03222899999999995,-0.015494711538461515,"Daulton Varsho","19918",662139
"Steven Kwan",2025,"FA,FC,FS,SI,CH,SL,CU,KC",845,0.23676880222841226,0.5679012345679012,0.4272189349112426,0.7647058823529411,0.9710144927536232,0.9224376731301939,0.5751479289940828,0.033136094674556214,8.692684000000003,1.0287200000000003,"Steven Kwan","24610",680757
"Tyler Fitzgerald",2025,"FA,FC,FS,SI,CH,SL,CU,KC",311,0.29518072289156627,0.7379310344827587,0.5016077170418006,0.4489795918367347,0.7757009345794392,0.6730769230769231,0.4662379421221865,0.1639871382636656,0.10353280000000031,0.033290289389067626,"Tyler Fitzgerald","26208",666149
"Francisco Lindor",2025,"FA,FC,FS,SI,CH,SL,CU,KC",894,0.28438228438228436,0.6666666666666666,0.48322147651006714,0.7131147540983607,0.8870967741935484,0.8379629629629629,0.5201342281879194,0.07829977628635347,2.1744256000000037,0.24322434004474314,"Francisco Lindor","12916",596019
"Xavier Edwards",2025,"FA,FC,FS,SI,CH,SL,CU,KC",729,0.2782874617737003,0.654228855721393,0.48559670781893005,0.7472527472527473,0.9201520912547528,0.8757062146892656,0.551440329218107,0.06035665294924554,7.7484398,1.0628861179698217,"Xavier Edwards","22266",669364
"Gunnar Henderson",2025,"FA,FC,FS,SI,CH,SL,CU,KC",829,0.2356164383561644,0.6163793103448276,0.4487334137515078,0.47674418604651164,0.8391608391608392,0.7553763440860215,0.5597104945717732,0.1097708082026538,7.956548699999997,0.9597766827503013,"Gunnar Henderson","26289",683002
"Otto Lopez",2025,"FA,FC,FS,SI,CH,SL,CU,KC",720,0.27575757575757576,0.6256410256410256,0.4652777777777778,0.6153846153846154,0.889344262295082,0.8149253731343283,0.5416666666666666,0.08611111111111111,12.366565300000001,1.7175785138888893,"Otto Lopez","19608",672640
"Geraldo Perdomo",2025,"FA,FC,FS,SI,CH,SL,CU,KC",873,0.19845360824742267,0.5773195876288659,0.40893470790378006,0.8441558441558441,0.9785714285714285,0.9495798319327731,0.5555555555555556,0.020618556701030927,-14.453672100000002,-1.655632542955327,"Geraldo Perdomo","22799",672695
"Josh Jung",2025,"FA,FC,FS,SI,CH,SL,CU,KC",584,0.35785953177257523,0.7333333333333333,0.541095890410959,0.6822429906542056,0.8421052631578947,0.7879746835443038,0.488013698630137,0.11472602739726027,3.3704374999999973,0.5771297089041091,"Josh Jung","26299",673962
"Lourdes Gurriel Jr.",2025,"FA,FC,FS,SI,CH,SL,CU,KC",560,0.36496350364963503,0.7552447552447552,0.5642857142857143,0.67,0.9027777777777778,0.8291139240506329,0.5107142857142857,0.09642857142857143,-2.9095106000000013,-0.5195554642857145,"Lourdes Gurriel Jr.","19238",666971
"Bryce Harper",2025,"FA,FC,FS,SI,CH,SL,CU,KN,KC",850,0.3919491525423729,0.828042328042328,0.5858823529411765,0.4972972972972973,0.7763578274760383,0.6726907630522089,0.4447058823529412,0.19176470588235295,-6.971085699999998,-0.8201277294117645,"Bryce Harper","11579",547180
"Vinnie Pasquantino",2025,"FA,FC,SI,CH,SL,CU,KC",622,0.323943661971831,0.6627218934911243,0.5080385852090032,0.6195652173913043,0.8839285714285714,0.8069620253164557,0.5434083601286174,0.09807073954983923,6.574469200000001,1.056988617363344,"Vinnie Pasquantino","27676",686469
"Alejandro Kirk",2025,"FA,FC,FS,SI,CH,SL,CU,KC,EP",558,0.3208955223880597,0.6,0.4659498207885305,0.7209302325581395,0.896551724137931,0.8384615384615385,0.5197132616487455,0.07526881720430108,-1.790813900000001,-0.32093439068100377,"Alejandro Kirk","22581",672386
"Starling Marte",2025,"FA,FC,FS,SI,CH,SL,CU,KC",583,0.2923076923076923,0.6594427244582043,0.4957118353344768,0.47368421052631576,0.8732394366197183,0.7681660899653979,0.5540308747855918,0.11492281303602059,1.2156004000000007,0.20850778730703273,"Starling Marte","9241",516782
"Nick Maton",2025,"FA,CH,SL,CU",5,0,0,0,0,0,0,0.4,0,-0.31946949999999996,-6.389389999999999,"Nick Maton","21635",665155
"Tsung-Che Cheng",2025,"SL",3,1,0.5,0.6666666666666666,0,0,0,0.6666666666666666,0.6666666666666666,0.271119,9.0373,"Tsung-Che Cheng","28344",691907
"Drew Romo",2025,"FS,SI,SL",7,0.8333333333333334,0,0.7142857142857143,0,0,0,0.14285714285714285,0.7142857142857143,0.5163599000000001,7.376570000000002,"Drew Romo","27763",691011
"Chad Stevens",2025,"FA,FC,CH,SL,CU",15,0.6,0.7,0.6666666666666666,0.3333333333333333,1,0.8,0.6666666666666666,0.13333333333333333,0.8004173000000001,5.336115333333334,"Chad Stevens","29614",677060
"Ryan Noda",2025,"FA,FC,SI,SL,KC",22,0.26666666666666666,0.42857142857142855,0.3181818181818182,0.25,0.3333333333333333,0.2857142857142857,0.3181818181818182,0.22727272727272727,0.4809475,2.186125,"Ryan Noda","23312",676116
"Tristan Peters",2025,"FA,FC",7,0,0.5714285714285714,0.5714285714285714,0,0,0,1,0.5714285714285714,0.5422379,7.746255714285715,"Tristan Peters","30063",671976
"David Bañuelos",2025,"SI,CU",7,0.4,1,0.5714285714285714,0.5,0,0.25,0.2857142857142857,0.42857142857142855,0.271118,3.873114285714286,"David Banuelos","23250",675915
"Shinnosuke Ogasawara",2025,"FC,CU",3,0,0,0,0,0,0,1,0,0.25818,8.606000000000002,"Shinnosuke Ogasawara","35324",829272
"Kenedy Corona",2025,"FA,CH",4,0,0,0,0,0,0,0.25,0,-0.3194686,-7.986715,"Kenedy Corona","26244",685744
"Trevor Rogers",2025,"FC,SI,SL",6,0,0.25,0.16666666666666666,0,0,0,0.6666666666666666,0.16666666666666666,0.51636,8.606000000000002,"Trevor Rogers","22286",669432
"Moisés Ballesteros",2025,"FA,FC,SI,SL",19,0.25,0.42857142857142855,0.3157894736842105,0.3333333333333333,0,0.16666666666666666,0.3684210526315789,0.2631578947368421,-0.0967004000000001,-0.5089494736842111,"Moises Ballesteros","28820",694208
"CJ Alexander",2025,"FC",5,0,0.6666666666666666,0.4,0,0,0,0.6,0.4,0.2711184,5.422368,"CJ Alexander","20557",680769
"Trenton Brooks",2025,"FA,SI,SL",9,0.4,0.75,0.5555555555555556,0.5,1,0.8,0.4444444444444444,0.1111111111111111,0.5292993,5.881103333333334,"Trenton Brooks","19384",670092
"Jhostynxon Garcia",2025,"FA,FC,SI,CH,SL,CU",32,0.25,0.5833333333333334,0.375,0.2,0.7142857142857143,0.5,0.375,0.1875,-0.33821880000000026,-1.056933750000001,"Jhostynxon Garcia","28142",691373
"Luis Guillorme",2025,"FA,SI,CU",19,0.1111111111111111,0.8,0.47368421052631576,1,0.625,0.6666666666666666,0.5263157894736842,0.15789473684210525,1.3297261,6.998558421052632,"Luis Guillorme","16451",641645
"Garrett Stubbs",2025,"FA,FC,SI",4,0,1,0.75,0,1,1,0.75,0,0.21707590000000002,5.426897500000001,"Garrett Stubbs","18067",596117
"Sam Hilliard",2025,"FA,SI,SL,CU",16,0.3,0.5,0.375,0,1,0.5,0.375,0.1875,0.5589819,3.493636875,"Sam Hilliard","17954",656541
"Vimael Machín",2025,"FA,SL",6,1,0.3333333333333333,0.6666666666666666,0.6666666666666666,1,0.75,0.5,0.16666666666666666,0.5125442,8.542403333333333,"Vimael Machin","17684",605353
"Gage Workman",2025,"SL",2,0,1,0.5,0,1,1,0.5,0,0.2543634,12.71817,"Gage Workman","27573",669398
"Trey Lipscomb",2025,"FA,SL",3,0,0.6666666666666666,0.6666666666666666,0,1,1,1,0,-0.466378,-15.545933333333334,"Trey Lipscomb","31567",702358
"Will Banfield",2025,"FA,SL",4,0.5,1,0.75,1,0.5,0.6666666666666666,0.5,0.25,0.7874889,19.6872225,"Will Banfield","23790",677943
"Jordyn Adams",2025,"SL",1,0,1,1,0,1,1,1,0,0.217076,21.7076,"Jordyn Adams","23788",677941
"Rhylan Thomas",2025,"FA",1,0,1,1,0,1,1,1,0,0.0555888,5.55888,"Rhylan Thomas","31793",689041
"Jacob Hurtubise",2025,"CU",3,0.5,1,0.6666666666666666,1,1,1,0.3333333333333333,0,0.217076,7.2358666666666664,"Jacob Hurtubise","27599",674441
"Dustin Harris",2025,"FA,CH,SL,CU",8,0.25,0.5,0.375,1,1,1,0.5,0,0.5125438,6.4067975,"Dustin Harris","25705",687957
"Jihwan Bae",2025,"FA,FC,SI,SL,CU",15,0.7,0.4,0.6,0.2857142857142857,0.5,0.3333333333333333,0.3333333333333333,0.4,1.0304328,6.869552,"Jihwan Bae","23818",678225
"Billy McKinney",2025,"FA,SI",5,0,0.5,0.4,0,1,1,0.8,0,0.2543634,5.087268,"Billy McKinney","15654",641856
"J.D. Davis",2025,"FA,SI,SL",3,0,0.5,0.3333333333333333,0,1,1,0.6666666666666666,0,0.2170758,7.235860000000001,"J.D. Davis","16219",605204
"Petey Halpin",2025,"SI",1,1,0,1,1,0,1,0,0,-0.466378,-46.6378,"Petey Halpin","27931",690984
"C.J. Stubbs",2025,"FA,SI,CH,CU",4,0,0.6666666666666666,0.5,0,1,1,0.75,0,0.2543639,6.359097499999999,"C.J. Stubbs","25814",667690
"Niko Kavadas",2025,"FA,FC,SI,SL",18,0.5,0.4,0.4444444444444444,0.25,1,0.625,0.5555555555555556,0.16666666666666666,1.0894937,6.0527427777777785,"Niko Kavadas","29782",694359
"Tyler Alexander",2025,"FA",3,1,0.5,0.6666666666666666,1,1,1,0.6666666666666666,0,0.1766668,5.888893333333334,"Tyler Alexander","17735",641302
"Aramis Garcia",2025,"FA,SL",7,0,0.75,0.42857142857142855,0,1,1,0.5714285714285714,0,0.560194,8.002771428571428,"Aramis Garcia","16925",605244
"Drew Avans",2025,"FC,SI,SL",12,0.42857142857142855,0.8,0.5833333333333334,0.6666666666666666,1,0.8571428571428571,0.4166666666666667,0.08333333333333333,0.6923316,5.769430000000001,"Drew Avans","25183",682183
"Michael Stefanic",2025,"FA,FC,SI,CH,SL",20,0.21428571428571427,0.3333333333333333,0.25,0.3333333333333333,0.5,0.4,0.3,0.15,0.6942092,3.471046,"Michael Stefanic","25353",683021
"Jonathan Ornelas",2025,"FA,FC,SI,CH,SL,CU",11,0,0.6,0.2727272727272727,0,1,1,0.45454545454545453,0,-0.5687701000000001,-5.170637272727274,"Jonathan Ornelas","24597",680716
"Jarred Kelenic",2025,"FA,SI,SL,CU",27,0.15384615384615385,0.6428571428571429,0.4074074074074074,0,0.5555555555555556,0.45454545454545453,0.5185185185185185,0.2222222222222222,1.5429749999999998,5.714722222222221,"Jarred Kelenic","22558",672284
"Jose Siri",2025,"FA,FC,SI,CH,SL,CU",66,0.30303030303030304,0.7272727272727273,0.5151515151515151,0.4,0.625,0.5588235294117647,0.5,0.22727272727272727,2.3736882,3.5964972727272726,"Jose Siri","17452",642350
"Omar Narváez",2025,"FA,FC,SI,CU",12,0,0.5714285714285714,0.3333333333333333,0,1,1,0.5833333333333334,0,0.8487563,7.072969166666667,"Omar Narvaez","13338",553882
"Keston Hiura",2025,"FA,CH,CU",16,0.14285714285714285,0.7777777777777778,0.5,0,0.7142857142857143,0.625,0.5625,0.1875,0.3302236,2.0638975,"Keston Hiura","20003",669374
"Tristin English",2025,"FA,SI,SL,CU,KC",19,0.5555555555555556,0.4,0.47368421052631576,0.8,1,0.8888888888888888,0.5263157894736842,0.05263157894736842,1.0613278,5.585935789473684,"Tristin English","26148",663536
"Jared Young",2025,"SI,SL,CU",4,0,0.5,0.5,0,1,1,1,0,-0.21201360000000002,-5.30034,"Jared Young","20404",676724
"Grant McCray",2025,"FA,FC,SI,CH,SL",18,0.375,0.7,0.5555555555555556,0,1,0.7,0.5555555555555556,0.16666666666666666,0.9634503000000001,5.352501666666668,"Grant McCray","25690",687529
"Seth Brown",2025,"FA,FC,SI,SL",32,0.5,0.5625,0.53125,0.375,0.5555555555555556,0.47058823529411764,0.5,0.28125,1.5429754,4.821798125,"Seth Brown","18171",664913
"Jon Singleton",2025,"FA,SL",5,0,0.6666666666666666,0.4,0,1,1,0.6,0,0.4341522,8.683043999999999,"Jon Singleton","10441",572138
"Jace Jung",2025,"FA,SI,CH,CU",7,0,0.4,0.2857142857142857,0,1,1,0.7142857142857143,0,1.0045647,14.350924285714287,"Jace Jung","31437",690291
"Akil Baddoo",2025,"SI",3,1,1,1,0,1,0.6666666666666666,0.6666666666666666,0.3333333333333333,-0.5164538000000001,-17.21512666666667,"Akil Baddoo","22168",668731
"Sergio Alcántara",2025,"FA,CH,SL",11,0.2,0.6666666666666666,0.45454545454545453,1,0.75,0.8,0.5454545454545454,0.09090909090909091,0.5905759,5.368871818181819,"Sergio Alcantara","16417",642727
"Nicky Lopez",2025,"FA,SI,SL",7,0,0.5,0.2857142857142857,0,1,1,0.5714285714285714,0,0.5563775,7.94825,"Nicky Lopez","19339",670032
"Maverick Handley",2025,"FA,FC,SI,CH,SL,CU",34,0.15789473684210525,0.6,0.35294117647058826,0.6666666666666666,0.6666666666666666,0.6666666666666666,0.4411764705882353,0.11764705882352941,0.42488659999999995,1.2496664705882352,"Maverick Handley","26106",668974
"Carter Kieboom",2025,"FA,SI,CH,SL",8,0.5,1,0.75,0.5,1,0.8333333333333334,0.5,0.125,0.4714404,5.893005,"Carter Kieboom","19958",666198
"Bryan Ramos",2025,"FA,SI,CH",5,0,0.8,0.8,0,0.75,0.75,1,0.2,-0.553742,-11.07484,"Bryan Ramos","25621",682868
"Steward Berroa",2025,"FA,SI,CH,SL",21,0.1,0.36363636363636365,0.23809523809523808,1,0.5,0.6,0.5238095238095238,0.09523809523809523,0.4474383,2.1306585714285715,"Steward Berroa","22766",672642
"Michael Siani",2025,"SI,SL,CU",7,0.3333333333333333,0.75,0.5714285714285714,0,1,0.75,0.5714285714285714,0.14285714285714285,0.7296195,10.423135714285714,"Michael Siani","22557",672279
"Harry Ford",2025,"FA,CH,SL",16,0.5555555555555556,0.7142857142857143,0.625,0,1,0.5,0.4375,0.3125,0.8392511,5.245319375,"Harry Ford","29958",695670
"Bryce Eldridge",2025,"FA,SL",7,0.4,1,0.5714285714285714,0,1,0.5,0.2857142857142857,0.2857142857142857,0.5563778,7.948254285714286,"Bryce Eldridge","33390",805811
"Chuckie Robinson",2025,"FA,CU",4,0,1,0.5,0,1,1,0.5,0,0.4820554,12.051385,"Chuckie Robinson","19824",642020
"Donovan Walton",2025,"SI,SL",3,0,1,0.6666666666666666,0,1,1,0.6666666666666666,0,0.4714394,15.714646666666669,"Donovan Walton","19314",622268
"Connor Kaiser",2025,"FA,FC,FS,CH,CU,KC",16,0.3333333333333333,0.6,0.5,0,0.6666666666666666,0.5,0.625,0.25,0.28014700000000003,1.7509187500000003,"Connor Kaiser","21535",663731
"Tucker Barnhart",2025,"FA,FC,SI,CH,SL",21,0.25,0.6666666666666666,0.42857142857142855,1,1,1,0.42857142857142855,0,1.7752897,8.453760476190476,"Tucker Barnhart","10200",571466
"Jesse Winker",2025,"FA,FC,SI,SL,KC",22,0.14285714285714285,0.7333333333333333,0.5454545454545454,0,0.9090909090909091,0.8333333333333334,0.6818181818181818,0.09090909090909091,-0.2440817,-1.109462272727273,"Jesse Winker","13590",608385
"Blake Sabol",2025,"FA,SI,SL,CU",18,0.6,0.6153846153846154,0.6111111111111112,0.6666666666666666,0.75,0.7272727272727273,0.7222222222222222,0.16666666666666666,1.0190399,5.661332777777779,"Blake Sabol","25805",666165
"Mason McCoy",2025,"FA,FC,FS,SI,SL",20,0.1,0.4,0.25,1,0.75,0.8,0.5,0.05,-0.25249000000000005,-1.2624500000000003,"Mason McCoy","22232",669200
"Anthony Seigler",2025,"FA,SI,SL,CU",15,0,0.5454545454545454,0.4,0,0.6666666666666666,0.6666666666666666,0.7333333333333333,0.13333333333333333,-0.3725615,-2.4837433333333334,"Anthony Seigler","23802",678011
"Denzer Guzman",2025,"FA,FC,SI,CH,SL,CU,KC",37,0.5263157894736842,0.6666666666666666,0.5945945945945946,0.3,0.75,0.5454545454545454,0.4864864864864865,0.2702702702702703,2.0684582000000002,5.590427567567568,"Denzer Guzman","28816",694203
"Dairon Blanco",2025,"FA,FC,SI,CH,SL,CU",23,0.2727272727272727,0.5833333333333334,0.43478260869565216,0.6666666666666666,0.5714285714285714,0.6,0.5217391304347826,0.17391304347826086,-0.4121763000000001,-1.7920708695652179,"Dairon Blanco","19779",680118
"Rafael Flores Jr.",2025,"FA,SI,CH,SL,CU,KC",47,0.52,0.6818181818181818,0.5957446808510638,0.5384615384615384,0.6,0.5714285714285714,0.46808510638297873,0.2553191489361702,0.8780215,1.86813085106383,"Rafael Flores Jr.","31991",804668
"Sandy León",2025,"FA,SI,CH,CU",11,0.25,0.7142857142857143,0.5454545454545454,1,0.8,0.8333333333333334,0.6363636363636364,0.09090909090909091,1.07877,9.807,"Sandy Leon","5273",506702
"Dom Nuñez",2025,"FA,SI,SL,CU",24,0.2,0.5,0.375,0,0.5714285714285714,0.4444444444444444,0.5833333333333334,0.20833333333333334,0.19093559999999998,0.795565,"Dom Nunez","15055",624513
"Sebastián Rivero",2025,"FA,FC,FS,SI,CH,SL,CU",17,0.375,0.6666666666666666,0.5294117647058824,0.3333333333333333,0.8333333333333334,0.6666666666666666,0.5294117647058824,0.17647058823529413,-0.012393500000000057,-0.07290294117647092,"Sebastian Rivero","21735",665861
"Owen Miller",2025,"FA,FC,FS,SI,CH,SL,CU,KC",37,0.38095238095238093,0.5,0.43243243243243246,0.75,1,0.875,0.43243243243243246,0.05405405405405406,1.065632,2.880086486486486,"Owen Miller","24655",680911
"Adrian Del Castillo",2025,"FA,FC,SI,CH,SL,CU",39,0.3125,0.5217391304347826,0.4358974358974359,0.6,0.6666666666666666,0.6470588235294118,0.5897435897435898,0.15384615384615385,1.5319321000000001,3.928031025641026,"Adrian Del Castillo","29554",680728
"Nick Martini",2025,"FA,SI,SL,CU",23,0.2727272727272727,0.75,0.5217391304347826,1,0.8888888888888888,0.9166666666666666,0.5217391304347826,0.043478260869565216,0.6710612999999999,2.917657826086956,"Nick Martini","12005",605361
"Zach Cole",2025,"FA,FC,SI,CH,SL,CU",51,0.19230769230769232,0.56,0.37254901960784315,0.4,0.5,0.47368421052631576,0.49019607843137253,0.19607843137254902,0.33526690000000003,0.6573860784313725,"Zach Cole","31583",805904
"Billy Cook",2025,"FA,SI,CH,SL",15,0.5714285714285714,0.375,0.4666666666666667,0.75,1,0.8571428571428571,0.5333333333333333,0.06666666666666667,-0.46131550000000004,-3.0754366666666666,"Billy Cook","29573",695257
"César Salazar",2025,"FA,FC,SI,SL,CU,KC",21,0.5,1,0.6666666666666666,0.5714285714285714,1,0.7857142857142857,0.3333333333333333,0.14285714285714285,-0.9700748000000001,-4.61940380952381,"Cesar Salazar","21587",663967
"Brice Matthews",2025,"FA,FC,SI,CH,SL,CU",55,0.20689655172413793,0.6153846153846154,0.4,0.5,0.5625,0.5454545454545454,0.4727272727272727,0.18181818181818182,2.2371830000000004,4.067605454545455,"Brice Matthews","33280",694728
"Cam Devanney",2025,"FA,FS,SI,CH,SL,CU",69,0.15384615384615385,0.7209302325581395,0.5072463768115942,0,0.7419354838709677,0.6571428571428571,0.6231884057971014,0.17391304347826086,1.1951944999999997,1.7321659420289852,"Cam Devanney","25688",687478
"Luke Williams",2025,"FA,SI,CH,SL,CU",26,0.5555555555555556,0.7058823529411765,0.6538461538461539,0.2,0.75,0.5882352941176471,0.6538461538461539,0.2692307692307692,0.9676783999999998,3.7218399999999994,"Luke Williams","19931",663897
"Kevin Alcántara",2025,"FA,SI,CH,SL,CU",26,0.26666666666666666,0.7272727272727273,0.46153846153846156,0.5,0.75,0.6666666666666666,0.4230769230769231,0.15384615384615385,-0.12580270000000002,-0.48385653846153853,"Kevin Alcantara","25971",682634
"Matt Mervis",2025,"FA,SI,CH,SL,CU",34,0.21428571428571427,0.75,0.5294117647058824,0.6666666666666666,0.6,0.6111111111111112,0.5882352941176471,0.20588235294117646,-0.6719090999999996,-1.9762032352941166,"Matt Mervis","27845",670223
"Oliver Dunn",2025,"FA,SI,SL,CU",18,0.2222222222222222,0.5555555555555556,0.3888888888888889,1,0.8,0.8571428571428571,0.5,0.05555555555555555,1.444778,8.026544444444445,"Oliver Dunn","26295",686554
"Ryan Vilade",2025,"FA,FC,SI,CH,SL,CU,KC",47,0.38095238095238093,0.7307692307692307,0.574468085106383,0.5,0.8947368421052632,0.7777777777777778,0.5531914893617021,0.1276595744680851,2.1256790000000003,4.522721276595745,"Ryan Vilade","22165",668723
"George Valera",2025,"FA,SI,CH,SL",22,0.3333333333333333,0.5,0.4090909090909091,0.5,1,0.7777777777777778,0.45454545454545453,0.09090909090909091,2.1180493,9.627496818181818,"George Valera","22541",671655
"Carlos Cortes",2025,"FA,SI,SL,CU,KC",19,0.45454545454545453,0.625,0.5263157894736842,1,1,1,0.42105263157894735,0,-0.2069533,-1.0892278947368421,"Carlos Cortes","21842",666126
"Dominic Fletcher",2025,"FA,SI,CH,SL,CU",28,0.15384615384615385,0.7333333333333333,0.4642857142857143,1,1,1,0.5357142857142857,0,-0.052106899999999734,-0.1860960714285705,"Dominic Fletcher","26149",666150
"Jack Suwinski",2025,"FA,FC,SI,CH,SL,CU",29,0.2857142857142857,0.5333333333333333,0.41379310344827586,0.25,0.875,0.6666666666666666,0.5172413793103449,0.13793103448275862,1.6519674999999998,5.696439655172413,"Jack Suwinski","22244",669261
"Travis Jankowski",2025,"FA,FC,SI,SL,KC",26,0.5,0.35714285714285715,0.4230769230769231,0.3333333333333333,0.8,0.5454545454545454,0.5384615384615384,0.19230769230769232,0.24777260000000012,0.9529715384615389,"Travis Jankowski","13768",608671
"MJ Melendez",2025,"FA,SI,SL,CU",45,0.21739130434782608,0.5909090909090909,0.4,0.6,0.8461538461538461,0.7777777777777778,0.4888888888888889,0.08888888888888889,-0.5794089999999997,-1.287575555555555,"MJ Melendez","22197",669004
"Troy Johnston",2025,"FA,SI,SL",33,0.38461538461538464,0.8,0.6363636363636364,0.6,0.875,0.8095238095238095,0.6060606060606061,0.12121212121212122,1.3747968,4.1660509090909095,"Troy Johnston","26143",687859
"Jorbit Vivas",2025,"FA,SI,SL,CU",23,0.21428571428571427,0.6666666666666666,0.391304347826087,0.3333333333333333,1,0.7777777777777778,0.391304347826087,0.08695652173913043,-0.18469660000000007,-0.8030286956521743,"Jorbit Vivas","23917",678391
"Samad Taylor",2025,"FA,FC,SI,CH,SL,CU",18,0.42857142857142855,0.6363636363636364,0.5555555555555556,0.6666666666666666,0.8571428571428571,0.8,0.6111111111111112,0.1111111111111111,0.7716875000000001,4.287152777777778,"Samad Taylor","22274",669392
"Ali Sánchez",2025,"FA,FC,SI,CH,SL,CU,EP",26,0.36363636363636365,0.8,0.6153846153846154,0.5,0.9166666666666666,0.8125,0.5769230769230769,0.11538461538461539,-0.15533580000000002,-0.5974453846153847,"Ali Sanchez","18551",645305
"Austin Nola",2025,"FA,FC,FS,SI,CH,SL,CU",23,0.3076923076923077,0.7,0.4782608695652174,1,1,1,0.43478260869565216,0,0.8169039000000001,3.551756086956522,"Austin Nola","15941",543592
"Bobby Dalbec",2025,"FA,FC,SI,CH,SL,CU",36,0.15384615384615385,0.43478260869565216,0.3333333333333333,0,0.8,0.6666666666666666,0.6388888888888888,0.1111111111111111,0.9947378,2.763160555555556,"Bobby Dalbec","19966",666915
"Chadwick Tromp",2025,"FA,FC,SI,CH,SL,CU",23,0.38461538461538464,0.5,0.43478260869565216,0.8,1,0.9,0.43478260869565216,0.043478260869565216,-0.5894775999999998,-2.5629460869565213,"Chadwick Tromp","16953",644433
"Nick Ahmed",2025,"FA,CH,SL",22,0.5,0.7857142857142857,0.6818181818181818,0.25,0.5454545454545454,0.4666666666666667,0.6363636363636364,0.36363636363636365,1.5802832,7.183105454545455,"Nick Ahmed","12147",605113
"Jake Fraley",2025,"FA,FC,SI,SL",50,0.125,0.5,0.32,0.3333333333333333,0.9230769230769231,0.8125,0.52,0.06,0.19490439999999992,0.38980879999999984,"Jake Fraley","19260",641584
"Zach Dezenzo",2025,"FA,SI,CH,SL,CU",46,0.23076923076923078,0.75,0.45652173913043476,0.3333333333333333,0.6666666666666666,0.5714285714285714,0.43478260869565216,0.1956521739130435,-0.291749,-0.6342369565217391,"Zach Dezenzo","31562",701305
"Tim Elko",2025,"FA,FC,SI,CH,SL,CU,KC",79,0.3783783783783784,0.7380952380952381,0.569620253164557,0.21428571428571427,0.8064516129032258,0.6222222222222222,0.5316455696202531,0.21518987341772153,2.2249814000000008,2.816432151898735,"Tim Elko","31522",671284
"Coco Montes",2025,"FA,FC,CH,SL,CU",23,0.3333333333333333,0.45454545454545453,0.391304347826087,0.75,0.8,0.7777777777777778,0.4782608695652174,0.08695652173913043,0.5368474,2.3341191304347824,"Coco Montes","21547",663796
"Cavan Biggio",2025,"FA,FC,SI,SL,CU",35,0.21428571428571427,0.42857142857142855,0.34285714285714286,0.6666666666666666,0.7777777777777778,0.75,0.6,0.08571428571428572,0.8588177,2.453764857142857,"Cavan Biggio","19252",624415
"Austin Barnes",2025,"FA,CH,SL,CU",26,0.2,0.625,0.46153846153846156,0,1,0.8333333333333334,0.6153846153846154,0.07692307692307693,0.08300110000000005,0.31923500000000016,"Austin Barnes","12158",605131
"DaShawn Keirsey Jr.",2025,"FA,FC,SI,CH,SL,CU,KC,EP",91,0.3409090909090909,0.5957446808510638,0.4725274725274725,0.5333333333333333,0.7142857142857143,0.6511627906976745,0.5164835164835165,0.16483516483516483,3.5288923999999993,3.877903736263735,"DaShawn Keirsey Jr.","24496",680577
"Jimmy Crooks",2025,"FA,SI,SL,CU",31,0.2857142857142857,0.5882352941176471,0.45161290322580644,0.5,0.9,0.7857142857142857,0.5483870967741935,0.0967741935483871,-0.16909280000000004,-0.5454606451612904,"Jimmy Crooks","31354",699625
"Brett Wisely",2025,"FA,FC,SI,SL,CU,KC",37,0.3333333333333333,0.5263157894736842,0.43243243243243246,0.16666666666666666,0.8,0.5625,0.5135135135135135,0.1891891891891892,-0.00263559999999996,-0.007123243243243136,"Brett Wisely","27735",689172
"Rece Hinds",2025,"FA,FC,SI,CH,SL,CU,KC",82,0.4090909090909091,0.7105263157894737,0.5487804878048781,0.2777777777777778,0.5185185185185185,0.4222222222222222,0.4634146341463415,0.3170731707317073,4.9948341,6.091261097560976,"Rece Hinds","27493",677956
"Justin Foscue",2025,"FA,FC,SI,CH,SL",42,0.1875,0.6538461538461539,0.47619047619047616,1,0.8823529411764706,0.9,0.6190476190476191,0.047619047619047616,1.2641299999999998,3.009833333333333,"Justin Foscue","27501",679822
"Daniel Johnson",2025,"FA,SI,CH,SL,CU",24,0.45454545454545453,0.6923076923076923,0.5833333333333334,0.6,0.7777777777777778,0.7142857142857143,0.5416666666666666,0.16666666666666666,-0.023196300000000003,-0.09665125000000002,"Daniel Johnson","19643",669288
"Corey Julks",2025,"FA,SI,CH,SL,CU",29,0.36363636363636365,0.7222222222222222,0.5862068965517241,0.25,0.7692307692307693,0.6470588235294118,0.6206896551724138,0.20689655172413793,1.2178141999999998,4.1993593103448275,"Corey Julks","20311",667452
"Alex Freeland",2025,"FA,FC,FS,SI,CH,SL,CU",68,0.10344827586206896,0.5384615384615384,0.35294117647058826,1,0.5238095238095238,0.5833333333333334,0.5735294117647058,0.14705882352941177,1.5758962999999997,2.3174945588235287,"Alex Freeland","31665",690976
"Zac Veen",2025,"FA,FC,SI,CH,SL,CU",48,0.27586206896551724,0.8421052631578947,0.5,0.75,0.75,0.75,0.3958333333333333,0.125,1.4502058,3.0212620833333332,"Zac Veen","27770",691728
"Jorge Alfaro",2025,"FA,FC,CH,SL,CU",33,0.5384615384615384,0.95,0.7878787878787878,0.14285714285714285,0.8947368421052632,0.6923076923076923,0.6060606060606061,0.24242424242424243,-0.8851549000000001,-2.682287575757576,"Jorge Alfaro","12180",595751
"Sal Stewart",2025,"FA,SI,CH,SL,CU",20,0.36363636363636365,0.7777777777777778,0.55,1,0.7142857142857143,0.8181818181818182,0.45,0.1,-0.6442845999999998,-3.221422999999999,"Sal Stewart","31505",701398
"Brian Navarreto",2025,"FA,FC,SI,CH,SL,CU,KC",18,0.5,0.6666666666666666,0.6111111111111112,0.3333333333333333,0.75,0.6363636363636364,0.6666666666666666,0.2222222222222222,-0.9989455999999999,-5.5496977777777765,"Brian Navarreto","16398",640459
"Rob Brantly",2025,"FA,SI,CH,SL",19,0.5714285714285714,0.9166666666666666,0.7894736842105263,0.5,0.6363636363636364,0.6,0.631578947368421,0.3157894736842105,-0.36492349999999996,-1.9206499999999997,"Rob Brantly","10655",542963
"Nick Solak",2025,"FA,FC,SI,CH,SL,CU",21,0.625,0.6923076923076923,0.6666666666666666,0.8,0.6666666666666666,0.7142857142857143,0.6190476190476191,0.19047619047619047,1.1985282000000002,5.707277142857143,"Nick Solak","19294",669256
"Logan Davidson",2025,"FA,FC,SI,CH,SL,CU",28,0.2,0.7222222222222222,0.5357142857142857,0.5,0.9230769230769231,0.8666666666666667,0.6428571428571429,0.07142857142857142,-1.4886806999999997,-5.316716785714285,"Logan Davidson","25844",669722
"Jose F Miranda",2025,"FA,FC,SI,CH,SL,CU",61,0.5,0.6486486486486487,0.5901639344262295,0.5,0.8333333333333334,0.7222222222222222,0.6065573770491803,0.16393442622950818,3.1728642000000007,5.201416721311476,"Jose F Miranda","20538",669304
"Yanquiel Fernández",2025,"FA,FC,SI,CH,SL,CU",41,0.2777777777777778,0.782608695652174,0.5609756097560976,0.2,0.8333333333333334,0.6956521739130435,0.5609756097560976,0.17073170731707318,0.34938059999999993,0.8521478048780485,"Yanquiel Fernandez","28552",692585
"Endy Rodríguez",2025,"FA,FC,FS,SI,CH,SL,CU",41,0.2222222222222222,0.6521739130434783,0.4634146341463415,0.25,0.7333333333333333,0.631578947368421,0.5609756097560976,0.17073170731707318,0.05043540000000002,0.12301317073170737,"Endy Rodriguez","25332",682848
"Alan Trejo",2025,"FA,SI,CH,SL,CU",27,0.42857142857142855,0.7692307692307693,0.5925925925925926,0.5,0.9,0.75,0.48148148148148145,0.14814814814814814,2.5822136,9.563754074074076,"Alan Trejo","20056",676701
"José Azócar",2025,"FA,FC,SI,CH,SL,CU",34,0.25,0.6666666666666666,0.47058823529411764,0.75,1,0.9375,0.5294117647058824,0.029411764705882353,-0.9626045,-2.8311897058823527,"Jose Azocar","18821",640492
"Will Robertson",2025,"FA,FC,SI,CH,SL",34,0.4166666666666667,0.45454545454545453,0.4411764705882353,0.4,1,0.8,0.6470588235294118,0.08823529411764706,0.9350409999999998,2.7501205882352933,"Will Robertson","25467",683770
"Drew Millas",2025,"FA,FC,FS,SI,CH,SL,CU",57,0.1935483870967742,0.7307692307692307,0.43859649122807015,0.16666666666666666,0.7894736842105263,0.64,0.45614035087719296,0.15789473684210525,1.0552317,1.8512836842105262,"Drew Millas","25643",686452
"Bob Seymour",2025,"FA,FC,SI,SL,CU",73,0.5526315789473685,0.6571428571428571,0.6027397260273972,0.42857142857142855,0.8260869565217391,0.6363636363636364,0.4794520547945205,0.2191780821917808,1.7794330999999999,2.437579589041096,"Bob Seymour","30028",676044
"Scott Kingery",2025,"FA,FC,SI,CH,SL,CU",40,0.4666666666666667,0.8,0.675,0.7142857142857143,0.55,0.5925925925925926,0.625,0.275,1.0706323999999998,2.676580999999999,"Scott Kingery","17975",664068
"Kris Bryant",2025,"FA,FC,SI,CH,SL",49,0.15789473684210525,0.7333333333333333,0.5102040816326531,0,0.7727272727272727,0.68,0.6122448979591837,0.16326530612244897,1.8892319000000004,3.8555753061224496,"Kris Bryant","15429",592178
"José Barrero",2025,"FA,FC,SI,CH,SL,CU",55,0.3181818181818182,0.7575757575757576,0.5818181818181818,0.5714285714285714,0.92,0.84375,0.6,0.09090909090909091,1.7811306,3.2384192727272727,"Jose Barrero","23378",676480
"Ryan Bliss",2025,"FA,FC,SI,CH,SL,CU",58,0.07692307692307693,0.71875,0.43103448275862066,0.5,0.5217391304347826,0.52,0.5517241379310345,0.20689655172413793,1.2967504,2.235776551724138,"Ryan Bliss","29547",669208
"José Fermín",2025,"FA,FC,SI,CH,SL,CU",42,0.17647058823529413,0.48,0.35714285714285715,1,1,1,0.5952380952380952,0,-0.3840139,-0.9143188095238095,"Jose Fermin","21746",665877
"Vidal Bruján",2025,"FA,FC,SI,CH,SL,CU",67,0.34285714285714286,0.78125,0.5522388059701493,0.25,0.92,0.7027027027027027,0.47761194029850745,0.16417910447761194,0.07126129999999986,0.10636014925373115,"Vidal Brujan","20536",660644
"Luke Maile",2025,"FA,FC,SI,CH,SL,CU",81,0.27586206896551724,0.6538461538461539,0.5185185185185185,0.5,0.7647058823529411,0.7142857142857143,0.6419753086419753,0.14814814814814814,1.5964177,1.970886049382716,"Luke Maile","13355",571912
"Enmanuel Valdez",2025,"FA,SI,CH,SL,CU",36,0.26666666666666666,0.6666666666666666,0.5,0,0.9285714285714286,0.7222222222222222,0.5833333333333334,0.1388888888888889,1.5680246,4.355623888888889,"Enmanuel Valdez","21716",665839
"Alejandro Osuna",2025,"FA,FC,SI,CH,SL,CU",49,0.2777777777777778,0.6129032258064516,0.4897959183673469,0.6,0.8421052631578947,0.7916666666666666,0.6326530612244898,0.10204081632653061,1.2008485,2.450711224489796,"Alejandro Osuna","27915",696030
"Taylor Trammell",2025,"FA,FC,SI,CH,SL,CU",63,0.1875,0.6129032258064516,0.3968253968253968,0,0.6842105263157895,0.52,0.49206349206349204,0.19047619047619047,-0.6889733000000003,-1.0936084126984131,"Taylor Trammell","19960",666211
"Luis Campusano",2025,"FA,FS,SI,CH,SL,CU,KC",84,0.21739130434782608,0.5,0.34523809523809523,0.5,0.8947368421052632,0.7586206896551724,0.4523809523809524,0.08333333333333333,3.2399132,3.8570395238095236,"Luis Campusano","22217",669134
"Jake Bauers",2025,"FA,FC,SI,CH,SL,CU",58,0.30303030303030304,0.68,0.46551724137931033,0.2,0.8235294117647058,0.5925925925925926,0.43103448275862066,0.1896551724137931,0.8549456,1.4740441379310343,"Jake Bauers","15194",641343
"Bryan De La Cruz",2025,"FA,FC,SI,CH,SL,CU",61,0.45454545454545453,0.6410256410256411,0.5737704918032787,0.7,0.84,0.8,0.639344262295082,0.11475409836065574,0.9174108000000003,1.5039521311475414,"Bryan De La Cruz","19600",650559
"Hayden Senger",2025,"FA,FC,SI,CH,SL,CU",62,0.5185185185185185,0.6,0.5645161290322581,0.42857142857142855,0.7619047619047619,0.6285714285714286,0.5645161290322581,0.20967741935483872,2.4737255000000005,3.9898798387096783,"Hayden Senger","21489",663584
"Zack Short",2025,"FA,FC,SI,CH,SL,CU",94,0.2608695652173913,0.5625,0.4148936170212766,0.5,0.7407407407407407,0.6666666666666666,0.5106382978723404,0.13829787234042554,-1.7610066,-1.8734112765957447,"Zack Short","19562",670097
"Jacob Melton",2025,"FA,FC,SI,CH,SL,CU",68,0.4375,0.5277777777777778,0.4852941176470588,0.35714285714285715,0.8947368421052632,0.6666666666666666,0.5294117647058824,0.16176470588235295,2.8828644999999997,4.239506617647058,"Jacob Melton","31661",689200
"Jack Winkler",2025,"FA,FC,SI,CH,SL,CU,KC",57,0.3333333333333333,0.7407407407407407,0.5263157894736842,0.3,0.95,0.7333333333333333,0.47368421052631576,0.14035087719298245,0.5384314000000001,0.9446164912280705,"Jack Winkler","29830",676466
"Sam Huff",2025,"FA,FC,SI,CH,SL,CU",72,0.12903225806451613,0.6585365853658537,0.4305555555555556,0.25,0.6296296296296297,0.5806451612903226,0.5694444444444444,0.18055555555555555,0.1385416000000002,0.1924188888888892,"Sam Huff","22209",669087
"Joc Pederson",2025,"FA,FC,FS,SI,CH,SL,CU",85,0.09302325581395349,0.2857142857142857,0.18823529411764706,0.75,0.9166666666666666,0.875,0.49411764705882355,0.023529411764705882,-1.5424525999999992,-1.814650117647058,"Joc Pederson","11899",592626
"Tomás Nido",2025,"FA,FC,FS,SI,CH,SL,KC",26,0.4,0.9375,0.7307692307692307,0.5,1,0.8947368421052632,0.6153846153846154,0.07692307692307693,0.1465912999999999,0.5638126923076919,"Tomas Nido","13755",621512
"Shay Whitcomb",2025,"FA,FC,SI,CH,SL,CU,KC",36,0.21428571428571427,0.6363636363636364,0.4722222222222222,0.3333333333333333,0.8571428571428571,0.7647058823529411,0.6111111111111112,0.1111111111111111,0.7623968999999999,2.1177691666666663,"Shay Whitcomb","27789",694376
"Triston Casas",2025,"FA,FC,SI,CH,SL,CU",39,0.2777777777777778,0.8571428571428571,0.5897435897435898,0.6,0.8888888888888888,0.8260869565217391,0.5384615384615384,0.10256410256410256,-2.0986081999999993,-5.3810466666666645,"Triston Casas","22514",671213
"Pavin Smith",2025,"FA,FC,SI,CH,SL,CU",103,0.1568627450980392,0.5,0.3300970873786408,0.125,0.6153846153846154,0.5,0.5048543689320388,0.1650485436893204,1.0918142999999998,1.0600138834951454,"Pavin Smith","19892",656976
"Ryan Kreidler",2025,"FA,FC,SI,CH,SL,CU",63,0.23333333333333334,0.6363636363636364,0.4444444444444444,0.42857142857142855,0.7619047619047619,0.6785714285714286,0.5238095238095238,0.14285714285714285,2.4874476000000003,3.948329523809525,"Ryan Kreidler","25867",668952
"Jason Heyward",2025,"FA,SI,CH,SL",44,0.3181818181818182,0.5454545454545454,0.4318181818181818,0.7142857142857143,1,0.8947368421052632,0.5,0.045454545454545456,-0.3387892,-0.7699754545454546,"Jason Heyward","4940",518792
"Zack Gelof",2025,"FA,FC,SI,CH,SL,CU",117,0.3333333333333333,0.68,0.5555555555555556,0.07142857142857142,0.6078431372549019,0.49230769230769234,0.6410256410256411,0.28205128205128205,3.8343590000000005,3.277229914529915,"Zack Gelof","29766",680869
"Rowdy Tellez",2025,"FA,FC,SI,CH,SL,CU",107,0.45454545454545453,0.5079365079365079,0.48598130841121495,0.4,0.71875,0.5961538461538461,0.5887850467289719,0.19626168224299065,4.0993580000000005,3.8311757009345797,"Rowdy Tellez","15679",642133
"Tyler Wade",2025,"FA,FC,SI,SL,CU",115,0.24528301886792453,0.5645161290322581,0.41739130434782606,0.23076923076923078,0.7142857142857143,0.5833333333333334,0.5391304347826087,0.17391304347826086,0.5180300000000002,0.4504608695652176,"Tyler Wade","15730",642180
"J.C. Escarra",2025,"FA,FC,SI,CH,SL",55,0.2692307692307692,0.7586206896551724,0.5272727272727272,0.42857142857142855,0.8636363636363636,0.7586206896551724,0.5272727272727272,0.12727272727272726,0.08137359999999996,0.14795199999999994,"J.C. Escarra","20084",641555
"Maximo Acosta",2025,"FA,SI,CH,SL,CU",92,0.21568627450980393,0.4878048780487805,0.33695652173913043,0.5454545454545454,0.65,0.6129032258064516,0.44565217391304346,0.13043478260869565,1.1826725999999999,1.2855136956521738,"Maximo Acosta","27963",691185
"Joshua Palacios",2025,"FA,FC,SI,SL,CU",63,0.45454545454545453,0.7317073170731707,0.6349206349206349,0.2,0.8333333333333334,0.675,0.6507936507936508,0.20634920634920634,2.7155344,4.310372063492063,"Joshua Palacios","19818",641943
"Korey Lee",2025,"FA,FC,FS,SI,CH,SL,CU,KC",52,0.34782608695652173,0.6551724137931034,0.5192307692307693,0.5,0.8947368421052632,0.7777777777777778,0.5576923076923077,0.11538461538461539,-0.7264117,-1.396945576923077,"Korey Lee","25543",686676
"Hunter Feduccia",2025,"FA,FC,SI,CH,SL,CU,KC",96,0.2972972972972973,0.576271186440678,0.46875,0.18181818181818182,0.7647058823529411,0.6222222222222222,0.6145833333333334,0.17708333333333334,4.5158225000000005,4.703981770833334,"Hunter Feduccia","23372",676439
"Esteury Ruiz",2025,"FA,FC,SI,CH,SL,CU,KC",66,0.42105263157894735,0.75,0.5606060606060606,0.625,0.47619047619047616,0.5405405405405406,0.42424242424242425,0.25757575757575757,1.0518863000000003,1.5937671212121216,"Esteury Ruiz","21780",665923
"Victor Mesa Jr.",2025,"FA,FS,SI,CH,SL",33,0.16666666666666666,0.7619047619047619,0.5454545454545454,0,0.875,0.7777777777777778,0.6363636363636364,0.12121212121212122,-0.7755576,-2.3501745454545455,"Victor Mesa Jr.","25999",683748
"Nathan Church",2025,"FA,SI,CH,SL,CU",60,0.4482758620689655,0.6451612903225806,0.55,0.6153846153846154,0.9,0.7878787878787878,0.5166666666666667,0.11666666666666667,-0.610467,-1.017445,"Nathan Church","31357",701675
"Reese McGuire",2025,"FA,FC,SI,SL,CU,KC",59,0.3076923076923077,0.5757575757575758,0.4576271186440678,0.5,0.8947368421052632,0.7777777777777778,0.559322033898305,0.1016949152542373,0.3107016999999997,0.5266130508474571,"Reese McGuire","15674",624512
"Pablo Reyes",2025,"FA,FC,SI,CH,SL,CU",75,0.0967741935483871,0.6363636363636364,0.41333333333333333,1,0.8214285714285714,0.8387096774193549,0.5866666666666667,0.06666666666666667,2.0307329999999997,2.7076439999999997,"Pablo Reyes","16357",622569
"Kyren Paris",2025,"FA,FC,SI,CH,SL,CU",77,0.1891891891891892,0.725,0.4675324675324675,0.14285714285714285,0.7241379310344828,0.6111111111111112,0.5194805194805194,0.18181818181818182,-1.8235016999999998,-2.3681840259740254,"Kyren Paris","26420",677347
"Ronny Simon",2025,"FA,FC,FS,SI,CH,SL,CU,KC",51,0.375,0.5555555555555556,0.47058823529411764,0.6666666666666666,0.8,0.75,0.5294117647058824,0.11764705882352941,1.4438412999999999,2.8310613725490192,"Ronny Simon","25346",682927
"Manuel Margot",2025,"FA,FC,SI,CH,SL,CU",49,0.35294117647058826,0.65625,0.5510204081632653,0.6666666666666666,0.8571428571428571,0.8148148148148148,0.6530612244897959,0.10204081632653061,0.8085211000000002,1.6500430612244905,"Manuel Margot","14712",622534
"Blaine Crim",2025,"FA,FC,FS,SI,CH,SL,CU",51,0.21739130434782608,0.6785714285714286,0.47058823529411764,0.4,0.8947368421052632,0.7916666666666666,0.5490196078431373,0.09803921568627451,-0.30527219999999994,-0.5985729411764704,"Blaine Crim","25714",688760
"Miguel Amaya",2025,"FA,FC,FS,CH,SL,CU",86,0.5102040816326531,0.6486486486486487,0.5697674418604651,0.56,0.8333333333333334,0.6938775510204082,0.43023255813953487,0.1744186046511628,0.7507128000000001,0.8729218604651163,"Miguel Amaya","21693",665804
"Carson McCusker",2025,"FA,FC,SI,CH,SL,CU",104,0.31666666666666665,0.7272727272727273,0.49038461538461536,0.21052631578947367,0.8125,0.5882352941176471,0.4230769230769231,0.20192307692307693,2.4702075,2.3751995192307693,"Carson McCusker","33098",676812
"Carter Jensen",2025,"FA,FC,SI,CH,SL,CU",61,0.20689655172413793,0.75,0.4918032786885246,0.8333333333333334,0.875,0.8666666666666667,0.5245901639344263,0.06557377049180328,1.0475938,1.7173668852459016,"Carter Jensen","29478",695600
"José Tena",2025,"FA,SI,CH,SL,CU",53,0.24,0.5357142857142857,0.39622641509433965,0.5,1,0.8571428571428571,0.5283018867924528,0.05660377358490566,-1.5939525999999995,-3.0074577358490555,"Jose Tena","23691",677588
"Tim Anderson",2025,"FA,FC,SI,CH,SL,CU,KC",66,0.4482758620689655,0.7027027027027027,0.5909090909090909,0.5384615384615384,0.8076923076923077,0.717948717948718,0.5606060606060606,0.16666666666666666,1.1837728000000003,1.793595151515152,"Tim Anderson","15172",641313
"Heston Kjerstad",2025,"FA,FC,FS,SI,CH,SL,CU",97,0.33962264150943394,0.7727272727272727,0.5360824742268041,0.5555555555555556,0.7352941176470589,0.6730769230769231,0.4536082474226804,0.17525773195876287,4.8514497,5.0014945360824745,"Heston Kjerstad","31166",677008
"Blake Dunn",2025,"FA,FC,FS,SI,CH,SL,CU,KC",158,0.189873417721519,0.5569620253164557,0.37341772151898733,0.4,0.75,0.6610169491525424,0.5,0.12658227848101267,0.6175530999999999,0.39085639240506326,"Blake Dunn","29487",694362
"David Hamilton",2025,"FA,FC,SI,CH,SL,CU",76,0.23076923076923078,0.52,0.42105263157894735,0.5,0.7692307692307693,0.71875,0.6578947368421053,0.11842105263157894,3.0046610000000005,3.953501315789474,"David Hamilton","27531",666152
"Buddy Kennedy",2025,"FA,FC,SI,CH,SL,CU,KC",90,0.3023255813953488,0.6595744680851063,0.4888888888888889,0.6923076923076923,0.7419354838709677,0.7272727272727273,0.5222222222222223,0.13333333333333333,2.7097016000000003,3.010779555555556,"Buddy Kennedy","22505",671083
"Hyeseong Kim",2025,"FA,FC,SI,SL,CU",86,0.5,0.6470588235294118,0.5581395348837209,0.6538461538461539,0.7272727272727273,0.6875,0.3953488372093023,0.1744186046511628,-1.6579612,-1.9278618604651163,"Hyeseong Kim","35322",808975
"Matthew Lugo",2025,"FA,FC,FS,SI,CH,SL,CU",63,0.27586206896551724,0.6470588235294118,0.47619047619047616,0.625,0.8636363636363636,0.8,0.5396825396825397,0.09523809523809523,-0.8180582000000006,-1.2985050793650803,"Matthew Lugo","25980",683090
"Will Benson",2025,"FA,FC,SI,CH,SL,CU",74,0.21212121212121213,0.5853658536585366,0.4189189189189189,0.42857142857142855,0.75,0.6774193548387096,0.5540540540540541,0.13513513513513514,0.13236450000000055,0.17887094594594669,"Will Benson","21853",666181
"Jhonny Pereda",2025,"FA,FC,SI,CH,SL,CU",105,0.22448979591836735,0.6785714285714286,0.4666666666666667,0.5454545454545454,0.7631578947368421,0.7142857142857143,0.5333333333333333,0.13333333333333333,1.3084616000000004,1.2461539047619052,"Jhonny Pereda","19802",640902
"Drew Gilbert",2025,"FA,SI,SL,CU",79,0.24390243902439024,0.6052631578947368,0.4177215189873418,0.3,0.9130434782608695,0.7272727272727273,0.4810126582278481,0.11392405063291139,2.5772757,3.2623743037974684,"Drew Gilbert","31545",687551
"Gustavo Campero",2025,"FA,FC,SI,CH,SL,CU,KC",77,0.358974358974359,0.631578947368421,0.4935064935064935,0.5,0.8333333333333334,0.7105263157894737,0.4935064935064935,0.14285714285714285,2.8110114,3.6506641558441557,"Gustavo Campero","22707",672569
"Leo Jiménez",2025,"FA,FC,SI,CH,SL,CU,KC",105,0.21818181818181817,0.56,0.38095238095238093,0.5,0.9642857142857143,0.825,0.47619047619047616,0.06666666666666667,1.6409188000000001,1.5627798095238097,"Leo Jimenez","23782",677870
"David Villar",2025,"FA,FC,SI,CH,SL,CU,KC",71,0.10714285714285714,0.627906976744186,0.4225352112676056,0.3333333333333333,0.7407407407407407,0.7,0.6056338028169014,0.1267605633802817,0.43135060000000003,0.6075360563380282,"David Villar","24782",681584
"Brendan Rodgers",2025,"FA,FC,FS,SI,CH,SL,CU",99,0.3541666666666667,0.6666666666666666,0.5151515151515151,0.4117647058823529,0.7941176470588235,0.6666666666666666,0.5151515151515151,0.1717171717171717,-0.034467699999999823,-0.03481585858585841,"Brendan Rodgers","17907",663898
"Matt Gorski",2025,"FA,FC,FS,SI,CH,SL,CU",93,0.46808510638297873,0.6086956521739131,0.5376344086021505,0.45454545454545453,0.7142857142857143,0.6,0.4946236559139785,0.21505376344086022,2.0027762,2.1535227956989247,"Matt Gorski","25855",685301
"Miles Mastrobuoni",2025,"FA,FC,SI,SL,CU",72,0.23333333333333334,0.5238095238095238,0.4027777777777778,0.8571428571428571,0.8181818181818182,0.8275862068965517,0.5833333333333334,0.06944444444444445,-0.2631305000000001,-0.36545902777777795,"Miles Mastrobuoni","20017",670156
"Aaron Schunk",2025,"FA,FC,SI,CH,SL,CU",75,0.5897435897435898,0.6666666666666666,0.6266666666666667,0.6086956521739131,0.9166666666666666,0.7659574468085106,0.48,0.14666666666666667,3.9308717,5.241162266666667,"Aaron Schunk","25524",668845
"Richie Palacios",2025,"FA,FC,SI,CH,SL,CU",77,0.225,0.6486486486486487,0.42857142857142855,0.6666666666666666,0.8333333333333334,0.7878787878787878,0.4805194805194805,0.09090909090909091,-0.0756069,-0.09819077922077922,"Richie Palacios","24589",680700
"CJ Kayfus",2025,"FA,SI,SL,CU",60,0.4166666666666667,0.7222222222222222,0.6,0.3,0.6538461538461539,0.5555555555555556,0.6,0.26666666666666666,1.0292340000000004,1.7153900000000006,"CJ Kayfus","33704",692216
"John Rave",2025,"FA,FC,SI,CH,SL,CU,KC",86,0.17073170731707318,0.5333333333333333,0.36046511627906974,0.5714285714285714,0.875,0.8064516129032258,0.5232558139534884,0.06976744186046512,-0.13547740000000036,-0.15753186046511672,"John Rave","26284",670231
"Eric Haase",2025,"FA,FC,FS,SI,CH,SL,CU",115,0.2962962962962963,0.5737704918032787,0.4434782608695652,0.375,0.8,0.6666666666666666,0.5304347826086957,0.14782608695652175,2.6774167000000006,2.3281884347826094,"Eric Haase","14111",606992
"Jacob Amaya",2025,"FA,FC,SI,CH,SL,CU",81,0.2571428571428571,0.5434782608695652,0.41975308641975306,0.6666666666666666,0.92,0.8529411764705882,0.5679012345679012,0.06172839506172839,3.8903605000000003,4.802914197530864,"Jacob Amaya","23296",676070
"Griffin Conine",2025,"FA,FC,SI,CH,SL,CU",94,0.2,0.6666666666666666,0.46808510638297873,0.625,0.8055555555555556,0.7727272727272727,0.574468085106383,0.10638297872340426,-1.5394469000000004,-1.6377094680851068,"Griffin Conine","21626",665052
"Oswaldo Cabrera",2025,"FA,FC,SI,CH,SL,CU,KC",77,0.3333333333333333,0.7894736842105263,0.5584415584415584,0.5384615384615384,0.7666666666666667,0.6976744186046512,0.4935064935064935,0.16883116883116883,-0.9770374,-1.2688797402597403,"Oswaldo Cabrera","21707",665828
"Will Wagner",2025,"FA,FC,SI,SL,CU",64,0.37037037037037035,0.6216216216216216,0.515625,0.5,0.8695652173913043,0.7575757575757576,0.578125,0.125,1.8981124999999999,2.9658007812499996,"Will Wagner","29634",695238
"Samuel Basallo",2025,"FA,FC,FS,SI,CH,SL,CU",110,0.38596491228070173,0.6226415094339622,0.5,0.6818181818181818,0.7575757575757576,0.7272727272727273,0.4818181818181818,0.13636363636363635,1.3211124000000007,1.2010112727272733,"Samuel Basallo","28824",694212
"Ryan Fitzgerald",2025,"FA,FC,SI,CH,SL,CU",75,0.27586206896551724,0.4782608695652174,0.4,0.625,0.8636363636363636,0.8,0.6133333333333333,0.08,0.3320555000000001,0.4427406666666668,"Ryan Fitzgerald","24622",680837
"Marcelo Mayer",2025,"FA,FC,SI,CH,SL,CU",100,0.4186046511627907,0.6140350877192983,0.53,0.2777777777777778,0.8571428571428571,0.660377358490566,0.57,0.18,3.0166801999999997,3.0166801999999997,"Marcelo Mayer","29668",691785
"Dylan Beavers",2025,"FA,FC,SI,CH,SL,CU,KC",115,0.13559322033898305,0.6071428571428571,0.3652173913043478,0.625,0.7941176470588235,0.7619047619047619,0.48695652173913045,0.08695652173913043,0.13474170000000063,0.11716669565217447,"Dylan Beavers","31695",687637
"Denzel Clarke",2025,"FA,FC,SI,CH,SL,CU",140,0.23880597014925373,0.6164383561643836,0.4357142857142857,0.3125,0.7777777777777778,0.6557377049180327,0.5214285714285715,0.15,1.3581965999999999,0.9701404285714285,"Denzel Clarke","29858",672016
"Bryce Teodosio",2025,"FA,FC,FS,SI,CH,SL,CU,KC",93,0.40540540540540543,0.8392857142857143,0.6666666666666666,0.3333333333333333,0.723404255319149,0.6290322580645161,0.6021505376344086,0.24731182795698925,0.4519979000000006,0.4860192473118286,"Bryce Teodosio","29524",669326
"Garrett Mitchell",2025,"FA,FC,SI,CH,SL,CU,KC",94,0.22857142857142856,0.5932203389830508,0.4574468085106383,0.5,0.7714285714285715,0.7209302325581395,0.6276595744680851,0.1276595744680851,1.3666909999999999,1.4539265957446807,"Garrett Mitchell","27555",669003
"Joey Loperfido",2025,"FA,FC,SI,CH,SL,CU",67,0.3225806451612903,0.8055555555555556,0.582089552238806,0.4,0.896551724137931,0.7692307692307693,0.5373134328358209,0.13432835820895522,0.6031247,0.900186119402985,"Joey Loperfido","29630",694388
"Adael Amador",2025,"FA,FC,FS,SI,CH,SL,CU,KC",77,0.358974358974359,0.7105263157894737,0.5324675324675324,0.8571428571428571,0.7777777777777778,0.8048780487804879,0.4935064935064935,0.1038961038961039,4.2616893000000005,5.53466142857143,"Adael Amador","27962",691182
"Liover Peguero",2025,"FA,FC,FS,SI,CH,SL,CU,KC",135,0.2345679012345679,0.6296296296296297,0.3925925925925926,0.3157894736842105,0.8529411764705882,0.660377358490566,0.4,0.13333333333333333,0.3625236999999999,0.268536074074074,"Liover Peguero","24273",678894
"Everson Pereira",2025,"FA,FC,FS,SI,CH,SL,CU",158,0.25316455696202533,0.7088607594936709,0.4810126582278481,0.1,0.6607142857142857,0.5131578947368421,0.5,0.23417721518987342,1.5233301000000004,0.9641329746835445,"Everson Pereira","23695",677592
"Graham Pauley",2025,"FA,FC,SI,SL,CU",106,0.25,0.62,0.42452830188679247,0.5,0.9032258064516129,0.7777777777777778,0.4716981132075472,0.09433962264150944,-0.5203051999999999,-0.49085396226415084,"Graham Pauley","31363",688363
"Alan Roden",2025,"FA,FC,SI,CH,SL",82,0.3023255813953488,0.717948717948718,0.5,0.5384615384615384,0.8571428571428571,0.7560975609756098,0.47560975609756095,0.12195121951219512,0.40867779999999987,0.4983875609756096,"Alan Roden","31564",702176
"Luken Baker",2025,"FA,FC,SI,CH,SL,CU",146,0.17647058823529413,0.6025641025641025,0.4041095890410959,0.25,0.7872340425531915,0.6779661016949152,0.5342465753424658,0.13013698630136986,-0.8979364999999997,-0.6150249999999998,"Luken Baker","21497",663609
"Jonny DeLuca",2025,"FA,FC,FS,SI,CH,SL,CU",94,0.30434782608695654,0.625,0.46808510638297873,0.6428571428571429,0.8666666666666667,0.7954545454545454,0.5106382978723404,0.09574468085106383,0.49032139999999996,0.5216185106382979,"Jonny DeLuca","26365",676356
"Luis Vázquez",2025,"FA,FC,SI,CH,SL,CU",90,0.425,0.68,0.5666666666666667,0.5882352941176471,0.7058823529411765,0.6666666666666666,0.5555555555555556,0.18888888888888888,2.829263,3.1436255555555555,"Luis Vazquez","23442",676679
"Ben Rortvedt",2025,"FA,FC,SI,CH,SL,CU",84,0.3142857142857143,0.5714285714285714,0.4642857142857143,0.7272727272727273,0.7142857142857143,0.717948717948718,0.5833333333333334,0.13095238095238096,1.0241671999999995,1.219246666666666,"Ben Rortvedt","20287",666163
"Yoán Moncada",2025,"FA,FC,FS,SI,CH,SL,CU,KC",99,0.27450980392156865,0.6875,0.47474747474747475,0.35714285714285715,0.696969696969697,0.5957446808510638,0.48484848484848486,0.1919191919191919,1.7685977,1.7864623232323233,"Yoan Moncada","17232",660162
"Evan Carter",2025,"FA,FC,SI,SL,CU,KC",103,0.1282051282051282,0.46875,0.33980582524271846,0.6,0.8333333333333334,0.8,0.6213592233009708,0.06796116504854369,2.6515119,2.5742833980582525,"Evan Carter","27790",694497
"Alex Jackson",2025,"FA,FC,SI,CH,SL,CU,KC",114,0.32075471698113206,0.7540983606557377,0.5526315789473685,0.4117647058823529,0.782608695652174,0.6825396825396826,0.5350877192982456,0.17543859649122806,-2.7084831999999994,-2.37586245614035,"Alex Jackson","17276",656577
"Tyler Locklear",2025,"FA,FC,SI,CH,SL,CU,KC",158,0.28,0.6385542168674698,0.46835443037974683,0.42857142857142855,0.8490566037735849,0.7297297297297297,0.5253164556962026,0.12658227848101267,2.9112653,1.8425729746835442,"Tyler Locklear","31396",682988
"Joey Wiemer",2025,"FA,FC,FS,SI,CH,SL,CU,KC",124,0.3709677419354839,0.7741935483870968,0.5725806451612904,0.5217391304347826,0.75,0.676056338028169,0.5,0.18548387096774194,-0.33196279999999967,-0.2677119354838707,"Joey Wiemer","27690",686894
"Matt Thaiss",2025,"FA,FC,SI,CH,SL,CU,KC",117,0.21153846153846154,0.7230769230769231,0.49572649572649574,0.6363636363636364,0.8085106382978723,0.7758620689655172,0.5555555555555556,0.1111111111111111,0.9803086000000002,0.8378705982905984,"Matt Thaiss","19318",642136
"Jerar Encarnacion",2025,"FA,FC,FS,SI,CH,SL,CU,KC",83,0.3103448275862069,0.5740740740740741,0.4819277108433735,0.3333333333333333,0.7741935483870968,0.675,0.6506024096385542,0.1566265060240964,2.2128492000000004,2.666083373493976,"Jerar Encarnacion","21871",666464
"Jake Rogers",2025,"FA,FC,FS,SI,CH,SL,CU,KC",157,0.19480519480519481,0.7,0.45222929936305734,0.6,0.875,0.8169014084507042,0.5095541401273885,0.08280254777070063,1.0696347999999998,0.6812960509554138,"Jake Rogers","19452",668670
"Carson Williams",2025,"FA,FC,FS,SI,CH,SL,CU,KC",148,0.3,0.7435897435897436,0.5337837837837838,0.19047619047619047,0.7586206896551724,0.6075949367088608,0.527027027027027,0.20945945945945946,0.937368200000001,0.6333568918918926,"Carson Williams","30038",700246
"LaMonte Wade Jr.",2025,"FA,FC,SI,SL",121,0.14285714285714285,0.6111111111111112,0.4214876033057851,0.2857142857142857,0.9090909090909091,0.8235294117647058,0.5950413223140496,0.0743801652892562,3.5250916000000005,2.913298842975207,"LaMonte Wade Jr.","18126",664774
"Tristan Gray",2025,"FA,FC,SI,CH,SL,CU,KC",83,0.2682926829268293,0.7142857142857143,0.4939759036144578,0.5454545454545454,0.9,0.8048780487804879,0.5060240963855421,0.0963855421686747,-2.8467249999999993,-3.429789156626505,"Tristan Gray","19877",656484
"Brett Harris",2025,"FA,FC,SI,CH,SL,CU",125,0.22033898305084745,0.6515151515151515,0.448,0.6153846153846154,0.813953488372093,0.7678571428571429,0.528,0.104,1.2776478000000009,1.0221182400000008,"Brett Harris","29788",695391
"Jacob Stallings",2025,"FA,FC,SI,CH,SL,CU,KC",164,0.4025974025974026,0.6551724137931034,0.5365853658536586,0.41935483870967744,0.7894736842105263,0.6590909090909091,0.5304878048780488,0.18292682926829268,8.865073299999999,5.4055325,"Jacob Stallings","13723",607732
"Oscar Gonzalez",2025,"FA,FC,FS,SI,CH,SL,CU,KC",118,0.5490196078431373,0.8208955223880597,0.7033898305084746,0.6428571428571429,0.7454545454545455,0.7108433734939759,0.5677966101694916,0.2033898305084746,3.2477454999999997,2.752326694915254,"Oscar Gonzalez","20970",660757
"Leody Taveras",2025,"FA,FC,FS,SI,CH,SL,CU,KC",126,0.25,0.6515151515151515,0.4603174603174603,0.4666666666666667,0.7674418604651163,0.6896551724137931,0.5238095238095238,0.14285714285714285,1.0713676,0.8502917460317462,"Leody Taveras","18900",665750
"Jeimer Candelario",2025,"FA,FC,FS,SI,CH,SL,CU,KC",95,0.23255813953488372,0.6923076923076923,0.4842105263157895,0.8,0.9444444444444444,0.9130434782608695,0.5473684210526316,0.042105263157894736,0.2256384999999999,0.2375142105263157,"Jeimer Candelario","13621",600869
"Nick Yorke",2025,"FA,FC,SI,CH,SL,CU",99,0.25,0.7659574468085106,0.494949494949495,0.6153846153846154,0.9444444444444444,0.8571428571428571,0.47474747474747475,0.0707070707070707,-1.1495692000000002,-1.1611810101010103,"Nick Yorke","27504",694377
"Yuli Gurriel",2025,"FA,FC,FS,SI,CH,SL,CU,KC",96,0.4230769230769231,0.5454545454545454,0.4791666666666667,0.6818181818181818,1,0.8478260869565217,0.4583333333333333,0.07291666666666667,3.403968,3.5458,"Yuli Gurriel","19198",493329
"Daz Cameron",2025,"FA,FC,FS,SI,CH,SL,CU",119,0.375,0.676056338028169,0.5546218487394958,0.5,0.875,0.7727272727272727,0.5966386554621849,0.12605042016806722,3.1493963,2.646551512605042,"Daz Cameron","18353",663662
"Dominic Smith",2025,"FA,FC,SI,CH,SL,CU",90,0.23076923076923078,0.5882352941176471,0.43333333333333335,0.6666666666666666,0.9333333333333333,0.8717948717948718,0.5666666666666667,0.05555555555555555,1.510494,1.6783266666666667,"Dominic Smith","15653",642086
"James Outman",2025,"FA,FC,FS,SI,CH,SL,CU,KC",171,0.3424657534246575,0.6020408163265306,0.49122807017543857,0.16,0.7796610169491526,0.5952380952380952,0.5730994152046783,0.19883040935672514,4.320968800000001,2.526882339181287,"James Outman","24770",681546
"Christian Encarnacion-Strand",2025,"FA,FC,FS,SI,CH,SL,CU",113,0.5294117647058824,0.7096774193548387,0.6283185840707964,0.5925925925925926,0.8863636363636364,0.7746478873239436,0.5486725663716814,0.1415929203539823,7.502712399999998,6.63956849557522,"Christian Encarnacion-Strand","30011",687952
"Luke Raley",2025,"FA,FC,SI,SL,CU,KC",131,0.24074074074074073,0.8181818181818182,0.5801526717557252,0.3076923076923077,0.6984126984126984,0.631578947368421,0.5877862595419847,0.21374045801526717,4.363410199999999,3.33084748091603,"Luke Raley","19354",670042
"Ronny Mauricio",2025,"FA,FC,FS,SI,CH,SL,CU",151,0.45569620253164556,0.5833333333333334,0.5165562913907285,0.5277777777777778,0.8095238095238095,0.6794871794871795,0.4768211920529801,0.16556291390728478,6.669298999999999,4.416754304635761,"Ronny Mauricio","23698",677595
"Chris Taylor",2025,"FA,FC,SI,CH,SL,CU",114,0.3333333333333333,0.6956521739130435,0.5526315789473685,0.2,0.75,0.6190476190476191,0.6052631578947368,0.21052631578947367,5.1754288000000015,4.539849824561404,"Chris Taylor","13757",621035
"Josh Rojas",2025,"FA,FC,SI,SL,CU,KC",104,0.2553191489361702,0.6842105263157895,0.49038461538461536,0.5,0.8461538461538461,0.7647058823529411,0.5480769230769231,0.11538461538461539,2.0374812999999996,1.959116634615384,"Josh Rojas","19734",668942
"Alex Verdugo",2025,"FA,FC,SI,CH,SL,CU,KC",151,0.15384615384615385,0.45348837209302323,0.32450331125827814,0.8,0.8974358974358975,0.8775510204081632,0.5695364238410596,0.039735099337748346,3.4826688,2.3064031788079467,"Alex Verdugo","17027",657077
"Dalton Rushing",2025,"FA,FC,SI,CH,SL,CU,KC",146,0.20588235294117646,0.6923076923076923,0.4657534246575342,0.5,0.7962962962962963,0.7352941176470589,0.5342465753424658,0.1232876712328767,3.5066536999999993,2.4018176027397256,"Dalton Rushing","31382",687221
"Jonatan Clase",2025,"FA,FC,FS,SI,CH,SL,CU",127,0.2542372881355932,0.6029411764705882,0.4409448818897638,0.5333333333333333,0.8048780487804879,0.7321428571428571,0.5354330708661418,0.11811023622047244,1.8281955999999997,1.4395240944881889,"Jonatan Clase","26599",682729
"Andrew Knizner",2025,"FA,FC,SI,CH,SL,CU,KC",90,0.48484848484848486,0.5614035087719298,0.5333333333333333,0.75,0.8125,0.7916666666666666,0.6333333333333333,0.1111111111111111,0.31021980000000016,0.34468866666666687,"Andrew Knizner","19514",668800
"Stuart Fairchild",2025,"FA,FC,FS,SI,CH,SL,CU",132,0.13559322033898305,0.7123287671232876,0.45454545454545453,0.875,0.6923076923076923,0.7166666666666667,0.553030303030303,0.12878787878787878,0.8448427000000005,0.6400323484848489,"Stuart Fairchild","20321",656413
"Kameron Misner",2025,"FA,FC,SI,CH,SL,CU",165,0.34782608695652173,0.53125,0.45454545454545453,0.16666666666666666,0.7647058823529411,0.5733333333333334,0.5818181818181818,0.19393939393939394,3.6527951,2.213815212121212,"Kameron Misner","26374",670224
"Jordan Lawlar",2025,"FA,FC,FS,SI,CH,SL,CU,KC",141,0.2028985507246377,0.6666666666666666,0.4397163120567376,0.6428571428571429,0.7916666666666666,0.7580645161290323,0.5106382978723404,0.10638297872340426,1.5795259000000004,1.1202311347517733,"Jordan Lawlar","29976",691783
"Kyle Karros",2025,"FA,FC,FS,SI,CH,SL,CU",150,0.3,0.6375,0.48,0.38095238095238093,0.8431372549019608,0.7083333333333334,0.5333333333333333,0.14,4.430782300000001,2.953854866666667,"Kyle Karros","33252",691720
"Robert Hassell III",2025,"FA,FC,SI,CH,SL,CU",137,0.25,0.4927536231884058,0.3722627737226277,0.35294117647058826,0.8529411764705882,0.6862745098039216,0.5036496350364964,0.11678832116788321,1.5470081000000002,1.12920299270073,"Robert Hassell III","27482",690987
"Austin Wynns",2025,"FA,FC,SI,CH,SL,CU,KC",162,0.3442622950819672,0.6435643564356436,0.5308641975308642,0.47619047619047616,0.8461538461538461,0.7558139534883721,0.6234567901234568,0.12962962962962962,1.2238382000000008,0.7554556790123462,"Austin Wynns","15271",642851
"Kyle Teel",2025,"FA,FC,SI,CH,SL,CU,KC",217,0.19101123595505617,0.5546875,0.4055299539170507,0.5882352941176471,0.676056338028169,0.6590909090909091,0.5898617511520737,0.1382488479262673,0.9341768000000005,0.43049622119815695,"Kyle Teel","33549",691019
"Mickey Gasper",2025,"FA,FC,FS,SI,CH,SL,CU,KC",154,0.17105263157894737,0.5256410256410257,0.35064935064935066,0.5384615384615384,0.8780487804878049,0.7962962962962963,0.5064935064935064,0.07142857142857142,3.1521855,2.046873701298701,"Mickey Gasper","24759",681508
"Garrett Hampson",2025,"FA,FC,FS,SI,CH,SL,CU",155,0.21739130434782608,0.5465116279069767,0.4,0.7333333333333333,0.851063829787234,0.8225806451612904,0.5548387096774193,0.07096774193548387,5.008603,3.2313567741935487,"Garrett Hampson","19262",641658
"Christian Moore",2025,"FA,FC,SI,CH,SL,CU,KC",164,0.3287671232876712,0.7142857142857143,0.5426829268292683,0.375,0.7538461538461538,0.651685393258427,0.5548780487804879,0.18902439024390244,-1.2601792000000005,-0.7684019512195125,"Christian Moore","34979",695681
"Jorge Mateo",2025,"FA,FC,FS,SI,CH,SL,CU,KC",148,0.410958904109589,0.6266666666666667,0.5202702702702703,0.4666666666666667,0.851063829787234,0.7012987012987013,0.5067567567567568,0.1554054054054054,3.6116268,2.440288378378378,"Jorge Mateo","17273",622761
"Nick Sogard",2025,"FA,FC,FS,SI,CH,SL,CU,KC",120,0.25925925925925924,0.5909090909090909,0.44166666666666665,0.6428571428571429,0.8461538461538461,0.7924528301886793,0.55,0.09166666666666666,-1.1809327999999997,-0.9841106666666664,"Nick Sogard","25483",686765
"Max Muncy",2025,"FA,FC,FS,SI,CH,SL,CU,KC",180,0.2976190476190476,0.6458333333333334,0.48333333333333334,0.36,0.8225806451612904,0.6896551724137931,0.5333333333333333,0.15,2.4693912999999994,1.3718840555555551,"Max Muncy","29779",691777
"Tyler Tolbert",2025,"FA,FC,SI,CH,SL,CU",126,0.30303030303030304,0.7666666666666667,0.5238095238095238,0.4,0.8913043478260869,0.7424242424242424,0.47619047619047616,0.1349206349206349,1.1138998000000002,0.8840474603174605,"Tyler Tolbert","25779",686475
"Will Wilson",2025,"FA,FC,SI,CH,SL,CU,KC",195,0.30612244897959184,0.7731958762886598,0.5384615384615384,0.4,0.7333333333333333,0.638095238095238,0.49743589743589745,0.19487179487179487,1.7985268999999995,0.9223214871794869,"Will Wilson","25434",669717
"Jon Berti",2025,"FA,FC,FS,SI,CH,SL,CU,KC",114,0.25925925925925924,0.65,0.4649122807017544,0.5714285714285714,0.9743589743589743,0.8679245283018868,0.5263157894736842,0.06140350877192982,3.0311205,2.6588776315789477,"Jon Berti","12037",542932
"Emmanuel Rivera",2025,"FA,FC,FS,SI,CH,SL,CU",146,0.3150684931506849,0.7123287671232876,0.5136986301369864,0.391304347826087,0.9038461538461539,0.7466666666666667,0.5,0.13013698630136986,-0.18367100000000036,-0.1258020547945208,"Emmanuel Rivera","19890",656896
"Christian Koss",2025,"FA,FC,FS,SI,CH,SL,CU,KC",160,0.32894736842105265,0.6904761904761905,0.51875,0.48,0.7413793103448276,0.6626506024096386,0.525,0.175,0.2193758000000003,0.1371098750000002,"Christian Koss","27653",683766
"Andrés Chaparro",2025,"FA,FC,SI,CH,SL,CU",189,0.35106382978723405,0.7157894736842105,0.5343915343915344,0.48484848484848486,0.8382352941176471,0.7227722772277227,0.5026455026455027,0.14814814814814814,1.8719955,0.9904738095238095,"Andres Chaparro","21797",665953
"Drew Waters",2025,"FA,FC,FS,SI,CH,SL,CU",167,0.3,0.7126436781609196,0.5149700598802395,0.5,0.7096774193548387,0.6511627906976745,0.5209580838323353,0.17964071856287425,3.1755785000000003,1.901544011976048,"Drew Waters","20505",671221
"Warming Bernabel",2025,"FA,FC,SI,CH,SL,CU,KC",97,0.3333333333333333,0.7755102040816326,0.5567010309278351,1,0.9736842105263158,0.9814814814814815,0.5051546391752577,0.010309278350515464,0.6963776999999999,0.7179151546391751,"Warming Bernabel","26536",682653
"Masataka Yoshida",2025,"FA,FC,FS,SI,CH,SL,CU",101,0.20689655172413793,0.5555555555555556,0.45544554455445546,0.3333333333333333,0.925,0.8478260869565217,0.7128712871287128,0.06930693069306931,3.2884510999999996,3.2558921782178216,"Masataka Yoshida","31837",807799
"Cooper Hummel",2025,"FA,FC,SI,CH,SL,CU,KC",202,0.19791666666666666,0.6037735849056604,0.41089108910891087,0.42105263157894735,0.828125,0.7349397590361446,0.5247524752475248,0.10891089108910891,-0.5906855999999998,-0.29241861386138607,"Cooper Hummel","19458",669450
"Rafael Marchán",2025,"FA,FC,FS,SI,CH,SL,CU,KC",136,0.1111111111111111,0.6301369863013698,0.3897058823529412,0.42857142857142855,0.8695652173913043,0.8113207547169812,0.5367647058823529,0.07352941176470588,1.0478984999999996,0.7705136029411762,"Rafael Marchan","21646",665561
"Connor Joe",2025,"FA,FC,SI,CH,SL,CU,KC",153,0.140625,0.6067415730337079,0.4117647058823529,0.5555555555555556,0.9074074074074074,0.8571428571428571,0.5816993464052288,0.058823529411764705,4.1341363,2.7020498692810455,"Connor Joe","16572",656582
"Edouard Julien",2025,"FA,FC,SI,CH,SL,CU,KC",193,0.2087912087912088,0.5098039215686274,0.36787564766839376,0.5263157894736842,0.8461538461538461,0.7605633802816901,0.5284974093264249,0.08808290155440414,-0.24752059999999995,-0.12824901554404142,"Edouard Julien","27534",666397
"Gary Sánchez",2025,"FA,FC,FS,SI,CH,SL,CU",173,0.3181818181818182,0.611764705882353,0.4624277456647399,0.4642857142857143,0.8846153846153846,0.7375,0.4913294797687861,0.12138728323699421,2.864996,1.6560670520231215,"Gary Sanchez","11442",596142
"Connor Wong",2025,"FA,FC,FS,SI,CH,SL,CU,KC",210,0.21782178217821782,0.6238532110091743,0.42857142857142855,0.5,0.8823529411764706,0.7888888888888889,0.5190476190476191,0.09047619047619047,3.1012501,1.476785761904762,"Connor Wong","19896",657136
"Anthony Santander",2025,"FA,FC,FS,SI,CH,SL,CU",220,0.25,0.5625,0.4090909090909091,0.5185185185185185,0.7777777777777778,0.7,0.509090909090909,0.12272727272727273,4.4274804,2.0124910909090907,"Anthony Santander","14551",623993
"Matt Vierling",2025,"FA,FC,SI,CH,SL,CU",199,0.26262626262626265,0.6,0.4321608040201005,0.5384615384615384,1,0.8604651162790697,0.5025125628140703,0.06030150753768844,-0.20732179999999983,-0.10418180904522605,"Matt Vierling","21558",663837
"Thairo Estrada",2025,"FA,FC,SI,CH,SL,CU,KC",140,0.2876712328767123,0.7761194029850746,0.5214285714285715,0.6666666666666666,0.9230769230769231,0.8493150684931506,0.4785714285714286,0.07857142857142857,0.4469781000000006,0.31927007142857183,"Thairo Estrada","16426",642731
"Willie MacIver",2025,"FA,FC,FS,SI,CH,SL,CU,KC",142,0.26229508196721313,0.7901234567901234,0.5633802816901409,0.625,0.890625,0.8375,0.5704225352112676,0.09154929577464789,0.01738950000000039,0.012246126760563655,"Willie MacIver","24641",680862
"Yordan Alvarez",2025,"FA,FC,SI,CH,SL,CU,KC",157,0.23076923076923078,0.6582278481012658,0.445859872611465,0.3888888888888889,0.9038461538461539,0.7714285714285715,0.5031847133757962,0.10191082802547771,-4.586400199999999,-2.9212740127388526,"Yordan Alvarez","19556",670541
"Kevin Pillar",2025,"FA,FC,FS,SI,CH,SL,CU,KC",117,0.47058823529411764,0.6666666666666666,0.5811965811965812,0.75,0.9090909090909091,0.8529411764705882,0.5641025641025641,0.08547008547008547,2.7022515,2.309616666666667,"Kevin Pillar","12434",607680
"Lane Thomas",2025,"FA,FC,FS,SI,CH,SL,CU,KC",192,0.2631578947368421,0.6597938144329897,0.4635416666666667,0.52,0.796875,0.7191011235955056,0.5052083333333334,0.13020833333333334,2.074080300000001,1.0802501562500006,"Lane Thomas","16939",657041
"Travis d'Arnaud",2025,"FA,FC,SI,CH,SL,CU,KC",167,0.35064935064935066,0.7555555555555555,0.5688622754491018,0.25925925925925924,0.7941176470588235,0.6421052631578947,0.5389221556886228,0.20359281437125748,2.3138175000000003,1.3855194610778445,"Travis d'Arnaud","7739",518595
"Nasim Nuñez",2025,"FA,FC,SI,CH,SL,CU,KC",164,0.16,0.6404494382022472,0.42073170731707316,0.6666666666666666,0.9298245614035088,0.8840579710144928,0.5426829268292683,0.04878048780487805,-1.2298532,-0.7499104878048781,"Nasim Nunez","25979",683083
"Leo Rivas",2025,"FA,FC,FS,SI,CH,SL,CU",184,0.08333333333333333,0.51,0.31521739130434784,0.5714285714285714,0.8431372549019608,0.8103448275862069,0.5434782608695652,0.059782608695652176,-1.0070351999999994,-0.5473017391304345,"Leo Rivas","21009",660844
"Kevin Newman",2025,"FA,FC,FS,SI,CH,SL,CU",148,0.3333333333333333,0.573170731707317,0.46621621621621623,0.7272727272727273,0.9148936170212766,0.855072463768116,0.5540540540540541,0.06756756756756757,2.8490556000000002,1.925037567567568,"Kevin Newman","17696",621028
"Jorge Barrosa",2025,"FA,FC,FS,SI,CH,SL,CU,KC",193,0.3076923076923077,0.6764705882352942,0.5025906735751295,0.6071428571428571,0.855072463768116,0.7835051546391752,0.5284974093264249,0.10880829015544041,3.8134103,1.9758602590673575,"Jorge Barrosa","23968",678489
"Braxton Fulford",2025,"FA,FC,FS,SI,CH,SL,CU",180,0.19047619047619047,0.6979166666666666,0.46111111111111114,0.3125,0.8656716417910447,0.7590361445783133,0.5333333333333333,0.1111111111111111,-0.3301440999999995,-0.1834133888888886,"Braxton Fulford","29704",690924
"Parker Meadows",2025,"FA,FC,SI,CH,SL,CU",178,0.1875,0.6428571428571429,0.43820224719101125,0.4666666666666667,0.8095238095238095,0.7435897435897436,0.550561797752809,0.11235955056179775,2.6524108,1.4901184269662922,"Parker Meadows","23800",678009
"Spencer Horwitz",2025,"FA,FC,FS,SI,CH,SL,CU,KC",225,0.24752475247524752,0.6774193548387096,0.48444444444444446,0.32,0.8809523809523809,0.7522935779816514,0.5511111111111111,0.12,2.3314666000000006,1.036207377777778,"Spencer Horwitz","26477",687462
"Gio Urshela",2025,"FA,FC,FS,SI,CH,SL,CU,KC",172,0.47959183673469385,0.6351351351351351,0.5465116279069767,0.5319148936170213,0.723404255319149,0.6276595744680851,0.43023255813953487,0.20348837209302326,2.8122943,1.6350548255813953,"Gio Urshela","10681",570482
"Colt Keith",2025,"FA,FC,SI,SL,CU",189,0.25842696629213485,0.55,0.4126984126984127,0.4782608695652174,0.9090909090909091,0.782051282051282,0.5291005291005291,0.08994708994708994,4.5934252,2.4303837037037037,"Colt Keith","27899",690993
"Sean Bouchard",2025,"FA,FC,SI,CH,SL,CU,KC",186,0.27472527472527475,0.5473684210526316,0.41397849462365593,0.44,0.8461538461538461,0.7142857142857143,0.510752688172043,0.11827956989247312,3.1808231,1.710119946236559,"Sean Bouchard","21270",656248
"Jorge Soler",2025,"FA,FC,FS,SI,CH,SL,CU,KC",228,0.1926605504587156,0.6218487394957983,0.4166666666666667,0.5714285714285714,0.8243243243243243,0.7684210526315789,0.5219298245614035,0.09649122807017543,2.141448700000001,0.9392318859649128,"Jorge Soler","14221",624585
"Jeremiah Jackson",2025,"FA,FC,FS,SI,CH,SL,CU,KC",215,0.3508771929824561,0.6633663366336634,0.49767441860465117,0.5,0.7761194029850746,0.6728971962616822,0.4697674418604651,0.16279069767441862,-0.1965861999999996,-0.09143544186046494,"Jeremiah Jackson","22239",669236
"Hunter Renfroe",2025,"FA,FC,FS,SI,CH,SL,CU,KC",146,0.16923076923076924,0.654320987654321,0.4383561643835616,0.7272727272727273,0.8867924528301887,0.859375,0.5547945205479452,0.06164383561643835,1.7856251999999995,1.2230309589041093,"Hunter Renfroe","15464",592669
"Daniel Schneemann",2025,"FA,FC,SI,CH,SL,CU,KC",252,0.25203252032520324,0.5736434108527132,0.4166666666666667,0.2903225806451613,0.7972972972972973,0.6476190476190476,0.5119047619047619,0.14682539682539683,5.269498199999999,2.091070714285714,"Daniel Schneemann","25180",682177
"DJ LeMahieu",2025,"FA,FC,FS,SI,CH,SL,CU,KC",205,0.16326530612244897,0.5420560747663551,0.36097560975609755,0.625,0.896551724137931,0.8378378378378378,0.5219512195121951,0.05853658536585366,1.9099635000000006,0.9316895121951222,"DJ LeMahieu","9874",518934
"Martín Maldonado",2025,"FA,FC,FS,SI,CH,SL,CU,KC",197,0.3333333333333333,0.5204081632653061,0.4263959390862944,0.3333333333333333,0.8235294117647058,0.6309523809523809,0.49746192893401014,0.15736040609137056,-0.9894411000000002,-0.5022543654822336,"Martin Maldonado","6887",455117
"Chas McCormick",2025,"FA,FC,SI,CH,SL,CU,KC",192,0.35353535353535354,0.7741935483870968,0.5572916666666666,0.5142857142857142,0.7222222222222222,0.6542056074766355,0.484375,0.19270833333333334,0.9424703000000005,0.490869947916667,"Chas McCormick","19599",676801
"Trey Sweeney",2025,"FA,FC,SI,CH,SL,CU",161,0.36507936507936506,0.6428571428571429,0.5341614906832298,0.5217391304347826,0.8253968253968254,0.7441860465116279,0.6086956521739131,0.13664596273291926,2.5520518,1.585125341614907,"Trey Sweeney","29575",700242
"Ryan Ritter",2025,"FA,FC,FS,SI,CH,SL,CU,KC",159,0.3125,0.8105263157894737,0.610062893081761,0.3,0.7922077922077922,0.6907216494845361,0.5974842767295597,0.18867924528301888,0.8091722000000006,0.5089133333333337,"Ryan Ritter","31500",690022
"Andruw Monasterio",2025,"FA,FC,FS,SI,CH,SL,CU,KC",218,0.22549019607843138,0.6379310344827587,0.44495412844036697,0.43478260869565216,0.9324324324324325,0.8144329896907216,0.5321100917431193,0.08256880733944955,-2.0149524000000003,-0.9242900917431194,"Andruw Monasterio","19455",655316
"James McCann",2025,"FA,FC,FS,SI,CH,SL,CU,KC",188,0.2903225806451613,0.6105263157894737,0.4521276595744681,0.5925925925925926,0.8103448275862069,0.7411764705882353,0.5053191489361702,0.11702127659574468,-1.6388567000000003,-0.8717322872340427,"James McCann","12859",543510
"Tyler O'Neill",2025,"FA,FC,FS,SI,CH,SL,CU,KC",240,0.328125,0.6428571428571429,0.475,0.5,0.7638888888888888,0.6666666666666666,0.4666666666666667,0.15833333333333333,1.6894263000000014,0.7039276250000006,"Tyler O'Neill","15711",641933
"Nathan Lukes",2025,"FA,FC,FS,SI,CH,SL,CU,KC,EP",196,0.24285714285714285,0.5079365079365079,0.413265306122449,0.8235294117647058,0.859375,0.8518518518518519,0.6428571428571429,0.061224489795918366,0.8628142000000008,0.4402113265306126,"Nathan Lukes","18123",664770
"Nate Eaton",2025,"FA,FC,SI,CH,SL,CU,KC",194,0.30097087378640774,0.6153846153846154,0.4484536082474227,0.7419354838709677,0.9107142857142857,0.8505747126436781,0.4690721649484536,0.06701030927835051,0.026444300000000753,0.013631082474227193,"Nate Eaton","25055",681987
"Derek Hill",2025,"FA,FC,FS,SI,CH,SL,CU,KC",267,0.29545454545454547,0.725925925925926,0.5131086142322098,0.3333333333333333,0.8673469387755102,0.7153284671532847,0.5056179775280899,0.14606741573033707,2.5055888999999993,0.9384228089887638,"Derek Hill","16947",656537
"Jose Herrera",2025,"FA,FC,FS,SI,CH,SL,CU,KC",246,0.18181818181818182,0.5441176470588235,0.3821138211382114,0.45,0.8378378378378378,0.7553191489361702,0.5528455284552846,0.09349593495934959,1.4757414000000009,0.5998948780487808,"Jose Herrera","17040",645444
"Blake Perkins",2025,"FA,FC,FS,SI,CH,SL,CU,KC",229,0.2653061224489796,0.48091603053435117,0.388646288209607,0.6538461538461539,0.8253968253968254,0.7752808988764045,0.5720524017467249,0.08733624454148471,0.04467019999999999,0.01950663755458515,"Blake Perkins","19921",663368
"Yohel Pozo",2025,"FA,FC,SI,CH,SL,CU,KC",161,0.46153846153846156,0.7108433734939759,0.5900621118012422,0.6944444444444444,0.9152542372881356,0.8315789473684211,0.515527950310559,0.09937888198757763,1.7472822000000003,1.0852684472049692,"Yohel Pozo","18848",650968
"Michael Helman",2025,"FA,FC,SI,CH,SL,CU",185,0.3902439024390244,0.7378640776699029,0.5837837837837838,0.4375,0.8026315789473685,0.6944444444444444,0.5567567567567567,0.1783783783783784,1.8238607999999994,0.9858707027027024,"Michael Helman","24605",680737
"Nacho Alvarez Jr.",2025,"FA,FC,FS,SI,CH,SL,CU,KC",233,0.21428571428571427,0.5333333333333333,0.39914163090128757,0.6190476190476191,0.9027777777777778,0.8387096774193549,0.5793991416309013,0.06437768240343347,4.4648680999999995,1.916252403433476,"Nacho Alvarez Jr.","31765",805373
"Jake McCarthy",2025,"FA,FC,SI,CH,SL,CU",129,0.36,0.5949367088607594,0.5038759689922481,0.5555555555555556,0.851063829787234,0.7692307692307693,0.6124031007751938,0.11627906976744186,2.2495476,1.7438353488372094,"Jake McCarthy","21622",664983
"Johnathan Rodríguez",2025,"FA,FC,FS,SI,CH,SL,CU,KC",233,0.2903225806451613,0.6238532110091743,0.44635193133047213,0.4444444444444444,0.75,0.6442307692307693,0.4678111587982833,0.15879828326180256,-1.0589428000000005,-0.45448188841201737,"Johnathan Rodriguez","22530",671286
"Mickey Moniak",2025,"FA,FC,FS,SI,CH,SL,CU,KC",226,0.2982456140350877,0.5892857142857143,0.4424778761061947,0.5294117647058824,0.8484848484848485,0.74,0.49557522123893805,0.11504424778761062,2.1137440000000005,0.9352849557522126,"Mickey Moniak","19956",666160
"Victor Caratini",2025,"FA,FC,FS,SI,CH,SL,CU,KC",232,0.2336448598130841,0.704,0.4870689655172414,0.36,0.8068181818181818,0.7079646017699115,0.5387931034482759,0.14224137931034483,-0.5127271999999998,-0.22100310344827576,"Victor Caratini","14968",605170
"Gavin Lux",2025,"FA,FC,SI,CH,SL,CU",260,0.2545454545454545,0.54,0.41923076923076924,0.5,0.8271604938271605,0.7431192660550459,0.5769230769230769,0.1076923076923077,4.395748299999998,1.6906724230769226,"Gavin Lux","19955",666158
"Paul DeJong",2025,"FA,FC,FS,SI,CH,SL,CU",276,0.4186046511627907,0.673469387755102,0.5543478260869565,0.2962962962962963,0.797979797979798,0.6209150326797386,0.532608695652174,0.21014492753623187,3.106100800000002,1.1253988405797108,"Paul DeJong","18015",657557
"Colby Thomas",2025,"FA,FC,SI,CH,SL,CU",259,0.3805970149253731,0.712,0.5405405405405406,0.3137254901960784,0.8764044943820225,0.6714285714285714,0.4826254826254826,0.1776061776061776,-4.0853584,-1.5773584555984554,"Colby Thomas","31855",687515
"Victor Robles",2025,"FA,FC,FS,SI,CH,SL,CU",158,0.46987951807228917,0.7866666666666666,0.620253164556962,0.5897435897435898,0.8983050847457628,0.7755102040816326,0.47468354430379744,0.13924050632911392,2.045910800000001,1.2948802531645576,"Victor Robles","18363",645302
"Otto Kemp",2025,"FA,FC,FS,SI,CH,SL,CU,KC",288,0.2980132450331126,0.708029197080292,0.4930555555555556,0.26666666666666666,0.7835051546391752,0.6197183098591549,0.4756944444444444,0.1875,-0.9380977999999989,-0.3257284027777774,"Otto Kemp","31792",805249
"Tyler Heineman",2025,"FA,FC,FS,SI,CH,SL,CU,KC",164,0.2804878048780488,0.7317073170731707,0.5060975609756098,0.6956521739130435,0.9166666666666666,0.8554216867469879,0.5,0.07317073170731707,-4.2580862999999995,-2.5963940853658536,"Tyler Heineman","13897",623168
"Cody Freeman",2025,"FA,FC,FS,SI,CH,SL,CU,KC",188,0.39080459770114945,0.5445544554455446,0.4734042553191489,0.8823529411764706,0.8727272727272727,0.8764044943820225,0.5372340425531915,0.05851063829787234,3.6895249000000008,1.9625132446808513,"Cody Freeman","25629",683227
"Michael Massey",2025,"FA,FC,SI,CH,SL,CU",170,0.38095238095238093,0.7093023255813954,0.5470588235294118,0.71875,0.8688524590163934,0.8172043010752689,0.5058823529411764,0.1,3.4760875999999996,2.0447574117647056,"Michael Massey","27684",686681
"Mike Tauchman",2025,"FA,FC,FS,SI,CH,SL,CU,KC",286,0.232,0.6956521739130435,0.493006993006993,0.4482758620689655,0.7142857142857143,0.6595744680851063,0.5629370629370629,0.16783216783216784,-0.20771460000000008,-0.07262748251748255,"Mike Tauchman","15274",643565
"Vinny Capra",2025,"FA,FC,SI,CH,SL,CU",182,0.4157303370786517,0.5591397849462365,0.489010989010989,0.5135135135135135,0.8653846153846154,0.7191011235955056,0.510989010989011,0.13736263736263737,7.716991899999997,4.2401054395604385,"Vinny Capra","25040",681962
"Justyn-Henry Malloy",2025,"FA,FC,FS,SI,CH,SL,CU,KC",312,0.16,0.5925925925925926,0.38461538461538464,0.375,0.8541666666666666,0.7583333333333333,0.5192307692307693,0.09294871794871795,-2.2234332000000006,-0.7126388461538463,"Justyn-Henry Malloy","29606",669234
"Adam Frazier",2025,"FA,FC,SI,CH,SL,CU,KC",269,0.3488372093023256,0.6928571428571428,0.5278810408921933,0.5333333333333333,0.865979381443299,0.7605633802816901,0.5204460966542751,0.12639405204460966,3.008349,1.1183453531598513,"Adam Frazier","15223",624428
"Jonah Bride",2025,"FA,FC,FS,SI,CH,SL,CU",302,0.20945945945945946,0.461038961038961,0.33774834437086093,0.6129032258064516,0.8873239436619719,0.803921568627451,0.5099337748344371,0.06622516556291391,2.1654226000000003,0.7170273509933777,"Jonah Bride","24703",681146
"Christian Vázquez",2025,"FA,FC,FS,SI,CH,SL,CU,KC,EP",250,0.24806201550387597,0.5702479338842975,0.404,0.625,0.927536231884058,0.8316831683168316,0.484,0.068,5.978800499999998,2.391520199999999,"Christian Vazquez","9774",543877
"Giancarlo Stanton",2025,"FA,FC,FS,SI,CH,SL,CU,KC",335,0.2696629213483146,0.554140127388535,0.40298507462686567,0.3958333333333333,0.7931034482758621,0.6518518518518519,0.46865671641791046,0.14029850746268657,-4.053902399999999,-1.210120119402985,"Giancarlo Stanton","4949",519317
"Francisco Alvarez",2025,"FA,FC,FS,SI,CH,SL,CU,KC",278,0.20408163265306123,0.6717557251908397,0.4244604316546763,0.4666666666666667,0.8181818181818182,0.7288135593220338,0.4712230215827338,0.11510791366906475,-3.9261028,-1.4122671942446043,"Francisco Alvarez","26121",682626
"Henry Davis",2025,"FA,FC,FS,SI,CH,SL,CU,KC",254,0.3282442748091603,0.7642276422764228,0.5393700787401575,0.5116279069767442,0.8723404255319149,0.7591240875912408,0.484251968503937,0.12992125984251968,5.156605500000001,2.0301596456692916,"Henry Davis","29617",680779
"Austin Martin",2025,"FA,FC,FS,SI,CH,SL,CU,KC",226,0.17391304347826086,0.6268656716417911,0.4424778761061947,0.4375,0.8690476190476191,0.8,0.5929203539823009,0.08849557522123894,-2.2977181999999994,-1.0166894690265484,"Austin Martin","27462",668885
"Kristian Campbell",2025,"FA,FC,FS,SI,CH,SL,CU,KC",306,0.2119205298013245,0.6838709677419355,0.45098039215686275,0.65625,0.8490566037735849,0.8043478260869565,0.5065359477124183,0.08823529411764706,-0.7545901999999991,-0.24659810457516312,"Kristian Campbell","33644",692225
"Dominic Canzone",2025,"FA,FC,SI,CH,SL,CU",256,0.319672131147541,0.582089552238806,0.45703125,0.48717948717948717,0.8589743589743589,0.7350427350427351,0.5234375,0.12109375,-0.2654303999999996,-0.10368374999999985,"Dominic Canzone","26438",686527
"Ildemaro Vargas",2025,"FA,FC,FS,SI,CH,SL,CU,KC",183,0.32926829268292684,0.6633663366336634,0.5136612021857924,0.6666666666666666,0.8656716417910447,0.8085106382978723,0.5519125683060109,0.09836065573770492,0.3424069000000013,0.187107595628416,"Ildemaro Vargas","13324",545121
"Luisangel Acuña",2025,"FA,FC,FS,SI,CH,SL,CU,KC",256,0.2845528455284553,0.6165413533834586,0.45703125,0.6,0.9024390243902439,0.811965811965812,0.51953125,0.0859375,2.5006912,0.9768325,"Luisangel Acuna","26548",682668
"Tyler Stephenson",2025,"FA,FC,FS,SI,CH,SL,CU,KC",323,0.17964071856287425,0.7051282051282052,0.43343653250773995,0.5,0.8090909090909091,0.7428571428571429,0.48297213622291024,0.11145510835913312,-4.3637589,-1.351008947368421,"Tyler Stephenson","17988",663886
"Nolan Jones",2025,"FA,FC,FS,SI,CH,SL,CU",359,0.2679738562091503,0.5970873786407767,0.4568245125348189,0.5609756097560976,0.7804878048780488,0.725609756097561,0.5738161559888579,0.12534818941504178,8.109593299999998,2.258939637883008,"Nolan Jones","20529",666134
"Luke Keaschall",2025,"FA,FC,SI,CH,SL,CU,KC",260,0.265625,0.6060606060606061,0.43846153846153846,0.5882352941176471,0.8625,0.7807017543859649,0.5076923076923077,0.09615384615384616,3.4281415999999996,1.3185159999999998,"Luke Keaschall","33321",807712
"Cole Young",2025,"FA,FC,SI,CH,SL,CU,KC",280,0.1875,0.5789473684210527,0.4,0.4583333333333333,0.8522727272727273,0.7678571428571429,0.5428571428571428,0.09285714285714286,1.2377124999999995,0.44204017857142847,"Cole Young","31680",702284
"Michael Conforto",2025,"FA,FC,SI,CH,SL,CU",305,0.24444444444444444,0.6529411764705882,0.4721311475409836,0.45454545454545453,0.8378378378378378,0.75,0.5573770491803278,0.1180327868852459,-1.5925881999999996,-0.5221600655737704,"Michael Conforto","16376",624424
"Liam Hicks",2025,"FA,FC,SI,CH,SL,CU",244,0.21495327102803738,0.5547445255474452,0.4057377049180328,0.7391304347826086,0.9210526315789473,0.8787878787878788,0.5614754098360656,0.04918032786885246,1.8165584000000001,0.7444911475409837,"Liam Hicks","29844",689414
"Brandon Marsh",2025,"FA,FC,FS,SI,CH,SL,CU,KC,EP",334,0.31736526946107785,0.5808383233532934,0.4491017964071856,0.49056603773584906,0.8556701030927835,0.7266666666666667,0.5,0.12275449101796407,4.0569372,1.2146518562874253,"Brandon Marsh","20202",669016
"Oswald Peraza",2025,"FA,FC,FS,SI,CH,SL,CU,KC",332,0.345679012345679,0.6529411764705882,0.5030120481927711,0.4107142857142857,0.8018018018018018,0.6706586826347305,0.5120481927710844,0.16566265060240964,12.890991599999998,3.882828795180722,"Oswald Peraza","22823",672724
"Thomas Saggese",2025,"FA,FC,FS,SI,CH,SL,CU,KC",272,0.3951612903225806,0.6554054054054054,0.5367647058823529,0.6938775510204082,0.8144329896907216,0.773972602739726,0.5441176470588235,0.1213235294117647,3.2785078,1.2053337499999999,"Thomas Saggese","27883",695336
"Ha-Seong Kim",2025,"FA,FC,FS,SI,CH,SL,CU,KC",248,0.27522935779816515,0.5683453237410072,0.43951612903225806,0.8666666666666667,0.9113924050632911,0.8990825688073395,0.5604838709677419,0.04435483870967742,0.5895503000000009,0.23772189516129064,"Ha-Seong Kim","27506",673490
"Keibert Ruiz",2025,"FA,FC,SI,CH,SL,CU,KC",172,0.41025641025641024,0.5957446808510638,0.5116279069767442,0.75,0.9642857142857143,0.8863636363636364,0.5465116279069767,0.05813953488372093,-1.5177023000000007,-0.8823850581395353,"Keibert Ruiz","19610",660688
"Kerry Carpenter",2025,"FA,FC,SI,CH,SL,CU,KC",247,0.2857142857142857,0.6408450704225352,0.4898785425101215,0.7333333333333333,0.8461538461538461,0.8181818181818182,0.5748987854251012,0.08906882591093117,1.9384603999999996,0.7848017813765181,"Kerry Carpenter","25961",681481
"Weston Wilson",2025,"FA,FC,FS,SI,CH,SL,CU,KC",370,0.20689655172413793,0.6020408163265306,0.41621621621621624,0.3333333333333333,0.8135593220338984,0.7012987012987013,0.5297297297297298,0.12432432432432433,1.5856527000000002,0.42855478378378387,"Weston Wilson","19358",642215
"Kyle Isbel",2025,"FA,FC,SI,CH,SL,CU,KC",283,0.225,0.5398773006134969,0.40636042402826855,0.3333333333333333,0.875,0.7478260869565218,0.5759717314487632,0.10247349823321555,3.6995486,1.3072609893992932,"Kyle Isbel","21614",664728
"Wilyer Abreu",2025,"FA,FC,SI,CH,SL,CU,KC",266,0.25225225225225223,0.7225806451612903,0.5263157894736842,0.2857142857142857,0.8571428571428571,0.7428571428571429,0.5827067669172933,0.13533834586466165,2.0888538999999997,0.7852834210526315,"Wilyer Abreu","23772",677800
"Brooks Baldwin",2025,"FA,FC,FS,SI,CH,SL,CU,KC",234,0.2358490566037736,0.6171875,0.4444444444444444,0.72,0.9113924050632911,0.8653846153846154,0.5470085470085471,0.05982905982905983,3.963796599999999,1.6939301709401704,"Brooks Baldwin","31394",681460
"Blaze Alexander",2025,"FA,FC,FS,SI,CH,SL,CU,KC",326,0.23270440251572327,0.6706586826347305,0.4570552147239264,0.5405405405405406,0.8125,0.7449664429530202,0.5122699386503068,0.1165644171779141,-1.6575446999999983,-0.5084492944785272,"Blaze Alexander","23789",677942
"Jesús Sánchez",2025,"FA,FC,SI,CH,SL,CU",268,0.36879432624113473,0.6535433070866141,0.503731343283582,0.40384615384615385,0.8795180722891566,0.6962962962962963,0.47388059701492535,0.15298507462686567,6.4330088000000005,2.4003764179104476,"Jesus Sanchez","19913",660821
"Riley Adams",2025,"FA,FC,FS,SI,CH,SL,CU,KC",390,0.2727272727272727,0.6305418719211823,0.45897435897435895,0.43137254901960786,0.7890625,0.6871508379888268,0.5205128205128206,0.14358974358974358,7.262271300000003,1.8621208461538468,"Riley Adams","19864",656180
"Isaac Paredes",2025,"FA,FC,SI,CH,SL,CU,KC",302,0.24324324324324326,0.5324675324675324,0.39072847682119205,0.7777777777777778,0.8780487804878049,0.847457627118644,0.5099337748344371,0.059602649006622516,0.7350164000000006,0.24338291390728495,"Isaac Paredes","20036",670623
"Brandon Lockridge",2025,"FA,FC,FS,SI,CH,SL,CU,KC",287,0.3140495867768595,0.6445783132530121,0.5052264808362369,0.631578947368421,0.8317757009345794,0.7793103448275862,0.578397212543554,0.11149825783972125,3.948242199999999,1.375694146341463,"Brandon Lockridge","21496",663604
"JJ Bleday",2025,"FA,FC,SI,CH,SL,CU",258,0.31451612903225806,0.6417910447761194,0.4844961240310077,0.48717948717948717,0.8604651162790697,0.744,0.5193798449612403,0.12403100775193798,-2.5782718999999985,-0.999330193798449,"JJ Bleday","26368",668709
"Jhonkensy Noel",2025,"FA,FC,FS,SI,CH,SL,CU,KN,KC",310,0.5238095238095238,0.7535211267605634,0.6290322580645161,0.5454545454545454,0.7757009345794392,0.6717948717948717,0.45806451612903226,0.2064516129032258,7.151642099999998,2.306981322580645,"Jhonkensy Noel","24257",678877
"Roman Anthony",2025,"FA,FC,SI,CH,SL,CU,KC",422,0.2422680412371134,0.4692982456140351,0.36492890995260663,0.3617021276595745,0.794392523364486,0.6623376623376623,0.5402843601895735,0.12322274881516587,-1.8036565999999987,-0.4274067772511846,"Roman Anthony","31812",701350
"Colton Cowser",2025,"FA,FC,SI,CH,SL,CU,KC",357,0.2360248447204969,0.5357142857142857,0.4005602240896359,0.39473684210526316,0.8476190476190476,0.7272727272727273,0.5490196078431373,0.1092436974789916,4.293100800000002,1.2025492436974796,"Colton Cowser","29591",681297
"Mark Canha",2025,"FA,FC,FS,SI,CH,SL,CU,KC",267,0.32456140350877194,0.5882352941176471,0.4756554307116105,0.5405405405405406,0.9666666666666667,0.84251968503937,0.5730337078651685,0.0749063670411985,2.7269048000000002,1.02131265917603,"Mark Canha","11445",592192
"Max Kepler",2025,"FA,FC,SI,CH,SL,CU,KC",255,0.2641509433962264,0.6778523489932886,0.5058823529411764,0.42857142857142855,0.8613861386138614,0.7674418604651163,0.5843137254901961,0.11764705882352941,3.3060820000000004,1.2965027450980393,"Max Kepler","12144",596146
"Tim Tawa",2025,"FA,FC,FS,SI,CH,SL,CU,KC",329,0.31901840490797545,0.6445783132530121,0.48328267477203646,0.4230769230769231,0.8598130841121495,0.7169811320754716,0.5045592705167173,0.13677811550151975,3.4568196,1.0507050455927052,"Tim Tawa","29571",694374
"Mike Trout",2025,"FA,FC,FS,SI,CH,SL,CU,KC",475,0.21982758620689655,0.5267489711934157,0.37684210526315787,0.43137254901960786,0.8359375,0.7206703910614525,0.511578947368421,0.10526315789473684,2.455840500000001,0.5170190526315792,"Mike Trout","10155",545361
"Luis Torrens",2025,"FA,FC,FS,SI,CH,SL,CU,KC",274,0.2711864406779661,0.6923076923076923,0.5109489051094891,0.625,0.8703703703703703,0.8142857142857143,0.5693430656934306,0.0948905109489051,3.5078063000000017,1.2802212773722632,"Luis Torrens","15905",620443
"Daylen Lile",2025,"FA,FC,SI,CH,SL,CU",281,0.3162393162393162,0.7134146341463414,0.5480427046263345,0.4864864864864865,0.8632478632478633,0.7727272727272727,0.5836298932384342,0.12455516014234876,1.5130198000000001,0.5384412099644129,"Daylen Lile","29995",695734
"Logan O'Hoppe",2025,"FA,FC,FS,SI,CH,SL,CU,KC",313,0.3018867924528302,0.7142857142857143,0.5047923322683706,0.5833333333333334,0.8181818181818182,0.7468354430379747,0.49201277955271566,0.12779552715654952,2.184715200000001,0.6979920766773167,"Logan O'Hoppe","24729",681351
"Austin Hedges",2025,"FA,FC,FS,SI,CH,SL,CU,KC",350,0.3391812865497076,0.6703910614525139,0.5085714285714286,0.5,0.8,0.702247191011236,0.5114285714285715,0.15142857142857144,5.1364274,1.4675506857142857,"Austin Hedges","12976",595978
"Luis Urías",2025,"FA,FC,SI,CH,SL,CU",283,0.26229508196721313,0.5838509316770186,0.4452296819787986,0.9375,0.925531914893617,0.9285714285714286,0.568904593639576,0.03180212014134275,4.9242841,1.7400297173144879,"Luis Urias","16622",649966
"Ezequiel Tovar",2025,"FA,FC,SI,CH,SL,CU,KC",363,0.3735632183908046,0.783068783068783,0.5867768595041323,0.47692307692307695,0.831081081081081,0.7230046948356808,0.5206611570247934,0.162534435261708,-0.8750437000000003,-0.24105887052341604,"Ezequiel Tovar","24064",678662
"Addison Barger",2025,"FA,FC,SI,CH,SL,CU,EP",326,0.291970802919708,0.5767195767195767,0.4570552147239264,0.5,0.8256880733944955,0.738255033557047,0.5797546012269938,0.1196319018404908,3.888882399999999,1.1929087116564414,"Addison Barger","24598",680718
"Jake Meyers",2025,"FA,FC,FS,SI,CH,SL,CU,KC",242,0.2127659574468085,0.6283783783783784,0.4669421487603306,0.4,0.9354838709677419,0.8407079646017699,0.6115702479338843,0.0743801652892562,0.5232782000000002,0.2162306611570249,"Jake Meyers","20308",676694
"Austin Slater",2025,"FA,FC,FS,SI,CH,SL,CU,KC",379,0.2937853107344633,0.7128712871287128,0.5171503957783641,0.5769230769230769,0.8541666666666666,0.7806122448979592,0.5329815303430079,0.11345646437994723,0.3223294999999993,0.08504736147757239,"Austin Slater","16153",596103
"Jakob Marsee",2025,"FA,FC,SI,CH,SL,CU,KC",278,0.24347826086956523,0.5766871165644172,0.43884892086330934,0.6071428571428571,0.8617021276595744,0.8032786885245902,0.5863309352517986,0.08633093525179857,-4.3640954999999995,-1.5698185251798558,"Jakob Marsee","31370",805300
"Dylan Crews",2025,"FA,FC,SI,CH,SL,CU",273,0.20535714285714285,0.6770186335403726,0.4835164835164835,0.43478260869565216,0.8532110091743119,0.7803030303030303,0.5897435897435898,0.10622710622710622,4.925651600000001,1.804267985347986,"Dylan Crews","33541",686611
"Sean Murphy",2025,"FA,FC,FS,SI,CH,SL,CU,KC",526,0.2540322580645161,0.6906474820143885,0.4847908745247148,0.4444444444444444,0.8020833333333334,0.7137254901960784,0.5285171102661597,0.13878326996197718,-1.7469754,-0.33212460076045625,"Sean Murphy","19352",669221
"Jonathan Aranda",2025,"FA,FC,SI,CH,SL,CU,KC",385,0.2556818181818182,0.5358851674641149,0.4077922077922078,0.5777777777777777,0.8303571428571429,0.7579617834394905,0.5428571428571428,0.0987012987012987,-0.1893040999999997,-0.04916989610389603,"Jonathan Aranda","21837",666018
"Nolan Gorman",2025,"FA,FC,SI,CH,SL,CU,KC",357,0.28,0.5700483091787439,0.4481792717086835,0.47619047619047616,0.7627118644067796,0.6875,0.5798319327731093,0.1400560224089636,-0.9813845999999993,-0.2748976470588233,"Nolan Gorman","22263",669357
"Brett Baty",2025,"FA,FC,FS,SI,CH,SL,CU",304,0.1935483870967742,0.6444444444444445,0.4605263157894737,0.5416666666666666,0.9224137931034483,0.8571428571428571,0.5921052631578947,0.06578947368421052,1.1161156000000014,0.3671432894736847,"Brett Baty","26123",683146
"Gabriel Moreno",2025,"FA,FC,FS,SI,CH,SL,CU,KC",323,0.30666666666666664,0.5606936416184971,0.44272445820433437,0.6956521739130435,0.9175257731958762,0.8461538461538461,0.5356037151702786,0.06811145510835913,0.45542959999999977,0.14099987616099063,"Gabriel Moreno","22664",672515
"Kody Clemens",2025,"FA,FC,FS,SI,CH,SL,CU,KC",343,0.2830188679245283,0.657608695652174,0.4839650145772595,0.5111111111111111,0.8264462809917356,0.7409638554216867,0.5364431486880467,0.12536443148688048,7.652407400000001,2.2310225655976677,"Kody Clemens","20572",665019
"Jasson Domínguez",2025,"FA,FC,FS,SI,CH,SL,CU,KC",429,0.2981651376146789,0.7203791469194313,0.5058275058275058,0.4307692307692308,0.8026315789473685,0.6912442396313364,0.49184149184149184,0.1561771561771562,5.058541999999997,1.1791473193473188,"Jasson Dominguez","28080",691176
"Colson Montgomery",2025,"FA,FC,FS,SI,CH,SL,CU,KC",292,0.2900763358778626,0.7329192546583851,0.5342465753424658,0.42105263157894735,0.8050847457627118,0.7115384615384616,0.5513698630136986,0.1541095890410959,0.10303109999999994,0.035284623287671214,"Colson Montgomery","29712",695657
"Connor Norby",2025,"FA,FC,FS,SI,CH,SL,CU,KC",418,0.27358490566037735,0.7524271844660194,0.5095693779904307,0.4827586206896552,0.8064516129032258,0.7183098591549296,0.49282296650717705,0.14354066985645933,2.9370296999999996,0.7026386842105262,"Connor Norby","29592",681393
"Michael Busch",2025,"FA,FC,SI,CH,SL,CU,EP",368,0.21739130434782608,0.6135265700483091,0.44021739130434784,0.42857142857142855,0.8582677165354331,0.7654320987654321,0.5625,0.10326086956521739,1.5385372999999989,0.418080788043478,"Michael Busch","26319",683737
"Rhys Hoskins",2025,"FA,FC,FS,SI,CH,SL,CU,KC",460,0.19158878504672897,0.6138211382113821,0.41739130434782606,0.6585365853658537,0.8145695364238411,0.78125,0.5347826086956522,0.09130434782608696,0.7664192999999991,0.16661289130434764,"Rhys Hoskins","16472",656555
"Danny Jansen",2025,"FA,FC,FS,SI,CH,SL,CU,KC",523,0.22267206477732793,0.6195652173913043,0.4321223709369025,0.43636363636363634,0.7953216374269005,0.7079646017699115,0.5277246653919694,0.12619502868068833,-0.36666119999999913,-0.0701073040152962,"Danny Jansen","16535",643376
"Coby Mayo",2025,"FA,FC,FS,SI,CH,SL,CU,KC",369,0.2840909090909091,0.6217616580310881,0.46070460704607047,0.48,0.8416666666666667,0.7352941176470589,0.5230352303523035,0.12195121951219512,-1.7203984999999993,-0.4662326558265581,"Coby Mayo","28312",691723
"Ezequiel Duran",2025,"FA,FC,FS,SI,CH,SL,CU,KC",337,0.38064516129032255,0.6318681318681318,0.516320474777448,0.576271186440678,0.8434782608695652,0.7528735632183908,0.5400593471810089,0.12759643916913946,6.4502746,1.9140280712166173,"Ezequiel Duran","23733",677649
"Ryan Mountcastle",2025,"FA,FC,FS,SI,CH,SL,CU,KC",344,0.41420118343195267,0.7485714285714286,0.5843023255813954,0.45714285714285713,0.8244274809160306,0.6965174129353234,0.5087209302325582,0.17732558139534885,1.6691875,0.48522892441860466,"Ryan Mountcastle","18373",663624
"Andrés Giménez",2025,"FA,FC,FS,SI,CH,SL,CU",297,0.3684210526315789,0.6557377049180327,0.5454545454545454,0.5952380952380952,0.8666666666666667,0.7962962962962963,0.6161616161616161,0.1111111111111111,7.211490899999999,2.428111414141414,"Andres Gimenez","19950",665926
"Ronald Acuña Jr.",2025,"FA,FC,FS,SI,CH,SL,CU,KC",537,0.2260536398467433,0.6521739130434783,0.4450651769087523,0.5254237288135594,0.7444444444444445,0.6903765690376569,0.5139664804469274,0.1378026070763501,-4.401785099999999,-0.8196992737430165,"Ronald Acuna Jr.","18401",660670
"Elias Díaz",2025,"FA,FC,FS,SI,CH,SL,CU,KC",322,0.3310810810810811,0.764367816091954,0.5652173913043478,0.5102040816326531,0.7969924812030075,0.7197802197802198,0.5403726708074534,0.15838509316770186,7.719505099999999,2.3973618322981363,"Elias Diaz","11680",553869
"Alexander Canario",2025,"FA,FC,FS,SI,CH,SL,CU,KC",409,0.34101382488479265,0.734375,0.5256723716381418,0.3783783783783784,0.7021276595744681,0.5906976744186047,0.46943765281173594,0.21515892420537897,4.386804900000001,1.0725684352078242,"Alexander Canario","22842",672744
"Abraham Toro",2025,"FA,FC,FS,SI,CH,SL,CU,KC",303,0.33774834437086093,0.6447368421052632,0.49174917491749176,0.6666666666666666,0.9183673469387755,0.8322147651006712,0.5016501650165016,0.08250825082508251,-0.6545817000000002,-0.2160335643564357,"Abraham Toro","19844",647351
"Michael Toglia",2025,"FA,FC,FS,SI,CH,SL,CU,KC",381,0.27419354838709675,0.7025641025641025,0.49343832020997375,0.37254901960784315,0.8467153284671532,0.7180851063829787,0.5118110236220472,0.13910761154855644,3.7645175,0.9880623359580053,"Michael Toglia","25845",669911
"Kyle Manzardo",2025,"FA,FC,SI,CH,SL,CU,KC",338,0.28776978417266186,0.628140703517588,0.4881656804733728,0.5,0.776,0.7090909090909091,0.5887573964497042,0.14201183431952663,3.1078414999999975,0.9194797337278099,"Kyle Manzardo","29794",700932
"Dylan Moore",2025,"FA,FC,FS,SI,CH,SL,CU,KC",585,0.2290909090909091,0.6741935483870968,0.46495726495726497,0.4126984126984127,0.7368421052631579,0.6617647058823529,0.5299145299145299,0.15726495726495726,4.530373000000003,0.7744227350427355,"Dylan Moore","18042",664238
"Eli White",2025,"FA,FC,FS,SI,CH,SL,CU,KC",348,0.2866666666666667,0.7474747474747475,0.5488505747126436,0.4418604651162791,0.8175675675675675,0.7329842931937173,0.5689655172413793,0.14655172413793102,0.6059841999999995,0.17413339080459758,"Eli White","19346",642201
"Zach Neto",2025,"FA,FC,FS,SI,CH,SL,CU,KC",405,0.3553299492385787,0.6826923076923077,0.5234567901234568,0.35714285714285715,0.7816901408450704,0.6415094339622641,0.5135802469135803,0.18765432098765433,0.6429084000000016,0.1587428148148152,"Zach Neto","31347",687263
"Alek Thomas",2025,"FA,FC,SI,CH,SL,CU,KC",283,0.4,0.6486486486486487,0.5300353356890459,0.5,0.8541666666666666,0.7266666666666667,0.5229681978798587,0.14487632508833923,2.885451999999999,1.0195943462897523,"Alek Thomas","23792",677950
"Matt Wallner",2025,"FA,FC,FS,SI,CH,SL,CU,EP",373,0.2830188679245283,0.7102803738317757,0.5281501340482574,0.5555555555555556,0.8289473684210527,0.766497461928934,0.5737265415549598,0.12332439678284182,-1.639425800000002,-0.4395243431635394,"Matt Wallner","26466",670242
"Jordan Walker",2025,"FA,FC,FS,SI,CH,SL,CU,KC",387,0.3526570048309179,0.6722222222222223,0.5012919896640827,0.4383561643835616,0.8429752066115702,0.6907216494845361,0.46511627906976744,0.15503875968992248,2.726096,0.7044175710594316,"Jordan Walker","27475",691023
"Sam Haggerty",2025,"FA,FC,FS,SI,CH,SL,CU,KC",334,0.2792207792207792,0.7166666666666667,0.5149700598802395,0.6046511627906976,0.8449612403100775,0.7848837209302325,0.5389221556886228,0.11077844311377245,-4.8146852,-1.44152251497006,"Sam Haggerty","18054",664059
"Lawrence Butler",2025,"FA,FC,SI,CH,SL,CU,KC",498,0.271889400921659,0.5658362989323843,0.43775100401606426,0.4067796610169492,0.7295597484276729,0.6422018348623854,0.5642570281124498,0.1566265060240964,7.344064999999999,1.474711847389558,"Lawrence Butler","22542",671732
"Jose Trevino",2025,"FA,FC,FS,SI,CH,SL,CU,KC",263,0.3559322033898305,0.5793103448275863,0.4790874524714829,0.7857142857142857,0.9523809523809523,0.8968253968253969,0.5513307984790875,0.049429657794676805,5.535380999999999,2.1047076045627375,"Jose Trevino","16725",624431
"Noelvi Marte",2025,"FA,FC,FS,SI,CH,SL,CU,KC",392,0.32524271844660196,0.7096774193548387,0.5076530612244898,0.6417910447761194,0.8181818181818182,0.7587939698492462,0.4744897959183674,0.12244897959183673,4.359207399999999,1.1120427040816325,"Noelvi Marte","26517",682622
"Luis Matos",2025,"FA,FC,FS,SI,CH,SL,CU,KC",310,0.3710691823899371,0.6556291390728477,0.5096774193548387,0.6440677966101694,0.898989898989899,0.8037974683544303,0.4870967741935484,0.1,4.349048399999999,1.4029188387096772,"Luis Matos","26467",682641
"David Fry",2025,"FA,FC,FS,SI,CH,SL,CU,KC",469,0.35071090047393366,0.6589147286821705,0.5202558635394456,0.5,0.7764705882352941,0.6926229508196722,0.5501066098081023,0.15991471215351813,6.489269400000003,1.383639530916845,"David Fry","24934",681807
"Austin Hays",2025,"FA,FC,FS,SI,CH,SL,CU,KC",382,0.29797979797979796,0.7445652173913043,0.5130890052356021,0.4067796610169492,0.8613138686131386,0.7244897959183674,0.4816753926701571,0.14136125654450263,-7.532399000000002,-1.97183219895288,"Austin Hays","19363",669720
"Andrew Benintendi",2025,"FA,FC,SI,CH,SL,CU,KC",321,0.3877551020408163,0.7758620689655172,0.5981308411214953,0.49122807017543857,0.7777777777777778,0.6927083333333334,0.5420560747663551,0.1838006230529595,-2.3348280999999997,-0.7273607788161993,"Andrew Benintendi","17901",643217
"Davis Schneider",2025,"FA,FC,FS,SI,CH,SL,CU,KC,EP",570,0.2159468438538206,0.7026022304832714,0.4456140350877193,0.4307692307692308,0.8148148148148148,0.7165354330708661,0.47192982456140353,0.12631578947368421,-2.387407200000003,-0.41884336842105313,"Davis Schneider","23565",676914
"Jo Adell",2025,"FA,FC,FS,SI,CH,SL,CU,KC",419,0.31775700934579443,0.7317073170731707,0.5202863961813843,0.6176470588235294,0.82,0.7568807339449541,0.4892601431980907,0.12649164677804295,-6.448703799999996,-1.5390701193317413,"Jo Adell","20220",666176
"José Caballero",2025,"FA,FC,FS,SI,CH,SL,CU,KC",514,0.24060150375939848,0.5443548387096774,0.38715953307393,0.421875,0.9111111111111111,0.7537688442211056,0.48249027237354086,0.09533073929961089,-4.537861199999999,-0.8828523735408558,"Jose Caballero","23401",676609
"Taylor Ward",2025,"FA,FC,FS,SI,CH,SL,CU,KC",483,0.22321428571428573,0.5405405405405406,0.39337474120082816,0.48,0.9214285714285714,0.8052631578947368,0.5362318840579711,0.07660455486542443,-5.5445957,-1.1479494202898552,"Taylor Ward","17548",621493
"Ryan O'Hearn",2025,"FA,FC,FS,SI,CH,SL,CU,KC",443,0.27411167512690354,0.5894308943089431,0.4492099322799097,0.5370370370370371,0.8413793103448276,0.7587939698492462,0.5553047404063205,0.10835214446952596,-3.810045300000001,-0.8600553724604968,"Ryan O'Hearn","16442",656811
"Pedro Pagés",2025,"FA,FC,FS,SI,CH,SL,CU,KC",456,0.3593073593073593,0.6666666666666666,0.5109649122807017,0.5060240963855421,0.86,0.7339055793991416,0.4934210526315789,0.13596491228070176,4.339924300000001,0.9517377850877193,"Pedro Pages","25782",686780
"Brayan Rocchio",2025,"FA,FC,FS,SI,CH,SL,CU,KC",425,0.3076923076923077,0.7004608294930875,0.508235294117647,0.5,0.8092105263157895,0.7175925925925926,0.5105882352941177,0.14352941176470588,2.5151922000000004,0.5918099294117648,"Brayan Rocchio","23690",677587
"Tyrone Taylor",2025,"FA,FC,FS,SI,CH,SL,CU,KC",386,0.3089887640449438,0.6826923076923077,0.5103626943005182,0.5454545454545454,0.9225352112676056,0.817258883248731,0.538860103626943,0.09326424870466321,5.335583100000001,1.3822754145077722,"Tyrone Taylor","13675",621438
"Donovan Solano",2025,"FA,FC,FS,SI,CH,SL,CU,KC",409,0.39473684210526316,0.6255707762557078,0.5183374083129584,0.48,0.8978102189781022,0.75,0.5354523227383863,0.1295843520782396,12.961225100000002,3.1690036919315405,"Donovan Solano","8623",456781
"Drake Baldwin",2025,"FA,FC,FS,SI,CH,SL,CU,KC",363,0.2716049382716049,0.6716417910447762,0.4931129476584022,0.7045454545454546,0.8740740740740741,0.8324022346368715,0.5537190082644629,0.08264462809917356,-4.2490005,-1.1705235537190084,"Drake Baldwin","31539",686948
"Enrique Hernández",2025,"FA,FC,FS,SI,CH,SL,CU,KC",416,0.29949238578680204,0.7031963470319634,0.5120192307692307,0.559322033898305,0.8506493506493507,0.7699530516431925,0.5264423076923077,0.11778846153846154,4.3657524,1.0494597115384614,"Enrique Hernandez","10472",571771
"Ryan McMahon",2025,"FA,FC,SI,CH,SL,CU,KC",532,0.2145922746781116,0.6120401337792643,0.43796992481203006,0.26,0.7595628415300546,0.6523605150214592,0.5620300751879699,0.15225563909774437,6.553179700000001,1.2318006954887222,"Ryan McMahon","15112",641857
"Jonathan India",2025,"FA,FC,FS,SI,CH,SL,CU,KC",483,0.1414141414141414,0.5473684210526316,0.38095238095238093,0.39285714285714285,0.8910256410256411,0.8152173913043478,0.5900621118012422,0.07039337474120083,0.7831458999999997,0.16214200828157344,"Jonathan India","21523",663697
"Heriberto Hernández",2025,"FA,FC,FS,SI,CH,SL,CU,KC",499,0.2222222222222222,0.6484375,0.4408817635270541,0.3148148148148148,0.7771084337349398,0.6636363636363637,0.5130260521042084,0.14829659318637275,-0.8854530999999999,-0.17744551102204406,"Heriberto Hernandez","24878",681715
"Nick Gonzales",2025,"FA,FC,FS,SI,CH,SL,CU,KC",344,0.27848101265822783,0.8279569892473119,0.5755813953488372,0.5,0.8571428571428571,0.7777777777777778,0.5406976744186046,0.12790697674418605,1.4041890000000006,0.40819447674418624,"Nick Gonzales","27490",693304
"Miguel Andujar",2025,"FA,FC,FS,SI,CH,SL,CU,KC",329,0.40131578947368424,0.7005649717514124,0.5623100303951368,0.6721311475409836,0.9435483870967742,0.8540540540540541,0.5379939209726444,0.08206686930091185,-6.2951659,-1.9134242857142856,"Miguel Andujar","15878",609280
"Matt McLain",2025,"FA,FC,FS,SI,CH,SL,CU,KC",553,0.2426470588235294,0.608540925266904,0.42857142857142855,0.48484848484848486,0.8538011695906432,0.7510548523206751,0.5081374321880651,0.10669077757685352,1.0824054000000014,0.19573334538878867,"Matt McLain","29695",680574
"Mike Yastrzemski",2025,"FA,FC,SI,CH,SL,CU,KC",409,0.2742857142857143,0.5854700854700855,0.45232273838630804,0.6458333333333334,0.8540145985401459,0.8,0.5721271393643031,0.09046454767726161,9.5680447,2.3393752322738384,"Mike Yastrzemski","14854",573262
"Luis Robert Jr.",2025,"FA,FC,FS,SI,CH,SL,CU,KC",389,0.2727272727272727,0.693069306930693,0.4910025706940874,0.5490196078431373,0.7928571428571428,0.7277486910994765,0.519280205655527,0.13367609254498714,-4.689987400000001,-1.2056522879177378,"Luis Robert Jr.","20043",673357
"Austin Riley",2025,"FA,FC,FS,SI,CH,SL,CU,KC",387,0.22093023255813954,0.7162790697674418,0.49612403100775193,0.39473684210526316,0.8636363636363636,0.7708333333333334,0.5555555555555556,0.11369509043927649,1.954726,0.505097157622739,"Austin Riley","18360",663586
"Jurickson Profar",2025,"FA,FC,FS,SI,CH,SL,CU,KC",433,0.2824074074074074,0.6221198156682027,0.45265588914549654,0.7213114754098361,0.9111111111111111,0.8520408163265306,0.5011547344110855,0.06697459584295612,-2.2529611999999983,-0.5203143648960735,"Jurickson Profar","10815",595777
"Casey Schmitt",2025,"FA,FC,FS,SI,CH,SL,CU,KC",474,0.3605150214592275,0.7095435684647303,0.5379746835443038,0.5119047619047619,0.8830409356725146,0.7607843137254902,0.5084388185654009,0.12869198312236288,4.580433500000001,0.9663361814345992,"Casey Schmitt","27577",669477
"Jake Burger",2025,"FA,FC,FS,SI,CH,SL,CU,KC",364,0.3275862068965517,0.7105263157894737,0.5274725274725275,0.5614035087719298,0.8222222222222222,0.7447916666666666,0.521978021978022,0.1346153846153846,-3.5316778,-0.9702411538461538,"Jake Burger","22275",669394
"Jahmai Jones",2025,"FA,FC,FS,SI,CH,SL,CU,KC,EP",489,0.21074380165289255,0.6842105263157895,0.4498977505112474,0.5490196078431373,0.8402366863905325,0.7727272727272727,0.5051124744376279,0.10224948875255624,-8.044892599999999,-1.6451723108384455,"Jahmai Jones","18872",663330
"Ramón Urías",2025,"FA,FC,SI,CH,SL,CU,KC",478,0.32510288065843623,0.6978723404255319,0.5083682008368201,0.5443037974683544,0.8353658536585366,0.7407407407407407,0.4916317991631799,0.13179916317991633,-1.5693540000000006,-0.3283167364016738,"Ramon Urias","18795",602104
"Ben Rice",2025,"FA,FC,SI,CH,SL,CU,KC",484,0.25225225225225223,0.5916030534351145,0.4359504132231405,0.42857142857142855,0.8451612903225807,0.7345971563981043,0.5413223140495868,0.11570247933884298,0.8024784000000009,0.16580132231404976,"Ben Rice","29576",700250
"Gabriel Arias",2025,"FA,FC,FS,SI,CH,SL,CU,KC",543,0.3707865168539326,0.8260869565217391,0.6022099447513812,0.3434343434343434,0.6754385964912281,0.5749235474006116,0.5082872928176796,0.2559852670349908,3.7933371,0.6985887845303868,"Gabriel Arias","22563",672356
"Josh Lowe",2025,"FA,FC,SI,CH,SL,CU,KC",536,0.36475409836065575,0.6438356164383562,0.5167910447761194,0.5730337078651685,0.75,0.6931407942238267,0.5447761194029851,0.15858208955223882,12.176750499999995,2.271781809701492,"Josh Lowe","19953",666139
"Wenceel Pérez",2025,"FA,FC,FS,SI,CH,SL,CU,KC",417,0.32019704433497537,0.6635514018691588,0.49640287769784175,0.6461538461538462,0.8380281690140845,0.7777777777777778,0.513189448441247,0.11031175059952038,-4.344376700000001,-1.041816954436451,"Wenceel Perez","22857",672761
"Patrick Bailey",2025,"FA,FC,FS,SI,CH,SL,CU,KC",432,0.3842364532019704,0.6419213973799127,0.5208333333333334,0.48717948717948717,0.8163265306122449,0.7022222222222222,0.5300925925925926,0.1550925925925926,6.6309592,1.5349442592592593,"Patrick Bailey","27478",672275
"Josh Bell",2025,"FA,FC,FS,SI,CH,SL,CU,KC",507,0.2744360902255639,0.6929460580912863,0.47337278106508873,0.4931506849315068,0.8023952095808383,0.7083333333333334,0.47534516765285995,0.13806706114398423,8.6714385,1.710342899408284,"Josh Bell","13145",605137
"Marcell Ozuna",2025,"FA,FC,FS,SI,CH,SL,CU,KC",633,0.18831168831168832,0.563076923076923,0.3807266982622433,0.603448275862069,0.8633879781420765,0.8008298755186722,0.5134281200631912,0.07582938388625593,-2.5924784999999995,-0.4095542654028435,"Marcell Ozuna","10324",542303
"Trevor Larnach",2025,"FA,FC,SI,CH,SL,CU,KC",448,0.2785388127853881,0.5895196506550219,0.4375,0.32786885245901637,0.8444444444444444,0.6836734693877551,0.5111607142857143,0.13839285714285715,4.5575346,1.0173068303571429,"Trevor Larnach","21501",663616
"Luis Rengifo",2025,"FA,FC,FS,SI,CH,SL,CU,KC",347,0.3375,0.7379679144385026,0.553314121037464,0.5555555555555556,0.8623188405797102,0.7760416666666666,0.5389048991354467,0.1239193083573487,4.221886400000002,1.2166819596541791,"Luis Rengifo","19858",650859
"Edmundo Sosa",2025,"FA,FC,FS,SI,CH,SL,CU,KN,KC",418,0.4885844748858447,0.6834170854271356,0.5813397129186603,0.5700934579439252,0.8897058823529411,0.7489711934156379,0.47607655502392343,0.145933014354067,-4.2856213000000025,-1.0252682535885174,"Edmundo Sosa","17022",624641
"Justin Turner",2025,"FA,FC,FS,SI,CH,SL,CU,KN,KC",465,0.26605504587155965,0.6558704453441295,0.4731182795698925,0.6551724137931034,0.9135802469135802,0.8454545454545455,0.5311827956989247,0.07311827956989247,-0.9824094000000001,-0.21127083870967744,"Justin Turner","5235",457759
"Jordan Westburg",2025,"FA,FC,SI,CH,SL,CU,KC",411,0.2857142857142857,0.7302325581395349,0.5182481751824818,0.4642857142857143,0.7898089171974523,0.704225352112676,0.5231143552311436,0.15328467153284672,-1.6597072000000004,-0.4038217031630171,"Jordan Westburg","27815",676059
"Tommy Pham",2025,"FA,FC,FS,SI,CH,SL,CU,KC",479,0.20388349514563106,0.5860805860805861,0.42171189979123175,0.5476190476190477,0.8875,0.8168316831683168,0.569937369519833,0.07724425887265135,1.817639100000002,0.37946536534446806,"Tommy Pham","2967",502054
"Freddy Fermin",2025,"FA,FC,FS,SI,CH,SL,CU,KC",414,0.33980582524271846,0.7115384615384616,0.5265700483091788,0.4857142857142857,0.8378378378378378,0.7247706422018348,0.5024154589371981,0.14492753623188406,6.7037764,1.6192696618357487,"Freddy Fermin","21840",666023
"Nick Allen",2025,"FA,FC,FS,SI,CH,SL,CU,KC",450,0.24102564102564103,0.6980392156862745,0.5,0.6595744680851063,0.9101123595505618,0.8577777777777778,0.5666666666666667,0.07111111111111111,6.7313095999999994,1.4958465777777776,"Nick Allen","22277",669397
"Adley Rutschman",2025,"FA,FC,FS,SI,CH,SL,CU,KC",424,0.17703349282296652,0.5162790697674419,0.3490566037735849,0.6756756756756757,0.9369369369369369,0.8716216216216216,0.5070754716981132,0.04481132075471698,0.8962058999999996,0.21136931603773576,"Adley Rutschman","26288",668939
"Willi Castro",2025,"FA,FC,FS,SI,CH,SL,CU,KC",398,0.3611111111111111,0.7155963302752294,0.5552763819095478,0.5692307692307692,0.8717948717948718,0.7828054298642534,0.5477386934673367,0.12060301507537688,1.2938067000000006,0.32507706030150774,"Willi Castro","17338",650489
"Luis García Jr.",2025,"FA,FC,FS,SI,CH,SL,CU",352,0.3333333333333333,0.7473684210526316,0.5568181818181818,0.5555555555555556,0.8098591549295775,0.7397959183673469,0.5397727272727273,0.14488636363636365,9.903510299999999,2.8134972443181816,"Luis Garcia Jr.","20391",671277
"Cam Smith",2025,"FA,FC,FS,SI,CH,SL,CU,KC",610,0.2328767123287671,0.6383647798742138,0.44426229508196724,0.45588235294117646,0.8078817733990148,0.7195571955719557,0.521311475409836,0.12459016393442623,-3.5930949,-0.5890319508196722,"Cam Smith","35108",701358
"Iván Herrera",2025,"FA,FC,FS,SI,CH,SL,CU,KC",508,0.20973782771535582,0.6721991701244814,0.42913385826771655,0.5357142857142857,0.8950617283950617,0.8027522935779816,0.4744094488188976,0.08464566929133858,-13.149216099999999,-2.588428366141732,"Ivan Herrera","20599",671056
"Jose Altuve",2025,"FA,FC,FS,SI,CH,SL,CU,KC",464,0.38,0.602803738317757,0.4827586206896552,0.6736842105263158,0.8604651162790697,0.78125,0.46120689655172414,0.10560344827586207,-1.198311300000001,-0.25825674568965534,"Jose Altuve","5417",514888
"Michael A. Taylor",2025,"FA,FC,FS,SI,CH,SL,CU,KC,EP",538,0.31983805668016196,0.7319587628865979,0.5427509293680297,0.3670886075949367,0.7276995305164319,0.6301369863013698,0.5408921933085502,0.20074349442379183,4.258422599999999,0.7915283643122675,"Michael A. Taylor","11489",572191
"Kyle Higashioka",2025,"FA,FC,FS,SI,CH,SL,CU,KC",443,0.29767441860465116,0.6403508771929824,0.47404063205417607,0.609375,0.910958904109589,0.819047619047619,0.5146726862302483,0.08577878103837472,1.3665365999999983,0.3084732731376971,"Kyle Higashioka","5517",543309
"Zach McKinstry",2025,"FA,FC,FS,SI,CH,SL,CU,KC",446,0.26737967914438504,0.583011583011583,0.45067264573991034,0.58,0.8741721854304636,0.8009950248756219,0.5807174887892377,0.08968609865470852,-4.957570000000003,-1.111562780269059,"Zach McKinstry","19392",656716
"Dane Myers",2025,"FA,FC,FS,SI,CH,SL,CU,KC",420,0.19672131147540983,0.5949367088607594,0.42142857142857143,0.6666666666666666,0.851063829787234,0.8135593220338984,0.5642857142857143,0.07857142857142857,-1.1793878000000002,-0.2808066190476191,"Dane Myers","22054",667472
"Matt Chapman",2025,"FA,FC,FS,SI,CH,SL,CU,KC",500,0.19658119658119658,0.6616541353383458,0.444,0.5652173913043478,0.8465909090909091,0.7882882882882883,0.532,0.094,0.47435660000000107,0.09487132000000022,"Matt Chapman","16505",656305
"Spencer Steer",2025,"FA,FC,FS,SI,CH,SL,CU,KC",536,0.29957805907172996,0.6555183946488294,0.498134328358209,0.5211267605633803,0.8571428571428571,0.7677902621722846,0.5578358208955224,0.11567164179104478,0.3451730000000012,0.06439794776119424,"Spencer Steer","26323",668715
"Nick Fortes",2025,"FA,FC,FS,SI,CH,SL,CU,KC",459,0.3317972350230415,0.6074380165289256,0.477124183006536,0.7638888888888888,0.9251700680272109,0.8721461187214612,0.5272331154684096,0.06100217864923747,5.820136799999999,1.2680036601307187,"Nick Fortes","21538",663743
"Dillon Dingler",2025,"FA,FC,FS,SI,CH,SL,CU,KC",480,0.2328767123287671,0.6130268199233716,0.4395833333333333,0.5686274509803921,0.9125,0.8293838862559242,0.54375,0.075,-8.348286400000003,-1.7392263333333338,"Dillon Dingler","27464",693307
"Jordan Beck",2025,"FA,FC,SI,CH,SL,CU,KC",556,0.2862595419847328,0.6496598639455783,0.4784172661870504,0.52,0.8272251308900523,0.7406015037593985,0.5287769784172662,0.12410071942446044,-4.557086400000005,-0.8196198561151088,"Jordan Beck","31431",687597
"Kyle Farmer",2025,"FA,FC,FS,SI,CH,SL,CU,KC",445,0.3282828282828283,0.5870445344129555,0.47191011235955055,0.5692307692307692,0.8896551724137931,0.7904761904761904,0.5550561797752809,0.09887640449438202,0.14664890000000153,0.032954808988764385,"Kyle Farmer","14813",571657
"Harrison Bader",2025,"FA,FC,FS,SI,CH,SL,CU,KC,EP",658,0.34411764705882353,0.6446540880503144,0.48936170212765956,0.5299145299145299,0.8,0.7018633540372671,0.48328267477203646,0.1458966565349544,2.5579560000000012,0.3887471124620063,"Harrison Bader","18030",664056
"Byron Buxton",2025,"FA,FC,FS,SI,CH,SL,CU,KC",460,0.2688679245283019,0.717741935483871,0.5108695652173914,0.5087719298245614,0.8258426966292135,0.7489361702127659,0.5391304347826087,0.1282608695652174,-11.562725000000002,-2.513635869565218,"Byron Buxton","14161",621439
"Carlos Narváez",2025,"FA,FC,FS,SI,CH,SL,CU,KC",537,0.28627450980392155,0.6524822695035462,0.478584729981378,0.5753424657534246,0.8152173913043478,0.7470817120622568,0.5251396648044693,0.12104283054003724,1.3754255000000022,0.25613137802607117,"Carlos Narvaez","19722",665966
"Jorge Polanco",2025,"FA,FC,FS,SI,CH,SL,CU,KC",436,0.35964912280701755,0.6826923076923077,0.5137614678899083,0.5487804878048781,0.8943661971830986,0.7678571428571429,0.47706422018348627,0.11926605504587157,-5.271975700000001,-1.2091687385321104,"Jorge Polanco","13152",593871
"Nick Kurtz",2025,"FA,FC,SI,CH,SL,CU,KC",604,0.2581818181818182,0.5653495440729484,0.42549668874172186,0.39436619718309857,0.7741935483870968,0.669260700389105,0.5447019867549668,0.14072847682119205,0.7653515000000009,0.1267138245033114,"Nick Kurtz","35110",701762
"Aaron Judge",2025,"FA,FC,FS,SI,CH,SL,CU,KC,EP",570,0.2465753424657534,0.6474820143884892,0.4421052631578947,0.3055555555555556,0.8,0.6587301587301587,0.48771929824561405,0.15087719298245614,-16.976340300000004,-2.9783053157894743,"Aaron Judge","15640",592450
"Rob Refsnyder",2025,"FA,FC,FS,SI,CH,SL,CU,KC",586,0.15636363636363637,0.5916398713826366,0.3873720136518771,0.5581395348837209,0.8641304347826086,0.8061674008810573,0.5307167235494881,0.07508532423208192,-9.634099299999999,-1.6440442491467575,"Rob Refsnyder","13770",608701
"Alex Call",2025,"FA,FC,FS,SI,CH,SL,CU,KC",475,0.23786407766990292,0.5130111524163569,0.3936842105263158,0.6938775510204082,0.8478260869565217,0.8074866310160428,0.5663157894736842,0.07578947368421053,-1.163186399999998,-0.24488134736842065,"Alex Call","19296",669743
"Ke'Bryan Hayes",2025,"FA,FC,FS,SI,CH,SL,CU,KC",479,0.3029045643153527,0.6092436974789915,0.4551148225469729,0.726027397260274,0.903448275862069,0.8440366972477065,0.4968684759916493,0.0709812108559499,9.0451838,1.8883473486430065,"Ke'Bryan Hayes","18577",663647
"Royce Lewis",2025,"FA,FC,FS,SI,CH,SL,CU,KC",457,0.2688679245283019,0.673469387755102,0.48577680525164113,0.5964912280701754,0.8242424242424242,0.7657657657657657,0.5361050328227571,0.1137855579868709,1.9555986999999997,0.42792094091903715,"Royce Lewis","20437",668904
"Yainer Diaz",2025,"FA,FC,FS,SI,CH,SL,CU,KC",411,0.45045045045045046,0.8253968253968254,0.6228710462287105,0.6,0.8461538461538461,0.75,0.45985401459854014,0.15571776155717762,0.7133698999999993,0.17356931873479303,"Yainer Diaz","23003",673237
"Dansby Swanson",2025,"FA,FC,FS,SI,CH,SL,CU,KC",516,0.25301204819277107,0.7565543071161048,0.5135658914728682,0.30158730158730157,0.8118811881188119,0.690566037735849,0.5174418604651163,0.15891472868217055,-4.399705799999997,-0.8526561627906971,"Dansby Swanson","18314",621020
"Willson Contreras",2025,"FA,FC,FS,SI,CH,SL,CU,KC",569,0.2571428571428571,0.6228373702422145,0.4428822495606327,0.4861111111111111,0.8444444444444444,0.7420634920634921,0.507908611599297,0.11423550087873462,-4.550499899999998,-0.799736362038664,"Willson Contreras","11609",575929
"Christopher Morel",2025,"FA,FC,FS,SI,CH,SL,CU,KC",640,0.26537216828478966,0.7734138972809668,0.528125,0.4268292682926829,0.7421875,0.665680473372781,0.5171875,0.1765625,2.5571682000000004,0.3995575312500001,"Christopher Morel","21897",666624
"Curtis Mead",2025,"FA,FC,FS,SI,CH,SL,CU,KC",480,0.25877192982456143,0.6547619047619048,0.4666666666666667,0.6440677966101694,0.9272727272727272,0.8526785714285714,0.525,0.06875,8.775393999999999,1.828207083333333,"Curtis Mead","23986",678554
"Carson Kelly",2025,"FA,FC,SI,CH,SL,CU,KN,KC",494,0.26337448559670784,0.7131474103585658,0.49190283400809715,0.53125,0.8715083798882681,0.7818930041152263,0.5080971659919028,0.10728744939271255,-1.9657408999999997,-0.39792325910931164,"Carson Kelly","13620",608348
"Ryan Jeffers",2025,"FA,FC,FS,SI,CH,SL,CU,KC",613,0.18006430868167203,0.5231788079470199,0.34910277324632955,0.6607142857142857,0.8417721518987342,0.794392523364486,0.4926590538336052,0.07177814029363784,-8.231050900000005,-1.3427489233278964,"Ryan Jeffers","24618",680777
"Trent Grisham",2025,"FA,FC,SI,CH,SL,CU,KC",641,0.1879432624113475,0.5459610027855153,0.38845553822152884,0.5094339622641509,0.8469387755102041,0.7751004016064257,0.5600624024960998,0.0873634945397816,3.0348881999999984,0.4734614976599061,"Trent Grisham","18564",663757
"Jared Triolo",2025,"FA,FC,FS,SI,CH,SL,CU,KC",467,0.24761904761904763,0.6731517509727627,0.4817987152034261,0.6153846153846154,0.8728323699421965,0.8133333333333334,0.550321199143469,0.08993576017130621,-4.181145399999999,-0.8953202141327622,"Jared Triolo","25807",669707
"Bryson Stott",2025,"FA,FC,SI,CH,SL,CU,KC,EP",536,0.2026431718061674,0.540453074433657,0.39738805970149255,0.6304347826086957,0.8802395209580839,0.8262910798122066,0.5764925373134329,0.06902985074626866,4.8358941999999985,0.9022190671641789,"Bryson Stott","26294",681082
"Tommy Edman",2025,"FA,FC,FS,SI,CH,SL,CU,KC",413,0.33663366336633666,0.6350710900473934,0.4891041162227603,0.6323529411764706,0.9402985074626866,0.8366336633663366,0.5108958837772397,0.07990314769975787,0.8221149000000021,0.19905929782082374,"Tommy Edman","19470",669242
"Hunter Goodman",2025,"FA,FC,FS,SI,CH,SL,CU,KC",550,0.3204225352112676,0.7556390977443609,0.5309090909090909,0.45054945054945056,0.8159203980099502,0.702054794520548,0.48363636363636364,0.15818181818181817,-6.283296399999998,-1.1424175272727268,"Hunter Goodman","29715",696100
"Wyatt Langford",2025,"FA,FC,FS,SI,CH,SL,CU,KC",691,0.20054945054945056,0.6605504587155964,0.4182344428364689,0.3698630136986301,0.8611111111111112,0.7370242214532872,0.4732272069464544,0.10998552821997105,-5.937307,-0.859234008683068,"Wyatt Langford","33333",694671
"Shea Langeliers",2025,"FA,FC,FS,SI,CH,SL,CU",420,0.4166666666666667,0.75,0.5880952380952381,0.6,0.8641975308641975,0.7732793522267206,0.5142857142857142,0.13333333333333333,-11.559528100000001,-2.7522685952380956,"Shea Langeliers","25816",669127
"Cedric Mullins",2025,"FA,FC,SI,CH,SL,CU,KC",548,0.22131147540983606,0.6710526315789473,0.4708029197080292,0.7962962962962963,0.8529411764705882,0.8410852713178295,0.5547445255474452,0.07481751824817519,-3.182629999999999,-0.5807718978102189,"Cedric Mullins","17929",656775
"Jose Iglesias",2025,"FA,FC,FS,SI,CH,SL,CU,KC",575,0.36496350364963503,0.5647840531561462,0.46956521739130436,0.73,0.8705882352941177,0.8185185185185185,0.5234782608695652,0.08521739130434783,1.0021480999999997,0.17428662608695647,"Jose Iglesias","10231",578428
"Nolan Schanuel",2025,"FA,FC,SI,CH,SL,CU,KC",482,0.17073170731707318,0.631768953068592,0.43568464730290457,0.7714285714285715,0.8914285714285715,0.8714285714285714,0.5746887966804979,0.056016597510373446,-1.9955140999999983,-0.4140070746887963,"Nolan Schanuel","33189",694384
"Brandon Lowe",2025,"FA,FC,SI,CH,SL,CU,KC",560,0.3373493975903614,0.7106109324758842,0.5446428571428571,0.34523809523809523,0.7647058823529411,0.6491803278688525,0.5553571428571429,0.19107142857142856,6.844896299999999,1.2223029107142855,"Brandon Lowe","18882",664040
"Jazz Chisholm Jr.",2025,"FA,FC,FS,SI,CH,SL,CU,KC,EP",574,0.24427480916030533,0.657051282051282,0.4686411149825784,0.5625,0.7414634146341463,0.6988847583643123,0.5435540069686411,0.14111498257839722,-2.1231636000000007,-0.36988912891986075,"Jazz Chisholm Jr.","20454",665862
"George Springer",2025,"FA,FC,FS,SI,CH,SL,CU,KC,EP",585,0.21505376344086022,0.6830065359477124,0.4598290598290598,0.6166666666666667,0.7990430622009569,0.758364312267658,0.5230769230769231,0.1111111111111111,-4.8371089000000005,-0.8268562222222223,"George Springer","12856",543807
"Andrew McCutchen",2025,"FA,FC,FS,SI,CH,SL,CU,KC",628,0.2135593220338983,0.6366366366366366,0.43789808917197454,0.49206349206349204,0.8254716981132075,0.7490909090909091,0.5302547770700637,0.10987261146496816,0.07484370000000085,0.011917786624203957,"Andrew McCutchen","9847",457705
"Mauricio Dubón",2025,"FA,FC,FS,SI,CH,SL,CU,KC",425,0.3484848484848485,0.7048458149779736,0.5388235294117647,0.7536231884057971,0.9,0.8558951965065502,0.5341176470588235,0.07764705882352942,0.18892920000000032,0.04445392941176478,"Mauricio Dubon","16530",643289
"Mark Vientos",2025,"FA,FC,FS,SI,CH,SL,CU,KC",523,0.32684824902723736,0.7481203007518797,0.5411089866156787,0.4523809523809524,0.7989949748743719,0.696113074204947,0.5086042065009561,0.16443594646271512,0.7018488999999981,0.13419673040152927,"Mark Vientos","22184",668901
"Isaac Collins",2025,"FA,FC,FS,SI,CH,SL,CU,KC",541,0.19433198380566802,0.6904761904761905,0.46395563770794823,0.3333333333333333,0.8719211822660099,0.7689243027888446,0.5434380776340111,0.10720887245841035,0.7625556999999994,0.14095299445471338,"Isaac Collins","25477",686555
"Brenton Doyle",2025,"FA,FC,FS,SI,CH,SL,CU,KC",491,0.2962962962962963,0.7540322580645161,0.5274949083503055,0.4583333333333333,0.893048128342246,0.7722007722007722,0.505091649694501,0.12016293279022404,-4.233101200000002,-0.8621387372708761,"Brenton Doyle","25479",686668
"Teoscar Hernández",2025,"FA,FC,FS,SI,CH,SL,CU,KC",483,0.3168724279835391,0.7333333333333333,0.5238095238095238,0.45454545454545453,0.8352272727272727,0.7193675889328063,0.4968944099378882,0.14699792960662525,1.2873065000000001,0.2665230848861284,"Teoscar Hernandez","13066",606192
"Tyler Freeman",2025,"FA,FC,FS,SI,CH,SL,CU,KC",465,0.23529411764705882,0.6360153256704981,0.46021505376344085,0.7083333333333334,0.9578313253012049,0.9018691588785047,0.5612903225806452,0.04516129032258064,1.7134754000000005,0.36848933333333345,"Tyler Freeman","22532",671289
"Chandler Simpson",2025,"FA,FC,SI,CH,SL,CU,KC",390,0.3151515151515151,0.6222222222222222,0.49230769230769234,0.75,0.9142857142857143,0.8697916666666666,0.5769230769230769,0.0641025641025641,2.7569534000000004,0.7069111282051282,"Chandler Simpson","31912",802415
"Tyler Soderstrom",2025,"FA,FC,SI,CH,SL,CU,KC",505,0.3416666666666667,0.660377358490566,0.5089108910891089,0.5121951219512195,0.8628571428571429,0.7509727626459144,0.5247524752475248,0.12673267326732673,-0.26829749999999886,-0.05312821782178195,"Tyler Soderstrom","27467",691016
"Corey Seager",2025,"FA,FC,FS,SI,CH,SL,CU",578,0.26217228464419473,0.7588424437299035,0.5294117647058824,0.35714285714285715,0.8135593220338984,0.7091503267973857,0.5380622837370242,0.15397923875432526,0.1561168999999974,0.02700984429065699,"Corey Seager","13624",608369
"Javier Báez",2025,"FA,FC,FS,SI,CH,SL,CU,KC",476,0.4881889763779528,0.6306306306306306,0.5546218487394958,0.6209677419354839,0.8928571428571429,0.7651515151515151,0.46638655462184875,0.13025210084033614,-3.077624799999997,-0.6465598319327726,"Javier Baez","12979",595879
"Andrew Vaughn",2025,"FA,FC,FS,SI,CH,SL,CU,KC",538,0.26765799256505574,0.654275092936803,0.46096654275092935,0.6527777777777778,0.9147727272727273,0.8387096774193549,0.5,0.07434944237918216,-4.507532800000001,-0.8378313754646841,"Andrew Vaughn","26197",683734
"Mitch Garver",2025,"FA,FC,FS,SI,CH,SL,CU,KC",642,0.17567567567567569,0.5953757225433526,0.40186915887850466,0.46153846153846156,0.8300970873786407,0.7558139534883721,0.5389408099688473,0.09813084112149532,0.7650183000000028,0.11916172897196305,"Mitch Garver","15161",641598
"Bryan Reynolds",2025,"FA,FC,FS,SI,CH,SL,CU,KC",656,0.2896341463414634,0.7042682926829268,0.4969512195121951,0.42105263157894735,0.8614718614718615,0.7331288343558282,0.5,0.1326219512195122,-0.665195899999997,-0.10140181402438979,"Bryan Reynolds","19326",668804
"Romy Gonzalez",2025,"FA,FC,FS,SI,CH,SL,CU,KC",521,0.3333333333333333,0.7290836653386454,0.5239923224568138,0.5222222222222223,0.819672131147541,0.7216117216117216,0.4817658349328215,0.14587332053742802,-10.325521000000002,-1.9818658349328218,"Romy Gonzalez","21562",663853
"Alec Burleson",2025,"FA,FC,FS,SI,CH,SL,CU,KC",461,0.31627906976744186,0.6626016260162602,0.5010845986984815,0.6029411764705882,0.8773006134969326,0.7965367965367965,0.5336225596529284,0.1019522776572668,0.0941254000000013,0.02041765726681156,"Alec Burleson","27615",676475
"Isiah Kiner-Falefa",2025,"FA,FC,FS,SI,CH,SL,CU,KC",446,0.33663366336633666,0.6352459016393442,0.5,0.7058823529411765,0.9225806451612903,0.8565022421524664,0.547085201793722,0.07174887892376682,7.963844299999999,1.7856153139013449,"Isiah Kiner-Falefa","16512",643396
"Bobby Witt Jr.",2025,"FA,FC,FS,SI,CH,SL,CU,KC",531,0.3127413127413127,0.6985294117647058,0.5103578154425612,0.6790123456790124,0.8421052631578947,0.7933579335793358,0.512241054613936,0.10546139359698682,-7.600084499999997,-1.4312776836158185,"Bobby Witt Jr.","25764",677951
"Carlos Correa",2025,"FA,FC,FS,SI,CH,SL,CU,KC",582,0.255663430420712,0.6886446886446886,0.4587628865979381,0.6455696202531646,0.8563829787234043,0.7940074906367042,0.4690721649484536,0.09450171821305842,-1.2970636999999996,-0.222863178694158,"Carlos Correa","14162",621043
"Amed Rosario",2025,"FA,FC,FS,SI,CH,SL,CU,KC",417,0.387434554973822,0.7300884955752213,0.5731414868105515,0.6756756756756757,0.9090909090909091,0.8368200836820083,0.5419664268585132,0.09352517985611511,-1.8408987999999986,-0.44146254196642654,"Amed Rosario","15518",642708
"Miguel Rojas",2025,"FA,FC,FS,SI,CH,SL,CU,KC",535,0.19444444444444445,0.6395759717314488,0.42990654205607476,0.5918367346938775,0.9337016574585635,0.8608695652173913,0.5289719626168224,0.059813084112149535,-5.552242000000001,-1.0378022429906544,"Miguel Rojas","7802",500743
"Jackson Chourio",2025,"FA,FC,FS,SI,CH,SL,CU,KC",518,0.35,0.6395348837209303,0.4942084942084942,0.5714285714285714,0.8787878787878788,0.76953125,0.4980694980694981,0.1138996138996139,-11.743103799999991,-2.2670084555984538,"Jackson Chourio","28806",694192
"Nathaniel Lowe",2025,"FA,FC,FS,SI,CH,SL,CU,KC",720,0.2027491408934708,0.5990675990675991,0.4388888888888889,0.5423728813559322,0.8482490272373541,0.7911392405063291,0.5958333333333333,0.09166666666666666,11.9309612,1.6570779444444443,"Nathaniel Lowe","19566",663993
"Javier Sanoja",2025,"FA,FC,FS,SI,CH,SL,CU,KC",491,0.32,0.6090225563909775,0.47657841140529533,0.6944444444444444,0.9135802469135802,0.8461538461538461,0.5417515274949084,0.07331975560081466,0.7572932000000008,0.15423486761710808,"Javier Sanoja","28253",691594
"Eugenio Suárez",2025,"FA,FC,FS,SI,CH,SL,CU,KC",762,0.3016759776536313,0.6435643564356436,0.48293963254593175,0.4074074074074074,0.7730769230769231,0.6657608695652174,0.5301837270341208,0.16141732283464566,0.5764342000000011,0.0756475328083991,"Eugenio Suarez","12552",553993
"Jake Cronenworth",2025,"FA,FC,FS,SI,CH,SL,CU,KC",693,0.19141914191419143,0.6102564102564103,0.42712842712842713,0.5344827586206896,0.9285714285714286,0.8513513513513513,0.5627705627705628,0.06349206349206349,-4.090139599999999,-0.5902077344877343,"Jake Cronenworth","18036",630105
"Carlos Santana",2025,"FA,FC,FS,SI,CH,SL,CU,KN,KC",582,0.24390243902439024,0.6440677966101694,0.44673539518900346,0.44285714285714284,0.9105263157894737,0.7846153846153846,0.506872852233677,0.09621993127147767,2.3830284999999987,0.40945506872852205,"Carlos Santana","2396",467793
"Santiago Espinal",2025,"FA,FC,FS,SI,CH,SL,CU,KC",528,0.2127659574468085,0.590443686006826,0.42234848484848486,0.74,0.9364161849710982,0.8923766816143498,0.5549242424242424,0.045454545454545456,4.014718999999998,0.7603634469696965,"Santiago Espinal","19997",669289
"Salvador Perez",2025,"FA,FC,FS,SI,CH,SL,CU,KC",499,0.49795918367346936,0.7952755905511811,0.6492985971943888,0.6229508196721312,0.8712871287128713,0.7777777777777778,0.5090180360721442,0.14428857715430862,10.194948400000001,2.0430758316633266,"Salvador Perez","7304",521692
"Myles Straw",2025,"FA,FC,FS,SI,CH,SL,CU,KC,EP",558,0.31746031746031744,0.6241830065359477,0.48566308243727596,0.75,0.8952879581151832,0.8523985239852399,0.5483870967741935,0.07168458781362007,1.4923517000000004,0.26744654121863803,"Myles Straw","17620",664702
"Agustín Ramírez",2025,"FA,FC,FS,SI,CH,SL,CU,KC",637,0.3123123123123123,0.680921052631579,0.48822605965463106,0.4807692307692308,0.821256038647343,0.707395498392283,0.4772370486656201,0.14285714285714285,5.9541559,0.9347183516483516,"Agustin Ramirez","26546",682663
"Willy Adames",2025,"FA,FC,FS,SI,CH,SL,CU,KC",741,0.25,0.5984251968503937,0.4291497975708502,0.4444444444444444,0.8464912280701754,0.7327044025157232,0.5141700404858299,0.11470985155195682,1.2521110000000022,0.16897584345479114,"Willy Adames","15986",642715
"Andy Pages",2025,"FA,FC,FS,SI,CH,SL,CU,KC",597,0.30357142857142855,0.7287066246056783,0.5293132328308208,0.5411764705882353,0.8787878787878788,0.7879746835443038,0.5309882747068677,0.11222780569514237,-1.4197082,-0.23780706867671694,"Andy Pages","24816",681624
"Wilmer Flores",2025,"FA,FC,FS,SI,CH,SL,CU,KC,EP",605,0.2895622895622896,0.6493506493506493,0.4727272727272727,0.627906976744186,0.88,0.8041958041958042,0.509090909090909,0.09256198347107437,4.246186500000003,0.7018490082644633,"Wilmer Flores","5827",527038
"Lars Nootbaar",2025,"FA,FC,SI,CH,SL,CU,KC",696,0.2125748502994012,0.5138121546961326,0.3692528735632184,0.5070422535211268,0.8924731182795699,0.7859922178988327,0.5201149425287356,0.07902298850574713,7.605340899999994,1.09272139367816,"Lars Nootbaar","21454",663457
"Seiya Suzuki",2025,"FA,FC,FS,SI,CH,SL,CU,KC,EP",810,0.17794486215538846,0.583941605839416,0.38395061728395063,0.5915492957746479,0.8833333333333333,0.8167202572347267,0.5074074074074074,0.07037037037037037,-5.877367899999995,-0.7256009753086413,"Seiya Suzuki","30116",673548
"Jake Mangum",2025,"FA,FC,FS,SI,CH,SL,CU,KC",439,0.3917525773195876,0.7061224489795919,0.5671981776765376,0.6973684210526315,0.9132947976878613,0.8473895582329317,0.5580865603644647,0.08656036446469248,2.381268499999999,0.5424301822323461,"Jake Mangum","26202",663968
"Ramón Laureano",2025,"FA,FC,FS,SI,CH,SL,CU,KC",645,0.24429967426710097,0.6775147928994083,0.47131782945736433,0.49333333333333335,0.8471615720524017,0.7598684210526315,0.524031007751938,0.11317829457364341,-6.889677999999998,-1.0681671317829453,"Ramon Laureano","17128",657656
"Brent Rooker",2025,"FA,FC,FS,SI,CH,SL,CU,KC",587,0.25732899022801303,0.7178571428571429,0.47700170357751276,0.4050632911392405,0.8507462686567164,0.725,0.47700170357751276,0.131175468483816,-7.183757400000003,-1.2238087563884161,"Brent Rooker","19627",667670
"Caleb Durbin",2025,"FA,FC,FS,SI,CH,SL,CU,KC",482,0.2037914691943128,0.6309963099630996,0.44398340248962653,0.7209302325581395,0.9473684210526315,0.9018691588785047,0.5622406639004149,0.043568464730290454,-1.0608945999999997,-0.22010261410788373,"Caleb Durbin","29646",702332
"Chase Meidroth",2025,"FA,FC,FS,SI,CH,SL,CU,KC",664,0.19601328903654486,0.559228650137741,0.39457831325301207,0.8135593220338984,0.9211822660098522,0.8969465648854962,0.5466867469879518,0.04066265060240964,-0.40996939999999893,-0.06174237951807213,"Chase Meidroth","31580",805367
"Joey Ortiz",2025,"FA,FC,FS,SI,CH,SL,CU,KC",531,0.3562231759656652,0.5671140939597316,0.4745762711864407,0.7349397590361446,0.9349112426035503,0.8690476190476191,0.5612052730696798,0.062146892655367235,-0.290136199999999,-0.054639585687382114,"Joey Ortiz","25493",687401
"Bo Bichette",2025,"FA,FC,FS,SI,CH,SL,CU,KC,EP",504,0.363265306122449,0.7915057915057915,0.5833333333333334,0.651685393258427,0.9170731707317074,0.8367346938775511,0.5138888888888888,0.09523809523809523,-5.162907300000001,-1.0243863690476191,"Bo Bichette","19612",666182
"Anthony Volpe",2025,"FA,FC,FS,SI,CH,SL,CU,KC",716,0.24776119402985075,0.5853018372703412,0.4273743016759777,0.6385542168674698,0.8609865470852018,0.8006535947712419,0.5321229050279329,0.08519553072625698,0.5359453000000016,0.07485269553072649,"Anthony Volpe","27647",683011
"Masyn Winn",2025,"FA,FC,FS,SI,CH,SL,CU,KC",756,0.27717391304347827,0.6211340206185567,0.4537037037037037,0.7156862745098039,0.91701244813278,0.8571428571428571,0.5132275132275133,0.06481481481481481,5.140316899999998,0.6799360978835977,"Masyn Winn","27479",691026
"Ian Happ",2025,"FA,FC,FS,SI,CH,SL,CU,KC",724,0.18769230769230769,0.6340852130325815,0.43370165745856354,0.45901639344262296,0.83399209486166,0.7611464968152867,0.5511049723756906,0.10359116022099447,2.251326699999998,0.31095672651933676,"Ian Happ","17919",664023
"Trevor Story",2025,"FA,FC,FS,SI,CH,SL,CU,KC",641,0.3741721854304636,0.7345132743362832,0.5647425897035881,0.48672566371681414,0.8755020080321285,0.7541436464088398,0.5288611544461779,0.13884555382215288,-2.2154359000000006,-0.345621825273011,"Trevor Story","12564",596115
"Fernando Tatis Jr.",2025,"FA,FC,FS,SI,CH,SL,CU,KC",711,0.22465753424657534,0.7023121387283237,0.4571026722925457,0.43902439024390244,0.8641975308641975,0.7569230769230769,0.4866385372714487,0.1111111111111111,0.08765900000000193,0.012328973277074814,"Fernando Tatis Jr.","19709",665487
"William Contreras",2025,"FA,FC,FS,SI,CH,SL,CU,KC",696,0.239067055393586,0.6685552407932012,0.45689655172413796,0.5853658536585366,0.847457627118644,0.779874213836478,0.507183908045977,0.10057471264367816,-0.6513938999999993,-0.09359107758620679,"William Contreras","20503",661388
"Pete Alonso",2025,"FA,FC,FS,SI,CH,SL,CU,KC",853,0.2764423076923077,0.6178489702517163,0.451348182883939,0.5130434782608696,0.8333333333333334,0.7376623376623377,0.5123094958968347,0.11840562719812427,2.1091028,0.24725706916764362,"Pete Alonso","19251",624413
"Heliot Ramos",2025,"FA,FC,FS,SI,CH,SL,CU,KC",751,0.30376344086021506,0.6675461741424802,0.4873501997336884,0.5663716814159292,0.8735177865612648,0.7786885245901639,0.5046604527296937,0.10785619174434088,-0.11384219999999945,-0.015158748335552525,"Heliot Ramos","22515",671218
"Riley Greene",2025,"FA,FC,FS,SI,CH,SL,CU,KC",852,0.3132832080200501,0.6666666666666666,0.5011737089201878,0.568,0.8112582781456954,0.7400468384074942,0.5316901408450704,0.13028169014084506,7.443170899999999,0.8736116079812206,"Riley Greene","25976",682985
"Jackson Holliday",2025,"FA,FC,FS,SI,CH,SL,CU,KC",676,0.22866894197952217,0.6214099216710183,0.4511834319526627,0.5970149253731343,0.8025210084033614,0.7573770491803279,0.5665680473372781,0.10946745562130178,8.796345199999996,1.3012344970414196,"Jackson Holliday","31781",702616
"Brendan Donovan",2025,"FA,FC,FS,SI,CH,SL,CU,KC",662,0.2664359861591695,0.5710455764075067,0.4380664652567976,0.6883116883116883,0.9107981220657277,0.8517241379310345,0.5634441087613293,0.0649546827794562,3.4182142000000004,0.5163465558912388,"Brendan Donovan","24679",680977
"Julio Rodríguez",2025,"FA,FC,FS,SI,CH,SL,CU,KC",656,0.334375,0.7529761904761905,0.5487804878048781,0.5981308411214953,0.782608695652174,0.7277777777777777,0.5121951219512195,0.14939024390243902,-3.535687599999998,-0.5389767682926826,"Julio Rodriguez","23697",677594
"Jackson Merrill",2025,"FA,FC,FS,SI,CH,SL,CU,KC",602,0.3771626297577855,0.7252396166134185,0.5581395348837209,0.5963302752293578,0.8546255506607929,0.7708333333333334,0.5199335548172758,0.12790697674418605,5.193205599999999,0.862658737541528,"Jackson Merrill","29490",701538
"Manny Machado",2025,"FA,FC,FS,SI,CH,SL,CU,KC",710,0.27596439169139464,0.6863270777479893,0.4915492957746479,0.6021505376344086,0.8125,0.7564469914040115,0.5253521126760563,0.11971830985915492,-4.708154400000001,-0.6631203380281692,"Manny Machado","11493",592518
"Paul Goldschmidt",2025,"FA,FC,FS,SI,CH,SL,CU,KC",648,0.18815331010452963,0.6177285318559557,0.42746913580246915,0.6851851851851852,0.905829596412556,0.8628158844765343,0.5570987654320988,0.05864197530864197,-13.130503000000001,-2.026312191358025,"Paul Goldschmidt","9218",502671
"Christian Yelich",2025,"FA,FC,FS,SI,CH,SL,CU,KC",821,0.25569620253164554,0.6197183098591549,0.4445797807551766,0.44554455445544555,0.8446969696969697,0.7342465753424657,0.5188794153471377,0.11814859926918392,1.601673199999996,0.19508808769792887,"Christian Yelich","11477",592885
"Brice Turang",2025,"FA,FC,FS,SI,CH,SL,CU,KC",774,0.21316614420062696,0.5846153846153846,0.4315245478036176,0.6029411764705882,0.8609022556390977,0.8083832335329342,0.5878552971576227,0.082687338501292,-4.434425799999997,-0.5729232299741598,"Brice Turang","22186",668930
"Nico Hoerner",2025,"FA,FC,FS,SI,CH,SL,CU,KC",473,0.3864734299516908,0.6466165413533834,0.53276955602537,0.8,0.9418604651162791,0.8968253968253969,0.5623678646934461,0.05496828752642706,-10.866184999999996,-2.2972906976744176,"Nico Hoerner","21479",663538
"Ketel Marte",2025,"FA,FC,FS,SI,CH,SL,CU,KC",612,0.27631578947368424,0.7045454545454546,0.4918300653594771,0.6309523809523809,0.8847926267281107,0.813953488372093,0.5032679738562091,0.0915032679738562,-8.257477299999998,-1.3492609967320257,"Ketel Marte","13613",606466
"CJ Abrams",2025,"FA,FC,SI,CH,SL,CU,KC",712,0.36163522012578614,0.6243654822335025,0.5070224719101124,0.45217391304347826,0.8373983739837398,0.7146814404432132,0.5533707865168539,0.1446629213483146,6.3310559,0.8891932443820225,"CJ Abrams","25768",682928
"Corbin Carroll",2025,"FA,FC,SI,CH,SL,CU,KC",732,0.2953846153846154,0.6339066339066339,0.48360655737704916,0.625,0.8217054263565892,0.768361581920904,0.5560109289617486,0.11202185792349727,-4.1303928999999995,-0.5642613251366119,"Corbin Carroll","25878",682998
"Eric Wagaman",2025,"FA,FC,FS,SI,CH,SL,CU,KC",684,0.24620060790273557,0.5971830985915493,0.4283625730994152,0.49382716049382713,0.8773584905660378,0.7713310580204779,0.5190058479532164,0.097953216374269,-2.8446032999999957,-0.41587767543859583,"Eric Wagaman","23395",676572
"Matt Olson",2025,"FA,FC,FS,SI,CH,SL,CU,KC",905,0.27634660421545665,0.6610878661087866,0.47955801104972373,0.635593220338983,0.7721518987341772,0.7350230414746544,0.5281767955801105,0.1270718232044199,-3.6413765000000016,-0.4023620441988952,"Matt Olson","14344",621566
"Brandon Nimmo",2025,"FA,FC,FS,SI,CH,SL,CU,KC",812,0.23631123919308358,0.6709677419354839,0.4852216748768473,0.5609756097560976,0.8397435897435898,0.7817258883248731,0.5726600985221675,0.10591133004926108,0.3988570999999996,0.04912033251231522,"Brandon Nimmo","12927",607043
"Sal Frelick",2025,"FA,FC,FS,SI,CH,SL,CU,KC",619,0.2720306513409962,0.5726256983240223,0.4458804523424879,0.7746478873239436,0.926829268292683,0.8876811594202898,0.5783521809369951,0.050080775444264945,0.09899940000000218,0.015993441033926036,"Sal Frelick","29622",686217
"Elly De La Cruz",2025,"FA,FC,FS,SI,CH,SL,CU,KC",786,0.32299741602067183,0.6466165413533834,0.4872773536895674,0.496,0.8023255813953488,0.7023498694516971,0.5076335877862596,0.1450381679389313,7.959110199999998,1.0126094402035621,"Elly De La Cruz","26668",682829
"Randy Arozarena",2025,"FA,FC,FS,SI,CH,SL,CU",793,0.2896174863387978,0.6159250585480094,0.46532156368221944,0.6698113207547169,0.7832699619771863,0.7506775067750677,0.5384615384615384,0.11601513240857503,-0.7506716999999987,-0.09466225725094561,"Randy Arozarena","19290",668227
"Jarren Duran",2025,"FA,FC,SI,CH,SL,CU,KC",788,0.3407202216066482,0.6159250585480094,0.48984771573604063,0.43089430894308944,0.8479087452471483,0.7150259067357513,0.5418781725888325,0.13959390862944163,9.101777000000004,1.1550478426395945,"Jarren Duran","24617",680776