Name,Season,Pitch,Pitches,Vertical Break,Vertical Drop,Horizontal Break,ArmAngle,SpinRate,Events,EV,EV90,maxEV,LA,Barrels,Barrel%,HardHit,HardHit%,NameASCII,PlayerId,MLBAMID
"Ben Williamson",2025,"FA,FC,FS,SI,CH,SL,CU,KC",398,7.819158556859297,28.123919698492468,4.5162395577889445,39.64433821608041,2181.934673366834,67,91.0878787878788,104.5,110.4,5.196969696969697,3,0.04477611940298507,29,0.43283582089552236,"Ben Williamson","33197",810938
"Ernie Clement",2025,"FA,FC,FS,SI,CH,SL,CU,KC,EP",585,6.964114001606837,29.09461362393163,5.039252323076924,38.80466341709401,2161.17264957265,160,87.52784810126583,100.3,108.9,20.145569620253166,7,0.04375,47,0.29375,"Ernie Clement","20352",676391
"Vladimir Guerrero Jr.",2025,"FA,FC,FS,SI,CH,SL,CU,KC",601,7.418193652745423,28.07004825291181,6.3726608765391,38.40940057570715,2138.7004991680533,115,93.38684210526316,110.3,115.2,7.191304347826087,16,0.1391304347826087,59,0.5130434782608696,"Vladimir Guerrero Jr.","19611",665489
"Junior Caminero",2025,"FA,FC,FS,SI,CH,SL,CU,KC",740,6.206253819729731,29.91630402702703,5.77827739662162,36.79663187837838,2161.741891891892,148,92.23537414965985,109.3,115.5,6.5,19,0.12837837837837837,78,0.527027027027027,"Junior Caminero","28163",691406
"J.T. Realmuto",2025,"FA,FC,FS,SI,CH,SL,CU,KC,EP",650,7.512433663584615,28.47887706153845,5.746666685446156,37.68223940000001,2179.7953846153846,112,90.62500000000001,106.8,110.4,9.633928571428571,13,0.11607142857142858,55,0.49107142857142855,"J.T. Realmuto","11739",592663
"Nick Castellanos",2025,"FA,FC,FS,SI,CH,SL,CU,KC",704,6.398319034659091,29.55034109375,5.437212022159091,37.44748683238637,2182.0298295454545,126,89.59365079365084,104.3,109,18.76984126984127,8,0.06349206349206349,49,0.3888888888888889,"Nick Castellanos","11737",592206
"Trea Turner",2025,"FA,FC,FS,SI,CH,SL,CU,KC",773,6.631125745795601,28.867720012936605,5.974800603492885,36.166446106080194,2208.0672703751616,157,90.68853503184714,104.4,111.7,15.292993630573248,6,0.03821656050955414,66,0.42038216560509556,"Trea Turner","16252",607208
"Ozzie Albies",2025,"FA,FC,FS,SI,CH,SL,CU,KC",595,6.3976537492436965,30.07168174789917,4.881577334705881,40.11125647058824,2151.783193277311,162,89.40802469135802,105.1,109.9,11.166666666666666,9,0.05555555555555555,55,0.3395061728395062,"Ozzie Albies","16556",645277
"Kyle Tucker",2025,"FA,FC,SI,CH,SL,CU,KC",757,7.202155746221929,27.875542562747693,4.105051226420079,37.58211571994715,2333.542932628798,137,88.9992647058824,103,108.1,17.580882352941178,12,0.08759124087591241,53,0.38686131386861317,"Kyle Tucker","18345",663656
"Pete Crow-Armstrong",2025,"FA,FC,SI,CH,SL,CU,KC,EP",689,5.438529514804064,30.849039158200288,2.2167905824383154,36.47335515529754,2358.412191582003,125,86.58389830508477,103.9,111.8,21.076271186440678,15,0.12,42,0.336,"Pete Crow-Armstrong","27769",691718
"Will Smith",2025,"FA,FC,FS,SI,CH,SL,CU,KC",491,5.845479036252545,29.97144054989816,4.405963646435846,37.53174584521385,2176.979633401222,67,91.86716417910448,105.1,107,16.925373134328357,8,0.11940298507462686,35,0.5223880597014925,"Will Smith","19197",669257
"Shohei Ohtani",2025,"FA,FC,FS,SI,CH,SL,CU,KC",913,6.310185103307775,28.86698296823659,3.5822428348959465,37.74308296823659,2282.049288061336,155,93.14838709677421,109.5,115.9,13.69032258064516,36,0.23225806451612904,84,0.5419354838709678,"Shohei Ohtani","19755",660271
"Juan Soto",2025,"FA,FC,FS,SI,CH,SL,CU,KC",1015,6.054589450443348,29.004200108374377,4.196187266502464,36.73755318226601,2310.574384236453,155,91.17843137254901,106.9,115,13.326797385620916,28,0.18064516129032257,72,0.4645161290322581,"Juan Soto","20123",665742
"Alec Bohm",2025,"FA,FC,FS,SI,CH,SL,CU,KC",494,6.598261963562753,29.36659522267206,5.707647689271255,36.38257004048583,2199.566801619433,103,90.90776699029128,105.1,109.3,10,8,0.07766990291262135,50,0.4854368932038835,"Alec Bohm","21618",664761
"Jacob Young",2025,"FA,FC,FS,SI,CH,SL,CU,KC",404,7.089112138316831,28.718996683168314,6.889501769801981,35.69244878712872,2196.2425742574255,73,88.97424242424242,101.6,107,2.4545454545454546,1,0.0136986301369863,28,0.3835616438356164,"Jacob Young","29931",696285
"Freddie Freeman",2025,"FA,FC,FS,SI,CH,SL,CU,KC",647,6.135161979938177,29.464982024729512,2.9593986655826896,37.1598324729521,2280.5224111282846,118,89.58974358974358,103.8,108.8,13.863247863247864,14,0.11864406779661017,52,0.4406779661016949,"Freddie Freeman","5361",518692
"Gavin Sheets",2025,"FA,FC,SI,CH,SL,CU,KC",590,5.5273098583050855,29.814261016949143,3.026335405932204,37.575686237288124,2296.262711864407,115,86.77652173913044,104.4,107.5,8.434782608695652,4,0.034782608695652174,45,0.391304347826087,"Gavin Sheets","19901",657757
"Kyle Schwarber",2025,"FA,FC,FS,SI,CH,SL,CU,KN,KC",1183,5.6622397472865575,30.159174142011842,2.7300684350803035,36.51549162214707,2313.8444632290784,158,91.63121019108277,109.3,116.7,22.191082802547772,32,0.20253164556962025,85,0.5379746835443038,"Kyle Schwarber","16478",656941
"TJ Friedl",2025,"FA,FC,FS,SI,CH,SL,CU,KC",741,7.252109683130902,27.967701781376505,4.602839387921727,37.23802165721998,2298.4601889338733,141,85.17777777777776,100.4,107.3,10.746031746031745,4,0.028368794326241134,34,0.24113475177304963,"TJ Friedl","19522",670770
"Orlando Arcia",2025,"FA,FC,FS,SI,CH,SL,CU,KC",192,7.16963376796875,28.622461093750005,4.810029465468749,40.63357760416667,2229.296875,43,88.96666666666667,102.4,108,17.904761904761905,1,0.023255813953488372,15,0.3488372093023256,"Orlando Arcia","13185",606115
"Christian Walker",2025,"FA,FC,FS,SI,CH,SL,CU,KC",524,7.5262401473282425,27.836752843511455,6.124788314885497,37.554719961832056,2216.9503816793895,88,92.21022727272727,106.6,110.9,20.193181818181817,10,0.11363636363636363,39,0.4431818181818182,"Christian Walker","13419",572233
"Maikel Garcia",2025,"FA,FC,FS,SI,CH,SL,CU,KC",546,7.476356904029304,28.13461712454213,5.192130374358975,39.389993113553125,2193.7820512820513,101,91.43195876288661,106.3,109.4,9.505154639175258,6,0.0594059405940594,44,0.43564356435643564,"Maikel Garcia","22715",672580
"Nick Loftin",2025,"FA,FC,FS,SI,CH,SL,CU,KC",276,6.7218318692029,29.935339637681164,6.104881680072462,36.41479065217391,2132.7391304347825,50,88.85000000000002,102.7,104.9,18.3,4,0.08,18,0.36,"Nick Loftin","27630",679845
"Ceddanne Rafaela",2025,"FA,FC,FS,SI,CH,SL,CU,KC",621,6.0979689671819655,30.4052554589372,4.366424388083737,38.704958228663436,2200.4830917874397,120,89.74789915966386,104.5,112.1,11.655462184873949,17,0.14166666666666666,50,0.4166666666666667,"Ceddanne Rafaela","24262",678882
"Nolan Arenado",2025,"FA,FC,FS,SI,CH,SL,CU,KC",378,6.947865099206349,29.045856402116403,6.283791057407408,40.80676185185184,2170.785714285714,97,87.01979166666668,102.1,108.3,23.708333333333332,2,0.020618556701030927,30,0.30927835051546393,"Nolan Arenado","9777",571448
"Bo Naylor",2025,"FA,FC,SI,CH,SL,CU,KC",309,6.016997813268606,29.689851294498375,2.7129168770226544,36.59906214239481,2323.957928802589,65,85.42063492063491,98.6,104.9,22.873015873015873,2,0.03076923076923077,12,0.18461538461538463,"Bo Naylor","21865",666310
"Rafael Devers",2025,"FA,FC,FS,SI,CH,SL,CU,KC",960,7.758219520468754,27.31042072916667,4.779880066166667,36.84231447916669,2281.5,149,92.3285714285714,106.9,111.7,8.646258503401361,18,0.12080536912751678,81,0.5436241610738255,"Rafael Devers","17350",646240
"Taylor Walls",2025,"FA,FC,FS,SI,CH,SL,CU,KC",378,7.718844166666665,27.017144814814817,5.4824289023544965,37.94724150793651,2243.9761904761904,75,86.57042253521125,98.5,102.5,14.985915492957746,1,0.013333333333333334,18,0.24,"Taylor Walls","22458",670764
"Jac Caglianone",2025,"FA,FC,SI,CH,SL,CU,KC",228,5.0967866152631585,30.708926535087716,4.027756560964912,34.93902592105263,2311.7105263157896,46,85.29347826086955,110.2,113.6,-11.23913043478261,4,0.08695652173913043,17,0.3695652173913043,"Jac Caglianone","35041",695506
"Angel Martínez",2025,"FA,FC,FS,SI,CH,SL,CU,KC",648,7.498780778935185,28.075288811728388,5.664227814969135,38.44407658950616,2209.621913580247,118,87.51160714285716,104.7,107.4,16,5,0.0423728813559322,40,0.3389830508474576,"Angel Martinez","26540",682657
"Andy Ibáñez",2025,"FA,FC,FS,SI,CH,SL,CU,KC,EP",512,6.513529503710938,29.799364511718757,5.0080098671875,38.348445078125,2172.646484375,103,90.36372549019606,103.1,108.9,15.563106796116505,7,0.06796116504854369,46,0.44660194174757284,"Andy Ibanez","18819",628451
"Jeremy Peña",2025,"FA,FC,FS,SI,CH,SL,CU,KC",353,7.392914369688386,28.7611176203966,6.373558776203964,37.81208461756375,2177.2606232294615,83,89.4111111111111,104.6,108.1,10.333333333333334,7,0.08433734939759036,42,0.5060240963855421,"Jeremy Pena","21636",665161
"Ty France",2025,"FA,FC,FS,SI,CH,SL,CU,KC,EP",575,8.024199328173916,27.56810615652175,5.86584514921739,38.55392525217391,2191.7860869565216,109,89.42685185185184,105.5,110.5,10.74074074074074,13,0.11926605504587157,47,0.43119266055045874,"Ty France","17982",664034
"Alex Bregman",2025,"FA,FC,FS,SI,CH,SL,CU,KC,EP",542,7.018978319372695,29.56811739852399,4.20780866291513,38.535101683210335,2170.3136531365312,93,90.39247311827958,103.1,109.6,12.225806451612904,3,0.03225806451612903,45,0.4838709677419355,"Alex Bregman","17678",608324
"Austin Wells",2025,"FA,FC,FS,SI,CH,SL,CU,KC",572,6.311120614475525,29.51529784965036,2.7457023520979025,36.78858747027972,2298.263986013986,93,90.69560439560443,105.9,109.1,17.01098901098901,8,0.08602150537634409,42,0.45161290322580644,"Austin Wells","27562",669224
"Max Schuemann",2025,"FA,FC,FS,SI,CH,SL,CU",248,8.127126407258064,27.024446814516132,6.054606053225807,39.6005860483871,2231.451612903226,50,88.11020408163266,101,107.6,6.285714285714286,1,0.02,18,0.36,"Max Schuemann","24488",680474
"Luis Arraez",2025,"FA,FC,SI,CH,SL,CU,KC",760,8.072427428447368,26.673356486842106,5.291722994605263,37.84472756578948,2278.440789473684,187,84.03625730994156,95.1,107.8,11.029239766081872,1,0.0053475935828877,20,0.10695187165775401,"Luis Arraez","18568",650333
"Xander Bogaerts",2025,"FA,FC,FS,SI,CH,SL,CU,KC",627,7.293657536937796,28.225832424242423,7.012970506539072,37.12042096810206,2156.6140350877195,132,93.14122137404577,107.2,112.2,12.595419847328245,12,0.09090909090909091,66,0.5,"Xander Bogaerts","12161",593428
"Darell Hernaiz",2025,"FA,FC,FS,SI,CH,SL,CU",219,6.187812401826485,29.795634611872146,5.967129126940638,39.448329132420085,2200.5753424657532,43,86.06190476190476,99.4,103.7,7.071428571428571,1,0.023255813953488372,12,0.27906976744186046,"Darell Hernaiz","26224",687231
"Miguel Vargas",2025,"FA,FC,FS,SI,CH,SL,CU,KC",630,8.352029737142853,27.16027611111111,6.329385657619047,38.81596203174605,2174.1761904761906,112,88.81160714285713,101.7,110.8,23.696428571428573,7,0.0625,43,0.38392857142857145,"Miguel Vargas","20178",678246
"Edgar Quero",2025,"FA,FC,FS,SI,CH,SL,CU,KC",510,7.969338200980393,27.690805627450974,6.699972737588234,40.70917662745101,2140.0588235294117,106,90.54811320754719,103.9,109.8,6.933962264150943,3,0.02830188679245283,50,0.4716981132075472,"Edgar Quero","28022",700337
"Gleyber Torres",2025,"FA,FC,FS,SI,CH,SL,CU,KC",764,6.476348755759164,29.63517066753926,4.910308820287959,38.595358350785354,2166.0903141361255,123,92.95934959349592,106.4,110.9,15.317073170731707,10,0.08130081300813008,60,0.4878048780487805,"Gleyber Torres","16997",650402
"Brooks Lee",2025,"FA,FC,FS,SI,CH,SL,CU,KC",640,5.01579393921875,32.207146406250004,3.5766071140625,37.217235546875,2174.5703125,133,88.70151515151514,102.3,108,9.325757575757576,10,0.07518796992481203,57,0.42857142857142855,"Brooks Lee","31595",686797
"Spencer Torkelson",2025,"FA,FC,FS,SI,CH,SL,CU,KC",769,6.018039747854356,30.42446992197659,5.090834478413525,37.60520312743824,2152.9544863459037,120,90.16833333333331,105.4,108.9,23.025,16,0.13333333333333333,53,0.44166666666666665,"Spencer Torkelson","27465",679529
"Kyle Stowers",2025,"FA,FC,FS,SI,CH,SL,CU,KC",359,7.829796222284127,26.868949972144854,3.7364017576601674,36.81800618384402,2316.300835654596,71,86.66338028169014,105.1,110.1,10.04225352112676,6,0.08450704225352113,28,0.39436619718309857,"Kyle Stowers","26151",669065
"Lenyn Sosa",2025,"FA,FC,FS,SI,CH,SL,CU,KC",546,7.98689040675824,27.91061078754577,5.555462926556778,41.126472095238086,2167.9065934065934,106,90.05094339622643,106.2,110.3,17.70754716981132,13,0.12264150943396226,46,0.4339622641509434,"Lenyn Sosa","22896",672820
"Cody Bellinger",2025,"FA,FC,FS,SI,CH,SL,CU,KC",693,6.77989462935065,28.596861515151502,4.019150904329005,37.316803780663776,2294.718614718615,140,88.22714285714285,101.8,109.1,17.214285714285715,12,0.08571428571428572,55,0.39285714285714285,"Cody Bellinger","15998",641355
"José Ramírez",2025,"FA,FC,FS,SI,CH,SL,CU,KN,KC",737,6.866663217232022,29.099330841248314,4.647597132157396,38.844924843962005,2193.57394843962,159,90.74213836477988,106.8,111.6,18.30188679245283,8,0.050314465408805034,70,0.44025157232704404,"Jose Ramirez","13510",608070
"Matt Shaw",2025,"FA,FC,FS,SI,CH,SL,CU,KC",443,6.908469302528215,29.294581083521436,5.3532164251918735,38.73684343115123,2235.887133182844,79,87.2168831168831,102.7,109.2,8.454545454545455,6,0.0759493670886076,27,0.34177215189873417,"Matt Shaw","33322",807713
"Max Muncy",2025,"FA,FC,FS,SI,CH,SL,CU,KC",336,6.29753367559524,29.795757053571432,2.6970593374107152,39.29193580357144,2261.035714285714,49,91.29591836734696,105.1,108.6,19.020408163265305,8,0.16326530612244897,27,0.5510204081632653,"Max Muncy","13301",571970
"Jeff McNeil",2025,"FA,FC,FS,SI,CH,SL,CU,KC",414,6.223704307487922,29.211092439613523,2.521114899033817,38.07594830917875,2323.814009661836,75,83.71232876712328,100.9,104.6,11.164383561643836,6,0.08,21,0.28,"Jeff McNeil","15362",643446
"Cal Raleigh",2025,"FA,FC,FS,SI,CH,SL,CU,KC",830,5.929253348313251,30.598513795180722,3.526441230722892,37.44198937349398,2178.7506024096388,125,91.63145161290323,107,114.7,20.298387096774192,31,0.248,63,0.504,"Cal Raleigh","21534",663728
"Joey Bart",2025,"FA,FC,FS,SI,CH,SL,CU,KC",341,5.938127557184751,30.77920844574781,3.9259005571847494,35.96751445747801,2228.8240469208213,46,87.87391304347825,106,108.7,13.195652173913043,4,0.08695652173913043,22,0.4782608695652174,"Joey Bart","21524",663698
"Michael Harris II",2025,"FA,FC,FS,SI,CH,SL,CU,KC",593,6.514854875548061,28.61794537942664,4.78254400564924,38.52123801686341,2284.148397976391,137,88.16060606060606,107.2,111.7,7.871212121212121,8,0.058394160583941604,51,0.3722627737226277,"Michael Harris II","25931",671739
"Bryce Johnson",2025,"FA,FC,FS,SI,CH,SL,CU",125,5.286750304799998,30.777178399999997,5.4843728688,38.2752008,2226.216,25,89.14210526315792,100.9,106.7,5.842105263157895,1,0.04,7,0.28,"Bryce Johnson","20002",669369
"J.P. Crawford",2025,"FA,FC,FS,SI,CH,SL,CU,KC",850,8.132261683600001,26.922007200000007,4.48053095035294,37.24886877999999,2266.6035294117646,146,86.11197183098592,101.5,106.9,11.816901408450704,5,0.03424657534246575,46,0.3150684931506849,"J.P. Crawford","15491",641487
"Yandy Díaz",2025,"FA,FC,FS,SI,CH,SL,CU",694,6.628021189769454,29.132818083573486,5.261605134005764,36.33762610951008,2198.4164265129684,145,95.59652777777775,109.3,113.6,7.875,12,0.08275862068965517,85,0.5862068965517241,"Yandy Diaz","16578",650490
"James Wood",2025,"FA,FC,FS,SI,CH,SL,CU,KC",921,6.099103535722042,29.82908317046689,3.6336853073615627,35.59674690553745,2304.331161780673,140,93.0611510791367,110.7,118,5.884892086330935,21,0.15,80,0.5714285714285714,"James Wood","29518",695578
"Brady House",2025,"FA,FC,FS,SI,CH,SL,CU",288,6.5079007038194465,29.10149618055557,6.892380202430555,36.24141673611111,2128.5381944444443,54,94.15283018867925,107.1,111.5,5.018867924528302,2,0.037037037037037035,34,0.6296296296296297,"Brady House","29993",691781
"Jacob Wilson",2025,"FA,FC,FS,SI,CH,SL,CU,KC",418,7.5655148961722505,27.189955789473693,6.719782006674642,37.12689052631578,2175.5885167464116,104,85.49702970297027,99.8,105.2,7.584158415841584,2,0.019230769230769232,26,0.25,"Jacob Wilson","33266",805779
"Johan Rojas",2025,"FA,FC,FS,SI,CH,SL,CU,KN,KC,EP",278,7.025649351115108,29.070923741007192,6.10345454971223,35.69204220143885,2218.679856115108,54,88.28333333333336,103.5,112.4,13.375,2,0.037037037037037035,15,0.2777777777777778,"Johan Rojas","24336",679032
"Josh Naylor",2025,"FA,FC,FS,SI,CH,SL,CU,KC",649,5.8945183109399055,30.195065963020046,2.3479765763636373,37.15637489984592,2299.060092449923,148,86.93716216216221,103.4,108.8,11.16891891891892,6,0.04054054054054054,50,0.33783783783783783,"Josh Naylor","18839",647304
"Randal Grichuk",2025,"FA,FC,FS,SI,CH,SL,CU,KC",657,6.643180150380513,29.55933875190259,4.063214130745816,37.96198625570776,2215.89497716895,128,92.51718750000002,108.1,115.5,19.46875,17,0.1328125,64,0.5,"Randal Grichuk","10243",545341
"Jung Hoo Lee",2025,"FA,FC,SI,CH,SL,CU,KC",648,6.976973397376544,28.3212362808642,4.822498277469136,35.36455964506173,2261.527777777778,128,83.97698412698414,99.7,104.6,4.880952380952381,3,0.0234375,33,0.2578125,"Jung Hoo Lee","33824",808982
"Mookie Betts",2025,"FA,FC,FS,SI,CH,SL,CU,KC",701,7.38139829987161,27.48463783166905,6.920663167189729,38.3583832382311,2138.7517831669043,150,89.81399999999996,102.4,108.4,16.413333333333334,9,0.06,59,0.3933333333333333,"Mookie Betts","13611",605141
"Marcus Semien",2025,"FA,FC,FS,SI,CH,SL,CU,KC",581,6.324237295524958,29.433366471600692,5.33547890636833,36.612688726333914,2177.6867469879517,101,88.60800000000005,102.4,108.7,17.47,3,0.0297029702970297,35,0.3465346534653465,"Marcus Semien","12533",543760
"Adolis García",2025,"FA,FC,FS,SI,CH,SL,CU,KC",601,8.41031461955075,26.708442429284524,6.201550268053242,38.03563728785358,2169.2579034941764,92,91.68021978021976,105.5,110.2,12.263736263736265,11,0.11956521739130435,44,0.4782608695652174,"Adolis Garcia","19287",666969
"Oneil Cruz",2025,"FA,FC,FS,SI,CH,SL,CU,KC",479,3.7060461021085587,33.324396158663895,0.7141661855949891,37.74485830897704,2360.705636743215,64,91.08906250000001,112.6,118.3,4.640625,9,0.140625,31,0.484375,"Oneil Cruz","21711",665833
"Victor Scott II",2025,"FA,FC,FS,SI,CH,SL,CU,KC",461,6.423277484880695,28.788296464208244,3.6236225167028207,39.92252491236443,2293.360086767896,81,85.94626865671641,100,105.8,12.507462686567164,1,0.012345679012345678,20,0.24691358024691357,"Victor Scott II","31349",687363
"Jonah Heim",2025,"FA,FC,FS,SI,CH,SL,CU,KC",531,7.764511237476459,27.49123376647834,5.292640876647836,39.961697853107346,2170.5574387947267,92,89.17912087912086,103.4,106.9,11.186813186813186,7,0.07608695652173914,42,0.45652173913043476,"Jonah Heim","16930",641680
"Josh Smith",2025,"FA,FC,FS,SI,CH,SL,CU,KC",508,6.684264427952752,29.158304586614157,2.8050916003937014,36.40335785433071,2283.6515748031497,79,82.11973684210525,97.1,101.8,16.276315789473685,0,0,9,0.11392405063291139,"Josh Smith","26396",669701
"Dylan Carlson",2025,"FA,FC,FS,SI,CH,SL,CU,KC",280,8.600890971428571,26.752427142857137,3.7689777964285716,39.75383457142856,2232.817857142857,49,87.64999999999998,99.5,103.7,22.125,2,0.04081632653061224,16,0.32653061224489793,"Dylan Carlson","20126",666185
"Daulton Varsho",2025,"FA,FC,FS,SI,CH,SL,CU",208,6.952856298557691,29.20009759615385,3.5388783783653843,39.18401177884615,2239.110576923077,37,86.35294117647061,106.2,107.8,17.794117647058822,3,0.08108108108108109,14,0.3783783783783784,"Daulton Varsho","19918",662139
"Steven Kwan",2025,"FA,FC,FS,SI,CH,SL,CU,KC",845,8.017666602745559,27.181187396449694,4.656540465443787,37.64796940946745,2288.441420118343,189,84.22290502793294,97.2,103.7,13.899441340782124,0,0,28,0.14814814814814814,"Steven Kwan","24610",680757
"Tyler Fitzgerald",2025,"FA,FC,FS,SI,CH,SL,CU,KC",311,6.492187749196142,30.039118649517686,6.249403292926046,36.69214630225081,2123.6398713826366,40,82.0684210526316,99.9,107,15.31578947368421,1,0.025,8,0.2,"Tyler Fitzgerald","26208",666149
"Francisco Lindor",2025,"FA,FC,FS,SI,CH,SL,CU,KC",894,6.554244090044743,29.167715380313194,4.99604317818792,39.38736293064877,2222.3914988814317,172,87.86176470588235,104.4,111.5,15.823529411764707,11,0.06395348837209303,60,0.3488372093023256,"Francisco Lindor","12916",596019
"Xavier Edwards",2025,"FA,FC,FS,SI,CH,SL,CU,KC",729,7.937911659807956,26.560520548696836,7.161390912345679,38.083423100137175,2196.551440329218,153,85.32585034013603,99.1,106.8,4.523809523809524,0,0,36,0.23529411764705882,"Xavier Edwards","22266",669364
"Gunnar Henderson",2025,"FA,FC,FS,SI,CH,SL,CU,KC",829,6.5237493528347406,29.231077044632077,3.8011486755126667,37.561557227985546,2266.094089264174,142,88.80985915492955,105,110.7,11.225352112676056,10,0.07042253521126761,53,0.3732394366197183,"Gunnar Henderson","26289",683002
"Otto Lopez",2025,"FA,FC,FS,SI,CH,SL,CU,KC",720,6.928559868055557,28.42121561111112,5.91931208347222,38.39363256944445,2169.198611111111,149,86.8135135135135,104,109.9,7.337837837837838,7,0.04697986577181208,51,0.3422818791946309,"Otto Lopez","19608",672640
"Geraldo Perdomo",2025,"FA,FC,FS,SI,CH,SL,CU,KC",873,8.862656743917528,25.821446838487972,5.566877037115694,40.38256500572738,2214.3745704467356,178,87.95889570552148,101.7,108.2,12.042944785276074,7,0.03932584269662921,54,0.30337078651685395,"Geraldo Perdomo","22799",672695
"Josh Jung",2025,"FA,FC,FS,SI,CH,SL,CU,KC",584,7.033284680993149,29.043352208904096,5.409383581335615,38.700846712328755,2183.5205479452056,109,90.12169811320754,104.8,107.7,11.273584905660377,10,0.09174311926605505,53,0.48623853211009177,"Josh Jung","26299",673962
"Lourdes Gurriel Jr.",2025,"FA,FC,FS,SI,CH,SL,CU,KC",560,7.120944098035712,28.61285421428572,5.965593557142858,38.583581571428574,2169.3892857142855,131,86.92290076335878,102.9,109.1,17.00763358778626,6,0.04580152671755725,46,0.3511450381679389,"Lourdes Gurriel Jr.","19238",666971
"Bryce Harper",2025,"FA,FC,FS,SI,CH,SL,CU,KN,KC",850,5.270343937764707,30.625087482352935,1.309210766352942,37.37729597823529,2349.5188235294117,159,89.31202531645567,107.3,113.8,10.094936708860759,17,0.1069182389937107,72,0.4528301886792453,"Bryce Harper","11579",547180
"Vinnie Pasquantino",2025,"FA,FC,SI,CH,SL,CU,KC",622,7.259247135723474,27.821266495176854,4.616577729421221,37.69340266559486,2283.3987138263665,116,90.14122807017543,104.8,110.4,14.208695652173914,8,0.06896551724137931,48,0.41379310344827586,"Vinnie Pasquantino","27676",686469
"Alejandro Kirk",2025,"FA,FC,FS,SI,CH,SL,CU,KC,EP",558,7.318640459301075,28.63927211469534,4.229061274014338,39.72067548387097,2223.9175627240143,111,90.69181818181819,105.5,112,13.345454545454546,11,0.0990990990990991,52,0.46846846846846846,"Alejandro Kirk","22581",672386
"Starling Marte",2025,"FA,FC,FS,SI,CH,SL,CU,KC",583,7.839541742710119,27.14456946826758,5.969658959691252,38.74207445969126,2188.087478559177,104,89.98613861386143,106.3,110.5,13.287128712871286,7,0.0673076923076923,52,0.5,"Starling Marte","9241",516782
"Nick Maton",2025,"FA,CH,SL,CU",5,4.18981,35.94212,-1.797932,54.605500000000006,1960.2,0,0,,,0,0,0,0,0,"Nick Maton","21635",665155
"Tsung-Che Cheng",2025,"SL",3,3.3349666666666664,42.1321,-22.18766666666667,28.421166666666664,2783.6666666666665,0,0,,,0,0,0,0,0,"Tsung-Che Cheng","28344",691907
"Drew Romo",2025,"FS,SI,SL",7,-1.9300434285714287,38.97782857142857,-1.0412700000000004,35.47372857142857,2068,0,0,,,0,0,0,0,0,"Drew Romo","27763",691011
"Chad Stevens",2025,"FA,FC,CH,SL,CU",15,8.620663333333335,26.592219999999998,4.120173066666667,43.551100000000005,2201.5333333333333,0,0,,,0,0,0,0,0,"Chad Stevens","29614",677060
"Ryan Noda",2025,"FA,FC,SI,SL,KC",22,2.664604136363636,31.13381818181818,4.493586409090909,31.726363636363637,2332.4545454545455,0,0,,,0,0,0,0,0,"Ryan Noda","23312",676116
"Tristan Peters",2025,"FA,FC",7,17.3416,14.9263,9.456019999999999,47.36311428571429,2318.285714285714,0,0,,,0,0,0,0,0,"Tristan Peters","30063",671976
"David Bañuelos",2025,"SI,CU",7,-0.3190400000000006,36.92755714285715,3.6189142857142858,29.937028571428574,2464.714285714286,0,0,,,0,0,0,0,0,"David Banuelos","23250",675915
"Shinnosuke Ogasawara",2025,"FC,CU",3,1.9305933333333332,36.66296666666667,-4.427870333333334,46.876,2383.6666666666665,0,0,,,0,0,0,0,0,"Shinnosuke Ogasawara","35324",829272
"Kenedy Corona",2025,"FA,CH",4,12.8573225,19.203225,12.788300000000001,23.0819,2189,0,0,,,0,0,0,0,0,"Kenedy Corona","26244",685744
"Trevor Rogers",2025,"FC,SI,SL",6,8.109928333333334,30.178866666666664,8.484075,39.03788333333333,2188.3333333333335,0,0,,,0,0,0,0,0,"Trevor Rogers","22286",669432
"Moisés Ballesteros",2025,"FA,FC,SI,SL",19,5.170534105263158,29.903942105263155,6.969249473684212,20.232194736842104,2254.2631578947367,0,0,,,0,0,0,0,0,"Moises Ballesteros","28820",694208
"CJ Alexander",2025,"FC",5,10.892544000000001,22.652899999999995,-1.8645859999999999,28.44384,2737.4,0,0,,,0,0,0,0,0,"CJ Alexander","20557",680769
"Trenton Brooks",2025,"FA,SI,SL",9,7.609090777777778,23.976811111111115,5.5732277777777774,33.4305,2284.222222222222,0,0,,,0,0,0,0,0,"Trenton Brooks","19384",670092
"Jhostynxon Garcia",2025,"FA,FC,SI,CH,SL,CU",32,7.707166565625001,27.6917740625,3.2743220312499997,45.393840624999996,2387.84375,1,87.9,87.9,87.9,12,0,0,0,0,"Jhostynxon Garcia","28142",691373
"Luis Guillorme",2025,"FA,SI,CU",19,5.406723684210526,30.461199999999998,2.4604626315789475,38.1332052631579,2533.1052631578946,1,103,103,103,1,0,0,1,1,"Luis Guillorme","16451",641645
"Garrett Stubbs",2025,"FA,FC,SI",4,11.634609999999999,19.8704,10.7718875,40.147850000000005,2243.5,1,67.5,67.5,67.5,-19,0,0,0,0,"Garrett Stubbs","18067",596117
"Sam Hilliard",2025,"FA,SI,SL,CU",16,2.4983288749999994,32.8043125,-0.21898937499999982,48.9130375,2328.125,1,83.4,83.4,83.4,-6,0,0,0,0,"Sam Hilliard","17954",656541
"Vimael Machín",2025,"FA,SL",6,5.723781666666667,32.32755,-9.846543333333335,29.058699999999998,2321.1666666666665,1,72.1,72.1,72.1,45,0,0,0,0,"Vimael Machin","17684",605353
"Gage Workman",2025,"SL",2,-1.58538,46.8351,-17.01515,20.8552,2264.5,1,100.2,100.2,100.2,51,0,0,1,1,"Gage Workman","27573",669398
"Trey Lipscomb",2025,"FA,SL",3,7.5405266666666675,26.726633333333336,2.43812,29.23436666666667,2390.6666666666665,1,73.8,73.8,73.8,-73,0,0,0,0,"Trey Lipscomb","31567",702358
"Will Banfield",2025,"FA,SL",4,8.765024750000002,22.737975,1.1700749999999998,33.48095,2648.5,1,101.2,101.2,101.2,3,0,0,1,1,"Will Banfield","23790",677943
"Jordyn Adams",2025,"SL",1,-5.86718,52.975,-13.5457,29.84,2822,1,99.7,99.7,99.7,3,0,0,1,1,"Jordyn Adams","23788",677941
"Rhylan Thomas",2025,"FA",1,21.7684,8.53955,9.19302,46.5713,2473,1,85.3,85.3,85.3,38,0,0,0,0,"Rhylan Thomas","31793",689041
"Jacob Hurtubise",2025,"CU",3,-7.986260000000001,49.74896666666666,-16.37493333333333,10.6149,2348,1,91.8,91.8,91.8,3,0,0,0,0,"Jacob Hurtubise","27599",674441
"Dustin Harris",2025,"FA,CH,SL,CU",8,4.17917,31.63710125,2.16379625,45.5911875,2279.875,1,92.4,92.4,92.4,38,0,0,0,0,"Dustin Harris","25705",687957
"Jihwan Bae",2025,"FA,FC,SI,SL,CU",15,5.9889741999999995,29.025186666666666,2.065554666666667,31.806559333333333,2422.4,1,84.2,84.2,84.2,-9,0,0,0,0,"Jihwan Bae","23818",678225
"Billy McKinney",2025,"FA,SI",5,13.121780000000001,20.3649,10.741236,44.165859999999995,2062,1,87.4,87.4,87.4,30,0,0,0,0,"Billy McKinney","15654",641856
"J.D. Davis",2025,"FA,SI,SL",3,8.316066666666666,28.3921,-5.032853333333334,58.96529999999999,2475.6666666666665,1,79.6,79.6,79.6,0,0,0,0,0,"J.D. Davis","16219",605204
"Petey Halpin",2025,"SI",1,0.470127,31.6369,18.5235,24.9583,2091,1,39.9,39.9,39.9,-69,0,0,0,0,"Petey Halpin","27931",690984
"C.J. Stubbs",2025,"FA,SI,CH,CU",4,0.7103899999999999,37.184875,5.4972650000000005,34.87405,2404.25,1,60.3,60.3,60.3,53,0,0,0,0,"C.J. Stubbs","25814",667690
"Niko Kavadas",2025,"FA,FC,SI,SL",18,9.095076777777779,26.186238888888887,7.671193555555555,34.75552777777777,2181.6666666666665,1,86.4,86.4,86.4,23,0,0,0,0,"Niko Kavadas","29782",694359
"Tyler Alexander",2025,"FA",3,19.030833333333334,10.303553333333333,9.987283333333332,51.14053333333334,2389,1,93.6,93.6,93.6,-35,0,0,0,0,"Tyler Alexander","17735",641302
"Aramis Garcia",2025,"FA,SL",7,5.572313571428571,33.28775714285714,4.377234285714286,18.746085714285716,2077.5714285714284,1,91.3,91.3,91.3,23,0,0,0,0,"Aramis Garcia","16925",605244
"Drew Avans",2025,"FC,SI,SL",12,4.427313083333334,30.478975000000002,-1.2527964166666663,31.461083333333335,2631.75,2,93.2,93.2,93.2,-29,0,0,0,0,"Drew Avans","25183",682183
"Michael Stefanic",2025,"FA,FC,SI,CH,SL",20,10.007136999999998,24.72522,8.62757025,33.21614999999999,2230.9,2,92.05,93.6,93.6,11.5,0,0,0,0,"Michael Stefanic","25353",683021
"Jonathan Ornelas",2025,"FA,FC,SI,CH,SL,CU",11,2.362254272727273,34.43325454545455,5.653534545454545,25.527763636363634,2421.181818181818,2,61.1,61.1,61.1,-74,0,0,0,0,"Jonathan Ornelas","24597",680716
"Jarred Kelenic",2025,"FA,SI,SL,CU",27,8.6833463,26.60945925925926,2.997858888888889,43.5575037037037,2411.814814814815,2,90.05,92.6,92.6,11.5,0,0,0,0,"Jarred Kelenic","22558",672284
"Jose Siri",2025,"FA,FC,SI,CH,SL,CU",66,4.615780742424242,31.01861818181818,6.809706227272727,31.569606636363638,2167.8030303030305,2,100.80000000000001,104.9,104.9,33,1,0.5,2,1,"Jose Siri","17452",642350
"Omar Narváez",2025,"FA,FC,SI,CU",12,11.640116666666666,21.83430833333333,6.971456666666666,37.514375,2318.6666666666665,2,87.5,94.5,94.5,7.5,0,0,0,0,"Omar Narvaez","13338",553882
"Keston Hiura",2025,"FA,CH,CU",16,9.035887124999999,24.37893125,8.2226125,35.64261875,2228.25,2,66.65,73.9,73.9,37.5,0,0,0,0,"Keston Hiura","20003",669374
"Tristin English",2025,"FA,SI,SL,CU,KC",19,6.689744736842106,28.32008947368421,7.6546089473684225,33.94346842105263,2375.3684210526317,2,92.15,96.2,96.2,0,0,0,1,0.5,"Tristin English","26148",663536
"Jared Young",2025,"SI,SL,CU",4,0.2635225000000001,38.0111,-3.0455924999999997,39.907125,2522,2,90.19999999999999,93.8,93.8,30.5,0,0,0,0,"Jared Young","20404",676724
"Grant McCray",2025,"FA,FC,SI,CH,SL",18,7.929067222222222,26.368788888888886,7.123731666666667,35.75567777777778,2155.722222222222,2,71.35,85.3,85.3,8.5,0,0,0,0,"Grant McCray","25690",687529
"Seth Brown",2025,"FA,FC,SI,SL",32,7.150838803125,27.310309375,3.8507926562500003,36.497259375000006,2306.21875,2,80.85,83.3,83.3,-3,0,0,0,0,"Seth Brown","18171",664913
"Jon Singleton",2025,"FA,SL",5,8.855368,27.02626,3.9672240000000003,37.49724,2282.2,2,99.15,104.5,104.5,-5.5,0,0,1,0.5,"Jon Singleton","10441",572138
"Jace Jung",2025,"FA,SI,CH,CU",7,6.922641428571429,26.5747,10.67057142857143,36.86437142857143,2360.5714285714284,2,82.85,88.8,88.8,-32,0,0,0,0,"Jace Jung","31437",690291
"Akil Baddoo",2025,"SI",3,3.8515933333333336,27.722133333333336,15.318066666666667,28.916566666666665,2185.3333333333335,2,89.69999999999999,100.8,100.8,26,0,0,1,0.5,"Akil Baddoo","22168",668731
"Sergio Alcántara",2025,"FA,CH,SL",11,11.663368181818184,23.394554545454547,6.883114545454544,25.1531,2143.7272727272725,2,84.15,94,94,20.5,0,0,0,0,"Sergio Alcantara","16417",642727
"Nicky Lopez",2025,"FA,SI,SL",7,9.148420142857143,23.587742857142853,10.079497142857141,27.79488571428572,2398.1428571428573,2,74.3,87.8,87.8,29,0,0,0,0,"Nicky Lopez","19339",670032
"Maverick Handley",2025,"FA,FC,SI,CH,SL,CU",34,9.403929970588237,27.735011764705884,3.8074376764705873,42.946288235294126,2331.529411764706,2,77.95,90.2,90.2,8,0,0,0,0,"Maverick Handley","26106",668974
"Carter Kieboom",2025,"FA,SI,CH,SL",8,11.640465,23.9995625,7.83941,31.2673125,2045.5,2,89.4,95.6,95.6,11.5,0,0,1,0.5,"Carter Kieboom","19958",666198
"Bryan Ramos",2025,"FA,SI,CH",5,9.824178,23.028240000000004,13.425846000000002,47.74676,1957.6,2,72.55,74.3,74.3,19.5,0,0,0,0,"Bryan Ramos","25621",682868
"Steward Berroa",2025,"FA,SI,CH,SL",21,9.234935428571433,27.2192,4.85083219047619,34.854978095238096,2348.3809523809523,2,90.6,91.4,91.4,52.5,0,0,0,0,"Steward Berroa","22766",672642
"Michael Siani",2025,"SI,SL,CU",7,6.624839857142858,28.65715714285714,11.533109999999999,42.150828571428576,2191.714285714286,2,70.4,73.4,73.4,22.5,0,0,0,0,"Michael Siani","22557",672279
"Harry Ford",2025,"FA,CH,SL",16,5.6438975,30.15901875,2.03244539375,44.94791875,2305.0625,2,93.15,100.9,100.9,38,1,0.5,1,0.5,"Harry Ford","29958",695670
"Bryce Eldridge",2025,"FA,SL",7,6.366980999999998,29.245185714285714,-1.5179424285714287,60.251985714285716,2435.4285714285716,2,102.4,102.4,102.4,29.5,0,0,2,1,"Bryce Eldridge","33390",805811
"Chuckie Robinson",2025,"FA,CU",4,0.4295975000000003,39.806575,-0.749465,33.664,1955,2,0,36.5,,0,0,0,0,0,"Chuckie Robinson","19824",642020
"Donovan Walton",2025,"SI,SL",3,5.974913333333333,27.120900000000002,10.73957,27.525199999999998,2488.6666666666665,2,82.69999999999999,88.8,88.8,-8,0,0,0,0,"Donovan Walton","19314",622268
"Connor Kaiser",2025,"FA,FC,FS,CH,CU,KC",16,3.9167355625000004,33.91355,0.05711668750000021,48.71494375,2346.6875,3,85.39999999999999,101,101,41.333333333333336,1,0.3333333333333333,1,0.3333333333333333,"Connor Kaiser","21535",663731
"Tucker Barnhart",2025,"FA,FC,SI,CH,SL",21,6.1523813333333335,42.118447619047615,6.815322952380952,21.142732857142857,1973.904761904762,3,68.36666666666666,73.4,73.4,-16,0,0,0,0,"Tucker Barnhart","10200",571466
"Jesse Winker",2025,"FA,FC,SI,SL,KC",22,5.291229318181818,29.921277272727274,4.920533090909091,36.98462272727273,2220.4545454545455,3,98.23333333333333,102.7,102.7,6.666666666666667,1,0.3333333333333333,2,0.6666666666666666,"Jesse Winker","13590",608385
"Blake Sabol",2025,"FA,SI,SL,CU",18,8.744484055555555,26.517694444444444,6.166347555555556,33.53307777777778,2105.6666666666665,3,91.16666666666667,105.5,105.5,-3,1,0.3333333333333333,2,0.6666666666666666,"Blake Sabol","25805",666165
"Mason McCoy",2025,"FA,FC,FS,SI,SL",20,5.6283837,28.860114499999998,3.9573919999999996,36.37125999999999,2254.85,3,82.26666666666667,103.7,103.7,-5.666666666666667,0,0,1,0.3333333333333333,"Mason McCoy","22232",669200
"Anthony Seigler",2025,"FA,SI,SL,CU",15,0.11955293333333307,41.79891333333333,-4.6790546666666675,36.17395333333334,2453.4,3,87.05000000000001,88.9,88.9,18,0,0,0,0,"Anthony Seigler","23802",678011
"Denzer Guzman",2025,"FA,FC,SI,CH,SL,CU,KC",37,7.6651848108108105,27.67446216216216,5.746585405405405,35.11891351351352,2229.5945945945946,3,79.73333333333333,99.1,99.1,35.666666666666664,0,0,1,0.3333333333333333,"Denzer Guzman","28816",694203
"Dairon Blanco",2025,"FA,FC,SI,CH,SL,CU",23,9.198754739130434,26.676630869565216,6.0196247826086955,49.71748695652173,2155,3,78.5,84,84,13.666666666666666,0,0,0,0,"Dairon Blanco","19779",680118
"Rafael Flores Jr.",2025,"FA,SI,CH,SL,CU,KC",47,3.4766588510638297,34.05821276595745,3.229185148936169,22.407257872340427,2348.531914893617,3,98.96666666666665,108.6,108.6,12,1,0.3333333333333333,2,0.6666666666666666,"Rafael Flores Jr.","31991",804668
"Sandy León",2025,"FA,SI,CH,CU",11,8.15084909090909,24.59694545454546,8.796166363636363,44.10569090909092,2183,3,90.89999999999999,101.3,101.3,0,0,0,1,0.3333333333333333,"Sandy Leon","5273",506702
"Dom Nuñez",2025,"FA,SI,SL,CU",24,4.3401368583333335,33.39154166666666,-1.721754166666667,22.976033333333334,2458.5,3,72.9,78.4,78.4,-27.5,0,0,0,0,"Dom Nunez","15055",624513
"Sebastián Rivero",2025,"FA,FC,FS,SI,CH,SL,CU",17,5.2430417647058825,31.736176470588234,3.6330747058823536,40.307994117647056,2113.294117647059,4,90.425,101.4,101.4,1.5,0,0,2,0.5,"Sebastian Rivero","21735",665861
"Owen Miller",2025,"FA,FC,FS,SI,CH,SL,CU,KC",37,6.296000972972974,29.099248648648647,7.79629351891892,31.08647297297297,2175.837837837838,4,86.96666666666665,100,100,10,0,0,1,0.25,"Owen Miller","24655",680911
"Adrian Del Castillo",2025,"FA,FC,SI,CH,SL,CU",39,5.064437435897436,30.37915897435897,2.3664229256410256,40.34737179487178,2371.3076923076924,4,82.3,90,90,47.25,0,0,0,0,"Adrian Del Castillo","29554",680728
"Nick Martini",2025,"FA,SI,SL,CU",23,7.357221695652173,27.489126086956524,2.134782826086956,36.885217391304344,2259.304347826087,4,89.65,95.2,95.2,19.25,0,0,1,0.25,"Nick Martini","12005",605361
"Zach Cole",2025,"FA,FC,SI,CH,SL,CU",51,9.501310215686274,25.960411764705885,1.4734836078431375,43.53686862745098,2327.529411764706,4,83.125,109.7,109.7,-4.75,0,0,1,0.25,"Zach Cole","31583",805904
"Billy Cook",2025,"FA,SI,CH,SL",15,5.3192200000000005,30.60576,9.700081333333333,26.36637666666667,1965.8,4,77.125,99.7,99.7,32.75,0,0,1,0.25,"Billy Cook","29573",695257
"César Salazar",2025,"FA,FC,SI,SL,CU,KC",21,1.9205925714285716,35.314014285714286,-1.5195865714285712,39.34509190476191,2394.1428571428573,4,86.4,92.1,92.1,4.5,0,0,0,0,"Cesar Salazar","21587",663967
"Brice Matthews",2025,"FA,FC,SI,CH,SL,CU",55,7.32873830909091,29.055703636363635,9.661750072727271,29.20659163636364,2108.672727272727,4,80.625,99.2,99.2,1.5,0,0,1,0.25,"Brice Matthews","33280",694728
"Cam Devanney",2025,"FA,FS,SI,CH,SL,CU",69,7.935996884057971,27.066329420289854,7.72965412463768,34.006211739130435,2134.246376811594,4,85.25,97.5,97.5,20.5,0,0,1,0.25,"Cam Devanney","25688",687478
"Luke Williams",2025,"FA,SI,CH,SL,CU",26,3.349955065384615,33.30553846153846,6.5599205000000005,36.10586153846154,2310,5,96.97999999999999,103.3,103.3,7.4,0,0,3,0.6,"Luke Williams","19931",663897
"Kevin Alcántara",2025,"FA,SI,CH,SL,CU",26,3.2679850384615388,34.36216923076923,1.9427614230769237,43.291961538461535,2388.5,5,90.62,102.9,102.9,10,0,0,2,0.4,"Kevin Alcantara","25971",682634
"Matt Mervis",2025,"FA,SI,CH,SL,CU",34,4.788521088235294,31.462488235294117,-0.10762352941176472,34.89112117647059,2309.029411764706,5,78.58,104.2,104.2,28.4,1,0.2,1,0.2,"Matt Mervis","27845",670223
"Oliver Dunn",2025,"FA,SI,SL,CU",18,6.677045000000001,29.809238888888885,3.5973305555555553,36.23288888888889,2314.777777777778,5,85.73333333333333,100.7,100.7,29,0,0,1,0.2,"Oliver Dunn","26295",686554
"Ryan Vilade",2025,"FA,FC,SI,CH,SL,CU,KC",47,6.574125744680852,28.424612765957445,5.040859755319149,39.36137063829787,2211.063829787234,5,97,103.5,103.5,-2.2,1,0.2,4,0.8,"Ryan Vilade","22165",668723
"George Valera",2025,"FA,SI,CH,SL",22,9.470254681818183,21.999041363636366,7.859711363636364,42.273781818181824,2256.409090909091,5,73.96000000000001,89.9,89.9,-19.2,0,0,0,0,"George Valera","22541",671655
"Carlos Cortes",2025,"FA,SI,SL,CU,KC",19,5.572804684210527,28.915115789473685,6.92033947368421,36.25044736842105,2312.8947368421054,5,83.84,94.6,94.6,25.8,0,0,0,0,"Carlos Cortes","21842",666126
"Dominic Fletcher",2025,"FA,SI,CH,SL,CU",28,10.512568007142859,22.068775,5.683958392857143,48.96673571428571,2197.5,5,86.44,101.2,101.2,15.6,0,0,2,0.4,"Dominic Fletcher","26149",666150
"Jack Suwinski",2025,"FA,FC,SI,CH,SL,CU",29,7.480534620689655,27.10536206896552,3.87784615862069,39.26232413793104,2367.137931034483,5,69.97999999999999,89.1,89.1,6,0,0,0,0,"Jack Suwinski","22244",669261
"Travis Jankowski",2025,"FA,FC,SI,SL,KC",26,6.142232211538462,28.30229230769231,4.448425115384615,36.025638461538456,2401.1153846153848,5,82.67999999999999,105.6,105.6,-21.2,0,0,2,0.4,"Travis Jankowski","13768",608671
"MJ Melendez",2025,"FA,SI,SL,CU",45,10.6082476,23.537111111111113,4.898436333333334,40.55995777777778,2247.2444444444445,5,92.82,108.5,108.5,35,2,0.4,2,0.4,"MJ Melendez","22197",669004
"Troy Johnston",2025,"FA,SI,SL",33,6.016692212121212,29.37468181818182,1.9413715151515158,39.09547272727273,2299.757575757576,5,83.35,99.9,99.9,11,0,0,1,0.2,"Troy Johnston","26143",687859
"Jorbit Vivas",2025,"FA,SI,SL,CU",23,7.963119565217391,27.21742608695652,3.2747054086956524,47.372521739130434,2277.3478260869565,5,77.05999999999999,84.8,84.8,7.2,0,0,0,0,"Jorbit Vivas","23917",678391
"Samad Taylor",2025,"FA,FC,SI,CH,SL,CU",18,8.968308055555555,31.153011111111116,4.257619055555556,36.882263333333334,2029.2777777777778,5,86.03333333333335,100.6,100.6,19,0,0,1,0.2,"Samad Taylor","22274",669392
"Ali Sánchez",2025,"FA,FC,SI,CH,SL,CU,EP",26,8.483291538461538,31.419458461538458,2.1989668846153836,52.07355384615384,2186.0384615384614,5,97.6,104.8,104.8,29.4,2,0.4,3,0.6,"Ali Sanchez","18551",645305
"Austin Nola",2025,"FA,FC,FS,SI,CH,SL,CU",23,6.184352608695652,30.187865217391302,1.2633508695652174,38.83454782608696,2273.1304347826085,5,89.75,98.6,98.6,4.5,0,0,2,0.4,"Austin Nola","15941",543592
"Bobby Dalbec",2025,"FA,FC,SI,CH,SL,CU",36,8.749894722222223,27.26301833333333,3.6864279444444445,44.413983333333334,2200.472222222222,5,93.82000000000001,107.1,107.1,25,0,0,3,0.6,"Bobby Dalbec","19966",666915
"Chadwick Tromp",2025,"FA,FC,SI,CH,SL,CU",23,8.072940926086957,27.681921739130438,4.916612608695652,41.92043043478261,2241.391304347826,5,91.64,105.1,105.1,15.2,0,0,2,0.4,"Chadwick Tromp","16953",644433
"Nick Ahmed",2025,"FA,CH,SL",22,11.616481454545456,24.80181818181818,6.0430281818181815,36.39690909090909,2096.6363636363635,5,81.78,97.6,97.6,1.2,0,0,1,0.2,"Nick Ahmed","12147",605113
"Jake Fraley",2025,"FA,FC,SI,SL",50,7.881399505999999,25.84957779999999,5.448071719999999,38.34122399999999,2411.12,6,83.78333333333333,98.3,98.3,-8.333333333333334,0,0,3,0.5,"Jake Fraley","19260",641584
"Zach Dezenzo",2025,"FA,SI,CH,SL,CU",46,7.946901586956521,29.495771739130433,3.134346021739131,37.527432391304345,2174.108695652174,6,88.78333333333335,110.9,110.9,15.333333333333334,3,0.5,3,0.5,"Zach Dezenzo","31562",701305
"Tim Elko",2025,"FA,FC,SI,CH,SL,CU,KC",79,4.169823987341772,32.30499873417722,3.876951772151899,34.46917848101266,2272.8987341772154,6,82.66666666666667,111.1,111.1,10,1,0.16666666666666666,2,0.3333333333333333,"Tim Elko","31522",671284
"Coco Montes",2025,"FA,FC,CH,SL,CU",23,1.6361889391304345,36.430713043478264,1.5779021304347824,24.848203478260867,2271.0434782608695,6,89.98333333333333,105.2,105.2,-3.3333333333333335,0,0,3,0.5,"Coco Montes","21547",663796
"Cavan Biggio",2025,"FA,FC,SI,SL,CU",35,7.219861285714286,27.987214285714288,0.9694282857142859,43.415057142857144,2347.3714285714286,6,87.225,97.5,97.5,25.5,0,0,1,0.16666666666666666,"Cavan Biggio","19252",624415
"Austin Barnes",2025,"FA,CH,SL,CU",26,7.8636275769230775,29.611323076923078,2.193018538461539,45.012973076923075,2166.346153846154,6,74.33333333333333,96.6,96.6,1.6666666666666667,0,0,1,0.16666666666666666,"Austin Barnes","12158",605131
"DaShawn Keirsey Jr.",2025,"FA,FC,SI,CH,SL,CU,KC,EP",91,6.639635604395604,30.080003736263738,3.442253571428572,38.45062923076923,2291.703296703297,6,76.56,92,92,28.8,0,0,0,0,"DaShawn Keirsey Jr.","24496",680577
"Jimmy Crooks",2025,"FA,SI,SL,CU",31,4.903254774193548,29.498190322580644,3.3574820645161285,37.80972483870968,2386.3548387096776,6,91.71666666666665,101.4,101.4,21.833333333333332,1,0.16666666666666666,4,0.6666666666666666,"Jimmy Crooks","31354",699625
"Brett Wisely",2025,"FA,FC,SI,SL,CU,KC",37,7.216869243243243,28.037097297297294,3.3104420540540542,33.79812027027027,2323.5405405405404,6,87.3,98,98,3.1666666666666665,0,0,3,0.5,"Brett Wisely","27735",689172
"Rece Hinds",2025,"FA,FC,SI,CH,SL,CU,KC",82,3.49347406402439,34.70810048780488,0.13867475609756097,36.750909146341456,2323.2804878048782,6,86.80000000000001,101.7,101.7,4,1,0.16666666666666666,2,0.3333333333333333,"Rece Hinds","27493",677956
"Justin Foscue",2025,"FA,FC,SI,CH,SL",42,7.969408816666667,26.242864047619044,8.625529761904764,33.82713333333333,2140.0238095238096,6,92.96666666666665,101,101,38.333333333333336,0,0,4,0.6666666666666666,"Justin Foscue","27501",679822
"Daniel Johnson",2025,"FA,SI,CH,SL,CU",24,5.644833916666667,28.382374999999996,4.356224999999999,45.90488333333334,2283.2916666666665,6,95.11666666666667,109.6,109.6,15,2,0.3333333333333333,4,0.6666666666666666,"Daniel Johnson","19643",669288
"Corey Julks",2025,"FA,SI,CH,SL,CU",29,2.8271286551724146,34.16368965517241,4.42548,46.12794137931035,2146.2413793103447,6,83.6,99.2,99.2,1.1666666666666667,0,0,2,0.3333333333333333,"Corey Julks","20311",667452
"Alex Freeland",2025,"FA,FC,FS,SI,CH,SL,CU",68,8.316006720588236,26.07440897058823,7.342823088235294,38.2825344117647,2212.6176470588234,6,92.03999999999999,99.5,99.5,34,0,0,2,0.3333333333333333,"Alex Freeland","31665",690976
"Zac Veen",2025,"FA,FC,SI,CH,SL,CU",48,8.2698608125,27.689330833333333,1.9603137499999994,38.676604166666664,2266.3125,6,84.23333333333333,102,102,30.166666666666668,0,0,1,0.16666666666666666,"Zac Veen","27770",691728
"Jorge Alfaro",2025,"FA,FC,CH,SL,CU",33,8.212463927272728,27.465650606060603,5.20364596969697,26.885672727272723,2324.090909090909,6,90.10000000000001,105.2,105.2,20.333333333333332,1,0.16666666666666666,3,0.5,"Jorge Alfaro","12180",595751
"Sal Stewart",2025,"FA,SI,CH,SL,CU",20,5.166237,30.947884999999996,3.52602,39.32706,2096.15,6,99.92,112.6,112.6,20.4,2,0.3333333333333333,4,0.6666666666666666,"Sal Stewart","31505",701398
"Brian Navarreto",2025,"FA,FC,SI,CH,SL,CU,KC",18,3.8179716666666668,32.98025,3.1875783333333327,42.839838888888885,2262.5,6,97.18333333333334,104.3,104.3,11.666666666666666,1,0.16666666666666666,4,0.6666666666666666,"Brian Navarreto","16398",640459
"Rob Brantly",2025,"FA,SI,CH,SL",19,8.22148557368421,25.352854210526313,2.4953346052631575,40.09647368421053,2202.5789473684213,6,89.44000000000001,95.1,95.1,31.8,0,0,1,0.16666666666666666,"Rob Brantly","10655",542963
"Nick Solak",2025,"FA,FC,SI,CH,SL,CU",21,3.9285876190476188,33.840080952380944,7.538570476190476,32.55169047619048,2099.714285714286,6,85.88333333333333,106,106,-5.666666666666667,0,0,3,0.5,"Nick Solak","19294",669256
"Logan Davidson",2025,"FA,FC,SI,CH,SL,CU",28,6.445589821428571,28.135585714285714,7.776302142857142,34.80489642857143,2234.4285714285716,6,81.17999999999999,102.2,102.2,8.8,0,0,2,0.3333333333333333,"Logan Davidson","25844",669722
"Jose F Miranda",2025,"FA,FC,SI,CH,SL,CU",61,7.947643972131149,28.415074754098363,4.539639459016392,35.88235901639345,2249.2950819672133,7,88.65714285714286,109.7,109.7,2.2857142857142856,0,0,2,0.2857142857142857,"Jose F Miranda","20538",669304
"Yanquiel Fernández",2025,"FA,FC,SI,CH,SL,CU",41,7.979780585365854,27.36489512195122,0.5017015512195122,40.1736243902439,2444.6341463414633,7,84.91428571428573,107.1,107.1,7.285714285714286,0,0,2,0.2857142857142857,"Yanquiel Fernandez","28552",692585
"Endy Rodríguez",2025,"FA,FC,FS,SI,CH,SL,CU",41,6.223714829268293,30.185598048780488,2.894232682926829,45.03835609756098,2269.317073170732,7,92.88571428571429,99.5,99.5,15.714285714285714,0,0,4,0.5714285714285714,"Endy Rodriguez","25332",682848
"Alan Trejo",2025,"FA,SI,CH,SL,CU",27,4.830410814814814,30.228429629629634,7.564566666666667,23.856674074074075,2210.6666666666665,7,92.98571428571428,102.4,102.4,25.857142857142858,1,0.14285714285714285,4,0.5714285714285714,"Alan Trejo","20056",676701
"José Azócar",2025,"FA,FC,SI,CH,SL,CU",34,6.402630147058823,29.371058823529413,4.962704647058823,43.89182941176471,2198.970588235294,7,89.37142857142858,101.6,101.6,10.428571428571429,0,0,2,0.2857142857142857,"Jose Azocar","18821",640492
"Will Robertson",2025,"FA,FC,SI,CH,SL",34,7.899711264705881,27.333538235294117,3.1117339882352932,38.740633823529414,2226.676470588235,7,79.75714285714285,98.9,98.9,17.571428571428573,0,0,1,0.14285714285714285,"Will Robertson","25467",683770
"Drew Millas",2025,"FA,FC,FS,SI,CH,SL,CU",57,7.496705701754385,27.483745614035087,7.134730228070176,40.22781754385966,2244.561403508772,7,85.84285714285714,104.6,104.6,29.428571428571427,0,0,2,0.2857142857142857,"Drew Millas","25643",686452
"Bob Seymour",2025,"FA,FC,SI,SL,CU",73,4.642676301369863,31.970964383561643,0.6422336575342467,37.76625479452055,2300.904109589041,7,89.81428571428572,104.9,104.9,7.428571428571429,0,0,3,0.42857142857142855,"Bob Seymour","30028",676044
"Scott Kingery",2025,"FA,FC,SI,CH,SL,CU",40,9.549232575,26.721963249999998,7.961852950000001,37.20811749999999,2112.4,8,80.26666666666667,107.4,107.4,9.5,0,0,1,0.125,"Scott Kingery","17975",664068
"Kris Bryant",2025,"FA,FC,SI,CH,SL",49,7.876733830612245,26.131486938775513,6.697643265306123,37.20344285714287,2126.3061224489797,8,95.49999999999999,100.7,100.7,21.875,0,0,5,0.625,"Kris Bryant","15429",592178
"José Barrero",2025,"FA,FC,SI,CH,SL,CU",55,6.8383100127272725,29.84164,6.783308745454545,42.48898545454545,2292.490909090909,8,85.2375,104.7,104.7,25.125,0,0,2,0.25,"Jose Barrero","23378",676480
"Ryan Bliss",2025,"FA,FC,SI,CH,SL,CU",58,7.008248224137931,28.961137931034486,6.226775794827586,35.24318275862069,2233.7413793103447,8,89.69999999999999,102.3,102.3,5.625,1,0.125,3,0.375,"Ryan Bliss","29547",669208
"José Fermín",2025,"FA,FC,SI,CH,SL,CU",42,7.895468833333332,26.42638571428571,6.79167238095238,41.705059523809524,2203.690476190476,8,78.78571428571429,87.9,87.9,15.571428571428571,0,0,0,0,"Jose Fermin","21746",665877
"Vidal Bruján",2025,"FA,FC,SI,CH,SL,CU",67,8.54490404477612,26.19594626865672,3.5889873134328356,40.38043134328359,2282.910447761194,8,84.9625,99.7,99.7,25.625,0,0,3,0.375,"Vidal Brujan","20536",660644
"Luke Maile",2025,"FA,FC,SI,CH,SL,CU",81,7.42477987654321,28.395843580246915,1.1606650864197532,44.61999876543209,2236.4814814814813,8,95.46666666666665,103.3,103.3,10.166666666666666,0,0,4,0.5,"Luke Maile","13355",571912
"Enmanuel Valdez",2025,"FA,SI,CH,SL,CU",36,8.42251722222222,27.595083333333328,1.1446197777777778,50.401222222222216,2258.1388888888887,8,88.0375,104.9,104.9,9.75,0,0,4,0.5,"Enmanuel Valdez","21716",665839
"Alejandro Osuna",2025,"FA,FC,SI,CH,SL,CU",49,6.737266142857143,32.15549591836734,1.1571306734693882,39.526779591836736,2268.795918367347,8,87.31666666666666,103.5,103.5,10,0,0,2,0.25,"Alejandro Osuna","27915",696030
"Taylor Trammell",2025,"FA,FC,SI,CH,SL,CU",63,7.368769984126982,28.511426984126985,3.0991039365079365,46.0500953968254,2280.4603174603176,8,94.41428571428571,101,101,14.428571428571429,0,0,4,0.5,"Taylor Trammell","19960",666211
"Luis Campusano",2025,"FA,FS,SI,CH,SL,CU,KC",84,9.443565605952383,25.21470845238095,9.256188809523811,42.172171428571424,2117.035714285714,8,88.325,101.4,101.4,-15.75,0,0,3,0.375,"Luis Campusano","22217",669134
"Jake Bauers",2025,"FA,FC,SI,CH,SL,CU",58,6.134629913793104,30.667215517241377,2.2481911551724143,35.343907413793104,2304.5172413793102,9,89.62222222222222,107.4,107.4,24.22222222222222,1,0.1111111111111111,4,0.4444444444444444,"Jake Bauers","15194",641343
"Bryan De La Cruz",2025,"FA,FC,SI,CH,SL,CU",61,8.760341245901639,26.119491803278688,2.1589223934426234,43.72753278688525,2334.27868852459,9,91.80000000000001,105.5,105.5,14.333333333333334,1,0.1111111111111111,5,0.5555555555555556,"Bryan De La Cruz","19600",650559
"Hayden Senger",2025,"FA,FC,SI,CH,SL,CU",62,6.261030919354839,28.449478709677418,5.14913943064516,35.48967016129033,2303.516129032258,9,89.94444444444444,108.2,108.2,33.333333333333336,1,0.1111111111111111,5,0.5555555555555556,"Hayden Senger","21489",663584
"Zack Short",2025,"FA,FC,SI,CH,SL,CU",94,7.535895239361703,27.960999787234048,5.510886765957447,35.72035138297872,2256.468085106383,9,89.57777777777777,97.9,97.9,20.88888888888889,0,0,3,0.3333333333333333,"Zack Short","19562",670097
"Jacob Melton",2025,"FA,FC,SI,CH,SL,CU",68,7.630371311764706,27.002034558823528,4.89615782317647,38.40003676470588,2298.279411764706,9,91.35555555555555,108.9,108.9,-14.88888888888889,0,0,4,0.4444444444444444,"Jacob Melton","31661",689200
"Jack Winkler",2025,"FA,FC,SI,CH,SL,CU,KC",57,7.252153899999999,29.35814561403509,4.420533666666666,38.389933333333325,2172.561403508772,9,89.04444444444442,102.8,102.8,7.333333333333333,1,0.1111111111111111,3,0.3333333333333333,"Jack Winkler","29830",676466
"Sam Huff",2025,"FA,FC,SI,CH,SL,CU",72,6.019137611111111,29.863413888888893,8.151337208333334,36.96604583333333,2157.152777777778,9,92.68888888888887,103.7,103.7,16.555555555555557,1,0.1111111111111111,4,0.4444444444444444,"Sam Huff","22209",669087
"Joc Pederson",2025,"FA,FC,FS,SI,CH,SL,CU",85,6.484673823529413,29.140459176470593,5.109528952941177,39.14237764705882,2339.035294117647,9,87.91250000000001,109.9,109.9,-2.625,1,0.1111111111111111,2,0.2222222222222222,"Joc Pederson","11899",592626
"Tomás Nido",2025,"FA,FC,FS,SI,CH,SL,KC",26,6.46234176923077,28.933253846153846,4.772621115384616,37.087103846153845,2165.6153846153848,9,88.35,104.2,104.2,6.375,0,0,2,0.2222222222222222,"Tomas Nido","13755",621512
"Shay Whitcomb",2025,"FA,FC,SI,CH,SL,CU,KC",36,1.6077540277777778,36.803688888888885,3.4960316430555554,39.44154999999999,2308.9166666666665,9,85.88888888888889,107.6,107.6,1.5555555555555556,1,0.1111111111111111,1,0.1111111111111111,"Shay Whitcomb","27789",694376
"Triston Casas",2025,"FA,FC,SI,CH,SL,CU",39,4.880188487179487,30.29459487179487,7.39191782051282,30.035856666666668,2220.7948717948716,9,92.17777777777778,110.9,110.9,10.666666666666666,3,0.3333333333333333,5,0.5555555555555556,"Triston Casas","22514",671213
"Pavin Smith",2025,"FA,FC,SI,CH,SL,CU",103,6.75937495145631,28.99487650485438,3.7644889436893205,37.38874242718447,2237.980582524272,9,90.94444444444446,105.7,105.7,6.222222222222222,1,0.1111111111111111,5,0.5555555555555556,"Pavin Smith","19892",656976
"Ryan Kreidler",2025,"FA,FC,SI,CH,SL,CU",63,6.620232777777777,30.725703492063495,2.2625053968253965,40.82004603174603,2259.15873015873,9,95.1857142857143,105.2,105.2,16.285714285714285,0,0,3,0.3333333333333333,"Ryan Kreidler","25867",668952
"Jason Heyward",2025,"FA,SI,CH,SL",44,8.071630772727273,27.422692272727275,2.6135076590909083,36.259693181818186,2335.568181818182,9,76.42222222222222,101.4,101.4,15.555555555555555,0,0,1,0.1111111111111111,"Jason Heyward","4940",518792
"Zack Gelof",2025,"FA,FC,SI,CH,SL,CU",117,7.792327213675215,26.64695384615385,5.505572042735043,37.165836324786326,2202.290598290598,9,94.3111111111111,103.7,103.7,21,1,0.1111111111111111,6,0.6666666666666666,"Zack Gelof","29766",680869
"Rowdy Tellez",2025,"FA,FC,SI,CH,SL,CU",107,5.0136041682243,32.39621121495327,-0.15495643925233624,38.664947009345795,2377.1308411214955,10,84.8,97.7,110,5.7,1,0.1,2,0.2,"Rowdy Tellez","15679",642133
"Tyler Wade",2025,"FA,FC,SI,SL,CU",115,6.49001638,28.09780043478261,2.8777394,34.63893826086957,2363.3826086956524,10,74.57000000000001,85.6,93.2,5.7,0,0,0,0,"Tyler Wade","15730",642180
"J.C. Escarra",2025,"FA,FC,SI,CH,SL",55,6.528860416363637,29.29233709090909,3.74601670909091,44.90658545454546,2295.0545454545454,10,92.28999999999999,103.4,103.9,18.3,0,0,4,0.4,"J.C. Escarra","20084",641555
"Maximo Acosta",2025,"FA,SI,CH,SL,CU",92,7.402834967391305,26.960081521739134,8.01154355543478,41.429891304347834,2163.554347826087,10,91.1,96,99.7,12.6,0,0,3,0.3,"Maximo Acosta","27963",691185
"Joshua Palacios",2025,"FA,FC,SI,SL,CU",63,5.660259873015874,29.426372380952383,5.303633873015873,32.9377926984127,2387.6190476190477,10,85.66250000000001,103.3,104.6,12.375,2,0.2,3,0.3,"Joshua Palacios","19818",641943
"Korey Lee",2025,"FA,FC,FS,SI,CH,SL,CU,KC",52,7.437923769230769,29.34569807692308,3.2185609423076924,42.22026346153847,2155.1346153846152,10,89.02,101.7,106,23,1,0.1,4,0.4,"Korey Lee","25543",686676
"Hunter Feduccia",2025,"FA,FC,SI,CH,SL,CU,KC",96,5.982539447916666,29.88431041666667,1.9662265965624997,39.992196875,2392.4583333333335,10,87.65,99.5,104.7,10.7,0,0,2,0.2,"Hunter Feduccia","23372",676439
"Esteury Ruiz",2025,"FA,FC,SI,CH,SL,CU,KC",66,6.598681075757576,27.771016515151516,3.404751554545454,40.35553636363636,2217.681818181818,10,83.21111111111112,99.1,106.7,10.666666666666666,1,0.1,3,0.3,"Esteury Ruiz","21780",665923
"Victor Mesa Jr.",2025,"FA,FS,SI,CH,SL",33,5.937923787878788,28.80790303030303,6.167951766969698,38.706924242424236,2258.090909090909,10,84.08888888888889,91.8,102.1,10.555555555555555,1,0.1,1,0.1,"Victor Mesa Jr.","25999",683748
"Nathan Church",2025,"FA,SI,CH,SL,CU",60,7.956931983333334,27.118039999999997,3.0454373833333337,41.71884245,2398.15,10,89.00000000000001,103.4,107,2.375,0,0,4,0.4,"Nathan Church","31357",701675
"Reese McGuire",2025,"FA,FC,SI,SL,CU,KC",59,6.638775050847458,29.589971186440682,2.4804577118644073,36.586530169491525,2319.4745762711864,11,90.61,102,102.2,22,2,0.18181818181818182,5,0.45454545454545453,"Reese McGuire","15674",624512
"Pablo Reyes",2025,"FA,FC,SI,CH,SL,CU",75,7.277334453333333,29.012465333333335,3.1115973866666664,34.80349066666666,2240.56,11,84.83636363636366,99.8,100.3,21.727272727272727,0,0,3,0.2727272727272727,"Pablo Reyes","16357",622569
"Kyren Paris",2025,"FA,FC,SI,CH,SL,CU",77,9.708634337662335,25.323342727272728,5.383926779220781,39.358053246753244,2205.8571428571427,11,92.80909090909091,103.1,107,30.09090909090909,3,0.2727272727272727,6,0.5454545454545454,"Kyren Paris","26420",677347
"Ronny Simon",2025,"FA,FC,FS,SI,CH,SL,CU,KC",51,6.030371535294118,29.33191960784313,6.446344372549019,31.278946862745094,2190.3137254901962,11,82.21000000000001,96.9,100,21.4,1,0.09090909090909091,2,0.18181818181818182,"Ronny Simon","25346",682927
"Manuel Margot",2025,"FA,FC,SI,CH,SL,CU",49,8.94053051020408,27.796847142857143,2.630173918367347,49.48137142857143,2307.6530612244896,11,82.65454545454546,96.6,102.8,19,0,0,2,0.18181818181818182,"Manuel Margot","14712",622534
"Blaine Crim",2025,"FA,FC,FS,SI,CH,SL,CU",51,9.950914280392155,23.85085568627451,6.911493705882354,39.40260000000001,2182.8039215686276,11,90.38181818181818,104.5,107.9,16.727272727272727,2,0.18181818181818182,5,0.45454545454545453,"Blaine Crim","25714",688760
"Miguel Amaya",2025,"FA,FC,FS,CH,SL,CU",86,6.276088651162792,29.269325581395346,5.453645302325582,37.548739534883715,2222.2093023255816,12,87.75454545454546,100.5,100.8,9.090909090909092,1,0.08333333333333333,2,0.16666666666666666,"Miguel Amaya","21693",665804
"Carson McCusker",2025,"FA,FC,SI,CH,SL,CU",104,6.661503503846153,29.265963461538465,6.458628846153845,36.83539221153846,2050.798076923077,12,80.14166666666667,102.8,108,15.916666666666666,1,0.08333333333333333,4,0.3333333333333333,"Carson McCusker","33098",676812
"Carter Jensen",2025,"FA,FC,SI,CH,SL,CU",61,7.669797868852457,27.544137704918032,2.907351409836066,40.724270491803274,2282.590163934426,12,89.78333333333332,106.5,108,10.25,2,0.16666666666666666,5,0.4166666666666667,"Carter Jensen","29478",695600
"José Tena",2025,"FA,SI,CH,SL,CU",53,4.010578084905661,31.14539056603773,5.2043315660377365,34.97838962264151,2279.509433962264,12,83.52727272727273,96.2,98.4,-3.272727272727273,1,0.08333333333333333,3,0.25,"Jose Tena","23691",677588
"Tim Anderson",2025,"FA,FC,SI,CH,SL,CU,KC",66,8.249123924242426,26.90126196969697,2.9490991818181818,40.527593939393945,2266.1969696969695,12,88.50909090909089,98.3,102.6,11.090909090909092,0,0,4,0.3333333333333333,"Tim Anderson","15172",641313
"Heston Kjerstad",2025,"FA,FC,FS,SI,CH,SL,CU",97,7.011171406185568,28.016782164948445,3.379674559793815,42.73204432989691,2287.0309278350514,12,84.19166666666665,99.5,104.3,2.1666666666666665,0,0,4,0.3333333333333333,"Heston Kjerstad","31166",677008
"Blake Dunn",2025,"FA,FC,FS,SI,CH,SL,CU,KC",158,8.068911151898734,27.945900506329117,4.954837923417721,37.086725632911396,2177.525316455696,13,91.02307692307691,104.6,110,-4.923076923076923,0,0,7,0.5384615384615384,"Blake Dunn","29487",694362
"David Hamilton",2025,"FA,FC,SI,CH,SL,CU",76,3.9572696736842103,31.43982236842105,6.509191039473684,26.726453947368423,2282.25,13,83.44166666666668,98.8,102.9,16.666666666666668,0,0,2,0.15384615384615385,"David Hamilton","27531",666152
"Buddy Kennedy",2025,"FA,FC,SI,CH,SL,CU,KC",90,7.189054777777777,28.116485555555553,3.734004066666666,44.08234222222222,2266.8888888888887,13,84.5076923076923,98.8,102.3,28.307692307692307,1,0.07692307692307693,4,0.3076923076923077,"Buddy Kennedy","22505",671083
"Hyeseong Kim",2025,"FA,FC,SI,SL,CU",86,6.653876702325582,28.23171279069767,1.7976562790697679,42.54490930232558,2355.9186046511627,13,82.80000000000001,98.3,102.8,0.7692307692307693,1,0.07692307692307693,3,0.23076923076923078,"Hyeseong Kim","35322",808975
"Matthew Lugo",2025,"FA,FC,FS,SI,CH,SL,CU",63,8.624577777460317,27.682985873015873,2.1734229365079365,42.64006984126984,2200.904761904762,13,94.87692307692306,106.3,108.1,11,1,0.07692307692307693,7,0.5384615384615384,"Matthew Lugo","25980",683090
"Will Benson",2025,"FA,FC,SI,CH,SL,CU",74,6.4125706081081075,28.94036351351351,1.6073681621621625,36.50738486486487,2257.4594594594596,13,85.02307692307691,103.2,104.4,21.46153846153846,2,0.15384615384615385,5,0.38461538461538464,"Will Benson","21853",666181
"Jhonny Pereda",2025,"FA,FC,SI,CH,SL,CU",105,8.61465438095238,27.029993333333334,5.108677628571429,42.81685047619048,2238.114285714286,13,89.42307692307693,106.9,110.6,1.3846153846153846,1,0.07692307692307693,6,0.46153846153846156,"Jhonny Pereda","19802",640902
"Drew Gilbert",2025,"FA,SI,SL,CU",79,8.446415725316452,26.863336708860757,3.4544280493670887,36.92434683544304,2356.9240506329115,13,82.9076923076923,97.7,98.5,12.615384615384615,0,0,3,0.23076923076923078,"Drew Gilbert","31545",687551
"Gustavo Campero",2025,"FA,FC,SI,CH,SL,CU,KC",77,7.161002493506493,28.362209090909094,3.984740509090908,38.9923012987013,2191.246753246753,13,87.26153846153846,98.1,100.2,14.538461538461538,1,0.07692307692307693,3,0.23076923076923078,"Gustavo Campero","22707",672569
"Leo Jiménez",2025,"FA,FC,SI,CH,SL,CU,KC",105,8.879267390476189,26.09417714285714,5.65088099047619,44.65501142857142,2180.457142857143,13,92.04615384615384,101.4,103.5,10.615384615384615,1,0.07692307692307693,6,0.46153846153846156,"Leo Jimenez","23782",677870
"David Villar",2025,"FA,FC,SI,CH,SL,CU,KC",71,8.746587154929578,27.466772957746482,6.079942011267605,37.812554929577466,2060.8028169014083,13,81.42307692307692,101.1,108.5,4.615384615384615,1,0.07692307692307693,3,0.23076923076923078,"David Villar","24782",681584
"Brendan Rodgers",2025,"FA,FC,FS,SI,CH,SL,CU",99,7.643254678787877,28.266152525252533,4.055905323232324,36.70880606060606,2271.939393939394,14,93.29999999999998,104.9,112.2,20.5,4,0.2857142857142857,9,0.6428571428571429,"Brendan Rodgers","17907",663898
"Matt Gorski",2025,"FA,FC,FS,SI,CH,SL,CU",93,4.898156709677418,33.56841720430107,3.520997526881721,36.74662204301075,2164.1290322580644,14,86.73571428571427,102.5,115.2,14.785714285714286,2,0.14285714285714285,6,0.42857142857142855,"Matt Gorski","25855",685301
"Miles Mastrobuoni",2025,"FA,FC,SI,SL,CU",72,5.251627556944444,32.19699722222222,1.4284008180555552,32.90858777777778,2246.4583333333335,14,84.25384615384615,95.7,96.4,0.6153846153846154,0,0,3,0.21428571428571427,"Miles Mastrobuoni","20017",670156
"Aaron Schunk",2025,"FA,FC,SI,CH,SL,CU",75,4.138112456266668,32.065628000000004,1.8004948533333334,42.408440000000006,2247.266666666667,14,86.95714285714287,99.8,102,21.142857142857142,1,0.07142857142857142,3,0.21428571428571427,"Aaron Schunk","25524",668845
"Richie Palacios",2025,"FA,FC,SI,CH,SL,CU",77,7.418299272727272,27.651851948051945,5.487115792207792,32.960142727272725,2288.779220779221,14,85.79285714285713,99,99.6,12.5,0,0,3,0.21428571428571427,"Richie Palacios","24589",680700
"CJ Kayfus",2025,"FA,SI,SL,CU",60,5.497144778333334,30.121064999999998,2.7839291666666672,31.96652283333333,2305.0833333333335,14,84.87142857142858,104,104.6,9.071428571428571,1,0.07142857142857142,4,0.2857142857142857,"CJ Kayfus","33704",692216
"John Rave",2025,"FA,FC,SI,CH,SL,CU,KC",86,9.009603837209301,26.5319965116279,3.2308376976744184,40.27309941860465,2229.8023255813955,14,74.48888888888888,97.4,106.9,22.555555555555557,0,0,2,0.14285714285714285,"John Rave","26284",670231
"Eric Haase",2025,"FA,FC,FS,SI,CH,SL,CU",115,5.754791263478261,31.65323739130435,2.6560917304347824,39.681071304347824,2182.886956521739,15,83.06,101.4,107.5,6.333333333333333,1,0.06666666666666667,2,0.13333333333333333,"Eric Haase","14111",606992
"Jacob Amaya",2025,"FA,FC,SI,CH,SL,CU",81,8.730986308641976,26.651259259259263,7.466302691358024,36.42563209876543,2179.2716049382716,15,89.69333333333333,100.6,103.1,14.8,0,0,7,0.4666666666666667,"Jacob Amaya","23296",676070
"Griffin Conine",2025,"FA,FC,SI,CH,SL,CU",94,7.3222484148936156,27.371424468085102,4.294489946808511,32.92612308510638,2329.478723404255,15,91.89333333333335,107.5,108.7,9,2,0.13333333333333333,9,0.6,"Griffin Conine","21626",665052
"Oswaldo Cabrera",2025,"FA,FC,SI,CH,SL,CU,KC",77,8.539879714285716,26.9243974025974,4.670046103896103,41.401081818181815,2195.7922077922076,15,92.0857142857143,103.4,104.1,10.428571428571429,0,0,6,0.4,"Oswaldo Cabrera","21707",665828
"Will Wagner",2025,"FA,FC,SI,SL,CU",64,5.99085232453125,29.602600000000002,2.314130296875,33.020554687499995,2350.859375,15,83.17142857142856,98.9,103.8,9.214285714285714,0,0,5,0.3333333333333333,"Will Wagner","29634",695238
"Samuel Basallo",2025,"FA,FC,FS,SI,CH,SL,CU",110,6.6898466090909094,28.421963181818178,3.295878181818182,40.595991272727275,2267.836363636364,16,80.11249999999998,103.6,109.3,10.625,1,0.0625,4,0.25,"Samuel Basallo","28824",694212
"Ryan Fitzgerald",2025,"FA,FC,SI,CH,SL,CU",75,6.436890760000001,29.1448,4.829166513999999,34.08397706666667,2147.653333333333,16,87.03999999999999,99.8,102.1,15.2,1,0.0625,3,0.1875,"Ryan Fitzgerald","24622",680837
"Marcelo Mayer",2025,"FA,FC,SI,CH,SL,CU",100,5.355990510000001,30.553742999999994,3.0408480499999997,35.7302707,2319.7,16,85.69375000000001,102.4,102.6,4.25,0,0,7,0.4375,"Marcelo Mayer","29668",691785
"Dylan Beavers",2025,"FA,FC,SI,CH,SL,CU,KC",115,9.035715182608694,27.854455217391305,2.9831045391304345,38.572427826086965,2223.5913043478263,16,86.77499999999999,97.8,107,20.625,1,0.0625,2,0.125,"Dylan Beavers","31695",687637
"Denzel Clarke",2025,"FA,FC,SI,CH,SL,CU",140,6.225158718571428,29.12676657142857,4.612865035714286,37.88664642857143,2276.8571428571427,17,91.14375000000001,108.8,109.9,4,1,0.058823529411764705,8,0.47058823529411764,"Denzel Clarke","29858",672016
"Bryce Teodosio",2025,"FA,FC,FS,SI,CH,SL,CU,KC",93,6.310118032258066,30.258317204301083,3.500026720430107,40.42820752688173,2250.1505376344085,17,86.37499999999999,103.6,106.7,22.9375,1,0.058823529411764705,6,0.35294117647058826,"Bryce Teodosio","29524",669326
"Garrett Mitchell",2025,"FA,FC,SI,CH,SL,CU,KC",94,8.245279180851064,26.190617659574468,5.603649063829787,42.38763010638298,2269.436170212766,17,81.19333333333334,100.4,110.6,8.266666666666667,0,0,3,0.17647058823529413,"Garrett Mitchell","27555",669003
"Joey Loperfido",2025,"FA,FC,SI,CH,SL,CU",67,7.294404794029851,28.190129850746267,5.217418480597013,38.26838522388061,2225.5223880597014,17,84.66666666666667,96.3,100.2,-10.466666666666667,0,0,2,0.11764705882352941,"Joey Loperfido","29630",694388
"Adael Amador",2025,"FA,FC,FS,SI,CH,SL,CU,KC",77,5.726143148051948,29.400350649350642,5.362929233766235,38.542570000000005,2226,17,83.24,102.7,103.5,3.7333333333333334,0,0,4,0.23529411764705882,"Adael Amador","27962",691182
"Liover Peguero",2025,"FA,FC,FS,SI,CH,SL,CU,KC",135,7.919331703703706,27.669589111111115,6.742996981481482,39.26147125925926,2106.162962962963,17,92.5235294117647,103.8,104.1,4.9411764705882355,3,0.17647058823529413,9,0.5294117647058824,"Liover Peguero","24273",678894
"Everson Pereira",2025,"FA,FC,FS,SI,CH,SL,CU",158,5.387378189873417,31.982761772151896,3.062066892405063,38.139926582278484,2237.3481012658226,17,93.52352941176471,108.9,110.8,7.176470588235294,3,0.17647058823529413,10,0.5882352941176471,"Everson Pereira","23695",677592
"Graham Pauley",2025,"FA,FC,SI,SL,CU",106,6.64958294716981,28.20733773584906,3.163552390566038,41.082409999999996,2349.754716981132,17,93.46875000000001,107.6,111.1,6.375,1,0.058823529411764705,8,0.47058823529411764,"Graham Pauley","31363",688363
"Alan Roden",2025,"FA,FC,SI,CH,SL",82,9.430270512195122,24.341155609756097,4.937297170731707,40.53623048780488,2324.3536585365855,18,84.5764705882353,102.2,106.7,8,1,0.05555555555555555,5,0.2777777777777778,"Alan Roden","31564",702176
"Luken Baker",2025,"FA,FC,SI,CH,SL,CU",146,9.831602290410961,24.938699589041093,6.757491617602739,41.0944,2204.2328767123286,18,94.31111111111109,107.4,109.5,21.5,1,0.05555555555555555,9,0.5,"Luken Baker","21497",663609
"Jonny DeLuca",2025,"FA,FC,FS,SI,CH,SL,CU",94,7.65113289361702,28.59277234042553,3.1334952329787233,48.63261276595744,2248.978723404255,18,83.92777777777778,99.1,101.9,9,1,0.05555555555555555,7,0.3888888888888889,"Jonny DeLuca","26365",676356
"Luis Vázquez",2025,"FA,FC,SI,CH,SL,CU",90,5.5241227833333335,31.263157444444445,2.680642613333333,41.364910666666674,2318.6222222222223,18,87.49375,103.8,106.3,8.875,2,0.1111111111111111,6,0.3333333333333333,"Luis Vazquez","23442",676679
"Ben Rortvedt",2025,"FA,FC,SI,CH,SL,CU",84,8.03792631904762,25.09824880952381,5.9230023095238105,36.739828571428575,2264.2023809523807,18,76.83125000000001,101.4,101.5,8.375,0,0,3,0.16666666666666666,"Ben Rortvedt","20287",666163
"Yoán Moncada",2025,"FA,FC,FS,SI,CH,SL,CU,KC",99,7.165066303030303,28.90159191919192,2.99644896969697,39.91943818181817,2203.3636363636365,18,84.31666666666666,97.3,100.6,12.222222222222221,0,0,5,0.2777777777777778,"Yoan Moncada","17232",660162
"Evan Carter",2025,"FA,FC,SI,SL,CU,KC",103,6.543147955339806,29.571041747572814,0.5706393495145634,39.14610291262136,2419.223300970874,18,76.48888888888888,93.2,99.4,2.2777777777777777,0,0,1,0.05555555555555555,"Evan Carter","27790",694497
"Alex Jackson",2025,"FA,FC,SI,CH,SL,CU,KC",114,7.571074657894737,29.613398245614036,3.7807989736842105,40.5058701754386,2129.0087719298244,18,89.42222222222222,106.8,108.5,22.166666666666668,3,0.16666666666666666,8,0.4444444444444444,"Alex Jackson","17276",656577
"Tyler Locklear",2025,"FA,FC,SI,CH,SL,CU,KC",158,8.421908867088609,27.685325316455696,4.610965544303797,40.29671518987341,2204.8860759493673,18,89.77777777777777,106.9,107.7,6.777777777777778,2,0.1111111111111111,10,0.5555555555555556,"Tyler Locklear","31396",682988
"Joey Wiemer",2025,"FA,FC,FS,SI,CH,SL,CU,KC",124,4.87026849032258,30.128792419354838,3.1743965951612902,40.3163564516129,2278.0725806451615,18,94.15555555555555,102.6,107.6,13.277777777777779,3,0.16666666666666666,13,0.7222222222222222,"Joey Wiemer","27690",686894
"Matt Thaiss",2025,"FA,FC,SI,CH,SL,CU,KC",117,6.640120729059827,29.289001452991453,3.4855922735042735,34.94276564102564,2271.7606837606836,19,84.75555555555555,101.9,104.4,24.833333333333332,1,0.05263157894736842,7,0.3684210526315789,"Matt Thaiss","19318",642136
"Jerar Encarnacion",2025,"FA,FC,FS,SI,CH,SL,CU,KC",83,6.442404674698797,30.479984698795192,2.706450891566265,39.11078072289157,2286.7710843373493,19,93.96315789473685,111.4,112.4,7,1,0.05263157894736842,10,0.5263157894736842,"Jerar Encarnacion","21871",666464
"Jake Rogers",2025,"FA,FC,FS,SI,CH,SL,CU,KC",157,6.5868071343949035,30.215808089171976,4.364999323566878,39.10203318471338,2144.917197452229,19,94.11052631578949,103.6,107.8,23.157894736842106,3,0.15789473684210525,10,0.5263157894736842,"Jake Rogers","19452",668670
"Carson Williams",2025,"FA,FC,FS,SI,CH,SL,CU,KC",148,6.661198817567569,29.29558351351352,3.331910910810811,40.4922972972973,2275.824324324324,19,83.29444444444445,103.9,109.5,20.5,2,0.10526315789473684,6,0.3157894736842105,"Carson Williams","30038",700246
"LaMonte Wade Jr.",2025,"FA,FC,SI,SL",121,6.47025714876033,28.289480165289252,7.001299429173556,27.86626446280992,2193.5206611570247,19,89.36666666666667,103.9,106.5,16.22222222222222,0,0,4,0.21052631578947367,"LaMonte Wade Jr.","18126",664774
"Tristan Gray",2025,"FA,FC,SI,CH,SL,CU,KC",83,6.111945245783132,28.84378915662651,5.851879569879517,31.128451807228913,2231.132530120482,19,92.35789473684208,108.5,110.6,16.789473684210527,3,0.15789473684210525,12,0.631578947368421,"Tristan Gray","19877",656484
"Brett Harris",2025,"FA,FC,SI,CH,SL,CU",125,5.4983409752,31.127833599999995,7.470773488,35.697689679999996,2165.056,19,80.62777777777778,105,105.5,3.388888888888889,0,0,4,0.21052631578947367,"Brett Harris","29788",695391
"Jacob Stallings",2025,"FA,FC,SI,CH,SL,CU,KC",164,7.1070082073170715,28.060506707317074,5.270121187804879,37.47079042682927,2191.2865853658536,20,84.60999999999999,96.7,101.2,9.85,0,0,5,0.25,"Jacob Stallings","13723",607732
"Oscar Gonzalez",2025,"FA,FC,FS,SI,CH,SL,CU,KC",118,5.7912937559322035,30.65051186440678,6.850161136440677,33.083033898305096,2195.2457627118642,20,93.16,103.8,105.2,14.1,2,0.1,12,0.6,"Oscar Gonzalez","20970",660757
"Leody Taveras",2025,"FA,FC,FS,SI,CH,SL,CU,KC",126,8.400482292857145,26.928075714285725,7.116288504761904,41.14818650793651,2158.6825396825398,20,91.76111111111112,106.7,111.2,13.666666666666666,1,0.05,9,0.45,"Leody Taveras","18900",665750
"Jeimer Candelario",2025,"FA,FC,FS,SI,CH,SL,CU,KC",95,7.9020926754736855,28.461052631578944,4.21358449368421,39.59475957894736,2240.6631578947367,20,88.74,102.3,107.5,14.55,2,0.1,7,0.35,"Jeimer Candelario","13621",600869
"Nick Yorke",2025,"FA,FC,SI,CH,SL,CU",99,6.666404482828281,28.94097676767677,7.628369404040404,34.44964676767677,2098.6767676767677,20,85.24,103.8,113,16.8,0,0,6,0.3,"Nick Yorke","27504",694377
"Yuli Gurriel",2025,"FA,FC,FS,SI,CH,SL,CU,KC",96,7.719717322916668,29.369120312499998,7.035260072916667,31.127204333333335,1987.25,21,85.505,102.5,107.9,24.38095238095238,0,0,4,0.19047619047619047,"Yuli Gurriel","19198",493329
"Daz Cameron",2025,"FA,FC,FS,SI,CH,SL,CU",119,5.8869536789915955,30.31519176470588,4.677974596638654,36.06205882352941,2175.5714285714284,21,93.61428571428571,108.2,109.5,20.571428571428573,2,0.09523809523809523,8,0.38095238095238093,"Daz Cameron","18353",663662
"Dominic Smith",2025,"FA,FC,SI,CH,SL,CU",90,7.901699374444445,27.194638444444443,3.035790622222223,39.42528444444445,2335.088888888889,21,85.71428571428571,98.1,105.9,22.714285714285715,0,0,3,0.14285714285714285,"Dominic Smith","15653",642086
"James Outman",2025,"FA,FC,FS,SI,CH,SL,CU,KC",171,5.890287730994152,30.24486959064328,3.372313658479533,37.614093567251466,2222.06432748538,21,79.35999999999999,103.6,107.5,14.45,3,0.14285714285714285,5,0.23809523809523808,"James Outman","24770",681546
"Christian Encarnacion-Strand",2025,"FA,FC,FS,SI,CH,SL,CU",113,8.04665061238938,27.437670796460182,4.66577451858407,40.550790530973444,2188.0619469026547,22,83.50909090909092,100.2,107.7,25.818181818181817,0,0,7,0.3181818181818182,"Christian Encarnacion-Strand","30011",687952
"Luke Raley",2025,"FA,FC,SI,SL,CU,KC",131,6.140682179389315,30.4613106870229,0.39295527480916015,37.06815778625955,2166.053435114504,22,86.64999999999999,105.3,109.8,-0.6818181818181818,2,0.09090909090909091,8,0.36363636363636365,"Luke Raley","19354",670042
"Ronny Mauricio",2025,"FA,FC,FS,SI,CH,SL,CU",151,5.1255926165562915,30.49101874172185,4.121466492052981,38.12661834437086,2258.569536423841,22,87.10952380952381,104.1,111.1,1.7142857142857142,0,0,9,0.4090909090909091,"Ronny Mauricio","23698",677595
"Chris Taylor",2025,"FA,FC,SI,CH,SL,CU",114,8.31251042631579,28.03164701754386,6.114001260526316,35.09330140350878,2130.5175438596493,22,86.9952380952381,102,108.6,16.142857142857142,0,0,8,0.36363636363636365,"Chris Taylor","13757",621035
"Josh Rojas",2025,"FA,FC,SI,SL,CU,KC",104,8.919959957692306,26.38875192307693,3.0176184903846157,43.48837403846154,2375.153846153846,22,88.495,100.5,101.8,13.25,0,0,5,0.22727272727272727,"Josh Rojas","19734",668942
"Alex Verdugo",2025,"FA,FC,SI,CH,SL,CU,KC",151,7.638251774834435,26.87947152317881,7.055918821192052,39.632806092715235,2313.3112582781455,22,90.32272727272726,103,106.2,-1.1818181818181819,0,0,12,0.5454545454545454,"Alex Verdugo","17027",657077
"Dalton Rushing",2025,"FA,FC,SI,CH,SL,CU,KC",146,6.607840869863014,29.245240410958907,4.066958678082191,37.24387020547945,2284.9520547945203,22,92.47272727272728,104.8,111.1,18.818181818181817,2,0.09090909090909091,11,0.5,"Dalton Rushing","31382",687221
"Jonatan Clase",2025,"FA,FC,FS,SI,CH,SL,CU",127,6.232393653543306,29.93144094488189,3.994470173228346,37.734469291338584,2156.047244094488,22,79.00454545454544,98.8,102.8,15.545454545454545,0,0,7,0.3181818181818182,"Jonatan Clase","26599",682729
"Andrew Knizner",2025,"FA,FC,SI,CH,SL,CU,KC",90,5.863824322222223,31.090505555555556,6.587438466666667,31.826789999999992,2206.711111111111,22,83.71818181818183,103.2,106.5,11.5,1,0.045454545454545456,6,0.2727272727272727,"Andrew Knizner","19514",668800
"Stuart Fairchild",2025,"FA,FC,FS,SI,CH,SL,CU",132,6.93764039621212,28.95705454545455,5.462567196969697,37.78219924242424,2108.3333333333335,23,87.645,102.8,104.8,23.15,3,0.13043478260869565,9,0.391304347826087,"Stuart Fairchild","20321",656413
"Kameron Misner",2025,"FA,FC,SI,CH,SL,CU",165,6.375548715151515,29.570444303030296,1.301640852121212,35.31297466666666,2379.2060606060604,23,84.94,97.6,106.4,12.8,1,0.043478260869565216,5,0.21739130434782608,"Kameron Misner","26374",670224
"Jordan Lawlar",2025,"FA,FC,FS,SI,CH,SL,CU,KC",141,7.280541184397164,28.262139858156022,3.2154966531914897,42.756456170212765,2208.4397163120566,23,88.96190476190478,104.9,107.9,27.523809523809526,2,0.08695652173913043,9,0.391304347826087,"Jordan Lawlar","29976",691783
"Kyle Karros",2025,"FA,FC,FS,SI,CH,SL,CU",150,6.377930073333333,29.149423266666666,5.554618370666666,40.46921290666666,2218.713333333333,23,86.66521739130435,99,105.9,12.391304347826088,0,0,9,0.391304347826087,"Kyle Karros","33252",691720
"Robert Hassell III",2025,"FA,FC,SI,CH,SL,CU",137,7.157904321167883,28.2948401459854,3.999992704379562,35.39067832116788,2309.6861313868612,23,83.67272727272727,100.5,105.8,-1.8636363636363635,0,0,5,0.21739130434782608,"Robert Hassell III","27482",690987
"Austin Wynns",2025,"FA,FC,SI,CH,SL,CU,KC",162,7.152507214567902,28.765343827160496,5.057089516049383,38.26430783950618,2148.635802469136,23,88.16956521739131,104,107,13.434782608695652,2,0.08695652173913043,12,0.5217391304347826,"Austin Wynns","15271",642851
"Kyle Teel",2025,"FA,FC,SI,CH,SL,CU,KC",217,7.235997414746545,27.596366129032262,4.767040529493086,37.250610138248845,2311.1198156682026,24,79.48260869565219,99,105.5,3.347826086956522,1,0.041666666666666664,6,0.25,"Kyle Teel","33549",691019
"Mickey Gasper",2025,"FA,FC,FS,SI,CH,SL,CU,KC",154,6.866327350649351,29.141923181818182,4.757167194805194,40.085534155844144,2211.616883116883,24,85.04782608695653,103.5,108.5,17.695652173913043,0,0,6,0.25,"Mickey Gasper","24759",681508
"Garrett Hampson",2025,"FA,FC,FS,SI,CH,SL,CU",155,7.7425961,28.436863225806455,6.565711878064516,36.03071032258064,2152.1290322580644,24,85.735,97.8,99.1,24.75,0,0,6,0.25,"Garrett Hampson","19262",641658
"Christian Moore",2025,"FA,FC,SI,CH,SL,CU,KC",164,8.778761286585366,26.529343231707315,5.538854507317072,38.51043109756098,2240.6158536585367,26,86.36153846153844,107.3,108.7,15.846153846153847,3,0.11538461538461539,9,0.34615384615384615,"Christian Moore","34979",695681
"Jorge Mateo",2025,"FA,FC,FS,SI,CH,SL,CU,KC",148,6.626308302027027,29.088401756756763,5.667635202702702,41.872077702702704,2169.0675675675675,26,86.08461538461539,101.6,104,11.461538461538462,1,0.038461538461538464,10,0.38461538461538464,"Jorge Mateo","17273",622761
"Nick Sogard",2025,"FA,FC,FS,SI,CH,SL,CU,KC",120,4.843869491666665,31.90214575,4.289047658333334,40.65794241666667,2218.108333333333,26,86.98076923076923,102.5,105.6,11.153846153846153,2,0.07692307692307693,9,0.34615384615384615,"Nick Sogard","25483",686765
"Max Muncy",2025,"FA,FC,FS,SI,CH,SL,CU,KC",180,8.169181627777776,27.13769583333334,6.777797620555557,40.13033666666666,2166.5055555555555,26,91.0769230769231,109.6,111.6,5.269230769230769,2,0.07692307692307693,12,0.46153846153846156,"Max Muncy","29779",691777
"Tyler Tolbert",2025,"FA,FC,SI,CH,SL,CU",126,8.453846653968252,27.104444603174606,5.929620286031746,37.09549968253968,2213.1349206349205,26,89.33600000000003,101.1,106.1,19.36,1,0.038461538461538464,10,0.38461538461538464,"Tyler Tolbert","25779",686475
"Will Wilson",2025,"FA,FC,SI,CH,SL,CU,KC",195,6.361596856923075,30.273104820512824,2.4995179594871786,38.23656933333333,2295.625641025641,26,86.69130434782609,98.8,101.2,22.26086956521739,1,0.038461538461538464,10,0.38461538461538464,"Will Wilson","25434",669717
"Jon Berti",2025,"FA,FC,FS,SI,CH,SL,CU,KC",114,7.297670219298246,27.843288245614033,7.014159894736842,39.035298947368425,2214.745614035088,26,89.16538461538461,106.7,112.1,-3.769230769230769,0,0,12,0.46153846153846156,"Jon Berti","12037",542932
"Emmanuel Rivera",2025,"FA,FC,FS,SI,CH,SL,CU",146,10.325349834246577,23.58658047945206,6.5716171780821915,40.506360273972604,2218.7328767123286,26,88.66538461538464,102.2,105.6,18.884615384615383,0,0,10,0.38461538461538464,"Emmanuel Rivera","19890",656896
"Christian Koss",2025,"FA,FC,FS,SI,CH,SL,CU,KC",160,6.254087160637501,29.747522062499996,6.70842977946875,36.8167858125,2194.23125,26,87.85199999999999,103.8,104.6,1.28,2,0.07692307692307693,7,0.2692307692307692,"Christian Koss","27653",683766
"Andrés Chaparro",2025,"FA,FC,SI,CH,SL,CU",189,5.134981740740741,32.2407755026455,4.376969365079365,34.1855608994709,2179.7830687830688,27,89.25185185185184,107.9,110.6,0.7777777777777778,3,0.1111111111111111,13,0.48148148148148145,"Andres Chaparro","21797",665953
"Drew Waters",2025,"FA,FC,FS,SI,CH,SL,CU",167,7.8743613259281435,26.872743473053895,5.4512485748502995,36.0563908982036,2255.7604790419164,27,82.07037037037037,94.8,102.3,13.962962962962964,0,0,2,0.07407407407407407,"Drew Waters","20505",671221
"Warming Bernabel",2025,"FA,FC,SI,CH,SL,CU,KC",97,6.543743258762886,30.186413402061852,3.3666352268041244,38.312482979381436,2197.7525773195875,27,89.15555555555555,100.4,108,20.814814814814813,0,0,11,0.4074074074074074,"Warming Bernabel","26536",682653
"Masataka Yoshida",2025,"FA,FC,FS,SI,CH,SL,CU",101,6.892156306930692,28.29091089108911,5.858893316831685,37.42535148514852,2256.5148514851485,27,86.29629629629629,104,108.4,-8.25925925925926,0,0,5,0.18518518518518517,"Masataka Yoshida","31837",807799
"Cooper Hummel",2025,"FA,FC,SI,CH,SL,CU,KC",202,7.340047935643565,28.237444554455443,6.748706019801981,36.548325099009894,2179.0544554455446,27,96.22962962962963,109.7,111.9,15.555555555555555,7,0.25925925925925924,14,0.5185185185185185,"Cooper Hummel","19458",669450
"Rafael Marchán",2025,"FA,FC,FS,SI,CH,SL,CU,KC",136,6.360499712500001,29.82962485294118,4.5729928897058825,41.072425735294125,2216.580882352941,27,89.0576923076923,100.9,108.1,6.576923076923077,0,0,9,0.3333333333333333,"Rafael Marchan","21646",665561
"Connor Joe",2025,"FA,FC,SI,CH,SL,CU,KC",153,6.457141084967319,29.84124464052287,4.55805011111111,40.13103464052288,2285.392156862745,27,86.8923076923077,100.2,113.3,11.73076923076923,3,0.1111111111111111,7,0.25925925925925924,"Connor Joe","16572",656582
"Edouard Julien",2025,"FA,FC,SI,CH,SL,CU,KC",193,6.4994174626943,28.42908383419688,4.886094948186528,36.78111575129534,2226.5544041450776,27,90.77307692307691,104,105.6,3.8846153846153846,3,0.1111111111111111,9,0.3333333333333333,"Edouard Julien","27534",666397
"Gary Sánchez",2025,"FA,FC,FS,SI,CH,SL,CU",173,6.765011544508672,29.54778861271676,3.1100261924855492,41.78631052023121,2241.543352601156,28,92.75,108.2,109.1,20.285714285714285,3,0.10714285714285714,15,0.5357142857142857,"Gary Sanchez","11442",596142
"Connor Wong",2025,"FA,FC,FS,SI,CH,SL,CU,KC",210,5.87034658095238,29.663819047619057,5.222023790761905,40.43143380952381,2192.652380952381,28,88.40357142857142,108.7,111.4,12,0,0,11,0.39285714285714285,"Connor Wong","19896",657136
"Anthony Santander",2025,"FA,FC,FS,SI,CH,SL,CU",220,8.979852863636363,25.14447168181818,6.710488747727274,37.01910117727273,2203.2,28,89.30714285714285,105.3,108.1,6.25,0,0,15,0.5357142857142857,"Anthony Santander","14551",623993
"Matt Vierling",2025,"FA,FC,SI,CH,SL,CU",199,6.378527631155779,30.25306834170855,3.091448597989949,38.78351884422111,2186.834170854271,28,93.96428571428571,103.8,106.6,21.142857142857142,5,0.17857142857142858,15,0.5357142857142857,"Matt Vierling","21558",663837
"Thairo Estrada",2025,"FA,FC,SI,CH,SL,CU,KC",140,7.375070127142858,27.996575714285715,4.8258496357142855,36.267835,2246.4357142857143,28,83.92962962962963,96.6,107.2,14,0,0,6,0.21428571428571427,"Thairo Estrada","16426",642731
"Willie MacIver",2025,"FA,FC,FS,SI,CH,SL,CU,KC",142,7.903212975352114,26.777040140845074,6.884316077464789,36.22429859154929,2267.5774647887324,28,89.52499999999999,102.7,104.1,11.071428571428571,2,0.07142857142857142,11,0.39285714285714285,"Willie MacIver","24641",680862
"Yordan Alvarez",2025,"FA,FC,SI,CH,SL,CU,KC",157,8.805405984076433,26.352169554140126,2.877521412101911,41.08991019108281,2338.0509554140126,28,94.21785714285713,111.1,113.3,16.071428571428573,5,0.17857142857142858,14,0.5,"Yordan Alvarez","19556",670541
"Kevin Pillar",2025,"FA,FC,FS,SI,CH,SL,CU,KC",117,10.204715213675215,25.72267427350427,5.2040862307692315,35.93206666666667,2176.188034188034,28,86.33214285714284,99.4,104.7,15.607142857142858,1,0.03571428571428571,5,0.17857142857142858,"Kevin Pillar","12434",607680
"Lane Thomas",2025,"FA,FC,FS,SI,CH,SL,CU,KC",192,8.950737489583332,26.63258145833333,6.0854061645833335,39.49933697916667,2197.828125,29,85.78965517241382,103,110,32.48275862068966,1,0.034482758620689655,8,0.27586206896551724,"Lane Thomas","16939",657041
"Travis d'Arnaud",2025,"FA,FC,SI,CH,SL,CU,KC",167,7.472060472455089,28.221546107784437,6.057472904191617,37.34571185628742,2120.568862275449,29,88.3103448275862,103,104.5,17.82758620689655,4,0.13793103448275862,11,0.3793103448275862,"Travis d'Arnaud","7739",518595
"Nasim Nuñez",2025,"FA,FC,SI,CH,SL,CU,KC",164,7.6316119036585395,28.711256097560973,8.280477109817072,32.75318408536585,2199.432926829268,29,92.23076923076923,102.9,108.6,7.346153846153846,1,0.034482758620689655,15,0.5172413793103449,"Nasim Nunez","25979",683083
"Leo Rivas",2025,"FA,FC,FS,SI,CH,SL,CU",184,8.575600413043476,26.94719298913044,4.540560442934783,34.00495027173913,2275.2989130434785,29,86.55714285714284,99.4,103.2,9.607142857142858,0,0,7,0.2413793103448276,"Leo Rivas","21009",660844
"Kevin Newman",2025,"FA,FC,FS,SI,CH,SL,CU",148,6.7906846750000005,31.45492432432432,6.112440689864865,34.121714594594586,2043.6418918918919,29,86.55555555555556,99.1,102.3,16,0,0,8,0.27586206896551724,"Kevin Newman","17696",621028
"Jorge Barrosa",2025,"FA,FC,FS,SI,CH,SL,CU,KC",193,8.466881985492229,26.792904559585494,4.980296020725389,36.9653181865285,2196.2279792746112,30,89.24137931034481,100.1,101.3,17.24137931034483,0,0,9,0.3,"Jorge Barrosa","23968",678489
"Braxton Fulford",2025,"FA,FC,FS,SI,CH,SL,CU",180,7.488143066666669,28.106687444444432,4.519391794444445,44.025507111111104,2212.7055555555557,30,91.31333333333333,108.3,112.7,24.533333333333335,3,0.1,17,0.5666666666666667,"Braxton Fulford","29704",690924
"Parker Meadows",2025,"FA,FC,SI,CH,SL,CU",178,5.7267327056179775,31.013947191011233,1.7770888033707863,36.358981292134835,2311.6685393258426,30,85.63793103448276,101,104.9,9.862068965517242,0,0,9,0.3,"Parker Meadows","23800",678009
"Spencer Horwitz",2025,"FA,FC,FS,SI,CH,SL,CU,KC",225,5.658554041777779,29.54036333333334,2.8835604862222226,39.61932515555554,2295.0222222222224,30,85.25666666666666,99.2,103.4,5.066666666666666,1,0.03333333333333333,7,0.23333333333333334,"Spencer Horwitz","26477",687462
"Gio Urshela",2025,"FA,FC,FS,SI,CH,SL,CU,KC",172,8.447839238372092,27.451155406976742,6.7139422732558165,38.49020831395349,2164.6686046511627,30,88.54999999999998,103.6,107.7,6.966666666666667,1,0.03333333333333333,12,0.4,"Gio Urshela","10681",570482
"Colt Keith",2025,"FA,FC,SI,SL,CU",189,4.907216015873015,31.94034026455027,1.0252252994708997,36.91998262962962,2318.830687830688,31,80.00322580645161,99.1,108.8,-1.6774193548387097,1,0.03225806451612903,6,0.1935483870967742,"Colt Keith","27899",690993
"Sean Bouchard",2025,"FA,FC,SI,CH,SL,CU,KC",186,6.052018267741935,29.30685806451613,6.037709867365591,31.156549999999992,2192.8763440860216,31,88.18709677419355,103.6,107.4,21.35483870967742,0,0,11,0.3548387096774194,"Sean Bouchard","21270",656248
"Jorge Soler",2025,"FA,FC,FS,SI,CH,SL,CU,KC",228,5.642245037280702,31.49855263157895,3.0551104013157895,36.74076315789475,2120.122807017544,31,91.53225806451611,108.1,111.5,19.612903225806452,5,0.16129032258064516,17,0.5483870967741935,"Jorge Soler","14221",624585
"Jeremiah Jackson",2025,"FA,FC,FS,SI,CH,SL,CU,KC",215,7.212588988372091,28.854184139534883,4.726513112093022,39.461574,2149.306976744186,32,94.85,105,109.5,11.78125,2,0.0625,22,0.6875,"Jeremiah Jackson","22239",669236
"Hunter Renfroe",2025,"FA,FC,FS,SI,CH,SL,CU,KC",146,6.772501287671234,28.637915753424657,3.2216338835616445,39.47163767123288,2226.7328767123286,32,89.46249999999999,107.8,110.5,15.84375,2,0.0625,13,0.40625,"Hunter Renfroe","15464",592669
"Daniel Schneemann",2025,"FA,FC,SI,CH,SL,CU,KC",252,6.160257959047619,29.006120793650794,3.5295956212698414,36.959448650793654,2333.1746031746034,32,79.54333333333335,98,102.1,4.466666666666667,0,0,5,0.15625,"Daniel Schneemann","25180",682177
"DJ LeMahieu",2025,"FA,FC,FS,SI,CH,SL,CU,KC",205,7.865219527804878,27.602243024390248,6.453578278048782,37.30837507317072,2170.4341463414635,32,92.63103448275862,105.5,106.9,1.5862068965517242,1,0.03125,14,0.4375,"DJ LeMahieu","9874",518934
"Martín Maldonado",2025,"FA,FC,FS,SI,CH,SL,CU,KC",197,6.728921817766498,29.111230964466994,5.758968796954315,41.55157411167513,2204.0304568527918,32,92.8258064516129,104,107.1,16.451612903225808,3,0.09375,13,0.40625,"Martin Maldonado","6887",455117
"Chas McCormick",2025,"FA,FC,SI,CH,SL,CU,KC",192,7.304516318229169,27.855212500000007,5.638429505208333,35.75874010416666,2211.6666666666665,33,89.87999999999998,104,104.6,22.333333333333332,4,0.12121212121212122,14,0.42424242424242425,"Chas McCormick","19599",676801
"Trey Sweeney",2025,"FA,FC,SI,CH,SL,CU",161,6.030619751552796,30.493878447204974,2.6736398509316768,33.73834242236025,2270.552795031056,33,88.95151515151517,105.5,110.8,3.5454545454545454,1,0.030303030303030304,14,0.42424242424242425,"Trey Sweeney","29575",700242
"Ryan Ritter",2025,"FA,FC,FS,SI,CH,SL,CU,KC",159,5.82369437735849,30.083115723270442,2.1976392201257857,43.211690628930825,2308.578616352201,33,82.74374999999999,96.6,102,16,0,0,6,0.18181818181818182,"Ryan Ritter","31500",690022
"Andruw Monasterio",2025,"FA,FC,FS,SI,CH,SL,CU,KC",218,7.707934713302752,28.96613577981651,2.5348723879816517,44.59033440366972,2242.52752293578,34,86.34411764705885,97.1,110.1,22.970588235294116,2,0.058823529411764705,11,0.3235294117647059,"Andruw Monasterio","19455",655316
"James McCann",2025,"FA,FC,FS,SI,CH,SL,CU,KC",188,7.220721103191489,29.198498297872337,3.0676357196808515,39.591619627659576,2258.925531914894,34,90.9909090909091,106.2,109.7,10.575757575757576,4,0.11764705882352941,15,0.4411764705882353,"James McCann","12859",543510
"Tyler O'Neill",2025,"FA,FC,FS,SI,CH,SL,CU,KC",240,8.539303904166665,27.401985125,4.174725132500001,42.73386000000001,2138.4,34,91.28529411764707,107,113.6,27.323529411764707,8,0.23529411764705882,13,0.38235294117647056,"Tyler O'Neill","15711",641933
"Nathan Lukes",2025,"FA,FC,FS,SI,CH,SL,CU,KC,EP",196,5.949602418877551,30.452522448979593,4.248238745408163,35.4797050510204,2268.9795918367345,34,86.55666666666666,100,104.6,2.3666666666666667,0,0,8,0.23529411764705882,"Nathan Lukes","18123",664770
"Nate Eaton",2025,"FA,FC,SI,CH,SL,CU,KC",194,5.73895605670103,31.362427525773203,3.515841408402062,43.24165567010309,2226.783505154639,34,89.63823529411764,104.6,106.8,10.529411764705882,1,0.029411764705882353,13,0.38235294117647056,"Nate Eaton","25055",681987
"Derek Hill",2025,"FA,FC,FS,SI,CH,SL,CU,KC",267,9.187369120973782,25.916551872659177,5.01993396104869,40.700362546816464,2183.2734082397005,35,96.21333333333332,107.1,111.3,11.133333333333333,4,0.11428571428571428,23,0.6571428571428571,"Derek Hill","16947",656537
"Jose Herrera",2025,"FA,FC,FS,SI,CH,SL,CU,KC",246,6.975276257317073,28.076082845528457,6.65643361788618,38.30522483739838,2162.560975609756,35,88.5151515151515,100.8,105.4,11.696969696969697,1,0.02857142857142857,13,0.37142857142857144,"Jose Herrera","17040",645444
"Blake Perkins",2025,"FA,FC,FS,SI,CH,SL,CU,KC",229,7.957910071179041,27.743711135371175,5.005964325196506,40.89542113537117,2252.598253275109,35,90.809375,103.6,105.8,4.125,1,0.02857142857142857,14,0.4,"Blake Perkins","19921",663368
"Yohel Pozo",2025,"FA,FC,SI,CH,SL,CU,KC",161,8.404817751552795,26.912242236024845,5.377066534161491,40.078948447204986,2264.391304347826,35,88.16470588235292,103.1,104.9,16.61764705882353,0,0,11,0.3142857142857143,"Yohel Pozo","18848",650968
"Michael Helman",2025,"FA,FC,SI,CH,SL,CU",185,8.089320747027028,28.159792432432443,5.734491421621622,38.91046702702703,2116.6216216216217,36,84.97272727272727,102.9,104.2,24.515151515151516,4,0.1111111111111111,11,0.3055555555555556,"Michael Helman","24605",680737
"Nacho Alvarez Jr.",2025,"FA,FC,FS,SI,CH,SL,CU,KC",233,6.276170912017171,29.701418454935624,6.123683240343348,40.980941630901285,2171.549356223176,36,83.74705882352941,102.3,108.2,22,0,0,9,0.25,"Nacho Alvarez Jr.","31765",805373
"Jake McCarthy",2025,"FA,FC,SI,CH,SL,CU",129,7.787323044961242,27.592937596899223,2.7224426775193806,41.5242511627907,2329.7131782945735,36,85.36470588235295,99.4,100.2,7.970588235294118,0,0,7,0.19444444444444445,"Jake McCarthy","21622",664983
"Johnathan Rodríguez",2025,"FA,FC,FS,SI,CH,SL,CU,KC",233,6.5992088626609435,29.717654077253222,5.116638788154507,37.86110214592274,2189.223175965665,36,93.97428571428573,109.3,112,6.0285714285714285,3,0.08333333333333333,19,0.5277777777777778,"Johnathan Rodriguez","22530",671286
"Mickey Moniak",2025,"FA,FC,FS,SI,CH,SL,CU,KC",226,5.943839569026548,29.822569070796465,2.702142734513275,38.329053022123894,2327.0132743362833,36,84.79142857142857,105.1,107.9,10.82857142857143,3,0.08333333333333333,12,0.3333333333333333,"Mickey Moniak","19956",666160
"Victor Caratini",2025,"FA,FC,FS,SI,CH,SL,CU,KC",232,5.925155254310343,30.45716120689655,3.5328179525862073,36.66000795258621,2240.0560344827586,38,92.64999999999998,106.2,107.7,15.026315789473685,6,0.15789473684210525,19,0.5,"Victor Caratini","14968",605170
"Gavin Lux",2025,"FA,FC,SI,CH,SL,CU",260,6.90766691576923,27.98024203846154,3.8662191899999994,37.86040043076924,2309.8346153846155,38,88.17567567567569,100.4,105.7,6.945945945945946,1,0.02631578947368421,13,0.34210526315789475,"Gavin Lux","19955",666158
"Paul DeJong",2025,"FA,FC,FS,SI,CH,SL,CU",276,6.858020981521742,29.5998938768116,3.8865740652173906,37.40895637681159,2166.4166666666665,38,87.93157894736842,106.6,108.4,23.18421052631579,5,0.13157894736842105,15,0.39473684210526316,"Paul DeJong","18015",657557
"Colby Thomas",2025,"FA,FC,SI,CH,SL,CU",259,8.668594366023168,26.039973783783783,6.859548344787644,40.57787374517375,2219.3822393822393,38,92.61578947368419,110,115.5,25.763157894736842,7,0.18421052631578946,20,0.5263157894736842,"Colby Thomas","31855",687515
"Victor Robles",2025,"FA,FC,FS,SI,CH,SL,CU",158,7.791894286708859,28.103011392405065,6.660753589873417,36.33938993670887,2124.981012658228,38,84.77499999999999,99.6,112.6,4.444444444444445,2,0.05263157894736842,6,0.15789473684210525,"Victor Robles","18363",645302
"Otto Kemp",2025,"FA,FC,FS,SI,CH,SL,CU,KC",288,5.691798168402778,30.521213194444442,5.083403281215277,38.714518402777784,2181.3229166666665,39,91.75384615384617,105.2,107.1,15.23076923076923,5,0.1282051282051282,22,0.5641025641025641,"Otto Kemp","31792",805249
"Tyler Heineman",2025,"FA,FC,FS,SI,CH,SL,CU,KC",164,6.9590615906402435,28.132623536585363,5.09634606890244,37.16809926829268,2255.4695121951218,39,86.04324324324324,103.2,104.5,14.162162162162161,1,0.02564102564102564,12,0.3076923076923077,"Tyler Heineman","13897",623168
"Cody Freeman",2025,"FA,FC,FS,SI,CH,SL,CU,KC",188,7.223900946808511,29.211509095744677,4.409212902659575,40.30255319148937,2180.771276595745,39,84.3263157894737,101,103,10.394736842105264,3,0.07692307692307693,12,0.3076923076923077,"Cody Freeman","25629",683227
"Michael Massey",2025,"FA,FC,SI,CH,SL,CU",170,6.589567631764706,29.4723211764706,3.001340935294117,35.01408711764706,2286.8823529411766,39,87.65945945945946,101.9,107.5,21.324324324324323,1,0.02564102564102564,8,0.20512820512820512,"Michael Massey","27684",686681
"Mike Tauchman",2025,"FA,FC,FS,SI,CH,SL,CU,KC",286,9.191289989510492,25.903236748251746,3.774668308391608,40.63206811188811,2279.493006993007,41,86.91951219512194,102.6,108.7,11.78048780487805,3,0.07317073170731707,17,0.4146341463414634,"Mike Tauchman","15274",643565
"Vinny Capra",2025,"FA,FC,SI,CH,SL,CU",182,5.349443358791209,30.557541758241765,5.177856995054945,36.912114835164836,2252.8736263736264,41,84.75405405405405,100.2,103.9,7.378378378378378,2,0.04878048780487805,13,0.3170731707317073,"Vinny Capra","25040",681962
"Justyn-Henry Malloy",2025,"FA,FC,FS,SI,CH,SL,CU,KC",312,5.867703124038462,30.12368483974359,5.000323337500001,37.76054381410256,2188.0352564102564,41,87.10487804878046,103.4,111.7,20.170731707317074,2,0.04878048780487805,13,0.3170731707317073,"Justyn-Henry Malloy","29606",669234
"Adam Frazier",2025,"FA,FC,SI,CH,SL,CU,KC",269,7.197556535315986,28.22966182156133,3.107336139405204,39.15613516356877,2309.728624535316,41,82.11578947368422,99,102.2,8.842105263157896,1,0.024390243902439025,9,0.21951219512195122,"Adam Frazier","15223",624428
"Jonah Bride",2025,"FA,FC,FS,SI,CH,SL,CU",302,7.160210420529801,29.30017589403974,4.332734662251655,40.411430927152324,2158.2847682119204,41,87.45499999999997,100.4,104.4,17.025,0,0,12,0.2926829268292683,"Jonah Bride","24703",681146
"Christian Vázquez",2025,"FA,FC,FS,SI,CH,SL,CU,KC,EP",250,9.589232990400001,25.886886000000008,6.878554919199999,39.637258352,2148.424,41,84.39230769230768,99.8,101.7,21,0,0,9,0.21951219512195122,"Christian Vazquez","9774",543877
"Giancarlo Stanton",2025,"FA,FC,FS,SI,CH,SL,CU,KC",335,6.574846654328359,28.790793850746265,5.7501969202985075,35.775788358208956,2194.8865671641793,41,96.32926829268293,110.8,115.8,19.26829268292683,9,0.21951219512195122,25,0.6097560975609756,"Giancarlo Stanton","4949",519317
"Francisco Alvarez",2025,"FA,FC,FS,SI,CH,SL,CU,KC",278,5.868451669748202,30.51704794964029,4.2968168032374106,40.15284841726618,2247.76618705036,42,93.35000000000002,108.5,110.9,5,9,0.21428571428571427,23,0.5476190476190477,"Francisco Alvarez","26121",682626
"Henry Davis",2025,"FA,FC,FS,SI,CH,SL,CU,KC",254,6.471587298976379,29.44786763779528,4.315631177165354,43.46401732283465,2141.712598425197,42,86.9452380952381,104.5,106.6,24.476190476190474,2,0.047619047619047616,15,0.35714285714285715,"Henry Davis","29617",680779
"Austin Martin",2025,"FA,FC,FS,SI,CH,SL,CU,KC",226,7.403609880530973,29.06222278761062,5.440385601769912,40.86606946902654,2135.5884955752213,42,85.22380952380954,103.8,105.6,10.547619047619047,4,0.09523809523809523,14,0.3333333333333333,"Austin Martin","27462",668885
"Kristian Campbell",2025,"FA,FC,FS,SI,CH,SL,CU,KC",306,6.814277133986927,29.591061078431366,5.381235093137255,38.0733060130719,2147.892156862745,44,89.53720930232558,102.3,110.2,7.136363636363637,0,0,18,0.4090909090909091,"Kristian Campbell","33644",692225
"Dominic Canzone",2025,"FA,FC,SI,CH,SL,CU",256,5.95068807578125,30.732998320312504,1.668841687500001,32.3921134375,2304.60546875,44,88.87500000000001,106.2,109.4,12.795454545454545,3,0.06818181818181818,19,0.4318181818181818,"Dominic Canzone","26438",686527
"Ildemaro Vargas",2025,"FA,FC,FS,SI,CH,SL,CU,KC",183,8.28678138579235,27.409531366120223,4.213284131147541,41.933438797814205,2199.8360655737706,44,89.10227272727273,105.3,111.9,1.8181818181818181,2,0.045454545454545456,20,0.45454545454545453,"Ildemaro Vargas","13324",545121
"Luisangel Acuña",2025,"FA,FC,FS,SI,CH,SL,CU,KC",256,9.003974203515623,26.116956328125,5.620828371445314,39.782566796875,2274.03515625,44,87.46829268292686,101.1,108.2,4.380952380952381,1,0.022727272727272728,16,0.36363636363636365,"Luisangel Acuna","26548",682668
"Tyler Stephenson",2025,"FA,FC,FS,SI,CH,SL,CU,KC",323,8.26791677120743,27.196757523219805,5.429929125077398,37.33265857894737,2215.71826625387,45,88.44666666666667,103.8,106.4,10.444444444444445,5,0.1111111111111111,18,0.4,"Tyler Stephenson","17988",663886
"Nolan Jones",2025,"FA,FC,FS,SI,CH,SL,CU",359,8.109103861002785,27.13844958217271,4.002986979498608,35.546506047353745,2325.674094707521,45,85.92558139534884,104.9,106.1,6.5813953488372094,1,0.022222222222222223,17,0.37777777777777777,"Nolan Jones","20529",666134
"Luke Keaschall",2025,"FA,FC,SI,CH,SL,CU,KC",260,7.930342534999999,27.78861265384615,4.863563792307692,35.93202934615384,2180.403846153846,45,86.14772727272727,100.2,105.2,7.659090909090909,2,0.044444444444444446,10,0.2222222222222222,"Luke Keaschall","33321",807712
"Cole Young",2025,"FA,FC,SI,CH,SL,CU,KC",280,7.557858736071429,27.973494749999993,3.189750978571429,38.58687729142858,2248.1392857142855,45,86.67777777777776,101.2,108.2,16.133333333333333,2,0.044444444444444446,10,0.2222222222222222,"Cole Young","31680",702284
"Michael Conforto",2025,"FA,FC,SI,CH,SL,CU",305,6.550980915409837,28.55231606557378,3.701149675409836,36.93377659016396,2284.5245901639346,45,87.4159090909091,106.1,109.8,11.431818181818182,4,0.08888888888888889,17,0.37777777777777777,"Michael Conforto","16376",624424
"Liam Hicks",2025,"FA,FC,SI,CH,SL,CU",244,9.209509840163935,25.064260573770497,5.164066159836066,41.80121483606557,2310.0368852459014,45,78.9625,95.5,101.1,12.975,1,0.022222222222222223,5,0.1111111111111111,"Liam Hicks","29844",689414
"Brandon Marsh",2025,"FA,FC,FS,SI,CH,SL,CU,KC,EP",334,7.423748894910181,27.53701020958084,3.366034583532934,39.6561704491018,2302.2814371257487,47,90.65999999999998,103.1,106.3,12.622222222222222,3,0.06382978723404255,24,0.5106382978723404,"Brandon Marsh","20202",669016
"Oswald Peraza",2025,"FA,FC,FS,SI,CH,SL,CU,KC",332,8.090034227710841,28.18353006024096,4.608161186746987,39.603753554216865,2200.4307228915663,47,87.9,104.8,109.6,12.152173913043478,2,0.0425531914893617,15,0.3191489361702128,"Oswald Peraza","22823",672724
"Thomas Saggese",2025,"FA,FC,FS,SI,CH,SL,CU,KC",272,8.788225147794117,26.643456066176466,6.206351600735295,40.30253044117648,2216.283088235294,47,93.63043478260872,102.5,109.9,15.76086956521739,4,0.0851063829787234,24,0.5106382978723404,"Thomas Saggese","27883",695336
"Ha-Seong Kim",2025,"FA,FC,FS,SI,CH,SL,CU,KC",248,8.759257935483872,26.440301451612903,5.178162578629034,41.43907903225807,2167.8548387096776,47,88.06304347826088,104.2,108.5,12.521739130434783,1,0.02127659574468085,19,0.40425531914893614,"Ha-Seong Kim","27506",673490
"Keibert Ruiz",2025,"FA,FC,SI,CH,SL,CU,KC",172,6.210550161627907,29.720236976744193,2.351370784883721,40.073001686046496,2289.406976744186,47,86.19787234042552,99.4,101.6,10.680851063829786,2,0.0425531914893617,13,0.2765957446808511,"Keibert Ruiz","19610",660688
"Kerry Carpenter",2025,"FA,FC,SI,CH,SL,CU,KC",247,5.982341368016195,29.849140769230768,4.107003206477734,34.8364767611336,2314.8704453441296,47,85.92888888888888,104.4,107,15.755555555555556,3,0.06382978723404255,16,0.3404255319148936,"Kerry Carpenter","25961",681481
"Weston Wilson",2025,"FA,FC,FS,SI,CH,SL,CU,KC",370,6.348316785675675,30.222783243243242,4.870066541621623,37.544833459459454,2193.0594594594595,48,89.08958333333335,105.9,109,16.3125,6,0.125,19,0.3958333333333333,"Weston Wilson","19358",642215
"Kyle Isbel",2025,"FA,FC,SI,CH,SL,CU,KC",283,6.14077426360424,30.19810031802121,1.7693675017667845,37.30301012720848,2325.0636042402825,48,84.85,104.1,108.4,-2.7857142857142856,0,0,13,0.2708333333333333,"Kyle Isbel","21614",664728
"Wilyer Abreu",2025,"FA,FC,SI,CH,SL,CU,KC",266,5.814351779135338,29.98308037593985,3.2066000507518804,35.55826433082707,2273.593984962406,48,86.4063829787234,104.2,108.6,21.829787234042552,5,0.10416666666666667,18,0.375,"Wilyer Abreu","23772",677800
"Brooks Baldwin",2025,"FA,FC,FS,SI,CH,SL,CU,KC",234,9.223709241239314,25.30987397435897,5.244732901282051,40.891547008547,2199.8931623931626,48,85.3159090909091,101.6,106.8,13.522727272727273,3,0.0625,12,0.25,"Brooks Baldwin","31394",681460
"Blaze Alexander",2025,"FA,FC,FS,SI,CH,SL,CU,KC",326,8.227384253466257,27.31759466257668,3.4200130843558276,40.153086196319016,2246.9079754601225,48,90.2872340425532,104.8,110.7,8.74468085106383,10,0.20833333333333334,21,0.4375,"Blaze Alexander","23789",677942
"Jesús Sánchez",2025,"FA,FC,SI,CH,SL,CU",268,6.095668723880598,29.143341492537314,2.367281344029851,39.697492611940305,2329.339552238806,48,88.26666666666665,102.4,106.1,7.291666666666667,3,0.0625,16,0.3333333333333333,"Jesus Sanchez","19913",660821
"Riley Adams",2025,"FA,FC,FS,SI,CH,SL,CU,KC",390,7.3882886,28.743460794871794,4.9675149076923075,36.580144358974344,2224.8,48,90.82083333333333,104.8,111.1,17.020833333333332,5,0.10416666666666667,25,0.5208333333333334,"Riley Adams","19864",656180
"Isaac Paredes",2025,"FA,FC,SI,CH,SL,CU,KC",302,6.298033258609273,30.60304311258277,3.997407199999999,37.10492225165562,2184.7417218543046,51,86.572,98.1,104.3,26.4,3,0.058823529411764705,16,0.3137254901960784,"Isaac Paredes","20036",670623
"Brandon Lockridge",2025,"FA,FC,FS,SI,CH,SL,CU,KC",287,8.04069090662021,27.852520487804878,7.279229566898955,35.42802857142856,2160.6445993031357,51,87.29787234042551,101.9,108.1,5.191489361702128,3,0.058823529411764705,17,0.3333333333333333,"Brandon Lockridge","21496",663604
"JJ Bleday",2025,"FA,FC,SI,CH,SL,CU",258,5.5435455910852705,30.391503720930242,4.418538117441861,34.76501220930232,2277.4186046511627,51,88.82800000000002,103.4,107.2,15.28,3,0.058823529411764705,19,0.37254901960784315,"JJ Bleday","26368",668709
"Jhonkensy Noel",2025,"FA,FC,FS,SI,CH,SL,CU,KN,KC",310,7.356963119354841,28.23128399999999,4.047599440322582,41.697713516129035,2219.1548387096773,52,89.9403846153846,109.7,117.2,17.23076923076923,4,0.07692307692307693,21,0.40384615384615385,"Jhonkensy Noel","24257",678877
"Roman Anthony",2025,"FA,FC,SI,CH,SL,CU,KC",422,6.754605487203793,28.78003172985782,4.36958301421801,37.20297545023697,2304.928909952607,52,91.7346153846154,106.9,109.2,2.5576923076923075,7,0.1346153846153846,27,0.5192307692307693,"Roman Anthony","31812",701350
"Colton Cowser",2025,"FA,FC,SI,CH,SL,CU,KC",357,6.931382549579833,29.01601781512606,2.3391637843137256,37.32915641456582,2275.372549019608,52,88.8098039215686,104.1,108.1,13.196078431372548,7,0.1346153846153846,23,0.4423076923076923,"Colton Cowser","29591",681297
"Mark Canha",2025,"FA,FC,FS,SI,CH,SL,CU,KC",267,8.03559113670412,26.725547490636696,5.016733235955056,38.94864239700375,2254.445692883895,52,86.80384615384614,101.6,104.6,22.576923076923077,2,0.038461538461538464,20,0.38461538461538464,"Mark Canha","11445",592192
"Max Kepler",2025,"FA,FC,SI,CH,SL,CU,KC",255,7.291962787333332,27.783837686274516,1.109320397254902,39.752900039215675,2371.788235294118,53,86.76603773584904,102.6,105.6,18.264150943396228,4,0.07547169811320754,19,0.3584905660377358,"Max Kepler","12144",596146
"Tim Tawa",2025,"FA,FC,FS,SI,CH,SL,CU,KC",329,7.407043344984803,28.177712826747715,4.145044385714286,40.11607142857143,2189.51367781155,53,89.09615384615384,103.4,111,6.788461538461538,2,0.03773584905660377,25,0.4716981132075472,"Tim Tawa","29571",694374
"Mike Trout",2025,"FA,FC,FS,SI,CH,SL,CU,KC",475,8.911687898947365,26.028770526315782,4.704968298315787,37.42288214736844,2191.1157894736843,53,92.3519230769231,109.3,112,9.132075471698114,6,0.11320754716981132,27,0.5094339622641509,"Mike Trout","10155",545361
"Luis Torrens",2025,"FA,FC,FS,SI,CH,SL,CU,KC",274,7.550731281751823,27.55680164233577,5.109605322653284,39.08166083941607,2187.306569343066,53,88.91320754716982,104.9,106.8,10.830188679245284,5,0.09433962264150944,25,0.4716981132075472,"Luis Torrens","15905",620443
"Daylen Lile",2025,"FA,FC,SI,CH,SL,CU",281,7.369028517793593,28.444378362989323,2.5925970747330953,35.17600793594306,2333.1743772241994,55,85.40925925925927,103.7,106.6,16.11111111111111,1,0.01818181818181818,18,0.32727272727272727,"Daylen Lile","29995",695734
"Logan O'Hoppe",2025,"FA,FC,FS,SI,CH,SL,CU,KC",313,6.479682553993611,30.35934054313099,3.546605328913738,37.853015718849825,2181.0607028753993,55,92.46545454545455,107.2,110.4,19.29090909090909,7,0.12727272727272726,27,0.4909090909090909,"Logan O'Hoppe","24729",681351
"Austin Hedges",2025,"FA,FC,FS,SI,CH,SL,CU,KC",350,8.51912209685714,27.007861657142858,6.202697458000001,41.180541057142854,2172.92,55,88.61698113207547,104.5,106.8,22.735849056603772,2,0.03636363636363636,19,0.34545454545454546,"Austin Hedges","12976",595978
"Luis Urías",2025,"FA,FC,SI,CH,SL,CU",283,7.1190749514134275,28.67719017667845,5.62913920459364,37.96770067137809,2175.8409893992934,55,79.5811320754717,96.5,104.9,21.32075471698113,0,0,10,0.18181818181818182,"Luis Urias","16622",649966
"Ezequiel Tovar",2025,"FA,FC,SI,CH,SL,CU,KC",363,6.350739804407716,29.47936906336089,5.1153724964187335,38.5175238292011,2225.8595041322315,56,89.27962962962964,107.2,111.1,13.648148148148149,7,0.125,20,0.35714285714285715,"Ezequiel Tovar","24064",678662
"Addison Barger",2025,"FA,FC,SI,CH,SL,CU,EP",326,7.135301624233127,28.231027883435583,4.686073548834356,37.72892838957055,2262.042944785276,56,90.31071428571431,107.8,112.5,-0.32142857142857145,2,0.03571428571428571,28,0.5,"Addison Barger","24598",680718
"Jake Meyers",2025,"FA,FC,FS,SI,CH,SL,CU,KC",242,6.188483154669422,30.572026404958677,4.679258456611571,36.58399665289256,2224.9338842975208,56,89.41454545454545,102.4,104.9,11.2,1,0.017857142857142856,25,0.44642857142857145,"Jake Meyers","20308",676694
"Austin Slater",2025,"FA,FC,FS,SI,CH,SL,CU,KC",379,6.866821379683376,28.485031213720315,4.925240385224275,36.887621715039586,2232.348284960422,57,92.7642857142857,106.7,110.9,7.125,10,0.17543859649122806,31,0.543859649122807,"Austin Slater","16153",596103
"Jakob Marsee",2025,"FA,FC,SI,CH,SL,CU,KC",278,6.541422802230215,28.585103669064758,4.41246749352518,38.72893787769784,2287.938848920863,57,87.44912280701755,104.3,107.6,13.350877192982455,5,0.08771929824561403,20,0.3508771929824561,"Jakob Marsee","31370",805300
"Dylan Crews",2025,"FA,FC,SI,CH,SL,CU",273,7.297327073029305,28.27738641025641,7.345638297802196,33.9481736996337,2142.1465201465203,57,90.55892857142858,105.3,111.1,13.553571428571429,3,0.05263157894736842,20,0.3508771929824561,"Dylan Crews","33541",686611
"Sean Murphy",2025,"FA,FC,FS,SI,CH,SL,CU,KC",526,6.8930910745247145,28.60742532319392,4.572930201711025,39.59321844106465,2222.566539923954,57,89.9982456140351,106.9,112.5,14.473684210526315,10,0.17543859649122806,27,0.47368421052631576,"Sean Murphy","19352",669221
"Jonathan Aranda",2025,"FA,FC,SI,CH,SL,CU,KC",385,5.560356525376622,29.792422181818186,2.579668696883117,35.83236126233766,2342.368831168831,57,88.83508771929826,104.5,107.9,7.228070175438597,1,0.017543859649122806,26,0.45614035087719296,"Jonathan Aranda","21837",666018
"Nolan Gorman",2025,"FA,FC,SI,CH,SL,CU,KC",357,6.245814320448182,29.69488142857142,1.3436007627450979,39.998341792717085,2361.0476190476193,58,85.3464285714286,104.5,110.5,23.232142857142858,4,0.06896551724137931,18,0.3103448275862069,"Nolan Gorman","22263",669357
"Brett Baty",2025,"FA,FC,FS,SI,CH,SL,CU",304,6.981574380263158,28.554669177631574,2.523296034210526,40.40871671052631,2299.7598684210525,58,87.53333333333333,106.3,112,0.7894736842105263,7,0.1206896551724138,23,0.39655172413793105,"Brett Baty","26123",683146
"Gabriel Moreno",2025,"FA,FC,FS,SI,CH,SL,CU,KC",323,8.33902485386997,27.075557368421048,5.712724517027865,39.88491643962848,2221.71826625387,58,91.97586206896553,101.6,108.3,14.879310344827585,4,0.06896551724137931,28,0.4827586206896552,"Gabriel Moreno","22664",672515
"Kody Clemens",2025,"FA,FC,FS,SI,CH,SL,CU,KC",343,7.078494778425655,28.944233061224477,4.016533351603497,39.06104679300291,2265.3906705539357,58,87.19464285714285,104.2,109.3,17.875,5,0.08620689655172414,24,0.41379310344827586,"Kody Clemens","20572",665019
"Jasson Domínguez",2025,"FA,FC,FS,SI,CH,SL,CU,KC",429,6.871109972727273,29.057185897435893,4.726116771561773,38.473202354312356,2182.974358974359,60,86.69000000000001,104.8,111.9,11.65,1,0.016666666666666666,25,0.4166666666666667,"Jasson Dominguez","28080",691176
"Colson Montgomery",2025,"FA,FC,FS,SI,CH,SL,CU,KC",292,7.756965445205478,27.11679893835615,4.747388916746574,40.830260369863,2258.595890410959,60,87.94833333333335,108.3,109.8,11.966666666666667,6,0.1,25,0.4166666666666667,"Colson Montgomery","29712",695657
"Connor Norby",2025,"FA,FC,FS,SI,CH,SL,CU,KC",418,6.107491027033493,29.375531459330144,6.3611284822966505,35.65215995215311,2201.7081339712918,60,88.17833333333333,101.3,109,19.216666666666665,3,0.05,19,0.31666666666666665,"Connor Norby","29592",681393
"Michael Busch",2025,"FA,FC,SI,CH,SL,CU,EP",368,6.4521943054347854,28.877854347826087,3.9355372720923922,39.409100896739126,2318.521739130435,61,89.77333333333335,103.2,105.4,13.233333333333333,6,0.09836065573770492,21,0.3442622950819672,"Michael Busch","26319",683737
"Rhys Hoskins",2025,"FA,FC,FS,SI,CH,SL,CU,KC",460,6.307760548913043,29.506805521739143,4.972868594347825,37.65357884782608,2177.9826086956523,61,93.08032786885248,103.7,111.1,21.40983606557377,7,0.11475409836065574,31,0.5081967213114754,"Rhys Hoskins","16472",656555
"Danny Jansen",2025,"FA,FC,FS,SI,CH,SL,CU,KC",523,7.29005393718929,28.087667954110902,5.540288572466538,37.51936402485661,2169.546845124283,61,88.47796610169495,101.4,105.5,26.423728813559322,6,0.09836065573770492,26,0.4262295081967213,"Danny Jansen","16535",643376
"Coby Mayo",2025,"FA,FC,FS,SI,CH,SL,CU,KC",369,7.406648541842819,28.749983279132785,4.552738393224932,40.42790539295393,2203.8861788617887,62,89.9274193548387,106.6,109.8,21.612903225806452,8,0.12903225806451613,25,0.4032258064516129,"Coby Mayo","28312",691723
"Ezequiel Duran",2025,"FA,FC,FS,SI,CH,SL,CU,KC",337,6.274629756083087,29.85880795252225,4.150505464985164,40.66445637982196,2136.278931750742,62,90.31186440677969,104.7,109.1,8.491525423728813,3,0.04838709677419355,23,0.3709677419354839,"Ezequiel Duran","23733",677649
"Ryan Mountcastle",2025,"FA,FC,FS,SI,CH,SL,CU,KC",344,7.81241163380814,27.655943284883723,4.828642128372093,42.20953063953488,2175.110465116279,62,88.79516129032257,104.5,108.7,11.693548387096774,4,0.06451612903225806,26,0.41935483870967744,"Ryan Mountcastle","18373",663624
"Andrés Giménez",2025,"FA,FC,FS,SI,CH,SL,CU",297,7.129223986868686,28.206056127946134,3.6439126606060612,35.81587299663299,2265.885521885522,62,82.09827586206895,100.6,104.4,2.4482758620689653,3,0.04838709677419355,15,0.24193548387096775,"Andres Gimenez","19950",665926
"Ronald Acuña Jr.",2025,"FA,FC,FS,SI,CH,SL,CU,KC",537,6.909592292364989,28.918022644320295,6.103573491247673,38.439553426443204,2098.1899441340784,63,91.4873015873016,110,113.3,10.682539682539682,8,0.12698412698412698,29,0.4603174603174603,"Ronald Acuna Jr.","18401",660670
"Elias Díaz",2025,"FA,FC,FS,SI,CH,SL,CU,KC",322,5.967201062732919,29.97645263975155,5.258400897204968,35.533013074534146,2200.335403726708,63,85.70666666666666,104.3,111.2,16.639344262295083,3,0.047619047619047616,19,0.30158730158730157,"Elias Diaz","11680",553869
"Alexander Canario",2025,"FA,FC,FS,SI,CH,SL,CU,KC",409,5.923708564792176,30.324036845965782,5.5982480056234705,37.19703112469438,2133.667481662592,63,86.14603174603174,106.9,112.1,10.031746031746032,11,0.1746031746031746,26,0.4126984126984127,"Alexander Canario","22842",672744
"Abraham Toro",2025,"FA,FC,FS,SI,CH,SL,CU,KC",303,7.598005068976896,28.420640528052797,6.122726792739273,40.01819392739274,2173.7293729372936,63,84.4984126984127,101,107.9,10.714285714285714,1,0.015873015873015872,17,0.2698412698412698,"Abraham Toro","19844",647351
"Michael Toglia",2025,"FA,FC,FS,SI,CH,SL,CU,KC",381,5.8910108955380585,29.92738299212598,4.497963771391076,38.760291338582675,2186.511811023622,63,90.10000000000001,105.2,111.4,20.80952380952381,4,0.06349206349206349,26,0.4126984126984127,"Michael Toglia","25845",669911
"Kyle Manzardo",2025,"FA,FC,SI,CH,SL,CU,KC",338,7.0004603940828405,27.820394852070997,5.397042970414202,36.801297500000004,2277.059171597633,63,89.95645161290322,104.4,106.4,18.774193548387096,9,0.14285714285714285,30,0.47619047619047616,"Kyle Manzardo","29794",700932
"Dylan Moore",2025,"FA,FC,FS,SI,CH,SL,CU,KC",585,7.944675803247863,27.34537206837607,4.790095840786323,37.71160569230769,2207.0273504273505,66,83.95757575757574,103.6,106.7,18.318181818181817,7,0.10606060606060606,23,0.3484848484848485,"Dylan Moore","18042",664238
"Eli White",2025,"FA,FC,FS,SI,CH,SL,CU,KC",348,7.321530371839079,28.61891316091954,3.5730563160919555,40.482801781609204,2266.640804597701,66,87.76612903225805,105.8,109.6,17.677419354838708,8,0.12121212121212122,28,0.42424242424242425,"Eli White","19346",642201
"Zach Neto",2025,"FA,FC,FS,SI,CH,SL,CU,KC",405,6.233158742222223,30.485927481481475,4.111686033506172,36.08118259259259,2187.627160493827,66,94.35606060606061,106.8,111.3,20.696969696969695,14,0.21212121212121213,35,0.5303030303030303,"Zach Neto","31347",687263
"Alek Thomas",2025,"FA,FC,SI,CH,SL,CU,KC",283,6.403778334487631,29.23968190812721,2.606748317667845,37.382513109540646,2344.819787985866,66,85.52666666666667,101.3,106.7,0.06666666666666667,2,0.030303030303030304,16,0.24242424242424243,"Alek Thomas","23792",677950
"Matt Wallner",2025,"FA,FC,FS,SI,CH,SL,CU,EP",373,8.240782612064343,27.10759,4.516698758713137,37.477506112600544,2303.3404825737266,66,89.72923076923081,107.7,113.8,21.46153846153846,5,0.07575757575757576,27,0.4090909090909091,"Matt Wallner","26466",670242
"Jordan Walker",2025,"FA,FC,FS,SI,CH,SL,CU,KC",387,6.150983757105944,30.06627361757106,6.174973702583977,42.73748736434108,2180.090439276486,66,92.01060606060605,108.5,114.3,9.575757575757576,7,0.10606060606060606,32,0.48484848484848486,"Jordan Walker","27475",691023
"Sam Haggerty",2025,"FA,FC,FS,SI,CH,SL,CU,KC",334,6.765790080239519,28.313523922155692,5.255235569161675,39.12329146706586,2199.4550898203593,68,87.2203125,103.1,110.1,4.107692307692307,1,0.014705882352941176,27,0.39705882352941174,"Sam Haggerty","18054",664059
"Lawrence Butler",2025,"FA,FC,SI,CH,SL,CU,KC",498,7.187666283935742,28.030874799196795,4.223984561847389,35.294900481927726,2288.5421686746986,68,91.07910447761196,105.9,107.8,10.656716417910447,5,0.07352941176470588,32,0.47058823529411764,"Lawrence Butler","22542",671732
"Jose Trevino",2025,"FA,FC,FS,SI,CH,SL,CU,KC",263,8.101388631178708,27.866171901140692,5.631228079087452,39.769587376425854,2149.186311787072,68,86.73823529411767,102.7,107.7,12.441176470588236,3,0.04411764705882353,21,0.3088235294117647,"Jose Trevino","16725",624431
"Noelvi Marte",2025,"FA,FC,FS,SI,CH,SL,CU,KC",392,5.016244987244897,31.594435994897964,3.780308277295918,39.02856301020409,2196.561224489796,68,85.48235294117649,103.8,112.2,12.205882352941176,3,0.04411764705882353,22,0.3235294117647059,"Noelvi Marte","26517",682622
"Luis Matos",2025,"FA,FC,FS,SI,CH,SL,CU,KC",310,5.629591961000003,30.42919464516129,6.493277774193547,34.727003387096765,2150.4645161290323,69,87.63478260869566,102.1,106.9,12.202898550724637,8,0.11594202898550725,24,0.34782608695652173,"Luis Matos","26467",682641
"David Fry",2025,"FA,FC,FS,SI,CH,SL,CU,KC",469,7.018338505351815,28.954924520255865,4.354311246908314,37.52112953091685,2233.81236673774,69,88.88529411764705,104.6,107.8,21.13235294117647,8,0.11594202898550725,27,0.391304347826087,"David Fry","24934",681807
"Austin Hays",2025,"FA,FC,FS,SI,CH,SL,CU,KC",382,4.665664337696336,32.53645183246073,3.8524849083769643,39.09681630890052,2171.473821989529,69,89.46470588235296,104,107.4,14.764705882352942,8,0.11594202898550725,27,0.391304347826087,"Austin Hays","19363",669720
"Andrew Benintendi",2025,"FA,FC,SI,CH,SL,CU,KC",321,6.852190102180686,28.9538208411215,2.744237766666667,37.12779962616822,2309.299065420561,70,84.13283582089554,101.1,106.6,16.671641791044777,5,0.07142857142857142,17,0.24285714285714285,"Andrew Benintendi","17901",643217
"Davis Schneider",2025,"FA,FC,FS,SI,CH,SL,CU,KC,EP",570,6.7142891250877215,29.044483684210526,4.96733695385965,39.546736280701744,2197.0456140350875,70,90.47285714285714,104.3,108.3,25.84285714285714,11,0.15714285714285714,27,0.38571428571428573,"Davis Schneider","23565",676914
"Jo Adell",2025,"FA,FC,FS,SI,CH,SL,CU,KC",419,7.170353114558472,29.108008663484487,4.4616516988066826,38.15757589498808,2183.964200477327,70,91.58142857142857,109.6,115.3,14.114285714285714,12,0.17142857142857143,37,0.5285714285714286,"Jo Adell","20220",666176
"José Caballero",2025,"FA,FC,FS,SI,CH,SL,CU,KC",514,5.825330586400777,30.051313871595326,4.096699242801555,36.6044687996109,2252.0486381322958,70,88.303125,103.7,114.4,14.984375,7,0.1,26,0.37142857142857144,"Jose Caballero","23401",676609
"Taylor Ward",2025,"FA,FC,FS,SI,CH,SL,CU,KC",483,7.6209895552795,28.333587349896483,3.924525710745342,37.92449397515528,2203.2360248447203,70,92.99000000000001,106.7,109.2,13.771428571428572,14,0.2,39,0.5571428571428572,"Taylor Ward","17548",621493
"Ryan O'Hearn",2025,"FA,FC,FS,SI,CH,SL,CU,KC",443,5.735569223702033,30.110498419864562,2.7815480367945824,36.52622237020315,2302.7516930022575,70,85.34,102.1,106.1,8.642857142857142,5,0.07142857142857142,22,0.3142857142857143,"Ryan O'Hearn","16442",656811
"Pedro Pagés",2025,"FA,FC,FS,SI,CH,SL,CU,KC",456,6.5310179451754395,29.4648800877193,6.4014199320175456,40.29950686842106,2203.129385964912,70,89.4376811594203,104.6,110,13.27536231884058,6,0.08571428571428572,31,0.44285714285714284,"Pedro Pages","25782",686780
"Brayan Rocchio",2025,"FA,FC,FS,SI,CH,SL,CU,KC",425,6.956916701929413,28.652174094117637,5.204940455764706,38.614480141176465,2215.9411764705883,70,86.75151515151515,102.3,103.4,8.484848484848484,2,0.02857142857142857,24,0.34285714285714286,"Brayan Rocchio","23690",677587
"Tyrone Taylor",2025,"FA,FC,FS,SI,CH,SL,CU,KC",386,7.805459788860104,27.91146443005181,5.15459299689119,39.981584766839376,2215.077720207254,72,85.69859154929576,99.9,107.8,21.154929577464788,2,0.027777777777777776,25,0.3472222222222222,"Tyrone Taylor","13675",621438
"Donovan Solano",2025,"FA,FC,FS,SI,CH,SL,CU,KC",409,7.327596359168704,28.359806063569692,5.079612645232273,38.46909347188264,2170.3887530562347,72,87.70972222222221,100.9,105.8,14.430555555555555,4,0.05555555555555555,25,0.3472222222222222,"Donovan Solano","8623",456781
"Drake Baldwin",2025,"FA,FC,FS,SI,CH,SL,CU,KC",363,5.441295121487603,29.857267024793387,5.758277150220387,36.71665286501377,2291.038567493113,72,90.39444444444445,105.5,110.4,-0.2361111111111111,8,0.1111111111111111,39,0.5416666666666666,"Drake Baldwin","31539",686948
"Enrique Hernández",2025,"FA,FC,FS,SI,CH,SL,CU,KC",416,6.744963576201925,29.030841947115384,5.183416999134616,38.46303802884615,2128.608173076923,74,91.45945945945945,104.2,109.8,18.972972972972972,11,0.14864864864864866,32,0.43243243243243246,"Enrique Hernandez","10472",571771
"Ryan McMahon",2025,"FA,FC,SI,CH,SL,CU,KC",532,6.243981148684208,29.06569693609023,3.3955535015037595,37.63252400375939,2264.4436090225563,74,93.04,106.6,110.2,9.123076923076923,5,0.06756756756756757,33,0.44594594594594594,"Ryan McMahon","15112",641857
"Jonathan India",2025,"FA,FC,FS,SI,CH,SL,CU,KC",483,8.70717364699793,26.271926376811596,6.061067715320911,39.48735801242236,2220.6666666666665,74,88.39861111111108,104.2,110.6,13.58904109589041,5,0.06756756756756757,27,0.36486486486486486,"Jonathan India","21523",663697
"Heriberto Hernández",2025,"FA,FC,FS,SI,CH,SL,CU,KC",499,7.258484593186373,28.076038877755504,4.938747728456913,39.14340661322646,2239.302605210421,74,91.26527777777777,106,111.9,12.430555555555555,9,0.12162162162162163,35,0.47297297297297297,"Heriberto Hernandez","24878",681715
"Nick Gonzales",2025,"FA,FC,FS,SI,CH,SL,CU,KC",344,6.693672227965117,29.38969470930232,5.436000730813953,39.503152151162794,2066.3023255813955,74,89.97260273972603,104.4,109.9,11.054794520547945,6,0.08108108108108109,33,0.44594594594594594,"Nick Gonzales","27490",693304
"Miguel Andujar",2025,"FA,FC,FS,SI,CH,SL,CU,KC",329,6.513444239513677,30.267639513677807,4.142535094832827,37.428063768996964,2201.726443768997,74,87.41351351351352,104.4,111.4,10.202702702702704,3,0.04054054054054054,25,0.33783783783783783,"Miguel Andujar","15878",609280
"Matt McLain",2025,"FA,FC,FS,SI,CH,SL,CU,KC",553,6.371518371428571,29.66445075949367,4.103866613200724,38.08500633634719,2199.236889692586,74,89.62328767123287,103.6,107.9,16.383561643835616,6,0.08108108108108109,33,0.44594594594594594,"Matt McLain","29695",680574
"Mike Yastrzemski",2025,"FA,FC,SI,CH,SL,CU,KC",409,7.639886985330069,27.92895525672371,3.666121069755501,36.190221154034234,2267.002444987775,74,88.13802816901404,100.4,103.8,15.338028169014084,4,0.05405405405405406,21,0.28378378378378377,"Mike Yastrzemski","14854",573262
"Luis Robert Jr.",2025,"FA,FC,FS,SI,CH,SL,CU,KC",389,7.404937471465295,28.86213246786632,4.730911161696658,40.05389105398458,2154.1953727506425,74,90.90277777777777,107.2,114.2,17.944444444444443,8,0.10810810810810811,30,0.40540540540540543,"Luis Robert Jr.","20043",673357
"Austin Riley",2025,"FA,FC,FS,SI,CH,SL,CU,KC",387,7.7583259201550385,27.55273602067183,5.251263971447028,41.48511330749354,2188.9483204134367,74,91.33918918918918,109.6,113.1,21.66216216216216,7,0.0945945945945946,32,0.43243243243243246,"Austin Riley","18360",663586
"Jurickson Profar",2025,"FA,FC,FS,SI,CH,SL,CU,KC",433,6.671323882217088,29.132859376443424,6.044557332101619,37.264013117782916,2190.812933025404,76,89.75657894736842,104.5,107.2,21.18421052631579,3,0.039473684210526314,31,0.40789473684210525,"Jurickson Profar","10815",595777
"Casey Schmitt",2025,"FA,FC,FS,SI,CH,SL,CU,KC",474,6.4890576875527435,29.472207088607593,5.263933154008442,38.44546548523206,2185.025316455696,76,87.89736842105265,105.8,111.4,18,8,0.10526315789473684,26,0.34210526315789475,"Casey Schmitt","27577",669477
"Jake Burger",2025,"FA,FC,FS,SI,CH,SL,CU,KC",364,6.669723552747254,30.2450489010989,3.799273287637363,37.88816936813186,2204.1456043956046,76,92.33999999999997,108.2,113.2,25.013333333333332,10,0.13157894736842105,37,0.4868421052631579,"Jake Burger","22275",669394
"Jahmai Jones",2025,"FA,FC,FS,SI,CH,SL,CU,KC,EP",489,7.531866593660531,28.422993149284252,5.94234564437628,39.69710730061351,2151.0572597137016,76,92.5039473684211,108.5,110.8,20.513157894736842,11,0.14473684210526316,42,0.5526315789473685,"Jahmai Jones","18872",663330
"Ramón Urías",2025,"FA,FC,SI,CH,SL,CU,KC",478,7.001199199539748,28.737015878661087,5.966119361799164,37.86404761506276,2193.202928870293,77,88.38571428571429,105.2,109.1,14,7,0.09090909090909091,33,0.42857142857142855,"Ramon Urias","18795",602104
"Ben Rice",2025,"FA,FC,SI,CH,SL,CU,KC",484,6.110398233057851,29.772006983471076,3.2089398776487603,37.83154055991735,2254.6404958677685,77,92.42266666666663,108.1,112.4,14,12,0.15584415584415584,41,0.5324675324675324,"Ben Rice","29576",700250
"Gabriel Arias",2025,"FA,FC,FS,SI,CH,SL,CU,KC",543,7.352261848250462,28.83775419889504,5.978937325966852,39.283933057090245,2159.313075506446,77,89.2315789473684,107.8,112.3,3.460526315789474,7,0.09090909090909091,33,0.42857142857142855,"Gabriel Arias","22563",672356
"Josh Lowe",2025,"FA,FC,SI,CH,SL,CU,KC",536,5.974748659888059,29.446098526119393,2.8755133268656725,37.89365442164179,2251.348880597015,77,85.67972972972979,101.9,108.9,6.797297297297297,2,0.025974025974025976,25,0.3246753246753247,"Josh Lowe","19953",666139
"Wenceel Pérez",2025,"FA,FC,FS,SI,CH,SL,CU,KC",417,6.642341830215826,30.000332158273384,5.229018064748203,37.550272230215825,2162.7098321342924,78,91.9717948717949,104.7,109.8,15.679487179487179,9,0.11538461538461539,35,0.44871794871794873,"Wenceel Perez","22857",672761
"Patrick Bailey",2025,"FA,FC,FS,SI,CH,SL,CU,KC",432,7.626098666435187,28.2282476851852,5.5268852356481455,38.12412134259258,2165.363425925926,78,86.92077922077922,104,109.8,13.12987012987013,4,0.05128205128205128,25,0.32051282051282054,"Patrick Bailey","27478",672275
"Josh Bell",2025,"FA,FC,FS,SI,CH,SL,CU,KC",507,5.938248997435895,29.50311619329389,6.719288178500984,36.52416242603551,2205.299802761341,78,87.7371794871795,107.4,113.1,12.423076923076923,5,0.0641025641025641,25,0.32051282051282054,"Josh Bell","13145",605137
"Marcell Ozuna",2025,"FA,FC,FS,SI,CH,SL,CU,KC",633,7.78179584878357,27.90805954186415,5.803338296840443,41.642714849921006,2131.72195892575,78,88.95194805194808,106.8,112.1,11.493506493506494,7,0.08974358974358974,34,0.4358974358974359,"Marcell Ozuna","10324",542303
"Trevor Larnach",2025,"FA,FC,SI,CH,SL,CU,KC",448,6.240235814843749,29.31566892857143,3.5258146140848226,34.463821495535726,2324.5625,78,88.95897435897434,104.9,108.5,6.871794871794871,2,0.02564102564102564,38,0.48717948717948717,"Trevor Larnach","21501",663616
"Luis Rengifo",2025,"FA,FC,FS,SI,CH,SL,CU,KC",347,7.732024817002882,27.91444014409222,4.798960032276655,37.54958463976944,2189.599423631124,78,91.2,103.7,109.2,13.618421052631579,3,0.038461538461538464,34,0.4358974358974359,"Luis Rengifo","19858",650859
"Edmundo Sosa",2025,"FA,FC,FS,SI,CH,SL,CU,KN,KC",418,7.827369949641149,27.66555906698565,6.290129276555022,36.662049521531095,2154.4856459330144,80,88.0375,103.5,109.4,12.75,5,0.0625,32,0.4,"Edmundo Sosa","17022",624641
"Justin Turner",2025,"FA,FC,FS,SI,CH,SL,CU,KN,KC",465,8.748126096344084,25.969141870967736,5.482644352903226,40.433731720430096,2258.6387096774192,80,88.755,102.8,108,13.825,5,0.0625,26,0.325,"Justin Turner","5235",457759
"Jordan Westburg",2025,"FA,FC,SI,CH,SL,CU,KC",411,7.056384541362529,29.09649564476886,4.498371078588808,40.21611948905109,2161.287104622871,80,90.74500000000002,107.4,110,14.575,7,0.0875,35,0.4375,"Jordan Westburg","27815",676059
"Tommy Pham",2025,"FA,FC,FS,SI,CH,SL,CU,KC",479,6.669591987473904,29.285477432150323,4.58819893764092,37.17602728601253,2201.972860125261,80,92.25249999999998,107.8,111,6.025,5,0.0625,38,0.475,"Tommy Pham","2967",502054
"Freddy Fermin",2025,"FA,FC,FS,SI,CH,SL,CU,KC",414,5.80703930362319,30.51595570048308,4.460757294685992,38.83114157004831,2235.42270531401,80,87.84594594594594,102.5,106.1,13.85135135135135,2,0.025,21,0.2625,"Freddy Fermin","21840",666023
"Nick Allen",2025,"FA,FC,FS,SI,CH,SL,CU,KC",450,8.245506458222224,26.902405111111115,5.9371727555555545,40.11260022222221,2198.177777777778,80,84.00649350649353,99.5,104.4,17.09090909090909,0,0,18,0.225,"Nick Allen","22277",669397
"Adley Rutschman",2025,"FA,FC,FS,SI,CH,SL,CU,KC",424,7.352207323749997,28.577617075471693,3.957219229952831,38.94175455188678,2226.9056603773583,80,88.16375000000001,101.1,110.1,14.3875,2,0.025,26,0.325,"Adley Rutschman","26288",668939
"Willi Castro",2025,"FA,FC,FS,SI,CH,SL,CU,KC",398,8.48652532160804,26.665591482412058,5.311915074874374,38.2268651758794,2228.356783919598,82,88.0780487804878,105.8,110.4,11.036585365853659,7,0.08536585365853659,36,0.43902439024390244,"Willi Castro","17338",650489
"Luis García Jr.",2025,"FA,FC,FS,SI,CH,SL,CU",352,5.74069692556818,30.443050227272707,3.048663794886364,37.16967143181818,2281.869318181818,82,87.44268292682926,102.3,111,10.548780487804878,3,0.036585365853658534,30,0.36585365853658536,"Luis Garcia Jr.","20391",671277
"Cam Smith",2025,"FA,FC,FS,SI,CH,SL,CU,KC",610,6.56483526442623,29.512018950819662,5.562842760475408,36.96332024590163,2200.260655737705,82,89.04556962025316,104.7,110.9,17.088607594936708,8,0.0975609756097561,31,0.3780487804878049,"Cam Smith","35108",701358
"Iván Herrera",2025,"FA,FC,FS,SI,CH,SL,CU,KC",508,7.084882239173229,28.62949838582677,5.1422079094488184,41.60190688976378,2183.287401574803,82,91.30000000000001,108.4,112.1,13.37037037037037,13,0.15853658536585366,42,0.5121951219512195,"Ivan Herrera","20599",671056
"Jose Altuve",2025,"FA,FC,FS,SI,CH,SL,CU,KC",464,5.429573672198274,30.817816293103462,5.273133097198276,36.62178892241378,2184.75,84,86.34444444444442,102.3,110,20.987654320987655,6,0.07142857142857142,30,0.35714285714285715,"Jose Altuve","5417",514888
"Michael A. Taylor",2025,"FA,FC,FS,SI,CH,SL,CU,KC,EP",538,7.6415334936059445,28.39992027881041,6.031612381226766,40.25845334572492,2187.210037174721,84,92.46666666666665,106.7,110.4,20.26923076923077,12,0.14285714285714285,40,0.47619047619047616,"Michael A. Taylor","11489",572191
"Kyle Higashioka",2025,"FA,FC,FS,SI,CH,SL,CU,KC",443,6.519037386230249,30.195031128668166,5.712243234762979,37.91970688487586,2152.234762979684,84,88.38292682926829,103.4,106.7,15.524390243902438,8,0.09523809523809523,34,0.40476190476190477,"Kyle Higashioka","5517",543309
"Zach McKinstry",2025,"FA,FC,FS,SI,CH,SL,CU,KC",446,6.234232626704034,29.83528224215247,3.0307754934529147,35.75691426008969,2262.9282511210763,84,84.45119047619049,100.6,108.7,7.142857142857143,3,0.03571428571428571,22,0.2619047619047619,"Zach McKinstry","19392",656716
"Dane Myers",2025,"FA,FC,FS,SI,CH,SL,CU,KC",420,8.017735928095242,26.764464404761902,5.420352575714287,39.20935197619047,2229.352380952381,84,92.14578313253013,104.5,107.5,9.19277108433735,8,0.09523809523809523,42,0.5,"Dane Myers","22054",667472
"Matt Chapman",2025,"FA,FC,FS,SI,CH,SL,CU,KC",500,7.164476679599999,28.334641000000005,7.0499378307,37.0816178,2182.056,85,93.07176470588237,107.5,112.4,17.41176470588235,9,0.10588235294117647,41,0.4823529411764706,"Matt Chapman","16505",656305
"Spencer Steer",2025,"FA,FC,FS,SI,CH,SL,CU,KC",536,7.274769036567162,28.683728283582088,4.818111524813432,38.67571774253731,2194.1847014925374,85,87.92470588235297,102.1,105.3,22.023529411764706,7,0.08235294117647059,29,0.3411764705882353,"Spencer Steer","26323",668715
"Nick Fortes",2025,"FA,FC,FS,SI,CH,SL,CU,KC",459,6.984352528104574,28.66262509803922,5.944238331154682,39.05251198257082,2187.627450980392,85,87.06265060240965,104.4,107.4,16.3855421686747,3,0.03529411764705882,32,0.3764705882352941,"Nick Fortes","21538",663743
"Dillon Dingler",2025,"FA,FC,FS,SI,CH,SL,CU,KC",480,6.2512196189583324,30.50376352083334,5.075814825,36.220546375000005,2177.360416666667,85,91.1694117647059,105.6,110.7,18.83529411764706,12,0.1411764705882353,44,0.5176470588235295,"Dillon Dingler","27464",693307
"Jordan Beck",2025,"FA,FC,SI,CH,SL,CU,KC",556,5.655639159532375,30.526657374100722,3.861698577697841,36.869964586330944,2248.706834532374,85,90.92823529411764,106.5,113.8,14.694117647058823,14,0.16470588235294117,42,0.49411764705882355,"Jordan Beck","31431",687597
"Kyle Farmer",2025,"FA,FC,FS,SI,CH,SL,CU,KC",445,7.7430599438202234,27.64639258426967,5.534784106516855,37.6412675752809,2175.905617977528,86,88.26000000000002,103.4,105.8,17.83529411764706,8,0.09302325581395349,35,0.4069767441860465,"Kyle Farmer","14813",571657
"Harrison Bader",2025,"FA,FC,FS,SI,CH,SL,CU,KC,EP",658,7.1793222506079,29.173260455927043,5.674212222796353,39.11554062310031,2140.612462006079,86,91.38604651162791,106.6,112.3,17.593023255813954,9,0.10465116279069768,40,0.46511627906976744,"Harrison Bader","18030",664056
"Byron Buxton",2025,"FA,FC,FS,SI,CH,SL,CU,KC",460,7.715266280434784,28.397627086956525,5.3994823915652175,38.29226584782609,2167.9565217391305,86,92.81976744186046,107.6,113.7,21.406976744186046,18,0.20930232558139536,48,0.5581395348837209,"Byron Buxton","14161",621439
"Carlos Narváez",2025,"FA,FC,FS,SI,CH,SL,CU,KC",537,7.764932090689013,27.952950353817513,6.303878017411543,39.05264292364991,2195.5288640595904,87,90.92643678160918,105.4,110.8,14.10344827586207,9,0.10344827586206896,40,0.45977011494252873,"Carlos Narvaez","19722",665966
"Jorge Polanco",2025,"FA,FC,FS,SI,CH,SL,CU,KC",436,6.847364945412843,29.28891958715597,6.072551704105505,35.54036607798166,2144.1077981651374,87,87.73809523809526,102.9,107.8,25.464285714285715,5,0.05747126436781609,26,0.2988505747126437,"Jorge Polanco","13152",593871
"Nick Kurtz",2025,"FA,FC,SI,CH,SL,CU,KC",604,6.112685802980132,29.3311944370861,3.6447384072019866,37.79531423841058,2268.650662251656,87,88.62941176470588,103.4,113.4,17.905882352941177,10,0.11494252873563218,32,0.367816091954023,"Nick Kurtz","35110",701762
"Aaron Judge",2025,"FA,FC,FS,SI,CH,SL,CU,KC,EP",570,7.1343225873684215,28.472405982456145,5.470676879999999,38.56015112280702,2172.90350877193,87,97.2558139534884,112.6,117.9,17.825581395348838,26,0.2988505747126437,56,0.6436781609195402,"Aaron Judge","15640",592450
"Rob Refsnyder",2025,"FA,FC,FS,SI,CH,SL,CU,KC",586,6.5370699148924905,30.449458122866897,3.5997013504948803,40.24344754266211,2183.7064846416383,87,92.60348837209303,106.4,112.2,15.965116279069768,13,0.14942528735632185,44,0.5057471264367817,"Rob Refsnyder","13770",608701
"Alex Call",2025,"FA,FC,FS,SI,CH,SL,CU,KC",475,7.35135007410526,27.83322042105263,6.113378326315789,37.17163098947367,2237.553684210526,89,90.41764705882352,102.2,109.9,10.470588235294118,7,0.07865168539325842,34,0.38202247191011235,"Alex Call","19296",669743
"Ke'Bryan Hayes",2025,"FA,FC,FS,SI,CH,SL,CU,KC",479,6.977405269311066,28.60573058455115,6.882436958246346,39.93599265135698,2130.152400835073,89,90.31910112359552,104.7,109.7,9.370786516853933,4,0.0449438202247191,34,0.38202247191011235,"Ke'Bryan Hayes","18577",663647
"Royce Lewis",2025,"FA,FC,FS,SI,CH,SL,CU,KC",457,7.318619091466084,28.545760919037207,5.27668183501094,38.465057680525156,2157.5798687089714,89,90.17613636363636,105.2,108.7,16.522727272727273,7,0.07865168539325842,34,0.38202247191011235,"Royce Lewis","20437",668904
"Yainer Diaz",2025,"FA,FC,FS,SI,CH,SL,CU,KC",411,6.978367690729929,29.23896583941607,5.348125107785887,38.41767299270073,2215.70802919708,89,90.75227272727273,105.8,111.6,12.784090909090908,9,0.10112359550561797,37,0.4157303370786517,"Yainer Diaz","23003",673237
"Dansby Swanson",2025,"FA,FC,FS,SI,CH,SL,CU,KC",516,5.510684312596897,30.768256453488384,5.766459855426356,38.72038802325581,2207.8081395348836,89,90.97528089887639,105.6,109.1,11.831460674157304,12,0.1348314606741573,49,0.550561797752809,"Dansby Swanson","18314",621020
"Willson Contreras",2025,"FA,FC,FS,SI,CH,SL,CU,KC",569,7.295247278031635,28.64262244288224,5.432185753251319,39.97693530755712,2190.8857644991213,89,92.80340909090908,106.7,110.7,14.738636363636363,12,0.1348314606741573,42,0.47191011235955055,"Willson Contreras","11609",575929
"Christopher Morel",2025,"FA,FC,FS,SI,CH,SL,CU,KC",640,5.924406596437499,30.182135984375016,4.385786120624999,36.753218390625,2234.0265625,90,93.29550561797753,109.5,115.4,14.808988764044944,11,0.12222222222222222,47,0.5222222222222223,"Christopher Morel","21897",666624
"Curtis Mead",2025,"FA,FC,FS,SI,CH,SL,CU,KC",480,6.456481814166667,29.039698500000007,4.79880535875,38.65072427083333,2237.8166666666666,90,87.66067415730335,104.5,109.6,18.685393258426966,4,0.044444444444444446,30,0.3333333333333333,"Curtis Mead","23986",678554
"Carson Kelly",2025,"FA,FC,SI,CH,SL,CU,KN,KC",494,6.9962761006072895,28.656445000000005,6.522620845951417,38.14308872469636,2205.4615384615386,90,88.95555555555555,104.8,110.1,15.311111111111112,9,0.1,34,0.37777777777777777,"Carson Kelly","13620",608348
"Ryan Jeffers",2025,"FA,FC,FS,SI,CH,SL,CU,KC",613,7.064445101794454,28.900922381729195,4.955383625122349,38.017723939641115,2192.766721044046,90,89.58555555555557,105.7,111,13.28888888888889,2,0.022222222222222223,38,0.4222222222222222,"Ryan Jeffers","24618",680777
"Trent Grisham",2025,"FA,FC,SI,CH,SL,CU,KC",641,6.90818075179407,28.213470421216854,4.375003876193448,37.845885507020284,2271.455538221529,91,89.5311111111111,104.2,108.3,11.455555555555556,10,0.10989010989010989,36,0.3956043956043956,"Trent Grisham","18564",663757
"Jared Triolo",2025,"FA,FC,FS,SI,CH,SL,CU,KC",467,6.785382066595289,29.158788672376886,5.267289430406852,38.25767164882229,2120.23982869379,91,88.87126436781611,104.2,108.9,16.39080459770115,6,0.06593406593406594,32,0.3516483516483517,"Jared Triolo","25807",669707
"Bryson Stott",2025,"FA,FC,SI,CH,SL,CU,KC,EP",536,8.35142637164179,26.716741902985078,3.6437595895708954,39.235271184701496,2300.376865671642,91,85.2988888888889,99.9,106.7,13.377777777777778,4,0.04395604395604396,22,0.24175824175824176,"Bryson Stott","26294",681082
"Tommy Edman",2025,"FA,FC,FS,SI,CH,SL,CU,KC",413,5.648802567070217,30.50028762711864,5.27829405108959,35.74555248910411,2132.0290556900727,94,90.84148936170212,105.6,108.6,10.191489361702128,5,0.05319148936170213,45,0.4787234042553192,"Tommy Edman","19470",669242
"Hunter Goodman",2025,"FA,FC,FS,SI,CH,SL,CU,KC",550,6.268442809272724,29.25541881818181,4.600786786,39.27879065454545,2227.887272727273,94,91.73085106382979,106.8,116.2,19.21276595744681,16,0.1702127659574468,48,0.5106382978723404,"Hunter Goodman","29715",696100
"Wyatt Langford",2025,"FA,FC,FS,SI,CH,SL,CU,KC",691,6.971034171273513,28.766412850940668,5.81993905065123,38.61340713458757,2168.7771345875544,94,91.61397849462367,107.5,111.5,17.35483870967742,13,0.13829787234042554,40,0.425531914893617,"Wyatt Langford","33333",694671
"Shea Langeliers",2025,"FA,FC,FS,SI,CH,SL,CU",420,6.447941630309526,29.047764071428567,4.931406792380953,38.44984171428572,2190.0738095238094,95,91.94000000000001,108.4,112.3,13.74736842105263,11,0.11578947368421053,41,0.43157894736842106,"Shea Langeliers","25816",669127
"Cedric Mullins",2025,"FA,FC,SI,CH,SL,CU,KC",548,7.457056127189784,27.50950622262773,4.872747470802919,38.28038359489051,2275.8284671532847,95,86.92637362637363,101.9,107,21.835164835164836,3,0.031578947368421054,28,0.29473684210526313,"Cedric Mullins","17929",656775
"Jose Iglesias",2025,"FA,FC,FS,SI,CH,SL,CU,KC",575,7.1044258760000005,28.32698269565217,5.913073836173914,38.32797937391304,2219.9408695652173,95,86.021978021978,100.2,109.5,7.857142857142857,1,0.010526315789473684,32,0.3368421052631579,"Jose Iglesias","10231",578428
"Nolan Schanuel",2025,"FA,FC,SI,CH,SL,CU,KC",482,6.812370508298758,28.38285383817427,5.843952412240665,34.4898024273859,2231.0746887966807,95,85.65591397849461,99,101.9,10.483870967741936,2,0.021052631578947368,19,0.2,"Nolan Schanuel","33189",694384
"Brandon Lowe",2025,"FA,FC,SI,CH,SL,CU,KC",560,7.212488501964284,28.478760303571438,2.7619132562499993,37.71143190535713,2295.4035714285715,96,89.87659574468087,106.6,110.2,20.20212765957447,6,0.0625,39,0.40625,"Brandon Lowe","18882",664040
"Jazz Chisholm Jr.",2025,"FA,FC,FS,SI,CH,SL,CU,KC,EP",574,6.507781923867597,29.299776376306625,3.1043083790940775,37.876436161445994,2289.247386759582,96,84.83118279569894,101.8,109.5,11.741935483870968,10,0.10416666666666667,36,0.375,"Jazz Chisholm Jr.","20454",665862
"George Springer",2025,"FA,FC,FS,SI,CH,SL,CU,KC,EP",585,7.350405249914526,28.321339777777776,5.3564714309401715,37.62857213675213,2165.9846153846156,96,87.78315789473683,105.8,109.2,19.021052631578947,12,0.125,37,0.3854166666666667,"George Springer","12856",543807
"Andrew McCutchen",2025,"FA,FC,FS,SI,CH,SL,CU,KC",628,6.323116357802548,30.03501509554139,4.253555993630573,39.68604068471337,2187.0063694267515,96,88.903125,103.5,110.2,14.46875,6,0.0625,36,0.375,"Andrew McCutchen","9847",457705
"Mauricio Dubón",2025,"FA,FC,FS,SI,CH,SL,CU,KC",425,8.37606913411765,26.9560314117647,5.5324472228235315,38.94543536470589,2215.5788235294117,96,83.18709677419355,101,110.8,13.419354838709678,1,0.010416666666666666,23,0.23958333333333334,"Mauricio Dubon","16530",643289
"Mark Vientos",2025,"FA,FC,FS,SI,CH,SL,CU,KC",523,6.301587142657745,29.555500994263863,5.48468086959847,39.157556214149146,2184.10707456979,98,92.5265306122449,107.5,110.1,8.66326530612245,7,0.07142857142857142,52,0.5306122448979592,"Mark Vientos","22184",668901
"Isaac Collins",2025,"FA,FC,FS,SI,CH,SL,CU,KC",541,7.920132137800369,27.083542402957484,6.561924902218114,36.87000332717191,2243.5804066543437,98,88.64020618556698,102.8,111.2,14.68041237113402,4,0.04081632653061224,36,0.3673469387755102,"Isaac Collins","25477",686555
"Brenton Doyle",2025,"FA,FC,FS,SI,CH,SL,CU,KC",491,6.515738633197558,29.018446028513235,4.763418833197555,37.72791112016294,2217.3136456211814,98,90.61473684210527,106.9,111.3,13.726315789473684,10,0.10204081632653061,43,0.4387755102040816,"Brenton Doyle","25479",686668
"Teoscar Hernández",2025,"FA,FC,FS,SI,CH,SL,CU,KC",483,6.606567718426503,29.145934782608705,4.753791599585921,37.14949418219462,2148.6045548654242,98,90.05,106.1,111.1,14.857142857142858,7,0.07142857142857142,45,0.45918367346938777,"Teoscar Hernandez","13066",606192
"Tyler Freeman",2025,"FA,FC,FS,SI,CH,SL,CU,KC",465,7.5097317423870935,27.330570838709683,4.551585771526881,40.68530167741937,2253.004301075269,98,87.61789473684209,101.4,109.6,13.147368421052631,2,0.02040816326530612,34,0.3469387755102041,"Tyler Freeman","22532",671289
"Chandler Simpson",2025,"FA,FC,SI,CH,SL,CU,KC",390,7.529437664717949,27.736833333333337,4.044584622102564,38.75392751282052,2241.9897435897437,99,82.63368421052631,96.6,102.5,-2.5473684210526315,0,0,16,0.16161616161616163,"Chandler Simpson","31912",802415
"Tyler Soderstrom",2025,"FA,FC,SI,CH,SL,CU,KC",505,5.631231275049506,30.553260495049514,2.977216111310892,36.52254483168317,2295.4574257425743,99,87.96868686868686,105.9,110,8.808080808080808,9,0.09090909090909091,41,0.41414141414141414,"Tyler Soderstrom","27467",691016
"Corey Seager",2025,"FA,FC,FS,SI,CH,SL,CU",578,5.7927273645328725,29.840646643598607,2.203728801557093,36.48907439446366,2337.5726643598614,99,91.07040816326528,107.4,112.4,11.693877551020408,13,0.13131313131313133,46,0.46464646464646464,"Corey Seager","13624",608369
"Javier Báez",2025,"FA,FC,FS,SI,CH,SL,CU,KC",476,6.360674765924373,30.06837592436974,5.39825075,37.70343451680671,2167.2710084033615,99,88.9949494949495,104,108.1,9.94949494949495,7,0.0707070707070707,41,0.41414141414141414,"Javier Baez","12979",595879
"Andrew Vaughn",2025,"FA,FC,FS,SI,CH,SL,CU,KC",538,6.448796326247213,30.095245687732344,3.828972955947955,37.26575022304833,2244.0130111524163,99,93.03877551020409,106,111.2,16.112244897959183,11,0.1111111111111111,53,0.5353535353535354,"Andrew Vaughn","26197",683734
"Mitch Garver",2025,"FA,FC,FS,SI,CH,SL,CU,KC",642,6.273820748286602,30.731552959501556,4.558684903115265,36.135016495327115,2182.8894080996884,99,92.93535353535356,104.6,107.7,16.77777777777778,8,0.08080808080808081,49,0.494949494949495,"Mitch Garver","15161",641598
"Bryan Reynolds",2025,"FA,FC,FS,SI,CH,SL,CU,KC",656,5.60763789839939,30.785332301829264,4.915334078368904,37.93003257621951,2101.7926829268295,100,91.35300000000001,107.8,113.5,2.89,15,0.15,54,0.54,"Bryan Reynolds","19326",668804
"Romy Gonzalez",2025,"FA,FC,FS,SI,CH,SL,CU,KC",521,6.78466624130518,29.714375067178505,5.190005946257198,41.238287466410746,2176.7581573896355,100,94.3909090909091,108.3,112.6,11.8989898989899,16,0.16,59,0.59,"Romy Gonzalez","21562",663853
"Alec Burleson",2025,"FA,FC,FS,SI,CH,SL,CU,KC",461,5.90349335140998,29.874638546637744,2.68016963340564,37.92805428199565,2364.9088937093275,100,88.0463917525773,104.8,109.3,11.030927835051546,6,0.06,35,0.35,"Alec Burleson","27615",676475
"Isiah Kiner-Falefa",2025,"FA,FC,FS,SI,CH,SL,CU,KC",446,6.666136130044841,29.17821300448431,5.132045592152467,39.33358874439463,2191.982062780269,100,85.87755102040815,101.3,105.5,6.928571428571429,1,0.01,31,0.31,"Isiah Kiner-Falefa","16512",643396
"Bobby Witt Jr.",2025,"FA,FC,FS,SI,CH,SL,CU,KC",531,8.194363214500942,27.32092487758945,6.109020984745763,39.801694101694906,2196.653483992467,102,95.30196078431372,108.8,117.5,16.30392156862745,13,0.12745098039215685,54,0.5294117647058824,"Bobby Witt Jr.","25764",677951
"Carlos Correa",2025,"FA,FC,FS,SI,CH,SL,CU,KC",582,6.6044343839347075,29.104660945017184,5.011500580927834,37.9077933041237,2223.3264604810997,102,92.29285714285717,107.3,110.6,6.565656565656566,9,0.08823529411764706,54,0.5294117647058824,"Carlos Correa","14162",621043
"Amed Rosario",2025,"FA,FC,FS,SI,CH,SL,CU,KC",417,7.047147812470025,28.52341695443645,6.578494023980814,36.66235,2153.0119904076737,102,92.24554455445542,106.1,110.9,10.92156862745098,6,0.058823529411764705,49,0.4803921568627451,"Amed Rosario","15518",642708
"Miguel Rojas",2025,"FA,FC,FS,SI,CH,SL,CU,KC",535,7.203571275943926,28.235606074766352,5.0771863362242975,38.96288399999999,2167.7532710280375,105,88.83653846153848,102.3,108.8,17.96153846153846,7,0.06666666666666667,35,0.3333333333333333,"Miguel Rojas","7802",500743
"Jackson Chourio",2025,"FA,FC,FS,SI,CH,SL,CU,KC",518,6.688039256505789,29.237914054054052,4.780995796332047,39.71241386100386,2224.1216216216217,105,90.81538461538463,105.8,109.3,7.240384615384615,9,0.08571428571428572,51,0.4857142857142857,"Jackson Chourio","28806",694192
"Nathaniel Lowe",2025,"FA,FC,FS,SI,CH,SL,CU,KC",720,7.50837271677778,27.267443055555557,4.903695788611112,37.285451930555574,2296.8152777777777,105,87.6361904761905,102.5,111.7,7.666666666666667,6,0.05714285714285714,43,0.4095238095238095,"Nathaniel Lowe","19566",663993
"Javier Sanoja",2025,"FA,FC,FS,SI,CH,SL,CU,KC",491,8.004250243788189,26.96571749490835,6.293059244399184,39.69781655804482,2196.10183299389,105,88.88854166666664,103.1,107.3,10.291666666666666,2,0.01904761904761905,40,0.38095238095238093,"Javier Sanoja","28253",691594
"Eugenio Suárez",2025,"FA,FC,FS,SI,CH,SL,CU,KC",762,7.180664416272967,28.73577741469817,4.46704114636483,37.19772981233596,2204.690288713911,107,91.6266666666667,108.8,111.8,22.771428571428572,16,0.14953271028037382,52,0.48598130841121495,"Eugenio Suarez","12552",553993
"Jake Cronenworth",2025,"FA,FC,FS,SI,CH,SL,CU,KC",693,7.910926678787879,26.776090404040403,4.975808084415583,37.58601033189033,2277.7907647907646,107,87.11818181818182,101.7,107.4,10.16161616161616,3,0.028037383177570093,32,0.29906542056074764,"Jake Cronenworth","18036",630105
"Carlos Santana",2025,"FA,FC,FS,SI,CH,SL,CU,KN,KC",582,6.700458050859105,29.29364025773196,3.8011897053264603,37.89635582474226,2275.627147766323,107,89.16761904761907,105.5,113.2,19.476190476190474,6,0.056074766355140186,43,0.40186915887850466,"Carlos Santana","2396",467793
"Santiago Espinal",2025,"FA,FC,FS,SI,CH,SL,CU,KC",528,7.147026870852272,28.867962102272724,4.96279173212121,39.1105043560606,2180.382575757576,107,87.40380952380951,100.7,105.7,22.228571428571428,1,0.009345794392523364,36,0.3364485981308411,"Santiago Espinal","19997",669289
"Salvador Perez",2025,"FA,FC,FS,SI,CH,SL,CU,KC",499,7.350593901002004,28.112059338677348,5.679812263727454,39.93663150300601,2202.827655310621,107,90.3457943925234,107.2,113.5,20.50467289719626,13,0.12149532710280374,48,0.4485981308411215,"Salvador Perez","7304",521692
"Myles Straw",2025,"FA,FC,FS,SI,CH,SL,CU,KC,EP",558,7.888109225268815,28.134601523297484,5.496152431362006,38.526878910394274,2182.299283154122,108,88.29215686274509,100.7,106.3,14.784313725490197,6,0.05555555555555555,33,0.3055555555555556,"Myles Straw","17620",664702
"Agustín Ramírez",2025,"FA,FC,FS,SI,CH,SL,CU,KC",637,6.295035956671901,28.90022226059655,5.615971428100471,36.879245290423874,2202.901098901099,108,91.64351851851853,109.2,115.2,13.407407407407407,12,0.1111111111111111,50,0.46296296296296297,"Agustin Ramirez","26546",682663
"Willy Adames",2025,"FA,FC,FS,SI,CH,SL,CU,KC",741,7.027076556140354,28.39633024291498,5.278214244817813,36.618886464237505,2213.5546558704455,108,90.57850467289715,103.5,109.6,25.935185185185187,14,0.12962962962962962,48,0.4444444444444444,"Willy Adames","15986",642715
"Andy Pages",2025,"FA,FC,FS,SI,CH,SL,CU,KC",597,7.058746744053599,28.635967738693477,4.171321739865998,37.11312271356785,2211.14405360134,113,90.02767857142861,104.7,109.2,18.017857142857142,5,0.04424778761061947,44,0.3893805309734513,"Andy Pages","24816",681624
"Wilmer Flores",2025,"FA,FC,FS,SI,CH,SL,CU,KC,EP",605,7.01320459752066,29.23597752066116,4.824830241322312,36.08770738842976,2156.776859504132,113,87.41785714285716,100.5,108.6,20.526785714285715,7,0.061946902654867256,33,0.2920353982300885,"Wilmer Flores","5827",527038
"Lars Nootbaar",2025,"FA,FC,SI,CH,SL,CU,KC",696,6.767165059942528,28.600748764367804,3.669723170752873,40.331849050287374,2297.425287356322,113,87.88035714285715,104.3,111.4,11.241071428571429,9,0.07964601769911504,52,0.46017699115044247,"Lars Nootbaar","21454",663457
"Seiya Suzuki",2025,"FA,FC,FS,SI,CH,SL,CU,KC,EP",810,5.288611493827161,30.890042395061734,4.676787185654321,36.582493420987646,2268.8716049382715,113,92.24336283185839,108.9,113.9,18.75221238938053,20,0.17699115044247787,61,0.5398230088495575,"Seiya Suzuki","30116",673548
"Jake Mangum",2025,"FA,FC,FS,SI,CH,SL,CU,KC",439,6.0546737342141235,29.888868405466983,4.386383815489749,34.972767995444194,2145.26423690205,114,84.93090909090907,102.7,107.3,1.2072072072072073,1,0.008771929824561403,34,0.2982456140350877,"Jake Mangum","26202",663968
"Ramón Laureano",2025,"FA,FC,FS,SI,CH,SL,CU,KC",645,7.321192213798448,28.7338411627907,4.934902079069765,39.68304982945735,2182.048062015504,114,89.70265486725668,107.2,112.7,8.079646017699115,16,0.14035087719298245,55,0.4824561403508772,"Ramon Laureano","17128",657656
"Brent Rooker",2025,"FA,FC,FS,SI,CH,SL,CU,KC",587,5.965304595911414,30.421722453151613,5.600422159965928,36.58721024855197,2156.2930153321977,114,90.32456140350877,105,111.4,16.18421052631579,12,0.10526315789473684,46,0.40350877192982454,"Brent Rooker","19627",667670
"Caleb Durbin",2025,"FA,FC,FS,SI,CH,SL,CU,KC",482,7.05556332448133,28.95873526970955,5.651231951659752,36.199371867219924,2210.491701244813,114,85.50462962962962,100.3,108.9,16.37037037037037,5,0.043859649122807015,34,0.2982456140350877,"Caleb Durbin","29646",702332
"Chase Meidroth",2025,"FA,FC,FS,SI,CH,SL,CU,KC",664,8.10050522123494,27.228452078313257,6.508906517620482,39.293848268072274,2166.0918674698796,114,89.73303571428573,102.5,106.9,3.5267857142857144,3,0.02631578947368421,47,0.41228070175438597,"Chase Meidroth","31580",805367
"Joey Ortiz",2025,"FA,FC,FS,SI,CH,SL,CU,KC",531,7.879371096986817,27.48247924670433,5.8375443007532954,38.084052316384174,2233.0960451977403,117,85.32300884955751,103.8,108.9,9.123893805309734,5,0.042735042735042736,39,0.3333333333333333,"Joey Ortiz","25493",687401
"Bo Bichette",2025,"FA,FC,FS,SI,CH,SL,CU,KC,EP",504,7.98462567777778,27.794513273809528,7.074843444642858,39.07629521825396,2159.09126984127,117,90.99829059829058,104.9,111.9,11.017094017094017,13,0.1111111111111111,58,0.49572649572649574,"Bo Bichette","19612",666182
"Anthony Volpe",2025,"FA,FC,FS,SI,CH,SL,CU,KC",716,7.103384415758382,29.192989567039103,4.579540134594971,38.31494311452515,2190.377094972067,117,91.1573913043478,105.2,110.5,10.591304347826087,9,0.07692307692307693,49,0.4188034188034188,"Anthony Volpe","27647",683011
"Masyn Winn",2025,"FA,FC,FS,SI,CH,SL,CU,KC",756,7.657187271424608,28.414961428571434,6.04819228835979,40.99581096560848,2181.0925925925926,119,90.50084033613446,104.8,110,16.470588235294116,5,0.04201680672268908,53,0.44537815126050423,"Masyn Winn","27479",691026
"Ian Happ",2025,"FA,FC,FS,SI,CH,SL,CU,KC",724,8.078748625966854,26.809015787292815,7.056002420718235,37.722988812154696,2210.493093922652,119,90.02457627118643,107.1,111.6,12.372881355932204,10,0.08403361344537816,54,0.453781512605042,"Ian Happ","17919",664023
"Trevor Story",2025,"FA,FC,FS,SI,CH,SL,CU,KC",641,6.387386476833073,30.024287831513263,3.968802565522621,39.93717301092045,2217.9703588143525,119,90.91025641025644,106.1,110.2,12.516949152542374,10,0.08403361344537816,54,0.453781512605042,"Trevor Story","12564",596115
"Fernando Tatis Jr.",2025,"FA,FC,FS,SI,CH,SL,CU,KC",711,7.234647172714488,28.42419864978903,5.837480547538677,38.78486620815754,2161.7834036568215,121,92.62166666666667,107.3,112.1,13.441666666666666,13,0.10743801652892562,60,0.49586776859504134,"Fernando Tatis Jr.","19709",665487
"William Contreras",2025,"FA,FC,FS,SI,CH,SL,CU,KC",696,7.309696522844827,28.434494813218404,5.22456723232759,38.769903448275855,2191.2040229885056,121,91.22500000000001,107,114.1,7.258333333333334,6,0.049586776859504134,57,0.47107438016528924,"William Contreras","20503",661388
"Pete Alonso",2025,"FA,FC,FS,SI,CH,SL,CU,KC",853,6.402409558968345,29.036429402110187,4.15045661201641,38.769660710293095,2226.1113716295426,121,91.93166666666663,109.9,115.4,14.644628099173554,22,0.18181818181818182,58,0.4793388429752066,"Pete Alonso","19251",624413
"Heliot Ramos",2025,"FA,FC,FS,SI,CH,SL,CU,KC",751,7.32008489147803,28.486733848202398,5.56421448961385,37.50162322237016,2177.9786950732355,122,93.58595041322316,108.7,116,15.553719008264462,15,0.12295081967213115,66,0.5409836065573771,"Heliot Ramos","22515",671218
"Riley Greene",2025,"FA,FC,FS,SI,CH,SL,CU,KC",852,6.319469861302819,28.815614823943648,5.449524789400236,36.00952900915493,2250.7969483568077,122,87.55950413223138,107.7,111.9,7.553719008264463,11,0.09016393442622951,47,0.38524590163934425,"Riley Greene","25976",682985
"Jackson Holliday",2025,"FA,FC,FS,SI,CH,SL,CU,KC",676,6.483265718934911,29.4300403106509,3.5918211616863904,35.96595925295857,2266.05325443787,122,85.99344262295082,102.2,107.3,7.139344262295082,5,0.040983606557377046,38,0.3114754098360656,"Jackson Holliday","31781",702616
"Brendan Donovan",2025,"FA,FC,FS,SI,CH,SL,CU,KC",662,6.594134760574017,28.603881268882166,4.18984025755287,40.230241851963754,2312.1706948640485,127,87.32822580645158,102,109.5,6.5,7,0.05511811023622047,42,0.33070866141732286,"Brendan Donovan","24679",680977
"Julio Rodríguez",2025,"FA,FC,FS,SI,CH,SL,CU,KC",656,7.451494668597562,28.35532463414633,5.2991037996798775,36.732270670731715,2178.9054878048782,127,92.37380952380953,108.3,114.2,8.94488188976378,16,0.12598425196850394,64,0.5039370078740157,"Julio Rodriguez","23697",677594
"Jackson Merrill",2025,"FA,FC,FS,SI,CH,SL,CU,KC",602,6.442736078006644,28.9259176910299,3.3565900357142846,36.79229099667773,2311,127,88.05121951219512,103.6,110.4,14.024390243902438,15,0.11811023622047244,45,0.3543307086614173,"Jackson Merrill","29490",701538
"Manny Machado",2025,"FA,FC,FS,SI,CH,SL,CU,KC",710,8.001598018309863,27.08518897183098,6.689521909042255,38.08861672112676,2177.0408450704226,130,93.3369230769231,106.6,114.3,15.569230769230769,19,0.14615384615384616,66,0.5076923076923077,"Manny Machado","11493",592518
"Paul Goldschmidt",2025,"FA,FC,FS,SI,CH,SL,CU,KC",648,7.035023845987655,29.003916280864193,3.5926521716049375,38.52442024691359,2201.0293209876545,130,93.4813953488372,107.8,111.2,19.41860465116279,16,0.12307692307692308,69,0.5307692307692308,"Paul Goldschmidt","9218",502671
"Christian Yelich",2025,"FA,FC,FS,SI,CH,SL,CU,KC",821,6.327757278440924,29.340788867235062,2.7618226423873318,37.0152156638246,2352.6187576126677,130,88.73437499999999,106.9,111.9,-2.421875,10,0.07692307692307693,55,0.4230769230769231,"Christian Yelich","11477",592885
"Brice Turang",2025,"FA,FC,FS,SI,CH,SL,CU,KC",774,6.695738026356594,28.716630607235142,3.3956540843540037,36.28337961240309,2342.815245478036,134,90.17983870967744,103.8,111.2,7.451612903225806,5,0.03731343283582089,54,0.40298507462686567,"Brice Turang","22186",668930
"Nico Hoerner",2025,"FA,FC,FS,SI,CH,SL,CU,KC",473,6.777722201057084,29.13508494714588,4.737123613530657,38.511009175475664,2276.188160676533,134,87.58358208955224,100.7,104.7,16.85820895522388,5,0.03731343283582089,42,0.31343283582089554,"Nico Hoerner","21479",663538
"Ketel Marte",2025,"FA,FC,FS,SI,CH,SL,CU,KC",612,7.430545087581701,28.95015767973857,4.876526743627451,38.857682147058824,2150.5081699346406,134,91.31119402985075,110.8,119.6,14.955223880597014,18,0.13432835820895522,68,0.5074626865671642,"Ketel Marte","13613",606466
"CJ Abrams",2025,"FA,FC,SI,CH,SL,CU,KC",712,6.8445852359550585,28.917910926966297,3.162306594662922,35.91245581460672,2320.1446629213483,134,87.73432835820903,104.7,110.4,15.134328358208956,7,0.05223880597014925,48,0.3582089552238806,"CJ Abrams","25768",682928
"Corbin Carroll",2025,"FA,FC,SI,CH,SL,CU,KC",732,6.500667093579236,29.030636106557363,3.268845942896175,38.86732261065573,2302.4166666666665,138,90.64477611940299,107.6,111.7,10.238805970149254,18,0.13043478260869565,60,0.43478260869565216,"Corbin Carroll","25878",682998
"Eric Wagaman",2025,"FA,FC,FS,SI,CH,SL,CU,KC",684,7.406573736988301,27.68880922514621,6.087630852631579,37.1628418859649,2213.409356725146,138,91.39420289855072,107,114.5,10.347826086956522,11,0.07971014492753623,66,0.4782608695652174,"Eric Wagaman","23395",676572
"Matt Olson",2025,"FA,FC,FS,SI,CH,SL,CU,KC",905,6.542007833701658,28.742504939226528,4.297577654806631,37.949548110497226,2262.3591160220994,138,91.23115942028987,108.2,112.7,11.971014492753623,18,0.13043478260869565,68,0.4927536231884058,"Matt Olson","14344",621566
"Brandon Nimmo",2025,"FA,FC,FS,SI,CH,SL,CU,KC",812,6.7722283543349775,28.293901219211826,3.5092098448275877,37.50589427339903,2326.9729064039407,138,90.28043478260871,106.1,112.3,8.492753623188406,13,0.09420289855072464,61,0.4420289855072464,"Brandon Nimmo","12927",607043
"Sal Frelick",2025,"FA,FC,FS,SI,CH,SL,CU,KC",619,6.832592838933763,28.53733484652665,5.377815327625202,35.684003231017776,2292.680129240711,138,82.81461538461538,98.8,103.7,5.753846153846154,0,0,26,0.18840579710144928,"Sal Frelick","29622",686217
"Elly De La Cruz",2025,"FA,FC,FS,SI,CH,SL,CU,KC",786,5.517990366412214,30.862627519083965,3.928816034860051,37.750470445292606,2219.553435114504,139,88.6867647058823,107.5,112.3,7.455882352941177,10,0.07194244604316546,50,0.3597122302158273,"Elly De La Cruz","26668",682829
"Randy Arozarena",2025,"FA,FC,FS,SI,CH,SL,CU",793,8.266616629129889,27.342418083228242,5.20219522925599,38.91758807061792,2160.736443883985,139,91.8,106.4,112.2,14.846715328467154,18,0.12949640287769784,71,0.5107913669064749,"Randy Arozarena","19290",668227
"Jarren Duran",2025,"FA,FC,SI,CH,SL,CU,KC",788,6.6543327498096465,28.88819125634517,3.176209535025381,38.696687868020305,2301.6294416243654,139,91.00942028985506,107.4,111.6,9.318840579710145,13,0.09352517985611511,60,0.4316546762589928,"Jarren Duran","24617",680776