Name,Season,Pitch,Pitches,S-Swing%,S-Contact%,S-Zone%,SI-Swing%,SI-Contact%,SI-Zone%,SO-Swing%,SO-Contact%,SO-Zone%,NameASCII,PlayerId,MLBAMID
"Gleyber Torres",2025,"FA,FC,FS,SI,CH,SL,CU,KC",764,0.4,0.7835820895522388,0.43848167539267013,0.46629213483146065,0.8072289156626506,0.23298429319371727,0.3248407643312102,0.7450980392156863,0.2054973821989529,"Gleyber Torres","16997",650402
"Rafael Devers",2025,"FA,FC,FS,SI,CH,SL,CU,KC",960,0.5380577427821522,0.7268292682926829,0.396875,0.6018957345971564,0.7480314960629921,0.21979166666666666,0.4588235294117647,0.6923076923076923,0.17708333333333334,"Rafael Devers","17350",646240
"Taylor Walls",2025,"FA,FC,FS,SI,CH,SL,CU,KC",378,0.5089820359281437,0.7529411764705882,0.4417989417989418,0.5612244897959183,0.8909090909090909,0.25925925925925924,0.43478260869565216,0.5,0.18253968253968253,"Taylor Walls","22458",670764
"Orlando Arcia",2025,"FA,FC,FS,SI,CH,SL,CU,KC",192,0.6666666666666666,0.7962962962962963,0.421875,0.6818181818181818,0.7333333333333333,0.22916666666666666,0.6486486486486487,0.875,0.19270833333333334,"Orlando Arcia","13185",606115
"Nolan Arenado",2025,"FA,FC,FS,SI,CH,SL,CU,KC",378,0.6219512195121951,0.8725490196078431,0.43386243386243384,0.6704545454545454,0.9491525423728814,0.2328042328042328,0.5657894736842105,0.7674418604651163,0.20105820105820105,"Nolan Arenado","9777",571448
"Jonah Heim",2025,"FA,FC,FS,SI,CH,SL,CU,KC",531,0.49795918367346936,0.7786885245901639,0.4613935969868173,0.5966386554621849,0.7605633802816901,0.224105461393597,0.40476190476190477,0.803921568627451,0.23728813559322035,"Jonah Heim","16930",641680
"Yandy Díaz",2025,"FA,FC,FS,SI,CH,SL,CU",694,0.5,0.8552631578947368,0.43804034582132567,0.572289156626506,0.8842105263157894,0.23919308357348704,0.41304347826086957,0.8070175438596491,0.1988472622478386,"Yandy Diaz","16578",650490
"Junior Caminero",2025,"FA,FC,FS,SI,CH,SL,CU,KC",740,0.57,0.783625730994152,0.40405405405405403,0.6282051282051282,0.8061224489795918,0.20945945945945946,0.5069444444444444,0.7534246575342466,0.1945945945945946,"Junior Caminero","28163",691406
"Dylan Carlson",2025,"FA,FC,FS,SI,CH,SL,CU,KC",280,0.5203252032520326,0.734375,0.4392857142857143,0.6901408450704225,0.7142857142857143,0.25357142857142856,0.28846153846153844,0.8,0.18571428571428572,"Dylan Carlson","20126",666185
"Victor Scott II",2025,"FA,FC,FS,SI,CH,SL,CU,KC",461,0.5333333333333333,0.6041666666666666,0.39045553145336226,0.6176470588235294,0.6507936507936508,0.22125813449023862,0.4230769230769231,0.5151515151515151,0.16919739696312364,"Victor Scott II","31349",687363
"Randal Grichuk",2025,"FA,FC,FS,SI,CH,SL,CU,KC",657,0.5448275862068965,0.810126582278481,0.441400304414003,0.6,0.8602150537634409,0.2359208523592085,0.48148148148148145,0.7384615384615385,0.2054794520547945,"Randal Grichuk","10243",545341
"Max Muncy",2025,"FA,FC,FS,SI,CH,SL,CU,KC",336,0.4935897435897436,0.7272727272727273,0.4642857142857143,0.6222222222222222,0.8392857142857143,0.26785714285714285,0.3181818181818182,0.42857142857142855,0.19642857142857142,"Max Muncy","13301",571970
"Juan Soto",2025,"FA,FC,FS,SI,CH,SL,CU,KC",1015,0.423444976076555,0.7401129943502824,0.41182266009852214,0.4896265560165975,0.7711864406779662,0.2374384236453202,0.3333333333333333,0.6779661016949152,0.17438423645320197,"Juan Soto","20123",665742
"Daulton Varsho",2025,"FA,FC,FS,SI,CH,SL,CU",208,0.5632183908045977,0.7959183673469388,0.4182692307692308,0.7446808510638298,0.7428571428571429,0.22596153846153846,0.35,0.9285714285714286,0.19230769230769232,"Daulton Varsho","19918",662139
"Vinnie Pasquantino",2025,"FA,FC,SI,CH,SL,CU,KC",622,0.5437956204379562,0.8053691275167785,0.4405144694533762,0.5806451612903226,0.8333333333333334,0.2491961414790997,0.4957983193277311,0.7627118644067796,0.19131832797427653,"Vinnie Pasquantino","27676",686469
"Bryce Harper",2025,"FA,FC,FS,SI,CH,SL,CU,KN,KC",850,0.6823529411764706,0.6724137931034483,0.4,0.7663043478260869,0.6950354609929078,0.2164705882352941,0.5833333333333334,0.6373626373626373,0.18352941176470589,"Bryce Harper","11579",547180
"Kyle Schwarber",2025,"FA,FC,FS,SI,CH,SL,CU,KN,KC",1183,0.4573304157549234,0.6698564593301436,0.38546069315300086,0.5689655172413793,0.7575757575757576,0.19611158072696533,0.3422222222222222,0.5194805194805194,0.1893491124260355,"Kyle Schwarber","16478",656941
"James Wood",2025,"FA,FC,FS,SI,CH,SL,CU,KC",921,0.4919786096256685,0.6467391304347826,0.40608034744842564,0.5472636815920398,0.6909090909090909,0.2182410423452769,0.4277456647398844,0.581081081081081,0.18783930510314875,"James Wood","29518",695578
"Nick Castellanos",2025,"FA,FC,FS,SI,CH,SL,CU,KC",704,0.7214285714285714,0.7673267326732673,0.3977272727272727,0.7777777777777778,0.8319327731092437,0.21732954545454544,0.6535433070866141,0.6746987951807228,0.18039772727272727,"Nick Castellanos","11737",592206
"Maikel Garcia",2025,"FA,FC,FS,SI,CH,SL,CU,KC",546,0.43776824034334766,0.8431372549019608,0.4267399267399267,0.49612403100775193,0.90625,0.23626373626373626,0.36538461538461536,0.7368421052631579,0.19047619047619047,"Maikel Garcia","22715",672580
"Jeremy Peña",2025,"FA,FC,FS,SI,CH,SL,CU,KC",353,0.6242038216560509,0.7244897959183674,0.44192634560906513,0.6623376623376623,0.8235294117647058,0.21813031161473087,0.5875,0.6170212765957447,0.2237960339943343,"Jeremy Pena","21636",665161
"Ty France",2025,"FA,FC,FS,SI,CH,SL,CU,KC,EP",575,0.5939849624060151,0.7784810126582279,0.46260869565217394,0.6666666666666666,0.8367346938775511,0.25565217391304346,0.5042016806722689,0.6833333333333333,0.20695652173913043,"Ty France","17982",664034
"J.P. Crawford",2025,"FA,FC,FS,SI,CH,SL,CU,KC",850,0.4112676056338028,0.8082191780821918,0.4176470588235294,0.5188679245283019,0.8272727272727273,0.24941176470588236,0.2517482517482518,0.75,0.16823529411764707,"J.P. Crawford","15491",641487
"Mookie Betts",2025,"FA,FC,FS,SI,CH,SL,CU,KC",701,0.4521452145214521,0.8394160583941606,0.4322396576319544,0.52046783625731,0.8876404494382022,0.24393723252496433,0.36363636363636365,0.75,0.18830242510699002,"Mookie Betts","13611",605141
"Marcus Semien",2025,"FA,FC,FS,SI,CH,SL,CU,KC",581,0.4943820224719101,0.6742424242424242,0.459552495697074,0.6290322580645161,0.8076923076923077,0.2134251290877797,0.3776223776223776,0.48148148148148145,0.24612736660929432,"Marcus Semien","12533",543760
"José Ramírez",2025,"FA,FC,FS,SI,CH,SL,CU,KN,KC",737,0.5714285714285714,0.877906976744186,0.40705563093622793,0.6459627329192547,0.9134615384615384,0.21845318860244234,0.4857142857142857,0.8235294117647058,0.18860244233378562,"Jose Ramirez","13510",608070
"Ozzie Albies",2025,"FA,FC,FS,SI,CH,SL,CU,KC",595,0.6830188679245283,0.8287292817679558,0.44537815126050423,0.7445255474452555,0.8529411764705882,0.23025210084033612,0.6171875,0.7974683544303798,0.21512605042016808,"Ozzie Albies","16556",645277
"Austin Wells",2025,"FA,FC,FS,SI,CH,SL,CU,KC",572,0.4921259842519685,0.736,0.44405594405594406,0.6,0.76,0.21853146853146854,0.3875968992248062,0.7,0.22552447552447552,"Austin Wells","27562",669224
"Nick Loftin",2025,"FA,FC,FS,SI,CH,SL,CU,KC",276,0.4649122807017544,0.7358490566037735,0.41304347826086957,0.46551724137931033,0.7407407407407407,0.21014492753623187,0.4642857142857143,0.7307692307692307,0.2028985507246377,"Nick Loftin","27630",679845
"Adolis García",2025,"FA,FC,FS,SI,CH,SL,CU,KC",601,0.5440613026819924,0.7746478873239436,0.43427620632279534,0.5985915492957746,0.7647058823529411,0.23627287853577372,0.4789915966386555,0.7894736842105263,0.19800332778702162,"Adolis Garcia","19287",666969
"Kyle Tucker",2025,"FA,FC,SI,CH,SL,CU,KC",757,0.46226415094339623,0.7619047619047619,0.4200792602377807,0.5604395604395604,0.8235294117647058,0.2404227212681638,0.33088235294117646,0.6222222222222222,0.17965653896961692,"Kyle Tucker","18345",663656
"Alec Bohm",2025,"FA,FC,FS,SI,CH,SL,CU,KC",494,0.5066666666666667,0.8596491228070176,0.4534412955465587,0.5619834710743802,0.8382352941176471,0.24493927125506074,0.4423076923076923,0.8913043478260869,0.20850202429149797,"Alec Bohm","21618",664761
"J.T. Realmuto",2025,"FA,FC,FS,SI,CH,SL,CU,KC,EP",650,0.5559701492537313,0.7315436241610739,0.4107692307692308,0.6041666666666666,0.8275862068965517,0.22,0.5,0.5967741935483871,0.19076923076923077,"J.T. Realmuto","11739",592663
"Jung Hoo Lee",2025,"FA,FC,SI,CH,SL,CU,KC",648,0.46,0.8405797101449275,0.46296296296296297,0.5529411764705883,0.851063829787234,0.2623456790123457,0.3384615384615385,0.8181818181818182,0.2006172839506173,"Jung Hoo Lee","33824",808982
"Starling Marte",2025,"FA,FC,FS,SI,CH,SL,CU,KC",583,0.5163636363636364,0.7816901408450704,0.4699828473413379,0.6050955414012739,0.8526315789473684,0.26758147512864494,0.3983050847457627,0.6382978723404256,0.20240137221269297,"Starling Marte","9241",516782
"Jac Caglianone",2025,"FA,FC,SI,CH,SL,CU,KC",228,0.5360824742268041,0.7307692307692307,0.42543859649122806,0.5531914893617021,0.7692307692307693,0.20614035087719298,0.52,0.6923076923076923,0.21929824561403508,"Jac Caglianone","35041",695506
"Johan Rojas",2025,"FA,FC,FS,SI,CH,SL,CU,KN,KC,EP",278,0.5284552845528455,0.8461538461538461,0.44244604316546765,0.5384615384615384,0.8285714285714286,0.23381294964028776,0.5172413793103449,0.8666666666666667,0.20863309352517986,"Johan Rojas","24336",679032
"Xavier Edwards",2025,"FA,FC,FS,SI,CH,SL,CU,KC",729,0.5079872204472844,0.8742138364779874,0.4279835390946502,0.5352941176470588,0.9230769230769231,0.23319615912208505,0.4755244755244755,0.8088235294117647,0.19478737997256515,"Xavier Edwards","22266",669364
"Max Schuemann",2025,"FA,FC,FS,SI,CH,SL,CU",248,0.6224489795918368,0.7377049180327869,0.3951612903225806,0.75,0.7857142857142857,0.22580645161290322,0.4523809523809524,0.631578947368421,0.1693548387096774,"Max Schuemann","24488",680474
"Josh Smith",2025,"FA,FC,FS,SI,CH,SL,CU,KC",508,0.5466666666666666,0.6747967479674797,0.44291338582677164,0.6422764227642277,0.7468354430379747,0.2421259842519685,0.43137254901960786,0.5454545454545454,0.20078740157480315,"Josh Smith","26396",669701
"Christian Walker",2025,"FA,FC,FS,SI,CH,SL,CU,KC",524,0.6073059360730594,0.7368421052631579,0.4179389312977099,0.7398373983739838,0.8461538461538461,0.23473282442748092,0.4375,0.5,0.183206106870229,"Christian Walker","13419",572233
"Jacob Wilson",2025,"FA,FC,FS,SI,CH,SL,CU,KC",418,0.5722543352601156,0.9696969696969697,0.4138755980861244,0.6534653465346535,0.9696969696969697,0.24162679425837322,0.4583333333333333,0.9696969696969697,0.1722488038277512,"Jacob Wilson","33266",805779
"Will Smith",2025,"FA,FC,FS,SI,CH,SL,CU,KC",491,0.33035714285714285,0.7972972972972973,0.45621181262729127,0.4132231404958678,0.78,0.24643584521384929,0.23300970873786409,0.8333333333333334,0.20977596741344195,"Will Smith","19197",669257
"Pete Crow-Armstrong",2025,"FA,FC,SI,CH,SL,CU,KC,EP",689,0.65625,0.7354497354497355,0.41799709724238027,0.7032258064516129,0.7981651376146789,0.22496371552975328,0.6015037593984962,0.65,0.193033381712627,"Pete Crow-Armstrong","27769",691718
"Ernie Clement",2025,"FA,FC,FS,SI,CH,SL,CU,KC,EP",585,0.625,0.9032258064516129,0.4239316239316239,0.7101449275362319,0.8979591836734694,0.2358974358974359,0.5181818181818182,0.9122807017543859,0.18803418803418803,"Ernie Clement","20352",676391
"Angel Martínez",2025,"FA,FC,FS,SI,CH,SL,CU,KC",648,0.5323741007194245,0.7905405405405406,0.42746913580246915,0.5921052631578947,0.8444444444444444,0.2330246913580247,0.4603174603174603,0.7068965517241379,0.19444444444444445,"Angel Martinez","26540",682657
"Ceddanne Rafaela",2025,"FA,FC,FS,SI,CH,SL,CU,KC",621,0.6653225806451613,0.7515151515151515,0.3993558776167472,0.7534246575342466,0.7454545454545455,0.23510466988727857,0.5392156862745098,0.7636363636363637,0.1642512077294686,"Ceddanne Rafaela","24262",678882
"Josh Naylor",2025,"FA,FC,FS,SI,CH,SL,CU,KC",649,0.5946969696969697,0.7133757961783439,0.4067796610169492,0.626984126984127,0.7468354430379747,0.1941448382126348,0.5652173913043478,0.6794871794871795,0.21263482280431434,"Josh Naylor","18839",647304
"Andy Ibáñez",2025,"FA,FC,FS,SI,CH,SL,CU,KC,EP",512,0.5384615384615384,0.8125,0.40625,0.6283185840707964,0.8591549295774648,0.220703125,0.43157894736842106,0.7317073170731707,0.185546875,"Andy Ibanez","18819",628451
"Edgar Quero",2025,"FA,FC,FS,SI,CH,SL,CU,KC",510,0.5291479820627802,0.8135593220338984,0.43529411764705883,0.6511627906976745,0.8452380952380952,0.25098039215686274,0.3617021276595745,0.7352941176470589,0.1843137254901961,"Edgar Quero","28022",700337
"TJ Friedl",2025,"FA,FC,FS,SI,CH,SL,CU,KC",741,0.36890243902439024,0.7520661157024794,0.4426450742240216,0.4685714285714286,0.8292682926829268,0.23616734143049933,0.2549019607843137,0.5897435897435898,0.20647773279352227,"TJ Friedl","19522",670770
"Trea Turner",2025,"FA,FC,FS,SI,CH,SL,CU,KC",773,0.5813253012048193,0.8031088082901554,0.4294954721862872,0.6727272727272727,0.9099099099099099,0.21345407503234154,0.49101796407185627,0.6585365853658537,0.21604139715394566,"Trea Turner","16252",607208
"Tyler Fitzgerald",2025,"FA,FC,FS,SI,CH,SL,CU,KC",311,0.6349206349206349,0.625,0.40514469453376206,0.7096774193548387,0.6818181818181818,0.19935691318327975,0.5625,0.5555555555555556,0.2057877813504823,"Tyler Fitzgerald","26208",666149
"Brady House",2025,"FA,FC,FS,SI,CH,SL,CU",288,0.6306306306306306,0.6,0.3854166666666667,0.6142857142857143,0.6744186046511628,0.24305555555555555,0.6585365853658537,0.48148148148148145,0.1423611111111111,"Brady House","29993",691781
"Alex Bregman",2025,"FA,FC,FS,SI,CH,SL,CU,KC,EP",542,0.4122448979591837,0.8811881188118812,0.45202952029520294,0.49635036496350365,0.9411764705882353,0.25276752767527677,0.3055555555555556,0.7575757575757576,0.1992619926199262,"Alex Bregman","17678",608324
"Cody Bellinger",2025,"FA,FC,FS,SI,CH,SL,CU,KC",693,0.4896551724137931,0.8098591549295775,0.417027417027417,0.559748427672956,0.8314606741573034,0.22943722943722944,0.40458015267175573,0.7735849056603774,0.18759018759018758,"Cody Bellinger","15998",641355
"Bo Naylor",2025,"FA,FC,SI,CH,SL,CU,KC",309,0.6771653543307087,0.7906976744186046,0.4110032362459547,0.691358024691358,0.8392857142857143,0.2621359223300971,0.6521739130434783,0.7,0.1488673139158576,"Bo Naylor","21865",666310
"Joey Bart",2025,"FA,FC,FS,SI,CH,SL,CU,KC",341,0.432258064516129,0.7313432835820896,0.45454545454545453,0.5657894736842105,0.8372093023255814,0.22287390029325513,0.3037974683544304,0.5416666666666666,0.2316715542521994,"Joey Bart","21524",663698
"Josh Jung",2025,"FA,FC,FS,SI,CH,SL,CU,KC",584,0.6240601503759399,0.8433734939759037,0.4554794520547945,0.7169811320754716,0.8421052631578947,0.2722602739726027,0.48598130841121495,0.8461538461538461,0.1832191780821918,"Josh Jung","26299",673962
"Darell Hernaiz",2025,"FA,FC,FS,SI,CH,SL,CU",219,0.504950495049505,0.8235294117647058,0.4611872146118721,0.6078431372549019,0.8064516129032258,0.2328767123287671,0.4,0.85,0.228310502283105,"Darell Hernaiz","26224",687231
"Geraldo Perdomo",2025,"FA,FC,FS,SI,CH,SL,CU,KC",873,0.43478260869565216,0.9625,0.4215349369988545,0.5069124423963134,0.9727272727272728,0.24856815578465064,0.33112582781456956,0.94,0.1729667812142039,"Geraldo Perdomo","22799",672695
"Alejandro Kirk",2025,"FA,FC,FS,SI,CH,SL,CU,KC,EP",558,0.5148936170212766,0.8347107438016529,0.4211469534050179,0.5528455284552846,0.9117647058823529,0.22043010752688172,0.4732142857142857,0.7358490566037735,0.2007168458781362,"Alejandro Kirk","22581",672386
"Otto Lopez",2025,"FA,FC,FS,SI,CH,SL,CU,KC",720,0.5301587301587302,0.8383233532934131,0.4361111111111111,0.5414364640883977,0.8979591836734694,0.2513888888888889,0.5149253731343284,0.7536231884057971,0.18472222222222223,"Otto Lopez","19608",672640
"Francisco Lindor",2025,"FA,FC,FS,SI,CH,SL,CU,KC",894,0.5588972431077694,0.8161434977578476,0.4463087248322148,0.6195121951219512,0.8740157480314961,0.22930648769574943,0.4948453608247423,0.7395833333333334,0.21700223713646533,"Francisco Lindor","12916",596019
"Shohei Ohtani",2025,"FA,FC,FS,SI,CH,SL,CU,KC",913,0.4908616187989556,0.6117021276595744,0.4184008762322015,0.5435897435897435,0.6886792452830188,0.21358159912376778,0.43617021276595747,0.5121951219512195,0.20481927710843373,"Shohei Ohtani","19755",660271
"Kyle Stowers",2025,"FA,FC,FS,SI,CH,SL,CU,KC",359,0.5923566878980892,0.7311827956989247,0.4373259052924791,0.6666666666666666,0.7592592592592593,0.22562674094707522,0.5131578947368421,0.6923076923076923,0.2116991643454039,"Kyle Stowers","26151",669065
"Vladimir Guerrero Jr.",2025,"FA,FC,FS,SI,CH,SL,CU,KC",601,0.4375,0.7815126050420168,0.4525790349417637,0.5324675324675324,0.8048780487804879,0.2562396006655574,0.3135593220338983,0.7297297297297297,0.19633943427620631,"Vladimir Guerrero Jr.","19611",665489
"Steven Kwan",2025,"FA,FC,FS,SI,CH,SL,CU,KC",845,0.4444444444444444,0.9358974358974359,0.4153846153846154,0.5245098039215687,0.9626168224299065,0.24142011834319527,0.3333333333333333,0.8775510204081632,0.1739644970414201,"Steven Kwan","24610",680757
"Miguel Vargas",2025,"FA,FC,FS,SI,CH,SL,CU,KC",630,0.4452296819787986,0.8333333333333334,0.4492063492063492,0.5161290322580645,0.825,0.24603174603174602,0.359375,0.8478260869565217,0.20317460317460317,"Miguel Vargas","20178",678246
"Gunnar Henderson",2025,"FA,FC,FS,SI,CH,SL,CU,KC",829,0.45588235294117646,0.6838709677419355,0.4101326899879373,0.5291005291005291,0.72,0.22798552472858866,0.36423841059602646,0.6181818181818182,0.18214716525934863,"Gunnar Henderson","26289",683002
"Brooks Lee",2025,"FA,FC,FS,SI,CH,SL,CU,KC",640,0.5724381625441696,0.7469135802469136,0.4421875,0.6438356164383562,0.8829787234042553,0.228125,0.49635036496350365,0.5588235294117647,0.2140625,"Brooks Lee","31595",686797
"Bryce Johnson",2025,"FA,FC,FS,SI,CH,SL,CU",125,0.6086956521739131,0.5714285714285714,0.368,0.6,0.6666666666666666,0.2,0.6190476190476191,0.46153846153846156,0.168,"Bryce Johnson","20002",669369
"Luis Arraez",2025,"FA,FC,SI,CH,SL,CU,KC",760,0.5065359477124183,0.9419354838709677,0.4026315789473684,0.5426829268292683,0.9550561797752809,0.21578947368421053,0.4647887323943662,0.9242424242424242,0.1868421052631579,"Luis Arraez","18568",650333
"Xander Bogaerts",2025,"FA,FC,FS,SI,CH,SL,CU,KC",627,0.453125,0.7844827586206896,0.40669856459330145,0.5454545454545454,0.8076923076923077,0.22807017543859648,0.336283185840708,0.7368421052631579,0.17862838915470494,"Xander Bogaerts","12161",593428
"Lenyn Sosa",2025,"FA,FC,FS,SI,CH,SL,CU,KC",546,0.5934959349593496,0.8767123287671232,0.45054945054945056,0.6504065040650406,0.875,0.22527472527472528,0.5365853658536586,0.8787878787878788,0.22527472527472528,"Lenyn Sosa","22896",672820
"Michael Harris II",2025,"FA,FC,FS,SI,CH,SL,CU,KC",593,0.5300751879699248,0.7021276595744681,0.448566610455312,0.5639097744360902,0.8,0.224283305227656,0.49624060150375937,0.5909090909090909,0.224283305227656,"Michael Harris II","25931",671739
"Lourdes Gurriel Jr.",2025,"FA,FC,FS,SI,CH,SL,CU,KC",560,0.6322314049586777,0.8169934640522876,0.43214285714285716,0.743801652892562,0.8666666666666667,0.21607142857142858,0.5206611570247934,0.746031746031746,0.21607142857142858,"Lourdes Gurriel Jr.","19238",666971
"Cal Raleigh",2025,"FA,FC,FS,SI,CH,SL,CU,KC",830,0.6705202312138728,0.6853448275862069,0.41686746987951806,0.7377049180327869,0.7333333333333333,0.22048192771084338,0.5950920245398773,0.6185567010309279,0.1963855421686747,"Cal Raleigh","21534",663728
"Jacob Young",2025,"FA,FC,FS,SI,CH,SL,CU,KC",404,0.42196531791907516,0.8493150684931506,0.4282178217821782,0.5625,0.9074074074074074,0.2376237623762376,0.24675324675324675,0.6842105263157895,0.1905940594059406,"Jacob Young","29931",696285
"Oneil Cruz",2025,"FA,FC,FS,SI,CH,SL,CU,KC",479,0.47029702970297027,0.631578947368421,0.4196242171189979,0.5714285714285714,0.71875,0.23382045929018788,0.34444444444444444,0.45161290322580644,0.18580375782881003,"Oneil Cruz","21711",665833
"Freddie Freeman",2025,"FA,FC,FS,SI,CH,SL,CU,KC",647,0.5983606557377049,0.7602739726027398,0.37712519319938176,0.6824324324324325,0.7227722772277227,0.2287480680061824,0.46875,0.8444444444444444,0.14837712519319937,"Freddie Freeman","5361",518692
"Ben Williamson",2025,"FA,FC,FS,SI,CH,SL,CU,KC",398,0.5,0.8313253012048193,0.41708542713567837,0.5742574257425742,0.8448275862068966,0.2537688442211055,0.38461538461538464,0.8,0.16331658291457288,"Ben Williamson","33197",810938
"Matt Shaw",2025,"FA,FC,FS,SI,CH,SL,CU,KC",443,0.5829145728643216,0.8879310344827587,0.4492099322799097,0.7075471698113207,0.9333333333333333,0.23927765237020315,0.44086021505376344,0.8048780487804879,0.20993227990970656,"Matt Shaw","33322",807713
"Gavin Sheets",2025,"FA,FC,SI,CH,SL,CU,KC",590,0.4827586206896552,0.8015873015873016,0.43898305084745765,0.5328947368421053,0.8518518518518519,0.2559322033898305,0.41284403669724773,0.7111111111111111,0.18305084745762712,"Gavin Sheets","19901",657757
"Spencer Torkelson",2025,"FA,FC,FS,SI,CH,SL,CU,KC",769,0.5060606060606061,0.7065868263473054,0.42782834850455137,0.5621301775147929,0.7894736842105263,0.21846553966189858,0.4472049689440994,0.5972222222222222,0.2093628088426528,"Spencer Torkelson","27465",679529
"Jeff McNeil",2025,"FA,FC,FS,SI,CH,SL,CU,KC",414,0.5846994535519126,0.8037383177570093,0.4420289855072464,0.625,0.8857142857142857,0.27053140096618356,0.5211267605633803,0.6486486486486487,0.17149758454106281,"Jeff McNeil","15362",643446
"Tristan Peters",2025,"FA,FC",7,0.5,0,0.5714285714285714,0.3333333333333333,0,0.42857142857142855,1,0,0.14285714285714285,"Tristan Peters","30063",671976
"Moisés Ballesteros",2025,"FA,FC,SI,SL",19,0.2857142857142857,0,0.3684210526315789,0,0,0.10526315789473684,0.4,0,0.2631578947368421,"Moises Ballesteros","28820",694208
"CJ Alexander",2025,"FC",5,0.25,0,0.8,0.5,0,0.4,0,0,0.4,"CJ Alexander","20557",680769
"Chad Stevens",2025,"FA,FC,CH,SL,CU",15,0.7142857142857143,0.6,0.4666666666666667,1,1,0.13333333333333333,0.6,0.3333333333333333,0.3333333333333333,"Chad Stevens","29614",677060
"David Bañuelos",2025,"SI,CU",7,0.6666666666666666,0.5,0.42857142857142855,0,0,0,0.6666666666666666,0.5,0.42857142857142855,"David Banuelos","23250",675915
"Tsung-Che Cheng",2025,"SL",3,0,0,0.3333333333333333,0,0,0.3333333333333333,0,0,0,"Tsung-Che Cheng","28344",691907
"Trevor Rogers",2025,"FC,SI,SL",6,0,0,0.6666666666666666,0,0,0.3333333333333333,0,0,0.3333333333333333,"Trevor Rogers","22286",669432
"Ryan Noda",2025,"FA,FC,SI,SL,KC",22,0.625,0.2,0.36363636363636365,0.5,0,0.09090909090909091,0.6666666666666666,0.25,0.2727272727272727,"Ryan Noda","23312",676116
"Shinnosuke Ogasawara",2025,"FC,CU",3,0,0,0,0,0,0,0,0,0,"Shinnosuke Ogasawara","35324",829272
"Drew Romo",2025,"FS,SI,SL",7,0.75,0,0.5714285714285714,0,0,0,0.75,0,0.5714285714285714,"Drew Romo","27763",691011
"Kenedy Corona",2025,"FA,CH",4,0,0,0.5,0,0,0,0,0,0.5,"Kenedy Corona","26244",685744
"Nick Maton",2025,"FA,CH,SL,CU",5,0,0,0.6,0,0,0.2,0,0,0.4,"Nick Maton","21635",665155
"Trenton Brooks",2025,"FA,SI,SL",9,0.6,0.6666666666666666,0.5555555555555556,0.75,0.6666666666666666,0.4444444444444444,0,0,0.1111111111111111,"Trenton Brooks","19384",670092
"Jhostynxon Garcia",2025,"FA,FC,SI,CH,SL,CU",32,0.4444444444444444,0.25,0.28125,0.25,0,0.125,0.6,0.3333333333333333,0.15625,"Jhostynxon Garcia","28142",691373
"Niko Kavadas",2025,"FA,FC,SI,SL",18,0.4,0.5,0.2777777777777778,0.3333333333333333,0,0.16666666666666666,0.5,1,0.1111111111111111,"Niko Kavadas","29782",694359
"Vimael Machín",2025,"FA,SL",6,0.6666666666666666,1,0.5,0.6666666666666666,1,0.5,0,0,0,"Vimael Machin","17684",605353
"Jacob Hurtubise",2025,"CU",3,0.5,1,0.6666666666666666,1,1,0.3333333333333333,0,0,0.3333333333333333,"Jacob Hurtubise","27599",674441
"Garrett Stubbs",2025,"FA,FC,SI",4,0.6666666666666666,1,0.75,1,1,0.5,0,0,0.25,"Garrett Stubbs","18067",596117
"Will Banfield",2025,"FA,SL",4,1,1,0.5,1,1,0.25,1,1,0.25,"Will Banfield","23790",677943
"Gage Workman",2025,"SL",2,0,0,0,0,0,0,0,0,0,"Gage Workman","27573",669398
"Jihwan Bae",2025,"FA,FC,SI,SL,CU",15,0.625,0.6,0.5333333333333333,0.5,0.5,0.26666666666666666,0.75,0.6666666666666666,0.26666666666666666,"Jihwan Bae","23818",678225
"J.D. Davis",2025,"FA,SI,SL",3,0.5,1,0.6666666666666666,0.5,1,0.6666666666666666,0,0,0,"J.D. Davis","16219",605204
"Luis Guillorme",2025,"FA,SI,CU",19,0.625,0.8,0.42105263157894735,0.7142857142857143,0.8,0.3684210526315789,0,0,0.05263157894736842,"Luis Guillorme","16451",641645
"Dustin Harris",2025,"FA,CH,SL,CU",8,0.4,1,0.625,0.3333333333333333,1,0.375,0.5,1,0.25,"Dustin Harris","25705",687957
"Rhylan Thomas",2025,"FA",1,0,0,0,0,0,0,0,0,0,"Rhylan Thomas","31793",689041
"C.J. Stubbs",2025,"FA,SI,CH,CU",4,1,1,0.25,1,1,0.25,0,0,0,"C.J. Stubbs","25814",667690
"Sam Hilliard",2025,"FA,SI,SL,CU",16,0.5,0,0.375,0.4,0,0.3125,1,0,0.0625,"Sam Hilliard","17954",656541
"Petey Halpin",2025,"SI",1,0,0,0,0,0,0,0,0,0,"Petey Halpin","27931",690984
"Tyler Alexander",2025,"FA",3,0.6666666666666666,1,1,0.5,1,0.6666666666666666,1,1,0.3333333333333333,"Tyler Alexander","17735",641302
"Aramis Garcia",2025,"FA,SL",7,0,0,0.2857142857142857,0,0,0,0,0,0.2857142857142857,"Aramis Garcia","16925",605244
"Billy McKinney",2025,"FA,SI",5,0.5,1,0.4,1,1,0.2,0,0,0.2,"Billy McKinney","15654",641856
"Trey Lipscomb",2025,"FA,SL",3,0,0,0,0,0,0,0,0,0,"Trey Lipscomb","31567",702358
"Jordyn Adams",2025,"SL",1,0,0,0,0,0,0,0,0,0,"Jordyn Adams","23788",677941
"Jose Siri",2025,"FA,FC,SI,CH,SL,CU",66,0.4827586206896552,0.5,0.4393939393939394,0.5294117647058824,0.6666666666666666,0.25757575757575757,0.4166666666666667,0.2,0.18181818181818182,"Jose Siri","17452",642350
"Drew Avans",2025,"FC,SI,SL",12,0.75,1,0.3333333333333333,1,1,0.16666666666666666,0.5,1,0.16666666666666666,"Drew Avans","25183",682183
"Jonathan Ornelas",2025,"FA,FC,SI,CH,SL,CU",11,0.5,1,0.36363636363636365,0,0,0.09090909090909091,0.6666666666666666,1,0.2727272727272727,"Jonathan Ornelas","24597",680716
"Maverick Handley",2025,"FA,FC,SI,CH,SL,CU",34,0.35294117647058826,0.3333333333333333,0.5,0.45454545454545453,0.4,0.3235294117647059,0.16666666666666666,0,0.17647058823529413,"Maverick Handley","26106",668974
"Carter Kieboom",2025,"FA,SI,CH,SL",8,0.75,0.6666666666666666,0.5,1,1,0.125,0.6666666666666666,0.5,0.375,"Carter Kieboom","19958",666198
"Nicky Lopez",2025,"FA,SI,SL",7,0.2,1,0.7142857142857143,0.5,1,0.2857142857142857,0,0,0.42857142857142855,"Nicky Lopez","19339",670032
"Akil Baddoo",2025,"SI",3,1,0.5,0.6666666666666666,1,1,0.3333333333333333,1,0,0.3333333333333333,"Akil Baddoo","22168",668731
"Donovan Walton",2025,"SI,SL",3,0,0,0.3333333333333333,0,0,0,0,0,0.3333333333333333,"Donovan Walton","19314",622268
"Harry Ford",2025,"FA,CH,SL",16,0.3333333333333333,1,0.1875,0.3333333333333333,1,0.1875,0,0,0,"Harry Ford","29958",695670
"Michael Stefanic",2025,"FA,FC,SI,CH,SL",20,0.3333333333333333,0.25,0.6,0.3333333333333333,0,0.3,0.3333333333333333,0.5,0.3,"Michael Stefanic","25353",683021
"Bryce Eldridge",2025,"FA,SL",7,0.5,0,0.2857142857142857,0,0,0,0.5,0,0.2857142857142857,"Bryce Eldridge","33390",805811
"Steward Berroa",2025,"FA,SI,CH,SL",21,0,0,0.19047619047619047,0,0,0.19047619047619047,0,0,0,"Steward Berroa","22766",672642
"Chuckie Robinson",2025,"FA,CU",4,0,0,0.5,0,0,0.25,0,0,0.25,"Chuckie Robinson","19824",642020
"Jarred Kelenic",2025,"FA,SI,SL,CU",27,0.4,0.25,0.37037037037037035,0.375,0.3333333333333333,0.2962962962962963,0.5,0,0.07407407407407407,"Jarred Kelenic","22558",672284
"Jon Singleton",2025,"FA,SL",5,0.3333333333333333,1,0.6,0.5,1,0.4,0,0,0.2,"Jon Singleton","10441",572138
"Bryan Ramos",2025,"FA,SI,CH",5,1,0.75,0.8,1,1,0.4,1,0.5,0.4,"Bryan Ramos","25621",682868
"Keston Hiura",2025,"FA,CH,CU",16,0.8333333333333334,0.6,0.375,1,0.6,0.3125,0,0,0.0625,"Keston Hiura","20003",669374
"Tristin English",2025,"FA,SI,SL,CU,KC",19,0.625,1,0.42105263157894735,1,1,0.21052631578947367,0.25,1,0.21052631578947367,"Tristin English","26148",663536
"Seth Brown",2025,"FA,FC,SI,SL",32,0.5882352941176471,0.6,0.53125,0.6666666666666666,0.5,0.1875,0.5454545454545454,0.6666666666666666,0.34375,"Seth Brown","18171",664913
"Grant McCray",2025,"FA,FC,SI,CH,SL",18,0.75,0.6666666666666666,0.4444444444444444,0.8,0.75,0.2777777777777778,0.6666666666666666,0.5,0.16666666666666666,"Grant McCray","25690",687529
"Jared Young",2025,"SI,SL,CU",4,0.6666666666666666,1,0.75,0.5,1,0.5,1,1,0.25,"Jared Young","20404",676724
"Jace Jung",2025,"FA,SI,CH,CU",7,0.5,1,0.2857142857142857,1,1,0.14285714285714285,0,0,0.14285714285714285,"Jace Jung","31437",690291
"Michael Siani",2025,"SI,SL,CU",7,0.5,1,0.5714285714285714,0.6666666666666666,1,0.42857142857142855,0,0,0.14285714285714285,"Michael Siani","22557",672279
"Omar Narváez",2025,"FA,FC,SI,CU",12,0.25,1,0.3333333333333333,0.5,1,0.16666666666666666,0,0,0.16666666666666666,"Omar Narvaez","13338",553882
"Sergio Alcántara",2025,"FA,CH,SL",11,0.42857142857142855,1,0.6363636363636364,0.5,1,0.18181818181818182,0.4,1,0.45454545454545453,"Sergio Alcantara","16417",642727
"Dairon Blanco",2025,"FA,FC,SI,CH,SL,CU",23,0.6666666666666666,1,0.13043478260869565,0.6666666666666666,1,0.13043478260869565,0,0,0,"Dairon Blanco","19779",680118
"Blake Sabol",2025,"FA,SI,SL,CU",18,0.7,0.7142857142857143,0.5555555555555556,0.8571428571428571,0.6666666666666666,0.3888888888888889,0.3333333333333333,1,0.16666666666666666,"Blake Sabol","25805",666165
"Tucker Barnhart",2025,"FA,FC,SI,CH,SL",21,0.42857142857142855,1,0.3333333333333333,0.4,1,0.23809523809523808,0.5,1,0.09523809523809523,"Tucker Barnhart","10200",571466
"Dom Nuñez",2025,"FA,SI,SL,CU",24,0.2727272727272727,0.6666666666666666,0.4583333333333333,0.6,0.6666666666666666,0.20833333333333334,0,0,0.25,"Dom Nunez","15055",624513
"Anthony Seigler",2025,"FA,SI,SL,CU",15,0.3333333333333333,0,0.2,0.3333333333333333,0,0.2,0,0,0,"Anthony Seigler","23802",678011
"Mason McCoy",2025,"FA,FC,FS,SI,SL",20,0.3333333333333333,0.6666666666666666,0.45,0.5,0.5,0.2,0.2,1,0.25,"Mason McCoy","22232",669200
"Rafael Flores Jr.",2025,"FA,SI,CH,SL,CU,KC",47,0.6333333333333333,0.5789473684210527,0.6382978723404256,0.8461538461538461,0.45454545454545453,0.2765957446808511,0.47058823529411764,0.75,0.3617021276595745,"Rafael Flores Jr.","31991",804668
"Jesse Winker",2025,"FA,FC,SI,SL,KC",22,0.3333333333333333,1,0.2727272727272727,0.2,1,0.22727272727272727,1,1,0.045454545454545456,"Jesse Winker","13590",608385
"Sandy León",2025,"FA,SI,CH,CU",11,1,0.8,0.45454545454545453,1,0.8,0.45454545454545453,0,0,0,"Sandy Leon","5273",506702
"Connor Kaiser",2025,"FA,FC,FS,CH,CU,KC",16,0.5,1,0.25,0.6666666666666666,1,0.1875,0,0,0.0625,"Connor Kaiser","21535",663731
"Denzer Guzman",2025,"FA,FC,SI,CH,SL,CU,KC",37,0.6875,0.5454545454545454,0.43243243243243246,0.625,0.6,0.21621621621621623,0.75,0.5,0.21621621621621623,"Denzer Guzman","28816",694203
"Sebastián Rivero",2025,"FA,FC,FS,SI,CH,SL,CU",17,0.75,1,0.23529411764705882,1,1,0.17647058823529413,0,0,0.058823529411764705,"Sebastian Rivero","21735",665861
"Nick Martini",2025,"FA,SI,SL,CU",23,0.5454545454545454,0.8333333333333334,0.4782608695652174,1,0.8,0.21739130434782608,0.16666666666666666,1,0.2608695652173913,"Nick Martini","12005",605361
"Brice Matthews",2025,"FA,FC,SI,CH,SL,CU",55,0.6111111111111112,0.45454545454545453,0.32727272727272727,0.625,0.4,0.14545454545454545,0.6,0.5,0.18181818181818182,"Brice Matthews","33280",694728
"Cam Devanney",2025,"FA,FS,SI,CH,SL,CU",69,0.48148148148148145,0.7692307692307693,0.391304347826087,0.5882352941176471,0.9,0.2463768115942029,0.3,0.3333333333333333,0.14492753623188406,"Cam Devanney","25688",687478
"Owen Miller",2025,"FA,FC,FS,SI,CH,SL,CU,KC",37,0.47619047619047616,0.8,0.5675675675675675,0.5833333333333334,0.8571428571428571,0.32432432432432434,0.3333333333333333,0.6666666666666666,0.24324324324324326,"Owen Miller","24655",680911
"Billy Cook",2025,"FA,SI,CH,SL",15,0.5714285714285714,1,0.4666666666666667,0.6666666666666666,1,0.2,0.5,1,0.26666666666666666,"Billy Cook","29573",695257
"Zach Cole",2025,"FA,FC,SI,CH,SL,CU",51,0.23076923076923078,0.3333333333333333,0.5098039215686274,0.1,0,0.19607843137254902,0.3125,0.4,0.3137254901960784,"Zach Cole","31583",805904
"Adrian Del Castillo",2025,"FA,FC,SI,CH,SL,CU",39,0.5,0.75,0.41025641025641024,0.4444444444444444,0.75,0.23076923076923078,0.5714285714285714,0.75,0.1794871794871795,"Adrian Del Castillo","29554",680728
"César Salazar",2025,"FA,FC,SI,SL,CU,KC",21,0.8181818181818182,0.7777777777777778,0.5238095238095238,0.8571428571428571,1,0.3333333333333333,0.75,0.3333333333333333,0.19047619047619047,"Cesar Salazar","21587",663967
"Luke Williams",2025,"FA,SI,CH,SL,CU",26,0.6,0.3333333333333333,0.38461538461538464,0.8333333333333334,0.4,0.23076923076923078,0.25,0,0.15384615384615385,"Luke Williams","19931",663897
"Troy Johnston",2025,"FA,SI,SL",33,0.75,0.8333333333333334,0.48484848484848486,0.8,0.75,0.30303030303030304,0.6666666666666666,1,0.18181818181818182,"Troy Johnston","26143",687859
"Travis Jankowski",2025,"FA,FC,SI,SL,KC",26,0.5,0.5,0.3076923076923077,0.3333333333333333,1,0.11538461538461539,0.6,0.3333333333333333,0.19230769230769232,"Travis Jankowski","13768",608671
"Nick Ahmed",2025,"FA,CH,SL",22,0.8333333333333334,0.5,0.5454545454545454,1,0.5,0.18181818181818182,0.75,0.5,0.36363636363636365,"Nick Ahmed","12147",605113
"Samad Taylor",2025,"FA,FC,SI,CH,SL,CU",18,0.5833333333333334,0.8571428571428571,0.6666666666666666,0.5,0.75,0.4444444444444444,0.75,1,0.2222222222222222,"Samad Taylor","22274",669392
"Ali Sánchez",2025,"FA,FC,SI,CH,SL,CU,EP",26,0.7272727272727273,0.875,0.4230769230769231,0.75,1,0.15384615384615385,0.7142857142857143,0.8,0.2692307692307692,"Ali Sanchez","18551",645305
"MJ Melendez",2025,"FA,SI,SL,CU",45,0.35,0.7142857142857143,0.4444444444444444,0.3,0.6666666666666666,0.2222222222222222,0.4,0.75,0.2222222222222222,"MJ Melendez","22197",669004
"Austin Nola",2025,"FA,FC,FS,SI,CH,SL,CU",23,0.6363636363636364,1,0.4782608695652174,0.625,1,0.34782608695652173,0.6666666666666666,1,0.13043478260869565,"Austin Nola","15941",543592
"George Valera",2025,"FA,SI,CH,SL",22,0.5,0.8,0.45454545454545453,0.5,0.6666666666666666,0.2727272727272727,0.5,1,0.18181818181818182,"George Valera","22541",671655
"Oliver Dunn",2025,"FA,SI,SL,CU",18,0.6666666666666666,1,0.16666666666666666,0.5,1,0.1111111111111111,1,1,0.05555555555555555,"Oliver Dunn","26295",686554
"Dominic Fletcher",2025,"FA,SI,CH,SL,CU",28,0.5454545454545454,1,0.39285714285714285,0.5,1,0.21428571428571427,0.6,1,0.17857142857142858,"Dominic Fletcher","26149",666150
"Kevin Alcántara",2025,"FA,SI,CH,SL,CU",26,0.45454545454545453,0.4,0.4230769230769231,0.5,0.5,0.15384615384615385,0.42857142857142855,0.3333333333333333,0.2692307692307692,"Kevin Alcantara","25971",682634
"Carlos Cortes",2025,"FA,SI,SL,CU,KC",19,0.4444444444444444,1,0.47368421052631576,0.3333333333333333,1,0.15789473684210525,0.5,1,0.3157894736842105,"Carlos Cortes","21842",666126
"Jorbit Vivas",2025,"FA,SI,SL,CU",23,0.16666666666666666,1,0.2608695652173913,0.3333333333333333,1,0.13043478260869565,0,0,0.13043478260869565,"Jorbit Vivas","23917",678391
"Matt Mervis",2025,"FA,SI,CH,SL,CU",34,0.5333333333333333,0.625,0.4411764705882353,0.5,0.6666666666666666,0.35294117647058826,0.6666666666666666,0.5,0.08823529411764706,"Matt Mervis","27845",670223
"Ryan Vilade",2025,"FA,FC,SI,CH,SL,CU,KC",47,0.5789473684210527,0.6363636363636364,0.40425531914893614,0.7692307692307693,0.6,0.2765957446808511,0.16666666666666666,1,0.1276595744680851,"Ryan Vilade","22165",668723
"Jack Suwinski",2025,"FA,FC,SI,CH,SL,CU",29,0.9,0.5555555555555556,0.3448275862068966,1,0.5,0.20689655172413793,0.75,0.6666666666666666,0.13793103448275862,"Jack Suwinski","22244",669261
"Bobby Dalbec",2025,"FA,FC,SI,CH,SL,CU",36,0.3125,0.8,0.4444444444444444,0.45454545454545453,0.8,0.3055555555555556,0,0,0.1388888888888889,"Bobby Dalbec","19966",666915
"Chadwick Tromp",2025,"FA,FC,SI,CH,SL,CU",23,0.25,1,0.5217391304347826,0.2857142857142857,1,0.30434782608695654,0.2,1,0.21739130434782608,"Chadwick Tromp","16953",644433
"Alex Freeland",2025,"FA,FC,FS,SI,CH,SL,CU",68,0.37037037037037035,0.3,0.39705882352941174,0.4666666666666667,0,0.22058823529411764,0.25,1,0.17647058823529413,"Alex Freeland","31665",690976
"Rece Hinds",2025,"FA,FC,SI,CH,SL,CU,KC",82,0.7272727272727273,0.3333333333333333,0.4024390243902439,0.6428571428571429,0.4444444444444444,0.17073170731707318,0.7894736842105263,0.26666666666666666,0.23170731707317074,"Rece Hinds","27493",677956
"DaShawn Keirsey Jr.",2025,"FA,FC,SI,CH,SL,CU,KC,EP",91,0.5652173913043478,0.5384615384615384,0.5054945054945055,0.6,0.5,0.21978021978021978,0.5384615384615384,0.5714285714285714,0.2857142857142857,"DaShawn Keirsey Jr.","24496",680577
"Zac Veen",2025,"FA,FC,SI,CH,SL,CU",48,0.6111111111111112,0.8181818181818182,0.375,0.7272727272727273,0.75,0.22916666666666666,0.42857142857142855,1,0.14583333333333334,"Zac Veen","27770",691728
"Logan Davidson",2025,"FA,FC,SI,CH,SL,CU",28,0.42857142857142855,0.6666666666666666,0.25,0.25,0,0.14285714285714285,0.6666666666666666,1,0.10714285714285714,"Logan Davidson","25844",669722
"Jake Fraley",2025,"FA,FC,SI,SL",50,0.3333333333333333,0.7142857142857143,0.42,0.5555555555555556,1,0.18,0.16666666666666666,0,0.24,"Jake Fraley","19260",641584
"Cavan Biggio",2025,"FA,FC,SI,SL,CU",35,0.08333333333333333,0,0.34285714285714286,0.16666666666666666,0,0.17142857142857143,0,0,0.17142857142857143,"Cavan Biggio","19252",624415
"Daniel Johnson",2025,"FA,SI,CH,SL,CU",24,0.7777777777777778,0.7142857142857143,0.375,0.6,0.6666666666666666,0.20833333333333334,1,0.75,0.16666666666666666,"Daniel Johnson","19643",669288
"Justin Foscue",2025,"FA,FC,SI,CH,SL",42,0.4090909090909091,1,0.5238095238095238,0.5714285714285714,1,0.3333333333333333,0.125,1,0.19047619047619047,"Justin Foscue","27501",679822
"Sal Stewart",2025,"FA,SI,CH,SL,CU",20,0.6363636363636364,0.7142857142857143,0.55,0.8,0.75,0.25,0.5,0.6666666666666666,0.3,"Sal Stewart","31505",701398
"Jorge Alfaro",2025,"FA,FC,CH,SL,CU",33,0.9,0.5555555555555556,0.30303030303030304,0.875,0.7142857142857143,0.24242424242424243,1,0,0.06060606060606061,"Jorge Alfaro","12180",595751
"Brett Wisely",2025,"FA,FC,SI,SL,CU,KC",37,0.5333333333333333,0.25,0.40540540540540543,0.7142857142857143,0.2,0.1891891891891892,0.375,0.3333333333333333,0.21621621621621623,"Brett Wisely","27735",689172
"Zach Dezenzo",2025,"FA,SI,CH,SL,CU",46,0.6111111111111112,0.5454545454545454,0.391304347826087,1,0.7142857142857143,0.15217391304347827,0.36363636363636365,0.25,0.2391304347826087,"Zach Dezenzo","31562",701305
"Tim Elko",2025,"FA,FC,SI,CH,SL,CU,KC",79,0.6410256410256411,0.52,0.4936708860759494,0.7619047619047619,0.5,0.26582278481012656,0.5,0.5555555555555556,0.22784810126582278,"Tim Elko","31522",671284
"Corey Julks",2025,"FA,SI,CH,SL,CU",29,0.375,0.3333333333333333,0.27586206896551724,0.5,0.5,0.13793103448275862,0.25,0,0.13793103448275862,"Corey Julks","20311",667452
"Austin Barnes",2025,"FA,CH,SL,CU",26,0.5,1,0.3076923076923077,0.4,1,0.19230769230769232,0.6666666666666666,1,0.11538461538461539,"Austin Barnes","12158",605131
"Coco Montes",2025,"FA,FC,CH,SL,CU",23,0.4166666666666667,0.8,0.5217391304347826,0.25,1,0.17391304347826086,0.5,0.75,0.34782608695652173,"Coco Montes","21547",663796
"Brian Navarreto",2025,"FA,FC,SI,CH,SL,CU,KC",18,0.5,1,0.2222222222222222,0,0,0,0.5,1,0.2222222222222222,"Brian Navarreto","16398",640459
"Jimmy Crooks",2025,"FA,SI,SL,CU",31,0.3333333333333333,0.75,0.3870967741935484,0.5714285714285714,0.75,0.22580645161290322,0,0,0.16129032258064516,"Jimmy Crooks","31354",699625
"Rob Brantly",2025,"FA,SI,CH,SL",19,0.7,0.42857142857142855,0.5263157894736842,1,0.6,0.2631578947368421,0.4,0,0.2631578947368421,"Rob Brantly","10655",542963
"Nick Solak",2025,"FA,FC,SI,CH,SL,CU",21,0.6363636363636364,0.7142857142857143,0.5238095238095238,0.6,0.6666666666666666,0.23809523809523808,0.6666666666666666,0.75,0.2857142857142857,"Nick Solak","19294",669256
"Drew Millas",2025,"FA,FC,FS,SI,CH,SL,CU",57,0.43478260869565216,0.4,0.40350877192982454,0.6363636363636364,0.42857142857142855,0.19298245614035087,0.25,0.3333333333333333,0.21052631578947367,"Drew Millas","25643",686452
"Jose F Miranda",2025,"FA,FC,SI,CH,SL,CU",61,0.625,0.6,0.39344262295081966,0.6428571428571429,0.8888888888888888,0.22950819672131148,0.6,0.16666666666666666,0.16393442622950818,"Jose F Miranda","20538",669304
"Yanquiel Fernández",2025,"FA,FC,SI,CH,SL,CU",41,0.5384615384615384,0.5714285714285714,0.3170731707317073,0.4,1,0.12195121951219512,0.625,0.4,0.1951219512195122,"Yanquiel Fernandez","28552",692585
"Will Robertson",2025,"FA,FC,SI,CH,SL",34,0.21428571428571427,1,0.4117647058823529,0.2,1,0.14705882352941177,0.2222222222222222,1,0.2647058823529412,"Will Robertson","25467",683770
"José Azócar",2025,"FA,FC,SI,CH,SL,CU",34,0.4,1,0.4411764705882353,0.5,1,0.17647058823529413,0.3333333333333333,1,0.2647058823529412,"Jose Azocar","18821",640492
"Alan Trejo",2025,"FA,SI,CH,SL,CU",27,0.45454545454545453,0.6,0.4074074074074074,0.6,0.6666666666666666,0.18518518518518517,0.3333333333333333,0.5,0.2222222222222222,"Alan Trejo","20056",676701
"Bob Seymour",2025,"FA,FC,SI,SL,CU",73,0.4666666666666667,0.7142857142857143,0.410958904109589,0.5625,0.8888888888888888,0.2191780821917808,0.35714285714285715,0.4,0.1917808219178082,"Bob Seymour","30028",676044
"Endy Rodríguez",2025,"FA,FC,FS,SI,CH,SL,CU",41,0.4444444444444444,0.375,0.43902439024390244,0.375,1,0.1951219512195122,0.5,0,0.24390243902439024,"Endy Rodriguez","25332",682848
"Luis Campusano",2025,"FA,FS,SI,CH,SL,CU,KC",84,0.34146341463414637,0.7857142857142857,0.4880952380952381,0.5,0.9090909090909091,0.2619047619047619,0.15789473684210525,0.3333333333333333,0.2261904761904762,"Luis Campusano","22217",669134
"Scott Kingery",2025,"FA,FC,SI,CH,SL,CU",40,0.8947368421052632,0.7647058823529411,0.475,1,0.75,0.3,0.7142857142857143,0.8,0.175,"Scott Kingery","17975",664068
"Luke Maile",2025,"FA,FC,SI,CH,SL,CU",81,0.5675675675675675,0.7619047619047619,0.4567901234567901,0.6875,1,0.19753086419753085,0.47619047619047616,0.5,0.25925925925925924,"Luke Maile","13355",571912
"Kris Bryant",2025,"FA,FC,SI,CH,SL",49,0.5416666666666666,0.5384615384615384,0.4897959183673469,0.6666666666666666,0.7,0.30612244897959184,0.3333333333333333,0,0.1836734693877551,"Kris Bryant","15429",592178
"Taylor Trammell",2025,"FA,FC,SI,CH,SL,CU",63,0.48,0.3333333333333333,0.3968253968253968,0.5625,0.3333333333333333,0.25396825396825395,0.3333333333333333,0.3333333333333333,0.14285714285714285,"Taylor Trammell","19960",666211
"Ryan Bliss",2025,"FA,FC,SI,CH,SL,CU",58,0.34615384615384615,0.3333333333333333,0.4482758620689655,0.5384615384615384,0.2857142857142857,0.22413793103448276,0.15384615384615385,0.5,0.22413793103448276,"Ryan Bliss","29547",669208
"José Fermín",2025,"FA,FC,SI,CH,SL,CU",42,0.3333333333333333,1,0.5,0.3,1,0.23809523809523808,0.36363636363636365,1,0.2619047619047619,"Jose Fermin","21746",665877
"Enmanuel Valdez",2025,"FA,SI,CH,SL,CU",36,0.6153846153846154,0.5,0.3611111111111111,0.625,0.8,0.2222222222222222,0.6,0,0.1388888888888889,"Enmanuel Valdez","21716",665839
"Vidal Bruján",2025,"FA,FC,SI,CH,SL,CU",67,0.6153846153846154,0.625,0.3880597014925373,0.6666666666666666,1,0.1791044776119403,0.5714285714285714,0.25,0.208955223880597,"Vidal Brujan","20536",660644
"José Barrero",2025,"FA,FC,SI,CH,SL,CU",55,0.6363636363636364,0.8571428571428571,0.4,0.7272727272727273,1,0.2,0.5454545454545454,0.6666666666666666,0.2,"Jose Barrero","23378",676480
"Alejandro Osuna",2025,"FA,FC,SI,CH,SL,CU",49,0.5454545454545454,0.9166666666666666,0.4489795918367347,0.6,0.8888888888888888,0.30612244897959184,0.42857142857142855,1,0.14285714285714285,"Alejandro Osuna","27915",696030
"Jack Winkler",2025,"FA,FC,SI,CH,SL,CU,KC",57,0.6666666666666666,0.6666666666666666,0.47368421052631576,0.7222222222222222,0.8461538461538461,0.3157894736842105,0.5555555555555556,0.2,0.15789473684210525,"Jack Winkler","29830",676466
"Hayden Senger",2025,"FA,FC,SI,CH,SL,CU",62,0.7037037037037037,0.6842105263157895,0.43548387096774194,0.8571428571428571,0.75,0.22580645161290322,0.5384615384615384,0.5714285714285714,0.20967741935483872,"Hayden Senger","21489",663584
"Ryan Kreidler",2025,"FA,FC,SI,CH,SL,CU",63,0.4666666666666667,0.5714285714285714,0.47619047619047616,0.5294117647058824,0.6666666666666666,0.2698412698412698,0.38461538461538464,0.4,0.20634920634920634,"Ryan Kreidler","25867",668952
"Jason Heyward",2025,"FA,SI,CH,SL",44,0.5882352941176471,1,0.38636363636363635,0.6666666666666666,1,0.20454545454545456,0.5,1,0.18181818181818182,"Jason Heyward","4940",518792
"Pavin Smith",2025,"FA,FC,SI,CH,SL,CU",103,0.36363636363636365,0.5,0.42718446601941745,0.35,0.42857142857142855,0.1941747572815534,0.375,0.5555555555555556,0.23300970873786409,"Pavin Smith","19892",656976
"Triston Casas",2025,"FA,FC,SI,CH,SL,CU",39,0.46153846153846156,0.8333333333333334,0.3333333333333333,0.4,1,0.1282051282051282,0.5,0.75,0.20512820512820512,"Triston Casas","22514",671213
"Joc Pederson",2025,"FA,FC,FS,SI,CH,SL,CU",85,0.1951219512195122,0.75,0.4823529411764706,0.2,1,0.23529411764705882,0.19047619047619047,0.5,0.24705882352941178,"Joc Pederson","11899",592626
"Shay Whitcomb",2025,"FA,FC,SI,CH,SL,CU,KC",36,0.47058823529411764,0.625,0.4722222222222222,0.5,0.5,0.2222222222222222,0.4444444444444444,0.75,0.25,"Shay Whitcomb","27789",694376
"Zack Gelof",2025,"FA,FC,SI,CH,SL,CU",117,0.5660377358490566,0.36666666666666664,0.452991452991453,0.6785714285714286,0.42105263157894735,0.23931623931623933,0.44,0.2727272727272727,0.21367521367521367,"Zack Gelof","29766",680869
"Bryan De La Cruz",2025,"FA,FC,SI,CH,SL,CU",61,0.6190476190476191,0.9230769230769231,0.3442622950819672,0.6153846153846154,0.875,0.21311475409836064,0.625,1,0.13114754098360656,"Bryan De La Cruz","19600",650559
"Tomás Nido",2025,"FA,FC,FS,SI,CH,SL,KC",26,0.7692307692307693,0.9,0.5,1,0.9,0.38461538461538464,0,0,0.11538461538461539,"Tomas Nido","13755",621512
"Jake Bauers",2025,"FA,FC,SI,CH,SL,CU",58,0.4074074074074074,0.5454545454545454,0.46551724137931033,0.46153846153846156,0.6666666666666666,0.22413793103448276,0.35714285714285715,0.4,0.2413793103448276,"Jake Bauers","15194",641343
"Jacob Melton",2025,"FA,FC,SI,CH,SL,CU",68,0.41935483870967744,0.5384615384615384,0.45588235294117646,0.4444444444444444,0.625,0.2647058823529412,0.38461538461538464,0.4,0.19117647058823528,"Jacob Melton","31661",689200
"Sam Huff",2025,"FA,FC,SI,CH,SL,CU",72,0.5151515151515151,0.5294117647058824,0.4583333333333333,0.6666666666666666,0.6,0.20833333333333334,0.3888888888888889,0.42857142857142855,0.25,"Sam Huff","22209",669087
"Zack Short",2025,"FA,FC,SI,CH,SL,CU",94,0.5227272727272727,0.6521739130434783,0.46808510638297873,0.5909090909090909,0.7692307692307693,0.23404255319148937,0.45454545454545453,0.5,0.23404255319148937,"Zack Short","19562",670097
"Victor Mesa Jr.",2025,"FA,FS,SI,CH,SL",33,0.625,0.6,0.24242424242424243,0.8,0.75,0.15151515151515152,0.3333333333333333,0,0.09090909090909091,"Victor Mesa Jr.","25999",683748
"Rowdy Tellez",2025,"FA,FC,SI,CH,SL,CU",107,0.5,0.5,0.5233644859813084,0.6666666666666666,0.5,0.22429906542056074,0.375,0.5,0.29906542056074764,"Rowdy Tellez","15679",642133
"Tyler Wade",2025,"FA,FC,SI,SL,CU",115,0.43137254901960786,0.6363636363636364,0.4434782608695652,0.4666666666666667,0.6428571428571429,0.2608695652173913,0.38095238095238093,0.625,0.1826086956521739,"Tyler Wade","15730",642180
"Nathan Church",2025,"FA,SI,CH,SL,CU",60,0.7142857142857143,0.9,0.4666666666666667,0.7647058823529411,0.8461538461538461,0.2833333333333333,0.6363636363636364,1,0.18333333333333332,"Nathan Church","31357",701675
"Hunter Feduccia",2025,"FA,FC,SI,CH,SL,CU,KC",96,0.5142857142857142,0.6111111111111112,0.3645833333333333,0.5238095238095238,0.7272727272727273,0.21875,0.5,0.42857142857142855,0.14583333333333334,"Hunter Feduccia","23372",676439
"Joshua Palacios",2025,"FA,FC,SI,SL,CU",63,0.7083333333333334,0.6470588235294118,0.38095238095238093,0.7692307692307693,0.7,0.20634920634920634,0.6363636363636364,0.5714285714285714,0.1746031746031746,"Joshua Palacios","19818",641943
"Maximo Acosta",2025,"FA,SI,CH,SL,CU",92,0.41304347826086957,0.5789473684210527,0.5,0.39285714285714285,0.5454545454545454,0.30434782608695654,0.4444444444444444,0.625,0.1956521739130435,"Maximo Acosta","27963",691185
"Esteury Ruiz",2025,"FA,FC,SI,CH,SL,CU,KC",66,0.8571428571428571,0.4166666666666667,0.42424242424242425,0.9333333333333333,0.2857142857142857,0.22727272727272727,0.7692307692307693,0.6,0.19696969696969696,"Esteury Ruiz","21780",665923
"Korey Lee",2025,"FA,FC,FS,SI,CH,SL,CU,KC",52,0.5,0.8181818181818182,0.4230769230769231,0.5454545454545454,0.8333333333333334,0.21153846153846154,0.45454545454545453,0.8,0.21153846153846154,"Korey Lee","25543",686676
"J.C. Escarra",2025,"FA,FC,SI,CH,SL",55,0.4583333333333333,0.8181818181818182,0.43636363636363634,0.7777777777777778,0.8571428571428571,0.16363636363636364,0.26666666666666666,0.75,0.2727272727272727,"J.C. Escarra","20084",641555
"Kyren Paris",2025,"FA,FC,SI,CH,SL,CU",77,0.5757575757575758,0.5263157894736842,0.42857142857142855,0.75,0.5833333333333334,0.2077922077922078,0.4117647058823529,0.42857142857142855,0.22077922077922077,"Kyren Paris","26420",677347
"Ronny Simon",2025,"FA,FC,FS,SI,CH,SL,CU,KC",51,0.5217391304347826,0.5833333333333334,0.45098039215686275,0.6666666666666666,0.5,0.17647058823529413,0.42857142857142855,0.6666666666666666,0.27450980392156865,"Ronny Simon","25346",682927
"Pablo Reyes",2025,"FA,FC,SI,CH,SL,CU",75,0.30303030303030304,1,0.44,0.5,1,0.21333333333333335,0.11764705882352941,1,0.22666666666666666,"Pablo Reyes","16357",622569
"Reese McGuire",2025,"FA,FC,SI,SL,CU,KC",59,0.39285714285714285,0.6363636363636364,0.4745762711864407,0.42857142857142855,0.8333333333333334,0.23728813559322035,0.35714285714285715,0.4,0.23728813559322035,"Reese McGuire","15674",624512
"Blaine Crim",2025,"FA,FC,FS,SI,CH,SL,CU",51,0.4782608695652174,0.8181818181818182,0.45098039215686275,0.4666666666666667,1,0.29411764705882354,0.5,0.5,0.1568627450980392,"Blaine Crim","25714",688760
"Manuel Margot",2025,"FA,FC,SI,CH,SL,CU",49,0.5454545454545454,0.6666666666666666,0.4489795918367347,0.6428571428571429,0.7777777777777778,0.2857142857142857,0.375,0.3333333333333333,0.16326530612244897,"Manuel Margot","14712",622534
"Heston Kjerstad",2025,"FA,FC,FS,SI,CH,SL,CU",97,0.5789473684210527,0.8636363636363636,0.3917525773195876,0.6666666666666666,0.8571428571428571,0.21649484536082475,0.47058823529411764,0.875,0.17525773195876287,"Heston Kjerstad","31166",677008
"Tim Anderson",2025,"FA,FC,SI,CH,SL,CU,KC",66,0.48484848484848486,0.75,0.5,0.4375,0.7142857142857143,0.24242424242424243,0.5294117647058824,0.7777777777777778,0.25757575757575757,"Tim Anderson","15172",641313
"José Tena",2025,"FA,SI,CH,SL,CU",53,0.5,0.8888888888888888,0.33962264150943394,0.5454545454545454,0.8333333333333334,0.20754716981132076,0.42857142857142855,1,0.1320754716981132,"Jose Tena","23691",677588
"Carter Jensen",2025,"FA,FC,SI,CH,SL,CU",61,0.47368421052631576,0.8888888888888888,0.3114754098360656,0.7142857142857143,0.8,0.11475409836065574,0.3333333333333333,1,0.19672131147540983,"Carter Jensen","29478",695600
"Carson McCusker",2025,"FA,FC,SI,CH,SL,CU",104,0.68,0.5882352941176471,0.4807692307692308,0.7,0.6190476190476191,0.28846153846153844,0.65,0.5384615384615384,0.19230769230769232,"Carson McCusker","33098",676812
"Miguel Amaya",2025,"FA,FC,FS,CH,SL,CU",86,0.5588235294117647,0.6842105263157895,0.3953488372093023,0.5416666666666666,0.7692307692307693,0.27906976744186046,0.6,0.5,0.11627906976744186,"Miguel Amaya","21693",665804
"Leo Jiménez",2025,"FA,FC,SI,CH,SL,CU,KC",105,0.4634146341463415,0.8947368421052632,0.3904761904761905,0.5238095238095238,1,0.2,0.4,0.75,0.19047619047619047,"Leo Jimenez","23782",677870
"Drew Gilbert",2025,"FA,SI,SL,CU",79,0.34210526315789475,0.6923076923076923,0.4810126582278481,0.4117647058823529,1,0.21518987341772153,0.2857142857142857,0.3333333333333333,0.26582278481012656,"Drew Gilbert","31545",687551
"Blake Dunn",2025,"FA,FC,FS,SI,CH,SL,CU,KC",158,0.4794520547945205,0.5428571428571428,0.45569620253164556,0.5641025641025641,0.6363636363636364,0.24050632911392406,0.38235294117647056,0.38461538461538464,0.21518987341772153,"Blake Dunn","29487",694362
"Matthew Lugo",2025,"FA,FC,FS,SI,CH,SL,CU",63,0.3448275862068966,0.9,0.4603174603174603,0.36363636363636365,1,0.1746031746031746,0.3333333333333333,0.8333333333333334,0.2857142857142857,"Matthew Lugo","25980",683090
"Hyeseong Kim",2025,"FA,FC,SI,SL,CU",86,0.6170212765957447,0.7586206896551724,0.5465116279069767,0.72,0.7777777777777778,0.29069767441860467,0.5,0.7272727272727273,0.2558139534883721,"Hyeseong Kim","35322",808975
"Will Benson",2025,"FA,FC,SI,CH,SL,CU",74,0.3783783783783784,0.6428571428571429,0.5,0.47368421052631576,0.6666666666666666,0.25675675675675674,0.2777777777777778,0.6,0.24324324324324326,"Will Benson","21853",666181
"Buddy Kennedy",2025,"FA,FC,SI,CH,SL,CU,KC",90,0.5,0.6818181818181818,0.4888888888888889,0.5909090909090909,0.6153846153846154,0.24444444444444444,0.4090909090909091,0.7777777777777778,0.24444444444444444,"Buddy Kennedy","22505",671083
"Gustavo Campero",2025,"FA,FC,SI,CH,SL,CU,KC",77,0.5714285714285714,0.8,0.45454545454545453,0.5,1,0.2857142857142857,0.6923076923076923,0.5555555555555556,0.16883116883116883,"Gustavo Campero","22707",672569
"David Hamilton",2025,"FA,FC,SI,CH,SL,CU",76,0.4594594594594595,0.6470588235294118,0.4868421052631579,0.6190476190476191,0.6153846153846154,0.27631578947368424,0.25,0.75,0.21052631578947367,"David Hamilton","27531",666152
"David Villar",2025,"FA,FC,SI,CH,SL,CU,KC",71,0.4,0.75,0.28169014084507044,0.7142857142857143,0.6,0.09859154929577464,0.23076923076923078,1,0.18309859154929578,"David Villar","24782",681584
"Jhonny Pereda",2025,"FA,FC,SI,CH,SL,CU",105,0.5217391304347826,0.75,0.4380952380952381,0.59375,0.7368421052631579,0.3047619047619048,0.35714285714285715,0.8,0.13333333333333333,"Jhonny Pereda","19802",640902
"Aaron Schunk",2025,"FA,FC,SI,CH,SL,CU",75,0.6285714285714286,0.8636363636363636,0.4666666666666667,0.6428571428571429,1,0.18666666666666668,0.6190476190476191,0.7692307692307693,0.28,"Aaron Schunk","25524",668845
"Miles Mastrobuoni",2025,"FA,FC,SI,SL,CU",72,0.5,0.75,0.4444444444444444,0.5625,0.7777777777777778,0.2222222222222222,0.4375,0.7142857142857143,0.2222222222222222,"Miles Mastrobuoni","20017",670156
"Richie Palacios",2025,"FA,FC,SI,CH,SL,CU",77,0.4444444444444444,0.5625,0.4675324675324675,0.6,0.5833333333333334,0.2597402597402597,0.25,0.5,0.2077922077922078,"Richie Palacios","24589",680700
"John Rave",2025,"FA,FC,SI,CH,SL,CU,KC",86,0.375,0.7777777777777778,0.5581395348837209,0.48148148148148145,0.8461538461538461,0.313953488372093,0.23809523809523808,0.6,0.2441860465116279,"John Rave","26284",670231
"Brendan Rodgers",2025,"FA,FC,FS,SI,CH,SL,CU",99,0.5106382978723404,0.5416666666666666,0.47474747474747475,0.6153846153846154,0.6875,0.26262626262626265,0.38095238095238093,0.25,0.21212121212121213,"Brendan Rodgers","17907",663898
"Matt Gorski",2025,"FA,FC,FS,SI,CH,SL,CU",93,0.6410256410256411,0.64,0.41935483870967744,0.5555555555555556,0.6,0.1935483870967742,0.7142857142857143,0.6666666666666666,0.22580645161290322,"Matt Gorski","25855",685301
"CJ Kayfus",2025,"FA,SI,SL,CU",60,0.7428571428571429,0.5769230769230769,0.5833333333333334,0.7619047619047619,0.6875,0.35,0.7142857142857143,0.4,0.23333333333333334,"CJ Kayfus","33704",692216
"Will Wagner",2025,"FA,FC,SI,SL,CU",64,0.5,0.7333333333333333,0.46875,0.5,0.7777777777777778,0.28125,0.5,0.6666666666666666,0.1875,"Will Wagner","29634",695238
"Oswaldo Cabrera",2025,"FA,FC,SI,CH,SL,CU,KC",77,0.5757575757575758,0.6842105263157895,0.42857142857142855,0.7222222222222222,0.6923076923076923,0.23376623376623376,0.4,0.6666666666666666,0.19480519480519481,"Oswaldo Cabrera","21707",665828
"Jacob Amaya",2025,"FA,FC,SI,CH,SL,CU",81,0.41025641025641024,0.6875,0.48148148148148145,0.4230769230769231,0.6363636363636364,0.32098765432098764,0.38461538461538464,0.8,0.16049382716049382,"Jacob Amaya","23296",676070
"Eric Haase",2025,"FA,FC,FS,SI,CH,SL,CU",115,0.48148148148148145,0.5769230769230769,0.46956521739130436,0.6071428571428571,0.7058823529411765,0.24347826086956523,0.34615384615384615,0.3333333333333333,0.22608695652173913,"Eric Haase","14111",606992
"Griffin Conine",2025,"FA,FC,SI,CH,SL,CU",94,0.4772727272727273,0.7619047619047619,0.46808510638297873,0.6,0.7222222222222222,0.3191489361702128,0.21428571428571427,1,0.14893617021276595,"Griffin Conine","21626",665052
"Dylan Beavers",2025,"FA,FC,SI,CH,SL,CU,KC",115,0.30952380952380953,0.6923076923076923,0.3652173913043478,0.3,0.6666666666666666,0.17391304347826086,0.3181818181818182,0.7142857142857143,0.19130434782608696,"Dylan Beavers","31695",687637
"Samuel Basallo",2025,"FA,FC,FS,SI,CH,SL,CU",110,0.5957446808510638,0.7142857142857143,0.42727272727272725,0.7142857142857143,0.7333333333333333,0.19090909090909092,0.5,0.6923076923076923,0.23636363636363636,"Samuel Basallo","28824",694212
"Marcelo Mayer",2025,"FA,FC,SI,CH,SL,CU",100,0.7142857142857143,0.64,0.35,0.75,0.7777777777777778,0.24,0.6363636363636364,0.2857142857142857,0.11,"Marcelo Mayer","29668",691785
"Ryan Fitzgerald",2025,"FA,FC,SI,CH,SL,CU",75,0.37142857142857144,0.8461538461538461,0.4666666666666667,0.42857142857142855,0.8888888888888888,0.28,0.2857142857142857,0.75,0.18666666666666668,"Ryan Fitzgerald","24622",680837
"Bryce Teodosio",2025,"FA,FC,FS,SI,CH,SL,CU,KC",93,0.6410256410256411,0.64,0.41935483870967744,0.7272727272727273,0.75,0.23655913978494625,0.5294117647058824,0.4444444444444444,0.1827956989247312,"Bryce Teodosio","29524",669326
"Everson Pereira",2025,"FA,FC,FS,SI,CH,SL,CU",158,0.5633802816901409,0.425,0.44936708860759494,0.7105263157894737,0.5555555555555556,0.24050632911392406,0.3939393939393939,0.15384615384615385,0.2088607594936709,"Everson Pereira","23695",677592
"Denzel Clarke",2025,"FA,FC,SI,CH,SL,CU",140,0.47761194029850745,0.6875,0.4785714285714286,0.6774193548387096,0.7142857142857143,0.22142857142857142,0.3055555555555556,0.6363636363636364,0.2571428571428571,"Denzel Clarke","29858",672016
"Adael Amador",2025,"FA,FC,FS,SI,CH,SL,CU,KC",77,0.5526315789473685,0.7142857142857143,0.4935064935064935,0.7222222222222222,0.6923076923076923,0.23376623376623376,0.4,0.75,0.2597402597402597,"Adael Amador","27962",691182
"Liover Peguero",2025,"FA,FC,FS,SI,CH,SL,CU,KC",135,0.45454545454545453,0.6,0.4074074074074074,0.43333333333333335,0.6923076923076923,0.2222222222222222,0.48,0.5,0.18518518518518517,"Liover Peguero","24273",678894
"Garrett Mitchell",2025,"FA,FC,SI,CH,SL,CU,KC",94,0.43478260869565216,0.65,0.48936170212765956,0.5454545454545454,0.75,0.23404255319148937,0.3333333333333333,0.5,0.2553191489361702,"Garrett Mitchell","27555",669003
"Joey Loperfido",2025,"FA,FC,SI,CH,SL,CU",67,0.6451612903225806,0.7,0.4626865671641791,0.6153846153846154,1,0.19402985074626866,0.6666666666666666,0.5,0.26865671641791045,"Joey Loperfido","29630",694388
"Graham Pauley",2025,"FA,FC,SI,SL,CU",106,0.5128205128205128,0.85,0.36792452830188677,0.5454545454545454,1,0.20754716981132076,0.47058823529411764,0.625,0.16037735849056603,"Graham Pauley","31363",688363
"Luis Vázquez",2025,"FA,FC,SI,CH,SL,CU",90,0.5813953488372093,0.68,0.4777777777777778,0.6538461538461539,0.7647058823529411,0.28888888888888886,0.47058823529411764,0.5,0.18888888888888888,"Luis Vazquez","23442",676679
"Evan Carter",2025,"FA,FC,SI,SL,CU,KC",103,0.3783783783783784,0.6428571428571429,0.3592233009708738,0.4090909090909091,0.6666666666666666,0.21359223300970873,0.3333333333333333,0.6,0.14563106796116504,"Evan Carter","27790",694497
"Yoán Moncada",2025,"FA,FC,FS,SI,CH,SL,CU,KC",99,0.574468085106383,0.5185185185185185,0.47474747474747475,0.625,0.4666666666666667,0.24242424242424243,0.5217391304347826,0.5833333333333334,0.23232323232323232,"Yoan Moncada","17232",660162
"Jonny DeLuca",2025,"FA,FC,FS,SI,CH,SL,CU",94,0.5,0.875,0.5106382978723404,0.6071428571428571,0.8823529411764706,0.2978723404255319,0.35,0.8571428571428571,0.2127659574468085,"Jonny DeLuca","26365",676356
"Tyler Locklear",2025,"FA,FC,SI,CH,SL,CU,KC",158,0.4925373134328358,0.6060606060606061,0.4240506329113924,0.6666666666666666,0.6,0.189873417721519,0.35135135135135137,0.6153846153846154,0.23417721518987342,"Tyler Locklear","31396",682988
"Luken Baker",2025,"FA,FC,SI,CH,SL,CU",146,0.4262295081967213,0.5384615384615384,0.4178082191780822,0.625,0.6,0.1643835616438356,0.2972972972972973,0.45454545454545453,0.2534246575342466,"Luken Baker","21497",663609
"Alex Jackson",2025,"FA,FC,SI,CH,SL,CU,KC",114,0.6046511627906976,0.5384615384615384,0.37719298245614036,0.68,0.47058823529411764,0.21929824561403508,0.5,0.6666666666666666,0.15789473684210525,"Alex Jackson","17276",656577
"Joey Wiemer",2025,"FA,FC,FS,SI,CH,SL,CU,KC",124,0.5740740740740741,0.7419354838709677,0.43548387096774194,0.6296296296296297,0.7058823529411765,0.21774193548387097,0.5185185185185185,0.7857142857142857,0.21774193548387097,"Joey Wiemer","27690",686894
"Ben Rortvedt",2025,"FA,FC,SI,CH,SL,CU",84,0.4857142857142857,0.8235294117647058,0.4166666666666667,0.6470588235294118,0.8181818181818182,0.20238095238095238,0.3333333333333333,0.8333333333333334,0.21428571428571427,"Ben Rortvedt","20287",666163
"Alan Roden",2025,"FA,FC,SI,CH,SL",82,0.40625,0.6923076923076923,0.3902439024390244,0.375,0.8333333333333334,0.1951219512195122,0.4375,0.5714285714285714,0.1951219512195122,"Alan Roden","31564",702176
"Carson Williams",2025,"FA,FC,FS,SI,CH,SL,CU,KC",148,0.527027027027027,0.5897435897435898,0.5,0.6428571428571429,0.5925925925925926,0.28378378378378377,0.375,0.5833333333333334,0.21621621621621623,"Carson Williams","30038",700246
"Jerar Encarnacion",2025,"FA,FC,FS,SI,CH,SL,CU,KC",83,0.4838709677419355,0.6666666666666666,0.37349397590361444,0.5652173913043478,0.6923076923076923,0.27710843373493976,0.25,0.5,0.0963855421686747,"Jerar Encarnacion","21871",666464
"Jake Rogers",2025,"FA,FC,FS,SI,CH,SL,CU,KC",157,0.47058823529411764,0.84375,0.43312101910828027,0.5277777777777778,0.8947368421052632,0.22929936305732485,0.40625,0.7692307692307693,0.20382165605095542,"Jake Rogers","19452",668670
"Matt Thaiss",2025,"FA,FC,SI,CH,SL,CU,KC",117,0.52,0.6923076923076923,0.42735042735042733,0.5483870967741935,0.7058823529411765,0.26495726495726496,0.47368421052631576,0.6666666666666666,0.1623931623931624,"Matt Thaiss","19318",642136
"LaMonte Wade Jr.",2025,"FA,FC,SI,SL",121,0.35185185185185186,0.7894736842105263,0.4462809917355372,0.4838709677419355,0.8666666666666667,0.256198347107438,0.17391304347826086,0.5,0.19008264462809918,"LaMonte Wade Jr.","18126",664774
"Tristan Gray",2025,"FA,FC,SI,CH,SL,CU,KC",83,0.5333333333333333,0.75,0.3614457831325301,0.7692307692307693,0.8,0.1566265060240964,0.35294117647058826,0.6666666666666666,0.20481927710843373,"Tristan Gray","19877",656484
"Brett Harris",2025,"FA,FC,SI,CH,SL,CU",125,0.5,0.7,0.48,0.5789473684210527,0.6818181818181818,0.304,0.36363636363636365,0.75,0.176,"Brett Harris","29788",695391
"Jeimer Candelario",2025,"FA,FC,FS,SI,CH,SL,CU,KC",95,0.42424242424242425,0.9285714285714286,0.3473684210526316,0.4444444444444444,1,0.18947368421052632,0.4,0.8333333333333334,0.15789473684210525,"Jeimer Candelario","13621",600869
"Leody Taveras",2025,"FA,FC,FS,SI,CH,SL,CU,KC",126,0.5,0.5161290322580645,0.48412698412698413,0.5454545454545454,0.6111111111111112,0.25396825396825395,0.4482758620689655,0.38461538461538464,0.23015873015873015,"Leody Taveras","18900",665750
"Jacob Stallings",2025,"FA,FC,SI,CH,SL,CU,KC",164,0.5352112676056338,0.6578947368421053,0.4329268292682927,0.5428571428571428,0.6842105263157895,0.21341463414634146,0.5277777777777778,0.631578947368421,0.21951219512195122,"Jacob Stallings","13723",607732
"Oscar Gonzalez",2025,"FA,FC,FS,SI,CH,SL,CU,KC",118,0.7894736842105263,0.7333333333333333,0.4830508474576271,0.8484848484848485,0.8214285714285714,0.2796610169491525,0.7083333333333334,0.5882352941176471,0.2033898305084746,"Oscar Gonzalez","20970",660757
"Nick Yorke",2025,"FA,FC,SI,CH,SL,CU",99,0.4634146341463415,0.8421052631578947,0.41414141414141414,0.5,0.9090909090909091,0.2222222222222222,0.42105263157894735,0.75,0.1919191919191919,"Nick Yorke","27504",694377
"Yuli Gurriel",2025,"FA,FC,FS,SI,CH,SL,CU,KC",96,0.475,0.9473684210526315,0.4166666666666667,0.5714285714285714,1,0.21875,0.3684210526315789,0.8571428571428571,0.19791666666666666,"Yuli Gurriel","19198",493329
"Daz Cameron",2025,"FA,FC,FS,SI,CH,SL,CU",119,0.6304347826086957,0.7241379310344828,0.3865546218487395,0.6774193548387096,0.8095238095238095,0.2605042016806723,0.5333333333333333,0.5,0.12605042016806722,"Daz Cameron","18353",663662
"James Outman",2025,"FA,FC,FS,SI,CH,SL,CU,KC",171,0.5135135135135135,0.5789473684210527,0.4327485380116959,0.5833333333333334,0.6190476190476191,0.21052631578947367,0.4473684210526316,0.5294117647058824,0.2222222222222222,"James Outman","24770",681546
"Dominic Smith",2025,"FA,FC,SI,CH,SL,CU",90,0.6071428571428571,0.9411764705882353,0.3111111111111111,0.7692307692307693,1,0.14444444444444443,0.4666666666666667,0.8571428571428571,0.16666666666666666,"Dominic Smith","15653",642086
"Andrew Knizner",2025,"FA,FC,SI,CH,SL,CU,KC",90,0.5952380952380952,0.76,0.45555555555555555,0.5384615384615384,0.6428571428571429,0.28888888888888886,0.6875,0.9090909090909091,0.16666666666666666,"Andrew Knizner","19514",668800
"Chris Taylor",2025,"FA,FC,SI,CH,SL,CU",114,0.5849056603773585,0.4838709677419355,0.4649122807017544,0.6785714285714286,0.5263157894736842,0.24561403508771928,0.48,0.4166666666666667,0.21929824561403508,"Chris Taylor","13757",621035
"Alex Verdugo",2025,"FA,FC,SI,CH,SL,CU,KC",151,0.3125,0.85,0.423841059602649,0.3870967741935484,0.8333333333333334,0.2052980132450331,0.24242424242424243,0.875,0.2185430463576159,"Alex Verdugo","17027",657077
"Christian Encarnacion-Strand",2025,"FA,FC,FS,SI,CH,SL,CU",113,0.66,0.8484848484848485,0.4424778761061947,0.6538461538461539,0.9411764705882353,0.23008849557522124,0.6666666666666666,0.75,0.21238938053097345,"Christian Encarnacion-Strand","30011",687952
"Luke Raley",2025,"FA,FC,SI,SL,CU,KC",131,0.6296296296296297,0.5,0.4122137404580153,0.7666666666666667,0.6521739130434783,0.22900763358778625,0.4583333333333333,0.18181818181818182,0.183206106870229,"Luke Raley","19354",670042
"Jonatan Clase",2025,"FA,FC,FS,SI,CH,SL,CU",127,0.5098039215686274,0.6923076923076923,0.4015748031496063,0.5161290322580645,0.625,0.2440944881889764,0.5,0.8,0.15748031496062992,"Jonatan Clase","26599",682729
"Josh Rojas",2025,"FA,FC,SI,SL,CU,KC",104,0.47619047619047616,0.7,0.40384615384615385,0.5333333333333333,0.6875,0.28846153846153844,0.3333333333333333,0.75,0.11538461538461539,"Josh Rojas","19734",668942
"Dalton Rushing",2025,"FA,FC,SI,CH,SL,CU,KC",146,0.4411764705882353,0.7333333333333333,0.4657534246575342,0.6153846153846154,0.7916666666666666,0.2671232876712329,0.20689655172413793,0.5,0.19863013698630136,"Dalton Rushing","31382",687221
"Ronny Mauricio",2025,"FA,FC,FS,SI,CH,SL,CU",151,0.5652173913043478,0.6923076923076923,0.45695364238410596,0.4857142857142857,0.6470588235294118,0.23178807947019867,0.6470588235294118,0.7272727272727273,0.2251655629139073,"Ronny Mauricio","23698",677595
"Austin Wynns",2025,"FA,FC,SI,CH,SL,CU,KC",162,0.5,0.7567567567567568,0.4567901234567901,0.5714285714285714,0.75,0.25925925925925924,0.40625,0.7692307692307693,0.19753086419753085,"Austin Wynns","15271",642851
"Stuart Fairchild",2025,"FA,FC,FS,SI,CH,SL,CU",132,0.49019607843137253,0.56,0.38636363636363635,0.6785714285714286,0.47368421052631576,0.21212121212121213,0.2608695652173913,0.8333333333333334,0.17424242424242425,"Stuart Fairchild","20321",656413
"Kyle Karros",2025,"FA,FC,FS,SI,CH,SL,CU",150,0.5147058823529411,0.6285714285714286,0.4533333333333333,0.6285714285714286,0.7272727272727273,0.23333333333333334,0.3939393939393939,0.46153846153846156,0.22,"Kyle Karros","33252",691720
"Jordan Lawlar",2025,"FA,FC,FS,SI,CH,SL,CU,KC",141,0.47540983606557374,0.7241379310344828,0.4326241134751773,0.5882352941176471,0.75,0.24113475177304963,0.3333333333333333,0.6666666666666666,0.19148936170212766,"Jordan Lawlar","29976",691783
"Robert Hassell III",2025,"FA,FC,SI,CH,SL,CU",137,0.3448275862068966,0.85,0.4233576642335766,0.38235294117647056,0.8461538461538461,0.24817518248175183,0.2916666666666667,0.8571428571428571,0.17518248175182483,"Robert Hassell III","27482",690987
"Kameron Misner",2025,"FA,FC,SI,CH,SL,CU",165,0.49382716049382713,0.525,0.4909090909090909,0.5,0.7619047619047619,0.2545454545454545,0.48717948717948717,0.2631578947368421,0.23636363636363636,"Kameron Misner","26374",670224
"Garrett Hampson",2025,"FA,FC,FS,SI,CH,SL,CU",155,0.4025974025974026,0.7741935483870968,0.4967741935483871,0.4090909090909091,0.7777777777777778,0.2838709677419355,0.3939393939393939,0.7692307692307693,0.2129032258064516,"Garrett Hampson","19262",641658
"Kyle Teel",2025,"FA,FC,SI,CH,SL,CU,KC",217,0.42424242424242425,0.6190476190476191,0.45622119815668205,0.49019607843137253,0.56,0.2350230414746544,0.3541666666666667,0.7058823529411765,0.22119815668202766,"Kyle Teel","33549",691019
"Mickey Gasper",2025,"FA,FC,FS,SI,CH,SL,CU,KC",154,0.36923076923076925,0.7916666666666666,0.42207792207792205,0.37142857142857144,0.8461538461538461,0.22727272727272727,0.36666666666666664,0.7272727272727273,0.19480519480519481,"Mickey Gasper","24759",681508
"Emmanuel Rivera",2025,"FA,FC,FS,SI,CH,SL,CU",146,0.578125,0.7027027027027027,0.4383561643835616,0.6666666666666666,0.8636363636363636,0.22602739726027396,0.4838709677419355,0.4666666666666667,0.21232876712328766,"Emmanuel Rivera","19890",656896
"Jon Berti",2025,"FA,FC,FS,SI,CH,SL,CU,KC",114,0.45098039215686275,0.782608695652174,0.4473684210526316,0.48148148148148145,0.8461538461538461,0.23684210526315788,0.4166666666666667,0.7,0.21052631578947367,"Jon Berti","12037",542932
"Christian Moore",2025,"FA,FC,SI,CH,SL,CU,KC",164,0.4788732394366197,0.5588235294117647,0.4329268292682927,0.5882352941176471,0.6,0.2073170731707317,0.3783783783783784,0.5,0.22560975609756098,"Christian Moore","34979",695681
"Tyler Tolbert",2025,"FA,FC,SI,CH,SL,CU",126,0.6545454545454545,0.75,0.42857142857142855,0.7741935483870968,0.8333333333333334,0.23809523809523808,0.5,0.5833333333333334,0.19047619047619047,"Tyler Tolbert","25779",686475
"Nick Sogard",2025,"FA,FC,FS,SI,CH,SL,CU,KC",120,0.5454545454545454,0.7666666666666667,0.4583333333333333,0.5555555555555556,0.85,0.3,0.5263157894736842,0.6,0.15833333333333333,"Nick Sogard","25483",686765
"Will Wilson",2025,"FA,FC,SI,CH,SL,CU,KC",195,0.68,0.6470588235294118,0.38461538461538464,0.7948717948717948,0.6451612903225806,0.2,0.5555555555555556,0.65,0.18461538461538463,"Will Wilson","25434",669717
"Christian Koss",2025,"FA,FC,FS,SI,CH,SL,CU,KC",160,0.5466666666666666,0.6341463414634146,0.46875,0.6511627906976745,0.7142857142857143,0.26875,0.40625,0.46153846153846156,0.2,"Christian Koss","27653",683766
"Max Muncy",2025,"FA,FC,FS,SI,CH,SL,CU,KC",180,0.5432098765432098,0.5227272727272727,0.45,0.675,0.6296296296296297,0.2222222222222222,0.4146341463414634,0.35294117647058826,0.22777777777777777,"Max Muncy","29779",691777
"Jorge Mateo",2025,"FA,FC,FS,SI,CH,SL,CU,KC",148,0.5633802816901409,0.7,0.4797297297297297,0.575,0.782608695652174,0.2702702702702703,0.5483870967741935,0.5882352941176471,0.20945945945945946,"Jorge Mateo","17273",622761
"Edouard Julien",2025,"FA,FC,SI,CH,SL,CU,KC",193,0.38095238095238093,0.7916666666666666,0.32642487046632124,0.42424242424242425,0.8571428571428571,0.17098445595854922,0.3333333333333333,0.7,0.15544041450777202,"Edouard Julien","27534",666397
"Connor Joe",2025,"FA,FC,SI,CH,SL,CU,KC",153,0.3709677419354839,0.9130434782608695,0.40522875816993464,0.43243243243243246,0.875,0.24183006535947713,0.28,1,0.16339869281045752,"Connor Joe","16572",656582
"Cooper Hummel",2025,"FA,FC,SI,CH,SL,CU,KC",202,0.44155844155844154,0.6176470588235294,0.3811881188118812,0.5365853658536586,0.7727272727272727,0.20297029702970298,0.3333333333333333,0.3333333333333333,0.1782178217821782,"Cooper Hummel","19458",669450
"Rafael Marchán",2025,"FA,FC,FS,SI,CH,SL,CU,KC",136,0.34545454545454546,0.8421052631578947,0.40441176470588236,0.5357142857142857,1,0.20588235294117646,0.14814814814814814,0.25,0.19852941176470587,"Rafael Marchan","21646",665561
"Andrés Chaparro",2025,"FA,FC,SI,CH,SL,CU",189,0.56,0.7857142857142857,0.3968253968253968,0.6923076923076923,0.8148148148148148,0.20634920634920634,0.4166666666666667,0.7333333333333333,0.19047619047619047,"Andres Chaparro","21797",665953
"Drew Waters",2025,"FA,FC,FS,SI,CH,SL,CU",167,0.5733333333333334,0.5581395348837209,0.4491017964071856,0.6041666666666666,0.5517241379310345,0.2874251497005988,0.5185185185185185,0.5714285714285714,0.16167664670658682,"Drew Waters","20505",671221
"Masataka Yoshida",2025,"FA,FC,FS,SI,CH,SL,CU",101,0.40625,0.8461538461538461,0.31683168316831684,0.35294117647058826,1,0.16831683168316833,0.4666666666666667,0.7142857142857143,0.1485148514851485,"Masataka Yoshida","31837",807799
"Warming Bernabel",2025,"FA,FC,SI,CH,SL,CU,KC",97,0.7027027027027027,1,0.38144329896907214,0.6842105263157895,1,0.1958762886597938,0.7222222222222222,1,0.18556701030927836,"Warming Bernabel","26536",682653
"Anthony Santander",2025,"FA,FC,FS,SI,CH,SL,CU",220,0.4069767441860465,0.7142857142857143,0.39090909090909093,0.4772727272727273,0.7619047619047619,0.2,0.3333333333333333,0.6428571428571429,0.19090909090909092,"Anthony Santander","14551",623993
"Willie MacIver",2025,"FA,FC,FS,SI,CH,SL,CU,KC",142,0.6181818181818182,0.7941176470588235,0.3873239436619718,0.7083333333333334,0.8235294117647058,0.16901408450704225,0.5483870967741935,0.7647058823529411,0.21830985915492956,"Willie MacIver","24641",680862
"Yordan Alvarez",2025,"FA,FC,SI,CH,SL,CU,KC",157,0.5,0.8125,0.40764331210191085,0.696969696969697,0.8260869565217391,0.21019108280254778,0.2903225806451613,0.7777777777777778,0.19745222929936307,"Yordan Alvarez","19556",670541
"Gary Sánchez",2025,"FA,FC,FS,SI,CH,SL,CU",173,0.5512820512820513,0.7441860465116279,0.4508670520231214,0.5897435897435898,0.8695652173913043,0.2254335260115607,0.5128205128205128,0.6,0.2254335260115607,"Gary Sanchez","11442",596142
"Kevin Pillar",2025,"FA,FC,FS,SI,CH,SL,CU,KC",117,0.603448275862069,0.9142857142857143,0.49572649572649574,0.6428571428571429,0.8888888888888888,0.23931623931623933,0.5666666666666667,0.9411764705882353,0.2564102564102564,"Kevin Pillar","12434",607680
"Thairo Estrada",2025,"FA,FC,SI,CH,SL,CU,KC",140,0.625,0.85,0.45714285714285713,0.7333333333333333,0.8636363636363636,0.21428571428571427,0.5294117647058824,0.8333333333333334,0.24285714285714285,"Thairo Estrada","16426",642731
"Matt Vierling",2025,"FA,FC,SI,CH,SL,CU",199,0.3411764705882353,0.8275862068965517,0.4271356783919598,0.4090909090909091,0.9444444444444444,0.22110552763819097,0.2682926829268293,0.6363636363636364,0.20603015075376885,"Matt Vierling","21558",663837
"Connor Wong",2025,"FA,FC,FS,SI,CH,SL,CU,KC",210,0.5056179775280899,0.8444444444444444,0.4238095238095238,0.6341463414634146,0.9615384615384616,0.19523809523809524,0.3958333333333333,0.6842105263157895,0.22857142857142856,"Connor Wong","19896",657136
"Kevin Newman",2025,"FA,FC,FS,SI,CH,SL,CU",148,0.53125,0.8823529411764706,0.43243243243243246,0.5945945945945946,0.8636363636363636,0.25,0.4444444444444444,0.9166666666666666,0.18243243243243243,"Kevin Newman","17696",621028
"Travis d'Arnaud",2025,"FA,FC,SI,CH,SL,CU,KC",167,0.6301369863013698,0.6304347826086957,0.437125748502994,0.6216216216216216,0.7391304347826086,0.2215568862275449,0.6388888888888888,0.5217391304347826,0.2155688622754491,"Travis d'Arnaud","7739",518595
"Lane Thomas",2025,"FA,FC,FS,SI,CH,SL,CU,KC",192,0.5333333333333333,0.6458333333333334,0.46875,0.6,0.7407407407407407,0.234375,0.4666666666666667,0.5238095238095238,0.234375,"Lane Thomas","16939",657041
"Leo Rivas",2025,"FA,FC,FS,SI,CH,SL,CU",184,0.3026315789473684,0.7391304347826086,0.41304347826086957,0.40425531914893614,0.7894736842105263,0.2554347826086957,0.13793103448275862,0.5,0.15760869565217392,"Leo Rivas","21009",660844
"Nasim Nuñez",2025,"FA,FC,SI,CH,SL,CU,KC",164,0.4918032786885246,0.8,0.3719512195121951,0.6388888888888888,0.8260869565217391,0.21951219512195122,0.28,0.7142857142857143,0.1524390243902439,"Nasim Nunez","25979",683083
"Braxton Fulford",2025,"FA,FC,FS,SI,CH,SL,CU",180,0.5,0.7428571428571429,0.3888888888888889,0.6410256410256411,0.8,0.21666666666666667,0.3225806451612903,0.6,0.17222222222222222,"Braxton Fulford","29704",690924
"Gio Urshela",2025,"FA,FC,FS,SI,CH,SL,CU,KC",172,0.5875,0.7021276595744681,0.45930232558139533,0.696969696969697,0.6956521739130435,0.18604651162790697,0.5106382978723404,0.7083333333333334,0.27325581395348836,"Gio Urshela","10681",570482
"Parker Meadows",2025,"FA,FC,SI,CH,SL,CU",178,0.4268292682926829,0.6571428571428571,0.4606741573033708,0.5909090909090909,0.7692307692307693,0.24719101123595505,0.23684210526315788,0.3333333333333333,0.21348314606741572,"Parker Meadows","23800",678009
"Jorge Barrosa",2025,"FA,FC,FS,SI,CH,SL,CU,KC",193,0.575,0.7391304347826086,0.41450777202072536,0.7027027027027027,0.8461538461538461,0.19170984455958548,0.46511627906976744,0.6,0.22279792746113988,"Jorge Barrosa","23968",678489
"Spencer Horwitz",2025,"FA,FC,FS,SI,CH,SL,CU,KC",225,0.45652173913043476,0.7857142857142857,0.4088888888888889,0.5777777777777777,0.8846153846153846,0.2,0.3404255319148936,0.625,0.2088888888888889,"Spencer Horwitz","26477",687462
"Jorge Soler",2025,"FA,FC,FS,SI,CH,SL,CU,KC",228,0.43434343434343436,0.7441860465116279,0.4342105263157895,0.5094339622641509,0.8148148148148148,0.2324561403508772,0.34782608695652173,0.625,0.20175438596491227,"Jorge Soler","14221",624585
"Sean Bouchard",2025,"FA,FC,SI,CH,SL,CU,KC",186,0.3793103448275862,0.6363636363636364,0.46774193548387094,0.4,0.7222222222222222,0.24193548387096775,0.35714285714285715,0.5333333333333333,0.22580645161290322,"Sean Bouchard","21270",656248
"Colt Keith",2025,"FA,FC,SI,SL,CU",189,0.5,0.8095238095238095,0.4444444444444444,0.5227272727272727,0.9565217391304348,0.2328042328042328,0.475,0.631578947368421,0.21164021164021163,"Colt Keith","27899",690993
"Daniel Schneemann",2025,"FA,FC,SI,CH,SL,CU,KC",252,0.42727272727272725,0.6595744680851063,0.4365079365079365,0.4603174603174603,0.7241379310344828,0.25,0.3829787234042553,0.5555555555555556,0.1865079365079365,"Daniel Schneemann","25180",682177
"Hunter Renfroe",2025,"FA,FC,FS,SI,CH,SL,CU,KC",146,0.4925373134328358,0.8181818181818182,0.4452054794520548,0.5641025641025641,0.9090909090909091,0.2534246575342466,0.39285714285714285,0.6363636363636364,0.1917808219178082,"Hunter Renfroe","15464",592669
"Martín Maldonado",2025,"FA,FC,FS,SI,CH,SL,CU,KC",197,0.4563106796116505,0.5106382978723404,0.5228426395939086,0.5833333333333334,0.6071428571428571,0.2436548223350254,0.34545454545454546,0.3684210526315789,0.27918781725888325,"Martin Maldonado","6887",455117
"Jeremiah Jackson",2025,"FA,FC,FS,SI,CH,SL,CU,KC",215,0.6138613861386139,0.6451612903225806,0.46511627906976744,0.7115384615384616,0.6756756756756757,0.24186046511627907,0.5102040816326531,0.6,0.22325581395348837,"Jeremiah Jackson","22239",669236
"DJ LeMahieu",2025,"FA,FC,FS,SI,CH,SL,CU,KC",205,0.33707865168539325,0.7333333333333333,0.43414634146341463,0.3829787234042553,0.6666666666666666,0.22926829268292684,0.2857142857142857,0.8333333333333334,0.2048780487804878,"DJ LeMahieu","9874",518934
"Ryan Ritter",2025,"FA,FC,FS,SI,CH,SL,CU,KC",159,0.7121212121212122,0.723404255319149,0.41509433962264153,0.7837837837837838,0.8275862068965517,0.23270440251572327,0.6206896551724138,0.5555555555555556,0.18238993710691823,"Ryan Ritter","31500",690022
"Chas McCormick",2025,"FA,FC,SI,CH,SL,CU,KC",192,0.5866666666666667,0.6818181818181818,0.390625,0.7142857142857143,0.6666666666666666,0.21875,0.42424242424242425,0.7142857142857143,0.171875,"Chas McCormick","19599",676801
"Trey Sweeney",2025,"FA,FC,SI,CH,SL,CU",161,0.5384615384615384,0.7428571428571429,0.40372670807453415,0.7142857142857143,0.84,0.21739130434782608,0.3333333333333333,0.5,0.18633540372670807,"Trey Sweeney","29575",700242
"James McCann",2025,"FA,FC,FS,SI,CH,SL,CU,KC",188,0.4605263157894737,0.6571428571428571,0.40425531914893614,0.5428571428571428,0.5789473684210527,0.18617021276595744,0.3902439024390244,0.75,0.21808510638297873,"James McCann","12859",543510
"Andruw Monasterio",2025,"FA,FC,FS,SI,CH,SL,CU,KC",218,0.49504950495049505,0.76,0.463302752293578,0.6,0.8333333333333334,0.22935779816513763,0.39215686274509803,0.65,0.23394495412844038,"Andruw Monasterio","19455",655316
"Nate Eaton",2025,"FA,FC,SI,CH,SL,CU,KC",194,0.4927536231884058,0.7941176470588235,0.3556701030927835,0.6216216216216216,0.8260869565217391,0.19072164948453607,0.34375,0.7272727272727273,0.16494845360824742,"Nate Eaton","25055",681987
"Tyler O'Neill",2025,"FA,FC,FS,SI,CH,SL,CU,KC",240,0.5943396226415094,0.6825396825396826,0.44166666666666665,0.6851851851851852,0.7027027027027027,0.225,0.5,0.6538461538461539,0.21666666666666667,"Tyler O'Neill","15711",641933
"Nathan Lukes",2025,"FA,FC,FS,SI,CH,SL,CU,KC,EP",196,0.38636363636363635,0.7941176470588235,0.4489795918367347,0.43137254901960786,0.9090909090909091,0.2602040816326531,0.32432432432432434,0.5833333333333334,0.18877551020408162,"Nathan Lukes","18123",664770
"Derek Hill",2025,"FA,FC,FS,SI,CH,SL,CU,KC",267,0.5980392156862745,0.5901639344262295,0.38202247191011235,0.6538461538461539,0.7058823529411765,0.1947565543071161,0.54,0.4444444444444444,0.18726591760299627,"Derek Hill","16947",656537
"Yohel Pozo",2025,"FA,FC,SI,CH,SL,CU,KC",161,0.6962025316455697,0.8545454545454545,0.4906832298136646,0.7777777777777778,0.8571428571428571,0.2795031055900621,0.5882352941176471,0.85,0.2111801242236025,"Yohel Pozo","18848",650968
"Jose Herrera",2025,"FA,FC,FS,SI,CH,SL,CU,KC",246,0.3392857142857143,0.7368421052631579,0.45528455284552843,0.417910447761194,0.8571428571428571,0.27235772357723576,0.2222222222222222,0.4,0.18292682926829268,"Jose Herrera","17040",645444
"Blake Perkins",2025,"FA,FC,FS,SI,CH,SL,CU,KC",229,0.45794392523364486,0.7755102040816326,0.4672489082969432,0.49206349206349204,0.8387096774193549,0.27510917030567683,0.4090909090909091,0.6666666666666666,0.19213973799126638,"Blake Perkins","19921",663368
"Mickey Moniak",2025,"FA,FC,FS,SI,CH,SL,CU,KC",226,0.4742268041237113,0.7608695652173914,0.42920353982300885,0.5818181818181818,0.78125,0.24336283185840707,0.3333333333333333,0.7142857142857143,0.18584070796460178,"Mickey Moniak","19956",666160
"Nacho Alvarez Jr.",2025,"FA,FC,FS,SI,CH,SL,CU,KC",233,0.4387755102040816,0.7906976744186046,0.4206008583690987,0.4883720930232558,0.8095238095238095,0.18454935622317598,0.4,0.7727272727272727,0.23605150214592274,"Nacho Alvarez Jr.","31765",805373
"Michael Helman",2025,"FA,FC,SI,CH,SL,CU",185,0.6111111111111112,0.6909090909090909,0.4864864864864865,0.6666666666666666,0.7631578947368421,0.3081081081081081,0.5151515151515151,0.5294117647058824,0.1783783783783784,"Michael Helman","24605",680737
"Johnathan Rodríguez",2025,"FA,FC,FS,SI,CH,SL,CU,KC",233,0.4329896907216495,0.6666666666666666,0.41201716738197425,0.5087719298245614,0.6551724137931034,0.24034334763948498,0.325,0.6923076923076923,0.17167381974248927,"Johnathan Rodriguez","22530",671286
"Jake McCarthy",2025,"FA,FC,SI,CH,SL,CU",129,0.5441176470588235,0.7297297297297297,0.5271317829457365,0.5,0.8,0.31007751937984496,0.6071428571428571,0.6470588235294118,0.21705426356589147,"Jake McCarthy","21622",664983
"Paul DeJong",2025,"FA,FC,FS,SI,CH,SL,CU",276,0.5853658536585366,0.5277777777777778,0.44565217391304346,0.6140350877192983,0.6571428571428571,0.20652173913043478,0.5606060606060606,0.40540540540540543,0.2391304347826087,"Paul DeJong","18015",657557
"Victor Robles",2025,"FA,FC,FS,SI,CH,SL,CU",158,0.6764705882352942,0.782608695652174,0.43037974683544306,0.7878787878787878,0.8076923076923077,0.2088607594936709,0.5714285714285714,0.75,0.22151898734177214,"Victor Robles","18363",645302
"Colby Thomas",2025,"FA,FC,SI,CH,SL,CU",259,0.6101694915254238,0.7083333333333334,0.4555984555984556,0.7213114754098361,0.8181818181818182,0.23552123552123552,0.49122807017543857,0.5357142857142857,0.22007722007722008,"Colby Thomas","31855",687515
"Gavin Lux",2025,"FA,FC,SI,CH,SL,CU",260,0.5130434782608696,0.6949152542372882,0.4423076923076923,0.6307692307692307,0.7317073170731707,0.25,0.36,0.6111111111111112,0.19230769230769232,"Gavin Lux","19955",666158
"Victor Caratini",2025,"FA,FC,FS,SI,CH,SL,CU,KC",232,0.4838709677419355,0.6222222222222222,0.40086206896551724,0.5897435897435898,0.6956521739130435,0.16810344827586207,0.4074074074074074,0.5454545454545454,0.23275862068965517,"Victor Caratini","14968",605170
"Tyler Heineman",2025,"FA,FC,FS,SI,CH,SL,CU,KC",164,0.5694444444444444,0.8536585365853658,0.43902439024390244,0.7027027027027027,0.8461538461538461,0.22560975609756098,0.42857142857142855,0.8666666666666667,0.21341463414634146,"Tyler Heineman","13897",623168
"Otto Kemp",2025,"FA,FC,FS,SI,CH,SL,CU,KC",288,0.4576271186440678,0.5185185185185185,0.4097222222222222,0.6226415094339622,0.5757575757575758,0.1840277777777778,0.3230769230769231,0.42857142857142855,0.22569444444444445,"Otto Kemp","31792",805249
"Cody Freeman",2025,"FA,FC,FS,SI,CH,SL,CU,KC",188,0.5384615384615384,0.8809523809523809,0.4095744680851064,0.5357142857142857,0.8666666666666667,0.14361702127659576,0.54,0.8888888888888888,0.26595744680851063,"Cody Freeman","25629",683227
"Michael Massey",2025,"FA,FC,SI,CH,SL,CU",170,0.6385542168674698,0.8679245283018868,0.48823529411764705,0.68,0.9117647058823529,0.29411764705882354,0.5757575757575758,0.7894736842105263,0.19411764705882353,"Michael Massey","27684",686681
"Adam Frazier",2025,"FA,FC,SI,CH,SL,CU,KC",269,0.5925925925925926,0.703125,0.40148698884758366,0.6206896551724138,0.8333333333333334,0.21561338289962825,0.56,0.5357142857142857,0.18587360594795538,"Adam Frazier","15223",624428
"Justyn-Henry Malloy",2025,"FA,FC,FS,SI,CH,SL,CU,KC",312,0.3888888888888889,0.7142857142857143,0.40384615384615385,0.5166666666666667,0.8064516129032258,0.19230769230769232,0.2727272727272727,0.5555555555555556,0.21153846153846154,"Justyn-Henry Malloy","29606",669234
"Vinny Capra",2025,"FA,FC,SI,CH,SL,CU",182,0.5476190476190477,0.6956521739130435,0.46153846153846156,0.5714285714285714,0.75,0.23076923076923078,0.5238095238095238,0.6363636363636364,0.23076923076923078,"Vinny Capra","25040",681962
"Jonah Bride",2025,"FA,FC,FS,SI,CH,SL,CU",302,0.34814814814814815,0.7021276595744681,0.4470198675496689,0.38028169014084506,0.8518518518518519,0.23509933774834438,0.3125,0.5,0.2119205298013245,"Jonah Bride","24703",681146
"Christian Vázquez",2025,"FA,FC,FS,SI,CH,SL,CU,KC,EP",250,0.4528301886792453,0.8125,0.424,0.5,0.8214285714285714,0.224,0.4,0.8,0.2,"Christian Vazquez","9774",543877
"Giancarlo Stanton",2025,"FA,FC,FS,SI,CH,SL,CU,KC",335,0.4217687074829932,0.7419354838709677,0.4388059701492537,0.5194805194805194,0.8,0.2298507462686567,0.3142857142857143,0.6363636363636364,0.208955223880597,"Giancarlo Stanton","4949",519317
"Mike Tauchman",2025,"FA,FC,FS,SI,CH,SL,CU,KC",286,0.4954128440366973,0.6481481481481481,0.3811188811188811,0.6166666666666667,0.7297297297297297,0.2097902097902098,0.3469387755102041,0.47058823529411764,0.17132867132867133,"Mike Tauchman","15274",643565
"Henry Davis",2025,"FA,FC,FS,SI,CH,SL,CU,KC",254,0.6530612244897959,0.703125,0.3858267716535433,0.7580645161290323,0.8085106382978723,0.2440944881889764,0.4722222222222222,0.4117647058823529,0.14173228346456693,"Henry Davis","29617",680779
"Austin Martin",2025,"FA,FC,FS,SI,CH,SL,CU,KC",226,0.39090909090909093,0.6976744186046512,0.48672566371681414,0.5,0.7931034482758621,0.25663716814159293,0.2692307692307692,0.5,0.23008849557522124,"Austin Martin","27462",668885
"Francisco Alvarez",2025,"FA,FC,FS,SI,CH,SL,CU,KC",278,0.46825396825396826,0.711864406779661,0.45323741007194246,0.5833333333333334,0.7428571428571429,0.2158273381294964,0.36363636363636365,0.6666666666666666,0.23741007194244604,"Francisco Alvarez","26121",682626
"Kristian Campbell",2025,"FA,FC,FS,SI,CH,SL,CU,KC",306,0.5039370078740157,0.71875,0.4150326797385621,0.6428571428571429,0.8,0.22875816993464052,0.3333333333333333,0.5263157894736842,0.18627450980392157,"Kristian Campbell","33644",692225
"Ildemaro Vargas",2025,"FA,FC,FS,SI,CH,SL,CU,KC",183,0.5538461538461539,0.7777777777777778,0.3551912568306011,0.6071428571428571,0.8235294117647058,0.15300546448087432,0.5135135135135135,0.7368421052631579,0.20218579234972678,"Ildemaro Vargas","13324",545121
"Dominic Canzone",2025,"FA,FC,SI,CH,SL,CU",256,0.4948453608247423,0.6458333333333334,0.37890625,0.5714285714285714,0.75,0.19140625,0.4166666666666667,0.5,0.1875,"Dominic Canzone","26438",686527
"Luisangel Acuña",2025,"FA,FC,FS,SI,CH,SL,CU,KC",256,0.5535714285714286,0.8387096774193549,0.4375,0.6190476190476191,0.8974358974358975,0.24609375,0.46938775510204084,0.7391304347826086,0.19140625,"Luisangel Acuna","26548",682668
"Michael Conforto",2025,"FA,FC,SI,CH,SL,CU",305,0.5151515151515151,0.7352941176470589,0.42950819672131146,0.589041095890411,0.7906976744186046,0.2360655737704918,0.423728813559322,0.64,0.19344262295081968,"Michael Conforto","16376",624424
"Nolan Jones",2025,"FA,FC,FS,SI,CH,SL,CU",359,0.5,0.7534246575342466,0.40668523676880225,0.5974025974025974,0.717391304347826,0.21448467966573817,0.391304347826087,0.8148148148148148,0.19220055710306408,"Nolan Jones","20529",666134
"Tyler Stephenson",2025,"FA,FC,FS,SI,CH,SL,CU,KC",323,0.4965034965034965,0.704225352112676,0.44272445820433437,0.6081081081081081,0.7555555555555555,0.22910216718266255,0.37681159420289856,0.6153846153846154,0.21362229102167182,"Tyler Stephenson","17988",663886
"Luke Keaschall",2025,"FA,FC,SI,CH,SL,CU,KC",260,0.4854368932038835,0.72,0.39615384615384613,0.5660377358490566,0.7333333333333333,0.20384615384615384,0.4,0.7,0.19230769230769232,"Luke Keaschall","33321",807712
"Cole Young",2025,"FA,FC,SI,CH,SL,CU,KC",280,0.4224137931034483,0.7959183673469388,0.4142857142857143,0.5245901639344263,0.8125,0.21785714285714286,0.3090909090909091,0.7647058823529411,0.19642857142857142,"Cole Young","31680",702284
"Liam Hicks",2025,"FA,FC,SI,CH,SL,CU",244,0.41964285714285715,0.851063829787234,0.45901639344262296,0.5172413793103449,0.9333333333333333,0.23770491803278687,0.3148148148148148,0.7058823529411765,0.22131147540983606,"Liam Hicks","29844",689414
"Thomas Saggese",2025,"FA,FC,FS,SI,CH,SL,CU,KC",272,0.5522388059701493,0.7702702702702703,0.49264705882352944,0.6233766233766234,0.8125,0.28308823529411764,0.45614035087719296,0.6923076923076923,0.20955882352941177,"Thomas Saggese","27883",695336
"Kerry Carpenter",2025,"FA,FC,SI,CH,SL,CU,KC",247,0.5363636363636364,0.7627118644067796,0.44534412955465585,0.5538461538461539,0.7777777777777778,0.2631578947368421,0.5111111111111111,0.7391304347826086,0.18218623481781376,"Kerry Carpenter","25961",681481
"Keibert Ruiz",2025,"FA,FC,SI,CH,SL,CU,KC",172,0.5194805194805194,0.95,0.4476744186046512,0.6428571428571429,0.9259259259259259,0.2441860465116279,0.37142857142857144,1,0.20348837209302326,"Keibert Ruiz","19610",660688
"Ha-Seong Kim",2025,"FA,FC,FS,SI,CH,SL,CU,KC",248,0.46218487394957986,0.8727272727272727,0.4798387096774194,0.5441176470588235,0.918918918918919,0.27419354838709675,0.35294117647058826,0.7777777777777778,0.2056451612903226,"Ha-Seong Kim","27506",673490
"Brandon Marsh",2025,"FA,FC,FS,SI,CH,SL,CU,KC,EP",334,0.4961832061068702,0.6923076923076923,0.39221556886227543,0.4838709677419355,0.8666666666666667,0.18562874251497005,0.5072463768115942,0.5428571428571428,0.20658682634730538,"Brandon Marsh","20202",669016
"Oswald Peraza",2025,"FA,FC,FS,SI,CH,SL,CU,KC",332,0.577922077922078,0.5393258426966292,0.4608433734939759,0.6794871794871795,0.5660377358490566,0.23493975903614459,0.47368421052631576,0.5,0.22590361445783133,"Oswald Peraza","22823",672724
"Wilyer Abreu",2025,"FA,FC,SI,CH,SL,CU,KC",266,0.4857142857142857,0.7058823529411765,0.39473684210526316,0.5535714285714286,0.7419354838709677,0.21052631578947367,0.40816326530612246,0.65,0.18421052631578946,"Wilyer Abreu","23772",677800
"Blaze Alexander",2025,"FA,FC,FS,SI,CH,SL,CU,KC",326,0.4806201550387597,0.7096774193548387,0.39570552147239263,0.6515151515151515,0.7209302325581395,0.20245398773006135,0.30158730158730157,0.6842105263157895,0.19325153374233128,"Blaze Alexander","23789",677942
"Weston Wilson",2025,"FA,FC,FS,SI,CH,SL,CU,KC",370,0.4418604651162791,0.5921052631578947,0.4648648648648649,0.5108695652173914,0.6595744680851063,0.24864864864864866,0.3625,0.4827586206896552,0.21621621621621623,"Weston Wilson","19358",642215
"Brooks Baldwin",2025,"FA,FC,FS,SI,CH,SL,CU,KC",234,0.4742268041237113,0.782608695652174,0.41452991452991456,0.5714285714285714,0.7857142857142857,0.2094017094017094,0.375,0.7777777777777778,0.20512820512820512,"Brooks Baldwin","31394",681460
"Riley Adams",2025,"FA,FC,FS,SI,CH,SL,CU,KC",390,0.5056818181818182,0.6629213483146067,0.4512820512820513,0.5824175824175825,0.7169811320754716,0.23333333333333334,0.4235294117647059,0.5833333333333334,0.21794871794871795,"Riley Adams","19864",656180
"Jesús Sánchez",2025,"FA,FC,SI,CH,SL,CU",268,0.5638297872340425,0.7924528301886793,0.35074626865671643,0.6,0.8787878787878788,0.20522388059701493,0.5128205128205128,0.65,0.1455223880597015,"Jesus Sanchez","19913",660821
"Kyle Isbel",2025,"FA,FC,SI,CH,SL,CU,KC",283,0.3652173913043478,0.7380952380952381,0.40636042402826855,0.4126984126984127,0.7692307692307693,0.2226148409893993,0.3076923076923077,0.6875,0.18374558303886926,"Kyle Isbel","21614",664728
"JJ Bleday",2025,"FA,FC,SI,CH,SL,CU",258,0.5779816513761468,0.6031746031746031,0.42248062015503873,0.5970149253731343,0.65,0.25968992248062023,0.5476190476190477,0.5217391304347826,0.16279069767441862,"JJ Bleday","26368",668709
"Brandon Lockridge",2025,"FA,FC,FS,SI,CH,SL,CU,KC",287,0.4782608695652174,0.7818181818181819,0.397212543554007,0.5147058823529411,0.8571428571428571,0.23344947735191637,0.425531914893617,0.65,0.16376306620209058,"Brandon Lockridge","21496",663604
"Isaac Paredes",2025,"FA,FC,SI,CH,SL,CU,KC",302,0.45454545454545453,0.7818181818181819,0.40066225165562913,0.4603174603174603,0.7931034482758621,0.20860927152317882,0.4482758620689655,0.7692307692307693,0.19205298013245034,"Isaac Paredes","20036",670623
"Colton Cowser",2025,"FA,FC,SI,CH,SL,CU,KC",357,0.4421768707482993,0.7692307692307693,0.4117647058823529,0.5222222222222223,0.8297872340425532,0.25210084033613445,0.3157894736842105,0.6111111111111112,0.15966386554621848,"Colton Cowser","29591",681297
"Mark Canha",2025,"FA,FC,FS,SI,CH,SL,CU,KC",267,0.5161290322580645,0.8125,0.46441947565543074,0.6031746031746031,0.8421052631578947,0.23595505617977527,0.4262295081967213,0.7692307692307693,0.22846441947565543,"Mark Canha","11445",592192
"Jhonkensy Noel",2025,"FA,FC,FS,SI,CH,SL,CU,KN,KC",310,0.7155172413793104,0.7108433734939759,0.3741935483870968,0.7352941176470589,0.78,0.21935483870967742,0.6875,0.6060606060606061,0.15483870967741936,"Jhonkensy Noel","24257",678877
"Roman Anthony",2025,"FA,FC,SI,CH,SL,CU,KC",422,0.37037037037037035,0.6,0.44786729857819907,0.44871794871794873,0.6571428571428571,0.1848341232227488,0.3153153153153153,0.5428571428571428,0.26303317535545023,"Roman Anthony","31812",701350
"Tim Tawa",2025,"FA,FC,FS,SI,CH,SL,CU,KC",329,0.5211267605633803,0.6756756756756757,0.4316109422492401,0.5844155844155844,0.7777777777777778,0.23404255319148937,0.4461538461538462,0.5172413793103449,0.19756838905775076,"Tim Tawa","29571",694374
"Mike Trout",2025,"FA,FC,FS,SI,CH,SL,CU,KC",475,0.36199095022624433,0.7,0.4652631578947368,0.37735849056603776,0.775,0.2231578947368421,0.34782608695652173,0.625,0.24210526315789474,"Mike Trout","10155",545361
"Luis Torrens",2025,"FA,FC,FS,SI,CH,SL,CU,KC",274,0.5118110236220472,0.8923076923076924,0.4635036496350365,0.6142857142857143,0.9069767441860465,0.25547445255474455,0.38596491228070173,0.8636363636363636,0.20802919708029197,"Luis Torrens","15905",620443
"Max Kepler",2025,"FA,FC,SI,CH,SL,CU,KC",255,0.47619047619047616,0.68,0.4117647058823529,0.5409836065573771,0.7575757575757576,0.23921568627450981,0.38636363636363635,0.5294117647058824,0.17254901960784313,"Max Kepler","12144",596146
"Daylen Lile",2025,"FA,FC,SI,CH,SL,CU",281,0.5714285714285714,0.75,0.3736654804270463,0.639344262295082,0.8205128205128205,0.21708185053380782,0.4772727272727273,0.6190476190476191,0.15658362989323843,"Daylen Lile","29995",695734
"Logan O'Hoppe",2025,"FA,FC,FS,SI,CH,SL,CU,KC",313,0.6,0.7681159420289855,0.36741214057507987,0.7101449275362319,0.8367346938775511,0.22044728434504793,0.43478260869565216,0.6,0.14696485623003194,"Logan O'Hoppe","24729",681351
"Austin Hedges",2025,"FA,FC,FS,SI,CH,SL,CU,KC",350,0.5632911392405063,0.6629213483146067,0.4514285714285714,0.6477272727272727,0.7192982456140351,0.25142857142857145,0.45714285714285713,0.5625,0.2,"Austin Hedges","12976",595978
"Luis Urías",2025,"FA,FC,SI,CH,SL,CU",283,0.45323741007194246,0.9206349206349206,0.4911660777385159,0.47560975609756095,0.9230769230769231,0.28975265017667845,0.42105263157894735,0.9166666666666666,0.20141342756183744,"Luis Urias","16622",649966
"Jake Meyers",2025,"FA,FC,FS,SI,CH,SL,CU,KC",242,0.46078431372549017,0.7659574468085106,0.4214876033057851,0.5873015873015873,0.8108108108108109,0.2603305785123967,0.2564102564102564,0.6,0.16115702479338842,"Jake Meyers","20308",676694
"Ezequiel Tovar",2025,"FA,FC,SI,CH,SL,CU,KC",363,0.6459627329192547,0.7788461538461539,0.44077134986225897,0.7831325301204819,0.8153846153846154,0.22589531680440772,0.5,0.717948717948718,0.21487603305785125,"Ezequiel Tovar","24064",678662
"Addison Barger",2025,"FA,FC,SI,CH,SL,CU,EP",326,0.4507042253521127,0.734375,0.43558282208588955,0.5,0.7560975609756098,0.25153374233128833,0.38333333333333336,0.6956521739130435,0.18404907975460122,"Addison Barger","24598",680718
"Austin Slater",2025,"FA,FC,FS,SI,CH,SL,CU,KC",379,0.5609756097560976,0.7282608695652174,0.43271767810026385,0.6470588235294118,0.8,0.22427440633245382,0.46835443037974683,0.6216216216216216,0.20844327176781002,"Austin Slater","16153",596103
"Jakob Marsee",2025,"FA,FC,SI,CH,SL,CU,KC",278,0.5377358490566038,0.7894736842105263,0.381294964028777,0.5757575757575758,0.8421052631578947,0.23741007194244604,0.475,0.6842105263157895,0.14388489208633093,"Jakob Marsee","31370",805300
"Sean Murphy",2025,"FA,FC,FS,SI,CH,SL,CU,KC",526,0.5800865800865801,0.6865671641791045,0.4391634980988593,0.71875,0.717391304347826,0.24334600760456274,0.4077669902912621,0.6190476190476191,0.1958174904942966,"Sean Murphy","19352",669221
"Dylan Crews",2025,"FA,FC,SI,CH,SL,CU",273,0.5952380952380952,0.7333333333333333,0.46153846153846156,0.6582278481012658,0.8461538461538461,0.2893772893772894,0.48936170212765956,0.4782608695652174,0.17216117216117216,"Dylan Crews","33541",686611
"Jonathan Aranda",2025,"FA,FC,SI,CH,SL,CU,KC",385,0.4658385093167702,0.6533333333333333,0.4155844155844156,0.5280898876404494,0.7446808510638298,0.22857142857142856,0.3888888888888889,0.5,0.18701298701298702,"Jonathan Aranda","21837",666018
"Kody Clemens",2025,"FA,FC,FS,SI,CH,SL,CU,KC",343,0.5170068027210885,0.7236842105263158,0.42857142857142855,0.5875,0.723404255319149,0.23323615160349853,0.43283582089552236,0.7241379310344828,0.19533527696793002,"Kody Clemens","20572",665019
"Gabriel Moreno",2025,"FA,FC,FS,SI,CH,SL,CU,KC",323,0.4772727272727273,0.9047619047619048,0.4086687306501548,0.5932203389830508,0.9142857142857143,0.1826625386996904,0.3835616438356164,0.8928571428571429,0.2260061919504644,"Gabriel Moreno","22664",672515
"Brett Baty",2025,"FA,FC,FS,SI,CH,SL,CU",304,0.47761194029850745,0.78125,0.4407894736842105,0.5230769230769231,0.8529411764705882,0.2138157894736842,0.43478260869565216,0.7,0.22697368421052633,"Brett Baty","26123",683146
"Nolan Gorman",2025,"FA,FC,SI,CH,SL,CU,KC",357,0.42592592592592593,0.5797101449275363,0.453781512605042,0.4936708860759494,0.5897435897435898,0.22128851540616246,0.3614457831325301,0.5666666666666667,0.23249299719887956,"Nolan Gorman","22263",669357
"Colson Montgomery",2025,"FA,FC,FS,SI,CH,SL,CU,KC",292,0.6209677419354839,0.6233766233766234,0.4246575342465753,0.6612903225806451,0.6341463414634146,0.21232876712328766,0.5806451612903226,0.6111111111111112,0.21232876712328766,"Colson Montgomery","29712",695657
"Jasson Domínguez",2025,"FA,FC,FS,SI,CH,SL,CU,KC",429,0.5775401069518716,0.7037037037037037,0.4358974358974359,0.7070707070707071,0.7571428571428571,0.23076923076923078,0.4318181818181818,0.6052631578947368,0.20512820512820512,"Jasson Dominguez","28080",691176
"Connor Norby",2025,"FA,FC,FS,SI,CH,SL,CU,KC",418,0.5227272727272727,0.6739130434782609,0.42105263157894735,0.6153846153846154,0.6428571428571429,0.21770334928229665,0.4235294117647059,0.7222222222222222,0.20334928229665072,"Connor Norby","29592",681393
"Michael Busch",2025,"FA,FC,SI,CH,SL,CU,EP",368,0.45180722891566266,0.7066666666666667,0.45108695652173914,0.5425531914893617,0.8235294117647058,0.2554347826086957,0.3333333333333333,0.4583333333333333,0.1956521739130435,"Michael Busch","26319",683737
"Danny Jansen",2025,"FA,FC,FS,SI,CH,SL,CU,KC",523,0.4369369369369369,0.6701030927835051,0.4225621414913958,0.5423728813559322,0.671875,0.2237093690248566,0.3173076923076923,0.6666666666666666,0.1988527724665392,"Danny Jansen","16535",643376
"Rhys Hoskins",2025,"FA,FC,FS,SI,CH,SL,CU,KC",460,0.48186528497409326,0.7419354838709677,0.41956521739130437,0.594059405940594,0.8333333333333334,0.21956521739130436,0.358695652173913,0.5757575757575758,0.2,"Rhys Hoskins","16472",656555
"Ezequiel Duran",2025,"FA,FC,FS,SI,CH,SL,CU,KC",337,0.6190476190476191,0.7582417582417582,0.4362017804154303,0.5888888888888889,0.7547169811320755,0.26706231454005935,0.6666666666666666,0.7631578947368421,0.16913946587537093,"Ezequiel Duran","23733",677649
"Andrés Giménez",2025,"FA,FC,FS,SI,CH,SL,CU",297,0.5955882352941176,0.8271604938271605,0.45791245791245794,0.5955056179775281,0.8679245283018868,0.2996632996632997,0.5957446808510638,0.75,0.15824915824915825,"Andres Gimenez","19950",665926
"Ryan Mountcastle",2025,"FA,FC,FS,SI,CH,SL,CU,KC",344,0.6753246753246753,0.7692307692307693,0.44476744186046513,0.7282608695652174,0.8208955223880597,0.26453488372093026,0.5967741935483871,0.6756756756756757,0.18023255813953487,"Ryan Mountcastle","18373",663624
"Coby Mayo",2025,"FA,FC,FS,SI,CH,SL,CU,KC",369,0.5029239766081871,0.6976744186046512,0.4634146341463415,0.5777777777777777,0.7884615384615384,0.24390243902439024,0.41975308641975306,0.5588235294117647,0.21951219512195122,"Coby Mayo","28312",691723
"Ronald Acuña Jr.",2025,"FA,FC,FS,SI,CH,SL,CU,KC",537,0.4637096774193548,0.6608695652173913,0.4618249534450652,0.5546875,0.704225352112676,0.2383612662942272,0.36666666666666664,0.5909090909090909,0.22346368715083798,"Ronald Acuna Jr.","18401",660670
"Alexander Canario",2025,"FA,FC,FS,SI,CH,SL,CU,KC",409,0.5900621118012422,0.5578947368421052,0.39119804400978,0.6741573033707865,0.6166666666666667,0.2176039119804401,0.4861111111111111,0.45714285714285713,0.17359413202933985,"Alexander Canario","22842",672744
"Michael Toglia",2025,"FA,FC,FS,SI,CH,SL,CU,KC",381,0.5961538461538461,0.7204301075268817,0.4068241469816273,0.6285714285714286,0.803030303030303,0.27296587926509186,0.5294117647058824,0.5185185185185185,0.13385826771653545,"Michael Toglia","25845",669911
"Kyle Manzardo",2025,"FA,FC,SI,CH,SL,CU,KC",338,0.48226950354609927,0.6176470588235294,0.4171597633136095,0.5205479452054794,0.7368421052631579,0.21597633136094674,0.4411764705882353,0.4666666666666667,0.20118343195266272,"Kyle Manzardo","29794",700932
"Abraham Toro",2025,"FA,FC,FS,SI,CH,SL,CU,KC",303,0.5691056910569106,0.8428571428571429,0.40594059405940597,0.5737704918032787,0.8857142857142857,0.20132013201320131,0.5645161290322581,0.8,0.20462046204620463,"Abraham Toro","19844",647351
"Elias Díaz",2025,"FA,FC,FS,SI,CH,SL,CU,KC",322,0.6524822695035462,0.6413043478260869,0.43788819875776397,0.7631578947368421,0.6896551724137931,0.2360248447204969,0.5230769230769231,0.5588235294117647,0.20186335403726707,"Elias Diaz","11680",553869
"Dylan Moore",2025,"FA,FC,FS,SI,CH,SL,CU,KC",585,0.46124031007751937,0.6386554621848739,0.441025641025641,0.5362318840579711,0.6621621621621622,0.2358974358974359,0.375,0.6,0.20512820512820512,"Dylan Moore","18042",664238
"Jordan Walker",2025,"FA,FC,FS,SI,CH,SL,CU,KC",387,0.5714285714285714,0.73,0.45219638242894056,0.6444444444444445,0.8275862068965517,0.23255813953488372,0.49411764705882355,0.5952380952380952,0.21963824289405684,"Jordan Walker","27475",691023
"Zach Neto",2025,"FA,FC,FS,SI,CH,SL,CU,KC",405,0.620253164556962,0.5510204081632653,0.39012345679012345,0.6666666666666666,0.5961538461538461,0.1925925925925926,0.575,0.5,0.19753086419753085,"Zach Neto","31347",687263
"Alek Thomas",2025,"FA,FC,SI,CH,SL,CU,KC",283,0.5590551181102362,0.6901408450704225,0.44876325088339225,0.6190476190476191,0.7435897435897436,0.2226148409893993,0.5,0.625,0.22614840989399293,"Alek Thomas","23792",677950
"Eli White",2025,"FA,FC,FS,SI,CH,SL,CU,KC",348,0.582089552238806,0.6538461538461539,0.3850574712643678,0.65,0.7115384615384616,0.22988505747126436,0.48148148148148145,0.5384615384615384,0.15517241379310345,"Eli White","19346",642201
"Matt Wallner",2025,"FA,FC,FS,SI,CH,SL,CU,EP",373,0.5144508670520231,0.7191011235955056,0.46380697050938335,0.5652173913043478,0.7115384615384616,0.24664879356568364,0.4567901234567901,0.7297297297297297,0.21715817694369974,"Matt Wallner","26466",670242
"Jose Trevino",2025,"FA,FC,FS,SI,CH,SL,CU,KC",263,0.6060606060606061,0.9125,0.5019011406844106,0.6811594202898551,0.9787234042553191,0.2623574144486692,0.5238095238095238,0.8181818181818182,0.23954372623574144,"Jose Trevino","16725",624431
"Lawrence Butler",2025,"FA,FC,SI,CH,SL,CU,KC",498,0.39705882352941174,0.654320987654321,0.40963855421686746,0.4864864864864865,0.7222222222222222,0.22289156626506024,0.2903225806451613,0.5185185185185185,0.18674698795180722,"Lawrence Butler","22542",671732
"Noelvi Marte",2025,"FA,FC,FS,SI,CH,SL,CU,KC",392,0.6294117647058823,0.7570093457943925,0.43112244897959184,0.7391304347826086,0.7941176470588235,0.23214285714285715,0.5,0.6923076923076923,0.1989795918367347,"Noelvi Marte","26517",682622
"Sam Haggerty",2025,"FA,FC,FS,SI,CH,SL,CU,KC",334,0.5548387096774193,0.8023255813953488,0.46407185628742514,0.686046511627907,0.847457627118644,0.25748502994011974,0.391304347826087,0.7037037037037037,0.20658682634730538,"Sam Haggerty","18054",664059
"Austin Hays",2025,"FA,FC,FS,SI,CH,SL,CU,KC",382,0.5857988165680473,0.7272727272727273,0.4424083769633508,0.735632183908046,0.8125,0.22774869109947643,0.4268292682926829,0.5714285714285714,0.21465968586387435,"Austin Hays","19363",669720
"David Fry",2025,"FA,FC,FS,SI,CH,SL,CU,KC",469,0.5915492957746479,0.6666666666666666,0.4541577825159915,0.6637168141592921,0.6666666666666666,0.24093816631130063,0.51,0.6666666666666666,0.21321961620469082,"David Fry","24934",681807
"Luis Matos",2025,"FA,FC,FS,SI,CH,SL,CU,KC",310,0.6027397260273972,0.8636363636363636,0.47096774193548385,0.6538461538461539,0.8235294117647058,0.25161290322580643,0.5441176470588235,0.918918918918919,0.21935483870967742,"Luis Matos","26467",682641
"Davis Schneider",2025,"FA,FC,FS,SI,CH,SL,CU,KC,EP",570,0.48214285714285715,0.5925925925925926,0.3929824561403509,0.5892857142857143,0.6515151515151515,0.19649122807017544,0.375,0.5,0.19649122807017544,"Davis Schneider","23565",676914
"Ryan O'Hearn",2025,"FA,FC,FS,SI,CH,SL,CU,KC",443,0.5343915343915344,0.7623762376237624,0.42437923250564336,0.5740740740740741,0.7741935483870968,0.24153498871331827,0.48148148148148145,0.7435897435897436,0.18284424379232506,"Ryan O'Hearn","16442",656811
"Taylor Ward",2025,"FA,FC,FS,SI,CH,SL,CU,KC",483,0.4017467248908297,0.75,0.474120082815735,0.5081967213114754,0.8548387096774194,0.2525879917184265,0.2803738317757009,0.5333333333333333,0.22153209109730848,"Taylor Ward","17548",621493
"Pedro Pagés",2025,"FA,FC,FS,SI,CH,SL,CU,KC",456,0.5816326530612245,0.7105263157894737,0.4298245614035088,0.6203703703703703,0.7910447761194029,0.23684210526315788,0.5340909090909091,0.5957446808510638,0.19298245614035087,"Pedro Pages","25782",686780
"José Caballero",2025,"FA,FC,FS,SI,CH,SL,CU,KC",514,0.44398340248962653,0.6822429906542056,0.4688715953307393,0.5327868852459017,0.7846153846153846,0.23735408560311283,0.35294117647058826,0.5238095238095238,0.23151750972762647,"Jose Caballero","23401",676609
"Brayan Rocchio",2025,"FA,FC,FS,SI,CH,SL,CU,KC",425,0.5810055865921788,0.75,0.4211764705882353,0.6310679611650486,0.8153846153846154,0.24235294117647058,0.5131578947368421,0.6410256410256411,0.17882352941176471,"Brayan Rocchio","23690",677587
"Andrew Benintendi",2025,"FA,FC,SI,CH,SL,CU,KC",321,0.6258992805755396,0.7011494252873564,0.43302180685358255,0.6794871794871795,0.7547169811320755,0.24299065420560748,0.5573770491803278,0.6176470588235294,0.19003115264797507,"Andrew Benintendi","17901",643217
"Jo Adell",2025,"FA,FC,FS,SI,CH,SL,CU,KC",419,0.5609756097560976,0.7934782608695652,0.3914081145584726,0.686046511627907,0.864406779661017,0.2052505966587112,0.4230769230769231,0.6666666666666666,0.18615751789976134,"Jo Adell","20220",666176
"Drake Baldwin",2025,"FA,FC,FS,SI,CH,SL,CU,KC",363,0.506578947368421,0.7792207792207793,0.418732782369146,0.5930232558139535,0.7843137254901961,0.2369146005509642,0.3939393939393939,0.7692307692307693,0.18181818181818182,"Drake Baldwin","31539",686948
"Donovan Solano",2025,"FA,FC,FS,SI,CH,SL,CU,KC",409,0.5691489361702128,0.7757009345794392,0.4572127139364303,0.6372549019607843,0.8,0.24938875305623473,0.4883720930232558,0.7380952380952381,0.2078239608801956,"Donovan Solano","8623",456781
"Tyrone Taylor",2025,"FA,FC,FS,SI,CH,SL,CU,KC",386,0.5823529411764706,0.7878787878787878,0.44041450777202074,0.6559139784946236,0.8852459016393442,0.24093264248704663,0.4935064935064935,0.631578947368421,0.19948186528497408,"Tyrone Taylor","13675",621438
"Mike Yastrzemski",2025,"FA,FC,SI,CH,SL,CU,KC",409,0.4842105263157895,0.782608695652174,0.46454767726161367,0.5773195876288659,0.8214285714285714,0.2371638141809291,0.3870967741935484,0.7222222222222222,0.2273838630806846,"Mike Yastrzemski","14854",573262
"Ryan McMahon",2025,"FA,FC,SI,CH,SL,CU,KC",532,0.4816326530612245,0.6101694915254238,0.4605263157894737,0.5333333333333333,0.6944444444444444,0.25375939849624063,0.41818181818181815,0.4782608695652174,0.20676691729323307,"Ryan McMahon","15112",641857
"Luis Robert Jr.",2025,"FA,FC,FS,SI,CH,SL,CU,KC",389,0.5227272727272727,0.6847826086956522,0.4524421593830334,0.6630434782608695,0.7213114754098361,0.2365038560411311,0.36904761904761907,0.6129032258064516,0.2159383033419023,"Luis Robert Jr.","20043",673357
"Miguel Andujar",2025,"FA,FC,FS,SI,CH,SL,CU,KC",329,0.6013071895424836,0.8695652173913043,0.46200607902735563,0.6410256410256411,0.94,0.23404255319148937,0.56,0.7857142857142857,0.22796352583586627,"Miguel Andujar","15878",609280
"Heriberto Hernández",2025,"FA,FC,FS,SI,CH,SL,CU,KC",499,0.45454545454545453,0.5904761904761905,0.46092184368737477,0.5630252100840336,0.6716417910447762,0.23847695390781562,0.3392857142857143,0.4473684210526316,0.22244488977955912,"Heriberto Hernandez","24878",681715
"Nick Gonzales",2025,"FA,FC,FS,SI,CH,SL,CU,KC",344,0.6496815286624203,0.7450980392156863,0.4563953488372093,0.7666666666666667,0.7971014492753623,0.2616279069767442,0.4925373134328358,0.6363636363636364,0.19476744186046513,"Nick Gonzales","27490",693304
"Matt McLain",2025,"FA,FC,FS,SI,CH,SL,CU,KC",553,0.4763779527559055,0.7024793388429752,0.4593128390596745,0.5984848484848485,0.7341772151898734,0.23869801084990958,0.3442622950819672,0.6428571428571429,0.2206148282097649,"Matt McLain","29695",680574
"Jonathan India",2025,"FA,FC,FS,SI,CH,SL,CU,KC",483,0.3824884792626728,0.7469879518072289,0.4451345755693582,0.5284552845528455,0.8,0.2525879917184265,0.19148936170212766,0.5555555555555556,0.19254658385093168,"Jonathan India","21523",663697
"Enrique Hernández",2025,"FA,FC,FS,SI,CH,SL,CU,KC",416,0.5706521739130435,0.780952380952381,0.4423076923076923,0.6666666666666666,0.8709677419354839,0.22355769230769232,0.4725274725274725,0.6511627906976745,0.21875,"Enrique Hernandez","10472",571771
"Austin Riley",2025,"FA,FC,FS,SI,CH,SL,CU,KC",387,0.5151515151515151,0.7529411764705882,0.4263565891472868,0.6354166666666666,0.7868852459016393,0.24806201550387597,0.34782608695652173,0.6666666666666666,0.17829457364341086,"Austin Riley","18360",663586
"Jake Burger",2025,"FA,FC,FS,SI,CH,SL,CU,KC",364,0.6346153846153846,0.8080808080808081,0.42857142857142855,0.6956521739130435,0.90625,0.25274725274725274,0.546875,0.6285714285714286,0.17582417582417584,"Jake Burger","22275",669394
"Casey Schmitt",2025,"FA,FC,FS,SI,CH,SL,CU,KC",474,0.5631067961165048,0.6982758620689655,0.4345991561181435,0.6296296296296297,0.8382352941176471,0.22784810126582278,0.4897959183673469,0.5,0.20675105485232068,"Casey Schmitt","27577",669477
"Jahmai Jones",2025,"FA,FC,FS,SI,CH,SL,CU,KC,EP",489,0.45739910313901344,0.7254901960784313,0.4560327198364008,0.528,0.7575757575757576,0.2556237218813906,0.3673469387755102,0.6666666666666666,0.20040899795501022,"Jahmai Jones","18872",663330
"Jurickson Profar",2025,"FA,FC,FS,SI,CH,SL,CU,KC",433,0.49056603773584906,0.8461538461538461,0.4896073903002309,0.5566037735849056,0.864406779661017,0.24480369515011546,0.42452830188679247,0.8222222222222222,0.24480369515011546,"Jurickson Profar","10815",595777
"Gabriel Arias",2025,"FA,FC,FS,SI,CH,SL,CU,KC",543,0.7283950617283951,0.5480225988700564,0.44567219152854515,0.8244274809160306,0.6203703703703703,0.24125230202578268,0.6160714285714286,0.43478260869565216,0.20441988950276244,"Gabriel Arias","22563",672356
"Josh Lowe",2025,"FA,FC,SI,CH,SL,CU,KC",536,0.5726141078838174,0.6811594202898551,0.4496268656716418,0.6528925619834711,0.7341772151898734,0.22574626865671643,0.49166666666666664,0.6101694915254238,0.22388059701492538,"Josh Lowe","19953",666139
"Ramón Urías",2025,"FA,FC,SI,CH,SL,CU,KC",478,0.5922330097087378,0.7131147540983607,0.42887029288702927,0.660377358490566,0.7571428571428571,0.2217573221757322,0.52,0.6538461538461539,0.20711297071129708,"Ramon Urias","18795",602104
"Ben Rice",2025,"FA,FC,SI,CH,SL,CU,KC",484,0.4690721649484536,0.6593406593406593,0.40082644628099173,0.5480769230769231,0.6842105263157895,0.21487603305785125,0.37777777777777777,0.6176470588235294,0.1859504132231405,"Ben Rice","29576",700250
"Josh Bell",2025,"FA,FC,FS,SI,CH,SL,CU,KC",507,0.5353982300884956,0.6694214876033058,0.4437869822485207,0.5982142857142857,0.7313432835820896,0.22090729783037474,0.47368421052631576,0.5925925925925926,0.22287968441814596,"Josh Bell","13145",605137
"Patrick Bailey",2025,"FA,FC,FS,SI,CH,SL,CU,KC",432,0.5384615384615384,0.6964285714285714,0.48148148148148145,0.5887850467289719,0.746031746031746,0.24768518518518517,0.48514851485148514,0.6326530612244898,0.2337962962962963,"Patrick Bailey","27478",672275
"Marcell Ozuna",2025,"FA,FC,FS,SI,CH,SL,CU,KC",633,0.39057239057239057,0.8103448275862069,0.46919431279620855,0.4652777777777778,0.8656716417910447,0.22748815165876776,0.3202614379084967,0.7346938775510204,0.24170616113744076,"Marcell Ozuna","10324",542303
"Trevor Larnach",2025,"FA,FC,SI,CH,SL,CU,KC",448,0.4381443298969072,0.6470588235294118,0.4330357142857143,0.5445544554455446,0.7090909090909091,0.22544642857142858,0.3225806451612903,0.5333333333333333,0.20758928571428573,"Trevor Larnach","21501",663616
"Wenceel Pérez",2025,"FA,FC,FS,SI,CH,SL,CU,KC",417,0.5806451612903226,0.7592592592592593,0.4460431654676259,0.6941176470588235,0.7627118644067796,0.2038369304556355,0.48514851485148514,0.7551020408163265,0.2422062350119904,"Wenceel Perez","22857",672761
"Luis Rengifo",2025,"FA,FC,FS,SI,CH,SL,CU,KC",347,0.6038961038961039,0.7741935483870968,0.4438040345821326,0.7411764705882353,0.8412698412698413,0.24495677233429394,0.43478260869565216,0.6333333333333333,0.1988472622478386,"Luis Rengifo","19858",650859
"Freddy Fermin",2025,"FA,FC,FS,SI,CH,SL,CU,KC",414,0.6388888888888888,0.6869565217391305,0.43478260869565216,0.6818181818181818,0.7466666666666667,0.26570048309178745,0.5714285714285714,0.575,0.16908212560386474,"Freddy Fermin","21840",666023
"Edmundo Sosa",2025,"FA,FC,FS,SI,CH,SL,CU,KN,KC",418,0.6458333333333334,0.7741935483870968,0.45933014354066987,0.673469387755102,0.8484848484848485,0.23444976076555024,0.6170212765957447,0.6896551724137931,0.22488038277511962,"Edmundo Sosa","17022",624641
"Jordan Westburg",2025,"FA,FC,SI,CH,SL,CU,KC",411,0.5957446808510638,0.6339285714285714,0.45498783454987834,0.723404255319149,0.75,0.22627737226277372,0.46808510638297873,0.45454545454545453,0.22871046228710462,"Jordan Westburg","27815",676059
"Adley Rutschman",2025,"FA,FC,FS,SI,CH,SL,CU,KC",424,0.3258426966292135,0.8448275862068966,0.419811320754717,0.42718446601941745,0.8636363636363636,0.2429245283018868,0.18666666666666668,0.7857142857142857,0.17688679245283018,"Adley Rutschman","26288",668939
"Tommy Pham",2025,"FA,FC,FS,SI,CH,SL,CU,KC",479,0.44776119402985076,0.7333333333333333,0.4196242171189979,0.5178571428571429,0.7931034482758621,0.23382045929018788,0.3595505617977528,0.625,0.18580375782881003,"Tommy Pham","2967",502054
"Justin Turner",2025,"FA,FC,FS,SI,CH,SL,CU,KN,KC",465,0.535,0.8598130841121495,0.42795698924731185,0.6018518518518519,0.8615384615384616,0.23225806451612904,0.45652173913043476,0.8571428571428571,0.1956989247311828,"Justin Turner","5235",457759
"Nick Allen",2025,"FA,FC,FS,SI,CH,SL,CU,KC",450,0.5525114155251142,0.8842975206611571,0.4866666666666667,0.6982758620689655,0.9012345679012346,0.2577777777777778,0.3883495145631068,0.85,0.2288888888888889,"Nick Allen","22277",669397
"Willi Castro",2025,"FA,FC,FS,SI,CH,SL,CU,KC",398,0.615819209039548,0.7889908256880734,0.44472361809045224,0.6947368421052632,0.8333333333333334,0.23869346733668342,0.524390243902439,0.7209302325581395,0.20603015075376885,"Willi Castro","17338",650489
"Iván Herrera",2025,"FA,FC,FS,SI,CH,SL,CU,KC",508,0.4682926829268293,0.7916666666666666,0.4035433070866142,0.5309734513274337,0.8333333333333334,0.22244094488188976,0.391304347826087,0.7222222222222222,0.18110236220472442,"Ivan Herrera","20599",671056
"Cam Smith",2025,"FA,FC,FS,SI,CH,SL,CU,KC",610,0.5269230769230769,0.708029197080292,0.4245901639344262,0.6159420289855072,0.8470588235294118,0.2262295081967213,0.4262295081967213,0.4807692307692308,0.19836065573770492,"Cam Smith","35108",701358
"Luis García Jr.",2025,"FA,FC,FS,SI,CH,SL,CU",352,0.6,0.7530864197530864,0.3835227272727273,0.6521739130434783,0.8444444444444444,0.19602272727272727,0.5454545454545454,0.6388888888888888,0.1875,"Luis Garcia Jr.","20391",671277
"Zach McKinstry",2025,"FA,FC,FS,SI,CH,SL,CU,KC",446,0.5103092783505154,0.7777777777777778,0.4349775784753363,0.6666666666666666,0.8088235294117647,0.22869955156950672,0.33695652173913043,0.7096774193548387,0.2062780269058296,"Zach McKinstry","19392",656716
"Kyle Higashioka",2025,"FA,FC,FS,SI,CH,SL,CU,KC",443,0.5133689839572193,0.8541666666666666,0.4198645598194131,0.5480769230769231,0.9122807017543859,0.2325056433408578,0.46987951807228917,0.7692307692307693,0.1873589164785553,"Kyle Higashioka","5517",543309
"Michael A. Taylor",2025,"FA,FC,FS,SI,CH,SL,CU,KC,EP",538,0.5375494071146245,0.5441176470588235,0.47026022304832715,0.6076923076923076,0.6075949367088608,0.241635687732342,0.4634146341463415,0.45614035087719296,0.22862453531598512,"Michael A. Taylor","11489",572191
"Dane Myers",2025,"FA,FC,FS,SI,CH,SL,CU,KC",420,0.421875,0.7901234567901234,0.45714285714285713,0.5277777777777778,0.8245614035087719,0.2571428571428571,0.2857142857142857,0.7083333333333334,0.2,"Dane Myers","22054",667472
"Jose Altuve",2025,"FA,FC,FS,SI,CH,SL,CU,KC",464,0.5555555555555556,0.81,0.3879310344827586,0.5434782608695652,0.88,0.19827586206896552,0.5681818181818182,0.74,0.1896551724137931,"Jose Altuve","5417",514888
"Matt Chapman",2025,"FA,FC,FS,SI,CH,SL,CU,KC",500,0.4786729857819905,0.8118811881188119,0.42,0.5423728813559322,0.8125,0.236,0.3978494623655914,0.8108108108108109,0.184,"Matt Chapman","16505",656305
"Spencer Steer",2025,"FA,FC,FS,SI,CH,SL,CU,KC",536,0.5267489711934157,0.7109375,0.4533582089552239,0.6148148148148148,0.7710843373493976,0.251865671641791,0.4166666666666667,0.6,0.20149253731343283,"Spencer Steer","26323",668715
"Jordan Beck",2025,"FA,FC,SI,CH,SL,CU,KC",556,0.5281385281385281,0.7622950819672131,0.4136690647482014,0.5954198473282443,0.8205128205128205,0.23381294964028776,0.44,0.6590909090909091,0.17985611510791366,"Jordan Beck","31431",687597
"Nick Fortes",2025,"FA,FC,FS,SI,CH,SL,CU,KC",459,0.5245098039215687,0.8411214953271028,0.4444444444444444,0.6111111111111112,0.9242424242424242,0.23529411764705882,0.4270833333333333,0.7073170731707317,0.20915032679738563,"Nick Fortes","21538",663743
"Dillon Dingler",2025,"FA,FC,FS,SI,CH,SL,CU,KC",480,0.47619047619047616,0.76,0.4375,0.5641025641025641,0.7878787878787878,0.24375,0.3655913978494624,0.7058823529411765,0.19375,"Dillon Dingler","27464",693307
"Harrison Bader",2025,"FA,FC,FS,SI,CH,SL,CU,KC,EP",658,0.5458015267175572,0.7062937062937062,0.3981762917933131,0.6444444444444445,0.7011494252873564,0.20516717325227962,0.4409448818897638,0.7142857142857143,0.19300911854103345,"Harrison Bader","18030",664056
"Kyle Farmer",2025,"FA,FC,FS,SI,CH,SL,CU,KC",445,0.5621621621621622,0.7884615384615384,0.4134831460674157,0.6571428571428571,0.8115942028985508,0.23595505617977527,0.4375,0.7428571428571429,0.17752808988764046,"Kyle Farmer","14813",571657
"Byron Buxton",2025,"FA,FC,FS,SI,CH,SL,CU,KC",460,0.5778894472361809,0.7130434782608696,0.4326086956521739,0.6697247706422018,0.7534246575342466,0.23695652173913043,0.4666666666666667,0.6428571428571429,0.1956521739130435,"Byron Buxton","14161",621439
"Nick Kurtz",2025,"FA,FC,SI,CH,SL,CU,KC",604,0.41580756013745707,0.6611570247933884,0.4817880794701987,0.48,0.6944444444444444,0.24834437086092714,0.3475177304964539,0.6122448979591837,0.23344370860927152,"Nick Kurtz","35110",701762
"Rob Refsnyder",2025,"FA,FC,FS,SI,CH,SL,CU,KC",586,0.4032258064516129,0.77,0.4232081911262799,0.5,0.7714285714285715,0.23890784982935154,0.2777777777777778,0.7666666666666667,0.18430034129692832,"Rob Refsnyder","13770",608701
"Jorge Polanco",2025,"FA,FC,FS,SI,CH,SL,CU,KC",436,0.5666666666666667,0.7352941176470589,0.41284403669724773,0.5764705882352941,0.8163265306122449,0.19495412844036697,0.5578947368421052,0.660377358490566,0.21788990825688073,"Jorge Polanco","13152",593871
"Aaron Judge",2025,"FA,FC,FS,SI,CH,SL,CU,KC,EP",570,0.4722222222222222,0.5798319327731093,0.4421052631578947,0.5625,0.6666666666666666,0.22456140350877193,0.3790322580645161,0.44680851063829785,0.21754385964912282,"Aaron Judge","15640",592450
"Carlos Narváez",2025,"FA,FC,FS,SI,CH,SL,CU,KC",537,0.5068493150684932,0.7387387387387387,0.40782122905027934,0.584070796460177,0.803030303030303,0.21042830540037244,0.42452830188679247,0.6444444444444445,0.1973929236499069,"Carlos Narvaez","19722",665966
"Yainer Diaz",2025,"FA,FC,FS,SI,CH,SL,CU,KC",411,0.75,0.7936507936507936,0.40875912408759124,0.8202247191011236,0.821917808219178,0.21654501216545013,0.6708860759493671,0.7547169811320755,0.1922141119221411,"Yainer Diaz","23003",673237
"Dansby Swanson",2025,"FA,FC,FS,SI,CH,SL,CU,KC",516,0.5607476635514018,0.6416666666666667,0.41472868217054265,0.7117117117117117,0.7215189873417721,0.21511627906976744,0.39805825242718446,0.4878048780487805,0.1996124031007752,"Dansby Swanson","18314",621020
"Ke'Bryan Hayes",2025,"FA,FC,FS,SI,CH,SL,CU,KC",479,0.507177033492823,0.8867924528301887,0.4342379958246347,0.6020408163265306,0.9322033898305084,0.2045929018789144,0.42342342342342343,0.8297872340425532,0.22964509394572025,"Ke'Bryan Hayes","18577",663647
"Willson Contreras",2025,"FA,FC,FS,SI,CH,SL,CU,KC",569,0.5019157088122606,0.7175572519083969,0.45869947275922673,0.5895522388059702,0.7721518987341772,0.23550087873462214,0.4094488188976378,0.6346153846153846,0.22319859402460457,"Willson Contreras","11609",575929
"Royce Lewis",2025,"FA,FC,FS,SI,CH,SL,CU,KC",457,0.5604395604395604,0.7549019607843137,0.3982494529540481,0.638095238095238,0.7313432835820896,0.22975929978118162,0.45454545454545453,0.8,0.16849015317286653,"Royce Lewis","20437",668904
"Alex Call",2025,"FA,FC,FS,SI,CH,SL,CU,KC",475,0.39901477832512317,0.8271604938271605,0.42736842105263156,0.47863247863247865,0.8571428571428571,0.2463157894736842,0.29069767441860467,0.76,0.18105263157894738,"Alex Call","19296",669743
"Ryan Jeffers",2025,"FA,FC,FS,SI,CH,SL,CU,KC",613,0.4127659574468085,0.7938144329896907,0.3817292006525285,0.46774193548387094,0.8793103448275862,0.20228384991843393,0.35135135135135137,0.6666666666666666,0.17944535073409462,"Ryan Jeffers","24618",680777
"Carson Kelly",2025,"FA,FC,SI,CH,SL,CU,KN,KC",494,0.5794392523364486,0.717741935483871,0.4331983805668016,0.75,0.7638888888888888,0.19433198380566802,0.4406779661016949,0.6538461538461539,0.2388663967611336,"Carson Kelly","13620",608348
"Curtis Mead",2025,"FA,FC,FS,SI,CH,SL,CU,KC",480,0.49327354260089684,0.8272727272727273,0.4625,0.5826086956521739,0.8656716417910447,0.2375,0.39814814814814814,0.7674418604651163,0.225,"Curtis Mead","23986",678554
"Christopher Morel",2025,"FA,FC,FS,SI,CH,SL,CU,KC",640,0.6235294117647059,0.6037735849056604,0.3984375,0.7086614173228346,0.6777777777777778,0.1984375,0.5390625,0.5072463768115942,0.2,"Christopher Morel","21897",666624
"Bryson Stott",2025,"FA,FC,SI,CH,SL,CU,KC,EP",536,0.3717948717948718,0.7931034482758621,0.43656716417910446,0.4180327868852459,0.8627450980392157,0.22761194029850745,0.32142857142857145,0.6944444444444444,0.208955223880597,"Bryson Stott","26294",681082
"Jared Triolo",2025,"FA,FC,FS,SI,CH,SL,CU,KC",467,0.4823008849557522,0.8256880733944955,0.48394004282655245,0.549618320610687,0.8611111111111112,0.28051391862955033,0.3894736842105263,0.7567567567567568,0.20342612419700215,"Jared Triolo","25807",669707
"Trent Grisham",2025,"FA,FC,SI,CH,SL,CU,KC",641,0.3971119133574007,0.7454545454545455,0.43057722308892354,0.5131578947368421,0.7948717948717948,0.23712948517940718,0.256,0.625,0.1934477379095164,"Trent Grisham","18564",663757
"Hunter Goodman",2025,"FA,FC,FS,SI,CH,SL,CU,KC",550,0.6133333333333333,0.7608695652173914,0.4090909090909091,0.7657657657657657,0.788235294117647,0.2018181818181818,0.4649122807017544,0.7169811320754716,0.20727272727272728,"Hunter Goodman","29715",696100
"Tommy Edman",2025,"FA,FC,FS,SI,CH,SL,CU,KC",413,0.5978260869565217,0.8727272727272727,0.44552058111380144,0.6509433962264151,0.8985507246376812,0.2566585956416465,0.5256410256410257,0.8292682926829268,0.18886198547215496,"Tommy Edman","19470",669242
"Wyatt Langford",2025,"FA,FC,FS,SI,CH,SL,CU,KC",691,0.45733788395904434,0.6940298507462687,0.4240231548480463,0.5821917808219178,0.8,0.21128798842257598,0.3333333333333333,0.5102040816326531,0.21273516642547033,"Wyatt Langford","33333",694671
"Jose Iglesias",2025,"FA,FC,FS,SI,CH,SL,CU,KC",575,0.5061728395061729,0.8130081300813008,0.4191304347826087,0.6129032258064516,0.8552631578947368,0.21391304347826087,0.3949579831932773,0.7446808510638298,0.20521739130434782,"Jose Iglesias","10231",578428
"Cedric Mullins",2025,"FA,FC,SI,CH,SL,CU,KC",548,0.5298804780876494,0.849624060150376,0.458029197080292,0.6136363636363636,0.8271604938271605,0.24087591240875914,0.4369747899159664,0.8846153846153846,0.21715328467153286,"Cedric Mullins","17929",656775
"Shea Langeliers",2025,"FA,FC,FS,SI,CH,SL,CU",420,0.6906077348066298,0.76,0.430952380952381,0.72,0.8194444444444444,0.23809523809523808,0.654320987654321,0.6792452830188679,0.19285714285714287,"Shea Langeliers","25816",669127
"Nolan Schanuel",2025,"FA,FC,SI,CH,SL,CU,KC",482,0.4507042253521127,0.8333333333333334,0.44190871369294604,0.5537190082644629,0.8805970149253731,0.25103734439834025,0.31521739130434784,0.7241379310344828,0.1908713692946058,"Nolan Schanuel","33189",694384
"Mauricio Dubón",2025,"FA,FC,FS,SI,CH,SL,CU,KC",425,0.5964912280701754,0.9019607843137255,0.4023529411764706,0.69,0.8840579710144928,0.23529411764705882,0.4647887323943662,0.9393939393939394,0.16705882352941176,"Mauricio Dubon","16530",643289
"Andrew McCutchen",2025,"FA,FC,FS,SI,CH,SL,CU,KC",628,0.4406779661016949,0.676923076923077,0.4697452229299363,0.5032258064516129,0.717948717948718,0.24681528662420382,0.37142857142857144,0.6153846153846154,0.2229299363057325,"Andrew McCutchen","9847",457705
"George Springer",2025,"FA,FC,FS,SI,CH,SL,CU,KC,EP",585,0.5098039215686274,0.7230769230769231,0.4358974358974359,0.6338028169014085,0.7333333333333333,0.24273504273504273,0.35398230088495575,0.7,0.19316239316239317,"George Springer","12856",543807
"Brandon Lowe",2025,"FA,FC,SI,CH,SL,CU,KC",560,0.602510460251046,0.625,0.42678571428571427,0.6788321167883211,0.7096774193548387,0.24464285714285713,0.5,0.47058823529411764,0.18214285714285713,"Brandon Lowe","18882",664040
"Jazz Chisholm Jr.",2025,"FA,FC,FS,SI,CH,SL,CU,KC,EP",574,0.5022421524663677,0.6428571428571429,0.3885017421602787,0.5853658536585366,0.6805555555555556,0.21428571428571427,0.4,0.575,0.17421602787456447,"Jazz Chisholm Jr.","20454",665862
"Tyler Freeman",2025,"FA,FC,FS,SI,CH,SL,CU,KC",465,0.46774193548387094,0.9310344827586207,0.4,0.5045045045045045,0.9821428571428571,0.23870967741935484,0.41333333333333333,0.8387096774193549,0.16129032258064516,"Tyler Freeman","22532",671289
"Brenton Doyle",2025,"FA,FC,FS,SI,CH,SL,CU,KC",491,0.6009389671361502,0.7578125,0.42973523421588594,0.7256637168141593,0.8414634146341463,0.22810590631364563,0.46,0.6086956521739131,0.20162932790224034,"Brenton Doyle","25479",686668
"Mark Vientos",2025,"FA,FC,FS,SI,CH,SL,CU,KC",523,0.6009615384615384,0.712,0.3977055449330784,0.6576576576576577,0.8082191780821918,0.21223709369024857,0.5360824742268041,0.5769230769230769,0.18546845124282982,"Mark Vientos","22184",668901
"Teoscar Hernández",2025,"FA,FC,FS,SI,CH,SL,CU,KC",483,0.6390243902439025,0.6793893129770993,0.4244306418219462,0.7238095238095238,0.75,0.21739130434782608,0.55,0.5818181818181818,0.2070393374741201,"Teoscar Hernandez","13066",606192
"Isaac Collins",2025,"FA,FC,FS,SI,CH,SL,CU,KC",541,0.4690265486725664,0.6981132075471698,0.41589648798521256,0.536,0.7611940298507462,0.22920517560073936,0.38613861386138615,0.5897435897435898,0.1866913123844732,"Isaac Collins","25477",686555
"Chandler Simpson",2025,"FA,FC,SI,CH,SL,CU,KC",390,0.4896551724137931,0.8591549295774648,0.3717948717948718,0.5,0.8809523809523809,0.2153846153846154,0.47540983606557374,0.8275862068965517,0.1564102564102564,"Chandler Simpson","31912",802415
"Tyler Soderstrom",2025,"FA,FC,SI,CH,SL,CU,KC",505,0.5635593220338984,0.7593984962406015,0.46534653465346537,0.6461538461538462,0.8214285714285714,0.25544554455445545,0.46226415094339623,0.6530612244897959,0.2099009900990099,"Tyler Soderstrom","27467",691016
"Mitch Garver",2025,"FA,FC,FS,SI,CH,SL,CU,KC",642,0.4562043795620438,0.712,0.42679127725856697,0.5298013245033113,0.7875,0.235202492211838,0.36585365853658536,0.5777777777777777,0.19158878504672897,"Mitch Garver","15161",641598
"Javier Báez",2025,"FA,FC,FS,SI,CH,SL,CU,KC",476,0.6111111111111112,0.7933884297520661,0.4117647058823529,0.6283185840707964,0.8169014084507042,0.23529411764705882,0.5882352941176471,0.76,0.17647058823529413,"Javier Baez","12979",595879
"Corey Seager",2025,"FA,FC,FS,SI,CH,SL,CU",578,0.5686274509803921,0.6758620689655173,0.43944636678200694,0.6993006993006993,0.73,0.24740484429065743,0.4017857142857143,0.5555555555555556,0.19204152249134948,"Corey Seager","13624",608369
"Andrew Vaughn",2025,"FA,FC,FS,SI,CH,SL,CU,KC",538,0.48917748917748916,0.8407079646017699,0.42936802973977695,0.6033057851239669,0.8493150684931506,0.22490706319702602,0.36363636363636365,0.825,0.20446096654275092,"Andrew Vaughn","26197",683734
"Isiah Kiner-Falefa",2025,"FA,FC,FS,SI,CH,SL,CU,KC",446,0.5309278350515464,0.8543689320388349,0.4327354260089686,0.6190476190476191,0.8923076923076924,0.23542600896860988,0.42696629213483145,0.7894736842105263,0.19730941704035873,"Isiah Kiner-Falefa","16512",643396
"Bryan Reynolds",2025,"FA,FC,FS,SI,CH,SL,CU,KC",656,0.5324675324675324,0.6890243902439024,0.4695121951219512,0.7,0.7678571428571429,0.24390243902439024,0.35135135135135137,0.5192307692307693,0.22560975609756098,"Bryan Reynolds","19326",668804
"Romy Gonzalez",2025,"FA,FC,FS,SI,CH,SL,CU,KC",521,0.5777777777777777,0.6923076923076923,0.43186180422264875,0.6363636363636364,0.7012987012987013,0.23224568138195778,0.5096153846153846,0.6792452830188679,0.19961612284069097,"Romy Gonzalez","21562",663853
"Alec Burleson",2025,"FA,FC,FS,SI,CH,SL,CU,KC",461,0.5187165775401069,0.845360824742268,0.40563991323210413,0.6310679611650486,0.8923076923076924,0.22342733188720174,0.38095238095238093,0.75,0.1822125813449024,"Alec Burleson","27615",676475
"Carlos Correa",2025,"FA,FC,FS,SI,CH,SL,CU,KC",582,0.531496062992126,0.8074074074074075,0.436426116838488,0.6356589147286822,0.8414634146341463,0.22164948453608246,0.424,0.7547169811320755,0.21477663230240548,"Carlos Correa","14162",621043
"Bobby Witt Jr.",2025,"FA,FC,FS,SI,CH,SL,CU,KC",531,0.6073059360730594,0.7518796992481203,0.4124293785310734,0.6439393939393939,0.7647058823529411,0.24858757062146894,0.5517241379310345,0.7291666666666666,0.1638418079096045,"Bobby Witt Jr.","25764",677951
"Amed Rosario",2025,"FA,FC,FS,SI,CH,SL,CU,KC",417,0.6416184971098265,0.8738738738738738,0.4148681055155875,0.7227722772277227,0.8904109589041096,0.2422062350119904,0.5277777777777778,0.8421052631578947,0.17266187050359713,"Amed Rosario","15518",642708
"Jackson Chourio",2025,"FA,FC,FS,SI,CH,SL,CU,KC",518,0.5594713656387665,0.8031496062992126,0.4362934362934363,0.6050420168067226,0.8611111111111112,0.2277992277992278,0.5092592592592593,0.7272727272727273,0.2084942084942085,"Jackson Chourio","28806",694192
"Javier Sanoja",2025,"FA,FC,FS,SI,CH,SL,CU,KC",491,0.5348837209302325,0.8521739130434782,0.43584521384928715,0.5703125,0.8493150684931506,0.2606924643584521,0.4827586206896552,0.8571428571428571,0.17515274949083504,"Javier Sanoja","28253",691594
"Miguel Rojas",2025,"FA,FC,FS,SI,CH,SL,CU,KC",535,0.4314516129032258,0.8504672897196262,0.4635514018691589,0.6048387096774194,0.8666666666666667,0.23177570093457944,0.25806451612903225,0.8125,0.23177570093457944,"Miguel Rojas","7802",500743
"Nathaniel Lowe",2025,"FA,FC,FS,SI,CH,SL,CU,KC",720,0.4588607594936709,0.7448275862068966,0.4388888888888889,0.5714285714285714,0.782608695652174,0.22361111111111112,0.3419354838709677,0.6792452830188679,0.2152777777777778,"Nathaniel Lowe","19566",663993
"Jake Cronenworth",2025,"FA,FC,FS,SI,CH,SL,CU,KC",693,0.45791245791245794,0.8676470588235294,0.42857142857142855,0.5443786982248521,0.9239130434782609,0.24386724386724387,0.34375,0.75,0.1847041847041847,"Jake Cronenworth","18036",630105
"Carlos Santana",2025,"FA,FC,FS,SI,CH,SL,CU,KN,KC",582,0.46887966804979253,0.7433628318584071,0.41408934707903783,0.5234375,0.8656716417910447,0.21993127147766323,0.40707964601769914,0.5652173913043478,0.19415807560137457,"Carlos Santana","2396",467793
"Eugenio Suárez",2025,"FA,FC,FS,SI,CH,SL,CU,KC",762,0.48493975903614456,0.6211180124223602,0.4356955380577428,0.5621301775147929,0.6842105263157895,0.22178477690288714,0.4049079754601227,0.5303030303030303,0.21391076115485563,"Eugenio Suarez","12552",553993
"Santiago Espinal",2025,"FA,FC,FS,SI,CH,SL,CU,KC",528,0.45535714285714285,0.8823529411764706,0.42424242424242425,0.5423728813559322,0.953125,0.22348484848484848,0.3584905660377358,0.7631578947368421,0.20075757575757575,"Santiago Espinal","19997",669289
"Salvador Perez",2025,"FA,FC,FS,SI,CH,SL,CU,KC",499,0.7327188940092166,0.779874213836478,0.43286573146292584,0.7863247863247863,0.8152173913043478,0.23246492985971945,0.67,0.7313432835820896,0.20040080160320642,"Salvador Perez","7304",521692
"Willy Adames",2025,"FA,FC,FS,SI,CH,SL,CU,KC",741,0.45427728613569324,0.6493506493506493,0.45614035087719296,0.5191256830601093,0.6736842105263158,0.24561403508771928,0.3782051282051282,0.6101694915254238,0.21052631578947367,"Willy Adames","15986",642715
"Agustín Ramírez",2025,"FA,FC,FS,SI,CH,SL,CU,KC",637,0.5802919708029197,0.6981132075471698,0.4301412872841444,0.6240601503759399,0.7831325301204819,0.2087912087912088,0.5390070921985816,0.6052631578947368,0.22135007849293564,"Agustin Ramirez","26546",682663
"Myles Straw",2025,"FA,FC,FS,SI,CH,SL,CU,KC,EP",558,0.5341365461847389,0.8721804511278195,0.4444444444444444,0.5572519083969466,0.8904109589041096,0.23476702508960573,0.5084745762711864,0.85,0.20967741935483872,"Myles Straw","17620",664702
"Seiya Suzuki",2025,"FA,FC,FS,SI,CH,SL,CU,KC,EP",810,0.4218289085545723,0.8111888111888111,0.4185185185185185,0.5025380710659898,0.8181818181818182,0.24320987654320989,0.30985915492957744,0.7954545454545454,0.17530864197530865,"Seiya Suzuki","30116",673548
"Andy Pages",2025,"FA,FC,FS,SI,CH,SL,CU,KC",597,0.5816733067729084,0.6917808219178082,0.4187604690117253,0.6330935251798561,0.7840909090909091,0.23283082077051925,0.5178571428571429,0.5517241379310345,0.18592964824120603,"Andy Pages","24816",681624
"Wilmer Flores",2025,"FA,FC,FS,SI,CH,SL,CU,KC,EP",605,0.556420233463035,0.8111888111888111,0.42479338842975206,0.636986301369863,0.8924731182795699,0.2413223140495868,0.45045045045045046,0.66,0.1834710743801653,"Wilmer Flores","5827",527038
"Lars Nootbaar",2025,"FA,FC,SI,CH,SL,CU,KC",696,0.3781818181818182,0.7115384615384616,0.39511494252873564,0.4117647058823529,0.75,0.19540229885057472,0.34532374100719426,0.6666666666666666,0.1997126436781609,"Lars Nootbaar","21454",663457
"Chase Meidroth",2025,"FA,FC,FS,SI,CH,SL,CU,KC",664,0.41156462585034015,0.9338842975206612,0.4427710843373494,0.49382716049382713,0.925,0.24397590361445784,0.3106060606060606,0.9512195121951219,0.19879518072289157,"Chase Meidroth","31580",805367
"Caleb Durbin",2025,"FA,FC,FS,SI,CH,SL,CU,KC",482,0.46226415094339623,0.8469387755102041,0.43983402489626555,0.5904761904761905,0.8870967741935484,0.21784232365145229,0.3364485981308411,0.7777777777777778,0.22199170124481327,"Caleb Durbin","29646",702332
"Jake Mangum",2025,"FA,FC,FS,SI,CH,SL,CU,KC",439,0.6288659793814433,0.8442622950819673,0.4419134396355353,0.6915887850467289,0.8648648648648649,0.2437357630979499,0.5517241379310345,0.8125,0.19817767653758542,"Jake Mangum","26202",663968
"Ramón Laureano",2025,"FA,FC,FS,SI,CH,SL,CU,KC",645,0.4827586206896552,0.7428571428571429,0.4496124031007752,0.5769230769230769,0.8,0.24186046511627907,0.373134328358209,0.64,0.20775193798449612,"Ramon Laureano","17128",657656
"Brent Rooker",2025,"FA,FC,FS,SI,CH,SL,CU,KC",587,0.5555555555555556,0.7357142857142858,0.4293015332197615,0.6861313868613139,0.8404255319148937,0.23339011925042588,0.4,0.5217391304347826,0.19591141396933562,"Brent Rooker","19627",667670
"Bo Bichette",2025,"FA,FC,FS,SI,CH,SL,CU,KC,EP",504,0.6636771300448431,0.8716216216216216,0.44047619047619047,0.7428571428571429,0.9358974358974359,0.20634920634920634,0.5932203389830508,0.8,0.23412698412698413,"Bo Bichette","19612",666182
"Joey Ortiz",2025,"FA,FC,FS,SI,CH,SL,CU,KC",531,0.5,0.8362068965517241,0.4369114877589454,0.5403225806451613,0.8656716417910447,0.2335216572504708,0.4537037037037037,0.7959183673469388,0.2033898305084746,"Joey Ortiz","25493",687401
"Anthony Volpe",2025,"FA,FC,FS,SI,CH,SL,CU,KC",716,0.4658385093167702,0.8133333333333334,0.44972067039106145,0.5740740740740741,0.8709677419354839,0.22625698324022347,0.35625,0.7192982456140351,0.22346368715083798,"Anthony Volpe","27647",683011
"Ian Happ",2025,"FA,FC,FS,SI,CH,SL,CU,KC",724,0.446875,0.6713286713286714,0.4419889502762431,0.5240641711229946,0.7244897959183674,0.25828729281767954,0.3383458646616541,0.5555555555555556,0.18370165745856354,"Ian Happ","17919",664023
"Masyn Winn",2025,"FA,FC,FS,SI,CH,SL,CU,KC",756,0.5014577259475219,0.8837209302325582,0.4537037037037037,0.5652173913043478,0.9326923076923077,0.24338624338624337,0.4276729559748428,0.8088235294117647,0.21031746031746032,"Masyn Winn","27479",691026
"Trevor Story",2025,"FA,FC,FS,SI,CH,SL,CU,KC",641,0.6254545454545455,0.7209302325581395,0.4290171606864275,0.722972972972973,0.8037383177570093,0.23088923556942278,0.5118110236220472,0.5846153846153846,0.1981279251170047,"Trevor Story","12564",596115
"William Contreras",2025,"FA,FC,FS,SI,CH,SL,CU,KC",696,0.5254777070063694,0.7757575757575758,0.44971264367816094,0.6459627329192547,0.8557692307692307,0.23132183908045978,0.39869281045751637,0.639344262295082,0.21839080459770116,"William Contreras","20503",661388
"Fernando Tatis Jr.",2025,"FA,FC,FS,SI,CH,SL,CU,KC",711,0.5,0.70625,0.450070323488045,0.6075949367088608,0.8333333333333334,0.2222222222222222,0.3950617283950617,0.515625,0.22784810126582278,"Fernando Tatis Jr.","19709",665487
"Pete Alonso",2025,"FA,FC,FS,SI,CH,SL,CU,KC",853,0.5284552845528455,0.7589743589743589,0.43141852286049237,0.6069651741293532,0.8114754098360656,0.23446658851113716,0.43452380952380953,0.6712328767123288,0.1969519343493552,"Pete Alonso","19251",624413
"Jackson Holliday",2025,"FA,FC,FS,SI,CH,SL,CU,KC",676,0.49337748344370863,0.7248322147651006,0.4467455621301775,0.5878787878787879,0.8041237113402062,0.2440828402366864,0.3795620437956204,0.5769230769230769,0.20266272189349113,"Jackson Holliday","31781",702616
"Riley Greene",2025,"FA,FC,FS,SI,CH,SL,CU,KC",852,0.5426356589147286,0.7666666666666667,0.45422535211267606,0.6123348017621145,0.8057553956834532,0.2664319248826291,0.44375,0.6901408450704225,0.18779342723004694,"Riley Greene","25976",682985
"Heliot Ramos",2025,"FA,FC,FS,SI,CH,SL,CU,KC",751,0.5968253968253968,0.776595744680851,0.4181091877496671,0.6647398843930635,0.8608695652173913,0.22902796271637815,0.5140845070422535,0.6438356164383562,0.18908122503328895,"Heliot Ramos","22515",671218
"Brendan Donovan",2025,"FA,FC,FS,SI,CH,SL,CU,KC",662,0.44912280701754387,0.890625,0.42900302114803623,0.47058823529411764,0.9027777777777778,0.229607250755287,0.42424242424242425,0.875,0.19939577039274925,"Brendan Donovan","24679",680977
"Julio Rodríguez",2025,"FA,FC,FS,SI,CH,SL,CU,KC",656,0.6073825503355704,0.7182320441988951,0.45426829268292684,0.7037037037037037,0.7368421052631579,0.24695121951219512,0.49264705882352944,0.6865671641791045,0.2073170731707317,"Julio Rodriguez","23697",677594
"Jackson Merrill",2025,"FA,FC,FS,SI,CH,SL,CU,KC",602,0.6381322957198443,0.7926829268292683,0.4269102990033223,0.7196969696969697,0.8421052631578947,0.21926910299003322,0.552,0.7246376811594203,0.20764119601328904,"Jackson Merrill","29490",701538
"Manny Machado",2025,"FA,FC,FS,SI,CH,SL,CU,KC",710,0.5279503105590062,0.7411764705882353,0.44929577464788734,0.6120218579234973,0.7321428571428571,0.2549295774647887,0.4172661870503597,0.7586206896551724,0.19436619718309858,"Manny Machado","11493",592518
"Christian Yelich",2025,"FA,FC,FS,SI,CH,SL,CU,KC",821,0.5063694267515924,0.7358490566037735,0.38246041412911086,0.5515151515151515,0.8241758241758241,0.20097442143727162,0.4563758389261745,0.6176470588235294,0.1814859926918392,"Christian Yelich","11477",592885
"Paul Goldschmidt",2025,"FA,FC,FS,SI,CH,SL,CU,KC",648,0.4927536231884058,0.8529411764705882,0.42592592592592593,0.6037735849056604,0.8541666666666666,0.24537037037037038,0.3418803418803419,0.85,0.18055555555555555,"Paul Goldschmidt","9218",502671
"Nico Hoerner",2025,"FA,FC,FS,SI,CH,SL,CU,KC",473,0.5902439024390244,0.8842975206611571,0.42917547568710357,0.6448598130841121,0.8840579710144928,0.2219873150105708,0.5306122448979592,0.8846153846153846,0.20718816067653276,"Nico Hoerner","21479",663538
"Brice Turang",2025,"FA,FC,FS,SI,CH,SL,CU,KC",774,0.48338368580060426,0.80625,0.42764857881136953,0.5497382198952879,0.8857142857142857,0.2467700258397933,0.39285714285714285,0.6545454545454545,0.18087855297157623,"Brice Turang","22186",668930
"Ketel Marte",2025,"FA,FC,FS,SI,CH,SL,CU,KC",612,0.49145299145299143,0.808695652173913,0.38235294117647056,0.6090909090909091,0.835820895522388,0.17973856209150327,0.3870967741935484,0.7708333333333334,0.20261437908496732,"Ketel Marte","13613",606466
"CJ Abrams",2025,"FA,FC,SI,CH,SL,CU,KC",712,0.5849056603773585,0.7580645161290323,0.4452247191011236,0.6352941176470588,0.8055555555555556,0.23735955056179775,0.527027027027027,0.6923076923076923,0.20786516853932585,"CJ Abrams","25768",682928
"Eric Wagaman",2025,"FA,FC,FS,SI,CH,SL,CU,KC",684,0.44745762711864406,0.7803030303030303,0.43128654970760233,0.5483870967741935,0.8705882352941177,0.22660818713450293,0.3357142857142857,0.6170212765957447,0.2046783625730994,"Eric Wagaman","23395",676572
"Matt Olson",2025,"FA,FC,FS,SI,CH,SL,CU,KC",905,0.53125,0.7254901960784313,0.42320441988950275,0.5939086294416244,0.717948717948718,0.2165745856353591,0.46524064171123,0.735632183908046,0.20662983425414364,"Matt Olson","14344",621566
"Corbin Carroll",2025,"FA,FC,SI,CH,SL,CU,KC",732,0.5124223602484472,0.7818181818181819,0.4371584699453552,0.6043956043956044,0.7909090909090909,0.2459016393442623,0.39285714285714285,0.7636363636363637,0.1912568306010929,"Corbin Carroll","25878",682998
"Sal Frelick",2025,"FA,FC,FS,SI,CH,SL,CU,KC",619,0.4606741573033708,0.9024390243902439,0.43134087237479807,0.5,0.9078947368421053,0.2455573505654281,0.40869565217391307,0.8936170212765957,0.18578352180936994,"Sal Frelick","29622",686217
"Brandon Nimmo",2025,"FA,FC,FS,SI,CH,SL,CU,KC",812,0.5220994475138122,0.7671957671957672,0.4458128078817734,0.6030150753768844,0.8,0.24507389162561577,0.4233128834355828,0.7101449275362319,0.20073891625615764,"Brandon Nimmo","12927",607043
"Elly De La Cruz",2025,"FA,FC,FS,SI,CH,SL,CU,KC",786,0.5632530120481928,0.679144385026738,0.4223918575063613,0.6379310344827587,0.7387387387387387,0.22137404580152673,0.4810126582278481,0.5921052631578947,0.2010178117048346,"Elly De La Cruz","26668",682829
"Randy Arozarena",2025,"FA,FC,FS,SI,CH,SL,CU",793,0.49137931034482757,0.7602339181286549,0.43883984867591425,0.554945054945055,0.7821782178217822,0.22950819672131148,0.42168674698795183,0.7285714285714285,0.20933165195460277,"Randy Arozarena","19290",668227
"Jarren Duran",2025,"FA,FC,SI,CH,SL,CU,KC",788,0.5406976744186046,0.6881720430107527,0.4365482233502538,0.5657142857142857,0.7777777777777778,0.22208121827411167,0.514792899408284,0.5862068965517241,0.21446700507614214,"Jarren Duran","24617",680776