Name,Team,Name,Team,Season,Age,G,AB,PA,H,1B,2B,3B,HR,R,RBI,BB,IBB,SO,HBP,SF,SH,GDP,SB,CS,AVG,GB,FB,LD,IFFB,Pitches,Balls,Strikes,IFH,BU,BUH,BB%,K%,BB/K,OBP,SLG,OPS,ISO,BABIP,GB/FB,LD%,GB%,FB%,IFFB%,HR/FB,IFH%,BUH%,wOBA,wRAA,wRC,Bat,Fld,Rep,Pos,RAR,WAR,Dol,Spd,wRC+,WPA,RE24,REW,pLI,phLI,PH,WPA/LI,Clutch,FBv,SL%,SLv,CT%,CTv,CB%,CBv,CH%,CHv,SF%,SFv,KN%,KNv,XX%,PO%,wFB,wSL,wCT,wCB,wCH,wSF,wKN,wFB/C,wSL/C,wCT/C,wCB/C,wCH/C,wSF/C,wKN/C,O-Swing%,Z-Swing%,Swing%,O-Contact%,Z-Contact%,Contact%,Zone%,F-Strike%,SwStr%,BsR,FA% (sc),FT% (sc),FC% (sc),FS% (sc),FO% (sc),SI% (sc),SL% (sc),CU% (sc),KC% (sc),EP% (sc),CH% (sc),SC% (sc),KN% (sc),UN% (sc),vFA (sc),vFT (sc),vFC (sc),vFS (sc),vFO (sc),vSI (sc),vSL (sc),vCU (sc),vKC (sc),vEP (sc),vCH (sc),vSC (sc),vKN (sc),FA-X (sc),FT-X (sc),FC-X (sc),FS-X (sc),FO-X (sc),SI-X (sc),SL-X (sc),CU-X (sc),KC-X (sc),EP-X (sc),CH-X (sc),SC-X (sc),KN-X (sc),FA-Z (sc),FT-Z (sc),FC-Z (sc),FS-Z (sc),FO-Z (sc),SI-Z (sc),SL-Z (sc),CU-Z (sc),KC-Z (sc),EP-Z (sc),CH-Z (sc),SC-Z (sc),KN-Z (sc),wFA (sc),wFT (sc),wFC (sc),wFS (sc),wFO (sc),wSI (sc),wSL (sc),wCU (sc),wKC (sc),wEP (sc),wCH (sc),wSC (sc),wKN (sc),wFA/C (sc),wFT/C (sc),wFC/C (sc),wFS/C (sc),wFO/C (sc),wSI/C (sc),wSL/C (sc),wCU/C (sc),wKC/C (sc),wEP/C (sc),wCH/C (sc),wSC/C (sc),wKN/C (sc),O-Swing% (sc),Z-Swing% (sc),Swing% (sc),O-Contact% (sc),Z-Contact% (sc),Contact% (sc),Zone% (sc),Pace,Def,wSB,UBR,Age Rng,Off,Lg,wGDP,Pull%,Cent%,Oppo%,Soft%,Med%,Hard%,TTO%,CH% (pi),CS% (pi),CU% (pi),FA% (pi),FC% (pi),FS% (pi),KN% (pi),SB% (pi),SI% (pi),SL% (pi),XX% (pi),vCH (pi),vCS (pi),vCU (pi),vFA (pi),vFC (pi),vFS (pi),vKN (pi),vSB (pi),vSI (pi),vSL (pi),vXX (pi),CH-X (pi),CS-X (pi),CU-X (pi),FA-X (pi),FC-X (pi),FS-X (pi),KN-X (pi),SB-X (pi),SI-X (pi),SL-X (pi),XX-X (pi),CH-Z (pi),CS-Z (pi),CU-Z (pi),FA-Z (pi),FC-Z (pi),FS-Z (pi),KN-Z (pi),SB-Z (pi),SI-Z (pi),SL-Z (pi),XX-Z (pi),wCH (pi),wCS (pi),wCU (pi),wFA (pi),wFC (pi),wFS (pi),wKN (pi),wSB (pi),wSI (pi),wSL (pi),wXX (pi),wCH/C (pi),wCS/C (pi),wCU/C (pi),wFA/C (pi),wFC/C (pi),wFS/C (pi),wKN/C (pi),wSB/C (pi),wSI/C (pi),wSL/C (pi),wXX/C (pi),O-Swing% (pi),Z-Swing% (pi),Swing% (pi),O-Contact% (pi),Z-Contact% (pi),Contact% (pi),Zone% (pi),Pace (pi),FRM,AVG+,BB%+,K%+,OBP+,SLG+,ISO+,BABIP+,LD+%,GB%+,FB%+,HR/FB%+,Pull%+,Cent%+,Oppo%+,Soft%+,Med%+,Hard%+,EV,LA,Barrels,Barrel%,maxEV,HardHit,HardHit%,Events,CStr%,CSW%,xBA,xSLG,xwOBA,L-WAR,PPTV,CPTV,BPTV,DSV,DGV,BTV,wPPTV,wCPTV,wBPTV,wDSV,wDGV,wBTV,EBV,ESV,wOppTeamV,wTeamV,wNetBatV,TG,Bats,Fantasy,$,FPTS,FPTS/G,SPTS,SPTS/G,XBR,EV90,BatSpd,FastSw%,SqUpCon%,SqUpSw%,BlastCon%,BlastSw%,Swords,CompSw,Tilt,AtkAng,AtkDir,IdealAtkAng%,DepthBox,DistOffPlt,H-Swing%,H-Contact%,H-Zone%,C-Swing%,C-Contact%,C-Zone%,S-Swing%,S-Contact%,S-Zone%,W-Swing%,W-Contact%,W-Zone%,O-Swing% (mlb),O-Contact% (mlb),O-Zone% (mlb),Z-Swing% (mlb),Z-Contact% (mlb),Zone% (mlb),FA-AA,FT-AA,FC-AA,FS-AA,FO-AA,SI-AA,SL-AA,CU-AA,KC-AA,EP-AA,CH-AA,SC-AA,KN-AA,SLO-AA,ST-AA,CUO-AA,CV-AA,FA-SPN,FT-SPN,FC-SPN,FS-SPN,FO-SPN,SI-SPN,SL-SPN,CU-SPN,KC-SPN,EP-SPN,CH-SPN,SC-SPN,KN-SPN,SLO-SPN,ST-SPN,CUO-SPN,CV-SPN,SLO% (sc),ST% (sc),CUO% (sc),SV% (sc),vSLO (sc),vST (sc),vCUO (sc),vSV (sc),SLO-X (sc),ST-X (sc),CUO-X (sc),SV-X (sc),SLO-Z (sc),ST-Z (sc),CUO-Z (sc),SV-Z (sc),wSLO (sc),wST (sc),wCUO (sc),wSV (sc),wSLO/C (sc),wST/C (sc),wCUO/C (sc),wSV/C (sc),SI-Swing%,SI-Contact%,SI-Zone%,SO-Swing%,SO-Contact%,SO-Zone%,SwgLng,B-Rvw,B-OvrTrn,B-Crct%,wB-Rvw,P-Rvw,P-OvrTrn,P-Crct%,wP-Rvw,C-Rvw,C-OvrTrn,C-Crct%,wC-Rvw,AsC-Rvw,AsC-Ovrtrn,AsC-Crct%,wAsC-Rvw,NameASCII,PlayerId,MLBAMID
"Matthew Lugo","KCR","Matthew Lugo","KCR",2026,25,1,1,1,1,1,0,0,0,0,0,0,0,0,0,0,0,0,0,0,1,0,1,0,1,1,0,1,0,0,0,0,0,0,1,1,2,0,1,0,0,0,1,1,0,0,0,0.8902600407600403,0.4629491439344181,0.5810361972333683,,,,,,,,0.14285714,498.69170452221584,,,,,,,,,,,,,,,,,,,,,,,,,,,,,,,,,,,,,,,,,,,,,,,,,,,,,,,,,,,,,,,,,,,,,,,,,,,,,,,,,,,,,,,,,,,,,,,,,,,,,,,,,,,,,,,,,,,,,,,,,,,,,,,,,,,,,,,,-0.005630227737128735,,"25 - 25",,,,0,0,1,1,0,0,0,,,,,,,,,,,,,,,,,,,,,,,,,,,,,,,,,,,,,,,,,,,,,,,,,,,,,,,,,,,,,,,,,,,,,,,,,,,,,,,,,,,,,,,,,,,,,,,,,,,,,,,,,,,,,,,,,,,,,,,,,,,,,"R",,,,,,,,,,,,,,,,,,,,,,,,,,,,,,,,,,,,,,,,,,,,,,,,,,,,,,,,,,,,,,,,,,,,,,,,,,,,,,,,,,,,,,,,,,,,,,,,,,,,,,,,,,,,,,,,,,,,,,,,,,"Matthew Lugo",25980,683090
"Victor Mederos","ATL","Victor Mederos","ATL",2026,25,1,1,1,1,1,0,0,0,0,2,0,0,0,0,0,0,0,0,0,1,1,0,0,0,3,1,2,1,0,0,0,0,0,1,1,2,0,1,1,0,1,0,0,0,1,0,0.8902600407600403,0.4629491439344181,0.5810361972333683,,,,,,,,0.14285714,483.7358487287871,,,,,,,,,,,,,,,,,,,,,,,,,,,,,,,,,,,,,,,,,,,,,,,,,,,,,,,,,,,,,,,,,,,,,,,,,,,,,,,,,,,,,,,,,,,,,,,,,,,,,,,,,,,,,,,,,,,,,,,,,,,,,,,,,,,,,,,,-0.005630227737128735,,"25 - 25",,,,1,0,0,0,0,1,0,,,,,,,,,,,,,,,,,,,,,,,,,,,,,,,,,,,,,,,,,,,,,,,,,,,,,,,,,,,,,,,,,,,,,,,,,,,,,,,,,,,,,,,,,,,,,,,,,,,,,,,,,,,,,,,,,,,,,,,,,,,,,"R",,,,,,,,,,,,,,,,,,,,,,,,,,,,,,,,,,,,,,,,,,,,,,,,,,,,,,,,,,,,,,,,,,,,,,,,,,,,,,,,,,,,,,,,,,,,,,,,,,,,,,,,,,,,,,,,,,,,,,,,,,"Victor Mederos",31533,682989
"Gabriel Gonzalez","MIN","Gabriel Gonzalez","MIN",2026,22,2,1,2,1,1,0,0,0,0,0,0,0,0,1,0,0,0,0,0,1,1,0,0,0,8,4,4,1,0,0,0,0,0,1,1,2,0,1,1,0,1,0,0,0,1,0,0.8096721172332764,0.7958982580620411,1.0320723646599415,,,,,,,,0.14285714,445.2358206443491,,,,,,,,,,,,,,,,,,,,,,,,,,,,,,,,,,,,,,,,,,,,,,,,,,,,,,,,,,,,,,,,,,,,,,,,,,,,,,,,,,,,,,,,,,,,,,,,,,,,,,,,,,,,,,,,,,,,,,,,,,,,,,,,,,,,,,,,-0.01126045547425747,,"22 - 22",,,,1,0,0,0,1,0,0,,,,,,,,,,,,,,,,,,,,,,,,,,,,,,,,,,,,,,,,,,,,,,,,,,,,,,,,,,,,,,,,,,,,,,,,,,,,,,,,,,,,,,,,,,,,,,,,,,,,,,,,,,,,,,,,,,,,,,,,,,,,,"R",,,,,,,,,,,,,,,,,,,,,,,,,,,,,,,,,,,,,,,,,,,,,,,,,,,,,,,,,,,,,,,,,,,,,,,,,,,,,,,,,,,,,,,,,,,,,,,,,,,,,,,,,,,,,,,,,,,,,,,,,,"Gabriel Gonzalez",28833,694224
"Andrew Knizner","SFG","Andrew Knizner","SFG",2026,31,5,7,9,5,3,2,0,0,1,0,1,0,1,1,0,0,0,0,0,0.714285714,1,2,3,0,25,10,15,0,0,0,0.111111111,0.111111111,1,0.777777777,1,1.777777777,0.285714286,0.833333333,0.5,0.5,0.166666666,0.333333333,0,0,0,0,0.7358179489771525,3.0454233925459744,4.108206872236526,,,,,,,,0.5595238025,382.44519257911827,,,,,,,,,,,,,,,,,,,,,,,,,,,,,,,,,,,,,,,,,,,,,,,,,,,,,,,,,,,,,,,,,,,,,,,,,,,,,,,,,,,,,,,,,,,,,,,,,,,,,,,,,,,,,,,,,,,,,,,,,,,,,,,,,,,,,,,,-0.028151138685643673,,"31 - 31",,,,0.5,0.33333333,0.16666667,0.16666667,0.33333333,0.5,0.22222222,,,,,,,,,,,,,,,,,,,,,,,,,,,,,,,,,,,,,,,,,,,,,,,,,,,,,,,,,,,,,,,,,,,,,,,,,,,,,,,,,,,,,,,,,,,,,,,,,,,,,,,,,,,,,,,,,,,,,,,,,,,,,"R",,,,,,,,,,,,,,,,,,,,,,,,,,,,,,,,,,,,,,,,,,,,,,,,,,,,,,,,,,,,,,,,,,,,,,,,,,,,,,,,,,,,,,,,,,,,,,,,,,,,,,,,,,,,,,,,,,,,,,,,,,"Andrew Knizner",19514,668800
"Junior Perez","CHW","Junior Perez","CHW",2026,24,7,8,9,3,1,0,0,2,3,5,1,0,4,0,0,0,0,0,0,0.375,2,2,0,0,35,14,21,0,0,0,0.111111111,0.444444444,0.25,0.444444444,1.125,1.569444444,0.75,0.5,1,0,0.5,0.5,0,1,0,0,0.6324895819028219,2.295346880425618,3.35813036011617,,,,,,,,2.64285714,322.0195499255673,,,,,,,,,,,,,,,,,,,,,,,,,,,,,,,,,,,,,,,,,,,,,,,,,,,,,,,,,,,,,,,,,,,,,,,,,,,,,,,,,,,,,,,,,,,,,,,,,,,,,,,,,,,,,,,,,,,,,,,,,,,,,,,,,,,,,,,,-0.01126045547425747,,"24 - 24",,,,0.75,0.25,0,0,0.25,0.75,0.77777778,,,,,,,,,,,,,,,,,,,,,,,,,,,,,,,,,,,,,,,,,,,,,,,,,,,,,,,,,,,,,,,,,,,,,,,,,,,,,,,,,,,,,,,,,,,,,,,,,,,,,,,,,,,,,,,,,,,,,,,,,,,,,"R",,,,,,,,,,,,,,,,,,,,,,,,,,,,,,,,,,,,,,,,,,,,,,,,,,,,,,,,,,,,,,,,,,,,,,,,,,,,,,,,,,,,,,,,,,,,,,,,,,,,,,,,,,,,,,,,,,,,,,,,,,"Junior Perez",23989,678577
"Adael Amador","COL","Adael Amador","COL",2026,23,5,7,9,3,1,1,0,1,2,6,2,0,3,0,0,0,0,0,0,0.428571428,2,2,0,0,42,16,26,0,0,0,0.222222222,0.333333333,0.666666666,0.555555555,1,1.555555555,0.571428572,0.666666666,1,0,0.5,0.5,0,0.5,0,0,0.6222967373000251,2.2213554534368343,3.284138933127386,,,,,,,,1.08035714,291.26796150294416,,,,,,,,,,,,,,,,,,,,,,,,,,,,,,,,,,,,,,,,,,,,,,,,,,,,,,,,,,,,,,,,,,,,,,,,,,,,,,,,,,,,,,,,,,,,,,,,,,,,,,,,,,,,,,,,,,,,,,,,,,,,,,,,,,,,,,,,-0.016890683211386204,,"23 - 23",,,,0.25,0.5,0.25,0.25,0.5,0.25,0.66666667,,,,,,,,,,,,,,,,,,,,,,,,,,,,,,,,,,,,,,,,,,,,,,,,,,,,,,,,,,,,,,,,,,,,,,,,,,,,,,,,,,,,,,,,,,,,,,,,,,,,,,,,,,,,,,,,,,,,,,,,,,,,,"B",,,,,,,,,,,,,,,,,,,,,,,,,,,,,,,,,,,,,,,,,,,,,,,,,,,,,,,,,,,,,,,,,,,,,,,,,,,,,,,,,,,,,,,,,,,,,,,,,,,,,,,,,,,,,,,,,,,,,,,,,,"Adael Amador",27962,691182
"Nick Solak","SDP","Nick Solak","SDP",2026,31,2,2,3,1,1,0,0,0,0,0,0,0,0,1,0,0,0,0,0,0.5,1,0,1,0,6,1,5,1,0,0,0,0,0,0.666666666,0.5,1.166666666,0,0.5,1,0.5,0.5,0,0,0,1,0,0.539781411488851,0.5407880032072113,0.8950491631040618,,,,,,,,0.14285714,252.65322336518287,,,,,,,,,,,,,,,,,,,,,,,,,,,,,,,,,,,,,,,,,,,,,,,,,,,,,,,,,,,,,,,,,,,,,,,,,,,,,,,,,,,,,,,,,,,,,,,,,,,,,,,,,,,,,,,,,,,,,,,,,,,,,,,,,,,,,,,,-0.01126045547425747,,"31 - 31",,,,0.5,0,0.5,0.5,0,0.5,0,,,,,,,,,,,,,,,,,,,,,,,,,,,,,,,,,,,,,,,,,,,,,,,,,,,,,,,,,,,,,,,,,,,,,,,,,,,,,,,,,,,,,,,,,,,,,,,,,,,,,,,,,,,,,,,,,,,,,,,,,,,,,"R",,,,,,,,,,,,,,,,,,,,,,,,,,,,,,,,,,,,,,,,,,,,,,,,,,,,,,,,,,,,,,,,,,,,,,,,,,,,,,,,,,,,,,,,,,,,,,,,,,,,,,,,,,,,,,,,,,,,,,,,,,"Nick Solak",19294,669256
"Justin Dean","CHC","Justin Dean","CHC",2026,29,9,7,9,3,2,0,1,0,3,3,2,0,3,0,0,0,0,1,0,0.428571428,2,0,2,0,33,12,21,0,0,0,0.222222222,0.333333333,0.666666666,0.555555555,0.714285714,1.269841269,0.285714286,0.75,2,0.5,0.5,0,0,0,0,0,0.5304057598114014,1.5543047117908857,2.6170881914814372,,,,,,,,9.285714285714285,244.41542195065827,,,,,,,,,,,,,,,,,,,,,,,,,,,,,,,,,,,,,,,,,,,,,,,,,,,,,,,,,,,,,,,,,,,,,,,,,,,,,,,,,,,,,,,,,,,,,,,,,,,,,,,,,,,,,,,,,,,,,,,,,,,,,,,,,,,,,,,,0.1774790920317173,,"29 - 29",,,,0.75,0,0.25,0.25,0,0.75,0.55555556,,,,,,,,,,,,,,,,,,,,,,,,,,,,,,,,,,,,,,,,,,,,,,,,,,,,,,,,,,,,,,,,,,,,,,,,,,,,,,,,,,,,,,,,,,,,,,,,,,,,,,,,,,,,,,,,,,,,,,,,,,,,,"R",,,,,,,,,,,,,,,,,,,,,,,,,,,,,,,,,,,,,,,,,,,,,,,,,,,,,,,,,,,,,,,,,,,,,,,,,,,,,,,,,,,,,,,,,,,,,,,,,,,,,,,,,,,,,,,,,,,,,,,,,,"Justin Dean",25005,681909
"Walker Jenkins","MIN","Walker Jenkins","MIN",2026,21,4,9,10,3,1,1,0,1,2,3,1,0,0,0,0,0,0,1,0,0.333333333,2,5,2,1,30,9,21,0,0,0,0.1,0,1,0.4,0.777777777,1.177777777,0.444444444,0.25,0.4,0.222222222,0.222222222,0.555555555,0.2,0.2,0,0,0.4902581751346588,1.403185798350492,2.584056331339994,,,,,,,,6.4583333312499995,222.9460967925967,,,,,,,,,,,,,,,,,,,,,,,,,,,,,,,,,,,,,,,,,,,,,,,,,,,,,,,,,,,,,,,,,,,,,,,,,,,,,,,,,,,,,,,,,,,,,,,,,,,,,,,,,,,,,,,,,,,,,,,,,,,,,,,,,,,,,,,,0.18873954750597477,,"21 - 21",,,,0.55555556,0.33333333,0.11111111,0.22222222,0.55555556,0.22222222,0.2,,,,,,,,,,,,,,,,,,,,,,,,,,,,,,,,,,,,,,,,,,,,,,,,,,,,,,,,,,,,,,,,,,,,,,,,,,,,,,,,,,,,,,,,,,,,,,,,,,,,,,,,,,,,,,,,,,,,,,,,,,,,,"L",,,,,,,,,,,,,,,,,,,,,,,,,,,,,,,,,,,,,,,,,,,,,,,,,,,,,,,,,,,,,,,,,,,,,,,,,,,,,,,,,,,,,,,,,,,,,,,,,,,,,,,,,,,,,,,,,,,,,,,,,,"Walker Jenkins",33571,805805
"Yordan Alvarez","HOU","Yordan Alvarez","HOU",2026,29,129,350,439,118,65,25,0,28,73,70,81,25,78,6,2,0,3,0,0,0.337142857,74,135,65,8,1783,803,980,4,0,0,0.18451025,0.177676537,1.038461538,0.466970387,0.648571428,1.115541815,0.311428571,0.365853658,0.548148148,0.237226277,0.270072992,0.492700729,0.059259259,0.207407407,0.054054054,0,0.4597736520755694,50.805732231304816,102.64594862954395,,,,,,,,1.1625939775,202.30102302300543,,,,,,,,,,,,,,,,,,,,,,,,,,,,,,,,,,,,,,,,,,,,,,,,,,,,,,,,,,,,,,,,,,,,,,,,,,,,,,,,,,,,,,,,,,,,,,,,,,,,,,,,,,,,,,,,,,,,,,,,,,,,,,,,,,,,,,,,-0.7150389226153493,,"29 - 29",,,,0.41970803,0.31751825,0.26277372,0.08394161,0.38686131,0.52919708,0.42596811,,,,,,,,,,,,,,,,,,,,,,,,,,,,,,,,,,,,,,,,,,,,,,,,,,,,,,,,,,,,,,,,,,,,,,,,,,,,,,,,,,,,,,,,,,,,,,,,,,,,,,,,,,,,,,,,,,,,,,,,,,,,,"L",,,,,,,,,,,,,,,,,,,,,,,,,,,,,,,,,,,,,,,,,,,,,,,,,,,,,,,,,,,,,,,,,,,,,,,,,,,,,,,,,,,,,,,,,,,,,,,,,,,,,,,,,,,,,,,,,,,,,,,,,,"Yordan Alvarez",19556,670541
"Ben Malgeri","DET","Ben Malgeri","DET",2026,26,21,26,30,8,5,0,0,3,5,8,4,0,6,0,0,0,0,1,0,0.307692307,7,8,5,0,111,41,70,1,0,0,0.133333333,0.2,0.666666666,0.4,0.653846153,1.053846153,0.346153846,0.294117647,0.875,0.25,0.35,0.4,0,0.375,0.142857142,0,0.446658056974411,3.154557511874883,6.697169110843389,,,,,,,,4.213624336640212,191.58308059844188,,,,,,,,,,,,,,,,,,,,,,,,,,,,,,,,,,,,,,,,,,,,,,,,,,,,,,,,,,,,,,,,,,,,,,,,,,,,,,,,,,,,,,,,,,,,,,,,,,,,,,,,,,,,,,,,,,,,,,,,,,,,,,,,,,,,,,,,0.14932795334607363,,"26 - 26",,,,0.5,0.25,0.25,0.1,0.35,0.55,0.43333333,,,,,,,,,,,,,,,,,,,,,,,,,,,,,,,,,,,,,,,,,,,,,,,,,,,,,,,,,,,,,,,,,,,,,,,,,,,,,,,,,,,,,,,,,,,,,,,,,,,,,,,,,,,,,,,,,,,,,,,,,,,,,"R",,,,,,,,,,,,,,,,,,,,,,,,,,,,,,,,,,,,,,,,,,,,,,,,,,,,,,,,,,,,,,,,,,,,,,,,,,,,,,,,,,,,,,,,,,,,,,,,,,,,,,,,,,,,,,,,,,,,,,,,,,"Ben Malgeri",29577,701162
"Daz Cameron","TOR","Daz Cameron","TOR",2026,29,3,4,4,2,2,0,0,0,2,0,0,0,1,0,0,0,0,0,0,0.5,0,1,2,0,15,4,11,0,0,0,0,0.25,0,0.5,0.5,1,0,0.666666666,0,0.666666666,0,0.333333333,0,0,0,0,0.44513002038002014,0.41567777815917656,0.8880259913549773,,,,,,,,2.64285714,192.2257821819674,,,,,,,,,,,,,,,,,,,,,,,,,,,,,,,,,,,,,,,,,,,,,,,,,,,,,,,,,,,,,,,,,,,,,,,,,,,,,,,,,,,,,,,,,,,,,,,,,,,,,,,,,,,,,,,,,,,,,,,,,,,,,,,,,,,,,,,,-0.01126045547425747,,"29 - 29",,,,0,0,1,0,1,0,0.25,,,,,,,,,,,,,,,,,,,,,,,,,,,,,,,,,,,,,,,,,,,,,,,,,,,,,,,,,,,,,,,,,,,,,,,,,,,,,,,,,,,,,,,,,,,,,,,,,,,,,,,,,,,,,,,,,,,,,,,,,,,,,"R",,,,,,,,,,,,,,,,,,,,,,,,,,,,,,,,,,,,,,,,,,,,,,,,,,,,,,,,,,,,,,,,,,,,,,,,,,,,,,,,,,,,,,,,,,,,,,,,,,,,,,,,,,,,,,,,,,,,,,,,,,"Daz Cameron",18353,663662
"Johnathan Rodríguez","BAL","Johnathan Rodríguez","BAL",2026,26,1,2,2,1,1,0,0,0,0,0,0,0,1,0,0,0,0,0,0,0.5,1,0,0,0,7,2,5,0,0,0,0,0.5,0,0.5,0.5,1,0,1,1,0,1,0,0,0,0,0,0.44513002038002014,0.20783888907958828,0.44401299567748864,,,,,,,,0.14285714,193.40570799536536,,,,,,,,,,,,,,,,,,,,,,,,,,,,,,,,,,,,,,,,,,,,,,,,,,,,,,,,,,,,,,,,,,,,,,,,,,,,,,,,,,,,,,,,,,,,,,,,,,,,,,,,,,,,,,,,,,,,,,,,,,,,,,,,,,,,,,,,-0.005630227737128735,,"26 - 26",,,,0,0,1,0,0,1,0.5,,,,,,,,,,,,,,,,,,,,,,,,,,,,,,,,,,,,,,,,,,,,,,,,,,,,,,,,,,,,,,,,,,,,,,,,,,,,,,,,,,,,,,,,,,,,,,,,,,,,,,,,,,,,,,,,,,,,,,,,,,,,,"R",,,,,,,,,,,,,,,,,,,,,,,,,,,,,,,,,,,,,,,,,,,,,,,,,,,,,,,,,,,,,,,,,,,,,,,,,,,,,,,,,,,,,,,,,,,,,,,,,,,,,,,,,,,,,,,,,,,,,,,,,,"Johnathan Rodriguez",22530,671286
"Steward Berroa","PHI","Steward Berroa","PHI",2026,27,2,2,2,1,1,0,0,0,0,1,0,0,0,0,0,0,0,0,0,0.5,0,1,1,0,3,0,3,0,0,0,0,0,0,0.5,0.5,1,0,0.5,0,0.5,0,0.5,0,0,0,0,0.44513002038002014,0.20783888907958828,0.44401299567748864,,,,,,,,0.14285714,181.62341862450307,,,,,,,,,,,,,,,,,,,,,,,,,,,,,,,,,,,,,,,,,,,,,,,,,,,,,,,,,,,,,,,,,,,,,,,,,,,,,,,,,,,,,,,,,,,,,,,,,,,,,,,,,,,,,,,,,,,,,,,,,,,,,,,,,,,,,,,,-0.005630227737128735,,"27 - 27",,,,0,1,0,0,1,0,0,,,,,,,,,,,,,,,,,,,,,,,,,,,,,,,,,,,,,,,,,,,,,,,,,,,,,,,,,,,,,,,,,,,,,,,,,,,,,,,,,,,,,,,,,,,,,,,,,,,,,,,,,,,,,,,,,,,,,,,,,,,,,"B",,,,,,,,,,,,,,,,,,,,,,,,,,,,,,,,,,,,,,,,,,,,,,,,,,,,,,,,,,,,,,,,,,,,,,,,,,,,,,,,,,,,,,,,,,,,,,,,,,,,,,,,,,,,,,,,,,,,,,,,,,"Steward Berroa",22766,672642
"Joshua Kuroda-Grauer","ATH","Joshua Kuroda-Grauer","ATH",2026,23,11,33,35,14,10,4,0,0,5,2,1,0,4,1,0,0,2,0,1,0.424242424,18,3,8,0,132,40,92,2,0,0,0.028571428,0.114285714,0.25,0.457142857,0.545454545,1.002597402,0.121212121,0.48275862,6,0.275862068,0.620689655,0.103448275,0,0,0.111111111,0,0.439388290473393,3.4750912785028674,7.608138143966125,,,,,,,,2.535159556500739,179.396764275509,,,,,,,,,,,,,,,,,,,,,,,,,,,,,,,,,,,,,,,,,,,,,,,,,,,,,,,,,,,,,,,,,,,,,,,,,,,,,,,,,,,,,,,,,,,,,,,,,,,,,,,,,,,,,,,,,,,,,,,,,,,,,,,,,,,,,,,,-0.47846100106835365,,"23 - 23",,,,0.44827586,0.34482759,0.20689655,0.10344828,0.48275862,0.4137931,0.14285714,,,,,,,,,,,,,,,,,,,,,,,,,,,,,,,,,,,,,,,,,,,,,,,,,,,,,,,,,,,,,,,,,,,,,,,,,,,,,,,,,,,,,,,,,,,,,,,,,,,,,,,,,,,,,,,,,,,,,,,,,,,,,"R",,,,,,,,,,,,,,,,,,,,,,,,,,,,,,,,,,,,,,,,,,,,,,,,,,,,,,,,,,,,,,,,,,,,,,,,,,,,,,,,,,,,,,,,,,,,,,,,,,,,,,,,,,,,,,,,,,,,,,,,,,"Joshua Kuroda-Grauer",35121,811965
"Bryce Harper","PHI","Bryce Harper","PHI",2026,33,123,301,365,91,45,21,2,23,66,57,62,3,64,0,2,0,14,5,4,0.302325581,103,84,52,5,1420,588,832,4,0,0,0.169863013,0.175342465,0.96875,0.419178082,0.61461794,1.033796022,0.312292359,0.314814814,1.226190476,0.217573221,0.430962343,0.351464435,0.059523809,0.273809523,0.038834951,0,0.43686685262464026,35.49792879546852,78.59970324958533,,,,,,,,4.3019497023920525,176.07983915197113,,,,,,,,,,,,,,,,,,,,,,,,,,,,,,,,,,,,,,,,,,,,,,,,,,,,,,,,,,,,,,,,,,,,,,,,,,,,,,,,,,,,,,,,,,,,,,,,,,,,,,,,,,,,,,,,,,,,,,,,,,,,,,,,,,,,,,,,-1.2291367426514626,,"33 - 33",,,,0.40167364,0.38493724,0.21338912,0.09205021,0.45606695,0.45188285,0.40821918,,,,,,,,,,,,,,,,,,,,,,,,,,,,,,,,,,,,,,,,,,,,,,,,,,,,,,,,,,,,,,,,,,,,,,,,,,,,,,,,,,,,,,,,,,,,,,,,,,,,,,,,,,,,,,,,,,,,,,,,,,,,,"L",,,,,,,,,,,,,,,,,,,,,,,,,,,,,,,,,,,,,,,,,,,,,,,,,,,,,,,,,,,,,,,,,,,,,,,,,,,,,,,,,,,,,,,,,,,,,,,,,,,,,,,,,,,,,,,,,,,,,,,,,,"Bryce Harper",11579,547180
"Andrés Chaparro","WSN","Andrés Chaparro","WSN",2026,27,25,52,57,17,9,4,0,4,11,16,3,0,12,2,0,0,0,0,0,0.326923076,12,20,8,6,227,77,150,0,0,0,0.052631578,0.210526315,0.25,0.385964912,0.634615384,1.020580296,0.307692308,0.361111111,0.6,0.2,0.3,0.5,0.3,0.2,0,0,0.4354685388113323,5.479225192549493,12.210187230589653,,,,,,,,2.25223214,176.7458111585326,,,,,,,,,,,,,,,,,,,,,,,,,,,,,,,,,,,,,,,,,,,,,,,,,,,,,,,,,,,,,,,,,,,,,,,,,,,,,,,,,,,,,,,,,,,,,,,,,,,,,,,,,,,,,,,,,,,,,,,,,,,,,,,,,,,,,,,,-0.07882318831980228,,"27 - 27",,,,0.475,0.325,0.2,0.25,0.425,0.325,0.33333333,,,,,,,,,,,,,,,,,,,,,,,,,,,,,,,,,,,,,,,,,,,,,,,,,,,,,,,,,,,,,,,,,,,,,,,,,,,,,,,,,,,,,,,,,,,,,,,,,,,,,,,,,,,,,,,,,,,,,,,,,,,,,"R",,,,,,,,,,,,,,,,,,,,,,,,,,,,,,,,,,,,,,,,,,,,,,,,,,,,,,,,,,,,,,,,,,,,,,,,,,,,,,,,,,,,,,,,,,,,,,,,,,,,,,,,,,,,,,,,,,,,,,,,,,"Andres Chaparro",21797,665953
"Luis Urías","TOR","Luis Urías","TOR",2026,29,15,22,24,7,4,1,0,2,2,6,2,0,3,0,0,0,1,0,0,0.318181818,9,6,4,1,84,24,60,0,0,0,0.083333333,0.125,0.666666666,0.375,0.636363636,1.011363636,0.318181818,0.294117647,1.5,0.210526315,0.47368421,0.315789473,0.166666666,0.333333333,0,0,0.4301449755827586,2.2039900145312936,5.038079293706098,,,,,,,,0.14285714,181.7972409354461,,,,,,,,,,,,,,,,,,,,,,,,,,,,,,,,,,,,,,,,,,,,,,,,,,,,,,,,,,,,,,,,,,,,,,,,,,,,,,,,,,,,,,,,,,,,,,,,,,,,,,,,,,,,,,,,,,,,,,,,,,,,,,,,,,,,,,,,-0.03378136642277241,,"29 - 29",,,,0.63157895,0.31578947,0.05263158,0.31578947,0.36842105,0.31578947,0.29166667,,,,,,,,,,,,,,,,,,,,,,,,,,,,,,,,,,,,,,,,,,,,,,,,,,,,,,,,,,,,,,,,,,,,,,,,,,,,,,,,,,,,,,,,,,,,,,,,,,,,,,,,,,,,,,,,,,,,,,,,,,,,,"R",,,,,,,,,,,,,,,,,,,,,,,,,,,,,,,,,,,,,,,,,,,,,,,,,,,,,,,,,,,,,,,,,,,,,,,,,,,,,,,,,,,,,,,,,,,,,,,,,,,,,,,,,,,,,,,,,,,,,,,,,,"Luis Urias",16622,649966
"Juan Soto","NYM","Juan Soto","NYM",2026,27,79,194,246,56,32,6,0,18,35,40,50,9,33,0,2,0,2,7,1,0.288659793,60,74,27,6,1050,499,551,1,2,1,0.203252032,0.134146341,1.515151515,0.430894308,0.597938144,1.028832452,0.309278351,0.262068965,0.81081081,0.167701863,0.372670807,0.459627329,0.081081081,0.243243243,0.016666666,0.5,0.4287751324569123,22.319097661480196,51.36851277302194,,,,,,,,3.483561803703916,175.88035938183307,,,,,,,,,,,,,,,,,,,,,,,,,,,,,,,,,,,,,,,,,,,,,,,,,,,,,,,,,,,,,,,,,,,,,,,,,,,,,,,,,,,,,,,,,,,,,,,,,,,,,,,,,,,,,,,,,,,,,,,,,,,,,,,,,,,,,,,,0.5780951278284192,,"27 - 27",,,,0.42944785,0.39263804,0.17791411,0.09202454,0.46625767,0.44171779,0.41056911,,,,,,,,,,,,,,,,,,,,,,,,,,,,,,,,,,,,,,,,,,,,,,,,,,,,,,,,,,,,,,,,,,,,,,,,,,,,,,,,,,,,,,,,,,,,,,,,,,,,,,,,,,,,,,,,,,,,,,,,,,,,,"L",,,,,,,,,,,,,,,,,,,,,,,,,,,,,,,,,,,,,,,,,,,,,,,,,,,,,,,,,,,,,,,,,,,,,,,,,,,,,,,,,,,,,,,,,,,,,,,,,,,,,,,,,,,,,,,,,,,,,,,,,,"Juan Soto",20123,665742
"Jonatan Clase","TOR","Jonatan Clase","TOR",2026,24,8,15,17,4,2,0,0,2,4,5,2,0,6,0,0,0,0,0,0,0.266666666,5,4,0,0,79,34,45,0,0,0,0.117647058,0.352941176,0.333333333,0.352941176,0.666666666,1.019607842,0.4,0.285714285,1.25,0,0.555555555,0.444444444,0,0.5,0,0,0.42827971542582793,1.5355836406077394,3.543063546689893,,,,,,,,2.64285714,180.49915055632363,,,,,,,,,,,,,,,,,,,,,,,,,,,,,,,,,,,,,,,,,,,,,,,,,,,,,,,,,,,,,,,,,,,,,,,,,,,,,,,,,,,,,,,,,,,,,,,,,,,,,,,,,,,,,,,,,,,,,,,,,,,,,,,,,,,,,,,,-0.02252091094851494,,"24 - 24",,,,0.77777778,0.22222222,0,0,0.55555556,0.44444444,0.58823529,,,,,,,,,,,,,,,,,,,,,,,,,,,,,,,,,,,,,,,,,,,,,,,,,,,,,,,,,,,,,,,,,,,,,,,,,,,,,,,,,,,,,,,,,,,,,,,,,,,,,,,,,,,,,,,,,,,,,,,,,,,,,"B",,,,,,,,,,,,,,,,,,,,,,,,,,,,,,,,,,,,,,,,,,,,,,,,,,,,,,,,,,,,,,,,,,,,,,,,,,,,,,,,,,,,,,,,,,,,,,,,,,,,,,,,,,,,,,,,,,,,,,,,,,"Jonatan Clase",26599,682729
"Luis Matos","MIL","Luis Matos","MIL",2026,24,5,7,8,3,3,0,0,0,0,0,1,0,1,0,0,0,0,0,0,0.428571428,2,4,0,2,25,9,16,0,0,0,0.125,0.125,1,0.5,0.428571428,0.928571428,0,0.5,0.5,0,0.333333333,0.666666666,0.5,0,0,0,0.4211086258292198,0.6763555577606174,1.6210519841522188,,,,,,,,0.14285714,170.1661132551468,,,,,,,,,,,,,,,,,,,,,,,,,,,,,,,,,,,,,,,,,,,,,,,,,,,,,,,,,,,,,,,,,,,,,,,,,,,,,,,,,,,,,,,,,,,,,,,,,,,,,,,,,,,,,,,,,,,,,,,,,,,,,,,,,,,,,,,,-0.02252091094851494,,"24 - 24",,,,0.33333333,0.5,0.16666667,0.5,0,0.5,0.25,,,,,,,,,,,,,,,,,,,,,,,,,,,,,,,,,,,,,,,,,,,,,,,,,,,,,,,,,,,,,,,,,,,,,,,,,,,,,,,,,,,,,,,,,,,,,,,,,,,,,,,,,,,,,,,,,,,,,,,,,,,,,"R",,,,,,,,,,,,,,,,,,,,,,,,,,,,,,,,,,,,,,,,,,,,,,,,,,,,,,,,,,,,,,,,,,,,,,,,,,,,,,,,,,,,,,,,,,,,,,,,,,,,,,,,,,,,,,,,,,,,,,,,,,"Luis Matos",26467,682641
"James Wood","WSN","James Wood","WSN",2026,23,110,279,356,76,38,16,1,21,74,50,70,7,95,3,4,0,5,13,1,0.272401433,73,75,40,0,1533,707,826,3,0,0,0.196629213,0.266853932,0.736842105,0.418539325,0.562724014,0.981263339,0.290322581,0.329341317,0.973333333,0.212765957,0.388297872,0.39893617,0,0.28,0.04109589,0,0.41513339923241077,28.38209657508167,70.42108754950794,,,,,,,,6.381738955218953,163.10340842897577,,,,,,,,,,,,,,,,,,,,,,,,,,,,,,,,,,,,,,,,,,,,,,,,,,,,,,,,,,,,,,,,,,,,,,,,,,,,,,,,,,,,,,,,,,,,,,,,,,,,,,,,,,,,,,,,,,,,,,,,,,,,,,,,,,,,,,,,1.6035580858588219,,"23 - 23",,,,0.33510638,0.32978723,0.33510638,0.06382979,0.41489362,0.5212766,0.52247191,,,,,,,,,,,,,,,,,,,,,,,,,,,,,,,,,,,,,,,,,,,,,,,,,,,,,,,,,,,,,,,,,,,,,,,,,,,,,,,,,,,,,,,,,,,,,,,,,,,,,,,,,,,,,,,,,,,,,,,,,,,,,"L",,,,,,,,,,,,,,,,,,,,,,,,,,,,,,,,,,,,,,,,,,,,,,,,,,,,,,,,,,,,,,,,,,,,,,,,,,,,,,,,,,,,,,,,,,,,,,,,,,,,,,,,,,,,,,,,,,,,,,,,,,"James Wood",29518,695578
"Griffin Conine","MIA","Griffin Conine","MIA",2026,28,67,155,184,42,22,6,0,14,28,28,26,0,56,3,0,0,1,4,0,0.270967741,43,37,19,5,719,283,436,4,0,0,0.141304347,0.304347826,0.464285714,0.385869565,0.580645161,0.966514726,0.30967742,0.329411764,1.162162162,0.191919191,0.434343434,0.373737373,0.135135135,0.378378378,0.093023255,0,0.41426581889390945,14.540641180702927,36.26865898770976,,,,,,,,4.028522189049526,163.39100416635162,,,,,,,,,,,,,,,,,,,,,,,,,,,,,,,,,,,,,,,,,,,,,,,,,,,,,,,,,,,,,,,,,,,,,,,,,,,,,,,,,,,,,,,,,,,,,,,,,,,,,,,,,,,,,,,,,,,,,,,,,,,,,,,,,,,,,,,,0.5128583973273635,,"28 - 28",,,,0.49494949,0.38383838,0.12121212,0.19191919,0.31313131,0.49494949,0.52173913,,,,,,,,,,,,,,,,,,,,,,,,,,,,,,,,,,,,,,,,,,,,,,,,,,,,,,,,,,,,,,,,,,,,,,,,,,,,,,,,,,,,,,,,,,,,,,,,,,,,,,,,,,,,,,,,,,,,,,,,,,,,,"L",,,,,,,,,,,,,,,,,,,,,,,,,,,,,,,,,,,,,,,,,,,,,,,,,,,,,,,,,,,,,,,,,,,,,,,,,,,,,,,,,,,,,,,,,,,,,,,,,,,,,,,,,,,,,,,,,,,,,,,,,,"Griffin Conine",21626,665052
"Nick Kurtz","ATH","Nick Kurtz","ATH",2026,23,88,216,277,58,30,12,1,15,43,47,60,8,81,1,0,0,5,6,1,0.268518518,55,48,31,2,1219,543,676,2,1,1,0.216606498,0.292418772,0.74074074,0.429602888,0.541666666,0.971269554,0.273148148,0.358333333,1.145833333,0.231343283,0.410447761,0.358208955,0.041666666,0.3125,0.036363636,1,0.41361093410328864,21.743672226561895,54.453785990371095,,,,,,,,4.928946918471003,161.45753034135097,,,,,,,,,,,,,,,,,,,,,,,,,,,,,,,,,,,,,,,,,,,,,,,,,,,,,,,,,,,,,,,,,,,,,,,,,,,,,,,,,,,,,,,,,,,,,,,,,,,,,,,,,,,,,,,,,,,,,,,,,,,,,,,,,,,,,,,,0.3217928474768996,,"23 - 23",,,,0.34074074,0.37777778,0.28148148,0.1037037,0.37037037,0.52592593,0.5631769,,,,,,,,,,,,,,,,,,,,,,,,,,,,,,,,,,,,,,,,,,,,,,,,,,,,,,,,,,,,,,,,,,,,,,,,,,,,,,,,,,,,,,,,,,,,,,,,,,,,,,,,,,,,,,,,,,,,,,,,,,,,,"L",,,,,,,,,,,,,,,,,,,,,,,,,,,,,,,,,,,,,,,,,,,,,,,,,,,,,,,,,,,,,,,,,,,,,,,,,,,,,,,,,,,,,,,,,,,,,,,,,,,,,,,,,,,,,,,,,,,,,,,,,,"Nick Kurtz",35110,701762
"Alex Jackson","MIN","Alex Jackson","MIN",2026,30,21,43,46,16,11,4,0,1,9,5,2,0,11,1,0,0,0,0,0,0.372093023,16,6,6,0,177,55,122,2,4,3,0.04347826,0.239130434,0.181818181,0.413043478,0.53488372,0.947927198,0.162790697,0.483870967,2.666666666,0.214285714,0.571428571,0.214285714,0,0.166666666,0.125,0.75,0.41345582060191943,3.6051074616696632,9.037111913421374,,,,,,,,2.45903360875,169.4970392214779,,,,,,,,,,,,,,,,,,,,,,,,,,,,,,,,,,,,,,,,,,,,,,,,,,,,,,,,,,,,,,,,,,,,,,,,,,,,,,,,,,,,,,,,,,,,,,,,,,,,,,,,,,,,,,,,,,,,,,,,,,,,,,,,,,,,,,,,-0.07882318831980228,,"30 - 30",,,,0.5,0.34375,0.15625,0.09375,0.65625,0.25,0.30434783,,,,,,,,,,,,,,,,,,,,,,,,,,,,,,,,,,,,,,,,,,,,,,,,,,,,,,,,,,,,,,,,,,,,,,,,,,,,,,,,,,,,,,,,,,,,,,,,,,,,,,,,,,,,,,,,,,,,,,,,,,,,,"R",,,,,,,,,,,,,,,,,,,,,,,,,,,,,,,,,,,,,,,,,,,,,,,,,,,,,,,,,,,,,,,,,,,,,,,,,,,,,,,,,,,,,,,,,,,,,,,,,,,,,,,,,,,,,,,,,,,,,,,,,,"Alex Jackson",17276,656577
"Mickey Gasper","BOS","Mickey Gasper","BOS",2026,30,45,117,139,36,21,8,1,6,18,19,18,0,16,3,1,0,3,0,1,0.307692307,44,39,19,3,507,218,289,2,0,0,0.129496402,0.115107913,1.125,0.410071942,0.547008547,0.957080489,0.23931624,0.3125,1.128205128,0.186274509,0.431372549,0.382352941,0.076923076,0.153846153,0.045454545,0,0.4133458463408107,10.881364676236188,27.295465084790266,,,,,,,,3.0093862564410188,166.4933348290216,,,,,,,,,,,,,,,,,,,,,,,,,,,,,,,,,,,,,,,,,,,,,,,,,,,,,,,,,,,,,,,,,,,,,,,,,,,,,,,,,,,,,,,,,,,,,,,,,,,,,,,,,,,,,,,,,,,,,,,,,,,,,,,,,,,,,,,,-0.6473678331822157,,"30 - 30",,,,0.48039216,0.35294118,0.16666667,0.07843137,0.49019608,0.43137255,0.28776978,,,,,,,,,,,,,,,,,,,,,,,,,,,,,,,,,,,,,,,,,,,,,,,,,,,,,,,,,,,,,,,,,,,,,,,,,,,,,,,,,,,,,,,,,,,,,,,,,,,,,,,,,,,,,,,,,,,,,,,,,,,,,"B",,,,,,,,,,,,,,,,,,,,,,,,,,,,,,,,,,,,,,,,,,,,,,,,,,,,,,,,,,,,,,,,,,,,,,,,,,,,,,,,,,,,,,,,,,,,,,,,,,,,,,,,,,,,,,,,,,,,,,,,,,"Mickey Gasper",24759,681508
"José Azócar","ATL","José Azócar","ATL",2026,30,5,5,6,2,2,0,0,0,1,0,1,0,1,0,0,0,0,1,0,0.4,2,1,0,0,19,7,12,0,1,1,0.166666666,0.166666666,1,0.5,0.4,0.9,0,0.5,2,0,0.666666666,0.333333333,0,0,0,1,0.4131014943122864,0.46851666868102915,1.1770389884747303,,,,,,,,6.020298577324823,163.62056104038726,,,,,,,,,,,,,,,,,,,,,,,,,,,,,,,,,,,,,,,,,,,,,,,,,,,,,,,,,,,,,,,,,,,,,,,,,,,,,,,,,,,,,,,,,,,,,,,,,,,,,,,,,,,,,,,,,,,,,,,,,,,,,,,,,,,,,,,,0.18310931976884604,,"30 - 30",,,,0.25,0.5,0.25,0.25,0.5,0.25,0.33333333,,,,,,,,,,,,,,,,,,,,,,,,,,,,,,,,,,,,,,,,,,,,,,,,,,,,,,,,,,,,,,,,,,,,,,,,,,,,,,,,,,,,,,,,,,,,,,,,,,,,,,,,,,,,,,,,,,,,,,,,,,,,,"R",,,,,,,,,,,,,,,,,,,,,,,,,,,,,,,,,,,,,,,,,,,,,,,,,,,,,,,,,,,,,,,,,,,,,,,,,,,,,,,,,,,,,,,,,,,,,,,,,,,,,,,,,,,,,,,,,,,,,,,,,,"Jose Azocar",18821,640492
"Shawn Ross","PIT","Shawn Ross","PIT",2026,26,2,5,5,1,0,0,0,1,1,2,0,0,2,0,0,0,0,0,0,0.2,1,2,0,0,21,8,13,0,0,0,0,0.4,0,0.2,0.8,1,0.6,0,0.5,0,0.333333333,0.666666666,0,0.5,0,0,0.41040573120117185,0.37955891327501384,0.9699941797697648,,,,,,,,0.14285714,158.55075121800968,,,,,,,,,,,,,,,,,,,,,,,,,,,,,,,,,,,,,,,,,,,,,,,,,,,,,,,,,,,,,,,,,,,,,,,,,,,,,,,,,,,,,,,,,,,,,,,,,,,,,,,,,,,,,,,,,,,,,,,,,,,,,,,,,,,,,,,,0,,"26 - 26",,,,0.66666667,0.33333333,0,0,0.66666667,0.33333333,0.6,,,,,,,,,,,,,,,,,,,,,,,,,,,,,,,,,,,,,,,,,,,,,,,,,,,,,,,,,,,,,,,,,,,,,,,,,,,,,,,,,,,,,,,,,,,,,,,,,,,,,,,,,,,,,,,,,,,,,,,,,,,,,"R",,,,,,,,,,,,,,,,,,,,,,,,,,,,,,,,,,,,,,,,,,,,,,,,,,,,,,,,,,,,,,,,,,,,,,,,,,,,,,,,,,,,,,,,,,,,,,,,,,,,,,,,,,,,,,,,,,,,,,,,,,"Shawn Ross",32054,676566
"Brendan Donovan","SEA","Brendan Donovan","SEA",2026,29,35,89,107,29,20,5,1,3,11,12,12,0,13,5,1,0,2,0,1,0.325842696,32,28,17,3,393,157,236,1,0,0,0.112149532,0.121495327,0.923076923,0.429906542,0.505617977,0.935524519,0.179775281,0.351351351,1.142857142,0.22077922,0.415584415,0.363636363,0.107142857,0.107142857,0.03125,0,0.41020326358135617,8.105087125743236,20.740401828730906,,,,,,,,3.0721348090951315,173.93629147094813,,,,,,,,,,,,,,,,,,,,,,,,,,,,,,,,,,,,,,,,,,,,,,,,,,,,,,,,,,,,,,,,,,,,,,,,,,,,,,,,,,,,,,,,,,,,,,,,,,,,,,,,,,,,,,,,,,,,,,,,,,,,,,,,,,,,,,,,-0.619216694496572,,"29 - 29",,,,0.38961039,0.41558442,0.19480519,0.16883117,0.54545455,0.28571429,0.26168224,,,,,,,,,,,,,,,,,,,,,,,,,,,,,,,,,,,,,,,,,,,,,,,,,,,,,,,,,,,,,,,,,,,,,,,,,,,,,,,,,,,,,,,,,,,,,,,,,,,,,,,,,,,,,,,,,,,,,,,,,,,,,"L",,,,,,,,,,,,,,,,,,,,,,,,,,,,,,,,,,,,,,,,,,,,,,,,,,,,,,,,,,,,,,,,,,,,,,,,,,,,,,,,,,,,,,,,,,,,,,,,,,,,,,,,,,,,,,,,,,,,,,,,,,"Brendan Donovan",24679,680977
"Alec Burleson","STL","Alec Burleson","STL",2026,27,130,353,399,113,67,27,1,18,58,67,39,4,66,6,1,0,6,4,0,0.320113314,117,110,60,9,1520,532,988,4,1,1,0.09774436,0.165413533,0.59090909,0.395989974,0.555240793,0.951230767,0.235127479,0.351851851,1.063636363,0.209059233,0.407665505,0.383275261,0.081818181,0.163636363,0.034188034,1,0.4077671423743043,29.43964406173477,76.5563783280159,,,,,,,,3.897763255259946,161.5645500418551,,,,,,,,,,,,,,,,,,,,,,,,,,,,,,,,,,,,,,,,,,,,,,,,,,,,,,,,,,,,,,,,,,,,,,,,,,,,,,,,,,,,,,,,,,,,,,,,,,,,,,,,,,,,,,,,,,,,,,,,,,,,,,,,,,,,,,,,0.19193541631102562,,"27 - 27",,,,0.48958333,0.26388889,0.24652778,0.10763889,0.47222222,0.42013889,0.30827068,,,,,,,,,,,,,,,,,,,,,,,,,,,,,,,,,,,,,,,,,,,,,,,,,,,,,,,,,,,,,,,,,,,,,,,,,,,,,,,,,,,,,,,,,,,,,,,,,,,,,,,,,,,,,,,,,,,,,,,,,,,,,"L",,,,,,,,,,,,,,,,,,,,,,,,,,,,,,,,,,,,,,,,,,,,,,,,,,,,,,,,,,,,,,,,,,,,,,,,,,,,,,,,,,,,,,,,,,,,,,,,,,,,,,,,,,,,,,,,,,,,,,,,,,"Alec Burleson",27615,676475
"Rafael Devers","SFG","Rafael Devers","SFG",2026,29,126,336,385,98,47,25,1,25,64,62,46,5,93,0,3,0,7,0,0,0.291666666,94,109,43,8,1575,610,965,2,0,0,0.119480519,0.241558441,0.494623655,0.374025974,0.595238095,0.969264069,0.303571429,0.330316742,0.862385321,0.174796747,0.382113821,0.44308943,0.073394495,0.229357798,0.021276595,0,0.4076753705739975,28.378176154409967,73.8416916745058,,,,,,,,2.316176465,162.30147584105728,,,,,,,,,,,,,,,,,,,,,,,,,,,,,,,,,,,,,,,,,,,,,,,,,,,,,,,,,,,,,,,,,,,,,,,,,,,,,,,,,,,,,,,,,,,,,,,,,,,,,,,,,,,,,,,,,,,,,,,,,,,,,,,,,,,,,,,,-0.49546004086732864,,"29 - 29",,,,0.38617886,0.37804878,0.23577236,0.11788618,0.45121951,0.43089431,0.42597403,,,,,,,,,,,,,,,,,,,,,,,,,,,,,,,,,,,,,,,,,,,,,,,,,,,,,,,,,,,,,,,,,,,,,,,,,,,,,,,,,,,,,,,,,,,,,,,,,,,,,,,,,,,,,,,,,,,,,,,,,,,,,"L",,,,,,,,,,,,,,,,,,,,,,,,,,,,,,,,,,,,,,,,,,,,,,,,,,,,,,,,,,,,,,,,,,,,,,,,,,,,,,,,,,,,,,,,,,,,,,,,,,,,,,,,,,,,,,,,,,,,,,,,,,"Rafael Devers",17350,646240
"Rowdy Tellez","ATL","Rowdy Tellez","ATL",2026,31,7,8,9,2,1,0,0,1,1,4,1,0,3,0,0,0,0,0,0,0.25,1,3,1,0,42,13,29,0,0,0,0.111111111,0.333333333,0.333333333,0.333333333,0.625,0.958333333,0.375,0.25,0.333333333,0.2,0.2,0.6,0,0.333333333,0,0,0.40448639790217084,0.6402366928764549,1.7030201725670067,,,,,,,,0.14285714,157.84088028999875,,,,,,,,,,,,,,,,,,,,,,,,,,,,,,,,,,,,,,,,,,,,,,,,,,,,,,,,,,,,,,,,,,,,,,,,,,,,,,,,,,,,,,,,,,,,,,,,,,,,,,,,,,,,,,,,,,,,,,,,,,,,,,,,,,,,,,,,-0.01126045547425747,,"31 - 31",,,,0.2,0.4,0.4,0,0.4,0.6,0.55555556,,,,,,,,,,,,,,,,,,,,,,,,,,,,,,,,,,,,,,,,,,,,,,,,,,,,,,,,,,,,,,,,,,,,,,,,,,,,,,,,,,,,,,,,,,,,,,,,,,,,,,,,,,,,,,,,,,,,,,,,,,,,,"L",,,,,,,,,,,,,,,,,,,,,,,,,,,,,,,,,,,,,,,,,,,,,,,,,,,,,,,,,,,,,,,,,,,,,,,,,,,,,,,,,,,,,,,,,,,,,,,,,,,,,,,,,,,,,,,,,,,,,,,,,,"Rowdy Tellez",15679,642133
"Brewer Hicklen","ATL","Brewer Hicklen","ATL",2026,30,9,16,20,5,3,2,0,0,6,1,4,0,7,0,0,0,0,0,0,0.3125,5,2,2,0,81,31,50,2,0,0,0.2,0.35,0.571428571,0.45,0.4375,0.8875,0.125,0.555555555,2.5,0.222222222,0.555555555,0.222222222,0,0,0.4,0,0.39937720000743865,1.34032942085493,3.702070486833934,,,,,,,,2.64285714,154.41323057879686,,,,,,,,,,,,,,,,,,,,,,,,,,,,,,,,,,,,,,,,,,,,,,,,,,,,,,,,,,,,,,,,,,,,,,,,,,,,,,,,,,,,,,,,,,,,,,,,,,,,,,,,,,,,,,,,,,,,,,,,,,,,,,,,,,,,,,,,-0.03941159415990114,,"30 - 30",,,,0.44444444,0.55555556,0,0.11111111,0.44444444,0.44444444,0.55,,,,,,,,,,,,,,,,,,,,,,,,,,,,,,,,,,,,,,,,,,,,,,,,,,,,,,,,,,,,,,,,,,,,,,,,,,,,,,,,,,,,,,,,,,,,,,,,,,,,,,,,,,,,,,,,,,,,,,,,,,,,,"R",,,,,,,,,,,,,,,,,,,,,,,,,,,,,,,,,,,,,,,,,,,,,,,,,,,,,,,,,,,,,,,,,,,,,,,,,,,,,,,,,,,,,,,,,,,,,,,,,,,,,,,,,,,,,,,,,,,,,,,,,,"Brewer Hicklen",20450,676551
"Santiago Espinal","LAD","Santiago Espinal","LAD",2026,31,18,23,24,9,6,3,0,0,4,1,0,0,4,0,0,1,3,0,0,0.391304347,8,1,10,0,75,18,57,0,1,0,0,0.166666666,0,0.391304347,0.52173913,0.913043477,0.130434783,0.47368421,8,0.526315789,0.421052631,0.052631578,0,0,0,0,0.3968770763148432,1.5599985517158281,4.394087830890633,,,,,,,,2.295634915,153.28722973470272,,,,,,,,,,,,,,,,,,,,,,,,,,,,,,,,,,,,,,,,,,,,,,,,,,,,,,,,,,,,,,,,,,,,,,,,,,,,,,,,,,,,,,,,,,,,,,,,,,,,,,,,,,,,,,,,,,,,,,,,,,,,,,,,,,,,,,,,-0.03378136642277241,,"31 - 31",,,,0.35,0.5,0.15,0.15,0.6,0.25,0.16666667,,,,,,,,,,,,,,,,,,,,,,,,,,,,,,,,,,,,,,,,,,,,,,,,,,,,,,,,,,,,,,,,,,,,,,,,,,,,,,,,,,,,,,,,,,,,,,,,,,,,,,,,,,,,,,,,,,,,,,,,,,,,,"R",,,,,,,,,,,,,,,,,,,,,,,,,,,,,,,,,,,,,,,,,,,,,,,,,,,,,,,,,,,,,,,,,,,,,,,,,,,,,,,,,,,,,,,,,,,,,,,,,,,,,,,,,,,,,,,,,,,,,,,,,,"Santiago Espinal",19997,669289
"Kaelen Culpepper","MIN","Kaelen Culpepper","MIN",2026,23,20,40,45,13,10,1,0,2,7,3,4,0,8,1,0,0,0,0,0,0.325,10,12,10,2,173,53,120,1,0,0,0.088888888,0.177777777,0.5,0.4,0.5,0.9,0.175,0.366666666,0.833333333,0.3125,0.3125,0.375,0.166666666,0.166666666,0.1,0,0.39534003602133855,2.8692092247608305,8.183126623213589,,,,,,,,1.60119047125,156.88972244213747,,,,,,,,,,,,,,,,,,,,,,,,,,,,,,,,,,,,,,,,,,,,,,,,,,,,,,,,,,,,,,,,,,,,,,,,,,,,,,,,,,,,,,,,,,,,,,,,,,,,,,,,,,,,,,,,,,,,,,,,,,,,,,,,,,,,,,,,-0.08445341605693102,,"23 - 23",,,,0.5,0.40625,0.09375,0.125,0.53125,0.34375,0.31111111,,,,,,,,,,,,,,,,,,,,,,,,,,,,,,,,,,,,,,,,,,,,,,,,,,,,,,,,,,,,,,,,,,,,,,,,,,,,,,,,,,,,,,,,,,,,,,,,,,,,,,,,,,,,,,,,,,,,,,,,,,,,,"R",,,,,,,,,,,,,,,,,,,,,,,,,,,,,,,,,,,,,,,,,,,,,,,,,,,,,,,,,,,,,,,,,,,,,,,,,,,,,,,,,,,,,,,,,,,,,,,,,,,,,,,,,,,,,,,,,,,,,,,,,,"Kaelen Culpepper",35111,701785
"Pete Crow-Armstrong","CHC","Pete Crow-Armstrong","CHC",2026,24,131,360,417,97,45,21,4,27,71,57,48,6,105,5,3,1,2,24,3,0.269444444,67,135,53,13,1658,614,1044,2,4,2,0.115107913,0.251798561,0.457142857,0.360576923,0.575,0.935576923,0.305555556,0.303030303,0.496296296,0.207843137,0.262745098,0.529411764,0.096296296,0.2,0.029850746,0.5,0.3934773980117426,25.961524335033328,75.20382556069556,,,,,,,,7.7228997879506975,152.5531630505161,,,,,,,,,,,,,,,,,,,,,,,,,,,,,,,,,,,,,,,,,,,,,,,,,,,,,,,,,,,,,,,,,,,,,,,,,,,,,,,,,,,,,,,,,,,,,,,,,,,,,,,,,,,,,,,,,,,,,,,,,,,,,,,,,,,,,,,,3.0493243150413036,,"24 - 24",,,,0.52895753,0.28957529,0.18146718,0.15057915,0.39382239,0.45559846,0.43165468,,,,,,,,,,,,,,,,,,,,,,,,,,,,,,,,,,,,,,,,,,,,,,,,,,,,,,,,,,,,,,,,,,,,,,,,,,,,,,,,,,,,,,,,,,,,,,,,,,,,,,,,,,,,,,,,,,,,,,,,,,,,,"L",,,,,,,,,,,,,,,,,,,,,,,,,,,,,,,,,,,,,,,,,,,,,,,,,,,,,,,,,,,,,,,,,,,,,,,,,,,,,,,,,,,,,,,,,,,,,,,,,,,,,,,,,,,,,,,,,,,,,,,,,,"Pete Crow-Armstrong",27769,691718
"Endy Rodríguez","PIT","Endy Rodríguez","PIT",2026,26,42,112,131,33,21,6,0,6,19,18,18,0,31,0,0,0,3,4,0,0.294642857,28,35,17,4,487,183,304,0,1,0,0.13740458,0.236641221,0.580645161,0.392307692,0.508928571,0.901236263,0.214285714,0.36,0.8,0.2125,0.35,0.4375,0.114285714,0.171428571,0,0,0.3934342902440291,8.151223817457739,23.620627799620216,,,,,,,,4.5344577101188905,147.16498071273946,,,,,,,,,,,,,,,,,,,,,,,,,,,,,,,,,,,,,,,,,,,,,,,,,,,,,,,,,,,,,,,,,,,,,,,,,,,,,,,,,,,,,,,,,,,,,,,,,,,,,,,,,,,,,,,,,,,,,,,,,,,,,,,,,,,,,,,,0.5804211301729083,,"26 - 26",,,,0.43209877,0.35802469,0.20987654,0.07407407,0.54320988,0.38271605,0.41984733,,,,,,,,,,,,,,,,,,,,,,,,,,,,,,,,,,,,,,,,,,,,,,,,,,,,,,,,,,,,,,,,,,,,,,,,,,,,,,,,,,,,,,,,,,,,,,,,,,,,,,,,,,,,,,,,,,,,,,,,,,,,,"B",,,,,,,,,,,,,,,,,,,,,,,,,,,,,,,,,,,,,,,,,,,,,,,,,,,,,,,,,,,,,,,,,,,,,,,,,,,,,,,,,,,,,,,,,,,,,,,,,,,,,,,,,,,,,,,,,,,,,,,,,,"Endy Rodriguez",25332,682848
"Shohei Ohtani","LAD","Shohei Ohtani","LAD",2026,31,114,320,389,91,54,15,4,18,59,52,63,13,90,2,3,0,4,8,3,0.284375,98,81,54,3,1580,648,932,5,0,0,0.161953727,0.231362467,0.7,0.402061855,0.525,0.927061855,0.240625,0.339534883,1.209876543,0.231759656,0.420600858,0.347639484,0.037037037,0.222222222,0.051020408,0,0.3911841309865316,23.49877644349102,69.43464017678264,,,,,,,,5.554420163943047,149.46795657039746,,,,,,,,,,,,,,,,,,,,,,,,,,,,,,,,,,,,,,,,,,,,,,,,,,,,,,,,,,,,,,,,,,,,,,,,,,,,,,,,,,,,,,,,,,,,,,,,,,,,,,,,,,,,,,,,,,,,,,,,,,,,,,,,,,,,,,,,-0.22949892096221447,,"31 - 31",,,,0.52360515,0.25321888,0.22317597,0.09012876,0.40772532,0.50214592,0.43958869,,,,,,,,,,,,,,,,,,,,,,,,,,,,,,,,,,,,,,,,,,,,,,,,,,,,,,,,,,,,,,,,,,,,,,,,,,,,,,,,,,,,,,,,,,,,,,,,,,,,,,,,,,,,,,,,,,,,,,,,,,,,,"L",,,,,,,,,,,,,,,,,,,,,,,,,,,,,,,,,,,,,,,,,,,,,,,,,,,,,,,,,,,,,,,,,,,,,,,,,,,,,,,,,,,,,,,,,,,,,,,,,,,,,,,,,,,,,,,,,,,,,,,,,,"Shohei Ohtani",19755,660271
"Ben Rice","NYY","Ben Rice","NYY",2026,27,123,315,372,80,36,18,1,25,62,59,54,4,87,1,2,0,8,1,0,0.253968253,92,99,39,1,1536,637,899,6,0,0,0.14516129,0.233870967,0.620689655,0.362903225,0.555555555,0.91845878,0.301587302,0.268292682,0.929292929,0.169565217,0.4,0.430434782,0.01010101,0.252525252,0.065217391,0,0.3894028133996155,21.93736214696867,65.86574597417814,,,,,,,,3.3009238773010594,152.72608094701837,,,,,,,,,,,,,,,,,,,,,,,,,,,,,,,,,,,,,,,,,,,,,,,,,,,,,,,,,,,,,,,,,,,,,,,,,,,,,,,,,,,,,,,,,,,,,,,,,,,,,,,,,,,,,,,,,,,,,,,,,,,,,,,,,,,,,,,,-0.28982981014996767,,"27 - 27",,,,0.47826087,0.33913043,0.1826087,0.09130435,0.45652174,0.45217391,0.44623656,,,,,,,,,,,,,,,,,,,,,,,,,,,,,,,,,,,,,,,,,,,,,,,,,,,,,,,,,,,,,,,,,,,,,,,,,,,,,,,,,,,,,,,,,,,,,,,,,,,,,,,,,,,,,,,,,,,,,,,,,,,,,"L",,,,,,,,,,,,,,,,,,,,,,,,,,,,,,,,,,,,,,,,,,,,,,,,,,,,,,,,,,,,,,,,,,,,,,,,,,,,,,,,,,,,,,,,,,,,,,,,,,,,,,,,,,,,,,,,,,,,,,,,,,"Ben Rice",29576,700250
"Liam Hicks","- - -","Liam Hicks","- - -",2026,27,118,330,385,104,75,12,1,16,56,65,41,3,30,8,6,0,7,2,0,0.315151515,129,119,58,19,1423,570,853,7,0,0,0.106493506,0.077922077,1.366666666,0.397402597,0.503030303,0.9004329,0.187878788,0.303448275,1.084033613,0.189542483,0.421568627,0.388888888,0.159663865,0.134453781,0.054263565,0,0.38928119565179836,22.7267801074833,68.19029562757912,,,,,,,,3.3050425829447443,147.8414964204539,,,,,,,,,,,,,,,,,,,,,,,,,,,,,,,,,,,,,,,,,,,,,,,,,,,,,,,,,,,,,,,,,,,,,,,,,,,,,,,,,,,,,,,,,,,,,,,,,,,,,,,,,,,,,,,,,,,,,,,,,,,,,,,,,,,,,,,,-0.2812575502321124,,"27 - 27",,,,0.44771242,0.3496732,0.20261438,0.18954248,0.47058824,0.33986928,0.22597403,,,,,,,,,,,,,,,,,,,,,,,,,,,,,,,,,,,,,,,,,,,,,,,,,,,,,,,,,,,,,,,,,,,,,,,,,,,,,,,,,,,,,,,,,,,,,,,,,,,,,,,,,,,,,,,,,,,,,,,,,,,,,"L",,,,,,,,,,,,,,,,,,,,,,,,,,,,,,,,,,,,,,,,,,,,,,,,,,,,,,,,,,,,,,,,,,,,,,,,,,,,,,,,,,,,,,,,,,,,,,,,,,,,,,,,,,,,,,,,,,,,,,,,,,"Liam Hicks",29844,689414
"Munetaka Murakami","CHW","Munetaka Murakami","CHW",2026,26,99,251,307,58,25,10,0,23,53,41,54,6,99,2,0,0,1,1,2,0.231075697,67,68,17,6,1352,590,762,5,0,0,0.175895765,0.32247557,0.545454545,0.371335504,0.545816733,0.917152237,0.314741036,0.271317829,0.985294117,0.111842105,0.440789473,0.447368421,0.088235294,0.338235294,0.074626865,0,0.38884264666376717,17.965513655143756,54.21823901792146,,,,,,,,2.1777092092568364,152.45835420639747,,,,,,,,,,,,,,,,,,,,,,,,,,,,,,,,,,,,,,,,,,,,,,,,,,,,,,,,,,,,,,,,,,,,,,,,,,,,,,,,,,,,,,,,,,,,,,,,,,,,,,,,,,,,,,,,,,,,,,,,,,,,,,,,,,,,,,,,-1.0440636137500405,,"26 - 26",,,,0.48026316,0.30921053,0.21052632,0.125,0.42763158,0.44736842,0.5732899,,,,,,,,,,,,,,,,,,,,,,,,,,,,,,,,,,,,,,,,,,,,,,,,,,,,,,,,,,,,,,,,,,,,,,,,,,,,,,,,,,,,,,,,,,,,,,,,,,,,,,,,,,,,,,,,,,,,,,,,,,,,,"L",,,,,,,,,,,,,,,,,,,,,,,,,,,,,,,,,,,,,,,,,,,,,,,,,,,,,,,,,,,,,,,,,,,,,,,,,,,,,,,,,,,,,,,,,,,,,,,,,,,,,,,,,,,,,,,,,,,,,,,,,,"Munetaka Murakami",37120,808959
"Eduardo Valencia","DET","Eduardo Valencia","DET",2026,26,19,38,40,12,7,3,0,2,4,7,1,0,8,1,0,0,3,0,0,0.315789473,15,10,4,1,138,45,93,0,1,1,0.025,0.2,0.125,0.35,0.552631578,0.902631578,0.236842105,0.357142857,1.5,0.137931034,0.517241379,0.344827586,0.1,0.2,0,1,0.3887415796518326,2.3375228226304348,7.061004954588443,,,,,,,,0.6542207712499999,151.2772703200434,,,,,,,,,,,,,,,,,,,,,,,,,,,,,,,,,,,,,,,,,,,,,,,,,,,,,,,,,,,,,,,,,,,,,,,,,,,,,,,,,,,,,,,,,,,,,,,,,,,,,,,,,,,,,,,,,,,,,,,,,,,,,,,,,,,,,,,,-0.05067204963415861,,"26 - 26",,,,0.5,0.2,0.3,0.13333333,0.5,0.36666667,0.275,,,,,,,,,,,,,,,,,,,,,,,,,,,,,,,,,,,,,,,,,,,,,,,,,,,,,,,,,,,,,,,,,,,,,,,,,,,,,,,,,,,,,,,,,,,,,,,,,,,,,,,,,,,,,,,,,,,,,,,,,,,,,"R",,,,,,,,,,,,,,,,,,,,,,,,,,,,,,,,,,,,,,,,,,,,,,,,,,,,,,,,,,,,,,,,,,,,,,,,,,,,,,,,,,,,,,,,,,,,,,,,,,,,,,,,,,,,,,,,,,,,,,,,,,"Eduardo Valencia",24574,680664
"CJ Abrams","WSN","CJ Abrams","WSN",2026,25,128,338,393,94,54,15,2,23,65,62,40,3,82,11,4,0,3,22,3,0.278106508,89,120,51,21,1517,551,966,8,0,0,0.10178117,0.208651399,0.487804878,0.368956743,0.538461538,0.907418281,0.26035503,0.299578059,0.741666666,0.196153846,0.342307692,0.461538461,0.175,0.191666666,0.08988764,0,0.3878125299245883,22.67166871545855,69.07988066194598,,,,,,,,6.881882868981579,144.7744316067438,,,,,,,,,,,,,,,,,,,,,,,,,,,,,,,,,,,,,,,,,,,,,,,,,,,,,,,,,,,,,,,,,,,,,,,,,,,,,,,,,,,,,,,,,,,,,,,,,,,,,,,,,,,,,,,,,,,,,,,,,,,,,,,,,,,,,,,,2.593022031709552,,"25 - 25",,,,0.44615385,0.29615385,0.25769231,0.17692308,0.44230769,0.38076923,0.36895674,,,,,,,,,,,,,,,,,,,,,,,,,,,,,,,,,,,,,,,,,,,,,,,,,,,,,,,,,,,,,,,,,,,,,,,,,,,,,,,,,,,,,,,,,,,,,,,,,,,,,,,,,,,,,,,,,,,,,,,,,,,,,"L",,,,,,,,,,,,,,,,,,,,,,,,,,,,,,,,,,,,,,,,,,,,,,,,,,,,,,,,,,,,,,,,,,,,,,,,,,,,,,,,,,,,,,,,,,,,,,,,,,,,,,,,,,,,,,,,,,,,,,,,,,"CJ Abrams",25768,682928
"Pete Alonso","BAL","Pete Alonso","BAL",2026,31,131,355,416,97,56,17,0,24,58,69,51,1,101,7,3,0,11,5,0,0.273239436,113,94,50,5,1732,671,1061,4,0,0,0.122596153,0.242788461,0.504950495,0.372596153,0.523943661,0.896539814,0.250704225,0.313304721,1.202127659,0.194552529,0.439688715,0.365758754,0.053191489,0.255319148,0.03539823,0,0.38691266143178366,23.696572703820355,72.82078687618363,,,,,,,,3.453434104764543,152.89050518688458,,,,,,,,,,,,,,,,,,,,,,,,,,,,,,,,,,,,,,,,,,,,,,,,,,,,,,,,,,,,,,,,,,,,,,,,,,,,,,,,,,,,,,,,,,,,,,,,,,,,,,,,,,,,,,,,,,,,,,,,,,,,,,,,,,,,,,,,0.3637842806056142,,"31 - 31",,,,0.3385214,0.40077821,0.26070039,0.08171206,0.44747082,0.47081712,0.42307692,,,,,,,,,,,,,,,,,,,,,,,,,,,,,,,,,,,,,,,,,,,,,,,,,,,,,,,,,,,,,,,,,,,,,,,,,,,,,,,,,,,,,,,,,,,,,,,,,,,,,,,,,,,,,,,,,,,,,,,,,,,,,"R",,,,,,,,,,,,,,,,,,,,,,,,,,,,,,,,,,,,,,,,,,,,,,,,,,,,,,,,,,,,,,,,,,,,,,,,,,,,,,,,,,,,,,,,,,,,,,,,,,,,,,,,,,,,,,,,,,,,,,,,,,"Pete Alonso",19251,624413
"Luis García Jr.","- - -","Luis García Jr.","- - -",2026,26,127,373,394,110,57,23,5,25,56,75,19,0,65,0,2,0,7,4,2,0.294906166,131,108,70,14,1460,501,959,4,1,1,0.04822335,0.164974619,0.292307692,0.327411167,0.584450402,0.911861569,0.289544236,0.298245614,1.212962962,0.226537216,0.42394822,0.349514563,0.129629629,0.231481481,0.030534351,1,0.3866108969080872,22.347490936090097,68.87378993587647,,,,,,,,5.058389125362334,145.25824582976534,,,,,,,,,,,,,,,,,,,,,,,,,,,,,,,,,,,,,,,,,,,,,,,,,,,,,,,,,,,,,,,,,,,,,,,,,,,,,,,,,,,,,,,,,,,,,,,,,,,,,,,,,,,,,,,,,,,,,,,,,,,,,,,,,,,,,,,,-0.44969383254647255,,"26 - 26",,,,0.43870968,0.34516129,0.21612903,0.11935484,0.47741935,0.40322581,0.27664975,,,,,,,,,,,,,,,,,,,,,,,,,,,,,,,,,,,,,,,,,,,,,,,,,,,,,,,,,,,,,,,,,,,,,,,,,,,,,,,,,,,,,,,,,,,,,,,,,,,,,,,,,,,,,,,,,,,,,,,,,,,,,"L",,,,,,,,,,,,,,,,,,,,,,,,,,,,,,,,,,,,,,,,,,,,,,,,,,,,,,,,,,,,,,,,,,,,,,,,,,,,,,,,,,,,,,,,,,,,,,,,,,,,,,,,,,,,,,,,,,,,,,,,,,"Luis Garcia Jr.",20391,671277
"Luis Campusano","SDP","Luis Campusano","SDP",2026,27,51,121,141,36,22,10,0,4,14,18,18,0,32,2,0,0,1,0,0,0.297520661,35,39,15,5,593,223,370,6,0,0,0.127659574,0.226950354,0.5625,0.39716312,0.479338842,0.876501962,0.181818181,0.376470588,0.897435897,0.168539325,0.393258426,0.438202247,0.128205128,0.102564102,0.171428571,0,0.38609677679995275,7.938983134449898,24.589257649601873,,,,,,,,0.76785714,149.54954553530234,,,,,,,,,,,,,,,,,,,,,,,,,,,,,,,,,,,,,,,,,,,,,,,,,,,,,,,,,,,,,,,,,,,,,,,,,,,,,,,,,,,,,,,,,,,,,,,,,,,,,,,,,,,,,,,,,,,,,,,,,,,,,,,,,,,,,,,,-0.23646956495940685,,"27 - 27",,,,0.47191011,0.35955056,0.16853933,0.21348315,0.48314607,0.30337079,0.38297872,,,,,,,,,,,,,,,,,,,,,,,,,,,,,,,,,,,,,,,,,,,,,,,,,,,,,,,,,,,,,,,,,,,,,,,,,,,,,,,,,,,,,,,,,,,,,,,,,,,,,,,,,,,,,,,,,,,,,,,,,,,,,"R",,,,,,,,,,,,,,,,,,,,,,,,,,,,,,,,,,,,,,,,,,,,,,,,,,,,,,,,,,,,,,,,,,,,,,,,,,,,,,,,,,,,,,,,,,,,,,,,,,,,,,,,,,,,,,,,,,,,,,,,,,"Luis Campusano",22217,669134
"Brian Serven","ATH","Brian Serven","ATH",2026,31,8,26,27,7,4,0,0,3,4,8,1,0,8,0,0,0,1,0,0,0.269230769,7,6,5,0,104,33,71,0,0,0,0.037037037,0.296296296,0.125,0.296296296,0.615384615,0.911680911,0.346153846,0.266666666,1.166666666,0.277777777,0.388888888,0.333333333,0,0.5,0,0,0.3857487042744954,1.5126506769555874,4.701001116027243,,,,,,,,0.76785714,142.06737055732913,,,,,,,,,,,,,,,,,,,,,,,,,,,,,,,,,,,,,,,,,,,,,,,,,,,,,,,,,,,,,,,,,,,,,,,,,,,,,,,,,,,,,,,,,,,,,,,,,,,,,,,,,,,,,,,,,,,,,,,,,,,,,,,,,,,,,,,,-0.028151138685643673,,"31 - 31",,,,0.38888889,0.44444444,0.16666667,0.11111111,0.44444444,0.44444444,0.44444444,,,,,,,,,,,,,,,,,,,,,,,,,,,,,,,,,,,,,,,,,,,,,,,,,,,,,,,,,,,,,,,,,,,,,,,,,,,,,,,,,,,,,,,,,,,,,,,,,,,,,,,,,,,,,,,,,,,,,,,,,,,,,"R",,,,,,,,,,,,,,,,,,,,,,,,,,,,,,,,,,,,,,,,,,,,,,,,,,,,,,,,,,,,,,,,,,,,,,,,,,,,,,,,,,,,,,,,,,,,,,,,,,,,,,,,,,,,,,,,,,,,,,,,,,"Brian Serven",19422,661531
"Willson Contreras","BOS","Willson Contreras","BOS",2026,34,122,323,381,89,53,16,1,19,44,58,35,0,104,19,3,1,5,3,1,0.275541795,87,89,46,9,1454,518,936,10,1,0,0.091863517,0.272965879,0.336538461,0.376315789,0.507739938,0.884055727,0.232198143,0.344827586,0.977528089,0.207207207,0.391891891,0.4009009,0.101123595,0.213483146,0.114942528,0,0.3848690999181647,21.074875680234463,66.0660429871345,,,,,,,,3.2786116210831557,146.675514551997,,,,,,,,,,,,,,,,,,,,,,,,,,,,,,,,,,,,,,,,,,,,,,,,,,,,,,,,,,,,,,,,,,,,,,,,,,,,,,,,,,,,,,,,,,,,,,,,,,,,,,,,,,,,,,,,,,,,,,,,,,,,,,,,,,,,,,,,-0.4133326271548867,,"34 - 34",,,,0.53363229,0.30044843,0.16591928,0.16591928,0.48878924,0.34529148,0.41469816,,,,,,,,,,,,,,,,,,,,,,,,,,,,,,,,,,,,,,,,,,,,,,,,,,,,,,,,,,,,,,,,,,,,,,,,,,,,,,,,,,,,,,,,,,,,,,,,,,,,,,,,,,,,,,,,,,,,,,,,,,,,,"R",,,,,,,,,,,,,,,,,,,,,,,,,,,,,,,,,,,,,,,,,,,,,,,,,,,,,,,,,,,,,,,,,,,,,,,,,,,,,,,,,,,,,,,,,,,,,,,,,,,,,,,,,,,,,,,,,,,,,,,,,,"Willson Contreras",11609,575929
"Freddie Freeman","LAD","Freddie Freeman","LAD",2026,36,123,336,386,107,70,25,1,11,48,52,44,3,58,1,5,0,11,3,0,0.31845238,105,103,75,5,1588,614,974,2,0,0,0.113989637,0.150259067,0.758620689,0.393782383,0.497023809,0.890806192,0.178571429,0.352941176,1.019417475,0.265017667,0.371024734,0.363957597,0.048543689,0.106796116,0.019047619,0,0.3848389158360952,21.342051429056223,66.923654002451,,,,,,,,3.391354500820751,145.2110897732958,,,,,,,,,,,,,,,,,,,,,,,,,,,,,,,,,,,,,,,,,,,,,,,,,,,,,,,,,,,,,,,,,,,,,,,,,,,,,,,,,,,,,,,,,,,,,,,,,,,,,,,,,,,,,,,,,,,,,,,,,,,,,,,,,,,,,,,,-0.030585497617721558,,"36 - 36",,,,0.35689046,0.34275618,0.30035336,0.13074205,0.46289753,0.40636042,0.29274611,,,,,,,,,,,,,,,,,,,,,,,,,,,,,,,,,,,,,,,,,,,,,,,,,,,,,,,,,,,,,,,,,,,,,,,,,,,,,,,,,,,,,,,,,,,,,,,,,,,,,,,,,,,,,,,,,,,,,,,,,,,,,"L",,,,,,,,,,,,,,,,,,,,,,,,,,,,,,,,,,,,,,,,,,,,,,,,,,,,,,,,,,,,,,,,,,,,,,,,,,,,,,,,,,,,,,,,,,,,,,,,,,,,,,,,,,,,,,,,,,,,,,,,,,"Freddie Freeman",5361,518692
"Tyler Locklear","ARI","Tyler Locklear","ARI",2026,25,11,26,29,8,5,2,0,1,6,5,2,0,5,1,0,0,3,1,0,0.307692307,12,5,4,0,110,36,74,0,0,0,0.068965517,0.172413793,0.4,0.379310344,0.5,0.879310344,0.192307693,0.35,2.4,0.19047619,0.571428571,0.238095238,0,0.2,0,0,0.3845861780232397,1.5975066808085494,5.022031226478105,,,,,,,,6.127581710339596,143.9781190253175,,,,,,,,,,,,,,,,,,,,,,,,,,,,,,,,,,,,,,,,,,,,,,,,,,,,,,,,,,,,,,,,,,,,,,,,,,,,,,,,,,,,,,,,,,,,,,,,,,,,,,,,,,,,,,,,,,,,,,,,,,,,,,,,,,,,,,,,0.15495818108320236,,"25 - 25",,,,0.38095238,0.47619048,0.14285714,0.28571429,0.47619048,0.23809524,0.27586207,,,,,,,,,,,,,,,,,,,,,,,,,,,,,,,,,,,,,,,,,,,,,,,,,,,,,,,,,,,,,,,,,,,,,,,,,,,,,,,,,,,,,,,,,,,,,,,,,,,,,,,,,,,,,,,,,,,,,,,,,,,,,"R",,,,,,,,,,,,,,,,,,,,,,,,,,,,,,,,,,,,,,,,,,,,,,,,,,,,,,,,,,,,,,,,,,,,,,,,,,,,,,,,,,,,,,,,,,,,,,,,,,,,,,,,,,,,,,,,,,,,,,,,,,"Tyler Locklear",31396,682988
"Brandon Lowe","PIT","Brandon Lowe","PIT",2026,31,114,337,382,92,46,22,1,23,60,67,40,0,99,2,3,0,1,1,0,0.272997032,83,105,53,6,1564,597,967,5,0,0,0.104712041,0.259162303,0.404040404,0.35078534,0.548961424,0.899746764,0.275964392,0.316513761,0.79047619,0.219917012,0.34439834,0.435684647,0.057142857,0.219047619,0.060240963,0,0.3845439540778155,21.030009385294456,66.13926374549344,,,,,,,,3.298139704828295,141.20064759813673,,,,,,,,,,,,,,,,,,,,,,,,,,,,,,,,,,,,,,,,,,,,,,,,,,,,,,,,,,,,,,,,,,,,,,,,,,,,,,,,,,,,,,,,,,,,,,,,,,,,,,,,,,,,,,,,,,,,,,,,,,,,,,,,,,,,,,,,-0.2954600378870964,,"31 - 31",,,,0.52282158,0.29045643,0.18672199,0.10373444,0.44813278,0.44813278,0.42408377,,,,,,,,,,,,,,,,,,,,,,,,,,,,,,,,,,,,,,,,,,,,,,,,,,,,,,,,,,,,,,,,,,,,,,,,,,,,,,,,,,,,,,,,,,,,,,,,,,,,,,,,,,,,,,,,,,,,,,,,,,,,,"L",,,,,,,,,,,,,,,,,,,,,,,,,,,,,,,,,,,,,,,,,,,,,,,,,,,,,,,,,,,,,,,,,,,,,,,,,,,,,,,,,,,,,,,,,,,,,,,,,,,,,,,,,,,,,,,,,,,,,,,,,,"Brandon Lowe",18882,664040
"Ty France","SDP","Ty France","SDP",2026,31,98,259,292,77,49,12,1,15,36,45,20,0,59,8,4,0,6,1,0,0.297297297,83,82,39,9,1137,403,734,6,0,0,0.06849315,0.202054794,0.33898305,0.360824742,0.525096525,0.885921267,0.227799228,0.328042328,1.012195121,0.19117647,0.406862745,0.401960784,0.109756097,0.182926829,0.072289156,0,0.3812406429720089,15.297301899237086,49.77872146253054,,,,,,,,2.946784632785336,146.291671000814,,,,,,,,,,,,,,,,,,,,,,,,,,,,,,,,,,,,,,,,,,,,,,,,,,,,,,,,,,,,,,,,,,,,,,,,,,,,,,,,,,,,,,,,,,,,,,,,,,,,,,,,,,,,,,,,,,,,,,,,,,,,,,,,,,,,,,,,-0.23352753277868032,,"31 - 31",,,,0.36764706,0.35784314,0.2745098,0.09313725,0.49019608,0.41666667,0.32191781,,,,,,,,,,,,,,,,,,,,,,,,,,,,,,,,,,,,,,,,,,,,,,,,,,,,,,,,,,,,,,,,,,,,,,,,,,,,,,,,,,,,,,,,,,,,,,,,,,,,,,,,,,,,,,,,,,,,,,,,,,,,,"R",,,,,,,,,,,,,,,,,,,,,,,,,,,,,,,,,,,,,,,,,,,,,,,,,,,,,,,,,,,,,,,,,,,,,,,,,,,,,,,,,,,,,,,,,,,,,,,,,,,,,,,,,,,,,,,,,,,,,,,,,,"Ty France",17982,664034
"Drake Baldwin","ATL","Drake Baldwin","ATL",2026,25,103,280,319,84,60,9,0,15,48,50,34,2,70,4,1,0,7,3,1,0.3,86,80,45,2,1293,467,826,1,0,0,0.106583072,0.219435736,0.485714285,0.382445141,0.492857142,0.875302283,0.192857142,0.352040816,1.075,0.213270142,0.407582938,0.379146919,0.025,0.1875,0.011627906,0,0.381107416062701,16.677499603952857,54.34726960631797,,,,,,,,3.089550552361549,142.15643001006814,,,,,,,,,,,,,,,,,,,,,,,,,,,,,,,,,,,,,,,,,,,,,,,,,,,,,,,,,,,,,,,,,,,,,,,,,,,,,,,,,,,,,,,,,,,,,,,,,,,,,,,,,,,,,,,,,,,,,,,,,,,,,,,,,,,,,,,,-0.35140012204647064,,"25 - 25",,,,0.36018957,0.4028436,0.23696682,0.09004739,0.48815166,0.42180095,0.37304075,,,,,,,,,,,,,,,,,,,,,,,,,,,,,,,,,,,,,,,,,,,,,,,,,,,,,,,,,,,,,,,,,,,,,,,,,,,,,,,,,,,,,,,,,,,,,,,,,,,,,,,,,,,,,,,,,,,,,,,,,,,,,"L",,,,,,,,,,,,,,,,,,,,,,,,,,,,,,,,,,,,,,,,,,,,,,,,,,,,,,,,,,,,,,,,,,,,,,,,,,,,,,,,,,,,,,,,,,,,,,,,,,,,,,,,,,,,,,,,,,,,,,,,,,"Drake Baldwin",31539,686948
"Aaron Judge","NYY","Aaron Judge","NYY",2026,34,58,157,185,39,18,9,0,12,29,28,24,2,52,2,0,0,8,3,2,0.248407643,38,49,18,2,788,310,478,3,0,0,0.129729729,0.281081081,0.461538461,0.355191256,0.535031847,0.890223103,0.286624204,0.29032258,0.775510204,0.171428571,0.361904761,0.466666666,0.040816326,0.244897959,0.078947368,0,0.38024854133142294,9.543746358710978,31.389851219016766,,,,,,,,3.4321532120299882,146.35534898481092,,,,,,,,,,,,,,,,,,,,,,,,,,,,,,,,,,,,,,,,,,,,,,,,,,,,,,,,,,,,,,,,,,,,,,,,,,,,,,,,,,,,,,,,,,,,,,,,,,,,,,,,,,,,,,,,,,,,,,,,,,,,,,,,,,,,,,,,-0.4582660924643278,,"34 - 34",,,,0.4,0.36190476,0.23809524,0.0952381,0.44761905,0.45714286,0.47567568,,,,,,,,,,,,,,,,,,,,,,,,,,,,,,,,,,,,,,,,,,,,,,,,,,,,,,,,,,,,,,,,,,,,,,,,,,,,,,,,,,,,,,,,,,,,,,,,,,,,,,,,,,,,,,,,,,,,,,,,,,,,,"R",,,,,,,,,,,,,,,,,,,,,,,,,,,,,,,,,,,,,,,,,,,,,,,,,,,,,,,,,,,,,,,,,,,,,,,,,,,,,,,,,,,,,,,,,,,,,,,,,,,,,,,,,,,,,,,,,,,,,,,,,,"Aaron Judge",15640,592450
"Amed Rosario","NYY","Amed Rosario","NYY",2026,30,40,71,77,22,16,1,0,5,11,13,5,0,22,0,1,0,1,2,0,0.309859154,24,16,10,1,288,87,201,1,0,0,0.064935064,0.285714285,0.227272727,0.35064935,0.535211267,0.885860617,0.225352113,0.377777777,1.5,0.2,0.48,0.32,0.0625,0.3125,0.041666666,0,0.37996042239201533,3.954368056038313,13.047071160057477,,,,,,,,4.296145818171732,146.1548383901369,,,,,,,,,,,,,,,,,,,,,,,,,,,,,,,,,,,,,,,,,,,,,,,,,,,,,,,,,,,,,,,,,,,,,,,,,,,,,,,,,,,,,,,,,,,,,,,,,,,,,,,,,,,,,,,,,,,,,,,,,,,,,,,,,,,,,,,,0.28176522348076105,,"30 - 30",,,,0.26,0.42,0.32,0.1,0.48,0.42,0.41558442,,,,,,,,,,,,,,,,,,,,,,,,,,,,,,,,,,,,,,,,,,,,,,,,,,,,,,,,,,,,,,,,,,,,,,,,,,,,,,,,,,,,,,,,,,,,,,,,,,,,,,,,,,,,,,,,,,,,,,,,,,,,,"R",,,,,,,,,,,,,,,,,,,,,,,,,,,,,,,,,,,,,,,,,,,,,,,,,,,,,,,,,,,,,,,,,,,,,,,,,,,,,,,,,,,,,,,,,,,,,,,,,,,,,,,,,,,,,,,,,,,,,,,,,,"Amed Rosario",15518,642708
"Gabriel Moreno","ARI","Gabriel Moreno","ARI",2026,26,101,277,323,86,57,21,1,7,43,40,38,0,48,4,4,0,5,3,2,0.310469314,102,81,50,6,1410,532,878,6,0,0,0.117647058,0.148606811,0.791666666,0.396284829,0.469314079,0.865598908,0.158844765,0.349557522,1.259259259,0.214592274,0.43776824,0.347639484,0.074074074,0.086419753,0.058823529,0,0.37973987262684494,16.530345384797553,54.67246360035846,,,,,,,,3.4990477860633966,140.72683817172683,,,,,,,,,,,,,,,,,,,,,,,,,,,,,,,,,,,,,,,,,,,,,,,,,,,,,,,,,,,,,,,,,,,,,,,,,,,,,,,,,,,,,,,,,,,,,,,,,,,,,,,,,,,,,,,,,,,,,,,,,,,,,,,,,,,,,,,,-0.7791890734806657,,"26 - 26",,,,0.38197425,0.27896996,0.33905579,0.12875536,0.50643777,0.36480687,0.2879257,,,,,,,,,,,,,,,,,,,,,,,,,,,,,,,,,,,,,,,,,,,,,,,,,,,,,,,,,,,,,,,,,,,,,,,,,,,,,,,,,,,,,,,,,,,,,,,,,,,,,,,,,,,,,,,,,,,,,,,,,,,,,"R",,,,,,,,,,,,,,,,,,,,,,,,,,,,,,,,,,,,,,,,,,,,,,,,,,,,,,,,,,,,,,,,,,,,,,,,,,,,,,,,,,,,,,,,,,,,,,,,,,,,,,,,,,,,,,,,,,,,,,,,,,"Gabriel Moreno",22664,672515
"Jonah Cox","SFG","Jonah Cox","SFG",2026,24,21,19,22,6,4,1,0,1,5,4,1,0,9,0,0,2,0,4,0,0.315789473,1,5,2,0,72,23,49,0,4,2,0.045454545,0.409090909,0.111111111,0.35,0.526315789,0.876315789,0.210526316,0.555555555,0.2,0.25,0.125,0.625,0,0.2,0,0.5,0.37866809368133547,1.1068875907869316,3.7048027633638356,,,,,,,,7.5,142.84112485985924,,,,,,,,,,,,,,,,,,,,,,,,,,,,,,,,,,,,,,,,,,,,,,,,,,,,,,,,,,,,,,,,,,,,,,,,,,,,,,,,,,,,,,,,,,,,,,,,,,,,,,,,,,,,,,,,,,,,,,,,,,,,,,,,,,,,,,,,0.7718488732352853,,"24 - 24",,,,0.16666667,0.16666667,0.66666667,0.08333333,0.66666667,0.25,0.5,,,,,,,,,,,,,,,,,,,,,,,,,,,,,,,,,,,,,,,,,,,,,,,,,,,,,,,,,,,,,,,,,,,,,,,,,,,,,,,,,,,,,,,,,,,,,,,,,,,,,,,,,,,,,,,,,,,,,,,,,,,,,"R",,,,,,,,,,,,,,,,,,,,,,,,,,,,,,,,,,,,,,,,,,,,,,,,,,,,,,,,,,,,,,,,,,,,,,,,,,,,,,,,,,,,,,,,,,,,,,,,,,,,,,,,,,,,,,,,,,,,,,,,,,"Jonah Cox",33270,813841
"Jake Bauers","MIL","Jake Bauers","MIL",2026,30,119,301,361,81,52,11,1,17,63,54,56,4,98,3,1,0,3,8,3,0.26910299,83,77,44,4,1486,630,856,2,0,0,0.155124653,0.271468144,0.571428571,0.387811634,0.481727574,0.869539208,0.212624584,0.342245989,1.077922077,0.215686274,0.406862745,0.37745098,0.051948051,0.22077922,0.024096385,0,0.3785632596630342,18.13249429647566,60.761920537396676,,,,,,,,4.883482767314854,141.62335271677287,,,,,,,,,,,,,,,,,,,,,,,,,,,,,,,,,,,,,,,,,,,,,,,,,,,,,,,,,,,,,,,,,,,,,,,,,,,,,,,,,,,,,,,,,,,,,,,,,,,,,,,,,,,,,,,,,,,,,,,,,,,,,,,,,,,,,,,,-0.2351291486993432,,"30 - 30",,,,0.44607843,0.31862745,0.23529412,0.12254902,0.46568627,0.41176471,0.47368421,,,,,,,,,,,,,,,,,,,,,,,,,,,,,,,,,,,,,,,,,,,,,,,,,,,,,,,,,,,,,,,,,,,,,,,,,,,,,,,,,,,,,,,,,,,,,,,,,,,,,,,,,,,,,,,,,,,,,,,,,,,,,"L",,,,,,,,,,,,,,,,,,,,,,,,,,,,,,,,,,,,,,,,,,,,,,,,,,,,,,,,,,,,,,,,,,,,,,,,,,,,,,,,,,,,,,,,,,,,,,,,,,,,,,,,,,,,,,,,,,,,,,,,,,"Jake Bauers",15194,641343
"Brice Turang","MIL","Brice Turang","MIL",2026,26,120,351,412,98,56,24,2,16,66,64,57,3,102,0,2,2,5,12,3,0.279202279,102,84,63,1,1730,669,1061,5,4,2,0.138349514,0.247572815,0.558823529,0.37804878,0.495726495,0.873775275,0.216524216,0.34893617,1.214285714,0.253012048,0.409638554,0.337349397,0.011904761,0.19047619,0.049019607,0.5,0.3780605125192928,20.527081752156608,69.17894771132408,,,,,,,,5.723724379202461,141.28607059586898,,,,,,,,,,,,,,,,,,,,,,,,,,,,,,,,,,,,,,,,,,,,,,,,,,,,,,,,,,,,,,,,,,,,,,,,,,,,,,,,,,,,,,,,,,,,,,,,,,,,,,,,,,,,,,,,,,,,,,,,,,,,,,,,,,,,,,,,0.5479801800101995,,"26 - 26",,,,0.32411067,0.35968379,0.31620553,0.08300395,0.49802372,0.41897233,0.42475728,,,,,,,,,,,,,,,,,,,,,,,,,,,,,,,,,,,,,,,,,,,,,,,,,,,,,,,,,,,,,,,,,,,,,,,,,,,,,,,,,,,,,,,,,,,,,,,,,,,,,,,,,,,,,,,,,,,,,,,,,,,,,"L",,,,,,,,,,,,,,,,,,,,,,,,,,,,,,,,,,,,,,,,,,,,,,,,,,,,,,,,,,,,,,,,,,,,,,,,,,,,,,,,,,,,,,,,,,,,,,,,,,,,,,,,,,,,,,,,,,,,,,,,,,"Brice Turang",22186,668930
"Blaze Alexander","BAL","Blaze Alexander","BAL",2026,27,65,148,167,48,33,11,1,3,25,19,11,0,33,4,0,2,4,5,2,0.324324324,56,26,31,0,620,213,407,4,4,0,0.065868263,0.19760479,0.333333333,0.386503067,0.472972972,0.859476039,0.148648648,0.401785714,2.153846153,0.274336283,0.495575221,0.230088495,0,0.115384615,0.071428571,0,0.3779827096710907,8.309963472141112,28.030501373065793,,,,,,,,5.765248027242372,146.67588444161657,,,,,,,,,,,,,,,,,,,,,,,,,,,,,,,,,,,,,,,,,,,,,,,,,,,,,,,,,,,,,,,,,,,,,,,,,,,,,,,,,,,,,,,,,,,,,,,,,,,,,,,,,,,,,,,,,,,,,,,,,,,,,,,,,,,,,,,,-0.09204745292663574,,"27 - 27",,,,0.35042735,0.37606838,0.27350427,0.06837607,0.51282051,0.41880342,0.28143713,,,,,,,,,,,,,,,,,,,,,,,,,,,,,,,,,,,,,,,,,,,,,,,,,,,,,,,,,,,,,,,,,,,,,,,,,,,,,,,,,,,,,,,,,,,,,,,,,,,,,,,,,,,,,,,,,,,,,,,,,,,,,"R",,,,,,,,,,,,,,,,,,,,,,,,,,,,,,,,,,,,,,,,,,,,,,,,,,,,,,,,,,,,,,,,,,,,,,,,,,,,,,,,,,,,,,,,,,,,,,,,,,,,,,,,,,,,,,,,,,,,,,,,,,"Blaze Alexander",23789,677942
"Junior Caminero","TBR","Junior Caminero","TBR",2026,22,132,392,437,109,65,14,1,29,61,72,41,5,86,2,2,0,14,3,1,0.278061224,156,115,37,14,1684,649,1035,13,0,0,0.09382151,0.196796338,0.476744186,0.347826086,0.540816326,0.888642412,0.262755102,0.286738351,1.356521739,0.12012987,0.506493506,0.373376623,0.12173913,0.252173913,0.083333333,0,0.37785396821520945,21.699855966162673,73.30389825780391,,,,,,,,3.0710911431205004,143.84244841309942,,,,,,,,,,,,,,,,,,,,,,,,,,,,,,,,,,,,,,,,,,,,,,,,,,,,,,,,,,,,,,,,,,,,,,,,,,,,,,,,,,,,,,,,,,,,,,,,,,,,,,,,,,,,,,,,,,,,,,,,,,,,,,,,,,,,,,,,-0.3908117162063718,,"22 - 22",,,,0.50649351,0.33116883,0.16233766,0.14935065,0.41883117,0.43181818,0.35697941,,,,,,,,,,,,,,,,,,,,,,,,,,,,,,,,,,,,,,,,,,,,,,,,,,,,,,,,,,,,,,,,,,,,,,,,,,,,,,,,,,,,,,,,,,,,,,,,,,,,,,,,,,,,,,,,,,,,,,,,,,,,,"R",,,,,,,,,,,,,,,,,,,,,,,,,,,,,,,,,,,,,,,,,,,,,,,,,,,,,,,,,,,,,,,,,,,,,,,,,,,,,,,,,,,,,,,,,,,,,,,,,,,,,,,,,,,,,,,,,,,,,,,,,,"Junior Caminero",28163,691406
"Tyler Black","MIL","Tyler Black","MIL",2026,25,9,26,27,9,5,4,0,0,2,7,1,0,7,0,0,0,0,0,0,0.346153846,8,9,2,1,94,29,65,1,0,0,0.037037037,0.259259259,0.142857142,0.37037037,0.5,0.87037037,0.153846154,0.47368421,0.888888888,0.105263157,0.421052631,0.47368421,0.111111111,0,0.125,0,0.37771132478007563,1.337616954412814,4.5259673934844695,,,,,,,,0.76785714,141.05180813860207,,,,,,,,,,,,,,,,,,,,,,,,,,,,,,,,,,,,,,,,,,,,,,,,,,,,,,,,,,,,,,,,,,,,,,,,,,,,,,,,,,,,,,,,,,,,,,,,,,,,,,,,,,,,,,,,,,,,,,,,,,,,,,,,,,,,,,,,-0.03378136642277241,,"25 - 25",,,,0.36842105,0.36842105,0.26315789,0.36842105,0.52631579,0.10526316,0.2962963,,,,,,,,,,,,,,,,,,,,,,,,,,,,,,,,,,,,,,,,,,,,,,,,,,,,,,,,,,,,,,,,,,,,,,,,,,,,,,,,,,,,,,,,,,,,,,,,,,,,,,,,,,,,,,,,,,,,,,,,,,,,,"L",,,,,,,,,,,,,,,,,,,,,,,,,,,,,,,,,,,,,,,,,,,,,,,,,,,,,,,,,,,,,,,,,,,,,,,,,,,,,,,,,,,,,,,,,,,,,,,,,,,,,,,,,,,,,,,,,,,,,,,,,,"Tyler Black",29949,672012
"TJ Rumfield","COL","TJ Rumfield","COL",2026,26,127,326,377,98,67,19,1,11,44,44,41,0,54,8,2,0,4,0,0,0.300613496,96,111,67,10,1464,564,900,3,0,0,0.108753315,0.143236074,0.759259259,0.389920424,0.466257668,0.856178092,0.165644172,0.330798479,0.864864864,0.244525547,0.350364963,0.405109489,0.09009009,0.099099099,0.03125,0,0.3773286179775268,18.56072331669248,63.07954241039671,,,,,,,,1.629185265,126.92417980774584,,,,,,,,,,,,,,,,,,,,,,,,,,,,,,,,,,,,,,,,,,,,,,,,,,,,,,,,,,,,,,,,,,,,,,,,,,,,,,,,,,,,,,,,,,,,,,,,,,,,,,,,,,,,,,,,,,,,,,,,,,,,,,,,,,,,,,,,-0.6531064175069332,,"26 - 26",,,,0.44525547,0.29927007,0.25547445,0.15693431,0.53284672,0.31021898,0.28116711,,,,,,,,,,,,,,,,,,,,,,,,,,,,,,,,,,,,,,,,,,,,,,,,,,,,,,,,,,,,,,,,,,,,,,,,,,,,,,,,,,,,,,,,,,,,,,,,,,,,,,,,,,,,,,,,,,,,,,,,,,,,,"L",,,,,,,,,,,,,,,,,,,,,,,,,,,,,,,,,,,,,,,,,,,,,,,,,,,,,,,,,,,,,,,,,,,,,,,,,,,,,,,,,,,,,,,,,,,,,,,,,,,,,,,,,,,,,,,,,,,,,,,,,,"TJ Rumfield",29805,681198
"Kevin McGonigle","DET","Kevin McGonigle","DET",2026,21,124,358,423,104,72,18,3,11,67,43,62,1,48,2,1,0,3,10,2,0.290502793,95,147,69,10,1698,709,989,6,0,0,0.146572104,0.113475177,1.291666666,0.39716312,0.44972067,0.84688379,0.159217877,0.31,0.646258503,0.221864951,0.305466237,0.47266881,0.06802721,0.074829931,0.063157894,0,0.3749364111660781,20.009253286723112,69.96007683217904,,,,,,,,5.528736231950319,141.6698403178871,,,,,,,,,,,,,,,,,,,,,,,,,,,,,,,,,,,,,,,,,,,,,,,,,,,,,,,,,,,,,,,,,,,,,,,,,,,,,,,,,,,,,,,,,,,,,,,,,,,,,,,,,,,,,,,,,,,,,,,,,,,,,,,,,,,,,,,,0.41812274884432554,,"21 - 21",,,,0.38263666,0.34083601,0.27652733,0.13504823,0.51446945,0.35048232,0.28605201,,,,,,,,,,,,,,,,,,,,,,,,,,,,,,,,,,,,,,,,,,,,,,,,,,,,,,,,,,,,,,,,,,,,,,,,,,,,,,,,,,,,,,,,,,,,,,,,,,,,,,,,,,,,,,,,,,,,,,,,,,,,,"L",,,,,,,,,,,,,,,,,,,,,,,,,,,,,,,,,,,,,,,,,,,,,,,,,,,,,,,,,,,,,,,,,,,,,,,,,,,,,,,,,,,,,,,,,,,,,,,,,,,,,,,,,,,,,,,,,,,,,,,,,,"Kevin McGonigle",33572,805808
"Jac Caglianone","KCR","Jac Caglianone","KCR",2026,23,115,309,339,91,56,17,2,16,48,48,28,2,83,1,1,0,5,2,2,0.294498381,101,71,55,6,1220,439,781,5,0,0,0.08259587,0.244837758,0.337349397,0.3539823,0.517799352,0.871781652,0.223300971,0.355450236,1.422535211,0.242290748,0.44493392,0.31277533,0.084507042,0.225352112,0.04950495,0,0.37453351583254446,15.925621632191461,55.957132700535574,,,,,,,,3.66853588945747,139.78217773092086,,,,,,,,,,,,,,,,,,,,,,,,,,,,,,,,,,,,,,,,,,,,,,,,,,,,,,,,,,,,,,,,,,,,,,,,,,,,,,,,,,,,,,,,,,,,,,,,,,,,,,,,,,,,,,,,,,,,,,,,,,,,,,,,,,,,,,,,-0.8891054326668382,,"23 - 23",,,,0.49339207,0.33039648,0.17621145,0.09251101,0.44933921,0.45814978,0.37463127,,,,,,,,,,,,,,,,,,,,,,,,,,,,,,,,,,,,,,,,,,,,,,,,,,,,,,,,,,,,,,,,,,,,,,,,,,,,,,,,,,,,,,,,,,,,,,,,,,,,,,,,,,,,,,,,,,,,,,,,,,,,,"L",,,,,,,,,,,,,,,,,,,,,,,,,,,,,,,,,,,,,,,,,,,,,,,,,,,,,,,,,,,,,,,,,,,,,,,,,,,,,,,,,,,,,,,,,,,,,,,,,,,,,,,,,,,,,,,,,,,,,,,,,,"Jac Caglianone",35041,695506
"Austin Slater","- - -","Austin Slater","- - -",2026,33,8,8,9,3,3,0,0,0,0,1,1,0,2,0,0,0,0,0,0,0.375,6,0,0,0,35,11,24,4,0,0,0.111111111,0.222222222,0.5,0.444444444,0.375,0.819444444,0,0.5,6,0,1,0,0,0,0.666666666,0,0.37431877851486206,0.42124530290578743,1.4840287825963392,,,,,,,,0.14285714,137.13370094123684,,,,,,,,,,,,,,,,,,,,,,,,,,,,,,,,,,,,,,,,,,,,,,,,,,,,,,,,,,,,,,,,,,,,,,,,,,,,,,,,,,,,,,,,,,,,,,,,,,,,,,,,,,,,,,,,,,,,,,,,,,,,,,,,,,,,,,,,-0.02252091094851494,,"33 - 33",,,,0.83333333,0,0.16666667,0.5,0.5,0,0.33333333,,,,,,,,,,,,,,,,,,,,,,,,,,,,,,,,,,,,,,,,,,,,,,,,,,,,,,,,,,,,,,,,,,,,,,,,,,,,,,,,,,,,,,,,,,,,,,,,,,,,,,,,,,,,,,,,,,,,,,,,,,,,,"R",,,,,,,,,,,,,,,,,,,,,,,,,,,,,,,,,,,,,,,,,,,,,,,,,,,,,,,,,,,,,,,,,,,,,,,,,,,,,,,,,,,,,,,,,,,,,,,,,,,,,,,,,,,,,,,,,,,,,,,,,,"Austin Slater",16153,596103
"Riley Greene","DET","Riley Greene","DET",2026,25,111,292,339,85,53,18,0,14,50,41,39,4,89,3,5,0,6,3,1,0.29109589,71,92,45,0,1406,567,839,2,0,0,0.115044247,0.262536873,0.438202247,0.374631268,0.496575342,0.87120661,0.205479452,0.365979381,0.77173913,0.216346153,0.341346153,0.442307692,0,0.152173913,0.028169014,0,0.3738872296774565,15.748908818790413,55.780419887134535,,,,,,,,3.116123102265178,140.93968351307217,,,,,,,,,,,,,,,,,,,,,,,,,,,,,,,,,,,,,,,,,,,,,,,,,,,,,,,,,,,,,,,,,,,,,,,,,,,,,,,,,,,,,,,,,,,,,,,,,,,,,,,,,,,,,,,,,,,,,,,,,,,,,,,,,,,,,,,,-0.32324898336082697,,"25 - 25",,,,0.36538462,0.37980769,0.25480769,0.10096154,0.47596154,0.42307692,0.41887906,,,,,,,,,,,,,,,,,,,,,,,,,,,,,,,,,,,,,,,,,,,,,,,,,,,,,,,,,,,,,,,,,,,,,,,,,,,,,,,,,,,,,,,,,,,,,,,,,,,,,,,,,,,,,,,,,,,,,,,,,,,,,"L",,,,,,,,,,,,,,,,,,,,,,,,,,,,,,,,,,,,,,,,,,,,,,,,,,,,,,,,,,,,,,,,,,,,,,,,,,,,,,,,,,,,,,,,,,,,,,,,,,,,,,,,,,,,,,,,,,,,,,,,,,"Riley Greene",25976,682985
"Dalton Rushing","LAD","Dalton Rushing","LAD",2026,25,67,158,179,42,24,7,0,11,27,32,18,0,51,2,1,0,1,0,0,0.265822784,36,41,31,4,683,250,433,2,0,0,0.100558659,0.284916201,0.352941176,0.346368715,0.518987341,0.865356056,0.253164557,0.319587628,0.87804878,0.287037037,0.333333333,0.379629629,0.097560975,0.268292682,0.055555555,0,0.37317180833337027,8.212505479402399,29.350088019914484,,,,,,,,1.558673465,137.38388118082597,,,,,,,,,,,,,,,,,,,,,,,,,,,,,,,,,,,,,,,,,,,,,,,,,,,,,,,,,,,,,,,,,,,,,,,,,,,,,,,,,,,,,,,,,,,,,,,,,,,,,,,,,,,,,,,,,,,,,,,,,,,,,,,,,,,,,,,,-0.24773002043366432,,"25 - 25",,,,0.44444444,0.34259259,0.21296296,0.14814815,0.40740741,0.44444444,0.44692737,,,,,,,,,,,,,,,,,,,,,,,,,,,,,,,,,,,,,,,,,,,,,,,,,,,,,,,,,,,,,,,,,,,,,,,,,,,,,,,,,,,,,,,,,,,,,,,,,,,,,,,,,,,,,,,,,,,,,,,,,,,,,"L",,,,,,,,,,,,,,,,,,,,,,,,,,,,,,,,,,,,,,,,,,,,,,,,,,,,,,,,,,,,,,,,,,,,,,,,,,,,,,,,,,,,,,,,,,,,,,,,,,,,,,,,,,,,,,,,,,,,,,,,,,"Dalton Rushing",31382,687221
"Tyler Tolbert","KCR","Tyler Tolbert","KCR",2026,28,40,52,58,18,15,1,0,2,19,4,2,0,13,1,1,2,2,9,1,0.346153846,16,14,9,2,193,65,128,5,3,0,0.034482758,0.224137931,0.153846153,0.375,0.48076923,0.85576923,0.134615384,0.421052631,1.142857142,0.23076923,0.41025641,0.358974358,0.142857142,0.142857142,0.3125,0,0.3722397152866636,2.6174308510852375,9.46647994242435,,,,,,,,7.350608805211007,138.18585326692042,,,,,,,,,,,,,,,,,,,,,,,,,,,,,,,,,,,,,,,,,,,,,,,,,,,,,,,,,,,,,,,,,,,,,,,,,,,,,,,,,,,,,,,,,,,,,,,,,,,,,,,,,,,,,,,,,,,,,,,,,,,,,,,,,,,,,,,,1.287757659330964,,"28 - 28",,,,0.4047619,0.38095238,0.21428571,0.19047619,0.42857143,0.38095238,0.29310345,,,,,,,,,,,,,,,,,,,,,,,,,,,,,,,,,,,,,,,,,,,,,,,,,,,,,,,,,,,,,,,,,,,,,,,,,,,,,,,,,,,,,,,,,,,,,,,,,,,,,,,,,,,,,,,,,,,,,,,,,,,,,"R",,,,,,,,,,,,,,,,,,,,,,,,,,,,,,,,,,,,,,,,,,,,,,,,,,,,,,,,,,,,,,,,,,,,,,,,,,,,,,,,,,,,,,,,,,,,,,,,,,,,,,,,,,,,,,,,,,,,,,,,,,"Tyler Tolbert",25779,686475
"Ryan O'Hearn","PIT","Ryan O'Hearn","PIT",2026,32,87,247,277,72,47,12,0,13,39,52,25,1,58,3,2,0,8,1,0,0.291497975,70,77,44,6,1088,420,668,5,0,0,0.090252707,0.209386281,0.431034482,0.36101083,0.497975708,0.858986538,0.206477733,0.331460674,0.909090909,0.230366492,0.366492146,0.403141361,0.077922077,0.168831168,0.071428571,0,0.3717624285946722,12.393853029481779,45.10396679329098,,,,,,,,2.5484592849624867,132.6258002280267,,,,,,,,,,,,,,,,,,,,,,,,,,,,,,,,,,,,,,,,,,,,,,,,,,,,,,,,,,,,,,,,,,,,,,,,,,,,,,,,,,,,,,,,,,,,,,,,,,,,,,,,,,,,,,,,,,,,,,,,,,,,,,,,,,,,,,,,-0.21663684956729412,,"32 - 32",,,,0.39790576,0.31937173,0.28272251,0.15706806,0.43979058,0.40314136,0.3465704,,,,,,,,,,,,,,,,,,,,,,,,,,,,,,,,,,,,,,,,,,,,,,,,,,,,,,,,,,,,,,,,,,,,,,,,,,,,,,,,,,,,,,,,,,,,,,,,,,,,,,,,,,,,,,,,,,,,,,,,,,,,,"L",,,,,,,,,,,,,,,,,,,,,,,,,,,,,,,,,,,,,,,,,,,,,,,,,,,,,,,,,,,,,,,,,,,,,,,,,,,,,,,,,,,,,,,,,,,,,,,,,,,,,,,,,,,,,,,,,,,,,,,,,,"Ryan O'Hearn",16442,656811
"Donovan Walton","- - -","Donovan Walton","- - -",2026,32,62,152,178,44,28,12,1,3,27,18,20,0,29,6,0,0,7,1,1,0.289473684,48,45,28,1,697,267,430,2,2,1,0.11235955,0.162921348,0.689655172,0.393258426,0.440789473,0.834047899,0.151315789,0.341666666,1.066666666,0.231404958,0.396694214,0.371900826,0.022222222,0.066666666,0.041666666,0.5,0.3717025505023056,7.955684314500918,28.975179801714052,,,,,,,,4.131101505156188,136.58590477565073,,,,,,,,,,,,,,,,,,,,,,,,,,,,,,,,,,,,,,,,,,,,,,,,,,,,,,,,,,,,,,,,,,,,,,,,,,,,,,,,,,,,,,,,,,,,,,,,,,,,,,,,,,,,,,,,,,,,,,,,,,,,,,,,,,,,,,,,-0.5149305630475283,,"32 - 32",,,,0.4796748,0.31707317,0.20325203,0.08130081,0.58536585,0.33333333,0.29213483,,,,,,,,,,,,,,,,,,,,,,,,,,,,,,,,,,,,,,,,,,,,,,,,,,,,,,,,,,,,,,,,,,,,,,,,,,,,,,,,,,,,,,,,,,,,,,,,,,,,,,,,,,,,,,,,,,,,,,,,,,,,,"L",,,,,,,,,,,,,,,,,,,,,,,,,,,,,,,,,,,,,,,,,,,,,,,,,,,,,,,,,,,,,,,,,,,,,,,,,,,,,,,,,,,,,,,,,,,,,,,,,,,,,,,,,,,,,,,,,,,,,,,,,,"Donovan Walton",19314,622268
"Dillon Dingler","DET","Dillon Dingler","DET",2026,27,117,330,367,87,47,16,2,22,49,59,22,0,75,13,0,0,10,0,0,0.263636363,90,118,47,13,1394,497,897,3,0,0,0.059945504,0.204359673,0.293333333,0.334246575,0.524242424,0.858488999,0.260606061,0.278969957,0.762711864,0.184313725,0.352941176,0.462745098,0.110169491,0.186440677,0.033333333,0,0.3704440466345173,16.03047959097975,59.368428151694474,,,,,,,,2.70751230875,138.54346936300328,,,,,,,,,,,,,,,,,,,,,,,,,,,,,,,,,,,,,,,,,,,,,,,,,,,,,,,,,,,,,,,,,,,,,,,,,,,,,,,,,,,,,,,,,,,,,,,,,,,,,,,,,,,,,,,,,,,,,,,,,,,,,,,,,,,,,,,,-0.46167867444455624,,"27 - 27",,,,0.44705882,0.3372549,0.21568627,0.17647059,0.43921569,0.38431373,0.32425068,,,,,,,,,,,,,,,,,,,,,,,,,,,,,,,,,,,,,,,,,,,,,,,,,,,,,,,,,,,,,,,,,,,,,,,,,,,,,,,,,,,,,,,,,,,,,,,,,,,,,,,,,,,,,,,,,,,,,,,,,,,,,"R",,,,,,,,,,,,,,,,,,,,,,,,,,,,,,,,,,,,,,,,,,,,,,,,,,,,,,,,,,,,,,,,,,,,,,,,,,,,,,,,,,,,,,,,,,,,,,,,,,,,,,,,,,,,,,,,,,,,,,,,,,"Dillon Dingler",27464,693307
"Ryan Jeffers","MIN","Ryan Jeffers","MIN",2026,29,70,164,187,43,23,10,0,10,25,31,20,0,35,2,1,0,1,1,0,0.262195121,53,57,20,6,768,285,483,7,0,0,0.106951871,0.187165775,0.571428571,0.347593582,0.50609756,0.853691142,0.243902439,0.275,0.929824561,0.153846153,0.407692307,0.438461538,0.105263157,0.175438596,0.132075471,0,0.3691885308785872,7.978750735674977,30.06102970257866,,,,,,,,2.7293647486179573,138.69010717708096,,,,,,,,,,,,,,,,,,,,,,,,,,,,,,,,,,,,,,,,,,,,,,,,,,,,,,,,,,,,,,,,,,,,,,,,,,,,,,,,,,,,,,,,,,,,,,,,,,,,,,,,,,,,,,,,,,,,,,,,,,,,,,,,,,,,,,,,-0.05336024519056082,,"29 - 29",,,,0.43076923,0.33076923,0.23846154,0.20769231,0.45384615,0.33846154,0.34759358,,,,,,,,,,,,,,,,,,,,,,,,,,,,,,,,,,,,,,,,,,,,,,,,,,,,,,,,,,,,,,,,,,,,,,,,,,,,,,,,,,,,,,,,,,,,,,,,,,,,,,,,,,,,,,,,,,,,,,,,,,,,,"R",,,,,,,,,,,,,,,,,,,,,,,,,,,,,,,,,,,,,,,,,,,,,,,,,,,,,,,,,,,,,,,,,,,,,,,,,,,,,,,,,,,,,,,,,,,,,,,,,,,,,,,,,,,,,,,,,,,,,,,,,,"Ryan Jeffers",24618,680777
"Tristan Peters","CHW","Tristan Peters","CHW",2026,26,126,325,361,96,56,26,3,11,49,47,27,0,64,5,2,2,0,7,0,0.295384615,91,103,57,8,1295,444,851,6,14,5,0.074792243,0.177285318,0.421875,0.356545961,0.495384615,0.851930576,0.2,0.337301587,0.883495145,0.227091633,0.3625498,0.410358565,0.077669902,0.106796116,0.065934065,0.357142857,0.36916119424745564,15.394869278906075,58.0242955198271,,,,,,,,5.9594237229855676,138.7614423124497,,,,,,,,,,,,,,,,,,,,,,,,,,,,,,,,,,,,,,,,,,,,,,,,,,,,,,,,,,,,,,,,,,,,,,,,,,,,,,,,,,,,,,,,,,,,,,,,,,,,,,,,,,,,,,,,,,,,,,,,,,,,,,,,,,,,,,,,0.904539979994297,,"26 - 26",,,,0.53962264,0.2490566,0.21132075,0.13207547,0.56981132,0.29811321,0.28254848,,,,,,,,,,,,,,,,,,,,,,,,,,,,,,,,,,,,,,,,,,,,,,,,,,,,,,,,,,,,,,,,,,,,,,,,,,,,,,,,,,,,,,,,,,,,,,,,,,,,,,,,,,,,,,,,,,,,,,,,,,,,,"L",,,,,,,,,,,,,,,,,,,,,,,,,,,,,,,,,,,,,,,,,,,,,,,,,,,,,,,,,,,,,,,,,,,,,,,,,,,,,,,,,,,,,,,,,,,,,,,,,,,,,,,,,,,,,,,,,,,,,,,,,,"Tristan Peters",30063,671976
"Matt Olson","ATL","Matt Olson","ATL",2026,32,118,309,352,78,37,18,0,23,55,50,40,5,88,1,2,0,2,2,0,0.252427184,78,107,38,12,1537,620,917,3,0,0,0.113636363,0.25,0.454545454,0.338068181,0.533980582,0.872048763,0.281553398,0.275,0.728971962,0.170403587,0.349775784,0.479820627,0.112149532,0.214953271,0.038461538,0,0.3689283884911441,14.944966959707815,56.51160972093829,,,,,,,,3.1344535977068535,133.98578538081856,,,,,,,,,,,,,,,,,,,,,,,,,,,,,,,,,,,,,,,,,,,,,,,,,,,,,,,,,,,,,,,,,,,,,,,,,,,,,,,,,,,,,,,,,,,,,,,,,,,,,,,,,,,,,,,,,,,,,,,,,,,,,,,,,,,,,,,,-0.011006618849933147,,"32 - 32",,,,0.42600897,0.32735426,0.24663677,0.16591928,0.42600897,0.40807175,0.42897727,,,,,,,,,,,,,,,,,,,,,,,,,,,,,,,,,,,,,,,,,,,,,,,,,,,,,,,,,,,,,,,,,,,,,,,,,,,,,,,,,,,,,,,,,,,,,,,,,,,,,,,,,,,,,,,,,,,,,,,,,,,,,"L",,,,,,,,,,,,,,,,,,,,,,,,,,,,,,,,,,,,,,,,,,,,,,,,,,,,,,,,,,,,,,,,,,,,,,,,,,,,,,,,,,,,,,,,,,,,,,,,,,,,,,,,,,,,,,,,,,,,,,,,,,"Matt Olson",14344,621566
"Tyler Soderstrom","ATH","Tyler Soderstrom","ATH",2026,24,98,263,308,69,31,26,2,10,45,33,42,4,50,2,1,0,6,1,1,0.262357414,95,78,41,11,1205,497,708,5,0,0,0.136363636,0.162337662,0.84,0.366883116,0.490494296,0.857377412,0.228136882,0.289215686,1.217948717,0.191588785,0.443925233,0.364485981,0.141025641,0.128205128,0.052631578,0,0.36879970466620043,13.044877890871371,49.41569030694803,,,,,,,,3.6525488323381614,130.27205436750504,,,,,,,,,,,,,,,,,,,,,,,,,,,,,,,,,,,,,,,,,,,,,,,,,,,,,,,,,,,,,,,,,,,,,,,,,,,,,,,,,,,,,,,,,,,,,,,,,,,,,,,,,,,,,,,,,,,,,,,,,,,,,,,,,,,,,,,,-0.6106444345787168,,"24 - 24",,,,0.39252336,0.39719626,0.21028037,0.14953271,0.50934579,0.3411215,0.33116883,,,,,,,,,,,,,,,,,,,,,,,,,,,,,,,,,,,,,,,,,,,,,,,,,,,,,,,,,,,,,,,,,,,,,,,,,,,,,,,,,,,,,,,,,,,,,,,,,,,,,,,,,,,,,,,,,,,,,,,,,,,,,"L",,,,,,,,,,,,,,,,,,,,,,,,,,,,,,,,,,,,,,,,,,,,,,,,,,,,,,,,,,,,,,,,,,,,,,,,,,,,,,,,,,,,,,,,,,,,,,,,,,,,,,,,,,,,,,,,,,,,,,,,,,"Tyler Soderstrom",27467,691016
"Kyle Schwarber","PHI","Kyle Schwarber","PHI",2026,33,118,314,378,71,33,10,0,28,53,52,57,6,133,2,4,0,0,1,0,0.226114649,51,94,40,16,1602,649,953,3,0,0,0.15079365,0.351851851,0.428571428,0.344827586,0.525477707,0.870305293,0.299363058,0.27388535,0.542553191,0.216216216,0.275675675,0.508108108,0.170212765,0.29787234,0.058823529,0,0.3679733878840012,15.75769171925266,60.394597866255836,,,,,,,,1.984941291611023,129.86071251265594,,,,,,,,,,,,,,,,,,,,,,,,,,,,,,,,,,,,,,,,,,,,,,,,,,,,,,,,,,,,,,,,,,,,,,,,,,,,,,,,,,,,,,,,,,,,,,,,,,,,,,,,,,,,,,,,,,,,,,,,,,,,,,,,,,,,,,,,-0.28419958241283894,,"33 - 33",,,,0.57837838,0.23783784,0.18378378,0.14054054,0.42702703,0.43243243,0.57671958,,,,,,,,,,,,,,,,,,,,,,,,,,,,,,,,,,,,,,,,,,,,,,,,,,,,,,,,,,,,,,,,,,,,,,,,,,,,,,,,,,,,,,,,,,,,,,,,,,,,,,,,,,,,,,,,,,,,,,,,,,,,,"L",,,,,,,,,,,,,,,,,,,,,,,,,,,,,,,,,,,,,,,,,,,,,,,,,,,,,,,,,,,,,,,,,,,,,,,,,,,,,,,,,,,,,,,,,,,,,,,,,,,,,,,,,,,,,,,,,,,,,,,,,,"Kyle Schwarber",16478,656941
"James McCann","ARI","James McCann","ARI",2026,36,34,80,85,25,17,4,0,4,11,18,2,0,24,1,0,2,2,0,0,0.3125,25,19,11,1,302,88,214,1,3,1,0.023529411,0.282352941,0.083333333,0.337349397,0.5125,0.849849397,0.2,0.403846153,1.315789473,0.2,0.454545454,0.345454545,0.052631578,0.210526315,0.04,0.333333333,0.36767004771404954,3.522599685916078,13.559999216326846,,,,,,,,1.4200310525,132.62945523041307,,,,,,,,,,,,,,,,,,,,,,,,,,,,,,,,,,,,,,,,,,,,,,,,,,,,,,,,,,,,,,,,,,,,,,,,,,,,,,,,,,,,,,,,,,,,,,,,,,,,,,,,,,,,,,,,,,,,,,,,,,,,,,,,,,,,,,,,-0.11260455474257469,,"36 - 36",,,,0.37931034,0.36206897,0.25862069,0.06896552,0.63793103,0.29310345,0.35294118,,,,,,,,,,,,,,,,,,,,,,,,,,,,,,,,,,,,,,,,,,,,,,,,,,,,,,,,,,,,,,,,,,,,,,,,,,,,,,,,,,,,,,,,,,,,,,,,,,,,,,,,,,,,,,,,,,,,,,,,,,,,,"R",,,,,,,,,,,,,,,,,,,,,,,,,,,,,,,,,,,,,,,,,,,,,,,,,,,,,,,,,,,,,,,,,,,,,,,,,,,,,,,,,,,,,,,,,,,,,,,,,,,,,,,,,,,,,,,,,,,,,,,,,,"James McCann",12859,543510
"Nathaniel Lowe","- - -","Nathaniel Lowe","- - -",2026,30,102,288,323,81,45,21,0,15,33,48,31,1,76,0,4,0,2,0,0,0.28125,83,82,51,6,1342,479,863,2,0,0,0.095975232,0.235294117,0.407894736,0.346749226,0.510416666,0.857165892,0.229166666,0.328358208,1.012195121,0.236111111,0.384259259,0.379629629,0.073170731,0.182926829,0.024096385,0,0.36736362043374815,13.317501833454436,51.45962004901535,,,,,,,,0.6776509525000001,132.11585686338938,,,,,,,,,,,,,,,,,,,,,,,,,,,,,,,,,,,,,,,,,,,,,,,,,,,,,,,,,,,,,,,,,,,,,,,,,,,,,,,,,,,,,,,,,,,,,,,,,,,,,,,,,,,,,,,,,,,,,,,,,,,,,,,,,,,,,,,,-0.4222670802846551,,"30 - 30",,,,0.38425926,0.38888889,0.22685185,0.11111111,0.50462963,0.38425926,0.37770898,,,,,,,,,,,,,,,,,,,,,,,,,,,,,,,,,,,,,,,,,,,,,,,,,,,,,,,,,,,,,,,,,,,,,,,,,,,,,,,,,,,,,,,,,,,,,,,,,,,,,,,,,,,,,,,,,,,,,,,,,,,,,"L",,,,,,,,,,,,,,,,,,,,,,,,,,,,,,,,,,,,,,,,,,,,,,,,,,,,,,,,,,,,,,,,,,,,,,,,,,,,,,,,,,,,,,,,,,,,,,,,,,,,,,,,,,,,,,,,,,,,,,,,,,"Nathaniel Lowe",19566,663993
"Max Muncy","LAD","Max Muncy","LAD",2026,35,120,315,366,80,43,17,0,20,54,53,48,4,88,2,1,0,5,2,0,0.253968253,86,99,43,8,1511,607,904,7,0,0,0.13114754,0.240437158,0.545454545,0.355191256,0.498412698,0.853603954,0.244444445,0.288461538,0.868686868,0.188596491,0.377192982,0.434210526,0.08080808,0.202020202,0.081395348,0,0.3672743233857234,15.051079790520953,58.27094129793672,,,,,,,,2.926282848613609,133.42738683589928,,,,,,,,,,,,,,,,,,,,,,,,,,,,,,,,,,,,,,,,,,,,,,,,,,,,,,,,,,,,,,,,,,,,,,,,,,,,,,,,,,,,,,,,,,,,,,,,,,,,,,,,,,,,,,,,,,,,,,,,,,,,,,,,,,,,,,,,-0.1010902626439929,,"35 - 35",,,,0.52192982,0.26315789,0.21491228,0.12719298,0.45614035,0.41666667,0.42622951,,,,,,,,,,,,,,,,,,,,,,,,,,,,,,,,,,,,,,,,,,,,,,,,,,,,,,,,,,,,,,,,,,,,,,,,,,,,,,,,,,,,,,,,,,,,,,,,,,,,,,,,,,,,,,,,,,,,,,,,,,,,,"L",,,,,,,,,,,,,,,,,,,,,,,,,,,,,,,,,,,,,,,,,,,,,,,,,,,,,,,,,,,,,,,,,,,,,,,,,,,,,,,,,,,,,,,,,,,,,,,,,,,,,,,,,,,,,,,,,,,,,,,,,,"Max Muncy",13301,571970
"Michael Harris II","ATL","Michael Harris II","ATL",2026,25,117,321,335,100,63,21,1,15,44,53,11,0,70,0,2,1,2,8,3,0.311526479,115,91,47,7,1217,385,832,7,1,0,0.03283582,0.208955223,0.157142857,0.332335329,0.523364485,0.855699814,0.211838006,0.357142857,1.263736263,0.18577075,0.454545454,0.359683794,0.076923076,0.164835164,0.060869565,0,0.3672126697565981,13.759602633038215,53.31876548818653,,,,,,,,4.6348139152488095,132.83474700921155,,,,,,,,,,,,,,,,,,,,,,,,,,,,,,,,,,,,,,,,,,,,,,,,,,,,,,,,,,,,,,,,,,,,,,,,,,,,,,,,,,,,,,,,,,,,,,,,,,,,,,,,,,,,,,,,,,,,,,,,,,,,,,,,,,,,,,,,-0.04933163337409496,,"25 - 25",,,,0.34645669,0.42125984,0.23228346,0.13385827,0.42913386,0.43700787,0.28656716,,,,,,,,,,,,,,,,,,,,,,,,,,,,,,,,,,,,,,,,,,,,,,,,,,,,,,,,,,,,,,,,,,,,,,,,,,,,,,,,,,,,,,,,,,,,,,,,,,,,,,,,,,,,,,,,,,,,,,,,,,,,,"L",,,,,,,,,,,,,,,,,,,,,,,,,,,,,,,,,,,,,,,,,,,,,,,,,,,,,,,,,,,,,,,,,,,,,,,,,,,,,,,,,,,,,,,,,,,,,,,,,,,,,,,,,,,,,,,,,,,,,,,,,,"Michael Harris II",25931,671739
"Zac Veen","COL","Zac Veen","COL",2026,24,16,28,32,7,4,1,0,2,4,7,3,0,13,1,0,0,0,1,0,0.25,6,7,2,0,114,39,75,0,0,0,0.09375,0.40625,0.23076923,0.34375,0.5,0.84375,0.25,0.384615384,0.857142857,0.133333333,0.4,0.466666666,0,0.285714285,0,0,0.36720789037644863,1.3142267449066196,5.093012450473026,,,,,,,,4.510674088248999,120.13440384804855,,,,,,,,,,,,,,,,,,,,,,,,,,,,,,,,,,,,,,,,,,,,,,,,,,,,,,,,,,,,,,,,,,,,,,,,,,,,,,,,,,,,,,,,,,,,,,,,,,,,,,,,,,,,,,,,,,,,,,,,,,,,,,,,,,,,,,,,0.15495818108320236,,"24 - 24",,,,0.6,0.33333333,0.06666667,0,0.66666667,0.33333333,0.5625,,,,,,,,,,,,,,,,,,,,,,,,,,,,,,,,,,,,,,,,,,,,,,,,,,,,,,,,,,,,,,,,,,,,,,,,,,,,,,,,,,,,,,,,,,,,,,,,,,,,,,,,,,,,,,,,,,,,,,,,,,,,,"L",,,,,,,,,,,,,,,,,,,,,,,,,,,,,,,,,,,,,,,,,,,,,,,,,,,,,,,,,,,,,,,,,,,,,,,,,,,,,,,,,,,,,,,,,,,,,,,,,,,,,,,,,,,,,,,,,,,,,,,,,,"Zac Veen",27770,691728
"Byron Buxton","MIN","Byron Buxton","MIN",2026,32,88,265,293,67,32,13,1,21,46,37,21,1,71,5,2,0,4,5,0,0.252830188,63,108,25,22,1071,374,697,10,0,0,0.071672354,0.242320819,0.295774647,0.317406143,0.547169811,0.864575954,0.294339623,0.262857142,0.583333333,0.12755102,0.321428571,0.551020408,0.203703703,0.194444444,0.158730158,0,0.367101814853002,12.008320251601127,46.607826868193534,,,,,,,,5.393878808813382,137.23789902975733,,,,,,,,,,,,,,,,,,,,,,,,,,,,,,,,,,,,,,,,,,,,,,,,,,,,,,,,,,,,,,,,,,,,,,,,,,,,,,,,,,,,,,,,,,,,,,,,,,,,,,,,,,,,,,,,,,,,,,,,,,,,,,,,,,,,,,,,0.6790770338848233,,"32 - 32",,,,0.51020408,0.29591837,0.19387755,0.23469388,0.41836735,0.34693878,0.38566553,,,,,,,,,,,,,,,,,,,,,,,,,,,,,,,,,,,,,,,,,,,,,,,,,,,,,,,,,,,,,,,,,,,,,,,,,,,,,,,,,,,,,,,,,,,,,,,,,,,,,,,,,,,,,,,,,,,,,,,,,,,,,"R",,,,,,,,,,,,,,,,,,,,,,,,,,,,,,,,,,,,,,,,,,,,,,,,,,,,,,,,,,,,,,,,,,,,,,,,,,,,,,,,,,,,,,,,,,,,,,,,,,,,,,,,,,,,,,,,,,,,,,,,,,"Byron Buxton",14161,621439
"Kyle Stowers","MIA","Kyle Stowers","MIA",2026,28,98,285,326,75,41,15,4,15,40,48,33,3,105,6,1,1,5,1,1,0.263157894,59,84,38,8,1232,459,773,2,1,0,0.101226993,0.322085889,0.314285714,0.35076923,0.501754385,0.852523615,0.238596491,0.361445783,0.702380952,0.209944751,0.32596685,0.464088397,0.095238095,0.178571428,0.033898305,0,0.36620851462672216,13.125906422418572,51.62228579787634,,,,,,,,4.408185880583083,131.15040427445788,,,,,,,,,,,,,,,,,,,,,,,,,,,,,,,,,,,,,,,,,,,,,,,,,,,,,,,,,,,,,,,,,,,,,,,,,,,,,,,,,,,,,,,,,,,,,,,,,,,,,,,,,,,,,,,,,,,,,,,,,,,,,,,,,,,,,,,,-0.6444258010014892,,"28 - 28",,,,0.47252747,0.34615385,0.18131868,0.12087912,0.41208791,0.46703297,0.46932515,,,,,,,,,,,,,,,,,,,,,,,,,,,,,,,,,,,,,,,,,,,,,,,,,,,,,,,,,,,,,,,,,,,,,,,,,,,,,,,,,,,,,,,,,,,,,,,,,,,,,,,,,,,,,,,,,,,,,,,,,,,,,"L",,,,,,,,,,,,,,,,,,,,,,,,,,,,,,,,,,,,,,,,,,,,,,,,,,,,,,,,,,,,,,,,,,,,,,,,,,,,,,,,,,,,,,,,,,,,,,,,,,,,,,,,,,,,,,,,,,,,,,,,,,"Kyle Stowers",26151,669065
"Gabriel Arias","- - -","Gabriel Arias","- - -",2026,26,39,90,96,27,19,3,0,5,11,12,6,0,35,0,0,0,1,3,0,0.3,32,12,11,2,364,121,243,3,0,0,0.0625,0.364583333,0.171428571,0.34375,0.5,0.84375,0.2,0.44,2.666666666,0.2,0.581818181,0.218181818,0.166666666,0.416666666,0.09375,0,0.36614822782576084,3.8606295310535357,15.196986647752755,,,,,,,,4.17476583163727,136.84714354294258,,,,,,,,,,,,,,,,,,,,,,,,,,,,,,,,,,,,,,,,,,,,,,,,,,,,,,,,,,,,,,,,,,,,,,,,,,,,,,,,,,,,,,,,,,,,,,,,,,,,,,,,,,,,,,,,,,,,,,,,,,,,,,,,,,,,,,,,0.45924431551247835,,"26 - 26",,,,0.32727273,0.4,0.27272727,0.23636364,0.32727273,0.43636364,0.47916667,,,,,,,,,,,,,,,,,,,,,,,,,,,,,,,,,,,,,,,,,,,,,,,,,,,,,,,,,,,,,,,,,,,,,,,,,,,,,,,,,,,,,,,,,,,,,,,,,,,,,,,,,,,,,,,,,,,,,,,,,,,,,"R",,,,,,,,,,,,,,,,,,,,,,,,,,,,,,,,,,,,,,,,,,,,,,,,,,,,,,,,,,,,,,,,,,,,,,,,,,,,,,,,,,,,,,,,,,,,,,,,,,,,,,,,,,,,,,,,,,,,,,,,,,"Gabriel Arias",22563,672356
"Troy Johnston","COL","Troy Johnston","COL",2026,29,108,269,308,84,56,25,1,2,32,33,30,0,54,6,3,0,4,2,4,0.312267657,85,64,66,0,1128,403,725,3,3,1,0.097402597,0.175324675,0.555555555,0.389610389,0.434944237,0.824554626,0.12267658,0.379629629,1.328125,0.306976744,0.395348837,0.297674418,0,0.03125,0.035294117,0.333333333,0.3650254854908237,12.107269848513207,48.478082264589865,,,,,,,,2.742447388460189,118.67027589096733,,,,,,,,,,,,,,,,,,,,,,,,,,,,,,,,,,,,,,,,,,,,,,,,,,,,,,,,,,,,,,,,,,,,,,,,,,,,,,,,,,,,,,,,,,,,,,,,,,,,,,,,,,,,,,,,,,,,,,,,,,,,,,,,,,,,,,,,-1.7615740187466145,,"29 - 29",,,,0.43577982,0.35779817,0.20642202,0.03211009,0.60091743,0.36697248,0.27922078,,,,,,,,,,,,,,,,,,,,,,,,,,,,,,,,,,,,,,,,,,,,,,,,,,,,,,,,,,,,,,,,,,,,,,,,,,,,,,,,,,,,,,,,,,,,,,,,,,,,,,,,,,,,,,,,,,,,,,,,,,,,,"L",,,,,,,,,,,,,,,,,,,,,,,,,,,,,,,,,,,,,,,,,,,,,,,,,,,,,,,,,,,,,,,,,,,,,,,,,,,,,,,,,,,,,,,,,,,,,,,,,,,,,,,,,,,,,,,,,,,,,,,,,,"Troy Johnston",26143,687859
"Jonathan Aranda","TBR","Jonathan Aranda","TBR",2026,28,125,363,418,106,73,18,0,15,48,67,44,3,88,6,5,0,11,0,0,0.292011019,97,114,69,4,1639,606,1033,5,0,0,0.105263157,0.210526315,0.5,0.373205741,0.465564738,0.838770479,0.173553719,0.343396226,0.850877192,0.246428571,0.346428571,0.407142857,0.035087719,0.131578947,0.051546391,0,0.3650246681937252,16.43101924484596,65.79140752380714,,,,,,,,1.045634915,134.91415448751198,,,,,,,,,,,,,,,,,,,,,,,,,,,,,,,,,,,,,,,,,,,,,,,,,,,,,,,,,,,,,,,,,,,,,,,,,,,,,,,,,,,,,,,,,,,,,,,,,,,,,,,,,,,,,,,,,,,,,,,,,,,,,,,,,,,,,,,,-0.6756273284554482,,"28 - 28",,,,0.325,0.4,0.275,0.10714286,0.48214286,0.41071429,0.35167464,,,,,,,,,,,,,,,,,,,,,,,,,,,,,,,,,,,,,,,,,,,,,,,,,,,,,,,,,,,,,,,,,,,,,,,,,,,,,,,,,,,,,,,,,,,,,,,,,,,,,,,,,,,,,,,,,,,,,,,,,,,,,"L",,,,,,,,,,,,,,,,,,,,,,,,,,,,,,,,,,,,,,,,,,,,,,,,,,,,,,,,,,,,,,,,,,,,,,,,,,,,,,,,,,,,,,,,,,,,,,,,,,,,,,,,,,,,,,,,,,,,,,,,,,"Jonathan Aranda",21837,666018
"Nick Madrigal","LAA","Nick Madrigal","LAA",2026,29,13,31,37,10,9,1,0,0,6,1,5,0,2,1,0,0,1,0,1,0.322580645,13,10,6,0,143,44,99,2,0,0,0.135135135,0.054054054,2.5,0.432432432,0.354838709,0.787271141,0.032258064,0.344827586,1.3,0.206896551,0.448275862,0.344827586,0,0,0.153846153,0,0.3647046797984355,1.4448708899434082,5.814091862004565,,,,,,,,2.8295044325380023,136.20696042636652,,,,,,,,,,,,,,,,,,,,,,,,,,,,,,,,,,,,,,,,,,,,,,,,,,,,,,,,,,,,,,,,,,,,,,,,,,,,,,,,,,,,,,,,,,,,,,,,,,,,,,,,,,,,,,,,,,,,,,,,,,,,,,,,,,,,,,,,-0.49535168427973986,,"29 - 29",,,,0.31034483,0.34482759,0.34482759,0.20689655,0.5862069,0.20689655,0.18918919,,,,,,,,,,,,,,,,,,,,,,,,,,,,,,,,,,,,,,,,,,,,,,,,,,,,,,,,,,,,,,,,,,,,,,,,,,,,,,,,,,,,,,,,,,,,,,,,,,,,,,,,,,,,,,,,,,,,,,,,,,,,,"R",,,,,,,,,,,,,,,,,,,,,,,,,,,,,,,,,,,,,,,,,,,,,,,,,,,,,,,,,,,,,,,,,,,,,,,,,,,,,,,,,,,,,,,,,,,,,,,,,,,,,,,,,,,,,,,,,,,,,,,,,,"Nick Madrigal",20521,663611
"Hunter Goodman","COL","Hunter Goodman","COL",2026,26,108,301,329,74,36,10,1,27,53,49,22,0,102,4,2,0,5,5,3,0.245847176,66,97,38,18,1201,396,805,7,0,0,0.0668693,0.310030395,0.215686274,0.303951367,0.554817275,0.858768642,0.308970099,0.270114942,0.680412371,0.189054726,0.328358208,0.482587064,0.18556701,0.278350515,0.106060606,0,0.3645818331321322,12.8150368647559,51.66567740011051,,,,,,,,4.863028341196573,118.37263917567962,,,,,,,,,,,,,,,,,,,,,,,,,,,,,,,,,,,,,,,,,,,,,,,,,,,,,,,,,,,,,,,,,,,,,,,,,,,,,,,,,,,,,,,,,,,,,,,,,,,,,,,,,,,,,,,,,,,,,,,,,,,,,,,,,,,,,,,,-0.5817689094692469,,"26 - 26",,,,0.51741294,0.28855721,0.19402985,0.15920398,0.42288557,0.41791045,0.45896657,,,,,,,,,,,,,,,,,,,,,,,,,,,,,,,,,,,,,,,,,,,,,,,,,,,,,,,,,,,,,,,,,,,,,,,,,,,,,,,,,,,,,,,,,,,,,,,,,,,,,,,,,,,,,,,,,,,,,,,,,,,,,"R",,,,,,,,,,,,,,,,,,,,,,,,,,,,,,,,,,,,,,,,,,,,,,,,,,,,,,,,,,,,,,,,,,,,,,,,,,,,,,,,,,,,,,,,,,,,,,,,,,,,,,,,,,,,,,,,,,,,,,,,,,"Hunter Goodman",29715,696100
"Jihwan Bae","MIL","Jihwan Bae","MIL",2026,26,2,1,2,0,0,0,0,0,0,0,0,0,1,1,0,0,0,1,0,0,0,0,0,0,9,3,6,0,0,0,0,0.5,0,0.5,0,0.5,0,0,0,0,0,0,0,0,0,0,0.3645420968532562,0.07783885927279303,0.31401296587069344,,,,,,,,2.5,132.21685963393458,,,,,,,,,,,,,,,,,,,,,,,,,,,,,,,,,,,,,,,,,,,,,,,,,,,,,,,,,,,,,,,,,,,,,,,,,,,,,,,,,,,,,,,,,,,,,,,,,,,,,,,,,,,,,,,,,,,,,,,,,,,,,,,,,,,,,,,,0.1943697752431035,,"26 - 26",,,,,,,,,,0.5,,,,,,,,,,,,,,,,,,,,,,,,,,,,,,,,,,,,,,,,,,,,,,,,,,,,,,,,,,,,,,,,,,,,,,,,,,,,,,,,,,,,,,,,,,,,,,,,,,,,,,,,,,,,,,,,,,,,,,,,,,,,,"L",,,,,,,,,,,,,,,,,,,,,,,,,,,,,,,,,,,,,,,,,,,,,,,,,,,,,,,,,,,,,,,,,,,,,,,,,,,,,,,,,,,,,,,,,,,,,,,,,,,,,,,,,,,,,,,,,,,,,,,,,,"Jihwan Bae",23818,678225
"Jeremy Peña","HOU","Jeremy Peña","HOU",2026,28,84,273,296,79,51,12,1,15,58,37,16,0,63,5,2,0,0,8,1,0.289377289,95,71,46,3,1095,361,734,8,0,0,0.054054054,0.212837837,0.253968253,0.337837837,0.505494505,0.843332342,0.216117216,0.324873096,1.338028169,0.216981132,0.448113207,0.33490566,0.042253521,0.211267605,0.084210526,0,0.3639930373913533,11.389065694465158,46.34283347095442,,,,,,,,6.365168181789628,135.64442610485338,,,,,,,,,,,,,,,,,,,,,,,,,,,,,,,,,,,,,,,,,,,,,,,,,,,,,,,,,,,,,,,,,,,,,,,,,,,,,,,,,,,,,,,,,,,,,,,,,,,,,,,,,,,,,,,,,,,,,,,,,,,,,,,,,,,,,,,,0.7837253585457802,,"28 - 28",,,,0.49056604,0.29245283,0.21698113,0.12264151,0.51886792,0.35849057,0.31756757,,,,,,,,,,,,,,,,,,,,,,,,,,,,,,,,,,,,,,,,,,,,,,,,,,,,,,,,,,,,,,,,,,,,,,,,,,,,,,,,,,,,,,,,,,,,,,,,,,,,,,,,,,,,,,,,,,,,,,,,,,,,,"R",,,,,,,,,,,,,,,,,,,,,,,,,,,,,,,,,,,,,,,,,,,,,,,,,,,,,,,,,,,,,,,,,,,,,,,,,,,,,,,,,,,,,,,,,,,,,,,,,,,,,,,,,,,,,,,,,,,,,,,,,,"Jeremy Pena",21636,665161
"Nick Gonzales","PIT","Nick Gonzales","PIT",2026,27,119,331,363,108,84,18,1,5,46,44,24,0,61,8,0,0,10,3,3,0.326283987,142,70,57,2,1314,455,859,21,1,0,0.066115702,0.168044077,0.393442622,0.385674931,0.432024169,0.8176991,0.105740182,0.388679245,2.028571428,0.21189591,0.52788104,0.260223048,0.028571428,0.071428571,0.147887323,0,0.3634860124798189,13.818546374517766,56.68414672203668,,,,,,,,3.0867330791898566,127.07333271935708,,,,,,,,,,,,,,,,,,,,,,,,,,,,,,,,,,,,,,,,,,,,,,,,,,,,,,,,,,,,,,,,,,,,,,,,,,,,,,,,,,,,,,,,,,,,,,,,,,,,,,,,,,,,,,,,,,,,,,,,,,,,,,,,,,,,,,,,-1.285801213234663,,"27 - 27",,,,0.42222222,0.34074074,0.23703704,0.17777778,0.47407407,0.34814815,0.24793388,,,,,,,,,,,,,,,,,,,,,,,,,,,,,,,,,,,,,,,,,,,,,,,,,,,,,,,,,,,,,,,,,,,,,,,,,,,,,,,,,,,,,,,,,,,,,,,,,,,,,,,,,,,,,,,,,,,,,,,,,,,,,"R",,,,,,,,,,,,,,,,,,,,,,,,,,,,,,,,,,,,,,,,,,,,,,,,,,,,,,,,,,,,,,,,,,,,,,,,,,,,,,,,,,,,,,,,,,,,,,,,,,,,,,,,,,,,,,,,,,,,,,,,,,"Nick Gonzales",27490,693304
"Mickey Moniak","COL","Mickey Moniak","COL",2026,28,96,268,292,72,36,15,3,18,38,46,18,0,69,1,5,0,4,1,0,0.268656716,65,102,37,14,1032,324,708,1,0,0,0.061643835,0.236301369,0.260869565,0.311643835,0.548507462,0.860151297,0.279850746,0.29032258,0.637254901,0.181372549,0.31862745,0.5,0.137254901,0.176470588,0.015384615,0,0.36302906131907686,11.008124515098732,45.489544078392186,,,,,,,,4.38834638576863,117.3309183486063,,,,,,,,,,,,,,,,,,,,,,,,,,,,,,,,,,,,,,,,,,,,,,,,,,,,,,,,,,,,,,,,,,,,,,,,,,,,,,,,,,,,,,,,,,,,,,,,,,,,,,,,,,,,,,,,,,,,,,,,,,,,,,,,,,,,,,,,-0.10966252256184816,,"28 - 28",,,,0.5245098,0.31372549,0.16176471,0.10784314,0.49509804,0.39705882,0.35958904,,,,,,,,,,,,,,,,,,,,,,,,,,,,,,,,,,,,,,,,,,,,,,,,,,,,,,,,,,,,,,,,,,,,,,,,,,,,,,,,,,,,,,,,,,,,,,,,,,,,,,,,,,,,,,,,,,,,,,,,,,,,,"L",,,,,,,,,,,,,,,,,,,,,,,,,,,,,,,,,,,,,,,,,,,,,,,,,,,,,,,,,,,,,,,,,,,,,,,,,,,,,,,,,,,,,,,,,,,,,,,,,,,,,,,,,,,,,,,,,,,,,,,,,,"Mickey Moniak",19956,666160
"Oneil Cruz","PIT","Oneil Cruz","PIT",2026,27,70,193,226,47,27,7,0,13,36,37,31,2,72,2,0,0,2,19,3,0.243523316,59,45,17,3,938,374,564,3,0,0,0.137168141,0.31858407,0.430555555,0.3539823,0.481865284,0.835847584,0.238341968,0.314814814,1.311111111,0.140495867,0.487603305,0.371900826,0.066666666,0.288888888,0.050847457,0,0.36273021809756756,8.465512020527651,35.1531860660904,,,,,,,,5.871490279470258,126.56628671146557,,,,,,,,,,,,,,,,,,,,,,,,,,,,,,,,,,,,,,,,,,,,,,,,,,,,,,,,,,,,,,,,,,,,,,,,,,,,,,,,,,,,,,,,,,,,,,,,,,,,,,,,,,,,,,,,,,,,,,,,,,,,,,,,,,,,,,,,2.2407520432025194,,"27 - 27",,,,0.41322314,0.38842975,0.19834711,0.11570248,0.43801653,0.44628099,0.51327434,,,,,,,,,,,,,,,,,,,,,,,,,,,,,,,,,,,,,,,,,,,,,,,,,,,,,,,,,,,,,,,,,,,,,,,,,,,,,,,,,,,,,,,,,,,,,,,,,,,,,,,,,,,,,,,,,,,,,,,,,,,,,"L",,,,,,,,,,,,,,,,,,,,,,,,,,,,,,,,,,,,,,,,,,,,,,,,,,,,,,,,,,,,,,,,,,,,,,,,,,,,,,,,,,,,,,,,,,,,,,,,,,,,,,,,,,,,,,,,,,,,,,,,,,"Oneil Cruz",21711,665833
"Yandy Díaz","TBR","Yandy Díaz","TBR",2026,34,124,378,424,115,85,16,1,13,54,51,35,2,65,8,3,0,10,3,0,0.304232804,167,87,62,12,1593,566,1027,12,0,0,0.082547169,0.153301886,0.538461538,0.372641509,0.455026455,0.827667964,0.150793651,0.336633663,1.919540229,0.196202531,0.528481012,0.275316455,0.137931034,0.149425287,0.071856287,0,0.3625836574353313,15.832077730628153,65.90098832938304,,,,,,,,3.5316069000163135,133.21538202993716,,,,,,,,,,,,,,,,,,,,,,,,,,,,,,,,,,,,,,,,,,,,,,,,,,,,,,,,,,,,,,,,,,,,,,,,,,,,,,,,,,,,,,,,,,,,,,,,,,,,,,,,,,,,,,,,,,,,,,,,,,,,,,,,,,,,,,,,-0.10940868593752384,,"34 - 34",,,,0.23101266,0.47151899,0.29746835,0.19303797,0.41455696,0.39240506,0.26650943,,,,,,,,,,,,,,,,,,,,,,,,,,,,,,,,,,,,,,,,,,,,,,,,,,,,,,,,,,,,,,,,,,,,,,,,,,,,,,,,,,,,,,,,,,,,,,,,,,,,,,,,,,,,,,,,,,,,,,,,,,,,,"R",,,,,,,,,,,,,,,,,,,,,,,,,,,,,,,,,,,,,,,,,,,,,,,,,,,,,,,,,,,,,,,,,,,,,,,,,,,,,,,,,,,,,,,,,,,,,,,,,,,,,,,,,,,,,,,,,,,,,,,,,,"Yandy Diaz",16578,650490
"Randy Arozarena","SEA","Randy Arozarena","SEA",2026,31,122,351,412,93,59,19,1,14,66,49,43,0,93,17,1,0,8,15,8,0.264957264,129,80,50,5,1697,630,1067,7,0,0,0.104368932,0.225728155,0.462365591,0.371359223,0.444444444,0.815803667,0.17948718,0.322448979,1.6125,0.193050193,0.498069498,0.308880308,0.0625,0.175,0.054263565,0,0.3622447333289582,15.271372890412056,63.92323884957953,,,,,,,,5.552465824836236,140.56051464637224,,,,,,,,,,,,,,,,,,,,,,,,,,,,,,,,,,,,,,,,,,,,,,,,,,,,,,,,,,,,,,,,,,,,,,,,,,,,,,,,,,,,,,,,,,,,,,,,,,,,,,,,,,,,,,,,,,,,,,,,,,,,,,,,,,,,,,,,-0.9571832017973065,,"31 - 31",,,,0.37451737,0.34749035,0.27799228,0.09266409,0.52895753,0.37837838,0.36407767,,,,,,,,,,,,,,,,,,,,,,,,,,,,,,,,,,,,,,,,,,,,,,,,,,,,,,,,,,,,,,,,,,,,,,,,,,,,,,,,,,,,,,,,,,,,,,,,,,,,,,,,,,,,,,,,,,,,,,,,,,,,,"R",,,,,,,,,,,,,,,,,,,,,,,,,,,,,,,,,,,,,,,,,,,,,,,,,,,,,,,,,,,,,,,,,,,,,,,,,,,,,,,,,,,,,,,,,,,,,,,,,,,,,,,,,,,,,,,,,,,,,,,,,,"Randy Arozarena",19290,668227
"Samad Taylor","SDP","Samad Taylor","SDP",2026,27,25,64,78,20,18,1,0,1,9,10,11,0,22,0,0,3,1,6,1,0.3125,19,5,16,1,314,121,193,1,5,0,0.141025641,0.282051282,0.5,0.413333333,0.375,0.788333333,0.0625,0.463414634,3.8,0.4,0.475,0.125,0.2,0.2,0.052631578,0,0.3602385505040487,2.764967935099647,11.975758092417761,,,,,,,,4.835513574703643,132.20182408831488,,,,,,,,,,,,,,,,,,,,,,,,,,,,,,,,,,,,,,,,,,,,,,,,,,,,,,,,,,,,,,,,,,,,,,,,,,,,,,,,,,,,,,,,,,,,,,,,,,,,,,,,,,,,,,,,,,,,,,,,,,,,,,,,,,,,,,,,0.6258251452818513,,"27 - 27",,,,0.33333333,0.51111111,0.15555556,0.22222222,0.51111111,0.26666667,0.43589744,,,,,,,,,,,,,,,,,,,,,,,,,,,,,,,,,,,,,,,,,,,,,,,,,,,,,,,,,,,,,,,,,,,,,,,,,,,,,,,,,,,,,,,,,,,,,,,,,,,,,,,,,,,,,,,,,,,,,,,,,,,,,"R",,,,,,,,,,,,,,,,,,,,,,,,,,,,,,,,,,,,,,,,,,,,,,,,,,,,,,,,,,,,,,,,,,,,,,,,,,,,,,,,,,,,,,,,,,,,,,,,,,,,,,,,,,,,,,,,,,,,,,,,,,"Samad Taylor",22274,669392
"Ian Happ","CHC","Ian Happ","CHC",2026,31,129,359,424,87,46,20,2,19,63,51,60,3,123,4,1,0,8,3,1,0.242339832,96,100,41,9,1860,759,1101,13,0,0,0.141509433,0.290094339,0.487804878,0.356132075,0.467966573,0.824098648,0.225626741,0.311926605,0.96,0.17299578,0.405063291,0.421940928,0.09,0.19,0.135416666,0,0.35887387387826153,14.563380712505335,64.63229131126022,,,,,,,,4.328614010011721,129.33841154813544,,,,,,,,,,,,,,,,,,,,,,,,,,,,,,,,,,,,,,,,,,,,,,,,,,,,,,,,,,,,,,,,,,,,,,,,,,,,,,,,,,,,,,,,,,,,,,,,,,,,,,,,,,,,,,,,,,,,,,,,,,,,,,,,,,,,,,,,-0.4133326271548867,,"31 - 31",,,,0.5021097,0.33755274,0.16033755,0.14345992,0.48101266,0.37552743,0.47641509,,,,,,,,,,,,,,,,,,,,,,,,,,,,,,,,,,,,,,,,,,,,,,,,,,,,,,,,,,,,,,,,,,,,,,,,,,,,,,,,,,,,,,,,,,,,,,,,,,,,,,,,,,,,,,,,,,,,,,,,,,,,,"B",,,,,,,,,,,,,,,,,,,,,,,,,,,,,,,,,,,,,,,,,,,,,,,,,,,,,,,,,,,,,,,,,,,,,,,,,,,,,,,,,,,,,,,,,,,,,,,,,,,,,,,,,,,,,,,,,,,,,,,,,,"Ian Happ",17919,664023
"Isiah Kiner-Falefa","BOS","Isiah Kiner-Falefa","BOS",2026,31,36,82,91,27,22,4,0,1,14,10,8,0,10,0,0,1,2,7,2,0.329268292,35,22,14,4,305,108,197,1,2,0,0.087912087,0.109890109,0.8,0.388888888,0.414634146,0.803523034,0.085365854,0.366197183,1.59090909,0.197183098,0.492957746,0.309859154,0.181818181,0.045454545,0.028571428,0,0.3585697478718228,3.1033089634471147,13.849230813651584,,,,,,,,5.425512502847256,128.3730082009861,,,,,,,,,,,,,,,,,,,,,,,,,,,,,,,,,,,,,,,,,,,,,,,,,,,,,,,,,,,,,,,,,,,,,,,,,,,,,,,,,,,,,,,,,,,,,,,,,,,,,,,,,,,,,,,,,,,,,,,,,,,,,,,,,,,,,,,,0.40929665230214596,,"31 - 31",,,,0.4109589,0.34246575,0.24657534,0.28767123,0.46575342,0.24657534,0.20879121,,,,,,,,,,,,,,,,,,,,,,,,,,,,,,,,,,,,,,,,,,,,,,,,,,,,,,,,,,,,,,,,,,,,,,,,,,,,,,,,,,,,,,,,,,,,,,,,,,,,,,,,,,,,,,,,,,,,,,,,,,,,,"R",,,,,,,,,,,,,,,,,,,,,,,,,,,,,,,,,,,,,,,,,,,,,,,,,,,,,,,,,,,,,,,,,,,,,,,,,,,,,,,,,,,,,,,,,,,,,,,,,,,,,,,,,,,,,,,,,,,,,,,,,,"Isiah Kiner-Falefa",16512,643396
"Wade Meckler","LAA","Wade Meckler","LAA",2026,26,68,187,212,58,45,10,0,3,28,22,23,0,44,1,0,1,1,6,0,0.310160427,71,34,35,0,766,301,465,5,4,2,0.108490566,0.207547169,0.522727272,0.388625592,0.411764705,0.800390297,0.101604278,0.392857142,2.088235294,0.25,0.507142857,0.242857142,0,0.088235294,0.070422535,0.5,0.358412123404408,7.202734072107949,32.23718937148539,,,,,,,,4.605088507273742,131.82778206627452,,,,,,,,,,,,,,,,,,,,,,,,,,,,,,,,,,,,,,,,,,,,,,,,,,,,,,,,,,,,,,,,,,,,,,,,,,,,,,,,,,,,,,,,,,,,,,,,,,,,,,,,,,,,,,,,,,,,,,,,,,,,,,,,,,,,,,,,0.8115143040195107,,"26 - 26",,,,0.35416667,0.45833333,0.1875,0.07638889,0.59027778,0.33333333,0.33018868,,,,,,,,,,,,,,,,,,,,,,,,,,,,,,,,,,,,,,,,,,,,,,,,,,,,,,,,,,,,,,,,,,,,,,,,,,,,,,,,,,,,,,,,,,,,,,,,,,,,,,,,,,,,,,,,,,,,,,,,,,,,,"L",,,,,,,,,,,,,,,,,,,,,,,,,,,,,,,,,,,,,,,,,,,,,,,,,,,,,,,,,,,,,,,,,,,,,,,,,,,,,,,,,,,,,,,,,,,,,,,,,,,,,,,,,,,,,,,,,,,,,,,,,,"Wade Meckler",31490,685133
"Will Smith","LAD","Will Smith","LAD",2026,31,49,129,150,36,25,5,0,6,20,21,16,0,20,2,3,0,5,0,0,0.279069767,32,55,25,3,623,244,379,4,0,0,0.106666666,0.133333333,0.8,0.36,0.457364341,0.817364341,0.178294574,0.283018867,0.581818181,0.223214285,0.285714285,0.491071428,0.054545454,0.109090909,0.125,0,0.35671522895495095,4.890973810115135,22.604031804957664,,,,,,,,1.4200310525,126.34352010732582,,,,,,,,,,,,,,,,,,,,,,,,,,,,,,,,,,,,,,,,,,,,,,,,,,,,,,,,,,,,,,,,,,,,,,,,,,,,,,,,,,,,,,,,,,,,,,,,,,,,,,,,,,,,,,,,,,,,,,,,,,,,,,,,,,,,,,,,-0.2420997926965356,,"31 - 31",,,,0.3125,0.38392857,0.30357143,0.08928571,0.57142857,0.33928571,0.28,,,,,,,,,,,,,,,,,,,,,,,,,,,,,,,,,,,,,,,,,,,,,,,,,,,,,,,,,,,,,,,,,,,,,,,,,,,,,,,,,,,,,,,,,,,,,,,,,,,,,,,,,,,,,,,,,,,,,,,,,,,,,"R",,,,,,,,,,,,,,,,,,,,,,,,,,,,,,,,,,,,,,,,,,,,,,,,,,,,,,,,,,,,,,,,,,,,,,,,,,,,,,,,,,,,,,,,,,,,,,,,,,,,,,,,,,,,,,,,,,,,,,,,,,"Will Smith",19197,669257
"Curtis Mead","- - -","Curtis Mead","- - -",2026,25,79,162,188,38,19,9,0,10,26,27,23,0,36,3,0,0,5,0,1,0.234567901,52,52,22,4,805,297,508,3,0,0,0.122340425,0.191489361,0.638888888,0.340425531,0.475308641,0.815734172,0.24074074,0.24137931,1,0.174603174,0.412698412,0.412698412,0.076923076,0.192307692,0.057692307,0,0.35658703078614906,6.110581095011275,28.31094711521391,,,,,,,,1.886867695853339,123.86173783933444,,,,,,,,,,,,,,,,,,,,,,,,,,,,,,,,,,,,,,,,,,,,,,,,,,,,,,,,,,,,,,,,,,,,,,,,,,,,,,,,,,,,,,,,,,,,,,,,,,,,,,,,,,,,,,,,,,,,,,,,,,,,,,,,,,,,,,,,-0.6642585163936019,,"25 - 25",,,,0.49206349,0.33333333,0.17460317,0.13492063,0.5,0.36507937,0.36702128,,,,,,,,,,,,,,,,,,,,,,,,,,,,,,,,,,,,,,,,,,,,,,,,,,,,,,,,,,,,,,,,,,,,,,,,,,,,,,,,,,,,,,,,,,,,,,,,,,,,,,,,,,,,,,,,,,,,,,,,,,,,,"R",,,,,,,,,,,,,,,,,,,,,,,,,,,,,,,,,,,,,,,,,,,,,,,,,,,,,,,,,,,,,,,,,,,,,,,,,,,,,,,,,,,,,,,,,,,,,,,,,,,,,,,,,,,,,,,,,,,,,,,,,,"Curtis Mead",23986,678554
"Bobby Witt Jr.","KCR","Bobby Witt Jr.","KCR",2026,26,111,338,381,97,66,19,0,12,54,36,39,1,72,2,2,0,3,22,6,0.286982248,92,118,58,16,1420,510,910,11,0,0,0.102362204,0.188976377,0.541666666,0.362204724,0.449704142,0.811908866,0.162721894,0.33203125,0.779661016,0.21641791,0.343283582,0.440298507,0.13559322,0.101694915,0.119565217,0,0.3561813994457847,12.259025438642283,57.2501927455423,,,,,,,,5.02013990794464,127.01039057315015,,,,,,,,,,,,,,,,,,,,,,,,,,,,,,,,,,,,,,,,,,,,,,,,,,,,,,,,,,,,,,,,,,,,,,,,,,,,,,,,,,,,,,,,,,,,,,,,,,,,,,,,,,,,,,,,,,,,,,,,,,,,,,,,,,,,,,,,1.3378063160926104,,"26 - 26",,,,0.34328358,0.36940299,0.28731343,0.18283582,0.41044776,0.40671642,0.32283465,,,,,,,,,,,,,,,,,,,,,,,,,,,,,,,,,,,,,,,,,,,,,,,,,,,,,,,,,,,,,,,,,,,,,,,,,,,,,,,,,,,,,,,,,,,,,,,,,,,,,,,,,,,,,,,,,,,,,,,,,,,,,"R",,,,,,,,,,,,,,,,,,,,,,,,,,,,,,,,,,,,,,,,,,,,,,,,,,,,,,,,,,,,,,,,,,,,,,,,,,,,,,,,,,,,,,,,,,,,,,,,,,,,,,,,,,,,,,,,,,,,,,,,,,"Bobby Witt Jr.",25764,677951
"Joc Pederson","TEX","Joc Pederson","TEX",2026,34,126,321,371,78,45,10,0,23,50,46,44,2,82,3,3,0,8,2,0,0.242990654,95,102,44,10,1471,540,931,4,1,0,0.118598382,0.221024258,0.536585365,0.336927223,0.489096573,0.826023796,0.246105919,0.251141552,0.931372549,0.182572614,0.394190871,0.423236514,0.098039215,0.225490196,0.042105263,0,0.3560633830584808,11.901951199667058,55.71224797357759,,,,,,,,2.660750878679065,131.53277616507395,,,,,,,,,,,,,,,,,,,,,,,,,,,,,,,,,,,,,,,,,,,,,,,,,,,,,,,,,,,,,,,,,,,,,,,,,,,,,,,,,,,,,,,,,,,,,,,,,,,,,,,,,,,,,,,,,,,,,,,,,,,,,,,,,,,,,,,,-0.10672049038112164,,"34 - 34",,,,0.42975207,0.33884298,0.23140496,0.11157025,0.44214876,0.44628099,0.40161725,,,,,,,,,,,,,,,,,,,,,,,,,,,,,,,,,,,,,,,,,,,,,,,,,,,,,,,,,,,,,,,,,,,,,,,,,,,,,,,,,,,,,,,,,,,,,,,,,,,,,,,,,,,,,,,,,,,,,,,,,,,,,"L",,,,,,,,,,,,,,,,,,,,,,,,,,,,,,,,,,,,,,,,,,,,,,,,,,,,,,,,,,,,,,,,,,,,,,,,,,,,,,,,,,,,,,,,,,,,,,,,,,,,,,,,,,,,,,,,,,,,,,,,,,"Joc Pederson",11899,592626
"Seiya Suzuki","CHC","Seiya Suzuki","CHC",2026,31,116,342,389,90,53,21,0,16,59,58,43,1,106,3,1,0,7,1,0,0.263157894,86,108,43,12,1699,676,1023,9,0,0,0.110539845,0.272493573,0.405660377,0.349614395,0.46491228,0.814526675,0.201754386,0.334841628,0.796296296,0.181434599,0.362869198,0.455696202,0.111111111,0.148148148,0.104651162,0,0.3557461699874131,12.379876612129449,58.31574034542108,,,,,,,,2.695258035014572,127.24010305449791,,,,,,,,,,,,,,,,,,,,,,,,,,,,,,,,,,,,,,,,,,,,,,,,,,,,,,,,,,,,,,,,,,,,,,,,,,,,,,,,,,,,,,,,,,,,,,,,,,,,,,,,,,,,,,,,,,,,,,,,,,,,,,,,,,,,,,,,-0.35176231525838375,,"31 - 31",,,,0.43459916,0.35021097,0.21518987,0.13080169,0.51898734,0.35021097,0.42416452,,,,,,,,,,,,,,,,,,,,,,,,,,,,,,,,,,,,,,,,,,,,,,,,,,,,,,,,,,,,,,,,,,,,,,,,,,,,,,,,,,,,,,,,,,,,,,,,,,,,,,,,,,,,,,,,,,,,,,,,,,,,,"R",,,,,,,,,,,,,,,,,,,,,,,,,,,,,,,,,,,,,,,,,,,,,,,,,,,,,,,,,,,,,,,,,,,,,,,,,,,,,,,,,,,,,,,,,,,,,,,,,,,,,,,,,,,,,,,,,,,,,,,,,,"Seiya Suzuki",30116,673548
"Sam Antonacci","CHW","Sam Antonacci","CHW",2026,23,111,319,371,88,60,17,3,8,59,34,33,0,54,16,1,2,2,14,6,0.275862068,127,80,59,3,1465,581,884,5,2,0,0.088948787,0.14555256,0.611111111,0.371273712,0.423197492,0.794471204,0.147335424,0.310077519,1.5875,0.221804511,0.477443609,0.300751879,0.0375,0.1,0.039370078,0,0.35442396974175927,11.411375695705985,55.22167246961651,,,,,,,,6.610553073292176,128.50536662524286,,,,,,,,,,,,,,,,,,,,,,,,,,,,,,,,,,,,,,,,,,,,,,,,,,,,,,,,,,,,,,,,,,,,,,,,,,,,,,,,,,,,,,,,,,,,,,,,,,,,,,,,,,,,,,,,,,,,,,,,,,,,,,,,,,,,,,,,-0.27908439096063375,,"23 - 23",,,,0.3619403,0.3880597,0.25,0.09328358,0.55597015,0.35074627,0.25606469,,,,,,,,,,,,,,,,,,,,,,,,,,,,,,,,,,,,,,,,,,,,,,,,,,,,,,,,,,,,,,,,,,,,,,,,,,,,,,,,,,,,,,,,,,,,,,,,,,,,,,,,,,,,,,,,,,,,,,,,,,,,,"L",,,,,,,,,,,,,,,,,,,,,,,,,,,,,,,,,,,,,,,,,,,,,,,,,,,,,,,,,,,,,,,,,,,,,,,,,,,,,,,,,,,,,,,,,,,,,,,,,,,,,,,,,,,,,,,,,,,,,,,,,,"Sam Antonacci",35101,803011
"Jared Young","NYM","Jared Young","NYM",2026,30,83,215,237,60,36,14,2,8,29,31,16,0,42,4,2,0,3,3,1,0.279069767,78,68,27,5,926,351,575,7,2,1,0.067510548,0.177215189,0.38095238,0.337552742,0.474418604,0.811971346,0.195348837,0.311377245,1.147058823,0.156069364,0.450867052,0.393063583,0.073529411,0.117647058,0.089743589,0.5,0.35196673417393165,6.820027195335371,34.80665882718657,,,,,,,,4.888809500804006,124.35127602728453,,,,,,,,,,,,,,,,,,,,,,,,,,,,,,,,,,,,,,,,,,,,,,,,,,,,,,,,,,,,,,,,,,,,,,,,,,,,,,,,,,,,,,,,,,,,,,,,,,,,,,,,,,,,,,,,,,,,,,,,,,,,,,,,,,,,,,,,-0.12619101256132126,,"30 - 30",,,,0.43428571,0.37714286,0.18857143,0.13142857,0.53714286,0.33142857,0.27848101,,,,,,,,,,,,,,,,,,,,,,,,,,,,,,,,,,,,,,,,,,,,,,,,,,,,,,,,,,,,,,,,,,,,,,,,,,,,,,,,,,,,,,,,,,,,,,,,,,,,,,,,,,,,,,,,,,,,,,,,,,,,,"L",,,,,,,,,,,,,,,,,,,,,,,,,,,,,,,,,,,,,,,,,,,,,,,,,,,,,,,,,,,,,,,,,,,,,,,,,,,,,,,,,,,,,,,,,,,,,,,,,,,,,,,,,,,,,,,,,,,,,,,,,,"Jared Young",20404,676724
"Jordan Walker","STL","Jordan Walker","STL",2026,24,130,386,417,110,70,22,0,18,58,75,24,0,108,4,3,0,6,13,3,0.284974093,120,111,50,11,1454,464,990,15,0,0,0.057553956,0.258992805,0.222222222,0.330935251,0.481865284,0.812800535,0.196891191,0.349809885,1.081081081,0.177935943,0.427046263,0.395017793,0.099099099,0.162162162,0.125,0,0.3517834062484814,11.938134025389422,61.180435251051655,,,,,,,,4.618536675460051,124.00627946448526,,,,,,,,,,,,,,,,,,,,,,,,,,,,,,,,,,,,,,,,,,,,,,,,,,,,,,,,,,,,,,,,,,,,,,,,,,,,,,,,,,,,,,,,,,,,,,,,,,,,,,,,,,,,,,,,,,,,,,,,,,,,,,,,,,,,,,,,0.8155429158359766,,"24 - 24",,,,0.43060498,0.34875445,0.22064057,0.15302491,0.45551601,0.39145907,0.35971223,,,,,,,,,,,,,,,,,,,,,,,,,,,,,,,,,,,,,,,,,,,,,,,,,,,,,,,,,,,,,,,,,,,,,,,,,,,,,,,,,,,,,,,,,,,,,,,,,,,,,,,,,,,,,,,,,,,,,,,,,,,,,"R",,,,,,,,,,,,,,,,,,,,,,,,,,,,,,,,,,,,,,,,,,,,,,,,,,,,,,,,,,,,,,,,,,,,,,,,,,,,,,,,,,,,,,,,,,,,,,,,,,,,,,,,,,,,,,,,,,,,,,,,,,"Jordan Walker",27475,691023
"Mike Trout","LAA","Mike Trout","LAA",2026,34,114,310,380,72,41,16,0,15,53,36,62,7,99,7,1,0,4,8,0,0.232258064,73,98,41,8,1650,689,961,7,0,0,0.163157894,0.260526315,0.626262626,0.371052631,0.429032258,0.800084889,0.196774194,0.289340101,0.744897959,0.193396226,0.344339622,0.46226415,0.081632653,0.153061224,0.09589041,0,0.3511389711267507,10.681357308779008,55.55443756238009,,,,,,,,4.347364434774705,126.7661776769676,,,,,,,,,,,,,,,,,,,,,,,,,,,,,,,,,,,,,,,,,,,,,,,,,,,,,,,,,,,,,,,,,,,,,,,,,,,,,,,,,,,,,,,,,,,,,,,,,,,,,,,,,,,,,,,,,,,,,,,,,,,,,,,,,,,,,,,,1.0200865669175982,,"34 - 34",,,,0.40566038,0.3254717,0.26886792,0.1509434,0.44811321,0.4009434,0.46315789,,,,,,,,,,,,,,,,,,,,,,,,,,,,,,,,,,,,,,,,,,,,,,,,,,,,,,,,,,,,,,,,,,,,,,,,,,,,,,,,,,,,,,,,,,,,,,,,,,,,,,,,,,,,,,,,,,,,,,,,,,,,,"R",,,,,,,,,,,,,,,,,,,,,,,,,,,,,,,,,,,,,,,,,,,,,,,,,,,,,,,,,,,,,,,,,,,,,,,,,,,,,,,,,,,,,,,,,,,,,,,,,,,,,,,,,,,,,,,,,,,,,,,,,,"Mike Trout",10155,545361
"Anthony Seigler","BOS","Anthony Seigler","BOS",2026,27,45,112,129,31,18,10,1,2,16,9,14,0,22,1,1,1,2,2,0,0.276785714,40,29,22,2,489,184,305,0,1,0,0.108527131,0.170542635,0.636363636,0.359375,0.4375,0.796875,0.160714286,0.325842696,1.379310344,0.241758241,0.439560439,0.318681318,0.068965517,0.068965517,0,0,0.35039111180230975,3.5482265469888983,18.78145642255347,,,,,,,,5.575922031364632,122.68125053558421,,,,,,,,,,,,,,,,,,,,,,,,,,,,,,,,,,,,,,,,,,,,,,,,,,,,,,,,,,,,,,,,,,,,,,,,,,,,,,,,,,,,,,,,,,,,,,,,,,,,,,,,,,,,,,,,,,,,,,,,,,,,,,,,,,,,,,,,0.21420249063521624,,"27 - 27",,,,0.34782609,0.2826087,0.36956522,0.13043478,0.58695652,0.2826087,0.29457364,,,,,,,,,,,,,,,,,,,,,,,,,,,,,,,,,,,,,,,,,,,,,,,,,,,,,,,,,,,,,,,,,,,,,,,,,,,,,,,,,,,,,,,,,,,,,,,,,,,,,,,,,,,,,,,,,,,,,,,,,,,,,"B",,,,,,,,,,,,,,,,,,,,,,,,,,,,,,,,,,,,,,,,,,,,,,,,,,,,,,,,,,,,,,,,,,,,,,,,,,,,,,,,,,,,,,,,,,,,,,,,,,,,,,,,,,,,,,,,,,,,,,,,,,"Anthony Seigler",23802,678011
"Roman Anthony","BOS","Roman Anthony","BOS",2026,22,30,80,99,19,10,6,2,1,11,4,18,1,25,1,0,0,0,1,0,0.2375,22,18,15,0,420,178,242,1,0,0,0.181818181,0.252525252,0.72,0.383838383,0.4,0.783838383,0.1625,0.333333333,1.222222222,0.272727272,0.4,0.327272727,0,0.055555555,0.045454545,0,0.3501873192738514,2.70678460811316,14.39740288470923,,,,,,,,5.754725152645219,122.53942521457155,,,,,,,,,,,,,,,,,,,,,,,,,,,,,,,,,,,,,,,,,,,,,,,,,,,,,,,,,,,,,,,,,,,,,,,,,,,,,,,,,,,,,,,,,,,,,,,,,,,,,,,,,,,,,,,,,,,,,,,,,,,,,,,,,,,,,,,,0.04235362634062767,,"22 - 22",,,,0.32727273,0.43636364,0.23636364,0.10909091,0.47272727,0.41818182,0.44444444,,,,,,,,,,,,,,,,,,,,,,,,,,,,,,,,,,,,,,,,,,,,,,,,,,,,,,,,,,,,,,,,,,,,,,,,,,,,,,,,,,,,,,,,,,,,,,,,,,,,,,,,,,,,,,,,,,,,,,,,,,,,,"L",,,,,,,,,,,,,,,,,,,,,,,,,,,,,,,,,,,,,,,,,,,,,,,,,,,,,,,,,,,,,,,,,,,,,,,,,,,,,,,,,,,,,,,,,,,,,,,,,,,,,,,,,,,,,,,,,,,,,,,,,,"Roman Anthony",31812,701350
"Samuel Basallo","BAL","Samuel Basallo","BAL",2026,21,93,232,260,58,32,10,1,15,32,44,24,2,61,2,2,0,5,0,0,0.25,75,70,28,3,981,346,635,3,0,0,0.092307692,0.234615384,0.393442622,0.323076923,0.495689655,0.818766578,0.245689655,0.272151898,1.071428571,0.16184971,0.433526011,0.404624277,0.042857142,0.214285714,0.04,0,0.3500150026277054,7.0725909212853075,37.775224779012355,,,,,,,,2.10367803375,127.21231990653628,,,,,,,,,,,,,,,,,,,,,,,,,,,,,,,,,,,,,,,,,,,,,,,,,,,,,,,,,,,,,,,,,,,,,,,,,,,,,,,,,,,,,,,,,,,,,,,,,,,,,,,,,,,,,,,,,,,,,,,,,,,,,,,,,,,,,,,,-0.31529275327920914,,"21 - 21",,,,0.42196532,0.3699422,0.20809249,0.12138728,0.51445087,0.36416185,0.38461538,,,,,,,,,,,,,,,,,,,,,,,,,,,,,,,,,,,,,,,,,,,,,,,,,,,,,,,,,,,,,,,,,,,,,,,,,,,,,,,,,,,,,,,,,,,,,,,,,,,,,,,,,,,,,,,,,,,,,,,,,,,,,"L",,,,,,,,,,,,,,,,,,,,,,,,,,,,,,,,,,,,,,,,,,,,,,,,,,,,,,,,,,,,,,,,,,,,,,,,,,,,,,,,,,,,,,,,,,,,,,,,,,,,,,,,,,,,,,,,,,,,,,,,,,"Samuel Basallo",28824,694212
"Hao-Yu Lee","DET","Hao-Yu Lee","DET",2026,23,57,132,144,38,26,6,0,6,17,23,11,1,34,0,1,0,1,1,2,0.287878787,44,37,18,4,518,181,337,1,0,0,0.076388888,0.236111111,0.323529411,0.340277777,0.469696969,0.809974746,0.181818182,0.344086021,1.189189189,0.181818181,0.444444444,0.373737373,0.108108108,0.162162162,0.022727272,0,0.3497415864384258,3.885370956617372,20.8899066316662,,,,,,,,1.9907922011906285,124.13600759159368,,,,,,,,,,,,,,,,,,,,,,,,,,,,,,,,,,,,,,,,,,,,,,,,,,,,,,,,,,,,,,,,,,,,,,,,,,,,,,,,,,,,,,,,,,,,,,,,,,,,,,,,,,,,,,,,,,,,,,,,,,,,,,,,,,,,,,,,-0.8244847320020199,,"23 - 23",,,,0.32323232,0.4040404,0.27272727,0.14141414,0.50505051,0.35353535,0.35416667,,,,,,,,,,,,,,,,,,,,,,,,,,,,,,,,,,,,,,,,,,,,,,,,,,,,,,,,,,,,,,,,,,,,,,,,,,,,,,,,,,,,,,,,,,,,,,,,,,,,,,,,,,,,,,,,,,,,,,,,,,,,,"R",,,,,,,,,,,,,,,,,,,,,,,,,,,,,,,,,,,,,,,,,,,,,,,,,,,,,,,,,,,,,,,,,,,,,,,,,,,,,,,,,,,,,,,,,,,,,,,,,,,,,,,,,,,,,,,,,,,,,,,,,,"Hao-Yu Lee",30080,701678
"Trevor Larnach","MIN","Trevor Larnach","MIN",2026,29,110,313,352,87,57,20,1,9,49,37,36,1,60,3,0,0,10,2,2,0.277955271,100,107,46,11,1383,529,854,7,0,0,0.102272727,0.170454545,0.6,0.357954545,0.434504792,0.792459337,0.156549521,0.319672131,0.934579439,0.181818181,0.395256916,0.422924901,0.102803738,0.084112149,0.07,0,0.3494999463062341,9.428968536387716,50.99561129761818,,,,,,,,3.37774117349473,124.9882318022453,,,,,,,,,,,,,,,,,,,,,,,,,,,,,,,,,,,,,,,,,,,,,,,,,,,,,,,,,,,,,,,,,,,,,,,,,,,,,,,,,,,,,,,,,,,,,,,,,,,,,,,,,,,,,,,,,,,,,,,,,,,,,,,,,,,,,,,,-0.956668165512383,,"29 - 29",,,,0.44664032,0.36363636,0.18972332,0.16600791,0.54545455,0.28853755,0.29829545,,,,,,,,,,,,,,,,,,,,,,,,,,,,,,,,,,,,,,,,,,,,,,,,,,,,,,,,,,,,,,,,,,,,,,,,,,,,,,,,,,,,,,,,,,,,,,,,,,,,,,,,,,,,,,,,,,,,,,,,,,,,,"L",,,,,,,,,,,,,,,,,,,,,,,,,,,,,,,,,,,,,,,,,,,,,,,,,,,,,,,,,,,,,,,,,,,,,,,,,,,,,,,,,,,,,,,,,,,,,,,,,,,,,,,,,,,,,,,,,,,,,,,,,,"Trevor Larnach",21501,663616
"Wyatt Langford","TEX","Wyatt Langford","TEX",2026,24,81,223,249,57,33,12,1,11,31,29,23,0,50,3,0,0,4,8,3,0.255605381,57,76,40,17,945,339,606,4,0,0,0.092369477,0.200803212,0.46,0.333333333,0.466367713,0.799701046,0.210762332,0.283950617,0.75,0.231213872,0.329479768,0.439306358,0.22368421,0.144736842,0.070175438,0,0.34914697796465405,6.599034807894728,36.002711079333324,,,,,,,,5.093804495988627,126.71944282009764,,,,,,,,,,,,,,,,,,,,,,,,,,,,,,,,,,,,,,,,,,,,,,,,,,,,,,,,,,,,,,,,,,,,,,,,,,,,,,,,,,,,,,,,,,,,,,,,,,,,,,,,,,,,,,,,,,,,,,,,,,,,,,,,,,,,,,,,0.035121782682836056,,"24 - 24",,,,0.44508671,0.31791908,0.23699422,0.21965318,0.46242775,0.31791908,0.3373494,,,,,,,,,,,,,,,,,,,,,,,,,,,,,,,,,,,,,,,,,,,,,,,,,,,,,,,,,,,,,,,,,,,,,,,,,,,,,,,,,,,,,,,,,,,,,,,,,,,,,,,,,,,,,,,,,,,,,,,,,,,,,"R",,,,,,,,,,,,,,,,,,,,,,,,,,,,,,,,,,,,,,,,,,,,,,,,,,,,,,,,,,,,,,,,,,,,,,,,,,,,,,,,,,,,,,,,,,,,,,,,,,,,,,,,,,,,,,,,,,,,,,,,,,"Wyatt Langford",33333,694671
"Andy Ibáñez","ATH","Andy Ibáñez","ATH",2026,33,1,1,2,0,0,0,0,0,0,0,1,0,0,0,0,0,0,0,0,0,1,0,0,0,5,4,1,0,0,0,0.5,0,1,0.5,0,0.5,0,0,1,0,1,0,0,0,0,0,0.34904444217681885,0.05283889052185256,0.2890129971197529,,,,,,,,0.14285714,116.52377583422893,,,,,,,,,,,,,,,,,,,,,,,,,,,,,,,,,,,,,,,,,,,,,,,,,,,,,,,,,,,,,,,,,,,,,,,,,,,,,,,,,,,,,,,,,,,,,,,,,,,,,,,,,,,,,,,,,,,,,,,,,,,,,,,,,,,,,,,,-0.005630227737128735,,"33 - 33",,,,1,0,0,1,0,0,0.5,,,,,,,,,,,,,,,,,,,,,,,,,,,,,,,,,,,,,,,,,,,,,,,,,,,,,,,,,,,,,,,,,,,,,,,,,,,,,,,,,,,,,,,,,,,,,,,,,,,,,,,,,,,,,,,,,,,,,,,,,,,,,"R",,,,,,,,,,,,,,,,,,,,,,,,,,,,,,,,,,,,,,,,,,,,,,,,,,,,,,,,,,,,,,,,,,,,,,,,,,,,,,,,,,,,,,,,,,,,,,,,,,,,,,,,,,,,,,,,,,,,,,,,,,"Andy Ibanez",18819,628451
"Miguel Vargas","CHW","Miguel Vargas","CHW",2026,26,133,350,415,83,43,23,0,17,65,54,54,1,76,7,4,0,6,10,1,0.237142857,87,142,49,14,1655,677,978,10,0,0,0.130120481,0.18313253,0.710526315,0.346987951,0.448571428,0.795559379,0.211428571,0.252873563,0.612676056,0.176258992,0.31294964,0.510791366,0.098591549,0.119718309,0.114942528,0,0.34854750011278235,10.797729534469402,59.80385665353373,,,,,,,,4.888838543373355,124.41575550036221,,,,,,,,,,,,,,,,,,,,,,,,,,,,,,,,,,,,,,,,,,,,,,,,,,,,,,,,,,,,,,,,,,,,,,,,,,,,,,,,,,,,,,,,,,,,,,,,,,,,,,,,,,,,,,,,,,,,,,,,,,,,,,,,,,,,,,,,1.0091883046552539,,"26 - 26",,,,0.47122302,0.32733813,0.20143885,0.16546763,0.44964029,0.38489209,0.35421687,,,,,,,,,,,,,,,,,,,,,,,,,,,,,,,,,,,,,,,,,,,,,,,,,,,,,,,,,,,,,,,,,,,,,,,,,,,,,,,,,,,,,,,,,,,,,,,,,,,,,,,,,,,,,,,,,,,,,,,,,,,,,"R",,,,,,,,,,,,,,,,,,,,,,,,,,,,,,,,,,,,,,,,,,,,,,,,,,,,,,,,,,,,,,,,,,,,,,,,,,,,,,,,,,,,,,,,,,,,,,,,,,,,,,,,,,,,,,,,,,,,,,,,,,"Miguel Vargas",20178,678246
"Vinnie Pasquantino","KCR","Vinnie Pasquantino","KCR",2026,28,87,238,279,65,44,12,1,8,30,32,35,3,39,2,4,0,2,2,0,0.273109243,66,96,40,12,1128,449,679,4,1,1,0.125448028,0.139784946,0.897435897,0.365591397,0.432773109,0.798364506,0.159663866,0.292307692,0.6875,0.198019801,0.326732673,0.475247524,0.125,0.083333333,0.06060606,1,0.3482901730399201,7.201289201166562,40.147577071573664,,,,,,,,3.418077305861353,121.51864989618961,,,,,,,,,,,,,,,,,,,,,,,,,,,,,,,,,,,,,,,,,,,,,,,,,,,,,,,,,,,,,,,,,,,,,,,,,,,,,,,,,,,,,,,,,,,,,,,,,,,,,,,,,,,,,,,,,,,,,,,,,,,,,,,,,,,,,,,,-0.03915775753557682,,"28 - 28",,,,0.44827586,0.34482759,0.20689655,0.14285714,0.4137931,0.44334975,0.29390681,,,,,,,,,,,,,,,,,,,,,,,,,,,,,,,,,,,,,,,,,,,,,,,,,,,,,,,,,,,,,,,,,,,,,,,,,,,,,,,,,,,,,,,,,,,,,,,,,,,,,,,,,,,,,,,,,,,,,,,,,,,,,"L",,,,,,,,,,,,,,,,,,,,,,,,,,,,,,,,,,,,,,,,,,,,,,,,,,,,,,,,,,,,,,,,,,,,,,,,,,,,,,,,,,,,,,,,,,,,,,,,,,,,,,,,,,,,,,,,,,,,,,,,,,"Vinnie Pasquantino",27676,686469
"Ronny Simon","PIT","Ronny Simon","PIT",2026,26,8,21,23,7,6,1,0,0,2,2,2,0,2,0,0,0,3,1,0,0.333333333,11,5,2,3,81,28,53,1,1,1,0.086956521,0.086956521,1,0.391304347,0.38095238,0.772256727,0.047619047,0.368421052,2.2,0.111111111,0.611111111,0.277777777,0.6,0,0.09090909,1,0.347823573195416,0.5849986918662932,3.3010009177421478,,,,,,,,4.422111766815421,116.56574295751743,,,,,,,,,,,,,,,,,,,,,,,,,,,,,,,,,,,,,,,,,,,,,,,,,,,,,,,,,,,,,,,,,,,,,,,,,,,,,,,,,,,,,,,,,,,,,,,,,,,,,,,,,,,,,,,,,,,,,,,,,,,,,,,,,,,,,,,,0.15495818108320236,,"26 - 26",,,,0.31578947,0.31578947,0.36842105,0.31578947,0.42105263,0.26315789,0.17391304,,,,,,,,,,,,,,,,,,,,,,,,,,,,,,,,,,,,,,,,,,,,,,,,,,,,,,,,,,,,,,,,,,,,,,,,,,,,,,,,,,,,,,,,,,,,,,,,,,,,,,,,,,,,,,,,,,,,,,,,,,,,,"B",,,,,,,,,,,,,,,,,,,,,,,,,,,,,,,,,,,,,,,,,,,,,,,,,,,,,,,,,,,,,,,,,,,,,,,,,,,,,,,,,,,,,,,,,,,,,,,,,,,,,,,,,,,,,,,,,,,,,,,,,,"Ronny Simon",25346,682927
"Cooper Pratt","MIL","Cooper Pratt","MIL",2026,21,45,120,139,37,29,5,1,2,21,16,14,0,24,1,4,0,6,9,2,0.308333333,45,28,26,1,553,192,361,7,1,0,0.100719424,0.17266187,0.583333333,0.374100719,0.416666666,0.790767385,0.108333333,0.357142857,1.607142857,0.262626262,0.454545454,0.282828282,0.035714285,0.071428571,0.155555555,0,0.3477115245174161,3.522864696475963,19.93696510503004,,,,,,,,6.945446438703108,120.92559482194021,,,,,,,,,,,,,,,,,,,,,,,,,,,,,,,,,,,,,,,,,,,,,,,,,,,,,,,,,,,,,,,,,,,,,,,,,,,,,,,,,,,,,,,,,,,,,,,,,,,,,,,,,,,,,,,,,,,,,,,,,,,,,,,,,,,,,,,,0.7304734699428082,,"21 - 21",,,,0.34,0.39,0.27,0.08,0.6,0.32,0.28776978,,,,,,,,,,,,,,,,,,,,,,,,,,,,,,,,,,,,,,,,,,,,,,,,,,,,,,,,,,,,,,,,,,,,,,,,,,,,,,,,,,,,,,,,,,,,,,,,,,,,,,,,,,,,,,,,,,,,,,,,,,,,,"R",,,,,,,,,,,,,,,,,,,,,,,,,,,,,,,,,,,,,,,,,,,,,,,,,,,,,,,,,,,,,,,,,,,,,,,,,,,,,,,,,,,,,,,,,,,,,,,,,,,,,,,,,,,,,,,,,,,,,,,,,,"Cooper Pratt",33530,806198
"Jesus Rodriguez","SFG","Jesus Rodriguez","SFG",2026,24,18,36,41,9,5,2,0,2,6,7,3,0,6,1,0,1,2,1,0,0.25,16,8,6,0,145,50,95,0,1,0,0.073170731,0.146341463,0.5,0.325,0.472222222,0.797222222,0.222222222,0.25,2,0.2,0.533333333,0.266666666,0,0.25,0,0,0.34757791757583617,1.0347000518157479,5.876269237072706,,,,,,,,5.213226196705765,121.98340211259485,,,,,,,,,,,,,,,,,,,,,,,,,,,,,,,,,,,,,,,,,,,,,,,,,,,,,,,,,,,,,,,,,,,,,,,,,,,,,,,,,,,,,,,,,,,,,,,,,,,,,,,,,,,,,,,,,,,,,,,,,,,,,,,,,,,,,,,,0.14932795334607363,,"24 - 24",,,,0.38709677,0.32258065,0.29032258,0.09677419,0.67741935,0.22580645,0.26829268,,,,,,,,,,,,,,,,,,,,,,,,,,,,,,,,,,,,,,,,,,,,,,,,,,,,,,,,,,,,,,,,,,,,,,,,,,,,,,,,,,,,,,,,,,,,,,,,,,,,,,,,,,,,,,,,,,,,,,,,,,,,,"R",,,,,,,,,,,,,,,,,,,,,,,,,,,,,,,,,,,,,,,,,,,,,,,,,,,,,,,,,,,,,,,,,,,,,,,,,,,,,,,,,,,,,,,,,,,,,,,,,,,,,,,,,,,,,,,,,,,,,,,,,,"Jesus Rodriguez",26991,683679
"Luke Keaschall","MIN","Luke Keaschall","MIN",2026,23,118,298,351,83,60,14,1,8,49,28,32,0,49,14,6,1,3,9,5,0.278523489,91,109,53,14,1296,519,777,14,3,2,0.091168091,0.139601139,0.653061224,0.368571428,0.412751677,0.781323105,0.134228188,0.303643724,0.834862385,0.209486166,0.359683794,0.430830039,0.128440366,0.073394495,0.153846153,0.666666666,0.3475590487888881,8.852700021349628,50.301255729281145,,,,,,,,4.884870762363283,123.63750311983168,,,,,,,,,,,,,,,,,,,,,,,,,,,,,,,,,,,,,,,,,,,,,,,,,,,,,,,,,,,,,,,,,,,,,,,,,,,,,,,,,,,,,,,,,,,,,,,,,,,,,,,,,,,,,,,,,,,,,,,,,,,,,,,,,,,,,,,,-0.8512954544275999,,"23 - 23",,,,0.4296875,0.3203125,0.25,0.18359375,0.5390625,0.27734375,0.25356125,,,,,,,,,,,,,,,,,,,,,,,,,,,,,,,,,,,,,,,,,,,,,,,,,,,,,,,,,,,,,,,,,,,,,,,,,,,,,,,,,,,,,,,,,,,,,,,,,,,,,,,,,,,,,,,,,,,,,,,,,,,,,"R",,,,,,,,,,,,,,,,,,,,,,,,,,,,,,,,,,,,,,,,,,,,,,,,,,,,,,,,,,,,,,,,,,,,,,,,,,,,,,,,,,,,,,,,,,,,,,,,,,,,,,,,,,,,,,,,,,,,,,,,,,"Luke Keaschall",33321,807712
"Chase DeLauter","CLE","Chase DeLauter","CLE",2026,24,110,291,331,78,51,15,1,11,37,41,38,0,43,0,2,0,6,8,2,0.268041237,104,95,51,9,1295,552,743,0,0,0,0.114803625,0.129909365,0.88372093,0.350453172,0.439862542,0.790315714,0.171821305,0.280334728,1.094736842,0.204,0.416,0.38,0.094736842,0.115789473,0,0,0.3475316357756669,8.340954065517062,47.42776870746958,,,,,,,,4.352390565124718,123.89112412049917,,,,,,,,,,,,,,,,,,,,,,,,,,,,,,,,,,,,,,,,,,,,,,,,,,,,,,,,,,,,,,,,,,,,,,,,,,,,,,,,,,,,,,,,,,,,,,,,,,,,,,,,,,,,,,,,,,,,,,,,,,,,,,,,,,,,,,,,0.27711321879178286,,"24 - 24",,,,0.4,0.332,0.268,0.116,0.464,0.42,0.27794562,,,,,,,,,,,,,,,,,,,,,,,,,,,,,,,,,,,,,,,,,,,,,,,,,,,,,,,,,,,,,,,,,,,,,,,,,,,,,,,,,,,,,,,,,,,,,,,,,,,,,,,,,,,,,,,,,,,,,,,,,,,,,"L",,,,,,,,,,,,,,,,,,,,,,,,,,,,,,,,,,,,,,,,,,,,,,,,,,,,,,,,,,,,,,,,,,,,,,,,,,,,,,,,,,,,,,,,,,,,,,,,,,,,,,,,,,,,,,,,,,,,,,,,,,"Chase DeLauter",32127,800050
"Drew Gilbert","SFG","Drew Gilbert","SFG",2026,25,108,255,297,68,44,13,3,8,40,35,31,2,46,7,3,1,6,1,3,0.266666666,88,80,42,12,1160,457,703,5,3,2,0.104377104,0.154882154,0.673913043,0.358108108,0.435294117,0.793402225,0.168627451,0.294117647,1.1,0.2,0.419047619,0.38095238,0.15,0.1,0.056818181,0.666666666,0.34739916401655496,7.452445442688866,42.52430027247708,,,,,,,,4.147588290014866,121.86348023865877,,,,,,,,,,,,,,,,,,,,,,,,,,,,,,,,,,,,,,,,,,,,,,,,,,,,,,,,,,,,,,,,,,,,,,,,,,,,,,,,,,,,,,,,,,,,,,,,,,,,,,,,,,,,,,,,,,,,,,,,,,,,,,,,,,,,,,,,-1.483113020658493,,"25 - 25",,,,0.45070423,0.28638498,0.2629108,0.17840376,0.50704225,0.31455399,0.28619529,,,,,,,,,,,,,,,,,,,,,,,,,,,,,,,,,,,,,,,,,,,,,,,,,,,,,,,,,,,,,,,,,,,,,,,,,,,,,,,,,,,,,,,,,,,,,,,,,,,,,,,,,,,,,,,,,,,,,,,,,,,,,"L",,,,,,,,,,,,,,,,,,,,,,,,,,,,,,,,,,,,,,,,,,,,,,,,,,,,,,,,,,,,,,,,,,,,,,,,,,,,,,,,,,,,,,,,,,,,,,,,,,,,,,,,,,,,,,,,,,,,,,,,,,"Drew Gilbert",31545,687551
"Nolan Schanuel","LAA","Nolan Schanuel","LAA",2026,24,102,286,327,84,61,18,0,5,27,37,34,0,39,3,3,1,10,1,1,0.293706293,101,83,66,5,1256,470,786,1,1,0,0.103975535,0.119266055,0.871794871,0.371165644,0.409090909,0.780256553,0.115384616,0.322448979,1.216867469,0.264,0.404,0.332,0.060240963,0.060240963,0.00990099,0,0.3472636671154046,8.169480502757335,46.78394693151405,,,,,,,,1.3757036460403644,124.06923760959334,,,,,,,,,,,,,,,,,,,,,,,,,,,,,,,,,,,,,,,,,,,,,,,,,,,,,,,,,,,,,,,,,,,,,,,,,,,,,,,,,,,,,,,,,,,,,,,,,,,,,,,,,,,,,,,,,,,,,,,,,,,,,,,,,,,,,,,,-0.7626605834811926,,"24 - 24",,,,0.43027888,0.38247012,0.187251,0.10756972,0.56972112,0.32270916,0.23853211,,,,,,,,,,,,,,,,,,,,,,,,,,,,,,,,,,,,,,,,,,,,,,,,,,,,,,,,,,,,,,,,,,,,,,,,,,,,,,,,,,,,,,,,,,,,,,,,,,,,,,,,,,,,,,,,,,,,,,,,,,,,,"L",,,,,,,,,,,,,,,,,,,,,,,,,,,,,,,,,,,,,,,,,,,,,,,,,,,,,,,,,,,,,,,,,,,,,,,,,,,,,,,,,,,,,,,,,,,,,,,,,,,,,,,,,,,,,,,,,,,,,,,,,,"Nolan Schanuel",33189,694384
"JJ Bleday","CIN","JJ Bleday","CIN",2026,28,107,287,344,64,34,12,2,16,40,36,51,1,72,3,2,0,2,5,4,0.222996515,53,114,49,12,1354,549,805,1,1,0,0.148255813,0.209302325,0.708333333,0.344023323,0.445993031,0.790016354,0.222996516,0.23880597,0.46491228,0.226851851,0.24537037,0.527777777,0.105263157,0.140350877,0.018867924,0,0.3465887564316131,8.406932169236121,49.02887850407499,,,,,,,,3.884246173128421,116.89508455437034,,,,,,,,,,,,,,,,,,,,,,,,,,,,,,,,,,,,,,,,,,,,,,,,,,,,,,,,,,,,,,,,,,,,,,,,,,,,,,,,,,,,,,,,,,,,,,,,,,,,,,,,,,,,,,,,,,,,,,,,,,,,,,,,,,,,,,,,-1.133422871120274,,"28 - 28",,,,0.46543779,0.35483871,0.1797235,0.13364055,0.52073733,0.34562212,0.40406977,,,,,,,,,,,,,,,,,,,,,,,,,,,,,,,,,,,,,,,,,,,,,,,,,,,,,,,,,,,,,,,,,,,,,,,,,,,,,,,,,,,,,,,,,,,,,,,,,,,,,,,,,,,,,,,,,,,,,,,,,,,,,"L",,,,,,,,,,,,,,,,,,,,,,,,,,,,,,,,,,,,,,,,,,,,,,,,,,,,,,,,,,,,,,,,,,,,,,,,,,,,,,,,,,,,,,,,,,,,,,,,,,,,,,,,,,,,,,,,,,,,,,,,,,"JJ Bleday",26368,668709
"Isaac Paredes","HOU","Isaac Paredes","HOU",2026,27,127,357,425,88,58,14,0,16,41,62,50,0,53,14,4,0,12,0,0,0.246498599,94,148,66,26,1896,746,1150,7,0,0,0.117647058,0.124705882,0.943396226,0.357647058,0.420168067,0.777815125,0.173669468,0.246575342,0.635135135,0.214285714,0.305194805,0.48051948,0.175675675,0.108108108,0.074468085,0,0.3464706404068891,10.345982039194398,60.53297969124823,,,,,,,,0.79859484,123.45006551650202,,,,,,,,,,,,,,,,,,,,,,,,,,,,,,,,,,,,,,,,,,,,,,,,,,,,,,,,,,,,,,,,,,,,,,,,,,,,,,,,,,,,,,,,,,,,,,,,,,,,,,,,,,,,,,,,,,,,,,,,,,,,,,,,,,,,,,,,-0.6868877839297056,,"27 - 27",,,,0.48051948,0.28246753,0.23701299,0.21103896,0.51298701,0.27597403,0.28,,,,,,,,,,,,,,,,,,,,,,,,,,,,,,,,,,,,,,,,,,,,,,,,,,,,,,,,,,,,,,,,,,,,,,,,,,,,,,,,,,,,,,,,,,,,,,,,,,,,,,,,,,,,,,,,,,,,,,,,,,,,,"R",,,,,,,,,,,,,,,,,,,,,,,,,,,,,,,,,,,,,,,,,,,,,,,,,,,,,,,,,,,,,,,,,,,,,,,,,,,,,,,,,,,,,,,,,,,,,,,,,,,,,,,,,,,,,,,,,,,,,,,,,,"Isaac Paredes",20036,670623
"Daylen Lile","WSN","Daylen Lile","WSN",2026,23,135,387,421,103,58,22,4,19,60,63,28,2,73,3,3,0,6,9,6,0.26614987,94,163,59,9,1543,530,1013,2,1,0,0.066508313,0.173396674,0.383561643,0.318289786,0.490956072,0.809245858,0.224806202,0.281879194,0.576687116,0.18670886,0.297468354,0.515822784,0.055214723,0.116564417,0.021276595,0,0.3463424775651645,10.20508820802662,59.91973764688465,,,,,,,,5.693064499578163,116.95307570665932,,,,,,,,,,,,,,,,,,,,,,,,,,,,,,,,,,,,,,,,,,,,,,,,,,,,,,,,,,,,,,,,,,,,,,,,,,,,,,,,,,,,,,,,,,,,,,,,,,,,,,,,,,,,,,,,,,,,,,,,,,,,,,,,,,,,,,,,-1.1552193956449628,,"23 - 23",,,,0.44479495,0.29652997,0.25867508,0.11356467,0.5362776,0.35015773,0.28503563,,,,,,,,,,,,,,,,,,,,,,,,,,,,,,,,,,,,,,,,,,,,,,,,,,,,,,,,,,,,,,,,,,,,,,,,,,,,,,,,,,,,,,,,,,,,,,,,,,,,,,,,,,,,,,,,,,,,,,,,,,,,,"L",,,,,,,,,,,,,,,,,,,,,,,,,,,,,,,,,,,,,,,,,,,,,,,,,,,,,,,,,,,,,,,,,,,,,,,,,,,,,,,,,,,,,,,,,,,,,,,,,,,,,,,,,,,,,,,,,,,,,,,,,,"Daylen Lile",29995,695734
"Joey Bart","- - -","Joey Bart","- - -",2026,29,34,55,62,15,11,1,0,3,8,8,4,0,15,2,1,0,0,0,0,0.272727272,16,18,7,0,223,73,150,1,0,0,0.064516129,0.241935483,0.266666666,0.338709677,0.454545454,0.793255131,0.181818182,0.315789473,0.888888888,0.170731707,0.390243902,0.43902439,0,0.166666666,0.0625,0,0.3461560405069782,1.4935638475495878,8.8149611520845,,,,,,,,1.47098214,116.7981130880415,,,,,,,,,,,,,,,,,,,,,,,,,,,,,,,,,,,,,,,,,,,,,,,,,,,,,,,,,,,,,,,,,,,,,,,,,,,,,,,,,,,,,,,,,,,,,,,,,,,,,,,,,,,,,,,,,,,,,,,,,,,,,,,,,,,,,,,,-0.09571387153118849,,"29 - 29",,,,0.51219512,0.29268293,0.19512195,0.19512195,0.51219512,0.29268293,0.35483871,,,,,,,,,,,,,,,,,,,,,,,,,,,,,,,,,,,,,,,,,,,,,,,,,,,,,,,,,,,,,,,,,,,,,,,,,,,,,,,,,,,,,,,,,,,,,,,,,,,,,,,,,,,,,,,,,,,,,,,,,,,,,"R",,,,,,,,,,,,,,,,,,,,,,,,,,,,,,,,,,,,,,,,,,,,,,,,,,,,,,,,,,,,,,,,,,,,,,,,,,,,,,,,,,,,,,,,,,,,,,,,,,,,,,,,,,,,,,,,,,,,,,,,,,"Joey Bart",21524,663698
"Brooks Lee","MIN","Brooks Lee","MIN",2026,25,118,338,361,90,54,14,3,19,52,61,22,0,46,0,1,0,5,6,3,0.266272189,123,116,53,7,1327,454,873,11,1,0,0.060941828,0.127423822,0.478260869,0.310249307,0.49408284,0.804332147,0.227810651,0.259124087,1.060344827,0.181506849,0.421232876,0.397260273,0.060344827,0.163793103,0.089430894,0,0.34593424506464826,8.631815167485833,51.26124140840685,,,,,,,,5.275583475046699,122.50675357019848,,,,,,,,,,,,,,,,,,,,,,,,,,,,,,,,,,,,,,,,,,,,,,,,,,,,,,,,,,,,,,,,,,,,,,,,,,,,,,,,,,,,,,,,,,,,,,,,,,,,,,,,,,,,,,,,,,,,,,,,,,,,,,,,,,,,,,,,-0.4605920948088169,,"25 - 25",,,,0.48464164,0.27986348,0.23549488,0.12969283,0.54607509,0.32423208,0.24099723,,,,,,,,,,,,,,,,,,,,,,,,,,,,,,,,,,,,,,,,,,,,,,,,,,,,,,,,,,,,,,,,,,,,,,,,,,,,,,,,,,,,,,,,,,,,,,,,,,,,,,,,,,,,,,,,,,,,,,,,,,,,,"B",,,,,,,,,,,,,,,,,,,,,,,,,,,,,,,,,,,,,,,,,,,,,,,,,,,,,,,,,,,,,,,,,,,,,,,,,,,,,,,,,,,,,,,,,,,,,,,,,,,,,,,,,,,,,,,,,,,,,,,,,,"Brooks Lee",31595,686797
"Jesús Sánchez","TOR","Jesús Sánchez","TOR",2026,28,89,228,256,64,39,17,0,8,24,33,16,1,60,7,5,0,5,1,1,0.280701754,74,62,37,6,990,348,642,3,0,0,0.0625,0.234375,0.266666666,0.33984375,0.460526315,0.800370065,0.179824561,0.339393939,1.193548387,0.213872832,0.427745664,0.358381502,0.096774193,0.129032258,0.04054054,0,0.3457598602070528,6.085168968415832,36.31545461294708,,,,,,,,1.73102984751731,123.07111310639695,,,,,,,,,,,,,,,,,,,,,,,,,,,,,,,,,,,,,,,,,,,,,,,,,,,,,,,,,,,,,,,,,,,,,,,,,,,,,,,,,,,,,,,,,,,,,,,,,,,,,,,,,,,,,,,,,,,,,,,,,,,,,,,,,,,,,,,,-0.5543421572074294,,"28 - 28",,,,0.34682081,0.40462428,0.24855491,0.13872832,0.45086705,0.41040462,0.328125,,,,,,,,,,,,,,,,,,,,,,,,,,,,,,,,,,,,,,,,,,,,,,,,,,,,,,,,,,,,,,,,,,,,,,,,,,,,,,,,,,,,,,,,,,,,,,,,,,,,,,,,,,,,,,,,,,,,,,,,,,,,,"L",,,,,,,,,,,,,,,,,,,,,,,,,,,,,,,,,,,,,,,,,,,,,,,,,,,,,,,,,,,,,,,,,,,,,,,,,,,,,,,,,,,,,,,,,,,,,,,,,,,,,,,,,,,,,,,,,,,,,,,,,,"Jesus Sanchez",19913,660821
"Rafael Flores Jr.","PIT","Rafael Flores Jr.","PIT",2026,25,17,37,40,8,2,3,0,3,5,7,3,0,13,0,0,0,0,0,0,0.216216216,11,11,2,0,167,54,113,1,0,0,0.075,0.325,0.23076923,0.275,0.54054054,0.81554054,0.324324324,0.238095238,1,0.083333333,0.458333333,0.458333333,0,0.272727272,0.09090909,0,0.3454371303319931,0.9403954477139287,5.6638775796719365,,,,,,,,1.08035714,114.96473036020829,,,,,,,,,,,,,,,,,,,,,,,,,,,,,,,,,,,,,,,,,,,,,,,,,,,,,,,,,,,,,,,,,,,,,,,,,,,,,,,,,,,,,,,,,,,,,,,,,,,,,,,,,,,,,,,,,,,,,,,,,,,,,,,,,,,,,,,,-0.028151138685643673,,"25 - 25",,,,0.41666667,0.375,0.20833333,0.08333333,0.45833333,0.45833333,0.475,,,,,,,,,,,,,,,,,,,,,,,,,,,,,,,,,,,,,,,,,,,,,,,,,,,,,,,,,,,,,,,,,,,,,,,,,,,,,,,,,,,,,,,,,,,,,,,,,,,,,,,,,,,,,,,,,,,,,,,,,,,,,"R",,,,,,,,,,,,,,,,,,,,,,,,,,,,,,,,,,,,,,,,,,,,,,,,,,,,,,,,,,,,,,,,,,,,,,,,,,,,,,,,,,,,,,,,,,,,,,,,,,,,,,,,,,,,,,,,,,,,,,,,,,"Rafael Flores Jr.",31991,804668
"Jackson Chourio","MIL","Jackson Chourio","MIL",2026,22,98,303,328,83,52,17,0,14,48,44,22,0,79,2,1,0,2,8,3,0.273927392,96,92,37,8,1269,417,852,13,0,0,0.06707317,0.240853658,0.278481012,0.326219512,0.468646864,0.794866376,0.194719472,0.327014218,1.04347826,0.164444444,0.426666666,0.408888888,0.086956521,0.152173913,0.135416666,0,0.34541316475810074,7.704902438993904,46.43745592104957,,,,,,,,4.338027682305831,119.38367526282943,,,,,,,,,,,,,,,,,,,,,,,,,,,,,,,,,,,,,,,,,,,,,,,,,,,,,,,,,,,,,,,,,,,,,,,,,,,,,,,,,,,,,,,,,,,,,,,,,,,,,,,,,,,,,,,,,,,,,,,,,,,,,,,,,,,,,,,,-0.06059208884835243,,"22 - 22",,,,0.30666667,0.44,0.25333333,0.12444444,0.46222222,0.41333333,0.35060976,,,,,,,,,,,,,,,,,,,,,,,,,,,,,,,,,,,,,,,,,,,,,,,,,,,,,,,,,,,,,,,,,,,,,,,,,,,,,,,,,,,,,,,,,,,,,,,,,,,,,,,,,,,,,,,,,,,,,,,,,,,,,"R",,,,,,,,,,,,,,,,,,,,,,,,,,,,,,,,,,,,,,,,,,,,,,,,,,,,,,,,,,,,,,,,,,,,,,,,,,,,,,,,,,,,,,,,,,,,,,,,,,,,,,,,,,,,,,,,,,,,,,,,,,"Jackson Chourio",28806,694192
"Héctor Rodríguez","CIN","Héctor Rodríguez","CIN",2026,22,20,53,60,13,8,2,0,3,8,5,6,0,14,1,0,0,0,0,0,0.245283018,24,12,2,0,205,72,133,3,1,1,0.1,0.233333333,0.428571428,0.333333333,0.452830188,0.786163521,0.20754717,0.277777777,2,0.052631578,0.631578947,0.315789473,0,0.25,0.125,1,0.3453365355730057,1.4057249527009437,8.490948150637955,,,,,,,,1.47098214,116.05499682381051,,,,,,,,,,,,,,,,,,,,,,,,,,,,,,,,,,,,,,,,,,,,,,,,,,,,,,,,,,,,,,,,,,,,,,,,,,,,,,,,,,,,,,,,,,,,,,,,,,,,,,,,,,,,,,,,,,,,,,,,,,,,,,,,,,,,,,,,-0.08445341605693102,,"22 - 22",,,,0.51282051,0.28205128,0.20512821,0.1025641,0.58974359,0.30769231,0.38333333,,,,,,,,,,,,,,,,,,,,,,,,,,,,,,,,,,,,,,,,,,,,,,,,,,,,,,,,,,,,,,,,,,,,,,,,,,,,,,,,,,,,,,,,,,,,,,,,,,,,,,,,,,,,,,,,,,,,,,,,,,,,,"L",,,,,,,,,,,,,,,,,,,,,,,,,,,,,,,,,,,,,,,,,,,,,,,,,,,,,,,,,,,,,,,,,,,,,,,,,,,,,,,,,,,,,,,,,,,,,,,,,,,,,,,,,,,,,,,,,,,,,,,,,,"Hector Rodriguez",29189,699302
"Jung Hoo Lee","SFG","Jung Hoo Lee","SFG",2026,27,120,327,355,98,68,20,3,7,46,37,20,0,30,5,3,0,4,8,1,0.299694189,126,99,72,8,1346,468,878,5,3,3,0.056338028,0.084507042,0.666666666,0.346478873,0.443425076,0.789903949,0.143730887,0.310580204,1.272727272,0.242424242,0.424242424,0.333333333,0.08080808,0.07070707,0.039682539,1,0.34519444334674887,8.276520235496752,50.197424156624066,,,,,,,,5.682179511360096,120.38438110747553,,,,,,,,,,,,,,,,,,,,,,,,,,,,,,,,,,,,,,,,,,,,,,,,,,,,,,,,,,,,,,,,,,,,,,,,,,,,,,,,,,,,,,,,,,,,,,,,,,,,,,,,,,,,,,,,,,,,,,,,,,,,,,,,,,,,,,,,0.6654905760660768,,"27 - 27",,,,0.35666667,0.42,0.22333333,0.14666667,0.56666667,0.28666667,0.16056338,,,,,,,,,,,,,,,,,,,,,,,,,,,,,,,,,,,,,,,,,,,,,,,,,,,,,,,,,,,,,,,,,,,,,,,,,,,,,,,,,,,,,,,,,,,,,,,,,,,,,,,,,,,,,,,,,,,,,,,,,,,,,"L",,,,,,,,,,,,,,,,,,,,,,,,,,,,,,,,,,,,,,,,,,,,,,,,,,,,,,,,,,,,,,,,,,,,,,,,,,,,,,,,,,,,,,,,,,,,,,,,,,,,,,,,,,,,,,,,,,,,,,,,,,"Jung Hoo Lee",33824,808982
"Sal Stewart","CIN","Sal Stewart","CIN",2026,22,136,404,453,105,62,20,0,23,61,82,38,0,96,3,8,0,12,7,3,0.25990099,144,116,56,5,1740,612,1128,10,0,0,0.083885209,0.211920529,0.395833333,0.322295805,0.480198019,0.802493824,0.220297029,0.279863481,1.24137931,0.177215189,0.455696202,0.367088607,0.043103448,0.198275862,0.069444444,0,0.3451467885350023,10.543894111648367,64.03732925607281,,,,,,,,3.5143006415568174,115.9276996641753,,,,,,,,,,,,,,,,,,,,,,,,,,,,,,,,,,,,,,,,,,,,,,,,,,,,,,,,,,,,,,,,,,,,,,,,,,,,,,,,,,,,,,,,,,,,,,,,,,,,,,,,,,,,,,,,,,,,,,,,,,,,,,,,,,,,,,,,-0.4126082407310605,,"22 - 22",,,,0.34177215,0.39240506,0.26582278,0.10126582,0.51582278,0.38291139,0.34657837,,,,,,,,,,,,,,,,,,,,,,,,,,,,,,,,,,,,,,,,,,,,,,,,,,,,,,,,,,,,,,,,,,,,,,,,,,,,,,,,,,,,,,,,,,,,,,,,,,,,,,,,,,,,,,,,,,,,,,,,,,,,,"R",,,,,,,,,,,,,,,,,,,,,,,,,,,,,,,,,,,,,,,,,,,,,,,,,,,,,,,,,,,,,,,,,,,,,,,,,,,,,,,,,,,,,,,,,,,,,,,,,,,,,,,,,,,,,,,,,,,,,,,,,,"Sal Stewart",31505,701398
"Bryce Eldridge","SFG","Bryce Eldridge","SFG",2026,21,87,226,264,56,35,11,0,10,31,26,37,1,68,0,1,0,0,0,0,0.24778761,60,64,35,4,1140,464,676,3,0,0,0.140151515,0.257575757,0.544117647,0.352272727,0.429203539,0.781476266,0.181415929,0.308724832,0.9375,0.220125786,0.37735849,0.402515723,0.0625,0.15625,0.05,0,0.3448472764102225,6.0810093044000695,37.25599137532292,,,,,,,,1.09918244,120.15147436276901,,,,,,,,,,,,,,,,,,,,,,,,,,,,,,,,,,,,,,,,,,,,,,,,,,,,,,,,,,,,,,,,,,,,,,,,,,,,,,,,,,,,,,,,,,,,,,,,,,,,,,,,,,,,,,,,,,,,,,,,,,,,,,,,,,,,,,,,-0.39974616933614016,,"21 - 21",,,,0.39622642,0.32075472,0.28301887,0.12578616,0.4591195,0.41509434,0.43560606,,,,,,,,,,,,,,,,,,,,,,,,,,,,,,,,,,,,,,,,,,,,,,,,,,,,,,,,,,,,,,,,,,,,,,,,,,,,,,,,,,,,,,,,,,,,,,,,,,,,,,,,,,,,,,,,,,,,,,,,,,,,,"L",,,,,,,,,,,,,,,,,,,,,,,,,,,,,,,,,,,,,,,,,,,,,,,,,,,,,,,,,,,,,,,,,,,,,,,,,,,,,,,,,,,,,,,,,,,,,,,,,,,,,,,,,,,,,,,,,,,,,,,,,,"Bryce Eldridge",33390,805811
"Bryan Reynolds","PIT","Bryan Reynolds","PIT",2026,31,124,331,397,83,53,19,2,9,61,35,56,3,97,8,2,0,2,5,0,0.250755287,106,80,50,1,1585,644,941,3,0,0,0.141057934,0.244332493,0.577319587,0.370277078,0.401812688,0.772089766,0.151057401,0.325991189,1.325,0.211864406,0.449152542,0.33898305,0.0125,0.1125,0.028301886,0,0.34431272003856406,8.97337813904752,55.85393829873074,,,,,,,,5.515975826101802,114.21038795716336,,,,,,,,,,,,,,,,,,,,,,,,,,,,,,,,,,,,,,,,,,,,,,,,,,,,,,,,,,,,,,,,,,,,,,,,,,,,,,,,,,,,,,,,,,,,,,,,,,,,,,,,,,,,,,,,,,,,,,,,,,,,,,,,,,,,,,,,0.35815405286848545,,"31 - 31",,,,0.4279661,0.31355932,0.25847458,0.1059322,0.52542373,0.36864407,0.40806045,,,,,,,,,,,,,,,,,,,,,,,,,,,,,,,,,,,,,,,,,,,,,,,,,,,,,,,,,,,,,,,,,,,,,,,,,,,,,,,,,,,,,,,,,,,,,,,,,,,,,,,,,,,,,,,,,,,,,,,,,,,,,"B",,,,,,,,,,,,,,,,,,,,,,,,,,,,,,,,,,,,,,,,,,,,,,,,,,,,,,,,,,,,,,,,,,,,,,,,,,,,,,,,,,,,,,,,,,,,,,,,,,,,,,,,,,,,,,,,,,,,,,,,,,"Bryan Reynolds",19326,668804
"Luis Arraez","- - -","Luis Arraez","- - -",2026,29,123,366,400,118,88,21,4,5,46,38,23,4,11,1,9,1,8,10,0,0.322404371,121,154,89,11,1538,506,1032,5,1,0,0.0575,0.0275,2.09090909,0.355889724,0.44262295,0.798512674,0.120218579,0.314763231,0.785714285,0.244505494,0.332417582,0.423076923,0.071428571,0.032467532,0.041322314,0,0.3430124136466014,8.64192165497604,55.87674297455612,,,,,,,,5.922064953828057,117.85955778555001,,,,,,,,,,,,,,,,,,,,,,,,,,,,,,,,,,,,,,,,,,,,,,,,,,,,,,,,,,,,,,,,,,,,,,,,,,,,,,,,,,,,,,,,,,,,,,,,,,,,,,,,,,,,,,,,,,,,,,,,,,,,,,,,,,,,,,,,1.391935434192419,,"29 - 29",,,,0.32328767,0.35342466,0.32328767,0.09863014,0.60821918,0.29315068,0.0975,,,,,,,,,,,,,,,,,,,,,,,,,,,,,,,,,,,,,,,,,,,,,,,,,,,,,,,,,,,,,,,,,,,,,,,,,,,,,,,,,,,,,,,,,,,,,,,,,,,,,,,,,,,,,,,,,,,,,,,,,,,,,"L",,,,,,,,,,,,,,,,,,,,,,,,,,,,,,,,,,,,,,,,,,,,,,,,,,,,,,,,,,,,,,,,,,,,,,,,,,,,,,,,,,,,,,,,,,,,,,,,,,,,,,,,,,,,,,,,,,,,,,,,,,"Luis Arraez",18568,650333
"Steven Kwan","CLE","Steven Kwan","CLE",2026,28,120,317,372,94,78,12,2,2,47,19,47,0,32,2,2,3,2,7,3,0.296529968,110,96,74,5,1501,585,916,7,10,4,0.126344086,0.086021505,1.46875,0.388586956,0.365930599,0.754517555,0.069400631,0.322807017,1.145833333,0.264285714,0.392857142,0.342857142,0.052083333,0.020833333,0.063636363,0.4,0.3428071860385978,7.956575961996865,51.884959789206334,,,,,,,,4.497794647228291,120.60323812371216,,,,,,,,,,,,,,,,,,,,,,,,,,,,,,,,,,,,,,,,,,,,,,,,,,,,,,,,,,,,,,,,,,,,,,,,,,,,,,,,,,,,,,,,,,,,,,,,,,,,,,,,,,,,,,,,,,,,,,,,,,,,,,,,,,,,,,,,-0.5477337064221501,,"28 - 28",,,,0.28965517,0.36551724,0.34482759,0.13103448,0.67586207,0.19310345,0.21774194,,,,,,,,,,,,,,,,,,,,,,,,,,,,,,,,,,,,,,,,,,,,,,,,,,,,,,,,,,,,,,,,,,,,,,,,,,,,,,,,,,,,,,,,,,,,,,,,,,,,,,,,,,,,,,,,,,,,,,,,,,,,,"L",,,,,,,,,,,,,,,,,,,,,,,,,,,,,,,,,,,,,,,,,,,,,,,,,,,,,,,,,,,,,,,,,,,,,,,,,,,,,,,,,,,,,,,,,,,,,,,,,,,,,,,,,,,,,,,,,,,,,,,,,,"Steven Kwan",24610,680757
"Cole Carrigg","COL","Cole Carrigg","COL",2026,24,58,125,152,30,19,5,3,3,18,17,22,1,28,4,1,0,2,4,3,0.24,38,36,22,3,614,258,356,2,2,2,0.144736842,0.184210526,0.785714285,0.368421052,0.4,0.768421052,0.16,0.284210526,1.055555555,0.229166666,0.395833333,0.375,0.083333333,0.083333333,0.052631578,1,0.342709356980608,3.2390803001450426,21.18831240158547,,,,,,,,5.976734596480472,103.69887078605802,,,,,,,,,,,,,,,,,,,,,,,,,,,,,,,,,,,,,,,,,,,,,,,,,,,,,,,,,,,,,,,,,,,,,,,,,,,,,,,,,,,,,,,,,,,,,,,,,,,,,,,,,,,,,,,,,,,,,,,,,,,,,,,,,,,,,,,,-0.6804248131811619,,"24 - 24",,,,0.47959184,0.2755102,0.24489796,0.13265306,0.47959184,0.3877551,0.34868421,,,,,,,,,,,,,,,,,,,,,,,,,,,,,,,,,,,,,,,,,,,,,,,,,,,,,,,,,,,,,,,,,,,,,,,,,,,,,,,,,,,,,,,,,,,,,,,,,,,,,,,,,,,,,,,,,,,,,,,,,,,,,"B",,,,,,,,,,,,,,,,,,,,,,,,,,,,,,,,,,,,,,,,,,,,,,,,,,,,,,,,,,,,,,,,,,,,,,,,,,,,,,,,,,,,,,,,,,,,,,,,,,,,,,,,,,,,,,,,,,,,,,,,,,"Cole Carrigg",33253,694249
"Cody Bellinger","NYY","Cody Bellinger","NYY",2026,30,103,259,301,67,44,13,2,8,37,40,40,0,48,0,2,0,1,9,5,0.258687258,74,94,45,7,1157,450,707,4,0,0,0.132890365,0.159468438,0.833333333,0.355481727,0.416988416,0.772470143,0.158301158,0.287804878,0.787234042,0.211267605,0.34741784,0.441314553,0.074468085,0.085106382,0.054054054,0,0.34257072626158247,6.380574844237857,41.92477788722187,,,,,,,,4.913266633238872,120.13422960541214,,,,,,,,,,,,,,,,,,,,,,,,,,,,,,,,,,,,,,,,,,,,,,,,,,,,,,,,,,,,,,,,,,,,,,,,,,,,,,,,,,,,,,,,,,,,,,,,,,,,,,,,,,,,,,,,,,,,,,,,,,,,,,,,,,,,,,,,-0.7274304442107677,,"30 - 30",,,,0.41314554,0.38967136,0.1971831,0.14084507,0.50704225,0.35211268,0.31893688,,,,,,,,,,,,,,,,,,,,,,,,,,,,,,,,,,,,,,,,,,,,,,,,,,,,,,,,,,,,,,,,,,,,,,,,,,,,,,,,,,,,,,,,,,,,,,,,,,,,,,,,,,,,,,,,,,,,,,,,,,,,,"L",,,,,,,,,,,,,,,,,,,,,,,,,,,,,,,,,,,,,,,,,,,,,,,,,,,,,,,,,,,,,,,,,,,,,,,,,,,,,,,,,,,,,,,,,,,,,,,,,,,,,,,,,,,,,,,,,,,,,,,,,,"Cody Bellinger",15998,641355
"Dominic Canzone","SEA","Dominic Canzone","SEA",2026,28,120,304,331,78,41,20,1,16,41,49,23,1,71,2,2,0,6,2,1,0.256578947,99,88,48,6,1227,421,806,1,0,0,0.069486404,0.21450151,0.323943661,0.311178247,0.486842105,0.798020352,0.230263158,0.283105022,1.125,0.204255319,0.421276595,0.374468085,0.068181818,0.181818181,0.01010101,0,0.34239479213049917,6.969542425542793,46.05635706749531,,,,,,,,3.3998193591696864,126.74634636527496,,,,,,,,,,,,,,,,,,,,,,,,,,,,,,,,,,,,,,,,,,,,,,,,,,,,,,,,,,,,,,,,,,,,,,,,,,,,,,,,,,,,,,,,,,,,,,,,,,,,,,,,,,,,,,,,,,,,,,,,,,,,,,,,,,,,,,,,-0.3768630651757121,,"28 - 28",,,,0.42978723,0.35744681,0.21276596,0.14042553,0.43829787,0.4212766,0.33232628,,,,,,,,,,,,,,,,,,,,,,,,,,,,,,,,,,,,,,,,,,,,,,,,,,,,,,,,,,,,,,,,,,,,,,,,,,,,,,,,,,,,,,,,,,,,,,,,,,,,,,,,,,,,,,,,,,,,,,,,,,,,,"L",,,,,,,,,,,,,,,,,,,,,,,,,,,,,,,,,,,,,,,,,,,,,,,,,,,,,,,,,,,,,,,,,,,,,,,,,,,,,,,,,,,,,,,,,,,,,,,,,,,,,,,,,,,,,,,,,,,,,,,,,,"Dominic Canzone",26438,686527
"Spencer Horwitz","PIT","Spencer Horwitz","PIT",2026,28,93,261,306,67,45,12,1,9,32,33,37,0,44,5,3,0,11,1,0,0.25670498,84,98,38,13,1222,487,735,4,0,0,0.120915032,0.143790849,0.84090909,0.35620915,0.413793103,0.770002253,0.157088123,0.274881516,0.857142857,0.172727272,0.381818181,0.445454545,0.132653061,0.091836734,0.047619047,0,0.3423139655512143,6.423193032748153,42.55783134222691,,,,,,,,2.8006087021900106,112.86946705676301,,,,,,,,,,,,,,,,,,,,,,,,,,,,,,,,,,,,,,,,,,,,,,,,,,,,,,,,,,,,,,,,,,,,,,,,,,,,,,,,,,,,,,,,,,,,,,,,,,,,,,,,,,,,,,,,,,,,,,,,,,,,,,,,,,,,,,,,-0.28982981014996767,,"28 - 28",,,,0.42272727,0.32727273,0.25,0.17272727,0.56818182,0.25909091,0.29411765,,,,,,,,,,,,,,,,,,,,,,,,,,,,,,,,,,,,,,,,,,,,,,,,,,,,,,,,,,,,,,,,,,,,,,,,,,,,,,,,,,,,,,,,,,,,,,,,,,,,,,,,,,,,,,,,,,,,,,,,,,,,,"L",,,,,,,,,,,,,,,,,,,,,,,,,,,,,,,,,,,,,,,,,,,,,,,,,,,,,,,,,,,,,,,,,,,,,,,,,,,,,,,,,,,,,,,,,,,,,,,,,,,,,,,,,,,,,,,,,,,,,,,,,,"Spencer Horwitz",26477,687462
"Garrett Mitchell","MIL","Garrett Mitchell","MIL",2026,27,114,303,346,79,47,23,1,8,47,46,41,2,112,2,0,0,2,9,4,0.260726072,105,47,39,3,1409,554,855,8,0,0,0.118497109,0.323699421,0.366071428,0.352601156,0.422442244,0.7750434,0.161716172,0.387978142,2.234042553,0.204188481,0.549738219,0.246073298,0.063829787,0.170212765,0.076190476,0,0.3417724882100904,7.111713787609868,47.96983422904664,,,,,,,,4.823118966448631,116.94122457380175,,,,,,,,,,,,,,,,,,,,,,,,,,,,,,,,,,,,,,,,,,,,,,,,,,,,,,,,,,,,,,,,,,,,,,,,,,,,,,,,,,,,,,,,,,,,,,,,,,,,,,,,,,,,,,,,,,,,,,,,,,,,,,,,,,,,,,,,-0.33905308693647385,,"27 - 27",,,,0.34031414,0.38743455,0.27225131,0.11518325,0.44502618,0.43979058,0.46531792,,,,,,,,,,,,,,,,,,,,,,,,,,,,,,,,,,,,,,,,,,,,,,,,,,,,,,,,,,,,,,,,,,,,,,,,,,,,,,,,,,,,,,,,,,,,,,,,,,,,,,,,,,,,,,,,,,,,,,,,,,,,,"L",,,,,,,,,,,,,,,,,,,,,,,,,,,,,,,,,,,,,,,,,,,,,,,,,,,,,,,,,,,,,,,,,,,,,,,,,,,,,,,,,,,,,,,,,,,,,,,,,,,,,,,,,,,,,,,,,,,,,,,,,,"Garrett Mitchell",27555,669003
"Will Wagner","SDP","Will Wagner","SDP",2026,27,16,34,44,9,8,1,0,0,5,0,10,1,7,0,0,0,2,0,0,0.264705882,19,5,3,0,175,74,101,0,0,0,0.227272727,0.159090909,1.428571428,0.431818181,0.294117647,0.725935828,0.029411765,0.333333333,3.8,0.111111111,0.703703703,0.185185185,0,0,0,0,0.34109498733697935,0.880335826386656,6.076166171540464,,,,,,,,1.1625939775,119.35882404937821,,,,,,,,,,,,,,,,,,,,,,,,,,,,,,,,,,,,,,,,,,,,,,,,,,,,,,,,,,,,,,,,,,,,,,,,,,,,,,,,,,,,,,,,,,,,,,,,,,,,,,,,,,,,,,,,,,,,,,,,,,,,,,,,,,,,,,,,-0.09571387153118849,,"27 - 27",,,,0.22222222,0.44444444,0.33333333,0.14814815,0.81481481,0.03703704,0.38636364,,,,,,,,,,,,,,,,,,,,,,,,,,,,,,,,,,,,,,,,,,,,,,,,,,,,,,,,,,,,,,,,,,,,,,,,,,,,,,,,,,,,,,,,,,,,,,,,,,,,,,,,,,,,,,,,,,,,,,,,,,,,,"L",,,,,,,,,,,,,,,,,,,,,,,,,,,,,,,,,,,,,,,,,,,,,,,,,,,,,,,,,,,,,,,,,,,,,,,,,,,,,,,,,,,,,,,,,,,,,,,,,,,,,,,,,,,,,,,,,,,,,,,,,,"Will Wagner",29634,695238
"Willi Castro","COL","Willi Castro","COL",2026,29,114,271,311,69,44,14,0,11,45,39,34,0,85,4,2,0,2,5,2,0.254612546,67,79,41,4,1251,461,790,3,1,0,0.109324758,0.273311897,0.4,0.344051446,0.42804428,0.772095726,0.173431734,0.327683615,0.848101265,0.219251336,0.35828877,0.422459893,0.050632911,0.139240506,0.044776119,0,0.34104814866731403,6.2106244783209865,42.9356980542945,,,,,,,,3.8384222683021783,102.58440227013324,,,,,,,,,,,,,,,,,,,,,,,,,,,,,,,,,,,,,,,,,,,,,,,,,,,,,,,,,,,,,,,,,,,,,,,,,,,,,,,,,,,,,,,,,,,,,,,,,,,,,,,,,,,,,,,,,,,,,,,,,,,,,,,,,,,,,,,,-0.2834751959890127,,"29 - 29",,,,0.45212766,0.31914894,0.2287234,0.13829787,0.46808511,0.39361702,0.41800643,,,,,,,,,,,,,,,,,,,,,,,,,,,,,,,,,,,,,,,,,,,,,,,,,,,,,,,,,,,,,,,,,,,,,,,,,,,,,,,,,,,,,,,,,,,,,,,,,,,,,,,,,,,,,,,,,,,,,,,,,,,,,"B",,,,,,,,,,,,,,,,,,,,,,,,,,,,,,,,,,,,,,,,,,,,,,,,,,,,,,,,,,,,,,,,,,,,,,,,,,,,,,,,,,,,,,,,,,,,,,,,,,,,,,,,,,,,,,,,,,,,,,,,,,"Willi Castro",17338,650489
"Kyle Karros","COL","Kyle Karros","COL",2026,23,96,221,261,55,36,9,2,8,39,33,34,0,54,3,3,0,4,3,0,0.248868778,79,58,32,9,1047,427,620,4,1,0,0.130268199,0.206896551,0.629629629,0.352490421,0.416289592,0.768780013,0.167420814,0.290123456,1.362068965,0.189349112,0.467455621,0.343195266,0.155172413,0.137931034,0.050632911,0,0.3407724554511322,5.154094112359884,35.97481502338588,,,,,,,,5.56712529995969,102.3994456894143,,,,,,,,,,,,,,,,,,,,,,,,,,,,,,,,,,,,,,,,,,,,,,,,,,,,,,,,,,,,,,,,,,,,,,,,,,,,,,,,,,,,,,,,,,,,,,,,,,,,,,,,,,,,,,,,,,,,,,,,,,,,,,,,,,,,,,,,0.1889933841302991,,"23 - 23",,,,0.39411765,0.35294118,0.25294118,0.15294118,0.42941176,0.41764706,0.36781609,,,,,,,,,,,,,,,,,,,,,,,,,,,,,,,,,,,,,,,,,,,,,,,,,,,,,,,,,,,,,,,,,,,,,,,,,,,,,,,,,,,,,,,,,,,,,,,,,,,,,,,,,,,,,,,,,,,,,,,,,,,,,"R",,,,,,,,,,,,,,,,,,,,,,,,,,,,,,,,,,,,,,,,,,,,,,,,,,,,,,,,,,,,,,,,,,,,,,,,,,,,,,,,,,,,,,,,,,,,,,,,,,,,,,,,,,,,,,,,,,,,,,,,,,"Kyle Karros",33252,691720
"Tyler Stephenson","CIN","Tyler Stephenson","CIN",2026,29,101,276,306,73,44,16,0,13,29,44,24,0,87,2,4,0,4,0,1,0.264492753,63,83,47,6,1225,457,768,5,0,0,0.078431372,0.284313725,0.275862068,0.323529411,0.463768115,0.787297526,0.199275362,0.333333333,0.759036144,0.243523316,0.32642487,0.430051813,0.072289156,0.156626506,0.079365079,0,0.3407038648923238,6.025802108071165,42.16044041754993,,,,,,,,0.998575512724831,112.94703885312688,,,,,,,,,,,,,,,,,,,,,,,,,,,,,,,,,,,,,,,,,,,,,,,,,,,,,,,,,,,,,,,,,,,,,,,,,,,,,,,,,,,,,,,,,,,,,,,,,,,,,,,,,,,,,,,,,,,,,,,,,,,,,,,,,,,,,,,,-0.8050142098218203,,"29 - 29",,,,0.32642487,0.38341969,0.29015544,0.11917098,0.45595855,0.42487047,0.40522876,,,,,,,,,,,,,,,,,,,,,,,,,,,,,,,,,,,,,,,,,,,,,,,,,,,,,,,,,,,,,,,,,,,,,,,,,,,,,,,,,,,,,,,,,,,,,,,,,,,,,,,,,,,,,,,,,,,,,,,,,,,,,"R",,,,,,,,,,,,,,,,,,,,,,,,,,,,,,,,,,,,,,,,,,,,,,,,,,,,,,,,,,,,,,,,,,,,,,,,,,,,,,,,,,,,,,,,,,,,,,,,,,,,,,,,,,,,,,,,,,,,,,,,,,"Tyler Stephenson",17988,663886
"Ryan Mountcastle","BAL","Ryan Mountcastle","BAL",2026,29,4,10,11,3,2,1,0,0,0,0,1,0,1,0,0,0,0,0,0,0.3,5,2,2,0,36,10,26,1,0,0,0.09090909,0.09090909,1,0.363636363,0.4,0.763636363,0.1,0.333333333,2.5,0.222222222,0.555555555,0.222222222,0,0,0.2,0,0.3400739214637063,0.21102475473574706,1.5099823410241993,,,,,,,,0.14285714,120.29402394170035,,,,,,,,,,,,,,,,,,,,,,,,,,,,,,,,,,,,,,,,,,,,,,,,,,,,,,,,,,,,,,,,,,,,,,,,,,,,,,,,,,,,,,,,,,,,,,,,,,,,,,,,,,,,,,,,,,,,,,,,,,,,,,,,,,,,,,,,-0.016890683211386204,,"29 - 29",,,,0.44444444,0.33333333,0.22222222,0.22222222,0.55555556,0.22222222,0.18181818,,,,,,,,,,,,,,,,,,,,,,,,,,,,,,,,,,,,,,,,,,,,,,,,,,,,,,,,,,,,,,,,,,,,,,,,,,,,,,,,,,,,,,,,,,,,,,,,,,,,,,,,,,,,,,,,,,,,,,,,,,,,,"R",,,,,,,,,,,,,,,,,,,,,,,,,,,,,,,,,,,,,,,,,,,,,,,,,,,,,,,,,,,,,,,,,,,,,,,,,,,,,,,,,,,,,,,,,,,,,,,,,,,,,,,,,,,,,,,,,,,,,,,,,,"Ryan Mountcastle",18373,663624
"Bryan Torres","STL","Bryan Torres","STL",2026,28,51,100,111,28,21,1,2,4,12,16,9,0,23,0,2,0,0,1,0,0.28,34,27,18,0,449,159,290,3,0,0,0.081081081,0.207207207,0.391304347,0.333333333,0.45,0.783333333,0.17,0.32,1.259259259,0.227848101,0.430379746,0.341772151,0,0.148148148,0.088235294,0,0.339121509779681,2.0441626131828934,15.151825529366366,,,,,,,,5.430001737206526,115.51168859743348,,,,,,,,,,,,,,,,,,,,,,,,,,,,,,,,,,,,,,,,,,,,,,,,,,,,,,,,,,,,,,,,,,,,,,,,,,,,,,,,,,,,,,,,,,,,,,,,,,,,,,,,,,,,,,,,,,,,,,,,,,,,,,,,,,,,,,,,0.0310931708663702,,"28 - 28",,,,0.51898734,0.29113924,0.18987342,0.05063291,0.62025316,0.32911392,0.32432432,,,,,,,,,,,,,,,,,,,,,,,,,,,,,,,,,,,,,,,,,,,,,,,,,,,,,,,,,,,,,,,,,,,,,,,,,,,,,,,,,,,,,,,,,,,,,,,,,,,,,,,,,,,,,,,,,,,,,,,,,,,,,"L",,,,,,,,,,,,,,,,,,,,,,,,,,,,,,,,,,,,,,,,,,,,,,,,,,,,,,,,,,,,,,,,,,,,,,,,,,,,,,,,,,,,,,,,,,,,,,,,,,,,,,,,,,,,,,,,,,,,,,,,,,"Bryan Torres",21464,663494
"Eloy Jiménez","TOR","Eloy Jiménez","TOR",2026,29,8,18,22,6,6,0,0,0,2,2,3,0,5,0,1,0,1,0,0,0.333333333,5,6,3,1,84,29,55,1,0,0,0.136363636,0.227272727,0.6,0.409090909,0.333333333,0.742424242,0,0.428571428,0.833333333,0.214285714,0.357142857,0.428571428,0.166666666,0,0.2,0,0.3379921317100525,0.38510898662376797,2.9830241592006725,,,,,,,,0.9067460274999999,117.66531832108207,,,,,,,,,,,,,,,,,,,,,,,,,,,,,,,,,,,,,,,,,,,,,,,,,,,,,,,,,,,,,,,,,,,,,,,,,,,,,,,,,,,,,,,,,,,,,,,,,,,,,,,,,,,,,,,,,,,,,,,,,,,,,,,,,,,,,,,,-0.05067204963415861,,"29 - 29",,,,0.64285714,0.21428571,0.14285714,0.14285714,0.5,0.35714286,0.36363636,,,,,,,,,,,,,,,,,,,,,,,,,,,,,,,,,,,,,,,,,,,,,,,,,,,,,,,,,,,,,,,,,,,,,,,,,,,,,,,,,,,,,,,,,,,,,,,,,,,,,,,,,,,,,,,,,,,,,,,,,,,,,"R",,,,,,,,,,,,,,,,,,,,,,,,,,,,,,,,,,,,,,,,,,,,,,,,,,,,,,,,,,,,,,,,,,,,,,,,,,,,,,,,,,,,,,,,,,,,,,,,,,,,,,,,,,,,,,,,,,,,,,,,,,"Eloy Jimenez",17484,650391
"Travis Bazzana","CLE","Travis Bazzana","CLE",2026,23,95,260,301,68,43,15,2,8,31,33,33,1,59,3,5,0,2,11,4,0.261538461,78,78,50,10,1187,443,744,4,0,0,0.109634551,0.196013289,0.559322033,0.34551495,0.426923076,0.772438026,0.165384615,0.303030303,1,0.242718446,0.378640776,0.378640776,0.128205128,0.102564102,0.051282051,0,0.33783492803573606,5.230825483809952,40.77502852679396,,,,,,,,5.134947410454972,117.1428949367058,,,,,,,,,,,,,,,,,,,,,,,,,,,,,,,,,,,,,,,,,,,,,,,,,,,,,,,,,,,,,,,,,,,,,,,,,,,,,,,,,,,,,,,,,,,,,,,,,,,,,,,,,,,,,,,,,,,,,,,,,,,,,,,,,,,,,,,,0.11724919639527798,,"23 - 23",,,,0.42718447,0.34466019,0.22815534,0.15048544,0.54368932,0.30582524,0.33222591,,,,,,,,,,,,,,,,,,,,,,,,,,,,,,,,,,,,,,,,,,,,,,,,,,,,,,,,,,,,,,,,,,,,,,,,,,,,,,,,,,,,,,,,,,,,,,,,,,,,,,,,,,,,,,,,,,,,,,,,,,,,,"L",,,,,,,,,,,,,,,,,,,,,,,,,,,,,,,,,,,,,,,,,,,,,,,,,,,,,,,,,,,,,,,,,,,,,,,,,,,,,,,,,,,,,,,,,,,,,,,,,,,,,,,,,,,,,,,,,,,,,,,,,,"Travis Bazzana",34967,683953
"Zack Gelof","ATH","Zack Gelof","ATH",2026,26,80,221,247,55,33,11,0,11,40,28,19,0,63,5,0,2,6,8,1,0.248868778,66,62,28,5,960,352,608,5,4,2,0.076923076,0.255060728,0.301587301,0.322448979,0.4479638,0.770412779,0.199095022,0.299319727,1.064516129,0.179487179,0.423076923,0.397435897,0.080645161,0.177419354,0.075757575,0.5,0.33773164165263275,4.2718278961451315,33.43933006098583,,,,,,,,5.624027526636665,108.65085930469662,,,,,,,,,,,,,,,,,,,,,,,,,,,,,,,,,,,,,,,,,,,,,,,,,,,,,,,,,,,,,,,,,,,,,,,,,,,,,,,,,,,,,,,,,,,,,,,,,,,,,,,,,,,,,,,,,,,,,,,,,,,,,,,,,,,,,,,,0.8681787746027112,,"26 - 26",,,,0.4125,0.39375,0.19375,0.14375,0.51875,0.3375,0.37651822,,,,,,,,,,,,,,,,,,,,,,,,,,,,,,,,,,,,,,,,,,,,,,,,,,,,,,,,,,,,,,,,,,,,,,,,,,,,,,,,,,,,,,,,,,,,,,,,,,,,,,,,,,,,,,,,,,,,,,,,,,,,,"R",,,,,,,,,,,,,,,,,,,,,,,,,,,,,,,,,,,,,,,,,,,,,,,,,,,,,,,,,,,,,,,,,,,,,,,,,,,,,,,,,,,,,,,,,,,,,,,,,,,,,,,,,,,,,,,,,,,,,,,,,,"Zack Gelof",29766,680869
"George Springer","TOR","George Springer","TOR",2026,36,97,274,306,72,49,11,1,11,41,30,29,0,56,1,0,0,7,8,2,0.262773722,102,80,36,8,1216,464,752,9,0,0,0.094771241,0.183006535,0.517857142,0.335526315,0.430656934,0.766183249,0.167883212,0.29468599,1.275,0.165137614,0.467889908,0.366972477,0.1,0.1375,0.088235294,0,0.33766420695342514,5.275580392198415,41.410218701677174,,,,,,,,4.998532145985887,117.43710566663151,,,,,,,,,,,,,,,,,,,,,,,,,,,,,,,,,,,,,,,,,,,,,,,,,,,,,,,,,,,,,,,,,,,,,,,,,,,,,,,,,,,,,,,,,,,,,,,,,,,,,,,,,,,,,,,,,,,,,,,,,,,,,,,,,,,,,,,,0.3334154961630702,,"36 - 36",,,,0.41284404,0.37614679,0.21100917,0.14678899,0.48165138,0.37155963,0.31372549,,,,,,,,,,,,,,,,,,,,,,,,,,,,,,,,,,,,,,,,,,,,,,,,,,,,,,,,,,,,,,,,,,,,,,,,,,,,,,,,,,,,,,,,,,,,,,,,,,,,,,,,,,,,,,,,,,,,,,,,,,,,,"R",,,,,,,,,,,,,,,,,,,,,,,,,,,,,,,,,,,,,,,,,,,,,,,,,,,,,,,,,,,,,,,,,,,,,,,,,,,,,,,,,,,,,,,,,,,,,,,,,,,,,,,,,,,,,,,,,,,,,,,,,,"George Springer",12856,543807
"Cam Cauley","TEX","Cam Cauley","TEX",2026,23,17,25,27,7,4,3,0,0,3,0,3,0,4,0,0,0,0,0,0,0.28,9,7,5,3,103,39,64,3,0,0,0.111111111,0.148148148,0.75,0.357142857,0.4,0.757142857,0.12,0.333333333,1.285714285,0.238095238,0.428571428,0.333333333,0.428571428,0,0.333333333,0,0.3372114045279367,0.45563150015636256,3.643981939228018,,,,,,,,1.39285714,118.41311997824417,,,,,,,,,,,,,,,,,,,,,,,,,,,,,,,,,,,,,,,,,,,,,,,,,,,,,,,,,,,,,,,,,,,,,,,,,,,,,,,,,,,,,,,,,,,,,,,,,,,,,,,,,,,,,,,,,,,,,,,,,,,,,,,,,,,,,,,,-0.03941159415990114,,"23 - 23",,,,0.55,0.25,0.2,0.35,0.3,0.35,0.25925926,,,,,,,,,,,,,,,,,,,,,,,,,,,,,,,,,,,,,,,,,,,,,,,,,,,,,,,,,,,,,,,,,,,,,,,,,,,,,,,,,,,,,,,,,,,,,,,,,,,,,,,,,,,,,,,,,,,,,,,,,,,,,"R",,,,,,,,,,,,,,,,,,,,,,,,,,,,,,,,,,,,,,,,,,,,,,,,,,,,,,,,,,,,,,,,,,,,,,,,,,,,,,,,,,,,,,,,,,,,,,,,,,,,,,,,,,,,,,,,,,,,,,,,,,"Cam Cauley",29710,695508
"Ronald Acuña Jr.","ATL","Ronald Acuña Jr.","ATL",2026,28,81,219,254,55,37,9,0,9,28,31,29,1,57,4,2,0,1,12,4,0.251141552,71,64,29,10,984,395,589,6,0,0,0.114173228,0.224409448,0.508771929,0.346456692,0.415525114,0.761981806,0.164383562,0.296774193,1.109375,0.176829268,0.432926829,0.390243902,0.15625,0.140625,0.084507042,0,0.336879614549192,4.218337518269326,34.21244905620267,,,,,,,,4.215640645202072,112.48496020045718,,,,,,,,,,,,,,,,,,,,,,,,,,,,,,,,,,,,,,,,,,,,,,,,,,,,,,,,,,,,,,,,,,,,,,,,,,,,,,,,,,,,,,,,,,,,,,,,,,,,,,,,,,,,,,,,,,,,,,,,,,,,,,,,,,,,,,,,0.3679212490096688,,"28 - 28",,,,0.3902439,0.32317073,0.28658537,0.15243902,0.41463415,0.43292683,0.37401575,,,,,,,,,,,,,,,,,,,,,,,,,,,,,,,,,,,,,,,,,,,,,,,,,,,,,,,,,,,,,,,,,,,,,,,,,,,,,,,,,,,,,,,,,,,,,,,,,,,,,,,,,,,,,,,,,,,,,,,,,,,,,"R",,,,,,,,,,,,,,,,,,,,,,,,,,,,,,,,,,,,,,,,,,,,,,,,,,,,,,,,,,,,,,,,,,,,,,,,,,,,,,,,,,,,,,,,,,,,,,,,,,,,,,,,,,,,,,,,,,,,,,,,,,"Ronald Acuna Jr.",18401,660670
"Carson Benge","NYM","Carson Benge","NYM",2026,23,125,366,400,103,74,16,2,11,52,39,29,1,80,4,1,0,5,14,2,0.281420765,131,96,60,1,1600,575,1025,8,0,0,0.0725,0.2,0.3625,0.34,0.426229508,0.766229508,0.144808743,0.333333333,1.364583333,0.209059233,0.456445993,0.334494773,0.010416666,0.114583333,0.061068702,0,0.33660039716495904,6.552967567847342,53.787788887427425,,,,,,,,5.7713495868571485,114.0423348399914,,,,,,,,,,,,,,,,,,,,,,,,,,,,,,,,,,,,,,,,,,,,,,,,,,,,,,,,,,,,,,,,,,,,,,,,,,,,,,,,,,,,,,,,,,,,,,,,,,,,,,,,,,,,,,,,,,,,,,,,,,,,,,,,,,,,,,,,1.3813993651419878,,"23 - 23",,,,0.36236934,0.35888502,0.27874564,0.12543554,0.51567944,0.35888502,0.3,,,,,,,,,,,,,,,,,,,,,,,,,,,,,,,,,,,,,,,,,,,,,,,,,,,,,,,,,,,,,,,,,,,,,,,,,,,,,,,,,,,,,,,,,,,,,,,,,,,,,,,,,,,,,,,,,,,,,,,,,,,,,"L",,,,,,,,,,,,,,,,,,,,,,,,,,,,,,,,,,,,,,,,,,,,,,,,,,,,,,,,,,,,,,,,,,,,,,,,,,,,,,,,,,,,,,,,,,,,,,,,,,,,,,,,,,,,,,,,,,,,,,,,,,"Carson Benge",35177,701807
"Esmerlyn Valdez","PIT","Esmerlyn Valdez","PIT",2026,22,54,134,157,32,19,6,0,7,20,18,19,0,63,1,3,0,4,0,1,0.23880597,25,33,16,2,688,268,420,3,0,0,0.121019108,0.401273885,0.301587301,0.331210191,0.440298507,0.771508698,0.201492537,0.373134328,0.757575757,0.216216216,0.337837837,0.445945945,0.06060606,0.212121212,0.12,0,0.33659324448579436,2.5711340129859557,21.110801380921135,,,,,,,,1.800953119359892,109.03155975472434,,,,,,,,,,,,,,,,,,,,,,,,,,,,,,,,,,,,,,,,,,,,,,,,,,,,,,,,,,,,,,,,,,,,,,,,,,,,,,,,,,,,,,,,,,,,,,,,,,,,,,,,,,,,,,,,,,,,,,,,,,,,,,,,,,,,,,,,-0.6304771499708295,,"22 - 22",,,,0.36486486,0.36486486,0.27027027,0.10810811,0.48648649,0.40540541,0.56687898,,,,,,,,,,,,,,,,,,,,,,,,,,,,,,,,,,,,,,,,,,,,,,,,,,,,,,,,,,,,,,,,,,,,,,,,,,,,,,,,,,,,,,,,,,,,,,,,,,,,,,,,,,,,,,,,,,,,,,,,,,,,,"R",,,,,,,,,,,,,,,,,,,,,,,,,,,,,,,,,,,,,,,,,,,,,,,,,,,,,,,,,,,,,,,,,,,,,,,,,,,,,,,,,,,,,,,,,,,,,,,,,,,,,,,,,,,,,,,,,,,,,,,,,,"Esmerlyn Valdez",29005,699013
"Andrew Vaughn","MIL","Andrew Vaughn","MIL",2026,28,72,158,182,45,37,4,1,3,16,22,17,0,32,5,2,0,2,0,0,0.284810126,57,43,28,4,747,280,467,6,0,0,0.093406593,0.175824175,0.53125,0.368131868,0.379746835,0.747878703,0.094936709,0.336,1.325581395,0.21875,0.4453125,0.3359375,0.093023255,0.069767441,0.105263157,0,0.33656269311904913,2.9760654318769055,24.46790913228584,,,,,,,,2.14497578375,113.44608639220178,,,,,,,,,,,,,,,,,,,,,,,,,,,,,,,,,,,,,,,,,,,,,,,,,,,,,,,,,,,,,,,,,,,,,,,,,,,,,,,,,,,,,,,,,,,,,,,,,,,,,,,,,,,,,,,,,,,,,,,,,,,,,,,,,,,,,,,,-0.33218343649059534,,"28 - 28",,,,0.359375,0.3515625,0.2890625,0.1640625,0.4609375,0.375,0.28571429,,,,,,,,,,,,,,,,,,,,,,,,,,,,,,,,,,,,,,,,,,,,,,,,,,,,,,,,,,,,,,,,,,,,,,,,,,,,,,,,,,,,,,,,,,,,,,,,,,,,,,,,,,,,,,,,,,,,,,,,,,,,,"R",,,,,,,,,,,,,,,,,,,,,,,,,,,,,,,,,,,,,,,,,,,,,,,,,,,,,,,,,,,,,,,,,,,,,,,,,,,,,,,,,,,,,,,,,,,,,,,,,,,,,,,,,,,,,,,,,,,,,,,,,,"Andrew Vaughn",26197,683734
"Nathan Lukes","TOR","Nathan Lukes","TOR",2026,31,98,272,299,79,60,10,0,9,34,30,18,0,39,3,2,4,8,0,1,0.290441176,116,72,45,5,1210,417,793,5,6,2,0.060200668,0.130434782,0.461538461,0.33898305,0.426470588,0.765453638,0.136029412,0.309734513,1.611111111,0.193133047,0.497854077,0.309012875,0.069444444,0.125,0.043103448,0.333333333,0.3364703544115616,4.866981467492237,40.175010403878346,,,,,,,,1.5549528233613321,116.6062679451878,,,,,,,,,,,,,,,,,,,,,,,,,,,,,,,,,,,,,,,,,,,,,,,,,,,,,,,,,,,,,,,,,,,,,,,,,,,,,,,,,,,,,,,,,,,,,,,,,,,,,,,,,,,,,,,,,,,,,,,,,,,,,,,,,,,,,,,,-0.8669467149302363,,"31 - 31",,,,0.36820084,0.35146444,0.28033473,0.12970711,0.60669456,0.26359833,0.22073579,,,,,,,,,,,,,,,,,,,,,,,,,,,,,,,,,,,,,,,,,,,,,,,,,,,,,,,,,,,,,,,,,,,,,,,,,,,,,,,,,,,,,,,,,,,,,,,,,,,,,,,,,,,,,,,,,,,,,,,,,,,,,"L",,,,,,,,,,,,,,,,,,,,,,,,,,,,,,,,,,,,,,,,,,,,,,,,,,,,,,,,,,,,,,,,,,,,,,,,,,,,,,,,,,,,,,,,,,,,,,,,,,,,,,,,,,,,,,,,,,,,,,,,,,"Nathan Lukes",18123,664770
"Geraldo Perdomo","ARI","Geraldo Perdomo","ARI",2026,26,128,338,403,84,59,13,4,8,52,30,58,0,51,4,2,1,7,14,6,0.24852071,106,106,77,7,1743,690,1053,6,1,0,0.143920595,0.126550868,1.137254901,0.363184079,0.381656804,0.744840883,0.133136094,0.270462633,1,0.266435986,0.366782006,0.366782006,0.066037735,0.075471698,0.056603773,0,0.33617794498875364,6.464797261270515,54.05387974074745,,,,,,,,5.895526876241341,111.50208865829497,,,,,,,,,,,,,,,,,,,,,,,,,,,,,,,,,,,,,,,,,,,,,,,,,,,,,,,,,,,,,,,,,,,,,,,,,,,,,,,,,,,,,,,,,,,,,,,,,,,,,,,,,,,,,,,,,,,,,,,,,,,,,,,,,,,,,,,,-0.34664712380617857,,"26 - 26",,,,0.48275862,0.3137931,0.20344828,0.1,0.57241379,0.32758621,0.29032258,,,,,,,,,,,,,,,,,,,,,,,,,,,,,,,,,,,,,,,,,,,,,,,,,,,,,,,,,,,,,,,,,,,,,,,,,,,,,,,,,,,,,,,,,,,,,,,,,,,,,,,,,,,,,,,,,,,,,,,,,,,,,"B",,,,,,,,,,,,,,,,,,,,,,,,,,,,,,,,,,,,,,,,,,,,,,,,,,,,,,,,,,,,,,,,,,,,,,,,,,,,,,,,,,,,,,,,,,,,,,,,,,,,,,,,,,,,,,,,,,,,,,,,,,"Geraldo Perdomo",22799,672695
"Brandon Marsh","PHI","Brandon Marsh","PHI",2026,28,126,358,389,102,72,16,0,14,57,46,28,5,83,0,3,0,2,9,2,0.284916201,110,98,69,6,1467,511,956,1,1,0,0.071979434,0.213367609,0.337349397,0.334190231,0.446927374,0.781117605,0.162011173,0.333333333,1.122448979,0.249097472,0.397111913,0.353790613,0.061224489,0.142857142,0.009090909,0,0.3361417582879464,6.228859911575904,52.16472364486753,,,,,,,,4.39825419711914,108.50556474973645,,,,,,,,,,,,,,,,,,,,,,,,,,,,,,,,,,,,,,,,,,,,,,,,,,,,,,,,,,,,,,,,,,,,,,,,,,,,,,,,,,,,,,,,,,,,,,,,,,,,,,,,,,,,,,,,,,,,,,,,,,,,,,,,,,,,,,,,0.4433318553492427,,"28 - 28",,,,0.39208633,0.34892086,0.25899281,0.10431655,0.53597122,0.35971223,0.32133676,,,,,,,,,,,,,,,,,,,,,,,,,,,,,,,,,,,,,,,,,,,,,,,,,,,,,,,,,,,,,,,,,,,,,,,,,,,,,,,,,,,,,,,,,,,,,,,,,,,,,,,,,,,,,,,,,,,,,,,,,,,,,"L",,,,,,,,,,,,,,,,,,,,,,,,,,,,,,,,,,,,,,,,,,,,,,,,,,,,,,,,,,,,,,,,,,,,,,,,,,,,,,,,,,,,,,,,,,,,,,,,,,,,,,,,,,,,,,,,,,,,,,,,,,"Brandon Marsh",20202,669016
"Ryan Ward","LAD","Ryan Ward","LAD",2026,28,20,52,57,12,5,4,0,3,7,12,5,0,15,0,0,0,2,0,0,0.23076923,14,15,8,3,241,85,156,1,0,0,0.087719298,0.263157894,0.333333333,0.298245614,0.48076923,0.779014844,0.25,0.264705882,0.933333333,0.216216216,0.378378378,0.405405405,0.2,0.2,0.071428571,0,0.33590609253498543,0.9018774723414562,7.632839510381618,,,,,,,,1.30357142125,112.38312320944948,,,,,,,,,,,,,,,,,,,,,,,,,,,,,,,,,,,,,,,,,,,,,,,,,,,,,,,,,,,,,,,,,,,,,,,,,,,,,,,,,,,,,,,,,,,,,,,,,,,,,,,,,,,,,,,,,,,,,,,,,,,,,,,,,,,,,,,,-0.056302277371287346,,"28 - 28",,,,0.56756757,0.21621622,0.21621622,0.10810811,0.48648649,0.40540541,0.40350877,,,,,,,,,,,,,,,,,,,,,,,,,,,,,,,,,,,,,,,,,,,,,,,,,,,,,,,,,,,,,,,,,,,,,,,,,,,,,,,,,,,,,,,,,,,,,,,,,,,,,,,,,,,,,,,,,,,,,,,,,,,,,"L",,,,,,,,,,,,,,,,,,,,,,,,,,,,,,,,,,,,,,,,,,,,,,,,,,,,,,,,,,,,,,,,,,,,,,,,,,,,,,,,,,,,,,,,,,,,,,,,,,,,,,,,,,,,,,,,,,,,,,,,,,"Ryan Ward",27449,669899
"Francisco Alvarez","NYM","Francisco Alvarez","NYM",2026,24,91,226,255,56,34,11,0,11,23,28,23,0,71,3,1,0,12,0,0,0.24778761,71,56,29,10,1034,388,646,3,0,0,0.090196078,0.278431372,0.323943661,0.324110671,0.442477876,0.766588547,0.194690266,0.310344827,1.267857142,0.185897435,0.455128205,0.358974358,0.178571428,0.196428571,0.042253521,0,0.3358446616429114,4.022080146129254,34.134278737361555,,,,,,,,0.620798315,113.53532832012993,,,,,,,,,,,,,,,,,,,,,,,,,,,,,,,,,,,,,,,,,,,,,,,,,,,,,,,,,,,,,,,,,,,,,,,,,,,,,,,,,,,,,,,,,,,,,,,,,,,,,,,,,,,,,,,,,,,,,,,,,,,,,,,,,,,,,,,,-0.3378136642277241,,"24 - 24",,,,0.48076923,0.38461538,0.13461538,0.17948718,0.44871795,0.37179487,0.41176471,,,,,,,,,,,,,,,,,,,,,,,,,,,,,,,,,,,,,,,,,,,,,,,,,,,,,,,,,,,,,,,,,,,,,,,,,,,,,,,,,,,,,,,,,,,,,,,,,,,,,,,,,,,,,,,,,,,,,,,,,,,,,"R",,,,,,,,,,,,,,,,,,,,,,,,,,,,,,,,,,,,,,,,,,,,,,,,,,,,,,,,,,,,,,,,,,,,,,,,,,,,,,,,,,,,,,,,,,,,,,,,,,,,,,,,,,,,,,,,,,,,,,,,,,"Francisco Alvarez",26121,682626
"Osleivis Basabe","SFG","Osleivis Basabe","SFG",2026,25,24,56,58,15,9,2,0,4,9,9,0,0,11,1,1,0,0,2,1,0.267857142,20,20,5,1,208,60,148,3,1,1,0,0.189655172,0,0.275862068,0.517857142,0.79371921,0.25,0.261904761,1,0.111111111,0.444444444,0.444444444,0.05,0.2,0.15,1,0.3357577159486968,0.9107586473599403,7.7598077386990525,,,,,,,,5.392108242332691,114.05348600279103,,,,,,,,,,,,,,,,,,,,,,,,,,,,,,,,,,,,,,,,,,,,,,,,,,,,,,,,,,,,,,,,,,,,,,,,,,,,,,,,,,,,,,,,,,,,,,,,,,,,,,,,,,,,,,,,,,,,,,,,,,,,,,,,,,,,,,,,-0.0672005396336317,,"25 - 25",,,,0.47826087,0.36956522,0.15217391,0.2173913,0.45652174,0.32608696,0.25862069,,,,,,,,,,,,,,,,,,,,,,,,,,,,,,,,,,,,,,,,,,,,,,,,,,,,,,,,,,,,,,,,,,,,,,,,,,,,,,,,,,,,,,,,,,,,,,,,,,,,,,,,,,,,,,,,,,,,,,,,,,,,,"R",,,,,,,,,,,,,,,,,,,,,,,,,,,,,,,,,,,,,,,,,,,,,,,,,,,,,,,,,,,,,,,,,,,,,,,,,,,,,,,,,,,,,,,,,,,,,,,,,,,,,,,,,,,,,,,,,,,,,,,,,,"Osleivis Basabe",23985,678545
"Josh Jung","TEX","Josh Jung","TEX",2026,28,89,275,303,77,51,18,1,7,32,29,20,0,59,5,3,0,11,1,0,0.28,92,70,57,5,1096,365,731,3,0,0,0.0660066,0.194719471,0.33898305,0.336633663,0.429090909,0.765724572,0.149090909,0.330188679,1.314285714,0.260273972,0.420091324,0.319634703,0.071428571,0.1,0.032608695,0,0.33561481973125595,4.723006172987292,40.503383322569206,,,,,,,,3.0578393163489164,117.30200882502318,,,,,,,,,,,,,,,,,,,,,,,,,,,,,,,,,,,,,,,,,,,,,,,,,,,,,,,,,,,,,,,,,,,,,,,,,,,,,,,,,,,,,,,,,,,,,,,,,,,,,,,,,,,,,,,,,,,,,,,,,,,,,,,,,,,,,,,,-0.2278973050415516,,"28 - 28",,,,0.41552511,0.37899543,0.20547945,0.10502283,0.46118721,0.43378995,0.28382838,,,,,,,,,,,,,,,,,,,,,,,,,,,,,,,,,,,,,,,,,,,,,,,,,,,,,,,,,,,,,,,,,,,,,,,,,,,,,,,,,,,,,,,,,,,,,,,,,,,,,,,,,,,,,,,,,,,,,,,,,,,,,"R",,,,,,,,,,,,,,,,,,,,,,,,,,,,,,,,,,,,,,,,,,,,,,,,,,,,,,,,,,,,,,,,,,,,,,,,,,,,,,,,,,,,,,,,,,,,,,,,,,,,,,,,,,,,,,,,,,,,,,,,,,"Josh Jung",26299,673962
"Lars Nootbaar","- - -","Lars Nootbaar","- - -",2026,28,67,185,215,46,28,12,1,5,25,24,30,2,39,0,0,0,4,2,1,0.248648648,65,55,25,1,882,353,529,2,1,1,0.139534883,0.181395348,0.769230769,0.353488372,0.405405405,0.758893777,0.156756757,0.290780141,1.181818181,0.172413793,0.448275862,0.379310344,0.018181818,0.09090909,0.03076923,1,0.3355742592207143,3.351074020910656,28.739790480184947,,,,,,,,3.7390366878352657,112.51464831840933,,,,,,,,,,,,,,,,,,,,,,,,,,,,,,,,,,,,,,,,,,,,,,,,,,,,,,,,,,,,,,,,,,,,,,,,,,,,,,,,,,,,,,,,,,,,,,,,,,,,,,,,,,,,,,,,,,,,,,,,,,,,,,,,,,,,,,,,-0.3261910155415535,,"28 - 28",,,,0.39041096,0.38356164,0.2260274,0.10273973,0.50684932,0.39041096,0.34418605,,,,,,,,,,,,,,,,,,,,,,,,,,,,,,,,,,,,,,,,,,,,,,,,,,,,,,,,,,,,,,,,,,,,,,,,,,,,,,,,,,,,,,,,,,,,,,,,,,,,,,,,,,,,,,,,,,,,,,,,,,,,,"L",,,,,,,,,,,,,,,,,,,,,,,,,,,,,,,,,,,,,,,,,,,,,,,,,,,,,,,,,,,,,,,,,,,,,,,,,,,,,,,,,,,,,,,,,,,,,,,,,,,,,,,,,,,,,,,,,,,,,,,,,,"Lars Nootbaar",21454,663457
"Luis Lara","MIL","Luis Lara","MIL",2026,21,33,91,103,26,19,5,1,1,12,17,11,0,23,0,1,0,0,3,1,0.285714285,29,20,20,0,465,188,277,0,0,0,0.106796116,0.22330097,0.478260869,0.3592233,0.395604395,0.754827695,0.10989011,0.367647058,1.45,0.289855072,0.420289855,0.289855072,0,0.05,0,0,0.33547497084997235,1.593892126131206,13.756858615923075,,,,,,,,5.717548313324541,112.71635718650536,,,,,,,,,,,,,,,,,,,,,,,,,,,,,,,,,,,,,,,,,,,,,,,,,,,,,,,,,,,,,,,,,,,,,,,,,,,,,,,,,,,,,,,,,,,,,,,,,,,,,,,,,,,,,,,,,,,,,,,,,,,,,,,,,,,,,,,,0.02019490860402584,,"21 - 21",,,,0.31884058,0.37681159,0.30434783,0.10144928,0.63768116,0.26086957,0.33980583,,,,,,,,,,,,,,,,,,,,,,,,,,,,,,,,,,,,,,,,,,,,,,,,,,,,,,,,,,,,,,,,,,,,,,,,,,,,,,,,,,,,,,,,,,,,,,,,,,,,,,,,,,,,,,,,,,,,,,,,,,,,,"B",,,,,,,,,,,,,,,,,,,,,,,,,,,,,,,,,,,,,,,,,,,,,,,,,,,,,,,,,,,,,,,,,,,,,,,,,,,,,,,,,,,,,,,,,,,,,,,,,,,,,,,,,,,,,,,,,,,,,,,,,,"Luis Lara",30675,800325
"Alejandro Kirk","TOR","Alejandro Kirk","TOR",2026,27,56,140,159,37,26,4,0,7,12,25,17,3,13,0,2,0,2,1,0,0.264285714,61,45,23,6,622,234,388,1,0,0,0.106918238,0.081761006,1.307692307,0.339622641,0.442857142,0.782479783,0.178571428,0.245901639,1.355555555,0.178294573,0.472868217,0.348837209,0.133333333,0.155555555,0.016393442,0,0.33546809431834096,2.4595923718094572,21.23543384634254,,,,,,,,1.7281390583021343,115.9087651440081,,,,,,,,,,,,,,,,,,,,,,,,,,,,,,,,,,,,,,,,,,,,,,,,,,,,,,,,,,,,,,,,,,,,,,,,,,,,,,,,,,,,,,,,,,,,,,,,,,,,,,,,,,,,,,,,,,,,,,,,,,,,,,,,,,,,,,,,-0.025209106504917145,,"27 - 27",,,,0.26356589,0.37209302,0.36434109,0.1627907,0.50387597,0.33333333,0.2327044,,,,,,,,,,,,,,,,,,,,,,,,,,,,,,,,,,,,,,,,,,,,,,,,,,,,,,,,,,,,,,,,,,,,,,,,,,,,,,,,,,,,,,,,,,,,,,,,,,,,,,,,,,,,,,,,,,,,,,,,,,,,,"R",,,,,,,,,,,,,,,,,,,,,,,,,,,,,,,,,,,,,,,,,,,,,,,,,,,,,,,,,,,,,,,,,,,,,,,,,,,,,,,,,,,,,,,,,,,,,,,,,,,,,,,,,,,,,,,,,,,,,,,,,,"Alejandro Kirk",22581,672386
"Jake McCarthy","COL","Jake McCarthy","COL",2026,28,115,325,354,91,56,21,4,10,44,46,19,0,59,1,5,3,4,18,4,0.28,106,88,63,9,1173,390,783,5,17,6,0.053672316,0.166666666,0.322033898,0.317142857,0.461538461,0.778681318,0.181538461,0.310344827,1.204545454,0.245136186,0.412451361,0.342412451,0.102272727,0.113636363,0.047169811,0.352941176,0.3350335010460445,5.351985592027039,47.15480245985541,,,,,,,,6.967302893887005,98.54930603647945,,,,,,,,,,,,,,,,,,,,,,,,,,,,,,,,,,,,,,,,,,,,,,,,,,,,,,,,,,,,,,,,,,,,,,,,,,,,,,,,,,,,,,,,,,,,,,,,,,,,,,,,,,,,,,,,,,,,,,,,,,,,,,,,,,,,,,,,1.5285096727311611,,"28 - 28",,,,0.37956204,0.39051095,0.22992701,0.13138686,0.58394161,0.28467153,0.24858757,,,,,,,,,,,,,,,,,,,,,,,,,,,,,,,,,,,,,,,,,,,,,,,,,,,,,,,,,,,,,,,,,,,,,,,,,,,,,,,,,,,,,,,,,,,,,,,,,,,,,,,,,,,,,,,,,,,,,,,,,,,,,"L",,,,,,,,,,,,,,,,,,,,,,,,,,,,,,,,,,,,,,,,,,,,,,,,,,,,,,,,,,,,,,,,,,,,,,,,,,,,,,,,,,,,,,,,,,,,,,,,,,,,,,,,,,,,,,,,,,,,,,,,,,"Jake McCarthy",21622,664983
"JJ Wetherholt","STL","JJ Wetherholt","STL",2026,23,122,320,375,80,60,9,0,11,66,33,42,2,61,13,0,0,4,10,1,0.25,124,88,46,3,1533,635,898,7,1,0,0.112,0.162666666,0.68852459,0.36,0.38125,0.74125,0.13125,0.278225806,1.409090909,0.178294573,0.480620155,0.341085271,0.034090909,0.125,0.056451612,0,0.334448807201181,5.492626989145099,49.77527197625142,,,,,,,,5.5064739913736425,112.37687409744288,,,,,,,,,,,,,,,,,,,,,,,,,,,,,,,,,,,,,,,,,,,,,,,,,,,,,,,,,,,,,,,,,,,,,,,,,,,,,,,,,,,,,,,,,,,,,,,,,,,,,,,,,,,,,,,,,,,,,,,,,,,,,,,,,,,,,,,,0.9528860272839665,,"23 - 23",,,,0.40926641,0.36293436,0.22779923,0.10810811,0.54054054,0.35135135,0.304,,,,,,,,,,,,,,,,,,,,,,,,,,,,,,,,,,,,,,,,,,,,,,,,,,,,,,,,,,,,,,,,,,,,,,,,,,,,,,,,,,,,,,,,,,,,,,,,,,,,,,,,,,,,,,,,,,,,,,,,,,,,,"L",,,,,,,,,,,,,,,,,,,,,,,,,,,,,,,,,,,,,,,,,,,,,,,,,,,,,,,,,,,,,,,,,,,,,,,,,,,,,,,,,,,,,,,,,,,,,,,,,,,,,,,,,,,,,,,,,,,,,,,,,,"JJ Wetherholt",34985,802139
"Xavier Edwards","MIA","Xavier Edwards","MIA",2026,26,127,375,432,110,89,13,6,2,43,39,50,2,55,0,5,2,9,11,4,0.293333333,145,111,65,6,1687,672,1015,14,6,4,0.11574074,0.127314814,0.909090909,0.372093023,0.376,0.748093023,0.082666667,0.334365325,1.306306306,0.202492211,0.451713395,0.345794392,0.054054054,0.018018018,0.096551724,0.666666666,0.3337286110514792,6.076561588673462,57.09016861381995,,,,,,,,5.4534905705548615,109.36034360283409,,,,,,,,,,,,,,,,,,,,,,,,,,,,,,,,,,,,,,,,,,,,,,,,,,,,,,,,,,,,,,,,,,,,,,,,,,,,,,,,,,,,,,,,,,,,,,,,,,,,,,,,,,,,,,,,,,,,,,,,,,,,,,,,,,,,,,,,-0.21493424009531736,,"26 - 26",,,,0.32110092,0.34862385,0.33027523,0.13455657,0.55657492,0.3088685,0.24768519,,,,,,,,,,,,,,,,,,,,,,,,,,,,,,,,,,,,,,,,,,,,,,,,,,,,,,,,,,,,,,,,,,,,,,,,,,,,,,,,,,,,,,,,,,,,,,,,,,,,,,,,,,,,,,,,,,,,,,,,,,,,,"B",,,,,,,,,,,,,,,,,,,,,,,,,,,,,,,,,,,,,,,,,,,,,,,,,,,,,,,,,,,,,,,,,,,,,,,,,,,,,,,,,,,,,,,,,,,,,,,,,,,,,,,,,,,,,,,,,,,,,,,,,,"Xavier Edwards",22266,669364
"Gleyber Torres","DET","Gleyber Torres","DET",2026,29,76,222,249,63,52,5,0,6,29,25,25,0,45,1,1,0,6,0,0,0.283783783,85,55,38,2,1009,384,625,2,0,0,0.100401606,0.180722891,0.555555555,0.357429718,0.387387387,0.744817105,0.103603604,0.331395348,1.545454545,0.213483146,0.477528089,0.308988764,0.036363636,0.109090909,0.023529411,0,0.3337269928081926,3.5021375798978385,32.90581385133643,,,,,,,,1.270905915,112.99097249302095,,,,,,,,,,,,,,,,,,,,,,,,,,,,,,,,,,,,,,,,,,,,,,,,,,,,,,,,,,,,,,,,,,,,,,,,,,,,,,,,,,,,,,,,,,,,,,,,,,,,,,,,,,,,,,,,,,,,,,,,,,,,,,,,,,,,,,,,-0.4391577634960413,,"29 - 29",,,,0.25280899,0.35955056,0.38764045,0.13483146,0.61235955,0.25280899,0.30522088,,,,,,,,,,,,,,,,,,,,,,,,,,,,,,,,,,,,,,,,,,,,,,,,,,,,,,,,,,,,,,,,,,,,,,,,,,,,,,,,,,,,,,,,,,,,,,,,,,,,,,,,,,,,,,,,,,,,,,,,,,,,,"R",,,,,,,,,,,,,,,,,,,,,,,,,,,,,,,,,,,,,,,,,,,,,,,,,,,,,,,,,,,,,,,,,,,,,,,,,,,,,,,,,,,,,,,,,,,,,,,,,,,,,,,,,,,,,,,,,,,,,,,,,,"Gleyber Torres",16997,650402
"Otto Lopez","MIA","Otto Lopez","MIA",2026,27,133,404,438,119,85,22,5,7,65,40,25,0,57,4,5,0,11,26,4,0.294554455,181,108,61,10,1588,533,1055,20,2,2,0.057077625,0.130136986,0.438596491,0.337899543,0.425742574,0.763642117,0.131188119,0.324637681,1.675925925,0.174285714,0.517142857,0.308571428,0.092592592,0.064814814,0.110497237,1,0.3336943484604631,6.148854029681607,57.87098337462179,,,,,,,,7.650628916027809,109.33735757594272,,,,,,,,,,,,,,,,,,,,,,,,,,,,,,,,,,,,,,,,,,,,,,,,,,,,,,,,,,,,,,,,,,,,,,,,,,,,,,,,,,,,,,,,,,,,,,,,,,,,,,,,,,,,,,,,,,,,,,,,,,,,,,,,,,,,,,,,2.914561042562127,,"27 - 27",,,,0.33522727,0.41761364,0.24715909,0.13636364,0.51136364,0.35227273,0.20319635,,,,,,,,,,,,,,,,,,,,,,,,,,,,,,,,,,,,,,,,,,,,,,,,,,,,,,,,,,,,,,,,,,,,,,,,,,,,,,,,,,,,,,,,,,,,,,,,,,,,,,,,,,,,,,,,,,,,,,,,,,,,,"R",,,,,,,,,,,,,,,,,,,,,,,,,,,,,,,,,,,,,,,,,,,,,,,,,,,,,,,,,,,,,,,,,,,,,,,,,,,,,,,,,,,,,,,,,,,,,,,,,,,,,,,,,,,,,,,,,,,,,,,,,,"Otto Lopez",19608,672640
"Alex Bregman","CHC","Alex Bregman","CHC",2026,32,132,410,463,104,65,22,1,16,58,55,43,0,74,6,4,0,13,2,1,0.253658536,132,137,71,21,1825,674,1151,10,0,0,0.09287257,0.159827213,0.581081081,0.330453563,0.429268292,0.759721855,0.175609756,0.271604938,0.963503649,0.208823529,0.388235294,0.402941176,0.153284671,0.116788321,0.075757575,0,0.3336007215291841,6.464851682829152,61.1391573602431,,,,,,,,3.04199774936935,112.38320348312905,,,,,,,,,,,,,,,,,,,,,,,,,,,,,,,,,,,,,,,,,,,,,,,,,,,,,,,,,,,,,,,,,,,,,,,,,,,,,,,,,,,,,,,,,,,,,,,,,,,,,,,,,,,,,,,,,,,,,,,,,,,,,,,,,,,,,,,,-0.6527442242950201,,"32 - 32",,,,0.51176471,0.32352941,0.16470588,0.17352941,0.47647059,0.35,0.28725702,,,,,,,,,,,,,,,,,,,,,,,,,,,,,,,,,,,,,,,,,,,,,,,,,,,,,,,,,,,,,,,,,,,,,,,,,,,,,,,,,,,,,,,,,,,,,,,,,,,,,,,,,,,,,,,,,,,,,,,,,,,,,"R",,,,,,,,,,,,,,,,,,,,,,,,,,,,,,,,,,,,,,,,,,,,,,,,,,,,,,,,,,,,,,,,,,,,,,,,,,,,,,,,,,,,,,,,,,,,,,,,,,,,,,,,,,,,,,,,,,,,,,,,,,"Alex Bregman",17678,608324
"Keibert Ruiz","WSN","Keibert Ruiz","WSN",2026,27,84,206,224,58,36,16,0,6,30,31,13,1,19,2,3,0,2,1,0,0.281553398,60,83,46,10,704,220,484,3,1,0,0.058035714,0.084821428,0.684210526,0.325892857,0.446601941,0.772494798,0.165048543,0.282608695,0.722891566,0.243386243,0.317460317,0.439153439,0.120481927,0.072289156,0.05,0,0.3335965700748255,3.1269535692341366,29.578453508198983,,,,,,,,3.1264757208702987,108.40212367301206,,,,,,,,,,,,,,,,,,,,,,,,,,,,,,,,,,,,,,,,,,,,,,,,,,,,,,,,,,,,,,,,,,,,,,,,,,,,,,,,,,,,,,,,,,,,,,,,,,,,,,,,,,,,,,,,,,,,,,,,,,,,,,,,,,,,,,,,-0.08151138387620449,,"27 - 27",,,,0.61578947,0.23157895,0.15263158,0.14736842,0.53157895,0.32105263,0.16964286,,,,,,,,,,,,,,,,,,,,,,,,,,,,,,,,,,,,,,,,,,,,,,,,,,,,,,,,,,,,,,,,,,,,,,,,,,,,,,,,,,,,,,,,,,,,,,,,,,,,,,,,,,,,,,,,,,,,,,,,,,,,,"B",,,,,,,,,,,,,,,,,,,,,,,,,,,,,,,,,,,,,,,,,,,,,,,,,,,,,,,,,,,,,,,,,,,,,,,,,,,,,,,,,,,,,,,,,,,,,,,,,,,,,,,,,,,,,,,,,,,,,,,,,,"Keibert Ruiz",19610,660688
"Gavin Sheets","SDP","Gavin Sheets","SDP",2026,30,119,291,341,64,36,12,0,16,44,44,43,0,64,5,2,0,8,4,0,0.219931271,97,99,33,15,1478,557,921,2,0,0,0.126099706,0.187683284,0.671875,0.328445747,0.426116838,0.754562585,0.206185567,0.225352112,0.979797979,0.144104803,0.423580786,0.43231441,0.151515151,0.161616161,0.020618556,0,0.3334061964865654,4.707867830516258,44.97555300545827,,,,,,,,3.6770192571770677,114.20058154616929,,,,,,,,,,,,,,,,,,,,,,,,,,,,,,,,,,,,,,,,,,,,,,,,,,,,,,,,,,,,,,,,,,,,,,,,,,,,,,,,,,,,,,,,,,,,,,,,,,,,,,,,,,,,,,,,,,,,,,,,,,,,,,,,,,,,,,,,0.32706088200211525,,"30 - 30",,,,0.43231441,0.28820961,0.27947598,0.2139738,0.44978166,0.33624454,0.36070381,,,,,,,,,,,,,,,,,,,,,,,,,,,,,,,,,,,,,,,,,,,,,,,,,,,,,,,,,,,,,,,,,,,,,,,,,,,,,,,,,,,,,,,,,,,,,,,,,,,,,,,,,,,,,,,,,,,,,,,,,,,,,"L",,,,,,,,,,,,,,,,,,,,,,,,,,,,,,,,,,,,,,,,,,,,,,,,,,,,,,,,,,,,,,,,,,,,,,,,,,,,,,,,,,,,,,,,,,,,,,,,,,,,,,,,,,,,,,,,,,,,,,,,,,"Gavin Sheets",19901,657757
"Brandon Lockridge","MIL","Brandon Lockridge","MIL",2026,29,28,58,65,18,15,3,0,0,7,8,6,0,16,0,0,1,0,5,1,0.310344827,29,7,4,1,271,92,179,3,3,2,0.092307692,0.246153846,0.375,0.375,0.362068965,0.737068965,0.051724138,0.428571428,4.142857142,0.1,0.725,0.175,0.142857142,0,0.103448275,0.666666666,0.333266350440681,0.890062421528804,8.565720885960566,,,,,,,,5.04650629602538,111.23464180494467,,,,,,,,,,,,,,,,,,,,,,,,,,,,,,,,,,,,,,,,,,,,,,,,,,,,,,,,,,,,,,,,,,,,,,,,,,,,,,,,,,,,,,,,,,,,,,,,,,,,,,,,,,,,,,,,,,,,,,,,,,,,,,,,,,,,,,,,0.47086696419864893,,"29 - 29",,,,0.25581395,0.53488372,0.20930233,0.18604651,0.58139535,0.23255814,0.33846154,,,,,,,,,,,,,,,,,,,,,,,,,,,,,,,,,,,,,,,,,,,,,,,,,,,,,,,,,,,,,,,,,,,,,,,,,,,,,,,,,,,,,,,,,,,,,,,,,,,,,,,,,,,,,,,,,,,,,,,,,,,,,"R",,,,,,,,,,,,,,,,,,,,,,,,,,,,,,,,,,,,,,,,,,,,,,,,,,,,,,,,,,,,,,,,,,,,,,,,,,,,,,,,,,,,,,,,,,,,,,,,,,,,,,,,,,,,,,,,,,,,,,,,,,"Brandon Lockridge",21496,663604
"Brett Bateman","TOR","Brett Bateman","TOR",2026,24,18,50,58,15,12,3,0,0,10,1,6,0,12,0,0,2,0,3,0,0.3,26,6,6,0,208,77,131,2,2,0,0.103448275,0.206896551,0.5,0.375,0.36,0.735,0.06,0.394736842,4.333333333,0.157894736,0.684210526,0.157894736,0,0,0.076923076,0,0.3331833268914904,0.7903256029753277,7.639374694314439,,,,,,,,6.283381461902333,114.31872709794406,,,,,,,,,,,,,,,,,,,,,,,,,,,,,,,,,,,,,,,,,,,,,,,,,,,,,,,,,,,,,,,,,,,,,,,,,,,,,,,,,,,,,,,,,,,,,,,,,,,,,,,,,,,,,,,,,,,,,,,,,,,,,,,,,,,,,,,,0.4986559096723795,,"24 - 24",,,,0.25,0.425,0.325,0.175,0.55,0.275,0.31034483,,,,,,,,,,,,,,,,,,,,,,,,,,,,,,,,,,,,,,,,,,,,,,,,,,,,,,,,,,,,,,,,,,,,,,,,,,,,,,,,,,,,,,,,,,,,,,,,,,,,,,,,,,,,,,,,,,,,,,,,,,,,,"L",,,,,,,,,,,,,,,,,,,,,,,,,,,,,,,,,,,,,,,,,,,,,,,,,,,,,,,,,,,,,,,,,,,,,,,,,,,,,,,,,,,,,,,,,,,,,,,,,,,,,,,,,,,,,,,,,,,,,,,,,,"Brett Bateman",33312,703520
"Kody Clemens","MIN","Kody Clemens","MIN",2026,30,114,329,363,78,38,18,4,18,48,48,25,1,82,5,3,1,7,5,1,0.237082066,85,116,49,8,1417,491,926,6,1,0,0.068870523,0.225895316,0.304878048,0.298342541,0.480243161,0.778585702,0.243161095,0.258620689,0.73275862,0.196,0.34,0.464,0.068965517,0.155172413,0.070588235,0,0.3331674309318416,4.941694057948896,47.80729440546782,,,,,,,,6.012311469190378,113.62194544503517,,,,,,,,,,,,,,,,,,,,,,,,,,,,,,,,,,,,,,,,,,,,,,,,,,,,,,,,,,,,,,,,,,,,,,,,,,,,,,,,,,,,,,,,,,,,,,,,,,,,,,,,,,,,,,,,,,,,,,,,,,,,,,,,,,,,,,,,0.21187648829072714,,"30 - 30",,,,0.47410359,0.25896414,0.26693227,0.0876494,0.47011952,0.44223108,0.34435262,,,,,,,,,,,,,,,,,,,,,,,,,,,,,,,,,,,,,,,,,,,,,,,,,,,,,,,,,,,,,,,,,,,,,,,,,,,,,,,,,,,,,,,,,,,,,,,,,,,,,,,,,,,,,,,,,,,,,,,,,,,,,"L",,,,,,,,,,,,,,,,,,,,,,,,,,,,,,,,,,,,,,,,,,,,,,,,,,,,,,,,,,,,,,,,,,,,,,,,,,,,,,,,,,,,,,,,,,,,,,,,,,,,,,,,,,,,,,,,,,,,,,,,,,"Kody Clemens",20572,665019
"Michael Busch","CHC","Michael Busch","CHC",2026,28,128,364,431,88,59,17,1,11,46,46,57,1,100,8,2,0,6,2,0,0.241758241,99,108,58,8,1712,699,1013,7,1,1,0.13225058,0.232018561,0.57,0.354988399,0.384615384,0.739603783,0.142857143,0.301960784,0.916666666,0.218867924,0.373584905,0.407547169,0.074074074,0.101851851,0.07070707,1,0.33273891529371574,5.718444755147683,56.61396472699521,,,,,,,,3.1823070380241854,111.80503642932189,,,,,,,,,,,,,,,,,,,,,,,,,,,,,,,,,,,,,,,,,,,,,,,,,,,,,,,,,,,,,,,,,,,,,,,,,,,,,,,,,,,,,,,,,,,,,,,,,,,,,,,,,,,,,,,,,,,,,,,,,,,,,,,,,,,,,,,,-0.2925180057063699,,"28 - 28",,,,0.36090226,0.33834586,0.30075188,0.15413534,0.46240602,0.38345865,0.38979118,,,,,,,,,,,,,,,,,,,,,,,,,,,,,,,,,,,,,,,,,,,,,,,,,,,,,,,,,,,,,,,,,,,,,,,,,,,,,,,,,,,,,,,,,,,,,,,,,,,,,,,,,,,,,,,,,,,,,,,,,,,,,"L",,,,,,,,,,,,,,,,,,,,,,,,,,,,,,,,,,,,,,,,,,,,,,,,,,,,,,,,,,,,,,,,,,,,,,,,,,,,,,,,,,,,,,,,,,,,,,,,,,,,,,,,,,,,,,,,,,,,,,,,,,"Michael Busch",26319,683737
"Jonny DeLuca","TBR","Jonny DeLuca","TBR",2026,27,70,166,175,45,27,11,0,7,22,23,8,0,35,0,0,1,5,11,5,0.271084337,51,56,22,9,607,190,417,5,3,1,0.045714285,0.2,0.228571428,0.304597701,0.463855421,0.768453122,0.192771084,0.306451612,0.910714285,0.170542635,0.395348837,0.434108527,0.160714285,0.125,0.098039215,0.333333333,0.3325872335625791,2.3004644118076913,22.965698739123976,,,,,,,,5.1187629885946855,112.3399727243674,,,,,,,,,,,,,,,,,,,,,,,,,,,,,,,,,,,,,,,,,,,,,,,,,,,,,,,,,,,,,,,,,,,,,,,,,,,,,,,,,,,,,,,,,,,,,,,,,,,,,,,,,,,,,,,,,,,,,,,,,,,,,,,,,,,,,,,,-0.051549279130995274,,"27 - 27",,,,0.46969697,0.27272727,0.25757576,0.21212121,0.54545455,0.24242424,0.28571429,,,,,,,,,,,,,,,,,,,,,,,,,,,,,,,,,,,,,,,,,,,,,,,,,,,,,,,,,,,,,,,,,,,,,,,,,,,,,,,,,,,,,,,,,,,,,,,,,,,,,,,,,,,,,,,,,,,,,,,,,,,,,"R",,,,,,,,,,,,,,,,,,,,,,,,,,,,,,,,,,,,,,,,,,,,,,,,,,,,,,,,,,,,,,,,,,,,,,,,,,,,,,,,,,,,,,,,,,,,,,,,,,,,,,,,,,,,,,,,,,,,,,,,,,"Jonny DeLuca",26365,676356
"Elly De La Cruz","CIN","Elly De La Cruz","CIN",2026,24,114,340,385,84,54,14,3,13,58,34,43,0,105,1,1,0,4,17,6,0.247058823,109,77,50,2,1585,613,972,5,0,0,0.111688311,0.272727272,0.409523809,0.332467532,0.420588235,0.753055767,0.173529412,0.31838565,1.415584415,0.211864406,0.461864406,0.326271186,0.025974025,0.168831168,0.045871559,0,0.3323611462271059,4.990814699519144,50.45433021961497,,,,,,,,6.77313920698643,107.3500904059046,,,,,,,,,,,,,,,,,,,,,,,,,,,,,,,,,,,,,,,,,,,,,,,,,,,,,,,,,,,,,,,,,,,,,,,,,,,,,,,,,,,,,,,,,,,,,,,,,,,,,,,,,,,,,,,,,,,,,,,,,,,,,,,,,,,,,,,,0.38284812308847904,,"24 - 24",,,,0.33898305,0.41949153,0.24152542,0.09745763,0.44067797,0.46186441,0.41818182,,,,,,,,,,,,,,,,,,,,,,,,,,,,,,,,,,,,,,,,,,,,,,,,,,,,,,,,,,,,,,,,,,,,,,,,,,,,,,,,,,,,,,,,,,,,,,,,,,,,,,,,,,,,,,,,,,,,,,,,,,,,,"B",,,,,,,,,,,,,,,,,,,,,,,,,,,,,,,,,,,,,,,,,,,,,,,,,,,,,,,,,,,,,,,,,,,,,,,,,,,,,,,,,,,,,,,,,,,,,,,,,,,,,,,,,,,,,,,,,,,,,,,,,,"Elly De La Cruz",26668,682829
"Michael Conforto","CHC","Michael Conforto","CHC",2026,33,92,206,238,47,23,13,0,11,26,34,27,2,69,2,3,0,4,1,0,0.228155339,47,63,30,4,958,366,592,2,0,0,0.113445378,0.289915966,0.391304347,0.319327731,0.45145631,0.770784041,0.223300971,0.279069767,0.746031746,0.214285714,0.335714285,0.45,0.063492063,0.174603174,0.042553191,0,0.3320650036557246,3.0283821066128387,31.13310079176299,,,,,,,,2.2675536819377426,111.35292377310292,,,,,,,,,,,,,,,,,,,,,,,,,,,,,,,,,,,,,,,,,,,,,,,,,,,,,,,,,,,,,,,,,,,,,,,,,,,,,,,,,,,,,,,,,,,,,,,,,,,,,,,,,,,,,,,,,,,,,,,,,,,,,,,,,,,,,,,,-0.08151138387620449,,"33 - 33",,,,0.51428571,0.28571429,0.2,0.12857143,0.45714286,0.41428571,0.44957983,,,,,,,,,,,,,,,,,,,,,,,,,,,,,,,,,,,,,,,,,,,,,,,,,,,,,,,,,,,,,,,,,,,,,,,,,,,,,,,,,,,,,,,,,,,,,,,,,,,,,,,,,,,,,,,,,,,,,,,,,,,,,"L",,,,,,,,,,,,,,,,,,,,,,,,,,,,,,,,,,,,,,,,,,,,,,,,,,,,,,,,,,,,,,,,,,,,,,,,,,,,,,,,,,,,,,,,,,,,,,,,,,,,,,,,,,,,,,,,,,,,,,,,,,"Michael Conforto",16376,624424
"Francisco Lindor","NYM","Francisco Lindor","NYM",2026,32,73,217,243,53,34,7,3,9,34,21,23,0,52,3,0,0,2,2,2,0.244239631,55,76,34,9,1044,390,654,1,0,0,0.094650205,0.213991769,0.442307692,0.32510288,0.428571428,0.753674308,0.184331797,0.282051282,0.72368421,0.206060606,0.333333333,0.46060606,0.118421052,0.118421052,0.018181818,0,0.3317147628270059,3.0233573739559585,31.718511325600858,,,,,,,,5.255049485423092,110.76466905515474,,,,,,,,,,,,,,,,,,,,,,,,,,,,,,,,,,,,,,,,,,,,,,,,,,,,,,,,,,,,,,,,,,,,,,,,,,,,,,,,,,,,,,,,,,,,,,,,,,,,,,,,,,,,,,,,,,,,,,,,,,,,,,,,,,,,,,,,-0.7596101947128773,,"32 - 32",,,,0.47878788,0.29090909,0.23030303,0.15151515,0.48484848,0.36363636,0.34567901,,,,,,,,,,,,,,,,,,,,,,,,,,,,,,,,,,,,,,,,,,,,,,,,,,,,,,,,,,,,,,,,,,,,,,,,,,,,,,,,,,,,,,,,,,,,,,,,,,,,,,,,,,,,,,,,,,,,,,,,,,,,,"B",,,,,,,,,,,,,,,,,,,,,,,,,,,,,,,,,,,,,,,,,,,,,,,,,,,,,,,,,,,,,,,,,,,,,,,,,,,,,,,,,,,,,,,,,,,,,,,,,,,,,,,,,,,,,,,,,,,,,,,,,,"Francisco Lindor",12916,596019
"Ezequiel Duran","TEX","Ezequiel Duran","TEX",2026,27,119,337,365,91,56,20,3,12,46,53,21,0,88,2,4,1,5,7,3,0.270029673,115,91,43,8,1399,449,950,11,5,3,0.057534246,0.24109589,0.238636363,0.313186813,0.454005934,0.767192747,0.183976261,0.327800829,1.263736263,0.172690763,0.461847389,0.365461847,0.087912087,0.131868131,0.095652173,0.6,0.331406281544612,4.450440374690198,47.55221482880702,,,,,,,,5.381734986803557,114.37316111980994,,,,,,,,,,,,,,,,,,,,,,,,,,,,,,,,,,,,,,,,,,,,,,,,,,,,,,,,,,,,,,,,,,,,,,,,,,,,,,,,,,,,,,,,,,,,,,,,,,,,,,,,,,,,,,,,,,,,,,,,,,,,,,,,,,,,,,,,-0.2774827750399709,,"27 - 27",,,,0.40551181,0.34251969,0.2519685,0.12992126,0.5,0.37007874,0.33150685,,,,,,,,,,,,,,,,,,,,,,,,,,,,,,,,,,,,,,,,,,,,,,,,,,,,,,,,,,,,,,,,,,,,,,,,,,,,,,,,,,,,,,,,,,,,,,,,,,,,,,,,,,,,,,,,,,,,,,,,,,,,,"R",,,,,,,,,,,,,,,,,,,,,,,,,,,,,,,,,,,,,,,,,,,,,,,,,,,,,,,,,,,,,,,,,,,,,,,,,,,,,,,,,,,,,,,,,,,,,,,,,,,,,,,,,,,,,,,,,,,,,,,,,,"Ezequiel Duran",23733,677649
"Gary Sánchez","MIL","Gary Sánchez","MIL",2026,33,59,108,134,19,7,6,0,6,20,17,24,0,31,2,0,0,3,0,0,0.175925925,31,35,11,5,563,231,332,1,0,0,0.179104477,0.231343283,0.774193548,0.335820895,0.398148148,0.733969043,0.222222223,0.183098591,0.885714285,0.142857142,0.402597402,0.454545454,0.142857142,0.171428571,0.032258064,0,0.3308173048852095,1.570203271766917,17.393868413826244,,,,,,,,1.8827220025,109.59163042353248,,,,,,,,,,,,,,,,,,,,,,,,,,,,,,,,,,,,,,,,,,,,,,,,,,,,,,,,,,,,,,,,,,,,,,,,,,,,,,,,,,,,,,,,,,,,,,,,,,,,,,,,,,,,,,,,,,,,,,,,,,,,,,,,,,,,,,,,-0.18579751532524824,,"33 - 33",,,,0.46753247,0.4025974,0.12987013,0.20779221,0.48051948,0.31168831,0.45522388,,,,,,,,,,,,,,,,,,,,,,,,,,,,,,,,,,,,,,,,,,,,,,,,,,,,,,,,,,,,,,,,,,,,,,,,,,,,,,,,,,,,,,,,,,,,,,,,,,,,,,,,,,,,,,,,,,,,,,,,,,,,,"R",,,,,,,,,,,,,,,,,,,,,,,,,,,,,,,,,,,,,,,,,,,,,,,,,,,,,,,,,,,,,,,,,,,,,,,,,,,,,,,,,,,,,,,,,,,,,,,,,,,,,,,,,,,,,,,,,,,,,,,,,,"Gary Sanchez",11442,596142
"Jose Siri","LAA","Jose Siri","LAA",2026,30,48,83,93,24,17,5,0,2,21,11,5,0,27,1,1,3,3,3,1,0.289156626,27,19,11,1,338,97,241,5,3,0,0.05376344,0.29032258,0.185185185,0.333333333,0.421686746,0.755020079,0.13253012,0.4,1.421052631,0.192982456,0.47368421,0.333333333,0.052631578,0.105263157,0.185185185,0,0.3307669719060262,1.085992402344046,12.068088359146415,,,,,,,,5.429941902274191,112.58869359055033,,,,,,,,,,,,,,,,,,,,,,,,,,,,,,,,,,,,,,,,,,,,,,,,,,,,,,,,,,,,,,,,,,,,,,,,,,,,,,,,,,,,,,,,,,,,,,,,,,,,,,,,,,,,,,,,,,,,,,,,,,,,,,,,,,,,,,,,0.05960650276392698,,"30 - 30",,,,0.4,0.41666667,0.18333333,0.15,0.58333333,0.26666667,0.3655914,,,,,,,,,,,,,,,,,,,,,,,,,,,,,,,,,,,,,,,,,,,,,,,,,,,,,,,,,,,,,,,,,,,,,,,,,,,,,,,,,,,,,,,,,,,,,,,,,,,,,,,,,,,,,,,,,,,,,,,,,,,,,"R",,,,,,,,,,,,,,,,,,,,,,,,,,,,,,,,,,,,,,,,,,,,,,,,,,,,,,,,,,,,,,,,,,,,,,,,,,,,,,,,,,,,,,,,,,,,,,,,,,,,,,,,,,,,,,,,,,,,,,,,,,"Jose Siri",17452,642350
"Casey Schmitt","SFG","Casey Schmitt","SFG",2026,27,94,285,303,73,44,11,1,17,35,38,9,0,65,6,3,0,5,7,1,0.25614035,69,116,38,13,1070,346,724,1,0,0,0.02970297,0.214521452,0.138461538,0.290429042,0.480701754,0.771130796,0.224561404,0.27184466,0.594827586,0.170403587,0.30941704,0.520179372,0.112068965,0.146551724,0.014492753,0,0.3306746994308119,3.515682701087935,39.29605985066984,,,,,,,,4.934261071416273,110.64340080771053,,,,,,,,,,,,,,,,,,,,,,,,,,,,,,,,,,,,,,,,,,,,,,,,,,,,,,,,,,,,,,,,,,,,,,,,,,,,,,,,,,,,,,,,,,,,,,,,,,,,,,,,,,,,,,,,,,,,,,,,,,,,,,,,,,,,,,,,0.6569183161482215,,"27 - 27",,,,0.39013453,0.34977578,0.26008969,0.16143498,0.47085202,0.367713,0.30033003,,,,,,,,,,,,,,,,,,,,,,,,,,,,,,,,,,,,,,,,,,,,,,,,,,,,,,,,,,,,,,,,,,,,,,,,,,,,,,,,,,,,,,,,,,,,,,,,,,,,,,,,,,,,,,,,,,,,,,,,,,,,,"R",,,,,,,,,,,,,,,,,,,,,,,,,,,,,,,,,,,,,,,,,,,,,,,,,,,,,,,,,,,,,,,,,,,,,,,,,,,,,,,,,,,,,,,,,,,,,,,,,,,,,,,,,,,,,,,,,,,,,,,,,,"Casey Schmitt",27577,669477
"Yohendrick Piñango","TOR","Yohendrick Piñango","TOR",2026,24,56,137,148,39,30,5,0,4,10,17,11,0,31,0,0,0,6,0,0,0.284671532,45,39,22,3,584,203,381,4,0,0,0.074324324,0.209459459,0.354838709,0.337837837,0.408759124,0.746596961,0.124087592,0.343137254,1.153846153,0.207547169,0.424528301,0.367924528,0.076923076,0.102564102,0.088888888,0,0.33044536774222916,1.6898551995502449,19.166739087794873,,,,,,,,0.3330745275,112.41329936611778,,,,,,,,,,,,,,,,,,,,,,,,,,,,,,,,,,,,,,,,,,,,,,,,,,,,,,,,,,,,,,,,,,,,,,,,,,,,,,,,,,,,,,,,,,,,,,,,,,,,,,,,,,,,,,,,,,,,,,,,,,,,,,,,,,,,,,,,-0.23083933722227812,,"24 - 24",,,,0.30188679,0.39622642,0.30188679,0.16981132,0.45283019,0.37735849,0.31081081,,,,,,,,,,,,,,,,,,,,,,,,,,,,,,,,,,,,,,,,,,,,,,,,,,,,,,,,,,,,,,,,,,,,,,,,,,,,,,,,,,,,,,,,,,,,,,,,,,,,,,,,,,,,,,,,,,,,,,,,,,,,,"L",,,,,,,,,,,,,,,,,,,,,,,,,,,,,,,,,,,,,,,,,,,,,,,,,,,,,,,,,,,,,,,,,,,,,,,,,,,,,,,,,,,,,,,,,,,,,,,,,,,,,,,,,,,,,,,,,,,,,,,,,,"Yohendrick Pinango",26664,682818
"Dylan Beavers","BAL","Dylan Beavers","BAL",2026,24,80,201,227,50,29,15,0,6,26,27,24,1,61,2,0,0,2,4,5,0.248756218,54,57,29,6,953,370,583,3,0,0,0.105726872,0.268722466,0.393442622,0.334801762,0.412935323,0.747737085,0.164179105,0.328358208,0.947368421,0.207142857,0.385714285,0.407142857,0.105263157,0.105263157,0.055555555,0,0.32998667433198575,2.507889412193143,29.31365051105484,,,,,,,,2.8891336125040183,113.27400670449958,,,,,,,,,,,,,,,,,,,,,,,,,,,,,,,,,,,,,,,,,,,,,,,,,,,,,,,,,,,,,,,,,,,,,,,,,,,,,,,,,,,,,,,,,,,,,,,,,,,,,,,,,,,,,,,,,,,,,,,,,,,,,,,,,,,,,,,,-1.558523626998067,,"24 - 24",,,,0.42857143,0.32142857,0.25,0.11428571,0.48571429,0.4,0.40088106,,,,,,,,,,,,,,,,,,,,,,,,,,,,,,,,,,,,,,,,,,,,,,,,,,,,,,,,,,,,,,,,,,,,,,,,,,,,,,,,,,,,,,,,,,,,,,,,,,,,,,,,,,,,,,,,,,,,,,,,,,,,,"L",,,,,,,,,,,,,,,,,,,,,,,,,,,,,,,,,,,,,,,,,,,,,,,,,,,,,,,,,,,,,,,,,,,,,,,,,,,,,,,,,,,,,,,,,,,,,,,,,,,,,,,,,,,,,,,,,,,,,,,,,,"Dylan Beavers",31695,687637
"Colt Keith","DET","Colt Keith","DET",2026,24,126,330,364,88,59,16,4,9,41,31,29,0,71,3,2,0,7,5,0,0.266666666,101,102,58,9,1376,526,850,7,0,0,0.079670329,0.195054945,0.408450704,0.329670329,0.421212121,0.75088245,0.154545455,0.313492063,0.990196078,0.222222222,0.38697318,0.390804597,0.088235294,0.088235294,0.06930693,0,0.329693717615945,3.9354515580444596,46.919138958862334,,,,,,,,5.765973156888728,110.18409555204498,,,,,,,,,,,,,,,,,,,,,,,,,,,,,,,,,,,,,,,,,,,,,,,,,,,,,,,,,,,,,,,,,,,,,,,,,,,,,,,,,,,,,,,,,,,,,,,,,,,,,,,,,,,,,,,,,,,,,,,,,,,,,,,,,,,,,,,,0.48764929082244635,,"24 - 24",,,,0.39463602,0.36781609,0.23754789,0.12260536,0.46743295,0.40996169,0.29945055,,,,,,,,,,,,,,,,,,,,,,,,,,,,,,,,,,,,,,,,,,,,,,,,,,,,,,,,,,,,,,,,,,,,,,,,,,,,,,,,,,,,,,,,,,,,,,,,,,,,,,,,,,,,,,,,,,,,,,,,,,,,,"L",,,,,,,,,,,,,,,,,,,,,,,,,,,,,,,,,,,,,,,,,,,,,,,,,,,,,,,,,,,,,,,,,,,,,,,,,,,,,,,,,,,,,,,,,,,,,,,,,,,,,,,,,,,,,,,,,,,,,,,,,,"Colt Keith",27899,690993
"Giancarlo Stanton","NYY","Giancarlo Stanton","NYY",2026,36,23,64,66,19,14,3,0,2,5,11,2,0,19,0,0,0,2,1,0,0.296875,12,21,12,5,260,93,167,0,0,0,0.03030303,0.287878787,0.105263157,0.318181818,0.4375,0.755681818,0.140625,0.395348837,0.571428571,0.266666666,0.266666666,0.466666666,0.238095238,0.095238095,0,0,0.32955285094001074,0.7060720191786525,8.499817536909365,,,,,,,,3.011761389749798,111.07470048355776,,,,,,,,,,,,,,,,,,,,,,,,,,,,,,,,,,,,,,,,,,,,,,,,,,,,,,,,,,,,,,,,,,,,,,,,,,,,,,,,,,,,,,,,,,,,,,,,,,,,,,,,,,,,,,,,,,,,,,,,,,,,,,,,,,,,,,,,0.10991635918617249,,"36 - 36",,,,0.37777778,0.42222222,0.2,0.15555556,0.55555556,0.28888889,0.34848485,,,,,,,,,,,,,,,,,,,,,,,,,,,,,,,,,,,,,,,,,,,,,,,,,,,,,,,,,,,,,,,,,,,,,,,,,,,,,,,,,,,,,,,,,,,,,,,,,,,,,,,,,,,,,,,,,,,,,,,,,,,,,"R",,,,,,,,,,,,,,,,,,,,,,,,,,,,,,,,,,,,,,,,,,,,,,,,,,,,,,,,,,,,,,,,,,,,,,,,,,,,,,,,,,,,,,,,,,,,,,,,,,,,,,,,,,,,,,,,,,,,,,,,,,"Giancarlo Stanton",4949,519317
"Andrew Benintendi","CHW","Andrew Benintendi","CHW",2026,31,117,325,362,81,45,20,2,14,45,65,31,1,80,1,5,0,5,1,0,0.249230769,91,108,50,9,1345,487,858,7,1,1,0.085635359,0.220994475,0.3875,0.312154696,0.452307692,0.764462388,0.203076923,0.283898305,0.842592592,0.200803212,0.365461847,0.433734939,0.083333333,0.129629629,0.076923076,1,0.32936245186507207,3.8171054562122286,46.5646187504322,,,,,,,,3.7015649773324233,111.06430612703032,,,,,,,,,,,,,,,,,,,,,,,,,,,,,,,,,,,,,,,,,,,,,,,,,,,,,,,,,,,,,,,,,,,,,,,,,,,,,,,,,,,,,,,,,,,,,,,,,,,,,,,,,,,,,,,,,,,,,,,,,,,,,,,,,,,,,,,,-0.2278973050415516,,"31 - 31",,,,0.54,0.304,0.156,0.136,0.488,0.376,0.34530387,,,,,,,,,,,,,,,,,,,,,,,,,,,,,,,,,,,,,,,,,,,,,,,,,,,,,,,,,,,,,,,,,,,,,,,,,,,,,,,,,,,,,,,,,,,,,,,,,,,,,,,,,,,,,,,,,,,,,,,,,,,,,"L",,,,,,,,,,,,,,,,,,,,,,,,,,,,,,,,,,,,,,,,,,,,,,,,,,,,,,,,,,,,,,,,,,,,,,,,,,,,,,,,,,,,,,,,,,,,,,,,,,,,,,,,,,,,,,,,,,,,,,,,,,"Andrew Benintendi",17901,643217
"Andy Pages","LAD","Andy Pages","LAD",2026,25,122,351,388,93,63,16,1,13,51,56,27,0,79,6,4,0,7,5,5,0.264957264,107,109,60,15,1597,574,1023,10,0,0,0.069587628,0.203608247,0.341772151,0.324742268,0.427350427,0.752092695,0.162393163,0.304182509,0.981651376,0.217391304,0.387681159,0.394927536,0.137614678,0.119266055,0.093457943,0,0.3293244351738507,4.079364871038011,49.897141551030685,,,,,,,,3.6738127700826952,107.96763247725775,,,,,,,,,,,,,,,,,,,,,,,,,,,,,,,,,,,,,,,,,,,,,,,,,,,,,,,,,,,,,,,,,,,,,,,,,,,,,,,,,,,,,,,,,,,,,,,,,,,,,,,,,,,,,,,,,,,,,,,,,,,,,,,,,,,,,,,,-1.5949931889772415,,"25 - 25",,,,0.39130435,0.33695652,0.27173913,0.20289855,0.45652174,0.34057971,0.30670103,,,,,,,,,,,,,,,,,,,,,,,,,,,,,,,,,,,,,,,,,,,,,,,,,,,,,,,,,,,,,,,,,,,,,,,,,,,,,,,,,,,,,,,,,,,,,,,,,,,,,,,,,,,,,,,,,,,,,,,,,,,,,"R",,,,,,,,,,,,,,,,,,,,,,,,,,,,,,,,,,,,,,,,,,,,,,,,,,,,,,,,,,,,,,,,,,,,,,,,,,,,,,,,,,,,,,,,,,,,,,,,,,,,,,,,,,,,,,,,,,,,,,,,,,"Andy Pages",24816,681624
"Tyrone Taylor","- - -","Tyrone Taylor","- - -",2026,32,57,96,109,23,14,4,0,5,17,17,9,0,17,2,1,1,0,0,1,0.239583333,30,38,11,3,382,146,236,2,2,0,0.082568807,0.155963302,0.529411764,0.314814814,0.4375,0.752314814,0.197916667,0.24,0.789473684,0.139240506,0.379746835,0.481012658,0.078947368,0.131578947,0.066666666,0,0.3288293414645725,1.080620468933109,13.95210927851868,,,,,,,,2.8974721034711806,108.74960457619264,,,,,,,,,,,,,,,,,,,,,,,,,,,,,,,,,,,,,,,,,,,,,,,,,,,,,,,,,,,,,,,,,,,,,,,,,,,,,,,,,,,,,,,,,,,,,,,,,,,,,,,,,,,,,,,,,,,,,,,,,,,,,,,,,,,,,,,,-0.5516539616510272,,"32 - 32",,,,0.5308642,0.28395062,0.18518519,0.16049383,0.56790123,0.27160494,0.28440367,,,,,,,,,,,,,,,,,,,,,,,,,,,,,,,,,,,,,,,,,,,,,,,,,,,,,,,,,,,,,,,,,,,,,,,,,,,,,,,,,,,,,,,,,,,,,,,,,,,,,,,,,,,,,,,,,,,,,,,,,,,,,"R",,,,,,,,,,,,,,,,,,,,,,,,,,,,,,,,,,,,,,,,,,,,,,,,,,,,,,,,,,,,,,,,,,,,,,,,,,,,,,,,,,,,,,,,,,,,,,,,,,,,,,,,,,,,,,,,,,,,,,,,,,"Tyrone Taylor",13675,621438
"Bryan De La Cruz","PHI","Bryan De La Cruz","PHI",2026,29,11,24,27,7,4,2,0,1,2,8,0,0,8,1,2,0,0,0,0,0.291666666,8,6,4,1,98,27,71,1,0,0,0,0.296296296,0,0.296296296,0.5,0.796296296,0.208333334,0.352941176,1.333333333,0.222222222,0.444444444,0.333333333,0.166666666,0.166666666,0.125,0,0.32839116122987533,0.2635489912659354,3.451899430337591,,,,,,,,0.5595238025,103.30585780647425,,,,,,,,,,,,,,,,,,,,,,,,,,,,,,,,,,,,,,,,,,,,,,,,,,,,,,,,,,,,,,,,,,,,,,,,,,,,,,,,,,,,,,,,,,,,,,,,,,,,,,,,,,,,,,,,,,,,,,,,,,,,,,,,,,,,,,,,-0.028151138685643673,,"29 - 29",,,,0.27777778,0.44444444,0.27777778,0.16666667,0.44444444,0.38888889,0.33333333,,,,,,,,,,,,,,,,,,,,,,,,,,,,,,,,,,,,,,,,,,,,,,,,,,,,,,,,,,,,,,,,,,,,,,,,,,,,,,,,,,,,,,,,,,,,,,,,,,,,,,,,,,,,,,,,,,,,,,,,,,,,,"R",,,,,,,,,,,,,,,,,,,,,,,,,,,,,,,,,,,,,,,,,,,,,,,,,,,,,,,,,,,,,,,,,,,,,,,,,,,,,,,,,,,,,,,,,,,,,,,,,,,,,,,,,,,,,,,,,,,,,,,,,,"Bryan De La Cruz",19600,650559
"CJ Kayfus","CLE","CJ Kayfus","CLE",2026,24,8,19,22,4,2,1,0,1,4,2,2,0,6,1,0,0,0,0,0,0.210526315,4,8,1,1,99,36,63,0,0,0,0.09090909,0.272727272,0.333333333,0.318181818,0.421052631,0.739234449,0.210526316,0.25,0.5,0.076923076,0.307692307,0.615384615,0.125,0.125,0,0,0.32818249409848993,0.21104090809574663,2.808956080672651,,,,,,,,2.64285714,110.42547721752159,,,,,,,,,,,,,,,,,,,,,,,,,,,,,,,,,,,,,,,,,,,,,,,,,,,,,,,,,,,,,,,,,,,,,,,,,,,,,,,,,,,,,,,,,,,,,,,,,,,,,,,,,,,,,,,,,,,,,,,,,,,,,,,,,,,,,,,,-0.028151138685643673,,"24 - 24",,,,0.30769231,0.61538462,0.07692308,0.15384615,0.46153846,0.38461538,0.40909091,,,,,,,,,,,,,,,,,,,,,,,,,,,,,,,,,,,,,,,,,,,,,,,,,,,,,,,,,,,,,,,,,,,,,,,,,,,,,,,,,,,,,,,,,,,,,,,,,,,,,,,,,,,,,,,,,,,,,,,,,,,,,"L",,,,,,,,,,,,,,,,,,,,,,,,,,,,,,,,,,,,,,,,,,,,,,,,,,,,,,,,,,,,,,,,,,,,,,,,,,,,,,,,,,,,,,,,,,,,,,,,,,,,,,,,,,,,,,,,,,,,,,,,,,"CJ Kayfus",33704,692216
"Ceddanne Rafaela","BOS","Ceddanne Rafaela","BOS",2026,25,128,389,414,112,78,23,0,11,46,44,14,0,77,6,3,2,9,15,7,0.287917737,139,100,75,9,1493,423,1070,15,3,1,0.033816425,0.185990338,0.181818181,0.320388349,0.431876606,0.752264955,0.143958869,0.332236842,1.39,0.238853503,0.442675159,0.318471337,0.09,0.11,0.107913669,0.333333333,0.32813360158679555,3.955079939486401,52.843120005251784,,,,,,,,4.204777448712566,107.19158290577656,,,,,,,,,,,,,,,,,,,,,,,,,,,,,,,,,,,,,,,,,,,,,,,,,,,,,,,,,,,,,,,,,,,,,,,,,,,,,,,,,,,,,,,,,,,,,,,,,,,,,,,,,,,,,,,,,,,,,,,,,,,,,,,,,,,,,,,,-0.4280501510947943,,"25 - 25",,,,0.37223975,0.32176656,0.30599369,0.15772871,0.54258675,0.29968454,0.24637681,,,,,,,,,,,,,,,,,,,,,,,,,,,,,,,,,,,,,,,,,,,,,,,,,,,,,,,,,,,,,,,,,,,,,,,,,,,,,,,,,,,,,,,,,,,,,,,,,,,,,,,,,,,,,,,,,,,,,,,,,,,,,"R",,,,,,,,,,,,,,,,,,,,,,,,,,,,,,,,,,,,,,,,,,,,,,,,,,,,,,,,,,,,,,,,,,,,,,,,,,,,,,,,,,,,,,,,,,,,,,,,,,,,,,,,,,,,,,,,,,,,,,,,,,"Ceddanne Rafaela",24262,678882
"Masataka Yoshida","BOS","Masataka Yoshida","BOS",2026,32,87,236,267,64,45,13,1,5,28,21,25,1,29,3,3,0,0,2,0,0.27118644,106,73,31,6,967,356,611,5,0,0,0.093632958,0.108614232,0.862068965,0.344569288,0.398305084,0.742874372,0.127118644,0.287804878,1.452054794,0.147619047,0.504761904,0.347619047,0.08219178,0.06849315,0.047169811,0,0.32807834255964236,2.5388396588662805,34.06808288968598,,,,,,,,3.700010673575684,107.15312649462089,,,,,,,,,,,,,,,,,,,,,,,,,,,,,,,,,,,,,,,,,,,,,,,,,,,,,,,,,,,,,,,,,,,,,,,,,,,,,,,,,,,,,,,,,,,,,,,,,,,,,,,,,,,,,,,,,,,,,,,,,,,,,,,,,,,,,,,,-0.005376391112804413,,"32 - 32",,,,0.45714286,0.30952381,0.23333333,0.12857143,0.51904762,0.35238095,0.22097378,,,,,,,,,,,,,,,,,,,,,,,,,,,,,,,,,,,,,,,,,,,,,,,,,,,,,,,,,,,,,,,,,,,,,,,,,,,,,,,,,,,,,,,,,,,,,,,,,,,,,,,,,,,,,,,,,,,,,,,,,,,,,"L",,,,,,,,,,,,,,,,,,,,,,,,,,,,,,,,,,,,,,,,,,,,,,,,,,,,,,,,,,,,,,,,,,,,,,,,,,,,,,,,,,,,,,,,,,,,,,,,,,,,,,,,,,,,,,,,,,,,,,,,,,"Masataka Yoshida",31837,807799
"Blake Dunn","CIN","Blake Dunn","CIN",2026,27,36,103,113,29,21,5,1,2,13,7,7,0,22,2,1,0,1,3,1,0.281553398,32,31,15,4,393,136,257,4,4,2,0.061946902,0.194690265,0.318181818,0.336283185,0.40776699,0.744050175,0.126213592,0.3375,1.032258064,0.192307692,0.41025641,0.397435897,0.129032258,0.064516129,0.125,0.5,0.3278963149121377,1.05789969974942,14.40173672253079,,,,,,,,5.5985458472543,104.35473221414324,,,,,,,,,,,,,,,,,,,,,,,,,,,,,,,,,,,,,,,,,,,,,,,,,,,,,,,,,,,,,,,,,,,,,,,,,,,,,,,,,,,,,,,,,,,,,,,,,,,,,,,,,,,,,,,,,,,,,,,,,,,,,,,,,,,,,,,,0.02019490860402584,,"27 - 27",,,,0.2804878,0.45121951,0.26829268,0.14634146,0.58536585,0.26829268,0.27433628,,,,,,,,,,,,,,,,,,,,,,,,,,,,,,,,,,,,,,,,,,,,,,,,,,,,,,,,,,,,,,,,,,,,,,,,,,,,,,,,,,,,,,,,,,,,,,,,,,,,,,,,,,,,,,,,,,,,,,,,,,,,,"R",,,,,,,,,,,,,,,,,,,,,,,,,,,,,,,,,,,,,,,,,,,,,,,,,,,,,,,,,,,,,,,,,,,,,,,,,,,,,,,,,,,,,,,,,,,,,,,,,,,,,,,,,,,,,,,,,,,,,,,,,,"Blake Dunn",29487,694362
"Adley Rutschman","- - -","Adley Rutschman","- - -",2026,28,76,196,227,47,24,16,1,6,23,39,25,0,41,2,4,0,3,0,0,0.239795918,63,65,31,4,968,382,586,2,0,0,0.110132158,0.18061674,0.609756097,0.325991189,0.423469387,0.749460576,0.183673469,0.267973856,0.969230769,0.194968553,0.396226415,0.408805031,0.061538461,0.092307692,0.031746031,0,0.3276697097895954,2.083671760647977,28.88943285950967,,,,,,,,2.12770562125,110.69033048757925,,,,,,,,,,,,,,,,,,,,,,,,,,,,,,,,,,,,,,,,,,,,,,,,,,,,,,,,,,,,,,,,,,,,,,,,,,,,,,,,,,,,,,,,,,,,,,,,,,,,,,,,,,,,,,,,,,,,,,,,,,,,,,,,,,,,,,,,-0.28714161459356546,,"28 - 28",,,,0.37106918,0.38993711,0.23899371,0.08805031,0.5408805,0.37106918,0.31718062,,,,,,,,,,,,,,,,,,,,,,,,,,,,,,,,,,,,,,,,,,,,,,,,,,,,,,,,,,,,,,,,,,,,,,,,,,,,,,,,,,,,,,,,,,,,,,,,,,,,,,,,,,,,,,,,,,,,,,,,,,,,,"B",,,,,,,,,,,,,,,,,,,,,,,,,,,,,,,,,,,,,,,,,,,,,,,,,,,,,,,,,,,,,,,,,,,,,,,,,,,,,,,,,,,,,,,,,,,,,,,,,,,,,,,,,,,,,,,,,,,,,,,,,,"Adley Rutschman",26288,668939
"Dustin Harris","- - -","Dustin Harris","- - -",2026,26,19,50,57,15,12,2,1,0,8,6,5,0,8,0,1,1,0,5,1,0.3,13,15,14,3,188,63,125,0,2,0,0.087719298,0.140350877,0.625,0.357142857,0.38,0.737142857,0.08,0.348837209,0.866666666,0.333333333,0.309523809,0.357142857,0.2,0,0,0,0.32669512927532196,0.5478043725703253,7.278766410610486,,,,,,,,8.461485918831844,109.97225980157938,,,,,,,,,,,,,,,,,,,,,,,,,,,,,,,,,,,,,,,,,,,,,,,,,,,,,,,,,,,,,,,,,,,,,,,,,,,,,,,,,,,,,,,,,,,,,,,,,,,,,,,,,,,,,,,,,,,,,,,,,,,,,,,,,,,,,,,,0.49338787514716387,,"26 - 26",,,,0.61363636,0.27272727,0.11363636,0.11363636,0.56818182,0.31818182,0.22807018,,,,,,,,,,,,,,,,,,,,,,,,,,,,,,,,,,,,,,,,,,,,,,,,,,,,,,,,,,,,,,,,,,,,,,,,,,,,,,,,,,,,,,,,,,,,,,,,,,,,,,,,,,,,,,,,,,,,,,,,,,,,,"L",,,,,,,,,,,,,,,,,,,,,,,,,,,,,,,,,,,,,,,,,,,,,,,,,,,,,,,,,,,,,,,,,,,,,,,,,,,,,,,,,,,,,,,,,,,,,,,,,,,,,,,,,,,,,,,,,,,,,,,,,,"Dustin Harris",25705,687957
"Isaac Collins","KCR","Isaac Collins","KCR",2026,28,112,264,314,64,42,15,3,4,26,22,44,0,72,3,2,1,3,4,5,0.242424242,75,80,37,8,1249,510,739,0,3,0,0.140127388,0.229299363,0.611111111,0.354632587,0.367424242,0.722056829,0.125,0.315789473,0.9375,0.192708333,0.390625,0.416666666,0.1,0.05,0,0,0.32660103625001996,2.611603282083447,39.690938017953805,,,,,,,,4.051729482299023,106.42453034732769,,,,,,,,,,,,,,,,,,,,,,,,,,,,,,,,,,,,,,,,,,,,,,,,,,,,,,,,,,,,,,,,,,,,,,,,,,,,,,,,,,,,,,,,,,,,,,,,,,,,,,,,,,,,,,,,,,,,,,,,,,,,,,,,,,,,,,,,-1.7555815977975726,,"28 - 28",,,,0.40512821,0.34358974,0.25128205,0.14871795,0.46153846,0.38974359,0.38216561,,,,,,,,,,,,,,,,,,,,,,,,,,,,,,,,,,,,,,,,,,,,,,,,,,,,,,,,,,,,,,,,,,,,,,,,,,,,,,,,,,,,,,,,,,,,,,,,,,,,,,,,,,,,,,,,,,,,,,,,,,,,,"B",,,,,,,,,,,,,,,,,,,,,,,,,,,,,,,,,,,,,,,,,,,,,,,,,,,,,,,,,,,,,,,,,,,,,,,,,,,,,,,,,,,,,,,,,,,,,,,,,,,,,,,,,,,,,,,,,,,,,,,,,,"Isaac Collins",25477,686555
"Tommy Edman","LAD","Tommy Edman","LAD",2026,31,54,141,156,39,28,7,2,2,25,14,8,0,27,5,0,2,2,3,1,0.276595744,42,49,23,5,564,191,373,3,2,0,0.051282051,0.173076923,0.296296296,0.337662337,0.39716312,0.734825457,0.120567376,0.330357142,0.857142857,0.201754385,0.368421052,0.429824561,0.102040816,0.040816326,0.071428571,0,0.32656368613243103,1.2927848421485006,19.71436515678473,,,,,,,,6.937898870293323,106.11550600858453,,,,,,,,,,,,,,,,,,,,,,,,,,,,,,,,,,,,,,,,,,,,,,,,,,,,,,,,,,,,,,,,,,,,,,,,,,,,,,,,,,,,,,,,,,,,,,,,,,,,,,,,,,,,,,,,,,,,,,,,,,,,,,,,,,,,,,,,-0.04173759650439024,,"31 - 31",,,,0.39655172,0.37068966,0.23275862,0.13793103,0.53448276,0.32758621,0.23717949,,,,,,,,,,,,,,,,,,,,,,,,,,,,,,,,,,,,,,,,,,,,,,,,,,,,,,,,,,,,,,,,,,,,,,,,,,,,,,,,,,,,,,,,,,,,,,,,,,,,,,,,,,,,,,,,,,,,,,,,,,,,,"B",,,,,,,,,,,,,,,,,,,,,,,,,,,,,,,,,,,,,,,,,,,,,,,,,,,,,,,,,,,,,,,,,,,,,,,,,,,,,,,,,,,,,,,,,,,,,,,,,,,,,,,,,,,,,,,,,,,,,,,,,,"Tommy Edman",19470,669242
"Luke Raley","SEA","Luke Raley","SEA",2026,31,91,237,260,55,31,8,1,15,27,39,15,1,85,6,1,1,1,1,1,0.23206751,50,66,34,7,1023,361,662,1,4,3,0.057692307,0.326923076,0.176470588,0.293436293,0.464135021,0.757571314,0.232067511,0.289855072,0.757575757,0.226666666,0.333333333,0.44,0.106060606,0.227272727,0.02,0.75,0.3264373178167861,2.1281408445565937,32.83077470228365,,,,,,,,2.768098902957497,115.64106230891544,,,,,,,,,,,,,,,,,,,,,,,,,,,,,,,,,,,,,,,,,,,,,,,,,,,,,,,,,,,,,,,,,,,,,,,,,,,,,,,,,,,,,,,,,,,,,,,,,,,,,,,,,,,,,,,,,,,,,,,,,,,,,,,,,,,,,,,,-0.49803987983614206,,"31 - 31",,,,0.45454545,0.26623377,0.27922078,0.12337662,0.44805195,0.42857143,0.44230769,,,,,,,,,,,,,,,,,,,,,,,,,,,,,,,,,,,,,,,,,,,,,,,,,,,,,,,,,,,,,,,,,,,,,,,,,,,,,,,,,,,,,,,,,,,,,,,,,,,,,,,,,,,,,,,,,,,,,,,,,,,,,"L",,,,,,,,,,,,,,,,,,,,,,,,,,,,,,,,,,,,,,,,,,,,,,,,,,,,,,,,,,,,,,,,,,,,,,,,,,,,,,,,,,,,,,,,,,,,,,,,,,,,,,,,,,,,,,,,,,,,,,,,,,"Luke Raley",19354,670042
"Brett Callahan","DET","Brett Callahan","DET",2026,24,12,30,33,8,5,1,1,1,2,6,2,0,9,0,1,0,0,0,0,0.266666666,8,8,6,0,103,29,74,2,0,0,0.06060606,0.272727272,0.222222222,0.303030303,0.466666666,0.769696969,0.2,0.333333333,1,0.272727272,0.363636363,0.363636363,0,0.125,0.25,0,0.3260201450550195,0.25900633952074265,4.155879098386099,,,,,,,,2.71230158375,107.62754643977928,,,,,,,,,,,,,,,,,,,,,,,,,,,,,,,,,,,,,,,,,,,,,,,,,,,,,,,,,,,,,,,,,,,,,,,,,,,,,,,,,,,,,,,,,,,,,,,,,,,,,,,,,,,,,,,,,,,,,,,,,,,,,,,,,,,,,,,,-0.03941159415990114,,"24 - 24",,,,0.31818182,0.45454545,0.22727273,0.13636364,0.45454545,0.40909091,0.36363636,,,,,,,,,,,,,,,,,,,,,,,,,,,,,,,,,,,,,,,,,,,,,,,,,,,,,,,,,,,,,,,,,,,,,,,,,,,,,,,,,,,,,,,,,,,,,,,,,,,,,,,,,,,,,,,,,,,,,,,,,,,,,"L",,,,,,,,,,,,,,,,,,,,,,,,,,,,,,,,,,,,,,,,,,,,,,,,,,,,,,,,,,,,,,,,,,,,,,,,,,,,,,,,,,,,,,,,,,,,,,,,,,,,,,,,,,,,,,,,,,,,,,,,,,"Brett Callahan",33514,814430
"Orlando Arcia","MIN","Orlando Arcia","MIN",2026,31,11,28,30,9,8,1,0,0,5,1,2,0,3,0,0,0,1,0,1,0.321428571,15,5,5,1,88,28,60,2,0,0,0.066666666,0.1,0.666666666,0.366666666,0.357142857,0.723809523,0.035714286,0.36,3,0.2,0.6,0.2,0.2,0,0.133333333,0,0.32601540883382163,0.23534570546098021,3.7779573044294863,,,,,,,,3.345293966131564,108.64463917372771,,,,,,,,,,,,,,,,,,,,,,,,,,,,,,,,,,,,,,,,,,,,,,,,,,,,,,,,,,,,,,,,,,,,,,,,,,,,,,,,,,,,,,,,,,,,,,,,,,,,,,,,,,,,,,,,,,,,,,,,,,,,,,,,,,,,,,,,-0.4672005455940962,,"31 - 31",,,,0.44,0.32,0.24,0.16,0.64,0.2,0.16666667,,,,,,,,,,,,,,,,,,,,,,,,,,,,,,,,,,,,,,,,,,,,,,,,,,,,,,,,,,,,,,,,,,,,,,,,,,,,,,,,,,,,,,,,,,,,,,,,,,,,,,,,,,,,,,,,,,,,,,,,,,,,,"R",,,,,,,,,,,,,,,,,,,,,,,,,,,,,,,,,,,,,,,,,,,,,,,,,,,,,,,,,,,,,,,,,,,,,,,,,,,,,,,,,,,,,,,,,,,,,,,,,,,,,,,,,,,,,,,,,,,,,,,,,,"Orlando Arcia",13185,606115
"Pedro Ramírez","CHC","Pedro Ramírez","CHC",2026,22,57,141,157,38,25,8,2,3,19,19,13,2,29,1,1,1,3,3,1,0.269503546,49,44,20,6,580,201,379,2,1,0,0.082802547,0.184713375,0.448275862,0.333333333,0.418439716,0.751773049,0.14893617,0.318181818,1.113636363,0.17699115,0.433628318,0.38938053,0.136363636,0.068181818,0.040816326,0,0.32540383277001317,1.1541974827503323,19.693864850685515,,,,,,,,5.862270681832426,106.88408914717927,,,,,,,,,,,,,,,,,,,,,,,,,,,,,,,,,,,,,,,,,,,,,,,,,,,,,,,,,,,,,,,,,,,,,,,,,,,,,,,,,,,,,,,,,,,,,,,,,,,,,,,,,,,,,,,,,,,,,,,,,,,,,,,,,,,,,,,,-0.0192166855558753,,"22 - 22",,,,0.45614035,0.34210526,0.20175439,0.10526316,0.53508772,0.35964912,0.2866242,,,,,,,,,,,,,,,,,,,,,,,,,,,,,,,,,,,,,,,,,,,,,,,,,,,,,,,,,,,,,,,,,,,,,,,,,,,,,,,,,,,,,,,,,,,,,,,,,,,,,,,,,,,,,,,,,,,,,,,,,,,,,"B",,,,,,,,,,,,,,,,,,,,,,,,,,,,,,,,,,,,,,,,,,,,,,,,,,,,,,,,,,,,,,,,,,,,,,,,,,,,,,,,,,,,,,,,,,,,,,,,,,,,,,,,,,,,,,,,,,,,,,,,,,"Pedro Ramirez",29218,699393
"Joe Mack","MIA","Joe Mack","MIA",2026,23,79,196,211,48,30,7,0,11,28,30,13,0,53,2,0,0,6,0,0,0.244897959,69,49,25,3,821,304,517,1,0,0,0.061611374,0.251184834,0.245283018,0.298578199,0.448979591,0.74755779,0.204081632,0.28030303,1.408163265,0.174825174,0.482517482,0.342657342,0.061224489,0.224489795,0.014492753,0,0.3253500924856177,1.5420367156257708,26.458404961704264,,,,,,,,1.64285714,103.73937778113725,,,,,,,,,,,,,,,,,,,,,,,,,,,,,,,,,,,,,,,,,,,,,,,,,,,,,,,,,,,,,,,,,,,,,,,,,,,,,,,,,,,,,,,,,,,,,,,,,,,,,,,,,,,,,,,,,,,,,,,,,,,,,,,,,,,,,,,,-0.25336024817079306,,"23 - 23",,,,0.51048951,0.28671329,0.2027972,0.09090909,0.53146853,0.37762238,0.36492891,,,,,,,,,,,,,,,,,,,,,,,,,,,,,,,,,,,,,,,,,,,,,,,,,,,,,,,,,,,,,,,,,,,,,,,,,,,,,,,,,,,,,,,,,,,,,,,,,,,,,,,,,,,,,,,,,,,,,,,,,,,,,"L",,,,,,,,,,,,,,,,,,,,,,,,,,,,,,,,,,,,,,,,,,,,,,,,,,,,,,,,,,,,,,,,,,,,,,,,,,,,,,,,,,,,,,,,,,,,,,,,,,,,,,,,,,,,,,,,,,,,,,,,,,"Joe Mack",29780,691788
"Chandler Simpson","TBR","Chandler Simpson","TBR",2026,25,119,327,355,106,93,10,3,0,39,21,21,1,25,0,4,3,4,30,11,0.324159021,166,66,62,4,1174,406,768,25,15,9,0.059154929,0.070422535,0.84,0.360795454,0.373088685,0.733884139,0.048929664,0.346405228,2.515151515,0.210884353,0.56462585,0.224489795,0.06060606,0,0.150602409,0.6,0.3252674220633982,2.5707506683156103,44.49165458944294,,,,,,,,6.205579670729548,107.24589678607465,,,,,,,,,,,,,,,,,,,,,,,,,,,,,,,,,,,,,,,,,,,,,,,,,,,,,,,,,,,,,,,,,,,,,,,,,,,,,,,,,,,,,,,,,,,,,,,,,,,,,,,,,,,,,,,,,,,,,,,,,,,,,,,,,,,,,,,,0.8439034046605229,,"25 - 25",,,,0.25889968,0.41423948,0.32686084,0.1618123,0.64724919,0.19093851,0.12957746,,,,,,,,,,,,,,,,,,,,,,,,,,,,,,,,,,,,,,,,,,,,,,,,,,,,,,,,,,,,,,,,,,,,,,,,,,,,,,,,,,,,,,,,,,,,,,,,,,,,,,,,,,,,,,,,,,,,,,,,,,,,,"L",,,,,,,,,,,,,,,,,,,,,,,,,,,,,,,,,,,,,,,,,,,,,,,,,,,,,,,,,,,,,,,,,,,,,,,,,,,,,,,,,,,,,,,,,,,,,,,,,,,,,,,,,,,,,,,,,,,,,,,,,,"Chandler Simpson",31912,802415
"Nick Sogard","BOS","Nick Sogard","BOS",2026,28,39,119,146,30,22,6,1,1,17,8,22,0,26,0,1,4,2,0,0,0.25210084,34,30,26,3,591,239,352,2,8,2,0.150684931,0.178082191,0.846153846,0.366197183,0.344537815,0.710734998,0.092436975,0.311827956,1.133333333,0.288888888,0.377777777,0.333333333,0.1,0.033333333,0.058823529,0.25,0.32511185928129815,1.0389474600089348,18.279657241655663,,,,,,,,2.9786414525,105.08866198057542,,,,,,,,,,,,,,,,,,,,,,,,,,,,,,,,,,,,,,,,,,,,,,,,,,,,,,,,,,,,,,,,,,,,,,,,,,,,,,,,,,,,,,,,,,,,,,,,,,,,,,,,,,,,,,,,,,,,,,,,,,,,,,,,,,,,,,,,-0.24773002043366432,,"28 - 28",,,,0.46938776,0.31632653,0.21428571,0.14285714,0.65306122,0.20408163,0.33561644,,,,,,,,,,,,,,,,,,,,,,,,,,,,,,,,,,,,,,,,,,,,,,,,,,,,,,,,,,,,,,,,,,,,,,,,,,,,,,,,,,,,,,,,,,,,,,,,,,,,,,,,,,,,,,,,,,,,,,,,,,,,,"B",,,,,,,,,,,,,,,,,,,,,,,,,,,,,,,,,,,,,,,,,,,,,,,,,,,,,,,,,,,,,,,,,,,,,,,,,,,,,,,,,,,,,,,,,,,,,,,,,,,,,,,,,,,,,,,,,,,,,,,,,,"Nick Sogard",25483,686765
"Tim Tawa","ARI","Tim Tawa","ARI",2026,27,71,176,198,44,28,7,0,9,22,30,15,0,46,0,2,5,4,6,3,0.25,60,53,18,4,778,270,508,3,6,1,0.075757575,0.232323232,0.326086956,0.305699481,0.443181818,0.748881299,0.193181818,0.284552845,1.132075471,0.13740458,0.458015267,0.404580152,0.075471698,0.16981132,0.05,0.166666666,0.32488239120325274,1.3723371719229644,24.753573725115103,,,,,,,,3.72409892768687,103.92414737113971,,,,,,,,,,,,,,,,,,,,,,,,,,,,,,,,,,,,,,,,,,,,,,,,,,,,,,,,,,,,,,,,,,,,,,,,,,,,,,,,,,,,,,,,,,,,,,,,,,,,,,,,,,,,,,,,,,,,,,,,,,,,,,,,,,,,,,,,-0.27479457948356867,,"27 - 27",,,,0.43065693,0.39416058,0.17518248,0.13868613,0.48905109,0.37226277,0.35353535,,,,,,,,,,,,,,,,,,,,,,,,,,,,,,,,,,,,,,,,,,,,,,,,,,,,,,,,,,,,,,,,,,,,,,,,,,,,,,,,,,,,,,,,,,,,,,,,,,,,,,,,,,,,,,,,,,,,,,,,,,,,,"R",,,,,,,,,,,,,,,,,,,,,,,,,,,,,,,,,,,,,,,,,,,,,,,,,,,,,,,,,,,,,,,,,,,,,,,,,,,,,,,,,,,,,,,,,,,,,,,,,,,,,,,,,,,,,,,,,,,,,,,,,,"Tim Tawa",29571,694374
"Shea Langeliers","ATH","Shea Langeliers","ATH",2026,28,89,262,289,62,36,12,0,14,34,28,22,1,69,4,1,0,2,1,1,0.236641221,62,95,37,15,1089,398,691,3,0,0,0.076124567,0.238754325,0.318840579,0.304498269,0.442748091,0.74724636,0.20610687,0.266666666,0.652631578,0.190721649,0.319587628,0.489690721,0.157894736,0.147368421,0.048387096,0,0.3246542223625713,1.9498717497198843,36.07703015311649,,,,,,,,2.099741883819062,99.54989175274227,,,,,,,,,,,,,,,,,,,,,,,,,,,,,,,,,,,,,,,,,,,,,,,,,,,,,,,,,,,,,,,,,,,,,,,,,,,,,,,,,,,,,,,,,,,,,,,,,,,,,,,,,,,,,,,,,,,,,,,,,,,,,,,,,,,,,,,,-0.5543421572074294,,"28 - 28",,,,0.3814433,0.35051546,0.26804124,0.16494845,0.43814433,0.39690722,0.3633218,,,,,,,,,,,,,,,,,,,,,,,,,,,,,,,,,,,,,,,,,,,,,,,,,,,,,,,,,,,,,,,,,,,,,,,,,,,,,,,,,,,,,,,,,,,,,,,,,,,,,,,,,,,,,,,,,,,,,,,,,,,,,"R",,,,,,,,,,,,,,,,,,,,,,,,,,,,,,,,,,,,,,,,,,,,,,,,,,,,,,,,,,,,,,,,,,,,,,,,,,,,,,,,,,,,,,,,,,,,,,,,,,,,,,,,,,,,,,,,,,,,,,,,,,"Shea Langeliers",25816,669127
"Hunter Feduccia","- - -","Hunter Feduccia","- - -",2026,29,73,150,175,39,28,7,1,3,18,15,19,0,46,1,1,4,1,0,0,0.26,32,43,27,2,715,281,434,2,6,1,0.108571428,0.262857142,0.413043478,0.345029239,0.38,0.725029239,0.12,0.352941176,0.744186046,0.264705882,0.31372549,0.421568627,0.046511627,0.069767441,0.0625,0.166666666,0.3246112472829763,1.1818218035848576,21.847056130901144,,,,,,,,2.4724025899999997,106.11215811865456,,,,,,,,,,,,,,,,,,,,,,,,,,,,,,,,,,,,,,,,,,,,,,,,,,,,,,,,,,,,,,,,,,,,,,,,,,,,,,,,,,,,,,,,,,,,,,,,,,,,,,,,,,,,,,,,,,,,,,,,,,,,,,,,,,,,,,,,-0.27025093138217926,,"29 - 29",,,,0.35185185,0.42592593,0.22222222,0.08333333,0.56481481,0.35185185,0.38857143,,,,,,,,,,,,,,,,,,,,,,,,,,,,,,,,,,,,,,,,,,,,,,,,,,,,,,,,,,,,,,,,,,,,,,,,,,,,,,,,,,,,,,,,,,,,,,,,,,,,,,,,,,,,,,,,,,,,,,,,,,,,,"L",,,,,,,,,,,,,,,,,,,,,,,,,,,,,,,,,,,,,,,,,,,,,,,,,,,,,,,,,,,,,,,,,,,,,,,,,,,,,,,,,,,,,,,,,,,,,,,,,,,,,,,,,,,,,,,,,,,,,,,,,,"Hunter Feduccia",23372,676439
"William Contreras","MIL","William Contreras","MIL",2026,28,122,354,397,95,69,15,1,10,47,52,35,1,51,3,5,0,8,1,1,0.268361581,129,128,51,18,1387,510,877,10,0,0,0.088161209,0.128463476,0.686274509,0.335012594,0.401129943,0.736142537,0.132768362,0.285234899,1.0078125,0.165584415,0.418831168,0.415584415,0.140625,0.078125,0.077519379,0,0.32424373879577173,2.5471028728858522,49.42766303256908,,,,,,,,2.547916829408871,105.18156794948754,,,,,,,,,,,,,,,,,,,,,,,,,,,,,,,,,,,,,,,,,,,,,,,,,,,,,,,,,,,,,,,,,,,,,,,,,,,,,,,,,,,,,,,,,,,,,,,,,,,,,,,,,,,,,,,,,,,,,,,,,,,,,,,,,,,,,,,,-0.8077024053782225,,"28 - 28",,,,0.37662338,0.39285714,0.23051948,0.17857143,0.47402597,0.3474026,0.2418136,,,,,,,,,,,,,,,,,,,,,,,,,,,,,,,,,,,,,,,,,,,,,,,,,,,,,,,,,,,,,,,,,,,,,,,,,,,,,,,,,,,,,,,,,,,,,,,,,,,,,,,,,,,,,,,,,,,,,,,,,,,,,"R",,,,,,,,,,,,,,,,,,,,,,,,,,,,,,,,,,,,,,,,,,,,,,,,,,,,,,,,,,,,,,,,,,,,,,,,,,,,,,,,,,,,,,,,,,,,,,,,,,,,,,,,,,,,,,,,,,,,,,,,,,"William Contreras",20503,661388
"Cole Young","SEA","Cole Young","SEA",2026,22,129,337,370,85,56,14,2,13,50,41,26,0,57,5,1,1,4,2,3,0.252225519,106,117,58,15,1381,483,898,6,1,0,0.07027027,0.154054054,0.45614035,0.314363143,0.421364985,0.735728128,0.169139466,0.268656716,0.905982905,0.206405693,0.377224199,0.416370106,0.128205128,0.111111111,0.056603773,0,0.32301201390703194,2.006288239974755,45.69849796058633,,,,,,,,3.682784919402959,113.25729078283568,,,,,,,,,,,,,,,,,,,,,,,,,,,,,,,,,,,,,,,,,,,,,,,,,,,,,,,,,,,,,,,,,,,,,,,,,,,,,,,,,,,,,,,,,,,,,,,,,,,,,,,,,,,,,,,,,,,,,,,,,,,,,,,,,,,,,,,,-1.322524611838162,,"22 - 22",,,,0.43617021,0.37234043,0.19148936,0.19148936,0.4822695,0.32624113,0.25945946,,,,,,,,,,,,,,,,,,,,,,,,,,,,,,,,,,,,,,,,,,,,,,,,,,,,,,,,,,,,,,,,,,,,,,,,,,,,,,,,,,,,,,,,,,,,,,,,,,,,,,,,,,,,,,,,,,,,,,,,,,,,,"L",,,,,,,,,,,,,,,,,,,,,,,,,,,,,,,,,,,,,,,,,,,,,,,,,,,,,,,,,,,,,,,,,,,,,,,,,,,,,,,,,,,,,,,,,,,,,,,,,,,,,,,,,,,,,,,,,,,,,,,,,,"Cole Young",31680,702284
"Victor Mesa Jr.","TBR","Victor Mesa Jr.","TBR",2026,24,51,130,147,27,14,2,2,9,19,20,14,0,34,1,1,1,1,6,2,0.207692307,25,53,15,5,554,194,360,0,5,2,0.095238095,0.231292517,0.411764705,0.287671232,0.461538461,0.749209693,0.253846154,0.204545454,0.471698113,0.161290322,0.268817204,0.569892473,0.094339622,0.16981132,0,0.4,0.32296262579421475,0.7912371355014379,18.150033970447115,,,,,,,,7.203423111854752,105.64192006907473,,,,,,,,,,,,,,,,,,,,,,,,,,,,,,,,,,,,,,,,,,,,,,,,,,,,,,,,,,,,,,,,,,,,,,,,,,,,,,,,,,,,,,,,,,,,,,,,,,,,,,,,,,,,,,,,,,,,,,,,,,,,,,,,,,,,,,,,0.21492687705904245,,"24 - 24",,,,0.40816327,0.3877551,0.20408163,0.15306122,0.46938776,0.37755102,0.3877551,,,,,,,,,,,,,,,,,,,,,,,,,,,,,,,,,,,,,,,,,,,,,,,,,,,,,,,,,,,,,,,,,,,,,,,,,,,,,,,,,,,,,,,,,,,,,,,,,,,,,,,,,,,,,,,,,,,,,,,,,,,,,"L",,,,,,,,,,,,,,,,,,,,,,,,,,,,,,,,,,,,,,,,,,,,,,,,,,,,,,,,,,,,,,,,,,,,,,,,,,,,,,,,,,,,,,,,,,,,,,,,,,,,,,,,,,,,,,,,,,,,,,,,,,"Victor Mesa Jr.",25999,683748
"Fernando Tatis Jr.","SDP","Fernando Tatis Jr.","SDP",2026,27,133,417,466,115,84,20,1,10,53,52,37,4,85,5,6,1,13,27,8,0.275779376,167,110,60,9,1642,628,1014,18,2,1,0.079399141,0.182403433,0.435294117,0.337634408,0.400479616,0.738114024,0.12470024,0.320121951,1.518181818,0.178041543,0.495548961,0.326409495,0.081818181,0.09090909,0.107784431,0.5,0.3228319339017806,2.459153317493405,57.487720154804194,,,,,,,,5.315069727531149,107.10653883306934,,,,,,,,,,,,,,,,,,,,,,,,,,,,,,,,,,,,,,,,,,,,,,,,,,,,,,,,,,,,,,,,,,,,,,,,,,,,,,,,,,,,,,,,,,,,,,,,,,,,,,,,,,,,,,,,,,,,,,,,,,,,,,,,,,,,,,,,1.4259261507540941,,"27 - 27",,,,0.36873156,0.37758112,0.25368732,0.15044248,0.43362832,0.4159292,0.2832618,,,,,,,,,,,,,,,,,,,,,,,,,,,,,,,,,,,,,,,,,,,,,,,,,,,,,,,,,,,,,,,,,,,,,,,,,,,,,,,,,,,,,,,,,,,,,,,,,,,,,,,,,,,,,,,,,,,,,,,,,,,,,"R",,,,,,,,,,,,,,,,,,,,,,,,,,,,,,,,,,,,,,,,,,,,,,,,,,,,,,,,,,,,,,,,,,,,,,,,,,,,,,,,,,,,,,,,,,,,,,,,,,,,,,,,,,,,,,,,,,,,,,,,,,"Fernando Tatis Jr.",19709,665487
"Braden Montgomery","CHW","Braden Montgomery","CHW",2026,23,67,183,207,46,32,8,2,4,27,28,22,0,36,2,0,0,2,1,2,0.25136612,90,36,21,2,803,313,490,3,0,0,0.106280193,0.173913043,0.611111111,0.338164251,0.382513661,0.720677912,0.131147541,0.293706293,2.5,0.142857142,0.612244897,0.244897959,0.055555555,0.111111111,0.033333333,0,0.32272512613287296,1.074537997077591,25.518558029960282,,,,,,,,4.212887532917874,106.44519246395436,,,,,,,,,,,,,,,,,,,,,,,,,,,,,,,,,,,,,,,,,,,,,,,,,,,,,,,,,,,,,,,,,,,,,,,,,,,,,,,,,,,,,,,,,,,,,,,,,,,,,,,,,,,,,,,,,,,,,,,,,,,,,,,,,,,,,,,,-0.9370892867445946,,"23 - 23",,,,0.36054422,0.3537415,0.28571429,0.10204082,0.53061224,0.36734694,0.29951691,,,,,,,,,,,,,,,,,,,,,,,,,,,,,,,,,,,,,,,,,,,,,,,,,,,,,,,,,,,,,,,,,,,,,,,,,,,,,,,,,,,,,,,,,,,,,,,,,,,,,,,,,,,,,,,,,,,,,,,,,,,,,"B",,,,,,,,,,,,,,,,,,,,,,,,,,,,,,,,,,,,,,,,,,,,,,,,,,,,,,,,,,,,,,,,,,,,,,,,,,,,,,,,,,,,,,,,,,,,,,,,,,,,,,,,,,,,,,,,,,,,,,,,,,"Braden Montgomery",35423,695731
"Colton Cowser","BAL","Colton Cowser","BAL",2026,26,113,245,281,57,39,6,0,12,36,30,33,0,77,1,2,0,2,7,3,0.232653061,69,70,30,3,1174,447,727,5,1,0,0.117437722,0.274021352,0.428571428,0.323843416,0.404081632,0.727925048,0.171428571,0.284810126,0.985714285,0.177514792,0.408284023,0.414201183,0.042857142,0.171428571,0.072463768,0,0.3227178927418176,1.4570329277590048,34.63949490476401,,,,,,,,3.7940000960630775,108.21544400745135,,,,,,,,,,,,,,,,,,,,,,,,,,,,,,,,,,,,,,,,,,,,,,,,,,,,,,,,,,,,,,,,,,,,,,,,,,,,,,,,,,,,,,,,,,,,,,,,,,,,,,,,,,,,,,,,,,,,,,,,,,,,,,,,,,,,,,,,-0.24370140861719847,,"26 - 26",,,,0.41176471,0.37058824,0.21764706,0.15294118,0.44117647,0.40588235,0.4341637,,,,,,,,,,,,,,,,,,,,,,,,,,,,,,,,,,,,,,,,,,,,,,,,,,,,,,,,,,,,,,,,,,,,,,,,,,,,,,,,,,,,,,,,,,,,,,,,,,,,,,,,,,,,,,,,,,,,,,,,,,,,,"L",,,,,,,,,,,,,,,,,,,,,,,,,,,,,,,,,,,,,,,,,,,,,,,,,,,,,,,,,,,,,,,,,,,,,,,,,,,,,,,,,,,,,,,,,,,,,,,,,,,,,,,,,,,,,,,,,,,,,,,,,,"Colton Cowser",29591,681297
"Sterlin Thompson","COL","Sterlin Thompson","COL",2026,25,26,55,62,13,8,3,0,2,6,8,4,0,16,3,0,0,1,0,0,0.236363636,21,11,7,0,249,99,150,2,0,0,0.064516129,0.258064516,0.25,0.322580645,0.4,0.722580645,0.163636364,0.297297297,1.909090909,0.179487179,0.538461538,0.282051282,0,0.181818181,0.095238095,0,0.32245739140818197,0.3084535532728684,7.62985085780778,,,,,,,,1.1845238025,90.11226768791447,,,,,,,,,,,,,,,,,,,,,,,,,,,,,,,,,,,,,,,,,,,,,,,,,,,,,,,,,,,,,,,,,,,,,,,,,,,,,,,,,,,,,,,,,,,,,,,,,,,,,,,,,,,,,,,,,,,,,,,,,,,,,,,,,,,,,,,,-0.08445341605693102,,"25 - 25",,,,0.46153846,0.35897436,0.17948718,0.07692308,0.56410256,0.35897436,0.35483871,,,,,,,,,,,,,,,,,,,,,,,,,,,,,,,,,,,,,,,,,,,,,,,,,,,,,,,,,,,,,,,,,,,,,,,,,,,,,,,,,,,,,,,,,,,,,,,,,,,,,,,,,,,,,,,,,,,,,,,,,,,,,"L",,,,,,,,,,,,,,,,,,,,,,,,,,,,,,,,,,,,,,,,,,,,,,,,,,,,,,,,,,,,,,,,,,,,,,,,,,,,,,,,,,,,,,,,,,,,,,,,,,,,,,,,,,,,,,,,,,,,,,,,,,"Sterlin Thompson",31443,694514
"Ryan Vilade","TBR","Ryan Vilade","TBR",2026,27,45,76,87,18,12,2,0,4,8,14,8,0,18,1,1,1,3,1,0,0.236842105,29,20,10,4,346,124,222,0,1,0,0.091954022,0.206896551,0.444444444,0.313953488,0.421052631,0.735006119,0.184210526,0.254545454,1.45,0.169491525,0.491525423,0.33898305,0.2,0.2,0,0,0.3224353339782981,0.431282176035762,10.704855813044428,,,,,,,,2.870753382164937,105.2749619100811,,,,,,,,,,,,,,,,,,,,,,,,,,,,,,,,,,,,,,,,,,,,,,,,,,,,,,,,,,,,,,,,,,,,,,,,,,,,,,,,,,,,,,,,,,,,,,,,,,,,,,,,,,,,,,,,,,,,,,,,,,,,,,,,,,,,,,,,0.08176522050052881,,"27 - 27",,,,0.3,0.51666667,0.18333333,0.2,0.46666667,0.33333333,0.34482759,,,,,,,,,,,,,,,,,,,,,,,,,,,,,,,,,,,,,,,,,,,,,,,,,,,,,,,,,,,,,,,,,,,,,,,,,,,,,,,,,,,,,,,,,,,,,,,,,,,,,,,,,,,,,,,,,,,,,,,,,,,,,"R",,,,,,,,,,,,,,,,,,,,,,,,,,,,,,,,,,,,,,,,,,,,,,,,,,,,,,,,,,,,,,,,,,,,,,,,,,,,,,,,,,,,,,,,,,,,,,,,,,,,,,,,,,,,,,,,,,,,,,,,,,"Ryan Vilade",22165,668723
"Carter Jensen","KCR","Carter Jensen","KCR",2026,22,117,314,363,68,33,18,1,16,49,43,43,1,103,1,5,0,4,0,1,0.216560509,69,119,28,14,1548,619,929,3,0,0,0.1184573,0.283746556,0.417475728,0.308539944,0.433121019,0.741660963,0.21656051,0.26,0.579831932,0.129629629,0.319444444,0.550925925,0.117647058,0.134453781,0.04347826,0,0.32203449234778053,1.6821269339475253,44.54772728146644,,,,,,,,2.705723573119502,103.24653574785496,,,,,,,,,,,,,,,,,,,,,,,,,,,,,,,,,,,,,,,,,,,,,,,,,,,,,,,,,,,,,,,,,,,,,,,,,,,,,,,,,,,,,,,,,,,,,,,,,,,,,,,,,,,,,,,,,,,,,,,,,,,,,,,,,,,,,,,,-0.8387955762445927,,"22 - 22",,,,0.4212963,0.2962963,0.28240741,0.12037037,0.4537037,0.42592593,0.44628099,,,,,,,,,,,,,,,,,,,,,,,,,,,,,,,,,,,,,,,,,,,,,,,,,,,,,,,,,,,,,,,,,,,,,,,,,,,,,,,,,,,,,,,,,,,,,,,,,,,,,,,,,,,,,,,,,,,,,,,,,,,,,"L",,,,,,,,,,,,,,,,,,,,,,,,,,,,,,,,,,,,,,,,,,,,,,,,,,,,,,,,,,,,,,,,,,,,,,,,,,,,,,,,,,,,,,,,,,,,,,,,,,,,,,,,,,,,,,,,,,,,,,,,,,"Carter Jensen",29478,695600
"Wilyer Abreu","BOS","Wilyer Abreu","BOS",2026,27,132,363,413,84,44,20,3,17,46,47,41,3,91,1,6,0,5,3,3,0.231404958,85,142,51,11,1616,588,1028,4,0,0,0.099273607,0.220338983,0.45054945,0.306569343,0.44352617,0.750095513,0.212121212,0.25670498,0.598591549,0.183453237,0.305755395,0.510791366,0.077464788,0.119718309,0.047058823,0,0.3219297453761101,1.8789321232447525,50.64888513571118,,,,,,,,3.8430474275857476,102.87413365848144,,,,,,,,,,,,,,,,,,,,,,,,,,,,,,,,,,,,,,,,,,,,,,,,,,,,,,,,,,,,,,,,,,,,,,,,,,,,,,,,,,,,,,,,,,,,,,,,,,,,,,,,,,,,,,,,,,,,,,,,,,,,,,,,,,,,,,,,-1.1000036979094148,,"27 - 27",,,,0.37410072,0.34532374,0.28057554,0.15107914,0.41366906,0.4352518,0.36077482,,,,,,,,,,,,,,,,,,,,,,,,,,,,,,,,,,,,,,,,,,,,,,,,,,,,,,,,,,,,,,,,,,,,,,,,,,,,,,,,,,,,,,,,,,,,,,,,,,,,,,,,,,,,,,,,,,,,,,,,,,,,,"L",,,,,,,,,,,,,,,,,,,,,,,,,,,,,,,,,,,,,,,,,,,,,,,,,,,,,,,,,,,,,,,,,,,,,,,,,,,,,,,,,,,,,,,,,,,,,,,,,,,,,,,,,,,,,,,,,,,,,,,,,,"Wilyer Abreu",23772,677800
"Corbin Carroll","ARI","Corbin Carroll","ARI",2026,25,127,340,395,71,30,18,9,14,55,45,47,3,87,4,4,0,5,13,2,0.208823529,97,120,40,17,1591,624,967,5,0,0,0.118987341,0.220253164,0.540229885,0.308860759,0.438235294,0.747096053,0.229411765,0.234567901,0.808333333,0.155642023,0.377431906,0.46692607,0.141666666,0.116666666,0.051546391,0,0.32183854859702443,1.7679866721711386,48.41237272525646,,,,,,,,7.7337840354974645,101.88209958885676,,,,,,,,,,,,,,,,,,,,,,,,,,,,,,,,,,,,,,,,,,,,,,,,,,,,,,,,,,,,,,,,,,,,,,,,,,,,,,,,,,,,,,,,,,,,,,,,,,,,,,,,,,,,,,,,,,,,,,,,,,,,,,,,,,,,,,,,1.3390457388013601,,"25 - 25",,,,0.50583658,0.28404669,0.21011673,0.14785992,0.43968872,0.41245136,0.37468354,,,,,,,,,,,,,,,,,,,,,,,,,,,,,,,,,,,,,,,,,,,,,,,,,,,,,,,,,,,,,,,,,,,,,,,,,,,,,,,,,,,,,,,,,,,,,,,,,,,,,,,,,,,,,,,,,,,,,,,,,,,,,"L",,,,,,,,,,,,,,,,,,,,,,,,,,,,,,,,,,,,,,,,,,,,,,,,,,,,,,,,,,,,,,,,,,,,,,,,,,,,,,,,,,,,,,,,,,,,,,,,,,,,,,,,,,,,,,,,,,,,,,,,,,"Corbin Carroll",25878,682998
"Jake Mangum","PIT","Jake Mangum","PIT",2026,30,99,269,295,78,61,12,2,3,33,23,16,1,58,6,1,3,6,17,8,0.289962825,120,44,41,3,1103,334,769,17,10,4,0.054237288,0.196610169,0.275862068,0.342465753,0.382899628,0.725365381,0.092936803,0.358851674,2.727272727,0.2,0.585365853,0.214634146,0.068181818,0.068181818,0.141666666,0.4,0.32181493093058006,1.3147755472835132,36.150456270473825,,,,,,,,5.968325617355083,99.11711070944294,,,,,,,,,,,,,,,,,,,,,,,,,,,,,,,,,,,,,,,,,,,,,,,,,,,,,,,,,,,,,,,,,,,,,,,,,,,,,,,,,,,,,,,,,,,,,,,,,,,,,,,,,,,,,,,,,,,,,,,,,,,,,,,,,,,,,,,,-0.3488647695630789,,"30 - 30",,,,0.26976744,0.34418605,0.38604651,0.1627907,0.57209302,0.26511628,0.26101695,,,,,,,,,,,,,,,,,,,,,,,,,,,,,,,,,,,,,,,,,,,,,,,,,,,,,,,,,,,,,,,,,,,,,,,,,,,,,,,,,,,,,,,,,,,,,,,,,,,,,,,,,,,,,,,,,,,,,,,,,,,,,"B",,,,,,,,,,,,,,,,,,,,,,,,,,,,,,,,,,,,,,,,,,,,,,,,,,,,,,,,,,,,,,,,,,,,,,,,,,,,,,,,,,,,,,,,,,,,,,,,,,,,,,,,,,,,,,,,,,,,,,,,,,"Jake Mangum",26202,663968
"Miguel Andujar","SDP","Miguel Andujar","SDP",2026,31,62,164,173,43,23,14,2,4,20,16,6,1,27,3,0,0,5,2,2,0.262195121,71,41,25,3,624,193,431,3,0,0,0.03468208,0.156069364,0.222222222,0.300578034,0.445121951,0.745699985,0.18292683,0.293233082,1.731707317,0.182481751,0.518248175,0.299270072,0.073170731,0.097560975,0.042253521,0,0.3210846449053565,0.6691358924419151,21.0981961131603,,,,,,,,5.053844573124339,105.93432065961507,,,,,,,,,,,,,,,,,,,,,,,,,,,,,,,,,,,,,,,,,,,,,,,,,,,,,,,,,,,,,,,,,,,,,,,,,,,,,,,,,,,,,,,,,,,,,,,,,,,,,,,,,,,,,,,,,,,,,,,,,,,,,,,,,,,,,,,,-0.596333590336144,,"31 - 31",,,,0.48175182,0.32116788,0.19708029,0.16058394,0.47445255,0.3649635,0.21387283,,,,,,,,,,,,,,,,,,,,,,,,,,,,,,,,,,,,,,,,,,,,,,,,,,,,,,,,,,,,,,,,,,,,,,,,,,,,,,,,,,,,,,,,,,,,,,,,,,,,,,,,,,,,,,,,,,,,,,,,,,,,,"R",,,,,,,,,,,,,,,,,,,,,,,,,,,,,,,,,,,,,,,,,,,,,,,,,,,,,,,,,,,,,,,,,,,,,,,,,,,,,,,,,,,,,,,,,,,,,,,,,,,,,,,,,,,,,,,,,,,,,,,,,,"Miguel Andujar",15878,609280
"Esteury Ruiz","MIA","Esteury Ruiz","MIA",2026,27,57,88,106,20,13,5,0,2,17,4,9,0,32,7,0,1,0,15,4,0.227272727,16,19,17,5,391,140,251,2,5,3,0.08490566,0.301886792,0.28125,0.346153846,0.352272727,0.698426573,0.125,0.333333333,0.842105263,0.326923076,0.307692307,0.365384615,0.263157894,0.105263157,0.125,0.6,0.32091200007842136,0.3952302149279235,12.912457864616643,,,,,,,,6.837094383523626,100.76195814086488,,,,,,,,,,,,,,,,,,,,,,,,,,,,,,,,,,,,,,,,,,,,,,,,,,,,,,,,,,,,,,,,,,,,,,,,,,,,,,,,,,,,,,,,,,,,,,,,,,,,,,,,,,,,,,,,,,,,,,,,,,,,,,,,,,,,,,,,1.193130367435515,,"27 - 27",,,,0.56140351,0.22807018,0.21052632,0.21052632,0.61403509,0.1754386,0.40566038,,,,,,,,,,,,,,,,,,,,,,,,,,,,,,,,,,,,,,,,,,,,,,,,,,,,,,,,,,,,,,,,,,,,,,,,,,,,,,,,,,,,,,,,,,,,,,,,,,,,,,,,,,,,,,,,,,,,,,,,,,,,,"R",,,,,,,,,,,,,,,,,,,,,,,,,,,,,,,,,,,,,,,,,,,,,,,,,,,,,,,,,,,,,,,,,,,,,,,,,,,,,,,,,,,,,,,,,,,,,,,,,,,,,,,,,,,,,,,,,,,,,,,,,,"Esteury Ruiz",21780,665923
"Caleb Durbin","BOS","Caleb Durbin","BOS",2026,26,122,322,366,82,56,16,1,9,52,43,31,1,52,7,3,3,7,8,3,0.254658385,129,90,48,14,1323,471,852,9,9,2,0.084699453,0.142076502,0.596153846,0.330578512,0.394409937,0.724988449,0.139751552,0.276515151,1.433333333,0.17977528,0.483146067,0.337078651,0.155555555,0.1,0.069767441,0.222222222,0.3208875601792204,1.3574480227354264,44.5773095301512,,,,,,,,4.947790934153005,102.14884578251429,,,,,,,,,,,,,,,,,,,,,,,,,,,,,,,,,,,,,,,,,,,,,,,,,,,,,,,,,,,,,,,,,,,,,,,,,,,,,,,,,,,,,,,,,,,,,,,,,,,,,,,,,,,,,,,,,,,,,,,,,,,,,,,,,,,,,,,,-0.15630596037954092,,"26 - 26",,,,0.43478261,0.37318841,0.19202899,0.26086957,0.5,0.23913043,0.25136612,,,,,,,,,,,,,,,,,,,,,,,,,,,,,,,,,,,,,,,,,,,,,,,,,,,,,,,,,,,,,,,,,,,,,,,,,,,,,,,,,,,,,,,,,,,,,,,,,,,,,,,,,,,,,,,,,,,,,,,,,,,,,"R",,,,,,,,,,,,,,,,,,,,,,,,,,,,,,,,,,,,,,,,,,,,,,,,,,,,,,,,,,,,,,,,,,,,,,,,,,,,,,,,,,,,,,,,,,,,,,,,,,,,,,,,,,,,,,,,,,,,,,,,,,"Caleb Durbin",29646,702332
"Iván Herrera","STL","Iván Herrera","STL",2026,26,130,362,419,89,61,18,1,9,58,40,32,1,81,21,4,0,12,8,0,0.245856353,149,89,47,17,1638,585,1053,7,0,0,0.076372315,0.193317422,0.395061728,0.338902147,0.375690607,0.714592754,0.129834254,0.289855072,1.674157303,0.16491228,0.522807017,0.312280701,0.191011235,0.101123595,0.046979865,0,0.320675294079849,1.4822822002876783,50.96075753254781,,,,,,,,5.5731869915825065,103.1365238026842,,,,,,,,,,,,,,,,,,,,,,,,,,,,,,,,,,,,,,,,,,,,,,,,,,,,,,,,,,,,,,,,,,,,,,,,,,,,,,,,,,,,,,,,,,,,,,,,,,,,,,,,,,,,,,,,,,,,,,,,,,,,,,,,,,,,,,,,0.9637842895463109,,"26 - 26",,,,0.40350877,0.40701754,0.18947368,0.19649123,0.48421053,0.31929825,0.29116945,,,,,,,,,,,,,,,,,,,,,,,,,,,,,,,,,,,,,,,,,,,,,,,,,,,,,,,,,,,,,,,,,,,,,,,,,,,,,,,,,,,,,,,,,,,,,,,,,,,,,,,,,,,,,,,,,,,,,,,,,,,,,"R",,,,,,,,,,,,,,,,,,,,,,,,,,,,,,,,,,,,,,,,,,,,,,,,,,,,,,,,,,,,,,,,,,,,,,,,,,,,,,,,,,,,,,,,,,,,,,,,,,,,,,,,,,,,,,,,,,,,,,,,,,"Ivan Herrera",20599,671056
"Konnor Griffin","PIT","Konnor Griffin","PIT",2026,20,55,168,185,45,33,7,1,4,27,19,12,0,48,4,1,0,1,15,1,0.267857142,70,30,20,1,695,226,469,11,1,1,0.064864864,0.259459459,0.25,0.329729729,0.392857142,0.722586871,0.125,0.35042735,2.333333333,0.166666666,0.583333333,0.25,0.033333333,0.133333333,0.157142857,1,0.3206080137072383,0.6444289705511775,22.490533830856965,,,,,,,,7.851891707343774,98.30741620215102,,,,,,,,,,,,,,,,,,,,,,,,,,,,,,,,,,,,,,,,,,,,,,,,,,,,,,,,,,,,,,,,,,,,,,,,,,,,,,,,,,,,,,,,,,,,,,,,,,,,,,,,,,,,,,,,,,,,,,,,,,,,,,,,,,,,,,,,2.3132206173613667,,"20 - 20",,,,0.38842975,0.32231405,0.2892562,0.17355372,0.51239669,0.31404959,0.34594595,,,,,,,,,,,,,,,,,,,,,,,,,,,,,,,,,,,,,,,,,,,,,,,,,,,,,,,,,,,,,,,,,,,,,,,,,,,,,,,,,,,,,,,,,,,,,,,,,,,,,,,,,,,,,,,,,,,,,,,,,,,,,"R",,,,,,,,,,,,,,,,,,,,,,,,,,,,,,,,,,,,,,,,,,,,,,,,,,,,,,,,,,,,,,,,,,,,,,,,,,,,,,,,,,,,,,,,,,,,,,,,,,,,,,,,,,,,,,,,,,,,,,,,,,"Konnor Griffin",35376,804606
"Jazz Chisholm Jr.","NYY","Jazz Chisholm Jr.","NYY",2026,28,122,302,347,70,45,11,1,13,47,33,42,3,96,1,2,0,3,33,5,0.231788079,88,79,36,8,1435,569,866,5,5,3,0.121037463,0.27665706,0.4375,0.325648414,0.403973509,0.729621923,0.17218543,0.292307692,1.11392405,0.177339901,0.433497536,0.389162561,0.101265822,0.164556962,0.056818181,0.6,0.3202727468207825,1.1149050108865317,42.09111250562225,,,,,,,,6.762168178768752,104.61639823029593,,,,,,,,,,,,,,,,,,,,,,,,,,,,,,,,,,,,,,,,,,,,,,,,,,,,,,,,,,,,,,,,,,,,,,,,,,,,,,,,,,,,,,,,,,,,,,,,,,,,,,,,,,,,,,,,,,,,,,,,,,,,,,,,,,,,,,,,4.066939399577677,,"28 - 28",,,,0.54807692,0.27884615,0.17307692,0.11057692,0.50480769,0.38461538,0.4351585,,,,,,,,,,,,,,,,,,,,,,,,,,,,,,,,,,,,,,,,,,,,,,,,,,,,,,,,,,,,,,,,,,,,,,,,,,,,,,,,,,,,,,,,,,,,,,,,,,,,,,,,,,,,,,,,,,,,,,,,,,,,,"L",,,,,,,,,,,,,,,,,,,,,,,,,,,,,,,,,,,,,,,,,,,,,,,,,,,,,,,,,,,,,,,,,,,,,,,,,,,,,,,,,,,,,,,,,,,,,,,,,,,,,,,,,,,,,,,,,,,,,,,,,,"Jazz Chisholm Jr.",20454,665862
"Joey Loperfido","HOU","Joey Loperfido","HOU",2026,27,39,88,106,21,12,7,1,1,12,11,14,1,28,1,1,1,2,1,1,0.238636363,33,19,9,0,430,156,274,1,1,0,0.132075471,0.264150943,0.5,0.346153846,0.375,0.721153846,0.136363637,0.333333333,1.736842105,0.147540983,0.540983606,0.311475409,0,0.052631578,0.03030303,0,0.32011429140868697,0.3270287555264667,12.844256405215187,,,,,,,,4.751137617256752,105.10789328050771,,,,,,,,,,,,,,,,,,,,,,,,,,,,,,,,,,,,,,,,,,,,,,,,,,,,,,,,,,,,,,,,,,,,,,,,,,,,,,,,,,,,,,,,,,,,,,,,,,,,,,,,,,,,,,,,,,,,,,,,,,,,,,,,,,,,,,,,-0.3572841864079237,,"27 - 27",,,,0.27419355,0.46774194,0.25806452,0.09677419,0.56451613,0.33870968,0.40566038,,,,,,,,,,,,,,,,,,,,,,,,,,,,,,,,,,,,,,,,,,,,,,,,,,,,,,,,,,,,,,,,,,,,,,,,,,,,,,,,,,,,,,,,,,,,,,,,,,,,,,,,,,,,,,,,,,,,,,,,,,,,,"L",,,,,,,,,,,,,,,,,,,,,,,,,,,,,,,,,,,,,,,,,,,,,,,,,,,,,,,,,,,,,,,,,,,,,,,,,,,,,,,,,,,,,,,,,,,,,,,,,,,,,,,,,,,,,,,,,,,,,,,,,,"Joey Loperfido",29630,694388
"Bryson Stott","PHI","Bryson Stott","PHI",2026,28,129,359,403,90,57,20,5,8,49,49,39,0,71,1,2,2,9,20,0,0.250696378,116,117,57,11,1676,588,1088,4,2,0,0.096774193,0.17617866,0.549295774,0.324189526,0.401114206,0.725303732,0.150417828,0.290780141,0.991452991,0.196551724,0.4,0.403448275,0.094017094,0.068376068,0.034482758,0,0.3200609865331293,1.2259996217651739,48.815082101242105,,,,,,,,7.57907229820776,97.71732483479153,,,,,,,,,,,,,,,,,,,,,,,,,,,,,,,,,,,,,,,,,,,,,,,,,,,,,,,,,,,,,,,,,,,,,,,,,,,,,,,,,,,,,,,,,,,,,,,,,,,,,,,,,,,,,,,,,,,,,,,,,,,,,,,,,,,,,,,,3.4538679691031575,,"28 - 28",,,,0.39383562,0.42808219,0.17808219,0.1369863,0.48972603,0.37328767,0.29280397,,,,,,,,,,,,,,,,,,,,,,,,,,,,,,,,,,,,,,,,,,,,,,,,,,,,,,,,,,,,,,,,,,,,,,,,,,,,,,,,,,,,,,,,,,,,,,,,,,,,,,,,,,,,,,,,,,,,,,,,,,,,,"L",,,,,,,,,,,,,,,,,,,,,,,,,,,,,,,,,,,,,,,,,,,,,,,,,,,,,,,,,,,,,,,,,,,,,,,,,,,,,,,,,,,,,,,,,,,,,,,,,,,,,,,,,,,,,,,,,,,,,,,,,,"Bryson Stott",26294,681082
"Heriberto Hernández","MIA","Heriberto Hernández","MIA",2026,26,94,231,257,52,30,10,0,12,24,34,25,0,76,1,0,0,2,5,4,0.225108225,66,65,24,7,1010,373,637,4,0,0,0.097276264,0.295719844,0.328947368,0.303501945,0.424242424,0.727744369,0.199134199,0.279720279,1.015384615,0.154838709,0.425806451,0.419354838,0.107692307,0.184615384,0.06060606,0,0.3195933583645505,0.6849066946350505,31.03327939246525,,,,,,,,2.5926739040769196,99.87731010356956,,,,,,,,,,,,,,,,,,,,,,,,,,,,,,,,,,,,,,,,,,,,,,,,,,,,,,,,,,,,,,,,,,,,,,,,,,,,,,,,,,,,,,,,,,,,,,,,,,,,,,,,,,,,,,,,,,,,,,,,,,,,,,,,,,,,,,,,-0.9588858112692833,,"26 - 26",,,,0.50322581,0.38064516,0.11612903,0.1483871,0.38709677,0.46451613,0.43968872,,,,,,,,,,,,,,,,,,,,,,,,,,,,,,,,,,,,,,,,,,,,,,,,,,,,,,,,,,,,,,,,,,,,,,,,,,,,,,,,,,,,,,,,,,,,,,,,,,,,,,,,,,,,,,,,,,,,,,,,,,,,,"R",,,,,,,,,,,,,,,,,,,,,,,,,,,,,,,,,,,,,,,,,,,,,,,,,,,,,,,,,,,,,,,,,,,,,,,,,,,,,,,,,,,,,,,,,,,,,,,,,,,,,,,,,,,,,,,,,,,,,,,,,,"Heriberto Hernandez",24878,681715
"Nolan Arenado","ARI","Nolan Arenado","ARI",2026,35,123,332,372,78,48,14,1,15,44,50,30,1,77,7,2,0,6,4,0,0.234939759,99,117,41,27,1497,540,957,4,0,0,0.080645161,0.206989247,0.389610389,0.309973045,0.418674698,0.728647743,0.183734939,0.260330578,0.846153846,0.159533073,0.385214007,0.455252918,0.23076923,0.128205128,0.04040404,0,0.31926727343249967,0.8935422912856704,44.82192611849514,,,,,,,,4.395883481320414,100.15708702197401,,,,,,,,,,,,,,,,,,,,,,,,,,,,,,,,,,,,,,,,,,,,,,,,,,,,,,,,,,,,,,,,,,,,,,,,,,,,,,,,,,,,,,,,,,,,,,,,,,,,,,,,,,,,,,,,,,,,,,,,,,,,,,,,,,,,,,,,0.32706088200211525,,"35 - 35",,,,0.49416342,0.3385214,0.16731518,0.24902724,0.47081712,0.28015564,0.32795699,,,,,,,,,,,,,,,,,,,,,,,,,,,,,,,,,,,,,,,,,,,,,,,,,,,,,,,,,,,,,,,,,,,,,,,,,,,,,,,,,,,,,,,,,,,,,,,,,,,,,,,,,,,,,,,,,,,,,,,,,,,,,"R",,,,,,,,,,,,,,,,,,,,,,,,,,,,,,,,,,,,,,,,,,,,,,,,,,,,,,,,,,,,,,,,,,,,,,,,,,,,,,,,,,,,,,,,,,,,,,,,,,,,,,,,,,,,,,,,,,,,,,,,,,"Nolan Arenado",9777,571448
"Willy Adames","SFG","Willy Adames","SFG",2026,30,112,340,368,80,43,20,0,17,43,42,25,0,97,2,1,0,2,3,2,0.235294117,80,121,43,19,1444,509,935,5,0,0,0.067934782,0.263586956,0.257731958,0.290760869,0.444117647,0.734878516,0.20882353,0.277533039,0.661157024,0.176229508,0.327868852,0.495901639,0.157024793,0.140495867,0.0625,0,0.31880473588471825,0.7466445000260978,44.20268011403977,,,,,,,,2.7940476618059416,102.68010050910709,,,,,,,,,,,,,,,,,,,,,,,,,,,,,,,,,,,,,,,,,,,,,,,,,,,,,,,,,,,,,,,,,,,,,,,,,,,,,,,,,,,,,,,,,,,,,,,,,,,,,,,,,,,,,,,,,,,,,,,,,,,,,,,,,,,,,,,,-0.6159124691039324,,"30 - 30",,,,0.47131148,0.32377049,0.20491803,0.20081967,0.46311475,0.33606557,0.37771739,,,,,,,,,,,,,,,,,,,,,,,,,,,,,,,,,,,,,,,,,,,,,,,,,,,,,,,,,,,,,,,,,,,,,,,,,,,,,,,,,,,,,,,,,,,,,,,,,,,,,,,,,,,,,,,,,,,,,,,,,,,,,"R",,,,,,,,,,,,,,,,,,,,,,,,,,,,,,,,,,,,,,,,,,,,,,,,,,,,,,,,,,,,,,,,,,,,,,,,,,,,,,,,,,,,,,,,,,,,,,,,,,,,,,,,,,,,,,,,,,,,,,,,,,"Willy Adames",15986,642715
"Dominic Smith","ATL","Dominic Smith","ATL",2026,31,100,227,251,62,48,5,1,8,36,42,17,1,40,2,5,0,6,0,0,0.273127753,79,66,47,3,979,362,617,1,0,0,0.067729083,0.159362549,0.425,0.322709163,0.409691629,0.732400792,0.136563876,0.29347826,1.196969696,0.244791666,0.411458333,0.34375,0.045454545,0.121212121,0.012658227,0,0.3187371063232422,0.4955686564433236,30.135419034479824,,,,,,,,2.73264587125,100.31354614243612,,,,,,,,,,,,,,,,,,,,,,,,,,,,,,,,,,,,,,,,,,,,,,,,,,,,,,,,,,,,,,,,,,,,,,,,,,,,,,,,,,,,,,,,,,,,,,,,,,,,,,,,,,,,,,,,,,,,,,,,,,,,,,,,,,,,,,,,-0.3715950306504965,,"31 - 31",,,,0.40625,0.36458333,0.22916667,0.13541667,0.55208333,0.3125,0.25896414,,,,,,,,,,,,,,,,,,,,,,,,,,,,,,,,,,,,,,,,,,,,,,,,,,,,,,,,,,,,,,,,,,,,,,,,,,,,,,,,,,,,,,,,,,,,,,,,,,,,,,,,,,,,,,,,,,,,,,,,,,,,,"L",,,,,,,,,,,,,,,,,,,,,,,,,,,,,,,,,,,,,,,,,,,,,,,,,,,,,,,,,,,,,,,,,,,,,,,,,,,,,,,,,,,,,,,,,,,,,,,,,,,,,,,,,,,,,,,,,,,,,,,,,,"Dominic Smith",15653,642086
"Josh Bell","MIN","Josh Bell","MIN",2026,33,124,328,368,79,48,18,1,12,45,48,33,0,77,3,3,0,10,1,0,0.240853658,110,98,46,11,1466,562,904,5,0,0,0.089673913,0.20923913,0.428571428,0.313351498,0.411585365,0.724936863,0.170731707,0.276859504,1.122448979,0.181102362,0.433070866,0.385826771,0.112244897,0.122448979,0.045454545,0,0.31852218159537876,0.6627770934113725,44.11881270742504,,,,,,,,3.2669450442200785,103.42987803134267,,,,,,,,,,,,,,,,,,,,,,,,,,,,,,,,,,,,,,,,,,,,,,,,,,,,,,,,,,,,,,,,,,,,,,,,,,,,,,,,,,,,,,,,,,,,,,,,,,,,,,,,,,,,,,,,,,,,,,,,,,,,,,,,,,,,,,,,-0.27293912693858147,,"33 - 33",,,,0.43307087,0.35433071,0.21259843,0.16141732,0.48818898,0.3503937,0.33152174,,,,,,,,,,,,,,,,,,,,,,,,,,,,,,,,,,,,,,,,,,,,,,,,,,,,,,,,,,,,,,,,,,,,,,,,,,,,,,,,,,,,,,,,,,,,,,,,,,,,,,,,,,,,,,,,,,,,,,,,,,,,,"B",,,,,,,,,,,,,,,,,,,,,,,,,,,,,,,,,,,,,,,,,,,,,,,,,,,,,,,,,,,,,,,,,,,,,,,,,,,,,,,,,,,,,,,,,,,,,,,,,,,,,,,,,,,,,,,,,,,,,,,,,,"Josh Bell",13145,605137
"Rhys Hoskins","CLE","Rhys Hoskins","CLE",2026,33,72,161,192,31,14,10,0,7,19,18,29,0,58,2,0,0,3,1,0,0.192546583,28,53,22,8,775,327,448,1,0,0,0.151041666,0.302083333,0.5,0.322916666,0.385093167,0.708009833,0.192546584,0.25,0.528301886,0.213592233,0.27184466,0.514563106,0.150943396,0.132075471,0.035714285,0,0.318503275513649,0.34286891173371414,23.01558314513215,,,,,,,,2.359423435547491,103.68941926028708,,,,,,,,,,,,,,,,,,,,,,,,,,,,,,,,,,,,,,,,,,,,,,,,,,,,,,,,,,,,,,,,,,,,,,,,,,,,,,,,,,,,,,,,,,,,,,,,,,,,,,,,,,,,,,,,,,,,,,,,,,,,,,,,,,,,,,,,-0.05336024519056082,,"33 - 33",,,,0.55339806,0.2815534,0.16504854,0.21359223,0.47572816,0.31067961,0.48958333,,,,,,,,,,,,,,,,,,,,,,,,,,,,,,,,,,,,,,,,,,,,,,,,,,,,,,,,,,,,,,,,,,,,,,,,,,,,,,,,,,,,,,,,,,,,,,,,,,,,,,,,,,,,,,,,,,,,,,,,,,,,,"R",,,,,,,,,,,,,,,,,,,,,,,,,,,,,,,,,,,,,,,,,,,,,,,,,,,,,,,,,,,,,,,,,,,,,,,,,,,,,,,,,,,,,,,,,,,,,,,,,,,,,,,,,,,,,,,,,,,,,,,,,,"Rhys Hoskins",16472,656555
"Zach Neto","LAA","Zach Neto","LAA",2026,25,129,381,428,85,47,19,2,17,63,49,38,0,138,8,1,0,2,14,8,0.223097112,75,119,48,11,1734,600,1134,5,2,0,0.088785046,0.322429906,0.275362318,0.306074766,0.417322834,0.7233976,0.194225722,0.299559471,0.6302521,0.198347107,0.309917355,0.491735537,0.092436974,0.142857142,0.066666666,0,0.3183704379284493,0.7184546753544806,51.25971348730516,,,,,,,,6.143844856572589,103.96157450961914,,,,,,,,,,,,,,,,,,,,,,,,,,,,,,,,,,,,,,,,,,,,,,,,,,,,,,,,,,,,,,,,,,,,,,,,,,,,,,,,,,,,,,,,,,,,,,,,,,,,,,,,,,,,,,,,,,,,,,,,,,,,,,,,,,,,,,,,-1.0107972836121917,,"25 - 25",,,,0.49180328,0.25819672,0.25,0.1147541,0.54918033,0.33606557,0.45093458,,,,,,,,,,,,,,,,,,,,,,,,,,,,,,,,,,,,,,,,,,,,,,,,,,,,,,,,,,,,,,,,,,,,,,,,,,,,,,,,,,,,,,,,,,,,,,,,,,,,,,,,,,,,,,,,,,,,,,,,,,,,,"R",,,,,,,,,,,,,,,,,,,,,,,,,,,,,,,,,,,,,,,,,,,,,,,,,,,,,,,,,,,,,,,,,,,,,,,,,,,,,,,,,,,,,,,,,,,,,,,,,,,,,,,,,,,,,,,,,,,,,,,,,,"Zach Neto",31347,687263
"LaMonte Wade Jr.","HOU","LaMonte Wade Jr.","HOU",2026,32,40,88,104,19,12,4,0,3,12,15,16,0,25,0,0,0,0,0,0,0.21590909,23,27,11,3,481,196,285,3,2,1,0.153846153,0.240384615,0.64,0.336538461,0.363636363,0.700174824,0.147727273,0.266666666,0.851851851,0.180327868,0.37704918,0.44262295,0.111111111,0.111111111,0.130434782,0.5,0.3178600508433122,0.13176468823582627,12.412818231326646,,,,,,,,1.27566964,103.53909979115568,,,,,,,,,,,,,,,,,,,,,,,,,,,,,,,,,,,,,,,,,,,,,,,,,,,,,,,,,,,,,,,,,,,,,,,,,,,,,,,,,,,,,,,,,,,,,,,,,,,,,,,,,,,,,,,,,,,,,,,,,,,,,,,,,,,,,,,,-0.15764637663960457,,"32 - 32",,,,0.44444444,0.26984127,0.28571429,0.17460317,0.50793651,0.31746032,0.42307692,,,,,,,,,,,,,,,,,,,,,,,,,,,,,,,,,,,,,,,,,,,,,,,,,,,,,,,,,,,,,,,,,,,,,,,,,,,,,,,,,,,,,,,,,,,,,,,,,,,,,,,,,,,,,,,,,,,,,,,,,,,,,"L",,,,,,,,,,,,,,,,,,,,,,,,,,,,,,,,,,,,,,,,,,,,,,,,,,,,,,,,,,,,,,,,,,,,,,,,,,,,,,,,,,,,,,,,,,,,,,,,,,,,,,,,,,,,,,,,,,,,,,,,,,"LaMonte Wade Jr.",18126,664774
"Stuart Fairchild","- - -","Stuart Fairchild","- - -",2026,30,4,4,5,1,1,0,0,0,1,0,1,0,3,0,0,0,0,0,0,0.25,1,0,0,0,21,8,13,0,0,0,0.2,0.6,0.333333333,0.4,0.25,0.65,0,1,1,0,1,0,0,0,0,0,0.3176697850227356,0.0055675247466109015,0.5960027912413619,,,,,,,,2.64285714,103.10936827741234,,,,,,,,,,,,,,,,,,,,,,,,,,,,,,,,,,,,,,,,,,,,,,,,,,,,,,,,,,,,,,,,,,,,,,,,,,,,,,,,,,,,,,,,,,,,,,,,,,,,,,,,,,,,,,,,,,,,,,,,,,,,,,,,,,,,,,,,-0.01126045547425747,,"30 - 30",,,,0,1,0,0,0,1,0.8,,,,,,,,,,,,,,,,,,,,,,,,,,,,,,,,,,,,,,,,,,,,,,,,,,,,,,,,,,,,,,,,,,,,,,,,,,,,,,,,,,,,,,,,,,,,,,,,,,,,,,,,,,,,,,,,,,,,,,,,,,,,,"R",,,,,,,,,,,,,,,,,,,,,,,,,,,,,,,,,,,,,,,,,,,,,,,,,,,,,,,,,,,,,,,,,,,,,,,,,,,,,,,,,,,,,,,,,,,,,,,,,,,,,,,,,,,,,,,,,,,,,,,,,,"Stuart Fairchild",20321,656413
"Lawrence Butler","ATH","Lawrence Butler","ATH",2026,25,116,276,319,65,43,14,0,8,41,35,42,1,81,0,1,0,2,8,4,0.235507246,89,61,45,5,1325,536,789,4,1,1,0.131661442,0.253918495,0.518518518,0.335423197,0.373188405,0.708611602,0.137681159,0.303191489,1.459016393,0.23076923,0.456410256,0.312820512,0.081967213,0.13114754,0.04494382,1,0.31757834478744174,0.3316808103478002,38.00145081271292,,,,,,,,3.8517637790745654,94.62557673427409,,,,,,,,,,,,,,,,,,,,,,,,,,,,,,,,,,,,,,,,,,,,,,,,,,,,,,,,,,,,,,,,,,,,,,,,,,,,,,,,,,,,,,,,,,,,,,,,,,,,,,,,,,,,,,,,,,,,,,,,,,,,,,,,,,,,,,,,-0.5165321789681911,,"25 - 25",,,,0.3622449,0.38265306,0.25510204,0.15306122,0.48469388,0.3622449,0.41065831,,,,,,,,,,,,,,,,,,,,,,,,,,,,,,,,,,,,,,,,,,,,,,,,,,,,,,,,,,,,,,,,,,,,,,,,,,,,,,,,,,,,,,,,,,,,,,,,,,,,,,,,,,,,,,,,,,,,,,,,,,,,,"L",,,,,,,,,,,,,,,,,,,,,,,,,,,,,,,,,,,,,,,,,,,,,,,,,,,,,,,,,,,,,,,,,,,,,,,,,,,,,,,,,,,,,,,,,,,,,,,,,,,,,,,,,,,,,,,,,,,,,,,,,,"Lawrence Butler",22542,671732
"Carlos Cortes","ATH","Carlos Cortes","ATH",2026,29,103,272,306,68,46,13,1,8,25,38,28,0,49,3,3,0,13,2,0,0.25,101,78,47,9,1250,474,776,2,0,0,0.091503267,0.160130718,0.571428571,0.323529411,0.393382352,0.716911763,0.143382352,0.275229357,1.294871794,0.207964601,0.446902654,0.345132743,0.115384615,0.102564102,0.01980198,0,0.31734490414070926,0.26054826426858213,36.395186573747345,,,,,,,,3.088286823408559,94.46311840024833,,,,,,,,,,,,,,,,,,,,,,,,,,,,,,,,,,,,,,,,,,,,,,,,,,,,,,,,,,,,,,,,,,,,,,,,,,,,,,,,,,,,,,,,,,,,,,,,,,,,,,,,,,,,,,,,,,,,,,,,,,,,,,,,,,,,,,,,-0.033527529798448086,,"29 - 29",,,,0.34070796,0.40265487,0.25663717,0.13716814,0.44247788,0.42035398,0.27777778,,,,,,,,,,,,,,,,,,,,,,,,,,,,,,,,,,,,,,,,,,,,,,,,,,,,,,,,,,,,,,,,,,,,,,,,,,,,,,,,,,,,,,,,,,,,,,,,,,,,,,,,,,,,,,,,,,,,,,,,,,,,,"L",,,,,,,,,,,,,,,,,,,,,,,,,,,,,,,,,,,,,,,,,,,,,,,,,,,,,,,,,,,,,,,,,,,,,,,,,,,,,,,,,,,,,,,,,,,,,,,,,,,,,,,,,,,,,,,,,,,,,,,,,,"Carlos Cortes",21842,666126
"Hyeseong Kim","LAD","Hyeseong Kim","LAD",2026,27,39,102,116,29,24,3,1,1,15,11,11,0,26,0,2,0,2,5,1,0.284313725,34,22,22,0,455,157,298,3,0,0,0.094827586,0.224137931,0.423076923,0.347826086,0.362745098,0.710571184,0.078431373,0.363636363,1.545454545,0.282051282,0.435897435,0.282051282,0,0.045454545,0.088235294,0,0.3172244683555935,0.08750166586750657,13.78559984854573,,,,,,,,6.641499291844465,99.85002798734088,,,,,,,,,,,,,,,,,,,,,,,,,,,,,,,,,,,,,,,,,,,,,,,,,,,,,,,,,,,,,,,,,,,,,,,,,,,,,,,,,,,,,,,,,,,,,,,,,,,,,,,,,,,,,,,,,,,,,,,,,,,,,,,,,,,,,,,,0.39204377587884665,,"27 - 27",,,,0.25641026,0.51282051,0.23076923,0.14102564,0.6025641,0.25641026,0.32758621,,,,,,,,,,,,,,,,,,,,,,,,,,,,,,,,,,,,,,,,,,,,,,,,,,,,,,,,,,,,,,,,,,,,,,,,,,,,,,,,,,,,,,,,,,,,,,,,,,,,,,,,,,,,,,,,,,,,,,,,,,,,,"L",,,,,,,,,,,,,,,,,,,,,,,,,,,,,,,,,,,,,,,,,,,,,,,,,,,,,,,,,,,,,,,,,,,,,,,,,,,,,,,,,,,,,,,,,,,,,,,,,,,,,,,,,,,,,,,,,,,,,,,,,,"Hyeseong Kim",35322,808975
"Braden Shewmake","- - -","Braden Shewmake","- - -",2026,28,29,75,79,21,13,5,0,3,12,10,1,0,14,0,2,1,2,1,0,0.28,26,23,13,3,254,60,194,1,2,0,0.012658227,0.177215189,0.071428571,0.282051282,0.466666666,0.748717948,0.186666666,0.3,1.130434782,0.209677419,0.419354838,0.370967741,0.130434782,0.130434782,0.038461538,0,0.31716123376137173,0.05633107144447358,9.385208282061539,,,,,,,,4.9196925006000605,102.85023313932989,,,,,,,,,,,,,,,,,,,,,,,,,,,,,,,,,,,,,,,,,,,,,,,,,,,,,,,,,,,,,,,,,,,,,,,,,,,,,,,,,,,,,,,,,,,,,,,,,,,,,,,,,,,,,,,,,,,,,,,,,,,,,,,,,,,,,,,,0.12117681466042995,,"28 - 28",,,,0.375,0.359375,0.265625,0.109375,0.59375,0.296875,0.2278481,,,,,,,,,,,,,,,,,,,,,,,,,,,,,,,,,,,,,,,,,,,,,,,,,,,,,,,,,,,,,,,,,,,,,,,,,,,,,,,,,,,,,,,,,,,,,,,,,,,,,,,,,,,,,,,,,,,,,,,,,,,,,"L",,,,,,,,,,,,,,,,,,,,,,,,,,,,,,,,,,,,,,,,,,,,,,,,,,,,,,,,,,,,,,,,,,,,,,,,,,,,,,,,,,,,,,,,,,,,,,,,,,,,,,,,,,,,,,,,,,,,,,,,,,"Braden Shewmake",25817,669699
"Leody Taveras","BAL","Leody Taveras","BAL",2026,27,111,257,293,60,34,13,6,7,43,43,28,0,64,1,1,6,4,11,3,0.233463035,66,86,34,7,1134,408,726,5,14,4,0.095563139,0.218430034,0.4375,0.310104529,0.412451361,0.72255589,0.178988326,0.283422459,0.76744186,0.182795698,0.354838709,0.462365591,0.081395348,0.081395348,0.075757575,0.285714285,0.3167212302261113,0.10208899230893968,34.70159560890135,,,,,,,,7.928014851216613,104.04218705476349,,,,,,,,,,,,,,,,,,,,,,,,,,,,,,,,,,,,,,,,,,,,,,,,,,,,,,,,,,,,,,,,,,,,,,,,,,,,,,,,,,,,,,,,,,,,,,,,,,,,,,,,,,,,,,,,,,,,,,,,,,,,,,,,,,,,,,,,0.6126008806750178,,"27 - 27",,,,0.395,0.365,0.24,0.135,0.555,0.31,0.33788396,,,,,,,,,,,,,,,,,,,,,,,,,,,,,,,,,,,,,,,,,,,,,,,,,,,,,,,,,,,,,,,,,,,,,,,,,,,,,,,,,,,,,,,,,,,,,,,,,,,,,,,,,,,,,,,,,,,,,,,,,,,,,"B",,,,,,,,,,,,,,,,,,,,,,,,,,,,,,,,,,,,,,,,,,,,,,,,,,,,,,,,,,,,,,,,,,,,,,,,,,,,,,,,,,,,,,,,,,,,,,,,,,,,,,,,,,,,,,,,,,,,,,,,,,"Leody Taveras",18900,665750
"Kyle Isbel","KCR","Kyle Isbel","KCR",2026,29,71,175,196,46,32,9,0,5,21,18,12,0,45,3,2,4,6,5,0,0.262857142,55,51,21,6,710,242,468,1,9,4,0.061224489,0.229591836,0.266666666,0.317708333,0.4,0.717708333,0.137142858,0.322834645,1.078431372,0.16535433,0.433070866,0.401574803,0.117647058,0.098039215,0.018181818,0.444444444,0.3160032359883189,-0.045214832116110354,23.09984761447813,,,,,,,,4.569105952119869,99.04920390374305,,,,,,,,,,,,,,,,,,,,,,,,,,,,,,,,,,,,,,,,,,,,,,,,,,,,,,,,,,,,,,,,,,,,,,,,,,,,,,,,,,,,,,,,,,,,,,,,,,,,,,,,,,,,,,,,,,,,,,,,,,,,,,,,,,,,,,,,0.7353793112561107,,"29 - 29",,,,0.33088235,0.34558824,0.32352941,0.17647059,0.51470588,0.30882353,0.31632653,,,,,,,,,,,,,,,,,,,,,,,,,,,,,,,,,,,,,,,,,,,,,,,,,,,,,,,,,,,,,,,,,,,,,,,,,,,,,,,,,,,,,,,,,,,,,,,,,,,,,,,,,,,,,,,,,,,,,,,,,,,,,"L",,,,,,,,,,,,,,,,,,,,,,,,,,,,,,,,,,,,,,,,,,,,,,,,,,,,,,,,,,,,,,,,,,,,,,,,,,,,,,,,,,,,,,,,,,,,,,,,,,,,,,,,,,,,,,,,,,,,,,,,,,"Kyle Isbel",21614,664728
"Mookie Betts","LAD","Mookie Betts","LAD",2026,33,94,266,288,65,43,10,0,12,37,37,20,0,36,2,0,0,9,1,1,0.244360902,77,106,47,9,1036,376,660,6,0,0,0.069444444,0.125,0.555555555,0.302083333,0.417293233,0.719376566,0.172932331,0.243119266,0.726415094,0.204347826,0.334782608,0.460869565,0.08490566,0.113207547,0.077922077,0,0.3157899770885706,-0.11597665377955452,33.8930946963181,,,,,,,,2.4278666420258004,98.8876590052738,,,,,,,,,,,,,,,,,,,,,,,,,,,,,,,,,,,,,,,,,,,,,,,,,,,,,,,,,,,,,,,,,,,,,,,,,,,,,,,,,,,,,,,,,,,,,,,,,,,,,,,,,,,,,,,,,,,,,,,,,,,,,,,,,,,,,,,,-0.5768630681559443,,"33 - 33",,,,0.39130435,0.42608696,0.1826087,0.10869565,0.5,0.39130435,0.23611111,,,,,,,,,,,,,,,,,,,,,,,,,,,,,,,,,,,,,,,,,,,,,,,,,,,,,,,,,,,,,,,,,,,,,,,,,,,,,,,,,,,,,,,,,,,,,,,,,,,,,,,,,,,,,,,,,,,,,,,,,,,,,"R",,,,,,,,,,,,,,,,,,,,,,,,,,,,,,,,,,,,,,,,,,,,,,,,,,,,,,,,,,,,,,,,,,,,,,,,,,,,,,,,,,,,,,,,,,,,,,,,,,,,,,,,,,,,,,,,,,,,,,,,,,"Mookie Betts",13611,605141
"Yainer Diaz","HOU","Yainer Diaz","HOU",2026,27,67,189,198,50,34,7,0,9,21,27,6,0,26,1,2,0,7,0,1,0.264550264,88,47,30,6,618,180,438,4,0,0,0.03030303,0.131313131,0.23076923,0.287878787,0.444444444,0.732323231,0.17989418,0.262820512,1.872340425,0.181818181,0.533333333,0.284848484,0.127659574,0.191489361,0.045454545,0,0.3156067978854131,-0.10898792180581417,23.272248631386326,,,,,,,,1.535437114315782,101.97099360740968,,,,,,,,,,,,,,,,,,,,,,,,,,,,,,,,,,,,,,,,,,,,,,,,,,,,,,,,,,,,,,,,,,,,,,,,,,,,,,,,,,,,,,,,,,,,,,,,,,,,,,,,,,,,,,,,,,,,,,,,,,,,,,,,,,,,,,,,-0.641737605445087,,"27 - 27",,,,0.43030303,0.36363636,0.20606061,0.15757576,0.53939394,0.3030303,0.20707071,,,,,,,,,,,,,,,,,,,,,,,,,,,,,,,,,,,,,,,,,,,,,,,,,,,,,,,,,,,,,,,,,,,,,,,,,,,,,,,,,,,,,,,,,,,,,,,,,,,,,,,,,,,,,,,,,,,,,,,,,,,,,"R",,,,,,,,,,,,,,,,,,,,,,,,,,,,,,,,,,,,,,,,,,,,,,,,,,,,,,,,,,,,,,,,,,,,,,,,,,,,,,,,,,,,,,,,,,,,,,,,,,,,,,,,,,,,,,,,,,,,,,,,,,"Yainer Diaz",23003,673237
"Mauricio Dubón","ATL","Mauricio Dubón","ATL",2026,31,119,317,343,88,68,12,2,6,39,40,22,0,44,1,0,1,3,6,2,0.277602523,108,108,56,11,1276,413,863,5,2,1,0.064139941,0.128279883,0.5,0.326470588,0.384858044,0.711328632,0.107255521,0.307116104,1,0.205882352,0.397058823,0.397058823,0.101851851,0.055555555,0.046296296,0.5,0.31552133051788106,-0.21244723384201677,40.291412047697904,,,,,,,,4.637104270519504,98.15615211745605,,,,,,,,,,,,,,,,,,,,,,,,,,,,,,,,,,,,,,,,,,,,,,,,,,,,,,,,,,,,,,,,,,,,,,,,,,,,,,,,,,,,,,,,,,,,,,,,,,,,,,,,,,,,,,,,,,,,,,,,,,,,,,,,,,,,,,,,-0.1341472426429391,,"31 - 31",,,,0.29927007,0.37956204,0.32116788,0.14233577,0.5729927,0.28467153,0.20991254,,,,,,,,,,,,,,,,,,,,,,,,,,,,,,,,,,,,,,,,,,,,,,,,,,,,,,,,,,,,,,,,,,,,,,,,,,,,,,,,,,,,,,,,,,,,,,,,,,,,,,,,,,,,,,,,,,,,,,,,,,,,,"R",,,,,,,,,,,,,,,,,,,,,,,,,,,,,,,,,,,,,,,,,,,,,,,,,,,,,,,,,,,,,,,,,,,,,,,,,,,,,,,,,,,,,,,,,,,,,,,,,,,,,,,,,,,,,,,,,,,,,,,,,,"Mauricio Dubon",16530,643289
"Brent Rooker","ATH","Brent Rooker","ATH",2026,31,44,135,154,29,17,4,0,8,16,23,15,0,44,2,2,0,3,2,0,0.214814814,36,47,10,3,539,195,344,5,0,0,0.097402597,0.285714285,0.34090909,0.298701298,0.422222222,0.72092352,0.207407408,0.247058823,0.765957446,0.107526881,0.387096774,0.505376344,0.063829787,0.170212765,0.138888888,0,0.31512317061424255,-0.14484078508021825,18.040565422958114,,,,,,,,3.3046828188620694,92.91694753235934,,,,,,,,,,,,,,,,,,,,,,,,,,,,,,,,,,,,,,,,,,,,,,,,,,,,,,,,,,,,,,,,,,,,,,,,,,,,,,,,,,,,,,,,,,,,,,,,,,,,,,,,,,,,,,,,,,,,,,,,,,,,,,,,,,,,,,,,0.2085722628980875,,"31 - 31",,,,0.37634409,0.3655914,0.25806452,0.12903226,0.41935484,0.4516129,0.43506494,,,,,,,,,,,,,,,,,,,,,,,,,,,,,,,,,,,,,,,,,,,,,,,,,,,,,,,,,,,,,,,,,,,,,,,,,,,,,,,,,,,,,,,,,,,,,,,,,,,,,,,,,,,,,,,,,,,,,,,,,,,,,"R",,,,,,,,,,,,,,,,,,,,,,,,,,,,,,,,,,,,,,,,,,,,,,,,,,,,,,,,,,,,,,,,,,,,,,,,,,,,,,,,,,,,,,,,,,,,,,,,,,,,,,,,,,,,,,,,,,,,,,,,,,"Brent Rooker",19627,667670
"Manny Machado","SDP","Manny Machado","SDP",2026,33,131,382,440,83,51,12,0,20,53,58,52,1,96,1,4,1,13,4,2,0.217277486,117,123,49,13,1727,639,1088,4,2,1,0.118181818,0.218181818,0.541666666,0.309794988,0.405759162,0.71555415,0.188481676,0.233333333,0.951219512,0.169550173,0.40484429,0.425605536,0.105691056,0.162601626,0.034188034,0.5,0.31489018844142896,-0.49651431569775273,51.461789135840334,,,,,,,,2.8148929499325583,101.77859458536658,,,,,,,,,,,,,,,,,,,,,,,,,,,,,,,,,,,,,,,,,,,,,,,,,,,,,,,,,,,,,,,,,,,,,,,,,,,,,,,,,,,,,,,,,,,,,,,,,,,,,,,,,,,,,,,,,,,,,,,,,,,,,,,,,,,,,,,,-0.6017099814489484,,"33 - 33",,,,0.41580756,0.35395189,0.23024055,0.14776632,0.49828179,0.35395189,0.38181818,,,,,,,,,,,,,,,,,,,,,,,,,,,,,,,,,,,,,,,,,,,,,,,,,,,,,,,,,,,,,,,,,,,,,,,,,,,,,,,,,,,,,,,,,,,,,,,,,,,,,,,,,,,,,,,,,,,,,,,,,,,,,"R",,,,,,,,,,,,,,,,,,,,,,,,,,,,,,,,,,,,,,,,,,,,,,,,,,,,,,,,,,,,,,,,,,,,,,,,,,,,,,,,,,,,,,,,,,,,,,,,,,,,,,,,,,,,,,,,,,,,,,,,,,"Manny Machado",11493,592518
"Eugenio Suárez","CIN","Eugenio Suárez","CIN",2026,34,105,289,326,62,33,13,0,16,30,47,28,0,107,6,3,0,5,0,1,0.214532871,65,77,43,11,1290,453,837,4,0,0,0.08588957,0.328220858,0.261682242,0.294478527,0.425605536,0.720084063,0.211072665,0.272189349,0.844155844,0.232432432,0.351351351,0.416216216,0.142857142,0.207792207,0.061538461,0,0.31454198766339775,-0.4594288171904087,38.03695055826736,,,,,,,,1.0147069937506972,95.39560460144416,,,,,,,,,,,,,,,,,,,,,,,,,,,,,,,,,,,,,,,,,,,,,,,,,,,,,,,,,,,,,,,,,,,,,,,,,,,,,,,,,,,,,,,,,,,,,,,,,,,,,,,,,,,,,,,,,,,,,,,,,,,,,,,,,,,,,,,,-0.788123526610434,,"34 - 34",,,,0.50810811,0.31351351,0.17837838,0.17837838,0.45405405,0.36756757,0.46319018,,,,,,,,,,,,,,,,,,,,,,,,,,,,,,,,,,,,,,,,,,,,,,,,,,,,,,,,,,,,,,,,,,,,,,,,,,,,,,,,,,,,,,,,,,,,,,,,,,,,,,,,,,,,,,,,,,,,,,,,,,,,,"R",,,,,,,,,,,,,,,,,,,,,,,,,,,,,,,,,,,,,,,,,,,,,,,,,,,,,,,,,,,,,,,,,,,,,,,,,,,,,,,,,,,,,,,,,,,,,,,,,,,,,,,,,,,,,,,,,,,,,,,,,,"Eugenio Suarez",12552,553993
"Christian Yelich","MIL","Christian Yelich","MIL",2026,34,95,271,310,66,41,18,0,7,46,35,32,4,81,4,3,0,6,10,1,0.243542435,108,47,37,2,1298,523,775,6,1,0,0.103225806,0.261290322,0.395061728,0.329032258,0.387453874,0.716486132,0.143911439,0.317204301,2.29787234,0.192708333,0.5625,0.244791666,0.042553191,0.14893617,0.055555555,0,0.31388027079744274,-0.6023342083440845,36.00465231433048,,,,,,,,5.3909033874808685,98.22894273836631,,,,,,,,,,,,,,,,,,,,,,,,,,,,,,,,,,,,,,,,,,,,,,,,,,,,,,,,,,,,,,,,,,,,,,,,,,,,,,,,,,,,,,,,,,,,,,,,,,,,,,,,,,,,,,,,,,,,,,,,,,,,,,,,,,,,,,,,1.178095136769116,,"34 - 34",,,,0.35233161,0.38341969,0.2642487,0.11917098,0.48186528,0.39896373,0.38709677,,,,,,,,,,,,,,,,,,,,,,,,,,,,,,,,,,,,,,,,,,,,,,,,,,,,,,,,,,,,,,,,,,,,,,,,,,,,,,,,,,,,,,,,,,,,,,,,,,,,,,,,,,,,,,,,,,,,,,,,,,,,,"L",,,,,,,,,,,,,,,,,,,,,,,,,,,,,,,,,,,,,,,,,,,,,,,,,,,,,,,,,,,,,,,,,,,,,,,,,,,,,,,,,,,,,,,,,,,,,,,,,,,,,,,,,,,,,,,,,,,,,,,,,,"Christian Yelich",11477,592885
"Tanner Murray","CHW","Tanner Murray","CHW",2026,26,4,6,9,2,2,0,0,0,0,1,0,0,0,1,1,1,0,0,0,0.333333333,3,4,0,1,31,15,16,0,1,0,0,0,0,0.375,0.333333333,0.708333333,0,0.285714285,0.75,0,0.428571428,0.571428571,0.25,0,0,0,0.3137005344033241,-0.018791856312401368,1.0439916233781503,,,,,,,,0.14285714,100.16470893134495,,,,,,,,,,,,,,,,,,,,,,,,,,,,,,,,,,,,,,,,,,,,,,,,,,,,,,,,,,,,,,,,,,,,,,,,,,,,,,,,,,,,,,,,,,,,,,,,,,,,,,,,,,,,,,,,,,,,,,,,,,,,,,,,,,,,,,,,-0.016890683211386204,,"26 - 26",,,,0.125,0.625,0.25,0.125,0.5,0.375,0,,,,,,,,,,,,,,,,,,,,,,,,,,,,,,,,,,,,,,,,,,,,,,,,,,,,,,,,,,,,,,,,,,,,,,,,,,,,,,,,,,,,,,,,,,,,,,,,,,,,,,,,,,,,,,,,,,,,,,,,,,,,,"R",,,,,,,,,,,,,,,,,,,,,,,,,,,,,,,,,,,,,,,,,,,,,,,,,,,,,,,,,,,,,,,,,,,,,,,,,,,,,,,,,,,,,,,,,,,,,,,,,,,,,,,,,,,,,,,,,,,,,,,,,,"Tanner Murray",28848,695020
"Brandon Valenzuela","TOR","Brandon Valenzuela","TOR",2026,25,65,158,175,38,25,7,0,6,21,12,16,0,47,0,0,1,3,1,0,0.240506329,38,46,25,4,686,246,440,2,3,1,0.091428571,0.268571428,0.340425531,0.310344827,0.398734177,0.709079004,0.158227848,0.304761904,0.826086956,0.229357798,0.348623853,0.422018348,0.086956521,0.130434782,0.052631578,0.333333333,0.3136409442315156,-0.3738083715453556,20.291425955770926,,,,,,,,2.968080207260915,100.71859801043585,,,,,,,,,,,,,,,,,,,,,,,,,,,,,,,,,,,,,,,,,,,,,,,,,,,,,,,,,,,,,,,,,,,,,,,,,,,,,,,,,,,,,,,,,,,,,,,,,,,,,,,,,,,,,,,,,,,,,,,,,,,,,,,,,,,,,,,,-0.03083933424204588,,"25 - 25",,,,0.5,0.30357143,0.19642857,0.17857143,0.47321429,0.34821429,0.39428571,,,,,,,,,,,,,,,,,,,,,,,,,,,,,,,,,,,,,,,,,,,,,,,,,,,,,,,,,,,,,,,,,,,,,,,,,,,,,,,,,,,,,,,,,,,,,,,,,,,,,,,,,,,,,,,,,,,,,,,,,,,,,"B",,,,,,,,,,,,,,,,,,,,,,,,,,,,,,,,,,,,,,,,,,,,,,,,,,,,,,,,,,,,,,,,,,,,,,,,,,,,,,,,,,,,,,,,,,,,,,,,,,,,,,,,,,,,,,,,,,,,,,,,,,"Brandon Valenzuela",23813,678218
"Trent Grisham","NYY","Trent Grisham","NYY",2026,29,109,293,342,59,30,13,1,15,48,39,45,0,60,0,3,0,7,7,2,0.201365187,95,107,34,13,1409,584,825,2,0,0,0.131578947,0.175438596,0.75,0.304985337,0.406143344,0.711128681,0.204778157,0.199095022,0.887850467,0.144067796,0.402542372,0.45338983,0.121495327,0.140186915,0.021052631,0,0.31351272451562967,-0.7658974927991441,39.619874735441826,,,,,,,,5.032173780114908,99.91189634922225,,,,,,,,,,,,,,,,,,,,,,,,,,,,,,,,,,,,,,,,,,,,,,,,,,,,,,,,,,,,,,,,,,,,,,,,,,,,,,,,,,,,,,,,,,,,,,,,,,,,,,,,,,,,,,,,,,,,,,,,,,,,,,,,,,,,,,,,0.1559364041313529,,"29 - 29",,,,0.50423729,0.32627119,0.16949153,0.11864407,0.52118644,0.36016949,0.35087719,,,,,,,,,,,,,,,,,,,,,,,,,,,,,,,,,,,,,,,,,,,,,,,,,,,,,,,,,,,,,,,,,,,,,,,,,,,,,,,,,,,,,,,,,,,,,,,,,,,,,,,,,,,,,,,,,,,,,,,,,,,,,"L",,,,,,,,,,,,,,,,,,,,,,,,,,,,,,,,,,,,,,,,,,,,,,,,,,,,,,,,,,,,,,,,,,,,,,,,,,,,,,,,,,,,,,,,,,,,,,,,,,,,,,,,,,,,,,,,,,,,,,,,,,"Trent Grisham",18564,663757
"Brayan Rocchio","CLE","Brayan Rocchio","CLE",2026,25,122,315,348,83,62,13,1,7,34,37,24,0,48,6,2,1,5,10,3,0.263492063,106,102,59,10,1345,478,867,6,3,1,0.068965517,0.137931034,0.5,0.325648414,0.377777777,0.703426191,0.114285714,0.290076335,1.039215686,0.220973782,0.397003745,0.382022471,0.098039215,0.06862745,0.056603773,0.333333333,0.3132408348902502,-0.8556502507677369,40.23864429726693,,,,,,,,4.391856443769701,100.02712930113306,,,,,,,,,,,,,,,,,,,,,,,,,,,,,,,,,,,,,,,,,,,,,,,,,,,,,,,,,,,,,,,,,,,,,,,,,,,,,,,,,,,,,,,,,,,,,,,,,,,,,,,,,,,,,,,,,,,,,,,,,,,,,,,,,,,,,,,,0.2493242733180523,,"25 - 25",,,,0.47037037,0.33703704,0.19259259,0.19259259,0.49259259,0.31481481,0.22701149,,,,,,,,,,,,,,,,,,,,,,,,,,,,,,,,,,,,,,,,,,,,,,,,,,,,,,,,,,,,,,,,,,,,,,,,,,,,,,,,,,,,,,,,,,,,,,,,,,,,,,,,,,,,,,,,,,,,,,,,,,,,,"B",,,,,,,,,,,,,,,,,,,,,,,,,,,,,,,,,,,,,,,,,,,,,,,,,,,,,,,,,,,,,,,,,,,,,,,,,,,,,,,,,,,,,,,,,,,,,,,,,,,,,,,,,,,,,,,,,,,,,,,,,,"Brayan Rocchio",23690,677587
"Taylor Ward","- - -","Taylor Ward","- - -",2026,32,122,335,407,77,59,15,0,3,45,23,64,0,89,7,1,0,7,3,3,0.229850746,101,95,51,9,1694,717,977,6,0,0,0.157248157,0.218673218,0.719101123,0.363636363,0.301492537,0.6651289,0.071641791,0.303278688,1.063157894,0.206477732,0.408906882,0.384615384,0.094736842,0.031578947,0.05940594,0,0.31301171715195114,-1.0759310320756723,46.98549966059706,,,,,,,,2.408194121414266,101.9241374188316,,,,,,,,,,,,,,,,,,,,,,,,,,,,,,,,,,,,,,,,,,,,,,,,,,,,,,,,,,,,,,,,,,,,,,,,,,,,,,,,,,,,,,,,,,,,,,,,,,,,,,,,,,,,,,,,,,,,,,,,,,,,,,,,,,,,,,,,-1.3646244015544653,,"32 - 32",,,,0.33603239,0.3805668,0.28340081,0.14574899,0.52226721,0.33198381,0.38329238,,,,,,,,,,,,,,,,,,,,,,,,,,,,,,,,,,,,,,,,,,,,,,,,,,,,,,,,,,,,,,,,,,,,,,,,,,,,,,,,,,,,,,,,,,,,,,,,,,,,,,,,,,,,,,,,,,,,,,,,,,,,,"R",,,,,,,,,,,,,,,,,,,,,,,,,,,,,,,,,,,,,,,,,,,,,,,,,,,,,,,,,,,,,,,,,,,,,,,,,,,,,,,,,,,,,,,,,,,,,,,,,,,,,,,,,,,,,,,,,,,,,,,,,,"Taylor Ward",17548,621493
"Ramón Laureano","SDP","Ramón Laureano","SDP",2026,31,47,132,151,29,18,3,2,6,16,18,15,0,50,2,2,0,1,4,1,0.219696969,36,33,15,1,614,217,397,2,0,0,0.099337748,0.331125827,0.3,0.304635761,0.409090909,0.71372667,0.18939394,0.294871794,1.09090909,0.178571428,0.428571428,0.392857142,0.03030303,0.181818181,0.055555555,0,0.312893210657385,-0.4136115422680066,17.41753350587347,,,,,,,,6.426058456768013,100.43886563655991,,,,,,,,,,,,,,,,,,,,,,,,,,,,,,,,,,,,,,,,,,,,,,,,,,,,,,,,,,,,,,,,,,,,,,,,,,,,,,,,,,,,,,,,,,,,,,,,,,,,,,,,,,,,,,,,,,,,,,,,,,,,,,,,,,,,,,,,0.1920437728986144,,"31 - 31",,,,0.38095238,0.33333333,0.28571429,0.16666667,0.5,0.33333333,0.47019868,,,,,,,,,,,,,,,,,,,,,,,,,,,,,,,,,,,,,,,,,,,,,,,,,,,,,,,,,,,,,,,,,,,,,,,,,,,,,,,,,,,,,,,,,,,,,,,,,,,,,,,,,,,,,,,,,,,,,,,,,,,,,"R",,,,,,,,,,,,,,,,,,,,,,,,,,,,,,,,,,,,,,,,,,,,,,,,,,,,,,,,,,,,,,,,,,,,,,,,,,,,,,,,,,,,,,,,,,,,,,,,,,,,,,,,,,,,,,,,,,,,,,,,,,"Ramon Laureano",17128,657656
"Victor Bericoto","SFG","Victor Bericoto","SFG",2026,24,18,38,39,9,6,0,0,3,5,9,1,0,8,0,0,0,3,1,1,0.236842105,13,12,5,0,130,36,94,1,0,0,0.025641025,0.205128205,0.125,0.256410256,0.47368421,0.730094466,0.236842105,0.222222222,1.083333333,0.166666666,0.433333333,0.4,0,0.25,0.076923076,0,0.3127111563315758,-0.11255358372387514,4.492841494935182,,,,,,,,3.5035317036382567,98.59205055961314,,,,,,,,,,,,,,,,,,,,,,,,,,,,,,,,,,,,,,,,,,,,,,,,,,,,,,,,,,,,,,,,,,,,,,,,,,,,,,,,,,,,,,,,,,,,,,,,,,,,,,,,,,,,,,,,,,,,,,,,,,,,,,,,,,,,,,,,-0.25030985940247774,,"24 - 24",,,,0.36666667,0.36666667,0.26666667,0.1,0.6,0.3,0.30769231,,,,,,,,,,,,,,,,,,,,,,,,,,,,,,,,,,,,,,,,,,,,,,,,,,,,,,,,,,,,,,,,,,,,,,,,,,,,,,,,,,,,,,,,,,,,,,,,,,,,,,,,,,,,,,,,,,,,,,,,,,,,,"R",,,,,,,,,,,,,,,,,,,,,,,,,,,,,,,,,,,,,,,,,,,,,,,,,,,,,,,,,,,,,,,,,,,,,,,,,,,,,,,,,,,,,,,,,,,,,,,,,,,,,,,,,,,,,,,,,,,,,,,,,,"Victor Bericoto",26468,682674
"Henry Bolte","ATH","Henry Bolte","ATH",2026,22,87,207,237,56,46,8,1,1,22,12,19,0,55,8,2,1,2,8,4,0.2705314,102,30,22,3,856,311,545,9,1,0,0.080168776,0.23206751,0.345454545,0.351694915,0.333333333,0.685028248,0.062801933,0.359477124,3.4,0.142857142,0.662337662,0.194805194,0.1,0.033333333,0.088235294,0,0.31269042471707875,-0.6879424784326164,27.29868915341858,,,,,,,,4.793576721380957,91.22392683912027,,,,,,,,,,,,,,,,,,,,,,,,,,,,,,,,,,,,,,,,,,,,,,,,,,,,,,,,,,,,,,,,,,,,,,,,,,,,,,,,,,,,,,,,,,,,,,,,,,,,,,,,,,,,,,,,,,,,,,,,,,,,,,,,,,,,,,,,-0.45459967385977507,,"22 - 22",,,,0.36774194,0.38064516,0.2516129,0.18709677,0.40645161,0.40645161,0.3164557,,,,,,,,,,,,,,,,,,,,,,,,,,,,,,,,,,,,,,,,,,,,,,,,,,,,,,,,,,,,,,,,,,,,,,,,,,,,,,,,,,,,,,,,,,,,,,,,,,,,,,,,,,,,,,,,,,,,,,,,,,,,,"R",,,,,,,,,,,,,,,,,,,,,,,,,,,,,,,,,,,,,,,,,,,,,,,,,,,,,,,,,,,,,,,,,,,,,,,,,,,,,,,,,,,,,,,,,,,,,,,,,,,,,,,,,,,,,,,,,,,,,,,,,,"Henry Bolte",31448,703607
"Kazuma Okamoto","TOR","Kazuma Okamoto","TOR",2026,30,129,361,402,80,48,12,0,20,52,62,34,0,123,4,3,0,8,0,1,0.221606648,85,112,44,17,1702,610,1092,8,0,0,0.084577114,0.305970149,0.276422764,0.293532338,0.421052631,0.714584969,0.199445983,0.271493212,0.758928571,0.182572614,0.352697095,0.46473029,0.151785714,0.178571428,0.094117647,0,0.3123653332392375,-1.2722981510267948,46.19869727515118,,,,,,,,1.897057860778632,99.83086213593788,,,,,,,,,,,,,,,,,,,,,,,,,,,,,,,,,,,,,,,,,,,,,,,,,,,,,,,,,,,,,,,,,,,,,,,,,,,,,,,,,,,,,,,,,,,,,,,,,,,,,,,,,,,,,,,,,,,,,,,,,,,,,,,,,,,,,,,,-0.89509785361588,,"30 - 30",,,,0.52282158,0.26970954,0.20746888,0.14522822,0.46473029,0.39004149,0.44029851,,,,,,,,,,,,,,,,,,,,,,,,,,,,,,,,,,,,,,,,,,,,,,,,,,,,,,,,,,,,,,,,,,,,,,,,,,,,,,,,,,,,,,,,,,,,,,,,,,,,,,,,,,,,,,,,,,,,,,,,,,,,,"R",,,,,,,,,,,,,,,,,,,,,,,,,,,,,,,,,,,,,,,,,,,,,,,,,,,,,,,,,,,,,,,,,,,,,,,,,,,,,,,,,,,,,,,,,,,,,,,,,,,,,,,,,,,,,,,,,,,,,,,,,,"Kazuma Okamoto",37123,672960
"Brandon Nimmo","TEX","Brandon Nimmo","TEX",2026,33,120,351,392,84,52,19,4,9,36,28,35,2,88,5,1,0,10,4,1,0.239316239,104,104,56,3,1562,547,1015,7,0,0,0.089285714,0.224489795,0.397727272,0.31632653,0.393162393,0.709488923,0.153846154,0.294117647,1,0.212121212,0.393939393,0.393939393,0.028846153,0.086538461,0.067307692,0,0.31234315221126263,-1.247662062596651,45.04246283059182,,,,,,,,4.628088741158344,101.10655876858212,,,,,,,,,,,,,,,,,,,,,,,,,,,,,,,,,,,,,,,,,,,,,,,,,,,,,,,,,,,,,,,,,,,,,,,,,,,,,,,,,,,,,,,,,,,,,,,,,,,,,,,,,,,,,,,,,,,,,,,,,,,,,,,,,,,,,,,,-0.117618752643466,,"33 - 33",,,,0.33333333,0.47727273,0.18939394,0.10227273,0.39015152,0.50757576,0.33673469,,,,,,,,,,,,,,,,,,,,,,,,,,,,,,,,,,,,,,,,,,,,,,,,,,,,,,,,,,,,,,,,,,,,,,,,,,,,,,,,,,,,,,,,,,,,,,,,,,,,,,,,,,,,,,,,,,,,,,,,,,,,,"L",,,,,,,,,,,,,,,,,,,,,,,,,,,,,,,,,,,,,,,,,,,,,,,,,,,,,,,,,,,,,,,,,,,,,,,,,,,,,,,,,,,,,,,,,,,,,,,,,,,,,,,,,,,,,,,,,,,,,,,,,,"Brandon Nimmo",12927,607043
"Kerry Carpenter","DET","Kerry Carpenter","DET",2026,28,80,208,232,45,26,4,2,13,24,36,17,0,67,3,3,0,2,0,0,0.216346153,47,72,25,6,909,316,593,3,0,0,0.073275862,0.288793103,0.253731343,0.281385281,0.442307692,0.723692973,0.225961539,0.244274809,0.652777777,0.173611111,0.326388888,0.5,0.083333333,0.180555555,0.063829787,0,0.3122104842425425,-0.7632377154609775,26.632958649895468,,,,,,,,2.67091835875,98.01699009298054,,,,,,,,,,,,,,,,,,,,,,,,,,,,,,,,,,,,,,,,,,,,,,,,,,,,,,,,,,,,,,,,,,,,,,,,,,,,,,,,,,,,,,,,,,,,,,,,,,,,,,,,,,,,,,,,,,,,,,,,,,,,,,,,,,,,,,,,-0.2589904759079218,,"28 - 28",,,,0.40972222,0.32638889,0.26388889,0.11111111,0.56944444,0.31944444,0.41810345,,,,,,,,,,,,,,,,,,,,,,,,,,,,,,,,,,,,,,,,,,,,,,,,,,,,,,,,,,,,,,,,,,,,,,,,,,,,,,,,,,,,,,,,,,,,,,,,,,,,,,,,,,,,,,,,,,,,,,,,,,,,,"L",,,,,,,,,,,,,,,,,,,,,,,,,,,,,,,,,,,,,,,,,,,,,,,,,,,,,,,,,,,,,,,,,,,,,,,,,,,,,,,,,,,,,,,,,,,,,,,,,,,,,,,,,,,,,,,,,,,,,,,,,,"Kerry Carpenter",25961,681481
"Joey Ortiz","MIL","Joey Ortiz","MIL",2026,27,91,194,221,50,35,9,1,5,27,30,20,0,37,0,5,2,8,8,3,0.257731958,82,50,26,5,834,272,562,6,6,3,0.090497737,0.167420814,0.54054054,0.319634703,0.391752577,0.71138728,0.134020619,0.286624203,1.64,0.164556962,0.518987341,0.316455696,0.1,0.1,0.073170731,0.5,0.3120448123918821,-0.7565811510501551,25.340657628017837,,,,,,,,5.44034391522863,96.99757362654746,,,,,,,,,,,,,,,,,,,,,,,,,,,,,,,,,,,,,,,,,,,,,,,,,,,,,,,,,,,,,,,,,,,,,,,,,,,,,,,,,,,,,,,,,,,,,,,,,,,,,,,,,,,,,,,,,,,,,,,,,,,,,,,,,,,,,,,,0.057642693631350994,,"27 - 27",,,,0.3597561,0.40243902,0.23780488,0.15243902,0.54878049,0.29878049,0.28054299,,,,,,,,,,,,,,,,,,,,,,,,,,,,,,,,,,,,,,,,,,,,,,,,,,,,,,,,,,,,,,,,,,,,,,,,,,,,,,,,,,,,,,,,,,,,,,,,,,,,,,,,,,,,,,,,,,,,,,,,,,,,,"R",,,,,,,,,,,,,,,,,,,,,,,,,,,,,,,,,,,,,,,,,,,,,,,,,,,,,,,,,,,,,,,,,,,,,,,,,,,,,,,,,,,,,,,,,,,,,,,,,,,,,,,,,,,,,,,,,,,,,,,,,,"Joey Ortiz",25493,687401
"Corey Seager","TEX","Corey Seager","TEX",2026,32,72,197,229,42,24,8,0,10,31,24,28,4,51,2,2,0,6,1,0,0.213197969,63,61,24,5,852,350,502,1,0,0,0.122270742,0.222707423,0.549019607,0.31441048,0.40609137,0.72050185,0.192893401,0.231884057,1.032786885,0.162162162,0.425675675,0.412162162,0.081967213,0.163934426,0.015873015,0,0.31198427783118354,-0.7951497483243473,26.24678545713525,,,,,,,,2.9787848256405476,100.85680734470526,,,,,,,,,,,,,,,,,,,,,,,,,,,,,,,,,,,,,,,,,,,,,,,,,,,,,,,,,,,,,,,,,,,,,,,,,,,,,,,,,,,,,,,,,,,,,,,,,,,,,,,,,,,,,,,,,,,,,,,,,,,,,,,,,,,,,,,,-0.08151138387620449,,"32 - 32",,,,0.48648649,0.32432432,0.18918919,0.10135135,0.47297297,0.42567568,0.38864629,,,,,,,,,,,,,,,,,,,,,,,,,,,,,,,,,,,,,,,,,,,,,,,,,,,,,,,,,,,,,,,,,,,,,,,,,,,,,,,,,,,,,,,,,,,,,,,,,,,,,,,,,,,,,,,,,,,,,,,,,,,,,"L",,,,,,,,,,,,,,,,,,,,,,,,,,,,,,,,,,,,,,,,,,,,,,,,,,,,,,,,,,,,,,,,,,,,,,,,,,,,,,,,,,,,,,,,,,,,,,,,,,,,,,,,,,,,,,,,,,,,,,,,,,"Corey Seager",13624,608369
"Michael Massey","KCR","Michael Massey","KCR",2026,28,97,259,281,68,43,17,0,8,34,35,16,0,41,0,5,1,6,2,0,0.262548262,79,97,46,5,1033,337,696,2,2,0,0.056939501,0.145907473,0.390243902,0.3,0.42084942,0.72084942,0.158301158,0.279069767,0.814432989,0.207207207,0.355855855,0.436936936,0.051546391,0.082474226,0.025316455,0,0.31187251444373815,-1.001038596661185,32.18142338034382,,,,,,,,3.3961611445419946,96.17451112915575,,,,,,,,,,,,,,,,,,,,,,,,,,,,,,,,,,,,,,,,,,,,,,,,,,,,,,,,,,,,,,,,,,,,,,,,,,,,,,,,,,,,,,,,,,,,,,,,,,,,,,,,,,,,,,,,,,,,,,,,,,,,,,,,,,,,,,,,0.06781656946986914,,"28 - 28",,,,0.52232143,0.3125,0.16517857,0.06696429,0.55357143,0.37946429,0.23131673,,,,,,,,,,,,,,,,,,,,,,,,,,,,,,,,,,,,,,,,,,,,,,,,,,,,,,,,,,,,,,,,,,,,,,,,,,,,,,,,,,,,,,,,,,,,,,,,,,,,,,,,,,,,,,,,,,,,,,,,,,,,,"L",,,,,,,,,,,,,,,,,,,,,,,,,,,,,,,,,,,,,,,,,,,,,,,,,,,,,,,,,,,,,,,,,,,,,,,,,,,,,,,,,,,,,,,,,,,,,,,,,,,,,,,,,,,,,,,,,,,,,,,,,,"Michael Massey",27684,686681
"Christian Walker","HOU","Christian Walker","HOU",2026,35,124,388,422,89,51,18,1,19,46,58,27,1,104,6,1,0,9,0,0,0.229381443,126,114,45,12,1648,606,1042,7,0,0,0.063981042,0.246445497,0.259615384,0.289099526,0.427835051,0.716934577,0.198453608,0.263157894,1.105263157,0.157894736,0.442105263,0.4,0.105263157,0.166666666,0.055555555,0,0.31171793764957056,-1.5559529712701254,48.27678352088685,,,,,,,,1.75754785875,99.2646193576075,,,,,,,,,,,,,,,,,,,,,,,,,,,,,,,,,,,,,,,,,,,,,,,,,,,,,,,,,,,,,,,,,,,,,,,,,,,,,,,,,,,,,,,,,,,,,,,,,,,,,,,,,,,,,,,,,,,,,,,,,,,,,,,,,,,,,,,,-0.46730890218168497,,"35 - 35",,,,0.4245614,0.30877193,0.26666667,0.16140351,0.45614035,0.38245614,0.35545024,,,,,,,,,,,,,,,,,,,,,,,,,,,,,,,,,,,,,,,,,,,,,,,,,,,,,,,,,,,,,,,,,,,,,,,,,,,,,,,,,,,,,,,,,,,,,,,,,,,,,,,,,,,,,,,,,,,,,,,,,,,,,"R",,,,,,,,,,,,,,,,,,,,,,,,,,,,,,,,,,,,,,,,,,,,,,,,,,,,,,,,,,,,,,,,,,,,,,,,,,,,,,,,,,,,,,,,,,,,,,,,,,,,,,,,,,,,,,,,,,,,,,,,,,"Christian Walker",13419,572233
"Miguel Amaya","CHC","Miguel Amaya","CHC",2026,27,55,133,155,29,18,7,0,4,23,20,13,0,45,8,0,0,5,0,0,0.218045112,27,47,14,7,657,254,403,2,0,0,0.083870967,0.29032258,0.288888888,0.324675324,0.360902255,0.685577579,0.142857143,0.297619047,0.574468085,0.159090909,0.306818181,0.534090909,0.14893617,0.085106382,0.074074074,0,0.3115328155554734,-0.5946430488360164,17.708850212501265,,,,,,,,2.64285714,97.5783254775992,,,,,,,,,,,,,,,,,,,,,,,,,,,,,,,,,,,,,,,,,,,,,,,,,,,,,,,,,,,,,,,,,,,,,,,,,,,,,,,,,,,,,,,,,,,,,,,,,,,,,,,,,,,,,,,,,,,,,,,,,,,,,,,,,,,,,,,,-0.21957888174802065,,"27 - 27",,,,0.36363636,0.40909091,0.22727273,0.20454545,0.47727273,0.31818182,0.4,,,,,,,,,,,,,,,,,,,,,,,,,,,,,,,,,,,,,,,,,,,,,,,,,,,,,,,,,,,,,,,,,,,,,,,,,,,,,,,,,,,,,,,,,,,,,,,,,,,,,,,,,,,,,,,,,,,,,,,,,,,,,"R",,,,,,,,,,,,,,,,,,,,,,,,,,,,,,,,,,,,,,,,,,,,,,,,,,,,,,,,,,,,,,,,,,,,,,,,,,,,,,,,,,,,,,,,,,,,,,,,,,,,,,,,,,,,,,,,,,,,,,,,,,"Miguel Amaya",21693,665804
"Abimelec Ortiz","WSN","Abimelec Ortiz","WSN",2026,24,27,80,85,18,10,3,0,5,11,10,5,0,17,0,0,0,1,0,0,0.225,23,29,11,2,364,127,237,0,0,0,0.058823529,0.2,0.294117647,0.270588235,0.45,0.720588235,0.225,0.224137931,0.793103448,0.174603174,0.365079365,0.46031746,0.068965517,0.172413793,0,0,0.31105647788328283,-0.3587516548780789,9.678647875532688,,,,,,,,1.60119047125,93.28046620688347,,,,,,,,,,,,,,,,,,,,,,,,,,,,,,,,,,,,,,,,,,,,,,,,,,,,,,,,,,,,,,,,,,,,,,,,,,,,,,,,,,,,,,,,,,,,,,,,,,,,,,,,,,,,,,,,,,,,,,,,,,,,,,,,,,,,,,,,-0.08445341605693102,,"24 - 24",,,,0.44444444,0.31746032,0.23809524,0.11111111,0.50793651,0.38095238,0.31764706,,,,,,,,,,,,,,,,,,,,,,,,,,,,,,,,,,,,,,,,,,,,,,,,,,,,,,,,,,,,,,,,,,,,,,,,,,,,,,,,,,,,,,,,,,,,,,,,,,,,,,,,,,,,,,,,,,,,,,,,,,,,,"L",,,,,,,,,,,,,,,,,,,,,,,,,,,,,,,,,,,,,,,,,,,,,,,,,,,,,,,,,,,,,,,,,,,,,,,,,,,,,,,,,,,,,,,,,,,,,,,,,,,,,,,,,,,,,,,,,,,,,,,,,,"Abimelec Ortiz",29539,694673
"Connor Norby","- - -","Connor Norby","- - -",2026,26,72,182,205,43,27,11,0,5,18,20,17,0,64,5,1,0,6,7,3,0.236263736,45,53,21,4,770,277,493,3,0,0,0.082926829,0.312195121,0.265625,0.31707317,0.379120879,0.696194049,0.142857143,0.333333333,0.849056603,0.176470588,0.37815126,0.445378151,0.075471698,0.094339622,0.066666666,0,0.3107041085638651,-0.9234879277190973,23.284357998565692,,,,,,,,3.7929477054267613,91.46239959041756,,,,,,,,,,,,,,,,,,,,,,,,,,,,,,,,,,,,,,,,,,,,,,,,,,,,,,,,,,,,,,,,,,,,,,,,,,,,,,,,,,,,,,,,,,,,,,,,,,,,,,,,,,,,,,,,,,,,,,,,,,,,,,,,,,,,,,,,-0.10857594292610884,,"26 - 26",,,,0.41176471,0.3697479,0.21848739,0.15966387,0.51260504,0.32773109,0.4195122,,,,,,,,,,,,,,,,,,,,,,,,,,,,,,,,,,,,,,,,,,,,,,,,,,,,,,,,,,,,,,,,,,,,,,,,,,,,,,,,,,,,,,,,,,,,,,,,,,,,,,,,,,,,,,,,,,,,,,,,,,,,,"R",,,,,,,,,,,,,,,,,,,,,,,,,,,,,,,,,,,,,,,,,,,,,,,,,,,,,,,,,,,,,,,,,,,,,,,,,,,,,,,,,,,,,,,,,,,,,,,,,,,,,,,,,,,,,,,,,,,,,,,,,,"Connor Norby",29592,681393
"Richie Palacios","TBR","Richie Palacios","TBR",2026,29,101,249,291,59,42,11,1,5,39,32,35,0,50,3,2,2,4,10,4,0.236947791,73,80,45,9,1155,438,717,3,5,1,0.120274914,0.171821305,0.7,0.335640138,0.34939759,0.685037728,0.112449799,0.275510204,0.9125,0.227272727,0.368686868,0.404040404,0.1125,0.0625,0.04109589,0.2,0.3105627279793102,-1.3440861857851691,33.019246324209334,,,,,,,,5.328115519782289,97.01245999305193,,,,,,,,,,,,,,,,,,,,,,,,,,,,,,,,,,,,,,,,,,,,,,,,,,,,,,,,,,,,,,,,,,,,,,,,,,,,,,,,,,,,,,,,,,,,,,,,,,,,,,,,,,,,,,,,,,,,,,,,,,,,,,,,,,,,,,,,-0.09401126205921173,,"29 - 29",,,,0.37931034,0.37931034,0.24137931,0.18719212,0.5862069,0.22660099,0.30927835,,,,,,,,,,,,,,,,,,,,,,,,,,,,,,,,,,,,,,,,,,,,,,,,,,,,,,,,,,,,,,,,,,,,,,,,,,,,,,,,,,,,,,,,,,,,,,,,,,,,,,,,,,,,,,,,,,,,,,,,,,,,,"L",,,,,,,,,,,,,,,,,,,,,,,,,,,,,,,,,,,,,,,,,,,,,,,,,,,,,,,,,,,,,,,,,,,,,,,,,,,,,,,,,,,,,,,,,,,,,,,,,,,,,,,,,,,,,,,,,,,,,,,,,,"Richie Palacios",24589,680700
"Julio Rodríguez","SEA","Julio Rodríguez","SEA",2026,25,121,354,388,90,63,15,0,12,44,39,26,1,85,4,4,0,6,10,1,0.254237288,116,99,58,12,1404,462,942,11,0,0,0.067010309,0.219072164,0.305882352,0.30927835,0.398305084,0.707583434,0.144067796,0.298850574,1.171717171,0.212454212,0.424908424,0.362637362,0.121212121,0.121212121,0.094827586,0,0.31010942603882585,-1.9339758416746966,43.883800838317974,,,,,,,,4.398651643047533,104.27799365086831,,,,,,,,,,,,,,,,,,,,,,,,,,,,,,,,,,,,,,,,,,,,,,,,,,,,,,,,,,,,,,,,,,,,,,,,,,,,,,,,,,,,,,,,,,,,,,,,,,,,,,,,,,,,,,,,,,,,,,,,,,,,,,,,,,,,,,,,1.07112080976367,,"25 - 25",,,,0.41391941,0.35164835,0.23443223,0.15750916,0.52014652,0.32234432,0.31701031,,,,,,,,,,,,,,,,,,,,,,,,,,,,,,,,,,,,,,,,,,,,,,,,,,,,,,,,,,,,,,,,,,,,,,,,,,,,,,,,,,,,,,,,,,,,,,,,,,,,,,,,,,,,,,,,,,,,,,,,,,,,,"R",,,,,,,,,,,,,,,,,,,,,,,,,,,,,,,,,,,,,,,,,,,,,,,,,,,,,,,,,,,,,,,,,,,,,,,,,,,,,,,,,,,,,,,,,,,,,,,,,,,,,,,,,,,,,,,,,,,,,,,,,,"Julio Rodriguez",23697,677594
"Owen Caissie","MIA","Owen Caissie","MIA",2026,23,97,234,264,51,26,12,0,13,37,47,21,0,95,3,6,0,3,4,1,0.217948717,50,67,26,5,1073,392,681,3,2,1,0.079545454,0.359848484,0.221052631,0.284090909,0.435897435,0.719988344,0.217948718,0.287878787,0.746268656,0.181818181,0.349650349,0.468531468,0.074626865,0.19402985,0.06,0.5,0.3099117529663173,-1.3579926392599861,29.816989431662865,,,,,,,,4.374323644234233,93.38213167616118,,,,,,,,,,,,,,,,,,,,,,,,,,,,,,,,,,,,,,,,,,,,,,,,,,,,,,,,,,,,,,,,,,,,,,,,,,,,,,,,,,,,,,,,,,,,,,,,,,,,,,,,,,,,,,,,,,,,,,,,,,,,,,,,,,,,,,,,0.10759035684168339,,"23 - 23",,,,0.36551724,0.42068966,0.2137931,0.11034483,0.42758621,0.46206897,0.48863636,,,,,,,,,,,,,,,,,,,,,,,,,,,,,,,,,,,,,,,,,,,,,,,,,,,,,,,,,,,,,,,,,,,,,,,,,,,,,,,,,,,,,,,,,,,,,,,,,,,,,,,,,,,,,,,,,,,,,,,,,,,,,"L",,,,,,,,,,,,,,,,,,,,,,,,,,,,,,,,,,,,,,,,,,,,,,,,,,,,,,,,,,,,,,,,,,,,,,,,,,,,,,,,,,,,,,,,,,,,,,,,,,,,,,,,,,,,,,,,,,,,,,,,,,"Owen Caissie",27496,683357
"Jacob Wilson","ATH","Jacob Wilson","ATH",2026,24,74,212,221,59,44,10,0,5,24,25,7,0,27,2,0,0,7,3,0,0.278301886,97,47,41,6,761,222,539,11,0,0,0.031674208,0.122171945,0.259259259,0.307692307,0.396226415,0.703918722,0.117924529,0.3,2.063829787,0.221621621,0.524324324,0.254054054,0.127659574,0.106382978,0.113402061,0,0.30949510114764733,-1.2110736955705124,24.88616508349748,,,,,,,,3.86733436566115,89.00020551625263,,,,,,,,,,,,,,,,,,,,,,,,,,,,,,,,,,,,,,,,,,,,,,,,,,,,,,,,,,,,,,,,,,,,,,,,,,,,,,,,,,,,,,,,,,,,,,,,,,,,,,,,,,,,,,,,,,,,,,,,,,,,,,,,,,,,,,,,0.3015979388728738,,"24 - 24",,,,0.41081081,0.35675676,0.23243243,0.15135135,0.58378378,0.26486486,0.17647059,,,,,,,,,,,,,,,,,,,,,,,,,,,,,,,,,,,,,,,,,,,,,,,,,,,,,,,,,,,,,,,,,,,,,,,,,,,,,,,,,,,,,,,,,,,,,,,,,,,,,,,,,,,,,,,,,,,,,,,,,,,,,"R",,,,,,,,,,,,,,,,,,,,,,,,,,,,,,,,,,,,,,,,,,,,,,,,,,,,,,,,,,,,,,,,,,,,,,,,,,,,,,,,,,,,,,,,,,,,,,,,,,,,,,,,,,,,,,,,,,,,,,,,,,"Jacob Wilson",33266,805779
"Yoán Moncada","LAA","Yoán Moncada","LAA",2026,31,38,90,104,20,15,1,1,3,8,9,13,0,33,1,0,0,1,1,0,0.222222222,16,28,13,1,430,170,260,1,0,0,0.125,0.317307692,0.393939393,0.326923076,0.355555555,0.682478631,0.133333333,0.314814814,0.571428571,0.228070175,0.280701754,0.49122807,0.035714285,0.107142857,0.0625,0,0.30935946565407973,-0.5812946206522819,11.699758922438537,,,,,,,,4.525338155815584,97.69056916356263,,,,,,,,,,,,,,,,,,,,,,,,,,,,,,,,,,,,,,,,,,,,,,,,,,,,,,,,,,,,,,,,,,,,,,,,,,,,,,,,,,,,,,,,,,,,,,,,,,,,,,,,,,,,,,,,,,,,,,,,,,,,,,,,,,,,,,,,0.036723398603498936,,"31 - 31",,,,0.45614035,0.40350877,0.14035088,0.14035088,0.50877193,0.35087719,0.47115385,,,,,,,,,,,,,,,,,,,,,,,,,,,,,,,,,,,,,,,,,,,,,,,,,,,,,,,,,,,,,,,,,,,,,,,,,,,,,,,,,,,,,,,,,,,,,,,,,,,,,,,,,,,,,,,,,,,,,,,,,,,,,"B",,,,,,,,,,,,,,,,,,,,,,,,,,,,,,,,,,,,,,,,,,,,,,,,,,,,,,,,,,,,,,,,,,,,,,,,,,,,,,,,,,,,,,,,,,,,,,,,,,,,,,,,,,,,,,,,,,,,,,,,,,"Yoan Moncada",17232,660162
"Turner Hill","SFG","Turner Hill","SFG",2026,27,12,29,34,7,3,4,0,0,2,5,4,0,5,0,1,0,0,1,0,0.24137931,11,10,4,0,132,50,82,0,0,0,0.117647058,0.147058823,0.8,0.323529411,0.379310344,0.702839755,0.137931034,0.28,1.1,0.16,0.44,0.4,0,0,0,0,0.309175068841261,-0.19509542645495434,3.8198643857093524,,,,,,,,4.049780904670339,96.2197663939403,,,,,,,,,,,,,,,,,,,,,,,,,,,,,,,,,,,,,,,,,,,,,,,,,,,,,,,,,,,,,,,,,,,,,,,,,,,,,,,,,,,,,,,,,,,,,,,,,,,,,,,,,,,,,,,,,,,,,,,,,,,,,,,,,,,,,,,,0.1605884088203311,,"27 - 27",,,,0.48,0.36,0.16,0.08,0.6,0.32,0.26470588,,,,,,,,,,,,,,,,,,,,,,,,,,,,,,,,,,,,,,,,,,,,,,,,,,,,,,,,,,,,,,,,,,,,,,,,,,,,,,,,,,,,,,,,,,,,,,,,,,,,,,,,,,,,,,,,,,,,,,,,,,,,,"L",,,,,,,,,,,,,,,,,,,,,,,,,,,,,,,,,,,,,,,,,,,,,,,,,,,,,,,,,,,,,,,,,,,,,,,,,,,,,,,,,,,,,,,,,,,,,,,,,,,,,,,,,,,,,,,,,,,,,,,,,,"Turner Hill",32053,806367
"Jeff McNeil","ATH","Jeff McNeil","ATH",2026,34,117,313,340,86,64,16,0,6,31,45,18,1,41,4,4,0,10,6,2,0.274760383,109,100,66,9,1179,386,793,3,1,1,0.052941176,0.120588235,0.43902439,0.31858407,0.383386581,0.701970651,0.108626198,0.296296296,1.09,0.24,0.396363636,0.363636363,0.09,0.06,0.027522935,1,0.30848499726966994,-2.140195835264509,38.00940228637855,,,,,,,,3.3021848125519426,88.29724399045968,,,,,,,,,,,,,,,,,,,,,,,,,,,,,,,,,,,,,,,,,,,,,,,,,,,,,,,,,,,,,,,,,,,,,,,,,,,,,,,,,,,,,,,,,,,,,,,,,,,,,,,,,,,,,,,,,,,,,,,,,,,,,,,,,,,,,,,,-0.10036587622016668,,"34 - 34",,,,0.43115942,0.33695652,0.23188406,0.15217391,0.53623188,0.3115942,0.19117647,,,,,,,,,,,,,,,,,,,,,,,,,,,,,,,,,,,,,,,,,,,,,,,,,,,,,,,,,,,,,,,,,,,,,,,,,,,,,,,,,,,,,,,,,,,,,,,,,,,,,,,,,,,,,,,,,,,,,,,,,,,,,"L",,,,,,,,,,,,,,,,,,,,,,,,,,,,,,,,,,,,,,,,,,,,,,,,,,,,,,,,,,,,,,,,,,,,,,,,,,,,,,,,,,,,,,,,,,,,,,,,,,,,,,,,,,,,,,,,,,,,,,,,,,"Jeff McNeil",15362,643446
"Ernie Clement","TOR","Ernie Clement","TOR",2026,30,126,348,364,100,71,24,0,5,35,31,11,0,35,1,4,0,5,2,1,0.287356321,127,122,65,14,1107,312,795,10,3,2,0.03021978,0.096153846,0.314285714,0.307692307,0.399425287,0.707117594,0.112068966,0.304487179,1.040983606,0.207006369,0.404458598,0.388535031,0.114754098,0.040983606,0.078740157,0.666666666,0.30815815434351074,-2.3872270959537425,40.596460304864124,,,,,,,,2.4626803901683534,96.90296040196384,,,,,,,,,,,,,,,,,,,,,,,,,,,,,,,,,,,,,,,,,,,,,,,,,,,,,,,,,,,,,,,,,,,,,,,,,,,,,,,,,,,,,,,,,,,,,,,,,,,,,,,,,,,,,,,,,,,,,,,,,,,,,,,,,,,,,,,,-0.47820716444402933,,"30 - 30",,,,0.44164038,0.36277603,0.1955836,0.16403785,0.59621451,0.23974763,0.14010989,,,,,,,,,,,,,,,,,,,,,,,,,,,,,,,,,,,,,,,,,,,,,,,,,,,,,,,,,,,,,,,,,,,,,,,,,,,,,,,,,,,,,,,,,,,,,,,,,,,,,,,,,,,,,,,,,,,,,,,,,,,,,"R",,,,,,,,,,,,,,,,,,,,,,,,,,,,,,,,,,,,,,,,,,,,,,,,,,,,,,,,,,,,,,,,,,,,,,,,,,,,,,,,,,,,,,,,,,,,,,,,,,,,,,,,,,,,,,,,,,,,,,,,,,"Ernie Clement",20352,676391
"Kyle Manzardo","CLE","Kyle Manzardo","CLE",2026,25,99,252,283,54,32,9,1,12,35,35,26,0,94,4,1,0,4,0,0,0.214285714,53,72,33,6,1191,432,759,0,1,0,0.091872791,0.332155477,0.276595744,0.296819787,0.40079365,0.697613437,0.186507936,0.285714285,0.736111111,0.208860759,0.335443037,0.455696202,0.083333333,0.166666666,0,0,0.30790142920328956,-1.9146035797191876,31.504032503883717,,,,,,,,2.6318277275,96.31127705032398,,,,,,,,,,,,,,,,,,,,,,,,,,,,,,,,,,,,,,,,,,,,,,,,,,,,,,,,,,,,,,,,,,,,,,,,,,,,,,,,,,,,,,,,,,,,,,,,,,,,,,,,,,,,,,,,,,,,,,,,,,,,,,,,,,,,,,,,-0.34907411970198154,,"25 - 25",,,,0.42138365,0.42767296,0.1509434,0.08176101,0.52830189,0.38993711,0.4664311,,,,,,,,,,,,,,,,,,,,,,,,,,,,,,,,,,,,,,,,,,,,,,,,,,,,,,,,,,,,,,,,,,,,,,,,,,,,,,,,,,,,,,,,,,,,,,,,,,,,,,,,,,,,,,,,,,,,,,,,,,,,,"L",,,,,,,,,,,,,,,,,,,,,,,,,,,,,,,,,,,,,,,,,,,,,,,,,,,,,,,,,,,,,,,,,,,,,,,,,,,,,,,,,,,,,,,,,,,,,,,,,,,,,,,,,,,,,,,,,,,,,,,,,,"Kyle Manzardo",29794,700932
"Ketel Marte","ARI","Ketel Marte","ARI",2026,32,114,352,391,82,52,16,2,12,41,42,33,0,61,4,2,0,2,3,0,0.232954545,121,118,53,12,1463,539,924,7,1,1,0.084398976,0.15601023,0.540983606,0.304347826,0.392045454,0.69639328,0.159090909,0.24911032,1.025423728,0.181506849,0.414383561,0.404109589,0.101694915,0.101694915,0.057851239,1,0.30757112698176936,-2.749432396890368,43.42260544299916,,,,,,,,4.082057422653378,92.31039683106252,,,,,,,,,,,,,,,,,,,,,,,,,,,,,,,,,,,,,,,,,,,,,,,,,,,,,,,,,,,,,,,,,,,,,,,,,,,,,,,,,,,,,,,,,,,,,,,,,,,,,,,,,,,,,,,,,,,,,,,,,,,,,,,,,,,,,,,,0.09890974033623934,,"32 - 32",,,,0.51535836,0.30716724,0.1774744,0.18088737,0.46075085,0.35836177,0.27109974,,,,,,,,,,,,,,,,,,,,,,,,,,,,,,,,,,,,,,,,,,,,,,,,,,,,,,,,,,,,,,,,,,,,,,,,,,,,,,,,,,,,,,,,,,,,,,,,,,,,,,,,,,,,,,,,,,,,,,,,,,,,,"B",,,,,,,,,,,,,,,,,,,,,,,,,,,,,,,,,,,,,,,,,,,,,,,,,,,,,,,,,,,,,,,,,,,,,,,,,,,,,,,,,,,,,,,,,,,,,,,,,,,,,,,,,,,,,,,,,,,,,,,,,,"Ketel Marte",13613,606466
"Gustavo Campero","LAA","Gustavo Campero","LAA",2026,28,4,6,7,2,1,1,0,0,0,1,0,0,3,0,1,0,0,0,0,0.333333333,1,2,1,0,27,9,18,0,0,0,0,0.428571428,0,0.285714285,0.5,0.785714285,0.166666667,0.5,0.5,0.25,0.25,0.5,0,0,0,0,0.30749488728387014,-0.04965302486569399,0.7769563482269574,,,,,,,,0.14285714,96.39295326022842,,,,,,,,,,,,,,,,,,,,,,,,,,,,,,,,,,,,,,,,,,,,,,,,,,,,,,,,,,,,,,,,,,,,,,,,,,,,,,,,,,,,,,,,,,,,,,,,,,,,,,,,,,,,,,,,,,,,,,,,,,,,,,,,,,,,,,,,-0.005630227737128735,,"28 - 28",,,,0.25,0.75,0,0,0.5,0.5,0.42857143,,,,,,,,,,,,,,,,,,,,,,,,,,,,,,,,,,,,,,,,,,,,,,,,,,,,,,,,,,,,,,,,,,,,,,,,,,,,,,,,,,,,,,,,,,,,,,,,,,,,,,,,,,,,,,,,,,,,,,,,,,,,,"B",,,,,,,,,,,,,,,,,,,,,,,,,,,,,,,,,,,,,,,,,,,,,,,,,,,,,,,,,,,,,,,,,,,,,,,,,,,,,,,,,,,,,,,,,,,,,,,,,,,,,,,,,,,,,,,,,,,,,,,,,,"Gustavo Campero",22707,672569
"Luis Robert Jr.","NYM","Luis Robert Jr.","NYM",2026,28,53,137,156,31,21,4,0,6,15,15,17,0,39,0,2,0,3,1,3,0.226277372,40,42,18,9,605,220,385,5,0,0,0.108974358,0.25,0.435897435,0.307692307,0.386861313,0.69455362,0.160583941,0.265957446,0.952380952,0.18,0.4,0.42,0.214285714,0.142857142,0.125,0,0.30720487504433364,-1.1430440122330925,17.278536302403136,,,,,,,,1.8730101442237248,94.32151858206637,,,,,,,,,,,,,,,,,,,,,,,,,,,,,,,,,,,,,,,,,,,,,,,,,,,,,,,,,,,,,,,,,,,,,,,,,,,,,,,,,,,,,,,,,,,,,,,,,,,,,,,,,,,,,,,,,,,,,,,,,,,,,,,,,,,,,,,,-1.2466434556990862,,"28 - 28",,,,0.46,0.31,0.23,0.23,0.5,0.27,0.3974359,,,,,,,,,,,,,,,,,,,,,,,,,,,,,,,,,,,,,,,,,,,,,,,,,,,,,,,,,,,,,,,,,,,,,,,,,,,,,,,,,,,,,,,,,,,,,,,,,,,,,,,,,,,,,,,,,,,,,,,,,,,,,"R",,,,,,,,,,,,,,,,,,,,,,,,,,,,,,,,,,,,,,,,,,,,,,,,,,,,,,,,,,,,,,,,,,,,,,,,,,,,,,,,,,,,,,,,,,,,,,,,,,,,,,,,,,,,,,,,,,,,,,,,,,"Luis Robert Jr.",20043,673357
"Max Schuemann","NYY","Max Schuemann","NYY",2026,29,25,34,42,6,3,2,0,1,8,4,6,0,12,2,0,0,0,2,1,0.176470588,5,11,5,1,169,73,96,0,1,0,0.142857142,0.285714285,0.5,0.333333333,0.323529411,0.656862744,0.147058823,0.238095238,0.454545454,0.238095238,0.238095238,0.523809523,0.09090909,0.09090909,0,0,0.30699806695892695,-0.3147484599742342,4.644907778581674,,,,,,,,5.728154357822675,95.37815114150341,,,,,,,,,,,,,,,,,,,,,,,,,,,,,,,,,,,,,,,,,,,,,,,,,,,,,,,,,,,,,,,,,,,,,,,,,,,,,,,,,,,,,,,,,,,,,,,,,,,,,,,,,,,,,,,,,,,,,,,,,,,,,,,,,,,,,,,,-0.07283076737076044,,"29 - 29",,,,0.36363636,0.45454545,0.18181818,0.09090909,0.59090909,0.31818182,0.45238095,,,,,,,,,,,,,,,,,,,,,,,,,,,,,,,,,,,,,,,,,,,,,,,,,,,,,,,,,,,,,,,,,,,,,,,,,,,,,,,,,,,,,,,,,,,,,,,,,,,,,,,,,,,,,,,,,,,,,,,,,,,,,"R",,,,,,,,,,,,,,,,,,,,,,,,,,,,,,,,,,,,,,,,,,,,,,,,,,,,,,,,,,,,,,,,,,,,,,,,,,,,,,,,,,,,,,,,,,,,,,,,,,,,,,,,,,,,,,,,,,,,,,,,,,"Max Schuemann",24488,680474
"Spencer Torkelson","DET","Spencer Torkelson","DET",2026,26,128,328,375,67,36,14,0,17,37,46,37,0,122,6,3,0,9,0,0,0.204268292,66,105,38,12,1546,597,949,2,0,0,0.098666666,0.325333333,0.303278688,0.294117647,0.402439024,0.696556671,0.198170732,0.260416666,0.628571428,0.181818181,0.315789473,0.502392344,0.114285714,0.161904761,0.03030303,0,0.3069746012993675,-2.8173516416037967,41.46529334550253,,,,,,,,0.9546387462499999,94.37318241848921,,,,,,,,,,,,,,,,,,,,,,,,,,,,,,,,,,,,,,,,,,,,,,,,,,,,,,,,,,,,,,,,,,,,,,,,,,,,,,,,,,,,,,,,,,,,,,,,,,,,,,,,,,,,,,,,,,,,,,,,,,,,,,,,,,,,,,,,-0.44478799123317003,,"26 - 26",,,,0.49760766,0.28229665,0.22009569,0.15311005,0.47368421,0.37320574,0.46933333,,,,,,,,,,,,,,,,,,,,,,,,,,,,,,,,,,,,,,,,,,,,,,,,,,,,,,,,,,,,,,,,,,,,,,,,,,,,,,,,,,,,,,,,,,,,,,,,,,,,,,,,,,,,,,,,,,,,,,,,,,,,,"R",,,,,,,,,,,,,,,,,,,,,,,,,,,,,,,,,,,,,,,,,,,,,,,,,,,,,,,,,,,,,,,,,,,,,,,,,,,,,,,,,,,,,,,,,,,,,,,,,,,,,,,,,,,,,,,,,,,,,,,,,,"Spencer Torkelson",27465,679529
"Luis Rengifo","- - -","Luis Rengifo","- - -",2026,29,86,193,220,49,38,8,0,3,27,26,22,0,24,2,1,2,1,6,3,0.25388601,101,41,27,3,880,331,549,4,3,1,0.1,0.109090909,0.916666666,0.334862385,0.341968911,0.676831296,0.088082901,0.275449101,2.463414634,0.159763313,0.597633136,0.24260355,0.073170731,0.073170731,0.03960396,0.333333333,0.30687947120141545,-1.7125026198887061,24.266649105880337,,,,,,,,4.03325495343463,94.61076755521016,,,,,,,,,,,,,,,,,,,,,,,,,,,,,,,,,,,,,,,,,,,,,,,,,,,,,,,,,,,,,,,,,,,,,,,,,,,,,,,,,,,,,,,,,,,,,,,,,,,,,,,,,,,,,,,,,,,,,,,,,,,,,,,,,,,,,,,,-0.3817689064890146,,"29 - 29",,,,0.37209302,0.33139535,0.29651163,0.19767442,0.55232558,0.25,0.22272727,,,,,,,,,,,,,,,,,,,,,,,,,,,,,,,,,,,,,,,,,,,,,,,,,,,,,,,,,,,,,,,,,,,,,,,,,,,,,,,,,,,,,,,,,,,,,,,,,,,,,,,,,,,,,,,,,,,,,,,,,,,,,"B",,,,,,,,,,,,,,,,,,,,,,,,,,,,,,,,,,,,,,,,,,,,,,,,,,,,,,,,,,,,,,,,,,,,,,,,,,,,,,,,,,,,,,,,,,,,,,,,,,,,,,,,,,,,,,,,,,,,,,,,,,"Luis Rengifo",19858,650859
"Vaughn Grissom","LAA","Vaughn Grissom","LAA",2026,25,83,209,228,50,30,12,0,8,26,44,10,0,44,6,2,1,9,1,0,0.239234449,69,67,30,9,830,260,570,9,2,0,0.043859649,0.192982456,0.227272727,0.290748898,0.411483253,0.702232151,0.172248804,0.264150943,1.029850746,0.180722891,0.41566265,0.403614457,0.134328358,0.119402985,0.130434782,0,0.3067219141821504,-1.7594185960476718,25.16442955611297,,,,,,,,3.0266512445753446,95.85501814006054,,,,,,,,,,,,,,,,,,,,,,,,,,,,,,,,,,,,,,,,,,,,,,,,,,,,,,,,,,,,,,,,,,,,,,,,,,,,,,,,,,,,,,,,,,,,,,,,,,,,,,,,,,,,,,,,,,,,,,,,,,,,,,,,,,,,,,,,-0.05899047292768955,,"25 - 25",,,,0.44642857,0.35119048,0.20238095,0.14880952,0.48809524,0.36309524,0.27192982,,,,,,,,,,,,,,,,,,,,,,,,,,,,,,,,,,,,,,,,,,,,,,,,,,,,,,,,,,,,,,,,,,,,,,,,,,,,,,,,,,,,,,,,,,,,,,,,,,,,,,,,,,,,,,,,,,,,,,,,,,,,,"R",,,,,,,,,,,,,,,,,,,,,,,,,,,,,,,,,,,,,,,,,,,,,,,,,,,,,,,,,,,,,,,,,,,,,,,,,,,,,,,,,,,,,,,,,,,,,,,,,,,,,,,,,,,,,,,,,,,,,,,,,,"Vaughn Grissom",26031,687093
"Ryan Kreidler","MIN","Ryan Kreidler","MIN",2026,28,53,122,127,31,20,4,3,4,19,21,4,0,33,0,0,1,3,4,3,0.25409836,43,33,12,2,461,149,312,2,2,1,0.031496062,0.259842519,0.121212121,0.277777777,0.434426229,0.712204006,0.180327869,0.317647058,1.303030303,0.136363636,0.488636363,0.375,0.06060606,0.121212121,0.046511627,0.5,0.30670912398232353,-0.9813371856105583,14.015718583356115,,,,,,,,7.560349338581271,95.20881761864426,,,,,,,,,,,,,,,,,,,,,,,,,,,,,,,,,,,,,,,,,,,,,,,,,,,,,,,,,,,,,,,,,,,,,,,,,,,,,,,,,,,,,,,,,,,,,,,,,,,,,,,,,,,,,,,,,,,,,,,,,,,,,,,,,,,,,,,,-0.5678202584385872,,"28 - 28",,,,0.42222222,0.45555556,0.12222222,0.12222222,0.57777778,0.3,0.32283465,,,,,,,,,,,,,,,,,,,,,,,,,,,,,,,,,,,,,,,,,,,,,,,,,,,,,,,,,,,,,,,,,,,,,,,,,,,,,,,,,,,,,,,,,,,,,,,,,,,,,,,,,,,,,,,,,,,,,,,,,,,,,"R",,,,,,,,,,,,,,,,,,,,,,,,,,,,,,,,,,,,,,,,,,,,,,,,,,,,,,,,,,,,,,,,,,,,,,,,,,,,,,,,,,,,,,,,,,,,,,,,,,,,,,,,,,,,,,,,,,,,,,,,,,"Ryan Kreidler",25867,668952
"Jorbit Vivas","WSN","Jorbit Vivas","WSN",2026,25,99,229,272,55,40,11,1,3,25,25,32,0,38,4,4,2,2,2,1,0.240174672,80,75,40,8,983,376,607,4,2,0,0.117647058,0.139705882,0.842105263,0.338289962,0.336244541,0.674534503,0.096069869,0.270833333,1.066666666,0.205128205,0.41025641,0.384615384,0.106666666,0.04,0.05,0,0.30670211350607607,-2.1032995440693036,30.016378953245148,,,,,,,,3.2123018444531484,90.35921788033319,,,,,,,,,,,,,,,,,,,,,,,,,,,,,,,,,,,,,,,,,,,,,,,,,,,,,,,,,,,,,,,,,,,,,,,,,,,,,,,,,,,,,,,,,,,,,,,,,,,,,,,,,,,,,,,,,,,,,,,,,,,,,,,,,,,,,,,,-0.4387955702841282,,"25 - 25",,,,0.3857868,0.29949239,0.31472081,0.2284264,0.51269036,0.25888325,0.26838235,,,,,,,,,,,,,,,,,,,,,,,,,,,,,,,,,,,,,,,,,,,,,,,,,,,,,,,,,,,,,,,,,,,,,,,,,,,,,,,,,,,,,,,,,,,,,,,,,,,,,,,,,,,,,,,,,,,,,,,,,,,,,"L",,,,,,,,,,,,,,,,,,,,,,,,,,,,,,,,,,,,,,,,,,,,,,,,,,,,,,,,,,,,,,,,,,,,,,,,,,,,,,,,,,,,,,,,,,,,,,,,,,,,,,,,,,,,,,,,,,,,,,,,,,"Jorbit Vivas",23917,678391
"Mike Yastrzemski","ATL","Mike Yastrzemski","ATL",2026,35,117,275,310,62,37,15,1,9,37,33,31,0,72,2,2,0,4,1,0,0.225454545,80,86,38,9,1319,508,811,3,1,1,0.1,0.232258064,0.430555555,0.306451612,0.385454545,0.691906157,0.16,0.270408163,0.930232558,0.186274509,0.392156862,0.421568627,0.104651162,0.104651162,0.0375,1,0.3065703863097775,-2.430079604334992,34.17690691833957,,,,,,,,3.403165509085969,92.15115838614575,,,,,,,,,,,,,,,,,,,,,,,,,,,,,,,,,,,,,,,,,,,,,,,,,,,,,,,,,,,,,,,,,,,,,,,,,,,,,,,,,,,,,,,,,,,,,,,,,,,,,,,,,,,,,,,,,,,,,,,,,,,,,,,,,,,,,,,,-0.19411593861877918,,"35 - 35",,,,0.50243902,0.30731707,0.1902439,0.11219512,0.45853659,0.42926829,0.36129032,,,,,,,,,,,,,,,,,,,,,,,,,,,,,,,,,,,,,,,,,,,,,,,,,,,,,,,,,,,,,,,,,,,,,,,,,,,,,,,,,,,,,,,,,,,,,,,,,,,,,,,,,,,,,,,,,,,,,,,,,,,,,"L",,,,,,,,,,,,,,,,,,,,,,,,,,,,,,,,,,,,,,,,,,,,,,,,,,,,,,,,,,,,,,,,,,,,,,,,,,,,,,,,,,,,,,,,,,,,,,,,,,,,,,,,,,,,,,,,,,,,,,,,,,"Mike Yastrzemski",14854,573262
"Jackson Merrill","SDP","Jackson Merrill","SDP",2026,23,126,375,413,84,49,14,3,18,58,47,31,3,97,3,1,3,5,14,2,0.224,100,119,58,7,1616,562,1054,6,5,1,0.075060532,0.234866828,0.319587628,0.287804878,0.421333333,0.709138211,0.197333333,0.252873563,0.840336134,0.209386281,0.36101083,0.429602888,0.058823529,0.151260504,0.06,0.2,0.30652265232376735,-3.2533940333539753,45.51655897911245,,,,,,,,6.907889032375298,96.16499664923151,,,,,,,,,,,,,,,,,,,,,,,,,,,,,,,,,,,,,,,,,,,,,,,,,,,,,,,,,,,,,,,,,,,,,,,,,,,,,,,,,,,,,,,,,,,,,,,,,,,,,,,,,,,,,,,,,,,,,,,,,,,,,,,,,,,,,,,,1.527785286307335,,"23 - 23",,,,0.40780142,0.32269504,0.26950355,0.13120567,0.46453901,0.40425532,0.3535109,,,,,,,,,,,,,,,,,,,,,,,,,,,,,,,,,,,,,,,,,,,,,,,,,,,,,,,,,,,,,,,,,,,,,,,,,,,,,,,,,,,,,,,,,,,,,,,,,,,,,,,,,,,,,,,,,,,,,,,,,,,,,"L",,,,,,,,,,,,,,,,,,,,,,,,,,,,,,,,,,,,,,,,,,,,,,,,,,,,,,,,,,,,,,,,,,,,,,,,,,,,,,,,,,,,,,,,,,,,,,,,,,,,,,,,,,,,,,,,,,,,,,,,,,"Jackson Merrill",29490,701538
"Tyler Freeman","COL","Tyler Freeman","COL",2026,27,68,161,187,42,35,5,1,1,18,16,8,0,19,12,0,6,11,3,2,0.260869565,73,41,25,2,636,223,413,3,9,2,0.042780748,0.101604278,0.421052631,0.342541436,0.322981366,0.665522802,0.062111801,0.290780141,1.780487804,0.179856115,0.525179856,0.294964028,0.048780487,0.024390243,0.04109589,0.222222222,0.30636920619406094,-1.4962305418886055,20.586048425015083,,,,,,,,4.5008291346926415,79.31905424441071,,,,,,,,,,,,,,,,,,,,,,,,,,,,,,,,,,,,,,,,,,,,,,,,,,,,,,,,,,,,,,,,,,,,,,,,,,,,,,,,,,,,,,,,,,,,,,,,,,,,,,,,,,,,,,,,,,,,,,,,,,,,,,,,,,,,,,,,-0.5314590530470014,,"27 - 27",,,,0.37837838,0.34459459,0.27702703,0.14864865,0.5472973,0.30405405,0.14973262,,,,,,,,,,,,,,,,,,,,,,,,,,,,,,,,,,,,,,,,,,,,,,,,,,,,,,,,,,,,,,,,,,,,,,,,,,,,,,,,,,,,,,,,,,,,,,,,,,,,,,,,,,,,,,,,,,,,,,,,,,,,,"R",,,,,,,,,,,,,,,,,,,,,,,,,,,,,,,,,,,,,,,,,,,,,,,,,,,,,,,,,,,,,,,,,,,,,,,,,,,,,,,,,,,,,,,,,,,,,,,,,,,,,,,,,,,,,,,,,,,,,,,,,,"Tyler Freeman",22532,671289
"Matt Shaw","CHC","Matt Shaw","CHC",2026,24,38,72,83,16,11,1,1,3,12,9,8,0,14,1,1,1,1,0,1,0.222222222,18,30,9,3,342,128,214,3,3,2,0.096385542,0.168674698,0.571428571,0.304878048,0.388888888,0.693766936,0.166666666,0.232142857,0.6,0.157894736,0.315789473,0.526315789,0.1,0.1,0.166666666,0.666666666,0.30636463223434074,-0.6644085322357093,9.136816891577157,,,,,,,,4.8729133243065,94.11110372711981,,,,,,,,,,,,,,,,,,,,,,,,,,,,,,,,,,,,,,,,,,,,,,,,,,,,,,,,,,,,,,,,,,,,,,,,,,,,,,,,,,,,,,,,,,,,,,,,,,,,,,,,,,,,,,,,,,,,,,,,,,,,,,,,,,,,,,,,-0.5235028229653835,,"24 - 24",,,,0.3,0.41666667,0.28333333,0.16666667,0.58333333,0.25,0.30120482,,,,,,,,,,,,,,,,,,,,,,,,,,,,,,,,,,,,,,,,,,,,,,,,,,,,,,,,,,,,,,,,,,,,,,,,,,,,,,,,,,,,,,,,,,,,,,,,,,,,,,,,,,,,,,,,,,,,,,,,,,,,,"R",,,,,,,,,,,,,,,,,,,,,,,,,,,,,,,,,,,,,,,,,,,,,,,,,,,,,,,,,,,,,,,,,,,,,,,,,,,,,,,,,,,,,,,,,,,,,,,,,,,,,,,,,,,,,,,,,,,,,,,,,,"Matt Shaw",33322,807713
"Cal Raleigh","SEA","Cal Raleigh","SEA",2026,29,93,237,279,43,21,9,0,13,26,36,39,0,82,2,1,0,2,1,0,0.181434599,34,101,21,14,1218,466,752,2,0,0,0.139784946,0.29390681,0.475609756,0.301075268,0.383966244,0.685041512,0.202531645,0.209790209,0.336633663,0.134615384,0.217948717,0.647435897,0.138613861,0.128712871,0.058823529,0,0.3061480494382988,-2.282111701830512,30.664176168576596,,,,,,,,1.8279417432113247,101.52115309213005,,,,,,,,,,,,,,,,,,,,,,,,,,,,,,,,,,,,,,,,,,,,,,,,,,,,,,,,,,,,,,,,,,,,,,,,,,,,,,,,,,,,,,,,,,,,,,,,,,,,,,,,,,,,,,,,,,,,,,,,,,,,,,,,,,,,,,,,-0.1490741167217493,,"29 - 29",,,,0.53205128,0.25641026,0.21153846,0.18589744,0.46794872,0.34615385,0.48028674,,,,,,,,,,,,,,,,,,,,,,,,,,,,,,,,,,,,,,,,,,,,,,,,,,,,,,,,,,,,,,,,,,,,,,,,,,,,,,,,,,,,,,,,,,,,,,,,,,,,,,,,,,,,,,,,,,,,,,,,,,,,,"B",,,,,,,,,,,,,,,,,,,,,,,,,,,,,,,,,,,,,,,,,,,,,,,,,,,,,,,,,,,,,,,,,,,,,,,,,,,,,,,,,,,,,,,,,,,,,,,,,,,,,,,,,,,,,,,,,,,,,,,,,,"Cal Raleigh",21534,663728
"Derek Hill","- - -","Derek Hill","- - -",2026,30,52,67,74,16,13,0,0,3,15,10,6,0,25,1,0,0,0,8,3,0.23880597,16,14,9,1,310,115,195,3,3,1,0.081081081,0.337837837,0.24,0.31081081,0.373134328,0.683945138,0.134328358,0.333333333,1.142857142,0.23076923,0.41025641,0.358974358,0.071428571,0.214285714,0.1875,0.333333333,0.3060416756449519,-0.6116403419781711,8.126801602144143,,,,,,,,6.5276763138436005,89.99407229614866,,,,,,,,,,,,,,,,,,,,,,,,,,,,,,,,,,,,,,,,,,,,,,,,,,,,,,,,,,,,,,,,,,,,,,,,,,,,,,,,,,,,,,,,,,,,,,,,,,,,,,,,,,,,,,,,,,,,,,,,,,,,,,,,,,,,,,,,0.2547006644308567,,"30 - 30",,,,0.38095238,0.4047619,0.21428571,0.16666667,0.52380952,0.30952381,0.45945946,,,,,,,,,,,,,,,,,,,,,,,,,,,,,,,,,,,,,,,,,,,,,,,,,,,,,,,,,,,,,,,,,,,,,,,,,,,,,,,,,,,,,,,,,,,,,,,,,,,,,,,,,,,,,,,,,,,,,,,,,,,,,"R",,,,,,,,,,,,,,,,,,,,,,,,,,,,,,,,,,,,,,,,,,,,,,,,,,,,,,,,,,,,,,,,,,,,,,,,,,,,,,,,,,,,,,,,,,,,,,,,,,,,,,,,,,,,,,,,,,,,,,,,,,"Derek Hill",16947,656537
"Adam Frazier","LAA","Adam Frazier","LAA",2026,34,48,92,103,23,14,7,1,1,14,9,8,1,30,1,0,2,1,0,2,0.25,29,18,14,0,404,121,283,3,3,0,0.077669902,0.291262135,0.266666666,0.316831683,0.380434782,0.697266465,0.130434782,0.360655737,1.611111111,0.229508196,0.475409836,0.295081967,0,0.055555555,0.103448275,0,0.3056375879049301,-0.8849076229725006,11.27805886681937,,,,,,,,5.160159556500739,95.10040302481276,,,,,,,,,,,,,,,,,,,,,,,,,,,,,,,,,,,,,,,,,,,,,,,,,,,,,,,,,,,,,,,,,,,,,,,,,,,,,,,,,,,,,,,,,,,,,,,,,,,,,,,,,,,,,,,,,,,,,,,,,,,,,,,,,,,,,,,,-0.9456615466624498,,"34 - 34",,,,0.46875,0.328125,0.203125,0.09375,0.640625,0.265625,0.37864078,,,,,,,,,,,,,,,,,,,,,,,,,,,,,,,,,,,,,,,,,,,,,,,,,,,,,,,,,,,,,,,,,,,,,,,,,,,,,,,,,,,,,,,,,,,,,,,,,,,,,,,,,,,,,,,,,,,,,,,,,,,,,"L",,,,,,,,,,,,,,,,,,,,,,,,,,,,,,,,,,,,,,,,,,,,,,,,,,,,,,,,,,,,,,,,,,,,,,,,,,,,,,,,,,,,,,,,,,,,,,,,,,,,,,,,,,,,,,,,,,,,,,,,,,"Adam Frazier",15223,624428
"Chase Meidroth","CHW","Chase Meidroth","CHW",2026,24,126,351,394,89,69,12,0,8,50,37,33,0,92,4,2,4,7,0,2,0.253561253,134,72,48,8,1617,561,1056,10,11,4,0.083756345,0.233502538,0.358695652,0.323076923,0.356125356,0.679202279,0.102564103,0.320158102,1.861111111,0.188976377,0.527559055,0.283464566,0.111111111,0.111111111,0.074626865,0.363636363,0.30498433861977015,-3.5925822856214,42.93371671416498,,,,,,,,2.1777316032596534,94.09884736927884,,,,,,,,,,,,,,,,,,,,,,,,,,,,,,,,,,,,,,,,,,,,,,,,,,,,,,,,,,,,,,,,,,,,,,,,,,,,,,,,,,,,,,,,,,,,,,,,,,,,,,,,,,,,,,,,,,,,,,,,,,,,,,,,,,,,,,,,-1.4186006765812635,,"24 - 24",,,,0.42264151,0.33207547,0.24528302,0.14339623,0.58490566,0.27169811,0.33756345,,,,,,,,,,,,,,,,,,,,,,,,,,,,,,,,,,,,,,,,,,,,,,,,,,,,,,,,,,,,,,,,,,,,,,,,,,,,,,,,,,,,,,,,,,,,,,,,,,,,,,,,,,,,,,,,,,,,,,,,,,,,,"R",,,,,,,,,,,,,,,,,,,,,,,,,,,,,,,,,,,,,,,,,,,,,,,,,,,,,,,,,,,,,,,,,,,,,,,,,,,,,,,,,,,,,,,,,,,,,,,,,,,,,,,,,,,,,,,,,,,,,,,,,,"Chase Meidroth",31580,805367
"Jose Altuve","HOU","Jose Altuve","HOU",2026,36,106,330,360,80,52,15,2,11,46,33,27,1,73,0,2,1,13,4,2,0.242424242,128,81,49,14,1281,436,845,14,2,0,0.075,0.202777777,0.369863013,0.298050139,0.4,0.698050139,0.157575758,0.278225806,1.580246913,0.18992248,0.496124031,0.313953488,0.172839506,0.135802469,0.109375,0,0.3048690470903279,-3.3160392524005253,39.19529993522154,,,,,,,,4.731029968809157,94.49827139827241,,,,,,,,,,,,,,,,,,,,,,,,,,,,,,,,,,,,,,,,,,,,,,,,,,,,,,,,,,,,,,,,,,,,,,,,,,,,,,,,,,,,,,,,,,,,,,,,,,,,,,,,,,,,,,,,,,,,,,,,,,,,,,,,,,,,,,,,-0.46095428802073,,"36 - 36",,,,0.52692308,0.32307692,0.15,0.17692308,0.55,0.27307692,0.30833333,,,,,,,,,,,,,,,,,,,,,,,,,,,,,,,,,,,,,,,,,,,,,,,,,,,,,,,,,,,,,,,,,,,,,,,,,,,,,,,,,,,,,,,,,,,,,,,,,,,,,,,,,,,,,,,,,,,,,,,,,,,,,"R",,,,,,,,,,,,,,,,,,,,,,,,,,,,,,,,,,,,,,,,,,,,,,,,,,,,,,,,,,,,,,,,,,,,,,,,,,,,,,,,,,,,,,,,,,,,,,,,,,,,,,,,,,,,,,,,,,,,,,,,,,"Jose Altuve",5417,514888
"Jake Fraley","TBR","Jake Fraley","TBR",2026,31,28,72,80,16,8,6,0,2,5,5,8,0,21,0,0,0,1,2,0,0.222222222,16,29,6,6,335,132,203,1,0,0,0.1,0.2625,0.38095238,0.3,0.388888888,0.688888888,0.166666666,0.285714285,0.551724137,0.117647058,0.31372549,0.56862745,0.206896551,0.068965517,0.0625,0,0.3048009216785431,-0.7412934591487762,8.705670804767239,,,,,,,,3.580872498148941,93.00264651067937,,,,,,,,,,,,,,,,,,,,,,,,,,,,,,,,,,,,,,,,,,,,,,,,,,,,,,,,,,,,,,,,,,,,,,,,,,,,,,,,,,,,,,,,,,,,,,,,,,,,,,,,,,,,,,,,,,,,,,,,,,,,,,,,,,,,,,,,0.3099163621664047,,"31 - 31",,,,0.47058824,0.25490196,0.2745098,0.21568627,0.54901961,0.23529412,0.3875,,,,,,,,,,,,,,,,,,,,,,,,,,,,,,,,,,,,,,,,,,,,,,,,,,,,,,,,,,,,,,,,,,,,,,,,,,,,,,,,,,,,,,,,,,,,,,,,,,,,,,,,,,,,,,,,,,,,,,,,,,,,,"L",,,,,,,,,,,,,,,,,,,,,,,,,,,,,,,,,,,,,,,,,,,,,,,,,,,,,,,,,,,,,,,,,,,,,,,,,,,,,,,,,,,,,,,,,,,,,,,,,,,,,,,,,,,,,,,,,,,,,,,,,,"Jake Fraley",19260,641584
"Gunnar Henderson","BAL","Gunnar Henderson","BAL",2026,25,132,370,420,81,50,15,2,14,60,40,42,3,92,6,2,0,5,8,4,0.218918918,120,113,47,10,1673,626,1047,6,0,0,0.1,0.219047619,0.456521739,0.307142857,0.383783783,0.69092664,0.164864865,0.251879699,1.061946902,0.167857142,0.428571428,0.403571428,0.088495575,0.123893805,0.05,0,0.3044804446131205,-4.000355635395256,45.59620675016383,,,,,,,,5.290628778382683,95.5234579230209,,,,,,,,,,,,,,,,,,,,,,,,,,,,,,,,,,,,,,,,,,,,,,,,,,,,,,,,,,,,,,,,,,,,,,,,,,,,,,,,,,,,,,,,,,,,,,,,,,,,,,,,,,,,,,,,,,,,,,,,,,,,,,,,,,,,,,,,-0.5784646840766072,,"25 - 25",,,,0.44642857,0.35714286,0.19642857,0.13571429,0.43214286,0.43214286,0.35238095,,,,,,,,,,,,,,,,,,,,,,,,,,,,,,,,,,,,,,,,,,,,,,,,,,,,,,,,,,,,,,,,,,,,,,,,,,,,,,,,,,,,,,,,,,,,,,,,,,,,,,,,,,,,,,,,,,,,,,,,,,,,,"L",,,,,,,,,,,,,,,,,,,,,,,,,,,,,,,,,,,,,,,,,,,,,,,,,,,,,,,,,,,,,,,,,,,,,,,,,,,,,,,,,,,,,,,,,,,,,,,,,,,,,,,,,,,,,,,,,,,,,,,,,,"Gunnar Henderson",26289,683002
"Justin Crawford","PHI","Justin Crawford","PHI",2026,22,122,318,348,87,64,17,4,2,30,32,21,0,59,1,3,5,2,9,4,0.273584905,146,75,39,6,1265,396,869,16,7,1,0.060344827,0.169540229,0.355932203,0.317784256,0.371069182,0.688853438,0.097484277,0.326923076,1.946666666,0.15,0.561538461,0.288461538,0.08,0.026666666,0.109589041,0.142857142,0.3041251823088866,-3.414297994051816,37.67999655398285,,,,,,,,5.32036071535439,87.02634048217647,,,,,,,,,,,,,,,,,,,,,,,,,,,,,,,,,,,,,,,,,,,,,,,,,,,,,,,,,,,,,,,,,,,,,,,,,,,,,,,,,,,,,,,,,,,,,,,,,,,,,,,,,,,,,,,,,,,,,,,,,,,,,,,,,,,,,,,,-0.3277926314622164,,"22 - 22",,,,0.27340824,0.40074906,0.3258427,0.19850187,0.51310861,0.28838951,0.23563218,,,,,,,,,,,,,,,,,,,,,,,,,,,,,,,,,,,,,,,,,,,,,,,,,,,,,,,,,,,,,,,,,,,,,,,,,,,,,,,,,,,,,,,,,,,,,,,,,,,,,,,,,,,,,,,,,,,,,,,,,,,,,"L",,,,,,,,,,,,,,,,,,,,,,,,,,,,,,,,,,,,,,,,,,,,,,,,,,,,,,,,,,,,,,,,,,,,,,,,,,,,,,,,,,,,,,,,,,,,,,,,,,,,,,,,,,,,,,,,,,,,,,,,,,"Justin Crawford",31791,702222
"Nick Fortes","TBR","Nick Fortes","TBR",2026,29,70,138,144,38,28,7,0,3,13,19,3,0,19,2,0,1,2,0,0,0.275362318,62,38,18,5,470,147,323,10,2,0,0.020833333,0.131944444,0.157894736,0.3006993,0.391304347,0.692003647,0.115942029,0.301724137,1.631578947,0.152542372,0.525423728,0.322033898,0.131578947,0.078947368,0.161290322,0,0.30399462476476924,-1.4279767598091753,15.576558915239653,,,,,,,,1.1625939775,92.44152035216631,,,,,,,,,,,,,,,,,,,,,,,,,,,,,,,,,,,,,,,,,,,,,,,,,,,,,,,,,,,,,,,,,,,,,,,,,,,,,,,,,,,,,,,,,,,,,,,,,,,,,,,,,,,,,,,,,,,,,,,,,,,,,,,,,,,,,,,,-0.18579751532524824,,"29 - 29",,,,0.55833333,0.3,0.14166667,0.21666667,0.43333333,0.35,0.17361111,,,,,,,,,,,,,,,,,,,,,,,,,,,,,,,,,,,,,,,,,,,,,,,,,,,,,,,,,,,,,,,,,,,,,,,,,,,,,,,,,,,,,,,,,,,,,,,,,,,,,,,,,,,,,,,,,,,,,,,,,,,,,"R",,,,,,,,,,,,,,,,,,,,,,,,,,,,,,,,,,,,,,,,,,,,,,,,,,,,,,,,,,,,,,,,,,,,,,,,,,,,,,,,,,,,,,,,,,,,,,,,,,,,,,,,,,,,,,,,,,,,,,,,,,"Nick Fortes",21538,663743
"Taylor Trammell","HOU","Taylor Trammell","HOU",2026,28,71,174,195,38,24,6,1,7,22,20,19,1,62,2,0,0,1,1,3,0.218390804,41,56,13,7,748,278,470,3,2,1,0.097435897,0.317948717,0.306451612,0.302564102,0.385057471,0.687621573,0.166666667,0.295238095,0.732142857,0.118181818,0.372727272,0.509090909,0.125,0.125,0.073170731,0.5,0.3037339633273095,-1.9747157941651223,21.052259599130164,,,,,,,,3.589275497610167,93.70833262925001,,,,,,,,,,,,,,,,,,,,,,,,,,,,,,,,,,,,,,,,,,,,,,,,,,,,,,,,,,,,,,,,,,,,,,,,,,,,,,,,,,,,,,,,,,,,,,,,,,,,,,,,,,,,,,,,,,,,,,,,,,,,,,,,,,,,,,,,-1.2804248221218586,,"28 - 28",,,,0.46428571,0.32142857,0.21428571,0.17857143,0.4375,0.38392857,0.45128205,,,,,,,,,,,,,,,,,,,,,,,,,,,,,,,,,,,,,,,,,,,,,,,,,,,,,,,,,,,,,,,,,,,,,,,,,,,,,,,,,,,,,,,,,,,,,,,,,,,,,,,,,,,,,,,,,,,,,,,,,,,,,"L",,,,,,,,,,,,,,,,,,,,,,,,,,,,,,,,,,,,,,,,,,,,,,,,,,,,,,,,,,,,,,,,,,,,,,,,,,,,,,,,,,,,,,,,,,,,,,,,,,,,,,,,,,,,,,,,,,,,,,,,,,"Taylor Trammell",19960,666211
"Ryan McMahon","NYY","Ryan McMahon","NYY",2026,31,92,225,246,51,31,10,0,10,27,29,20,0,73,0,1,0,3,3,1,0.226666666,60,64,29,3,1011,365,646,1,0,0,0.081300813,0.296747967,0.273972602,0.288617886,0.404444444,0.69306233,0.177777778,0.286713286,0.9375,0.189542483,0.392156862,0.418300653,0.046875,0.15625,0.016666666,0,0.303667346394159,-2.504397848410903,26.545017263130845,,,,,,,,3.1956059516066433,93.06020299651908,,,,,,,,,,,,,,,,,,,,,,,,,,,,,,,,,,,,,,,,,,,,,,,,,,,,,,,,,,,,,,,,,,,,,,,,,,,,,,,,,,,,,,,,,,,,,,,,,,,,,,,,,,,,,,,,,,,,,,,,,,,,,,,,,,,,,,,,-0.09803987387567759,,"31 - 31",,,,0.43137255,0.32679739,0.24183007,0.11111111,0.54901961,0.33986928,0.41869919,,,,,,,,,,,,,,,,,,,,,,,,,,,,,,,,,,,,,,,,,,,,,,,,,,,,,,,,,,,,,,,,,,,,,,,,,,,,,,,,,,,,,,,,,,,,,,,,,,,,,,,,,,,,,,,,,,,,,,,,,,,,,"L",,,,,,,,,,,,,,,,,,,,,,,,,,,,,,,,,,,,,,,,,,,,,,,,,,,,,,,,,,,,,,,,,,,,,,,,,,,,,,,,,,,,,,,,,,,,,,,,,,,,,,,,,,,,,,,,,,,,,,,,,,"Ryan McMahon",15112,641857
"J.P. Crawford","SEA","J.P. Crawford","SEA",2026,31,87,236,271,49,30,10,0,9,30,22,33,0,61,2,0,0,4,1,0,0.207627118,76,65,33,12,1166,476,690,1,1,1,0.121771217,0.22509225,0.540983606,0.309963099,0.364406779,0.674369878,0.156779661,0.240963855,1.169230769,0.189655172,0.436781609,0.373563218,0.184615384,0.138461538,0.013157894,1,0.3036649535063008,-2.7594328651455045,29.24215857887,,,,,,,,2.45229816868857,99.79309230243906,,,,,,,,,,,,,,,,,,,,,,,,,,,,,,,,,,,,,,,,,,,,,,,,,,,,,,,,,,,,,,,,,,,,,,,,,,,,,,,,,,,,,,,,,,,,,,,,,,,,,,,,,,,,,,,,,,,,,,,,,,,,,,,,,,,,,,,,-0.1659647999331355,,"31 - 31",,,,0.36571429,0.36571429,0.26857143,0.13714286,0.50285714,0.36,0.3800738,,,,,,,,,,,,,,,,,,,,,,,,,,,,,,,,,,,,,,,,,,,,,,,,,,,,,,,,,,,,,,,,,,,,,,,,,,,,,,,,,,,,,,,,,,,,,,,,,,,,,,,,,,,,,,,,,,,,,,,,,,,,,"L",,,,,,,,,,,,,,,,,,,,,,,,,,,,,,,,,,,,,,,,,,,,,,,,,,,,,,,,,,,,,,,,,,,,,,,,,,,,,,,,,,,,,,,,,,,,,,,,,,,,,,,,,,,,,,,,,,,,,,,,,,"J.P. Crawford",15491,641487
"Austin Hedges","CLE","Austin Hedges","CLE",2026,33,50,101,110,26,20,3,0,3,10,9,7,0,27,1,1,0,2,1,1,0.257425742,33,26,16,3,430,153,277,1,0,0,0.063636363,0.245454545,0.259259259,0.309090909,0.376237623,0.685328532,0.118811881,0.319444444,1.269230769,0.213333333,0.44,0.346666666,0.115384615,0.115384615,0.03030303,0,0.3033055061643774,-1.1519562440091933,11.837619618875328,,,,,,,,2.1657591614888254,93.11283663018644,,,,,,,,,,,,,,,,,,,,,,,,,,,,,,,,,,,,,,,,,,,,,,,,,,,,,,,,,,,,,,,,,,,,,,,,,,,,,,,,,,,,,,,,,,,,,,,,,,,,,,,,,,,,,,,,,,,,,,,,,,,,,,,,,,,,,,,,-0.36854464188218117,,"33 - 33",,,,0.45333333,0.32,0.22666667,0.21333333,0.56,0.22666667,0.33636364,,,,,,,,,,,,,,,,,,,,,,,,,,,,,,,,,,,,,,,,,,,,,,,,,,,,,,,,,,,,,,,,,,,,,,,,,,,,,,,,,,,,,,,,,,,,,,,,,,,,,,,,,,,,,,,,,,,,,,,,,,,,,"R",,,,,,,,,,,,,,,,,,,,,,,,,,,,,,,,,,,,,,,,,,,,,,,,,,,,,,,,,,,,,,,,,,,,,,,,,,,,,,,,,,,,,,,,,,,,,,,,,,,,,,,,,,,,,,,,,,,,,,,,,,"Austin Hedges",12976,595978
"Trea Turner","PHI","Trea Turner","PHI",2026,33,121,375,399,94,64,15,1,14,58,40,19,0,96,2,3,0,5,8,2,0.250666666,126,106,49,13,1463,484,979,9,1,0,0.047619047,0.240601503,0.197916666,0.288220551,0.408,0.696220551,0.157333334,0.298507462,1.188679245,0.174377224,0.448398576,0.377224199,0.122641509,0.132075471,0.071428571,0,0.30315016923392923,-4.2284503841374805,42.88828388214365,,,,,,,,5.302537668148897,86.37222542269886,,,,,,,,,,,,,,,,,,,,,,,,,,,,,,,,,,,,,,,,,,,,,,,,,,,,,,,,,,,,,,,,,,,,,,,,,,,,,,,,,,,,,,,,,,,,,,,,,,,,,,,,,,,,,,,,,,,,,,,,,,,,,,,,,,,,,,,,0.2996341297402978,,"33 - 33",,,,0.34042553,0.35815603,0.30141844,0.16312057,0.5212766,0.31560284,0.32330827,,,,,,,,,,,,,,,,,,,,,,,,,,,,,,,,,,,,,,,,,,,,,,,,,,,,,,,,,,,,,,,,,,,,,,,,,,,,,,,,,,,,,,,,,,,,,,,,,,,,,,,,,,,,,,,,,,,,,,,,,,,,,"R",,,,,,,,,,,,,,,,,,,,,,,,,,,,,,,,,,,,,,,,,,,,,,,,,,,,,,,,,,,,,,,,,,,,,,,,,,,,,,,,,,,,,,,,,,,,,,,,,,,,,,,,,,,,,,,,,,,,,,,,,,"Trea Turner",16252,607208
"Dansby Swanson","CHC","Dansby Swanson","CHC",2026,32,112,285,327,58,34,11,1,12,54,47,39,0,67,2,1,0,4,15,1,0.203508771,94,88,37,12,1260,508,752,10,0,0,0.119266055,0.204892966,0.582089552,0.302752293,0.375438596,0.678190889,0.171929825,0.222222222,1.068181818,0.168949771,0.429223744,0.401826484,0.136363636,0.136363636,0.106382978,0,0.30292972475745994,-3.52356381005071,35.090902618706004,,,,,,,,7.0828292742674215,91.8066990311743,,,,,,,,,,,,,,,,,,,,,,,,,,,,,,,,,,,,,,,,,,,,,,,,,,,,,,,,,,,,,,,,,,,,,,,,,,,,,,,,,,,,,,,,,,,,,,,,,,,,,,,,,,,,,,,,,,,,,,,,,,,,,,,,,,,,,,,,2.1668346961960196,,"32 - 32",,,,0.50684932,0.30593607,0.18721461,0.11872146,0.48858447,0.39269406,0.36085627,,,,,,,,,,,,,,,,,,,,,,,,,,,,,,,,,,,,,,,,,,,,,,,,,,,,,,,,,,,,,,,,,,,,,,,,,,,,,,,,,,,,,,,,,,,,,,,,,,,,,,,,,,,,,,,,,,,,,,,,,,,,,"R",,,,,,,,,,,,,,,,,,,,,,,,,,,,,,,,,,,,,,,,,,,,,,,,,,,,,,,,,,,,,,,,,,,,,,,,,,,,,,,,,,,,,,,,,,,,,,,,,,,,,,,,,,,,,,,,,,,,,,,,,,"Dansby Swanson",18314,621020
"Ozzie Albies","ATL","Ozzie Albies","ATL",2026,29,120,313,358,72,50,10,0,12,52,36,33,0,64,5,7,0,1,3,2,0.230031948,82,127,47,15,1453,517,936,4,0,0,0.09217877,0.178770949,0.515625,0.307262569,0.376996805,0.684259374,0.146964857,0.245901639,0.645669291,0.18359375,0.3203125,0.49609375,0.118110236,0.094488188,0.048780487,0,0.3029098931970543,-3.8633283921358905,38.41183668888828,,,,,,,,3.54962482955494,89.69541319498401,,,,,,,,,,,,,,,,,,,,,,,,,,,,,,,,,,,,,,,,,,,,,,,,,,,,,,,,,,,,,,,,,,,,,,,,,,,,,,,,,,,,,,,,,,,,,,,,,,,,,,,,,,,,,,,,,,,,,,,,,,,,,,,,,,,,,,,,-0.7172565683722496,,"29 - 29",,,,0.48046875,0.296875,0.22265625,0.14453125,0.5625,0.29296875,0.30446927,,,,,,,,,,,,,,,,,,,,,,,,,,,,,,,,,,,,,,,,,,,,,,,,,,,,,,,,,,,,,,,,,,,,,,,,,,,,,,,,,,,,,,,,,,,,,,,,,,,,,,,,,,,,,,,,,,,,,,,,,,,,,"B",,,,,,,,,,,,,,,,,,,,,,,,,,,,,,,,,,,,,,,,,,,,,,,,,,,,,,,,,,,,,,,,,,,,,,,,,,,,,,,,,,,,,,,,,,,,,,,,,,,,,,,,,,,,,,,,,,,,,,,,,,"Ozzie Albies",16556,645277
"Alex Freeland","LAD","Alex Freeland","LAD",2026,24,71,165,191,41,32,6,0,3,22,16,20,0,53,1,2,3,4,2,0,0.248484848,51,38,23,3,767,296,471,1,5,1,0.104712041,0.27748691,0.37735849,0.329787234,0.339393939,0.669181173,0.090909091,0.342342342,1.342105263,0.205357142,0.455357142,0.339285714,0.078947368,0.078947368,0.019607843,0.2,0.30270475624723636,-2.0927636870466464,20.461863493052842,,,,,,,,3.6171131404901073,90.10906902658922,,,,,,,,,,,,,,,,,,,,,,,,,,,,,,,,,,,,,,,,,,,,,,,,,,,,,,,,,,,,,,,,,,,,,,,,,,,,,,,,,,,,,,,,,,,,,,,,,,,,,,,,,,,,,,,,,,,,,,,,,,,,,,,,,,,,,,,,0.10159793589264154,,"24 - 24",,,,0.34188034,0.36752137,0.29059829,0.11965812,0.51282051,0.36752137,0.39790576,,,,,,,,,,,,,,,,,,,,,,,,,,,,,,,,,,,,,,,,,,,,,,,,,,,,,,,,,,,,,,,,,,,,,,,,,,,,,,,,,,,,,,,,,,,,,,,,,,,,,,,,,,,,,,,,,,,,,,,,,,,,,"B",,,,,,,,,,,,,,,,,,,,,,,,,,,,,,,,,,,,,,,,,,,,,,,,,,,,,,,,,,,,,,,,,,,,,,,,,,,,,,,,,,,,,,,,,,,,,,,,,,,,,,,,,,,,,,,,,,,,,,,,,,"Alex Freeland",31665,690976
"Petey Halpin","CLE","Petey Halpin","CLE",2026,24,50,118,127,31,23,4,1,3,18,8,4,0,22,2,0,3,1,9,1,0.262711864,29,45,20,1,428,126,302,0,5,1,0.031496062,0.173228346,0.181818181,0.298387096,0.389830508,0.688217604,0.127118644,0.301075268,0.644444444,0.212765957,0.308510638,0.478723404,0.022222222,0.066666666,0,0.2,0.302648076607335,-1.3973294621191963,13.599726306847478,,,,,,,,8.174009134337135,92.65531172151537,,,,,,,,,,,,,,,,,,,,,,,,,,,,,,,,,,,,,,,,,,,,,,,,,,,,,,,,,,,,,,,,,,,,,,,,,,,,,,,,,,,,,,,,,,,,,,,,,,,,,,,,,,,,,,,,,,,,,,,,,,,,,,,,,,,,,,,,1.225825154222548,,"24 - 24",,,,0.34343434,0.4040404,0.25252525,0.11111111,0.56565657,0.32323232,0.22834646,,,,,,,,,,,,,,,,,,,,,,,,,,,,,,,,,,,,,,,,,,,,,,,,,,,,,,,,,,,,,,,,,,,,,,,,,,,,,,,,,,,,,,,,,,,,,,,,,,,,,,,,,,,,,,,,,,,,,,,,,,,,,"L",,,,,,,,,,,,,,,,,,,,,,,,,,,,,,,,,,,,,,,,,,,,,,,,,,,,,,,,,,,,,,,,,,,,,,,,,,,,,,,,,,,,,,,,,,,,,,,,,,,,,,,,,,,,,,,,,,,,,,,,,,"Petey Halpin",27931,690984
"Jonathan India","KCR","Jonathan India","KCR",2026,29,15,31,35,7,5,1,0,1,5,6,3,0,8,1,0,0,0,0,0,0.225806451,5,15,3,4,136,50,86,1,0,0,0.085714285,0.228571428,0.375,0.314285714,0.354838709,0.669124423,0.129032258,0.272727272,0.333333333,0.130434782,0.217391304,0.652173913,0.266666666,0.066666666,0.2,0,0.3025395393371582,-0.3881548084177848,3.744892057045472,,,,,,,,2.295634915,89.6794143731212,,,,,,,,,,,,,,,,,,,,,,,,,,,,,,,,,,,,,,,,,,,,,,,,,,,,,,,,,,,,,,,,,,,,,,,,,,,,,,,,,,,,,,,,,,,,,,,,,,,,,,,,,,,,,,,,,,,,,,,,,,,,,,,,,,,,,,,,-0.05067204963415861,,"29 - 29",,,,0.39130435,0.34782609,0.26086957,0.2173913,0.43478261,0.34782609,0.34285714,,,,,,,,,,,,,,,,,,,,,,,,,,,,,,,,,,,,,,,,,,,,,,,,,,,,,,,,,,,,,,,,,,,,,,,,,,,,,,,,,,,,,,,,,,,,,,,,,,,,,,,,,,,,,,,,,,,,,,,,,,,,,"R",,,,,,,,,,,,,,,,,,,,,,,,,,,,,,,,,,,,,,,,,,,,,,,,,,,,,,,,,,,,,,,,,,,,,,,,,,,,,,,,,,,,,,,,,,,,,,,,,,,,,,,,,,,,,,,,,,,,,,,,,,"Jonathan India",21523,663697
"Sal Frelick","MIL","Sal Frelick","MIL",2026,26,90,218,249,56,40,13,0,3,28,28,22,1,26,0,2,1,3,5,2,0.256880733,97,69,27,12,960,347,613,7,2,0,0.088353413,0.10441767,0.846153846,0.322314049,0.357798165,0.680112214,0.100917432,0.27748691,1.405797101,0.139896373,0.502590673,0.357512953,0.173913043,0.04347826,0.072164948,0,0.30221995179583916,-2.825629080283113,26.578047191155488,,,,,,,,3.810819987262772,90.40628840360728,,,,,,,,,,,,,,,,,,,,,,,,,,,,,,,,,,,,,,,,,,,,,,,,,,,,,,,,,,,,,,,,,,,,,,,,,,,,,,,,,,,,,,,,,,,,,,,,,,,,,,,,,,,,,,,,,,,,,,,,,,,,,,,,,,,,,,,,-0.1652404135093093,,"26 - 26",,,,0.41025641,0.33846154,0.25128205,0.18974359,0.56923077,0.24102564,0.20481928,,,,,,,,,,,,,,,,,,,,,,,,,,,,,,,,,,,,,,,,,,,,,,,,,,,,,,,,,,,,,,,,,,,,,,,,,,,,,,,,,,,,,,,,,,,,,,,,,,,,,,,,,,,,,,,,,,,,,,,,,,,,,"L",,,,,,,,,,,,,,,,,,,,,,,,,,,,,,,,,,,,,,,,,,,,,,,,,,,,,,,,,,,,,,,,,,,,,,,,,,,,,,,,,,,,,,,,,,,,,,,,,,,,,,,,,,,,,,,,,,,,,,,,,,"Sal Frelick",29622,686217
"Kyle Teel","CHW","Kyle Teel","CHW",2026,24,18,46,53,9,5,2,0,2,7,12,6,0,21,1,0,0,1,0,0,0.195652173,6,10,9,0,223,81,142,1,0,0,0.113207547,0.396226415,0.285714285,0.301886792,0.369565217,0.671452009,0.173913044,0.304347826,0.6,0.36,0.24,0.4,0,0.2,0.166666666,0,0.30183742181310114,-0.6177916472321555,5.640822177612204,,,,,,,,1.92170329,91.90881376165714,,,,,,,,,,,,,,,,,,,,,,,,,,,,,,,,,,,,,,,,,,,,,,,,,,,,,,,,,,,,,,,,,,,,,,,,,,,,,,,,,,,,,,,,,,,,,,,,,,,,,,,,,,,,,,,,,,,,,,,,,,,,,,,,,,,,,,,,-0.06756273284554482,,"24 - 24",,,,0.32,0.4,0.28,0.24,0.24,0.52,0.54716981,,,,,,,,,,,,,,,,,,,,,,,,,,,,,,,,,,,,,,,,,,,,,,,,,,,,,,,,,,,,,,,,,,,,,,,,,,,,,,,,,,,,,,,,,,,,,,,,,,,,,,,,,,,,,,,,,,,,,,,,,,,,,"L",,,,,,,,,,,,,,,,,,,,,,,,,,,,,,,,,,,,,,,,,,,,,,,,,,,,,,,,,,,,,,,,,,,,,,,,,,,,,,,,,,,,,,,,,,,,,,,,,,,,,,,,,,,,,,,,,,,,,,,,,,"Kyle Teel",33549,691019
"Josh Smith","- - -","Josh Smith","- - -",2026,28,56,138,158,33,26,3,1,3,15,10,18,1,28,1,1,0,2,3,1,0.239130434,41,50,19,6,616,217,399,3,1,1,0.11392405,0.177215189,0.642857142,0.329113924,0.34057971,0.669693634,0.101449276,0.277777777,0.82,0.172727272,0.372727272,0.454545454,0.12,0.06,0.073170731,1,0.3011656608551171,-1.94468534612944,16.71306907510469,,,,,,,,4.5073382051538236,93.02054896105574,,,,,,,,,,,,,,,,,,,,,,,,,,,,,,,,,,,,,,,,,,,,,,,,,,,,,,,,,,,,,,,,,,,,,,,,,,,,,,,,,,,,,,,,,,,,,,,,,,,,,,,,,,,,,,,,,,,,,,,,,,,,,,,,,,,,,,,,-0.058628279715776443,,"28 - 28",,,,0.37837838,0.30630631,0.31531532,0.20720721,0.53153153,0.26126126,0.31012658,,,,,,,,,,,,,,,,,,,,,,,,,,,,,,,,,,,,,,,,,,,,,,,,,,,,,,,,,,,,,,,,,,,,,,,,,,,,,,,,,,,,,,,,,,,,,,,,,,,,,,,,,,,,,,,,,,,,,,,,,,,,,"L",,,,,,,,,,,,,,,,,,,,,,,,,,,,,,,,,,,,,,,,,,,,,,,,,,,,,,,,,,,,,,,,,,,,,,,,,,,,,,,,,,,,,,,,,,,,,,,,,,,,,,,,,,,,,,,,,,,,,,,,,,"Josh Smith",26396,669701
"Braxton Fulford","COL","Braxton Fulford","COL",2026,27,17,17,22,3,2,0,0,1,7,3,4,0,6,0,1,0,0,2,0,0.176470588,3,8,1,0,80,29,51,0,0,0,0.181818181,0.272727272,0.666666666,0.318181818,0.352941176,0.671122994,0.176470588,0.181818181,0.375,0.083333333,0.25,0.666666666,0,0.125,0,0,0.30113201249729504,-0.26895902075254835,2.328956151824356,,,,,,,,7.0619652460748235,75.8055349343177,,,,,,,,,,,,,,,,,,,,,,,,,,,,,,,,,,,,,,,,,,,,,,,,,,,,,,,,,,,,,,,,,,,,,,,,,,,,,,,,,,,,,,,,,,,,,,,,,,,,,,,,,,,,,,,,,,,,,,,,,,,,,,,,,,,,,,,,0.36621863953769207,,"27 - 27",,,,0.33333333,0.16666667,0.5,0.33333333,0.41666667,0.25,0.5,,,,,,,,,,,,,,,,,,,,,,,,,,,,,,,,,,,,,,,,,,,,,,,,,,,,,,,,,,,,,,,,,,,,,,,,,,,,,,,,,,,,,,,,,,,,,,,,,,,,,,,,,,,,,,,,,,,,,,,,,,,,,"R",,,,,,,,,,,,,,,,,,,,,,,,,,,,,,,,,,,,,,,,,,,,,,,,,,,,,,,,,,,,,,,,,,,,,,,,,,,,,,,,,,,,,,,,,,,,,,,,,,,,,,,,,,,,,,,,,,,,,,,,,,"Braxton Fulford",29704,690924
"Josh Naylor","SEA","Josh Naylor","SEA",2026,29,115,335,371,86,68,11,0,7,32,34,32,3,42,2,1,0,12,16,6,0.256716417,130,100,63,17,1196,420,776,5,1,1,0.086253369,0.113207547,0.761904761,0.324324324,0.352238805,0.676563129,0.095522388,0.275261324,1.3,0.215017064,0.443686006,0.341296928,0.17,0.07,0.038461538,1,0.30105960564002676,-4.557294038612587,39.25300273529793,,,,,,,,3.8486398446135857,97.97995273211622,,,,,,,,,,,,,,,,,,,,,,,,,,,,,,,,,,,,,,,,,,,,,,,,,,,,,,,,,,,,,,,,,,,,,,,,,,,,,,,,,,,,,,,,,,,,,,,,,,,,,,,,,,,,,,,,,,,,,,,,,,,,,,,,,,,,,,,,0.17721789237111807,,"29 - 29",,,,0.41156463,0.34693878,0.2414966,0.17346939,0.44217687,0.38435374,0.21832884,,,,,,,,,,,,,,,,,,,,,,,,,,,,,,,,,,,,,,,,,,,,,,,,,,,,,,,,,,,,,,,,,,,,,,,,,,,,,,,,,,,,,,,,,,,,,,,,,,,,,,,,,,,,,,,,,,,,,,,,,,,,,"L",,,,,,,,,,,,,,,,,,,,,,,,,,,,,,,,,,,,,,,,,,,,,,,,,,,,,,,,,,,,,,,,,,,,,,,,,,,,,,,,,,,,,,,,,,,,,,,,,,,,,,,,,,,,,,,,,,,,,,,,,,"Josh Naylor",18839,647304
"Jorge Soler","LAA","Jorge Soler","LAA",2026,34,84,234,266,47,25,11,1,10,27,39,26,0,88,5,1,0,8,0,0,0.2008547,63,58,26,6,1090,415,675,1,0,0,0.09774436,0.330827067,0.295454545,0.293233082,0.384615384,0.677848466,0.183760684,0.270072992,1.086206896,0.176870748,0.428571428,0.394557823,0.103448275,0.172413793,0.015873015,0,0.3009538323359382,-3.290187324169953,28.1209688533508,,,,,,,,2.20436507125,91.84083731775647,,,,,,,,,,,,,,,,,,,,,,,,,,,,,,,,,,,,,,,,,,,,,,,,,,,,,,,,,,,,,,,,,,,,,,,,,,,,,,,,,,,,,,,,,,,,,,,,,,,,,,,,,,,,,,,,,,,,,,,,,,,,,,,,,,,,,,,,-0.31529275327920914,,"34 - 34",,,,0.53741497,0.28571429,0.17687075,0.19047619,0.50340136,0.30612245,0.46616541,,,,,,,,,,,,,,,,,,,,,,,,,,,,,,,,,,,,,,,,,,,,,,,,,,,,,,,,,,,,,,,,,,,,,,,,,,,,,,,,,,,,,,,,,,,,,,,,,,,,,,,,,,,,,,,,,,,,,,,,,,,,,"R",,,,,,,,,,,,,,,,,,,,,,,,,,,,,,,,,,,,,,,,,,,,,,,,,,,,,,,,,,,,,,,,,,,,,,,,,,,,,,,,,,,,,,,,,,,,,,,,,,,,,,,,,,,,,,,,,,,,,,,,,,"Jorge Soler",14221,624585
"Connor Wong","BOS","Connor Wong","BOS",2026,30,57,130,150,31,20,10,0,1,10,11,12,0,42,5,1,2,4,3,1,0.238461538,44,25,19,2,589,199,390,4,3,0,0.08,0.28,0.285714285,0.324324324,0.338461538,0.662785862,0.1,0.34090909,1.76,0.21590909,0.5,0.284090909,0.08,0.04,0.09090909,0,0.3006875591503607,-1.8875840920962315,15.825473902746296,,,,,,,,3.2378459584076547,88.09106038652182,,,,,,,,,,,,,,,,,,,,,,,,,,,,,,,,,,,,,,,,,,,,,,,,,,,,,,,,,,,,,,,,,,,,,,,,,,,,,,,,,,,,,,,,,,,,,,,,,,,,,,,,,,,,,,,,,,,,,,,,,,,,,,,,,,,,,,,,-0.0192166855558753,,"30 - 30",,,,0.51648352,0.25274725,0.23076923,0.17582418,0.51648352,0.30769231,0.36666667,,,,,,,,,,,,,,,,,,,,,,,,,,,,,,,,,,,,,,,,,,,,,,,,,,,,,,,,,,,,,,,,,,,,,,,,,,,,,,,,,,,,,,,,,,,,,,,,,,,,,,,,,,,,,,,,,,,,,,,,,,,,,"R",,,,,,,,,,,,,,,,,,,,,,,,,,,,,,,,,,,,,,,,,,,,,,,,,,,,,,,,,,,,,,,,,,,,,,,,,,,,,,,,,,,,,,,,,,,,,,,,,,,,,,,,,,,,,,,,,,,,,,,,,,"Connor Wong",19896,657136
"Everson Pereira","- - -","Everson Pereira","- - -",2026,25,27,61,67,13,6,4,0,3,8,8,2,0,20,3,1,0,3,0,0,0.213114754,21,14,7,2,231,73,158,0,0,0,0.029850746,0.298507462,0.1,0.268656716,0.426229508,0.694886224,0.213114754,0.256410256,1.5,0.166666666,0.5,0.333333333,0.142857142,0.214285714,0,0,0.3004461678106393,-0.8561657711647723,7.055666799864891,,,,,,,,2.1220238025,90.56752121657793,,,,,,,,,,,,,,,,,,,,,,,,,,,,,,,,,,,,,,,,,,,,,,,,,,,,,,,,,,,,,,,,,,,,,,,,,,,,,,,,,,,,,,,,,,,,,,,,,,,,,,,,,,,,,,,,,,,,,,,,,,,,,,,,,,,,,,,,-0.06193250510841608,,"25 - 25",,,,0.38095238,0.47619048,0.14285714,0.16666667,0.54761905,0.28571429,0.37313433,,,,,,,,,,,,,,,,,,,,,,,,,,,,,,,,,,,,,,,,,,,,,,,,,,,,,,,,,,,,,,,,,,,,,,,,,,,,,,,,,,,,,,,,,,,,,,,,,,,,,,,,,,,,,,,,,,,,,,,,,,,,,"R",,,,,,,,,,,,,,,,,,,,,,,,,,,,,,,,,,,,,,,,,,,,,,,,,,,,,,,,,,,,,,,,,,,,,,,,,,,,,,,,,,,,,,,,,,,,,,,,,,,,,,,,,,,,,,,,,,,,,,,,,,"Everson Pereira",23695,677592
"Brett Sullivan","COL","Brett Sullivan","COL",2026,32,60,140,151,31,16,7,1,7,18,19,9,0,29,0,2,0,3,1,1,0.221428571,35,55,22,4,534,180,354,3,1,0,0.059602649,0.19205298,0.310344827,0.264900662,0.435714285,0.700614947,0.214285714,0.226415094,0.636363636,0.196428571,0.3125,0.491071428,0.072727272,0.127272727,0.085714285,0,0.30015592306654976,-1.9649172577786824,15.866227790362798,,,,,,,,4.051228454681997,75.1506977711593,,,,,,,,,,,,,,,,,,,,,,,,,,,,,,,,,,,,,,,,,,,,,,,,,,,,,,,,,,,,,,,,,,,,,,,,,,,,,,,,,,,,,,,,,,,,,,,,,,,,,,,,,,,,,,,,,,,,,,,,,,,,,,,,,,,,,,,,-0.35165395867079496,,"32 - 32",,,,0.55752212,0.27433628,0.16814159,0.13274336,0.48672566,0.38053097,0.29801325,,,,,,,,,,,,,,,,,,,,,,,,,,,,,,,,,,,,,,,,,,,,,,,,,,,,,,,,,,,,,,,,,,,,,,,,,,,,,,,,,,,,,,,,,,,,,,,,,,,,,,,,,,,,,,,,,,,,,,,,,,,,,"L",,,,,,,,,,,,,,,,,,,,,,,,,,,,,,,,,,,,,,,,,,,,,,,,,,,,,,,,,,,,,,,,,,,,,,,,,,,,,,,,,,,,,,,,,,,,,,,,,,,,,,,,,,,,,,,,,,,,,,,,,,"Brett Sullivan",18217,664954
"Evan Carter","TEX","Evan Carter","TEX",2026,23,113,276,322,57,34,13,2,8,37,33,38,0,71,4,1,3,1,13,2,0.206521739,70,102,30,10,1336,520,816,3,7,2,0.118012422,0.220496894,0.535211267,0.310344827,0.355072463,0.66541729,0.148550724,0.247474747,0.686274509,0.148514851,0.346534653,0.504950495,0.098039215,0.078431372,0.042857142,0.285714285,0.30009826709484233,-4.205062657978291,33.818968504283674,,,,,,,,6.2330752375351555,92.58497666968574,,,,,,,,,,,,,,,,,,,,,,,,,,,,,,,,,,,,,,,,,,,,,,,,,,,,,,,,,,,,,,,,,,,,,,,,,,,,,,,,,,,,,,,,,,,,,,,,,,,,,,,,,,,,,,,,,,,,,,,,,,,,,,,,,,,,,,,,1.3503061942756176,,"23 - 23",,,,0.38755981,0.3923445,0.22009569,0.16746411,0.47368421,0.35885167,0.36335404,,,,,,,,,,,,,,,,,,,,,,,,,,,,,,,,,,,,,,,,,,,,,,,,,,,,,,,,,,,,,,,,,,,,,,,,,,,,,,,,,,,,,,,,,,,,,,,,,,,,,,,,,,,,,,,,,,,,,,,,,,,,,"L",,,,,,,,,,,,,,,,,,,,,,,,,,,,,,,,,,,,,,,,,,,,,,,,,,,,,,,,,,,,,,,,,,,,,,,,,,,,,,,,,,,,,,,,,,,,,,,,,,,,,,,,,,,,,,,,,,,,,,,,,,"Evan Carter",27790,694497
"Jakob Marsee","MIA","Jakob Marsee","MIA",2026,25,127,347,403,77,54,14,2,7,49,26,50,1,80,3,0,3,3,14,9,0.221902017,86,118,58,16,1564,624,940,2,8,4,0.124069478,0.198511166,0.625,0.325,0.334293948,0.659293948,0.112391931,0.269230769,0.728813559,0.221374045,0.328244274,0.450381679,0.13559322,0.059322033,0.023255813,0.5,0.2999915214708276,-5.297555457439649,42.29152702203728,,,,,,,,5.132655911887674,86.72686419168383,,,,,,,,,,,,,,,,,,,,,,,,,,,,,,,,,,,,,,,,,,,,,,,,,,,,,,,,,,,,,,,,,,,,,,,,,,,,,,,,,,,,,,,,,,,,,,,,,,,,,,,,,,,,,,,,,,,,,,,,,,,,,,,,,,,,,,,,-1.494888512417674,,"25 - 25",,,,0.42962963,0.2962963,0.27407407,0.17407407,0.54444444,0.28148148,0.33995037,,,,,,,,,,,,,,,,,,,,,,,,,,,,,,,,,,,,,,,,,,,,,,,,,,,,,,,,,,,,,,,,,,,,,,,,,,,,,,,,,,,,,,,,,,,,,,,,,,,,,,,,,,,,,,,,,,,,,,,,,,,,,"L",,,,,,,,,,,,,,,,,,,,,,,,,,,,,,,,,,,,,,,,,,,,,,,,,,,,,,,,,,,,,,,,,,,,,,,,,,,,,,,,,,,,,,,,,,,,,,,,,,,,,,,,,,,,,,,,,,,,,,,,,,"Jakob Marsee",31370,805300
"José Caballero","NYY","José Caballero","NYY",2026,29,108,241,269,57,40,8,0,9,27,35,16,0,54,6,3,3,6,21,7,0.236514522,82,66,33,11,1059,358,701,5,12,3,0.059479553,0.200743494,0.296296296,0.296992481,0.381742738,0.678735219,0.145228216,0.26519337,1.242424242,0.182320441,0.453038674,0.364640883,0.166666666,0.136363636,0.060975609,0.25,0.2997000759705565,-3.5993197642550183,28.166097573162585,,,,,,,,5.220833695847735,90.29926074987304,,,,,,,,,,,,,,,,,,,,,,,,,,,,,,,,,,,,,,,,,,,,,,,,,,,,,,,,,,,,,,,,,,,,,,,,,,,,,,,,,,,,,,,,,,,,,,,,,,,,,,,,,,,,,,,,,,,,,,,,,,,,,,,,,,,,,,,,0.9746380653232336,,"29 - 29",,,,0.46632124,0.32642487,0.20725389,0.20725389,0.52331606,0.26943005,0.2936803,,,,,,,,,,,,,,,,,,,,,,,,,,,,,,,,,,,,,,,,,,,,,,,,,,,,,,,,,,,,,,,,,,,,,,,,,,,,,,,,,,,,,,,,,,,,,,,,,,,,,,,,,,,,,,,,,,,,,,,,,,,,,"R",,,,,,,,,,,,,,,,,,,,,,,,,,,,,,,,,,,,,,,,,,,,,,,,,,,,,,,,,,,,,,,,,,,,,,,,,,,,,,,,,,,,,,,,,,,,,,,,,,,,,,,,,,,,,,,,,,,,,,,,,,"Jose Caballero",23401,676609
"Angel Genao","CLE","Angel Genao","CLE",2026,22,21,55,59,15,13,1,0,1,6,2,4,0,8,0,0,0,0,1,0,0.272727272,31,11,5,0,224,83,141,2,0,0,0.06779661,0.13559322,0.5,0.322033898,0.345454545,0.667488443,0.072727273,0.304347826,2.818181818,0.106382978,0.659574468,0.234042553,0,0.09090909,0.064516129,0,0.2996604897208133,-0.7913257033706594,6.175810441267402,,,,,,,,3.8124529055916705,90.57616057480999,,,,,,,,,,,,,,,,,,,,,,,,,,,,,,,,,,,,,,,,,,,,,,,,,,,,,,,,,,,,,,,,,,,,,,,,,,,,,,,,,,,,,,,,,,,,,,,,,,,,,,,,,,,,,,,,,,,,,,,,,,,,,,,,,,,,,,,,0.10428613144904375,,"22 - 22",,,,0.42553191,0.42553191,0.14893617,0.08510638,0.5106383,0.40425532,0.22033898,,,,,,,,,,,,,,,,,,,,,,,,,,,,,,,,,,,,,,,,,,,,,,,,,,,,,,,,,,,,,,,,,,,,,,,,,,,,,,,,,,,,,,,,,,,,,,,,,,,,,,,,,,,,,,,,,,,,,,,,,,,,,"B",,,,,,,,,,,,,,,,,,,,,,,,,,,,,,,,,,,,,,,,,,,,,,,,,,,,,,,,,,,,,,,,,,,,,,,,,,,,,,,,,,,,,,,,,,,,,,,,,,,,,,,,,,,,,,,,,,,,,,,,,,"Angel Genao",28811,694197
"Bo Bichette","NYM","Bo Bichette","NYM",2026,28,131,393,425,103,79,13,2,9,45,45,25,0,79,2,5,0,11,1,0,0.262086513,161,98,60,5,1571,480,1091,12,0,0,0.058823529,0.185882352,0.316455696,0.305882352,0.374045801,0.679928153,0.111959288,0.303225806,1.642857142,0.188087774,0.504702194,0.307210031,0.051020408,0.091836734,0.074534161,0,0.299557067786946,-5.735679878095976,44.451317773957854,,,,,,,,3.2383412955340987,89.19077107977444,,,,,,,,,,,,,,,,,,,,,,,,,,,,,,,,,,,,,,,,,,,,,,,,,,,,,,,,,,,,,,,,,,,,,,,,,,,,,,,,,,,,,,,,,,,,,,,,,,,,,,,,,,,,,,,,,,,,,,,,,,,,,,,,,,,,,,,,-0.3968041371554136,,"28 - 28",,,,0.25705329,0.36050157,0.38244514,0.13479624,0.53291536,0.3322884,0.26588235,,,,,,,,,,,,,,,,,,,,,,,,,,,,,,,,,,,,,,,,,,,,,,,,,,,,,,,,,,,,,,,,,,,,,,,,,,,,,,,,,,,,,,,,,,,,,,,,,,,,,,,,,,,,,,,,,,,,,,,,,,,,,"R",,,,,,,,,,,,,,,,,,,,,,,,,,,,,,,,,,,,,,,,,,,,,,,,,,,,,,,,,,,,,,,,,,,,,,,,,,,,,,,,,,,,,,,,,,,,,,,,,,,,,,,,,,,,,,,,,,,,,,,,,,"Bo Bichette",19612,666182
"Kyle Tucker","LAD","Kyle Tucker","LAD",2026,29,123,320,371,70,49,12,0,9,50,41,47,1,67,2,2,0,4,9,0,0.21875,96,112,47,9,1492,581,911,4,0,0,0.126684636,0.180592991,0.701492537,0.320754716,0.340625,0.661379716,0.121875,0.247967479,0.857142857,0.184313725,0.376470588,0.439215686,0.080357142,0.080357142,0.041666666,0,0.29948028922080994,-5.0298862399622015,38.78041053394832,,,,,,,,4.913359445208769,87.94584425048374,,,,,,,,,,,,,,,,,,,,,,,,,,,,,,,,,,,,,,,,,,,,,,,,,,,,,,,,,,,,,,,,,,,,,,,,,,,,,,,,,,,,,,,,,,,,,,,,,,,,,,,,,,,,,,,,,,,,,,,,,,,,,,,,,,,,,,,,1.253867936320603,,"29 - 29",,,,0.4,0.36470588,0.23529412,0.14901961,0.5372549,0.31372549,0.33153639,,,,,,,,,,,,,,,,,,,,,,,,,,,,,,,,,,,,,,,,,,,,,,,,,,,,,,,,,,,,,,,,,,,,,,,,,,,,,,,,,,,,,,,,,,,,,,,,,,,,,,,,,,,,,,,,,,,,,,,,,,,,,"L",,,,,,,,,,,,,,,,,,,,,,,,,,,,,,,,,,,,,,,,,,,,,,,,,,,,,,,,,,,,,,,,,,,,,,,,,,,,,,,,,,,,,,,,,,,,,,,,,,,,,,,,,,,,,,,,,,,,,,,,,,"Kyle Tucker",18345,663656
"Sean Murphy","ATL","Sean Murphy","ATL",2026,31,16,40,42,10,6,3,0,1,4,2,2,0,17,0,0,0,1,0,0,0.25,13,5,5,0,151,48,103,2,0,0,0.047619047,0.404761904,0.117647058,0.285714285,0.4,0.685714285,0.15,0.409090909,2.6,0.217391304,0.565217391,0.217391304,0,0.2,0.153846153,0,0.29943759952272686,-0.5708672421685775,4.388788996387331,,,,,,,,1.22240259,87.36592691255053,,,,,,,,,,,,,,,,,,,,,,,,,,,,,,,,,,,,,,,,,,,,,,,,,,,,,,,,,,,,,,,,,,,,,,,,,,,,,,,,,,,,,,,,,,,,,,,,,,,,,,,,,,,,,,,,,,,,,,,,,,,,,,,,,,,,,,,,-0.04504182189702988,,"31 - 31",,,,0.52173913,0.34782609,0.13043478,0.2173913,0.47826087,0.30434783,0.47619048,,,,,,,,,,,,,,,,,,,,,,,,,,,,,,,,,,,,,,,,,,,,,,,,,,,,,,,,,,,,,,,,,,,,,,,,,,,,,,,,,,,,,,,,,,,,,,,,,,,,,,,,,,,,,,,,,,,,,,,,,,,,,"R",,,,,,,,,,,,,,,,,,,,,,,,,,,,,,,,,,,,,,,,,,,,,,,,,,,,,,,,,,,,,,,,,,,,,,,,,,,,,,,,,,,,,,,,,,,,,,,,,,,,,,,,,,,,,,,,,,,,,,,,,,"Sean Murphy",19352,669221
"Ben Williamson","TBR","Ben Williamson","TBR",2026,25,69,134,150,34,29,3,0,2,18,11,15,0,28,1,0,0,2,4,1,0.253731343,62,21,21,0,565,199,366,5,2,1,0.1,0.186666666,0.535714285,0.333333333,0.320895522,0.654228855,0.067164179,0.307692307,2.952380952,0.201923076,0.596153846,0.201923076,0,0.095238095,0.080645161,0.5,0.29939085642496743,-2.0444668347962236,15.668591160046306,,,,,,,,4.225106409724738,89.2376201522933,,,,,,,,,,,,,,,,,,,,,,,,,,,,,,,,,,,,,,,,,,,,,,,,,,,,,,,,,,,,,,,,,,,,,,,,,,,,,,,,,,,,,,,,,,,,,,,,,,,,,,,,,,,,,,,,,,,,,,,,,,,,,,,,,,,,,,,,0.13574149552732706,,"25 - 25",,,,0.30188679,0.36792453,0.33018868,0.16981132,0.54716981,0.28301887,0.3,,,,,,,,,,,,,,,,,,,,,,,,,,,,,,,,,,,,,,,,,,,,,,,,,,,,,,,,,,,,,,,,,,,,,,,,,,,,,,,,,,,,,,,,,,,,,,,,,,,,,,,,,,,,,,,,,,,,,,,,,,,,,"R",,,,,,,,,,,,,,,,,,,,,,,,,,,,,,,,,,,,,,,,,,,,,,,,,,,,,,,,,,,,,,,,,,,,,,,,,,,,,,,,,,,,,,,,,,,,,,,,,,,,,,,,,,,,,,,,,,,,,,,,,,"Ben Williamson",33197,810938
"Myles Straw","TOR","Myles Straw","TOR",2026,31,74,110,123,27,18,7,1,1,26,7,10,0,10,1,0,2,1,4,1,0.245454545,47,34,19,6,423,155,268,5,2,0,0.081300813,0.081300813,1,0.314049586,0.354545454,0.66859504,0.109090909,0.262626262,1.382352941,0.19,0.47,0.34,0.176470588,0.029411764,0.106382978,0,0.2993311207156536,-1.6823890908121137,12.84231846495876,,,,,,,,6.845062609744781,90.75996346615482,,,,,,,,,,,,,,,,,,,,,,,,,,,,,,,,,,,,,,,,,,,,,,,,,,,,,,,,,,,,,,,,,,,,,,,,,,,,,,,,,,,,,,,,,,,,,,,,,,,,,,,,,,,,,,,,,,,,,,,,,,,,,,,,,,,,,,,,0.22582513932138681,,"31 - 31",,,,0.43137255,0.3627451,0.20588235,0.15686275,0.49019608,0.35294118,0.17073171,,,,,,,,,,,,,,,,,,,,,,,,,,,,,,,,,,,,,,,,,,,,,,,,,,,,,,,,,,,,,,,,,,,,,,,,,,,,,,,,,,,,,,,,,,,,,,,,,,,,,,,,,,,,,,,,,,,,,,,,,,,,,"R",,,,,,,,,,,,,,,,,,,,,,,,,,,,,,,,,,,,,,,,,,,,,,,,,,,,,,,,,,,,,,,,,,,,,,,,,,,,,,,,,,,,,,,,,,,,,,,,,,,,,,,,,,,,,,,,,,,,,,,,,,"Myles Straw",17620,664702
"Ryan Waldschmidt","ARI","Ryan Waldschmidt","ARI",2026,23,66,162,181,41,29,8,1,3,17,17,10,0,58,4,3,1,3,2,2,0.253086419,33,39,34,2,691,246,445,1,2,0,0.055248618,0.320441988,0.172413793,0.307262569,0.37037037,0.677632939,0.117283951,0.365384615,0.846153846,0.320754716,0.311320754,0.367924528,0.051282051,0.076923076,0.03030303,0,0.29924826881739014,-2.487806295485971,18.885950351624015,,,,,,,,3.9682913137916556,86.72677236176523,,,,,,,,,,,,,,,,,,,,,,,,,,,,,,,,,,,,,,,,,,,,,,,,,,,,,,,,,,,,,,,,,,,,,,,,,,,,,,,,,,,,,,,,,,,,,,,,,,,,,,,,,,,,,,,,,,,,,,,,,,,,,,,,,,,,,,,,-0.6638963231816888,,"23 - 23",,,,0.40740741,0.41666667,0.17592593,0.10185185,0.58333333,0.31481481,0.39226519,,,,,,,,,,,,,,,,,,,,,,,,,,,,,,,,,,,,,,,,,,,,,,,,,,,,,,,,,,,,,,,,,,,,,,,,,,,,,,,,,,,,,,,,,,,,,,,,,,,,,,,,,,,,,,,,,,,,,,,,,,,,,"R",,,,,,,,,,,,,,,,,,,,,,,,,,,,,,,,,,,,,,,,,,,,,,,,,,,,,,,,,,,,,,,,,,,,,,,,,,,,,,,,,,,,,,,,,,,,,,,,,,,,,,,,,,,,,,,,,,,,,,,,,,"Ryan Waldschmidt",35061,814439
"Nick Loftin","KCR","Nick Loftin","KCR",2026,27,82,180,207,38,19,14,0,5,19,27,20,0,34,3,1,3,3,1,0,0.211111111,57,71,17,3,766,289,477,3,5,0,0.096618357,0.164251207,0.588235294,0.299019607,0.372222222,0.671241829,0.161111111,0.232394366,0.802816901,0.117241379,0.393103448,0.489655172,0.042253521,0.070422535,0.052631578,0,0.29899496424431893,-2.887462603571758,21.55655742931093,,,,,,,,2.5773318463842836,87.21263846039106,,,,,,,,,,,,,,,,,,,,,,,,,,,,,,,,,,,,,,,,,,,,,,,,,,,,,,,,,,,,,,,,,,,,,,,,,,,,,,,,,,,,,,,,,,,,,,,,,,,,,,,,,,,,,,,,,,,,,,,,,,,,,,,,,,,,,,,,-0.036469561979174614,,"27 - 27",,,,0.46,0.34,0.2,0.09333333,0.57333333,0.33333333,0.28502415,,,,,,,,,,,,,,,,,,,,,,,,,,,,,,,,,,,,,,,,,,,,,,,,,,,,,,,,,,,,,,,,,,,,,,,,,,,,,,,,,,,,,,,,,,,,,,,,,,,,,,,,,,,,,,,,,,,,,,,,,,,,,"R",,,,,,,,,,,,,,,,,,,,,,,,,,,,,,,,,,,,,,,,,,,,,,,,,,,,,,,,,,,,,,,,,,,,,,,,,,,,,,,,,,,,,,,,,,,,,,,,,,,,,,,,,,,,,,,,,,,,,,,,,,"Nick Loftin",27630,679845
"José Tena","WSN","José Tena","WSN",2026,25,102,226,251,50,31,11,1,7,29,20,23,0,75,2,0,0,6,4,2,0.221238938,75,48,28,4,1027,375,652,1,0,0,0.091633466,0.29880478,0.306666666,0.29880478,0.371681415,0.670486195,0.150442477,0.298611111,1.5625,0.185430463,0.496688741,0.317880794,0.083333333,0.145833333,0.013333333,0,0.2986361531622381,-3.5738639789014055,26.065986399135095,,,,,,,,4.5916879980994105,84.94794056973466,,,,,,,,,,,,,,,,,,,,,,,,,,,,,,,,,,,,,,,,,,,,,,,,,,,,,,,,,,,,,,,,,,,,,,,,,,,,,,,,,,,,,,,,,,,,,,,,,,,,,,,,,,,,,,,,,,,,,,,,,,,,,,,,,,,,,,,,-0.33708927780389786,,"25 - 25",,,,0.33112583,0.42384106,0.24503311,0.13245033,0.52317881,0.34437086,0.41832669,,,,,,,,,,,,,,,,,,,,,,,,,,,,,,,,,,,,,,,,,,,,,,,,,,,,,,,,,,,,,,,,,,,,,,,,,,,,,,,,,,,,,,,,,,,,,,,,,,,,,,,,,,,,,,,,,,,,,,,,,,,,,"L",,,,,,,,,,,,,,,,,,,,,,,,,,,,,,,,,,,,,,,,,,,,,,,,,,,,,,,,,,,,,,,,,,,,,,,,,,,,,,,,,,,,,,,,,,,,,,,,,,,,,,,,,,,,,,,,,,,,,,,,,,"Jose Tena",23691,677588
"Sebastián Rivero","LAA","Sebastián Rivero","LAA",2026,27,17,41,43,12,10,2,0,0,4,8,2,0,10,0,0,0,1,0,0,0.292682926,10,11,10,1,173,49,124,0,0,0,0.046511627,0.232558139,0.2,0.325581395,0.341463414,0.667044809,0.048780488,0.387096774,0.909090909,0.322580645,0.322580645,0.354838709,0.09090909,0,0,0,0.2982136399246926,-0.6269094497444445,4.450833842110414,,,,,,,,1.30357142125,89.93385539206332,,,,,,,,,,,,,,,,,,,,,,,,,,,,,,,,,,,,,,,,,,,,,,,,,,,,,,,,,,,,,,,,,,,,,,,,,,,,,,,,,,,,,,,,,,,,,,,,,,,,,,,,,,,,,,,,,,,,,,,,,,,,,,,,,,,,,,,,-0.06756273284554482,,"27 - 27",,,,0.32258065,0.4516129,0.22580645,0.32258065,0.48387097,0.19354839,0.27906977,,,,,,,,,,,,,,,,,,,,,,,,,,,,,,,,,,,,,,,,,,,,,,,,,,,,,,,,,,,,,,,,,,,,,,,,,,,,,,,,,,,,,,,,,,,,,,,,,,,,,,,,,,,,,,,,,,,,,,,,,,,,,"R",,,,,,,,,,,,,,,,,,,,,,,,,,,,,,,,,,,,,,,,,,,,,,,,,,,,,,,,,,,,,,,,,,,,,,,,,,,,,,,,,,,,,,,,,,,,,,,,,,,,,,,,,,,,,,,,,,,,,,,,,,"Sebastian Rivero",21735,665861
"Nico Hoerner","CHC","Nico Hoerner","CHC",2026,29,128,394,439,102,78,18,1,5,39,45,32,0,37,6,7,0,8,17,2,0.258883248,153,124,87,14,1596,554,1042,12,0,0,0.072892938,0.08428246,0.864864864,0.318906605,0.347715736,0.666622341,0.088832488,0.270194986,1.233870967,0.239010989,0.42032967,0.34065934,0.112903225,0.04032258,0.078431372,0,0.2977913552916403,-6.549832923297594,45.29038347494154,,,,,,,,4.985377430204567,88.35947874759034,,,,,,,,,,,,,,,,,,,,,,,,,,,,,,,,,,,,,,,,,,,,,,,,,,,,,,,,,,,,,,,,,,,,,,,,,,,,,,,,,,,,,,,,,,,,,,,,,,,,,,,,,,,,,,,,,,,,,,,,,,,,,,,,,,,,,,,,1.9250970967113972,,"29 - 29",,,,0.31593407,0.38186813,0.3021978,0.17857143,0.54945055,0.27197802,0.16856492,,,,,,,,,,,,,,,,,,,,,,,,,,,,,,,,,,,,,,,,,,,,,,,,,,,,,,,,,,,,,,,,,,,,,,,,,,,,,,,,,,,,,,,,,,,,,,,,,,,,,,,,,,,,,,,,,,,,,,,,,,,,,"R",,,,,,,,,,,,,,,,,,,,,,,,,,,,,,,,,,,,,,,,,,,,,,,,,,,,,,,,,,,,,,,,,,,,,,,,,,,,,,,,,,,,,,,,,,,,,,,,,,,,,,,,,,,,,,,,,,,,,,,,,,"Nico Hoerner",21479,663538
"Jake Burger","TEX","Jake Burger","TEX",2026,30,128,355,386,80,51,15,0,14,39,50,28,0,102,3,0,0,4,2,1,0.225352112,116,93,44,13,1414,469,945,11,0,0,0.07253886,0.264248704,0.274509803,0.287564766,0.385915492,0.673480258,0.16056338,0.276150627,1.247311827,0.173913043,0.458498023,0.367588932,0.139784946,0.150537634,0.094827586,0,0.2974053553348996,-5.879254691661682,39.70234788173309,,,,,,,,2.352037751011361,90.71089876456413,,,,,,,,,,,,,,,,,,,,,,,,,,,,,,,,,,,,,,,,,,,,,,,,,,,,,,,,,,,,,,,,,,,,,,,,,,,,,,,,,,,,,,,,,,,,,,,,,,,,,,,,,,,,,,,,,,,,,,,,,,,,,,,,,,,,,,,,-0.4725769367069006,,"30 - 30",,,,0.47035573,0.34782609,0.18181818,0.16600791,0.44664032,0.38735178,0.37305699,,,,,,,,,,,,,,,,,,,,,,,,,,,,,,,,,,,,,,,,,,,,,,,,,,,,,,,,,,,,,,,,,,,,,,,,,,,,,,,,,,,,,,,,,,,,,,,,,,,,,,,,,,,,,,,,,,,,,,,,,,,,,"R",,,,,,,,,,,,,,,,,,,,,,,,,,,,,,,,,,,,,,,,,,,,,,,,,,,,,,,,,,,,,,,,,,,,,,,,,,,,,,,,,,,,,,,,,,,,,,,,,,,,,,,,,,,,,,,,,,,,,,,,,,"Jake Burger",22275,669394
"Angel Martínez","CLE","Angel Martínez","CLE",2026,24,77,208,225,47,27,11,0,9,19,31,8,0,56,5,0,4,8,6,1,0.225961538,67,59,26,6,840,252,588,3,4,0,0.035555555,0.248888888,0.142857142,0.271493212,0.408653846,0.680147058,0.182692308,0.265734265,1.13559322,0.171052631,0.440789473,0.388157894,0.101694915,0.152542372,0.044776119,0,0.29692152452684634,-3.5148317551527186,23.054755237111078,,,,,,,,4.032185763798552,88.67003270635742,,,,,,,,,,,,,,,,,,,,,,,,,,,,,,,,,,,,,,,,,,,,,,,,,,,,,,,,,,,,,,,,,,,,,,,,,,,,,,,,,,,,,,,,,,,,,,,,,,,,,,,,,,,,,,,,,,,,,,,,,,,,,,,,,,,,,,,,0.5638926401734352,,"24 - 24",,,,0.48717949,0.28846154,0.22435897,0.1474359,0.58974359,0.26282051,0.32444444,,,,,,,,,,,,,,,,,,,,,,,,,,,,,,,,,,,,,,,,,,,,,,,,,,,,,,,,,,,,,,,,,,,,,,,,,,,,,,,,,,,,,,,,,,,,,,,,,,,,,,,,,,,,,,,,,,,,,,,,,,,,,"B",,,,,,,,,,,,,,,,,,,,,,,,,,,,,,,,,,,,,,,,,,,,,,,,,,,,,,,,,,,,,,,,,,,,,,,,,,,,,,,,,,,,,,,,,,,,,,,,,,,,,,,,,,,,,,,,,,,,,,,,,,"Angel Martinez",26540,682657
"Matt Chapman","SFG","Matt Chapman","SFG",2026,33,79,227,257,52,34,12,1,5,24,33,22,0,61,5,3,0,5,0,2,0.229074889,85,62,22,13,1028,362,666,9,0,0,0.085603112,0.237354085,0.360655737,0.307392996,0.356828193,0.664221189,0.127753304,0.286585365,1.370967741,0.130177514,0.502958579,0.366863905,0.209677419,0.080645161,0.105882352,0,0.29679286039293046,-4.0413896197162495,26.306983078113948,,,,,,,,2.770951039695683,87.91281213489283,,,,,,,,,,,,,,,,,,,,,,,,,,,,,,,,,,,,,,,,,,,,,,,,,,,,,,,,,,,,,,,,,,,,,,,,,,,,,,,,,,,,,,,,,,,,,,,,,,,,,,,,,,,,,,,,,,,,,,,,,,,,,,,,,,,,,,,,-1.1652404284104705,,"33 - 33",,,,0.41420118,0.34319527,0.24260355,0.24852071,0.4556213,0.29585799,0.34241245,,,,,,,,,,,,,,,,,,,,,,,,,,,,,,,,,,,,,,,,,,,,,,,,,,,,,,,,,,,,,,,,,,,,,,,,,,,,,,,,,,,,,,,,,,,,,,,,,,,,,,,,,,,,,,,,,,,,,,,,,,,,,"R",,,,,,,,,,,,,,,,,,,,,,,,,,,,,,,,,,,,,,,,,,,,,,,,,,,,,,,,,,,,,,,,,,,,,,,,,,,,,,,,,,,,,,,,,,,,,,,,,,,,,,,,,,,,,,,,,,,,,,,,,,"Matt Chapman",16505,656305
"Eddys Leonard","SFG","Eddys Leonard","SFG",2026,25,1,3,3,1,1,0,0,0,0,0,0,0,1,0,0,0,0,0,0,0.333333333,1,0,1,0,13,4,9,0,0,0,0,0.333333333,0,0.333333333,0.333333333,0.666666666,0,0.5,1,0.5,0.5,0,0,0,0,0,0.2967533469200134,-0.047271365775241575,0.306989794121609,,,,,,,,0.14285714,87.88630340557306,,,,,,,,,,,,,,,,,,,,,,,,,,,,,,,,,,,,,,,,,,,,,,,,,,,,,,,,,,,,,,,,,,,,,,,,,,,,,,,,,,,,,,,,,,,,,,,,,,,,,,,,,,,,,,,,,,,,,,,,,,,,,,,,,,,,,,,,-0.005630227737128735,,"25 - 25",,,,0.5,0,0.5,0.5,0.5,0,0.33333333,,,,,,,,,,,,,,,,,,,,,,,,,,,,,,,,,,,,,,,,,,,,,,,,,,,,,,,,,,,,,,,,,,,,,,,,,,,,,,,,,,,,,,,,,,,,,,,,,,,,,,,,,,,,,,,,,,,,,,,,,,,,,"R",,,,,,,,,,,,,,,,,,,,,,,,,,,,,,,,,,,,,,,,,,,,,,,,,,,,,,,,,,,,,,,,,,,,,,,,,,,,,,,,,,,,,,,,,,,,,,,,,,,,,,,,,,,,,,,,,,,,,,,,,,"Eddys Leonard",24151,678760
"Jonah Bride","TEX","Jonah Bride","TEX",2026,30,1,3,3,1,1,0,0,0,0,0,0,0,1,0,0,0,0,0,0,0.333333333,1,1,0,0,11,3,8,0,0,0,0,0.333333333,0,0.333333333,0.333333333,0.666666666,0,0.5,1,0,0.5,0.5,0,0,0,0,0.2967533469200134,-0.047271365775241575,0.306989794121609,,,,,,,,0.14285714,90.2571465909996,,,,,,,,,,,,,,,,,,,,,,,,,,,,,,,,,,,,,,,,,,,,,,,,,,,,,,,,,,,,,,,,,,,,,,,,,,,,,,,,,,,,,,,,,,,,,,,,,,,,,,,,,,,,,,,,,,,,,,,,,,,,,,,,,,,,,,,,-0.005630227737128735,,"30 - 30",,,,0,0.5,0.5,0,0.5,0.5,0.33333333,,,,,,,,,,,,,,,,,,,,,,,,,,,,,,,,,,,,,,,,,,,,,,,,,,,,,,,,,,,,,,,,,,,,,,,,,,,,,,,,,,,,,,,,,,,,,,,,,,,,,,,,,,,,,,,,,,,,,,,,,,,,,"R",,,,,,,,,,,,,,,,,,,,,,,,,,,,,,,,,,,,,,,,,,,,,,,,,,,,,,,,,,,,,,,,,,,,,,,,,,,,,,,,,,,,,,,,,,,,,,,,,,,,,,,,,,,,,,,,,,,,,,,,,,"Jonah Bride",24703,681146
"Omar Martinez","LAA","Omar Martinez","LAA",2026,24,2,3,3,1,1,0,0,0,0,0,0,0,1,0,0,0,0,0,0,0.333333333,1,1,0,0,12,5,7,0,0,0,0,0.333333333,0,0.333333333,0.333333333,0.666666666,0,0.5,1,0,0.5,0.5,0,0,0,0,0.2967533469200134,-0.047271365775241575,0.306989794121609,,,,,,,,0.14285714,88.91759377674362,,,,,,,,,,,,,,,,,,,,,,,,,,,,,,,,,,,,,,,,,,,,,,,,,,,,,,,,,,,,,,,,,,,,,,,,,,,,,,,,,,,,,,,,,,,,,,,,,,,,,,,,,,,,,,,,,,,,,,,,,,,,,,,,,,,,,,,,-0.005630227737128735,,"24 - 24",,,,0.5,0.5,0,0,1,0,0.33333333,,,,,,,,,,,,,,,,,,,,,,,,,,,,,,,,,,,,,,,,,,,,,,,,,,,,,,,,,,,,,,,,,,,,,,,,,,,,,,,,,,,,,,,,,,,,,,,,,,,,,,,,,,,,,,,,,,,,,,,,,,,,,"L",,,,,,,,,,,,,,,,,,,,,,,,,,,,,,,,,,,,,,,,,,,,,,,,,,,,,,,,,,,,,,,,,,,,,,,,,,,,,,,,,,,,,,,,,,,,,,,,,,,,,,,,,,,,,,,,,,,,,,,,,,"Omar Martinez",25369,683079
"Deyvison De Los Santos","MIA","Deyvison De Los Santos","MIA",2026,23,1,3,3,1,1,0,0,0,0,0,0,0,1,0,0,0,0,0,0,0.333333333,2,0,0,0,11,2,9,1,0,0,0,0.333333333,0,0.333333333,0.333333333,0.666666666,0,0.5,2,0,1,0,0,0,0.5,0,0.2967533469200134,-0.047271365775241575,0.306989794121609,,,,,,,,0.14285714,84.5544433356893,,,,,,,,,,,,,,,,,,,,,,,,,,,,,,,,,,,,,,,,,,,,,,,,,,,,,,,,,,,,,,,,,,,,,,,,,,,,,,,,,,,,,,,,,,,,,,,,,,,,,,,,,,,,,,,,,,,,,,,,,,,,,,,,,,,,,,,,-0.005630227737128735,,"23 - 23",,,,1,0,0,0,0.5,0.5,0.33333333,,,,,,,,,,,,,,,,,,,,,,,,,,,,,,,,,,,,,,,,,,,,,,,,,,,,,,,,,,,,,,,,,,,,,,,,,,,,,,,,,,,,,,,,,,,,,,,,,,,,,,,,,,,,,,,,,,,,,,,,,,,,,"R",,,,,,,,,,,,,,,,,,,,,,,,,,,,,,,,,,,,,,,,,,,,,,,,,,,,,,,,,,,,,,,,,,,,,,,,,,,,,,,,,,,,,,,,,,,,,,,,,,,,,,,,,,,,,,,,,,,,,,,,,,"Deyvison De Los Santos",27969,691277
"Jose Fernandez","ARI","Jose Fernandez","ARI",2026,22,51,134,145,35,27,5,0,3,17,11,7,0,31,1,0,3,2,6,2,0.261194029,47,35,18,6,542,174,368,4,6,2,0.048275862,0.213793103,0.225806451,0.302816901,0.365671641,0.668488542,0.104477612,0.32,1.342857142,0.18,0.47,0.35,0.171428571,0.085714285,0.085106382,0.333333333,0.2966185514356049,-2.3005474200090545,14.822075308338725,,,,,,,,4.820462551855837,84.9625521827989,,,,,,,,,,,,,,,,,,,,,,,,,,,,,,,,,,,,,,,,,,,,,,,,,,,,,,,,,,,,,,,,,,,,,,,,,,,,,,,,,,,,,,,,,,,,,,,,,,,,,,,,,,,,,,,,,,,,,,,,,,,,,,,,,,,,,,,,0.18114551063627005,,"22 - 22",,,,0.44339623,0.30188679,0.25471698,0.22641509,0.49056604,0.28301887,0.28275862,,,,,,,,,,,,,,,,,,,,,,,,,,,,,,,,,,,,,,,,,,,,,,,,,,,,,,,,,,,,,,,,,,,,,,,,,,,,,,,,,,,,,,,,,,,,,,,,,,,,,,,,,,,,,,,,,,,,,,,,,,,,,"R",,,,,,,,,,,,,,,,,,,,,,,,,,,,,,,,,,,,,,,,,,,,,,,,,,,,,,,,,,,,,,,,,,,,,,,,,,,,,,,,,,,,,,,,,,,,,,,,,,,,,,,,,,,,,,,,,,,,,,,,,,"Jose Fernandez",28020,699912
"Xander Bogaerts","SDP","Xander Bogaerts","SDP",2026,33,124,331,387,72,53,9,0,10,43,44,47,0,77,4,5,0,5,12,1,0.217522658,132,86,41,6,1506,582,924,10,0,0,0.121447028,0.198966408,0.61038961,0.317829457,0.335347432,0.653176889,0.117824774,0.248995983,1.53488372,0.158301158,0.509652509,0.332046332,0.069767441,0.116279069,0.075757575,0,0.29661607388070077,-6.1408550877266945,39.558834538967034,,,,,,,,4.532917556337717,89.51888870058725,,,,,,,,,,,,,,,,,,,,,,,,,,,,,,,,,,,,,,,,,,,,,,,,,,,,,,,,,,,,,,,,,,,,,,,,,,,,,,,,,,,,,,,,,,,,,,,,,,,,,,,,,,,,,,,,,,,,,,,,,,,,,,,,,,,,,,,,1.4035580828785896,,"33 - 33",,,,0.49034749,0.35135135,0.15830116,0.13899614,0.47876448,0.38223938,0.34625323,,,,,,,,,,,,,,,,,,,,,,,,,,,,,,,,,,,,,,,,,,,,,,,,,,,,,,,,,,,,,,,,,,,,,,,,,,,,,,,,,,,,,,,,,,,,,,,,,,,,,,,,,,,,,,,,,,,,,,,,,,,,,"R",,,,,,,,,,,,,,,,,,,,,,,,,,,,,,,,,,,,,,,,,,,,,,,,,,,,,,,,,,,,,,,,,,,,,,,,,,,,,,,,,,,,,,,,,,,,,,,,,,,,,,,,,,,,,,,,,,,,,,,,,,"Xander Bogaerts",12161,593428
"Josh Lowe","LAA","Josh Lowe","LAA",2026,28,85,214,237,47,31,6,0,10,21,22,20,1,64,1,1,1,0,4,1,0.219626168,48,72,29,6,1034,347,687,0,3,2,0.084388185,0.270042194,0.3125,0.288135593,0.387850467,0.67598606,0.168224299,0.262411347,0.666666666,0.194630872,0.322147651,0.483221476,0.083333333,0.138888888,0,0.666666666,0.2965291312400331,-3.7772984538920684,24.209333177959127,,,,,,,,3.038097300431647,88.76155537322688,,,,,,,,,,,,,,,,,,,,,,,,,,,,,,,,,,,,,,,,,,,,,,,,,,,,,,,,,,,,,,,,,,,,,,,,,,,,,,,,,,,,,,,,,,,,,,,,,,,,,,,,,,,,,,,,,,,,,,,,,,,,,,,,,,,,,,,,0.10196012910455465,,"28 - 28",,,,0.36184211,0.375,0.26315789,0.09210526,0.56578947,0.34210526,0.39662447,,,,,,,,,,,,,,,,,,,,,,,,,,,,,,,,,,,,,,,,,,,,,,,,,,,,,,,,,,,,,,,,,,,,,,,,,,,,,,,,,,,,,,,,,,,,,,,,,,,,,,,,,,,,,,,,,,,,,,,,,,,,,"L",,,,,,,,,,,,,,,,,,,,,,,,,,,,,,,,,,,,,,,,,,,,,,,,,,,,,,,,,,,,,,,,,,,,,,,,,,,,,,,,,,,,,,,,,,,,,,,,,,,,,,,,,,,,,,,,,,,,,,,,,,"Josh Lowe",19953,666139
"Javier Sanoja","MIA","Javier Sanoja","MIA",2026,23,107,244,260,63,41,18,1,3,25,35,14,0,17,0,1,1,5,6,0,0.258196721,96,87,44,15,878,273,605,10,2,0,0.053846153,0.065384615,0.823529411,0.297297297,0.37704918,0.674346477,0.118852459,0.266666666,1.103448275,0.193832599,0.422907488,0.383259911,0.172413793,0.034482758,0.104166666,0,0.29631900027912095,-4.187938051836188,26.514695805890863,,,,,,,,5.203302546216705,84.26304962401656,,,,,,,,,,,,,,,,,,,,,,,,,,,,,,,,,,,,,,,,,,,,,,,,,,,,,,,,,,,,,,,,,,,,,,,,,,,,,,,,,,,,,,,,,,,,,,,,,,,,,,,,,,,,,,,,,,,,,,,,,,,,,,,,,,,,,,,,0.890337492339313,,"23 - 23",,,,0.44104803,0.33187773,0.22707424,0.18777293,0.55458515,0.25764192,0.13076923,,,,,,,,,,,,,,,,,,,,,,,,,,,,,,,,,,,,,,,,,,,,,,,,,,,,,,,,,,,,,,,,,,,,,,,,,,,,,,,,,,,,,,,,,,,,,,,,,,,,,,,,,,,,,,,,,,,,,,,,,,,,,"R",,,,,,,,,,,,,,,,,,,,,,,,,,,,,,,,,,,,,,,,,,,,,,,,,,,,,,,,,,,,,,,,,,,,,,,,,,,,,,,,,,,,,,,,,,,,,,,,,,,,,,,,,,,,,,,,,,,,,,,,,,"Javier Sanoja",28253,691594
"Jordan Lawlar","ARI","Jordan Lawlar","ARI",2026,23,20,38,42,9,7,1,0,1,5,2,1,0,12,3,0,0,0,2,0,0.236842105,13,9,3,0,152,52,100,1,1,1,0.023809523,0.285714285,0.083333333,0.309523809,0.342105263,0.651629072,0.105263158,0.32,1.444444444,0.12,0.52,0.36,0,0.111111111,0.076923076,1,0.29598558516729445,-0.6878078573212174,4.271848381234691,,,,,,,,6.37624306473035,84.5379088842859,,,,,,,,,,,,,,,,,,,,,,,,,,,,,,,,,,,,,,,,,,,,,,,,,,,,,,,,,,,,,,,,,,,,,,,,,,,,,,,,,,,,,,,,,,,,,,,,,,,,,,,,,,,,,,,,,,,,,,,,,,,,,,,,,,,,,,,,0.3380675008520484,,"23 - 23",,,,0.38461538,0.26923077,0.34615385,0.11538462,0.57692308,0.30769231,0.33333333,,,,,,,,,,,,,,,,,,,,,,,,,,,,,,,,,,,,,,,,,,,,,,,,,,,,,,,,,,,,,,,,,,,,,,,,,,,,,,,,,,,,,,,,,,,,,,,,,,,,,,,,,,,,,,,,,,,,,,,,,,,,,"R",,,,,,,,,,,,,,,,,,,,,,,,,,,,,,,,,,,,,,,,,,,,,,,,,,,,,,,,,,,,,,,,,,,,,,,,,,,,,,,,,,,,,,,,,,,,,,,,,,,,,,,,,,,,,,,,,,,,,,,,,,"Jordan Lawlar",29976,691783
"Enrique Hernández","LAD","Enrique Hernández","LAD",2026,34,7,13,15,3,2,1,0,0,0,1,2,0,5,0,0,0,0,0,0,0.23076923,4,3,1,0,49,21,28,1,0,0,0.133333333,0.333333333,0.4,0.333333333,0.307692307,0.64102564,0.076923077,0.375,1.333333333,0.125,0.5,0.375,0,0,0.25,0,0.2959268013636271,-0.24635686445206054,1.5249489350321925,,,,,,,,0.14285714,85.5618865572438,,,,,,,,,,,,,,,,,,,,,,,,,,,,,,,,,,,,,,,,,,,,,,,,,,,,,,,,,,,,,,,,,,,,,,,,,,,,,,,,,,,,,,,,,,,,,,,,,,,,,,,,,,,,,,,,,,,,,,,,,,,,,,,,,,,,,,,,-0.02252091094851494,,"34 - 34",,,,0.5,0.125,0.375,0.25,0.5,0.25,0.46666667,,,,,,,,,,,,,,,,,,,,,,,,,,,,,,,,,,,,,,,,,,,,,,,,,,,,,,,,,,,,,,,,,,,,,,,,,,,,,,,,,,,,,,,,,,,,,,,,,,,,,,,,,,,,,,,,,,,,,,,,,,,,,"R",,,,,,,,,,,,,,,,,,,,,,,,,,,,,,,,,,,,,,,,,,,,,,,,,,,,,,,,,,,,,,,,,,,,,,,,,,,,,,,,,,,,,,,,,,,,,,,,,,,,,,,,,,,,,,,,,,,,,,,,,,"Enrique Hernandez",10472,571771
"Jorge Mateo","- - -","Jorge Mateo","- - -",2026,31,55,93,101,22,14,5,0,3,22,12,7,0,28,0,1,0,2,9,2,0.236559139,28,24,12,4,414,137,277,2,2,1,0.06930693,0.277227722,0.25,0.287128712,0.387096774,0.674225486,0.150537635,0.301587301,1.166666666,0.1875,0.4375,0.375,0.166666666,0.125,0.071428571,0.5,0.29522148099276097,-1.7162609913759315,10.210531391818039,,,,,,,,6.90242233508463,84.6636685084036,,,,,,,,,,,,,,,,,,,,,,,,,,,,,,,,,,,,,,,,,,,,,,,,,,,,,,,,,,,,,,,,,,,,,,,,,,,,,,,,,,,,,,,,,,,,,,,,,,,,,,,,,,,,,,,,,,,,,,,,,,,,,,,,,,,,,,,,0.859968707896769,,"31 - 31",,,,0.45454545,0.37878788,0.16666667,0.15151515,0.46969697,0.37878788,0.37623762,,,,,,,,,,,,,,,,,,,,,,,,,,,,,,,,,,,,,,,,,,,,,,,,,,,,,,,,,,,,,,,,,,,,,,,,,,,,,,,,,,,,,,,,,,,,,,,,,,,,,,,,,,,,,,,,,,,,,,,,,,,,,"R",,,,,,,,,,,,,,,,,,,,,,,,,,,,,,,,,,,,,,,,,,,,,,,,,,,,,,,,,,,,,,,,,,,,,,,,,,,,,,,,,,,,,,,,,,,,,,,,,,,,,,,,,,,,,,,,,,,,,,,,,,"Jorge Mateo",17273,622761
"Parker Meadows","DET","Parker Meadows","DET",2026,26,12,35,38,9,7,1,1,0,2,2,2,0,10,1,0,0,0,3,0,0.257142857,9,10,6,2,159,61,98,1,0,0,0.052631578,0.263157894,0.2,0.315789473,0.342857142,0.658646615,0.085714285,0.36,0.9,0.24,0.36,0.4,0.2,0,0.111111111,0,0.2951642212114836,-0.6474769557416202,3.8398310696184876,,,,,,,,7.5733288773248235,86.15398537570832,,,,,,,,,,,,,,,,,,,,,,,,,,,,,,,,,,,,,,,,,,,,,,,,,,,,,,,,,,,,,,,,,,,,,,,,,,,,,,,,,,,,,,,,,,,,,,,,,,,,,,,,,,,,,,,,,,,,,,,,,,,,,,,,,,,,,,,,0.5436977315694094,,"26 - 26",,,,0.32,0.44,0.24,0.24,0.4,0.36,0.31578947,,,,,,,,,,,,,,,,,,,,,,,,,,,,,,,,,,,,,,,,,,,,,,,,,,,,,,,,,,,,,,,,,,,,,,,,,,,,,,,,,,,,,,,,,,,,,,,,,,,,,,,,,,,,,,,,,,,,,,,,,,,,,"L",,,,,,,,,,,,,,,,,,,,,,,,,,,,,,,,,,,,,,,,,,,,,,,,,,,,,,,,,,,,,,,,,,,,,,,,,,,,,,,,,,,,,,,,,,,,,,,,,,,,,,,,,,,,,,,,,,,,,,,,,,"Parker Meadows",23800,678009
"Alejandro Osuna","TEX","Alejandro Osuna","TEX",2026,23,69,148,172,35,29,5,0,1,17,17,17,0,25,6,0,1,2,4,1,0.236486486,58,37,27,4,636,215,421,4,2,0,0.098837209,0.145348837,0.68,0.339181286,0.29054054,0.629721826,0.054054054,0.278688524,1.567567567,0.221311475,0.475409836,0.303278688,0.108108108,0.027027027,0.068965517,0,0.29486904611364445,-2.9716349556805337,17.339338211738898,,,,,,,,3.981375038176346,88.9458052539578,,,,,,,,,,,,,,,,,,,,,,,,,,,,,,,,,,,,,,,,,,,,,,,,,,,,,,,,,,,,,,,,,,,,,,,,,,,,,,,,,,,,,,,,,,,,,,,,,,,,,,,,,,,,,,,,,,,,,,,,,,,,,,,,,,,,,,,,0.09632990136742592,,"23 - 23",,,,0.27419355,0.39516129,0.33064516,0.15322581,0.52419355,0.32258065,0.25,,,,,,,,,,,,,,,,,,,,,,,,,,,,,,,,,,,,,,,,,,,,,,,,,,,,,,,,,,,,,,,,,,,,,,,,,,,,,,,,,,,,,,,,,,,,,,,,,,,,,,,,,,,,,,,,,,,,,,,,,,,,,"L",,,,,,,,,,,,,,,,,,,,,,,,,,,,,,,,,,,,,,,,,,,,,,,,,,,,,,,,,,,,,,,,,,,,,,,,,,,,,,,,,,,,,,,,,,,,,,,,,,,,,,,,,,,,,,,,,,,,,,,,,,"Alejandro Osuna",27915,696030
"Teoscar Hernández","LAD","Teoscar Hernández","LAD",2026,33,96,255,278,61,42,11,1,7,36,32,19,0,84,2,2,0,9,2,1,0.239215686,76,69,28,10,1102,392,710,10,0,0,0.068345323,0.302158273,0.226190476,0.294964028,0.372549019,0.667513047,0.133333333,0.325301204,1.101449275,0.16184971,0.439306358,0.39884393,0.144927536,0.101449275,0.131578947,0,0.2948135948009628,-4.815425074226133,28.01277574288202,,,,,,,,4.364795378724271,84.81506049341908,,,,,,,,,,,,,,,,,,,,,,,,,,,,,,,,,,,,,,,,,,,,,,,,,,,,,,,,,,,,,,,,,,,,,,,,,,,,,,,,,,,,,,,,,,,,,,,,,,,,,,,,,,,,,,,,,,,,,,,,,,,,,,,,,,,,,,,,-0.36560260970145464,,"33 - 33",,,,0.35260116,0.38728324,0.26011561,0.1734104,0.45086705,0.37572254,0.39568345,,,,,,,,,,,,,,,,,,,,,,,,,,,,,,,,,,,,,,,,,,,,,,,,,,,,,,,,,,,,,,,,,,,,,,,,,,,,,,,,,,,,,,,,,,,,,,,,,,,,,,,,,,,,,,,,,,,,,,,,,,,,,"R",,,,,,,,,,,,,,,,,,,,,,,,,,,,,,,,,,,,,,,,,,,,,,,,,,,,,,,,,,,,,,,,,,,,,,,,,,,,,,,,,,,,,,,,,,,,,,,,,,,,,,,,,,,,,,,,,,,,,,,,,,"Teoscar Hernandez",13066,606192
"Victor Caratini","MIN","Victor Caratini","MIN",2026,32,87,197,231,47,35,7,0,5,20,30,23,1,36,3,8,0,3,0,0,0.23857868,80,57,32,7,889,347,542,2,0,0,0.099567099,0.155844155,0.638888888,0.316017316,0.350253807,0.666271123,0.111675127,0.25609756,1.403508771,0.189349112,0.473372781,0.337278106,0.122807017,0.087719298,0.025,0,0.2947820953700853,-4.0071753664069325,23.27093394565056,,,,,,,,0.9601648275000001,86.90844137593217,,,,,,,,,,,,,,,,,,,,,,,,,,,,,,,,,,,,,,,,,,,,,,,,,,,,,,,,,,,,,,,,,,,,,,,,,,,,,,,,,,,,,,,,,,,,,,,,,,,,,,,,,,,,,,,,,,,,,,,,,,,,,,,,,,,,,,,,-0.3378136642277241,,"32 - 32",,,,0.36094675,0.34911243,0.28994083,0.1183432,0.52071006,0.36094675,0.27705628,,,,,,,,,,,,,,,,,,,,,,,,,,,,,,,,,,,,,,,,,,,,,,,,,,,,,,,,,,,,,,,,,,,,,,,,,,,,,,,,,,,,,,,,,,,,,,,,,,,,,,,,,,,,,,,,,,,,,,,,,,,,,"B",,,,,,,,,,,,,,,,,,,,,,,,,,,,,,,,,,,,,,,,,,,,,,,,,,,,,,,,,,,,,,,,,,,,,,,,,,,,,,,,,,,,,,,,,,,,,,,,,,,,,,,,,,,,,,,,,,,,,,,,,,"Victor Caratini",14968,605170
"Henry Davis","PIT","Henry Davis","PIT",2026,26,69,154,184,28,18,4,0,6,21,22,21,0,37,8,0,1,6,2,1,0.181818181,44,50,19,10,684,251,433,2,5,2,0.114130434,0.201086956,0.567567567,0.311475409,0.324675324,0.636150733,0.142857143,0.198198198,0.88,0.168141592,0.38938053,0.442477876,0.2,0.12,0.045454545,0.4,0.29441644520056054,-3.2461285398294253,18.48188926717741,,,,,,,,3.382556180390744,80.73606271819196,,,,,,,,,,,,,,,,,,,,,,,,,,,,,,,,,,,,,,,,,,,,,,,,,,,,,,,,,,,,,,,,,,,,,,,,,,,,,,,,,,,,,,,,,,,,,,,,,,,,,,,,,,,,,,,,,,,,,,,,,,,,,,,,,,,,,,,,-0.2755189659073949,,"26 - 26",,,,0.58474576,0.28813559,0.12711864,0.1779661,0.48305085,0.33898305,0.34782609,,,,,,,,,,,,,,,,,,,,,,,,,,,,,,,,,,,,,,,,,,,,,,,,,,,,,,,,,,,,,,,,,,,,,,,,,,,,,,,,,,,,,,,,,,,,,,,,,,,,,,,,,,,,,,,,,,,,,,,,,,,,,"R",,,,,,,,,,,,,,,,,,,,,,,,,,,,,,,,,,,,,,,,,,,,,,,,,,,,,,,,,,,,,,,,,,,,,,,,,,,,,,,,,,,,,,,,,,,,,,,,,,,,,,,,,,,,,,,,,,,,,,,,,,"Henry Davis",29617,680779
"Nate Eaton","BOS","Nate Eaton","BOS",2026,29,9,14,16,2,0,1,0,1,2,3,2,0,4,0,0,0,0,1,0,0.142857142,4,4,2,2,73,30,43,0,0,0,0.125,0.25,0.5,0.25,0.428571428,0.678571428,0.285714286,0.111111111,1,0.2,0.4,0.4,0.5,0.25,0,0,0.2944006621837616,-0.28247572933622284,1.6069171234469803,,,,,,,,6.4583333312499995,83.71582059139021,,,,,,,,,,,,,,,,,,,,,,,,,,,,,,,,,,,,,,,,,,,,,,,,,,,,,,,,,,,,,,,,,,,,,,,,,,,,,,,,,,,,,,,,,,,,,,,,,,,,,,,,,,,,,,,,,,,,,,,,,,,,,,,,,,,,,,,,0.18873954750597477,,"29 - 29",,,,0.6,0.1,0.3,0.3,0.4,0.3,0.4375,,,,,,,,,,,,,,,,,,,,,,,,,,,,,,,,,,,,,,,,,,,,,,,,,,,,,,,,,,,,,,,,,,,,,,,,,,,,,,,,,,,,,,,,,,,,,,,,,,,,,,,,,,,,,,,,,,,,,,,,,,,,,"R",,,,,,,,,,,,,,,,,,,,,,,,,,,,,,,,,,,,,,,,,,,,,,,,,,,,,,,,,,,,,,,,,,,,,,,,,,,,,,,,,,,,,,,,,,,,,,,,,,,,,,,,,,,,,,,,,,,,,,,,,,"Nate Eaton",25055,681987
"Brett Baty","NYM","Brett Baty","NYM",2026,26,118,299,333,70,48,13,1,8,34,38,27,0,88,2,4,0,4,4,1,0.234113712,80,83,51,7,1305,448,857,4,1,0,0.081081081,0.264264264,0.306818181,0.298192771,0.364548494,0.662741265,0.130434782,0.299516908,0.963855421,0.238317757,0.373831775,0.387850467,0.084337349,0.096385542,0.05,0,0.29355689057384626,-6.105653629777986,33.21733511877243,,,,,,,,4.060938812382141,85.1653827281417,,,,,,,,,,,,,,,,,,,,,,,,,,,,,,,,,,,,,,,,,,,,,,,,,,,,,,,,,,,,,,,,,,,,,,,,,,,,,,,,,,,,,,,,,,,,,,,,,,,,,,,,,,,,,,,,,,,,,,,,,,,,,,,,,,,,,,,,-0.044425792060792446,,"26 - 26",,,,0.37209302,0.3627907,0.26511628,0.14883721,0.4744186,0.37674419,0.36936937,,,,,,,,,,,,,,,,,,,,,,,,,,,,,,,,,,,,,,,,,,,,,,,,,,,,,,,,,,,,,,,,,,,,,,,,,,,,,,,,,,,,,,,,,,,,,,,,,,,,,,,,,,,,,,,,,,,,,,,,,,,,,"L",,,,,,,,,,,,,,,,,,,,,,,,,,,,,,,,,,,,,,,,,,,,,,,,,,,,,,,,,,,,,,,,,,,,,,,,,,,,,,,,,,,,,,,,,,,,,,,,,,,,,,,,,,,,,,,,,,,,,,,,,,"Brett Baty",26123,683146
"Vladimir Guerrero Jr.","TOR","Vladimir Guerrero Jr.","TOR",2026,27,121,352,389,90,67,18,0,5,43,39,30,4,48,3,4,0,15,4,0,0.255681818,151,99,58,11,1354,508,846,12,0,0,0.077120822,0.123393316,0.625,0.316195372,0.349431818,0.66562719,0.09375,0.280528052,1.525252525,0.188311688,0.49025974,0.321428571,0.111111111,0.05050505,0.079470198,0,0.2934150770113066,-7.176925180102681,38.75893855318895,,,,,,,,3.646823224097571,86.64281155758793,,,,,,,,,,,,,,,,,,,,,,,,,,,,,,,,,,,,,,,,,,,,,,,,,,,,,,,,,,,,,,,,,,,,,,,,,,,,,,,,,,,,,,,,,,,,,,,,,,,,,,,,,,,,,,,,,,,,,,,,,,,,,,,,,,,,,,,,0.25949814915657043,,"27 - 27",,,,0.3961039,0.37987013,0.22402597,0.17207792,0.47077922,0.35714286,0.21336761,,,,,,,,,,,,,,,,,,,,,,,,,,,,,,,,,,,,,,,,,,,,,,,,,,,,,,,,,,,,,,,,,,,,,,,,,,,,,,,,,,,,,,,,,,,,,,,,,,,,,,,,,,,,,,,,,,,,,,,,,,,,,"R",,,,,,,,,,,,,,,,,,,,,,,,,,,,,,,,,,,,,,,,,,,,,,,,,,,,,,,,,,,,,,,,,,,,,,,,,,,,,,,,,,,,,,,,,,,,,,,,,,,,,,,,,,,,,,,,,,,,,,,,,,"Vladimir Guerrero Jr.",19611,665489
"Will Benson","CIN","Will Benson","CIN",2026,28,47,95,113,18,11,3,1,3,10,6,16,1,38,1,0,0,0,1,1,0.189473684,17,31,8,2,471,200,271,0,1,1,0.14159292,0.336283185,0.421052631,0.3125,0.336842105,0.649342105,0.147368421,0.277777777,0.548387096,0.142857142,0.303571428,0.553571428,0.064516129,0.096774193,0,1,0.2930894628301397,-2.1144910999096647,11.229345922871708,,,,,,,,4.116421559372934,81.00357241473183,,,,,,,,,,,,,,,,,,,,,,,,,,,,,,,,,,,,,,,,,,,,,,,,,,,,,,,,,,,,,,,,,,,,,,,,,,,,,,,,,,,,,,,,,,,,,,,,,,,,,,,,,,,,,,,,,,,,,,,,,,,,,,,,,,,,,,,,-0.36291441414505243,,"28 - 28",,,,0.42105263,0.31578947,0.26315789,0.0877193,0.61403509,0.29824561,0.50442478,,,,,,,,,,,,,,,,,,,,,,,,,,,,,,,,,,,,,,,,,,,,,,,,,,,,,,,,,,,,,,,,,,,,,,,,,,,,,,,,,,,,,,,,,,,,,,,,,,,,,,,,,,,,,,,,,,,,,,,,,,,,,"L",,,,,,,,,,,,,,,,,,,,,,,,,,,,,,,,,,,,,,,,,,,,,,,,,,,,,,,,,,,,,,,,,,,,,,,,,,,,,,,,,,,,,,,,,,,,,,,,,,,,,,,,,,,,,,,,,,,,,,,,,,"Will Benson",21853,666181
"Luis Torrens","NYM","Luis Torrens","NYM",2026,30,69,155,169,36,23,9,0,4,21,19,10,0,33,3,0,1,2,1,0,0.232258064,64,35,23,3,684,234,450,3,1,0,0.059171597,0.195266272,0.303030303,0.291666666,0.367741935,0.659408601,0.135483871,0.27118644,1.828571428,0.18852459,0.524590163,0.286885245,0.085714285,0.114285714,0.046875,0,0.29292901498930796,-3.1842512644983434,16.77246074302424,,,,,,,,3.63078637674644,84.74415465861782,,,,,,,,,,,,,,,,,,,,,,,,,,,,,,,,,,,,,,,,,,,,,,,,,,,,,,,,,,,,,,,,,,,,,,,,,,,,,,,,,,,,,,,,,,,,,,,,,,,,,,,,,,,,,,,,,,,,,,,,,,,,,,,,,,,,,,,,-0.0026881955564022064,,"30 - 30",,,,0.30894309,0.36585366,0.32520325,0.14634146,0.52845528,0.32520325,0.27810651,,,,,,,,,,,,,,,,,,,,,,,,,,,,,,,,,,,,,,,,,,,,,,,,,,,,,,,,,,,,,,,,,,,,,,,,,,,,,,,,,,,,,,,,,,,,,,,,,,,,,,,,,,,,,,,,,,,,,,,,,,,,,"R",,,,,,,,,,,,,,,,,,,,,,,,,,,,,,,,,,,,,,,,,,,,,,,,,,,,,,,,,,,,,,,,,,,,,,,,,,,,,,,,,,,,,,,,,,,,,,,,,,,,,,,,,,,,,,,,,,,,,,,,,,"Luis Torrens",15905,620443
"Royce Lewis","MIN","Royce Lewis","MIN",2026,27,99,272,304,60,37,13,1,9,29,31,26,0,80,2,4,0,1,7,0,0.220588235,63,97,36,23,1196,422,774,4,0,0,0.085526315,0.263157894,0.325,0.289473684,0.375,0.664473684,0.154411765,0.272727272,0.649484536,0.183673469,0.321428571,0.494897959,0.237113402,0.092783505,0.063492063,0,0.2928354177427919,-5.7508337970213015,30.147630405859555,,,,,,,,4.978043707068015,85.55369014198061,,,,,,,,,,,,,,,,,,,,,,,,,,,,,,,,,,,,,,,,,,,,,,,,,,,,,,,,,,,,,,,,,,,,,,,,,,,,,,,,,,,,,,,,,,,,,,,,,,,,,,,,,,,,,,,,,,,,,,,,,,,,,,,,,,,,,,,,1.034035217948258,,"27 - 27",,,,0.5255102,0.31122449,0.16326531,0.20408163,0.48979592,0.30612245,0.37828947,,,,,,,,,,,,,,,,,,,,,,,,,,,,,,,,,,,,,,,,,,,,,,,,,,,,,,,,,,,,,,,,,,,,,,,,,,,,,,,,,,,,,,,,,,,,,,,,,,,,,,,,,,,,,,,,,,,,,,,,,,,,,"R",,,,,,,,,,,,,,,,,,,,,,,,,,,,,,,,,,,,,,,,,,,,,,,,,,,,,,,,,,,,,,,,,,,,,,,,,,,,,,,,,,,,,,,,,,,,,,,,,,,,,,,,,,,,,,,,,,,,,,,,,,"Royce Lewis",20437,668904
"Cedric Mullins","TBR","Cedric Mullins","TBR",2026,31,111,303,347,63,40,8,2,13,44,32,31,0,69,4,4,2,2,12,7,0.207920792,59,128,41,29,1338,494,844,2,12,8,0.089337175,0.198847262,0.449275362,0.286549707,0.376237623,0.66278733,0.168316831,0.222222222,0.4609375,0.179824561,0.258771929,0.561403508,0.2265625,0.1015625,0.033898305,0.666666666,0.29279358972582903,-6.575980958879402,34.40022653585632,,,,,,,,5.844105272173627,84.64638476947755,,,,,,,,,,,,,,,,,,,,,,,,,,,,,,,,,,,,,,,,,,,,,,,,,,,,,,,,,,,,,,,,,,,,,,,,,,,,,,,,,,,,,,,,,,,,,,,,,,,,,,,,,,,,,,,,,,,,,,,,,,,,,,,,,,,,,,,,-0.8985549220815301,,"31 - 31",,,,0.44583333,0.30416667,0.25,0.20833333,0.49583333,0.29583333,0.32564841,,,,,,,,,,,,,,,,,,,,,,,,,,,,,,,,,,,,,,,,,,,,,,,,,,,,,,,,,,,,,,,,,,,,,,,,,,,,,,,,,,,,,,,,,,,,,,,,,,,,,,,,,,,,,,,,,,,,,,,,,,,,,"L",,,,,,,,,,,,,,,,,,,,,,,,,,,,,,,,,,,,,,,,,,,,,,,,,,,,,,,,,,,,,,,,,,,,,,,,,,,,,,,,,,,,,,,,,,,,,,,,,,,,,,,,,,,,,,,,,,,,,,,,,,"Cedric Mullins",17929,656775
"David Hamilton","MIL","David Hamilton","MIL",2026,28,95,235,271,56,42,9,2,3,35,17,26,0,56,0,0,9,0,22,4,0.238297872,67,69,28,4,1119,400,719,8,24,10,0.095940959,0.206642066,0.464285714,0.314176245,0.331914893,0.646091138,0.093617021,0.301136363,0.971014492,0.170731707,0.408536585,0.420731707,0.057971014,0.04347826,0.119402985,0.416666666,0.2921496711928269,-5.276456949934562,26.72513449408094,,,,,,,,7.61942826009918,83.65035623738095,,,,,,,,,,,,,,,,,,,,,,,,,,,,,,,,,,,,,,,,,,,,,,,,,,,,,,,,,,,,,,,,,,,,,,,,,,,,,,,,,,,,,,,,,,,,,,,,,,,,,,,,,,,,,,,,,,,,,,,,,,,,,,,,,,,,,,,,2.37355150654912,,"28 - 28",,,,0.33510638,0.34042553,0.32446809,0.13829787,0.59042553,0.2712766,0.31365314,,,,,,,,,,,,,,,,,,,,,,,,,,,,,,,,,,,,,,,,,,,,,,,,,,,,,,,,,,,,,,,,,,,,,,,,,,,,,,,,,,,,,,,,,,,,,,,,,,,,,,,,,,,,,,,,,,,,,,,,,,,,,"L",,,,,,,,,,,,,,,,,,,,,,,,,,,,,,,,,,,,,,,,,,,,,,,,,,,,,,,,,,,,,,,,,,,,,,,,,,,,,,,,,,,,,,,,,,,,,,,,,,,,,,,,,,,,,,,,,,,,,,,,,,"David Hamilton",27531,666152
"MJ Melendez","NYM","MJ Melendez","NYM",2026,27,53,109,130,20,11,5,1,3,13,10,16,0,44,4,1,0,0,0,1,0.183486238,16,40,10,2,559,217,342,2,0,0,0.123076923,0.338461538,0.363636363,0.307692307,0.330275229,0.637967536,0.146788991,0.269841269,0.4,0.151515151,0.242424242,0.606060606,0.05,0.075,0.125,0,0.2918667706159445,-2.560805093077485,12.79051183578604,,,,,,,,3.9562611424416074,84.03151801885502,,,,,,,,,,,,,,,,,,,,,,,,,,,,,,,,,,,,,,,,,,,,,,,,,,,,,,,,,,,,,,,,,,,,,,,,,,,,,,,,,,,,,,,,,,,,,,,,,,,,,,,,,,,,,,,,,,,,,,,,,,,,,,,,,,,,,,,,-0.5854353280737996,,"27 - 27",,,,0.51515152,0.28787879,0.1969697,0.10606061,0.42424242,0.46969697,0.48461538,,,,,,,,,,,,,,,,,,,,,,,,,,,,,,,,,,,,,,,,,,,,,,,,,,,,,,,,,,,,,,,,,,,,,,,,,,,,,,,,,,,,,,,,,,,,,,,,,,,,,,,,,,,,,,,,,,,,,,,,,,,,,"L",,,,,,,,,,,,,,,,,,,,,,,,,,,,,,,,,,,,,,,,,,,,,,,,,,,,,,,,,,,,,,,,,,,,,,,,,,,,,,,,,,,,,,,,,,,,,,,,,,,,,,,,,,,,,,,,,,,,,,,,,,"MJ Melendez",22197,669004
"Edouard Julien","COL","Edouard Julien","COL",2026,27,85,215,250,46,33,9,1,3,30,20,34,0,62,1,0,0,6,4,3,0.213953488,77,39,36,0,1030,431,599,0,1,0,0.136,0.248,0.548387096,0.324,0.306976744,0.630976744,0.093023256,0.286666666,1.974358974,0.236842105,0.506578947,0.256578947,0,0.076923076,0,0,0.29182226037979125,-4.933600363758284,24.588162960979265,,,,,,,,4.368009997420941,69.55982478286236,,,,,,,,,,,,,,,,,,,,,,,,,,,,,,,,,,,,,,,,,,,,,,,,,,,,,,,,,,,,,,,,,,,,,,,,,,,,,,,,,,,,,,,,,,,,,,,,,,,,,,,,,,,,,,,,,,,,,,,,,,,,,,,,,,,,,,,,-0.8155502788722515,,"27 - 27",,,,0.35947712,0.40522876,0.23529412,0.07189542,0.4248366,0.50326797,0.396,,,,,,,,,,,,,,,,,,,,,,,,,,,,,,,,,,,,,,,,,,,,,,,,,,,,,,,,,,,,,,,,,,,,,,,,,,,,,,,,,,,,,,,,,,,,,,,,,,,,,,,,,,,,,,,,,,,,,,,,,,,,,"L",,,,,,,,,,,,,,,,,,,,,,,,,,,,,,,,,,,,,,,,,,,,,,,,,,,,,,,,,,,,,,,,,,,,,,,,,,,,,,,,,,,,,,,,,,,,,,,,,,,,,,,,,,,,,,,,,,,,,,,,,,"Edouard Julien",27534,666397
"Anthony Volpe","NYY","Anthony Volpe","NYY",2026,25,48,93,107,22,17,5,0,0,10,8,14,0,29,0,0,0,0,3,4,0.236559139,27,22,15,5,428,161,267,3,0,0,0.130841121,0.271028037,0.48275862,0.336448598,0.29032258,0.626771178,0.053763441,0.34375,1.227272727,0.234375,0.421875,0.34375,0.227272727,0,0.111111111,0,0.29176341985987725,-2.116659085164072,10.5186556178236,,,,,,,,2.951078830059248,84.77590418140957,,,,,,,,,,,,,,,,,,,,,,,,,,,,,,,,,,,,,,,,,,,,,,,,,,,,,,,,,,,,,,,,,,,,,,,,,,,,,,,,,,,,,,,,,,,,,,,,,,,,,,,,,,,,,,,,,,,,,,,,,,,,,,,,,,,,,,,,-1.2181301238015294,,"25 - 25",,,,0.421875,0.34375,0.234375,0.203125,0.5,0.296875,0.40186916,,,,,,,,,,,,,,,,,,,,,,,,,,,,,,,,,,,,,,,,,,,,,,,,,,,,,,,,,,,,,,,,,,,,,,,,,,,,,,,,,,,,,,,,,,,,,,,,,,,,,,,,,,,,,,,,,,,,,,,,,,,,,"R",,,,,,,,,,,,,,,,,,,,,,,,,,,,,,,,,,,,,,,,,,,,,,,,,,,,,,,,,,,,,,,,,,,,,,,,,,,,,,,,,,,,,,,,,,,,,,,,,,,,,,,,,,,,,,,,,,,,,,,,,,"Anthony Volpe",27647,683011
"Carson Kelly","CHC","Carson Kelly","CHC",2026,31,86,214,240,50,39,7,0,4,27,28,23,0,37,3,0,0,7,0,0,0.233644859,82,62,33,7,918,367,551,5,0,0,0.095833333,0.154166666,0.621621621,0.316666666,0.322429906,0.639096572,0.088785047,0.265895953,1.322580645,0.186440677,0.463276836,0.350282485,0.112903225,0.064516129,0.060975609,0,0.29169575969378153,-4.760744027607632,23.580148764140414,,,,,,,,1.60119047125,84.27007627755754,,,,,,,,,,,,,,,,,,,,,,,,,,,,,,,,,,,,,,,,,,,,,,,,,,,,,,,,,,,,,,,,,,,,,,,,,,,,,,,,,,,,,,,,,,,,,,,,,,,,,,,,,,,,,,,,,,,,,,,,,,,,,,,,,,,,,,,,-0.36596480291336775,,"31 - 31",,,,0.42937853,0.38418079,0.18644068,0.20903955,0.52542373,0.26553672,0.26666667,,,,,,,,,,,,,,,,,,,,,,,,,,,,,,,,,,,,,,,,,,,,,,,,,,,,,,,,,,,,,,,,,,,,,,,,,,,,,,,,,,,,,,,,,,,,,,,,,,,,,,,,,,,,,,,,,,,,,,,,,,,,,"R",,,,,,,,,,,,,,,,,,,,,,,,,,,,,,,,,,,,,,,,,,,,,,,,,,,,,,,,,,,,,,,,,,,,,,,,,,,,,,,,,,,,,,,,,,,,,,,,,,,,,,,,,,,,,,,,,,,,,,,,,,"Carson Kelly",13620,608348
"David Fry","CLE","David Fry","CLE",2026,30,31,54,59,12,7,3,0,2,7,5,5,1,13,0,0,0,0,0,0,0.222222222,16,20,4,3,226,85,141,0,1,0,0.084745762,0.220338983,0.384615384,0.288135593,0.388888888,0.677024481,0.166666666,0.256410256,0.8,0.1,0.4,0.5,0.15,0.1,0,0,0.29163526974875353,-1.1732281560279425,5.793907988610119,,,,,,,,1.60119047125,84.9911697640834,,,,,,,,,,,,,,,,,,,,,,,,,,,,,,,,,,,,,,,,,,,,,,,,,,,,,,,,,,,,,,,,,,,,,,,,,,,,,,,,,,,,,,,,,,,,,,,,,,,,,,,,,,,,,,,,,,,,,,,,,,,,,,,,,,,,,,,,-0.06193250510841608,,"30 - 30",,,,0.53658537,0.29268293,0.17073171,0.14634146,0.58536585,0.26829268,0.33898305,,,,,,,,,,,,,,,,,,,,,,,,,,,,,,,,,,,,,,,,,,,,,,,,,,,,,,,,,,,,,,,,,,,,,,,,,,,,,,,,,,,,,,,,,,,,,,,,,,,,,,,,,,,,,,,,,,,,,,,,,,,,,"R",,,,,,,,,,,,,,,,,,,,,,,,,,,,,,,,,,,,,,,,,,,,,,,,,,,,,,,,,,,,,,,,,,,,,,,,,,,,,,,,,,,,,,,,,,,,,,,,,,,,,,,,,,,,,,,,,,,,,,,,,,"David Fry",24934,681807
"Dane Myers","CIN","Dane Myers","CIN",2026,30,71,143,165,34,30,2,0,2,16,12,20,0,43,1,1,0,1,5,0,0.237762237,49,26,20,3,667,247,420,5,6,3,0.121212121,0.26060606,0.465116279,0.333333333,0.293706293,0.627039626,0.055944056,0.323232323,1.884615384,0.210526315,0.515789473,0.27368421,0.115384615,0.076923076,0.102040816,0.5,0.2910735076124018,-3.3558236180007253,16.12854017632606,,,,,,,,4.392853358166763,79.6511119185354,,,,,,,,,,,,,,,,,,,,,,,,,,,,,,,,,,,,,,,,,,,,,,,,,,,,,,,,,,,,,,,,,,,,,,,,,,,,,,,,,,,,,,,,,,,,,,,,,,,,,,,,,,,,,,,,,,,,,,,,,,,,,,,,,,,,,,,,0.7128584003075957,,"30 - 30",,,,0.27722772,0.46534653,0.25742574,0.14851485,0.59405941,0.25742574,0.39393939,,,,,,,,,,,,,,,,,,,,,,,,,,,,,,,,,,,,,,,,,,,,,,,,,,,,,,,,,,,,,,,,,,,,,,,,,,,,,,,,,,,,,,,,,,,,,,,,,,,,,,,,,,,,,,,,,,,,,,,,,,,,,"R",,,,,,,,,,,,,,,,,,,,,,,,,,,,,,,,,,,,,,,,,,,,,,,,,,,,,,,,,,,,,,,,,,,,,,,,,,,,,,,,,,,,,,,,,,,,,,,,,,,,,,,,,,,,,,,,,,,,,,,,,,"Dane Myers",22054,667472
"Taylor Walls","TBR","Taylor Walls","TBR",2026,29,100,221,259,52,40,9,2,1,43,23,29,0,67,2,2,5,2,14,2,0.235294117,56,60,28,3,1032,398,634,3,17,6,0.111969111,0.258687258,0.43283582,0.326771653,0.307692307,0.63446396,0.07239819,0.329032258,0.933333333,0.194444444,0.388888888,0.416666666,0.05,0.016666666,0.053571428,0.352941176,0.2910193772766534,-5.2789341165126675,25.30561268791543,,,,,,,,7.990213213952947,83.4116572156633,,,,,,,,,,,,,,,,,,,,,,,,,,,,,,,,,,,,,,,,,,,,,,,,,,,,,,,,,,,,,,,,,,,,,,,,,,,,,,,,,,,,,,,,,,,,,,,,,,,,,,,,,,,,,,,,,,,,,,,,,,,,,,,,,,,,,,,,1.5784573359414935,,"29 - 29",,,,0.43478261,0.26708075,0.29813665,0.10559006,0.57142857,0.32298137,0.37451737,,,,,,,,,,,,,,,,,,,,,,,,,,,,,,,,,,,,,,,,,,,,,,,,,,,,,,,,,,,,,,,,,,,,,,,,,,,,,,,,,,,,,,,,,,,,,,,,,,,,,,,,,,,,,,,,,,,,,,,,,,,,,"B",,,,,,,,,,,,,,,,,,,,,,,,,,,,,,,,,,,,,,,,,,,,,,,,,,,,,,,,,,,,,,,,,,,,,,,,,,,,,,,,,,,,,,,,,,,,,,,,,,,,,,,,,,,,,,,,,,,,,,,,,,"Taylor Walls",22458,670764
"Colson Montgomery","CHW","Colson Montgomery","CHW",2026,24,122,336,377,64,33,12,0,19,45,47,34,3,138,5,2,0,4,1,1,0.19047619,55,110,35,17,1467,531,936,6,0,0,0.090185676,0.366047745,0.246376811,0.273209549,0.395833333,0.669042882,0.205357143,0.248618784,0.5,0.175,0.275,0.55,0.154545454,0.172727272,0.109090909,0,0.2909084284369321,-7.717745436107501,36.801073657596724,,,,,,,,2.3035042553244685,84.30300011556348,,,,,,,,,,,,,,,,,,,,,,,,,,,,,,,,,,,,,,,,,,,,,,,,,,,,,,,,,,,,,,,,,,,,,,,,,,,,,,,,,,,,,,,,,,,,,,,,,,,,,,,,,,,,,,,,,,,,,,,,,,,,,,,,,,,,,,,,-0.5993839791044593,,"24 - 24",,,,0.465,0.34,0.195,0.195,0.47,0.335,0.5066313,,,,,,,,,,,,,,,,,,,,,,,,,,,,,,,,,,,,,,,,,,,,,,,,,,,,,,,,,,,,,,,,,,,,,,,,,,,,,,,,,,,,,,,,,,,,,,,,,,,,,,,,,,,,,,,,,,,,,,,,,,,,,"L",,,,,,,,,,,,,,,,,,,,,,,,,,,,,,,,,,,,,,,,,,,,,,,,,,,,,,,,,,,,,,,,,,,,,,,,,,,,,,,,,,,,,,,,,,,,,,,,,,,,,,,,,,,,,,,,,,,,,,,,,,"Colson Montgomery",29712,695657
"Alec Bohm","PHI","Alec Bohm","PHI",2026,29,123,341,381,79,57,13,1,8,39,47,30,1,55,7,3,0,10,2,0,0.231671554,145,91,53,7,1420,532,888,5,0,0,0.078740157,0.144356955,0.545454545,0.304461942,0.346041055,0.650502997,0.114369501,0.252669039,1.593406593,0.183391003,0.501730103,0.314878892,0.076923076,0.087912087,0.034482758,0,0.29082849151209783,-7.824196280388256,37.16697102651177,,,,,,,,3.364295642229661,78.10587991114531,,,,,,,,,,,,,,,,,,,,,,,,,,,,,,,,,,,,,,,,,,,,,,,,,,,,,,,,,,,,,,,,,,,,,,,,,,,,,,,,,,,,,,,,,,,,,,,,,,,,,,,,,,,,,,,,,,,,,,,,,,,,,,,,,,,,,,,,-0.12361117359250784,,"29 - 29",,,,0.28373702,0.44636678,0.26989619,0.11072664,0.56747405,0.32179931,0.24409449,,,,,,,,,,,,,,,,,,,,,,,,,,,,,,,,,,,,,,,,,,,,,,,,,,,,,,,,,,,,,,,,,,,,,,,,,,,,,,,,,,,,,,,,,,,,,,,,,,,,,,,,,,,,,,,,,,,,,,,,,,,,,"R",,,,,,,,,,,,,,,,,,,,,,,,,,,,,,,,,,,,,,,,,,,,,,,,,,,,,,,,,,,,,,,,,,,,,,,,,,,,,,,,,,,,,,,,,,,,,,,,,,,,,,,,,,,,,,,,,,,,,,,,,,"Alec Bohm",21618,664761
"Carlos Correa","HOU","Carlos Correa","HOU",2026,31,28,83,93,20,14,6,0,0,15,7,10,0,20,0,0,0,3,1,0,0.240963855,30,18,15,1,389,145,244,2,0,0,0.107526881,0.215053763,0.5,0.322580645,0.313253012,0.635833657,0.072289157,0.317460317,1.666666666,0.238095238,0.476190476,0.285714285,0.055555555,0,0.066666666,0,0.29051348855418546,-1.9334719541613778,9.04862400264099,,,,,,,,4.742204247008884,84.50780848431627,,,,,,,,,,,,,,,,,,,,,,,,,,,,,,,,,,,,,,,,,,,,,,,,,,,,,,,,,,,,,,,,,,,,,,,,,,,,,,,,,,,,,,,,,,,,,,,,,,,,,,,,,,,,,,,,,,,,,,,,,,,,,,,,,,,,,,,,0.06487453728914261,,"31 - 31",,,,0.38095238,0.3015873,0.31746032,0.14285714,0.52380952,0.33333333,0.32258065,,,,,,,,,,,,,,,,,,,,,,,,,,,,,,,,,,,,,,,,,,,,,,,,,,,,,,,,,,,,,,,,,,,,,,,,,,,,,,,,,,,,,,,,,,,,,,,,,,,,,,,,,,,,,,,,,,,,,,,,,,,,,"R",,,,,,,,,,,,,,,,,,,,,,,,,,,,,,,,,,,,,,,,,,,,,,,,,,,,,,,,,,,,,,,,,,,,,,,,,,,,,,,,,,,,,,,,,,,,,,,,,,,,,,,,,,,,,,,,,,,,,,,,,,"Carlos Correa",14162,621043
"Davis Schneider","TOR","Davis Schneider","TOR",2026,27,34,55,64,10,4,4,0,2,9,6,8,0,18,0,0,1,1,0,0,0.181818181,10,24,3,4,264,100,164,0,1,0,0.125,0.28125,0.444444444,0.285714285,0.363636363,0.649350648,0.181818182,0.228571428,0.416666666,0.081081081,0.27027027,0.648648648,0.166666666,0.083333333,0,0,0.2904543687426855,-1.333613147866814,6.223958263265999,,,,,,,,2.25223214,84.58236604568167,,,,,,,,,,,,,,,,,,,,,,,,,,,,,,,,,,,,,,,,,,,,,,,,,,,,,,,,,,,,,,,,,,,,,,,,,,,,,,,,,,,,,,,,,,,,,,,,,,,,,,,,,,,,,,,,,,,,,,,,,,,,,,,,,,,,,,,,-0.06756273284554482,,"27 - 27",,,,0.28947368,0.42105263,0.28947368,0.26315789,0.42105263,0.31578947,0.4375,,,,,,,,,,,,,,,,,,,,,,,,,,,,,,,,,,,,,,,,,,,,,,,,,,,,,,,,,,,,,,,,,,,,,,,,,,,,,,,,,,,,,,,,,,,,,,,,,,,,,,,,,,,,,,,,,,,,,,,,,,,,,"R",,,,,,,,,,,,,,,,,,,,,,,,,,,,,,,,,,,,,,,,,,,,,,,,,,,,,,,,,,,,,,,,,,,,,,,,,,,,,,,,,,,,,,,,,,,,,,,,,,,,,,,,,,,,,,,,,,,,,,,,,,"Davis Schneider",23565,676914
"J.T. Realmuto","PHI","J.T. Realmuto","PHI",2026,35,95,263,294,57,34,15,0,8,36,37,22,0,67,6,3,0,7,3,0,0.216730038,94,59,45,4,1165,418,747,3,1,1,0.074829931,0.227891156,0.328358208,0.289115646,0.365019011,0.654134657,0.148288973,0.256544502,1.593220338,0.227272727,0.474747474,0.297979797,0.06779661,0.13559322,0.031914893,1,0.29030814219494255,-6.160960444171247,28.55663322572011,,,,,,,,4.142308061647141,77.75678887505325,,,,,,,,,,,,,,,,,,,,,,,,,,,,,,,,,,,,,,,,,,,,,,,,,,,,,,,,,,,,,,,,,,,,,,,,,,,,,,,,,,,,,,,,,,,,,,,,,,,,,,,,,,,,,,,,,,,,,,,,,,,,,,,,,,,,,,,,0.25092588923871517,,"35 - 35",,,,0.46231156,0.35678392,0.18090452,0.13567839,0.51256281,0.35175879,0.32993197,,,,,,,,,,,,,,,,,,,,,,,,,,,,,,,,,,,,,,,,,,,,,,,,,,,,,,,,,,,,,,,,,,,,,,,,,,,,,,,,,,,,,,,,,,,,,,,,,,,,,,,,,,,,,,,,,,,,,,,,,,,,,"R",,,,,,,,,,,,,,,,,,,,,,,,,,,,,,,,,,,,,,,,,,,,,,,,,,,,,,,,,,,,,,,,,,,,,,,,,,,,,,,,,,,,,,,,,,,,,,,,,,,,,,,,,,,,,,,,,,,,,,,,,,"J.T. Realmuto",11739,592663
"Nathan Church","STL","Nathan Church","STL",2026,25,104,282,305,69,49,10,2,8,34,36,16,0,57,2,5,0,4,5,2,0.244680851,95,88,43,9,1167,359,808,4,4,1,0.052459016,0.186885245,0.280701754,0.285245901,0.379432624,0.664678525,0.134751773,0.274774774,1.079545454,0.190265486,0.420353982,0.38938053,0.102272727,0.09090909,0.042105263,0.25,0.29010659495338065,-6.4410541298132085,29.575497126366603,,,,,,,,4.997384002058867,82.62864861533068,,,,,,,,,,,,,,,,,,,,,,,,,,,,,,,,,,,,,,,,,,,,,,,,,,,,,,,,,,,,,,,,,,,,,,,,,,,,,,,,,,,,,,,,,,,,,,,,,,,,,,,,,,,,,,,,,,,,,,,,,,,,,,,,,,,,,,,,-0.1990217799320817,,"25 - 25",,,,0.36086957,0.35217391,0.28695652,0.17391304,0.52608696,0.3,0.26557377,,,,,,,,,,,,,,,,,,,,,,,,,,,,,,,,,,,,,,,,,,,,,,,,,,,,,,,,,,,,,,,,,,,,,,,,,,,,,,,,,,,,,,,,,,,,,,,,,,,,,,,,,,,,,,,,,,,,,,,,,,,,,"L",,,,,,,,,,,,,,,,,,,,,,,,,,,,,,,,,,,,,,,,,,,,,,,,,,,,,,,,,,,,,,,,,,,,,,,,,,,,,,,,,,,,,,,,,,,,,,,,,,,,,,,,,,,,,,,,,,,,,,,,,,"Nathan Church",31357,701675
"Zach McKinstry","DET","Zach McKinstry","DET",2026,31,108,269,303,61,40,14,3,4,25,22,29,1,48,2,2,1,1,2,5,0.226765799,83,95,45,3,1129,383,746,7,1,0,0.09570957,0.158415841,0.604166666,0.304635761,0.345724907,0.650360668,0.118959108,0.260273972,0.87368421,0.201793721,0.372197309,0.426008968,0.031578947,0.042105263,0.084337349,0,0.28998303571808776,-6.429014537679961,29.351362611901948,,,,,,,,3.7887021734519046,82.54824329386743,,,,,,,,,,,,,,,,,,,,,,,,,,,,,,,,,,,,,,,,,,,,,,,,,,,,,,,,,,,,,,,,,,,,,,,,,,,,,,,,,,,,,,,,,,,,,,,,,,,,,,,,,,,,,,,,,,,,,,,,,,,,,,,,,,,,,,,,-2.048607276752591,,"31 - 31",,,,0.38392857,0.35267857,0.26339286,0.16517857,0.58928571,0.24553571,0.26732673,,,,,,,,,,,,,,,,,,,,,,,,,,,,,,,,,,,,,,,,,,,,,,,,,,,,,,,,,,,,,,,,,,,,,,,,,,,,,,,,,,,,,,,,,,,,,,,,,,,,,,,,,,,,,,,,,,,,,,,,,,,,,"L",,,,,,,,,,,,,,,,,,,,,,,,,,,,,,,,,,,,,,,,,,,,,,,,,,,,,,,,,,,,,,,,,,,,,,,,,,,,,,,,,,,,,,,,,,,,,,,,,,,,,,,,,,,,,,,,,,,,,,,,,,"Zach McKinstry",19392,656716
"Daulton Varsho","- - -","Daulton Varsho","- - -",2026,29,114,316,348,71,46,15,1,9,36,27,31,2,70,0,1,0,2,8,0,0.224683544,95,111,41,12,1322,468,854,9,0,0,0.089080459,0.201149425,0.442857142,0.293103448,0.36392405,0.657027498,0.139240506,0.260504201,0.855855855,0.165991902,0.384615384,0.449392712,0.108108108,0.081081081,0.094736842,0,0.2895803871871419,-7.479530960678686,33.61476358735598,,,,,,,,5.128834403161128,83.99277376053793,,,,,,,,,,,,,,,,,,,,,,,,,,,,,,,,,,,,,,,,,,,,,,,,,,,,,,,,,,,,,,,,,,,,,,,,,,,,,,,,,,,,,,,,,,,,,,,,,,,,,,,,,,,,,,,,,,,,,,,,,,,,,,,,,,,,,,,,1.1777329435572028,,"29 - 29",,,,0.40080972,0.4048583,0.19433198,0.17813765,0.48582996,0.33603239,0.31609195,,,,,,,,,,,,,,,,,,,,,,,,,,,,,,,,,,,,,,,,,,,,,,,,,,,,,,,,,,,,,,,,,,,,,,,,,,,,,,,,,,,,,,,,,,,,,,,,,,,,,,,,,,,,,,,,,,,,,,,,,,,,,"L",,,,,,,,,,,,,,,,,,,,,,,,,,,,,,,,,,,,,,,,,,,,,,,,,,,,,,,,,,,,,,,,,,,,,,,,,,,,,,,,,,,,,,,,,,,,,,,,,,,,,,,,,,,,,,,,,,,,,,,,,,"Daulton Varsho",19918,662139
"José Ramírez","CLE","José Ramírez","CLE",2026,33,97,275,321,60,39,15,0,6,40,28,40,3,50,0,5,0,3,19,4,0.218181818,68,109,53,17,1360,530,830,3,0,0,0.124610591,0.155763239,0.8,0.3125,0.338181818,0.650681818,0.12,0.241071428,0.623853211,0.230434782,0.295652173,0.473913043,0.155963302,0.055045871,0.044117647,0,0.28957307507939145,-6.917079028604006,30.98886508035901,,,,,,,,5.4148073346448555,83.55602676259376,,,,,,,,,,,,,,,,,,,,,,,,,,,,,,,,,,,,,,,,,,,,,,,,,,,,,,,,,,,,,,,,,,,,,,,,,,,,,,,,,,,,,,,,,,,,,,,,,,,,,,,,,,,,,,,,,,,,,,,,,,,,,,,,,,,,,,,,1.7285096757113934,,"33 - 33",,,,0.50869565,0.34347826,0.14782609,0.16956522,0.52608696,0.30434783,0.29906542,,,,,,,,,,,,,,,,,,,,,,,,,,,,,,,,,,,,,,,,,,,,,,,,,,,,,,,,,,,,,,,,,,,,,,,,,,,,,,,,,,,,,,,,,,,,,,,,,,,,,,,,,,,,,,,,,,,,,,,,,,,,,"B",,,,,,,,,,,,,,,,,,,,,,,,,,,,,,,,,,,,,,,,,,,,,,,,,,,,,,,,,,,,,,,,,,,,,,,,,,,,,,,,,,,,,,,,,,,,,,,,,,,,,,,,,,,,,,,,,,,,,,,,,,"Jose Ramirez",13510,608070
"Austin Wells","NYY","Austin Wells","NYY",2026,26,96,204,237,42,30,5,0,7,23,18,28,2,64,3,1,1,8,2,0,0.205882352,45,62,32,9,960,377,583,1,3,1,0.118143459,0.270042194,0.4375,0.309322033,0.333333333,0.642655366,0.127450981,0.261194029,0.725806451,0.230215827,0.323741007,0.446043165,0.14516129,0.112903225,0.022222222,0.333333333,0.2894042147021008,-5.139281237780898,22.847350394070297,,,,,,,,2.967576861155642,83.13406269012664,,,,,,,,,,,,,,,,,,,,,,,,,,,,,,,,,,,,,,,,,,,,,,,,,,,,,,,,,,,,,,,,,,,,,,,,,,,,,,,,,,,,,,,,,,,,,,,,,,,,,,,,,,,,,,,,,,,,,,,,,,,,,,,,,,,,,,,,0.06781656946986914,,"26 - 26",,,,0.49295775,0.32394366,0.18309859,0.14788732,0.45774648,0.3943662,0.41772152,,,,,,,,,,,,,,,,,,,,,,,,,,,,,,,,,,,,,,,,,,,,,,,,,,,,,,,,,,,,,,,,,,,,,,,,,,,,,,,,,,,,,,,,,,,,,,,,,,,,,,,,,,,,,,,,,,,,,,,,,,,,,"L",,,,,,,,,,,,,,,,,,,,,,,,,,,,,,,,,,,,,,,,,,,,,,,,,,,,,,,,,,,,,,,,,,,,,,,,,,,,,,,,,,,,,,,,,,,,,,,,,,,,,,,,,,,,,,,,,,,,,,,,,,"Austin Wells",27562,669224
"Jacob Young","WSN","Jacob Young","WSN",2026,26,103,251,279,56,37,10,2,7,33,29,18,0,48,6,2,2,4,11,2,0.223107569,81,80,41,5,1009,341,668,5,5,0,0.064516129,0.17204301,0.375,0.288808664,0.3625498,0.651358464,0.139442231,0.247474747,1.0125,0.202970297,0.400990099,0.396039603,0.0625,0.0875,0.061728395,0,0.28902482620645514,-6.1354151611948495,26.810872709212255,,,,,,,,6.599376277900801,78.49991042037921,,,,,,,,,,,,,,,,,,,,,,,,,,,,,,,,,,,,,,,,,,,,,,,,,,,,,,,,,,,,,,,,,,,,,,,,,,,,,,,,,,,,,,,,,,,,,,,,,,,,,,,,,,,,,,,,,,,,,,,,,,,,,,,,,,,,,,,,1.0347596043720841,,"26 - 26",,,,0.38164251,0.33816425,0.28019324,0.15458937,0.54589372,0.29951691,0.26164875,,,,,,,,,,,,,,,,,,,,,,,,,,,,,,,,,,,,,,,,,,,,,,,,,,,,,,,,,,,,,,,,,,,,,,,,,,,,,,,,,,,,,,,,,,,,,,,,,,,,,,,,,,,,,,,,,,,,,,,,,,,,,"R",,,,,,,,,,,,,,,,,,,,,,,,,,,,,,,,,,,,,,,,,,,,,,,,,,,,,,,,,,,,,,,,,,,,,,,,,,,,,,,,,,,,,,,,,,,,,,,,,,,,,,,,,,,,,,,,,,,,,,,,,,"Jacob Young",29931,696285
"Yohel Pozo","- - -","Yohel Pozo","- - -",2026,29,19,29,30,8,6,1,0,1,2,4,0,0,6,0,1,0,1,0,0,0.275862068,10,7,7,1,107,28,79,0,0,0,0,0.2,0,0.266666666,0.413793103,0.680459769,0.137931035,0.304347826,1.428571428,0.291666666,0.416666666,0.291666666,0.142857142,0.142857142,0,0,0.28852643569310504,-0.6717817050313775,2.8708298939371284,,,,,,,,0.4107142775,83.17847569973762,,,,,,,,,,,,,,,,,,,,,,,,,,,,,,,,,,,,,,,,,,,,,,,,,,,,,,,,,,,,,,,,,,,,,,,,,,,,,,,,,,,,,,,,,,,,,,,,,,,,,,,,,,,,,,,,,,,,,,,,,,,,,,,,,,,,,,,,-0.03378136642277241,,"29 - 29",,,,0.29166667,0.375,0.33333333,0.125,0.66666667,0.20833333,0.23333333,,,,,,,,,,,,,,,,,,,,,,,,,,,,,,,,,,,,,,,,,,,,,,,,,,,,,,,,,,,,,,,,,,,,,,,,,,,,,,,,,,,,,,,,,,,,,,,,,,,,,,,,,,,,,,,,,,,,,,,,,,,,,"R",,,,,,,,,,,,,,,,,,,,,,,,,,,,,,,,,,,,,,,,,,,,,,,,,,,,,,,,,,,,,,,,,,,,,,,,,,,,,,,,,,,,,,,,,,,,,,,,,,,,,,,,,,,,,,,,,,,,,,,,,,"Yohel Pozo",18848,650968
"Maikel Garcia","KCR","Maikel Garcia","KCR",2026,26,69,223,241,56,38,14,3,1,23,27,16,0,38,0,2,0,7,4,4,0.251121076,82,65,38,4,890,330,560,4,2,0,0.066390041,0.157676348,0.421052631,0.298755186,0.354260089,0.653015275,0.103139013,0.295698924,1.261538461,0.205405405,0.443243243,0.351351351,0.061538461,0.015384615,0.048780487,0,0.28843590332759367,-5.414244407836571,23.044735437210427,,,,,,,,5.093385146177333,79.8642718866239,,,,,,,,,,,,,,,,,,,,,,,,,,,,,,,,,,,,,,,,,,,,,,,,,,,,,,,,,,,,,,,,,,,,,,,,,,,,,,,,,,,,,,,,,,,,,,,,,,,,,,,,,,,,,,,,,,,,,,,,,,,,,,,,,,,,,,,,-1.147625358775258,,"26 - 26",,,,0.3368984,0.40106952,0.26203209,0.10695187,0.63101604,0.26203209,0.22821577,,,,,,,,,,,,,,,,,,,,,,,,,,,,,,,,,,,,,,,,,,,,,,,,,,,,,,,,,,,,,,,,,,,,,,,,,,,,,,,,,,,,,,,,,,,,,,,,,,,,,,,,,,,,,,,,,,,,,,,,,,,,,"R",,,,,,,,,,,,,,,,,,,,,,,,,,,,,,,,,,,,,,,,,,,,,,,,,,,,,,,,,,,,,,,,,,,,,,,,,,,,,,,,,,,,,,,,,,,,,,,,,,,,,,,,,,,,,,,,,,,,,,,,,,"Maikel Garcia",22715,672580
"Austin Riley","ATL","Austin Riley","ATL",2026,29,127,344,378,75,48,14,0,13,40,44,24,0,119,7,3,0,7,5,1,0.218023255,72,117,39,17,1474,508,966,2,0,0,0.063492063,0.314814814,0.201680672,0.28042328,0.372093023,0.652516303,0.154069768,0.288372093,0.615384615,0.171052631,0.315789473,0.513157894,0.145299145,0.111111111,0.027777777,0,0.28819427367240663,-8.565720522065059,36.07118562493812,,,,,,,,3.677509884987576,79.82302421083027,,,,,,,,,,,,,,,,,,,,,,,,,,,,,,,,,,,,,,,,,,,,,,,,,,,,,,,,,,,,,,,,,,,,,,,,,,,,,,,,,,,,,,,,,,,,,,,,,,,,,,,,,,,,,,,,,,,,,,,,,,,,,,,,,,,,,,,,0.14431375544518232,,"29 - 29",,,,0.38157895,0.33333333,0.28508772,0.13596491,0.47368421,0.39035088,0.41269841,,,,,,,,,,,,,,,,,,,,,,,,,,,,,,,,,,,,,,,,,,,,,,,,,,,,,,,,,,,,,,,,,,,,,,,,,,,,,,,,,,,,,,,,,,,,,,,,,,,,,,,,,,,,,,,,,,,,,,,,,,,,,"R",,,,,,,,,,,,,,,,,,,,,,,,,,,,,,,,,,,,,,,,,,,,,,,,,,,,,,,,,,,,,,,,,,,,,,,,,,,,,,,,,,,,,,,,,,,,,,,,,,,,,,,,,,,,,,,,,,,,,,,,,,"Austin Riley",18360,663586
"Joey Wiemer","WSN","Joey Wiemer","WSN",2026,27,22,33,40,7,6,1,0,0,7,3,6,0,15,1,0,0,1,1,0,0.212121212,10,3,4,1,159,62,97,1,1,1,0.15,0.375,0.4,0.35,0.242424242,0.592424242,0.03030303,0.388888888,3.333333333,0.235294117,0.588235294,0.176470588,0.333333333,0,0.1,1,0.2880345478653908,-0.9115786707573125,3.8119034612006955,,,,,,,,5.621891718598375,77.83555422598351,,,,,,,,,,,,,,,,,,,,,,,,,,,,,,,,,,,,,,,,,,,,,,,,,,,,,,,,,,,,,,,,,,,,,,,,,,,,,,,,,,,,,,,,,,,,,,,,,,,,,,,,,,,,,,,,,,,,,,,,,,,,,,,,,,,,,,,,0.1268070423975587,,"27 - 27",,,,0.38888889,0.27777778,0.33333333,0.27777778,0.55555556,0.16666667,0.525,,,,,,,,,,,,,,,,,,,,,,,,,,,,,,,,,,,,,,,,,,,,,,,,,,,,,,,,,,,,,,,,,,,,,,,,,,,,,,,,,,,,,,,,,,,,,,,,,,,,,,,,,,,,,,,,,,,,,,,,,,,,,"R",,,,,,,,,,,,,,,,,,,,,,,,,,,,,,,,,,,,,,,,,,,,,,,,,,,,,,,,,,,,,,,,,,,,,,,,,,,,,,,,,,,,,,,,,,,,,,,,,,,,,,,,,,,,,,,,,,,,,,,,,,"Joey Wiemer",27690,686894
"Heliot Ramos","- - -","Heliot Ramos","- - -",2026,26,88,267,287,62,41,12,2,7,25,27,14,0,80,5,1,0,5,3,0,0.232209737,112,51,25,4,1108,364,744,8,0,0,0.048780487,0.278745644,0.175,0.282229965,0.370786516,0.653016481,0.138576779,0.303867403,2.196078431,0.132978723,0.59574468,0.271276595,0.078431372,0.137254901,0.071428571,0,0.2878881032458581,-6.574476893147346,27.31650740365136,,,,,,,,4.832583582561453,81.63789640155649,,,,,,,,,,,,,,,,,,,,,,,,,,,,,,,,,,,,,,,,,,,,,,,,,,,,,,,,,,,,,,,,,,,,,,,,,,,,,,,,,,,,,,,,,,,,,,,,,,,,,,,,,,,,,,,,,,,,,,,,,,,,,,,,,,,,,,,,0.26218634471297264,,"26 - 26",,,,0.35638298,0.40957447,0.23404255,0.15425532,0.46276596,0.38297872,0.35191638,,,,,,,,,,,,,,,,,,,,,,,,,,,,,,,,,,,,,,,,,,,,,,,,,,,,,,,,,,,,,,,,,,,,,,,,,,,,,,,,,,,,,,,,,,,,,,,,,,,,,,,,,,,,,,,,,,,,,,,,,,,,,"R",,,,,,,,,,,,,,,,,,,,,,,,,,,,,,,,,,,,,,,,,,,,,,,,,,,,,,,,,,,,,,,,,,,,,,,,,,,,,,,,,,,,,,,,,,,,,,,,,,,,,,,,,,,,,,,,,,,,,,,,,,"Heliot Ramos",22515,671218
"Cam Smith","HOU","Cam Smith","HOU",2026,23,120,323,357,70,43,13,3,11,40,36,25,0,91,4,4,0,4,8,1,0.216718266,110,83,43,10,1405,515,890,9,0,0,0.070028011,0.25490196,0.274725274,0.278089887,0.377708978,0.655798865,0.160990712,0.262222222,1.325301204,0.182203389,0.466101694,0.351694915,0.120481927,0.13253012,0.081818181,0,0.2877010450269399,-8.231870590056158,33.92520743766906,,,,,,,,6.2983292858209685,82.55054484418672,,,,,,,,,,,,,,,,,,,,,,,,,,,,,,,,,,,,,,,,,,,,,,,,,,,,,,,,,,,,,,,,,,,,,,,,,,,,,,,,,,,,,,,,,,,,,,,,,,,,,,,,,,,,,,,,,,,,,,,,,,,,,,,,,,,,,,,,0.7837253585457802,,"23 - 23",,,,0.38983051,0.38983051,0.22033898,0.13559322,0.48728814,0.37711864,0.3557423,,,,,,,,,,,,,,,,,,,,,,,,,,,,,,,,,,,,,,,,,,,,,,,,,,,,,,,,,,,,,,,,,,,,,,,,,,,,,,,,,,,,,,,,,,,,,,,,,,,,,,,,,,,,,,,,,,,,,,,,,,,,,"R",,,,,,,,,,,,,,,,,,,,,,,,,,,,,,,,,,,,,,,,,,,,,,,,,,,,,,,,,,,,,,,,,,,,,,,,,,,,,,,,,,,,,,,,,,,,,,,,,,,,,,,,,,,,,,,,,,,,,,,,,,"Cam Smith",35108,701358
"A.J. Ewing","NYM","A.J. Ewing","NYM",2026,21,92,260,291,60,43,12,0,5,32,20,26,0,75,1,1,3,1,16,6,0.23076923,78,62,46,3,1146,421,725,7,3,0,0.089347079,0.257731958,0.346666666,0.302083333,0.334615384,0.636698717,0.103846154,0.303867403,1.258064516,0.247311827,0.419354838,0.333333333,0.048387096,0.080645161,0.089743589,0,0.2866915634108914,-6.946950257450588,27.41638225254392,,,,,,,,4.911675261731171,80.55958409746596,,,,,,,,,,,,,,,,,,,,,,,,,,,,,,,,,,,,,,,,,,,,,,,,,,,,,,,,,,,,,,,,,,,,,,,,,,,,,,,,,,,,,,,,,,,,,,,,,,,,,,,,,,,,,,,,,,,,,,,,,,,,,,,,,,,,,,,,0.34049449674785137,,"21 - 21",,,,0.35449735,0.34920635,0.2962963,0.07407407,0.57671958,0.34920635,0.36426117,,,,,,,,,,,,,,,,,,,,,,,,,,,,,,,,,,,,,,,,,,,,,,,,,,,,,,,,,,,,,,,,,,,,,,,,,,,,,,,,,,,,,,,,,,,,,,,,,,,,,,,,,,,,,,,,,,,,,,,,,,,,,"L",,,,,,,,,,,,,,,,,,,,,,,,,,,,,,,,,,,,,,,,,,,,,,,,,,,,,,,,,,,,,,,,,,,,,,,,,,,,,,,,,,,,,,,,,,,,,,,,,,,,,,,,,,,,,,,,,,,,,,,,,,"A.J. Ewing",33656,805999
"Tsung-Che Cheng","BOS","Tsung-Che Cheng","BOS",2026,24,14,34,39,9,8,1,0,0,6,5,4,0,10,0,1,0,1,0,1,0.264705882,9,9,5,0,144,50,94,0,2,2,0.102564102,0.256410256,0.4,0.333333333,0.294117647,0.62745098,0.029411765,0.36,1,0.217391304,0.391304347,0.391304347,0,0,0,1,0.2865805136851775,-0.9345277877694651,3.6708672908895923,,,,,,,,3.290598002740938,78.27354515779862,,,,,,,,,,,,,,,,,,,,,,,,,,,,,,,,,,,,,,,,,,,,,,,,,,,,,,,,,,,,,,,,,,,,,,,,,,,,,,,,,,,,,,,,,,,,,,,,,,,,,,,,,,,,,,,,,,,,,,,,,,,,,,,,,,,,,,,,-0.47846100106835365,,"24 - 24",,,,0.48,0.32,0.2,0,0.64,0.36,0.35897436,,,,,,,,,,,,,,,,,,,,,,,,,,,,,,,,,,,,,,,,,,,,,,,,,,,,,,,,,,,,,,,,,,,,,,,,,,,,,,,,,,,,,,,,,,,,,,,,,,,,,,,,,,,,,,,,,,,,,,,,,,,,,"L",,,,,,,,,,,,,,,,,,,,,,,,,,,,,,,,,,,,,,,,,,,,,,,,,,,,,,,,,,,,,,,,,,,,,,,,,,,,,,,,,,,,,,,,,,,,,,,,,,,,,,,,,,,,,,,,,,,,,,,,,,"Tsung-Che Cheng",28344,691907
"Jackson Holliday","BAL","Jackson Holliday","BAL",2026,22,83,195,225,43,30,7,1,5,31,21,25,2,47,0,4,1,6,7,3,0.22051282,72,54,26,11,851,324,527,5,1,0,0.111111111,0.208888888,0.531914893,0.303571428,0.343589743,0.647161171,0.123076923,0.258503401,1.333333333,0.171052631,0.47368421,0.355263157,0.203703703,0.092592592,0.069444444,0,0.28583951361544496,-5.52598230535063,21.043604686913167,,,,,,,,5.69504911343471,82.55067603194888,,,,,,,,,,,,,,,,,,,,,,,,,,,,,,,,,,,,,,,,,,,,,,,,,,,,,,,,,,,,,,,,,,,,,,,,,,,,,,,,,,,,,,,,,,,,,,,,,,,,,,,,,,,,,,,,,,,,,,,,,,,,,,,,,,,,,,,,-0.13109685387462378,,"22 - 22",,,,0.37254902,0.38562092,0.24183007,0.16993464,0.50326797,0.32679739,0.34222222,,,,,,,,,,,,,,,,,,,,,,,,,,,,,,,,,,,,,,,,,,,,,,,,,,,,,,,,,,,,,,,,,,,,,,,,,,,,,,,,,,,,,,,,,,,,,,,,,,,,,,,,,,,,,,,,,,,,,,,,,,,,,"L",,,,,,,,,,,,,,,,,,,,,,,,,,,,,,,,,,,,,,,,,,,,,,,,,,,,,,,,,,,,,,,,,,,,,,,,,,,,,,,,,,,,,,,,,,,,,,,,,,,,,,,,,,,,,,,,,,,,,,,,,,"Jackson Holliday",31781,702616
"Jace Jung","DET","Jace Jung","DET",2026,25,3,6,8,1,1,0,0,0,1,0,2,0,1,0,0,0,0,0,0,0.166666666,1,3,1,0,33,14,19,0,0,0,0.25,0.125,2,0.375,0.166666666,0.541666666,0,0.2,0.333333333,0.2,0.2,0.6,0,0,0,0,0.28580472618341446,-0.1967038395863663,0.7479925868052353,,,,,,,,1.60119047125,79.6404326124448,,,,,,,,,,,,,,,,,,,,,,,,,,,,,,,,,,,,,,,,,,,,,,,,,,,,,,,,,,,,,,,,,,,,,,,,,,,,,,,,,,,,,,,,,,,,,,,,,,,,,,,,,,,,,,,,,,,,,,,,,,,,,,,,,,,,,,,,-0.016890683211386204,,"25 - 25",,,,0.4,0.2,0.4,0,1,0,0.375,,,,,,,,,,,,,,,,,,,,,,,,,,,,,,,,,,,,,,,,,,,,,,,,,,,,,,,,,,,,,,,,,,,,,,,,,,,,,,,,,,,,,,,,,,,,,,,,,,,,,,,,,,,,,,,,,,,,,,,,,,,,,"L",,,,,,,,,,,,,,,,,,,,,,,,,,,,,,,,,,,,,,,,,,,,,,,,,,,,,,,,,,,,,,,,,,,,,,,,,,,,,,,,,,,,,,,,,,,,,,,,,,,,,,,,,,,,,,,,,,,,,,,,,,"Jace Jung",31437,690291
"Kahlil Watson","CLE","Kahlil Watson","CLE",2026,23,27,71,74,18,12,5,0,1,5,9,3,0,27,0,0,0,2,7,1,0.253521126,22,11,10,0,283,93,190,2,1,0,0.04054054,0.364864864,0.111111111,0.283783783,0.366197183,0.649980966,0.112676057,0.395348837,2,0.232558139,0.511627906,0.255813953,0,0.09090909,0.09090909,0,0.2856815763421961,-1.826860883898397,6.9115810602239165,,,,,,,,5.28257803738635,80.84781630071754,,,,,,,,,,,,,,,,,,,,,,,,,,,,,,,,,,,,,,,,,,,,,,,,,,,,,,,,,,,,,,,,,,,,,,,,,,,,,,,,,,,,,,,,,,,,,,,,,,,,,,,,,,,,,,,,,,,,,,,,,,,,,,,,,,,,,,,,0.9046483365818858,,"23 - 23",,,,0.40909091,0.38636364,0.20454545,0.04545455,0.68181818,0.27272727,0.41891892,,,,,,,,,,,,,,,,,,,,,,,,,,,,,,,,,,,,,,,,,,,,,,,,,,,,,,,,,,,,,,,,,,,,,,,,,,,,,,,,,,,,,,,,,,,,,,,,,,,,,,,,,,,,,,,,,,,,,,,,,,,,,"L",,,,,,,,,,,,,,,,,,,,,,,,,,,,,,,,,,,,,,,,,,,,,,,,,,,,,,,,,,,,,,,,,,,,,,,,,,,,,,,,,,,,,,,,,,,,,,,,,,,,,,,,,,,,,,,,,,,,,,,,,,"Kahlil Watson",29905,696135
"Alex Call","LAD","Alex Call","LAD",2026,31,49,84,100,19,16,3,0,0,13,9,13,0,18,2,1,0,1,0,1,0.226190476,32,25,10,5,436,171,265,2,0,0,0.13,0.18,0.722222222,0.34,0.261904761,0.601904761,0.035714285,0.283582089,1.28,0.149253731,0.47761194,0.373134328,0.2,0,0.0625,0,0.2856409704685211,-2.4720060828938526,9.336699247001167,,,,,,,,2.577260130377835,78.66134638959197,,,,,,,,,,,,,,,,,,,,,,,,,,,,,,,,,,,,,,,,,,,,,,,,,,,,,,,,,,,,,,,,,,,,,,,,,,,,,,,,,,,,,,,,,,,,,,,,,,,,,,,,,,,,,,,,,,,,,,,,,,,,,,,,,,,,,,,,-0.5854353280737996,,"31 - 31",,,,0.3880597,0.34328358,0.26865672,0.17910448,0.6119403,0.20895522,0.31,,,,,,,,,,,,,,,,,,,,,,,,,,,,,,,,,,,,,,,,,,,,,,,,,,,,,,,,,,,,,,,,,,,,,,,,,,,,,,,,,,,,,,,,,,,,,,,,,,,,,,,,,,,,,,,,,,,,,,,,,,,,,"R",,,,,,,,,,,,,,,,,,,,,,,,,,,,,,,,,,,,,,,,,,,,,,,,,,,,,,,,,,,,,,,,,,,,,,,,,,,,,,,,,,,,,,,,,,,,,,,,,,,,,,,,,,,,,,,,,,,,,,,,,,"Alex Call",19296,669743
"Andrés Giménez","TOR","Andrés Giménez","TOR",2026,27,118,291,315,72,49,16,1,6,24,42,11,2,64,7,5,1,6,15,3,0.24742268,96,84,50,8,1208,359,849,4,3,1,0.034920634,0.203174603,0.171875,0.286624203,0.37113402,0.657758223,0.12371134,0.292035398,1.142857142,0.217391304,0.417391304,0.365217391,0.095238095,0.071428571,0.041666666,0.333333333,0.285620269102928,-7.792078765025922,29.40534302414339,,,,,,,,5.365720359104585,81.2181713992821,,,,,,,,,,,,,,,,,,,,,,,,,,,,,,,,,,,,,,,,,,,,,,,,,,,,,,,,,,,,,,,,,,,,,,,,,,,,,,,,,,,,,,,,,,,,,,,,,,,,,,,,,,,,,,,,,,,,,,,,,,,,,,,,,,,,,,,,1.4013404371216893,,"27 - 27",,,,0.44635193,0.25751073,0.29613734,0.1416309,0.57081545,0.28755365,0.25714286,,,,,,,,,,,,,,,,,,,,,,,,,,,,,,,,,,,,,,,,,,,,,,,,,,,,,,,,,,,,,,,,,,,,,,,,,,,,,,,,,,,,,,,,,,,,,,,,,,,,,,,,,,,,,,,,,,,,,,,,,,,,,"L",,,,,,,,,,,,,,,,,,,,,,,,,,,,,,,,,,,,,,,,,,,,,,,,,,,,,,,,,,,,,,,,,,,,,,,,,,,,,,,,,,,,,,,,,,,,,,,,,,,,,,,,,,,,,,,,,,,,,,,,,,"Andres Gimenez",19950,665926
"John Rave","KCR","John Rave","KCR",2026,28,29,61,68,12,6,4,0,2,7,3,7,0,15,0,0,0,1,4,0,0.196721311,19,19,7,3,258,104,154,3,1,0,0.102941176,0.220588235,0.466666666,0.279411764,0.360655737,0.640067501,0.163934426,0.227272727,1,0.155555555,0.422222222,0.422222222,0.157894736,0.105263157,0.157894736,0,0.2850155357052298,-1.7152673193585621,6.314652304970052,,,,,,,,5.694307420897111,77.48393567070507,,,,,,,,,,,,,,,,,,,,,,,,,,,,,,,,,,,,,,,,,,,,,,,,,,,,,,,,,,,,,,,,,,,,,,,,,,,,,,,,,,,,,,,,,,,,,,,,,,,,,,,,,,,,,,,,,,,,,,,,,,,,,,,,,,,,,,,,0.7268070513382554,,"28 - 28",,,,0.41304348,0.36956522,0.2173913,0.13043478,0.5,0.36956522,0.35294118,,,,,,,,,,,,,,,,,,,,,,,,,,,,,,,,,,,,,,,,,,,,,,,,,,,,,,,,,,,,,,,,,,,,,,,,,,,,,,,,,,,,,,,,,,,,,,,,,,,,,,,,,,,,,,,,,,,,,,,,,,,,,"L",,,,,,,,,,,,,,,,,,,,,,,,,,,,,,,,,,,,,,,,,,,,,,,,,,,,,,,,,,,,,,,,,,,,,,,,,,,,,,,,,,,,,,,,,,,,,,,,,,,,,,,,,,,,,,,,,,,,,,,,,,"John Rave",26284,670231
"Jake Meyers","HOU","Jake Meyers","HOU",2026,30,35,88,98,20,14,4,0,2,9,5,8,0,19,1,1,0,2,0,2,0.227272727,31,26,13,4,355,128,227,4,0,0,0.081632653,0.193877551,0.421052631,0.295918367,0.34090909,0.636827457,0.113636363,0.264705882,1.192307692,0.185714285,0.442857142,0.371428571,0.153846153,0.076923076,0.129032258,0,0.285003161552001,-2.4729810054755097,9.099550217821609,,,,,,,,2.134518531500739,80.67300697377273,,,,,,,,,,,,,,,,,,,,,,,,,,,,,,,,,,,,,,,,,,,,,,,,,,,,,,,,,,,,,,,,,,,,,,,,,,,,,,,,,,,,,,,,,,,,,,,,,,,,,,,,,,,,,,,,,,,,,,,,,,,,,,,,,,,,,,,,-0.9512917743995786,,"30 - 30",,,,0.4,0.34285714,0.25714286,0.2,0.52857143,0.27142857,0.29591837,,,,,,,,,,,,,,,,,,,,,,,,,,,,,,,,,,,,,,,,,,,,,,,,,,,,,,,,,,,,,,,,,,,,,,,,,,,,,,,,,,,,,,,,,,,,,,,,,,,,,,,,,,,,,,,,,,,,,,,,,,,,,"R",,,,,,,,,,,,,,,,,,,,,,,,,,,,,,,,,,,,,,,,,,,,,,,,,,,,,,,,,,,,,,,,,,,,,,,,,,,,,,,,,,,,,,,,,,,,,,,,,,,,,,,,,,,,,,,,,,,,,,,,,,"Jake Meyers",20308,676694
"Weston Wilson","- - -","Weston Wilson","- - -",2026,31,31,45,52,9,6,2,0,1,6,4,7,0,16,0,0,0,0,2,0,0.2,11,13,5,2,216,79,137,0,0,0,0.134615384,0.307692307,0.4375,0.307692307,0.311111111,0.618803418,0.111111111,0.285714285,0.846153846,0.172413793,0.379310344,0.448275862,0.153846153,0.076923076,0,0,0.2847042198364551,-1.3247321498881803,4.81579462165723,,,,,,,,5.194201231195009,85.29543810613447,,,,,,,,,,,,,,,,,,,,,,,,,,,,,,,,,,,,,,,,,,,,,,,,,,,,,,,,,,,,,,,,,,,,,,,,,,,,,,,,,,,,,,,,,,,,,,,,,,,,,,,,,,,,,,,,,,,,,,,,,,,,,,,,,,,,,,,,0.32680704537779093,,"31 - 31",,,,0.44827586,0.27586207,0.27586207,0.20689655,0.5862069,0.20689655,0.46153846,,,,,,,,,,,,,,,,,,,,,,,,,,,,,,,,,,,,,,,,,,,,,,,,,,,,,,,,,,,,,,,,,,,,,,,,,,,,,,,,,,,,,,,,,,,,,,,,,,,,,,,,,,,,,,,,,,,,,,,,,,,,,"R",,,,,,,,,,,,,,,,,,,,,,,,,,,,,,,,,,,,,,,,,,,,,,,,,,,,,,,,,,,,,,,,,,,,,,,,,,,,,,,,,,,,,,,,,,,,,,,,,,,,,,,,,,,,,,,,,,,,,,,,,,"Weston Wilson",19358,642215
"Spencer Jones","NYY","Spencer Jones","NYY",2026,25,61,147,163,30,17,7,0,6,13,19,15,1,61,0,1,0,0,5,2,0.204081632,27,38,22,4,720,270,450,1,0,0,0.092024539,0.374233128,0.245901639,0.276073619,0.374149659,0.650223278,0.170068027,0.296296296,0.710526315,0.252873563,0.310344827,0.436781609,0.105263157,0.157894736,0.037037037,0,0.284291766675902,-4.206751547932105,15.041438139796778,,,,,,,,3.4334199080187875,79.5761570693404,,,,,,,,,,,,,,,,,,,,,,,,,,,,,,,,,,,,,,,,,,,,,,,,,,,,,,,,,,,,,,,,,,,,,,,,,,,,,,,,,,,,,,,,,,,,,,,,,,,,,,,,,,,,,,,,,,,,,,,,,,,,,,,,,,,,,,,,0.003666418604552746,,"25 - 25",,,,0.36781609,0.3908046,0.24137931,0.10344828,0.43678161,0.45977011,0.50306748,,,,,,,,,,,,,,,,,,,,,,,,,,,,,,,,,,,,,,,,,,,,,,,,,,,,,,,,,,,,,,,,,,,,,,,,,,,,,,,,,,,,,,,,,,,,,,,,,,,,,,,,,,,,,,,,,,,,,,,,,,,,,"L",,,,,,,,,,,,,,,,,,,,,,,,,,,,,,,,,,,,,,,,,,,,,,,,,,,,,,,,,,,,,,,,,,,,,,,,,,,,,,,,,,,,,,,,,,,,,,,,,,,,,,,,,,,,,,,,,,,,,,,,,,"Spencer Jones",31532,682987
"Josh Rojas","KCR","Josh Rojas","KCR",2026,32,29,67,71,17,12,4,0,1,8,8,3,0,11,0,0,1,0,1,0,0.253731343,22,27,7,5,268,97,171,1,1,0,0.042253521,0.154929577,0.272727272,0.285714285,0.358208955,0.64392324,0.104477612,0.29090909,0.814814814,0.125,0.392857142,0.482142857,0.185185185,0.037037037,0.045454545,0,0.2839747497013637,-1.8505432137337725,6.533637570491691,,,,,,,,4.305331084210166,76.75962153504742,,,,,,,,,,,,,,,,,,,,,,,,,,,,,,,,,,,,,,,,,,,,,,,,,,,,,,,,,,,,,,,,,,,,,,,,,,,,,,,,,,,,,,,,,,,,,,,,,,,,,,,,,,,,,,,,,,,,,,,,,,,,,,,,,,,,,,,,0.11554658692330122,,"32 - 32",,,,0.31578947,0.35087719,0.33333333,0.15789474,0.52631579,0.31578947,0.21126761,,,,,,,,,,,,,,,,,,,,,,,,,,,,,,,,,,,,,,,,,,,,,,,,,,,,,,,,,,,,,,,,,,,,,,,,,,,,,,,,,,,,,,,,,,,,,,,,,,,,,,,,,,,,,,,,,,,,,,,,,,,,,"L",,,,,,,,,,,,,,,,,,,,,,,,,,,,,,,,,,,,,,,,,,,,,,,,,,,,,,,,,,,,,,,,,,,,,,,,,,,,,,,,,,,,,,,,,,,,,,,,,,,,,,,,,,,,,,,,,,,,,,,,,,"Josh Rojas",19734,668942
"Spencer Steer","CIN","Spencer Steer","CIN",2026,28,94,261,288,54,36,7,0,11,39,27,21,0,74,5,1,0,8,2,0,0.206896551,79,78,30,14,1143,420,723,3,1,0,0.072916666,0.256944444,0.283783783,0.277777777,0.360153256,0.637931033,0.153256705,0.242937853,1.012820512,0.160427807,0.422459893,0.417112299,0.179487179,0.141025641,0.037974683,0,0.28389719935754937,-7.52444320666118,26.484628143436474,,,,,,,,3.9873200864528857,74.83668283905067,,,,,,,,,,,,,,,,,,,,,,,,,,,,,,,,,,,,,,,,,,,,,,,,,,,,,,,,,,,,,,,,,,,,,,,,,,,,,,,,,,,,,,,,,,,,,,,,,,,,,,,,,,,,,,,,,,,,,,,,,,,,,,,,,,,,,,,,0.05092588625848293,,"28 - 28",,,,0.50531915,0.29787234,0.19680851,0.15425532,0.5,0.34574468,0.36805556,,,,,,,,,,,,,,,,,,,,,,,,,,,,,,,,,,,,,,,,,,,,,,,,,,,,,,,,,,,,,,,,,,,,,,,,,,,,,,,,,,,,,,,,,,,,,,,,,,,,,,,,,,,,,,,,,,,,,,,,,,,,,"R",,,,,,,,,,,,,,,,,,,,,,,,,,,,,,,,,,,,,,,,,,,,,,,,,,,,,,,,,,,,,,,,,,,,,,,,,,,,,,,,,,,,,,,,,,,,,,,,,,,,,,,,,,,,,,,,,,,,,,,,,,"Spencer Steer",26323,668715
"George Lombard Jr.","NYY","George Lombard Jr.","NYY",2026,21,23,66,72,16,13,1,0,2,8,5,5,0,18,0,1,0,0,1,1,0.242424242,25,16,8,1,284,99,185,3,0,0,0.069444444,0.25,0.277777777,0.291666666,0.348484848,0.640151514,0.106060606,0.29787234,1.5625,0.163265306,0.510204081,0.326530612,0.0625,0.125,0.12,0,0.2837512004706595,-1.8895894287027692,6.612678408821645,,,,,,,,2.933526593314051,79.19996086545066,,,,,,,,,,,,,,,,,,,,,,,,,,,,,,,,,,,,,,,,,,,,,,,,,,,,,,,,,,,,,,,,,,,,,,,,,,,,,,,,,,,,,,,,,,,,,,,,,,,,,,,,,,,,,,,,,,,,,,,,,,,,,,,,,,,,,,,,-0.3122423645108938,,"21 - 21",,,,0.36734694,0.30612245,0.32653061,0.18367347,0.51020408,0.30612245,0.34722222,,,,,,,,,,,,,,,,,,,,,,,,,,,,,,,,,,,,,,,,,,,,,,,,,,,,,,,,,,,,,,,,,,,,,,,,,,,,,,,,,,,,,,,,,,,,,,,,,,,,,,,,,,,,,,,,,,,,,,,,,,,,,"R",,,,,,,,,,,,,,,,,,,,,,,,,,,,,,,,,,,,,,,,,,,,,,,,,,,,,,,,,,,,,,,,,,,,,,,,,,,,,,,,,,,,,,,,,,,,,,,,,,,,,,,,,,,,,,,,,,,,,,,,,,"George Lombard Jr.",33433,806146
"Nicky Lopez","- - -","Nicky Lopez","- - -",2026,31,72,155,171,41,36,3,1,1,15,18,9,0,30,2,1,4,5,2,3,0.264516129,72,28,25,1,638,208,430,5,5,1,0.052631578,0.175438596,0.3,0.311377245,0.316129032,0.627506277,0.051612903,0.32,2.571428571,0.2,0.576,0.224,0.035714285,0.035714285,0.069444444,0.2,0.28278996987257177,-4.6036620279202545,15.589224086200229,,,,,,,,3.6419338592653343,80.90913099989162,,,,,,,,,,,,,,,,,,,,,,,,,,,,,,,,,,,,,,,,,,,,,,,,,,,,,,,,,,,,,,,,,,,,,,,,,,,,,,,,,,,,,,,,,,,,,,,,,,,,,,,,,,,,,,,,,,,,,,,,,,,,,,,,,,,,,,,,-1.0973155023530126,,"31 - 31",,,,0.34615385,0.43076923,0.22307692,0.13846154,0.57692308,0.28461538,0.23391813,,,,,,,,,,,,,,,,,,,,,,,,,,,,,,,,,,,,,,,,,,,,,,,,,,,,,,,,,,,,,,,,,,,,,,,,,,,,,,,,,,,,,,,,,,,,,,,,,,,,,,,,,,,,,,,,,,,,,,,,,,,,,"L",,,,,,,,,,,,,,,,,,,,,,,,,,,,,,,,,,,,,,,,,,,,,,,,,,,,,,,,,,,,,,,,,,,,,,,,,,,,,,,,,,,,,,,,,,,,,,,,,,,,,,,,,,,,,,,,,,,,,,,,,,"Nicky Lopez",19339,670032
"Cody Freeman","TEX","Cody Freeman","TEX",2026,25,17,31,34,8,7,1,0,0,3,1,3,0,5,0,0,0,0,0,0,0.258064516,15,6,5,1,145,51,94,1,0,0,0.088235294,0.147058823,0.6,0.323529411,0.29032258,0.613851991,0.032258064,0.307692307,2.5,0.192307692,0.576923076,0.23076923,0.166666666,0,0.066666666,0,0.2820085620178896,-0.9400953125160748,3.0748644996482315,,,,,,,,1.22240259,79.99580939760106,,,,,,,,,,,,,,,,,,,,,,,,,,,,,,,,,,,,,,,,,,,,,,,,,,,,,,,,,,,,,,,,,,,,,,,,,,,,,,,,,,,,,,,,,,,,,,,,,,,,,,,,,,,,,,,,,,,,,,,,,,,,,,,,,,,,,,,,-0.056302277371287346,,"25 - 25",,,,0.46153846,0.26923077,0.26923077,0.19230769,0.5,0.30769231,0.23529412,,,,,,,,,,,,,,,,,,,,,,,,,,,,,,,,,,,,,,,,,,,,,,,,,,,,,,,,,,,,,,,,,,,,,,,,,,,,,,,,,,,,,,,,,,,,,,,,,,,,,,,,,,,,,,,,,,,,,,,,,,,,,"R",,,,,,,,,,,,,,,,,,,,,,,,,,,,,,,,,,,,,,,,,,,,,,,,,,,,,,,,,,,,,,,,,,,,,,,,,,,,,,,,,,,,,,,,,,,,,,,,,,,,,,,,,,,,,,,,,,,,,,,,,,"Cody Freeman",25629,683227
"Pedro Pagés","STL","Pedro Pagés","STL",2026,27,45,97,109,22,15,3,0,4,10,10,4,0,26,2,2,4,4,2,0,0.226804123,33,29,11,2,418,129,289,2,4,0,0.036697247,0.23853211,0.153846153,0.266666666,0.381443298,0.648109964,0.154639175,0.260869565,1.137931034,0.150684931,0.452054794,0.397260273,0.068965517,0.137931034,0.06060606,0,0.2818966825803121,-3.023671011952558,9.847817797633013,,,,,,,,4.127724800160033,77.12079702016038,,,,,,,,,,,,,,,,,,,,,,,,,,,,,,,,,,,,,,,,,,,,,,,,,,,,,,,,,,,,,,,,,,,,,,,,,,,,,,,,,,,,,,,,,,,,,,,,,,,,,,,,,,,,,,,,,,,,,,,,,,,,,,,,,,,,,,,,0.28176522348076105,,"27 - 27",,,,0.45454545,0.28571429,0.25974026,0.18181818,0.5974026,0.22077922,0.31192661,,,,,,,,,,,,,,,,,,,,,,,,,,,,,,,,,,,,,,,,,,,,,,,,,,,,,,,,,,,,,,,,,,,,,,,,,,,,,,,,,,,,,,,,,,,,,,,,,,,,,,,,,,,,,,,,,,,,,,,,,,,,,"R",,,,,,,,,,,,,,,,,,,,,,,,,,,,,,,,,,,,,,,,,,,,,,,,,,,,,,,,,,,,,,,,,,,,,,,,,,,,,,,,,,,,,,,,,,,,,,,,,,,,,,,,,,,,,,,,,,,,,,,,,,"Pedro Pages",25782,686780
"Drew Cavanaugh","SFG","Drew Cavanaugh","SFG",2026,24,39,90,104,22,21,1,0,0,4,6,13,0,25,0,0,1,3,1,0,0.244444444,26,19,19,3,391,148,243,1,2,1,0.125,0.240384615,0.52,0.339805825,0.255555555,0.59536138,0.011111111,0.338461538,1.368421052,0.296875,0.40625,0.296875,0.157894736,0,0.038461538,0.5,0.2818720439105358,-2.887037286038963,9.394016257051856,,,,,,,,2.1355155932074936,77.9027609760783,,,,,,,,,,,,,,,,,,,,,,,,,,,,,,,,,,,,,,,,,,,,,,,,,,,,,,,,,,,,,,,,,,,,,,,,,,,,,,,,,,,,,,,,,,,,,,,,,,,,,,,,,,,,,,,,,,,,,,,,,,,,,,,,,,,,,,,,0.008572259917855263,,"24 - 24",,,,0.31818182,0.36363636,0.31818182,0.1969697,0.45454545,0.34848485,0.36538462,,,,,,,,,,,,,,,,,,,,,,,,,,,,,,,,,,,,,,,,,,,,,,,,,,,,,,,,,,,,,,,,,,,,,,,,,,,,,,,,,,,,,,,,,,,,,,,,,,,,,,,,,,,,,,,,,,,,,,,,,,,,,"L",,,,,,,,,,,,,,,,,,,,,,,,,,,,,,,,,,,,,,,,,,,,,,,,,,,,,,,,,,,,,,,,,,,,,,,,,,,,,,,,,,,,,,,,,,,,,,,,,,,,,,,,,,,,,,,,,,,,,,,,,,"Drew Cavanaugh",33380,701852
"Andruw Monasterio","BOS","Andruw Monasterio","BOS",2026,29,78,184,204,45,30,14,0,1,15,21,12,0,38,3,4,1,4,3,3,0.244565217,48,70,30,9,839,293,546,5,3,0,0.058823529,0.186274509,0.315789473,0.295566502,0.336956521,0.632523023,0.092391304,0.295302013,0.685714285,0.202702702,0.324324324,0.472972972,0.128571428,0.014285714,0.104166666,0,0.28076358352388653,-5.845421657708079,18.24433721527776,,,,,,,,2.6859411329335563,74.22536933077389,,,,,,,,,,,,,,,,,,,,,,,,,,,,,,,,,,,,,,,,,,,,,,,,,,,,,,,,,,,,,,,,,,,,,,,,,,,,,,,,,,,,,,,,,,,,,,,,,,,,,,,,,,,,,,,,,,,,,,,,,,,,,,,,,,,,,,,,-0.8860550438985229,,"29 - 29",,,,0.44370861,0.2781457,0.2781457,0.16556291,0.51655629,0.31788079,0.25,,,,,,,,,,,,,,,,,,,,,,,,,,,,,,,,,,,,,,,,,,,,,,,,,,,,,,,,,,,,,,,,,,,,,,,,,,,,,,,,,,,,,,,,,,,,,,,,,,,,,,,,,,,,,,,,,,,,,,,,,,,,,"R",,,,,,,,,,,,,,,,,,,,,,,,,,,,,,,,,,,,,,,,,,,,,,,,,,,,,,,,,,,,,,,,,,,,,,,,,,,,,,,,,,,,,,,,,,,,,,,,,,,,,,,,,,,,,,,,,,,,,,,,,,"Andruw Monasterio",19455,655316
"Connor Joe","SEA","Connor Joe","SEA",2026,33,12,17,19,4,3,1,0,0,1,2,2,0,6,0,0,0,0,1,0,0.235294117,3,3,5,0,91,37,54,0,0,0,0.105263157,0.315789473,0.333333333,0.315789473,0.294117647,0.60990712,0.05882353,0.363636363,1,0.454545454,0.272727272,0.272727272,0,0,0,0,0.2804822137481288,-0.5487384850821313,1.6949155275979224,,,,,,,,4.495440621450642,83.65952973747112,,,,,,,,,,,,,,,,,,,,,,,,,,,,,,,,,,,,,,,,,,,,,,,,,,,,,,,,,,,,,,,,,,,,,,,,,,,,,,,,,,,,,,,,,,,,,,,,,,,,,,,,,,,,,,,,,,,,,,,,,,,,,,,,,,,,,,,,0.17184886429458857,,"33 - 33",,,,0.45454545,0.18181818,0.36363636,0,0.81818182,0.18181818,0.42105263,,,,,,,,,,,,,,,,,,,,,,,,,,,,,,,,,,,,,,,,,,,,,,,,,,,,,,,,,,,,,,,,,,,,,,,,,,,,,,,,,,,,,,,,,,,,,,,,,,,,,,,,,,,,,,,,,,,,,,,,,,,,,"R",,,,,,,,,,,,,,,,,,,,,,,,,,,,,,,,,,,,,,,,,,,,,,,,,,,,,,,,,,,,,,,,,,,,,,,,,,,,,,,,,,,,,,,,,,,,,,,,,,,,,,,,,,,,,,,,,,,,,,,,,,"Connor Joe",16572,656582
"Lane Thomas","- - -","Lane Thomas","- - -",2026,30,90,185,209,36,21,9,0,6,19,23,21,0,54,2,1,0,3,8,1,0.194594594,47,59,26,10,859,323,536,2,0,0,0.100478468,0.258373205,0.388888888,0.28229665,0.34054054,0.62283719,0.145945946,0.238095238,0.796610169,0.196969696,0.356060606,0.446969696,0.169491525,0.101694915,0.042553191,0,0.2798349535065975,-6.145234379003787,18.534959760476806,,,,,,,,4.575197714479005,74.27368521812112,,,,,,,,,,,,,,,,,,,,,,,,,,,,,,,,,,,,,,,,,,,,,,,,,,,,,,,,,,,,,,,,,,,,,,,,,,,,,,,,,,,,,,,,,,,,,,,,,,,,,,,,,,,,,,,,,,,,,,,,,,,,,,,,,,,,,,,,0.9413717351853848,,"30 - 30",,,,0.45454545,0.35606061,0.18939394,0.21212121,0.46969697,0.31818182,0.38755981,,,,,,,,,,,,,,,,,,,,,,,,,,,,,,,,,,,,,,,,,,,,,,,,,,,,,,,,,,,,,,,,,,,,,,,,,,,,,,,,,,,,,,,,,,,,,,,,,,,,,,,,,,,,,,,,,,,,,,,,,,,,,"R",,,,,,,,,,,,,,,,,,,,,,,,,,,,,,,,,,,,,,,,,,,,,,,,,,,,,,,,,,,,,,,,,,,,,,,,,,,,,,,,,,,,,,,,,,,,,,,,,,,,,,,,,,,,,,,,,,,,,,,,,,"Lane Thomas",16939,657041
"Leo Jiménez","MIA","Leo Jiménez","MIA",2026,25,46,82,99,18,16,2,0,0,8,7,11,0,19,4,1,1,2,1,0,0.219512195,36,17,11,0,386,152,234,0,1,0,0.111111111,0.191919191,0.578947368,0.336734693,0.243902439,0.580637132,0.024390244,0.28125,2.117647058,0.171875,0.5625,0.265625,0,0,0,0,0.2792233009727634,-2.9597413735214957,8.730876903074574,,,,,,,,3.2551371678911436,72.79391689563893,,,,,,,,,,,,,,,,,,,,,,,,,,,,,,,,,,,,,,,,,,,,,,,,,,,,,,,,,,,,,,,,,,,,,,,,,,,,,,,,,,,,,,,,,,,,,,,,,,,,,,,,,,,,,,,,,,,,,,,,,,,,,,,,,,,,,,,,0.025462943129241467,,"25 - 25",,,,0.35384615,0.43076923,0.21538462,0.10769231,0.53846154,0.35384615,0.3030303,,,,,,,,,,,,,,,,,,,,,,,,,,,,,,,,,,,,,,,,,,,,,,,,,,,,,,,,,,,,,,,,,,,,,,,,,,,,,,,,,,,,,,,,,,,,,,,,,,,,,,,,,,,,,,,,,,,,,,,,,,,,,"R",,,,,,,,,,,,,,,,,,,,,,,,,,,,,,,,,,,,,,,,,,,,,,,,,,,,,,,,,,,,,,,,,,,,,,,,,,,,,,,,,,,,,,,,,,,,,,,,,,,,,,,,,,,,,,,,,,,,,,,,,,"Leo Jimenez",23782,677870
"Victor Robles","SEA","Victor Robles","SEA",2026,29,38,86,97,21,19,0,2,0,10,5,6,0,12,3,0,2,2,4,1,0.244186046,31,26,14,3,325,107,218,5,5,2,0.06185567,0.12371134,0.5,0.315789473,0.290697674,0.606487147,0.046511628,0.283783783,1.192307692,0.197183098,0.436619718,0.366197183,0.115384615,0,0.161290322,0.4,0.2787856277666594,-2.934191096485573,8.520253073512595,,,,,,,,7.44425004240683,82.47882476625495,,,,,,,,,,,,,,,,,,,,,,,,,,,,,,,,,,,,,,,,,,,,,,,,,,,,,,,,,,,,,,,,,,,,,,,,,,,,,,,,,,,,,,,,,,,,,,,,,,,,,,,,,,,,,,,,,,,,,,,,,,,,,,,,,,,,,,,,0.23145536705851555,,"29 - 29",,,,0.40789474,0.36842105,0.22368421,0.21052632,0.59210526,0.19736842,0.18556701,,,,,,,,,,,,,,,,,,,,,,,,,,,,,,,,,,,,,,,,,,,,,,,,,,,,,,,,,,,,,,,,,,,,,,,,,,,,,,,,,,,,,,,,,,,,,,,,,,,,,,,,,,,,,,,,,,,,,,,,,,,,,"R",,,,,,,,,,,,,,,,,,,,,,,,,,,,,,,,,,,,,,,,,,,,,,,,,,,,,,,,,,,,,,,,,,,,,,,,,,,,,,,,,,,,,,,,,,,,,,,,,,,,,,,,,,,,,,,,,,,,,,,,,,"Victor Robles",18363,645302
"Adrian Del Castillo","ARI","Adrian Del Castillo","ARI",2026,26,56,150,164,32,21,6,0,5,18,22,13,0,43,0,1,0,4,1,0,0.213333333,39,46,23,3,664,251,413,0,0,0,0.079268292,0.262195121,0.302325581,0.274390243,0.353333333,0.627723576,0.14,0.262135922,0.847826086,0.212962962,0.361111111,0.425925925,0.065217391,0.108695652,0,0,0.2780730771582301,-5.055155118889211,14.31112162213862,,,,,,,,3.1423147344234033,72.52079696785864,,,,,,,,,,,,,,,,,,,,,,,,,,,,,,,,,,,,,,,,,,,,,,,,,,,,,,,,,,,,,,,,,,,,,,,,,,,,,,,,,,,,,,,,,,,,,,,,,,,,,,,,,,,,,,,,,,,,,,,,,,,,,,,,,,,,,,,,0.008572259917855263,,"26 - 26",,,,0.41666667,0.37037037,0.21296296,0.12037037,0.53703704,0.34259259,0.37195122,,,,,,,,,,,,,,,,,,,,,,,,,,,,,,,,,,,,,,,,,,,,,,,,,,,,,,,,,,,,,,,,,,,,,,,,,,,,,,,,,,,,,,,,,,,,,,,,,,,,,,,,,,,,,,,,,,,,,,,,,,,,,"L",,,,,,,,,,,,,,,,,,,,,,,,,,,,,,,,,,,,,,,,,,,,,,,,,,,,,,,,,,,,,,,,,,,,,,,,,,,,,,,,,,,,,,,,,,,,,,,,,,,,,,,,,,,,,,,,,,,,,,,,,,"Adrian Del Castillo",29554,680728
"Kyle Higashioka","TEX","Kyle Higashioka","TEX",2026,36,48,118,132,24,18,2,0,4,16,10,13,0,35,1,0,0,5,0,0,0.20338983,30,35,16,3,553,199,354,1,2,1,0.098484848,0.265151515,0.371428571,0.287878787,0.322033898,0.609912685,0.118644068,0.253164556,0.857142857,0.197530864,0.37037037,0.432098765,0.085714285,0.114285714,0.033333333,0.5,0.27698063173077325,-4.185093419784576,11.402397615676849,,,,,,,,1.79058440875,76.49672220145142,,,,,,,,,,,,,,,,,,,,,,,,,,,,,,,,,,,,,,,,,,,,,,,,,,,,,,,,,,,,,,,,,,,,,,,,,,,,,,,,,,,,,,,,,,,,,,,,,,,,,,,,,,,,,,,,,,,,,,,,,,,,,,,,,,,,,,,,-0.1801672875881195,,"36 - 36",,,,0.36144578,0.5060241,0.13253012,0.09638554,0.6626506,0.24096386,0.39393939,,,,,,,,,,,,,,,,,,,,,,,,,,,,,,,,,,,,,,,,,,,,,,,,,,,,,,,,,,,,,,,,,,,,,,,,,,,,,,,,,,,,,,,,,,,,,,,,,,,,,,,,,,,,,,,,,,,,,,,,,,,,,"R",,,,,,,,,,,,,,,,,,,,,,,,,,,,,,,,,,,,,,,,,,,,,,,,,,,,,,,,,,,,,,,,,,,,,,,,,,,,,,,,,,,,,,,,,,,,,,,,,,,,,,,,,,,,,,,,,,,,,,,,,,"Kyle Higashioka",5517,543309
"Jeremiah Jackson","BAL","Jeremiah Jackson","BAL",2026,26,65,161,169,37,24,7,0,6,19,27,5,0,30,1,2,0,8,1,1,0.229813664,68,50,15,5,547,158,389,7,0,0,0.029585798,0.177514792,0.166666666,0.254437869,0.385093167,0.639531036,0.155279503,0.244094488,1.36,0.112781954,0.511278195,0.375939849,0.1,0.12,0.102941176,0,0.2765288208363324,-5.4197744817872335,14.53693752573535,,,,,,,,2.8925500100458983,76.07108621461263,,,,,,,,,,,,,,,,,,,,,,,,,,,,,,,,,,,,,,,,,,,,,,,,,,,,,,,,,,,,,,,,,,,,,,,,,,,,,,,,,,,,,,,,,,,,,,,,,,,,,,,,,,,,,,,,,,,,,,,,,,,,,,,,,,,,,,,,-0.37980509735643864,,"26 - 26",,,,0.45864662,0.30827068,0.23308271,0.18796992,0.47368421,0.33834586,0.24260355,,,,,,,,,,,,,,,,,,,,,,,,,,,,,,,,,,,,,,,,,,,,,,,,,,,,,,,,,,,,,,,,,,,,,,,,,,,,,,,,,,,,,,,,,,,,,,,,,,,,,,,,,,,,,,,,,,,,,,,,,,,,,"R",,,,,,,,,,,,,,,,,,,,,,,,,,,,,,,,,,,,,,,,,,,,,,,,,,,,,,,,,,,,,,,,,,,,,,,,,,,,,,,,,,,,,,,,,,,,,,,,,,,,,,,,,,,,,,,,,,,,,,,,,,"Jeremiah Jackson",22239,669236
"Christian Encarnacion-Strand","BAL","Christian Encarnacion-Strand","BAL",2026,26,33,77,81,18,11,5,0,2,5,19,2,0,20,1,1,0,2,1,0,0.233766233,22,21,15,3,314,85,229,0,0,0,0.024691358,0.24691358,0.1,0.259259259,0.376623376,0.635882635,0.142857143,0.285714285,1.047619047,0.258620689,0.379310344,0.362068965,0.142857142,0.095238095,0,0,0.2757185256039655,-2.650581910371351,6.914469406843614,,,,,,,,3.0190279140467493,75.50717750650237,,,,,,,,,,,,,,,,,,,,,,,,,,,,,,,,,,,,,,,,,,,,,,,,,,,,,,,,,,,,,,,,,,,,,,,,,,,,,,,,,,,,,,,,,,,,,,,,,,,,,,,,,,,,,,,,,,,,,,,,,,,,,,,,,,,,,,,,0.12117681466042995,,"26 - 26",,,,0.46551724,0.34482759,0.18965517,0.06896552,0.55172414,0.37931034,0.2962963,,,,,,,,,,,,,,,,,,,,,,,,,,,,,,,,,,,,,,,,,,,,,,,,,,,,,,,,,,,,,,,,,,,,,,,,,,,,,,,,,,,,,,,,,,,,,,,,,,,,,,,,,,,,,,,,,,,,,,,,,,,,,"R",,,,,,,,,,,,,,,,,,,,,,,,,,,,,,,,,,,,,,,,,,,,,,,,,,,,,,,,,,,,,,,,,,,,,,,,,,,,,,,,,,,,,,,,,,,,,,,,,,,,,,,,,,,,,,,,,,,,,,,,,,"Christian Encarnacion-Strand",30011,687952
"Jarren Duran","BOS","Jarren Duran","BOS",2026,29,123,375,410,76,45,10,4,17,44,54,24,3,117,4,6,1,4,13,2,0.202666666,118,102,43,16,1532,530,1002,5,2,1,0.058536585,0.285365853,0.205128205,0.254278728,0.386666666,0.640945394,0.184,0.238866396,1.156862745,0.163498098,0.448669201,0.387832699,0.156862745,0.166666666,0.042372881,0.5,0.27470997533774727,-13.750048033439755,34.665643819129826,,,,,,,,6.877026505361591,70.01248218138284,,,,,,,,,,,,,,,,,,,,,,,,,,,,,,,,,,,,,,,,,,,,,,,,,,,,,,,,,,,,,,,,,,,,,,,,,,,,,,,,,,,,,,,,,,,,,,,,,,,,,,,,,,,,,,,,,,,,,,,,,,,,,,,,,,,,,,,,1.38408756069839,,"29 - 29",,,,0.4490566,0.34339623,0.20754717,0.16226415,0.42264151,0.41509434,0.38536585,,,,,,,,,,,,,,,,,,,,,,,,,,,,,,,,,,,,,,,,,,,,,,,,,,,,,,,,,,,,,,,,,,,,,,,,,,,,,,,,,,,,,,,,,,,,,,,,,,,,,,,,,,,,,,,,,,,,,,,,,,,,,"L",,,,,,,,,,,,,,,,,,,,,,,,,,,,,,,,,,,,,,,,,,,,,,,,,,,,,,,,,,,,,,,,,,,,,,,,,,,,,,,,,,,,,,,,,,,,,,,,,,,,,,,,,,,,,,,,,,,,,,,,,,"Jarren Duran",24617,680776
"Max Muncy","ATH","Max Muncy","ATH",2026,23,55,138,151,30,20,5,0,5,16,18,7,0,52,3,3,0,3,1,1,0.217391304,34,37,18,11,567,184,383,5,0,0,0.046357615,0.34437086,0.134615384,0.264900662,0.36231884,0.627219502,0.144927536,0.297619047,0.918918918,0.202247191,0.382022471,0.415730337,0.297297297,0.135135135,0.147058823,0,0.27450489879443946,-5.089018859336253,12.742126188805226,,,,,,,,2.828199817593451,64.64947627911086,,,,,,,,,,,,,,,,,,,,,,,,,,,,,,,,,,,,,,,,,,,,,,,,,,,,,,,,,,,,,,,,,,,,,,,,,,,,,,,,,,,,,,,,,,,,,,,,,,,,,,,,,,,,,,,,,,,,,,,,,,,,,,,,,,,,,,,,-0.37980509735643864,,"23 - 23",,,,0.47191011,0.3258427,0.20224719,0.29213483,0.39325843,0.31460674,0.42384106,,,,,,,,,,,,,,,,,,,,,,,,,,,,,,,,,,,,,,,,,,,,,,,,,,,,,,,,,,,,,,,,,,,,,,,,,,,,,,,,,,,,,,,,,,,,,,,,,,,,,,,,,,,,,,,,,,,,,,,,,,,,,"R",,,,,,,,,,,,,,,,,,,,,,,,,,,,,,,,,,,,,,,,,,,,,,,,,,,,,,,,,,,,,,,,,,,,,,,,,,,,,,,,,,,,,,,,,,,,,,,,,,,,,,,,,,,,,,,,,,,,,,,,,,"Max Muncy",29779,691777
"Jared Triolo","PIT","Jared Triolo","PIT",2026,28,75,173,196,38,29,7,0,2,18,16,16,0,46,4,0,1,5,5,0,0.219653179,67,37,22,2,719,257,462,8,2,0,0.081632653,0.234693877,0.347826086,0.300518134,0.294797687,0.595315821,0.075144508,0.288,1.81081081,0.174603174,0.531746031,0.293650793,0.054054054,0.054054054,0.119402985,0,0.2737968218141269,-6.717552526588993,16.427509920005242,,,,,,,,4.591938288294603,66.90280599144191,,,,,,,,,,,,,,,,,,,,,,,,,,,,,,,,,,,,,,,,,,,,,,,,,,,,,,,,,,,,,,,,,,,,,,,,,,,,,,,,,,,,,,,,,,,,,,,,,,,,,,,,,,,,,,,,,,,,,,,,,,,,,,,,,,,,,,,,0.7241188557818532,,"28 - 28",,,,0.4453125,0.3203125,0.234375,0.1875,0.546875,0.265625,0.32653061,,,,,,,,,,,,,,,,,,,,,,,,,,,,,,,,,,,,,,,,,,,,,,,,,,,,,,,,,,,,,,,,,,,,,,,,,,,,,,,,,,,,,,,,,,,,,,,,,,,,,,,,,,,,,,,,,,,,,,,,,,,,,"R",,,,,,,,,,,,,,,,,,,,,,,,,,,,,,,,,,,,,,,,,,,,,,,,,,,,,,,,,,,,,,,,,,,,,,,,,,,,,,,,,,,,,,,,,,,,,,,,,,,,,,,,,,,,,,,,,,,,,,,,,,"Jared Triolo",25807,669707
"P.J. Higgins","CIN","P.J. Higgins","CIN",2026,33,10,23,28,6,5,1,0,0,1,4,2,0,7,0,1,2,1,0,0,0.260869565,5,6,6,1,110,41,69,0,2,0,0.071428571,0.25,0.285714285,0.307692307,0.304347826,0.612040133,0.043478261,0.352941176,0.833333333,0.352941176,0.294117647,0.352941176,0.166666666,0,0,0,0.2734493131820972,-0.9674985077557101,2.3389389846148956,,,,,,,,0.29910714,67.82742330951037,,,,,,,,,,,,,,,,,,,,,,,,,,,,,,,,,,,,,,,,,,,,,,,,,,,,,,,,,,,,,,,,,,,,,,,,,,,,,,,,,,,,,,,,,,,,,,,,,,,,,,,,,,,,,,,,,,,,,,,,,,,,,,,,,,,,,,,,-0.03941159415990114,,"33 - 33",,,,0.42105263,0.21052632,0.36842105,0.21052632,0.63157895,0.15789474,0.32142857,,,,,,,,,,,,,,,,,,,,,,,,,,,,,,,,,,,,,,,,,,,,,,,,,,,,,,,,,,,,,,,,,,,,,,,,,,,,,,,,,,,,,,,,,,,,,,,,,,,,,,,,,,,,,,,,,,,,,,,,,,,,,"R",,,,,,,,,,,,,,,,,,,,,,,,,,,,,,,,,,,,,,,,,,,,,,,,,,,,,,,,,,,,,,,,,,,,,,,,,,,,,,,,,,,,,,,,,,,,,,,,,,,,,,,,,,,,,,,,,,,,,,,,,,"P.J. Higgins",18433,664731
"Javier Báez","DET","Javier Báez","DET",2026,33,42,112,118,28,20,7,0,1,14,10,3,0,24,2,1,0,2,1,1,0.25,47,27,15,6,418,122,296,0,0,0,0.025423728,0.20338983,0.125,0.279661016,0.339285714,0.61894673,0.089285714,0.306818181,1.74074074,0.168539325,0.528089887,0.303370786,0.222222222,0.037037037,0,0,0.2732635059599149,-4.094999448574289,9.839272840701835,,,,,,,,3.490883049143085,70.91262204184355,,,,,,,,,,,,,,,,,,,,,,,,,,,,,,,,,,,,,,,,,,,,,,,,,,,,,,,,,,,,,,,,,,,,,,,,,,,,,,,,,,,,,,,,,,,,,,,,,,,,,,,,,,,,,,,,,,,,,,,,,,,,,,,,,,,,,,,,-0.35165395867079496,,"33 - 33",,,,0.50561798,0.34831461,0.14606742,0.19101124,0.59550562,0.21348315,0.23728814,,,,,,,,,,,,,,,,,,,,,,,,,,,,,,,,,,,,,,,,,,,,,,,,,,,,,,,,,,,,,,,,,,,,,,,,,,,,,,,,,,,,,,,,,,,,,,,,,,,,,,,,,,,,,,,,,,,,,,,,,,,,,"R",,,,,,,,,,,,,,,,,,,,,,,,,,,,,,,,,,,,,,,,,,,,,,,,,,,,,,,,,,,,,,,,,,,,,,,,,,,,,,,,,,,,,,,,,,,,,,,,,,,,,,,,,,,,,,,,,,,,,,,,,,"Javier Baez",12979,595879
"Tyler O'Neill","BAL","Tyler O'Neill","BAL",2026,31,59,119,137,24,19,3,0,2,11,10,16,0,39,2,0,0,4,0,0,0.201680672,25,40,15,6,559,210,349,3,0,0,0.116788321,0.284671532,0.41025641,0.306569343,0.277310924,0.583880267,0.075630252,0.282051282,0.625,0.1875,0.3125,0.5,0.15,0.05,0.12,0,0.273235044775218,-4.757508740361949,11.420417561594228,,,,,,,,0.99812029625,73.77884885564168,,,,,,,,,,,,,,,,,,,,,,,,,,,,,,,,,,,,,,,,,,,,,,,,,,,,,,,,,,,,,,,,,,,,,,,,,,,,,,,,,,,,,,,,,,,,,,,,,,,,,,,,,,,,,,,,,,,,,,,,,,,,,,,,,,,,,,,,-0.20831842627376318,,"31 - 31",,,,0.4625,0.3875,0.15,0.1625,0.5,0.3375,0.41605839,,,,,,,,,,,,,,,,,,,,,,,,,,,,,,,,,,,,,,,,,,,,,,,,,,,,,,,,,,,,,,,,,,,,,,,,,,,,,,,,,,,,,,,,,,,,,,,,,,,,,,,,,,,,,,,,,,,,,,,,,,,,,"R",,,,,,,,,,,,,,,,,,,,,,,,,,,,,,,,,,,,,,,,,,,,,,,,,,,,,,,,,,,,,,,,,,,,,,,,,,,,,,,,,,,,,,,,,,,,,,,,,,,,,,,,,,,,,,,,,,,,,,,,,,"Tyler O'Neill",15711,641933
"Jake Cronenworth","SDP","Jake Cronenworth","SDP",2026,32,82,232,263,49,37,9,0,3,24,21,28,0,65,2,0,1,3,4,1,0.211206896,77,57,29,2,1091,406,685,2,5,0,0.106463878,0.247148288,0.43076923,0.301526717,0.288793103,0.59031982,0.077586207,0.280487804,1.350877192,0.17791411,0.472392638,0.349693251,0.035087719,0.052631578,0.025974025,0,0.272748863196555,-9.236160748642703,21.820734268981198,,,,,,,,3.4329256654385554,73.5068963107338,,,,,,,,,,,,,,,,,,,,,,,,,,,,,,,,,,,,,,,,,,,,,,,,,,,,,,,,,,,,,,,,,,,,,,,,,,,,,,,,,,,,,,,,,,,,,,,,,,,,,,,,,,,,,,,,,,,,,,,,,,,,,,,,,,,,,,,,0.0118764853104949,,"32 - 32",,,,0.30357143,0.42857143,0.26785714,0.10119048,0.60714286,0.29166667,0.36501901,,,,,,,,,,,,,,,,,,,,,,,,,,,,,,,,,,,,,,,,,,,,,,,,,,,,,,,,,,,,,,,,,,,,,,,,,,,,,,,,,,,,,,,,,,,,,,,,,,,,,,,,,,,,,,,,,,,,,,,,,,,,,"L",,,,,,,,,,,,,,,,,,,,,,,,,,,,,,,,,,,,,,,,,,,,,,,,,,,,,,,,,,,,,,,,,,,,,,,,,,,,,,,,,,,,,,,,,,,,,,,,,,,,,,,,,,,,,,,,,,,,,,,,,,"Jake Cronenworth",18036,630105
"Matt McLain","CIN","Matt McLain","CIN",2026,26,103,286,324,52,27,16,0,9,33,28,31,0,94,5,1,1,1,13,2,0.181818181,66,93,32,11,1320,494,826,3,3,1,0.095679012,0.290123456,0.329787234,0.27244582,0.332167832,0.604613652,0.150349651,0.233695652,0.709677419,0.167539267,0.345549738,0.486910994,0.118279569,0.096774193,0.045454545,0.333333333,0.2724047124201299,-11.468324910044034,26.791880358815828,,,,,,,,5.110707314898407,67.12662338477655,,,,,,,,,,,,,,,,,,,,,,,,,,,,,,,,,,,,,,,,,,,,,,,,,,,,,,,,,,,,,,,,,,,,,,,,,,,,,,,,,,,,,,,,,,,,,,,,,,,,,,,,,,,,,,,,,,,,,,,,,,,,,,,,,,,,,,,,1.4234991548582911,,"26 - 26",,,,0.39690722,0.3814433,0.22164948,0.15463918,0.50515464,0.34020619,0.41358025,,,,,,,,,,,,,,,,,,,,,,,,,,,,,,,,,,,,,,,,,,,,,,,,,,,,,,,,,,,,,,,,,,,,,,,,,,,,,,,,,,,,,,,,,,,,,,,,,,,,,,,,,,,,,,,,,,,,,,,,,,,,,"R",,,,,,,,,,,,,,,,,,,,,,,,,,,,,,,,,,,,,,,,,,,,,,,,,,,,,,,,,,,,,,,,,,,,,,,,,,,,,,,,,,,,,,,,,,,,,,,,,,,,,,,,,,,,,,,,,,,,,,,,,,"Matt McLain",29695,680574
"Eric Haase","SFG","Eric Haase","SFG",2026,33,24,51,56,9,4,1,0,4,8,9,2,0,19,0,0,3,0,0,0,0.176470588,12,14,5,3,206,67,139,2,4,0,0.035714285,0.339285714,0.105263157,0.207547169,0.431372549,0.638919718,0.254901961,0.178571428,0.857142857,0.161290322,0.387096774,0.451612903,0.214285714,0.285714285,0.166666666,0,0.27221767407543257,-1.990627774811036,4.622247209930175,,,,,,,,2.64285714,71.42585429543341,,,,,,,,,,,,,,,,,,,,,,,,,,,,,,,,,,,,,,,,,,,,,,,,,,,,,,,,,,,,,,,,,,,,,,,,,,,,,,,,,,,,,,,,,,,,,,,,,,,,,,,,,,,,,,,,,,,,,,,,,,,,,,,,,,,,,,,,-0.03378136642277241,,"33 - 33",,,,0.31428571,0.45714286,0.22857143,0.17142857,0.54285714,0.28571429,0.44642857,,,,,,,,,,,,,,,,,,,,,,,,,,,,,,,,,,,,,,,,,,,,,,,,,,,,,,,,,,,,,,,,,,,,,,,,,,,,,,,,,,,,,,,,,,,,,,,,,,,,,,,,,,,,,,,,,,,,,,,,,,,,,"R",,,,,,,,,,,,,,,,,,,,,,,,,,,,,,,,,,,,,,,,,,,,,,,,,,,,,,,,,,,,,,,,,,,,,,,,,,,,,,,,,,,,,,,,,,,,,,,,,,,,,,,,,,,,,,,,,,,,,,,,,,"Eric Haase",14111,606992
"Jose Trevino","CIN","Jose Trevino","CIN",2026,33,36,98,101,22,14,3,0,5,9,12,1,0,18,0,1,1,1,0,1,0.224489795,44,26,10,4,340,97,243,2,2,0,0.00990099,0.178217821,0.055555555,0.23,0.408163265,0.638163265,0.18367347,0.22368421,1.692307692,0.125,0.55,0.325,0.153846153,0.192307692,0.045454545,0,0.2720848524570465,-3.6010595383042805,8.32573284488969,,,,,,,,1.6860277748434522,66.91203629445886,,,,,,,,,,,,,,,,,,,,,,,,,,,,,,,,,,,,,,,,,,,,,,,,,,,,,,,,,,,,,,,,,,,,,,,,,,,,,,,,,,,,,,,,,,,,,,,,,,,,,,,,,,,,,,,,,,,,,,,,,,,,,,,,,,,,,,,,-0.49535168427973986,,"33 - 33",,,,0.36585366,0.40243902,0.23170732,0.13414634,0.57317073,0.29268293,0.23762376,,,,,,,,,,,,,,,,,,,,,,,,,,,,,,,,,,,,,,,,,,,,,,,,,,,,,,,,,,,,,,,,,,,,,,,,,,,,,,,,,,,,,,,,,,,,,,,,,,,,,,,,,,,,,,,,,,,,,,,,,,,,,"R",,,,,,,,,,,,,,,,,,,,,,,,,,,,,,,,,,,,,,,,,,,,,,,,,,,,,,,,,,,,,,,,,,,,,,,,,,,,,,,,,,,,,,,,,,,,,,,,,,,,,,,,,,,,,,,,,,,,,,,,,,"Jose Trevino",16725,624431
"Masyn Winn","STL","Masyn Winn","STL",2026,24,115,320,362,70,55,9,2,4,34,38,32,0,79,6,4,0,6,7,1,0.21875,112,77,54,6,1411,517,894,4,2,0,0.08839779,0.218232044,0.405063291,0.298342541,0.296875,0.595217541,0.078125,0.273858921,1.454545454,0.222222222,0.460905349,0.316872427,0.077922077,0.051948051,0.035714285,0,0.2719323531369478,-12.951294494694533,29.796218799525438,,,,,,,,5.225025793816462,70.43594518185468,,,,,,,,,,,,,,,,,,,,,,,,,,,,,,,,,,,,,,,,,,,,,,,,,,,,,,,,,,,,,,,,,,,,,,,,,,,,,,,,,,,,,,,,,,,,,,,,,,,,,,,,,,,,,,,,,,,,,,,,,,,,,,,,,,,,,,,,0.4654905730858445,,"24 - 24",,,,0.32244898,0.4,0.27755102,0.17959184,0.48571429,0.33469388,0.31767956,,,,,,,,,,,,,,,,,,,,,,,,,,,,,,,,,,,,,,,,,,,,,,,,,,,,,,,,,,,,,,,,,,,,,,,,,,,,,,,,,,,,,,,,,,,,,,,,,,,,,,,,,,,,,,,,,,,,,,,,,,,,,"R",,,,,,,,,,,,,,,,,,,,,,,,,,,,,,,,,,,,,,,,,,,,,,,,,,,,,,,,,,,,,,,,,,,,,,,,,,,,,,,,,,,,,,,,,,,,,,,,,,,,,,,,,,,,,,,,,,,,,,,,,,"Masyn Winn",27479,691026
"Moisés Ballesteros","- - -","Moisés Ballesteros","- - -",2026,22,79,206,230,42,29,7,0,6,17,23,22,0,53,0,2,0,3,1,0,0.203883495,75,52,28,3,895,334,561,0,0,0,0.095652173,0.230434782,0.415094339,0.278260869,0.325242718,0.603503587,0.121359223,0.241610738,1.442307692,0.180645161,0.483870967,0.33548387,0.057692307,0.115384615,0,0,0.27096999028454655,-8.407252599032356,18.752769659726187,,,,,,,,1.978996889950139,69.8889269404064,,,,,,,,,,,,,,,,,,,,,,,,,,,,,,,,,,,,,,,,,,,,,,,,,,,,,,,,,,,,,,,,,,,,,,,,,,,,,,,,,,,,,,,,,,,,,,,,,,,,,,,,,,,,,,,,,,,,,,,,,,,,,,,,,,,,,,,,-0.08714161161333323,,"22 - 22",,,,0.36129032,0.36774194,0.27096774,0.13548387,0.51612903,0.3483871,0.35217391,,,,,,,,,,,,,,,,,,,,,,,,,,,,,,,,,,,,,,,,,,,,,,,,,,,,,,,,,,,,,,,,,,,,,,,,,,,,,,,,,,,,,,,,,,,,,,,,,,,,,,,,,,,,,,,,,,,,,,,,,,,,,"L",,,,,,,,,,,,,,,,,,,,,,,,,,,,,,,,,,,,,,,,,,,,,,,,,,,,,,,,,,,,,,,,,,,,,,,,,,,,,,,,,,,,,,,,,,,,,,,,,,,,,,,,,,,,,,,,,,,,,,,,,,"Moises Ballesteros",28820,694208
"Jarred Kelenic","- - -","Jarred Kelenic","- - -",2026,26,31,64,73,13,10,2,0,1,5,6,9,0,28,0,0,0,0,0,0,0.203125,16,15,5,0,284,105,179,1,0,0,0.123287671,0.383561643,0.321428571,0.301369863,0.28125,0.582619863,0.078125,0.342857142,1.066666666,0.138888888,0.444444444,0.416666666,0,0.066666666,0.0625,0,0.2707101008663439,-2.6836911062195923,5.9366637846037715,,,,,,,,0.7083333274999999,70.78906902087365,,,,,,,,,,,,,,,,,,,,,,,,,,,,,,,,,,,,,,,,,,,,,,,,,,,,,,,,,,,,,,,,,,,,,,,,,,,,,,,,,,,,,,,,,,,,,,,,,,,,,,,,,,,,,,,,,,,,,,,,,,,,,,,,,,,,,,,,-0.10697432700544596,,"26 - 26",,,,0.33333333,0.38888889,0.27777778,0.11111111,0.41666667,0.47222222,0.52054795,,,,,,,,,,,,,,,,,,,,,,,,,,,,,,,,,,,,,,,,,,,,,,,,,,,,,,,,,,,,,,,,,,,,,,,,,,,,,,,,,,,,,,,,,,,,,,,,,,,,,,,,,,,,,,,,,,,,,,,,,,,,,"L",,,,,,,,,,,,,,,,,,,,,,,,,,,,,,,,,,,,,,,,,,,,,,,,,,,,,,,,,,,,,,,,,,,,,,,,,,,,,,,,,,,,,,,,,,,,,,,,,,,,,,,,,,,,,,,,,,,,,,,,,,"Jarred Kelenic",22558,672284
"Marcus Semien","NYM","Marcus Semien","NYM",2026,35,115,310,336,66,47,8,0,11,27,32,23,0,71,0,2,1,7,4,2,0.212903225,93,98,49,12,1258,436,822,8,2,1,0.06845238,0.211309523,0.323943661,0.265671641,0.34516129,0.610832931,0.132258065,0.239130434,0.948979591,0.204166666,0.3875,0.408333333,0.122448979,0.112244897,0.086021505,0.5,0.27035288010070574,-12.449141498641836,27.22810840980543,,,,,,,,2.5655617237160406,69.59831693118159,,,,,,,,,,,,,,,,,,,,,,,,,,,,,,,,,,,,,,,,,,,,,,,,,,,,,,,,,,,,,,,,,,,,,,,,,,,,,,,,,,,,,,,,,,,,,,,,,,,,,,,,,,,,,,,,,,,,,,,,,,,,,,,,,,,,,,,,-0.41591246612370014,,"35 - 35",,,,0.51239669,0.32231405,0.16528926,0.14876033,0.55785124,0.29338843,0.3125,,,,,,,,,,,,,,,,,,,,,,,,,,,,,,,,,,,,,,,,,,,,,,,,,,,,,,,,,,,,,,,,,,,,,,,,,,,,,,,,,,,,,,,,,,,,,,,,,,,,,,,,,,,,,,,,,,,,,,,,,,,,,"R",,,,,,,,,,,,,,,,,,,,,,,,,,,,,,,,,,,,,,,,,,,,,,,,,,,,,,,,,,,,,,,,,,,,,,,,,,,,,,,,,,,,,,,,,,,,,,,,,,,,,,,,,,,,,,,,,,,,,,,,,,"Marcus Semien",12533,543760
"Jhonny Pereda","SEA","Jhonny Pereda","SEA",2026,30,21,57,59,15,14,0,0,1,5,3,2,0,11,0,0,0,0,0,0,0.263157894,16,13,17,1,261,87,174,1,0,0,0.033898305,0.186440677,0.181818181,0.288135593,0.315789473,0.603925066,0.052631579,0.311111111,1.23076923,0.369565217,0.347826086,0.282608695,0.076923076,0.076923076,0.0625,0,0.2696923219551474,-2.2174444653733025,4.7496916792647585,,,,,,,,1.08035714,76.15052104707523,,,,,,,,,,,,,,,,,,,,,,,,,,,,,,,,,,,,,,,,,,,,,,,,,,,,,,,,,,,,,,,,,,,,,,,,,,,,,,,,,,,,,,,,,,,,,,,,,,,,,,,,,,,,,,,,,,,,,,,,,,,,,,,,,,,,,,,,-0.09008364379405975,,"30 - 30",,,,0.30434783,0.34782609,0.34782609,0.19565217,0.54347826,0.26086957,0.23728814,,,,,,,,,,,,,,,,,,,,,,,,,,,,,,,,,,,,,,,,,,,,,,,,,,,,,,,,,,,,,,,,,,,,,,,,,,,,,,,,,,,,,,,,,,,,,,,,,,,,,,,,,,,,,,,,,,,,,,,,,,,,,"R",,,,,,,,,,,,,,,,,,,,,,,,,,,,,,,,,,,,,,,,,,,,,,,,,,,,,,,,,,,,,,,,,,,,,,,,,,,,,,,,,,,,,,,,,,,,,,,,,,,,,,,,,,,,,,,,,,,,,,,,,,"Jhonny Pereda",19802,640902
"Austin Martin","MIN","Austin Martin","MIN",2026,27,80,158,177,36,30,5,0,1,18,12,17,0,36,1,1,0,4,6,1,0.227848101,63,34,23,2,690,262,428,4,3,1,0.096045197,0.20338983,0.472222222,0.305084745,0.278481012,0.583565757,0.050632911,0.286885245,1.852941176,0.191666666,0.525,0.283333333,0.058823529,0.029411764,0.063492063,0.333333333,0.26930760428056877,-6.707256983515787,14.194151450398397,,,,,,,,4.594136923352801,69.17998045670208,,,,,,,,,,,,,,,,,,,,,,,,,,,,,,,,,,,,,,,,,,,,,,,,,,,,,,,,,,,,,,,,,,,,,,,,,,,,,,,,,,,,,,,,,,,,,,,,,,,,,,,,,,,,,,,,,,,,,,,,,,,,,,,,,,,,,,,,0.5188508182764053,,"27 - 27",,,,0.45528455,0.35772358,0.18699187,0.11382114,0.61788618,0.26829268,0.30508475,,,,,,,,,,,,,,,,,,,,,,,,,,,,,,,,,,,,,,,,,,,,,,,,,,,,,,,,,,,,,,,,,,,,,,,,,,,,,,,,,,,,,,,,,,,,,,,,,,,,,,,,,,,,,,,,,,,,,,,,,,,,,"R",,,,,,,,,,,,,,,,,,,,,,,,,,,,,,,,,,,,,,,,,,,,,,,,,,,,,,,,,,,,,,,,,,,,,,,,,,,,,,,,,,,,,,,,,,,,,,,,,,,,,,,,,,,,,,,,,,,,,,,,,,"Austin Martin",27462,668885
"Jo Adell","- - -","Jo Adell","- - -",2026,27,130,368,399,78,51,18,1,8,35,44,18,0,99,12,1,0,8,2,0,0.211956521,109,111,50,13,1552,531,1021,3,0,0,0.045112781,0.2481203,0.181818181,0.270676691,0.331521739,0.60219843,0.119565218,0.267175572,0.981981981,0.185185185,0.403703703,0.411111111,0.117117117,0.072072072,0.027522935,0,0.26930007674640283,-15.122171323113061,31.99456294316807,,,,,,,,3.4021566373810233,69.74533482826125,,,,,,,,,,,,,,,,,,,,,,,,,,,,,,,,,,,,,,,,,,,,,,,,,,,,,,,,,,,,,,,,,,,,,,,,,,,,,,,,,,,,,,,,,,,,,,,,,,,,,,,,,,,,,,,,,,,,,,,,,,,,,,,,,,,,,,,,-0.056048440746963024,,"27 - 27",,,,0.41111111,0.34444444,0.24444444,0.19259259,0.45555556,0.35185185,0.31328321,,,,,,,,,,,,,,,,,,,,,,,,,,,,,,,,,,,,,,,,,,,,,,,,,,,,,,,,,,,,,,,,,,,,,,,,,,,,,,,,,,,,,,,,,,,,,,,,,,,,,,,,,,,,,,,,,,,,,,,,,,,,,"R",,,,,,,,,,,,,,,,,,,,,,,,,,,,,,,,,,,,,,,,,,,,,,,,,,,,,,,,,,,,,,,,,,,,,,,,,,,,,,,,,,,,,,,,,,,,,,,,,,,,,,,,,,,,,,,,,,,,,,,,,,"Jo Adell",20220,666176
"Nolan Gorman","STL","Nolan Gorman","STL",2026,26,67,183,208,35,24,4,0,7,18,19,23,2,70,0,2,0,1,0,1,0.19125683,31,58,26,2,856,317,539,1,0,0,0.110576923,0.336538461,0.328571428,0.278846153,0.327868852,0.606715005,0.136612022,0.259259259,0.534482758,0.226086956,0.269565217,0.504347826,0.034482758,0.120689655,0.032258064,0,0.2691219651583329,-7.913118447511545,16.648988638670097,,,,,,,,1.2439856015902042,68.55051703016836,,,,,,,,,,,,,,,,,,,,,,,,,,,,,,,,,,,,,,,,,,,,,,,,,,,,,,,,,,,,,,,,,,,,,,,,,,,,,,,,,,,,,,,,,,,,,,,,,,,,,,,,,,,,,,,,,,,,,,,,,,,,,,,,,,,,,,,,-0.6642585163936019,,"26 - 26",,,,0.47826087,0.23478261,0.28695652,0.08695652,0.55652174,0.35652174,0.48076923,,,,,,,,,,,,,,,,,,,,,,,,,,,,,,,,,,,,,,,,,,,,,,,,,,,,,,,,,,,,,,,,,,,,,,,,,,,,,,,,,,,,,,,,,,,,,,,,,,,,,,,,,,,,,,,,,,,,,,,,,,,,,"L",,,,,,,,,,,,,,,,,,,,,,,,,,,,,,,,,,,,,,,,,,,,,,,,,,,,,,,,,,,,,,,,,,,,,,,,,,,,,,,,,,,,,,,,,,,,,,,,,,,,,,,,,,,,,,,,,,,,,,,,,,"Nolan Gorman",22263,669357
"Ildemaro Vargas","ARI","Ildemaro Vargas","ARI",2026,34,104,266,288,60,43,10,4,3,36,37,18,1,31,2,1,1,2,3,1,0.225563909,110,76,46,10,1053,330,723,4,5,3,0.0625,0.107638888,0.580645161,0.278745644,0.327067669,0.605813313,0.10150376,0.244635193,1.447368421,0.198275862,0.474137931,0.327586206,0.131578947,0.039473684,0.036363636,0.6,0.268436380408027,-11.115882028130914,22.893189321966744,,,,,,,,6.055853486774356,66.05574677537528,,,,,,,,,,,,,,,,,,,,,,,,,,,,,,,,,,,,,,,,,,,,,,,,,,,,,,,,,,,,,,,,,,,,,,,,,,,,,,,,,,,,,,,,,,,,,,,,,,,,,,,,,,,,,,,,,,,,,,,,,,,,,,,,,,,,,,,,-0.15997237898409367,,"34 - 34",,,,0.45991561,0.3628692,0.17721519,0.15611814,0.56540084,0.27848101,0.18055556,,,,,,,,,,,,,,,,,,,,,,,,,,,,,,,,,,,,,,,,,,,,,,,,,,,,,,,,,,,,,,,,,,,,,,,,,,,,,,,,,,,,,,,,,,,,,,,,,,,,,,,,,,,,,,,,,,,,,,,,,,,,,"B",,,,,,,,,,,,,,,,,,,,,,,,,,,,,,,,,,,,,,,,,,,,,,,,,,,,,,,,,,,,,,,,,,,,,,,,,,,,,,,,,,,,,,,,,,,,,,,,,,,,,,,,,,,,,,,,,,,,,,,,,,"Ildemaro Vargas",13324,545121
"Tyler Callihan","PIT","Tyler Callihan","PIT",2026,26,36,89,100,16,8,3,2,3,11,14,8,0,38,1,1,1,0,0,0,0.17977528,12,30,10,3,402,135,267,0,1,0,0.08,0.38,0.210526315,0.252525252,0.359550561,0.612075813,0.179775281,0.265306122,0.4,0.192307692,0.23076923,0.576923076,0.1,0.1,0,0,0.26840890959055735,-3.861896980767539,7.946808349127481,,,,,,,,4.398809515,63.288172900768224,,,,,,,,,,,,,,,,,,,,,,,,,,,,,,,,,,,,,,,,,,,,,,,,,,,,,,,,,,,,,,,,,,,,,,,,,,,,,,,,,,,,,,,,,,,,,,,,,,,,,,,,,,,,,,,,,,,,,,,,,,,,,,,,,,,,,,,,-0.09571387153118849,,"26 - 26",,,,0.49056604,0.26415094,0.24528302,0.22641509,0.52830189,0.24528302,0.49,,,,,,,,,,,,,,,,,,,,,,,,,,,,,,,,,,,,,,,,,,,,,,,,,,,,,,,,,,,,,,,,,,,,,,,,,,,,,,,,,,,,,,,,,,,,,,,,,,,,,,,,,,,,,,,,,,,,,,,,,,,,,"L",,,,,,,,,,,,,,,,,,,,,,,,,,,,,,,,,,,,,,,,,,,,,,,,,,,,,,,,,,,,,,,,,,,,,,,,,,,,,,,,,,,,,,,,,,,,,,,,,,,,,,,,,,,,,,,,,,,,,,,,,,"Tyler Callihan",27497,682997
"Buddy Kennedy","- - -","Buddy Kennedy","- - -",2026,27,10,18,20,4,3,1,0,0,4,1,1,0,4,1,0,0,0,0,0,0.222222222,4,7,3,1,76,26,50,0,0,0,0.05,0.2,0.25,0.3,0.277777777,0.577777777,0.055555555,0.285714285,0.571428571,0.214285714,0.285714285,0.5,0.142857142,0,0,0,0.2680078685283661,-0.7788487711860209,1.582892294792983,,,,,,,,2.64285714,70.08139133919505,,,,,,,,,,,,,,,,,,,,,,,,,,,,,,,,,,,,,,,,,,,,,,,,,,,,,,,,,,,,,,,,,,,,,,,,,,,,,,,,,,,,,,,,,,,,,,,,,,,,,,,,,,,,,,,,,,,,,,,,,,,,,,,,,,,,,,,,-0.028151138685643673,,"27 - 27",,,,0.5,0.35714286,0.14285714,0.28571429,0.42857143,0.28571429,0.25,,,,,,,,,,,,,,,,,,,,,,,,,,,,,,,,,,,,,,,,,,,,,,,,,,,,,,,,,,,,,,,,,,,,,,,,,,,,,,,,,,,,,,,,,,,,,,,,,,,,,,,,,,,,,,,,,,,,,,,,,,,,,"R",,,,,,,,,,,,,,,,,,,,,,,,,,,,,,,,,,,,,,,,,,,,,,,,,,,,,,,,,,,,,,,,,,,,,,,,,,,,,,,,,,,,,,,,,,,,,,,,,,,,,,,,,,,,,,,,,,,,,,,,,,"Buddy Kennedy",22505,671083
"Alika Williams","ATH","Alika Williams","ATH",2026,27,40,73,78,17,11,4,1,1,12,8,2,0,21,1,1,1,1,0,1,0.232876712,23,20,10,3,282,82,200,1,1,0,0.025641025,0.269230769,0.095238095,0.259740259,0.356164383,0.615904642,0.123287671,0.307692307,1.15,0.188679245,0.433962264,0.37735849,0.15,0.05,0.04347826,0,0.26773924332160454,-3.0544101356909588,6.1563800216271565,,,,,,,,5.740536058744693,59.94105410802029,,,,,,,,,,,,,,,,,,,,,,,,,,,,,,,,,,,,,,,,,,,,,,,,,,,,,,,,,,,,,,,,,,,,,,,,,,,,,,,,,,,,,,,,,,,,,,,,,,,,,,,,,,,,,,,,,,,,,,,,,,,,,,,,,,,,,,,,-0.4897214565426111,,"27 - 27",,,,0.40740741,0.48148148,0.11111111,0.18518519,0.46296296,0.35185185,0.30769231,,,,,,,,,,,,,,,,,,,,,,,,,,,,,,,,,,,,,,,,,,,,,,,,,,,,,,,,,,,,,,,,,,,,,,,,,,,,,,,,,,,,,,,,,,,,,,,,,,,,,,,,,,,,,,,,,,,,,,,,,,,,,"R",,,,,,,,,,,,,,,,,,,,,,,,,,,,,,,,,,,,,,,,,,,,,,,,,,,,,,,,,,,,,,,,,,,,,,,,,,,,,,,,,,,,,,,,,,,,,,,,,,,,,,,,,,,,,,,,,,,,,,,,,,"Alika Williams",27604,675961
"Marcell Ozuna","PIT","Marcell Ozuna","PIT",2026,35,58,159,177,32,24,4,0,4,13,18,16,0,53,2,0,0,3,0,0,0.201257861,35,45,26,6,775,292,483,2,0,0,0.09039548,0.299435028,0.301886792,0.282485875,0.301886792,0.584372667,0.100628931,0.274509803,0.777777777,0.245283018,0.330188679,0.424528301,0.133333333,0.088888888,0.057142857,0,0.2669534622612646,-7.043342205181711,13.858066228732474,,,,,,,,0.7962662275000001,62.311744952447114,,,,,,,,,,,,,,,,,,,,,,,,,,,,,,,,,,,,,,,,,,,,,,,,,,,,,,,,,,,,,,,,,,,,,,,,,,,,,,,,,,,,,,,,,,,,,,,,,,,,,,,,,,,,,,,,,,,,,,,,,,,,,,,,,,,,,,,,-0.23646956495940685,,"35 - 35",,,,0.37735849,0.3490566,0.27358491,0.17924528,0.52830189,0.29245283,0.41242938,,,,,,,,,,,,,,,,,,,,,,,,,,,,,,,,,,,,,,,,,,,,,,,,,,,,,,,,,,,,,,,,,,,,,,,,,,,,,,,,,,,,,,,,,,,,,,,,,,,,,,,,,,,,,,,,,,,,,,,,,,,,,"R",,,,,,,,,,,,,,,,,,,,,,,,,,,,,,,,,,,,,,,,,,,,,,,,,,,,,,,,,,,,,,,,,,,,,,,,,,,,,,,,,,,,,,,,,,,,,,,,,,,,,,,,,,,,,,,,,,,,,,,,,,"Marcell Ozuna",10324,542303
"Christian Vázquez","HOU","Christian Vázquez","HOU",2026,35,73,173,191,36,27,3,0,6,18,18,15,1,39,0,0,3,3,1,0,0.208092485,57,53,21,7,759,269,490,3,6,1,0.078534031,0.204188481,0.384615384,0.271276595,0.329479768,0.600756363,0.121387283,0.234375,1.075471698,0.160305343,0.435114503,0.404580152,0.132075471,0.113207547,0.052631578,0.166666666,0.2668933151240017,-7.60970870842225,14.944918471677239,,,,,,,,2.620628208599353,68.06982273257044,,,,,,,,,,,,,,,,,,,,,,,,,,,,,,,,,,,,,,,,,,,,,,,,,,,,,,,,,,,,,,,,,,,,,,,,,,,,,,,,,,,,,,,,,,,,,,,,,,,,,,,,,,,,,,,,,,,,,,,,,,,,,,,,,,,,,,,,-0.03083933424204588,,"35 - 35",,,,0.32116788,0.37226277,0.30656934,0.13868613,0.6350365,0.22627737,0.31413613,,,,,,,,,,,,,,,,,,,,,,,,,,,,,,,,,,,,,,,,,,,,,,,,,,,,,,,,,,,,,,,,,,,,,,,,,,,,,,,,,,,,,,,,,,,,,,,,,,,,,,,,,,,,,,,,,,,,,,,,,,,,,"R",,,,,,,,,,,,,,,,,,,,,,,,,,,,,,,,,,,,,,,,,,,,,,,,,,,,,,,,,,,,,,,,,,,,,,,,,,,,,,,,,,,,,,,,,,,,,,,,,,,,,,,,,,,,,,,,,,,,,,,,,,"Christian Vazquez",9774,543877
"Freddy Fermin","SDP","Freddy Fermin","SDP",2026,31,63,146,169,30,20,8,0,2,16,10,14,0,35,3,2,3,2,1,1,0.205479452,42,44,25,4,651,226,425,2,5,0,0.082840236,0.207100591,0.4,0.284848484,0.301369863,0.586218347,0.095890411,0.252252252,0.954545454,0.225225225,0.378378378,0.396396396,0.09090909,0.045454545,0.047619047,0,0.2664690209157539,-6.791033631158577,13.165678376364006,,,,,,,,2.647234465144418,69.29388674960978,,,,,,,,,,,,,,,,,,,,,,,,,,,,,,,,,,,,,,,,,,,,,,,,,,,,,,,,,,,,,,,,,,,,,,,,,,,,,,,,,,,,,,,,,,,,,,,,,,,,,,,,,,,,,,,,,,,,,,,,,,,,,,,,,,,,,,,,-0.4192166915163398,,"31 - 31",,,,0.40517241,0.39655172,0.19827586,0.14655172,0.61206897,0.24137931,0.30177515,,,,,,,,,,,,,,,,,,,,,,,,,,,,,,,,,,,,,,,,,,,,,,,,,,,,,,,,,,,,,,,,,,,,,,,,,,,,,,,,,,,,,,,,,,,,,,,,,,,,,,,,,,,,,,,,,,,,,,,,,,,,,"R",,,,,,,,,,,,,,,,,,,,,,,,,,,,,,,,,,,,,,,,,,,,,,,,,,,,,,,,,,,,,,,,,,,,,,,,,,,,,,,,,,,,,,,,,,,,,,,,,,,,,,,,,,,,,,,,,,,,,,,,,,"Freddy Fermin",21840,666023
"Nick Allen","HOU","Nick Allen","HOU",2026,27,53,97,109,24,22,1,0,1,14,8,8,0,25,0,2,2,3,0,0,0.24742268,32,27,12,8,394,137,257,3,5,1,0.073394495,0.229357798,0.32,0.29906542,0.288659793,0.587725213,0.041237113,0.315068493,1.185185185,0.169014084,0.450704225,0.38028169,0.296296296,0.037037037,0.09375,0.2,0.26621182054002707,-4.4026279098568235,8.468860899728748,,,,,,,,2.1388248775,67.595550251279,,,,,,,,,,,,,,,,,,,,,,,,,,,,,,,,,,,,,,,,,,,,,,,,,,,,,,,,,,,,,,,,,,,,,,,,,,,,,,,,,,,,,,,,,,,,,,,,,,,,,,,,,,,,,,,,,,,,,,,,,,,,,,,,,,,,,,,,-0.16890683211386204,,"27 - 27",,,,0.39473684,0.40789474,0.19736842,0.21052632,0.48684211,0.30263158,0.31192661,,,,,,,,,,,,,,,,,,,,,,,,,,,,,,,,,,,,,,,,,,,,,,,,,,,,,,,,,,,,,,,,,,,,,,,,,,,,,,,,,,,,,,,,,,,,,,,,,,,,,,,,,,,,,,,,,,,,,,,,,,,,,"R",,,,,,,,,,,,,,,,,,,,,,,,,,,,,,,,,,,,,,,,,,,,,,,,,,,,,,,,,,,,,,,,,,,,,,,,,,,,,,,,,,,,,,,,,,,,,,,,,,,,,,,,,,,,,,,,,,,,,,,,,,"Nick Allen",22277,669397
"Alan Roden","MIN","Alan Roden","MIN",2026,26,26,55,66,11,7,4,0,0,5,9,9,0,9,0,2,0,1,0,0,0.2,23,19,6,1,237,92,145,2,0,0,0.136363636,0.136363636,1,0.303030303,0.272727272,0.575757575,0.072727272,0.229166666,1.210526315,0.125,0.479166666,0.395833333,0.052631578,0,0.086956521,0,0.26611268068804883,-2.671088985494957,5.122656532235756,,,,,,,,1.08035714,66.95653748974031,,,,,,,,,,,,,,,,,,,,,,,,,,,,,,,,,,,,,,,,,,,,,,,,,,,,,,,,,,,,,,,,,,,,,,,,,,,,,,,,,,,,,,,,,,,,,,,,,,,,,,,,,,,,,,,,,,,,,,,,,,,,,,,,,,,,,,,,-0.09008364379405975,,"26 - 26",,,,0.29166667,0.29166667,0.41666667,0.14583333,0.58333333,0.27083333,0.27272727,,,,,,,,,,,,,,,,,,,,,,,,,,,,,,,,,,,,,,,,,,,,,,,,,,,,,,,,,,,,,,,,,,,,,,,,,,,,,,,,,,,,,,,,,,,,,,,,,,,,,,,,,,,,,,,,,,,,,,,,,,,,,"L",,,,,,,,,,,,,,,,,,,,,,,,,,,,,,,,,,,,,,,,,,,,,,,,,,,,,,,,,,,,,,,,,,,,,,,,,,,,,,,,,,,,,,,,,,,,,,,,,,,,,,,,,,,,,,,,,,,,,,,,,,"Alan Roden",31564,702176
"Matt Wallner","MIN","Matt Wallner","MIN",2026,28,33,78,88,14,10,1,0,3,9,7,8,0,36,2,0,0,2,0,1,0.179487179,24,10,8,3,391,143,248,1,0,0,0.09090909,0.409090909,0.222222222,0.272727272,0.307692307,0.580419579,0.128205128,0.282051282,2.4,0.19047619,0.571428571,0.238095238,0.3,0.3,0.041666666,0,0.2654973864555359,-3.6051245765391866,6.786536113768431,,,,,,,,2.1904779891678734,66.5283358147156,,,,,,,,,,,,,,,,,,,,,,,,,,,,,,,,,,,,,,,,,,,,,,,,,,,,,,,,,,,,,,,,,,,,,,,,,,,,,,,,,,,,,,,,,,,,,,,,,,,,,,,,,,,,,,,,,,,,,,,,,,,,,,,,,,,,,,,,-0.5235028229653835,,"28 - 28",,,,0.54761905,0.30952381,0.14285714,0.26190476,0.38095238,0.35714286,0.53409091,,,,,,,,,,,,,,,,,,,,,,,,,,,,,,,,,,,,,,,,,,,,,,,,,,,,,,,,,,,,,,,,,,,,,,,,,,,,,,,,,,,,,,,,,,,,,,,,,,,,,,,,,,,,,,,,,,,,,,,,,,,,,"L",,,,,,,,,,,,,,,,,,,,,,,,,,,,,,,,,,,,,,,,,,,,,,,,,,,,,,,,,,,,,,,,,,,,,,,,,,,,,,,,,,,,,,,,,,,,,,,,,,,,,,,,,,,,,,,,,,,,,,,,,,"Matt Wallner",26466,670242
"Darell Hernaiz","ATH","Darell Hernaiz","ATH",2026,24,40,85,99,19,16,3,0,0,8,5,10,0,20,1,1,2,1,2,0,0.223529411,32,24,10,3,392,128,264,3,2,0,0.101010101,0.202020202,0.5,0.30927835,0.258823529,0.568101879,0.035294118,0.287878787,1.333333333,0.151515151,0.484848484,0.363636363,0.125,0,0.09375,0,0.26536851752664625,-4.066055421779677,7.624562854816392,,,,,,,,4.043715188182094,58.29119506045623,,,,,,,,,,,,,,,,,,,,,,,,,,,,,,,,,,,,,,,,,,,,,,,,,,,,,,,,,,,,,,,,,,,,,,,,,,,,,,,,,,,,,,,,,,,,,,,,,,,,,,,,,,,,,,,,,,,,,,,,,,,,,,,,,,,,,,,,0.24798385705798864,,"24 - 24",,,,0.23529412,0.41176471,0.35294118,0.22058824,0.54411765,0.23529412,0.3030303,,,,,,,,,,,,,,,,,,,,,,,,,,,,,,,,,,,,,,,,,,,,,,,,,,,,,,,,,,,,,,,,,,,,,,,,,,,,,,,,,,,,,,,,,,,,,,,,,,,,,,,,,,,,,,,,,,,,,,,,,,,,,"R",,,,,,,,,,,,,,,,,,,,,,,,,,,,,,,,,,,,,,,,,,,,,,,,,,,,,,,,,,,,,,,,,,,,,,,,,,,,,,,,,,,,,,,,,,,,,,,,,,,,,,,,,,,,,,,,,,,,,,,,,,"Darell Hernaiz",26224,687231
"Leo Rivas","SEA","Leo Rivas","SEA",2026,28,41,78,93,15,12,2,1,0,7,9,11,0,29,3,1,0,1,1,0,0.192307692,16,19,15,0,410,163,247,0,0,0,0.118279569,0.311827956,0.379310344,0.311827956,0.243589743,0.555417699,0.051282051,0.3,0.842105263,0.3,0.32,0.38,0,0,0,0,0.2652764852328967,-3.826531278433639,7.15556467836873,,,,,,,,5.565576083162427,73.0774080855237,,,,,,,,,,,,,,,,,,,,,,,,,,,,,,,,,,,,,,,,,,,,,,,,,,,,,,,,,,,,,,,,,,,,,,,,,,,,,,,,,,,,,,,,,,,,,,,,,,,,,,,,,,,,,,,,,,,,,,,,,,,,,,,,,,,,,,,,0.05361408181488514,,"28 - 28",,,,0.4,0.38,0.22,0.1,0.74,0.16,0.43010753,,,,,,,,,,,,,,,,,,,,,,,,,,,,,,,,,,,,,,,,,,,,,,,,,,,,,,,,,,,,,,,,,,,,,,,,,,,,,,,,,,,,,,,,,,,,,,,,,,,,,,,,,,,,,,,,,,,,,,,,,,,,,"B",,,,,,,,,,,,,,,,,,,,,,,,,,,,,,,,,,,,,,,,,,,,,,,,,,,,,,,,,,,,,,,,,,,,,,,,,,,,,,,,,,,,,,,,,,,,,,,,,,,,,,,,,,,,,,,,,,,,,,,,,,"Leo Rivas",21009,660844
"Bryce Johnson","SDP","Bryce Johnson","SDP",2026,30,23,33,36,8,6,2,0,0,5,1,2,0,13,0,0,1,0,5,1,0.242424242,7,7,4,2,130,39,91,0,3,1,0.055555555,0.361111111,0.153846153,0.285714285,0.303030303,0.588744588,0.060606061,0.4,1,0.222222222,0.388888888,0.388888888,0.285714285,0,0,0.333333333,0.2646327529634748,-1.4999297205217352,2.751204198240472,,,,,,,,7.034267912772586,68.06197453051016,,,,,,,,,,,,,,,,,,,,,,,,,,,,,,,,,,,,,,,,,,,,,,,,,,,,,,,,,,,,,,,,,,,,,,,,,,,,,,,,,,,,,,,,,,,,,,,,,,,,,,,,,,,,,,,,,,,,,,,,,,,,,,,,,,,,,,,,0.5440599247813225,,"30 - 30",,,,0.33333333,0.28571429,0.38095238,0.28571429,0.61904762,0.0952381,0.41666667,,,,,,,,,,,,,,,,,,,,,,,,,,,,,,,,,,,,,,,,,,,,,,,,,,,,,,,,,,,,,,,,,,,,,,,,,,,,,,,,,,,,,,,,,,,,,,,,,,,,,,,,,,,,,,,,,,,,,,,,,,,,,"B",,,,,,,,,,,,,,,,,,,,,,,,,,,,,,,,,,,,,,,,,,,,,,,,,,,,,,,,,,,,,,,,,,,,,,,,,,,,,,,,,,,,,,,,,,,,,,,,,,,,,,,,,,,,,,,,,,,,,,,,,,"Bryce Johnson",20002,669369
"Tristan Gray","MIN","Tristan Gray","MIN",2026,30,60,155,168,36,28,5,0,3,15,28,10,0,49,0,3,0,2,2,0,0.232258064,36,43,28,7,656,205,451,3,2,2,0.059523809,0.291666666,0.204081632,0.273809523,0.322580645,0.596390168,0.090322581,0.311320754,0.837209302,0.261682242,0.336448598,0.401869158,0.162790697,0.069767441,0.083333333,1,0.26413855240458534,-7.066638282905525,12.771986671318109,,,,,,,,3.5243865289150866,65.58268252243413,,,,,,,,,,,,,,,,,,,,,,,,,,,,,,,,,,,,,,,,,,,,,,,,,,,,,,,,,,,,,,,,,,,,,,,,,,,,,,,,,,,,,,,,,,,,,,,,,,,,,,,,,,,,,,,,,,,,,,,,,,,,,,,,,,,,,,,,0.18605135194957256,,"30 - 30",,,,0.44954128,0.31192661,0.23853211,0.18348624,0.52293578,0.29357798,0.36904762,,,,,,,,,,,,,,,,,,,,,,,,,,,,,,,,,,,,,,,,,,,,,,,,,,,,,,,,,,,,,,,,,,,,,,,,,,,,,,,,,,,,,,,,,,,,,,,,,,,,,,,,,,,,,,,,,,,,,,,,,,,,,"L",,,,,,,,,,,,,,,,,,,,,,,,,,,,,,,,,,,,,,,,,,,,,,,,,,,,,,,,,,,,,,,,,,,,,,,,,,,,,,,,,,,,,,,,,,,,,,,,,,,,,,,,,,,,,,,,,,,,,,,,,,"Tristan Gray",19877,656484
"Zach Cole","HOU","Zach Cole","HOU",2026,25,17,45,47,8,4,1,0,3,3,8,1,0,17,1,0,0,0,0,0,0.177777777,12,13,3,2,191,70,121,1,0,0,0.021276595,0.361702127,0.058823529,0.212765957,0.4,0.612765957,0.222222223,0.2,0.923076923,0.107142857,0.428571428,0.464285714,0.153846153,0.23076923,0.083333333,0,0.26396815700733917,-1.983435690829689,3.5666558142209706,,,,,,,,0.14285714,66.03411763559357,,,,,,,,,,,,,,,,,,,,,,,,,,,,,,,,,,,,,,,,,,,,,,,,,,,,,,,,,,,,,,,,,,,,,,,,,,,,,,,,,,,,,,,,,,,,,,,,,,,,,,,,,,,,,,,,,,,,,,,,,,,,,,,,,,,,,,,,-0.03378136642277241,,"25 - 25",,,,0.46428571,0.35714286,0.17857143,0.10714286,0.5,0.39285714,0.44680851,,,,,,,,,,,,,,,,,,,,,,,,,,,,,,,,,,,,,,,,,,,,,,,,,,,,,,,,,,,,,,,,,,,,,,,,,,,,,,,,,,,,,,,,,,,,,,,,,,,,,,,,,,,,,,,,,,,,,,,,,,,,,"L",,,,,,,,,,,,,,,,,,,,,,,,,,,,,,,,,,,,,,,,,,,,,,,,,,,,,,,,,,,,,,,,,,,,,,,,,,,,,,,,,,,,,,,,,,,,,,,,,,,,,,,,,,,,,,,,,,,,,,,,,,"Zach Cole",31583,805904
"Danny Jansen","TEX","Danny Jansen","TEX",2026,31,42,104,119,17,8,5,1,3,9,12,10,0,32,4,0,1,5,1,0,0.163461538,29,34,9,6,463,173,290,1,1,0,0.084033613,0.268907563,0.3125,0.262711864,0.317307692,0.580019556,0.153846154,0.20289855,0.852941176,0.125,0.402777777,0.472222222,0.176470588,0.088235294,0.034482758,0,0.2634183623022952,-5.074660841326996,8.977698501248076,,,,,,,,4.868442423305039,67.05833292435261,,,,,,,,,,,,,,,,,,,,,,,,,,,,,,,,,,,,,,,,,,,,,,,,,,,,,,,,,,,,,,,,,,,,,,,,,,,,,,,,,,,,,,,,,,,,,,,,,,,,,,,,,,,,,,,,,,,,,,,,,,,,,,,,,,,,,,,,0.07613499276340008,,"31 - 31",,,,0.61643836,0.31506849,0.06849315,0.17808219,0.52054795,0.30136986,0.37815126,,,,,,,,,,,,,,,,,,,,,,,,,,,,,,,,,,,,,,,,,,,,,,,,,,,,,,,,,,,,,,,,,,,,,,,,,,,,,,,,,,,,,,,,,,,,,,,,,,,,,,,,,,,,,,,,,,,,,,,,,,,,,"R",,,,,,,,,,,,,,,,,,,,,,,,,,,,,,,,,,,,,,,,,,,,,,,,,,,,,,,,,,,,,,,,,,,,,,,,,,,,,,,,,,,,,,,,,,,,,,,,,,,,,,,,,,,,,,,,,,,,,,,,,,"Danny Jansen",16535,643376
"Denzer Guzman","LAA","Denzer Guzman","LAA",2026,22,54,149,158,36,28,6,0,2,14,13,5,0,38,1,0,2,2,2,0,0.241610738,52,36,23,3,558,176,382,6,2,0,0.031645569,0.240506329,0.131578947,0.270967741,0.322147651,0.593115392,0.080536913,0.311926605,1.444444444,0.207207207,0.468468468,0.324324324,0.083333333,0.055555555,0.115384615,0,0.26338123929116036,-6.742515882656295,11.915238538577837,,,,,,,,3.8069636027746254,65.69294509538348,,,,,,,,,,,,,,,,,,,,,,,,,,,,,,,,,,,,,,,,,,,,,,,,,,,,,,,,,,,,,,,,,,,,,,,,,,,,,,,,,,,,,,,,,,,,,,,,,,,,,,,,,,,,,,,,,,,,,,,,,,,,,,,,,,,,,,,,0.2085722628980875,,"22 - 22",,,,0.45132743,0.37168142,0.17699115,0.13274336,0.60176991,0.26548673,0.28481013,,,,,,,,,,,,,,,,,,,,,,,,,,,,,,,,,,,,,,,,,,,,,,,,,,,,,,,,,,,,,,,,,,,,,,,,,,,,,,,,,,,,,,,,,,,,,,,,,,,,,,,,,,,,,,,,,,,,,,,,,,,,,"R",,,,,,,,,,,,,,,,,,,,,,,,,,,,,,,,,,,,,,,,,,,,,,,,,,,,,,,,,,,,,,,,,,,,,,,,,,,,,,,,,,,,,,,,,,,,,,,,,,,,,,,,,,,,,,,,,,,,,,,,,,"Denzer Guzman",28816,694203
"Carson Williams","TBR","Carson Williams","TBR",2026,23,11,21,23,4,2,1,0,1,6,6,1,0,6,0,0,1,1,0,0,0.19047619,4,9,2,4,84,29,55,0,1,0,0.04347826,0.260869565,0.166666666,0.227272727,0.38095238,0.608225107,0.19047619,0.214285714,0.444444444,0.133333333,0.266666666,0.6,0.444444444,0.111111111,0,0,0.26331099055030127,-0.9828086729872286,1.7331935528886258,,,,,,,,2.64285714,64.12856145186998,,,,,,,,,,,,,,,,,,,,,,,,,,,,,,,,,,,,,,,,,,,,,,,,,,,,,,,,,,,,,,,,,,,,,,,,,,,,,,,,,,,,,,,,,,,,,,,,,,,,,,,,,,,,,,,,,,,,,,,,,,,,,,,,,,,,,,,,-0.016890683211386204,,"23 - 23",,,,0.3125,0.375,0.3125,0.3125,0.3125,0.375,0.34782609,,,,,,,,,,,,,,,,,,,,,,,,,,,,,,,,,,,,,,,,,,,,,,,,,,,,,,,,,,,,,,,,,,,,,,,,,,,,,,,,,,,,,,,,,,,,,,,,,,,,,,,,,,,,,,,,,,,,,,,,,,,,,"R",,,,,,,,,,,,,,,,,,,,,,,,,,,,,,,,,,,,,,,,,,,,,,,,,,,,,,,,,,,,,,,,,,,,,,,,,,,,,,,,,,,,,,,,,,,,,,,,,,,,,,,,,,,,,,,,,,,,,,,,,,"Carson Williams",30038,700246
"Sung-Mun Song","SDP","Sung-Mun Song","SDP",2026,29,54,111,130,22,17,4,0,1,19,12,17,1,24,0,0,2,3,12,4,0.198198198,34,41,9,10,536,207,329,5,5,1,0.13076923,0.184615384,0.708333333,0.3046875,0.261261261,0.565948761,0.063063063,0.244186046,0.829268292,0.107142857,0.404761904,0.488095238,0.243902439,0.024390243,0.147058823,0.2,0.26302904078340905,-5.584569229094924,9.766747699768603,,,,,,,,6.3963529124350655,66.9860789194748,,,,,,,,,,,,,,,,,,,,,,,,,,,,,,,,,,,,,,,,,,,,,,,,,,,,,,,,,,,,,,,,,,,,,,,,,,,,,,,,,,,,,,,,,,,,,,,,,,,,,,,,,,,,,,,,,,,,,,,,,,,,,,,,,,,,,,,,0.5706094475463033,,"29 - 29",,,,0.41573034,0.3258427,0.25842697,0.21348315,0.52808989,0.25842697,0.32307692,,,,,,,,,,,,,,,,,,,,,,,,,,,,,,,,,,,,,,,,,,,,,,,,,,,,,,,,,,,,,,,,,,,,,,,,,,,,,,,,,,,,,,,,,,,,,,,,,,,,,,,,,,,,,,,,,,,,,,,,,,,,,"L",,,,,,,,,,,,,,,,,,,,,,,,,,,,,,,,,,,,,,,,,,,,,,,,,,,,,,,,,,,,,,,,,,,,,,,,,,,,,,,,,,,,,,,,,,,,,,,,,,,,,,,,,,,,,,,,,,,,,,,,,,"Sung-Mun Song",37122,823550
"Ezequiel Tovar","COL","Ezequiel Tovar","COL",2026,24,110,285,310,61,40,13,0,8,32,29,17,0,71,1,7,0,5,4,1,0.214035087,85,95,36,13,1104,325,779,6,5,1,0.054838709,0.229032258,0.239436619,0.254838709,0.343859649,0.598698358,0.129824562,0.248826291,0.894736842,0.166666666,0.393518518,0.439814814,0.136842105,0.084210526,0.070588235,0.2,0.2613931623197371,-13.7260806958406,22.88090582683396,,,,,,,,3.796125891097967,49.145604913787174,,,,,,,,,,,,,,,,,,,,,,,,,,,,,,,,,,,,,,,,,,,,,,,,,,,,,,,,,,,,,,,,,,,,,,,,,,,,,,,,,,,,,,,,,,,,,,,,,,,,,,,,,,,,,,,,,,,,,,,,,,,,,,,,,,,,,,,,0.06254853494465351,,"24 - 24",,,,0.36651584,0.38461538,0.24886878,0.17647059,0.46606335,0.35746606,0.30967742,,,,,,,,,,,,,,,,,,,,,,,,,,,,,,,,,,,,,,,,,,,,,,,,,,,,,,,,,,,,,,,,,,,,,,,,,,,,,,,,,,,,,,,,,,,,,,,,,,,,,,,,,,,,,,,,,,,,,,,,,,,,,"R",,,,,,,,,,,,,,,,,,,,,,,,,,,,,,,,,,,,,,,,,,,,,,,,,,,,,,,,,,,,,,,,,,,,,,,,,,,,,,,,,,,,,,,,,,,,,,,,,,,,,,,,,,,,,,,,,,,,,,,,,,"Ezequiel Tovar",24064,678662
"Brady House","WSN","Brady House","WSN",2026,23,66,183,201,36,24,6,0,6,21,24,13,0,58,3,2,0,4,0,0,0.196721311,69,42,16,1,726,244,482,3,0,0,0.064676616,0.288557213,0.224137931,0.258706467,0.327868852,0.586575319,0.131147541,0.247933884,1.642857142,0.125984251,0.543307086,0.330708661,0.023809523,0.142857142,0.04347826,0,0.2612639105142052,-8.920768057653653,14.814729655435336,,,,,,,,1.69808969625,59.87571605254126,,,,,,,,,,,,,,,,,,,,,,,,,,,,,,,,,,,,,,,,,,,,,,,,,,,,,,,,,,,,,,,,,,,,,,,,,,,,,,,,,,,,,,,,,,,,,,,,,,,,,,,,,,,,,,,,,,,,,,,,,,,,,,,,,,,,,,,,-0.22520910948514938,,"23 - 23",,,,0.32283465,0.46456693,0.21259843,0.13385827,0.47244094,0.39370079,0.38308458,,,,,,,,,,,,,,,,,,,,,,,,,,,,,,,,,,,,,,,,,,,,,,,,,,,,,,,,,,,,,,,,,,,,,,,,,,,,,,,,,,,,,,,,,,,,,,,,,,,,,,,,,,,,,,,,,,,,,,,,,,,,,"R",,,,,,,,,,,,,,,,,,,,,,,,,,,,,,,,,,,,,,,,,,,,,,,,,,,,,,,,,,,,,,,,,,,,,,,,,,,,,,,,,,,,,,,,,,,,,,,,,,,,,,,,,,,,,,,,,,,,,,,,,,"Brady House",29993,691781
"Agustín Ramírez","MIA","Agustín Ramírez","MIA",2026,24,45,108,121,23,18,4,0,1,17,11,11,0,28,1,1,0,5,3,1,0.212962962,47,23,11,3,461,164,297,5,0,0,0.09090909,0.231404958,0.392857142,0.289256198,0.277777777,0.567033975,0.064814815,0.275,2.04347826,0.135802469,0.580246913,0.283950617,0.130434782,0.04347826,0.106382978,0,0.26060816522472163,-5.434211258834226,8.854322190338747,,,,,,,,5.06246515811492,60.30542731559224,,,,,,,,,,,,,,,,,,,,,,,,,,,,,,,,,,,,,,,,,,,,,,,,,,,,,,,,,,,,,,,,,,,,,,,,,,,,,,,,,,,,,,,,,,,,,,,,,,,,,,,,,,,,,,,,,,,,,,,,,,,,,,,,,,,,,,,,0.02019490860402584,,"24 - 24",,,,0.50617284,0.2962963,0.19753086,0.25925926,0.54320988,0.19753086,0.33057851,,,,,,,,,,,,,,,,,,,,,,,,,,,,,,,,,,,,,,,,,,,,,,,,,,,,,,,,,,,,,,,,,,,,,,,,,,,,,,,,,,,,,,,,,,,,,,,,,,,,,,,,,,,,,,,,,,,,,,,,,,,,,"R",,,,,,,,,,,,,,,,,,,,,,,,,,,,,,,,,,,,,,,,,,,,,,,,,,,,,,,,,,,,,,,,,,,,,,,,,,,,,,,,,,,,,,,,,,,,,,,,,,,,,,,,,,,,,,,,,,,,,,,,,,"Agustin Ramirez",26546,682663
"Edgar Quero","CHW","Edgar Quero","CHW",2026,23,55,110,125,26,25,1,0,0,6,8,10,0,28,2,1,2,5,0,0,0.236363636,47,24,12,1,497,194,303,1,2,0,0.08,0.224,0.357142857,0.308943089,0.245454545,0.554397634,0.009090909,0.313253012,1.958333333,0.144578313,0.56626506,0.289156626,0.041666666,0,0.021276595,0,0.2598192066681094,-5.693398655288595,9.06748300708018,,,,,,,,0.5595238025,62.667080041593124,,,,,,,,,,,,,,,,,,,,,,,,,,,,,,,,,,,,,,,,,,,,,,,,,,,,,,,,,,,,,,,,,,,,,,,,,,,,,,,,,,,,,,,,,,,,,,,,,,,,,,,,,,,,,,,,,,,,,,,,,,,,,,,,,,,,,,,,-0.20831842627376318,,"23 - 23",,,,0.25882353,0.49411765,0.24705882,0.12941176,0.52941176,0.34117647,0.304,,,,,,,,,,,,,,,,,,,,,,,,,,,,,,,,,,,,,,,,,,,,,,,,,,,,,,,,,,,,,,,,,,,,,,,,,,,,,,,,,,,,,,,,,,,,,,,,,,,,,,,,,,,,,,,,,,,,,,,,,,,,,"B",,,,,,,,,,,,,,,,,,,,,,,,,,,,,,,,,,,,,,,,,,,,,,,,,,,,,,,,,,,,,,,,,,,,,,,,,,,,,,,,,,,,,,,,,,,,,,,,,,,,,,,,,,,,,,,,,,,,,,,,,,"Edgar Quero",28022,700337
"Salvador Perez","KCR","Salvador Perez","KCR",2026,36,121,354,382,72,49,9,1,13,29,44,14,0,77,8,5,0,15,1,0,0.20338983,114,117,51,14,1430,461,969,5,0,0,0.036649214,0.20157068,0.181818181,0.24671916,0.344632768,0.591351928,0.141242938,0.219330855,0.974358974,0.180851063,0.404255319,0.414893617,0.119658119,0.111111111,0.043859649,0,0.25947985295548526,-17.5035848180395,27.605669542159475,,,,,,,,2.3612837486876033,59.712889643371234,,,,,,,,,,,,,,,,,,,,,,,,,,,,,,,,,,,,,,,,,,,,,,,,,,,,,,,,,,,,,,,,,,,,,,,,,,,,,,,,,,,,,,,,,,,,,,,,,,,,,,,,,,,,,,,,,,,,,,,,,,,,,,,,,,,,,,,,-0.19974616635590792,,"36 - 36",,,,0.41843972,0.33687943,0.24468085,0.14539007,0.5035461,0.35106383,0.27225131,,,,,,,,,,,,,,,,,,,,,,,,,,,,,,,,,,,,,,,,,,,,,,,,,,,,,,,,,,,,,,,,,,,,,,,,,,,,,,,,,,,,,,,,,,,,,,,,,,,,,,,,,,,,,,,,,,,,,,,,,,,,,"R",,,,,,,,,,,,,,,,,,,,,,,,,,,,,,,,,,,,,,,,,,,,,,,,,,,,,,,,,,,,,,,,,,,,,,,,,,,,,,,,,,,,,,,,,,,,,,,,,,,,,,,,,,,,,,,,,,,,,,,,,,"Salvador Perez",7304,521692
"Jasson Domínguez","NYY","Jasson Domínguez","NYY",2026,23,47,121,128,24,14,6,0,4,11,6,6,0,28,1,0,0,1,6,0,0.198347107,39,34,20,8,481,167,314,2,0,0,0.046875,0.21875,0.214285714,0.2421875,0.347107438,0.589294938,0.148760331,0.224719101,1.147058823,0.215053763,0.419354838,0.365591397,0.235294117,0.117647058,0.051282051,0,0.2590827946551144,-5.906068355827368,9.209074466438256,,,,,,,,5.444449280258661,62.032478818259804,,,,,,,,,,,,,,,,,,,,,,,,,,,,,,,,,,,,,,,,,,,,,,,,,,,,,,,,,,,,,,,,,,,,,,,,,,,,,,,,,,,,,,,,,,,,,,,,,,,,,,,,,,,,,,,,,,,,,,,,,,,,,,,,,,,,,,,,1.08176523540169,,"23 - 23",,,,0.47311828,0.31182796,0.21505376,0.13978495,0.47311828,0.38709677,0.296875,,,,,,,,,,,,,,,,,,,,,,,,,,,,,,,,,,,,,,,,,,,,,,,,,,,,,,,,,,,,,,,,,,,,,,,,,,,,,,,,,,,,,,,,,,,,,,,,,,,,,,,,,,,,,,,,,,,,,,,,,,,,,"B",,,,,,,,,,,,,,,,,,,,,,,,,,,,,,,,,,,,,,,,,,,,,,,,,,,,,,,,,,,,,,,,,,,,,,,,,,,,,,,,,,,,,,,,,,,,,,,,,,,,,,,,,,,,,,,,,,,,,,,,,,"Jasson Dominguez",28080,691176
"Oswald Peraza","LAA","Oswald Peraza","LAA",2026,26,87,198,216,43,34,6,1,2,16,11,9,0,66,8,1,0,6,9,1,0.217171717,71,33,26,3,815,259,556,4,3,3,0.041666666,0.305555555,0.136363636,0.277777777,0.287878787,0.565656564,0.07070707,0.312977099,2.151515151,0.2,0.546153846,0.253846153,0.09090909,0.06060606,0.056338028,1,0.2576784778524328,-10.211149991351224,15.295653521222018,,,,,,,,5.872854896916427,61.72422269999166,,,,,,,,,,,,,,,,,,,,,,,,,,,,,,,,,,,,,,,,,,,,,,,,,,,,,,,,,,,,,,,,,,,,,,,,,,,,,,,,,,,,,,,,,,,,,,,,,,,,,,,,,,,,,,,,,,,,,,,,,,,,,,,,,,,,,,,,1.1019601440057158,,"26 - 26",,,,0.36842105,0.39849624,0.23308271,0.12781955,0.62406015,0.2481203,0.35648148,,,,,,,,,,,,,,,,,,,,,,,,,,,,,,,,,,,,,,,,,,,,,,,,,,,,,,,,,,,,,,,,,,,,,,,,,,,,,,,,,,,,,,,,,,,,,,,,,,,,,,,,,,,,,,,,,,,,,,,,,,,,,"R",,,,,,,,,,,,,,,,,,,,,,,,,,,,,,,,,,,,,,,,,,,,,,,,,,,,,,,,,,,,,,,,,,,,,,,,,,,,,,,,,,,,,,,,,,,,,,,,,,,,,,,,,,,,,,,,,,,,,,,,,,"Oswald Peraza",22823,672724
"Patrick Bailey","- - -","Patrick Bailey","- - -",2026,27,81,222,241,45,32,6,1,6,19,21,17,0,59,0,1,1,4,3,0,0.202702702,71,59,33,6,951,328,623,3,2,0,0.070539419,0.244813278,0.288135593,0.258333333,0.319819819,0.578153152,0.117117117,0.246835443,1.20338983,0.202453987,0.435582822,0.36196319,0.101694915,0.101694915,0.042253521,0,0.2576590970158577,-11.365765597348734,17.093214247698263,,,,,,,,4.327315214342294,62.22706880164672,,,,,,,,,,,,,,,,,,,,,,,,,,,,,,,,,,,,,,,,,,,,,,,,,,,,,,,,,,,,,,,,,,,,,,,,,,,,,,,,,,,,,,,,,,,,,,,,,,,,,,,,,,,,,,,,,,,,,,,,,,,,,,,,,,,,,,,,0.3241188498213887,,"27 - 27",,,,0.41212121,0.33939394,0.24848485,0.13333333,0.5030303,0.36363636,0.34024896,,,,,,,,,,,,,,,,,,,,,,,,,,,,,,,,,,,,,,,,,,,,,,,,,,,,,,,,,,,,,,,,,,,,,,,,,,,,,,,,,,,,,,,,,,,,,,,,,,,,,,,,,,,,,,,,,,,,,,,,,,,,,"B",,,,,,,,,,,,,,,,,,,,,,,,,,,,,,,,,,,,,,,,,,,,,,,,,,,,,,,,,,,,,,,,,,,,,,,,,,,,,,,,,,,,,,,,,,,,,,,,,,,,,,,,,,,,,,,,,,,,,,,,,,"Patrick Bailey",27478,672275
"Luisangel Acuña","CHW","Luisangel Acuña","CHW",2026,24,58,100,110,24,22,1,0,1,17,9,6,0,24,1,1,2,3,8,4,0.24,46,15,14,1,373,128,245,7,4,0,0.054545454,0.218181818,0.25,0.287037037,0.28,0.567037037,0.04,0.302631578,3.066666666,0.186666666,0.613333333,0.2,0.066666666,0.066666666,0.152173913,0,0.2575701039146494,-5.209737940721734,7.779837922162788,,,,,,,,6.056367517693926,61.10186210935119,,,,,,,,,,,,,,,,,,,,,,,,,,,,,,,,,,,,,,,,,,,,,,,,,,,,,,,,,,,,,,,,,,,,,,,,,,,,,,,,,,,,,,,,,,,,,,,,,,,,,,,,,,,,,,,,,,,,,,,,,,,,,,,,,,,,,,,,-0.20686965342611074,,"24 - 24",,,,0.44303797,0.32911392,0.2278481,0.2278481,0.48101266,0.29113924,0.28181818,,,,,,,,,,,,,,,,,,,,,,,,,,,,,,,,,,,,,,,,,,,,,,,,,,,,,,,,,,,,,,,,,,,,,,,,,,,,,,,,,,,,,,,,,,,,,,,,,,,,,,,,,,,,,,,,,,,,,,,,,,,,,"R",,,,,,,,,,,,,,,,,,,,,,,,,,,,,,,,,,,,,,,,,,,,,,,,,,,,,,,,,,,,,,,,,,,,,,,,,,,,,,,,,,,,,,,,,,,,,,,,,,,,,,,,,,,,,,,,,,,,,,,,,,"Luisangel Acuna",26548,682668
"Mitch Garver","SEA","Mitch Garver","SEA",2026,35,39,72,85,10,6,1,0,3,10,8,13,0,32,0,0,0,0,0,0,0.138888888,10,20,10,1,344,142,202,1,0,0,0.152941176,0.376470588,0.40625,0.270588235,0.277777777,0.548366012,0.138888889,0.189189189,0.5,0.25,0.25,0.5,0.05,0.15,0.1,0,0.25688242211061363,-4.072853143939035,5.9645463864717305,,,,,,,,1.70535714,67.2357282853652,,,,,,,,,,,,,,,,,,,,,,,,,,,,,,,,,,,,,,,,,,,,,,,,,,,,,,,,,,,,,,,,,,,,,,,,,,,,,,,,,,,,,,,,,,,,,,,,,,,,,,,,,,,,,,,,,,,,,,,,,,,,,,,,,,,,,,,,-0.10697432700544596,,"35 - 35",,,,0.5,0.425,0.075,0.15,0.55,0.3,0.56470588,,,,,,,,,,,,,,,,,,,,,,,,,,,,,,,,,,,,,,,,,,,,,,,,,,,,,,,,,,,,,,,,,,,,,,,,,,,,,,,,,,,,,,,,,,,,,,,,,,,,,,,,,,,,,,,,,,,,,,,,,,,,,"R",,,,,,,,,,,,,,,,,,,,,,,,,,,,,,,,,,,,,,,,,,,,,,,,,,,,,,,,,,,,,,,,,,,,,,,,,,,,,,,,,,,,,,,,,,,,,,,,,,,,,,,,,,,,,,,,,,,,,,,,,,"Mitch Garver",15161,641598
"Trevor Story","BOS","Trevor Story","BOS",2026,33,42,129,136,28,19,6,0,3,12,14,6,0,43,0,1,0,5,2,0,0.217054263,39,34,13,5,493,142,351,7,1,1,0.044117647,0.31617647,0.139534883,0.25,0.333333333,0.583333333,0.11627907,0.297619047,1.147058823,0.15116279,0.453488372,0.395348837,0.147058823,0.088235294,0.179487179,1,0.25612341963192997,-6.599822957251382,9.460016291405845,,,,,,,,3.9357281511790534,57.077541683620446,,,,,,,,,,,,,,,,,,,,,,,,,,,,,,,,,,,,,,,,,,,,,,,,,,,,,,,,,,,,,,,,,,,,,,,,,,,,,,,,,,,,,,,,,,,,,,,,,,,,,,,,,,,,,,,,,,,,,,,,,,,,,,,,,,,,,,,,0.2592443125322461,,"33 - 33",,,,0.47126437,0.36781609,0.16091954,0.13793103,0.5862069,0.27586207,0.38235294,,,,,,,,,,,,,,,,,,,,,,,,,,,,,,,,,,,,,,,,,,,,,,,,,,,,,,,,,,,,,,,,,,,,,,,,,,,,,,,,,,,,,,,,,,,,,,,,,,,,,,,,,,,,,,,,,,,,,,,,,,,,,"R",,,,,,,,,,,,,,,,,,,,,,,,,,,,,,,,,,,,,,,,,,,,,,,,,,,,,,,,,,,,,,,,,,,,,,,,,,,,,,,,,,,,,,,,,,,,,,,,,,,,,,,,,,,,,,,,,,,,,,,,,,"Trevor Story",12564,596115
"Christian Franklin","BAL","Christian Franklin","BAL",2026,26,9,14,18,2,2,0,0,0,2,0,3,0,4,1,0,0,0,1,0,0.142857142,6,3,1,1,73,33,40,1,0,0,0.166666666,0.222222222,0.75,0.333333333,0.142857142,0.476190475,0,0.2,2,0.1,0.6,0.3,0.333333333,0,0.166666666,0,0.25577060712708366,-0.878628220131452,1.2469387392496514,,,,,,,,5.97219141249985,61.62482390443486,,,,,,,,,,,,,,,,,,,,,,,,,,,,,,,,,,,,,,,,,,,,,,,,,,,,,,,,,,,,,,,,,,,,,,,,,,,,,,,,,,,,,,,,,,,,,,,,,,,,,,,,,,,,,,,,,,,,,,,,,,,,,,,,,,,,,,,,0.16621863655745983,,"26 - 26",,,,0.5,0.3,0.2,0.2,0.6,0.2,0.38888889,,,,,,,,,,,,,,,,,,,,,,,,,,,,,,,,,,,,,,,,,,,,,,,,,,,,,,,,,,,,,,,,,,,,,,,,,,,,,,,,,,,,,,,,,,,,,,,,,,,,,,,,,,,,,,,,,,,,,,,,,,,,,"R",,,,,,,,,,,,,,,,,,,,,,,,,,,,,,,,,,,,,,,,,,,,,,,,,,,,,,,,,,,,,,,,,,,,,,,,,,,,,,,,,,,,,,,,,,,,,,,,,,,,,,,,,,,,,,,,,,,,,,,,,,"Christian Franklin",29896,681047
"Jacob Gonzalez","- - -","Jacob Gonzalez","- - -",2026,24,63,154,162,32,22,4,0,6,15,26,6,0,31,0,1,1,4,1,1,0.207792207,53,50,21,6,640,192,448,0,1,0,0.037037037,0.191358024,0.193548387,0.236024844,0.35064935,0.586674194,0.142857143,0.220338983,1.06,0.169354838,0.427419354,0.403225806,0.12,0.12,0,0,0.2554984026073669,-7.9018547146129166,11.228247919817015,,,,,,,,2.413795081638259,57.9982552690699,,,,,,,,,,,,,,,,,,,,,,,,,,,,,,,,,,,,,,,,,,,,,,,,,,,,,,,,,,,,,,,,,,,,,,,,,,,,,,,,,,,,,,,,,,,,,,,,,,,,,,,,,,,,,,,,,,,,,,,,,,,,,,,,,,,,,,,,-0.36854464188218117,,"24 - 24",,,,0.448,0.288,0.264,0.112,0.552,0.336,0.2654321,,,,,,,,,,,,,,,,,,,,,,,,,,,,,,,,,,,,,,,,,,,,,,,,,,,,,,,,,,,,,,,,,,,,,,,,,,,,,,,,,,,,,,,,,,,,,,,,,,,,,,,,,,,,,,,,,,,,,,,,,,,,,"L",,,,,,,,,,,,,,,,,,,,,,,,,,,,,,,,,,,,,,,,,,,,,,,,,,,,,,,,,,,,,,,,,,,,,,,,,,,,,,,,,,,,,,,,,,,,,,,,,,,,,,,,,,,,,,,,,,,,,,,,,,"Jacob Gonzalez",33225,694378
"Jimmy Crooks","STL","Jimmy Crooks","STL",2026,24,47,116,128,21,13,4,0,4,9,13,8,0,41,3,1,0,1,0,0,0.181034482,25,39,12,0,484,168,316,1,0,0,0.0625,0.3203125,0.195121951,0.25,0.318965517,0.568965517,0.137931035,0.236111111,0.641025641,0.157894736,0.328947368,0.513157894,0,0.102564102,0.04,0,0.2547052772715688,-6.35800893684642,8.757133885419204,,,,,,,,0.76785714,58.878674778275055,,,,,,,,,,,,,,,,,,,,,,,,,,,,,,,,,,,,,,,,,,,,,,,,,,,,,,,,,,,,,,,,,,,,,,,,,,,,,,,,,,,,,,,,,,,,,,,,,,,,,,,,,,,,,,,,,,,,,,,,,,,,,,,,,,,,,,,,-0.13512546569108963,,"24 - 24",,,,0.42105263,0.31578947,0.26315789,0.06578947,0.47368421,0.46052632,0.4140625,,,,,,,,,,,,,,,,,,,,,,,,,,,,,,,,,,,,,,,,,,,,,,,,,,,,,,,,,,,,,,,,,,,,,,,,,,,,,,,,,,,,,,,,,,,,,,,,,,,,,,,,,,,,,,,,,,,,,,,,,,,,,"L",,,,,,,,,,,,,,,,,,,,,,,,,,,,,,,,,,,,,,,,,,,,,,,,,,,,,,,,,,,,,,,,,,,,,,,,,,,,,,,,,,,,,,,,,,,,,,,,,,,,,,,,,,,,,,,,,,,,,,,,,,"Jimmy Crooks",31354,699625
"Kameron Misner","KCR","Kameron Misner","KCR",2026,28,13,28,31,7,7,0,0,0,2,1,2,0,12,0,0,1,0,3,1,0.25,4,8,4,1,134,51,83,1,1,0,0.064516129,0.387096774,0.166666666,0.3,0.25,0.55,0,0.4375,0.5,0.25,0.25,0.5,0.125,0,0.25,0,0.2542666018009186,-1.5507988221123727,2.1098998301550833,,,,,,,,4.761577990275609,56.08483210804719,,,,,,,,,,,,,,,,,,,,,,,,,,,,,,,,,,,,,,,,,,,,,,,,,,,,,,,,,,,,,,,,,,,,,,,,,,,,,,,,,,,,,,,,,,,,,,,,,,,,,,,,,,,,,,,,,,,,,,,,,,,,,,,,,,,,,,,,0.13842969108372927,,"28 - 28",,,,0.35294118,0.41176471,0.23529412,0.11764706,0.70588235,0.17647059,0.4516129,,,,,,,,,,,,,,,,,,,,,,,,,,,,,,,,,,,,,,,,,,,,,,,,,,,,,,,,,,,,,,,,,,,,,,,,,,,,,,,,,,,,,,,,,,,,,,,,,,,,,,,,,,,,,,,,,,,,,,,,,,,,,"L",,,,,,,,,,,,,,,,,,,,,,,,,,,,,,,,,,,,,,,,,,,,,,,,,,,,,,,,,,,,,,,,,,,,,,,,,,,,,,,,,,,,,,,,,,,,,,,,,,,,,,,,,,,,,,,,,,,,,,,,,,"Kameron Misner",26374,670224
"Eli White","- - -","Eli White","- - -",2026,32,47,65,67,15,11,3,0,1,15,6,2,0,11,0,0,0,0,2,1,0.23076923,29,13,8,2,232,70,162,3,4,3,0.029850746,0.164179104,0.181818181,0.253731343,0.323076923,0.576808266,0.092307693,0.264150943,2.23076923,0.16,0.58,0.26,0.153846153,0.076923076,0.103448275,0.75,0.2541444684142497,-3.3583266195930843,4.553505951436579,,,,,,,,5.302921900577643,56.746313041686484,,,,,,,,,,,,,,,,,,,,,,,,,,,,,,,,,,,,,,,,,,,,,,,,,,,,,,,,,,,,,,,,,,,,,,,,,,,,,,,,,,,,,,,,,,,,,,,,,,,,,,,,,,,,,,,,,,,,,,,,,,,,,,,,,,,,,,,,-0.08409122284501791,,"32 - 32",,,,0.44444444,0.35185185,0.2037037,0.14814815,0.53703704,0.31481481,0.20895522,,,,,,,,,,,,,,,,,,,,,,,,,,,,,,,,,,,,,,,,,,,,,,,,,,,,,,,,,,,,,,,,,,,,,,,,,,,,,,,,,,,,,,,,,,,,,,,,,,,,,,,,,,,,,,,,,,,,,,,,,,,,,"R",,,,,,,,,,,,,,,,,,,,,,,,,,,,,,,,,,,,,,,,,,,,,,,,,,,,,,,,,,,,,,,,,,,,,,,,,,,,,,,,,,,,,,,,,,,,,,,,,,,,,,,,,,,,,,,,,,,,,,,,,,"Eli White",19346,642201
"Ivan Johnson","CIN","Ivan Johnson","CIN",2026,27,7,7,9,1,1,0,0,0,0,0,2,0,4,0,0,0,0,2,0,0.142857142,2,1,0,0,35,13,22,0,0,0,0.222222222,0.444444444,0.5,0.333333333,0.142857142,0.476190475,0,0.333333333,2,0,0.666666666,0.333333333,0,0,0,0,0.2540486454963684,-0.4518140944411962,0.6109693852493556,,,,,,,,5,54.81193744260444,,,,,,,,,,,,,,,,,,,,,,,,,,,,,,,,,,,,,,,,,,,,,,,,,,,,,,,,,,,,,,,,,,,,,,,,,,,,,,,,,,,,,,,,,,,,,,,,,,,,,,,,,,,,,,,,,,,,,,,,,,,,,,,,,,,,,,,,0.3831093227490783,,"27 - 27",,,,0,0.66666667,0.33333333,0.33333333,0,0.66666667,0.66666667,,,,,,,,,,,,,,,,,,,,,,,,,,,,,,,,,,,,,,,,,,,,,,,,,,,,,,,,,,,,,,,,,,,,,,,,,,,,,,,,,,,,,,,,,,,,,,,,,,,,,,,,,,,,,,,,,,,,,,,,,,,,,"B",,,,,,,,,,,,,,,,,,,,,,,,,,,,,,,,,,,,,,,,,,,,,,,,,,,,,,,,,,,,,,,,,,,,,,,,,,,,,,,,,,,,,,,,,,,,,,,,,,,,,,,,,,,,,,,,,,,,,,,,,,"Ivan Johnson",27593,671155
"Elias Díaz","- - -","Elias Díaz","- - -",2026,35,49,102,110,23,16,6,0,1,8,9,3,0,28,2,1,2,1,0,0,0.225490196,27,32,15,4,431,145,286,3,3,1,0.027272727,0.254545454,0.107142857,0.259259259,0.31372549,0.572984749,0.088235294,0.297297297,0.84375,0.202702702,0.364864864,0.432432432,0.125,0.03125,0.111111111,0.333333333,0.2539060126852106,-5.530695653290511,7.45888020959401,,,,,,,,1.26785714,60.21965487627242,,,,,,,,,,,,,,,,,,,,,,,,,,,,,,,,,,,,,,,,,,,,,,,,,,,,,,,,,,,,,,,,,,,,,,,,,,,,,,,,,,,,,,,,,,,,,,,,,,,,,,,,,,,,,,,,,,,,,,,,,,,,,,,,,,,,,,,,-0.11823478247970343,,"35 - 35",,,,0.33766234,0.28571429,0.37662338,0.19480519,0.48051948,0.32467532,0.29090909,,,,,,,,,,,,,,,,,,,,,,,,,,,,,,,,,,,,,,,,,,,,,,,,,,,,,,,,,,,,,,,,,,,,,,,,,,,,,,,,,,,,,,,,,,,,,,,,,,,,,,,,,,,,,,,,,,,,,,,,,,,,,"R",,,,,,,,,,,,,,,,,,,,,,,,,,,,,,,,,,,,,,,,,,,,,,,,,,,,,,,,,,,,,,,,,,,,,,,,,,,,,,,,,,,,,,,,,,,,,,,,,,,,,,,,,,,,,,,,,,,,,,,,,,"Elias Diaz",11680,553869
"Daniel Schneemann","CLE","Daniel Schneemann","CLE",2026,29,76,196,212,39,27,8,0,4,19,19,16,0,63,0,0,0,3,5,2,0.198979591,56,51,26,1,852,285,567,1,0,0,0.075471698,0.297169811,0.253968253,0.259433962,0.301020408,0.56045437,0.102040817,0.271317829,1.098039215,0.195488721,0.421052631,0.383458646,0.019607843,0.078431372,0.017857142,0,0.2524159963963167,-10.921904225382447,14.112551073994995,,,,,,,,3.852663129796615,57.69730342280791,,,,,,,,,,,,,,,,,,,,,,,,,,,,,,,,,,,,,,,,,,,,,,,,,,,,,,,,,,,,,,,,,,,,,,,,,,,,,,,,,,,,,,,,,,,,,,,,,,,,,,,,,,,,,,,,,,,,,,,,,,,,,,,,,,,,,,,,-0.06389631424099207,,"29 - 29",,,,0.45864662,0.36842105,0.17293233,0.12781955,0.5112782,0.36090226,0.39150943,,,,,,,,,,,,,,,,,,,,,,,,,,,,,,,,,,,,,,,,,,,,,,,,,,,,,,,,,,,,,,,,,,,,,,,,,,,,,,,,,,,,,,,,,,,,,,,,,,,,,,,,,,,,,,,,,,,,,,,,,,,,,"L",,,,,,,,,,,,,,,,,,,,,,,,,,,,,,,,,,,,,,,,,,,,,,,,,,,,,,,,,,,,,,,,,,,,,,,,,,,,,,,,,,,,,,,,,,,,,,,,,,,,,,,,,,,,,,,,,,,,,,,,,,"Daniel Schneemann",25180,682177
"Brice Matthews","HOU","Brice Matthews","HOU",2026,24,59,130,144,26,19,4,0,3,16,11,11,0,45,0,1,2,3,0,2,0.2,42,30,11,4,567,204,363,3,5,2,0.076388888,0.3125,0.244444444,0.26056338,0.3,0.56056338,0.1,0.277108433,1.4,0.13253012,0.506024096,0.361445783,0.133333333,0.1,0.071428571,0.4,0.2521043743046237,-7.45484572990702,9.549689945141807,,,,,,,,2.6868447685934522,57.77775611456265,,,,,,,,,,,,,,,,,,,,,,,,,,,,,,,,,,,,,,,,,,,,,,,,,,,,,,,,,,,,,,,,,,,,,,,,,,,,,,,,,,,,,,,,,,,,,,,,,,,,,,,,,,,,,,,,,,,,,,,,,,,,,,,,,,,,,,,,-0.9907033685594797,,"24 - 24",,,,0.43181818,0.40909091,0.15909091,0.13636364,0.48863636,0.375,0.40972222,,,,,,,,,,,,,,,,,,,,,,,,,,,,,,,,,,,,,,,,,,,,,,,,,,,,,,,,,,,,,,,,,,,,,,,,,,,,,,,,,,,,,,,,,,,,,,,,,,,,,,,,,,,,,,,,,,,,,,,,,,,,,"R",,,,,,,,,,,,,,,,,,,,,,,,,,,,,,,,,,,,,,,,,,,,,,,,,,,,,,,,,,,,,,,,,,,,,,,,,,,,,,,,,,,,,,,,,,,,,,,,,,,,,,,,,,,,,,,,,,,,,,,,,,"Brice Matthews",33280,694728
"Dylan Crews","WSN","Dylan Crews","WSN",2026,24,80,224,243,43,29,8,1,5,26,22,13,0,63,6,0,0,3,4,0,0.191964285,68,70,23,3,876,294,582,13,0,0,0.053497942,0.259259259,0.206349206,0.255144032,0.303571428,0.55871546,0.111607143,0.243589743,0.971428571,0.142857142,0.422360248,0.434782608,0.042857142,0.071428571,0.19117647,0,0.25194210893332714,-12.6118557201115,16.083298231533398,,,,,,,,5.865619379781789,53.62192217825778,,,,,,,,,,,,,,,,,,,,,,,,,,,,,,,,,,,,,,,,,,,,,,,,,,,,,,,,,,,,,,,,,,,,,,,,,,,,,,,,,,,,,,,,,,,,,,,,,,,,,,,,,,,,,,,,,,,,,,,,,,,,,,,,,,,,,,,,0.5297490805387497,,"24 - 24",,,,0.36645963,0.46583851,0.16770186,0.1552795,0.47826087,0.36645963,0.33333333,,,,,,,,,,,,,,,,,,,,,,,,,,,,,,,,,,,,,,,,,,,,,,,,,,,,,,,,,,,,,,,,,,,,,,,,,,,,,,,,,,,,,,,,,,,,,,,,,,,,,,,,,,,,,,,,,,,,,,,,,,,,,"R",,,,,,,,,,,,,,,,,,,,,,,,,,,,,,,,,,,,,,,,,,,,,,,,,,,,,,,,,,,,,,,,,,,,,,,,,,,,,,,,,,,,,,,,,,,,,,,,,,,,,,,,,,,,,,,,,,,,,,,,,,"Dylan Crews",33541,686611
"Colt Emerson","SEA","Colt Emerson","SEA",2026,20,64,147,161,28,18,5,0,5,16,15,11,0,55,0,2,1,2,3,0,0.19047619,43,35,15,5,646,203,443,2,2,1,0.068322981,0.341614906,0.2,0.24375,0.326530612,0.570280612,0.136054422,0.258426966,1.228571428,0.161290322,0.462365591,0.376344086,0.142857142,0.142857142,0.046511627,0.5,0.25171764120459555,-8.385152146983462,10.62686343414752,,,,,,,,4.445648322394926,63.641402646946155,,,,,,,,,,,,,,,,,,,,,,,,,,,,,,,,,,,,,,,,,,,,,,,,,,,,,,,,,,,,,,,,,,,,,,,,,,,,,,,,,,,,,,,,,,,,,,,,,,,,,,,,,,,,,,,,,,,,,,,,,,,,,,,,,,,,,,,,0.4367234045639634,,"20 - 20",,,,0.42105263,0.34736842,0.23157895,0.15789474,0.52631579,0.31578947,0.44099379,,,,,,,,,,,,,,,,,,,,,,,,,,,,,,,,,,,,,,,,,,,,,,,,,,,,,,,,,,,,,,,,,,,,,,,,,,,,,,,,,,,,,,,,,,,,,,,,,,,,,,,,,,,,,,,,,,,,,,,,,,,,,"L",,,,,,,,,,,,,,,,,,,,,,,,,,,,,,,,,,,,,,,,,,,,,,,,,,,,,,,,,,,,,,,,,,,,,,,,,,,,,,,,,,,,,,,,,,,,,,,,,,,,,,,,,,,,,,,,,,,,,,,,,,"Colt Emerson",33575,806068
"Christian Moore","LAA","Christian Moore","LAA",2026,23,13,31,35,5,3,1,0,1,2,3,3,0,14,1,0,0,0,1,1,0.161290322,6,8,3,1,153,56,97,1,0,0,0.085714285,0.4,0.214285714,0.257142857,0.29032258,0.547465437,0.129032258,0.25,0.75,0.176470588,0.352941176,0.470588235,0.125,0.125,0.166666666,0,0.25166753700801303,-1.8242736059962814,2.3087732594669754,,,,,,,,2.7692687506441835,57.54102903093524,,,,,,,,,,,,,,,,,,,,,,,,,,,,,,,,,,,,,,,,,,,,,,,,,,,,,,,,,,,,,,,,,,,,,,,,,,,,,,,,,,,,,,,,,,,,,,,,,,,,,,,,,,,,,,,,,,,,,,,,,,,,,,,,,,,,,,,,-0.25030985940247774,,"23 - 23",,,,0.35294118,0.35294118,0.29411765,0.11764706,0.64705882,0.23529412,0.51428571,,,,,,,,,,,,,,,,,,,,,,,,,,,,,,,,,,,,,,,,,,,,,,,,,,,,,,,,,,,,,,,,,,,,,,,,,,,,,,,,,,,,,,,,,,,,,,,,,,,,,,,,,,,,,,,,,,,,,,,,,,,,,"R",,,,,,,,,,,,,,,,,,,,,,,,,,,,,,,,,,,,,,,,,,,,,,,,,,,,,,,,,,,,,,,,,,,,,,,,,,,,,,,,,,,,,,,,,,,,,,,,,,,,,,,,,,,,,,,,,,,,,,,,,,"Christian Moore",34979,695681
"José Fermín","STL","José Fermín","STL",2026,27,74,154,170,33,26,5,0,2,7,20,11,0,26,1,1,1,4,4,0,0.214285714,56,47,26,8,683,259,424,6,1,0,0.064705882,0.152941176,0.423076923,0.269461077,0.285714285,0.555175362,0.071428571,0.244094488,1.191489361,0.201550387,0.434108527,0.364341085,0.170212765,0.042553191,0.107142857,0,0.2513167733203865,-8.9088533022392,11.165945758582334,,,,,,,,3.346250890746637,56.605401198159555,,,,,,,,,,,,,,,,,,,,,,,,,,,,,,,,,,,,,,,,,,,,,,,,,,,,,,,,,,,,,,,,,,,,,,,,,,,,,,,,,,,,,,,,,,,,,,,,,,,,,,,,,,,,,,,,,,,,,,,,,,,,,,,,,,,,,,,,0.586051357910037,,"27 - 27",,,,0.49230769,0.34615385,0.16153846,0.17692308,0.52307692,0.3,0.22941176,,,,,,,,,,,,,,,,,,,,,,,,,,,,,,,,,,,,,,,,,,,,,,,,,,,,,,,,,,,,,,,,,,,,,,,,,,,,,,,,,,,,,,,,,,,,,,,,,,,,,,,,,,,,,,,,,,,,,,,,,,,,,"R",,,,,,,,,,,,,,,,,,,,,,,,,,,,,,,,,,,,,,,,,,,,,,,,,,,,,,,,,,,,,,,,,,,,,,,,,,,,,,,,,,,,,,,,,,,,,,,,,,,,,,,,,,,,,,,,,,,,,,,,,,"Jose Fermin",21746,665877
"Nick Yorke","PIT","Nick Yorke","PIT",2026,24,25,49,54,10,7,3,0,0,4,2,3,0,10,2,0,0,2,0,0,0.204081632,20,11,8,2,201,65,136,0,0,0,0.055555555,0.185185185,0.3,0.277777777,0.265306122,0.543083899,0.06122449,0.256410256,1.818181818,0.205128205,0.512820512,0.282051282,0.181818181,0,0,0,0.2513123673421365,-2.830062950990033,3.5466379271532777,,,,,,,,1.4409340587500001,51.81847466089951,,,,,,,,,,,,,,,,,,,,,,,,,,,,,,,,,,,,,,,,,,,,,,,,,,,,,,,,,,,,,,,,,,,,,,,,,,,,,,,,,,,,,,,,,,,,,,,,,,,,,,,,,,,,,,,,,,,,,,,,,,,,,,,,,,,,,,,,-0.06756273284554482,,"24 - 24",,,,0.17948718,0.46153846,0.35897436,0.15384615,0.53846154,0.30769231,0.24074074,,,,,,,,,,,,,,,,,,,,,,,,,,,,,,,,,,,,,,,,,,,,,,,,,,,,,,,,,,,,,,,,,,,,,,,,,,,,,,,,,,,,,,,,,,,,,,,,,,,,,,,,,,,,,,,,,,,,,,,,,,,,,"R",,,,,,,,,,,,,,,,,,,,,,,,,,,,,,,,,,,,,,,,,,,,,,,,,,,,,,,,,,,,,,,,,,,,,,,,,,,,,,,,,,,,,,,,,,,,,,,,,,,,,,,,,,,,,,,,,,,,,,,,,,"Nick Yorke",27504,694377
"Max Kepler","ARI","Max Kepler","ARI",2026,33,38,114,127,23,16,5,0,2,10,14,11,1,27,0,2,0,3,0,0,0.201754385,28,42,18,5,474,165,309,1,1,1,0.086614173,0.212598425,0.407407407,0.267716535,0.298245614,0.565962149,0.096491229,0.24137931,0.666666666,0.204545454,0.318181818,0.477272727,0.119047619,0.047619047,0.035714285,1,0.2511121242765396,-6.676400635769024,8.32065513319765,,,,,,,,1.08035714,54.43328024553008,,,,,,,,,,,,,,,,,,,,,,,,,,,,,,,,,,,,,,,,,,,,,,,,,,,,,,,,,,,,,,,,,,,,,,,,,,,,,,,,,,,,,,,,,,,,,,,,,,,,,,,,,,,,,,,,,,,,,,,,,,,,,,,,,,,,,,,,-0.1463859211653471,,"33 - 33",,,,0.4494382,0.3258427,0.2247191,0.15730337,0.48314607,0.35955056,0.31496063,,,,,,,,,,,,,,,,,,,,,,,,,,,,,,,,,,,,,,,,,,,,,,,,,,,,,,,,,,,,,,,,,,,,,,,,,,,,,,,,,,,,,,,,,,,,,,,,,,,,,,,,,,,,,,,,,,,,,,,,,,,,,"L",,,,,,,,,,,,,,,,,,,,,,,,,,,,,,,,,,,,,,,,,,,,,,,,,,,,,,,,,,,,,,,,,,,,,,,,,,,,,,,,,,,,,,,,,,,,,,,,,,,,,,,,,,,,,,,,,,,,,,,,,,"Max Kepler",12144,596146
"Jim Jarvis","ATL","Jim Jarvis","ATL",2026,25,38,92,101,20,15,3,1,1,7,9,5,0,19,0,0,4,0,0,1,0.217391304,42,20,11,0,375,132,243,2,4,0,0.04950495,0.188118811,0.263157894,0.257731958,0.304347826,0.562079784,0.086956522,0.263888888,2.1,0.150684931,0.575342465,0.273972602,0,0.05,0.047619047,0,0.25030866173124805,-5.375031600580466,6.551760782613503,,,,,,,,3.486095706249925,54.40639140380796,,,,,,,,,,,,,,,,,,,,,,,,,,,,,,,,,,,,,,,,,,,,,,,,,,,,,,,,,,,,,,,,,,,,,,,,,,,,,,,,,,,,,,,,,,,,,,,,,,,,,,,,,,,,,,,,,,,,,,,,,,,,,,,,,,,,,,,,-0.5235028229653835,,"25 - 25",,,,0.27272727,0.48051948,0.24675325,0.16883117,0.54545455,0.28571429,0.24752475,,,,,,,,,,,,,,,,,,,,,,,,,,,,,,,,,,,,,,,,,,,,,,,,,,,,,,,,,,,,,,,,,,,,,,,,,,,,,,,,,,,,,,,,,,,,,,,,,,,,,,,,,,,,,,,,,,,,,,,,,,,,,"L",,,,,,,,,,,,,,,,,,,,,,,,,,,,,,,,,,,,,,,,,,,,,,,,,,,,,,,,,,,,,,,,,,,,,,,,,,,,,,,,,,,,,,,,,,,,,,,,,,,,,,,,,,,,,,,,,,,,,,,,,,"Jim Jarvis",33492,805347
"Paul Goldschmidt","NYY","Paul Goldschmidt","NYY",2026,38,74,178,186,36,25,4,0,7,17,26,7,0,52,0,1,0,3,1,0,0.202247191,55,49,23,9,699,208,491,6,0,0,0.037634408,0.279569892,0.134615384,0.231182795,0.342696629,0.573879424,0.140449438,0.241666666,1.122448979,0.181102362,0.433070866,0.385826771,0.183673469,0.142857142,0.109090909,0,0.25030183055067573,-9.89959787748696,12.064594036117777,,,,,,,,2.7866204844500215,55.92154304287283,,,,,,,,,,,,,,,,,,,,,,,,,,,,,,,,,,,,,,,,,,,,,,,,,,,,,,,,,,,,,,,,,,,,,,,,,,,,,,,,,,,,,,,,,,,,,,,,,,,,,,,,,,,,,,,,,,,,,,,,,,,,,,,,,,,,,,,,0.019832715392112732,,"38 - 38",,,,0.34645669,0.37795276,0.27559055,0.24409449,0.49606299,0.25984252,0.35483871,,,,,,,,,,,,,,,,,,,,,,,,,,,,,,,,,,,,,,,,,,,,,,,,,,,,,,,,,,,,,,,,,,,,,,,,,,,,,,,,,,,,,,,,,,,,,,,,,,,,,,,,,,,,,,,,,,,,,,,,,,,,,"R",,,,,,,,,,,,,,,,,,,,,,,,,,,,,,,,,,,,,,,,,,,,,,,,,,,,,,,,,,,,,,,,,,,,,,,,,,,,,,,,,,,,,,,,,,,,,,,,,,,,,,,,,,,,,,,,,,,,,,,,,,"Paul Goldschmidt",9218,502671
"Tommy White","ATH","Tommy White","ATH",2026,23,34,94,97,21,14,5,0,2,11,7,2,0,14,0,1,0,3,0,0,0.223404255,33,32,16,3,337,104,233,1,0,0,0.020618556,0.144329896,0.142857142,0.237113402,0.340425531,0.577538933,0.117021276,0.240506329,1.03125,0.197530864,0.407407407,0.395061728,0.09375,0.0625,0.03030303,0,0.2502566649741733,-5.166227160663338,6.288217009334831,,,,,,,,2.1964285649999997,47.77440450113723,,,,,,,,,,,,,,,,,,,,,,,,,,,,,,,,,,,,,,,,,,,,,,,,,,,,,,,,,,,,,,,,,,,,,,,,,,,,,,,,,,,,,,,,,,,,,,,,,,,,,,,,,,,,,,,,,,,,,,,,,,,,,,,,,,,,,,,,-0.09008364379405975,,"23 - 23",,,,0.20987654,0.49382716,0.2962963,0.18518519,0.55555556,0.25925926,0.18556701,,,,,,,,,,,,,,,,,,,,,,,,,,,,,,,,,,,,,,,,,,,,,,,,,,,,,,,,,,,,,,,,,,,,,,,,,,,,,,,,,,,,,,,,,,,,,,,,,,,,,,,,,,,,,,,,,,,,,,,,,,,,,"R",,,,,,,,,,,,,,,,,,,,,,,,,,,,,,,,,,,,,,,,,,,,,,,,,,,,,,,,,,,,,,,,,,,,,,,,,,,,,,,,,,,,,,,,,,,,,,,,,,,,,,,,,,,,,,,,,,,,,,,,,,"Tommy White",35107,695720
"Nick Castellanos","SDP","Nick Castellanos","SDP",2026,34,32,82,88,16,9,4,0,3,6,17,4,0,25,0,2,0,1,2,0,0.195121951,20,23,16,0,352,117,235,0,0,0,0.045454545,0.284090909,0.16,0.227272727,0.353658536,0.580931263,0.158536585,0.232142857,0.869565217,0.27118644,0.33898305,0.389830508,0,0.130434782,0,0,0.25010907446796243,-4.697362233232789,5.6942984570748285,,,,,,,,3.9096077151653015,58.31835460690925,,,,,,,,,,,,,,,,,,,,,,,,,,,,,,,,,,,,,,,,,,,,,,,,,,,,,,,,,,,,,,,,,,,,,,,,,,,,,,,,,,,,,,,,,,,,,,,,,,,,,,,,,,,,,,,,,,,,,,,,,,,,,,,,,,,,,,,,0.32680704537779093,,"34 - 34",,,,0.52542373,0.28813559,0.18644068,0.08474576,0.57627119,0.33898305,0.36363636,,,,,,,,,,,,,,,,,,,,,,,,,,,,,,,,,,,,,,,,,,,,,,,,,,,,,,,,,,,,,,,,,,,,,,,,,,,,,,,,,,,,,,,,,,,,,,,,,,,,,,,,,,,,,,,,,,,,,,,,,,,,,"R",,,,,,,,,,,,,,,,,,,,,,,,,,,,,,,,,,,,,,,,,,,,,,,,,,,,,,,,,,,,,,,,,,,,,,,,,,,,,,,,,,,,,,,,,,,,,,,,,,,,,,,,,,,,,,,,,,,,,,,,,,"Nick Castellanos",11737,592206
"Harry Ford","WSN","Harry Ford","WSN",2026,23,17,36,42,4,1,1,0,2,4,4,5,0,9,1,0,0,1,1,0,0.111111111,17,7,3,0,191,80,111,1,0,0,0.119047619,0.214285714,0.555555555,0.238095238,0.305555555,0.543650793,0.194444444,0.08,2.428571428,0.111111111,0.629629629,0.259259259,0,0.285714285,0.058823529,0,0.24942976520175025,-2.2649351995463984,2.6947210390095098,,,,,,,,4.67914657169721,51.936445427619844,,,,,,,,,,,,,,,,,,,,,,,,,,,,,,,,,,,,,,,,,,,,,,,,,,,,,,,,,,,,,,,,,,,,,,,,,,,,,,,,,,,,,,,,,,,,,,,,,,,,,,,,,,,,,,,,,,,,,,,,,,,,,,,,,,,,,,,,0.1605884088203311,,"23 - 23",,,,0.48148148,0.40740741,0.11111111,0.22222222,0.51851852,0.25925926,0.38095238,,,,,,,,,,,,,,,,,,,,,,,,,,,,,,,,,,,,,,,,,,,,,,,,,,,,,,,,,,,,,,,,,,,,,,,,,,,,,,,,,,,,,,,,,,,,,,,,,,,,,,,,,,,,,,,,,,,,,,,,,,,,,"R",,,,,,,,,,,,,,,,,,,,,,,,,,,,,,,,,,,,,,,,,,,,,,,,,,,,,,,,,,,,,,,,,,,,,,,,,,,,,,,,,,,,,,,,,,,,,,,,,,,,,,,,,,,,,,,,,,,,,,,,,,"Harry Ford",29958,695670
"Starling Marte","KCR","Starling Marte","KCR",2026,37,29,40,42,8,5,2,0,1,5,4,1,0,11,1,0,0,1,1,1,0.2,13,8,8,2,170,52,118,0,0,0,0.023809523,0.261904761,0.09090909,0.238095238,0.325,0.563095238,0.125,0.25,1.625,0.275862068,0.448275862,0.275862068,0.25,0.125,0,0,0.24892643519810267,-2.2819860325357517,2.677670206020157,,,,,,,,4.9916841215768315,52.36845031311665,,,,,,,,,,,,,,,,,,,,,,,,,,,,,,,,,,,,,,,,,,,,,,,,,,,,,,,,,,,,,,,,,,,,,,,,,,,,,,,,,,,,,,,,,,,,,,,,,,,,,,,,,,,,,,,,,,,,,,,,,,,,,,,,,,,,,,,,-0.25030985940247774,,"37 - 37",,,,0.37931034,0.55172414,0.06896552,0.17241379,0.37931034,0.44827586,0.30952381,,,,,,,,,,,,,,,,,,,,,,,,,,,,,,,,,,,,,,,,,,,,,,,,,,,,,,,,,,,,,,,,,,,,,,,,,,,,,,,,,,,,,,,,,,,,,,,,,,,,,,,,,,,,,,,,,,,,,,,,,,,,,"R",,,,,,,,,,,,,,,,,,,,,,,,,,,,,,,,,,,,,,,,,,,,,,,,,,,,,,,,,,,,,,,,,,,,,,,,,,,,,,,,,,,,,,,,,,,,,,,,,,,,,,,,,,,,,,,,,,,,,,,,,,"Starling Marte",9241,516782
"Max Clark","DET","Max Clark","DET",2026,21,26,68,72,14,10,2,1,1,8,6,3,0,17,1,0,0,1,1,0,0.205882352,14,24,13,3,262,79,183,0,0,0,0.041666666,0.236111111,0.176470588,0.25,0.308823529,0.558823529,0.102941177,0.26,0.583333333,0.25490196,0.274509803,0.470588235,0.125,0.041666666,0,0,0.24860197554032007,-3.93081847632855,4.571449361195865,,,,,,,,7.045563232657736,53.74992478850705,,,,,,,,,,,,,,,,,,,,,,,,,,,,,,,,,,,,,,,,,,,,,,,,,,,,,,,,,,,,,,,,,,,,,,,,,,,,,,,,,,,,,,,,,,,,,,,,,,,,,,,,,,,,,,,,,,,,,,,,,,,,,,,,,,,,,,,,0.12117681466042995,,"21 - 21",,,,0.35294118,0.23529412,0.41176471,0.15686275,0.50980392,0.33333333,0.29166667,,,,,,,,,,,,,,,,,,,,,,,,,,,,,,,,,,,,,,,,,,,,,,,,,,,,,,,,,,,,,,,,,,,,,,,,,,,,,,,,,,,,,,,,,,,,,,,,,,,,,,,,,,,,,,,,,,,,,,,,,,,,,"L",,,,,,,,,,,,,,,,,,,,,,,,,,,,,,,,,,,,,,,,,,,,,,,,,,,,,,,,,,,,,,,,,,,,,,,,,,,,,,,,,,,,,,,,,,,,,,,,,,,,,,,,,,,,,,,,,,,,,,,,,,"Max Clark",33381,703601
"Tommy Troy","ARI","Tommy Troy","ARI",2026,24,37,96,106,17,12,2,0,3,14,5,10,0,25,0,0,0,0,0,0,0.177083333,35,23,12,4,424,159,265,3,1,1,0.094339622,0.235849056,0.4,0.254716981,0.291666666,0.546383647,0.114583333,0.205882352,1.52173913,0.171428571,0.5,0.328571428,0.173913043,0.130434782,0.085714285,1,0.24853305321819377,-5.792930943520642,6.7242967061680785,,,,,,,,2.38244047125,52.70303758309125,,,,,,,,,,,,,,,,,,,,,,,,,,,,,,,,,,,,,,,,,,,,,,,,,,,,,,,,,,,,,,,,,,,,,,,,,,,,,,,,,,,,,,,,,,,,,,,,,,,,,,,,,,,,,,,,,,,,,,,,,,,,,,,,,,,,,,,,-0.12386501021683216,,"24 - 24",,,,0.32394366,0.4084507,0.26760563,0.18309859,0.46478873,0.35211268,0.35849057,,,,,,,,,,,,,,,,,,,,,,,,,,,,,,,,,,,,,,,,,,,,,,,,,,,,,,,,,,,,,,,,,,,,,,,,,,,,,,,,,,,,,,,,,,,,,,,,,,,,,,,,,,,,,,,,,,,,,,,,,,,,,"R",,,,,,,,,,,,,,,,,,,,,,,,,,,,,,,,,,,,,,,,,,,,,,,,,,,,,,,,,,,,,,,,,,,,,,,,,,,,,,,,,,,,,,,,,,,,,,,,,,,,,,,,,,,,,,,,,,,,,,,,,,"Tommy Troy",33279,694371
"Lourdes Gurriel Jr.","ARI","Lourdes Gurriel Jr.","ARI",2026,32,45,132,143,28,19,7,0,2,10,18,6,0,28,2,3,0,1,1,0,0.212121212,39,42,26,7,511,166,345,2,0,0,0.041958041,0.195804195,0.214285714,0.251748251,0.31060606,0.562354311,0.098484848,0.247619047,0.928571428,0.242990654,0.364485981,0.392523364,0.166666666,0.047619047,0.051282051,0,0.24825964315787896,-7.846526830490582,9.039921791259294,,,,,,,,2.8654022049159846,52.519612721970866,,,,,,,,,,,,,,,,,,,,,,,,,,,,,,,,,,,,,,,,,,,,,,,,,,,,,,,,,,,,,,,,,,,,,,,,,,,,,,,,,,,,,,,,,,,,,,,,,,,,,,,,,,,,,,,,,,,,,,,,,,,,,,,,,,,,,,,,0.047983854077756405,,"32 - 32",,,,0.40186916,0.36448598,0.23364486,0.17757009,0.38317757,0.43925234,0.25174825,,,,,,,,,,,,,,,,,,,,,,,,,,,,,,,,,,,,,,,,,,,,,,,,,,,,,,,,,,,,,,,,,,,,,,,,,,,,,,,,,,,,,,,,,,,,,,,,,,,,,,,,,,,,,,,,,,,,,,,,,,,,,"R",,,,,,,,,,,,,,,,,,,,,,,,,,,,,,,,,,,,,,,,,,,,,,,,,,,,,,,,,,,,,,,,,,,,,,,,,,,,,,,,,,,,,,,,,,,,,,,,,,,,,,,,,,,,,,,,,,,,,,,,,,"Lourdes Gurriel Jr.",19238,666971
"George Valera","CLE","George Valera","CLE",2026,25,13,35,36,8,5,3,0,0,1,6,1,0,7,0,0,0,0,0,0,0.228571428,14,9,5,4,113,33,80,0,0,0,0.027777777,0.194444444,0.142857142,0.25,0.314285714,0.564285714,0.085714286,0.285714285,1.555555555,0.178571428,0.5,0.321428571,0.444444444,0,0,0,0.24822226663430533,-1.9764346996095212,2.2746992191526862,,,,,,,,0.21230158375,54.778761343581586,,,,,,,,,,,,,,,,,,,,,,,,,,,,,,,,,,,,,,,,,,,,,,,,,,,,,,,,,,,,,,,,,,,,,,,,,,,,,,,,,,,,,,,,,,,,,,,,,,,,,,,,,,,,,,,,,,,,,,,,,,,,,,,,,,,,,,,,-0.03378136642277241,,"25 - 25",,,,0.60714286,0.14285714,0.25,0.25,0.53571429,0.21428571,0.22222222,,,,,,,,,,,,,,,,,,,,,,,,,,,,,,,,,,,,,,,,,,,,,,,,,,,,,,,,,,,,,,,,,,,,,,,,,,,,,,,,,,,,,,,,,,,,,,,,,,,,,,,,,,,,,,,,,,,,,,,,,,,,,"L",,,,,,,,,,,,,,,,,,,,,,,,,,,,,,,,,,,,,,,,,,,,,,,,,,,,,,,,,,,,,,,,,,,,,,,,,,,,,,,,,,,,,,,,,,,,,,,,,,,,,,,,,,,,,,,,,,,,,,,,,,"George Valera",22541,671655
"Drew Millas","WSN","Drew Millas","WSN",2026,28,43,114,132,21,15,4,0,2,15,11,10,0,28,3,1,2,1,0,1,0.184210526,39,28,19,3,498,169,329,1,3,0,0.075757575,0.212121212,0.357142857,0.265625,0.271929824,0.537554824,0.087719298,0.223529411,1.392857142,0.220930232,0.453488372,0.325581395,0.107142857,0.071428571,0.025641025,0,0.24746028147637844,-7.3280539549627015,8.259437080498724,,,,,,,,2.8910098517857143,50.615161644611995,,,,,,,,,,,,,,,,,,,,,,,,,,,,,,,,,,,,,,,,,,,,,,,,,,,,,,,,,,,,,,,,,,,,,,,,,,,,,,,,,,,,,,,,,,,,,,,,,,,,,,,,,,,,,,,,,,,,,,,,,,,,,,,,,,,,,,,,-0.5685446448624134,,"28 - 28",,,,0.37078652,0.28089888,0.34831461,0.2247191,0.56179775,0.21348315,0.3030303,,,,,,,,,,,,,,,,,,,,,,,,,,,,,,,,,,,,,,,,,,,,,,,,,,,,,,,,,,,,,,,,,,,,,,,,,,,,,,,,,,,,,,,,,,,,,,,,,,,,,,,,,,,,,,,,,,,,,,,,,,,,,"B",,,,,,,,,,,,,,,,,,,,,,,,,,,,,,,,,,,,,,,,,,,,,,,,,,,,,,,,,,,,,,,,,,,,,,,,,,,,,,,,,,,,,,,,,,,,,,,,,,,,,,,,,,,,,,,,,,,,,,,,,,"Drew Millas",25643,686452
"Randal Grichuk","- - -","Randal Grichuk","- - -",2026,34,45,68,69,14,7,4,1,2,11,11,0,0,14,0,1,0,2,0,0,0.205882352,30,16,9,0,237,82,155,0,0,0,0,0.20289855,0,0.20289855,0.382352941,0.585251491,0.176470589,0.226415094,1.875,0.163636363,0.545454545,0.29090909,0,0.125,0,0,0.2461108444393545,-3.905674569601894,4.2423321080256695,,,,,,,,4.89285714,53.10932330150787,,,,,,,,,,,,,,,,,,,,,,,,,,,,,,,,,,,,,,,,,,,,,,,,,,,,,,,,,,,,,,,,,,,,,,,,,,,,,,,,,,,,,,,,,,,,,,,,,,,,,,,,,,,,,,,,,,,,,,,,,,,,,,,,,,,,,,,,-0.03941159415990114,,"34 - 34",,,,0.47272727,0.34545455,0.18181818,0.07272727,0.54545455,0.38181818,0.23188406,,,,,,,,,,,,,,,,,,,,,,,,,,,,,,,,,,,,,,,,,,,,,,,,,,,,,,,,,,,,,,,,,,,,,,,,,,,,,,,,,,,,,,,,,,,,,,,,,,,,,,,,,,,,,,,,,,,,,,,,,,,,,"R",,,,,,,,,,,,,,,,,,,,,,,,,,,,,,,,,,,,,,,,,,,,,,,,,,,,,,,,,,,,,,,,,,,,,,,,,,,,,,,,,,,,,,,,,,,,,,,,,,,,,,,,,,,,,,,,,,,,,,,,,,"Randal Grichuk",10243,545341
"Brock Rodden","SEA","Brock Rodden","SEA",2026,26,11,25,31,3,0,2,1,0,2,3,5,0,9,0,1,0,0,0,0,0.12,4,11,2,0,115,44,71,0,0,0,0.161290322,0.29032258,0.555555555,0.258064516,0.28,0.538064516,0.16,0.176470588,0.363636363,0.117647058,0.235294117,0.647058823,0,0,0,0,0.2455421532354047,-1.7689427712415966,1.8917558810258595,,,,,,,,3.58035714,59.343695708100576,,,,,,,,,,,,,,,,,,,,,,,,,,,,,,,,,,,,,,,,,,,,,,,,,,,,,,,,,,,,,,,,,,,,,,,,,,,,,,,,,,,,,,,,,,,,,,,,,,,,,,,,,,,,,,,,,,,,,,,,,,,,,,,,,,,,,,,,-0.028151138685643673,,"26 - 26",,,,0.47058824,0.17647059,0.35294118,0.05882353,0.76470588,0.17647059,0.4516129,,,,,,,,,,,,,,,,,,,,,,,,,,,,,,,,,,,,,,,,,,,,,,,,,,,,,,,,,,,,,,,,,,,,,,,,,,,,,,,,,,,,,,,,,,,,,,,,,,,,,,,,,,,,,,,,,,,,,,,,,,,,,"B",,,,,,,,,,,,,,,,,,,,,,,,,,,,,,,,,,,,,,,,,,,,,,,,,,,,,,,,,,,,,,,,,,,,,,,,,,,,,,,,,,,,,,,,,,,,,,,,,,,,,,,,,,,,,,,,,,,,,,,,,,"Brock Rodden",33191,801126
"Gage Workman","- - -","Gage Workman","- - -",2026,26,18,41,41,7,1,4,0,2,3,8,0,0,17,0,0,0,1,0,0,0.170731707,9,10,5,0,150,45,105,0,0,0,0,0.414634146,0,0.170731707,0.414634146,0.585365853,0.243902439,0.227272727,0.9,0.208333333,0.375,0.416666666,0,0.2,0,0,0.24495448862634053,-2.359003233844981,2.482565951411977,,,,,,,,0.76785714,51.15629532930463,,,,,,,,,,,,,,,,,,,,,,,,,,,,,,,,,,,,,,,,,,,,,,,,,,,,,,,,,,,,,,,,,,,,,,,,,,,,,,,,,,,,,,,,,,,,,,,,,,,,,,,,,,,,,,,,,,,,,,,,,,,,,,,,,,,,,,,,-0.005630227737128735,,"26 - 26",,,,0.33333333,0.29166667,0.375,0.04166667,0.5,0.45833333,0.46341463,,,,,,,,,,,,,,,,,,,,,,,,,,,,,,,,,,,,,,,,,,,,,,,,,,,,,,,,,,,,,,,,,,,,,,,,,,,,,,,,,,,,,,,,,,,,,,,,,,,,,,,,,,,,,,,,,,,,,,,,,,,,,"L",,,,,,,,,,,,,,,,,,,,,,,,,,,,,,,,,,,,,,,,,,,,,,,,,,,,,,,,,,,,,,,,,,,,,,,,,,,,,,,,,,,,,,,,,,,,,,,,,,,,,,,,,,,,,,,,,,,,,,,,,,"Gage Workman",27573,669398
"Noelvi Marte","CIN","Noelvi Marte","CIN",2026,24,51,139,148,28,19,6,0,3,13,7,8,0,33,0,1,0,4,6,1,0.201438848,65,29,13,5,545,181,364,5,0,0,0.054054054,0.222972972,0.242424242,0.243243243,0.309352517,0.55259576,0.107913669,0.240384615,2.24137931,0.121495327,0.607476635,0.271028037,0.172413793,0.103448275,0.076923076,0,0.24479028945033615,-8.535027215046316,8.941856673198313,,,,,,,,4.9491483211785425,48.60070779731972,,,,,,,,,,,,,,,,,,,,,,,,,,,,,,,,,,,,,,,,,,,,,,,,,,,,,,,,,,,,,,,,,,,,,,,,,,,,,,,,,,,,,,,,,,,,,,,,,,,,,,,,,,,,,,,,,,,,,,,,,,,,,,,,,,,,,,,,0.6370856007561088,,"24 - 24",,,,0.47663551,0.34579439,0.17757009,0.1588785,0.55140187,0.28971963,0.2972973,,,,,,,,,,,,,,,,,,,,,,,,,,,,,,,,,,,,,,,,,,,,,,,,,,,,,,,,,,,,,,,,,,,,,,,,,,,,,,,,,,,,,,,,,,,,,,,,,,,,,,,,,,,,,,,,,,,,,,,,,,,,,"R",,,,,,,,,,,,,,,,,,,,,,,,,,,,,,,,,,,,,,,,,,,,,,,,,,,,,,,,,,,,,,,,,,,,,,,,,,,,,,,,,,,,,,,,,,,,,,,,,,,,,,,,,,,,,,,,,,,,,,,,,,"Noelvi Marte",26517,682622
"Blaze Jordan","STL","Blaze Jordan","STL",2026,23,48,115,123,27,21,5,0,1,9,20,3,0,21,1,4,0,4,0,0,0.234782608,49,32,17,3,453,144,309,2,0,0,0.024390243,0.170731707,0.142857142,0.25203252,0.304347826,0.556380346,0.069565218,0.268041237,1.53125,0.173469387,0.5,0.326530612,0.09375,0.03125,0.040816326,0,0.24294196105584864,-7.276669413699377,7.248038142071497,,,,,,,,1.241995065,50.986921853386015,,,,,,,,,,,,,,,,,,,,,,,,,,,,,,,,,,,,,,,,,,,,,,,,,,,,,,,,,,,,,,,,,,,,,,,,,,,,,,,,,,,,,,,,,,,,,,,,,,,,,,,,,,,,,,,,,,,,,,,,,,,,,,,,,,,,,,,,-0.14075569342821836,,"23 - 23",,,,0.34693878,0.40816327,0.24489796,0.17346939,0.39795918,0.42857143,0.20325203,,,,,,,,,,,,,,,,,,,,,,,,,,,,,,,,,,,,,,,,,,,,,,,,,,,,,,,,,,,,,,,,,,,,,,,,,,,,,,,,,,,,,,,,,,,,,,,,,,,,,,,,,,,,,,,,,,,,,,,,,,,,,"R",,,,,,,,,,,,,,,,,,,,,,,,,,,,,,,,,,,,,,,,,,,,,,,,,,,,,,,,,,,,,,,,,,,,,,,,,,,,,,,,,,,,,,,,,,,,,,,,,,,,,,,,,,,,,,,,,,,,,,,,,,"Blaze Jordan",28199,691458
"Ryan Ritter","COL","Ryan Ritter","COL",2026,25,8,11,11,3,3,0,0,0,2,0,0,0,3,0,0,0,0,0,0,0.272727272,2,3,3,0,35,10,25,0,0,0,0,0.272727272,0,0.272727272,0.272727272,0.545454544,0,0.375,0.666666666,0.375,0.25,0.375,0,0,0,0,0.24279819293455643,-0.6520346070353845,0.6469229792530676,,,,,,,,2.64285714,36.67064450784198,,,,,,,,,,,,,,,,,,,,,,,,,,,,,,,,,,,,,,,,,,,,,,,,,,,,,,,,,,,,,,,,,,,,,,,,,,,,,,,,,,,,,,,,,,,,,,,,,,,,,,,,,,,,,,,,,,,,,,,,,,,,,,,,,,,,,,,,-0.016890683211386204,,"25 - 25",,,,0.125,0.75,0.125,0,0.5,0.5,0.27272727,,,,,,,,,,,,,,,,,,,,,,,,,,,,,,,,,,,,,,,,,,,,,,,,,,,,,,,,,,,,,,,,,,,,,,,,,,,,,,,,,,,,,,,,,,,,,,,,,,,,,,,,,,,,,,,,,,,,,,,,,,,,,"R",,,,,,,,,,,,,,,,,,,,,,,,,,,,,,,,,,,,,,,,,,,,,,,,,,,,,,,,,,,,,,,,,,,,,,,,,,,,,,,,,,,,,,,,,,,,,,,,,,,,,,,,,,,,,,,,,,,,,,,,,,"Ryan Ritter",31500,690022
"Logan O'Hoppe","LAA","Logan O'Hoppe","LAA",2026,26,69,168,185,31,22,5,0,4,15,19,12,0,47,3,1,1,5,0,0,0.184523809,47,57,18,8,668,227,441,3,1,0,0.064864864,0.254054054,0.255319148,0.25,0.285714285,0.535714285,0.101190476,0.228813559,0.824561403,0.147540983,0.385245901,0.467213114,0.140350877,0.070175438,0.063829787,0,0.24276725850675418,-10.970652482588953,10.875452377716833,,,,,,,,1.2806776525,51.34705879516611,,,,,,,,,,,,,,,,,,,,,,,,,,,,,,,,,,,,,,,,,,,,,,,,,,,,,,,,,,,,,,,,,,,,,,,,,,,,,,,,,,,,,,,,,,,,,,,,,,,,,,,,,,,,,,,,,,,,,,,,,,,,,,,,,,,,,,,,-0.20831842627376318,,"26 - 26",,,,0.51219512,0.26829268,0.2195122,0.20325203,0.51219512,0.28455285,0.34054054,,,,,,,,,,,,,,,,,,,,,,,,,,,,,,,,,,,,,,,,,,,,,,,,,,,,,,,,,,,,,,,,,,,,,,,,,,,,,,,,,,,,,,,,,,,,,,,,,,,,,,,,,,,,,,,,,,,,,,,,,,,,,"R",,,,,,,,,,,,,,,,,,,,,,,,,,,,,,,,,,,,,,,,,,,,,,,,,,,,,,,,,,,,,,,,,,,,,,,,,,,,,,,,,,,,,,,,,,,,,,,,,,,,,,,,,,,,,,,,,,,,,,,,,,"Logan O'Hoppe",24729,681351
"Nasim Nuñez","WSN","Nasim Nuñez","WSN",2026,25,111,283,321,60,55,2,3,0,34,24,28,0,68,0,2,8,4,32,4,0.212014134,103,66,42,6,1301,451,850,13,14,3,0.087227414,0.211838006,0.411764705,0.281150159,0.240282685,0.521432844,0.028268551,0.276497695,1.56060606,0.199052132,0.488151658,0.312796208,0.09090909,0,0.126213592,0.214285714,0.24225578692774422,-19.167989592414486,18.737954516548527,,,,,,,,8.119439804132856,47.1235794815936,,,,,,,,,,,,,,,,,,,,,,,,,,,,,,,,,,,,,,,,,,,,,,,,,,,,,,,,,,,,,,,,,,,,,,,,,,,,,,,,,,,,,,,,,,,,,,,,,,,,,,,,,,,,,,,,,,,,,,,,,,,,,,,,,,,,,,,,4.289098120294511,,"25 - 25",,,,0.32888889,0.44,0.23111111,0.15555556,0.68,0.16444444,0.29906542,,,,,,,,,,,,,,,,,,,,,,,,,,,,,,,,,,,,,,,,,,,,,,,,,,,,,,,,,,,,,,,,,,,,,,,,,,,,,,,,,,,,,,,,,,,,,,,,,,,,,,,,,,,,,,,,,,,,,,,,,,,,,"B",,,,,,,,,,,,,,,,,,,,,,,,,,,,,,,,,,,,,,,,,,,,,,,,,,,,,,,,,,,,,,,,,,,,,,,,,,,,,,,,,,,,,,,,,,,,,,,,,,,,,,,,,,,,,,,,,,,,,,,,,,"Nasim Nunez",25979,683083
"Rodolfo Durán","SDP","Rodolfo Durán","SDP",2026,28,27,67,72,11,5,3,0,3,7,7,4,0,19,0,0,1,2,0,0,0.164179104,20,22,6,3,273,91,182,2,1,0,0.055555555,0.263888888,0.210526315,0.211267605,0.343283582,0.554551187,0.179104478,0.177777777,0.909090909,0.125,0.416666666,0.458333333,0.136363636,0.136363636,0.1,0,0.24206132704103497,-4.3106550654286035,4.1916127720958105,,,,,,,,1.60119047125,52.91929594602338,,,,,,,,,,,,,,,,,,,,,,,,,,,,,,,,,,,,,,,,,,,,,,,,,,,,,,,,,,,,,,,,,,,,,,,,,,,,,,,,,,,,,,,,,,,,,,,,,,,,,,,,,,,,,,,,,,,,,,,,,,,,,,,,,,,,,,,,-0.05067204963415861,,"28 - 28",,,,0.46938776,0.28571429,0.24489796,0.20408163,0.57142857,0.2244898,0.36111111,,,,,,,,,,,,,,,,,,,,,,,,,,,,,,,,,,,,,,,,,,,,,,,,,,,,,,,,,,,,,,,,,,,,,,,,,,,,,,,,,,,,,,,,,,,,,,,,,,,,,,,,,,,,,,,,,,,,,,,,,,,,,"R",,,,,,,,,,,,,,,,,,,,,,,,,,,,,,,,,,,,,,,,,,,,,,,,,,,,,,,,,,,,,,,,,,,,,,,,,,,,,,,,,,,,,,,,,,,,,,,,,,,,,,,,,,,,,,,,,,,,,,,,,,"Rodolfo Duran",20958,660710
"Jorge Barrosa","ARI","Jorge Barrosa","ARI",2026,25,54,89,102,16,8,6,1,1,16,6,7,0,31,0,0,6,1,2,0,0.17977528,17,28,10,1,431,158,273,0,9,1,0.06862745,0.303921568,0.225806451,0.239583333,0.303370786,0.542954119,0.123595506,0.263157894,0.607142857,0.181818181,0.309090909,0.509090909,0.035714285,0.035714285,0,0.111111111,0.2419886477291584,-6.112740699486641,5.932138737006279,,,,,,,,7.738270604759991,48.312538321434424,,,,,,,,,,,,,,,,,,,,,,,,,,,,,,,,,,,,,,,,,,,,,,,,,,,,,,,,,,,,,,,,,,,,,,,,,,,,,,,,,,,,,,,,,,,,,,,,,,,,,,,,,,,,,,,,,,,,,,,,,,,,,,,,,,,,,,,,0.31554658990353346,,"25 - 25",,,,0.40625,0.34375,0.25,0.09375,0.703125,0.203125,0.38235294,,,,,,,,,,,,,,,,,,,,,,,,,,,,,,,,,,,,,,,,,,,,,,,,,,,,,,,,,,,,,,,,,,,,,,,,,,,,,,,,,,,,,,,,,,,,,,,,,,,,,,,,,,,,,,,,,,,,,,,,,,,,,"B",,,,,,,,,,,,,,,,,,,,,,,,,,,,,,,,,,,,,,,,,,,,,,,,,,,,,,,,,,,,,,,,,,,,,,,,,,,,,,,,,,,,,,,,,,,,,,,,,,,,,,,,,,,,,,,,,,,,,,,,,,"Jorge Barrosa",23968,678489
"Daniel Susac","SFG","Daniel Susac","SFG",2026,25,39,97,111,19,12,5,1,1,5,15,5,0,28,3,4,2,3,2,2,0.195876288,24,34,15,6,400,123,277,1,2,0,0.045045045,0.252252252,0.178571428,0.247706422,0.298969072,0.546675494,0.103092784,0.25,0.705882352,0.205479452,0.328767123,0.465753424,0.176470588,0.029411764,0.041666666,0,0.24147542190114293,-6.698049057569074,6.409613858614398,,,,,,,,4.357007284703827,50.80154614413929,,,,,,,,,,,,,,,,,,,,,,,,,,,,,,,,,,,,,,,,,,,,,,,,,,,,,,,,,,,,,,,,,,,,,,,,,,,,,,,,,,,,,,,,,,,,,,,,,,,,,,,,,,,,,,,,,,,,,,,,,,,,,,,,,,,,,,,,-0.5344010852277279,,"25 - 25",,,,0.42666667,0.29333333,0.28,0.16,0.57333333,0.26666667,0.30630631,,,,,,,,,,,,,,,,,,,,,,,,,,,,,,,,,,,,,,,,,,,,,,,,,,,,,,,,,,,,,,,,,,,,,,,,,,,,,,,,,,,,,,,,,,,,,,,,,,,,,,,,,,,,,,,,,,,,,,,,,,,,,"R",,,,,,,,,,,,,,,,,,,,,,,,,,,,,,,,,,,,,,,,,,,,,,,,,,,,,,,,,,,,,,,,,,,,,,,,,,,,,,,,,,,,,,,,,,,,,,,,,,,,,,,,,,,,,,,,,,,,,,,,,,"Daniel Susac",31441,691740
"Marcelo Mayer","BOS","Marcelo Mayer","BOS",2026,23,69,188,210,37,28,8,0,1,15,15,16,0,42,3,2,0,5,3,0,0.19680851,78,57,13,6,787,289,498,5,0,0,0.076190476,0.2,0.38095238,0.267942583,0.255319148,0.523261731,0.058510638,0.244897959,1.368421052,0.087837837,0.527027027,0.385135135,0.105263157,0.017543859,0.064102564,0,0.2413091765066083,-12.70014339101941,12.098137801760132,,,,,,,,3.705847506473056,46.76786643349075,,,,,,,,,,,,,,,,,,,,,,,,,,,,,,,,,,,,,,,,,,,,,,,,,,,,,,,,,,,,,,,,,,,,,,,,,,,,,,,,,,,,,,,,,,,,,,,,,,,,,,,,,,,,,,,,,,,,,,,,,,,,,,,,,,,,,,,,0.3353793052956462,,"23 - 23",,,,0.37837838,0.36486486,0.25675676,0.23648649,0.52027027,0.24324324,0.28095238,,,,,,,,,,,,,,,,,,,,,,,,,,,,,,,,,,,,,,,,,,,,,,,,,,,,,,,,,,,,,,,,,,,,,,,,,,,,,,,,,,,,,,,,,,,,,,,,,,,,,,,,,,,,,,,,,,,,,,,,,,,,,"L",,,,,,,,,,,,,,,,,,,,,,,,,,,,,,,,,,,,,,,,,,,,,,,,,,,,,,,,,,,,,,,,,,,,,,,,,,,,,,,,,,,,,,,,,,,,,,,,,,,,,,,,,,,,,,,,,,,,,,,,,,"Marcelo Mayer",29668,691785
"Justin Foscue","TEX","Justin Foscue","TEX",2026,27,38,71,76,13,9,1,0,3,7,7,3,0,20,1,1,0,2,0,0,0.183098591,19,26,7,3,293,89,204,1,0,0,0.039473684,0.263157894,0.15,0.22368421,0.323943661,0.547627871,0.14084507,0.204081632,0.73076923,0.134615384,0.365384615,0.5,0.115384615,0.115384615,0.052631578,0,0.24018396515595286,-4.66521728721049,4.309398763509725,,,,,,,,1.4409340587500001,50.888820436610985,,,,,,,,,,,,,,,,,,,,,,,,,,,,,,,,,,,,,,,,,,,,,,,,,,,,,,,,,,,,,,,,,,,,,,,,,,,,,,,,,,,,,,,,,,,,,,,,,,,,,,,,,,,,,,,,,,,,,,,,,,,,,,,,,,,,,,,,-0.07319296058267355,,"27 - 27",,,,0.46153846,0.34615385,0.19230769,0.15384615,0.53846154,0.30769231,0.34210526,,,,,,,,,,,,,,,,,,,,,,,,,,,,,,,,,,,,,,,,,,,,,,,,,,,,,,,,,,,,,,,,,,,,,,,,,,,,,,,,,,,,,,,,,,,,,,,,,,,,,,,,,,,,,,,,,,,,,,,,,,,,,"R",,,,,,,,,,,,,,,,,,,,,,,,,,,,,,,,,,,,,,,,,,,,,,,,,,,,,,,,,,,,,,,,,,,,,,,,,,,,,,,,,,,,,,,,,,,,,,,,,,,,,,,,,,,,,,,,,,,,,,,,,,"Justin Foscue",27501,679822
"Graham Pauley","MIA","Graham Pauley","MIA",2026,25,41,102,108,20,10,9,0,1,7,13,5,0,26,0,1,0,3,1,1,0.196078431,27,38,12,5,433,152,281,3,0,0,0.046296296,0.24074074,0.192307692,0.231481481,0.31372549,0.545206971,0.117647059,0.25,0.710526315,0.155844155,0.35064935,0.493506493,0.131578947,0.026315789,0.111111111,0,0.23893436127238804,-6.738372104762616,6.015029651524005,,,,,,,,2.6035645159471748,45.76494378206942,,,,,,,,,,,,,,,,,,,,,,,,,,,,,,,,,,,,,,,,,,,,,,,,,,,,,,,,,,,,,,,,,,,,,,,,,,,,,,,,,,,,,,,,,,,,,,,,,,,,,,,,,,,,,,,,,,,,,,,,,,,,,,,,,,,,,,,,-0.2953516812995076,,"25 - 25",,,,0.50649351,0.32467532,0.16883117,0.14285714,0.62337662,0.23376623,0.2962963,,,,,,,,,,,,,,,,,,,,,,,,,,,,,,,,,,,,,,,,,,,,,,,,,,,,,,,,,,,,,,,,,,,,,,,,,,,,,,,,,,,,,,,,,,,,,,,,,,,,,,,,,,,,,,,,,,,,,,,,,,,,,"L",,,,,,,,,,,,,,,,,,,,,,,,,,,,,,,,,,,,,,,,,,,,,,,,,,,,,,,,,,,,,,,,,,,,,,,,,,,,,,,,,,,,,,,,,,,,,,,,,,,,,,,,,,,,,,,,,,,,,,,,,,"Graham Pauley",31363,688363
"Wenceel Pérez","DET","Wenceel Pérez","DET",2026,26,49,109,121,17,10,3,1,3,13,6,12,0,21,0,0,0,0,2,1,0.155963302,38,40,10,5,454,161,293,3,0,0,0.099173553,0.173553719,0.571428571,0.239669421,0.284403669,0.52407309,0.128440367,0.164705882,0.95,0.113636363,0.431818181,0.454545454,0.125,0.075,0.078947368,0,0.23817619410428134,-7.623465995686861,6.665067453486112,,,,,,,,5.550082494646594,46.494311395024546,,,,,,,,,,,,,,,,,,,,,,,,,,,,,,,,,,,,,,,,,,,,,,,,,,,,,,,,,,,,,,,,,,,,,,,,,,,,,,,,,,,,,,,,,,,,,,,,,,,,,,,,,,,,,,,,,,,,,,,,,,,,,,,,,,,,,,,,-0.13476327247917652,,"26 - 26",,,,0.48863636,0.27272727,0.23863636,0.19318182,0.61363636,0.19318182,0.29752066,,,,,,,,,,,,,,,,,,,,,,,,,,,,,,,,,,,,,,,,,,,,,,,,,,,,,,,,,,,,,,,,,,,,,,,,,,,,,,,,,,,,,,,,,,,,,,,,,,,,,,,,,,,,,,,,,,,,,,,,,,,,,"B",,,,,,,,,,,,,,,,,,,,,,,,,,,,,,,,,,,,,,,,,,,,,,,,,,,,,,,,,,,,,,,,,,,,,,,,,,,,,,,,,,,,,,,,,,,,,,,,,,,,,,,,,,,,,,,,,,,,,,,,,,"Wenceel Perez",22857,672761
"Jake Rogers","- - -","Jake Rogers","- - -",2026,31,42,99,118,14,8,3,1,2,12,7,15,0,35,1,2,1,2,1,0,0.141414141,23,31,11,5,485,186,299,1,2,0,0.127118644,0.296610169,0.428571428,0.256410256,0.252525252,0.508935508,0.111111111,0.1875,0.741935483,0.169230769,0.353846153,0.476923076,0.161290322,0.064516129,0.04347826,0,0.23769334697315836,-7.48228109762833,6.451991191647792,,,,,,,,5.779530181199833,46.52061024253342,,,,,,,,,,,,,,,,,,,,,,,,,,,,,,,,,,,,,,,,,,,,,,,,,,,,,,,,,,,,,,,,,,,,,,,,,,,,,,,,,,,,,,,,,,,,,,,,,,,,,,,,,,,,,,,,,,,,,,,,,,,,,,,,,,,,,,,,0.06487453728914261,,"31 - 31",,,,0.50746269,0.28358209,0.20895522,0.11940299,0.6119403,0.26865672,0.44067797,,,,,,,,,,,,,,,,,,,,,,,,,,,,,,,,,,,,,,,,,,,,,,,,,,,,,,,,,,,,,,,,,,,,,,,,,,,,,,,,,,,,,,,,,,,,,,,,,,,,,,,,,,,,,,,,,,,,,,,,,,,,,"R",,,,,,,,,,,,,,,,,,,,,,,,,,,,,,,,,,,,,,,,,,,,,,,,,,,,,,,,,,,,,,,,,,,,,,,,,,,,,,,,,,,,,,,,,,,,,,,,,,,,,,,,,,,,,,,,,,,,,,,,,,"Jake Rogers",19452,668670
"Edmundo Sosa","PHI","Edmundo Sosa","PHI",2026,30,48,95,100,19,11,5,1,2,11,20,0,0,20,2,1,1,2,1,0,0.2,34,27,15,4,348,78,270,0,1,0,0,0.2,0,0.214285714,0.336842105,0.551127819,0.136842105,0.229729729,1.259259259,0.197368421,0.447368421,0.355263157,0.148148148,0.074074074,0,0,0.23737817333669078,-6.3647512927971395,5.44395403709788,,,,,,,,6.788364689629437,42.24722431933897,,,,,,,,,,,,,,,,,,,,,,,,,,,,,,,,,,,,,,,,,,,,,,,,,,,,,,,,,,,,,,,,,,,,,,,,,,,,,,,,,,,,,,,,,,,,,,,,,,,,,,,,,,,,,,,,,,,,,,,,,,,,,,,,,,,,,,,,0.1268070423975587,,"30 - 30",,,,0.33766234,0.44155844,0.22077922,0.16883117,0.55844156,0.27272727,0.22,,,,,,,,,,,,,,,,,,,,,,,,,,,,,,,,,,,,,,,,,,,,,,,,,,,,,,,,,,,,,,,,,,,,,,,,,,,,,,,,,,,,,,,,,,,,,,,,,,,,,,,,,,,,,,,,,,,,,,,,,,,,,"R",,,,,,,,,,,,,,,,,,,,,,,,,,,,,,,,,,,,,,,,,,,,,,,,,,,,,,,,,,,,,,,,,,,,,,,,,,,,,,,,,,,,,,,,,,,,,,,,,,,,,,,,,,,,,,,,,,,,,,,,,,"Edmundo Sosa",17022,624641
"Alek Thomas","- - -","Alek Thomas","- - -",2026,26,34,96,102,17,7,8,0,2,11,10,4,0,23,1,0,1,5,3,0,0.177083333,30,28,15,4,364,114,250,0,1,0,0.039215686,0.225490196,0.173913043,0.217821782,0.322916666,0.540738448,0.145833333,0.211267605,1.071428571,0.205479452,0.410958904,0.383561643,0.142857142,0.071428571,0,0,0.23717772960662842,-6.5097634508809445,5.535115985611975,,,,,,,,6.389188205140283,45.27308310672995,,,,,,,,,,,,,,,,,,,,,,,,,,,,,,,,,,,,,,,,,,,,,,,,,,,,,,,,,,,,,,,,,,,,,,,,,,,,,,,,,,,,,,,,,,,,,,,,,,,,,,,,,,,,,,,,,,,,,,,,,,,,,,,,,,,,,,,,0.5324372760951519,,"26 - 26",,,,0.35135135,0.33783784,0.31081081,0.2027027,0.41891892,0.37837838,0.28431373,,,,,,,,,,,,,,,,,,,,,,,,,,,,,,,,,,,,,,,,,,,,,,,,,,,,,,,,,,,,,,,,,,,,,,,,,,,,,,,,,,,,,,,,,,,,,,,,,,,,,,,,,,,,,,,,,,,,,,,,,,,,,"L",,,,,,,,,,,,,,,,,,,,,,,,,,,,,,,,,,,,,,,,,,,,,,,,,,,,,,,,,,,,,,,,,,,,,,,,,,,,,,,,,,,,,,,,,,,,,,,,,,,,,,,,,,,,,,,,,,,,,,,,,,"Alek Thomas",23792,677950
"Christian Koss","SFG","Christian Koss","SFG",2026,28,38,84,94,17,13,4,0,0,8,1,5,0,28,2,0,3,1,1,0,0.202380952,29,14,12,2,310,94,216,4,4,0,0.053191489,0.29787234,0.178571428,0.263736263,0.25,0.513736263,0.047619048,0.303571428,2.071428571,0.218181818,0.527272727,0.254545454,0.142857142,0,0.137931034,0,0.23704186835131802,-6.008364129083381,5.091818881017938,,,,,,,,3.9950854426182545,47.82717152452944,,,,,,,,,,,,,,,,,,,,,,,,,,,,,,,,,,,,,,,,,,,,,,,,,,,,,,,,,,,,,,,,,,,,,,,,,,,,,,,,,,,,,,,,,,,,,,,,,,,,,,,,,,,,,,,,,,,,,,,,,,,,,,,,,,,,,,,,0.08739544823765755,,"28 - 28",,,,0.42372881,0.37288136,0.20338983,0.16949153,0.57627119,0.25423729,0.35106383,,,,,,,,,,,,,,,,,,,,,,,,,,,,,,,,,,,,,,,,,,,,,,,,,,,,,,,,,,,,,,,,,,,,,,,,,,,,,,,,,,,,,,,,,,,,,,,,,,,,,,,,,,,,,,,,,,,,,,,,,,,,,"R",,,,,,,,,,,,,,,,,,,,,,,,,,,,,,,,,,,,,,,,,,,,,,,,,,,,,,,,,,,,,,,,,,,,,,,,,,,,,,,,,,,,,,,,,,,,,,,,,,,,,,,,,,,,,,,,,,,,,,,,,,"Christian Koss",27653,683766
"Edwin Arroyo","CIN","Edwin Arroyo","CIN",2026,22,39,102,112,22,20,2,0,0,7,4,5,0,27,3,0,2,0,0,1,0.215686274,27,25,20,3,408,134,274,2,5,1,0.044642857,0.241071428,0.185185185,0.272727272,0.235294117,0.508021389,0.019607843,0.293333333,1.08,0.277777777,0.375,0.347222222,0.12,0,0.074074074,0.2,0.2364300559867512,-7.214170706383374,6.011579263099048,,,,,,,,1.7096560830357141,42.99200905292719,,,,,,,,,,,,,,,,,,,,,,,,,,,,,,,,,,,,,,,,,,,,,,,,,,,,,,,,,,,,,,,,,,,,,,,,,,,,,,,,,,,,,,,,,,,,,,,,,,,,,,,,,,,,,,,,,,,,,,,,,,,,,,,,,,,,,,,,-0.5685446448624134,,"22 - 22",,,,0.41558442,0.32467532,0.25974026,0.1038961,0.5974026,0.2987013,0.28571429,,,,,,,,,,,,,,,,,,,,,,,,,,,,,,,,,,,,,,,,,,,,,,,,,,,,,,,,,,,,,,,,,,,,,,,,,,,,,,,,,,,,,,,,,,,,,,,,,,,,,,,,,,,,,,,,,,,,,,,,,,,,,"B",,,,,,,,,,,,,,,,,,,,,,,,,,,,,,,,,,,,,,,,,,,,,,,,,,,,,,,,,,,,,,,,,,,,,,,,,,,,,,,,,,,,,,,,,,,,,,,,,,,,,,,,,,,,,,,,,,,,,,,,,,"Edwin Arroyo",29957,695490
"Brenton Doyle","- - -","Brenton Doyle","- - -",2026,28,44,99,105,21,18,2,0,1,11,6,6,0,36,0,0,0,0,8,1,0.212121212,31,19,11,0,342,110,232,2,2,2,0.057142857,0.342857142,0.166666666,0.257142857,0.262626262,0.519769119,0.05050505,0.322580645,1.631578947,0.180327868,0.508196721,0.311475409,0,0.052631578,0.064516129,1,0.23609191463107154,-6.791922271954698,5.607218324435072,,,,,,,,6.134594719678483,34.634867539221126,,,,,,,,,,,,,,,,,,,,,,,,,,,,,,,,,,,,,,,,,,,,,,,,,,,,,,,,,,,,,,,,,,,,,,,,,,,,,,,,,,,,,,,,,,,,,,,,,,,,,,,,,,,,,,,,,,,,,,,,,,,,,,,,,,,,,,,,1.0539762899279594,,"28 - 28",,,,0.50793651,0.36507937,0.12698413,0.06349206,0.65079365,0.28571429,0.40952381,,,,,,,,,,,,,,,,,,,,,,,,,,,,,,,,,,,,,,,,,,,,,,,,,,,,,,,,,,,,,,,,,,,,,,,,,,,,,,,,,,,,,,,,,,,,,,,,,,,,,,,,,,,,,,,,,,,,,,,,,,,,,"R",,,,,,,,,,,,,,,,,,,,,,,,,,,,,,,,,,,,,,,,,,,,,,,,,,,,,,,,,,,,,,,,,,,,,,,,,,,,,,,,,,,,,,,,,,,,,,,,,,,,,,,,,,,,,,,,,,,,,,,,,,"Brenton Doyle",25479,686668
"Raynel Delgado","HOU","Raynel Delgado","HOU",2026,26,13,30,31,7,6,1,0,0,1,2,1,0,5,0,0,0,0,0,0,0.233333333,12,7,6,0,101,37,64,0,0,0,0.032258064,0.161290322,0.2,0.258064516,0.266666666,0.524731182,0.033333333,0.28,1.714285714,0.24,0.48,0.28,0,0,0,0,0.23554365481099776,-2.018942747203858,1.6417559050635981,,,,,,,,0.29910714,46.25265567956704,,,,,,,,,,,,,,,,,,,,,,,,,,,,,,,,,,,,,,,,,,,,,,,,,,,,,,,,,,,,,,,,,,,,,,,,,,,,,,,,,,,,,,,,,,,,,,,,,,,,,,,,,,,,,,,,,,,,,,,,,,,,,,,,,,,,,,,,-0.03941159415990114,,"26 - 26",,,,0.48,0.36,0.16,0.12,0.48,0.4,0.19354839,,,,,,,,,,,,,,,,,,,,,,,,,,,,,,,,,,,,,,,,,,,,,,,,,,,,,,,,,,,,,,,,,,,,,,,,,,,,,,,,,,,,,,,,,,,,,,,,,,,,,,,,,,,,,,,,,,,,,,,,,,,,,"L",,,,,,,,,,,,,,,,,,,,,,,,,,,,,,,,,,,,,,,,,,,,,,,,,,,,,,,,,,,,,,,,,,,,,,,,,,,,,,,,,,,,,,,,,,,,,,,,,,,,,,,,,,,,,,,,,,,,,,,,,,"Raynel Delgado",22272,669384
"Rece Hinds","CIN","Rece Hinds","CIN",2026,25,10,23,26,4,1,3,0,0,1,5,1,0,10,1,1,0,0,0,0,0.173913043,6,5,3,0,95,36,59,0,0,0,0.038461538,0.384615384,0.1,0.23076923,0.304347826,0.535117056,0.130434783,0.285714285,1.2,0.214285714,0.428571428,0.357142857,0,0,0,0,0.23477098575005165,-1.7095103772357618,1.3607530085369433,,,,,,,,0.76785714,41.87897492607332,,,,,,,,,,,,,,,,,,,,,,,,,,,,,,,,,,,,,,,,,,,,,,,,,,,,,,,,,,,,,,,,,,,,,,,,,,,,,,,,,,,,,,,,,,,,,,,,,,,,,,,,,,,,,,,,,,,,,,,,,,,,,,,,,,,,,,,,-0.016890683211386204,,"25 - 25",,,,0.42857143,0.21428571,0.35714286,0.07142857,0.78571429,0.14285714,0.42307692,,,,,,,,,,,,,,,,,,,,,,,,,,,,,,,,,,,,,,,,,,,,,,,,,,,,,,,,,,,,,,,,,,,,,,,,,,,,,,,,,,,,,,,,,,,,,,,,,,,,,,,,,,,,,,,,,,,,,,,,,,,,,"R",,,,,,,,,,,,,,,,,,,,,,,,,,,,,,,,,,,,,,,,,,,,,,,,,,,,,,,,,,,,,,,,,,,,,,,,,,,,,,,,,,,,,,,,,,,,,,,,,,,,,,,,,,,,,,,,,,,,,,,,,,"Rece Hinds",27493,677956
"Romy Gonzalez","BOS","Romy Gonzalez","BOS",2026,29,18,30,33,6,4,2,0,0,3,1,1,0,9,1,0,1,2,1,1,0.2,12,5,4,1,124,39,85,1,1,0,0.03030303,0.272727272,0.111111111,0.25,0.266666666,0.516666666,0.066666666,0.285714285,2.4,0.19047619,0.571428571,0.238095238,0.2,0,0.083333333,0,0.2347694244235754,-2.1698047287735474,1.727068030091809,,,,,,,,4.754689190648872,42.21665719370285,,,,,,,,,,,,,,,,,,,,,,,,,,,,,,,,,,,,,,,,,,,,,,,,,,,,,,,,,,,,,,,,,,,,,,,,,,,,,,,,,,,,,,,,,,,,,,,,,,,,,,,,,,,,,,,,,,,,,,,,,,,,,,,,,,,,,,,,-0.244679631665349,,"29 - 29",,,,0.18181818,0.40909091,0.40909091,0.27272727,0.40909091,0.31818182,0.3030303,,,,,,,,,,,,,,,,,,,,,,,,,,,,,,,,,,,,,,,,,,,,,,,,,,,,,,,,,,,,,,,,,,,,,,,,,,,,,,,,,,,,,,,,,,,,,,,,,,,,,,,,,,,,,,,,,,,,,,,,,,,,,"R",,,,,,,,,,,,,,,,,,,,,,,,,,,,,,,,,,,,,,,,,,,,,,,,,,,,,,,,,,,,,,,,,,,,,,,,,,,,,,,,,,,,,,,,,,,,,,,,,,,,,,,,,,,,,,,,,,,,,,,,,,"Romy Gonzalez",21562,663853
"Jonah Heim","- - -","Jonah Heim","- - -",2026,31,72,167,184,29,17,9,0,3,16,20,13,0,34,2,2,0,5,0,0,0.173652694,58,55,22,7,707,243,464,2,0,0,0.070652173,0.184782608,0.382352941,0.239130434,0.281437125,0.520567559,0.107784431,0.196969696,1.054545454,0.162962962,0.429629629,0.407407407,0.127272727,0.054545454,0.034482758,0,0.23469384824452194,-12.109521367289616,9.61849643971722,,,,,,,,1.60119047125,37.547450437725956,,,,,,,,,,,,,,,,,,,,,,,,,,,,,,,,,,,,,,,,,,,,,,,,,,,,,,,,,,,,,,,,,,,,,,,,,,,,,,,,,,,,,,,,,,,,,,,,,,,,,,,,,,,,,,,,,,,,,,,,,,,,,,,,,,,,,,,,-0.1801672875881195,,"31 - 31",,,,0.45185185,0.37037037,0.17777778,0.15555556,0.48888889,0.35555556,0.27173913,,,,,,,,,,,,,,,,,,,,,,,,,,,,,,,,,,,,,,,,,,,,,,,,,,,,,,,,,,,,,,,,,,,,,,,,,,,,,,,,,,,,,,,,,,,,,,,,,,,,,,,,,,,,,,,,,,,,,,,,,,,,,"B",,,,,,,,,,,,,,,,,,,,,,,,,,,,,,,,,,,,,,,,,,,,,,,,,,,,,,,,,,,,,,,,,,,,,,,,,,,,,,,,,,,,,,,,,,,,,,,,,,,,,,,,,,,,,,,,,,,,,,,,,,"Jonah Heim",16930,641680
"TJ Friedl","CIN","TJ Friedl","CIN",2026,30,71,196,225,31,20,6,1,4,17,12,18,0,52,5,1,5,2,5,0,0.158163265,50,67,21,6,849,327,522,1,12,4,0.08,0.231111111,0.346153846,0.245454545,0.260204081,0.505658626,0.102040816,0.191489361,0.746268656,0.152173913,0.36231884,0.485507246,0.089552238,0.059701492,0.02,0.333333333,0.23361143334345383,-15.004274035485105,11.565312956778689,,,,,,,,5.492442294577138,41.10105644385982,,,,,,,,,,,,,,,,,,,,,,,,,,,,,,,,,,,,,,,,,,,,,,,,,,,,,,,,,,,,,,,,,,,,,,,,,,,,,,,,,,,,,,,,,,,,,,,,,,,,,,,,,,,,,,,,,,,,,,,,,,,,,,,,,,,,,,,,0.7579002222046256,,"30 - 30",,,,0.40666667,0.35333333,0.24,0.11333333,0.7,0.18666667,0.32888889,,,,,,,,,,,,,,,,,,,,,,,,,,,,,,,,,,,,,,,,,,,,,,,,,,,,,,,,,,,,,,,,,,,,,,,,,,,,,,,,,,,,,,,,,,,,,,,,,,,,,,,,,,,,,,,,,,,,,,,,,,,,,"L",,,,,,,,,,,,,,,,,,,,,,,,,,,,,,,,,,,,,,,,,,,,,,,,,,,,,,,,,,,,,,,,,,,,,,,,,,,,,,,,,,,,,,,,,,,,,,,,,,,,,,,,,,,,,,,,,,,,,,,,,,"TJ Friedl",19522,670770
"Drew Romo","CHW","Drew Romo","CHW",2026,24,53,142,158,21,12,3,0,6,15,15,11,0,38,3,1,1,4,1,0,0.147887323,41,51,12,9,560,191,369,1,2,0,0.069620253,0.240506329,0.289473684,0.222929936,0.295774647,0.518704583,0.147887324,0.151515151,0.803921568,0.115384615,0.394230769,0.490384615,0.176470588,0.117647058,0.024390243,0,0.23342761302449902,-10.559760437783147,8.097993983450984,,,,,,,,3.4308698175578156,44.30038000182298,,,,,,,,,,,,,,,,,,,,,,,,,,,,,,,,,,,,,,,,,,,,,,,,,,,,,,,,,,,,,,,,,,,,,,,,,,,,,,,,,,,,,,,,,,,,,,,,,,,,,,,,,,,,,,,,,,,,,,,,,,,,,,,,,,,,,,,,0.05361408181488514,,"24 - 24",,,,0.47169811,0.31132075,0.21698113,0.18867925,0.5754717,0.23584906,0.34810127,,,,,,,,,,,,,,,,,,,,,,,,,,,,,,,,,,,,,,,,,,,,,,,,,,,,,,,,,,,,,,,,,,,,,,,,,,,,,,,,,,,,,,,,,,,,,,,,,,,,,,,,,,,,,,,,,,,,,,,,,,,,,"B",,,,,,,,,,,,,,,,,,,,,,,,,,,,,,,,,,,,,,,,,,,,,,,,,,,,,,,,,,,,,,,,,,,,,,,,,,,,,,,,,,,,,,,,,,,,,,,,,,,,,,,,,,,,,,,,,,,,,,,,,,"Drew Romo",27763,691011
"Tyler Heineman","- - -","Tyler Heineman","- - -",2026,35,49,106,124,19,14,3,1,1,13,9,5,0,18,5,0,8,3,1,0,0.179245283,37,30,17,5,430,130,300,1,12,2,0.04032258,0.14516129,0.277777777,0.25,0.254716981,0.504716981,0.075471698,0.206896551,1.233333333,0.202380952,0.44047619,0.357142857,0.166666666,0.033333333,0.027027027,0.166666666,0.23306121651468606,-8.340446429901185,6.302348179168639,,,,,,,,6.129968604531129,44.500905472542364,,,,,,,,,,,,,,,,,,,,,,,,,,,,,,,,,,,,,,,,,,,,,,,,,,,,,,,,,,,,,,,,,,,,,,,,,,,,,,,,,,,,,,,,,,,,,,,,,,,,,,,,,,,,,,,,,,,,,,,,,,,,,,,,,,,,,,,,0.06487453728914261,,"35 - 35",,,,0.54166667,0.23958333,0.21875,0.22916667,0.6875,0.08333333,0.19354839,,,,,,,,,,,,,,,,,,,,,,,,,,,,,,,,,,,,,,,,,,,,,,,,,,,,,,,,,,,,,,,,,,,,,,,,,,,,,,,,,,,,,,,,,,,,,,,,,,,,,,,,,,,,,,,,,,,,,,,,,,,,,"B",,,,,,,,,,,,,,,,,,,,,,,,,,,,,,,,,,,,,,,,,,,,,,,,,,,,,,,,,,,,,,,,,,,,,,,,,,,,,,,,,,,,,,,,,,,,,,,,,,,,,,,,,,,,,,,,,,,,,,,,,,"Tyler Heineman",13897,623168
"Zach Dezenzo","HOU","Zach Dezenzo","HOU",2026,26,24,49,52,10,7,3,0,0,7,1,3,0,21,0,0,0,1,0,0,0.204081632,14,5,9,0,203,66,137,2,0,0,0.057692307,0.403846153,0.142857142,0.25,0.265306122,0.515306122,0.06122449,0.357142857,2.8,0.321428571,0.5,0.178571428,0,0,0.142857142,0,0.23293652786658361,-3.495961179245278,2.644565592300132,,,,,,,,2.64285714,44.43827799551043,,,,,,,,,,,,,,,,,,,,,,,,,,,,,,,,,,,,,,,,,,,,,,,,,,,,,,,,,,,,,,,,,,,,,,,,,,,,,,,,,,,,,,,,,,,,,,,,,,,,,,,,,,,,,,,,,,,,,,,,,,,,,,,,,,,,,,,,-0.056302277371287346,,"26 - 26",,,,0.46428571,0.28571429,0.25,0.17857143,0.71428571,0.10714286,0.46153846,,,,,,,,,,,,,,,,,,,,,,,,,,,,,,,,,,,,,,,,,,,,,,,,,,,,,,,,,,,,,,,,,,,,,,,,,,,,,,,,,,,,,,,,,,,,,,,,,,,,,,,,,,,,,,,,,,,,,,,,,,,,,"R",,,,,,,,,,,,,,,,,,,,,,,,,,,,,,,,,,,,,,,,,,,,,,,,,,,,,,,,,,,,,,,,,,,,,,,,,,,,,,,,,,,,,,,,,,,,,,,,,,,,,,,,,,,,,,,,,,,,,,,,,,"Zach Dezenzo",31562,701305
"Adolis García","PHI","Adolis García","PHI",2026,33,64,172,191,30,22,4,1,3,9,12,13,0,68,4,2,0,2,2,0,0.174418604,45,39,22,6,796,294,502,2,0,0,0.068062827,0.356020942,0.19117647,0.246073298,0.261627906,0.507701204,0.087209302,0.262135922,1.153846153,0.207547169,0.424528301,0.367924528,0.153846153,0.076923076,0.044444444,0,0.23235115081227886,-12.931114813563784,9.623512366535703,,,,,,,,3.9105193087279084,38.8747042762669,,,,,,,,,,,,,,,,,,,,,,,,,,,,,,,,,,,,,,,,,,,,,,,,,,,,,,,,,,,,,,,,,,,,,,,,,,,,,,,,,,,,,,,,,,,,,,,,,,,,,,,,,,,,,,,,,,,,,,,,,,,,,,,,,,,,,,,,0.18042112421244383,,"33 - 33",,,,0.38679245,0.36792453,0.24528302,0.16037736,0.44339623,0.39622642,0.43979058,,,,,,,,,,,,,,,,,,,,,,,,,,,,,,,,,,,,,,,,,,,,,,,,,,,,,,,,,,,,,,,,,,,,,,,,,,,,,,,,,,,,,,,,,,,,,,,,,,,,,,,,,,,,,,,,,,,,,,,,,,,,,"R",,,,,,,,,,,,,,,,,,,,,,,,,,,,,,,,,,,,,,,,,,,,,,,,,,,,,,,,,,,,,,,,,,,,,,,,,,,,,,,,,,,,,,,,,,,,,,,,,,,,,,,,,,,,,,,,,,,,,,,,,,"Adolis Garcia",19287,666969
"LuJames Groover","ARI","LuJames Groover","ARI",2026,24,13,29,33,5,4,1,0,0,1,1,4,0,6,0,0,0,2,0,0,0.172413793,11,8,4,4,120,43,77,0,0,0,0.121212121,0.181818181,0.666666666,0.272727272,0.206896551,0.479623823,0.034482758,0.217391304,1.375,0.173913043,0.478260869,0.347826086,0.5,0,0,0,0.2307757536570231,-2.276103853797477,1.6207689050678793,,,,,,,,0.21230158375,40.79005163762071,,,,,,,,,,,,,,,,,,,,,,,,,,,,,,,,,,,,,,,,,,,,,,,,,,,,,,,,,,,,,,,,,,,,,,,,,,,,,,,,,,,,,,,,,,,,,,,,,,,,,,,,,,,,,,,,,,,,,,,,,,,,,,,,,,,,,,,,-0.04504182189702988,,"24 - 24",,,,0.43478261,0.2173913,0.34782609,0.2173913,0.47826087,0.30434783,0.3030303,,,,,,,,,,,,,,,,,,,,,,,,,,,,,,,,,,,,,,,,,,,,,,,,,,,,,,,,,,,,,,,,,,,,,,,,,,,,,,,,,,,,,,,,,,,,,,,,,,,,,,,,,,,,,,,,,,,,,,,,,,,,,"R",,,,,,,,,,,,,,,,,,,,,,,,,,,,,,,,,,,,,,,,,,,,,,,,,,,,,,,,,,,,,,,,,,,,,,,,,,,,,,,,,,,,,,,,,,,,,,,,,,,,,,,,,,,,,,,,,,,,,,,,,,"LuJames Groover",33552,694410
"Mark Vientos","NYM","Mark Vientos","NYM",2026,26,63,148,159,25,16,4,0,5,14,18,8,0,42,2,1,0,6,0,0,0.168918918,47,48,12,6,583,192,391,1,0,0,0.050314465,0.264150943,0.19047619,0.220125786,0.297297297,0.517423083,0.128378379,0.196078431,0.979166666,0.112149532,0.439252336,0.44859813,0.125,0.104166666,0.021276595,0,0.2301635224864168,-11.04519782241169,7.7306436521213895,,,,,,,,1.52678570875,42.63615127264663,,,,,,,,,,,,,,,,,,,,,,,,,,,,,,,,,,,,,,,,,,,,,,,,,,,,,,,,,,,,,,,,,,,,,,,,,,,,,,,,,,,,,,,,,,,,,,,,,,,,,,,,,,,,,,,,,,,,,,,,,,,,,,,,,,,,,,,,-0.1463859211653471,,"26 - 26",,,,0.3364486,0.44859813,0.21495327,0.1588785,0.53271028,0.30841121,0.34591195,,,,,,,,,,,,,,,,,,,,,,,,,,,,,,,,,,,,,,,,,,,,,,,,,,,,,,,,,,,,,,,,,,,,,,,,,,,,,,,,,,,,,,,,,,,,,,,,,,,,,,,,,,,,,,,,,,,,,,,,,,,,,"R",,,,,,,,,,,,,,,,,,,,,,,,,,,,,,,,,,,,,,,,,,,,,,,,,,,,,,,,,,,,,,,,,,,,,,,,,,,,,,,,,,,,,,,,,,,,,,,,,,,,,,,,,,,,,,,,,,,,,,,,,,"Mark Vientos",22184,668901
"Charles McAdoo","TOR","Charles McAdoo","TOR",2026,24,15,36,37,7,5,1,0,1,3,3,1,0,7,0,0,0,2,1,0,0.194444444,14,11,4,1,124,37,87,4,0,0,0.027027027,0.189189189,0.142857142,0.216216216,0.305555555,0.521771771,0.111111111,0.214285714,1.272727272,0.137931034,0.48275862,0.379310344,0.09090909,0.09090909,0.285714285,0,0.2287465382266689,-2.612553487572922,1.756667484488235,,,,,,,,4.757277071752651,41.63803958712964,,,,,,,,,,,,,,,,,,,,,,,,,,,,,,,,,,,,,,,,,,,,,,,,,,,,,,,,,,,,,,,,,,,,,,,,,,,,,,,,,,,,,,,,,,,,,,,,,,,,,,,,,,,,,,,,,,,,,,,,,,,,,,,,,,,,,,,,0.16621863655745983,,"24 - 24",,,,0.27586207,0.4137931,0.31034483,0.13793103,0.51724138,0.34482759,0.24324324,,,,,,,,,,,,,,,,,,,,,,,,,,,,,,,,,,,,,,,,,,,,,,,,,,,,,,,,,,,,,,,,,,,,,,,,,,,,,,,,,,,,,,,,,,,,,,,,,,,,,,,,,,,,,,,,,,,,,,,,,,,,,"R",,,,,,,,,,,,,,,,,,,,,,,,,,,,,,,,,,,,,,,,,,,,,,,,,,,,,,,,,,,,,,,,,,,,,,,,,,,,,,,,,,,,,,,,,,,,,,,,,,,,,,,,,,,,,,,,,,,,,,,,,,"Charles McAdoo",33323,807727
"Kenny Piper","TBR","Kenny Piper","TBR",2026,27,4,6,7,1,1,0,0,0,2,0,1,0,1,0,0,0,0,1,0,0.166666666,2,3,0,1,24,8,16,0,0,0,0.142857142,0.142857142,1,0.285714285,0.166666666,0.452380951,0,0.2,0.666666666,0,0.4,0.6,0.333333333,0,0,0,0.226906989301954,-0.5046529849630487,0.32195638812960264,,,,,,,,7.5,38.79392724202223,,,,,,,,,,,,,,,,,,,,,,,,,,,,,,,,,,,,,,,,,,,,,,,,,,,,,,,,,,,,,,,,,,,,,,,,,,,,,,,,,,,,,,,,,,,,,,,,,,,,,,,,,,,,,,,,,,,,,,,,,,,,,,,,,,,,,,,,0.18873954750597477,,"27 - 27",,,,0.4,0.2,0.4,0.2,0.8,0,0.28571429,,,,,,,,,,,,,,,,,,,,,,,,,,,,,,,,,,,,,,,,,,,,,,,,,,,,,,,,,,,,,,,,,,,,,,,,,,,,,,,,,,,,,,,,,,,,,,,,,,,,,,,,,,,,,,,,,,,,,,,,,,,,,"R",,,,,,,,,,,,,,,,,,,,,,,,,,,,,,,,,,,,,,,,,,,,,,,,,,,,,,,,,,,,,,,,,,,,,,,,,,,,,,,,,,,,,,,,,,,,,,,,,,,,,,,,,,,,,,,,,,,,,,,,,,"Kenny Piper",29962,700652
"Travis d'Arnaud","LAA","Travis d'Arnaud","LAA",2026,37,15,26,30,4,3,1,0,0,2,0,3,0,6,1,0,0,1,0,0,0.153846153,10,9,1,1,112,41,71,0,0,0,0.1,0.2,0.5,0.266666666,0.192307692,0.458974358,0.038461539,0.2,1.111111111,0.05,0.5,0.45,0.111111111,0,0,0,0.22521117130915325,-2.2038325192712946,1.338779079697211,,,,,,,,1.30357142125,39.129252178988075,,,,,,,,,,,,,,,,,,,,,,,,,,,,,,,,,,,,,,,,,,,,,,,,,,,,,,,,,,,,,,,,,,,,,,,,,,,,,,,,,,,,,,,,,,,,,,,,,,,,,,,,,,,,,,,,,,,,,,,,,,,,,,,,,,,,,,,,-0.03941159415990114,,"37 - 37",,,,0.25,0.5,0.25,0.15,0.55,0.3,0.3,,,,,,,,,,,,,,,,,,,,,,,,,,,,,,,,,,,,,,,,,,,,,,,,,,,,,,,,,,,,,,,,,,,,,,,,,,,,,,,,,,,,,,,,,,,,,,,,,,,,,,,,,,,,,,,,,,,,,,,,,,,,,"R",,,,,,,,,,,,,,,,,,,,,,,,,,,,,,,,,,,,,,,,,,,,,,,,,,,,,,,,,,,,,,,,,,,,,,,,,,,,,,,,,,,,,,,,,,,,,,,,,,,,,,,,,,,,,,,,,,,,,,,,,,"Travis d'Arnaud",7739,518595
"Victor Scott II","STL","Victor Scott II","STL",2026,25,52,103,125,15,10,4,0,1,14,4,14,0,35,1,0,7,2,7,2,0.145631067,31,21,15,3,489,191,298,0,8,0,0.112,0.28,0.4,0.254237288,0.213592233,0.467829521,0.067961166,0.208955223,1.476190476,0.223880597,0.462686567,0.313432835,0.142857142,0.047619047,0,0,0.22462520609467718,-9.241713436323291,5.519168226045484,,,,,,,,6.109248452727726,38.69860945163938,,,,,,,,,,,,,,,,,,,,,,,,,,,,,,,,,,,,,,,,,,,,,,,,,,,,,,,,,,,,,,,,,,,,,,,,,,,,,,,,,,,,,,,,,,,,,,,,,,,,,,,,,,,,,,,,,,,,,,,,,,,,,,,,,,,,,,,,0.43744779098778963,,"25 - 25",,,,0.37333333,0.4,0.22666667,0.10666667,0.58666667,0.30666667,0.4,,,,,,,,,,,,,,,,,,,,,,,,,,,,,,,,,,,,,,,,,,,,,,,,,,,,,,,,,,,,,,,,,,,,,,,,,,,,,,,,,,,,,,,,,,,,,,,,,,,,,,,,,,,,,,,,,,,,,,,,,,,,,"L",,,,,,,,,,,,,,,,,,,,,,,,,,,,,,,,,,,,,,,,,,,,,,,,,,,,,,,,,,,,,,,,,,,,,,,,,,,,,,,,,,,,,,,,,,,,,,,,,,,,,,,,,,,,,,,,,,,,,,,,,,"Victor Scott II",31349,687363
"Coby Mayo","BAL","Coby Mayo","BAL",2026,24,87,213,233,34,22,5,3,4,25,23,16,0,82,3,1,0,3,2,0,0.159624413,44,64,24,10,948,321,627,2,0,0,0.068669527,0.35193133,0.195121951,0.227467811,0.267605633,0.495073444,0.10798122,0.234375,0.6875,0.181818181,0.333333333,0.484848484,0.15625,0.0625,0.045454545,0,0.22425919771194458,-17.295338322990858,10.21894509566454,,,,,,,,6.901541306274627,39.69509080935249,,,,,,,,,,,,,,,,,,,,,,,,,,,,,,,,,,,,,,,,,,,,,,,,,,,,,,,,,,,,,,,,,,,,,,,,,,,,,,,,,,,,,,,,,,,,,,,,,,,,,,,,,,,,,,,,,,,,,,,,,,,,,,,,,,,,,,,,0.16916066873818636,,"24 - 24",,,,0.5,0.34090909,0.15909091,0.15909091,0.47727273,0.36363636,0.43776824,,,,,,,,,,,,,,,,,,,,,,,,,,,,,,,,,,,,,,,,,,,,,,,,,,,,,,,,,,,,,,,,,,,,,,,,,,,,,,,,,,,,,,,,,,,,,,,,,,,,,,,,,,,,,,,,,,,,,,,,,,,,,"R",,,,,,,,,,,,,,,,,,,,,,,,,,,,,,,,,,,,,,,,,,,,,,,,,,,,,,,,,,,,,,,,,,,,,,,,,,,,,,,,,,,,,,,,,,,,,,,,,,,,,,,,,,,,,,,,,,,,,,,,,,"Coby Mayo",28312,691723
"Miguel Rojas","LAD","Miguel Rojas","LAD",2026,37,39,62,73,13,11,2,0,0,7,8,4,0,6,1,4,2,4,0,1,0.209677419,28,21,8,5,242,85,157,1,5,0,0.05479452,0.08219178,0.666666666,0.253521126,0.241935483,0.495456609,0.032258064,0.216666666,1.333333333,0.140350877,0.49122807,0.368421052,0.238095238,0,0.035714285,0,0.2230804016892339,-5.488118426387068,3.1322364644362963,,,,,,,,2.8706682935934524,36.690821871439496,,,,,,,,,,,,,,,,,,,,,,,,,,,,,,,,,,,,,,,,,,,,,,,,,,,,,,,,,,,,,,,,,,,,,,,,,,,,,,,,,,,,,,,,,,,,,,,,,,,,,,,,,,,,,,,,,,,,,,,,,,,,,,,,,,,,,,,,-0.5009819120168686,,"37 - 37",,,,0.33870968,0.38709677,0.27419355,0.20967742,0.56451613,0.22580645,0.1369863,,,,,,,,,,,,,,,,,,,,,,,,,,,,,,,,,,,,,,,,,,,,,,,,,,,,,,,,,,,,,,,,,,,,,,,,,,,,,,,,,,,,,,,,,,,,,,,,,,,,,,,,,,,,,,,,,,,,,,,,,,,,,"R",,,,,,,,,,,,,,,,,,,,,,,,,,,,,,,,,,,,,,,,,,,,,,,,,,,,,,,,,,,,,,,,,,,,,,,,,,,,,,,,,,,,,,,,,,,,,,,,,,,,,,,,,,,,,,,,,,,,,,,,,,"Miguel Rojas",7802,500743
"Jorge Polanco","NYM","Jorge Polanco","NYM",2026,32,35,104,113,17,10,5,0,2,6,6,8,0,27,0,0,1,1,0,0,0.163461538,35,31,11,3,439,170,269,5,1,0,0.07079646,0.238938053,0.296296296,0.223214285,0.269230769,0.492445054,0.105769231,0.2,1.129032258,0.142857142,0.454545454,0.402597402,0.096774193,0.064516129,0.142857142,0,0.2223427646926471,-8.562536839550612,4.781300183230759,,,,,,,,0.6048136587499999,37.38937501823031,,,,,,,,,,,,,,,,,,,,,,,,,,,,,,,,,,,,,,,,,,,,,,,,,,,,,,,,,,,,,,,,,,,,,,,,,,,,,,,,,,,,,,,,,,,,,,,,,,,,,,,,,,,,,,,,,,,,,,,,,,,,,,,,,,,,,,,,-0.10134409926831722,,"32 - 32",,,,0.56410256,0.23076923,0.20512821,0.23076923,0.51282051,0.25641026,0.32743363,,,,,,,,,,,,,,,,,,,,,,,,,,,,,,,,,,,,,,,,,,,,,,,,,,,,,,,,,,,,,,,,,,,,,,,,,,,,,,,,,,,,,,,,,,,,,,,,,,,,,,,,,,,,,,,,,,,,,,,,,,,,,"B",,,,,,,,,,,,,,,,,,,,,,,,,,,,,,,,,,,,,,,,,,,,,,,,,,,,,,,,,,,,,,,,,,,,,,,,,,,,,,,,,,,,,,,,,,,,,,,,,,,,,,,,,,,,,,,,,,,,,,,,,,"Jorge Polanco",13152,593871
"Thomas Saggese","STL","Thomas Saggese","STL",2026,24,24,56,58,12,10,2,0,0,7,2,2,0,17,0,0,0,2,0,1,0.214285714,20,11,8,1,217,66,151,1,0,0,0.034482758,0.293103448,0.117647058,0.24137931,0.25,0.49137931,0.035714286,0.307692307,1.818181818,0.205128205,0.512820512,0.282051282,0.09090909,0,0.05,0,0.2210894227027893,-4.4535632725668926,2.3954858187722188,,,,,,,,3.5309826214909377,36.32652929898517,,,,,,,,,,,,,,,,,,,,,,,,,,,,,,,,,,,,,,,,,,,,,,,,,,,,,,,,,,,,,,,,,,,,,,,,,,,,,,,,,,,,,,,,,,,,,,,,,,,,,,,,,,,,,,,,,,,,,,,,,,,,,,,,,,,,,,,,-0.47846100106835365,,"24 - 24",,,,0.35897436,0.38461538,0.25641026,0.12820513,0.69230769,0.17948718,0.32758621,,,,,,,,,,,,,,,,,,,,,,,,,,,,,,,,,,,,,,,,,,,,,,,,,,,,,,,,,,,,,,,,,,,,,,,,,,,,,,,,,,,,,,,,,,,,,,,,,,,,,,,,,,,,,,,,,,,,,,,,,,,,,"R",,,,,,,,,,,,,,,,,,,,,,,,,,,,,,,,,,,,,,,,,,,,,,,,,,,,,,,,,,,,,,,,,,,,,,,,,,,,,,,,,,,,,,,,,,,,,,,,,,,,,,,,,,,,,,,,,,,,,,,,,,"Thomas Saggese",27883,695336
"Michael Helman","TEX","Michael Helman","TEX",2026,30,9,15,19,2,2,0,0,0,1,0,1,0,2,2,0,1,0,0,0,0.133333333,6,3,2,1,65,18,47,0,3,0,0.052631578,0.105263157,0.5,0.277777777,0.133333333,0.41111111,0,0.153846153,2,0.181818181,0.545454545,0.272727272,0.333333333,0,0,0,0.21870985296037462,-1.4953925211460248,0.7482614915340288,,,,,,,,1.60119047125,35.94434293962418,,,,,,,,,,,,,,,,,,,,,,,,,,,,,,,,,,,,,,,,,,,,,,,,,,,,,,,,,,,,,,,,,,,,,,,,,,,,,,,,,,,,,,,,,,,,,,,,,,,,,,,,,,,,,,,,,,,,,,,,,,,,,,,,,,,,,,,,-0.028151138685643673,,"30 - 30",,,,0.57142857,0.28571429,0.14285714,0.21428571,0.64285714,0.14285714,0.15789474,,,,,,,,,,,,,,,,,,,,,,,,,,,,,,,,,,,,,,,,,,,,,,,,,,,,,,,,,,,,,,,,,,,,,,,,,,,,,,,,,,,,,,,,,,,,,,,,,,,,,,,,,,,,,,,,,,,,,,,,,,,,,"R",,,,,,,,,,,,,,,,,,,,,,,,,,,,,,,,,,,,,,,,,,,,,,,,,,,,,,,,,,,,,,,,,,,,,,,,,,,,,,,,,,,,,,,,,,,,,,,,,,,,,,,,,,,,,,,,,,,,,,,,,,"Michael Helman",24605,680737
"Carlos Narváez","- - -","Carlos Narváez","- - -",2026,27,74,164,190,26,19,4,0,3,12,9,11,0,64,6,3,6,6,0,0,0.158536585,36,43,22,6,751,238,513,2,8,1,0.057894736,0.336842105,0.171875,0.233695652,0.237804878,0.47150053,0.079268293,0.23,0.837209302,0.217821782,0.356435643,0.425742574,0.139534883,0.069767441,0.055555555,0.125,0.2183332951820415,-15.006902668104654,7.429637458695882,,,,,,,,1.1722689025000002,31.68262764356132,,,,,,,,,,,,,,,,,,,,,,,,,,,,,,,,,,,,,,,,,,,,,,,,,,,,,,,,,,,,,,,,,,,,,,,,,,,,,,,,,,,,,,,,,,,,,,,,,,,,,,,,,,,,,,,,,,,,,,,,,,,,,,,,,,,,,,,,-0.20268819853663445,,"27 - 27",,,,0.35779817,0.37614679,0.26605505,0.1559633,0.49541284,0.34862385,0.41052632,,,,,,,,,,,,,,,,,,,,,,,,,,,,,,,,,,,,,,,,,,,,,,,,,,,,,,,,,,,,,,,,,,,,,,,,,,,,,,,,,,,,,,,,,,,,,,,,,,,,,,,,,,,,,,,,,,,,,,,,,,,,,"R",,,,,,,,,,,,,,,,,,,,,,,,,,,,,,,,,,,,,,,,,,,,,,,,,,,,,,,,,,,,,,,,,,,,,,,,,,,,,,,,,,,,,,,,,,,,,,,,,,,,,,,,,,,,,,,,,,,,,,,,,,"Carlos Narvaez",19722,665966
"Gabriel Rincones Jr.","PHI","Gabriel Rincones Jr.","PHI",2026,25,29,79,84,13,7,4,0,2,7,7,2,0,28,2,1,0,2,0,0,0.164556962,22,26,4,2,324,97,227,2,0,0,0.023809523,0.333333333,0.071428571,0.202380952,0.29113924,0.493520192,0.126582278,0.22,0.846153846,0.076923076,0.423076923,0.5,0.076923076,0.076923076,0.09090909,0,0.21713143374238694,-6.7181502614392485,3.201162215672568,,,,,,,,1.92170329,28.66412721622052,,,,,,,,,,,,,,,,,,,,,,,,,,,,,,,,,,,,,,,,,,,,,,,,,,,,,,,,,,,,,,,,,,,,,,,,,,,,,,,,,,,,,,,,,,,,,,,,,,,,,,,,,,,,,,,,,,,,,,,,,,,,,,,,,,,,,,,,-0.06193250510841608,,"25 - 25",,,,0.30769231,0.38461538,0.30769231,0.11538462,0.57692308,0.30769231,0.38095238,,,,,,,,,,,,,,,,,,,,,,,,,,,,,,,,,,,,,,,,,,,,,,,,,,,,,,,,,,,,,,,,,,,,,,,,,,,,,,,,,,,,,,,,,,,,,,,,,,,,,,,,,,,,,,,,,,,,,,,,,,,,,"L",,,,,,,,,,,,,,,,,,,,,,,,,,,,,,,,,,,,,,,,,,,,,,,,,,,,,,,,,,,,,,,,,,,,,,,,,,,,,,,,,,,,,,,,,,,,,,,,,,,,,,,,,,,,,,,,,,,,,,,,,,"Gabriel Rincones Jr.",31958,687282
"Nate Furman","SFG","Nate Furman","SFG",2026,24,11,19,23,3,3,0,0,0,0,0,3,0,6,0,0,1,0,0,0,0.157894736,11,3,0,0,86,35,51,0,0,0,0.130434782,0.260869565,0.5,0.272727272,0.157894736,0.430622008,0,0.23076923,3.666666666,0,0.785714285,0.214285714,0,0,0,0,0.21659303524277426,-1.8494814465505205,0.866520779325334,,,,,,,,0.14285714,34.10849427948022,,,,,,,,,,,,,,,,,,,,,,,,,,,,,,,,,,,,,,,,,,,,,,,,,,,,,,,,,,,,,,,,,,,,,,,,,,,,,,,,,,,,,,,,,,,,,,,,,,,,,,,,,,,,,,,,,,,,,,,,,,,,,,,,,,,,,,,,-0.03378136642277241,,"24 - 24",,,,0.57142857,0.21428571,0.21428571,0.21428571,0.5,0.28571429,0.39130435,,,,,,,,,,,,,,,,,,,,,,,,,,,,,,,,,,,,,,,,,,,,,,,,,,,,,,,,,,,,,,,,,,,,,,,,,,,,,,,,,,,,,,,,,,,,,,,,,,,,,,,,,,,,,,,,,,,,,,,,,,,,,"L",,,,,,,,,,,,,,,,,,,,,,,,,,,,,,,,,,,,,,,,,,,,,,,,,,,,,,,,,,,,,,,,,,,,,,,,,,,,,,,,,,,,,,,,,,,,,,,,,,,,,,,,,,,,,,,,,,,,,,,,,,"Nate Furman",31988,801501
"Jhostynxon Garcia","PIT","Jhostynxon Garcia","PIT",2026,23,13,31,33,6,5,1,0,0,1,2,1,0,11,1,0,0,1,0,0,0.193548387,12,5,3,0,110,30,80,1,0,0,0.03030303,0.333333333,0.09090909,0.242424242,0.225806451,0.468230693,0.032258064,0.3,2.4,0.15,0.6,0.25,0,0,0.083333333,0,0.21638416521476977,-2.6591632867203128,1.2377094721450437,,,,,,,,0.4107142775,28.38590375615759,,,,,,,,,,,,,,,,,,,,,,,,,,,,,,,,,,,,,,,,,,,,,,,,,,,,,,,,,,,,,,,,,,,,,,,,,,,,,,,,,,,,,,,,,,,,,,,,,,,,,,,,,,,,,,,,,,,,,,,,,,,,,,,,,,,,,,,,-0.03941159415990114,,"23 - 23",,,,0.35,0.5,0.15,0.25,0.4,0.35,0.36363636,,,,,,,,,,,,,,,,,,,,,,,,,,,,,,,,,,,,,,,,,,,,,,,,,,,,,,,,,,,,,,,,,,,,,,,,,,,,,,,,,,,,,,,,,,,,,,,,,,,,,,,,,,,,,,,,,,,,,,,,,,,,,"R",,,,,,,,,,,,,,,,,,,,,,,,,,,,,,,,,,,,,,,,,,,,,,,,,,,,,,,,,,,,,,,,,,,,,,,,,,,,,,,,,,,,,,,,,,,,,,,,,,,,,,,,,,,,,,,,,,,,,,,,,,"Jhostynxon Garcia",28142,691373
"Rikuu Nishida","CHW","Rikuu Nishida","CHW",2026,25,10,25,26,6,6,0,0,0,3,1,0,0,4,0,0,1,0,0,0,0.24,11,3,6,0,87,25,62,1,2,0,0,0.153846153,0,0.24,0.24,0.48,0,0.285714285,3.666666666,0.3,0.55,0.15,0,0,0.09090909,0,0.21366240978240966,-2.1521759777806686,0.9180874079920363,,,,,,,,2.64285714,30.54518340116457,,,,,,,,,,,,,,,,,,,,,,,,,,,,,,,,,,,,,,,,,,,,,,,,,,,,,,,,,,,,,,,,,,,,,,,,,,,,,,,,,,,,,,,,,,,,,,,,,,,,,,,,,,,,,,,,,,,,,,,,,,,,,,,,,,,,,,,,-0.03378136642277241,,"25 - 25",,,,0.13636364,0.59090909,0.27272727,0,0.72727273,0.27272727,0.15384615,,,,,,,,,,,,,,,,,,,,,,,,,,,,,,,,,,,,,,,,,,,,,,,,,,,,,,,,,,,,,,,,,,,,,,,,,,,,,,,,,,,,,,,,,,,,,,,,,,,,,,,,,,,,,,,,,,,,,,,,,,,,,"L",,,,,,,,,,,,,,,,,,,,,,,,,,,,,,,,,,,,,,,,,,,,,,,,,,,,,,,,,,,,,,,,,,,,,,,,,,,,,,,,,,,,,,,,,,,,,,,,,,,,,,,,,,,,,,,,,,,,,,,,,,"Rikuu Nishida",33795,807747
"Christopher Morel","- - -","Christopher Morel","- - -",2026,27,19,47,53,7,5,2,0,0,3,2,5,0,17,1,0,0,0,1,0,0.14893617,12,12,6,4,191,64,127,1,0,0,0.094339622,0.320754716,0.294117647,0.245283018,0.191489361,0.436772379,0.042553191,0.233333333,1,0.2,0.4,0.4,0.333333333,0,0.083333333,0,0.21123088980620763,-4.491071422561995,1.767542402282366,,,,,,,,3.97522679672804,27.43922828937669,,,,,,,,,,,,,,,,,,,,,,,,,,,,,,,,,,,,,,,,,,,,,,,,,,,,,,,,,,,,,,,,,,,,,,,,,,,,,,,,,,,,,,,,,,,,,,,,,,,,,,,,,,,,,,,,,,,,,,,,,,,,,,,,,,,,,,,,0.13806749787181616,,"27 - 27",,,,0.6,0.33333333,0.06666667,0.16666667,0.6,0.23333333,0.41509434,,,,,,,,,,,,,,,,,,,,,,,,,,,,,,,,,,,,,,,,,,,,,,,,,,,,,,,,,,,,,,,,,,,,,,,,,,,,,,,,,,,,,,,,,,,,,,,,,,,,,,,,,,,,,,,,,,,,,,,,,,,,,"R",,,,,,,,,,,,,,,,,,,,,,,,,,,,,,,,,,,,,,,,,,,,,,,,,,,,,,,,,,,,,,,,,,,,,,,,,,,,,,,,,,,,,,,,,,,,,,,,,,,,,,,,,,,,,,,,,,,,,,,,,,"Christopher Morel",21897,666624
"Harrison Bader","SFG","Harrison Bader","SFG",2026,32,27,84,87,12,6,2,0,4,8,8,3,0,28,0,0,0,3,0,0,0.142857142,32,16,8,1,329,103,226,2,0,0,0.034482758,0.32183908,0.107142857,0.172413793,0.309523809,0.481937602,0.166666667,0.153846153,2,0.142857142,0.571428571,0.285714285,0.0625,0.25,0.0625,0,0.20883160761032982,-7.540498108085785,2.733075528922882,,,,,,,,1.79058440875,28.90152133950231,,,,,,,,,,,,,,,,,,,,,,,,,,,,,,,,,,,,,,,,,,,,,,,,,,,,,,,,,,,,,,,,,,,,,,,,,,,,,,,,,,,,,,,,,,,,,,,,,,,,,,,,,,,,,,,,,,,,,,,,,,,,,,,,,,,,,,,,-0.05067204963415861,,"32 - 32",,,,0.53571429,0.25,0.21428571,0.14285714,0.57142857,0.28571429,0.40229885,,,,,,,,,,,,,,,,,,,,,,,,,,,,,,,,,,,,,,,,,,,,,,,,,,,,,,,,,,,,,,,,,,,,,,,,,,,,,,,,,,,,,,,,,,,,,,,,,,,,,,,,,,,,,,,,,,,,,,,,,,,,,"R",,,,,,,,,,,,,,,,,,,,,,,,,,,,,,,,,,,,,,,,,,,,,,,,,,,,,,,,,,,,,,,,,,,,,,,,,,,,,,,,,,,,,,,,,,,,,,,,,,,,,,,,,,,,,,,,,,,,,,,,,,"Harrison Bader",18030,664056
"Matt Vierling","DET","Matt Vierling","DET",2026,29,71,161,172,28,20,4,1,3,11,13,7,0,34,0,3,1,4,4,1,0.173913043,47,64,19,9,629,190,439,1,1,0,0.040697674,0.197674418,0.205882352,0.204678362,0.267080745,0.471759107,0.093167702,0.196850393,0.734375,0.146153846,0.361538461,0.492307692,0.140625,0.046875,0.021276595,0,0.20756537802735267,-15.083316089559684,5.22765707785975,,,,,,,,5.192523748042875,25.191328162951326,,,,,,,,,,,,,,,,,,,,,,,,,,,,,,,,,,,,,,,,,,,,,,,,,,,,,,,,,,,,,,,,,,,,,,,,,,,,,,,,,,,,,,,,,,,,,,,,,,,,,,,,,,,,,,,,,,,,,,,,,,,,,,,,,,,,,,,,0.23708559479564428,,"29 - 29",,,,0.32061069,0.4351145,0.24427481,0.20610687,0.50381679,0.29007634,0.25581395,,,,,,,,,,,,,,,,,,,,,,,,,,,,,,,,,,,,,,,,,,,,,,,,,,,,,,,,,,,,,,,,,,,,,,,,,,,,,,,,,,,,,,,,,,,,,,,,,,,,,,,,,,,,,,,,,,,,,,,,,,,,,"R",,,,,,,,,,,,,,,,,,,,,,,,,,,,,,,,,,,,,,,,,,,,,,,,,,,,,,,,,,,,,,,,,,,,,,,,,,,,,,,,,,,,,,,,,,,,,,,,,,,,,,,,,,,,,,,,,,,,,,,,,,"Matt Vierling",21558,663837
"Pavin Smith","ARI","Pavin Smith","ARI",2026,30,27,73,84,10,8,1,0,1,4,6,10,0,17,0,1,0,1,1,0,0.136986301,24,24,9,4,338,131,207,0,0,0,0.119047619,0.202380952,0.588235294,0.238095238,0.191780821,0.429876059,0.05479452,0.160714285,1,0.157894736,0.421052631,0.421052631,0.166666666,0.041666666,0,0,0.20734764280773343,-7.381022667298571,2.5382898098132456,,,,,,,,2.7894944687764593,25.07264177385909,,,,,,,,,,,,,,,,,,,,,,,,,,,,,,,,,,,,,,,,,,,,,,,,,,,,,,,,,,,,,,,,,,,,,,,,,,,,,,,,,,,,,,,,,,,,,,,,,,,,,,,,,,,,,,,,,,,,,,,,,,,,,,,,,,,,,,,,0.09865590371191502,,"30 - 30",,,,0.43859649,0.28070175,0.28070175,0.1754386,0.50877193,0.31578947,0.33333333,,,,,,,,,,,,,,,,,,,,,,,,,,,,,,,,,,,,,,,,,,,,,,,,,,,,,,,,,,,,,,,,,,,,,,,,,,,,,,,,,,,,,,,,,,,,,,,,,,,,,,,,,,,,,,,,,,,,,,,,,,,,,"L",,,,,,,,,,,,,,,,,,,,,,,,,,,,,,,,,,,,,,,,,,,,,,,,,,,,,,,,,,,,,,,,,,,,,,,,,,,,,,,,,,,,,,,,,,,,,,,,,,,,,,,,,,,,,,,,,,,,,,,,,,"Pavin Smith",19892,656976
"Grant McCray","SFG","Grant McCray","SFG",2026,25,21,38,46,4,1,1,1,1,7,2,5,1,12,0,0,3,0,4,0,0.105263157,11,9,5,1,186,79,107,2,4,0,0.108695652,0.260869565,0.416666666,0.209302325,0.263157894,0.472460219,0.157894737,0.12,1.222222222,0.2,0.44,0.36,0.111111111,0.111111111,0.181818181,0,0.2046143426781609,-4.1434004392349495,1.2886040125167595,,,,,,,,10,26.07225004787455,,,,,,,,,,,,,,,,,,,,,,,,,,,,,,,,,,,,,,,,,,,,,,,,,,,,,,,,,,,,,,,,,,,,,,,,,,,,,,,,,,,,,,,,,,,,,,,,,,,,,,,,,,,,,,,,,,,,,,,,,,,,,,,,,,,,,,,,0.7718488732352853,,"25 - 25",,,,0.4137931,0.37931034,0.20689655,0.13793103,0.55172414,0.31034483,0.39130435,,,,,,,,,,,,,,,,,,,,,,,,,,,,,,,,,,,,,,,,,,,,,,,,,,,,,,,,,,,,,,,,,,,,,,,,,,,,,,,,,,,,,,,,,,,,,,,,,,,,,,,,,,,,,,,,,,,,,,,,,,,,,"L",,,,,,,,,,,,,,,,,,,,,,,,,,,,,,,,,,,,,,,,,,,,,,,,,,,,,,,,,,,,,,,,,,,,,,,,,,,,,,,,,,,,,,,,,,,,,,,,,,,,,,,,,,,,,,,,,,,,,,,,,,"Grant McCray",25690,687529
"Nelson Velázquez","- - -","Nelson Velázquez","- - -",2026,27,21,25,27,5,4,1,0,0,4,3,1,0,11,0,1,0,0,0,0,0.2,5,4,6,0,112,41,71,0,0,0,0.037037037,0.407407407,0.09090909,0.222222222,0.24,0.462222222,0.04,0.333333333,1.25,0.4,0.333333333,0.266666666,0,0,0,0,0.20449382287484627,-2.4346205253630346,0.7537299137086202,,,,,,,,2.64285714,28.303379482096876,,,,,,,,,,,,,,,,,,,,,,,,,,,,,,,,,,,,,,,,,,,,,,,,,,,,,,,,,,,,,,,,,,,,,,,,,,,,,,,,,,,,,,,,,,,,,,,,,,,,,,,,,,,,,,,,,,,,,,,,,,,,,,,,,,,,,,,,-0.028151138685643673,,"27 - 27",,,,0.46666667,0.33333333,0.2,0.06666667,0.33333333,0.6,0.44444444,,,,,,,,,,,,,,,,,,,,,,,,,,,,,,,,,,,,,,,,,,,,,,,,,,,,,,,,,,,,,,,,,,,,,,,,,,,,,,,,,,,,,,,,,,,,,,,,,,,,,,,,,,,,,,,,,,,,,,,,,,,,,"R",,,,,,,,,,,,,,,,,,,,,,,,,,,,,,,,,,,,,,,,,,,,,,,,,,,,,,,,,,,,,,,,,,,,,,,,,,,,,,,,,,,,,,,,,,,,,,,,,,,,,,,,,,,,,,,,,,,,,,,,,,"Nelson Velazquez",23359,676369
"Andrew McCutchen","TEX","Andrew McCutchen","TEX",2026,39,22,30,33,6,6,0,0,0,2,2,2,0,14,0,1,0,0,0,0,0.2,11,4,2,0,151,59,92,2,0,0,0.06060606,0.424242424,0.142857142,0.242424242,0.2,0.442424242,0,0.352941176,2.75,0.117647058,0.647058823,0.235294117,0,0,0.181818181,0,0.20417387918992477,-2.9841632170108725,0.912709541854484,,,,,,,,1.08035714,25.828323663446195,,,,,,,,,,,,,,,,,,,,,,,,,,,,,,,,,,,,,,,,,,,,,,,,,,,,,,,,,,,,,,,,,,,,,,,,,,,,,,,,,,,,,,,,,,,,,,,,,,,,,,,,,,,,,,,,,,,,,,,,,,,,,,,,,,,,,,,,-0.04504182189702988,,"39 - 39",,,,0.52941176,0.23529412,0.23529412,0.11764706,0.47058824,0.41176471,0.48484848,,,,,,,,,,,,,,,,,,,,,,,,,,,,,,,,,,,,,,,,,,,,,,,,,,,,,,,,,,,,,,,,,,,,,,,,,,,,,,,,,,,,,,,,,,,,,,,,,,,,,,,,,,,,,,,,,,,,,,,,,,,,,"R",,,,,,,,,,,,,,,,,,,,,,,,,,,,,,,,,,,,,,,,,,,,,,,,,,,,,,,,,,,,,,,,,,,,,,,,,,,,,,,,,,,,,,,,,,,,,,,,,,,,,,,,,,,,,,,,,,,,,,,,,,"Andrew McCutchen",9847,457705
"Sean Keys","TOR","Sean Keys","TOR",2026,23,11,34,34,6,4,1,0,1,5,5,0,0,12,0,0,0,0,0,0,0.176470588,7,12,3,3,149,51,98,1,0,0,0,0.352941176,0,0.176470588,0.294117647,0.470588235,0.117647059,0.238095238,0.583333333,0.136363636,0.318181818,0.545454545,0.25,0.083333333,0.142857142,0,0.20221391144920797,-3.128341522029193,0.8866182901351136,,,,,,,,2.64285714,23.17319036773507,,,,,,,,,,,,,,,,,,,,,,,,,,,,,,,,,,,,,,,,,,,,,,,,,,,,,,,,,,,,,,,,,,,,,,,,,,,,,,,,,,,,,,,,,,,,,,,,,,,,,,,,,,,,,,,,,,,,,,,,,,,,,,,,,,,,,,,,-0.02252091094851494,,"23 - 23",,,,0.31818182,0.40909091,0.27272727,0.27272727,0.36363636,0.36363636,0.38235294,,,,,,,,,,,,,,,,,,,,,,,,,,,,,,,,,,,,,,,,,,,,,,,,,,,,,,,,,,,,,,,,,,,,,,,,,,,,,,,,,,,,,,,,,,,,,,,,,,,,,,,,,,,,,,,,,,,,,,,,,,,,,"L",,,,,,,,,,,,,,,,,,,,,,,,,,,,,,,,,,,,,,,,,,,,,,,,,,,,,,,,,,,,,,,,,,,,,,,,,,,,,,,,,,,,,,,,,,,,,,,,,,,,,,,,,,,,,,,,,,,,,,,,,,"Sean Keys",35094,815873
"Ke'Bryan Hayes","CIN","Ke'Bryan Hayes","CIN",2026,29,63,151,163,21,15,1,1,4,17,5,11,0,31,1,0,0,4,0,0,0.139072847,43,56,21,6,579,208,371,3,0,0,0.067484662,0.190184049,0.354838709,0.202453987,0.238410596,0.440864583,0.099337749,0.146551724,0.767857142,0.175,0.358333333,0.466666666,0.107142857,0.071428571,0.069767441,0,0.2014063516277477,-15.103808270001105,4.144381417727777,,,,,,,,3.6696428525,19.49536777873914,,,,,,,,,,,,,,,,,,,,,,,,,,,,,,,,,,,,,,,,,,,,,,,,,,,,,,,,,,,,,,,,,,,,,,,,,,,,,,,,,,,,,,,,,,,,,,,,,,,,,,,,,,,,,,,,,,,,,,,,,,,,,,,,,,,,,,,,-0.15201614890247583,,"29 - 29",,,,0.28333333,0.45833333,0.25833333,0.10833333,0.55833333,0.33333333,0.28220859,,,,,,,,,,,,,,,,,,,,,,,,,,,,,,,,,,,,,,,,,,,,,,,,,,,,,,,,,,,,,,,,,,,,,,,,,,,,,,,,,,,,,,,,,,,,,,,,,,,,,,,,,,,,,,,,,,,,,,,,,,,,,"R",,,,,,,,,,,,,,,,,,,,,,,,,,,,,,,,,,,,,,,,,,,,,,,,,,,,,,,,,,,,,,,,,,,,,,,,,,,,,,,,,,,,,,,,,,,,,,,,,,,,,,,,,,,,,,,,,,,,,,,,,,"Ke'Bryan Hayes",18577,663647
"J.C. Escarra","NYY","J.C. Escarra","NYY",2026,31,29,66,71,10,6,3,1,0,6,4,5,0,16,0,0,0,0,0,0,0.151515151,27,19,3,2,263,98,165,1,1,0,0.070422535,0.225352112,0.3125,0.211267605,0.227272727,0.438540332,0.075757576,0.2,1.421052631,0.061224489,0.551020408,0.387755102,0.105263157,0,0.037037037,0,0.2002193121842935,-6.646937212370435,1.7372435718550285,,,,,,,,4.26785714,21.067619308929462,,,,,,,,,,,,,,,,,,,,,,,,,,,,,,,,,,,,,,,,,,,,,,,,,,,,,,,,,,,,,,,,,,,,,,,,,,,,,,,,,,,,,,,,,,,,,,,,,,,,,,,,,,,,,,,,,,,,,,,,,,,,,,,,,,,,,,,,-0.06193250510841608,,"31 - 31",,,,0.28,0.54,0.18,0.08,0.6,0.32,0.29577465,,,,,,,,,,,,,,,,,,,,,,,,,,,,,,,,,,,,,,,,,,,,,,,,,,,,,,,,,,,,,,,,,,,,,,,,,,,,,,,,,,,,,,,,,,,,,,,,,,,,,,,,,,,,,,,,,,,,,,,,,,,,,"L",,,,,,,,,,,,,,,,,,,,,,,,,,,,,,,,,,,,,,,,,,,,,,,,,,,,,,,,,,,,,,,,,,,,,,,,,,,,,,,,,,,,,,,,,,,,,,,,,,,,,,,,,,,,,,,,,,,,,,,,,,"J.C. Escarra",20084,641555
"Vidal Bruján","NYM","Vidal Bruján","NYM",2026,28,7,7,9,1,1,0,0,0,4,1,1,0,1,0,0,1,0,0,1,0.142857142,2,3,0,0,27,12,15,0,2,1,0.111111111,0.111111111,1,0.25,0.142857142,0.392857142,0,0.166666666,0.666666666,0,0.4,0.6,0,0,0,0.5,0.19854361563920975,-0.8547336447951134,0.20804983489543843,,,,,,,,5,21.423043695661438,,,,,,,,,,,,,,,,,,,,,,,,,,,,,,,,,,,,,,,,,,,,,,,,,,,,,,,,,,,,,,,,,,,,,,,,,,,,,,,,,,,,,,,,,,,,,,,,,,,,,,,,,,,,,,,,,,,,,,,,,,,,,,,,,,,,,,,,-0.4221587236970663,,"28 - 28",,,,0.28571429,0.42857143,0.28571429,0.28571429,0.57142857,0.14285714,0.22222222,,,,,,,,,,,,,,,,,,,,,,,,,,,,,,,,,,,,,,,,,,,,,,,,,,,,,,,,,,,,,,,,,,,,,,,,,,,,,,,,,,,,,,,,,,,,,,,,,,,,,,,,,,,,,,,,,,,,,,,,,,,,,"B",,,,,,,,,,,,,,,,,,,,,,,,,,,,,,,,,,,,,,,,,,,,,,,,,,,,,,,,,,,,,,,,,,,,,,,,,,,,,,,,,,,,,,,,,,,,,,,,,,,,,,,,,,,,,,,,,,,,,,,,,,"Vidal Brujan",20536,660644
"Kevin Alcántara","CHC","Kevin Alcántara","CHC",2026,23,11,9,9,2,2,0,0,0,4,1,0,0,4,0,0,0,0,0,0,0.222222222,1,2,2,0,37,11,26,0,0,0,0,0.444444444,0,0.222222222,0.222222222,0.444444444,0,0.4,0.5,0.4,0.2,0.4,0,0,0,0,0.19783556461334229,-0.8598734961149728,0.20290998357557904,,,,,,,,2.64285714,21.30131343270297,,,,,,,,,,,,,,,,,,,,,,,,,,,,,,,,,,,,,,,,,,,,,,,,,,,,,,,,,,,,,,,,,,,,,,,,,,,,,,,,,,,,,,,,,,,,,,,,,,,,,,,,,,,,,,,,,,,,,,,,,,,,,,,,,,,,,,,,-0.01126045547425747,,"23 - 23",,,,0.6,0.2,0.2,0,0.4,0.6,0.44444444,,,,,,,,,,,,,,,,,,,,,,,,,,,,,,,,,,,,,,,,,,,,,,,,,,,,,,,,,,,,,,,,,,,,,,,,,,,,,,,,,,,,,,,,,,,,,,,,,,,,,,,,,,,,,,,,,,,,,,,,,,,,,"R",,,,,,,,,,,,,,,,,,,,,,,,,,,,,,,,,,,,,,,,,,,,,,,,,,,,,,,,,,,,,,,,,,,,,,,,,,,,,,,,,,,,,,,,,,,,,,,,,,,,,,,,,,,,,,,,,,,,,,,,,,"Kevin Alcantara",25971,682634
"Hayden Senger","NYM","Hayden Senger","NYM",2026,29,7,15,16,2,1,0,0,1,2,1,0,0,4,0,0,1,0,0,0,0.133333333,5,3,1,0,52,14,38,0,3,0,0,0.25,0,0.133333333,0.333333333,0.466666666,0.2,0.1,1.666666666,0.111111111,0.555555555,0.333333333,0,0.333333333,0,0,0.19615257978439332,-1.5503831855829722,0.33900966720023096,,,,,,,,2.64285714,19.818949760352144,,,,,,,,,,,,,,,,,,,,,,,,,,,,,,,,,,,,,,,,,,,,,,,,,,,,,,,,,,,,,,,,,,,,,,,,,,,,,,,,,,,,,,,,,,,,,,,,,,,,,,,,,,,,,,,,,,,,,,,,,,,,,,,,,,,,,,,,-0.005630227737128735,,"29 - 29",,,,0.41666667,0.16666667,0.41666667,0.16666667,0.75,0.08333333,0.3125,,,,,,,,,,,,,,,,,,,,,,,,,,,,,,,,,,,,,,,,,,,,,,,,,,,,,,,,,,,,,,,,,,,,,,,,,,,,,,,,,,,,,,,,,,,,,,,,,,,,,,,,,,,,,,,,,,,,,,,,,,,,,"R",,,,,,,,,,,,,,,,,,,,,,,,,,,,,,,,,,,,,,,,,,,,,,,,,,,,,,,,,,,,,,,,,,,,,,,,,,,,,,,,,,,,,,,,,,,,,,,,,,,,,,,,,,,,,,,,,,,,,,,,,,"Hayden Senger",21489,663584
"James Outman","- - -","James Outman","- - -",2026,29,62,134,142,19,12,3,1,3,12,8,7,0,64,1,0,0,0,4,3,0.141791044,26,30,14,2,589,210,379,2,0,0,0.049295774,0.450704225,0.109375,0.190140845,0.246268656,0.436409501,0.104477612,0.23880597,0.866666666,0.2,0.371428571,0.428571428,0.066666666,0.1,0.076923076,0,0.19604562915546794,-13.771900182234898,2.996461386216028,,,,,,,,6.458873760247307,17.569611102083204,,,,,,,,,,,,,,,,,,,,,,,,,,,,,,,,,,,,,,,,,,,,,,,,,,,,,,,,,,,,,,,,,,,,,,,,,,,,,,,,,,,,,,,,,,,,,,,,,,,,,,,,,,,,,,,,,,,,,,,,,,,,,,,,,,,,,,,,-0.5452993474900723,,"29 - 29",,,,0.6,0.17142857,0.22857143,0.14285714,0.62857143,0.22857143,0.52112676,,,,,,,,,,,,,,,,,,,,,,,,,,,,,,,,,,,,,,,,,,,,,,,,,,,,,,,,,,,,,,,,,,,,,,,,,,,,,,,,,,,,,,,,,,,,,,,,,,,,,,,,,,,,,,,,,,,,,,,,,,,,,"L",,,,,,,,,,,,,,,,,,,,,,,,,,,,,,,,,,,,,,,,,,,,,,,,,,,,,,,,,,,,,,,,,,,,,,,,,,,,,,,,,,,,,,,,,,,,,,,,,,,,,,,,,,,,,,,,,,,,,,,,,,"James Outman",24770,681546
"Lenyn Sosa","- - -","Lenyn Sosa","- - -",2026,26,29,70,72,13,9,4,0,0,7,4,0,0,11,1,0,1,2,0,0,0.185714285,24,25,10,7,260,73,187,1,1,0,0,0.152777777,0,0.197183098,0.242857142,0.44004024,0.057142857,0.220338983,0.96,0.169491525,0.406779661,0.423728813,0.28,0,0.041666666,0,0.194228749879649,-7.073659541113702,1.428608296410712,,,,,,,,2.64285714,17.64444961318425,,,,,,,,,,,,,,,,,,,,,,,,,,,,,,,,,,,,,,,,,,,,,,,,,,,,,,,,,,,,,,,,,,,,,,,,,,,,,,,,,,,,,,,,,,,,,,,,,,,,,,,,,,,,,,,,,,,,,,,,,,,,,,,,,,,,,,,,-0.056302277371287346,,"26 - 26",,,,0.38333333,0.31666667,0.3,0.15,0.58333333,0.26666667,0.15277778,,,,,,,,,,,,,,,,,,,,,,,,,,,,,,,,,,,,,,,,,,,,,,,,,,,,,,,,,,,,,,,,,,,,,,,,,,,,,,,,,,,,,,,,,,,,,,,,,,,,,,,,,,,,,,,,,,,,,,,,,,,,,"R",,,,,,,,,,,,,,,,,,,,,,,,,,,,,,,,,,,,,,,,,,,,,,,,,,,,,,,,,,,,,,,,,,,,,,,,,,,,,,,,,,,,,,,,,,,,,,,,,,,,,,,,,,,,,,,,,,,,,,,,,,"Lenyn Sosa",22896,672820
"Eliezer Alfonzo","LAD","Eliezer Alfonzo","LAD",2026,26,8,13,13,2,0,2,0,0,2,2,0,0,1,0,0,0,0,0,0,0.153846153,3,6,3,1,48,15,33,0,0,0,0,0.076923076,0,0.153846153,0.307692307,0.46153846,0.153846154,0.166666666,0.5,0.25,0.25,0.5,0.166666666,0,0,0,0.1941852569580078,-1.280314592455054,0.25481710043129857,,,,,,,,2.64285714,17.30569791778694,,,,,,,,,,,,,,,,,,,,,,,,,,,,,,,,,,,,,,,,,,,,,,,,,,,,,,,,,,,,,,,,,,,,,,,,,,,,,,,,,,,,,,,,,,,,,,,,,,,,,,,,,,,,,,,,,,,,,,,,,,,,,,,,,,,,,,,,0,,"26 - 26",,,,0.41666667,0.41666667,0.16666667,0.08333333,0.66666667,0.25,0.07692308,,,,,,,,,,,,,,,,,,,,,,,,,,,,,,,,,,,,,,,,,,,,,,,,,,,,,,,,,,,,,,,,,,,,,,,,,,,,,,,,,,,,,,,,,,,,,,,,,,,,,,,,,,,,,,,,,,,,,,,,,,,,,"B",,,,,,,,,,,,,,,,,,,,,,,,,,,,,,,,,,,,,,,,,,,,,,,,,,,,,,,,,,,,,,,,,,,,,,,,,,,,,,,,,,,,,,,,,,,,,,,,,,,,,,,,,,,,,,,,,,,,,,,,,,"Eliezer Alfonzo",22741,672613
"Cooper Ingle","CLE","Cooper Ingle","CLE",2026,24,7,17,20,2,2,0,0,0,0,2,3,0,10,0,0,0,0,0,0,0.117647058,6,0,1,0,94,37,57,0,0,0,0.15,0.5,0.3,0.25,0.117647058,0.367647058,0,0.285714285,6,0.142857142,0.857142857,0,0,0,0,0,0.1937393367290497,-1.976908098823564,0.38483296715543985,,,,,,,,0.14285714,16.862459494946417,,,,,,,,,,,,,,,,,,,,,,,,,,,,,,,,,,,,,,,,,,,,,,,,,,,,,,,,,,,,,,,,,,,,,,,,,,,,,,,,,,,,,,,,,,,,,,,,,,,,,,,,,,,,,,,,,,,,,,,,,,,,,,,,,,,,,,,,-0.028151138685643673,,"24 - 24",,,,0.42857143,0.42857143,0.14285714,0,0.71428571,0.28571429,0.65,,,,,,,,,,,,,,,,,,,,,,,,,,,,,,,,,,,,,,,,,,,,,,,,,,,,,,,,,,,,,,,,,,,,,,,,,,,,,,,,,,,,,,,,,,,,,,,,,,,,,,,,,,,,,,,,,,,,,,,,,,,,,"L",,,,,,,,,,,,,,,,,,,,,,,,,,,,,,,,,,,,,,,,,,,,,,,,,,,,,,,,,,,,,,,,,,,,,,,,,,,,,,,,,,,,,,,,,,,,,,,,,,,,,,,,,,,,,,,,,,,,,,,,,,"Cooper Ingle",33708,694876
"Austin Hays","- - -","Austin Hays","- - -",2026,30,18,41,42,7,6,0,0,1,5,8,1,0,12,0,0,0,2,0,1,0.170731707,17,7,5,0,170,57,113,0,0,0,0.023809523,0.285714285,0.083333333,0.19047619,0.243902439,0.434378629,0.073170732,0.214285714,2.428571428,0.172413793,0.586206896,0.24137931,0,0.142857142,0,0,0.1926589948790414,-4.188104723386691,0.7715515151692174,,,,,,,,3.8498731138404776,17.783783212407112,,,,,,,,,,,,,,,,,,,,,,,,,,,,,,,,,,,,,,,,,,,,,,,,,,,,,,,,,,,,,,,,,,,,,,,,,,,,,,,,,,,,,,,,,,,,,,,,,,,,,,,,,,,,,,,,,,,,,,,,,,,,,,,,,,,,,,,,-0.45030986238271,,"30 - 30",,,,0.5862069,0.27586207,0.13793103,0.13793103,0.48275862,0.37931034,0.33333333,,,,,,,,,,,,,,,,,,,,,,,,,,,,,,,,,,,,,,,,,,,,,,,,,,,,,,,,,,,,,,,,,,,,,,,,,,,,,,,,,,,,,,,,,,,,,,,,,,,,,,,,,,,,,,,,,,,,,,,,,,,,,"R",,,,,,,,,,,,,,,,,,,,,,,,,,,,,,,,,,,,,,,,,,,,,,,,,,,,,,,,,,,,,,,,,,,,,,,,,,,,,,,,,,,,,,,,,,,,,,,,,,,,,,,,,,,,,,,,,,,,,,,,,,"Austin Hays",19363,669720
"Bryce Teodosio","LAA","Bryce Teodosio","LAA",2026,27,11,10,13,1,1,0,0,0,4,0,2,0,3,0,0,1,0,3,0,0.1,4,3,0,0,54,22,32,1,1,0,0.153846153,0.23076923,0.666666666,0.25,0.1,0.35,0,0.142857142,1.333333333,0,0.571428571,0.428571428,0,0,0.25,0,0.1905364841222763,-1.3185735972561596,0.21655809563019296,,,,,,,,7.5,14.99809939093283,,,,,,,,,,,,,,,,,,,,,,,,,,,,,,,,,,,,,,,,,,,,,,,,,,,,,,,,,,,,,,,,,,,,,,,,,,,,,,,,,,,,,,,,,,,,,,,,,,,,,,,,,,,,,,,,,,,,,,,,,,,,,,,,,,,,,,,,0.5831093257293105,,"27 - 27",,,,0.375,0.375,0.25,0.25,0.75,0,0.38461538,,,,,,,,,,,,,,,,,,,,,,,,,,,,,,,,,,,,,,,,,,,,,,,,,,,,,,,,,,,,,,,,,,,,,,,,,,,,,,,,,,,,,,,,,,,,,,,,,,,,,,,,,,,,,,,,,,,,,,,,,,,,,"R",,,,,,,,,,,,,,,,,,,,,,,,,,,,,,,,,,,,,,,,,,,,,,,,,,,,,,,,,,,,,,,,,,,,,,,,,,,,,,,,,,,,,,,,,,,,,,,,,,,,,,,,,,,,,,,,,,,,,,,,,,"Bryce Teodosio",29524,669326
"Ronny Mauricio","NYM","Ronny Mauricio","NYM",2026,25,15,39,39,7,6,0,0,1,4,2,0,0,13,0,0,0,1,0,0,0.179487179,15,9,2,2,131,27,104,0,0,0,0,0.333333333,0,0.179487179,0.256410256,0.435897435,0.076923077,0.24,1.666666666,0.076923076,0.576923076,0.346153846,0.222222222,0.111111111,0,0,0.189579202578618,-3.9858333590537125,0.6195617196053451,,,,,,,,2.64285714,15.409014004246933,,,,,,,,,,,,,,,,,,,,,,,,,,,,,,,,,,,,,,,,,,,,,,,,,,,,,,,,,,,,,,,,,,,,,,,,,,,,,,,,,,,,,,,,,,,,,,,,,,,,,,,,,,,,,,,,,,,,,,,,,,,,,,,,,,,,,,,,-0.03378136642277241,,"25 - 25",,,,0.57692308,0.34615385,0.07692308,0.23076923,0.57692308,0.19230769,0.35897436,,,,,,,,,,,,,,,,,,,,,,,,,,,,,,,,,,,,,,,,,,,,,,,,,,,,,,,,,,,,,,,,,,,,,,,,,,,,,,,,,,,,,,,,,,,,,,,,,,,,,,,,,,,,,,,,,,,,,,,,,,,,,"B",,,,,,,,,,,,,,,,,,,,,,,,,,,,,,,,,,,,,,,,,,,,,,,,,,,,,,,,,,,,,,,,,,,,,,,,,,,,,,,,,,,,,,,,,,,,,,,,,,,,,,,,,,,,,,,,,,,,,,,,,,"Ronny Mauricio",23698,677595
"Reese McGuire","CHW","Reese McGuire","CHW",2026,31,10,27,31,4,4,0,0,0,1,2,2,0,8,1,0,1,0,0,0,0.148148148,8,7,4,0,99,26,73,0,1,0,0.064516129,0.258064516,0.25,0.233333333,0.148148148,0.381481481,0,0.210526315,1.142857142,0.210526315,0.421052631,0.368421052,0,0,0,0,0.1895434041817983,-3.169121610410507,0.4915770418569489,,,,,,,,0.5595238025,13.76004540965054,,,,,,,,,,,,,,,,,,,,,,,,,,,,,,,,,,,,,,,,,,,,,,,,,,,,,,,,,,,,,,,,,,,,,,,,,,,,,,,,,,,,,,,,,,,,,,,,,,,,,,,,,,,,,,,,,,,,,,,,,,,,,,,,,,,,,,,,-0.03941159415990114,,"31 - 31",,,,0.35,0.4,0.25,0.3,0.65,0.05,0.32258065,,,,,,,,,,,,,,,,,,,,,,,,,,,,,,,,,,,,,,,,,,,,,,,,,,,,,,,,,,,,,,,,,,,,,,,,,,,,,,,,,,,,,,,,,,,,,,,,,,,,,,,,,,,,,,,,,,,,,,,,,,,,,"L",,,,,,,,,,,,,,,,,,,,,,,,,,,,,,,,,,,,,,,,,,,,,,,,,,,,,,,,,,,,,,,,,,,,,,,,,,,,,,,,,,,,,,,,,,,,,,,,,,,,,,,,,,,,,,,,,,,,,,,,,,"Reese McGuire",15674,624512
"Patrick Wisdom","SEA","Patrick Wisdom","SEA",2026,34,14,25,26,3,1,1,0,1,2,3,1,0,9,0,0,0,0,0,0,0.12,3,11,2,0,98,32,66,0,0,0,0.038461538,0.346153846,0.111111111,0.153846153,0.28,0.433846153,0.16,0.133333333,0.272727272,0.125,0.1875,0.6875,0,0.09090909,0,0,0.18856083659025338,-2.6785782793267856,0.39168510644591936,,,,,,,,1.60119047125,19.68869173883341,,,,,,,,,,,,,,,,,,,,,,,,,,,,,,,,,,,,,,,,,,,,,,,,,,,,,,,,,,,,,,,,,,,,,,,,,,,,,,,,,,,,,,,,,,,,,,,,,,,,,,,,,,,,,,,,,,,,,,,,,,,,,,,,,,,,,,,,-0.01126045547425747,,"34 - 34",,,,0.3125,0.1875,0.5,0.125,0.3125,0.5625,0.42307692,,,,,,,,,,,,,,,,,,,,,,,,,,,,,,,,,,,,,,,,,,,,,,,,,,,,,,,,,,,,,,,,,,,,,,,,,,,,,,,,,,,,,,,,,,,,,,,,,,,,,,,,,,,,,,,,,,,,,,,,,,,,,"R",,,,,,,,,,,,,,,,,,,,,,,,,,,,,,,,,,,,,,,,,,,,,,,,,,,,,,,,,,,,,,,,,,,,,,,,,,,,,,,,,,,,,,,,,,,,,,,,,,,,,,,,,,,,,,,,,,,,,,,,,,"Patrick Wisdom",13602,621550
"Billy Cook","PIT","Billy Cook","PIT",2026,27,27,19,19,4,4,0,0,0,6,1,0,0,7,0,0,0,0,4,1,0.210526315,5,6,1,2,59,11,48,1,0,0,0,0.368421052,0,0.210526315,0.210526315,0.42105263,0,0.333333333,0.833333333,0.083333333,0.416666666,0.5,0.333333333,0,0.2,0,0.18742316647579796,-1.9748572470847752,0.26879676559527865,,,,,,,,6.921161827315434,8.956599781436777,,,,,,,,,,,,,,,,,,,,,,,,,,,,,,,,,,,,,,,,,,,,,,,,,,,,,,,,,,,,,,,,,,,,,,,,,,,,,,,,,,,,,,,,,,,,,,,,,,,,,,,,,,,,,,,,,,,,,,,,,,,,,,,,,,,,,,,,0.3665808327496052,,"27 - 27",,,,0.25,0.66666667,0.08333333,0.16666667,0.5,0.33333333,0.36842105,,,,,,,,,,,,,,,,,,,,,,,,,,,,,,,,,,,,,,,,,,,,,,,,,,,,,,,,,,,,,,,,,,,,,,,,,,,,,,,,,,,,,,,,,,,,,,,,,,,,,,,,,,,,,,,,,,,,,,,,,,,,,"R",,,,,,,,,,,,,,,,,,,,,,,,,,,,,,,,,,,,,,,,,,,,,,,,,,,,,,,,,,,,,,,,,,,,,,,,,,,,,,,,,,,,,,,,,,,,,,,,,,,,,,,,,,,,,,,,,,,,,,,,,,"Billy Cook",29573,695257
"Lucas Spence","HOU","Lucas Spence","HOU",2026,23,11,25,28,3,2,1,0,0,4,3,2,0,11,1,0,0,0,0,1,0.12,8,4,2,0,115,37,78,0,0,0,0.071428571,0.392857142,0.181818181,0.214285714,0.16,0.374285714,0.04,0.214285714,2,0.142857142,0.571428571,0.285714285,0,0,0,0,0.18457093622003282,-2.974730808582396,0.33170668378820956,,,,,,,,4.285714285714286,10.779214961502275,,,,,,,,,,,,,,,,,,,,,,,,,,,,,,,,,,,,,,,,,,,,,,,,,,,,,,,,,,,,,,,,,,,,,,,,,,,,,,,,,,,,,,,,,,,,,,,,,,,,,,,,,,,,,,,,,,,,,,,,,,,,,,,,,,,,,,,,-0.4390494069084525,,"23 - 23",,,,0.5,0.21428571,0.28571429,0,0.64285714,0.35714286,0.46428571,,,,,,,,,,,,,,,,,,,,,,,,,,,,,,,,,,,,,,,,,,,,,,,,,,,,,,,,,,,,,,,,,,,,,,,,,,,,,,,,,,,,,,,,,,,,,,,,,,,,,,,,,,,,,,,,,,,,,,,,,,,,,"L",,,,,,,,,,,,,,,,,,,,,,,,,,,,,,,,,,,,,,,,,,,,,,,,,,,,,,,,,,,,,,,,,,,,,,,,,,,,,,,,,,,,,,,,,,,,,,,,,,,,,,,,,,,,,,,,,,,,,,,,,,"Lucas Spence",35126,828599
"Austin Wynns","- - -","Austin Wynns","- - -",2026,35,23,48,52,8,8,0,0,0,1,0,3,0,14,0,0,1,0,0,0,0.166666666,15,10,9,2,207,60,147,1,1,0,0.057692307,0.269230769,0.214285714,0.215686274,0.166666666,0.38235294,0,0.235294117,1.5,0.264705882,0.44117647,0.294117647,0.2,0,0.066666666,0,0.18071268586551442,-5.5659143761209044,0.5746123954245053,,,,,,,,0.14285714,8.19821107148741,,,,,,,,,,,,,,,,,,,,,,,,,,,,,,,,,,,,,,,,,,,,,,,,,,,,,,,,,,,,,,,,,,,,,,,,,,,,,,,,,,,,,,,,,,,,,,,,,,,,,,,,,,,,,,,,,,,,,,,,,,,,,,,,,,,,,,,,-0.06193250510841608,,"35 - 35",,,,0.34285714,0.45714286,0.2,0.22857143,0.6,0.17142857,0.32692308,,,,,,,,,,,,,,,,,,,,,,,,,,,,,,,,,,,,,,,,,,,,,,,,,,,,,,,,,,,,,,,,,,,,,,,,,,,,,,,,,,,,,,,,,,,,,,,,,,,,,,,,,,,,,,,,,,,,,,,,,,,,,"R",,,,,,,,,,,,,,,,,,,,,,,,,,,,,,,,,,,,,,,,,,,,,,,,,,,,,,,,,,,,,,,,,,,,,,,,,,,,,,,,,,,,,,,,,,,,,,,,,,,,,,,,,,,,,,,,,,,,,,,,,,"Austin Wynns",15271,642851
"Joshua Báez","STL","Joshua Báez","STL",2026,23,12,28,31,3,1,1,0,1,1,2,2,0,11,0,1,0,0,1,1,0.107142857,5,11,2,1,107,31,76,1,0,0,0.064516129,0.354838709,0.181818181,0.161290322,0.25,0.411290322,0.142857143,0.117647058,0.454545454,0.111111111,0.277777777,0.611111111,0.09090909,0.09090909,0.2,0,0.1806667947000073,-3.3910701533694225,0.26962849889803353,,,,,,,,2.9453069871890327,9.207867611871112,,,,,,,,,,,,,,,,,,,,,,,,,,,,,,,,,,,,,,,,,,,,,,,,,,,,,,,,,,,,,,,,,,,,,,,,,,,,,,,,,,,,,,,,,,,,,,,,,,,,,,,,,,,,,,,,,,,,,,,,,,,,,,,,,,,,,,,,-0.2277889484539628,,"23 - 23",,,,0.5,0.33333333,0.16666667,0.11111111,0.44444444,0.44444444,0.4516129,,,,,,,,,,,,,,,,,,,,,,,,,,,,,,,,,,,,,,,,,,,,,,,,,,,,,,,,,,,,,,,,,,,,,,,,,,,,,,,,,,,,,,,,,,,,,,,,,,,,,,,,,,,,,,,,,,,,,,,,,,,,,"R",,,,,,,,,,,,,,,,,,,,,,,,,,,,,,,,,,,,,,,,,,,,,,,,,,,,,,,,,,,,,,,,,,,,,,,,,,,,,,,,,,,,,,,,,,,,,,,,,,,,,,,,,,,,,,,,,,,,,,,,,,"Joshua Baez",29596,695491
"Juan Brito","CLE","Juan Brito","CLE",2026,24,14,33,36,4,2,2,0,0,4,1,2,0,9,1,0,0,0,0,0,0.121212121,12,8,4,2,150,45,105,0,0,0,0.055555555,0.25,0.222222222,0.194444444,0.181818181,0.376262625,0.06060606,0.166666666,1.5,0.166666666,0.5,0.333333333,0.25,0,0,0,0.1786163995663325,-3.997553487092168,0.2535804316700393,,,,,,,,2.64285714,6.337954823544469,,,,,,,,,,,,,,,,,,,,,,,,,,,,,,,,,,,,,,,,,,,,,,,,,,,,,,,,,,,,,,,,,,,,,,,,,,,,,,,,,,,,,,,,,,,,,,,,,,,,,,,,,,,,,,,,,,,,,,,,,,,,,,,,,,,,,,,,-0.028151138685643673,,"24 - 24",,,,0.58333333,0.33333333,0.08333333,0.33333333,0.33333333,0.33333333,0.30555556,,,,,,,,,,,,,,,,,,,,,,,,,,,,,,,,,,,,,,,,,,,,,,,,,,,,,,,,,,,,,,,,,,,,,,,,,,,,,,,,,,,,,,,,,,,,,,,,,,,,,,,,,,,,,,,,,,,,,,,,,,,,,"B",,,,,,,,,,,,,,,,,,,,,,,,,,,,,,,,,,,,,,,,,,,,,,,,,,,,,,,,,,,,,,,,,,,,,,,,,,,,,,,,,,,,,,,,,,,,,,,,,,,,,,,,,,,,,,,,,,,,,,,,,,"Juan Brito",26693,682877
"Collin Price","HOU","Collin Price","HOU",2026,26,5,10,11,1,0,1,0,0,0,0,1,0,5,0,0,0,0,0,0,0.1,2,2,1,0,43,14,29,0,0,0,0.09090909,0.454545454,0.2,0.181818181,0.2,0.381818181,0.1,0.2,1,0.2,0.4,0.4,0,0,0,0,0.17820845950733533,-1.225094042842749,0.07386354344570321,,,,,,,,0.14285714,6.35137695860738,,,,,,,,,,,,,,,,,,,,,,,,,,,,,,,,,,,,,,,,,,,,,,,,,,,,,,,,,,,,,,,,,,,,,,,,,,,,,,,,,,,,,,,,,,,,,,,,,,,,,,,,,,,,,,,,,,,,,,,,,,,,,,,,,,,,,,,,-0.005630227737128735,,"26 - 26",,,,0.4,0.2,0.4,0,0.2,0.8,0.54545455,,,,,,,,,,,,,,,,,,,,,,,,,,,,,,,,,,,,,,,,,,,,,,,,,,,,,,,,,,,,,,,,,,,,,,,,,,,,,,,,,,,,,,,,,,,,,,,,,,,,,,,,,,,,,,,,,,,,,,,,,,,,,"R",,,,,,,,,,,,,,,,,,,,,,,,,,,,,,,,,,,,,,,,,,,,,,,,,,,,,,,,,,,,,,,,,,,,,,,,,,,,,,,,,,,,,,,,,,,,,,,,,,,,,,,,,,,,,,,,,,,,,,,,,,"Collin Price",31415,805672
"Ali Sánchez","NYY","Ali Sánchez","NYY",2026,29,23,30,33,5,5,0,0,0,3,1,1,0,10,1,1,0,1,0,1,0.166666666,10,6,5,0,113,37,76,0,0,0,0.03030303,0.303030303,0.1,0.212121212,0.166666666,0.378787878,0,0.238095238,1.666666666,0.238095238,0.476190476,0.285714285,0,0,0,0,0.17813555399576822,-3.6772226470491804,0.21965011181617583,,,,,,,,3.9580296058834517,5.698870915909925,,,,,,,,,,,,,,,,,,,,,,,,,,,,,,,,,,,,,,,,,,,,,,,,,,,,,,,,,,,,,,,,,,,,,,,,,,,,,,,,,,,,,,,,,,,,,,,,,,,,,,,,,,,,,,,,,,,,,,,,,,,,,,,,,,,,,,,,-0.45030986238271,,"29 - 29",,,,0.42857143,0.28571429,0.28571429,0.14285714,0.61904762,0.23809524,0.33333333,,,,,,,,,,,,,,,,,,,,,,,,,,,,,,,,,,,,,,,,,,,,,,,,,,,,,,,,,,,,,,,,,,,,,,,,,,,,,,,,,,,,,,,,,,,,,,,,,,,,,,,,,,,,,,,,,,,,,,,,,,,,,"R",,,,,,,,,,,,,,,,,,,,,,,,,,,,,,,,,,,,,,,,,,,,,,,,,,,,,,,,,,,,,,,,,,,,,,,,,,,,,,,,,,,,,,,,,,,,,,,,,,,,,,,,,,,,,,,,,,,,,,,,,,"Ali Sanchez",18551,645305
"Kyle Farmer","ATL","Kyle Farmer","ATL",2026,35,5,4,5,1,1,0,0,0,1,1,0,0,1,0,1,0,0,0,0,0.25,1,1,2,0,13,2,11,0,0,0,0,0.2,0,0.2,0.25,0.45,0,0.25,1,0.5,0.25,0.25,0,0,0,0,0.17805200815200806,-0.5574918754849013,0.03294339100984971,,,,,,,,2.64285714,5.930974542649184,,,,,,,,,,,,,,,,,,,,,,,,,,,,,,,,,,,,,,,,,,,,,,,,,,,,,,,,,,,,,,,,,,,,,,,,,,,,,,,,,,,,,,,,,,,,,,,,,,,,,,,,,,,,,,,,,,,,,,,,,,,,,,,,,,,,,,,,-0.005630227737128735,,"35 - 35",,,,0.75,0,0.25,0.25,0.25,0.5,0.2,,,,,,,,,,,,,,,,,,,,,,,,,,,,,,,,,,,,,,,,,,,,,,,,,,,,,,,,,,,,,,,,,,,,,,,,,,,,,,,,,,,,,,,,,,,,,,,,,,,,,,,,,,,,,,,,,,,,,,,,,,,,,"R",,,,,,,,,,,,,,,,,,,,,,,,,,,,,,,,,,,,,,,,,,,,,,,,,,,,,,,,,,,,,,,,,,,,,,,,,,,,,,,,,,,,,,,,,,,,,,,,,,,,,,,,,,,,,,,,,,,,,,,,,,"Kyle Farmer",14813,571657
"Trey Mancini","LAA","Trey Mancini","LAA",2026,34,4,9,10,2,2,0,0,0,1,2,0,0,1,0,1,0,1,0,0,0.222222222,6,2,1,0,37,11,26,0,0,0,0,0.1,0,0.2,0.222222222,0.422222222,0,0.222222222,3,0.111111111,0.666666666,0.222222222,0,0,0,0,0.17805200815200806,-1.1149837509698026,0.06588678201969941,,,,,,,,2.64285714,6.309778844774751,,,,,,,,,,,,,,,,,,,,,,,,,,,,,,,,,,,,,,,,,,,,,,,,,,,,,,,,,,,,,,,,,,,,,,,,,,,,,,,,,,,,,,,,,,,,,,,,,,,,,,,,,,,,,,,,,,,,,,,,,,,,,,,,,,,,,,,,-0.01126045547425747,,"34 - 34",,,,0.44444444,0.33333333,0.22222222,0.11111111,0.44444444,0.44444444,0.1,,,,,,,,,,,,,,,,,,,,,,,,,,,,,,,,,,,,,,,,,,,,,,,,,,,,,,,,,,,,,,,,,,,,,,,,,,,,,,,,,,,,,,,,,,,,,,,,,,,,,,,,,,,,,,,,,,,,,,,,,,,,,"R",,,,,,,,,,,,,,,,,,,,,,,,,,,,,,,,,,,,,,,,,,,,,,,,,,,,,,,,,,,,,,,,,,,,,,,,,,,,,,,,,,,,,,,,,,,,,,,,,,,,,,,,,,,,,,,,,,,,,,,,,,"Trey Mancini",15149,641820
"Jared Oliva","SFG","Jared Oliva","SFG",2026,30,5,5,5,1,1,0,0,0,1,0,0,0,1,0,0,0,0,1,0,0.2,1,2,1,0,16,3,13,0,0,0,0,0.2,0,0.2,0.2,0.4,0,0.25,0.5,0.25,0.25,0.5,0,0,0,0,0.17805200815200806,-0.5574918754849013,0.03294339100984971,,,,,,,,7.5,8.252157707883406,,,,,,,,,,,,,,,,,,,,,,,,,,,,,,,,,,,,,,,,,,,,,,,,,,,,,,,,,,,,,,,,,,,,,,,,,,,,,,,,,,,,,,,,,,,,,,,,,,,,,,,,,,,,,,,,,,,,,,,,,,,,,,,,,,,,,,,,0.1943697752431035,,"30 - 30",,,,0.25,0.5,0.25,0.25,0.5,0.25,0.2,,,,,,,,,,,,,,,,,,,,,,,,,,,,,,,,,,,,,,,,,,,,,,,,,,,,,,,,,,,,,,,,,,,,,,,,,,,,,,,,,,,,,,,,,,,,,,,,,,,,,,,,,,,,,,,,,,,,,,,,,,,,,"R",,,,,,,,,,,,,,,,,,,,,,,,,,,,,,,,,,,,,,,,,,,,,,,,,,,,,,,,,,,,,,,,,,,,,,,,,,,,,,,,,,,,,,,,,,,,,,,,,,,,,,,,,,,,,,,,,,,,,,,,,,"Jared Oliva",19968,666931
"Jonathan Ornelas","- - -","Jonathan Ornelas","- - -",2026,26,4,5,5,1,1,0,0,0,1,1,0,0,4,0,0,0,0,0,0,0.2,0,0,1,0,17,4,13,0,0,0,0,0.8,0,0.2,0.2,0.4,0,1,0,1,0,0,0,0,0,0,0.17805200815200806,-0.5574918754849012,0.03294339100984972,,,,,,,,2.64285714,9.574016850821153,,,,,,,,,,,,,,,,,,,,,,,,,,,,,,,,,,,,,,,,,,,,,,,,,,,,,,,,,,,,,,,,,,,,,,,,,,,,,,,,,,,,,,,,,,,,,,,,,,,,,,,,,,,,,,,,,,,,,,,,,,,,,,,,,,,,,,,,-0.005630227737128735,,"26 - 26",,,,1,0,0,0,0,1,0.8,,,,,,,,,,,,,,,,,,,,,,,,,,,,,,,,,,,,,,,,,,,,,,,,,,,,,,,,,,,,,,,,,,,,,,,,,,,,,,,,,,,,,,,,,,,,,,,,,,,,,,,,,,,,,,,,,,,,,,,,,,,,,"R",,,,,,,,,,,,,,,,,,,,,,,,,,,,,,,,,,,,,,,,,,,,,,,,,,,,,,,,,,,,,,,,,,,,,,,,,,,,,,,,,,,,,,,,,,,,,,,,,,,,,,,,,,,,,,,,,,,,,,,,,,"Jonathan Ornelas",24597,680716
"Bo Naylor","CLE","Bo Naylor","CLE",2026,26,26,71,77,8,6,0,0,2,3,4,6,0,18,0,0,0,2,0,0,0.112676056,17,29,7,4,329,123,206,0,0,0,0.077922077,0.233766233,0.333333333,0.181818181,0.197183098,0.379001279,0.084507042,0.117647058,0.586206896,0.132075471,0.320754716,0.547169811,0.137931034,0.068965517,0,0,0.17706689432069853,-8.646556454599011,0.44614664942015403,,,,,,,,0.14285714,5.259607739206892,,,,,,,,,,,,,,,,,,,,,,,,,,,,,,,,,,,,,,,,,,,,,,,,,,,,,,,,,,,,,,,,,,,,,,,,,,,,,,,,,,,,,,,,,,,,,,,,,,,,,,,,,,,,,,,,,,,,,,,,,,,,,,,,,,,,,,,,-0.06756273284554482,,"26 - 26",,,,0.37735849,0.41509434,0.20754717,0.16981132,0.45283019,0.37735849,0.33766234,,,,,,,,,,,,,,,,,,,,,,,,,,,,,,,,,,,,,,,,,,,,,,,,,,,,,,,,,,,,,,,,,,,,,,,,,,,,,,,,,,,,,,,,,,,,,,,,,,,,,,,,,,,,,,,,,,,,,,,,,,,,,"L",,,,,,,,,,,,,,,,,,,,,,,,,,,,,,,,,,,,,,,,,,,,,,,,,,,,,,,,,,,,,,,,,,,,,,,,,,,,,,,,,,,,,,,,,,,,,,,,,,,,,,,,,,,,,,,,,,,,,,,,,,"Bo Naylor",21865,666310
"Miles Mastrobuoni","SEA","Miles Mastrobuoni","SEA",2026,30,10,25,28,4,4,0,0,0,2,1,2,0,10,0,1,0,0,0,0,0.16,7,7,2,0,102,36,66,0,0,0,0.071428571,0.357142857,0.2,0.214285714,0.16,0.374285714,0,0.25,1,0.125,0.4375,0.4375,0,0,0,0,0.17704349756240845,-3.1447307403152194,0.16170675205538598,,,,,,,,1.60119047125,11.673430741815887,,,,,,,,,,,,,,,,,,,,,,,,,,,,,,,,,,,,,,,,,,,,,,,,,,,,,,,,,,,,,,,,,,,,,,,,,,,,,,,,,,,,,,,,,,,,,,,,,,,,,,,,,,,,,,,,,,,,,,,,,,,,,,,,,,,,,,,,-0.03378136642277241,,"30 - 30",,,,0.3125,0.5625,0.125,0,0.8125,0.1875,0.42857143,,,,,,,,,,,,,,,,,,,,,,,,,,,,,,,,,,,,,,,,,,,,,,,,,,,,,,,,,,,,,,,,,,,,,,,,,,,,,,,,,,,,,,,,,,,,,,,,,,,,,,,,,,,,,,,,,,,,,,,,,,,,,"L",,,,,,,,,,,,,,,,,,,,,,,,,,,,,,,,,,,,,,,,,,,,,,,,,,,,,,,,,,,,,,,,,,,,,,,,,,,,,,,,,,,,,,,,,,,,,,,,,,,,,,,,,,,,,,,,,,,,,,,,,,"Miles Mastrobuoni",20017,670156
"Luke Maile","KCR","Luke Maile","KCR",2026,35,6,8,9,1,1,0,0,0,1,0,1,0,2,0,0,0,2,0,0,0.125,4,1,1,0,24,8,16,0,0,0,0.111111111,0.222222222,0.5,0.222222222,0.125,0.347222222,0,0.166666666,4,0.166666666,0.666666666,0.166666666,0,0,0,0,0.17648321390151978,-1.0148734946727085,0.047909985017843354,,,,,,,,2.64285714,1.9530440501772555,,,,,,,,,,,,,,,,,,,,,,,,,,,,,,,,,,,,,,,,,,,,,,,,,,,,,,,,,,,,,,,,,,,,,,,,,,,,,,,,,,,,,,,,,,,,,,,,,,,,,,,,,,,,,,,,,,,,,,,,,,,,,,,,,,,,,,,,-0.01126045547425747,,"35 - 35",,,,0.5,0.33333333,0.16666667,0,0.83333333,0.16666667,0.33333333,,,,,,,,,,,,,,,,,,,,,,,,,,,,,,,,,,,,,,,,,,,,,,,,,,,,,,,,,,,,,,,,,,,,,,,,,,,,,,,,,,,,,,,,,,,,,,,,,,,,,,,,,,,,,,,,,,,,,,,,,,,,,"R",,,,,,,,,,,,,,,,,,,,,,,,,,,,,,,,,,,,,,,,,,,,,,,,,,,,,,,,,,,,,,,,,,,,,,,,,,,,,,,,,,,,,,,,,,,,,,,,,,,,,,,,,,,,,,,,,,,,,,,,,,"Luke Maile",13355,571912
"Daniel Johnson","HOU","Daniel Johnson","HOU",2026,30,5,11,13,1,1,0,0,0,1,0,2,0,3,0,0,0,1,0,0,0.09090909,4,3,1,0,46,19,27,0,0,0,0.153846153,0.23076923,0.666666666,0.23076923,0.09090909,0.32167832,0,0.125,1.333333333,0.125,0.5,0.375,0,0,0,0,0.17587983149748582,-1.4722551138605156,0.06287657902583693,,,,,,,,1.60119047125,4.730815019883087,,,,,,,,,,,,,,,,,,,,,,,,,,,,,,,,,,,,,,,,,,,,,,,,,,,,,,,,,,,,,,,,,,,,,,,,,,,,,,,,,,,,,,,,,,,,,,,,,,,,,,,,,,,,,,,,,,,,,,,,,,,,,,,,,,,,,,,,-0.016890683211386204,,"30 - 30",,,,0.5,0.375,0.125,0.125,0.5,0.375,0.38461538,,,,,,,,,,,,,,,,,,,,,,,,,,,,,,,,,,,,,,,,,,,,,,,,,,,,,,,,,,,,,,,,,,,,,,,,,,,,,,,,,,,,,,,,,,,,,,,,,,,,,,,,,,,,,,,,,,,,,,,,,,,,,"L",,,,,,,,,,,,,,,,,,,,,,,,,,,,,,,,,,,,,,,,,,,,,,,,,,,,,,,,,,,,,,,,,,,,,,,,,,,,,,,,,,,,,,,,,,,,,,,,,,,,,,,,,,,,,,,,,,,,,,,,,,"Daniel Johnson",19643,669288
"Ramón Urías","STL","Ramón Urías","STL",2026,32,20,50,58,5,3,2,0,0,6,2,5,0,10,2,1,0,1,0,0,0.1,17,21,3,3,203,68,135,2,0,0,0.086206896,0.172413793,0.5,0.206896551,0.14,0.346896551,0.04,0.121951219,0.809523809,0.073170731,0.414634146,0.512195121,0.142857142,0,0.117647058,0,0.17489312537785234,-6.614682125432187,0.23436696590692466,,,,,,,,2.64285714,5.334438476338082,,,,,,,,,,,,,,,,,,,,,,,,,,,,,,,,,,,,,,,,,,,,,,,,,,,,,,,,,,,,,,,,,,,,,,,,,,,,,,,,,,,,,,,,,,,,,,,,,,,,,,,,,,,,,,,,,,,,,,,,,,,,,,,,,,,,,,,,-0.056302277371287346,,"32 - 32",,,,0.34146341,0.3902439,0.26829268,0.09756098,0.80487805,0.09756098,0.25862069,,,,,,,,,,,,,,,,,,,,,,,,,,,,,,,,,,,,,,,,,,,,,,,,,,,,,,,,,,,,,,,,,,,,,,,,,,,,,,,,,,,,,,,,,,,,,,,,,,,,,,,,,,,,,,,,,,,,,,,,,,,,,"R",,,,,,,,,,,,,,,,,,,,,,,,,,,,,,,,,,,,,,,,,,,,,,,,,,,,,,,,,,,,,,,,,,,,,,,,,,,,,,,,,,,,,,,,,,,,,,,,,,,,,,,,,,,,,,,,,,,,,,,,,,"Ramon Urias",18795,602104
"Will Wilson","SEA","Will Wilson","SEA",2026,27,1,3,4,0,0,0,0,0,0,0,1,0,1,0,0,0,0,0,0,0,1,1,0,0,18,8,10,0,0,0,0.25,0.25,1,0.25,0,0.25,0,0,1,0,0.5,0.5,0,0,0,0,0.17452222108840942,-0.4573816191878071,0.014966594007993661,,,,,,,,0.14285714,9.91879897002515,,,,,,,,,,,,,,,,,,,,,,,,,,,,,,,,,,,,,,,,,,,,,,,,,,,,,,,,,,,,,,,,,,,,,,,,,,,,,,,,,,,,,,,,,,,,,,,,,,,,,,,,,,,,,,,,,,,,,,,,,,,,,,,,,,,,,,,,-0.005630227737128735,,"27 - 27",,,,1,0,0,0,1,0,0.5,,,,,,,,,,,,,,,,,,,,,,,,,,,,,,,,,,,,,,,,,,,,,,,,,,,,,,,,,,,,,,,,,,,,,,,,,,,,,,,,,,,,,,,,,,,,,,,,,,,,,,,,,,,,,,,,,,,,,,,,,,,,,"R",,,,,,,,,,,,,,,,,,,,,,,,,,,,,,,,,,,,,,,,,,,,,,,,,,,,,,,,,,,,,,,,,,,,,,,,,,,,,,,,,,,,,,,,,,,,,,,,,,,,,,,,,,,,,,,,,,,,,,,,,,"Will Wilson",25434,669717
"Denzel Clarke","ATH","Denzel Clarke","ATH",2026,26,13,30,35,4,4,0,0,0,2,5,3,0,16,0,0,2,1,2,0,0.133333333,11,3,0,1,140,49,91,0,2,0,0.085714285,0.457142857,0.1875,0.212121212,0.133333333,0.345454545,0,0.285714285,3.666666666,0,0.785714285,0.214285714,0.333333333,0,0,0,0.17137293382124466,-4.090993681894696,0.04205318356856044,,,,,,,,5.569723149666769,-7.123145365256913,,,,,,,,,,,,,,,,,,,,,,,,,,,,,,,,,,,,,,,,,,,,,,,,,,,,,,,,,,,,,,,,,,,,,,,,,,,,,,,,,,,,,,,,,,,,,,,,,,,,,,,,,,,,,,,,,,,,,,,,,,,,,,,,,,,,,,,,0.36058841180056334,,"26 - 26",,,,0.5625,0.25,0.1875,0.125,0.6875,0.1875,0.54285714,,,,,,,,,,,,,,,,,,,,,,,,,,,,,,,,,,,,,,,,,,,,,,,,,,,,,,,,,,,,,,,,,,,,,,,,,,,,,,,,,,,,,,,,,,,,,,,,,,,,,,,,,,,,,,,,,,,,,,,,,,,,,"R",,,,,,,,,,,,,,,,,,,,,,,,,,,,,,,,,,,,,,,,,,,,,,,,,,,,,,,,,,,,,,,,,,,,,,,,,,,,,,,,,,,,,,,,,,,,,,,,,,,,,,,,,,,,,,,,,,,,,,,,,,"Denzel Clarke",29858,672016
"Garrett Stubbs","PHI","Garrett Stubbs","PHI",2026,33,22,45,49,7,7,0,0,0,7,3,1,0,9,2,1,0,0,0,0,0.155555555,16,15,4,1,185,64,121,2,2,0,0.020408163,0.183673469,0.111111111,0.204081632,0.155555555,0.359637187,0,0.189189189,1.066666666,0.114285714,0.457142857,0.428571428,0.066666666,0,0.125,0,0.1711852562670805,-5.734808558165509,0.051457053483050755,,,,,,,,2.64285714,-2.1601636409494045,,,,,,,,,,,,,,,,,,,,,,,,,,,,,,,,,,,,,,,,,,,,,,,,,,,,,,,,,,,,,,,,,,,,,,,,,,,,,,,,,,,,,,,,,,,,,,,,,,,,,,,,,,,,,,,,,,,,,,,,,,,,,,,,,,,,,,,,-0.056302277371287346,,"33 - 33",,,,0.27027027,0.40540541,0.32432432,0.21621622,0.67567568,0.10810811,0.20408163,,,,,,,,,,,,,,,,,,,,,,,,,,,,,,,,,,,,,,,,,,,,,,,,,,,,,,,,,,,,,,,,,,,,,,,,,,,,,,,,,,,,,,,,,,,,,,,,,,,,,,,,,,,,,,,,,,,,,,,,,,,,,"L",,,,,,,,,,,,,,,,,,,,,,,,,,,,,,,,,,,,,,,,,,,,,,,,,,,,,,,,,,,,,,,,,,,,,,,,,,,,,,,,,,,,,,,,,,,,,,,,,,,,,,,,,,,,,,,,,,,,,,,,,,"Garrett Stubbs",18067,596117
"Addison Barger","TOR","Addison Barger","TOR",2026,26,9,19,24,1,0,1,0,0,2,2,4,0,6,0,1,0,1,0,0,0.052631578,5,7,2,0,94,39,55,0,0,0,0.166666666,0.25,0.666666666,0.208333333,0.105263157,0.31359649,0.052631579,0.071428571,0.714285714,0.142857142,0.357142857,0.5,0,0,0,0,0.16893998781840006,-2.8523491552610007,-0.018259876086195836,,,,,,,,2.01785714,0.016870869718387083,,,,,,,,,,,,,,,,,,,,,,,,,,,,,,,,,,,,,,,,,,,,,,,,,,,,,,,,,,,,,,,,,,,,,,,,,,,,,,,,,,,,,,,,,,,,,,,,,,,,,,,,,,,,,,,,,,,,,,,,,,,,,,,,,,,,,,,,-0.02252091094851494,,"26 - 26",,,,0.35714286,0.5,0.14285714,0.14285714,0.64285714,0.21428571,0.41666667,,,,,,,,,,,,,,,,,,,,,,,,,,,,,,,,,,,,,,,,,,,,,,,,,,,,,,,,,,,,,,,,,,,,,,,,,,,,,,,,,,,,,,,,,,,,,,,,,,,,,,,,,,,,,,,,,,,,,,,,,,,,,"L",,,,,,,,,,,,,,,,,,,,,,,,,,,,,,,,,,,,,,,,,,,,,,,,,,,,,,,,,,,,,,,,,,,,,,,,,,,,,,,,,,,,,,,,,,,,,,,,,,,,,,,,,,,,,,,,,,,,,,,,,,"Addison Barger",24598,680718
"César Salazar","HOU","César Salazar","HOU",2026,30,6,13,17,0,0,0,0,0,0,1,3,0,3,1,0,0,0,0,0,0,4,3,2,0,71,29,42,0,1,0,0.176470588,0.176470588,1,0.235294117,0,0.235294117,0,0,1.333333333,0.222222222,0.444444444,0.333333333,0,0,0,0,0.16607946157455444,-2.059636762855118,-0.05215685677296461,,,,,,,,0.14285714,-2.0895557801517666,,,,,,,,,,,,,,,,,,,,,,,,,,,,,,,,,,,,,,,,,,,,,,,,,,,,,,,,,,,,,,,,,,,,,,,,,,,,,,,,,,,,,,,,,,,,,,,,,,,,,,,,,,,,,,,,,,,,,,,,,,,,,,,,,,,,,,,,-0.02252091094851494,,"30 - 30",,,,0.6,0.3,0.1,0,0.6,0.4,0.35294118,,,,,,,,,,,,,,,,,,,,,,,,,,,,,,,,,,,,,,,,,,,,,,,,,,,,,,,,,,,,,,,,,,,,,,,,,,,,,,,,,,,,,,,,,,,,,,,,,,,,,,,,,,,,,,,,,,,,,,,,,,,,,"L",,,,,,,,,,,,,,,,,,,,,,,,,,,,,,,,,,,,,,,,,,,,,,,,,,,,,,,,,,,,,,,,,,,,,,,,,,,,,,,,,,,,,,,,,,,,,,,,,,,,,,,,,,,,,,,,,,,,,,,,,,"Cesar Salazar",21587,663967
"Shay Whitcomb","- - -","Shay Whitcomb","- - -",2026,27,19,34,36,3,1,0,0,2,2,7,1,0,13,0,0,1,0,0,0,0.088235294,8,12,2,2,128,38,90,0,0,0,0.027777777,0.361111111,0.076923076,0.114285714,0.264705882,0.378991596,0.176470588,0.052631578,0.666666666,0.09090909,0.363636363,0.545454545,0.166666666,0.166666666,0,0,0.16264017820358276,-4.505518938152201,-0.25438501938999325,,,,,,,,0.14285714,-3.4478843136684723,,,,,,,,,,,,,,,,,,,,,,,,,,,,,,,,,,,,,,,,,,,,,,,,,,,,,,,,,,,,,,,,,,,,,,,,,,,,,,,,,,,,,,,,,,,,,,,,,,,,,,,,,,,,,,,,,,,,,,,,,,,,,,,,,,,,,,,,-0.01126045547425747,,"27 - 27",,,,0.27272727,0.45454545,0.27272727,0.27272727,0.5,0.22727273,0.44444444,,,,,,,,,,,,,,,,,,,,,,,,,,,,,,,,,,,,,,,,,,,,,,,,,,,,,,,,,,,,,,,,,,,,,,,,,,,,,,,,,,,,,,,,,,,,,,,,,,,,,,,,,,,,,,,,,,,,,,,,,,,,,"R",,,,,,,,,,,,,,,,,,,,,,,,,,,,,,,,,,,,,,,,,,,,,,,,,,,,,,,,,,,,,,,,,,,,,,,,,,,,,,,,,,,,,,,,,,,,,,,,,,,,,,,,,,,,,,,,,,,,,,,,,,"Shay Whitcomb",27789,694376
"Sam Haggerty","TEX","Sam Haggerty","TEX",2026,32,12,11,11,2,2,0,0,0,2,1,0,0,3,0,0,0,1,2,0,0.181818181,7,1,0,0,39,10,29,1,0,0,0,0.272727272,0,0.181818181,0.181818181,0.363636362,0,0.25,7,0,0.875,0.125,0,0,0.142857142,0,0.16186546195637097,-1.3700940058246323,-0.07113641953618018,,,,,,,,7.5,-3.615370377146844,,,,,,,,,,,,,,,,,,,,,,,,,,,,,,,,,,,,,,,,,,,,,,,,,,,,,,,,,,,,,,,,,,,,,,,,,,,,,,,,,,,,,,,,,,,,,,,,,,,,,,,,,,,,,,,,,,,,,,,,,,,,,,,,,,,,,,,,0.388739550486207,,"32 - 32",,,,0.5,0.375,0.125,0.25,0.375,0.375,0.27272727,,,,,,,,,,,,,,,,,,,,,,,,,,,,,,,,,,,,,,,,,,,,,,,,,,,,,,,,,,,,,,,,,,,,,,,,,,,,,,,,,,,,,,,,,,,,,,,,,,,,,,,,,,,,,,,,,,,,,,,,,,,,,"B",,,,,,,,,,,,,,,,,,,,,,,,,,,,,,,,,,,,,,,,,,,,,,,,,,,,,,,,,,,,,,,,,,,,,,,,,,,,,,,,,,,,,,,,,,,,,,,,,,,,,,,,,,,,,,,,,,,,,,,,,,"Sam Haggerty",18054,664059
"Ha-Seong Kim","ATL","Ha-Seong Kim","ATL",2026,30,22,43,49,4,4,0,0,0,4,1,5,0,13,1,0,0,1,1,0,0.093023255,14,13,3,2,216,79,137,0,0,0,0.102040816,0.265306122,0.384615384,0.204081632,0.093023255,0.297104887,0,0.133333333,1.076923076,0.1,0.466666666,0.433333333,0.153846153,0,0,0,0.15878711792887473,-6.224808522589657,-0.43854291094109754,,,,,,,,5.304017490957451,-6.993421178593582,,,,,,,,,,,,,,,,,,,,,,,,,,,,,,,,,,,,,,,,,,,,,,,,,,,,,,,,,,,,,,,,,,,,,,,,,,,,,,,,,,,,,,,,,,,,,,,,,,,,,,,,,,,,,,,,,,,,,,,,,,,,,,,,,,,,,,,,0.1436977256089449,,"30 - 30",,,,0.46666667,0.33333333,0.2,0.23333333,0.63333333,0.13333333,0.36734694,,,,,,,,,,,,,,,,,,,,,,,,,,,,,,,,,,,,,,,,,,,,,,,,,,,,,,,,,,,,,,,,,,,,,,,,,,,,,,,,,,,,,,,,,,,,,,,,,,,,,,,,,,,,,,,,,,,,,,,,,,,,,"R",,,,,,,,,,,,,,,,,,,,,,,,,,,,,,,,,,,,,,,,,,,,,,,,,,,,,,,,,,,,,,,,,,,,,,,,,,,,,,,,,,,,,,,,,,,,,,,,,,,,,,,,,,,,,,,,,,,,,,,,,,"Ha-Seong Kim",27506,673490
"Jerar Encarnacion","SFG","Jerar Encarnacion","SFG",2026,28,7,17,17,3,3,0,0,0,0,0,0,0,3,0,0,0,0,0,0,0.176470588,8,6,0,0,74,20,54,1,0,0,0,0.176470588,0,0.176470588,0.176470588,0.352941176,0,0.214285714,1.333333333,0,0.571428571,0.428571428,0,0,0.125,0,0.15710471307530122,-2.1826961361643633,-0.1752162300822102,,,,,,,,0.14285714,-5.800926827003005,,,,,,,,,,,,,,,,,,,,,,,,,,,,,,,,,,,,,,,,,,,,,,,,,,,,,,,,,,,,,,,,,,,,,,,,,,,,,,,,,,,,,,,,,,,,,,,,,,,,,,,,,,,,,,,,,,,,,,,,,,,,,,,,,,,,,,,,-0.016890683211386204,,"28 - 28",,,,0.35714286,0.35714286,0.28571429,0.35714286,0.5,0.14285714,0.17647059,,,,,,,,,,,,,,,,,,,,,,,,,,,,,,,,,,,,,,,,,,,,,,,,,,,,,,,,,,,,,,,,,,,,,,,,,,,,,,,,,,,,,,,,,,,,,,,,,,,,,,,,,,,,,,,,,,,,,,,,,,,,,"R",,,,,,,,,,,,,,,,,,,,,,,,,,,,,,,,,,,,,,,,,,,,,,,,,,,,,,,,,,,,,,,,,,,,,,,,,,,,,,,,,,,,,,,,,,,,,,,,,,,,,,,,,,,,,,,,,,,,,,,,,,"Jerar Encarnacion",21871,666464
"Joey Meneses","ATH","Joey Meneses","ATH",2026,34,5,7,9,0,0,0,0,0,0,0,2,0,2,0,0,0,1,0,0,0,2,3,0,1,27,14,13,0,0,0,0.222222222,0.222222222,1,0.222222222,0,0.222222222,0,0,0.666666666,0,0.4,0.6,0.333333333,0,0,0,0.15513086318969727,-1.169873493230444,-0.10709001353989234,,,,,,,,0.14285714,-18.42648851848915,,,,,,,,,,,,,,,,,,,,,,,,,,,,,,,,,,,,,,,,,,,,,,,,,,,,,,,,,,,,,,,,,,,,,,,,,,,,,,,,,,,,,,,,,,,,,,,,,,,,,,,,,,,,,,,,,,,,,,,,,,,,,,,,,,,,,,,,-0.01126045547425747,,"34 - 34",,,,0.6,0,0.4,0.4,0.2,0.4,0.44444444,,,,,,,,,,,,,,,,,,,,,,,,,,,,,,,,,,,,,,,,,,,,,,,,,,,,,,,,,,,,,,,,,,,,,,,,,,,,,,,,,,,,,,,,,,,,,,,,,,,,,,,,,,,,,,,,,,,,,,,,,,,,,"R",,,,,,,,,,,,,,,,,,,,,,,,,,,,,,,,,,,,,,,,,,,,,,,,,,,,,,,,,,,,,,,,,,,,,,,,,,,,,,,,,,,,,,,,,,,,,,,,,,,,,,,,,,,,,,,,,,,,,,,,,,"Joey Meneses",14366,608841
"Brian Navarreto","MIA","Brian Navarreto","MIA",2026,31,11,13,18,1,1,0,0,0,3,0,2,0,5,0,0,3,0,0,0,0.076923076,5,2,0,1,63,22,41,0,4,0,0.111111111,0.277777777,0.4,0.2,0.076923076,0.276923076,0,0.125,2.5,0,0.714285714,0.285714285,0.5,0,0,0,0.15242918729782104,-2.3789707482842104,-0.25340378890310666,,,,,,,,2.64285714,-12.269495419651268,,,,,,,,,,,,,,,,,,,,,,,,,,,,,,,,,,,,,,,,,,,,,,,,,,,,,,,,,,,,,,,,,,,,,,,,,,,,,,,,,,,,,,,,,,,,,,,,,,,,,,,,,,,,,,,,,,,,,,,,,,,,,,,,,,,,,,,,-0.016890683211386204,,"31 - 31",,,,0.63636364,0.09090909,0.27272727,0.09090909,0.72727273,0.18181818,0.38888889,,,,,,,,,,,,,,,,,,,,,,,,,,,,,,,,,,,,,,,,,,,,,,,,,,,,,,,,,,,,,,,,,,,,,,,,,,,,,,,,,,,,,,,,,,,,,,,,,,,,,,,,,,,,,,,,,,,,,,,,,,,,,"R",,,,,,,,,,,,,,,,,,,,,,,,,,,,,,,,,,,,,,,,,,,,,,,,,,,,,,,,,,,,,,,,,,,,,,,,,,,,,,,,,,,,,,,,,,,,,,,,,,,,,,,,,,,,,,,,,,,,,,,,,,"Brian Navarreto",16398,640459
"Jordan Beck","COL","Jordan Beck","COL",2026,25,31,66,71,6,2,3,1,0,4,5,5,0,18,0,0,0,3,1,1,0.09090909,20,21,6,3,268,88,180,0,1,0,0.070422535,0.253521126,0.277777777,0.154929577,0.166666666,0.321596243,0.075757576,0.125,0.952380952,0.127659574,0.425531914,0.44680851,0.142857142,0,0,0,0.15006381693020673,-9.519174807527428,-1.1349940233019633,,,,,,,,6.202139790881304,-25.542830812330376,,,,,,,,,,,,,,,,,,,,,,,,,,,,,,,,,,,,,,,,,,,,,,,,,,,,,,,,,,,,,,,,,,,,,,,,,,,,,,,,,,,,,,,,,,,,,,,,,,,,,,,,,,,,,,,,,,,,,,,,,,,,,,,,,,,,,,,,-0.25030985940247774,,"25 - 25",,,,0.3125,0.45833333,0.22916667,0.125,0.60416667,0.27083333,0.32394366,,,,,,,,,,,,,,,,,,,,,,,,,,,,,,,,,,,,,,,,,,,,,,,,,,,,,,,,,,,,,,,,,,,,,,,,,,,,,,,,,,,,,,,,,,,,,,,,,,,,,,,,,,,,,,,,,,,,,,,,,,,,,"R",,,,,,,,,,,,,,,,,,,,,,,,,,,,,,,,,,,,,,,,,,,,,,,,,,,,,,,,,,,,,,,,,,,,,,,,,,,,,,,,,,,,,,,,,,,,,,,,,,,,,,,,,,,,,,,,,,,,,,,,,,"Jordan Beck",31431,687597
"Zack Short","- - -","Zack Short","- - -",2026,31,20,32,35,3,2,1,0,0,1,0,2,0,13,1,0,0,0,0,0,0.09375,4,12,2,2,155,55,100,0,1,0,0.057142857,0.371428571,0.153846153,0.171428571,0.125,0.296428571,0.03125,0.157894736,0.333333333,0.111111111,0.222222222,0.666666666,0.166666666,0,0,0,0.14765674897602626,-4.760502592566205,-0.627455727102948,,,,,,,,0.76785714,-14.862236531905555,,,,,,,,,,,,,,,,,,,,,,,,,,,,,,,,,,,,,,,,,,,,,,,,,,,,,,,,,,,,,,,,,,,,,,,,,,,,,,,,,,,,,,,,,,,,,,,,,,,,,,,,,,,,,,,,,,,,,,,,,,,,,,,,,,,,,,,,-0.028151138685643673,,"31 - 31",,,,0.47368421,0.36842105,0.15789474,0.15789474,0.52631579,0.31578947,0.42857143,,,,,,,,,,,,,,,,,,,,,,,,,,,,,,,,,,,,,,,,,,,,,,,,,,,,,,,,,,,,,,,,,,,,,,,,,,,,,,,,,,,,,,,,,,,,,,,,,,,,,,,,,,,,,,,,,,,,,,,,,,,,,"R",,,,,,,,,,,,,,,,,,,,,,,,,,,,,,,,,,,,,,,,,,,,,,,,,,,,,,,,,,,,,,,,,,,,,,,,,,,,,,,,,,,,,,,,,,,,,,,,,,,,,,,,,,,,,,,,,,,,,,,,,,"Zack Short",19562,670097
"Michael Toglia","CIN","Michael Toglia","CIN",2026,27,9,21,22,2,0,2,0,0,2,1,1,0,10,0,0,0,1,0,0,0.095238095,4,3,4,0,77,25,52,0,0,0,0.045454545,0.454545454,0.1,0.136363636,0.19047619,0.326839826,0.095238095,0.181818181,1.333333333,0.363636363,0.363636363,0.272727272,0,0,0,0,0.14647714658216995,-3.0132474859170104,-0.41533231334010623,,,,,,,,2.64285714,-17.35544083940962,,,,,,,,,,,,,,,,,,,,,,,,,,,,,,,,,,,,,,,,,,,,,,,,,,,,,,,,,,,,,,,,,,,,,,,,,,,,,,,,,,,,,,,,,,,,,,,,,,,,,,,,,,,,,,,,,,,,,,,,,,,,,,,,,,,,,,,,-0.005630227737128735,,"27 - 27",,,,0.45454545,0.36363636,0.18181818,0,0.81818182,0.18181818,0.5,,,,,,,,,,,,,,,,,,,,,,,,,,,,,,,,,,,,,,,,,,,,,,,,,,,,,,,,,,,,,,,,,,,,,,,,,,,,,,,,,,,,,,,,,,,,,,,,,,,,,,,,,,,,,,,,,,,,,,,,,,,,,"B",,,,,,,,,,,,,,,,,,,,,,,,,,,,,,,,,,,,,,,,,,,,,,,,,,,,,,,,,,,,,,,,,,,,,,,,,,,,,,,,,,,,,,,,,,,,,,,,,,,,,,,,,,,,,,,,,,,,,,,,,,"Michael Toglia",25845,669911
"Jase Bowen","SDP","Jase Bowen","SDP",2026,25,28,39,41,5,5,0,0,0,7,2,0,0,16,2,0,0,0,4,1,0.128205128,8,8,5,1,148,39,109,0,2,1,0,0.390243902,0,0.170731707,0.128205128,0.298936835,0,0.217391304,1,0.238095238,0.38095238,0.38095238,0.125,0,0,0.5,0.14413338027349332,-5.693104717136879,-0.8515355318799209,,,,,,,,6.837846060959229,-12.778433007173431,,,,,,,,,,,,,,,,,,,,,,,,,,,,,,,,,,,,,,,,,,,,,,,,,,,,,,,,,,,,,,,,,,,,,,,,,,,,,,,,,,,,,,,,,,,,,,,,,,,,,,,,,,,,,,,,,,,,,,,,,,,,,,,,,,,,,,,,0.349690149538219,,"25 - 25",,,,0.52173913,0.39130435,0.08695652,0.30434783,0.34782609,0.34782609,0.3902439,,,,,,,,,,,,,,,,,,,,,,,,,,,,,,,,,,,,,,,,,,,,,,,,,,,,,,,,,,,,,,,,,,,,,,,,,,,,,,,,,,,,,,,,,,,,,,,,,,,,,,,,,,,,,,,,,,,,,,,,,,,,,"R",,,,,,,,,,,,,,,,,,,,,,,,,,,,,,,,,,,,,,,,,,,,,,,,,,,,,,,,,,,,,,,,,,,,,,,,,,,,,,,,,,,,,,,,,,,,,,,,,,,,,,,,,,,,,,,,,,,,,,,,,,"Jase Bowen",26047,687749
"Chad Stevens","COL","Chad Stevens","COL",2026,27,8,13,16,1,1,0,0,0,0,3,2,0,6,0,1,0,0,0,0,0.076923076,1,5,2,0,61,22,39,0,0,0,0.125,0.375,0.333333333,0.1875,0.076923076,0.264423076,0,0.125,0.2,0.25,0.125,0.625,0,0,0,0,0.14290236309170723,-2.237585878425005,-0.34819302564180177,,,,,,,,0.14285714,-30.347294387058515,,,,,,,,,,,,,,,,,,,,,,,,,,,,,,,,,,,,,,,,,,,,,,,,,,,,,,,,,,,,,,,,,,,,,,,,,,,,,,,,,,,,,,,,,,,,,,,,,,,,,,,,,,,,,,,,,,,,,,,,,,,,,,,,,,,,,,,,-0.016890683211386204,,"27 - 27",,,,0.375,0.375,0.25,0.125,0.625,0.25,0.5,,,,,,,,,,,,,,,,,,,,,,,,,,,,,,,,,,,,,,,,,,,,,,,,,,,,,,,,,,,,,,,,,,,,,,,,,,,,,,,,,,,,,,,,,,,,,,,,,,,,,,,,,,,,,,,,,,,,,,,,,,,,,"R",,,,,,,,,,,,,,,,,,,,,,,,,,,,,,,,,,,,,,,,,,,,,,,,,,,,,,,,,,,,,,,,,,,,,,,,,,,,,,,,,,,,,,,,,,,,,,,,,,,,,,,,,,,,,,,,,,,,,,,,,,"Chad Stevens",29614,677060
"Andrew Pinckney","WSN","Andrew Pinckney","WSN",2026,25,8,12,13,2,2,0,0,0,2,1,0,0,6,0,1,0,0,1,0,0.166666666,4,1,2,0,53,21,32,0,0,0,0,0.461538461,0,0.153846153,0.166666666,0.320512819,0,0.285714285,4,0.285714285,0.571428571,0.142857142,0,0,0,0,0.13696308319385236,-1.8803145155342922,-0.3451828226479396,,,,,,,,7.5,-23.515004691717095,,,,,,,,,,,,,,,,,,,,,,,,,,,,,,,,,,,,,,,,,,,,,,,,,,,,,,,,,,,,,,,,,,,,,,,,,,,,,,,,,,,,,,,,,,,,,,,,,,,,,,,,,,,,,,,,,,,,,,,,,,,,,,,,,,,,,,,,0.18873954750597477,,"25 - 25",,,,0.14285714,0.57142857,0.28571429,0.14285714,0.14285714,0.71428571,0.46153846,,,,,,,,,,,,,,,,,,,,,,,,,,,,,,,,,,,,,,,,,,,,,,,,,,,,,,,,,,,,,,,,,,,,,,,,,,,,,,,,,,,,,,,,,,,,,,,,,,,,,,,,,,,,,,,,,,,,,,,,,,,,,"R",,,,,,,,,,,,,,,,,,,,,,,,,,,,,,,,,,,,,,,,,,,,,,,,,,,,,,,,,,,,,,,,,,,,,,,,,,,,,,,,,,,,,,,,,,,,,,,,,,,,,,,,,,,,,,,,,,,,,,,,,,"Andrew Pinckney",33357,687605
"Rafael Marchán","PHI","Rafael Marchán","PHI",2026,27,25,60,63,6,5,0,0,1,3,4,2,0,9,1,0,0,1,0,0,0.1,14,28,9,8,253,84,169,1,0,0,0.031746031,0.142857142,0.222222222,0.142857142,0.15,0.292857142,0.05,0.1,0.5,0.176470588,0.274509803,0.549019607,0.285714285,0.035714285,0.071428571,0,0.13696175908285474,-9.1123607049134,-1.6728763470795378,,,,,,,,1.30357142125,-25.119963330990448,,,,,,,,,,,,,,,,,,,,,,,,,,,,,,,,,,,,,,,,,,,,,,,,,,,,,,,,,,,,,,,,,,,,,,,,,,,,,,,,,,,,,,,,,,,,,,,,,,,,,,,,,,,,,,,,,,,,,,,,,,,,,,,,,,,,,,,,-0.04504182189702988,,"27 - 27",,,,0.39215686,0.37254902,0.23529412,0.21568627,0.54901961,0.23529412,0.19047619,,,,,,,,,,,,,,,,,,,,,,,,,,,,,,,,,,,,,,,,,,,,,,,,,,,,,,,,,,,,,,,,,,,,,,,,,,,,,,,,,,,,,,,,,,,,,,,,,,,,,,,,,,,,,,,,,,,,,,,,,,,,,"B",,,,,,,,,,,,,,,,,,,,,,,,,,,,,,,,,,,,,,,,,,,,,,,,,,,,,,,,,,,,,,,,,,,,,,,,,,,,,,,,,,,,,,,,,,,,,,,,,,,,,,,,,,,,,,,,,,,,,,,,,,"Rafael Marchan",21646,665561
"Sam Huff","BAL","Sam Huff","BAL",2026,28,11,21,22,2,1,1,0,0,0,0,1,0,12,0,0,0,0,0,0,0.095238095,3,4,2,0,76,18,58,1,0,0,0.045454545,0.545454545,0.083333333,0.136363636,0.142857142,0.279220778,0.047619047,0.222222222,0.75,0.222222222,0.333333333,0.444444444,0,0,0.333333333,0,0.1295705952427604,-3.3132474474566296,-0.7153322748797253,,,,,,,,0.14285714,-26.201542119352755,,,,,,,,,,,,,,,,,,,,,,,,,,,,,,,,,,,,,,,,,,,,,,,,,,,,,,,,,,,,,,,,,,,,,,,,,,,,,,,,,,,,,,,,,,,,,,,,,,,,,,,,,,,,,,,,,,,,,,,,,,,,,,,,,,,,,,,,-0.01126045547425747,,"28 - 28",,,,0.77777778,0.22222222,0,0.22222222,0.22222222,0.55555556,0.59090909,,,,,,,,,,,,,,,,,,,,,,,,,,,,,,,,,,,,,,,,,,,,,,,,,,,,,,,,,,,,,,,,,,,,,,,,,,,,,,,,,,,,,,,,,,,,,,,,,,,,,,,,,,,,,,,,,,,,,,,,,,,,,"R",,,,,,,,,,,,,,,,,,,,,,,,,,,,,,,,,,,,,,,,,,,,,,,,,,,,,,,,,,,,,,,,,,,,,,,,,,,,,,,,,,,,,,,,,,,,,,,,,,,,,,,,,,,,,,,,,,,,,,,,,,"Sam Huff",22209,669087
"Blake Perkins","MIL","Blake Perkins","MIL",2026,29,23,36,42,2,2,0,0,0,6,3,4,0,12,1,0,1,0,1,1,0.055555555,13,8,2,1,168,58,110,1,2,1,0.095238095,0.285714285,0.333333333,0.170731707,0.055555555,0.226287262,0,0.083333333,1.625,0.086956521,0.565217391,0.347826086,0.125,0,0.076923076,0.5,0.1293160929912474,-6.333912112818612,-1.3742558742627038,,,,,,,,4.9916841215768315,-25.591148749552417,,,,,,,,,,,,,,,,,,,,,,,,,,,,,,,,,,,,,,,,,,,,,,,,,,,,,,,,,,,,,,,,,,,,,,,,,,,,,,,,,,,,,,,,,,,,,,,,,,,,,,,,,,,,,,,,,,,,,,,,,,,,,,,,,,,,,,,,-0.25030985940247774,,"29 - 29",,,,0.44,0.24,0.32,0.24,0.6,0.16,0.38095238,,,,,,,,,,,,,,,,,,,,,,,,,,,,,,,,,,,,,,,,,,,,,,,,,,,,,,,,,,,,,,,,,,,,,,,,,,,,,,,,,,,,,,,,,,,,,,,,,,,,,,,,,,,,,,,,,,,,,,,,,,,,,"B",,,,,,,,,,,,,,,,,,,,,,,,,,,,,,,,,,,,,,,,,,,,,,,,,,,,,,,,,,,,,,,,,,,,,,,,,,,,,,,,,,,,,,,,,,,,,,,,,,,,,,,,,,,,,,,,,,,,,,,,,,"Blake Perkins",19921,663368
"Felix Reyes","PHI","Felix Reyes","PHI",2026,25,7,17,17,2,1,1,0,0,0,0,0,0,4,0,0,0,1,0,0,0.117647058,5,5,3,0,51,13,38,0,0,0,0,0.235294117,0,0.117647058,0.176470588,0.294117646,0.05882353,0.153846153,1,0.23076923,0.384615384,0.384615384,0,0,0,0,0.12661554182277007,-2.600755573413992,-0.5932756673318389,,,,,,,,0.14285714,-32.061015397132856,,,,,,,,,,,,,,,,,,,,,,,,,,,,,,,,,,,,,,,,,,,,,,,,,,,,,,,,,,,,,,,,,,,,,,,,,,,,,,,,,,,,,,,,,,,,,,,,,,,,,,,,,,,,,,,,,,,,,,,,,,,,,,,,,,,,,,,,-0.005630227737128735,,"25 - 25",,,,0.61538462,0.23076923,0.15384615,0.15384615,0.61538462,0.23076923,0.23529412,,,,,,,,,,,,,,,,,,,,,,,,,,,,,,,,,,,,,,,,,,,,,,,,,,,,,,,,,,,,,,,,,,,,,,,,,,,,,,,,,,,,,,,,,,,,,,,,,,,,,,,,,,,,,,,,,,,,,,,,,,,,,"R",,,,,,,,,,,,,,,,,,,,,,,,,,,,,,,,,,,,,,,,,,,,,,,,,,,,,,,,,,,,,,,,,,,,,,,,,,,,,,,,,,,,,,,,,,,,,,,,,,,,,,,,,,,,,,,,,,,,,,,,,,"Felix Reyes",28763,694025
"Rob Refsnyder","SEA","Rob Refsnyder","SEA",2026,35,18,19,21,2,2,0,0,0,1,0,1,0,6,0,0,1,0,0,0,0.105263157,2,6,5,0,74,27,47,0,1,0,0.047619047,0.285714285,0.166666666,0.15,0.105263157,0.255263157,0,0.153846153,0.333333333,0.384615384,0.153846153,0.461538461,0,0,0,0,0.12393044829368591,-3.258178244250918,-0.7783501249729643,,,,,,,,1.60119047125,-25.28953016495523,,,,,,,,,,,,,,,,,,,,,,,,,,,,,,,,,,,,,,,,,,,,,,,,,,,,,,,,,,,,,,,,,,,,,,,,,,,,,,,,,,,,,,,,,,,,,,,,,,,,,,,,,,,,,,,,,,,,,,,,,,,,,,,,,,,,,,,,-0.016890683211386204,,"35 - 35",,,,0.57142857,0.28571429,0.14285714,0.07142857,0.71428571,0.21428571,0.33333333,,,,,,,,,,,,,,,,,,,,,,,,,,,,,,,,,,,,,,,,,,,,,,,,,,,,,,,,,,,,,,,,,,,,,,,,,,,,,,,,,,,,,,,,,,,,,,,,,,,,,,,,,,,,,,,,,,,,,,,,,,,,,"R",,,,,,,,,,,,,,,,,,,,,,,,,,,,,,,,,,,,,,,,,,,,,,,,,,,,,,,,,,,,,,,,,,,,,,,,,,,,,,,,,,,,,,,,,,,,,,,,,,,,,,,,,,,,,,,,,,,,,,,,,,"Rob Refsnyder",13770,608701
"Chuckie Robinson","LAD","Chuckie Robinson","LAD",2026,31,8,15,17,2,2,0,0,0,1,1,0,0,4,0,0,2,0,0,0,0.133333333,4,4,1,2,65,19,46,0,4,0,0,0.235294117,0,0.133333333,0.133333333,0.266666666,0,0.181818181,1,0.111111111,0.444444444,0.444444444,0.5,0,0,0,0.11870133876800537,-2.709273028609812,-0.7017931225276586,,,,,,,,2.64285714,-33.33482055794372,,,,,,,,,,,,,,,,,,,,,,,,,,,,,,,,,,,,,,,,,,,,,,,,,,,,,,,,,,,,,,,,,,,,,,,,,,,,,,,,,,,,,,,,,,,,,,,,,,,,,,,,,,,,,,,,,,,,,,,,,,,,,,,,,,,,,,,,-0.01126045547425747,,"31 - 31",,,,0.30769231,0.30769231,0.38461538,0.15384615,0.61538462,0.23076923,0.23529412,,,,,,,,,,,,,,,,,,,,,,,,,,,,,,,,,,,,,,,,,,,,,,,,,,,,,,,,,,,,,,,,,,,,,,,,,,,,,,,,,,,,,,,,,,,,,,,,,,,,,,,,,,,,,,,,,,,,,,,,,,,,,"R",,,,,,,,,,,,,,,,,,,,,,,,,,,,,,,,,,,,,,,,,,,,,,,,,,,,,,,,,,,,,,,,,,,,,,,,,,,,,,,,,,,,,,,,,,,,,,,,,,,,,,,,,,,,,,,,,,,,,,,,,,"Chuckie Robinson",19824,642020
"James Triantos","CHC","James Triantos","CHC",2026,23,3,5,6,0,0,0,0,0,1,0,1,0,1,0,0,0,0,0,0,0,2,2,0,1,14,6,8,0,0,0,0.166666666,0.166666666,1,0.166666666,0,0.166666666,0,0,1,0,0.5,0.5,0.5,0,0,0,0.11634814739227295,-0.9676021288974668,-0.25907980910376566,,,,,,,,2.64285714,-33.36682193006471,,,,,,,,,,,,,,,,,,,,,,,,,,,,,,,,,,,,,,,,,,,,,,,,,,,,,,,,,,,,,,,,,,,,,,,,,,,,,,,,,,,,,,,,,,,,,,,,,,,,,,,,,,,,,,,,,,,,,,,,,,,,,,,,,,,,,,,,-0.005630227737128735,,"23 - 23",,,,0.25,0,0.75,0.5,0.25,0.25,0.33333333,,,,,,,,,,,,,,,,,,,,,,,,,,,,,,,,,,,,,,,,,,,,,,,,,,,,,,,,,,,,,,,,,,,,,,,,,,,,,,,,,,,,,,,,,,,,,,,,,,,,,,,,,,,,,,,,,,,,,,,,,,,,,"R",,,,,,,,,,,,,,,,,,,,,,,,,,,,,,,,,,,,,,,,,,,,,,,,,,,,,,,,,,,,,,,,,,,,,,,,,,,,,,,,,,,,,,,,,,,,,,,,,,,,,,,,,,,,,,,,,,,,,,,,,,"James Triantos",29795,701649
"Jahmai Jones","- - -","Jahmai Jones","- - -",2026,28,22,23,23,3,3,0,0,0,4,1,0,0,9,0,0,0,0,0,0,0.130434782,4,8,2,1,79,23,56,1,0,0,0,0.391304347,0,0.130434782,0.130434782,0.260869564,0,0.214285714,0.5,0.142857142,0.285714285,0.571428571,0.125,0,0.25,0,0.11612087488174438,-3.7133576652933424,-0.9973554394174882,,,,,,,,2.64285714,-38.94506011811422,,,,,,,,,,,,,,,,,,,,,,,,,,,,,,,,,,,,,,,,,,,,,,,,,,,,,,,,,,,,,,,,,,,,,,,,,,,,,,,,,,,,,,,,,,,,,,,,,,,,,,,,,,,,,,,,,,,,,,,,,,,,,,,,,,,,,,,,-0.016890683211386204,,"28 - 28",,,,0.35714286,0.35714286,0.28571429,0.21428571,0.57142857,0.21428571,0.39130435,,,,,,,,,,,,,,,,,,,,,,,,,,,,,,,,,,,,,,,,,,,,,,,,,,,,,,,,,,,,,,,,,,,,,,,,,,,,,,,,,,,,,,,,,,,,,,,,,,,,,,,,,,,,,,,,,,,,,,,,,,,,,"R",,,,,,,,,,,,,,,,,,,,,,,,,,,,,,,,,,,,,,,,,,,,,,,,,,,,,,,,,,,,,,,,,,,,,,,,,,,,,,,,,,,,,,,,,,,,,,,,,,,,,,,,,,,,,,,,,,,,,,,,,,"Jahmai Jones",18872,663330
"Chadwick Tromp","- - -","Chadwick Tromp","- - -",2026,31,16,31,33,4,4,0,0,0,2,3,0,0,9,0,1,1,2,0,0,0.129032258,12,7,4,1,124,33,91,0,1,0,0,0.272727272,0,0.125,0.129032258,0.254032258,0,0.173913043,1.714285714,0.173913043,0.52173913,0.304347826,0.142857142,0,0,0,0.11128250509500504,-5.402788935294543,-1.505916176429187,,,,,,,,2.64285714,-38.299907918777315,,,,,,,,,,,,,,,,,,,,,,,,,,,,,,,,,,,,,,,,,,,,,,,,,,,,,,,,,,,,,,,,,,,,,,,,,,,,,,,,,,,,,,,,,,,,,,,,,,,,,,,,,,,,,,,,,,,,,,,,,,,,,,,,,,,,,,,,-0.02252091094851494,,"31 - 31",,,,0.41666667,0.33333333,0.25,0.16666667,0.58333333,0.25,0.27272727,,,,,,,,,,,,,,,,,,,,,,,,,,,,,,,,,,,,,,,,,,,,,,,,,,,,,,,,,,,,,,,,,,,,,,,,,,,,,,,,,,,,,,,,,,,,,,,,,,,,,,,,,,,,,,,,,,,,,,,,,,,,,"R",,,,,,,,,,,,,,,,,,,,,,,,,,,,,,,,,,,,,,,,,,,,,,,,,,,,,,,,,,,,,,,,,,,,,,,,,,,,,,,,,,,,,,,,,,,,,,,,,,,,,,,,,,,,,,,,,,,,,,,,,,"Chadwick Tromp",16953,644433
"Ryan Bliss","SEA","Ryan Bliss","SEA",2026,26,3,5,7,0,0,0,0,0,0,1,1,0,2,0,1,0,0,0,0,0,2,2,0,0,26,11,15,0,0,0,0.142857142,0.285714285,0.5,0.142857142,0,0.142857142,0,0,1,0,0.5,0.5,0,0,0,0,0.0997269834790911,-1.2227123837522966,-0.39610301065964526,,,,,,,,0.14285714,-42.13344585173754,,,,,,,,,,,,,,,,,,,,,,,,,,,,,,,,,,,,,,,,,,,,,,,,,,,,,,,,,,,,,,,,,,,,,,,,,,,,,,,,,,,,,,,,,,,,,,,,,,,,,,,,,,,,,,,,,,,,,,,,,,,,,,,,,,,,,,,,-0.005630227737128735,,"26 - 26",,,,0.25,0.5,0.25,0,0.75,0.25,0.42857143,,,,,,,,,,,,,,,,,,,,,,,,,,,,,,,,,,,,,,,,,,,,,,,,,,,,,,,,,,,,,,,,,,,,,,,,,,,,,,,,,,,,,,,,,,,,,,,,,,,,,,,,,,,,,,,,,,,,,,,,,,,,,"R",,,,,,,,,,,,,,,,,,,,,,,,,,,,,,,,,,,,,,,,,,,,,,,,,,,,,,,,,,,,,,,,,,,,,,,,,,,,,,,,,,,,,,,,,,,,,,,,,,,,,,,,,,,,,,,,,,,,,,,,,,"Ryan Bliss",29547,669208
"Jeimer Candelario","LAA","Jeimer Candelario","LAA",2026,32,6,13,13,1,0,1,0,0,1,0,0,0,5,0,0,0,0,0,0,0.076923076,3,3,2,0,48,12,36,0,0,0,0,0.384615384,0,0.076923076,0.153846153,0.230769229,0.076923077,0.125,1,0.25,0.375,0.375,0,0,0,0,0.0970926284790039,-2.298373952783921,-0.7632422598975686,,,,,,,,2.64285714,-50.032276960556864,,,,,,,,,,,,,,,,,,,,,,,,,,,,,,,,,,,,,,,,,,,,,,,,,,,,,,,,,,,,,,,,,,,,,,,,,,,,,,,,,,,,,,,,,,,,,,,,,,,,,,,,,,,,,,,,,,,,,,,,,,,,,,,,,,,,,,,,0,,"32 - 32",,,,0.625,0.125,0.25,0,0.5,0.5,0.38461538,,,,,,,,,,,,,,,,,,,,,,,,,,,,,,,,,,,,,,,,,,,,,,,,,,,,,,,,,,,,,,,,,,,,,,,,,,,,,,,,,,,,,,,,,,,,,,,,,,,,,,,,,,,,,,,,,,,,,,,,,,,,,"B",,,,,,,,,,,,,,,,,,,,,,,,,,,,,,,,,,,,,,,,,,,,,,,,,,,,,,,,,,,,,,,,,,,,,,,,,,,,,,,,,,,,,,,,,,,,,,,,,,,,,,,,,,,,,,,,,,,,,,,,,,"Jeimer Candelario",13621,600869
"Carlos Santana","ARI","Carlos Santana","ARI",2026,40,7,21,22,1,0,1,0,0,0,0,1,0,8,0,0,0,0,0,0,0.047619047,2,8,3,1,89,27,62,0,0,0,0.045454545,0.363636363,0.125,0.09090909,0.095238095,0.186147185,0.047619048,0.076923076,0.25,0.23076923,0.153846153,0.615384615,0.125,0,0,0,0.08910422975366766,-4.031306846245878,-1.4333916736689731,,,,,,,,0.14285714,-54.254291525039896,,,,,,,,,,,,,,,,,,,,,,,,,,,,,,,,,,,,,,,,,,,,,,,,,,,,,,,,,,,,,,,,,,,,,,,,,,,,,,,,,,,,,,,,,,,,,,,,,,,,,,,,,,,,,,,,,,,,,,,,,,,,,,,,,,,,,,,,-0.005630227737128735,,"40 - 40",,,,0.46153846,0.30769231,0.23076923,0.23076923,0.38461538,0.38461538,0.40909091,,,,,,,,,,,,,,,,,,,,,,,,,,,,,,,,,,,,,,,,,,,,,,,,,,,,,,,,,,,,,,,,,,,,,,,,,,,,,,,,,,,,,,,,,,,,,,,,,,,,,,,,,,,,,,,,,,,,,,,,,,,,,"B",,,,,,,,,,,,,,,,,,,,,,,,,,,,,,,,,,,,,,,,,,,,,,,,,,,,,,,,,,,,,,,,,,,,,,,,,,,,,,,,,,,,,,,,,,,,,,,,,,,,,,,,,,,,,,,,,,,,,,,,,,"Carlos Santana",2396,467793
"Oliver Dunn","TBR","Oliver Dunn","TBR",2026,28,5,7,8,0,0,0,0,0,2,0,1,0,2,0,0,0,0,0,0,0,4,1,0,1,27,9,18,0,0,0,0.125,0.25,0.5,0.125,0,0.125,0,0,4,0,0.8,0.2,1,0,0,0,0.08726111054420471,-1.4778226386071265,-0.5331262122155249,,,,,,,,2.64285714,-58.389820036333454,,,,,,,,,,,,,,,,,,,,,,,,,,,,,,,,,,,,,,,,,,,,,,,,,,,,,,,,,,,,,,,,,,,,,,,,,,,,,,,,,,,,,,,,,,,,,,,,,,,,,,,,,,,,,,,,,,,,,,,,,,,,,,,,,,,,,,,,-0.005630227737128735,,"28 - 28",,,,0.4,0.4,0.2,0.2,0.6,0.2,0.375,,,,,,,,,,,,,,,,,,,,,,,,,,,,,,,,,,,,,,,,,,,,,,,,,,,,,,,,,,,,,,,,,,,,,,,,,,,,,,,,,,,,,,,,,,,,,,,,,,,,,,,,,,,,,,,,,,,,,,,,,,,,,"L",,,,,,,,,,,,,,,,,,,,,,,,,,,,,,,,,,,,,,,,,,,,,,,,,,,,,,,,,,,,,,,,,,,,,,,,,,,,,,,,,,,,,,,,,,,,,,,,,,,,,,,,,,,,,,,,,,,,,,,,,,"Oliver Dunn",26295,686554
"Andrew Velazquez","KCR","Andrew Velazquez","KCR",2026,31,5,11,11,1,1,0,0,0,0,0,0,0,1,0,0,0,0,1,0,0.09090909,2,4,2,1,35,8,27,0,2,1,0,0.09090909,0,0.09090909,0.09090909,0.18181818,0,0.1,0.5,0.25,0.25,0.5,0.25,0,0,0.5,0.08093273097818549,-2.0881534046138803,-0.7891958183254283,,,,,,,,5,-64.54339728666285,,,,,,,,,,,,,,,,,,,,,,,,,,,,,,,,,,,,,,,,,,,,,,,,,,,,,,,,,,,,,,,,,,,,,,,,,,,,,,,,,,,,,,,,,,,,,,,,,,,,,,,,,,,,,,,,,,,,,,,,,,,,,,,,,,,,,,,,0.1943697752431035,,"31 - 31",,,,0.4,0.3,0.3,0.1,0.7,0.2,0.09090909,,,,,,,,,,,,,,,,,,,,,,,,,,,,,,,,,,,,,,,,,,,,,,,,,,,,,,,,,,,,,,,,,,,,,,,,,,,,,,,,,,,,,,,,,,,,,,,,,,,,,,,,,,,,,,,,,,,,,,,,,,,,,"B",,,,,,,,,,,,,,,,,,,,,,,,,,,,,,,,,,,,,,,,,,,,,,,,,,,,,,,,,,,,,,,,,,,,,,,,,,,,,,,,,,,,,,,,,,,,,,,,,,,,,,,,,,,,,,,,,,,,,,,,,,"Andrew Velazquez",14196,623205
"Sandy León","ATL","Sandy León","ATL",2026,37,12,24,24,2,2,0,0,0,0,0,0,0,10,0,0,0,0,0,0,0.083333333,6,6,2,0,100,28,72,0,0,0,0,0.416666666,0,0.083333333,0.083333333,0.166666666,0,0.142857142,1,0.142857142,0.428571428,0.428571428,0,0,0,0,0.07418833673000336,-4.68652731893742,-1.8524380397626157,,,,,,,,0.14285714,-63.74890294282927,,,,,,,,,,,,,,,,,,,,,,,,,,,,,,,,,,,,,,,,,,,,,,,,,,,,,,,,,,,,,,,,,,,,,,,,,,,,,,,,,,,,,,,,,,,,,,,,,,,,,,,,,,,,,,,,,,,,,,,,,,,,,,,,,,,,,,,,-0.01126045547425747,,"37 - 37",,,,0.64285714,0.28571429,0.07142857,0.14285714,0.57142857,0.28571429,0.41666667,,,,,,,,,,,,,,,,,,,,,,,,,,,,,,,,,,,,,,,,,,,,,,,,,,,,,,,,,,,,,,,,,,,,,,,,,,,,,,,,,,,,,,,,,,,,,,,,,,,,,,,,,,,,,,,,,,,,,,,,,,,,,"B",,,,,,,,,,,,,,,,,,,,,,,,,,,,,,,,,,,,,,,,,,,,,,,,,,,,,,,,,,,,,,,,,,,,,,,,,,,,,,,,,,,,,,,,,,,,,,,,,,,,,,,,,,,,,,,,,,,,,,,,,,"Sandy Leon",5273,506702
"Ben Rortvedt","LAD","Ben Rortvedt","LAD",2026,28,8,14,15,1,1,0,0,0,0,0,0,0,6,0,0,1,0,0,0,0.071428571,3,3,1,0,58,19,39,0,2,0,0,0.4,0,0.071428571,0.071428571,0.142857142,0,0.125,1,0.142857142,0.428571428,0.428571428,0,0,0,0,0.06359000291143145,-3.0573044669768246,-1.2859986674925719,,,,,,,,0.14285714,-70.30781677472821,,,,,,,,,,,,,,,,,,,,,,,,,,,,,,,,,,,,,,,,,,,,,,,,,,,,,,,,,,,,,,,,,,,,,,,,,,,,,,,,,,,,,,,,,,,,,,,,,,,,,,,,,,,,,,,,,,,,,,,,,,,,,,,,,,,,,,,,-0.005630227737128735,,"28 - 28",,,,0.22222222,0.44444444,0.33333333,0,0.88888889,0.11111111,0.4,,,,,,,,,,,,,,,,,,,,,,,,,,,,,,,,,,,,,,,,,,,,,,,,,,,,,,,,,,,,,,,,,,,,,,,,,,,,,,,,,,,,,,,,,,,,,,,,,,,,,,,,,,,,,,,,,,,,,,,,,,,,,"L",,,,,,,,,,,,,,,,,,,,,,,,,,,,,,,,,,,,,,,,,,,,,,,,,,,,,,,,,,,,,,,,,,,,,,,,,,,,,,,,,,,,,,,,,,,,,,,,,,,,,,,,,,,,,,,,,,,,,,,,,,"Ben Rortvedt",20287,666163
"César Prieto","STL","César Prieto","STL",2026,27,12,28,28,2,2,0,0,0,1,0,0,0,4,0,0,0,1,0,0,0.071428571,13,6,4,0,84,27,57,0,1,1,0,0.142857142,0,0.071428571,0.071428571,0.142857142,0,0.083333333,2.166666666,0.173913043,0.565217391,0.260869565,0,0,0,1,0.06359000291143145,-5.70696833835674,-2.400530845986134,,,,,,,,2.64285714,-69.33640486117464,,,,,,,,,,,,,,,,,,,,,,,,,,,,,,,,,,,,,,,,,,,,,,,,,,,,,,,,,,,,,,,,,,,,,,,,,,,,,,,,,,,,,,,,,,,,,,,,,,,,,,,,,,,,,,,,,,,,,,,,,,,,,,,,,,,,,,,,-0.01126045547425747,,"27 - 27",,,,0.54166667,0.33333333,0.125,0.08333333,0.625,0.29166667,0.14285714,,,,,,,,,,,,,,,,,,,,,,,,,,,,,,,,,,,,,,,,,,,,,,,,,,,,,,,,,,,,,,,,,,,,,,,,,,,,,,,,,,,,,,,,,,,,,,,,,,,,,,,,,,,,,,,,,,,,,,,,,,,,,"L",,,,,,,,,,,,,,,,,,,,,,,,,,,,,,,,,,,,,,,,,,,,,,,,,,,,,,,,,,,,,,,,,,,,,,,,,,,,,,,,,,,,,,,,,,,,,,,,,,,,,,,,,,,,,,,,,,,,,,,,,,"Cesar Prieto",30163,693409
"Aramis Garcia","ARI","Aramis Garcia","ARI",2026,33,7,16,16,1,1,0,0,0,0,0,0,0,6,0,0,0,0,0,0,0.0625,3,5,2,0,53,17,36,0,0,0,0,0.375,0,0.0625,0.0625,0.125,0,0.1,0.6,0.2,0.3,0.5,0,0,0,0,0.05564125254750252,-3.3637046788880296,-1.4743118261048265,,,,,,,,0.14285714,-76.70387490777162,,,,,,,,,,,,,,,,,,,,,,,,,,,,,,,,,,,,,,,,,,,,,,,,,,,,,,,,,,,,,,,,,,,,,,,,,,,,,,,,,,,,,,,,,,,,,,,,,,,,,,,,,,,,,,,,,,,,,,,,,,,,,,,,,,,,,,,,-0.005630227737128735,,"33 - 33",,,,0.4,0.5,0.1,0.1,0.8,0.1,0.375,,,,,,,,,,,,,,,,,,,,,,,,,,,,,,,,,,,,,,,,,,,,,,,,,,,,,,,,,,,,,,,,,,,,,,,,,,,,,,,,,,,,,,,,,,,,,,,,,,,,,,,,,,,,,,,,,,,,,,,,,,,,,"R",,,,,,,,,,,,,,,,,,,,,,,,,,,,,,,,,,,,,,,,,,,,,,,,,,,,,,,,,,,,,,,,,,,,,,,,,,,,,,,,,,,,,,,,,,,,,,,,,,,,,,,,,,,,,,,,,,,,,,,,,,"Aramis Garcia",16925,605244
"Greg Jones","MIL","Greg Jones","MIL",2026,28,7,16,17,1,1,0,0,0,0,1,0,0,7,0,0,1,0,1,0,0.0625,6,1,1,0,54,12,42,0,2,0,0,0.411764705,0,0.0625,0.0625,0.125,0,0.111111111,6,0.125,0.75,0.125,0,0,0,0,0.05564125254750252,-3.5739362213185313,-1.5664563152363782,,,,,,,,5,-75.01799632384964,,,,,,,,,,,,,,,,,,,,,,,,,,,,,,,,,,,,,,,,,,,,,,,,,,,,,,,,,,,,,,,,,,,,,,,,,,,,,,,,,,,,,,,,,,,,,,,,,,,,,,,,,,,,,,,,,,,,,,,,,,,,,,,,,,,,,,,,0.1943697752431035,,"28 - 28",,,,0.2,0.6,0.2,0.2,0.6,0.2,0.41176471,,,,,,,,,,,,,,,,,,,,,,,,,,,,,,,,,,,,,,,,,,,,,,,,,,,,,,,,,,,,,,,,,,,,,,,,,,,,,,,,,,,,,,,,,,,,,,,,,,,,,,,,,,,,,,,,,,,,,,,,,,,,,"B",,,,,,,,,,,,,,,,,,,,,,,,,,,,,,,,,,,,,,,,,,,,,,,,,,,,,,,,,,,,,,,,,,,,,,,,,,,,,,,,,,,,,,,,,,,,,,,,,,,,,,,,,,,,,,,,,,,,,,,,,,"Greg Jones",25448,675659
"Colby Thomas","ATH","Colby Thomas","ATH",2026,25,15,17,17,1,1,0,0,0,1,1,0,0,7,0,0,0,2,0,0,0.058823529,5,4,1,0,59,12,47,0,0,0,0,0.411764705,0,0.058823529,0.058823529,0.117647058,0,0.1,1.25,0.1,0.5,0.4,0,0,0,0,0.05236823769176707,-3.6188149337428595,-1.6113350276607061,,,,,,,,2.64285714,-89.94207576597148,,,,,,,,,,,,,,,,,,,,,,,,,,,,,,,,,,,,,,,,,,,,,,,,,,,,,,,,,,,,,,,,,,,,,,,,,,,,,,,,,,,,,,,,,,,,,,,,,,,,,,,,,,,,,,,,,,,,,,,,,,,,,,,,,,,,,,,,-0.005630227737128735,,"25 - 25",,,,0.2,0.7,0.1,0.2,0.4,0.4,0.41176471,,,,,,,,,,,,,,,,,,,,,,,,,,,,,,,,,,,,,,,,,,,,,,,,,,,,,,,,,,,,,,,,,,,,,,,,,,,,,,,,,,,,,,,,,,,,,,,,,,,,,,,,,,,,,,,,,,,,,,,,,,,,,"R",,,,,,,,,,,,,,,,,,,,,,,,,,,,,,,,,,,,,,,,,,,,,,,,,,,,,,,,,,,,,,,,,,,,,,,,,,,,,,,,,,,,,,,,,,,,,,,,,,,,,,,,,,,,,,,,,,,,,,,,,,"Colby Thomas",31855,687515
"Tommy Pham","NYM","Tommy Pham","NYM",2026,38,3,3,3,0,0,0,0,0,0,0,0,0,3,0,0,0,0,0,0,0,0,0,0,0,14,5,9,0,0,0,0,1,0,0,0,0,0,0,0,0,0,0,0,0,0,0,0,-0.7653307645644896,-0.411069604667639,,,,,,,,0.14285714,-100,,,,,,,,,,,,,,,,,,,,,,,,,,,,,,,,,,,,,,,,,,,,,,,,,,,,,,,,,,,,,,,,,,,,,,,,,,,,,,,,,,,,,,,,,,,,,,,,,,,,,,,,,,,,,,,,,,,,,,,,,,,,,,,,,,,,,,,,0,,"38 - 38",,,,,,,,,,1,,,,,,,,,,,,,,,,,,,,,,,,,,,,,,,,,,,,,,,,,,,,,,,,,,,,,,,,,,,,,,,,,,,,,,,,,,,,,,,,,,,,,,,,,,,,,,,,,,,,,,,,,,,,,,,,,,,,,,,,,,,,,"R",,,,,,,,,,,,,,,,,,,,,,,,,,,,,,,,,,,,,,,,,,,,,,,,,,,,,,,,,,,,,,,,,,,,,,,,,,,,,,,,,,,,,,,,,,,,,,,,,,,,,,,,,,,,,,,,,,,,,,,,,,"Tommy Pham",2967,502054
"Miles Mikolas","WSN","Miles Mikolas","WSN",2026,37,1,0,1,0,0,0,0,0,1,1,0,0,0,0,0,1,0,0,0,0,0,0,0,0,3,1,2,0,1,0,0,0,0,0,0,0,0,0,0,0,0,0,0,0,0,0,0,-0.25511025485482985,-0.13702320155587966,,,,,,,,0.14285714,-100,,,,,,,,,,,,,,,,,,,,,,,,,,,,,,,,,,,,,,,,,,,,,,,,,,,,,,,,,,,,,,,,,,,,,,,,,,,,,,,,,,,,,,,,,,,,,,,,,,,,,,,,,,,,,,,,,,,,,,,,,,,,,,,,,,,,,,,,0,,"37 - 37",,,,0,0,1,0,1,0,0,,,,,,,,,,,,,,,,,,,,,,,,,,,,,,,,,,,,,,,,,,,,,,,,,,,,,,,,,,,,,,,,,,,,,,,,,,,,,,,,,,,,,,,,,,,,,,,,,,,,,,,,,,,,,,,,,,,,,,,,,,,,,"R",,,,,,,,,,,,,,,,,,,,,,,,,,,,,,,,,,,,,,,,,,,,,,,,,,,,,,,,,,,,,,,,,,,,,,,,,,,,,,,,,,,,,,,,,,,,,,,,,,,,,,,,,,,,,,,,,,,,,,,,,,"Miles Mikolas",9803,571945
"Scott Kingery","CHC","Scott Kingery","CHC",2026,32,4,2,2,0,0,0,0,0,2,0,0,0,0,0,0,0,0,1,0,0,1,1,0,0,3,0,3,0,0,0,0,0,0,0,0,0,0,0,1,0,0.5,0.5,0,0,0,0,0,-0.5102205097096597,-0.2740464031117593,,,,,,,,2.5,-100,,,,,,,,,,,,,,,,,,,,,,,,,,,,,,,,,,,,,,,,,,,,,,,,,,,,,,,,,,,,,,,,,,,,,,,,,,,,,,,,,,,,,,,,,,,,,,,,,,,,,,,,,,,,,,,,,,,,,,,,,,,,,,,,,,,,,,,,0.20000000298023224,,"32 - 32",,,,0.5,0.5,0,0,1,0,0,,,,,,,,,,,,,,,,,,,,,,,,,,,,,,,,,,,,,,,,,,,,,,,,,,,,,,,,,,,,,,,,,,,,,,,,,,,,,,,,,,,,,,,,,,,,,,,,,,,,,,,,,,,,,,,,,,,,,,,,,,,,,"R",,,,,,,,,,,,,,,,,,,,,,,,,,,,,,,,,,,,,,,,,,,,,,,,,,,,,,,,,,,,,,,,,,,,,,,,,,,,,,,,,,,,,,,,,,,,,,,,,,,,,,,,,,,,,,,,,,,,,,,,,,"Scott Kingery",17975,664068
"Dylan Moore","PHI","Dylan Moore","PHI",2026,33,5,3,3,0,0,0,0,0,2,0,0,0,2,0,0,0,0,0,0,0,0,1,0,0,15,6,9,0,0,0,0,0.666666666,0,0,0,0,0,0,0,0,0,1,0,0,0,0,0,-0.7653307645644896,-0.411069604667639,,,,,,,,0.14285714,-100,,,,,,,,,,,,,,,,,,,,,,,,,,,,,,,,,,,,,,,,,,,,,,,,,,,,,,,,,,,,,,,,,,,,,,,,,,,,,,,,,,,,,,,,,,,,,,,,,,,,,,,,,,,,,,,,,,,,,,,,,,,,,,,,,,,,,,,,0,,"33 - 33",,,,0,1,0,0,1,0,0.66666667,,,,,,,,,,,,,,,,,,,,,,,,,,,,,,,,,,,,,,,,,,,,,,,,,,,,,,,,,,,,,,,,,,,,,,,,,,,,,,,,,,,,,,,,,,,,,,,,,,,,,,,,,,,,,,,,,,,,,,,,,,,,,"R",,,,,,,,,,,,,,,,,,,,,,,,,,,,,,,,,,,,,,,,,,,,,,,,,,,,,,,,,,,,,,,,,,,,,,,,,,,,,,,,,,,,,,,,,,,,,,,,,,,,,,,,,,,,,,,,,,,,,,,,,,"Dylan Moore",18042,664238
"Cristian Pache","NYM","Cristian Pache","NYM",2026,27,5,4,4,0,0,0,0,0,2,0,0,0,2,0,0,0,0,0,0,0,1,1,0,1,22,7,15,0,0,0,0,0.5,0,0,0,0,0,0,1,0,0.5,0.5,1,0,0,0,0,-1.0204410194193194,-0.5480928062235186,,,,,,,,0.14285714,-100,,,,,,,,,,,,,,,,,,,,,,,,,,,,,,,,,,,,,,,,,,,,,,,,,,,,,,,,,,,,,,,,,,,,,,,,,,,,,,,,,,,,,,,,,,,,,,,,,,,,,,,,,,,,,,,,,,,,,,,,,,,,,,,,,,,,,,,,0,,"27 - 27",,,,0.5,0,0.5,0.5,0,0.5,0.5,,,,,,,,,,,,,,,,,,,,,,,,,,,,,,,,,,,,,,,,,,,,,,,,,,,,,,,,,,,,,,,,,,,,,,,,,,,,,,,,,,,,,,,,,,,,,,,,,,,,,,,,,,,,,,,,,,,,,,,,,,,,,"R",,,,,,,,,,,,,,,,,,,,,,,,,,,,,,,,,,,,,,,,,,,,,,,,,,,,,,,,,,,,,,,,,,,,,,,,,,,,,,,,,,,,,,,,,,,,,,,,,,,,,,,,,,,,,,,,,,,,,,,,,,"Cristian Pache",19948,665506
"Dylan Carlson","CHC","Dylan Carlson","CHC",2026,27,2,1,1,0,0,0,0,0,1,0,0,0,0,0,0,0,0,0,0,0,0,1,0,0,4,1,3,0,0,0,0,0,0,0,0,0,0,0,0,0,0,1,0,0,0,0,0,-0.25511025485482985,-0.13702320155587966,,,,,,,,0.14285714,-100,,,,,,,,,,,,,,,,,,,,,,,,,,,,,,,,,,,,,,,,,,,,,,,,,,,,,,,,,,,,,,,,,,,,,,,,,,,,,,,,,,,,,,,,,,,,,,,,,,,,,,,,,,,,,,,,,,,,,,,,,,,,,,,,,,,,,,,,0,,"27 - 27",,,,1,0,0,0,1,0,0,,,,,,,,,,,,,,,,,,,,,,,,,,,,,,,,,,,,,,,,,,,,,,,,,,,,,,,,,,,,,,,,,,,,,,,,,,,,,,,,,,,,,,,,,,,,,,,,,,,,,,,,,,,,,,,,,,,,,,,,,,,,,"B",,,,,,,,,,,,,,,,,,,,,,,,,,,,,,,,,,,,,,,,,,,,,,,,,,,,,,,,,,,,,,,,,,,,,,,,,,,,,,,,,,,,,,,,,,,,,,,,,,,,,,,,,,,,,,,,,,,,,,,,,,"Dylan Carlson",20126,666185
"Logan Porter","- - -","Logan Porter","- - -",2026,30,2,1,1,0,0,0,0,0,1,0,0,0,1,0,0,0,0,0,0,0,0,0,0,0,5,2,3,0,0,0,0,1,0,0,0,0,0,0,0,0,0,0,0,0,0,0,0,-0.25511025485482985,-0.13702320155587966,,,,,,,,0.14285714,-100,,,,,,,,,,,,,,,,,,,,,,,,,,,,,,,,,,,,,,,,,,,,,,,,,,,,,,,,,,,,,,,,,,,,,,,,,,,,,,,,,,,,,,,,,,,,,,,,,,,,,,,,,,,,,,,,,,,,,,,,,,,,,,,,,,,,,,,,0,,"30 - 30",,,,,,,,,,1,,,,,,,,,,,,,,,,,,,,,,,,,,,,,,,,,,,,,,,,,,,,,,,,,,,,,,,,,,,,,,,,,,,,,,,,,,,,,,,,,,,,,,,,,,,,,,,,,,,,,,,,,,,,,,,,,,,,,,,,,,,,,"R",,,,,,,,,,,,,,,,,,,,,,,,,,,,,,,,,,,,,,,,,,,,,,,,,,,,,,,,,,,,,,,,,,,,,,,,,,,,,,,,,,,,,,,,,,,,,,,,,,,,,,,,,,,,,,,,,,,,,,,,,,"Logan Porter",20626,682515
"Luken Baker","ARI","Luken Baker","ARI",2026,29,1,2,2,0,0,0,0,0,0,0,0,0,2,0,0,0,0,0,0,0,0,0,0,0,8,2,6,0,0,0,0,1,0,0,0,0,0,0,0,0,0,0,0,0,0,0,0,-0.5102205097096597,-0.2740464031117593,,,,,,,,0.14285714,-100,,,,,,,,,,,,,,,,,,,,,,,,,,,,,,,,,,,,,,,,,,,,,,,,,,,,,,,,,,,,,,,,,,,,,,,,,,,,,,,,,,,,,,,,,,,,,,,,,,,,,,,,,,,,,,,,,,,,,,,,,,,,,,,,,,,,,,,,0,,"29 - 29",,,,,,,,,,1,,,,,,,,,,,,,,,,,,,,,,,,,,,,,,,,,,,,,,,,,,,,,,,,,,,,,,,,,,,,,,,,,,,,,,,,,,,,,,,,,,,,,,,,,,,,,,,,,,,,,,,,,,,,,,,,,,,,,,,,,,,,,"R",,,,,,,,,,,,,,,,,,,,,,,,,,,,,,,,,,,,,,,,,,,,,,,,,,,,,,,,,,,,,,,,,,,,,,,,,,,,,,,,,,,,,,,,,,,,,,,,,,,,,,,,,,,,,,,,,,,,,,,,,,"Luken Baker",21497,663609
"Oswaldo Cabrera","NYY","Oswaldo Cabrera","NYY",2026,27,3,9,11,0,0,0,0,0,0,0,0,0,4,0,0,2,0,0,0,0,4,0,1,0,36,9,27,0,2,0,0,0.363636363,0,0,0,0,0,0,4,0.2,0.8,0,0,0,0,0,0,-2.8062128034031284,-1.5072552171146762,,,,,,,,0.14285714,-100,,,,,,,,,,,,,,,,,,,,,,,,,,,,,,,,,,,,,,,,,,,,,,,,,,,,,,,,,,,,,,,,,,,,,,,,,,,,,,,,,,,,,,,,,,,,,,,,,,,,,,,,,,,,,,,,,,,,,,,,,,,,,,,,,,,,,,,,0,,"27 - 27",,,,0.42857143,0.28571429,0.28571429,0,0.57142857,0.42857143,0.36363636,,,,,,,,,,,,,,,,,,,,,,,,,,,,,,,,,,,,,,,,,,,,,,,,,,,,,,,,,,,,,,,,,,,,,,,,,,,,,,,,,,,,,,,,,,,,,,,,,,,,,,,,,,,,,,,,,,,,,,,,,,,,,"B",,,,,,,,,,,,,,,,,,,,,,,,,,,,,,,,,,,,,,,,,,,,,,,,,,,,,,,,,,,,,,,,,,,,,,,,,,,,,,,,,,,,,,,,,,,,,,,,,,,,,,,,,,,,,,,,,,,,,,,,,,"Oswaldo Cabrera",21707,665828
"Michael Siani","BAL","Michael Siani","BAL",2026,26,1,1,1,0,0,0,0,0,0,0,0,0,0,0,0,0,0,0,0,0,1,0,0,0,4,2,2,0,0,0,0,0,0,0,0,0,0,0,1,0,1,0,0,0,0,0,0,-0.25511025485482985,-0.13702320155587966,,,,,,,,0.14285714,-100,,,,,,,,,,,,,,,,,,,,,,,,,,,,,,,,,,,,,,,,,,,,,,,,,,,,,,,,,,,,,,,,,,,,,,,,,,,,,,,,,,,,,,,,,,,,,,,,,,,,,,,,,,,,,,,,,,,,,,,,,,,,,,,,,,,,,,,,0,,"26 - 26",,,,1,0,0,0,1,0,0,,,,,,,,,,,,,,,,,,,,,,,,,,,,,,,,,,,,,,,,,,,,,,,,,,,,,,,,,,,,,,,,,,,,,,,,,,,,,,,,,,,,,,,,,,,,,,,,,,,,,,,,,,,,,,,,,,,,,,,,,,,,,"L",,,,,,,,,,,,,,,,,,,,,,,,,,,,,,,,,,,,,,,,,,,,,,,,,,,,,,,,,,,,,,,,,,,,,,,,,,,,,,,,,,,,,,,,,,,,,,,,,,,,,,,,,,,,,,,,,,,,,,,,,,"Michael Siani",22557,672279
"Blake Hunt","SDP","Blake Hunt","SDP",2026,27,1,1,1,0,0,0,0,0,0,0,0,0,1,0,0,0,0,0,0,0,0,0,0,0,7,3,4,0,0,0,0,1,0,0,0,0,0,0,0,0,0,0,0,0,0,0,0,-0.25511025485482985,-0.13702320155587966,,,,,,,,0.14285714,-100,,,,,,,,,,,,,,,,,,,,,,,,,,,,,,,,,,,,,,,,,,,,,,,,,,,,,,,,,,,,,,,,,,,,,,,,,,,,,,,,,,,,,,,,,,,,,,,,,,,,,,,,,,,,,,,,,,,,,,,,,,,,,,,,,,,,,,,,0,,"27 - 27",,,,,,,,,,1,,,,,,,,,,,,,,,,,,,,,,,,,,,,,,,,,,,,,,,,,,,,,,,,,,,,,,,,,,,,,,,,,,,,,,,,,,,,,,,,,,,,,,,,,,,,,,,,,,,,,,,,,,,,,,,,,,,,,,,,,,,,,"R",,,,,,,,,,,,,,,,,,,,,,,,,,,,,,,,,,,,,,,,,,,,,,,,,,,,,,,,,,,,,,,,,,,,,,,,,,,,,,,,,,,,,,,,,,,,,,,,,,,,,,,,,,,,,,,,,,,,,,,,,,"Blake Hunt",23209,675448
"Eric Wagaman","NYM","Eric Wagaman","NYM",2026,28,8,9,9,0,0,0,0,0,0,0,0,0,2,0,0,0,0,0,0,0,6,1,0,0,37,10,27,0,0,0,0,0.222222222,0,0,0,0,0,0,6,0,0.857142857,0.142857142,0,0,0,0,0,-2.2959922936934687,-1.233208814002917,,,,,,,,0.14285714,-100,,,,,,,,,,,,,,,,,,,,,,,,,,,,,,,,,,,,,,,,,,,,,,,,,,,,,,,,,,,,,,,,,,,,,,,,,,,,,,,,,,,,,,,,,,,,,,,,,,,,,,,,,,,,,,,,,,,,,,,,,,,,,,,,,,,,,,,,0,,"28 - 28",,,,0.42857143,0.57142857,0,0,0.71428571,0.28571429,0.22222222,,,,,,,,,,,,,,,,,,,,,,,,,,,,,,,,,,,,,,,,,,,,,,,,,,,,,,,,,,,,,,,,,,,,,,,,,,,,,,,,,,,,,,,,,,,,,,,,,,,,,,,,,,,,,,,,,,,,,,,,,,,,,"R",,,,,,,,,,,,,,,,,,,,,,,,,,,,,,,,,,,,,,,,,,,,,,,,,,,,,,,,,,,,,,,,,,,,,,,,,,,,,,,,,,,,,,,,,,,,,,,,,,,,,,,,,,,,,,,,,,,,,,,,,,"Eric Wagaman",23395,676572
"Will Banfield","CIN","Will Banfield","CIN",2026,26,2,2,2,0,0,0,0,0,0,0,0,0,1,0,0,0,0,0,0,0,0,1,0,1,5,1,4,0,0,0,0,0.5,0,0,0,0,0,0,0,0,0,1,1,0,0,0,0,-0.5102205097096597,-0.2740464031117593,,,,,,,,0.14285714,-100,,,,,,,,,,,,,,,,,,,,,,,,,,,,,,,,,,,,,,,,,,,,,,,,,,,,,,,,,,,,,,,,,,,,,,,,,,,,,,,,,,,,,,,,,,,,,,,,,,,,,,,,,,,,,,,,,,,,,,,,,,,,,,,,,,,,,,,,0,,"26 - 26",,,,1,0,0,1,0,0,0.5,,,,,,,,,,,,,,,,,,,,,,,,,,,,,,,,,,,,,,,,,,,,,,,,,,,,,,,,,,,,,,,,,,,,,,,,,,,,,,,,,,,,,,,,,,,,,,,,,,,,,,,,,,,,,,,,,,,,,,,,,,,,,"R",,,,,,,,,,,,,,,,,,,,,,,,,,,,,,,,,,,,,,,,,,,,,,,,,,,,,,,,,,,,,,,,,,,,,,,,,,,,,,,,,,,,,,,,,,,,,,,,,,,,,,,,,,,,,,,,,,,,,,,,,,"Will Banfield",23790,677943
"Randy Vásquez","SDP","Randy Vásquez","SDP",2026,27,1,1,1,0,0,0,0,0,0,0,0,0,0,0,0,0,0,0,0,0,1,0,0,0,1,0,1,0,0,0,0,0,0,0,0,0,0,0,1,0,1,0,0,0,0,0,0,-0.25511025485482985,-0.13702320155587966,,,,,,,,0.14285714,-100,,,,,,,,,,,,,,,,,,,,,,,,,,,,,,,,,,,,,,,,,,,,,,,,,,,,,,,,,,,,,,,,,,,,,,,,,,,,,,,,,,,,,,,,,,,,,,,,,,,,,,,,,,,,,,,,,,,,,,,,,,,,,,,,,,,,,,,,0,,"27 - 27",,,,1,0,0,0,1,0,0,,,,,,,,,,,,,,,,,,,,,,,,,,,,,,,,,,,,,,,,,,,,,,,,,,,,,,,,,,,,,,,,,,,,,,,,,,,,,,,,,,,,,,,,,,,,,,,,,,,,,,,,,,,,,,,,,,,,,,,,,,,,,"R",,,,,,,,,,,,,,,,,,,,,,,,,,,,,,,,,,,,,,,,,,,,,,,,,,,,,,,,,,,,,,,,,,,,,,,,,,,,,,,,,,,,,,,,,,,,,,,,,,,,,,,,,,,,,,,,,,,,,,,,,,"Randy Vasquez",24719,681190
"Michael Stefanic","ATH","Michael Stefanic","ATH",2026,30,1,2,2,0,0,0,0,0,0,0,0,0,1,0,0,0,0,0,0,0,1,0,0,0,7,1,6,0,0,0,0,0.5,0,0,0,0,0,0,1,0,1,0,0,0,0,0,0,-0.5102205097096597,-0.2740464031117593,,,,,,,,0.14285714,-100,,,,,,,,,,,,,,,,,,,,,,,,,,,,,,,,,,,,,,,,,,,,,,,,,,,,,,,,,,,,,,,,,,,,,,,,,,,,,,,,,,,,,,,,,,,,,,,,,,,,,,,,,,,,,,,,,,,,,,,,,,,,,,,,,,,,,,,,0,,"30 - 30",,,,1,0,0,0,1,0,0.5,,,,,,,,,,,,,,,,,,,,,,,,,,,,,,,,,,,,,,,,,,,,,,,,,,,,,,,,,,,,,,,,,,,,,,,,,,,,,,,,,,,,,,,,,,,,,,,,,,,,,,,,,,,,,,,,,,,,,,,,,,,,,"R",,,,,,,,,,,,,,,,,,,,,,,,,,,,,,,,,,,,,,,,,,,,,,,,,,,,,,,,,,,,,,,,,,,,,,,,,,,,,,,,,,,,,,,,,,,,,,,,,,,,,,,,,,,,,,,,,,,,,,,,,,"Michael Stefanic",25353,683021
"Will Brennan","SFG","Will Brennan","SFG",2026,28,11,21,21,0,0,0,0,0,0,0,0,0,3,0,0,0,1,0,0,0,8,10,0,3,69,15,54,0,0,0,0,0.142857142,0,0,0,0,0,0,0.8,0,0.444444444,0.555555555,0.3,0,0,0,0,-5.357315351951427,-2.877487232673473,,,,,,,,0.14285714,-100,,,,,,,,,,,,,,,,,,,,,,,,,,,,,,,,,,,,,,,,,,,,,,,,,,,,,,,,,,,,,,,,,,,,,,,,,,,,,,,,,,,,,,,,,,,,,,,,,,,,,,,,,,,,,,,,,,,,,,,,,,,,,,,,,,,,,,,,0,,"28 - 28",,,,0.38888889,0.22222222,0.38888889,0.44444444,0.33333333,0.22222222,0.14285714,,,,,,,,,,,,,,,,,,,,,,,,,,,,,,,,,,,,,,,,,,,,,,,,,,,,,,,,,,,,,,,,,,,,,,,,,,,,,,,,,,,,,,,,,,,,,,,,,,,,,,,,,,,,,,,,,,,,,,,,,,,,,"L",,,,,,,,,,,,,,,,,,,,,,,,,,,,,,,,,,,,,,,,,,,,,,,,,,,,,,,,,,,,,,,,,,,,,,,,,,,,,,,,,,,,,,,,,,,,,,,,,,,,,,,,,,,,,,,,,,,,,,,,,,"Will Brennan",25660,686823
"Maverick Handley","BAL","Maverick Handley","BAL",2026,28,1,1,1,0,0,0,0,0,0,0,0,0,1,0,0,0,0,0,0,0,0,0,0,0,4,1,3,0,0,0,0,1,0,0,0,0,0,0,0,0,0,0,0,0,0,0,0,-0.25511025485482985,-0.13702320155587966,,,,,,,,0.14285714,-100,,,,,,,,,,,,,,,,,,,,,,,,,,,,,,,,,,,,,,,,,,,,,,,,,,,,,,,,,,,,,,,,,,,,,,,,,,,,,,,,,,,,,,,,,,,,,,,,,,,,,,,,,,,,,,,,,,,,,,,,,,,,,,,,,,,,,,,,0,,"28 - 28",,,,,,,,,,1,,,,,,,,,,,,,,,,,,,,,,,,,,,,,,,,,,,,,,,,,,,,,,,,,,,,,,,,,,,,,,,,,,,,,,,,,,,,,,,,,,,,,,,,,,,,,,,,,,,,,,,,,,,,,,,,,,,,,,,,,,,,,"R",,,,,,,,,,,,,,,,,,,,,,,,,,,,,,,,,,,,,,,,,,,,,,,,,,,,,,,,,,,,,,,,,,,,,,,,,,,,,,,,,,,,,,,,,,,,,,,,,,,,,,,,,,,,,,,,,,,,,,,,,,"Maverick Handley",26106,668974
"Davis Wendzel","PIT","Davis Wendzel","PIT",2026,29,1,1,1,0,0,0,0,0,0,0,0,0,0,0,0,0,0,0,0,0,1,0,0,0,7,3,4,0,0,0,0,0,0,0,0,0,0,0,1,0,1,0,0,0,0,0,0,-0.25511025485482985,-0.13702320155587966,,,,,,,,0.14285714,-100,,,,,,,,,,,,,,,,,,,,,,,,,,,,,,,,,,,,,,,,,,,,,,,,,,,,,,,,,,,,,,,,,,,,,,,,,,,,,,,,,,,,,,,,,,,,,,,,,,,,,,,,,,,,,,,,,,,,,,,,,,,,,,,,,,,,,,,,0,,"29 - 29",,,,1,0,0,0,1,0,0,,,,,,,,,,,,,,,,,,,,,,,,,,,,,,,,,,,,,,,,,,,,,,,,,,,,,,,,,,,,,,,,,,,,,,,,,,,,,,,,,,,,,,,,,,,,,,,,,,,,,,,,,,,,,,,,,,,,,,,,,,,,,"R",,,,,,,,,,,,,,,,,,,,,,,,,,,,,,,,,,,,,,,,,,,,,,,,,,,,,,,,,,,,,,,,,,,,,,,,,,,,,,,,,,,,,,,,,,,,,,,,,,,,,,,,,,,,,,,,,,,,,,,,,,"Davis Wendzel",26469,673995
"Trei Cruz","DET","Trei Cruz","DET",2026,27,2,4,4,0,0,0,0,0,0,0,0,0,2,0,0,0,0,0,0,0,1,1,0,0,17,6,11,0,0,0,0,0.5,0,0,0,0,0,0,1,0,0.5,0.5,0,0,0,0,0,-1.0204410194193194,-0.5480928062235186,,,,,,,,0.14285714,-100,,,,,,,,,,,,,,,,,,,,,,,,,,,,,,,,,,,,,,,,,,,,,,,,,,,,,,,,,,,,,,,,,,,,,,,,,,,,,,,,,,,,,,,,,,,,,,,,,,,,,,,,,,,,,,,,,,,,,,,,,,,,,,,,,,,,,,,,0,,"27 - 27",,,,0.5,0,0.5,0,0.5,0.5,0.5,,,,,,,,,,,,,,,,,,,,,,,,,,,,,,,,,,,,,,,,,,,,,,,,,,,,,,,,,,,,,,,,,,,,,,,,,,,,,,,,,,,,,,,,,,,,,,,,,,,,,,,,,,,,,,,,,,,,,,,,,,,,,"B",,,,,,,,,,,,,,,,,,,,,,,,,,,,,,,,,,,,,,,,,,,,,,,,,,,,,,,,,,,,,,,,,,,,,,,,,,,,,,,,,,,,,,,,,,,,,,,,,,,,,,,,,,,,,,,,,,,,,,,,,,"Trei Cruz",27569,669360
"Brett Harris","- - -","Brett Harris","- - -",2026,28,4,4,4,0,0,0,0,0,0,0,0,0,2,0,0,0,0,0,0,0,1,1,0,0,17,5,12,0,0,0,0,0.5,0,0,0,0,0,0,1,0,0.5,0.5,0,0,0,0,0,-1.0204410194193194,-0.5480928062235186,,,,,,,,0.14285714,-100,,,,,,,,,,,,,,,,,,,,,,,,,,,,,,,,,,,,,,,,,,,,,,,,,,,,,,,,,,,,,,,,,,,,,,,,,,,,,,,,,,,,,,,,,,,,,,,,,,,,,,,,,,,,,,,,,,,,,,,,,,,,,,,,,,,,,,,,0,,"28 - 28",,,,0,1,0,0,1,0,0.5,,,,,,,,,,,,,,,,,,,,,,,,,,,,,,,,,,,,,,,,,,,,,,,,,,,,,,,,,,,,,,,,,,,,,,,,,,,,,,,,,,,,,,,,,,,,,,,,,,,,,,,,,,,,,,,,,,,,,,,,,,,,,"R",,,,,,,,,,,,,,,,,,,,,,,,,,,,,,,,,,,,,,,,,,,,,,,,,,,,,,,,,,,,,,,,,,,,,,,,,,,,,,,,,,,,,,,,,,,,,,,,,,,,,,,,,,,,,,,,,,,,,,,,,,"Brett Harris",29788,695391
"Kyler Fedko","MIN","Kyler Fedko","MIN",2026,26,8,7,8,0,0,0,0,0,1,1,0,0,2,0,1,0,0,0,1,0,2,2,2,0,27,8,19,0,0,0,0,0.25,0,0,0,0,0,0,1,0.333333333,0.333333333,0.333333333,0,0,0,0,0,-2.040882038838639,-1.0961856124470373,,,,,,,,0,-100,,,,,,,,,,,,,,,,,,,,,,,,,,,,,,,,,,,,,,,,,,,,,,,,,,,,,,,,,,,,,,,,,,,,,,,,,,,,,,,,,,,,,,,,,,,,,,,,,,,,,,,,,,,,,,,,,,,,,,,,,,,,,,,,,,,,,,,,-0.41089826822280884,,"26 - 26",,,,0.33333333,0.33333333,0.33333333,0.33333333,0.33333333,0.33333333,0.25,,,,,,,,,,,,,,,,,,,,,,,,,,,,,,,,,,,,,,,,,,,,,,,,,,,,,,,,,,,,,,,,,,,,,,,,,,,,,,,,,,,,,,,,,,,,,,,,,,,,,,,,,,,,,,,,,,,,,,,,,,,,,"R",,,,,,,,,,,,,,,,,,,,,,,,,,,,,,,,,,,,,,,,,,,,,,,,,,,,,,,,,,,,,,,,,,,,,,,,,,,,,,,,,,,,,,,,,,,,,,,,,,,,,,,,,,,,,,,,,,,,,,,,,,"Kyler Fedko",29930,693459
"Otto Kemp","PHI","Otto Kemp","PHI",2026,26,4,5,5,0,0,0,0,0,0,0,0,0,2,0,0,0,0,0,0,0,0,1,2,1,19,4,15,0,0,0,0,0.4,0,0,0,0,0,0,0,0.666666666,0,0.333333333,1,0,0,0,0,-1.2755512742741493,-0.6851160077793983,,,,,,,,0.14285714,-100,,,,,,,,,,,,,,,,,,,,,,,,,,,,,,,,,,,,,,,,,,,,,,,,,,,,,,,,,,,,,,,,,,,,,,,,,,,,,,,,,,,,,,,,,,,,,,,,,,,,,,,,,,,,,,,,,,,,,,,,,,,,,,,,,,,,,,,,0,,"26 - 26",,,,0,0,1,0.33333333,0,0.66666667,0.4,,,,,,,,,,,,,,,,,,,,,,,,,,,,,,,,,,,,,,,,,,,,,,,,,,,,,,,,,,,,,,,,,,,,,,,,,,,,,,,,,,,,,,,,,,,,,,,,,,,,,,,,,,,,,,,,,,,,,,,,,,,,,"R",,,,,,,,,,,,,,,,,,,,,,,,,,,,,,,,,,,,,,,,,,,,,,,,,,,,,,,,,,,,,,,,,,,,,,,,,,,,,,,,,,,,,,,,,,,,,,,,,,,,,,,,,,,,,,,,,,,,,,,,,,"Otto Kemp",31792,805249
"Nick Morabito","NYM","Nick Morabito","NYM",2026,23,3,5,5,0,0,0,0,0,0,0,0,0,5,0,0,0,0,0,1,0,0,0,0,0,22,6,16,0,0,0,0,1,0,0,0,0,0,0,0,0,0,0,0,0,0,0,0,-1.2755512742741493,-0.6851160077793983,,,,,,,,0,-100,,,,,,,,,,,,,,,,,,,,,,,,,,,,,,,,,,,,,,,,,,,,,,,,,,,,,,,,,,,,,,,,,,,,,,,,,,,,,,,,,,,,,,,,,,,,,,,,,,,,,,,,,,,,,,,,,,,,,,,,,,,,,,,,,,,,,,,,-0.41089826822280884,,"23 - 23",,,,,,,,,,1,,,,,,,,,,,,,,,,,,,,,,,,,,,,,,,,,,,,,,,,,,,,,,,,,,,,,,,,,,,,,,,,,,,,,,,,,,,,,,,,,,,,,,,,,,,,,,,,,,,,,,,,,,,,,,,,,,,,,,,,,,,,,"R",,,,,,,,,,,,,,,,,,,,,,,,,,,,,,,,,,,,,,,,,,,,,,,,,,,,,,,,,,,,,,,,,,,,,,,,,,,,,,,,,,,,,,,,,,,,,,,,,,,,,,,,,,,,,,,,,,,,,,,,,,"Nick Morabito",32119,703492