Name,Season,Pitch,Pitches,H-Swing%,H-Contact%,H-Zone%,S-Swing%,S-Contact%,S-Zone%,C-Swing%,C-Contact%,C-Zone%,W-Swing%,W-Contact%,W-Zone%,NameASCII,PlayerId,MLBAMID
"Pete Alonso",2026,"FA,FC,FO,FS,SI,CH,SL,CU,KC",2011,0.6920077972709552,0.856338028169014,0.2541024365987071,0.512258064516129,0.7858942065491183,0.38488314271506713,0.25661914460285135,0.4523809523809524,0.24415713575335654,0.05172413793103448,0,0.11536548980606663,"Pete Alonso","19251",624413
"Drew Gilbert",2026,"FA,FC,FS,SI,CH,SL,CU,KN,KC,EP",1338,0.6685552407932012,0.9279661016949152,0.26307922272047835,0.4757785467128028,0.7854545454545454,0.4319880418535127,0.1387900355871886,0.3333333333333333,0.2100149476831091,0.023809523809523808,0,0.09417040358744394,"Drew Gilbert","31545",687551
"Bo Bichette",2026,"FA,FC,FO,FS,SI,CH,SL,CU,KC,EP",1806,0.6940133037694013,0.9169329073482428,0.24916943521594684,0.616600790513834,0.8696581196581197,0.41971207087486156,0.39853300733496333,0.5828220858895705,0.2264673311184939,0.11229946524064172,0.09523809523809523,0.1035437430786268,"Bo Bichette","19612",666182
"Junior Caminero",2026,"FA,FC,FS,SI,CH,SL,CU,KN,KC,EP",1924,0.691764705882353,0.9115646258503401,0.2208939708939709,0.5344352617079889,0.7860824742268041,0.37733887733887733,0.3287128712871287,0.5903614457831325,0.2624740124740125,0.10820895522388059,0.3103448275862069,0.13877338877338877,"Junior Caminero","28163",691406
"Yohendrick Piñango",2026,"FA,FC,FS,SI,CH,SL,CU,KC",584,0.72,0.8796296296296297,0.2568493150684932,0.6,0.8333333333333334,0.4092465753424658,0.30952380952380953,0.5641025641025641,0.21575342465753425,0.029411764705882353,0,0.11643835616438356,"Yohendrick Pinango","26664",682818
"Corbin Carroll",2026,"FA,FC,FS,SI,CH,SL,CU,KC",1806,0.7252747252747253,0.8090909090909091,0.2513842746400886,0.5271523178807948,0.7763819095477387,0.41805094130675524,0.25829383886255924,0.5596330275229358,0.2336655592469546,0.09195402298850575,0.1875,0.09634551495016612,"Corbin Carroll","25878",682998
"Gabriel Moreno",2026,"FA,FC,FS,SI,CH,SL,CU,KC",1723,0.5916870415647921,0.9504132231404959,0.23737666860127685,0.4556786703601108,0.8753799392097265,0.4184561810795125,0.25970873786407767,0.6915887850467289,0.2391178177597214,0.07222222222222222,0.38461538461538464,0.1044689495066744,"Gabriel Moreno","22664",672515
"Will Smith",2026,"FA,FC,FS,SI,CH,SL,CU,KC,EP",782,0.6831683168316832,0.9057971014492754,0.25831202046035806,0.5044510385756676,0.8588235294117647,0.4309462915601023,0.16470588235294117,0.5714285714285714,0.21739130434782608,0.0273972602739726,0,0.09335038363171355,"Will Smith","19197",669257
"Kyle Tucker",2026,"FA,FC,FS,SI,CH,SL,CU,KC,EP",1703,0.8229885057471265,0.8938547486033519,0.2542571931884909,0.5589080459770115,0.7994858611825193,0.40869054609512623,0.1686182669789227,0.4583333333333333,0.2507339988256019,0.05517241379310345,0,0.08514386376981797,"Kyle Tucker","18345",663656
"Austin Riley",2026,"FA,FC,FO,FS,SI,CH,SL,CU,KN,KC,EP",1718,0.7435897435897436,0.877742946708464,0.24970896391152503,0.5649717514124294,0.6925,0.4121071012805588,0.3112244897959184,0.4180327868852459,0.2281722933643772,0.06349206349206349,0,0.10942956926658906,"Austin Riley","18360",663586
"Sam Antonacci",2026,"FA,FC,FS,SI,CH,SL,CU,KC,EP",1701,0.7055084745762712,0.9429429429429429,0.2768959435626102,0.49008498583569404,0.8641618497109826,0.4144620811287478,0.1349206349206349,0.5490196078431373,0.2222222222222222,0.013793103448275862,0.5,0.08524397413286303,"Sam Antonacci","35101",803011
"Kerry Carpenter",2026,"FA,FC,FS,SI,CH,SL,CU,KC",909,0.7135922330097088,0.8299319727891157,0.22662266226622663,0.608355091383812,0.8068669527896996,0.41914191419141916,0.3377777777777778,0.47368421052631576,0.24752475247524752,0.08421052631578947,0,0.10451045104510451,"Kerry Carpenter","25961",681481
"Ian Happ",2026,"FA,FC,FO,FS,SI,CH,SL,CU,KN,KC,EP",2147,0.7031802120141343,0.8618090452261307,0.26362366092221706,0.48534583821805394,0.6739130434782609,0.39729855612482534,0.1794871794871795,0.42857142857142855,0.23567768979972054,0.02262443438914027,0,0.10293432696786213,"Ian Happ","17919",664023
"Sal Stewart",2026,"FA,FC,FS,SI,CH,SL,CU,KC,EP",1965,0.7424547283702213,0.8482384823848238,0.2529262086513995,0.5847880299251871,0.7611940298507462,0.4076335877862595,0.30022075055187636,0.5367647058823529,0.23002544529262087,0.06103286384976526,0.23076923076923078,0.1083969465648855,"Sal Stewart","31505",701398
"Colton Cowser",2026,"FA,FC,FS,SI,CH,SL,CU,KC",1384,0.6574074074074074,0.8544600938967136,0.23410404624277456,0.5033783783783784,0.7080536912751678,0.4270231213872832,0.281437125748503,0.40425531914893614,0.24132947976878613,0.08955223880597014,0.16666666666666666,0.0968208092485549,"Colton Cowser","29591",681297
"Kevin McGonigle",2026,"FA,FC,FS,SI,CH,SL,CU,KC,EP",2000,0.7374517374517374,0.9319371727748691,0.259,0.47045454545454546,0.8719806763285024,0.4385,0.12439024390243902,0.5686274509803921,0.205,0.020833333333333332,0.5,0.096,"Kevin McGonigle","33572",805808
"Yandy Díaz",2026,"FA,FC,FO,FS,SI,CH,SL,CU,KC",1786,0.7055214723926381,0.9130434782608695,0.2726763717805151,0.5413839891451832,0.87468671679198,0.41153415453527437,0.23393316195372751,0.7362637362637363,0.21780515117581187,0.029239766081871343,0,0.09574468085106383,"Yandy Diaz","16578",650490
"Nico Hoerner",2026,"FA,FC,FO,FS,SI,CH,SL,CU,KN,KC,EP",1855,0.6462167689161554,0.9683544303797469,0.26307277628032344,0.5288944723618091,0.9073634204275535,0.42857142857142855,0.25,0.7156862745098039,0.21994609164420484,0.12345679012345678,0.3,0.08733153638814016,"Nico Hoerner","21479",663538
"Eugenio Suárez",2026,"FA,FC,FO,FS,SI,CH,SL,CU,KC",1438,0.7219251336898396,0.8888888888888888,0.26008344923504867,0.5551782682512734,0.6788990825688074,0.4095966620305981,0.24695121951219512,0.32098765432098764,0.22809457579972184,0.10204081632653061,0,0.10222531293463143,"Eugenio Suarez","12552",553993
"William Contreras",2026,"FA,FC,FS,SI,CH,SL,CU,KN,KC,EP",1581,0.7556675062972292,0.9233333333333333,0.2511068943706515,0.5267993874425727,0.8401162790697675,0.41302972802024035,0.27071823204419887,0.5102040816326531,0.22896900695762176,0.05325443786982249,0.1111111111111111,0.1068943706514864,"William Contreras","20503",661388
"Christian Yelich",2026,"FA,FC,FS,SI,CH,SL,CU,KC,EP",1511,0.719047619047619,0.8278145695364238,0.2772998014559894,0.46794871794871795,0.6917808219178082,0.4129715420251489,0.2085889570552147,0.3235294117647059,0.2157511581733951,0.10638297872340426,0,0.09331568497683654,"Christian Yelich","11477",592885
"Iván Herrera",2026,"FA,FC,FO,FS,SI,CH,SL,CU,KC",1903,0.6536203522504892,0.9251497005988024,0.2674724119810825,0.5012437810945274,0.8138957816377171,0.42196531791907516,0.25307125307125306,0.5145631067961165,0.2138728323699422,0.08839779005524862,0.0625,0.0951129795060431,"Ivan Herrera","20599",671056
"Yainer Diaz",2026,"FA,FC,FS,SI,CH,SL,CU,KC,EP",809,0.82,0.9329268292682927,0.24721878862793573,0.654320987654321,0.8490566037735849,0.4004944375772559,0.4010416666666667,0.5584415584415584,0.2360939431396786,0.10752688172043011,0.1,0.11495673671199011,"Yainer Diaz","23003",673237
"Pete Crow-Armstrong",2026,"FA,FC,FO,FS,SI,CH,SL,CU,KN,KC,EP",1950,0.7146118721461188,0.9041533546325878,0.2235897435897436,0.6107634543178974,0.7561475409836066,0.4087179487179487,0.3305084745762712,0.5833333333333334,0.24205128205128204,0.15767634854771784,0.18421052631578946,0.12358974358974359,"Pete Crow-Armstrong","27769",691718
"Mike Yastrzemski",2026,"FA,FC,FO,FS,SI,CH,SL,CU,KN,KC,EP",1549,0.6502347417840375,0.8989169675090253,0.2750161394448031,0.4590690208667737,0.8076923076923077,0.40219496449322145,0.21983914209115282,0.5121951219512195,0.2408005164622337,0.10236220472440945,0,0.08198837959974177,"Mike Yastrzemski","14854",573262
"Josh Smith",2026,"FA,FC,FO,FS,SI,CH,SL,CU,KC",833,0.6581632653061225,0.9147286821705426,0.23529411764705882,0.522911051212938,0.8298969072164949,0.44537815126050423,0.2760416666666667,0.4528301886792453,0.22929171668667467,0.12162162162162163,0.1111111111111111,0.08883553421368548,"Josh Smith","26396",669701
"Geraldo Perdomo",2026,"FA,FC,FS,SI,CH,SL,CU,KC",2011,0.6037037037037037,0.9263803680981595,0.26852312282446544,0.432648401826484,0.8786279683377308,0.43560417702635507,0.13285024154589373,0.6363636363636364,0.20586772749875684,0.022099447513812154,0.25,0.09000497265042268,"Geraldo Perdomo","22799",672695
"Yordan Alvarez",2026,"FA,FC,FS,SI,CH,SL,CU,KC",1922,0.6658986175115207,0.903114186851211,0.22580645161290322,0.4921875,0.8809523809523809,0.39854318418314255,0.25865580448065173,0.6299212598425197,0.25390218522372526,0.056768558951965066,0,0.11914672216441206,"Yordan Alvarez","19556",670541
"Luis Arraez",2026,"FA,FC,FO,FS,SI,CH,SL,CU,KC,EP",1705,0.650103519668737,0.9522292993630573,0.2821114369501466,0.5311614730878187,0.9493333333333334,0.41407624633431084,0.30952380952380953,0.9487179487179487,0.22111436950146626,0.036231884057971016,0.8,0.08093841642228738,"Luis Arraez","18568",650333
"TJ Rumfield",2026,"FA,FC,FO,FS,SI,CH,SL,CU,KN,KC,EP",1690,0.7970297029702971,0.953416149068323,0.23905325443786982,0.5647743813682679,0.8479381443298969,0.40650887573964495,0.25229357798165136,0.5363636363636364,0.257396449704142,0.07975460122699386,0,0.09644970414201183,"TJ Rumfield","29805",681198
"Alex Bregman",2026,"FA,FC,FO,FS,SI,CH,SL,CU,KN,KC,EP",2046,0.6517241379310345,0.917989417989418,0.28152492668621704,0.48862275449101794,0.8602941176470589,0.40811339198435975,0.18287037037037038,0.5316455696202531,0.21114369501466276,0.020100502512562814,0.25,0.09726295210166178,"Alex Bregman","17678",608324
"Otto Lopez",2026,"FA,FC,FS,SI,CH,SL,CU,KN,KC",1867,0.6646586345381527,0.9365558912386707,0.2667380824852705,0.5045045045045045,0.8545918367346939,0.4156400642742367,0.2703349282296651,0.5132743362831859,0.22281735404392072,0.08620689655172414,0.13333333333333333,0.09319764327798608,"Otto Lopez","19608",672640
"Alika Williams",2026,"FA,FC,FS,SI,CH,SL,CU,KC,EP",452,0.6616541353383458,0.8863636363636364,0.2942477876106195,0.5684210526315789,0.8148148148148148,0.41814159292035397,0.3,0.4074074074074074,0.19911504424778761,0.23076923076923078,0,0.08628318584070796,"Alika Williams","27604",675961
"Daylen Lile",2026,"FA,FC,FO,FS,SI,CH,SL,CU,KC,EP",1707,0.8151898734177215,0.8975155279503105,0.23140011716461628,0.654843110504775,0.8229166666666666,0.4282366725248975,0.29523809523809524,0.5241935483870968,0.2460456942003515,0.08176100628930817,0.23076923076923078,0.09314586994727592,"Daylen Lile","29995",695734
"Alec Burleson",2026,"FA,FC,FO,FS,SI,CH,SL,CU,KC",1760,0.7368421052631579,0.8469387755102041,0.22613636363636364,0.6422535211267606,0.831140350877193,0.4034090909090909,0.32293986636971045,0.6827586206896552,0.2545454545454545,0.15841584158415842,0.3125,0.11477272727272728,"Alec Burleson","27615",676475
"Adolis García",2026,"FA,FC,FS,SI,CH,SL,CU,KC",796,0.7237569060773481,0.816793893129771,0.22738693467336685,0.5372670807453416,0.6589595375722543,0.4045226130653266,0.2560386473429952,0.37735849056603776,0.2600502512562814,0.06976744186046512,0,0.10804020100502512,"Adolis Garcia","19287",666969
"Luis Campusano",2026,"FA,FC,FO,FS,SI,CH,SL,CU,KC,EP",785,0.6952380952380952,0.8767123287671232,0.267515923566879,0.5551839464882943,0.7771084337349398,0.38089171974522296,0.2639593908629442,0.4230769230769231,0.25095541401273885,0.11392405063291139,0,0.10063694267515924,"Luis Campusano","22217",669134
"Ben Rice",2026,"FA,FC,FS,SI,CH,SL,CU,KC,EP",1823,0.6986607142857143,0.9009584664536742,0.24520021941854087,0.476010101010101,0.7586206896551724,0.4344487109160724,0.17892156862745098,0.410958904109589,0.2238069116840373,0.045714285714285714,0.125,0.09599561162918267,"Ben Rice","29576",700250
"Spencer Torkelson",2026,"FA,FC,FS,SI,CH,SL,CU,KC,EP",1768,0.7515274949083504,0.8509485094850948,0.27658371040723984,0.46320346320346323,0.616822429906542,0.3919683257918552,0.1518987341772152,0.1,0.2234162895927602,0.06349206349206349,0.08333333333333333,0.10690045248868778,"Spencer Torkelson","27465",679529
"Jordan Walker",2026,"FA,FC,FO,FS,SI,CH,SL,CU,KC",1714,0.7572115384615384,0.8476190476190476,0.24095682613768962,0.600828729281768,0.7057471264367816,0.4224037339556593,0.35904255319148937,0.37037037037037035,0.2193698949824971,0.12626262626262627,0.16,0.11551925320886815,"Jordan Walker","27475",691023
"Fernando Tatis Jr.",2026,"FA,FC,FS,SI,CH,SL,CU,KC,EP",1888,0.75,0.9220430107526881,0.2627118644067797,0.5394566623544631,0.7458033573141487,0.4083686440677966,0.2072072072072072,0.33695652173913043,0.23516949152542374,0.08,0.07142857142857142,0.09216101694915255,"Fernando Tatis Jr.","19709",665487
"Taylor Trammell",2026,"FA,FC,FS,SI,CH,SL,CU,KC",927,0.7413793103448276,0.8488372093023255,0.25026968716289105,0.5729166666666666,0.5954545454545455,0.41423948220064727,0.23696682464454977,0.16,0.22761596548004315,0.09,0.1111111111111111,0.10787486515641856,"Taylor Trammell","19960",666211
"Casey Schmitt",2026,"FA,FC,FO,FS,SI,CH,SL,CU,KC",1067,0.7586206896551724,0.9545454545454546,0.2717900656044986,0.5734265734265734,0.8211382113821138,0.3992502343017807,0.34509803921568627,0.42045454545454547,0.23898781630740393,0.0967741935483871,0,0.08716026241799438,"Casey Schmitt","27577",669477
"Luis García Jr.",2026,"FA,FC,FO,FS,SI,CH,SL,CU,KC,EP",1678,0.7545691906005222,0.9204152249134948,0.22765196662693682,0.6151645207439199,0.8395348837209302,0.4159713945172825,0.3769230769230769,0.6394557823129252,0.232419547079857,0.06310679611650485,0.3076923076923077,0.12216924910607867,"Luis Garcia Jr.","20391",671277
"Eric Wagaman",2026,"FA,FC,FS,SI,CH,SL,CU,KC",37,0.6363636363636364,0.7142857142857143,0.2972972972972973,0.7142857142857143,0.7,0.3783783783783784,0.5,0.5,0.21621621621621623,0,0,0.10810810810810811,"Eric Wagaman","23395",676572
"Joey Meneses",2026,"FA,FS,SI,SL,KC",27,0.75,1,0.14814814814814814,0.5454545454545454,0.6666666666666666,0.4074074074074074,0.2222222222222222,0,0.3333333333333333,0,0,0.1111111111111111,"Joey Meneses","14366",608841
"Miles Mikolas",2026,"FA",3,0,0,0,0.3333333333333333,1,1,0,0,0,0,0,0,"Miles Mikolas","9803",571945
"Otto Kemp",2026,"FA,FS,SI,CH,SL,CU,KC",19,0.75,1,0.21052631578947367,0.75,0.6666666666666666,0.42105263157894735,0.5,0,0.21052631578947367,0.6666666666666666,0,0.15789473684210525,"Otto Kemp","31792",805249
"Kyren Paris",2026,"FA,FC,SI,SL",22,0.6666666666666666,1,0.13636363636363635,0.4166666666666667,0.2,0.5454545454545454,0.16666666666666666,0,0.2727272727272727,0,0,0.045454545454545456,"Kyren Paris","26420",677347
"César Salazar",2026,"FA,FC,FS,SI,CH,SL,CU",71,0.7777777777777778,0.8571428571428571,0.2535211267605634,0.4117647058823529,1,0.4788732394366197,0.18181818181818182,0,0.15492957746478872,0,0,0.11267605633802817,"Cesar Salazar","21587",663967
"Jihwan Bae",2026,"FC,SI,CH",9,0.5,1,0.2222222222222222,0.3333333333333333,1,0.3333333333333333,1,0,0.1111111111111111,0,0,0.3333333333333333,"Jihwan Bae","23818",678225
"Kyler Fedko",2026,"FA,FC,SI,CH,SL,CU,EP",27,1,0.8,0.18518518518518517,0.2727272727272727,0.6666666666666666,0.4074074074074074,0.7777777777777778,0.5714285714285714,0.3333333333333333,0,0,0.07407407407407407,"Kyler Fedko","29930",693459
"Aaron Sabato",2026,"FA,SI,SL",11,1,1,0.18181818181818182,0.5,0.6666666666666666,0.5454545454545454,0.3333333333333333,0,0.2727272727272727,0,0,0,"Aaron Sabato","27774",693306
"Dylan Moore",2026,"FA,FC,FS,SI,SL,CU",15,0.6666666666666666,0.5,0.2,0.6666666666666666,1,0.2,0.3333333333333333,0,0.4,0.3333333333333333,0,0.2,"Dylan Moore","18042",664238
"Scott Kingery",2026,"FA,SL",3,0,0,0,1,0.5,0.6666666666666666,1,1,0.3333333333333333,0,0,0,"Scott Kingery","17975",664068
"James Triantos",2026,"FA,SI,CH,SL,KC,EP",15,1,0.6666666666666666,0.2,0.375,0.6666666666666666,0.5333333333333333,0,0,0.2,1,0,0.06666666666666667,"James Triantos","29795",701649
"Luken Baker",2026,"FA,FS,SI,SL,CU",8,1,1,0.125,0.6,0,0.625,0,0,0.25,0,0,0,"Luken Baker","21497",663609
"Trei Cruz",2026,"FA,FC,SI,CH,SL,CU",17,0.7142857142857143,0.8,0.4117647058823529,0.6,0,0.29411764705882354,0,0,0.11764705882352941,0,0,0.17647058823529413,"Trei Cruz","27569",669360
"Will Wilson",2026,"FA,FC,FS,SL,CU",18,0,0,0,0.75,0.6666666666666666,0.4444444444444444,0.2857142857142857,0.5,0.3888888888888889,0.3333333333333333,0,0.16666666666666666,"Will Wilson","25434",669717
"Cristian Pache",2026,"FA,FS,SI,SL",22,0.8571428571428571,0.8333333333333334,0.3181818181818182,0.6666666666666666,0.6666666666666666,0.4090909090909091,0,0,0.13636363636363635,0,0,0.13636363636363635,"Cristian Pache","19948",665506
"Oliver Dunn",2026,"FA,FC,SI,CH,SL,CU,KC",27,0.5,0.8,0.37037037037037035,0.4444444444444444,1,0.3333333333333333,0.14285714285714285,0,0.25925925925925924,0,0,0.037037037037037035,"Oliver Dunn","26295",686554
"Logan Porter",2026,"SI,CH,SL",5,0,0,0.4,0.5,1,0.4,0,0,0,0,0,0.2,"Logan Porter","20626",682515
"Dylan Carlson",2026,"FA,FS,SL",4,0,0,0.25,0.5,1,0.5,0,0,0,0,0,0.25,"Dylan Carlson","20126",666185
"Andy Ibáñez",2026,"SI,SL",5,1,1,0.2,0,0,0.2,0,0,0.6,0,0,0,"Andy Ibanez","18819",628451
"Will Brennan",2026,"FA,FC,SI,CH,SL,CU,KC",68,0.9444444444444444,0.9411764705882353,0.2647058823529412,0.6285714285714286,0.9090909090909091,0.5147058823529411,0.36363636363636365,1,0.16176470588235295,0.5,1,0.058823529411764705,"Will Brennan","25660",686823
"BJ Murray Jr.",2026,"FA,SI,CH,SL",20,0.6,0.6666666666666666,0.25,0.8,0.875,0.5,0,0,0.2,0,0,0.05,"BJ Murray Jr.","29767",681230
"Davis Wendzel",2026,"FA,SL",7,0.5,1,0.2857142857142857,1,1,0.14285714285714285,0.3333333333333333,1,0.42857142857142855,0,0,0.14285714285714285,"Davis Wendzel","26469",673995
"Michael Siani",2026,"EP",4,0,0,0,0,0,0,0.3333333333333333,1,0.75,0,0,0.25,"Michael Siani","22557",672279
"Randy Vásquez",2026,"EP",1,1,1,1,0,0,0,0,0,0,0,0,0,"Randy Vasquez","24719",681190
"Maverick Handley",2026,"FC,SL",4,0,0,0,1,0.5,0.5,0,0,0.25,1,0,0.25,"Maverick Handley","26106",668974
"Blake Hunt",2026,"FA,CH,SL",7,1,0,0.14285714285714285,0.25,0,0.5714285714285714,1,1,0.14285714285714285,0,0,0.14285714285714285,"Blake Hunt","23209",675448
"Ryan Bliss",2026,"FA,FC,SI,SL",26,0.6,0.6666666666666666,0.19230769230769232,0.5454545454545454,0.3333333333333333,0.4230769230769231,0.2222222222222222,0.5,0.34615384615384615,0,0,0.038461538461538464,"Ryan Bliss","29547",669208
"Rudy Martin Jr.",2026,"FA,SL,CU",7,0.5,1,0.2857142857142857,0,0,0.5714285714285714,0,0,0,0,0,0.14285714285714285,"Rudy Martin Jr.","18582",657675
"José Barrero",2026,"FA,FC,SI,SL",11,0.4,1,0.45454545454545453,1,0.6666666666666666,0.2727272727272727,0.6666666666666666,0,0.2727272727272727,0,0,0,"Jose Barrero","23378",676480
"Deyvison De Los Santos",2026,"FA,FC,SI,CH,SL,CU",67,0.631578947368421,1,0.2835820895522388,0.42857142857142855,1,0.31343283582089554,0.35294117647058826,0.3333333333333333,0.2537313432835821,0.3,0,0.14925373134328357,"Deyvison De Los Santos","27969",691277
"Eddys Leonard",2026,"FA,FC,FS,SI,CH,SL",13,0,0,0.07692307692307693,0.6666666666666666,0.5,0.46153846153846156,1,0.5,0.3076923076923077,0,0,0.15384615384615385,"Eddys Leonard","24151",678760
"Stuart Fairchild",2026,"FA,FC,FS,SI,SL,CU",21,0.5,1,0.09523809523809523,0.8181818181818182,0.2222222222222222,0.5238095238095238,0.14285714285714285,0,0.3333333333333333,0,0,0.047619047619047616,"Stuart Fairchild","20321",656413
"Collin Price",2026,"FA,FC,SI,CH,SL,CU",43,0.7777777777777778,1,0.20930232558139536,0.47368421052631576,0.4444444444444444,0.4418604651162791,0.42857142857142855,0,0.32558139534883723,0,0,0.023255813953488372,"Collin Price","31415",805672
"Daniel Johnson",2026,"FA,FC,FS,SI,CH,SL,CU",46,0.6666666666666666,1,0.2608695652173913,0.5,0.7777777777777778,0.391304347826087,0.08333333333333333,0,0.2608695652173913,0.25,0,0.08695652173913043,"Daniel Johnson","19643",669288
"Tommy Pham",2026,"FA,FS,CH,SL,CU",20,0.7142857142857143,0.8,0.35,0.8333333333333334,0.8,0.3,0,0,0.25,0,0,0.1,"Tommy Pham","2967",502054
"Nick Solak",2026,"FA,FC,CH,SL",6,1,1,0.16666666666666666,0.5,1,0.6666666666666666,0,0,0,0,0,0.16666666666666666,"Nick Solak","19294",669256
"Addison Barger",2026,"FA,FC,SI,CH,SL,CU,KC",94,0.7,0.8571428571428571,0.2127659574468085,0.47368421052631576,0.9444444444444444,0.40425531914893614,0.391304347826087,0.5555555555555556,0.24468085106382978,0.15384615384615385,0,0.13829787234042554,"Addison Barger","24598",680718
"Chad Stevens",2026,"FA,FC,FS,SI,SL,CU,KC,EP",61,0.7333333333333333,1,0.2459016393442623,0.6086956521739131,0.6428571428571429,0.3770491803278688,0.3333333333333333,0.2,0.2459016393442623,0.125,0,0.13114754098360656,"Chad Stevens","29614",677060
"Jeimer Candelario",2026,"FA,FC,FS,SI,CH,SL,CU,KC",49,0.5333333333333333,0.75,0.30612244897959184,0.8421052631578947,0.375,0.3877551020408163,0.42857142857142855,0.3333333333333333,0.14285714285714285,0.125,0,0.16326530612244897,"Jeimer Candelario","13621",600869
"Andrew Velazquez",2026,"FA,FC,FS,SI,CH,SL,CU",35,0.5,1,0.2857142857142857,0.6,0.8888888888888888,0.42857142857142855,0.75,0.6666666666666666,0.11428571428571428,0,0,0.17142857142857143,"Andrew Velazquez","14196",623205
"Brian Navarreto",2026,"FA,FC,FS,SI,CH,SL,CU,EP",75,0.7,0.8571428571428571,0.26666666666666666,0.6,0.8666666666666667,0.3333333333333333,0.3333333333333333,0.5,0.32,0,0,0.08,"Brian Navarreto","16398",640459
"Shawn Ross",2026,"FA,FC,SI,SL,CU",21,0.6666666666666666,1,0.2857142857142857,0.5,0.3333333333333333,0.2857142857142857,0.5,0,0.2857142857142857,0,0,0.14285714285714285,"Shawn Ross","32054",676566
"Bo Davidson",2026,"FA,FC,FS,CH,SL,CU",29,0.5,0.8,0.3448275862068966,0.8,0.75,0.3448275862068966,0,0,0.20689655172413793,0,0,0.10344827586206896,"Bo Davidson","33405",815589
"Greg Jones",2026,"FA,FC,FS,SI,CH,SL,CU",54,0.5294117647058824,0.8888888888888888,0.3148148148148148,0.5833333333333334,0.5714285714285714,0.4444444444444444,0.5555555555555556,0.4,0.16666666666666666,0,0,0.07407407407407407,"Greg Jones","25448",675659
"Colby Thomas",2026,"FA,FS,SI,SL,CU",59,0.7777777777777778,0.8571428571428571,0.3050847457627119,0.75,0.6111111111111112,0.4067796610169492,0.5714285714285714,0.375,0.23728813559322035,0,0,0.05084745762711865,"Colby Thomas","31855",687515
"Jared Oliva",2026,"FA,FC,SI,SL",16,0.5,1,0.375,0.5714285714285714,1,0.4375,0,0,0.125,1,0,0.0625,"Jared Oliva","19968",666931
"DaShawn Keirsey Jr.",2026,"EP",1,0,0,0,1,1,1,0,0,0,0,0,0,"DaShawn Keirsey Jr.","24496",680577
"Kenny Piper",2026,"FA,FC,SI,CH,SL,KC",24,1,1,0.2916666666666667,0.5833333333333334,0.5714285714285714,0.5,0,0,0.20833333333333334,0,0,0,"Kenny Piper","29962",700652
"Luke Maile",2026,"FA,FC,SI,SL,CU,KC,EP",54,0.6,0.7777777777777778,0.2777777777777778,0.38095238095238093,0.875,0.3888888888888889,0.21428571428571427,0.3333333333333333,0.25925925925925924,0,0,0.07407407407407407,"Luke Maile","13355",571912
"Aramis Garcia",2026,"FA,FC,FS,SI,SL,EP",53,0.7333333333333333,1,0.2830188679245283,0.5217391304347826,0.75,0.4339622641509434,0.36363636363636365,0.25,0.20754716981132076,0,0,0.07547169811320754,"Aramis Garcia","16925",605244
"Ivan Johnson",2026,"FA,FC,CH,SL,CU",35,0.7,0.7142857142857143,0.2857142857142857,0.5384615384615384,0.7142857142857143,0.37142857142857144,0.3,0,0.2857142857142857,0,0,0.05714285714285714,"Ivan Johnson","27593",671155
"Kyle Farmer",2026,"FA,FC,SI,CH,SL,CU,EP",15,0.6,1,0.3333333333333333,0.75,0.8333333333333334,0.5333333333333333,1,1,0.06666666666666667,0,0,0.06666666666666667,"Kyle Farmer","14813",571657
"Ben Ross",2026,"FA,FC,SI,CH,SL,CU",60,0.7333333333333333,0.6363636363636364,0.25,0.5833333333333334,0.5,0.4,0.35294117647058826,0.3333333333333333,0.2833333333333333,0.25,0,0.06666666666666667,"Ben Ross","31710",805346
"Omar Martinez",2026,"FA,FC,SI,CU",12,0.6,1,0.4166666666666667,1,1,0.08333333333333333,0.2,1,0.4166666666666667,0,0,0.08333333333333333,"Omar Martinez","25369",683079
"Ben Rortvedt",2026,"FA,FC,FS,SI,CH,SL,CU",58,0.625,0.8666666666666667,0.39655172413793105,0.4117647058823529,0.8571428571428571,0.29310344827586204,0.23076923076923078,0.3333333333333333,0.22413793103448276,0.25,0,0.06896551724137931,"Ben Rortvedt","20287",666163
"Jonathan Ornelas",2026,"FA,FC,SI,CH,SL,EP",17,0.5,0,0.23529411764705882,0.5,0.25,0.47058823529411764,0.75,0.6666666666666666,0.23529411764705882,0,0,0.058823529411764705,"Jonathan Ornelas","24597",680716
"Oswaldo Cabrera",2026,"FA,FC,FS,SI,CH,SL,CU,KC",45,0.7368421052631579,0.9285714285714286,0.4222222222222222,0.5,1,0.3111111111111111,0.25,0.5,0.17777777777777778,0.5,0,0.08888888888888889,"Oswaldo Cabrera","21707",665828
"Vidal Bruján",2026,"FA,FS,SI,CH,SL,CU",27,1,0.6,0.18518518518518517,0.6,0.7777777777777778,0.5555555555555556,0,0,0.18518518518518517,0,0,0.07407407407407407,"Vidal Brujan","20536",660644
"Steward Berroa",2026,"FA,SL",3,0,0,0.3333333333333333,1,1,0.6666666666666666,0,0,0,0,0,0,"Steward Berroa","22766",672642
"Jonah Bride",2026,"FA,FC,SI,SL,CU",11,0.5,1,0.36363636363636365,0.25,1,0.36363636363636365,0,0,0.18181818181818182,1,0,0.09090909090909091,"Jonah Bride","24703",681146
"Victor Mederos",2026,"EP",3,1,1,0.3333333333333333,0.5,1,0.6666666666666666,0,0,0,0,0,0,"Victor Mederos","31533",682989
"Johnathan Rodríguez",2026,"FC,SI",7,0.5,0,0.2857142857142857,0.3333333333333333,1,0.42857142857142855,0.5,0,0.2857142857142857,0,0,0,"Johnathan Rodriguez","22530",671286
"Carlos Santana",2026,"FA,FC,FS,SI,CH,SL,CU",89,0.7407407407407407,0.85,0.30337078651685395,0.6296296296296297,0.6470588235294118,0.30337078651685395,0.3333333333333333,0.6666666666666666,0.30337078651685395,0.375,0,0.0898876404494382,"Carlos Santana","2396",467793
"Jace Jung",2026,"FA,FC,SI,CH,SL,CU",39,0.7272727272727273,1,0.28205128205128205,0.7,1,0.2564102564102564,0.07692307692307693,1,0.3333333333333333,0.4,0,0.1282051282051282,"Jace Jung","31437",690291
"Brett Harris",2026,"FA,FC,FS,SI,CH,SL,CU,EP",81,0.5,1,0.2962962962962963,0.4444444444444444,0.625,0.4444444444444444,0.14285714285714285,0,0.1728395061728395,0,0,0.08641975308641975,"Brett Harris","29788",695391
"César Prieto",2026,"FA,FC,FS,SI,CH,SL,CU,KC",97,0.7083333333333334,1,0.24742268041237114,0.5588235294117647,0.8421052631578947,0.35051546391752575,0.4,0.6,0.25773195876288657,0.14285714285714285,0,0.14432989690721648,"Cesar Prieto","30163",693409
"Daz Cameron",2026,"FA,FC,SI,SL",15,0.6666666666666666,1,0.2,0.5,0.8,0.6666666666666666,0,0,0.13333333333333333,0,0,0,"Daz Cameron","18353",663662
"Sam Haggerty",2026,"FA,FC,FS,CH,SL,CU,KC,EP",39,0.8181818181818182,0.8888888888888888,0.28205128205128205,0.6666666666666666,0.8,0.38461538461538464,0.6666666666666666,0.16666666666666666,0.23076923076923078,0,0,0.10256410256410256,"Sam Haggerty","18054",664059
"Kevin Alcántara",2026,"FA,FS,SI,CH,SL,CU,EP",40,0.6363636363636364,0.7142857142857143,0.275,0.6875,0.7272727272727273,0.4,0.3333333333333333,0,0.225,0,0,0.1,"Kevin Alcantara","25971",682634
"Hayden Senger",2026,"FA,FC,FS,SI,SL,CU,EP",52,0.8461538461538461,0.9090909090909091,0.25,0.782608695652174,0.7777777777777778,0.4423076923076923,0.4,0.25,0.19230769230769232,0,0,0.11538461538461539,"Hayden Senger","21489",663584
"Rob Refsnyder",2026,"FA,FC,FS,SI,CH,SL,CU",74,0.7142857142857143,0.9333333333333333,0.28378378378378377,0.5,0.4666666666666667,0.40540540540540543,0.29411764705882354,0.4,0.22972972972972974,0,0,0.08108108108108109,"Rob Refsnyder","13770",608701
"Michael Stefanic",2026,"FA,FC,SI,SL,CU",23,0.75,0.8333333333333334,0.34782608695652173,0.4166666666666667,0.8,0.5217391304347826,0,0,0.13043478260869565,0,0,0,"Michael Stefanic","25353",683021
"Sam Huff",2026,"FA,FS,SI,CH,SL,KC,EP",76,0.7727272727272727,0.8235294117647058,0.2894736842105263,0.6451612903225806,0.65,0.40789473684210525,0.47058823529411764,0,0.2236842105263158,0.16666666666666666,0,0.07894736842105263,"Sam Huff","22209",669087
"Vimael Machín",2026,"FA,SI,CH,SL,CU",18,1,1,0.05555555555555555,0.5555555555555556,0.6,0.5,0.16666666666666666,0,0.3333333333333333,0,0,0.1111111111111111,"Vimael Machin","17684",605353
"Gabriel Gonzalez",2026,"FA,FC,SI,CH,SL",18,1,1,0.2222222222222222,0.7142857142857143,1,0.3888888888888889,0.5,0,0.1111111111111111,0.2,0,0.2777777777777778,"Gabriel Gonzalez","28833",694224
"Michael Toglia",2026,"FA,FC,FS,SI,CH,SL,CU,KC",77,0.7,0.7857142857142857,0.2597402597402597,0.5454545454545454,0.7222222222222222,0.42857142857142855,0.25,0,0.2077922077922078,0.125,0,0.1038961038961039,"Michael Toglia","25845",669911
"Cooper Ingle",2026,"FA,FC,FS,SI,CH,SL,CU,KC",94,0.7727272727272727,0.9411764705882353,0.23404255319148937,0.4473684210526316,0.7647058823529411,0.40425531914893614,0.22727272727272727,0.6,0.23404255319148937,0.08333333333333333,0,0.1276595744680851,"Cooper Ingle","33708",694876
"Andrew Pinckney",2026,"FA,FC,FS,SI,SL,CU",53,0.5333333333333333,0.625,0.2830188679245283,0.4166666666666667,0.7,0.4528301886792453,0.09090909090909091,0,0.20754716981132076,0,0,0.05660377358490566,"Andrew Pinckney","33357",687605
"Eliezer Alfonzo",2026,"FA,FC,FS,SI,CH,SL,CU",52,0.6875,0.8181818181818182,0.3076923076923077,0.47368421052631576,1,0.36538461538461536,0.4666666666666667,0.8571428571428571,0.28846153846153844,0,0,0.038461538461538464,"Eliezer Alfonzo","22741",672613
"Felix Reyes",2026,"FA,FC,FS,SI,CH,SL,CU,KC",51,0.5454545454545454,1,0.21568627450980393,0.6470588235294118,0.6363636363636364,0.3333333333333333,0.6666666666666666,0.8,0.29411764705882354,0.25,0,0.1568627450980392,"Felix Reyes","28763",694025
"Jared Serna",2026,"FA,FC,SI,SL",27,0.7142857142857143,1,0.25925925925925924,0.5,0.6666666666666666,0.4444444444444444,0.75,0.3333333333333333,0.14814814814814814,0,0,0.14814814814814814,"Jared Serna","28326",691858
"Bryce Teodosio",2026,"FA,FC,FS,SI,SL,CU",88,0.6956521739130435,0.8125,0.25,0.42105263157894735,0.875,0.4318181818181818,0.3,0,0.22727272727272727,0,0,0.07954545454545454,"Bryce Teodosio","29524",669326
"Scott Bandura",2026,"FA,FC,FS,SI,CH,SL,CU,KC",72,0.8095238095238095,0.8235294117647058,0.2916666666666667,0.3448275862068966,0.6,0.4027777777777778,0.4117647058823529,0.42857142857142855,0.2361111111111111,0,0,0.06944444444444445,"Scott Bandura","33398",814154
"Gustavo Campero",2026,"FA,FC,FS,SI,SL,CU",27,0.875,0.8571428571428571,0.2962962962962963,0.4,1,0.18518518518518517,0.36363636363636365,0.5,0.4074074074074074,0.6666666666666666,0,0.1111111111111111,"Gustavo Campero","22707",672569
"Sandy León",2026,"FA,FC,SI,CH,SL,CU",100,0.6666666666666666,0.9545454545454546,0.33,0.4782608695652174,0.8181818181818182,0.46,0.46153846153846156,0.16666666666666666,0.13,0,0,0.08,"Sandy Leon","5273",506702
"Tanner Murray",2026,"FA,FC,SI,CH,SL,CU",31,0.6,1,0.16129032258064516,0.5714285714285714,1,0.45161290322580644,0,0,0.16129032258064516,0.14285714285714285,0,0.22580645161290322,"Tanner Murray","28848",695020
"Chuckie Robinson",2026,"FA,FC,SI,CH,SL,CU",65,0.6875,0.7272727272727273,0.24615384615384617,0.8,0.6666666666666666,0.46153846153846156,0.21428571428571427,1,0.2153846153846154,0,0,0.07692307692307693,"Chuckie Robinson","19824",642020
"Michael Helman",2026,"FA,FC,FS,SI,CH,SL,CU",65,0.5333333333333333,0.75,0.23076923076923078,0.8888888888888888,0.8333333333333334,0.4153846153846154,0.2631578947368421,0.6,0.2923076923076923,0,0,0.06153846153846154,"Michael Helman","24605",680737
"Matthew Lugo",2026,"FA,FC,SI,SL",22,1,0.8,0.22727272727272727,0.625,0.8,0.36363636363636365,0.42857142857142855,0.3333333333333333,0.3181818181818182,0,0,0.09090909090909091,"Matthew Lugo","25980",683090
"Trey Mancini",2026,"FA,FC,SI,CH,SL,CU",37,1,0.9166666666666666,0.32432432432432434,0.6428571428571429,1,0.3783783783783784,0.3333333333333333,0.5,0.16216216216216217,0,0,0.13513513513513514,"Trey Mancini","15149",641820
"Blake Perkins",2026,"FA,FC,FS,SI,CH,SL,CU,EP",168,0.5769230769230769,0.8666666666666667,0.30952380952380953,0.5,0.6764705882352942,0.40476190476190477,0.22857142857142856,0.375,0.20833333333333334,0,0,0.07738095238095238,"Blake Perkins","19921",663368
"José Azócar",2026,"FA,FC,SI,SL",19,0.6666666666666666,1,0.15789473684210525,0.7142857142857143,0.6,0.3684210526315789,0.42857142857142855,0.6666666666666666,0.3684210526315789,0.5,0,0.10526315789473684,"Jose Azocar","18821",640492
"Rowdy Tellez",2026,"FA,FC,SI,CH,SL,KC",42,0.375,0.6666666666666666,0.19047619047619047,0.6818181818181818,0.7333333333333333,0.5238095238095238,0.25,0,0.19047619047619047,0,0,0.09523809523809523,"Rowdy Tellez","15679",642133
"Ryan Ritter",2026,"FA,FC,FS,SI,CH,SL,EP",35,1,0.9166666666666666,0.34285714285714286,0.4,0.75,0.2857142857142857,0.3333333333333333,0.5,0.34285714285714286,0,0,0.02857142857142857,"Ryan Ritter","31500",690022
"Junior Perez",2026,"FA,FC,SI,SL,CU",35,0.7777777777777778,0.7142857142857143,0.2571428571428571,0.5714285714285714,0.625,0.4,0.125,0,0.22857142857142856,0,0,0.11428571428571428,"Junior Perez","23989",678577
"Austin Slater",2026,"FA,FC,FS,SI,CH,SL,CU",35,0.625,0.8,0.22857142857142856,0.7142857142857143,0.8,0.4,0.25,0.5,0.22857142857142856,0,0,0.14285714285714285,"Austin Slater","16153",596103
"Patrick Wisdom",2026,"FA,FC,FS,SI,CH,SL,CU,KC",98,0.9,0.7407407407407407,0.30612244897959184,0.46153846153846156,0.7222222222222222,0.3979591836734694,0.42857142857142855,0.3333333333333333,0.21428571428571427,0.375,0,0.08163265306122448,"Patrick Wisdom","13602",621550
"Zack Short",2026,"FA,FC,FS,SI,CH,SL,CU,KC,EP",155,0.7058823529411765,0.875,0.21935483870967742,0.5180722891566265,0.7209302325581395,0.535483870967742,0.2,0.4,0.16129032258064516,0,0,0.08387096774193549,"Zack Short","19562",670097
"Justin Dean",2026,"FA,SI,SL,CU,KC,EP",33,0.7777777777777778,0.7142857142857143,0.2727272727272727,0.6363636363636364,0.8571428571428571,0.3333333333333333,0.42857142857142855,0.6666666666666666,0.21212121212121213,0.16666666666666666,0,0.18181818181818182,"Justin Dean","25005",681909
"Will Banfield",2026,"FA,FC,FS,SI,CH,SL,CU",30,0.7142857142857143,1,0.23333333333333334,0.6428571428571429,1,0.4666666666666667,0.6666666666666666,0.5,0.3,0,0,0,"Will Banfield","23790",677943
"Jahmai Jones",2026,"FA,FC,FS,SI,SL,CU,EP",84,0.75,0.8571428571428571,0.3333333333333333,0.5769230769230769,0.6,0.30952380952380953,0.4090909090909091,0,0.2619047619047619,0.125,0,0.09523809523809523,"Jahmai Jones","18872",663330
"Jerar Encarnacion",2026,"FA,FC,FO,FS,SI,CH,SL,CU,KC",74,0.5,1,0.21621621621621623,0.6666666666666666,0.9230769230769231,0.527027027027027,0.6,0.5,0.13513513513513514,0.1111111111111111,0,0.12162162162162163,"Jerar Encarnacion","21871",666464
"Ryan Mountcastle",2026,"FA,FC,SI,CH,SL,KC",36,0.8333333333333334,1,0.3333333333333333,0.75,0.9166666666666666,0.4444444444444444,0.2857142857142857,0.5,0.19444444444444445,0,0,0.027777777777777776,"Ryan Mountcastle","18373",663624
"Luis Matos",2026,"FA,FS,SI,SL,EP",25,0.8333333333333334,1,0.24,0.7272727272727273,0.875,0.44,0.2857142857142857,0.5,0.28,0,0,0.04,"Luis Matos","26467",682641
"Nate Furman",2026,"FA,FC,FS,SI,CH,SL,CU",146,0.8125,1,0.2191780821917808,0.46153846153846156,0.8333333333333334,0.4452054794520548,0.25,0.3333333333333333,0.2465753424657534,0.07692307692307693,0,0.08904109589041095,"Nate Furman","31988",801501
"Braxton Fulford",2026,"FA,FC,SI,CH,SL,CU,EP",89,0.625,0.9333333333333333,0.2696629213483146,0.6470588235294118,0.6818181818181818,0.38202247191011235,0.2727272727272727,0.3333333333333333,0.24719101123595505,0.1111111111111111,0,0.10112359550561797,"Braxton Fulford","29704",690924
"Carson Williams",2026,"FA,FC,SI,CH,SL,CU",84,0.6666666666666666,0.8571428571428571,0.25,0.6923076923076923,0.7407407407407407,0.4642857142857143,0.21428571428571427,0.3333333333333333,0.16666666666666666,0,0,0.11904761904761904,"Carson Williams","30038",700246
"Michael Arroyo",2026,"FA,FC,SI,CH,SL",44,1,0.75,0.2727272727272727,0.6666666666666666,0.8,0.3409090909090909,0.21428571428571427,0.6666666666666666,0.3181818181818182,0,0,0.06818181818181818,"Michael Arroyo","30384",703197
"Heston Kjerstad",2026,"FA,FC,FO,SI,CH,SL,CU,KC",65,0.7222222222222222,0.9230769230769231,0.27692307692307694,0.6666666666666666,0.8571428571428571,0.3230769230769231,0.47619047619047616,0.2,0.3230769230769231,0,0,0.07692307692307693,"Heston Kjerstad","31166",677008
"Miles Mastrobuoni",2026,"FA,FC,FS,SI,CH,SL,CU,KC",102,0.6071428571428571,0.9411764705882353,0.27450980392156865,0.3541666666666667,0.8235294117647058,0.47058823529411764,0.25,0.4,0.19607843137254902,0.16666666666666666,0,0.058823529411764705,"Miles Mastrobuoni","20017",670156
"Travis d'Arnaud",2026,"FA,FC,FS,SI,CH,SL,CU,KC",148,0.6923076923076923,0.8888888888888888,0.2635135135135135,0.6470588235294118,0.75,0.4594594594594595,0.2,0.2857142857142857,0.23648648648648649,0,0,0.04054054054054054,"Travis d'Arnaud","7739",518595
"Chadwick Tromp",2026,"FA,FC,SI,CH,SL,CU,KC",124,0.6666666666666666,0.9583333333333334,0.28225806451612906,0.5531914893617021,0.8461538461538461,0.3790322580645161,0.40540540540540543,0.5333333333333333,0.29838709677419356,0.25,0,0.03225806451612903,"Chadwick Tromp","16953",644433
"Buddy Kennedy",2026,"FA,FC,FS,SI,CH,SL,CU",76,0.6956521739130435,0.875,0.3026315789473684,0.6333333333333333,0.6842105263157895,0.39473684210526316,0.15789473684210525,0.6666666666666666,0.25,0,0,0.05263157894736842,"Buddy Kennedy","22505",671083
"Jonatan Clase",2026,"FA,FC,SI,CH,SL,KN,KC",79,0.6666666666666666,1,0.22784810126582278,0.4523809523809524,0.5263157894736842,0.5316455696202531,0.18181818181818182,0.5,0.13924050632911392,0.125,0,0.10126582278481013,"Jonatan Clase","26599",682729
"Reese McGuire",2026,"FA,FC,FS,SI,CH,SL,CU,EP",99,0.64,0.9375,0.25252525252525254,0.5777777777777777,0.8461538461538461,0.45454545454545453,0.3333333333333333,0.42857142857142855,0.21212121212121213,0,0,0.08080808080808081,"Reese McGuire","15674",624512
"Connor Joe",2026,"FA,FC,FS,SI,CH,SL,CU",91,0.6,0.8666666666666667,0.27472527472527475,0.4594594594594595,0.8823529411764706,0.4065934065934066,0.2631578947368421,0.4,0.2087912087912088,0,0,0.10989010989010989,"Connor Joe","16572",656582
"Billy Cook",2026,"FA,FC,SI,CH,SL,CU,KC,EP",65,0.6818181818181818,0.7333333333333333,0.3384615384615385,0.6538461538461539,0.5882352941176471,0.4,0.4,0.75,0.15384615384615385,0.42857142857142855,0,0.1076923076923077,"Billy Cook","29573",695257
"Nate Eaton",2026,"FA,FC,FS,SI,CH,SL,CU",106,0.7142857142857143,0.76,0.330188679245283,0.5263157894736842,0.65,0.3584905660377358,0.047619047619047616,1,0.19811320754716982,0,0,0.11320754716981132,"Nate Eaton","25055",681987
"CJ Kayfus",2026,"FA,FC,FS,SI,CH,SL,CU,KC",99,0.7931034482758621,0.9130434782608695,0.29292929292929293,0.6,0.6666666666666666,0.35353535353535354,0.23076923076923078,0.16666666666666666,0.26262626262626265,0.1111111111111111,0,0.09090909090909091,"CJ Kayfus","33704",692216
"Jase Bowen",2026,"FA,FC,FS,SI,CH,SL,CU,KC,EP",177,0.627906976744186,0.8518518518518519,0.24293785310734464,0.47058823529411764,0.71875,0.384180790960452,0.5454545454545454,0.25,0.24858757062146894,0.22727272727272727,0,0.12429378531073447,"Jase Bowen","26047",687749
"Denzel Clarke",2026,"FA,FC,FO,FS,SI,CH,SL,CU",188,0.6111111111111112,0.9090909090909091,0.19148936170212766,0.5111111111111111,0.6304347826086957,0.4734042553191489,0.17777777777777778,0.25,0.2393617021276596,0.058823529411764705,0,0.09042553191489362,"Denzel Clarke","29858",672016
"LuJames Groover",2026,"FA,FC,FS,SI,CH,SL,CU,KC",120,0.7027027027027027,0.9615384615384616,0.30833333333333335,0.3829787234042553,0.8333333333333334,0.39166666666666666,0.17391304347826086,0.5,0.19166666666666668,0.07692307692307693,0,0.10833333333333334,"LuJames Groover","33552",694410
"Emmanuel Rodriguez",2026,"FA,FC,FS,SI,CH,SL,CU",122,0.7575757575757576,0.76,0.27049180327868855,0.54,0.6296296296296297,0.4098360655737705,0.3548387096774194,0.18181818181818182,0.2540983606557377,0,0,0.06557377049180328,"Emmanuel Rodriguez","28084",691181
"Christian Franklin",2026,"FA,FC,FS,SI,CH,SL,CU",116,0.6,1,0.21551724137931033,0.46,0.6956521739130435,0.43103448275862066,0.16666666666666666,0.4,0.25862068965517243,0.18181818181818182,0,0.09482758620689655,"Christian Franklin","29896",681047
"Ramón Urías",2026,"FA,FC,FO,FS,SI,CH,SL,CU",209,0.7333333333333333,0.8181818181818182,0.28708133971291866,0.5909090909090909,0.8076923076923077,0.42105263157894735,0.27906976744186046,0.5833333333333334,0.20574162679425836,0.05555555555555555,0,0.0861244019138756,"Ramon Urias","18795",602104
"P.J. Higgins",2026,"FA,FC,FS,SI,CH,SL,CU,KC",110,0.6785714285714286,0.8947368421052632,0.2545454545454545,0.4339622641509434,0.782608695652174,0.4818181818181818,0.05555555555555555,0,0.16363636363636364,0,0,0.1,"P.J. Higgins","18433",664731
"Rafael Marchán",2026,"FA,FC,FS,SI,CH,SL,CU,KC",260,0.6923076923076923,0.9555555555555556,0.25,0.5811965811965812,0.8235294117647058,0.45,0.3191489361702128,0.6666666666666666,0.18076923076923077,0.0967741935483871,0,0.11923076923076924,"Rafael Marchan","21646",665561
"Carlos Jorge",2026,"FA,FC,FS,SI,CH,SL,CU,KC",145,0.7441860465116279,0.8125,0.296551724137931,0.6610169491525424,0.6923076923076923,0.4068965517241379,0.3333333333333333,0.7,0.20689655172413793,0.07692307692307693,0,0.0896551724137931,"Carlos Jorge","29455",699115
"Josue De Paula",2026,"FA,FC,FS,SI,CH,SL,CU,KC",116,0.72,0.9444444444444444,0.21551724137931033,0.3958333333333333,0.7894736842105263,0.41379310344827586,0.16666666666666666,0.4,0.25862068965517243,0.07692307692307693,0,0.11206896551724138,"Josue De Paula","30871",800543
"Max Schuemann",2026,"FA,FC,FS,SI,CH,SL,CU,KC,EP",172,0.5853658536585366,0.8333333333333334,0.23837209302325582,0.4657534246575342,0.7647058823529411,0.42441860465116277,0.12195121951219512,0.2,0.23837209302325582,0.11764705882352941,0.5,0.09883720930232558,"Max Schuemann","24488",680474
"Grant McCray",2026,"FA,FC,FO,FS,SI,CH,SL,CU,KC",280,0.6428571428571429,0.8666666666666667,0.25,0.5,0.5925925925925926,0.38571428571428573,0.19402985074626866,0.23076923076923078,0.2392857142857143,0.05714285714285714,0,0.125,"Grant McCray","25690",687529
"John Peck",2026,"FA,FC,FS,SI,CH,SL,CU,KC",180,0.8444444444444444,0.8421052631578947,0.25,0.5625,0.7777777777777778,0.4444444444444444,0.24242424242424243,0.375,0.18333333333333332,0.045454545454545456,0,0.12222222222222222,"John Peck","33500",807726
"Nelson Velázquez",2026,"FA,FC,FS,SI,CH,SL,CU",137,0.7368421052631579,0.9285714285714286,0.2773722627737226,0.509090909090909,0.5714285714285714,0.40145985401459855,0.18181818181818182,0.3333333333333333,0.24087591240875914,0.09090909090909091,0,0.08029197080291971,"Nelson Velazquez","23359",676369
"Lucas Spence",2026,"FA,FC,FS,SI,CH,SL,CU,KC,EP",146,0.8214285714285714,0.9130434782608695,0.1917808219178082,0.4861111111111111,0.6,0.4931506849315068,0.3793103448275862,0.09090909090909091,0.19863013698630136,0.17647058823529413,0,0.11643835616438356,"Lucas Spence","35126",828599
"Harry Ford",2026,"FA,FC,FO,FS,SI,CH,SL,CU,KC",265,0.7681159420289855,0.9056603773584906,0.26037735849056604,0.42735042735042733,0.62,0.44150943396226416,0.13114754098360656,0.625,0.23018867924528302,0,0,0.06792452830188679,"Harry Ford","29958",695670
"Eloy Jiménez",2026,"FA,FC,FS,SI,SL,CU,KC",84,0.7058823529411765,0.8333333333333334,0.20238095238095238,0.6216216216216216,0.6956521739130435,0.44047619047619047,0.5,0.4,0.23809523809523808,0,0,0.11904761904761904,"Eloy Jimenez","17484",650391
"Romy Gonzalez",2026,"FA,FC,FS,SI,CH,SL,CU,KC",124,0.7631578947368421,0.8620689655172413,0.3064516129032258,0.6444444444444445,0.7586206896551724,0.3629032258064516,0.3333333333333333,0.5,0.24193548387096775,0.09090909090909091,0,0.08870967741935484,"Romy Gonzalez","21562",663853
"Andrew McCutchen",2026,"FA,FC,FS,SI,CH,SL,CU,KC",151,0.6458333333333334,0.6451612903225806,0.31788079470198677,0.543859649122807,0.7419354838709677,0.37748344370860926,0.1875,0.16666666666666666,0.2119205298013245,0.07142857142857142,0,0.09271523178807947,"Andrew McCutchen","9847",457705
"Rikuu Nishida",2026,"FA,FC,FS,SI,CH,SL,CU,KC",87,0.625,0.9333333333333333,0.27586206896551724,0.575,0.782608695652174,0.45977011494252873,0.10526315789473684,1,0.21839080459770116,0,0,0.04597701149425287,"Rikuu Nishida","33795",807747
"Jhostynxon Garcia",2026,"FA,FC,FS,SI,CH,SL,CU,KC",115,0.7619047619047619,0.8125,0.1826086956521739,0.7083333333333334,0.7647058823529411,0.41739130434782606,0.5454545454545454,0.3333333333333333,0.28695652173913044,0.07692307692307693,0,0.11304347826086956,"Jhostynxon Garcia","28142",691373
"Rece Hinds",2026,"FA,FC,FS,SI,CH,SL,CU",132,0.8064516129032258,0.76,0.23484848484848486,0.6739130434782609,0.5806451612903226,0.3484848484848485,0.3783783783783784,0.2857142857142857,0.2803030303030303,0.16666666666666666,0.3333333333333333,0.13636363636363635,"Rece Hinds","27493",677956
"Cam Cauley",2026,"FA,FC,FS,SI,CH,SL,CU,EP",103,0.7777777777777778,0.8095238095238095,0.2621359223300971,0.4,0.8333333333333334,0.4368932038834951,0.10526315789473684,1,0.18446601941747573,0.08333333333333333,0,0.11650485436893204,"Cam Cauley","29710",695508
"Austin Hays",2026,"FA,FC,FS,SI,CH,SL,CU,KC,EP",189,0.6857142857142857,0.9166666666666666,0.18518518518518517,0.6883116883116883,0.6226415094339622,0.4074074074074074,0.49056603773584906,0.34615384615384615,0.2804232804232804,0.041666666666666664,0,0.12698412698412698,"Austin Hays","19363",669720
"Luis Urías",2026,"FA,FC,SI,CH,SL,CU,KC",84,0.8333333333333334,0.95,0.2857142857142857,0.5263157894736842,0.9,0.4523809523809524,0.15384615384615385,1,0.15476190476190477,0.1111111111111111,0,0.10714285714285714,"Luis Urias","16622",649966
"Joey Wiemer",2026,"FA,FC,FO,FS,SI,CH,SL,CU,KC",161,0.6470588235294118,0.9545454545454546,0.2111801242236025,0.3142857142857143,0.6818181818181818,0.43478260869565216,0.2222222222222222,0.75,0.2236024844720497,0.3333333333333333,0,0.13043478260869565,"Joey Wiemer","27690",686894
"Kameron Misner",2026,"FA,FC,FS,SI,CH,SL,CU,KC,EP",133,0.8235294117647058,0.7857142857142857,0.2556390977443609,0.6226415094339622,0.6666666666666666,0.39849624060150374,0.21875,0.14285714285714285,0.24060150375939848,0.07142857142857142,0,0.10526315789473684,"Kameron Misner","26374",670224
"Gage Workman",2026,"FA,FC,FS,SI,CH,SL,CU,KC",150,0.8292682926829268,0.9117647058823529,0.2733333333333333,0.7291666666666666,0.7142857142857143,0.32,0.4222222222222222,0.3157894736842105,0.3,0.125,0,0.10666666666666667,"Gage Workman","27573",669398
"Jordan Beck",2026,"FA,FC,FS,SI,CH,SL,CU,KC,EP",310,0.7142857142857143,0.92,0.22580645161290322,0.6692307692307692,0.735632183908046,0.41935483870967744,0.36231884057971014,0.36,0.22258064516129034,0.07317073170731707,0,0.13225806451612904,"Jordan Beck","31431",687597
"Ronny Mauricio",2026,"FA,FC,FS,SI,CH,SL,CU,KC",150,0.8064516129032258,0.92,0.20666666666666667,0.7692307692307693,0.86,0.43333333333333335,0.5428571428571428,0.3684210526315789,0.23333333333333334,0.3684210526315789,0.14285714285714285,0.12666666666666668,"Ronny Mauricio","23698",677595
"Jonathan India",2026,"FA,FC,FS,SI,CH,SL,CU",136,0.627906976744186,0.8518518518518519,0.3161764705882353,0.5192307692307693,0.7777777777777778,0.38235294117647056,0.1111111111111111,0.3333333333333333,0.19852941176470587,0.14285714285714285,0,0.10294117647058823,"Jonathan India","21523",663697
"Yohandy Morales",2026,"FA,FC,FS,SI,CH,SL,CU",100,0.8148148148148148,0.9545454545454546,0.27,0.5909090909090909,0.6153846153846154,0.44,0.19047619047619047,0.75,0.21,0.125,0,0.08,"Yohandy Morales","33361",691002
"Brian Serven",2026,"FA,FC,FS,SI,CH,SL,CU",188,0.7346938775510204,0.75,0.26063829787234044,0.5365853658536586,0.6136363636363636,0.43617021276595747,0.2222222222222222,0.4,0.2393617021276596,0.08333333333333333,0,0.06382978723404255,"Brian Serven","19422",661531
"Ethan Salas",2026,"FA,FC,FS,SI,CH,SL,CU,KC",115,0.71875,0.9130434782608695,0.2782608695652174,0.5227272727272727,0.8260869565217391,0.3826086956521739,0.27586206896551724,0.75,0.25217391304347825,0.2,0,0.08695652173913043,"Ethan Salas","32051",806956
"Raynel Delgado",2026,"FA,FC,FS,SI,CH,SL,CU,KC",101,0.8387096774193549,0.8461538461538461,0.297029702970297,0.46511627906976744,0.75,0.42574257425742573,0.22727272727272727,0.4,0.21782178217821782,0,0,0.04950495049504951,"Raynel Delgado","22272",669384
"Brewer Hicklen",2026,"FA,FC,FS,SI,CH,SL,CU,KC,EP",133,0.7272727272727273,0.7916666666666666,0.24812030075187969,0.6346153846153846,0.5757575757575758,0.39097744360902253,0.23333333333333334,0.14285714285714285,0.22556390977443608,0.16666666666666666,0,0.13533834586466165,"Brewer Hicklen","20450",676551
"Nick Morabito",2026,"FA,FC,FS,SI,CH,SL,CU,KC",108,0.64,0.9375,0.23148148148148148,0.4666666666666667,0.6666666666666666,0.4166666666666667,0.24,0.5,0.23148148148148148,0.07692307692307693,0,0.12037037037037036,"Nick Morabito","32119",703492
"Garrett Stubbs",2026,"FA,FC,FS,SI,CH,SL,CU,KN,KC",199,0.723404255319149,1,0.23618090452261306,0.6538461538461539,0.8823529411764706,0.39195979899497485,0.37254901960784315,0.47368421052631576,0.2562814070351759,0.08695652173913043,0,0.11557788944723618,"Garrett Stubbs","18067",596117
"Austin Wynns",2026,"FA,FC,FS,SI,CH,SL,CU,KC",207,0.6111111111111112,0.8484848484848485,0.2608695652173913,0.5684210526315789,0.8518518518518519,0.45893719806763283,0.41025641025641024,0.5,0.18840579710144928,0.21052631578947367,0.25,0.09178743961352658,"Austin Wynns","15271",642851
"Yohel Pozo",2026,"FA,FC,FS,SI,CH,SL,CU",135,0.7142857142857143,0.9,0.2074074074074074,0.66,0.7878787878787878,0.37037037037037035,0.5365853658536586,0.5909090909090909,0.3037037037037037,0.375,0.16666666666666666,0.11851851851851852,"Yohel Pozo","18848",650968
"Andrew Knizner",2026,"FA,FC,FO,FS,SI,CH,SL,CU",107,0.6818181818181818,0.8666666666666667,0.205607476635514,0.4878048780487805,0.8,0.38317757009345793,0.3,0.3333333333333333,0.2803738317757009,0.07142857142857142,0,0.1308411214953271,"Andrew Knizner","19514",668800
"Brock Rodden",2026,"FA,FC,FS,SI,CH,SL,CU,KC",216,0.6458333333333334,0.8064516129032258,0.2222222222222222,0.5531914893617021,0.5576923076923077,0.4351851851851852,0.24528301886792453,0.23076923076923078,0.24537037037037038,0.14285714285714285,0,0.09722222222222222,"Brock Rodden","33191",801126
"Starling Marte",2026,"FA,FC,FS,SI,CH,SL,CU,EP",170,0.75,0.8888888888888888,0.2823529411764706,0.6307692307692307,0.8292682926829268,0.38235294117647056,0.2978723404255319,0.42857142857142855,0.27647058823529413,0.1,0,0.058823529411764705,"Starling Marte","9241",516782
"Tyler Locklear",2026,"FA,FC,FS,SI,CH,SL,CU,KC",110,0.7096774193548387,0.8636363636363636,0.2818181818181818,0.675,0.7407407407407407,0.36363636363636365,0.2692307692307692,0.8571428571428571,0.23636363636363636,0.07692307692307693,0,0.11818181818181818,"Tyler Locklear","31396",682988
"Bryce Johnson",2026,"FA,FC,FS,SI,CH,SL,CU,KC",130,0.52,0.8461538461538461,0.19230769230769232,0.5645161290322581,0.7714285714285715,0.47692307692307695,0.35714285714285715,0.5,0.2153846153846154,0.13333333333333333,0,0.11538461538461539,"Bryce Johnson","20002",669369
"Zach Cole",2026,"FA,FC,FS,SI,CH,SL,CU,KC",191,0.68,0.6764705882352942,0.2617801047120419,0.4444444444444444,0.6111111111111112,0.42408376963350786,0.2708333333333333,0.23076923076923078,0.2513089005235602,0,0,0.06282722513089005,"Zach Cole","31583",805904
"George Valera",2026,"FA,FC,FS,SI,CH,SL,CU,KC",112,0.7419354838709677,0.9130434782608695,0.2767857142857143,0.723404255319149,0.8235294117647058,0.41964285714285715,0.25,0.5714285714285714,0.25,0,0,0.05357142857142857,"George Valera","22541",671655
"Charles McAdoo",2026,"FA,FC,FS,SI,CH,SL,CU,EP",152,0.7674418604651163,0.9393939393939394,0.28289473684210525,0.5846153846153846,0.7894736842105263,0.4276315789473684,0.3142857142857143,0.7272727272727273,0.23026315789473684,0.1111111111111111,1,0.05921052631578947,"Charles McAdoo","33323",807727
"Orlando Arcia",2026,"FA,FC,FS,SI,CH,SL,CU",88,0.7142857142857143,0.9,0.3181818181818182,0.4722222222222222,1,0.4090909090909091,0.3333333333333333,0.4,0.17045454545454544,0.1111111111111111,1,0.10227272727272728,"Orlando Arcia","13185",606115
"Tsung-Che Cheng",2026,"FA,FC,FO,FS,SI,CH,SL,CU,KC",144,0.7837837837837838,0.8620689655172413,0.2569444444444444,0.47619047619047616,0.7,0.4375,0.3333333333333333,0.3333333333333333,0.1875,0.11764705882352941,0,0.11805555555555555,"Tsung-Che Cheng","28344",691907
"Parker Meadows",2026,"FA,FC,FS,SI,CH,SL,CU,KC",159,0.6744186046511628,0.9310344827586207,0.27044025157232704,0.5882352941176471,0.75,0.4276729559748428,0.07692307692307693,0.3333333333333333,0.24528301886792453,0,0,0.05660377358490566,"Parker Meadows","23800",678009
"Lazaro Montes",2026,"FA,FC,FS,SI,CH,SL,CU",188,0.7708333333333334,0.7297297297297297,0.2553191489361702,0.5301204819277109,0.45454545454545453,0.44148936170212766,0.15384615384615385,0.5,0.2074468085106383,0.16666666666666666,0.3333333333333333,0.09574468085106383,"Lazaro Montes","30361",703155
"Eric Haase",2026,"FA,FC,FS,SI,CH,SL,CU,KC",208,0.6833333333333333,0.8292682926829268,0.28846153846153844,0.5915492957746479,0.5714285714285714,0.34134615384615385,0.36363636363636365,0.4,0.2644230769230769,0.09090909090909091,0,0.10576923076923077,"Eric Haase","14111",606992
"Cody Freeman",2026,"FA,FC,FS,SI,CH,SL,CU",190,0.6140350877192983,0.9428571428571428,0.3,0.3875,0.9032258064516129,0.42105263157894735,0.3076923076923077,0.6666666666666666,0.20526315789473684,0.07142857142857142,1,0.07368421052631578,"Cody Freeman","25629",683227
"Tyler Black",2026,"FA,FC,FS,SI,CH,SL,CU,KC,EP",94,0.8095238095238095,0.9411764705882353,0.2127659574468085,0.6,0.7037037037037037,0.4787234042553192,0.2857142857142857,0.5,0.22340425531914893,0,0,0.07446808510638298,"Tyler Black","29949",672012
"Jesus Rodriguez",2026,"FA,FC,FO,FS,SI,CH,SL,CU,KN,KC,EP",145,0.6470588235294118,0.9090909090909091,0.23448275862068965,0.6557377049180327,0.75,0.4206896551724138,0.3225806451612903,0.5,0.21379310344827587,0.05263157894736842,0,0.1310344827586207,"Jesus Rodriguez","26991",683679
"Will Wagner",2026,"FA,FC,FS,SI,CH,SL,CU,KC",171,0.6363636363636364,0.9285714285714286,0.2573099415204678,0.4375,0.9285714285714286,0.3742690058479532,0.2222222222222222,0.4166666666666667,0.3157894736842105,0,0,0.05263157894736842,"Will Wagner","29634",695238
"Victor Bericoto",2026,"FA,FC,FS,SI,CH,SL,CU,KC",174,0.7209302325581395,0.967741935483871,0.2471264367816092,0.6923076923076923,0.7592592592592593,0.4482758620689655,0.47058823529411764,0.375,0.19540229885057472,0.05263157894736842,0,0.10919540229885058,"Victor Bericoto","26468",682674
"Santiago Espinal",2026,"FA,FC,FS,SI,CH,SL,KC,EP",75,0.8461538461538461,0.9545454545454546,0.3466666666666667,0.6,0.7777777777777778,0.4,0.2857142857142857,0.5,0.18666666666666668,0,0,0.06666666666666667,"Santiago Espinal","19997",669289
"Zach Dezenzo",2026,"FA,FC,FS,SI,CH,SL,CU,KC",206,0.6333333333333333,0.8947368421052632,0.2912621359223301,0.5421686746987951,0.6222222222222222,0.4029126213592233,0.27906976744186046,0.3333333333333333,0.2087378640776699,0.15,0,0.0970873786407767,"Zach Dezenzo","31562",701305
"J.C. Escarra",2026,"FA,FC,FS,SI,CH,SL,CU,KC,EP",265,0.68,0.9215686274509803,0.2830188679245283,0.4642857142857143,0.5769230769230769,0.4226415094339623,0.22,0.45454545454545453,0.18867924528301888,0.07142857142857142,0,0.10566037735849057,"J.C. Escarra","20084",641555
"Bo Naylor",2026,"FA,FC,FS,SI,CH,SL,CU,KC",357,0.7,1,0.22408963585434175,0.5120481927710844,0.8470588235294118,0.46218487394957986,0.16279069767441862,0.42857142857142855,0.24089635854341737,0.08,0,0.0700280112044818,"Bo Naylor","21865",666310
"Nick Yorke",2026,"FA,FC,FS,SI,CH,SL,CU,KC",208,0.7666666666666667,0.9130434782608695,0.28846153846153844,0.5301204819277109,0.8409090909090909,0.39903846153846156,0.22727272727272727,0.6,0.21153846153846154,0.047619047619047616,0,0.10096153846153846,"Nick Yorke","27504",694377
"Ha-Seong Kim",2026,"FA,FC,FS,SI,CH,SL,CU,EP",314,0.627906976744186,0.9444444444444444,0.27388535031847133,0.4632352941176471,0.8095238095238095,0.43312101910828027,0.16666666666666666,0.6,0.1910828025477707,0.15625,0.2,0.10191082802547771,"Ha-Seong Kim","27506",673490
"Ali Sánchez",2026,"FA,FC,FS,SI,CH,SL,CU,KC",149,0.7045454545454546,0.967741935483871,0.2953020134228188,0.5737704918032787,0.8571428571428571,0.40939597315436244,0.375,0.4166666666666667,0.21476510067114093,0.08333333333333333,0,0.08053691275167785,"Ali Sanchez","18551",645305
"Ronny Simon",2026,"FA,FC,FS,SI,CH,SL,CU,KC,EP",149,0.7441860465116279,0.875,0.28859060402684567,0.6122448979591837,0.8,0.3288590604026846,0.3684210526315789,0.7857142857142857,0.2550335570469799,0.05263157894736842,0,0.12751677852348994,"Ronny Simon","25346",682927
"Enrique Hernández",2026,"FA,FC,FS,SI,SL,CU,KC",118,0.7941176470588235,0.8888888888888888,0.288135593220339,0.5476190476190477,0.8260869565217391,0.3559322033898305,0.2413793103448276,0.5714285714285714,0.2457627118644068,0.07692307692307693,0,0.11016949152542373,"Enrique Hernandez","10472",571771
"Mitch Garver",2026,"FA,FC,FS,SI,CH,SL,CU,KC",344,0.6153846153846154,0.6666666666666666,0.22674418604651161,0.47435897435897434,0.7162162162162162,0.45348837209302323,0.16049382716049382,0.15384615384615385,0.23546511627906977,0.13793103448275862,0,0.08430232558139535,"Mitch Garver","15161",641598
"Christopher Morel",2026,"FA,FC,FS,SI,CH,SL,CU,KC",232,0.6730769230769231,0.8571428571428571,0.22413793103448276,0.5714285714285714,0.7166666666666667,0.4525862068965517,0.26,0.38461538461538464,0.21551724137931033,0.04,0,0.10775862068965517,"Christopher Morel","21897",666624
"Juan Brito",2026,"FA,FC,FS,SI,CH,SL,CU,KC",266,0.7605633802816901,0.8703703703703703,0.2669172932330827,0.5384615384615384,0.7777777777777778,0.43609022556390975,0.32075471698113206,0.47058823529411764,0.19924812030075187,0.04,0,0.09398496240601503,"Juan Brito","26693",682877
"Rodolfo Durán",2026,"FA,FC,FS,SI,CH,SL,CU,KC",273,0.6666666666666666,0.8541666666666666,0.26373626373626374,0.5,0.8421052631578947,0.4175824175824176,0.3684210526315789,0.47619047619047616,0.2087912087912088,0.06666666666666667,0,0.10989010989010989,"Rodolfo Duran","20958",660710
"Sean Keys",2026,"FA,FC,FS,SI,CH,SL,CU,KC",244,0.796875,0.8431372549019608,0.26229508196721313,0.5904761904761905,0.7741935483870968,0.430327868852459,0.28,0.14285714285714285,0.20491803278688525,0.08,0,0.10245901639344263,"Sean Keys","35094",815873
"Davis Schneider",2026,"FA,FC,FS,SI,CH,SL,CU,KC,EP",283,0.75,0.8596491228070176,0.26855123674911663,0.34210526315789475,0.6153846153846154,0.4028268551236749,0.17391304347826086,0.5,0.24381625441696114,0.08333333333333333,0,0.08480565371024736,"Davis Schneider","23565",676914
"Harrison Bader",2026,"FA,FC,FO,FS,SI,CH,SL,CU,KC",329,0.7105263157894737,0.7962962962962963,0.23100303951367782,0.6170212765957447,0.7586206896551724,0.42857142857142855,0.3835616438356164,0.39285714285714285,0.22188449848024316,0.15384615384615385,0.16666666666666666,0.11854103343465046,"Harrison Bader","18030",664056
"Adael Amador",2026,"FA,FC,FS,SI,CH,SL,CU,KC",213,0.7666666666666667,0.9347826086956522,0.28169014084507044,0.5316455696202531,0.8095238095238095,0.37089201877934275,0.2222222222222222,0.75,0.2535211267605634,0.05,1,0.09389671361502347,"Adael Amador","27962",691182
"Nick Madrigal",2026,"FA,FC,FS,SI,CH,SL,CU",155,0.7272727272727273,1,0.2838709677419355,0.5076923076923077,0.8484848484848485,0.41935483870967744,0.29411764705882354,1,0.21935483870967742,0.25,0,0.07741935483870968,"Nick Madrigal","20521",663611
"Joshua Báez",2026,"FA,FC,SI,CH,SL,CU",233,0.7222222222222222,0.8653846153846154,0.3090128755364807,0.6326530612244898,0.6129032258064516,0.4206008583690987,0.2857142857142857,0.3333333333333333,0.18025751072961374,0.09523809523809523,0,0.09012875536480687,"Joshua Baez","29596",695491
"Sebastián Rivero",2026,"FA,FC,FS,SI,CH,SL,CU,KC",168,0.7209302325581395,0.9032258064516129,0.25595238095238093,0.7014925373134329,0.8297872340425532,0.39880952380952384,0.48717948717948717,0.631578947368421,0.23214285714285715,0.15789473684210525,0.3333333333333333,0.1130952380952381,"Sebastian Rivero","21735",665861
"Ryan Ward",2026,"FA,FC,FS,SI,CH,SL,CU,KC",241,0.7377049180327869,0.8444444444444444,0.25311203319502074,0.6526315789473685,0.7903225806451613,0.3941908713692946,0.2692307692307692,0.7857142857142857,0.2157676348547718,0.15151515151515152,0.4,0.13278008298755187,"Ryan Ward","27449",669899
"Shay Whitcomb",2026,"FA,FC,FS,SI,CH,SL,CU,KC,EP",291,0.6666666666666666,0.9107142857142857,0.28865979381443296,0.5818181818181818,0.734375,0.37800687285223367,0.3787878787878788,0.32,0.2268041237113402,0.06451612903225806,0.5,0.10652920962199312,"Shay Whitcomb","27789",694376
"Sterlin Thompson",2026,"FA,FC,FS,SI,CH,SL,CU,KC,EP",249,0.8166666666666667,0.8367346938775511,0.24096385542168675,0.5673076923076923,0.6949152542372882,0.41767068273092367,0.15873015873015872,0.3,0.25301204819277107,0.09090909090909091,0,0.08835341365461848,"Sterlin Thompson","31443",694514
"Weston Wilson",2026,"FA,FC,FS,SI,CH,SL,CU,KC,EP",274,0.7101449275362319,0.8979591836734694,0.2518248175182482,0.5,0.6666666666666666,0.39416058394160586,0.19444444444444445,0.14285714285714285,0.26277372262773724,0.04,0,0.09124087591240876,"Weston Wilson","19358",642215
"Lenyn Sosa",2026,"FA,FC,FS,SI,CH,SL,CU,KC,EP",260,0.5757575757575758,0.8947368421052632,0.25384615384615383,0.6822429906542056,0.9041095890410958,0.4115384615384615,0.41818181818181815,0.782608695652174,0.2076923076923077,0.125,0.25,0.12307692307692308,"Lenyn Sosa","22896",672820
"Ben Malgeri",2026,"FA,FC,FS,SI,CH,SL,CU,KC",202,0.7121212121212122,0.851063829787234,0.32673267326732675,0.5733333333333334,0.7209302325581395,0.3712871287128713,0.18604651162790697,0.25,0.21287128712871287,0,0,0.0891089108910891,"Ben Malgeri","29577",701162
"Gabriel Rincones Jr.",2026,"FA,FC,FS,SI,CH,SL,CU,KC",324,0.7142857142857143,0.8153846153846154,0.2808641975308642,0.6231884057971014,0.7441860465116279,0.42592592592592593,0.4411764705882353,0.5,0.20987654320987653,0.1111111111111111,0,0.08333333333333333,"Gabriel Rincones Jr.","31958",687282
"Everson Pereira",2026,"FA,FC,FS,SI,CH,SL,CU,KC",231,0.8571428571428571,0.8333333333333334,0.2727272727272727,0.6595744680851063,0.6774193548387096,0.4069264069264069,0.3269230769230769,0.17647058823529413,0.22510822510822512,0.13636363636363635,0,0.09523809523809523,"Everson Pereira","23695",677592
"Bryan De La Cruz",2026,"FA,FC,FS,SI,CH,SL,CU,KC",149,0.8409090909090909,0.918918918918919,0.2953020134228188,0.5531914893617021,0.7307692307692307,0.31543624161073824,0.35555555555555557,0.5625,0.30201342281879195,0.07692307692307693,0,0.087248322147651,"Bryan De La Cruz","19600",650559
"Jarred Kelenic",2026,"FA,FC,FS,SI,CH,SL,CU,KC",284,0.6986301369863014,0.8235294117647058,0.25704225352112675,0.5508474576271186,0.6153846153846154,0.4154929577464789,0.25757575757575757,0.17647058823529413,0.2323943661971831,0.07407407407407407,0,0.09507042253521127,"Jarred Kelenic","22558",672284
"David Fry",2026,"FA,FC,FS,SI,CH,SL,CU,KC,EP",234,0.7096774193548387,0.7727272727272727,0.26495726495726496,0.504950495049505,0.7254901960784313,0.43162393162393164,0.22448979591836735,0.2727272727272727,0.2094017094017094,0.2727272727272727,0.16666666666666666,0.09401709401709402,"David Fry","24934",681807
"Christian Moore",2026,"FA,FC,FS,SI,CH,SL,CU,KC",367,0.7244897959183674,0.9014084507042254,0.2670299727520436,0.5060240963855421,0.6785714285714286,0.44959128065395093,0.30985915492957744,0.22727272727272727,0.19346049046321526,0.15625,0,0.08719346049046321,"Christian Moore","34979",695681
"Justin Foscue",2026,"FA,FC,FS,SI,CH,SL,CU,KC,EP",332,0.6122448979591837,0.9333333333333333,0.29518072289156627,0.5067567567567568,0.8133333333333334,0.4457831325301205,0.2830188679245283,0.3333333333333333,0.15963855421686746,0.15151515151515152,0,0.0963855421686747,"Justin Foscue","27501",679822
"Joshua Kuroda-Grauer",2026,"FA,FC,FS,SI,CH,SL,KC,EP",141,0.65,0.9230769230769231,0.28368794326241137,0.5964912280701754,0.7058823529411765,0.40425531914893614,0.28125,0.6666666666666666,0.22695035460992907,0,0,0.0851063829787234,"Joshua Kuroda-Grauer","35121",811965
"Alan Roden",2026,"FA,FC,FS,SI,CH,SL,CU,KC",262,0.6212121212121212,0.9024390243902439,0.25190839694656486,0.5087719298245614,0.9310344827586207,0.4351145038167939,0.25,0.42857142857142855,0.21374045801526717,0.038461538461538464,0,0.09923664122137404,"Alan Roden","31564",702176
"Matt Wallner",2026,"FA,FC,FS,SI,CH,SL,CU,KC",391,0.7204301075268817,0.7611940298507462,0.23785166240409208,0.6766467065868264,0.5309734513274337,0.42710997442455245,0.19767441860465115,0.17647058823529413,0.21994884910485935,0.1111111111111111,0,0.11508951406649616,"Matt Wallner","26466",670242
"Brett Callahan",2026,"FA,FC,FS,SI,CH,SL,CU,KC",260,0.8125,0.8769230769230769,0.3076923076923077,0.6039603960396039,0.8360655737704918,0.38846153846153847,0.4406779661016949,0.3076923076923077,0.22692307692307692,0.15,0,0.07692307692307693,"Brett Callahan","33514",814430
"Joey Bart",2026,"FA,FC,FS,SI,CH,SL,CU,KC,EP",223,0.7,0.8571428571428571,0.26905829596412556,0.5392156862745098,0.8181818181818182,0.45739910313901344,0.17777777777777778,0.375,0.20179372197309417,0.125,0,0.07174887892376682,"Joey Bart","21524",663698
"Jake Rogers",2026,"FA,FC,FS,SI,CH,SL,CU,KC,EP",513,0.6527777777777778,0.9148936170212766,0.2807017543859649,0.4688995215311005,0.7142857142857143,0.40545808966861596,0.18095238095238095,0.42105263157894735,0.20272904483430798,0.09090909090909091,0.6,0.10721247563352826,"Jake Rogers","19452",668670
"Zac Veen",2026,"FA,FC,FS,SI,CH,SL,CU,KC,EP",265,0.8666666666666667,0.8205128205128205,0.16981132075471697,0.6949152542372882,0.6341463414634146,0.44528301886792454,0.33766233766233766,0.34615384615384615,0.29056603773584905,0.04,0,0.09433962264150944,"Zac Veen","27770",691728
"Sean Murphy",2026,"FA,FC,FS,SI,CH,SL,CU,KC,EP",313,0.6511627906976745,0.875,0.2747603833865815,0.5447154471544715,0.7313432835820896,0.3929712460063898,0.3287671232876712,0.4583333333333333,0.23322683706070288,0.16129032258064516,0,0.09904153354632587,"Sean Murphy","19352",669221
"Jhonny Pereda",2026,"FA,FC,FS,SI,CH,SL,CU,EP",291,0.7230769230769231,0.8936170212765957,0.22336769759450173,0.5507246376811594,0.7763157894736842,0.4742268041237113,0.22033898305084745,0.6153846153846154,0.2027491408934708,0,0,0.09965635738831616,"Jhonny Pereda","19802",640902
"Jordan Lawlar",2026,"FA,FC,FS,SI,CH,SL,CU",289,0.6883116883116883,0.9245283018867925,0.2664359861591695,0.5169491525423728,0.6721311475409836,0.4083044982698962,0.23529411764705882,0.4375,0.23529411764705882,0.11538461538461539,0,0.08996539792387544,"Jordan Lawlar","29976",691783
"Derek Hill",2026,"FA,FC,FO,FS,SI,CH,SL,CU,KC",331,0.6781609195402298,0.8305084745762712,0.2628398791540785,0.5298507462686567,0.7464788732394366,0.40483383685800606,0.28205128205128205,0.3181818181818182,0.23564954682779457,0.125,0.25,0.09667673716012085,"Derek Hill","16947",656537
"Walker Jenkins",2026,"FA,FC,FS,SI,CH,SL,CU,KC",253,0.8059701492537313,0.9074074074074074,0.2648221343873518,0.5523809523809524,0.7586206896551724,0.4150197628458498,0.15254237288135594,0.4444444444444444,0.233201581027668,0,0,0.08695652173913043,"Walker Jenkins","33571",805805
"Turner Hill",2026,"FA,FC,FS,SI,CH,SL,CU,KC",314,0.6588235294117647,0.9464285714285714,0.27070063694267515,0.38405797101449274,0.8490566037735849,0.43630573248407645,0.13114754098360656,0.625,0.1942675159235669,0.1,0,0.09554140127388536,"Turner Hill","32053",806367
"Jake Fraley",2026,"FA,FC,FS,SI,CH,SL,CU,KC",359,0.75,0.9130434782608695,0.2562674094707521,0.5308641975308642,0.7558139534883721,0.45125348189415043,0.13043478260869565,0.4444444444444444,0.19220055710306408,0.027777777777777776,0,0.10027855153203342,"Jake Fraley","19260",641584
"Jorge Barrosa",2026,"FA,FC,FS,SI,CH,SL,CU,KC",468,0.6186440677966102,0.863013698630137,0.25213675213675213,0.5157894736842106,0.7142857142857143,0.40384615384615385,0.25,0.35714285714285715,0.23931623931623933,0.0625,0,0.10256410256410256,"Jorge Barrosa","23968",678489
"Miguel Rojas",2026,"FA,FC,FS,SI,CH,SL,CU,KC,EP",280,0.7125,0.9473684210526315,0.2857142857142857,0.5545454545454546,0.7868852459016393,0.39285714285714285,0.2923076923076923,0.631578947368421,0.23214285714285715,0.08,0,0.08928571428571429,"Miguel Rojas","7802",500743
"Tyler Callihan",2026,"FA,FC,FS,SI,CH,SL,CU,KC",402,0.8303571428571429,0.8602150537634409,0.27860696517412936,0.6196319018404908,0.5643564356435643,0.40298507462686567,0.25,0.5454545454545454,0.21890547263681592,0.07692307692307693,0,0.09701492537313433,"Tyler Callihan","27497",682997
"Leo Rivas",2026,"FA,FC,FS,SI,CH,SL,CU,KC",418,0.672566371681416,0.9210526315789473,0.2703349282296651,0.3368421052631579,0.671875,0.45454545454545453,0.12987012987012986,0.3,0.18421052631578946,0.05263157894736842,0,0.09090909090909091,"Leo Rivas","21009",660844
"Nick Castellanos",2026,"FA,FC,FS,SI,CH,SL,CU,KC",352,0.8452380952380952,0.8309859154929577,0.23863636363636365,0.7050359712230215,0.6224489795918368,0.39204545454545453,0.35294117647058826,0.4666666666666667,0.23579545454545456,0.09090909090909091,0,0.125,"Nick Castellanos","11737",592206
"Jorge Polanco",2026,"FA,FC,FS,SI,CH,SL,CU,KC",438,0.65,0.9076923076923077,0.228310502283105,0.5078534031413613,0.865979381443299,0.4360730593607306,0.22935779816513763,0.4,0.2465753424657534,0,0,0.0867579908675799,"Jorge Polanco","13152",593871
"Victor Scott II",2026,"FA,FC,FS,SI,CH,SL,CU,KC,EP",504,0.8135593220338984,0.8958333333333334,0.23412698412698413,0.5065502183406113,0.7155172413793104,0.45436507936507936,0.16822429906542055,0.2222222222222222,0.2123015873015873,0.06,0,0.0992063492063492,"Victor Scott II","31349",687363
"Alex Jackson",2026,"FA,FC,SI,CH,SL,CU,EP",183,0.717391304347826,0.9696969696969697,0.24043715846994534,0.6623376623376623,0.7450980392156863,0.41530054644808745,0.2857142857142857,0.5,0.26229508196721313,0.2727272727272727,0,0.060109289617486336,"Alex Jackson","17276",656577
"Wenceel Pérez",2026,"FA,FC,FS,SI,CH,SL,CU,KC,EP",454,0.6517857142857143,0.9315068493150684,0.24669603524229075,0.5549738219895288,0.839622641509434,0.42070484581497797,0.2702702702702703,0.6,0.2444933920704846,0,0,0.0881057268722467,"Wenceel Perez","22857",672761
"Alek Thomas",2026,"FA,FC,FS,SI,CH,SL,CU,KC",364,0.7894736842105263,0.8933333333333333,0.260989010989011,0.6363636363636364,0.8241758241758241,0.39285714285714285,0.358695652173913,0.5454545454545454,0.25,0.23529411764705882,0.25,0.09340659340659341,"Alek Thomas","23792",677950
"Kyle Teel",2026,"FA,FC,FS,SI,CH,SL,CU,KC",426,0.6702127659574468,0.9047619047619048,0.22065727699530516,0.553072625698324,0.6464646464646465,0.42018779342723006,0.27884615384615385,0.3793103448275862,0.24413145539906103,0.04081632653061224,0,0.11502347417840375,"Kyle Teel","33549",691019
"Ryan Vilade",2026,"FA,FC,FS,SI,CH,SL,CU,KN,KC,EP",415,0.6981132075471698,0.8648648648648649,0.25542168674698795,0.5138121546961326,0.8064516129032258,0.43614457831325304,0.18823529411764706,0.375,0.20481927710843373,0.046511627906976744,0.5,0.10361445783132531,"Ryan Vilade","22165",668723
"Kahlil Watson",2026,"FA,FC,FS,SI,CH,SL,CU,KC",283,0.7971014492753623,0.7818181818181819,0.24381625441696114,0.616,0.7272727272727273,0.4416961130742049,0.30434782608695654,0.2857142857142857,0.24381625441696114,0.05,0,0.0706713780918728,"Kahlil Watson","29905",696135
"Kaelen Culpepper",2026,"FA,FC,FS,SI,CH,SL,CU,KC",279,0.6486486486486487,0.9375,0.26523297491039427,0.6306306306306306,0.8285714285714286,0.3978494623655914,0.41935483870967744,0.46153846153846156,0.2222222222222222,0.125,0,0.11469534050179211,"Kaelen Culpepper","35111",701785
"Will Benson",2026,"FA,FC,FS,SI,CH,SL,CU,KC,EP",467,0.8407079646017699,0.8105263157894737,0.24197002141327623,0.4368932038834951,0.6333333333333333,0.4411134903640257,0.1523809523809524,0.3125,0.22483940042826553,0.023255813953488372,0,0.09207708779443255,"Will Benson","21853",666181
"Tommy Troy",2026,"FA,FC,FS,SI,CH,SL,CU,KC,EP",445,0.6698113207547169,0.8873239436619719,0.23820224719101124,0.5076923076923077,0.696969696969697,0.43820224719101125,0.1782178217821782,0.4444444444444444,0.22696629213483147,0.023255813953488372,0,0.09662921348314607,"Tommy Troy","33279",694371
"Pavin Smith",2026,"FA,FC,FS,SI,CH,SL,CU,KC",437,0.656,0.8902439024390244,0.28604118993135014,0.489247311827957,0.7912087912087912,0.425629290617849,0.20481927710843373,0.6470588235294118,0.18993135011441648,0.06976744186046512,0,0.09839816933638444,"Pavin Smith","19892",656976
"Matt Shaw",2026,"FA,FC,FO,FS,SI,CH,SL,CU,KN,KC,EP",414,0.6703296703296703,0.8852459016393442,0.21980676328502416,0.4948453608247423,0.8541666666666666,0.46618357487922707,0.28205128205128205,0.5909090909090909,0.18840579710144928,0.058823529411764705,0,0.12318840579710146,"Matt Shaw","33322",807713
"Leo Jiménez",2026,"FA,FC,FS,SI,CH,SL,CU,KC,EP",389,0.651685393258427,0.8793103448275862,0.22879177377892032,0.4678362573099415,0.85,0.43958868894601544,0.25274725274725274,0.30434782608695654,0.23393316195372751,0,0,0.09768637532133675,"Leo Jimenez","23782",677870
"Brandon Lockridge",2026,"FA,FC,FS,SI,CH,SL,CU,KC,EP",274,0.6623376623376623,0.8235294117647058,0.28102189781021897,0.4745762711864407,0.8214285714285714,0.4306569343065693,0.25925925925925924,0.5,0.19708029197080293,0.04,0,0.09124087591240876,"Brandon Lockridge","21496",663604
"Angel Genao",2026,"FA,FC,FS,SI,CH,SL,CU,KC",355,0.6956521739130435,0.921875,0.2591549295774648,0.44755244755244755,0.890625,0.4028169014084507,0.3333333333333333,0.52,0.2112676056338028,0.1111111111111111,0.2,0.12394366197183099,"Angel Genao","28811",694197
"Tyler Tolbert",2026,"FA,FC,FS,SI,CH,SL,CU,EP",207,0.6901408450704225,0.8367346938775511,0.34299516908212563,0.6461538461538462,0.6428571428571429,0.3140096618357488,0.18867924528301888,0.4,0.2560386473429952,0.1111111111111111,0,0.08695652173913043,"Tyler Tolbert","25779",686475
"James Outman",2026,"FA,FC,FS,SI,CH,SL,CU,KC,EP",601,0.746268656716418,0.75,0.22129783693843594,0.5962264150943396,0.620253164556962,0.44093178036605657,0.2708333333333333,0.1794871794871795,0.23960066555740434,0.10344827586206896,0,0.09650582362728785,"James Outman","24770",681546
"Leo Bernal",2026,"FA,FC,FS,SI,CH,SL,CU,KC,EP",258,0.7014925373134329,0.9574468085106383,0.25968992248062023,0.5242718446601942,0.7962962962962963,0.3992248062015504,0.28125,0.5,0.24806201550387597,0.125,0.3333333333333333,0.09302325581395349,"Leo Bernal","29016",699024
"Alex Call",2026,"FA,FC,FS,SI,CH,SL,CU,KN,KC,EP",504,0.6137931034482759,0.9550561797752809,0.2876984126984127,0.45794392523364486,0.8469387755102041,0.4246031746031746,0.1111111111111111,0.8333333333333334,0.21428571428571427,0,0,0.07341269841269842,"Alex Call","19296",669743
"Edmundo Sosa",2026,"FA,FC,FS,SI,CH,SL,CU,KC",373,0.6888888888888889,0.9354838709677419,0.24128686327077747,0.7402597402597403,0.7280701754385965,0.4101876675603217,0.5978260869565217,0.6545454545454545,0.24664879356568364,0.24324324324324326,0.1111111111111111,0.09919571045576407,"Edmundo Sosa","17022",624641
"Giancarlo Stanton",2026,"FA,FC,FS,SI,CH,SL,CU,KC",260,0.6551724137931034,0.8157894736842105,0.2230769230769231,0.559322033898305,0.6515151515151515,0.45384615384615384,0.23333333333333334,0.35714285714285715,0.23076923076923078,0.08333333333333333,0,0.09230769230769231,"Giancarlo Stanton","4949",519317
"Daniel Susac",2026,"FA,FC,FS,SI,CH,SL,CU,KN",400,0.6880733944954128,0.9066666666666666,0.27,0.6474358974358975,0.801980198019802,0.39,0.39325842696629215,0.6285714285714286,0.2225,0.15217391304347827,0,0.1125,"Daniel Susac","31441",691740
"Darell Hernaiz",2026,"FA,FC,FS,SI,CH,SL,CU,KC",391,0.7659574468085106,0.875,0.24040920716112532,0.5459770114942529,0.7894736842105263,0.44501278772378516,0.3333333333333333,0.46153846153846156,0.19948849104859334,0.08888888888888889,0.25,0.11508951406649616,"Darell Hernaiz","26224",687231
"Jonah Cox",2026,"FA,FC,FS,SI,CH,SL,CU,KC,EP",274,0.7605633802816901,0.7777777777777778,0.2591240875912409,0.5916666666666667,0.704225352112676,0.43795620437956206,0.20833333333333334,0.1,0.17518248175182483,0.08571428571428572,0,0.12773722627737227,"Jonah Cox","33270",813841
"Osleivis Basabe",2026,"FA,FC,FO,FS,SI,CH,SL,CU,KN,KC",308,0.6419753086419753,0.9230769230769231,0.2597402597402597,0.44881889763779526,0.7719298245614035,0.41233766233766234,0.38571428571428573,0.7407407407407407,0.22727272727272727,0.1,0,0.09740259740259741,"Osleivis Basabe","23985",678545
"Jim Jarvis",2026,"FA,FC,FS,SI,CH,SL,CU,KN,KC,EP",375,0.723404255319149,0.9411764705882353,0.25066666666666665,0.46745562130177515,0.8607594936708861,0.45066666666666666,0.2777777777777778,0.55,0.192,0.075,0,0.10666666666666667,"Jim Jarvis","33492",805347
"Carlos Correa",2026,"FA,FC,FS,SI,CH,SL,CU,KC",388,0.5865384615384616,0.8852459016393442,0.26804123711340205,0.5666666666666667,0.8,0.38402061855670105,0.26436781609195403,0.6086956521739131,0.22422680412371135,0.10638297872340426,0.2,0.1211340206185567,"Carlos Correa","14162",621043
"Jake Meyers",2026,"FA,FC,FS,SI,CH,SL,CU,KC",355,0.7291666666666666,0.9142857142857143,0.2704225352112676,0.624113475177305,0.8522727272727273,0.3971830985915493,0.1927710843373494,0.4375,0.23380281690140844,0.05714285714285714,0,0.09859154929577464,"Jake Meyers","20308",676694
"Josh Rojas",2026,"FA,FC,FS,SI,CH,SL,CU,KC,EP",329,0.7948717948717948,0.967741935483871,0.23708206686930092,0.5405405405405406,0.8625,0.44984802431610943,0.24358974358974358,0.47368421052631576,0.23708206686930092,0.12,0,0.07598784194528875,"Josh Rojas","19734",668942
"Rafael Flores Jr.",2026,"FA,FC,FS,SI,CH,SL,CU,KC",328,0.6404494382022472,0.8421052631578947,0.27134146341463417,0.5804195804195804,0.6987951807228916,0.43597560975609756,0.18461538461538463,0.25,0.19817073170731708,0.03225806451612903,0,0.09451219512195122,"Rafael Flores Jr.","31991",804668
"MJ Melendez",2026,"FA,FC,FS,SI,CH,SL,CU,KC",562,0.6942148760330579,0.8571428571428571,0.21530249110320285,0.5899581589958159,0.6524822695035462,0.42526690391459077,0.2236842105263158,0.5,0.2704626334519573,0.06,0,0.08896797153024912,"MJ Melendez","22197",669004
"Yoán Moncada",2026,"FA,FC,FO,FS,SI,CH,SL,CU,KN,KC",430,0.5945945945945946,0.9090909090909091,0.25813953488372093,0.47674418604651164,0.7195121951219512,0.39767441860465114,0.16822429906542055,0.16666666666666666,0.24883720930232558,0.025,0,0.09302325581395349,"Yoan Moncada","17232",660162
"Victor Robles",2026,"FA,FC,FS,SI,CH,SL,CU,KC,EP",330,0.8352941176470589,0.9436619718309859,0.25757575757575757,0.6507936507936508,0.7804878048780488,0.38181818181818183,0.3176470588235294,0.5185185185185185,0.25757575757575757,0.029411764705882353,0,0.10303030303030303,"Victor Robles","18363",645302
"Braden Shewmake",2026,"FA,FC,FS,SI,CH,SL,CU,KN,KC,EP",254,0.7397260273972602,0.9074074074074074,0.2874015748031496,0.7425742574257426,0.7333333333333333,0.39763779527559057,0.42857142857142855,0.8148148148148148,0.24803149606299213,0.17647058823529413,0.3333333333333333,0.06692913385826772,"Braden Shewmake","25817",669699
"Joey Loperfido",2026,"FA,FC,FS,SI,CH,SL,CU,KC",429,0.7961165048543689,0.8414634146341463,0.2400932400932401,0.4946236559139785,0.7282608695652174,0.43356643356643354,0.26804123711340205,0.3076923076923077,0.2261072261072261,0.09302325581395349,0,0.10023310023310024,"Joey Loperfido","29630",694388
"Jimmy Crooks",2026,"FA,FC,FS,SI,CH,SL,CU,KC",484,0.6864406779661016,0.7654320987654321,0.24380165289256198,0.5606060606060606,0.7837837837837838,0.4090909090909091,0.3611111111111111,0.38461538461538464,0.2231404958677686,0.13333333333333333,0,0.12396694214876033,"Jimmy Crooks","31354",699625
"Drew Millas",2026,"FA,FC,FS,SI,CH,SL,CU,KC",498,0.5909090909090909,0.9358974358974359,0.26506024096385544,0.5700934579439252,0.7622950819672131,0.42971887550200805,0.19811320754716982,0.5238095238095238,0.21285140562248997,0.021739130434782608,0,0.09236947791164658,"Drew Millas","25643",686452
"Drew Romo",2026,"FA,FC,FS,SI,CH,SL,CU,KC",586,0.7588652482269503,0.8785046728971962,0.24061433447098976,0.5975103734439834,0.6875,0.4112627986348123,0.3404255319148936,0.3333333333333333,0.24061433447098976,0.06349206349206349,0.25,0.10580204778156997,"Drew Romo","27763",691011
"Abimelec Ortiz",2026,"FA,FC,FO,FS,SI,CH,SL,CU,KC",525,0.7391304347826086,0.8823529411764706,0.21904761904761905,0.5721153846153846,0.8319327731092437,0.3961904761904762,0.40298507462686567,0.6111111111111112,0.25523809523809526,0.08823529411764706,0,0.1295238095238095,"Abimelec Ortiz","29539",694673
"Tyler Heineman",2026,"FA,FC,FS,SI,CH,SL,CU,KC,EP",497,0.6906474820143885,0.9166666666666666,0.2776659959758551,0.6600985221674877,0.8059701492537313,0.40643863179074446,0.3853211009174312,0.6428571428571429,0.2193158953722334,0.10869565217391304,0,0.0925553319919517,"Tyler Heineman","13897",623168
"Andrés Chaparro",2026,"FA,FC,FS,SI,CH,SL,CU,KC",310,0.8732394366197183,0.8387096774193549,0.22903225806451613,0.6587301587301587,0.7349397590361446,0.4064516129032258,0.3037974683544304,0.20833333333333334,0.25483870967741934,0.11764705882352941,0,0.10967741935483871,"Andres Chaparro","21797",665953
"Randal Grichuk",2026,"FA,FC,FS,SI,CH,SL,CU,KC",336,0.6868686868686869,0.8676470588235294,0.29464285714285715,0.539568345323741,0.76,0.41369047619047616,0.3968253968253968,0.28,0.1875,0.17142857142857143,0,0.10416666666666667,"Randal Grichuk","10243",545341
"Ke'Bryan Hayes",2026,"FA,FC,FS,SI,CH,SL,CU,KC",648,0.6646341463414634,0.926605504587156,0.2515432098765432,0.4787234042553192,0.7777777777777778,0.4351851851851852,0.3111111111111111,0.47619047619047616,0.20833333333333334,0.07462686567164178,0,0.10339506172839506,"Ke'Bryan Hayes","18577",663647
"Pedro Pagés",2026,"FA,FC,FS,SI,CH,SL,CU,KC",437,0.6666666666666666,0.8783783783783784,0.2540045766590389,0.5300546448087432,0.7628865979381443,0.41876430205949655,0.3557692307692308,0.40540540540540543,0.2379862700228833,0.10256410256410256,0.25,0.08924485125858124,"Pedro Pages","25782",686780
"Gary Sánchez",2026,"FA,FC,FS,SI,CH,SL,CU,KC,EP",616,0.5975609756097561,0.8571428571428571,0.2662337662337662,0.35661764705882354,0.7525773195876289,0.44155844155844154,0.18604651162790697,0.375,0.20941558441558442,0.058823529411764705,0,0.08279220779220779,"Gary Sanchez","11442",596142
"Eli White",2026,"FA,FC,FS,SI,CH,SL,CU,KC,EP",308,0.6813186813186813,0.8870967741935484,0.29545454545454547,0.6589147286821705,0.8352941176470589,0.41883116883116883,0.22950819672131148,0.6428571428571429,0.19805194805194806,0.1111111111111111,0,0.08766233766233766,"Eli White","19346",642201
"Amed Rosario",2026,"FA,FC,FS,SI,CH,SL,CU,KC,EP",307,0.7625,0.8688524590163934,0.26058631921824105,0.6307692307692307,0.7804878048780488,0.4234527687296417,0.3125,0.3,0.20846905537459284,0.15151515151515152,0,0.10749185667752444,"Amed Rosario","15518",642708
"LaMonte Wade Jr.",2026,"FA,FC,FS,SI,CH,SL,CU,KC",603,0.6560509554140127,0.8640776699029126,0.2603648424543947,0.44715447154471544,0.8181818181818182,0.40630182421227196,0.1568627450980392,0.4166666666666667,0.2537313432835821,0.0425531914893617,0,0.0779436152570481,"LaMonte Wade Jr.","18126",664774
"Esteury Ruiz",2026,"FA,FC,FS,SI,CH,SL,CU,KC",473,0.6771653543307087,0.872093023255814,0.26849894291754756,0.5181347150259067,0.8,0.4080338266384778,0.2761904761904762,0.4482758620689655,0.2219873150105708,0.14583333333333334,0,0.1014799154334038,"Esteury Ruiz","21780",665923
"Max Kepler",2026,"FA,FC,FO,FS,SI,CH,SL,CU,KC",490,0.8214285714285714,0.9130434782608695,0.22857142857142856,0.5614035087719298,0.75,0.46530612244897956,0.3148148148148148,0.5,0.22040816326530613,0.11904761904761904,0.2,0.08571428571428572,"Max Kepler","12144",596146
"Edwin Arroyo",2026,"FA,FC,FS,SI,CH,SL,CU,KC,EP",435,0.8018018018018018,0.898876404494382,0.25517241379310346,0.6763005780346821,0.7606837606837606,0.3954022988505747,0.37777777777777777,0.5,0.20689655172413793,0.03278688524590164,0,0.14022988505747128,"Edwin Arroyo","29957",695490
"Jorge Mateo",2026,"FA,FC,FO,FS,SI,CH,SL,CU,KC,EP",522,0.7350427350427351,0.8604651162790697,0.2222222222222222,0.6231884057971014,0.6821705426356589,0.39655172413793105,0.4126984126984127,0.4230769230769231,0.2413793103448276,0.09722222222222222,0.5714285714285714,0.13793103448275862,"Jorge Mateo","17273",622761
"Luisangel Acuña",2026,"FA,FC,FS,SI,CH,SL,CU,KC,EP",389,0.7222222222222222,0.9076923076923077,0.23136246786632392,0.5652173913043478,0.7912087912087912,0.41131105398457585,0.30927835051546393,0.3,0.2493573264781491,0.04878048780487805,0,0.10539845758354756,"Luisangel Acuna","26548",682668
"Héctor Rodríguez",2026,"FA,FC,FS,SI,CH,SL,CU,KC",373,0.7816091954022989,0.8823529411764706,0.23324396782841822,0.6283783783783784,0.7849462365591398,0.3967828418230563,0.43157894736842106,0.6097560975609756,0.2520107238605898,0.18604651162790697,0,0.11528150134048257,"Hector Rodriguez","29189",699302
"Tyler O'Neill",2026,"FA,FC,FS,SI,CH,SL,CU,KC",559,0.7847222222222222,0.8584070796460177,0.25760286225402507,0.5299539170506913,0.6956521739130435,0.3881932021466905,0.1987179487179487,0.22580645161290322,0.27906976744186046,0.023809523809523808,0,0.07513416815742398,"Tyler O'Neill","15711",641933
"Sung-Mun Song",2026,"FA,FC,FS,SI,CH,SL,CU,KC,EP",567,0.6956521739130435,0.9166666666666666,0.24162257495590828,0.4838709677419355,0.7833333333333333,0.43562610229276894,0.16260162601626016,0.4,0.21693121693121692,0.017241379310344827,1,0.10229276895943562,"Sung-Mun Song","37122",823550
"Kyle Higashioka",2026,"FA,FC,FS,SI,CH,SL,CU,KC",553,0.6417910447761194,0.8837209302325582,0.2423146473779385,0.48695652173913045,0.8035714285714286,0.4159132007233273,0.2595419847328244,0.29411764705882354,0.23688969258589512,0.034482758620689655,0.5,0.10488245931283906,"Kyle Higashioka","5517",543309
"John Rave",2026,"FA,FC,FS,SI,CH,SL,CU,KC",469,0.646551724137931,0.88,0.24733475479744135,0.4558139534883721,0.8367346938775511,0.4584221748400853,0.16666666666666666,0.17647058823529413,0.21748400852878466,0.05555555555555555,0,0.0767590618336887,"John Rave","26284",670231
"Jose Trevino",2026,"FA,FC,FS,SI,CH,SL,CU,KC,EP",390,0.6605504587155964,0.8611111111111112,0.2794871794871795,0.5314285714285715,0.8064516129032258,0.44871794871794873,0.30666666666666664,0.5217391304347826,0.19230769230769232,0.12903225806451613,0.25,0.07948717948717948,"Jose Trevino","16725",624431
"Jasson Domínguez",2026,"FA,FC,FS,SI,CH,SL,CU,KC",520,0.7368421052631579,0.9285714285714286,0.21923076923076923,0.5677966101694916,0.7835820895522388,0.45384615384615384,0.31746031746031744,0.55,0.2423076923076923,0,0,0.08461538461538462,"Jasson Dominguez","28080",691176
"Eduardo Valencia",2026,"FA,FC,FS,SI,CH,SL,CU,KC,EP",263,0.7857142857142857,0.8909090909090909,0.2661596958174905,0.6330275229357798,0.7971014492753623,0.4144486692015209,0.2542372881355932,0.4,0.22433460076045628,0,0,0.09505703422053231,"Eduardo Valencia","24574",680664
"Brenton Doyle",2026,"FA,FC,FO,FS,SI,CH,SL,CU,KC,EP",409,0.7719298245614035,0.8636363636363636,0.2787286063569682,0.5942857142857143,0.7307692307692307,0.4278728606356968,0.34523809523809523,0.2413793103448276,0.20537897310513448,0.05555555555555555,0,0.08801955990220049,"Brenton Doyle","25479",686668
"Max Clark",2026,"FA,FC,FS,SI,CH,SL,CU,KC",486,0.6611570247933884,0.9625,0.24897119341563786,0.5362318840579711,0.8738738738738738,0.42386831275720166,0.2702702702702703,0.6,0.22839506172839505,0.06382978723404255,0,0.09670781893004116,"Max Clark","33381",703601
"Tommy White",2026,"FA,FC,FS,SI,CH,SL,CU,KC,EP",444,0.7428571428571429,0.8974358974358975,0.23648648648648649,0.5392670157068062,0.8543689320388349,0.43018018018018017,0.40186915887850466,0.5581395348837209,0.240990990990991,0.12195121951219512,0,0.09234234234234234,"Tommy White","35107",695720
"Tyrone Taylor",2026,"FA,FC,FS,SI,CH,SL,CU,KN,KC,EP",423,0.7115384615384616,0.918918918918919,0.2458628841607565,0.5120481927710844,0.7647058823529411,0.39243498817966904,0.22935779816513763,0.52,0.2576832151300236,0.06818181818181818,0.3333333333333333,0.10401891252955082,"Tyrone Taylor","13675",621438
"Elias Díaz",2026,"FA,FC,FS,SI,CH,SL,CU,KC",519,0.8360655737704918,0.8921568627450981,0.2350674373795761,0.5850622406639004,0.6595744680851063,0.464354527938343,0.24242424242424243,0.4583333333333333,0.1907514450867052,0.17543859649122806,0.1,0.10982658959537572,"Elias Diaz","11680",553869
"Thomas Saggese",2026,"FA,FC,FS,SI,CH,SL,CU,KC,EP",470,0.7443609022556391,0.8686868686868687,0.28297872340425534,0.6203208556149733,0.7931034482758621,0.39787234042553193,0.30927835051546393,0.6,0.20638297872340425,0.09433962264150944,0.2,0.1127659574468085,"Thomas Saggese","27883",695336
"Austin Hedges",2026,"FA,FC,FS,SI,CH,SL,CU,KC",455,0.6880733944954128,0.8933333333333333,0.23956043956043957,0.5023923444976076,0.7142857142857143,0.4593406593406593,0.18518518518518517,0.5,0.23736263736263735,0.10344827586206896,0,0.06373626373626373,"Austin Hedges","12976",595978
"Edgar Quero",2026,"FA,FC,FS,SI,CH,SL,CU,KC,EP",499,0.8091603053435115,0.9433962264150944,0.2625250501002004,0.5606060606060606,0.7117117117117117,0.39478957915831664,0.21052631578947367,0.4166666666666667,0.22845691382765532,0.017857142857142856,0,0.11222444889779559,"Edgar Quero","28022",700337
"Adam Frazier",2026,"FA,FC,FS,SI,CH,SL,CU,KN,KC",480,0.7664233576642335,0.8476190476190476,0.28541666666666665,0.5841584158415841,0.8220338983050848,0.42083333333333334,0.36082474226804123,0.2857142857142857,0.20208333333333334,0.13636363636363635,0.16666666666666666,0.09166666666666666,"Adam Frazier","15223",624428
"Brice Matthews",2026,"FA,FC,FS,SI,CH,SL,CU,KC,EP",587,0.7096774193548387,0.8181818181818182,0.26405451448040884,0.5166666666666667,0.6612903225806451,0.4088586030664395,0.23529411764705882,0.1875,0.23168654173764908,0.03571428571428571,0,0.09369676320272573,"Brice Matthews","33280",694728
"Blaze Jordan",2026,"FA,FC,FS,SI,CH,SL,CU,KC",453,0.746031746031746,0.9042553191489362,0.27593818984547464,0.6269430051813472,0.8016528925619835,0.4260485651214128,0.35802469135802467,0.4482758620689655,0.17880794701986755,0.05660377358490566,0.6666666666666666,0.11699779249448124,"Blaze Jordan","28199",691458
"Matt Vierling",2026,"FA,FC,FS,SI,CH,SL,CU,KC,EP",631,0.6739130434782609,0.9032258064516129,0.29160063391442154,0.5276752767527675,0.7972027972027972,0.4294770206022187,0.3023255813953488,0.6410256410256411,0.20285261489698891,0.10638297872340426,0.2,0.07448494453248812,"Matt Vierling","21558",663837
"Danny Jansen",2026,"FA,FC,FS,SI,CH,SL,CU,KC",599,0.72,0.9126984126984127,0.2921535893155259,0.4895397489539749,0.7350427350427351,0.3989983305509182,0.15267175572519084,0.45,0.21702838063439064,0.09259259259259259,0,0.09015025041736227,"Danny Jansen","16535",643376
"Graham Pauley",2026,"FA,FC,FS,SI,CH,SL,CU,KC",569,0.7013888888888888,0.9108910891089109,0.2530755711775044,0.5040650406504065,0.8709677419354839,0.4305799648506151,0.3383458646616541,0.35555555555555557,0.23374340949033393,0.06521739130434782,0.3333333333333333,0.08084358523725835,"Graham Pauley","31363",688363
"Colt Emerson",2026,"FA,FC,FS,SI,CH,SL,CU,KC",645,0.740506329113924,0.8034188034188035,0.24496124031007752,0.6353790613718412,0.7102272727272727,0.4294573643410853,0.33766233766233766,0.4807692307692308,0.23875968992248062,0.19642857142857142,0,0.08682170542635659,"Colt Emerson","33575",806068
"Nick Allen",2026,"FA,FC,FS,SI,CH,SL,CU,KC,EP",422,0.7154471544715447,0.875,0.2914691943127962,0.5294117647058824,0.7666666666666667,0.4028436018957346,0.17857142857142858,0.4,0.1990521327014218,0.044444444444444446,0.5,0.1066350710900474,"Nick Allen","22277",669397
"Jose Siri",2026,"FA,FC,FS,SI,CH,SL,CU,KC,EP",451,0.6728971962616822,0.7222222222222222,0.23725055432372505,0.6178010471204188,0.7203389830508474,0.42350332594235035,0.4107142857142857,0.3695652173913043,0.24833702882483372,0.2926829268292683,0.08333333333333333,0.09090909090909091,"Jose Siri","17452",642350
"Noelvi Marte",2026,"FA,FC,FS,SI,CH,SL,CU,KC,EP",545,0.7307692307692307,0.9473684210526315,0.23669724770642203,0.5701357466063348,0.7301587301587301,0.4036697247706422,0.3858267716535433,0.5714285714285714,0.23302752293577983,0.208955223880597,0.07142857142857142,0.12293577981651377,"Noelvi Marte","26517",682622
"Gabriel Arias",2026,"FA,FC,FO,FS,SI,CH,SL,CU,KN,KC,EP",368,0.7551020408163265,0.7432432432432432,0.266304347826087,0.5294117647058824,0.5925925925925926,0.4157608695652174,0.379746835443038,0.26666666666666666,0.21467391304347827,0.10526315789473684,0.25,0.10326086956521739,"Gabriel Arias","22563",672356
"Javier Báez",2026,"FA,FC,FS,SI,CH,SL,CU,KC,EP",490,0.5959595959595959,0.864406779661017,0.20204081632653062,0.6473429951690821,0.8134328358208955,0.42244897959183675,0.4827586206896552,0.4642857142857143,0.23673469387755103,0.19117647058823528,0.07692307692307693,0.13877551020408163,"Javier Baez","12979",595879
"Lourdes Gurriel Jr.",2026,"FA,FC,FS,SI,CH,SL,CU,KC",529,0.6666666666666666,0.8953488372093024,0.2438563327032136,0.6,0.8560606060606061,0.4158790170132325,0.3937007874015748,0.5,0.24007561436672967,0.07547169811320754,0,0.1001890359168242,"Lourdes Gurriel Jr.","19238",666971
"Blake Dunn",2026,"FA,FC,FO,FS,SI,CH,SL,CU,KC,EP",391,0.6491228070175439,0.9324324324324325,0.2915601023017903,0.49693251533742333,0.8395061728395061,0.41687979539641945,0.14634146341463414,0.25,0.20971867007672634,0.09375,0,0.08184143222506395,"Blake Dunn","29487",694362
"Brent Rooker",2026,"FA,FC,FS,SI,CH,SL,CU,KC",537,0.75,0.8854166666666666,0.2383612662942272,0.5745614035087719,0.5954198473282443,0.4245810055865922,0.264,0.2727272727272727,0.23277467411545624,0.08928571428571429,0,0.1042830540037244,"Brent Rooker","19627",667670
"Drew Cavanaugh",2026,"FA,FC,FS,SI,CH,SL,CU,KC,EP",563,0.7959183673469388,0.9145299145299145,0.261101243339254,0.5253456221198156,0.7807017543859649,0.3836589698046181,0.2421875,0.3225806451612903,0.22735346358792186,0.04225352112676056,0,0.1261101243339254,"Drew Cavanaugh","33380",701852
"Mark Vientos",2026,"FA,FC,FS,SI,CH,SL,CU,KC,EP",608,0.7762237762237763,0.7387387387387387,0.23519736842105263,0.6343283582089553,0.6882352941176471,0.4407894736842105,0.3358208955223881,0.4,0.22039473684210525,0.1111111111111111,0,0.10361842105263158,"Mark Vientos","22184",668901
"James McCann",2026,"FA,FC,FS,SI,CH,SL,CU,KC",351,0.6530612244897959,0.9375,0.2792022792022792,0.5441176470588235,0.7837837837837838,0.38746438746438744,0.42168674698795183,0.3142857142857143,0.23646723646723647,0.29411764705882354,0,0.09686609686609686,"James McCann","12859",543510
"Carlos Narváez",2026,"FA,FC,FS,SI,CH,SL,CU,KC",810,0.7641509433962265,0.8209876543209876,0.26049382716049385,0.5705705705705706,0.6736842105263158,0.4111111111111111,0.3446327683615819,0.36065573770491804,0.21851851851851853,0.056818181818181816,0,0.10864197530864197,"Carlos Narvaez","19722",665966
"George Lombard Jr.",2026,"FA,FC,FS,SI,CH,SL,CU,KC",525,0.7032258064516129,0.8715596330275229,0.29523809523809524,0.4751131221719457,0.6952380952380952,0.42095238095238097,0.2018348623853211,0.5909090909090909,0.20761904761904762,0.05,0,0.0761904761904762,"George Lombard Jr.","33433",806146
"Brendan Donovan",2026,"FA,FC,FS,SI,CH,SL,CU,KC",399,0.660377358490566,0.9714285714285714,0.2656641604010025,0.5443037974683544,0.8604651162790697,0.39598997493734334,0.22580645161290322,0.5238095238095238,0.23308270676691728,0,0,0.10526315789473684,"Brendan Donovan","24679",680977
"Hyeseong Kim",2026,"FA,FC,FS,SI,CH,SL,CU,KC,EP",455,0.7109375,0.9010989010989011,0.2813186813186813,0.49238578680203043,0.7216494845360825,0.432967032967033,0.21212121212121213,0.19047619047619047,0.2175824175824176,0.03225806451612903,0,0.06813186813186813,"Hyeseong Kim","35322",808975
"Ramón Laureano",2026,"FA,FC,FS,SI,CH,SL,CU,KC",614,0.7865853658536586,0.8682170542635659,0.26547231270358307,0.5843621399176955,0.6830985915492958,0.3957654723127036,0.30405405405405406,0.28888888888888886,0.23941368078175895,0.03389830508474576,0,0.09609120521172639,"Ramon Laureano","17128",657656
"Dustin Harris",2026,"FA,FC,FS,SI,CH,SL,CU,KC",414,0.7037037037037037,0.881578947368421,0.2608695652173913,0.5348837209302325,0.8369565217391305,0.41545893719806765,0.27835051546391754,0.6296296296296297,0.23429951690821257,0.05405405405405406,0.5,0.0893719806763285,"Dustin Harris","25705",687957
"Anthony Seigler",2026,"FA,FC,FS,SI,CH,SL,CU,KC,EP",498,0.7557251908396947,0.8888888888888888,0.26305220883534136,0.5235849056603774,0.7567567567567568,0.42369477911646586,0.1574074074074074,0.5294117647058824,0.21686746987951808,0.06382978723404255,0,0.09437751004016064,"Anthony Seigler","23802",678011
"Anthony Volpe",2026,"FA,FC,FS,SI,CH,SL,CU,KC,EP",597,0.7182320441988951,0.8461538461538461,0.30318257956448913,0.5296803652968036,0.7931034482758621,0.36683417085427134,0.2116788321167883,0.4482758620689655,0.22948073701842547,0.1,0,0.10050251256281408,"Anthony Volpe","27647",683011
"Henry Davis",2026,"FA,FC,FS,SI,CH,SL,CU,KN,KC,EP",769,0.7835051546391752,0.875,0.25227568270481143,0.6148867313915858,0.7631578947368421,0.40182054616384916,0.225130890052356,0.4883720930232558,0.2483745123537061,0.04,0,0.09752925877763328,"Henry Davis","29617",680779
"Rhys Hoskins",2026,"FA,FC,FS,SI,CH,SL,CU,KC",772,0.6564102564102564,0.828125,0.25259067357512954,0.5048543689320388,0.6858974358974359,0.40025906735751293,0.15,0.2222222222222222,0.23316062176165803,0.045454545454545456,0,0.11398963730569948,"Rhys Hoskins","16472",656555
"Luis Lara",2026,"FA,FC,FS,SI,CH,SL,CU,KN,KC,EP",604,0.6326530612244898,0.8924731182795699,0.24172185430463577,0.4560669456066946,0.8623853211009175,0.39403973509933776,0.20253164556962025,0.625,0.26158940397350994,0.06666666666666667,0.5,0.09933774834437085,"Luis Lara","30675",800325
"Christian Koss",2026,"FA,FC,FS,SI,CH,SL,CU,KC,EP",502,0.7024793388429752,0.9058823529411765,0.2410358565737052,0.6035242290748899,0.7007299270072993,0.45219123505976094,0.3300970873786408,0.47058823529411764,0.2051792828685259,0.0392156862745098,0,0.10159362549800798,"Christian Koss","27653",683766
"Adrian Del Castillo",2026,"FA,FC,FS,SI,CH,SL,CU,KC",676,0.7361963190184049,0.9166666666666666,0.2411242603550296,0.5482758620689655,0.7610062893081762,0.4289940828402367,0.22641509433962265,0.2777777777777778,0.23520710059171598,0.078125,0,0.09467455621301775,"Adrian Del Castillo","29554",680728
"Luis Robert Jr.",2026,"FA,FC,FO,FS,SI,CH,SL,CU,KC",625,0.7368421052631579,0.9017857142857143,0.2432,0.5813953488372093,0.7,0.4128,0.31756756756756754,0.48936170212765956,0.2368,0.04477611940298507,0,0.1072,"Luis Robert Jr.","20043",673357
"Marcell Ozuna",2026,"FA,FC,FS,SI,CH,SL,CU,KN,KC,EP",777,0.6373056994818653,0.8699186991869918,0.2471042471042471,0.5180722891566265,0.7151162790697675,0.4272844272844273,0.16216216216216217,0.3,0.23809523809523808,0.07462686567164178,0,0.08622908622908623,"Marcell Ozuna","10324",542303
"Samad Taylor",2026,"FA,FC,FS,SI,CH,SL,CU,KC,EP",479,0.582089552238806,0.8717948717948718,0.2797494780793319,0.44,0.7840909090909091,0.4175365344467641,0.24509803921568626,0.4,0.21294363256784968,0.16279069767441862,0.14285714285714285,0.08977035490605428,"Samad Taylor","22274",669392
"Isiah Kiner-Falefa",2026,"FA,FC,FS,SI,CH,SL,CU,KC,EP",435,0.6633663366336634,0.9701492537313433,0.23218390804597702,0.5585106382978723,0.8761904761904762,0.432183908045977,0.2692307692307692,0.5357142857142857,0.23908045977011494,0.07142857142857142,0,0.09655172413793103,"Isiah Kiner-Falefa","16512",643396
"Logan O'Hoppe",2026,"FA,FC,FO,FS,SI,CH,SL,CU,KN,KC,EP",682,0.7307692307692307,0.9097744360902256,0.2668621700879765,0.5862068965517241,0.738562091503268,0.3812316715542522,0.3508771929824561,0.3,0.250733137829912,0.11764705882352941,0.125,0.09970674486803519,"Logan O'Hoppe","24729",681351
"Brett Bateman",2026,"FA,FC,FS,SI,CH,SL,CU,KC",467,0.656,0.9390243902439024,0.2676659528907923,0.47058823529411764,0.875,0.43683083511777304,0.20754716981132076,0.5909090909090909,0.22698072805139186,0.03125,1,0.06852248394004283,"Brett Bateman","33312",703520
"TJ Friedl",2026,"FA,FC,FS,SI,CH,SL,CU,KC",886,0.7086956521739131,0.9447852760736196,0.25733634311512416,0.46981627296587924,0.6815642458100558,0.42776523702031605,0.1683673469387755,0.24242424242424243,0.22121896162528218,0.02531645569620253,0,0.08916478555304741,"TJ Friedl","19522",670770
"Miguel Amaya",2026,"FA,FC,FS,SI,CH,SL,CU,KN,KC,EP",731,0.6630434782608695,0.8688524590163934,0.2503419972640219,0.5470383275261324,0.7707006369426752,0.39261285909712723,0.3160919540229885,0.4,0.23803009575923392,0.023255813953488372,0,0.11764705882352941,"Miguel Amaya","21693",665804
"Endy Rodríguez",2026,"FA,FC,FS,SI,CH,SL,CU,KC",487,0.7238805970149254,0.9072164948453608,0.2731006160164271,0.4793814432989691,0.8279569892473119,0.39835728952772076,0.21875,0.35714285714285715,0.26283367556468173,0.0967741935483871,0,0.06365503080082136,"Endy Rodriguez","25332",682848
"Connor Wong",2026,"FA,FC,FS,SI,CH,SL,CU,KC,EP",654,0.680628272251309,0.8923076923076924,0.29204892966360857,0.4816326530612245,0.7966101694915254,0.3730886850152905,0.33774834437086093,0.45098039215686275,0.2308868501529052,0.16417910447761194,0,0.10244648318042814,"Connor Wong","19896",657136
"Bryan Torres",2026,"FA,FC,FS,SI,CH,SL,CU,KC",632,0.6505376344086021,0.8842975206611571,0.29430379746835444,0.5,0.8064516129032258,0.3924050632911392,0.21739130434782608,0.43333333333333335,0.21677215189873417,0.05,0,0.0949367088607595,"Bryan Torres","21464",663494
"Agustín Ramírez",2026,"FA,FC,FS,SI,CH,SL,CU,KC",604,0.75,0.875,0.26490066225165565,0.5900900900900901,0.732824427480916,0.3675496688741722,0.28169014084507044,0.4,0.23509933774834438,0.0875,0,0.13245033112582782,"Agustin Ramirez","26546",682663
"Christian Encarnacion-Strand",2026,"FA,FC,FO,FS,SI,CH,SL,CU,KC",509,0.7622950819672131,0.8924731182795699,0.23968565815324164,0.6912442396313364,0.7866666666666666,0.4263261296660118,0.4,0.5869565217391305,0.22593320235756384,0.23636363636363636,0.23076923076923078,0.10805500982318271,"Christian Encarnacion-Strand","30011",687952
"Ben Williamson",2026,"FA,FC,FS,SI,CH,SL,CU,KC,EP",572,0.5255474452554745,0.9444444444444444,0.23776223776223776,0.4857142857142857,0.8487394957983193,0.42657342657342656,0.26811594202898553,0.6486486486486487,0.24125874125874125,0.057692307692307696,0.3333333333333333,0.09090909090909091,"Ben Williamson","33197",810938
"Freddy Fermin",2026,"FA,FC,FO,FS,SI,CH,SL,CU,KC,EP",723,0.75,0.8888888888888888,0.2475795297372061,0.6178343949044586,0.7474226804123711,0.4343015214384509,0.2236024844720497,0.25,0.22268326417704012,0.07352941176470588,0.2,0.09405255878284924,"Freddy Fermin","21840",666023
"Jonah Heim",2026,"FA,FC,FS,SI,CH,SL,CU,KC,EP",871,0.6228070175438597,0.8591549295774648,0.2617680826636051,0.5511221945137157,0.8371040723981901,0.46039035591274396,0.26285714285714284,0.5,0.20091848450057406,0.07462686567164178,0.2,0.07692307692307693,"Jonah Heim","16930",641680
"Roman Anthony",2026,"FA,FC,FS,SI,CH,SL,CU,KC",641,0.5833333333333334,0.8979591836734694,0.2620904836193448,0.4744525547445255,0.7,0.42589703588143524,0.14492753623188406,0.2,0.21528861154446177,0.04918032786885246,0,0.093603744149766,"Roman Anthony","31812",701350
"Ryan Kreidler",2026,"FA,FC,FS,SI,CH,SL,CU,KC,EP",588,0.7914110429447853,0.8604651162790697,0.2755102040816326,0.5674603174603174,0.6713286713286714,0.42857142857142855,0.27692307692307694,0.25,0.22108843537414966,0.023255813953488372,0,0.07312925170068027,"Ryan Kreidler","25867",668952
"Brett Sullivan",2026,"FA,FC,FS,SI,CH,SL,CU,KN,KC,EP",588,0.7567567567567568,0.9285714285714286,0.25170068027210885,0.608,0.868421052631579,0.42517006802721086,0.2753623188405797,0.6578947368421053,0.23469387755102042,0.057692307692307696,0,0.08843537414965986,"Brett Sullivan","18217",664954
"Petey Halpin",2026,"FA,FC,FS,SI,CH,SL,CU,KC,EP",485,0.8467153284671532,0.8793103448275862,0.2824742268041237,0.6894736842105263,0.7862595419847328,0.3917525773195876,0.3418803418803419,0.65,0.24123711340206186,0.14634146341463414,0,0.08453608247422681,"Petey Halpin","27931",690984
"Myles Straw",2026,"FA,FC,FS,SI,CH,SL,CU,KC,EP",556,0.6134969325153374,0.95,0.2931654676258993,0.44642857142857145,0.91,0.4028776978417266,0.20689655172413793,0.8333333333333334,0.20863309352517986,0.03773584905660377,0,0.09532374100719425,"Myles Straw","17620",664702
"Esmerlyn Valdez",2026,"FA,FC,FS,SI,CH,SL,CU,KC,EP",765,0.7135678391959799,0.7676056338028169,0.2601307189542484,0.4636363636363636,0.6143790849673203,0.4300653594771242,0.1393939393939394,0.21739130434782608,0.21437908496732025,0.09859154929577464,0.14285714285714285,0.09281045751633987,"Esmerlyn Valdez","29005",699013
"Lane Thomas",2026,"FA,FC,FO,FS,SI,CH,SL,CU,KC",859,0.6827309236947792,0.9529411764705882,0.28987194412107103,0.45132743362831856,0.7647058823529411,0.3946449359720605,0.16923076923076924,0.42424242424242425,0.2270081490104773,0.06578947368421052,0.2,0.08847497089639116,"Lane Thomas","16939",657041
"Jose Fernandez",2026,"FA,FC,FS,SI,CH,SL,CU,KC,EP",566,0.5660377358490566,0.8888888888888888,0.28091872791519434,0.48333333333333334,0.8103448275862069,0.42402826855123676,0.27350427350427353,0.53125,0.2067137809187279,0.16,0.125,0.08833922261484099,"Jose Fernandez","28020",699912
"Tristan Gray",2026,"FA,FC,FS,SI,CH,SL,CU,KC,EP",654,0.8197674418604651,0.8439716312056738,0.26299694189602446,0.6304347826086957,0.7298850574712644,0.42048929663608564,0.33098591549295775,0.40425531914893614,0.21712538226299694,0.109375,0,0.09785932721712538,"Tristan Gray","19877",656484
"Marcelo Mayer",2026,"FA,FC,FS,SI,CH,SL,CU,KC",829,0.746031746031746,0.9078014184397163,0.22798552472858866,0.5983827493261455,0.7162162162162162,0.44752714113389624,0.1978021978021978,0.3333333333333333,0.2195416164053076,0.05747126436781609,0.2,0.10494571773220748,"Marcelo Mayer","29668",691785
"Alejandro Osuna",2026,"FA,FC,FS,SI,CH,SL,CU,KC",663,0.688622754491018,0.9478260869565217,0.25188536953242835,0.5454545454545454,0.845679012345679,0.4479638009049774,0.23448275862068965,0.7058823529411765,0.2171945701357466,0.018518518518518517,0,0.08144796380090498,"Alejandro Osuna","27915",696030
"Austin Martin",2026,"FA,FC,FS,SI,CH,SL,CU,KC,EP",708,0.7393617021276596,0.935251798561151,0.2655367231638418,0.4254658385093168,0.7737226277372263,0.4548022598870056,0.16793893129770993,0.3181818181818182,0.1850282485875706,0.029850746268656716,0,0.09322033898305085,"Austin Martin","27462",668885
"Christian Vázquez",2026,"FA,FC,FS,SI,CH,SL,CU,KC",789,0.6512820512820513,0.9212598425196851,0.2458808618504436,0.5246913580246914,0.8352941176470589,0.40811153358681873,0.3263157894736842,0.6290322580645161,0.24081115335868186,0.1125,0.1111111111111111,0.10139416983523447,"Christian Vazquez","9774",543877
"Curtis Mead",2026,"FA,FC,FS,SI,CH,SL,CU,KC,EP",807,0.6009852216748769,0.9262295081967213,0.25154894671623296,0.45821325648414984,0.8301886792452831,0.42998760842627015,0.22424242424242424,0.5675675675675675,0.20446096654275092,0.043478260869565216,0,0.11400247831474597,"Curtis Mead","23986",678554
"Jacob Gonzalez",2026,"FA,FC,FS,SI,CH,SL,CU,KC,EP",721,0.7916666666666666,0.868421052631579,0.26629680998613037,0.6317460317460317,0.8090452261306532,0.4368932038834951,0.33548387096774196,0.6923076923076923,0.21359223300970873,0.13559322033898305,0.375,0.08183079056865465,"Jacob Gonzalez","33225",694378
"Victor Mesa Jr.",2026,"FA,FC,FS,SI,CH,SL,CU,KC,EP",694,0.8089171974522293,0.84251968503937,0.22622478386167147,0.632258064516129,0.7704081632653061,0.44668587896253603,0.2926829268292683,0.5,0.23631123919308358,0.06349206349206349,0,0.09077809798270893,"Victor Mesa Jr.","25999",683748
"Max Muncy",2026,"FA,FC,FO,FS,SI,CH,SL,CU,KC",685,0.7231638418079096,0.8984375,0.2583941605839416,0.5451388888888888,0.7070063694267515,0.41897810218978104,0.3466666666666667,0.34615384615384615,0.21897810218978103,0.12857142857142856,0,0.10218978102189781,"Max Muncy","29779",691777
"Paul Goldschmidt",2026,"FA,FC,FS,SI,CH,SL,CU,KC,EP",738,0.75,0.7943262411347518,0.25474254742547425,0.5945121951219512,0.7128205128205128,0.4444444444444444,0.34838709677419355,0.5740740740740741,0.21002710027100271,0.07462686567164178,0.2,0.09078590785907859,"Paul Goldschmidt","9218",502671
"Nick Fortes",2026,"FA,FC,FS,SI,CH,SL,CU,KC,EP",524,0.6944444444444444,0.91,0.2748091603053435,0.5497630331753555,0.8362068965517241,0.4026717557251908,0.3644067796610169,0.7209302325581395,0.22519083969465647,0.09803921568627451,0.6,0.09732824427480916,"Nick Fortes","21538",663743
"Daniel Schneemann",2026,"FA,FC,FO,FS,SI,CH,SL,CU,KC,EP",868,0.7935779816513762,0.8670520231213873,0.2511520737327189,0.5456852791878173,0.7255813953488373,0.45276497695852536,0.2857142857142857,0.23076923076923078,0.20967741935483872,0.08108108108108109,0,0.08525345622119816,"Daniel Schneemann","25180",682177
"Jeremiah Jackson",2026,"FA,FC,FS,SI,CH,SL,CU,KC",672,0.8186813186813187,0.8791946308724832,0.26785714285714285,0.6313993174061433,0.7837837837837838,0.43601190476190477,0.35877862595419846,0.44680851063829785,0.1949404761904762,0.07575757575757576,0,0.09821428571428571,"Jeremiah Jackson","22239",669236
"Brandon Valenzuela",2026,"FA,FC,FO,FS,SI,CH,SL,CU,KC,EP",760,0.7378640776699029,0.8881578947368421,0.2710526315789474,0.5231788079470199,0.7658227848101266,0.3973684210526316,0.2573099415204678,0.29545454545454547,0.225,0.09876543209876543,0,0.10657894736842105,"Brandon Valenzuela","23813",678218
"Jared Triolo",2026,"FA,FC,FS,SI,CH,SL,CU,KC,EP",795,0.6533333333333333,0.9251700680272109,0.2830188679245283,0.5073313782991202,0.7398843930635838,0.4289308176100629,0.1761006289308176,0.42857142857142855,0.2,0.02857142857142857,0,0.0880503144654088,"Jared Triolo","25807",669707
"Nolan Gorman",2026,"FA,FC,FO,FS,SI,CH,SL,CU,KC,EP",1034,0.7424242424242424,0.7755102040816326,0.2553191489361702,0.5322195704057279,0.6457399103139013,0.40522243713733075,0.3037974683544304,0.3194444444444444,0.22920696324951645,0.06140350877192982,0,0.1102514506769826,"Nolan Gorman","22263",669357
"Nick Sogard",2026,"FA,FC,FS,SI,CH,SL,CU,KC",828,0.5792079207920792,0.905982905982906,0.24396135265700483,0.42896935933147634,0.8376623376623377,0.4335748792270531,0.24193548387096775,0.5333333333333333,0.2246376811594203,0.06172839506172839,0.2,0.09782608695652174,"Nick Sogard","25483",686765
"Dane Myers",2026,"FA,FC,FS,SI,CH,SL,CU,KC,EP",776,0.6287128712871287,0.8503937007874016,0.2603092783505155,0.5,0.8125,0.41237113402061853,0.2777777777777778,0.62,0.23195876288659795,0.05405405405405406,0.5,0.09536082474226804,"Dane Myers","22054",667472
"Brady House",2026,"FA,FC,FS,SI,CH,SL,CU,KC,EP",831,0.7109004739336493,0.8466666666666667,0.2539109506618532,0.5935672514619883,0.7684729064039408,0.41155234657039713,0.33695652173913043,0.3870967741935484,0.2214199759326113,0.05319148936170213,0.2,0.11311672683513839,"Brady House","29993",691781
"Spencer Jones",2026,"FA,FC,FS,SI,CH,SL,CU,KC,EP",1002,0.847457627118644,0.805,0.23552894211576847,0.6292682926829268,0.5697674418604651,0.40818363273453095,0.2804878048780488,0.2753623188405797,0.24550898203592814,0.05454545454545454,0,0.10978043912175649,"Spencer Jones","31532",682987
"Aaron Judge",2026,"FA,FC,FS,SI,CH,SL,CU,KC",867,0.7211538461538461,0.86,0.23760092272202998,0.5149051490514905,0.6578947368421053,0.4244521337946944,0.20689655172413793,0.42857142857142855,0.23414071510957324,0.034482758620689655,0.3333333333333333,0.10034602076124567,"Aaron Judge","15640",592450
"José Fermín",2026,"FA,FC,FS,SI,CH,SL,CU,KC",814,0.588495575221239,0.9323308270676691,0.27764127764127766,0.463855421686747,0.8896103896103896,0.40786240786240785,0.17073170731707318,0.7142857142857143,0.20147420147420148,0.010869565217391304,0,0.11302211302211303,"Jose Fermin","21746",665877
"Luis Torrens",2026,"FA,FC,FS,SI,CH,SL,CU,KC,EP",779,0.75,0.9019607843137255,0.26187419768934533,0.5294117647058824,0.8011695906432749,0.41335044929396664,0.2543352601156069,0.5909090909090909,0.2220795892169448,0.05063291139240506,0,0.10141206675224647,"Luis Torrens","15905",620443
"Tyler Freeman",2026,"FA,FC,FO,FS,SI,CH,SL,CU,KC,EP",639,0.7431693989071039,0.9558823529411765,0.28325508607198746,0.5305343511450382,0.8848920863309353,0.41001564945226915,0.2556390977443609,0.6764705882352942,0.2081377151799687,0.01639344262295082,0,0.09546165884194054,"Tyler Freeman","22532",671289
"Trevor Story",2026,"FA,FC,FS,SI,CH,SL,CU,KC,EP",698,0.7302631578947368,0.8828828828828829,0.2163323782234957,0.6153846153846154,0.755,0.4656160458452722,0.4233128834355828,0.4927536231884058,0.23209169054441262,0.1724137931034483,0.1,0.0830945558739255,"Trevor Story","12564",596115
"Dalton Rushing",2026,"FA,FC,FS,SI,CH,SL,CU,KC,EP",702,0.791907514450867,0.781021897810219,0.24358974358974358,0.5912162162162162,0.72,0.42165242165242167,0.22424242424242424,0.2972972972972973,0.23504273504273504,0.04411764705882353,0,0.09686609686609686,"Dalton Rushing","31382",687221
"Denzer Guzman",2026,"FA,FC,FS,SI,CH,SL,CU,KC,EP",699,0.7980295566502463,0.8950617283950617,0.290414878397711,0.6007067137809188,0.7588235294117647,0.40486409155937053,0.272108843537415,0.525,0.2088698140200286,0.06060606060606061,0,0.0944206008583691,"Denzer Guzman","28816",694203
"Hunter Feduccia",2026,"FA,FC,FS,SI,CH,SL,CU,KC,EP",826,0.6614583333333334,0.9133858267716536,0.2324455205811138,0.49142857142857144,0.7790697674418605,0.423728813559322,0.16822429906542055,0.4722222222222222,0.25907990314769974,0.05714285714285714,0,0.0847457627118644,"Hunter Feduccia","23372",676439
"Miguel Andujar",2026,"FA,FC,FS,SI,CH,SL,CU,KC,EP",623,0.6804733727810651,0.9130434782608695,0.2696629213483146,0.6326530612244898,0.832258064516129,0.39325842696629215,0.3611111111111111,0.6538461538461539,0.23113964686998395,0.1076923076923077,0.2857142857142857,0.1043338683788122,"Miguel Andujar","15878",609280
"Ryan Waldschmidt",2026,"FA,FC,FS,SI,CH,SL,CU,KC",764,0.6637168141592921,0.8933333333333333,0.29581151832460734,0.5067114093959731,0.5894039735099338,0.3900523560209424,0.20606060606060606,0.2647058823529412,0.21596858638743455,0.04,0,0.09816753926701571,"Ryan Waldschmidt","35061",814439
"Edouard Julien",2026,"FA,FC,FO,FS,SI,CH,SL,CU,KN,KC",1029,0.7670250896057348,0.8878504672897196,0.27016520894071916,0.4013605442176871,0.7457627118644068,0.42857142857142855,0.1553398058252427,0.375,0.2001943634596696,0.038834951456310676,0,0.1000971817298348,"Edouard Julien","27534",666397
"Andruw Monasterio",2026,"FA,FC,FS,SI,CH,SL,CU,KC,EP",887,0.6718146718146718,0.9482758620689655,0.2919954904171364,0.5377906976744186,0.7891891891891892,0.38669673055242393,0.22815533980582525,0.48936170212765956,0.2322435174746336,0.038461538461538464,0,0.08793686583990981,"Andruw Monasterio","19455",655316
"Mickey Gasper",2026,"FA,FC,FS,SI,CH,SL,CU,KC",736,0.6875,0.9834710743801653,0.2391304347826087,0.4169278996865204,0.8195488721804511,0.43342391304347827,0.15294117647058825,0.3076923076923077,0.2296195652173913,0.04225352112676056,0,0.09510869565217392,"Mickey Gasper","24759",681508
"Tommy Edman",2026,"FA,FC,FS,SI,CH,SL,CU,KC",801,0.7463414634146341,0.954248366013072,0.2546816479400749,0.5235294117647059,0.8089887640449438,0.42446941323345816,0.23076923076923078,0.28888888888888886,0.24344569288389514,0.01639344262295082,0,0.07615480649188515,"Tommy Edman","19470",669242
"Jorge Soler",2026,"FA,FC,FS,SI,CH,SL,CU,KC",1092,0.7462121212121212,0.7918781725888325,0.24175824175824176,0.5487528344671202,0.6818181818181818,0.40293040293040294,0.24031007751937986,0.20967741935483872,0.23626373626373626,0.10852713178294573,0,0.11813186813186813,"Jorge Soler","14221",624585
"Coby Mayo",2026,"FA,FC,FO,FS,SI,CH,SL,CU,KC",1212,0.6537216828478964,0.9306930693069307,0.25412541254125415,0.5198412698412699,0.6793893129770993,0.4158415841584158,0.29856115107913667,0.40963855421686746,0.22854785478547854,0.1322314049586777,0,0.09983498349834984,"Coby Mayo","28312",691723
"Oswald Peraza",2026,"FA,FC,FS,SI,CH,SL,CU,KN,KC,EP",872,0.759825327510917,0.9080459770114943,0.2626146788990826,0.6246498599439776,0.7219730941704036,0.40940366972477066,0.32663316582914576,0.38461538461538464,0.22821100917431192,0.13793103448275862,0,0.09977064220183486,"Oswald Peraza","22823",672724
"Pedro Ramírez",2026,"FA,FC,FS,SI,CH,SL,CU,KC,EP",818,0.6915887850467289,0.8851351351351351,0.2616136919315403,0.582089552238806,0.8307692307692308,0.4095354523227384,0.30337078651685395,0.5370370370370371,0.2176039119804401,0.12087912087912088,0.18181818181818182,0.11124694376528117,"Pedro Ramirez","29218",699393
"Ryan Jeffers",2026,"FA,FC,FS,SI,CH,SL,CU,KC",935,0.6170212765957447,0.9172413793103448,0.25133689839572193,0.5,0.8711340206185567,0.41497326203208557,0.2383177570093458,0.5294117647058824,0.2288770053475936,0.07142857142857142,0,0.10481283422459893,"Ryan Jeffers","24618",680777
"Andrew Vaughn",2026,"FA,FC,FO,FS,SI,CH,SL,CU,KC,EP",813,0.6464646464646465,0.890625,0.24354243542435425,0.45321637426900585,0.8516129032258064,0.42066420664206644,0.22702702702702704,0.5238095238095238,0.22755227552275523,0.045454545454545456,0,0.10824108241082411,"Andrew Vaughn","26197",683734
"Luis Rengifo",2026,"FA,FC,FS,SI,CH,SL,CU,KC,EP",880,0.7468354430379747,0.9322033898305084,0.26931818181818185,0.5041551246537396,0.8021978021978022,0.4102272727272727,0.19072164948453607,0.5675675675675675,0.22045454545454546,0.06818181818181818,0.16666666666666666,0.1,"Luis Rengifo","19858",650859
"Cole Carrigg",2026,"FA,FC,FS,SI,CH,SL,CU,KC,EP",847,0.7448979591836735,0.9178082191780822,0.23140495867768596,0.554016620498615,0.77,0.42621015348288077,0.25380710659898476,0.5,0.23258559622195984,0.0967741935483871,0.1111111111111111,0.10979929161747344,"Cole Carrigg","33253",694249
"Hao-Yu Lee",2026,"FA,FC,FS,SI,CH,SL,CU,KC",812,0.69,0.8985507246376812,0.24507389162561577,0.53954802259887,0.7015706806282722,0.43596059113300495,0.22105263157894736,0.42857142857142855,0.23275862068965517,0.029411764705882353,0,0.08374384236453201,"Hao-Yu Lee","30080",701678
"Nicky Lopez",2026,"FA,FC,FO,FS,SI,CH,SL,CU,KC",749,0.7538461538461538,0.8979591836734694,0.2590120160213618,0.5857988165680473,0.8282828282828283,0.4499332443257677,0.272108843537415,0.55,0.19492656875834447,0.028985507246376812,0,0.09212283044058744,"Nicky Lopez","19339",670032
"Cooper Pratt",2026,"FA,FC,FS,SI,CH,SL,CU,EP",752,0.6881188118811881,0.9280575539568345,0.26728723404255317,0.47435897435897434,0.8513513513513513,0.4148936170212766,0.3105590062111801,0.54,0.21409574468085107,0.07792207792207792,0,0.1023936170212766,"Cooper Pratt","33530",806198
"Alex Freeland",2026,"FA,FC,FS,SI,CH,SL,CU,KN,KC,EP",958,0.6487603305785123,0.8280254777070064,0.25156576200417535,0.4507042253521127,0.765625,0.44467640918580376,0.14351851851851852,0.45161290322580644,0.2254697286012526,0,0,0.07724425887265135,"Alex Freeland","31665",690976
"Nick Loftin",2026,"FA,FC,FS,SI,CH,SL,CU,KC,EP",979,0.6758893280632411,0.9707602339181286,0.25842696629213485,0.4019370460048426,0.8614457831325302,0.4218590398365679,0.21929824561403508,0.4,0.23289070480081717,0.07058823529411765,0,0.08682328907048008,"Nick Loftin","27630",679845
"Alejandro Kirk",2026,"FA,FC,FS,SI,CH,SL,CU,KN,KC,EP",844,0.6355555555555555,0.9440559440559441,0.2665876777251185,0.4748603351955307,0.8588235294117647,0.42298578199052134,0.2864864864864865,0.8301886792452831,0.21919431279620852,0.07894736842105263,0.6666666666666666,0.09004739336492891,"Alejandro Kirk","22581",672386
"Jonny DeLuca",2026,"FA,FC,FS,SI,CH,SL,CU,KC,EP",732,0.7473684210526316,0.9225352112676056,0.25956284153005466,0.5562700964630225,0.8034682080924855,0.4248633879781421,0.325,0.5,0.2185792349726776,0.15492957746478872,0.09090909090909091,0.09699453551912568,"Jonny DeLuca","26365",676356
"Austin Wells",2026,"FA,FC,FS,SI,CH,SL,CU,KC,EP",1184,0.7044673539518901,0.8341463414634146,0.24493243243243243,0.5509355509355509,0.7773584905660378,0.40625,0.2264808362369338,0.35384615384615387,0.24239864864864866,0.032,0.25,0.10557432432432433,"Austin Wells","27562",669224
"Cal Raleigh",2026,"FA,FC,FS,SI,CH,SL,CU,KC",1441,0.7873015873015873,0.8266129032258065,0.21859819569743233,0.5854922279792746,0.7433628318584071,0.40111034004163776,0.31592689295039167,0.48760330578512395,0.2643997224149896,0.054878048780487805,0,0.11380985426786953,"Cal Raleigh","21534",663728
"Matt Chapman",2026,"FA,FC,FO,FS,SI,CH,SL,CU,KN,KC",1028,0.6964285714285714,0.8615384615384616,0.2723735408560311,0.5011547344110855,0.7926267281105991,0.41926070038910507,0.2170212765957447,0.47058823529411764,0.22859922178988326,0.0375,0.3333333333333333,0.07782101167315175,"Matt Chapman","16505",656305
"Victor Caratini",2026,"FA,FC,FS,SI,CH,SL,CU,KC,EP",978,0.6260162601626016,0.961038961038961,0.25153374233128833,0.44779582366589327,0.7564766839378239,0.44069529652351735,0.2222222222222222,0.5208333333333334,0.22085889570552147,0.023529411764705882,0,0.0869120654396728,"Victor Caratini","14968",605170
"Tim Tawa",2026,"FA,FC,FS,SI,CH,SL,CU,KC",990,0.731404958677686,0.8757062146892656,0.24444444444444444,0.5529411764705883,0.7617021276595745,0.42828282828282827,0.2631578947368421,0.4,0.2292929292929293,0.09473684210526316,0,0.09595959595959595,"Tim Tawa","29571",694374
"Corey Seager",2026,"FA,FC,FO,FS,SI,CH,SL,CU,KC",1042,0.9151785714285714,0.8390243902439024,0.21497120921305182,0.6363636363636364,0.7106227106227107,0.41170825335892514,0.2246376811594203,0.3870967741935484,0.2648752399232246,0.07079646017699115,0,0.10844529750479846,"Corey Seager","13624",608369
"José Tena",2026,"FA,FC,FO,FS,SI,CH,SL,CU,KC",1092,0.7086330935251799,0.8578680203045685,0.25457875457875456,0.5764966740576497,0.6653846153846154,0.413003663003663,0.24583333333333332,0.3389830508474576,0.21978021978021978,0.07317073170731707,0,0.11263736263736264,"Jose Tena","23691",677588
"Jackson Holliday",2026,"FA,FC,FS,SI,CH,SL,CU,KC,EP",984,0.7370689655172413,0.8538011695906432,0.2347560975609756,0.49015317286652077,0.8080357142857143,0.4644308943089431,0.23557692307692307,0.42857142857142855,0.21138211382113822,0.09195402298850575,0,0.08841463414634146,"Jackson Holliday","31781",702616
"Connor Norby",2026,"FA,FC,FS,SI,CH,SL,CU,KC,EP",910,0.8174904942965779,0.8511627906976744,0.289010989010989,0.5671232876712329,0.6908212560386473,0.4010989010989011,0.26262626262626265,0.3269230769230769,0.2164835164835165,0.08333333333333333,0,0.09230769230769231,"Connor Norby","29592",681393
"Blaze Alexander",2026,"FA,FC,FS,SI,CH,SL,CU,KC",698,0.8691099476439791,0.8734939759036144,0.2722063037249284,0.6122448979591837,0.7444444444444445,0.42120343839541546,0.25675675675675674,0.5263157894736842,0.21203438395415472,0.09230769230769231,0.16666666666666666,0.09169054441260745,"Blaze Alexander","23789",677942
"Spencer Steer",2026,"FA,FC,FS,SI,CH,SL,CU,KC",1143,0.6529968454258676,0.8792270531400966,0.2764654418197725,0.5408388520971302,0.763265306122449,0.3963254593175853,0.20463320463320464,0.4339622641509434,0.22659667541557305,0.017543859649122806,0,0.09973753280839895,"Spencer Steer","26323",668715
"Kyle Manzardo",2026,"FA,FC,FO,FS,SI,CH,SL,CU,KC,EP",1187,0.735593220338983,0.8341013824884793,0.2485256950294861,0.5049115913555993,0.7587548638132295,0.42796967144060655,0.25769230769230766,0.373134328358209,0.21903959561920808,0.08130081300813008,0.1,0.10362257792754845,"Kyle Manzardo","29794",700932
"Taylor Walls",2026,"FA,FC,FO,FS,SI,CH,SL,CU,KN,KC,EP",1107,0.6563573883161512,0.8848167539267016,0.26287262872628725,0.47345132743362833,0.7383177570093458,0.4083107497741644,0.18032786885245902,0.5,0.2204155374887082,0.03333333333333333,0.5,0.10840108401084012,"Taylor Walls","22458",670764
"Konnor Griffin",2026,"FA,FC,FS,SI,CH,SL,CU,KN,KC,EP",911,0.7333333333333333,0.8666666666666667,0.24698133918770582,0.5936675461741425,0.7333333333333333,0.41602634467618005,0.3979591836734694,0.44871794871794873,0.21405049396267836,0.06306306306306306,0,0.12184412733260154,"Konnor Griffin","35376",804606
"Kyle Isbel",2026,"FA,FC,FS,SI,CH,SL,CU,KC",870,0.6448598130841121,0.9710144927536232,0.24597701149425288,0.555858310626703,0.8823529411764706,0.4218390804597701,0.295,0.559322033898305,0.22988505747126436,0.12359550561797752,0,0.10229885057471265,"Kyle Isbel","21614",664728
"Moisés Ballesteros",2026,"FA,FC,FO,FS,SI,CH,SL,CU,KN,KC",1099,0.708,0.8926553672316384,0.22656960873521384,0.6294642857142857,0.7198581560283688,0.40764331210191085,0.3212996389891697,0.4943820224719101,0.25204731574158323,0.06451612903225806,0,0.11282984531392175,"Moises Ballesteros","28820",694208
"Matt McLain",2026,"FA,FC,FS,SI,CH,SL,CU,KC,EP",1467,0.6631578947368421,0.8690476190476191,0.25766871165644173,0.48440065681444994,0.6983050847457627,0.41513292433537835,0.2347560975609756,0.37662337662337664,0.22358554873892297,0.04,0.16666666666666666,0.10224948875255624,"Matt McLain","29695",680574
"Josh Lowe",2026,"FA,FC,FO,FS,SI,CH,SL,CU,KN,KC",1237,0.8117283950617284,0.7908745247148289,0.26192400970088925,0.6224489795918368,0.7213114754098361,0.3945028294260307,0.34797297297297297,0.49514563106796117,0.2392886014551334,0.12598425196850394,0.25,0.1026677445432498,"Josh Lowe","19953",666139
"Luke Raley",2026,"FA,FC,FS,SI,CH,SL,CU,KC",1018,0.7886178861788617,0.8298969072164949,0.23968565815324164,0.6298076923076923,0.6106870229007634,0.4076620825147348,0.3153526970954357,0.19736842105263158,0.23673870333988212,0.10434782608695652,0,0.11296660117878192,"Luke Raley","19354",670042
"Owen Caissie",2026,"FA,FC,FO,FS,SI,CH,SL,CU,KC",1184,0.7201365187713311,0.8862559241706162,0.24746621621621623,0.5357142857142857,0.6431372549019608,0.40118243243243246,0.2862190812720848,0.2962962962962963,0.23733108108108109,0.08333333333333333,0,0.11148648648648649,"Owen Caissie","27496",683357
"Patrick Bailey",2026,"FA,FC,FO,FS,SI,CH,SL,CU,KN,KC,EP",1081,0.7446808510638298,0.9095238095238095,0.2599444958371878,0.5525727069351231,0.7408906882591093,0.4125809435707678,0.3125,0.4625,0.23681776133209992,0.0625,0,0.08880666049953746,"Patrick Bailey","27478",672275
"Dylan Crews",2026,"FA,FC,FS,SI,CH,SL,CU,KC,EP",1089,0.7773851590106007,0.8954545454545455,0.2598714416896235,0.5974025974025974,0.7101449275362319,0.4233241505968779,0.31020408163265306,0.27631578947368424,0.22405876951331496,0.08080808080808081,0,0.09090909090909091,"Dylan Crews","33541",686611
"Angel Martínez",2026,"FA,FC,FO,FS,SI,CH,SL,CU,KC",962,0.7125,0.9122807017543859,0.2494802494802495,0.5989847715736041,0.826271186440678,0.4095634095634096,0.38571428571428573,0.6790123456790124,0.2182952182952183,0.211864406779661,0.24,0.12162162162162163,"Angel Martinez","26540",682657
"Maikel Garcia",2026,"FA,FC,FS,SI,CH,SL,CU,KC",960,0.6418439716312057,0.9447513812154696,0.29375,0.412987012987013,0.8364779874213837,0.4010416666666667,0.18627450980392157,0.5263157894736842,0.2125,0.0449438202247191,0,0.09270833333333334,"Maikel Garcia","22715",672580
"Donovan Walton",2026,"FA,FC,FS,SI,CH,SL,CU,KC,EP",937,0.8266129032258065,0.8682926829268293,0.2646744930629669,0.54,0.7546296296296297,0.42689434364994666,0.20304568527918782,0.325,0.2102454642475987,0.043478260869565216,0,0.09818569903948772,"Donovan Walton","19314",622268
"Griffin Conine",2026,"FA,FC,FO,FS,SI,CH,SL,CU,KN,KC,EP",972,0.7019230769230769,0.8356164383561644,0.21296296296296297,0.5585365853658537,0.6506550218340611,0.4218106995884774,0.31225296442687744,0.24050632911392406,0.25925925925925924,0.019801980198019802,0.5,0.102880658436214,"Griffin Conine","21626",665052
"Nick Kurtz",2026,"FA,FC,FO,FS,SI,CH,SL,CU,KC",1184,0.7587412587412588,0.8387096774193549,0.24155405405405406,0.4662698412698413,0.6042553191489362,0.4248310810810811,0.15714285714285714,0.25,0.23648648648648649,0.02631578947368421,0,0.09628378378378379,"Nick Kurtz","35110",701762
"Adley Rutschman",2026,"FA,FC,FS,SI,CH,SL,CU,KN,KC,EP",1137,0.6051660516605166,0.9329268292682927,0.23746701846965698,0.488659793814433,0.8565400843881856,0.42656112576956906,0.20077220077220076,0.5961538461538461,0.227792436235708,0.040983606557377046,0.2,0.10729991204925242,"Adley Rutschman","26288",668939
"Jacob Wilson",2026,"FA,FC,FS,SI,CH,SL,CU,KC,EP",762,0.7294685990338164,0.9735099337748344,0.27165354330708663,0.5798045602605864,0.8876404494382022,0.40288713910761154,0.38596491228070173,0.7121212121212122,0.22440944881889763,0.22077922077922077,0.4117647058823529,0.1010498687664042,"Jacob Wilson","33266",805779
"Ryan McMahon",2026,"FA,FC,FS,SI,CH,SL,CU,KC,EP",1228,0.6871165644171779,0.8794642857142857,0.26465798045602607,0.5179584120982986,0.6897810218978102,0.43078175895765475,0.20437956204379562,0.3392857142857143,0.22312703583061888,0.050505050505050504,0,0.07980456026058631,"Ryan McMahon","15112",641857
"Trent Grisham",2026,"FA,FC,FS,SI,CH,SL,CU,KC,EP",1437,0.6878306878306878,0.9192307692307692,0.26235212247738343,0.4125,0.8257575757575758,0.4439805149617258,0.11986301369863013,0.3142857142857143,0.20320111343075853,0.023622047244094488,0,0.0883785664578984,"Trent Grisham","18564",663757
"Sal Frelick",2026,"FA,FC,FS,SI,CH,SL,CU,KN,KC,EP",1081,0.6423611111111112,0.9567567567567568,0.2664199814986124,0.495850622406639,0.9330543933054394,0.44588344125809437,0.1652542372881356,0.8205128205128205,0.2183163737280296,0.02666666666666667,0,0.06938020351526364,"Sal Frelick","29622",686217
"Dylan Beavers",2026,"FA,FC,FO,FS,SI,CH,SL,CU,KC",1205,0.7064516129032258,0.91324200913242,0.2572614107883817,0.4364326375711575,0.7391304347826086,0.43651452282157677,0.2099236641221374,0.43636363636363634,0.2174273858921162,0.04716981132075472,0,0.08796680497925312,"Dylan Beavers","31695",687637
"Michael Conforto",2026,"FA,FC,FS,SI,CH,SL,CU,KN,KC,EP",1202,0.7218543046357616,0.9311926605504587,0.24958402662229617,0.49902534113060426,0.73828125,0.42678868552412647,0.2247191011235955,0.3333333333333333,0.2221297836938436,0.06666666666666667,0,0.09983361064891846,"Michael Conforto","16376",624424
"Joe Mack",2026,"FA,FC,FO,FS,SI,CH,SL,CU,KC",1024,0.7266187050359713,0.8762376237623762,0.2705078125,0.5656324582338902,0.7468354430379747,0.4072265625,0.19111111111111112,0.4418604651162791,0.21875,0.06862745098039216,0.14285714285714285,0.099609375,"Joe Mack","29780",691788
"J.P. Crawford",2026,"FA,FC,FS,SI,CH,SL,CU,KC",1375,0.6821917808219178,0.9196787148594378,0.2647272727272727,0.4158249158249158,0.8421052631578947,0.43127272727272725,0.15806451612903225,0.5102040816326531,0.22545454545454546,0.02830188679245283,0.3333333333333333,0.07709090909090908,"J.P. Crawford","15491",641487
"Vaughn Grissom",2026,"FA,FC,FS,SI,CH,SL,CU,KC",1084,0.7483443708609272,0.915929203539823,0.2785977859778598,0.5391498881431768,0.7925311203319502,0.4123616236162362,0.2962962962962963,0.5555555555555556,0.22416974169741696,0.09782608695652174,0.1111111111111111,0.08487084870848709,"Vaughn Grissom","26031",687093
"Dansby Swanson",2026,"FA,FC,FO,FS,SI,CH,SL,CU,KC,EP",1337,0.8,0.8671875,0.23859386686611816,0.5383211678832117,0.7186440677966102,0.4098728496634256,0.19935691318327975,0.3064516129032258,0.23261032161555723,0.06329113924050633,0,0.11817501869857891,"Dansby Swanson","18314",621020
"Oneil Cruz",2026,"FA,FC,FS,SI,CH,SL,CU,KC,EP",1158,0.6284584980237155,0.8238993710691824,0.21848013816925735,0.5020325203252033,0.6437246963562753,0.42487046632124353,0.26258992805755393,0.3972602739726027,0.24006908462867013,0.0962962962962963,0.07692307692307693,0.11658031088082901,"Oneil Cruz","21711",665833
"Braden Montgomery",2026,"FA,FC,FS,SI,CH,SL,CU,KC,EP",1003,0.8527131782945736,0.8954545454545455,0.25623130608175476,0.5281173594132029,0.7222222222222222,0.4077766699900299,0.22127659574468084,0.3076923076923077,0.23429710867397807,0.04950495049504951,0,0.10069790628115653,"Braden Montgomery","35423",695731
"Nasim Nuñez",2026,"FA,FC,FO,FS,SI,CH,SL,CU,KC",1368,0.7287234042553191,0.8905109489051095,0.27485380116959063,0.5365025466893039,0.7879746835443038,0.4305555555555556,0.17770034843205576,0.47058823529411764,0.2097953216374269,0.034482758620689655,0,0.0847953216374269,"Nasim Nunez","25979",683083
"Carson Kelly",2026,"FA,FC,FO,FS,SI,CH,SL,CU,KN,KC,EP",1092,0.7038327526132404,0.9356435643564357,0.26282051282051283,0.49780701754385964,0.8237885462555066,0.4175824175824176,0.19615384615384615,0.47058823529411764,0.23809523809523808,0.011235955056179775,0,0.08058608058608059,"Carson Kelly","13620",608348
"Dominic Smith",2026,"FA,FC,FS,SI,CH,SL,CU,KN,KC",994,0.751004016064257,0.9144385026737968,0.2505030181086519,0.5686746987951807,0.788135593220339,0.41750503018108653,0.2530612244897959,0.532258064516129,0.24647887323943662,0.03529411764705882,0,0.08551307847082495,"Dominic Smith","15653",642086
"Jake Cronenworth",2026,"FA,FC,FS,SI,CH,SL,CU,KC",1333,0.6296296296296297,0.918552036199095,0.2633158289572393,0.5220458553791887,0.8209459459459459,0.42460615153788445,0.22996515679442509,0.4090909090909091,0.21530382595648911,0.09375,0,0.09602400600150038,"Jake Cronenworth","18036",630105
"Lars Nootbaar",2026,"FA,FC,FS,SI,CH,SL,CU,KC",1134,0.5610561056105611,0.9058823529411765,0.26631393298059963,0.44421906693711966,0.8493150684931506,0.4347442680776014,0.1646090534979424,0.55,0.21428571428571427,0.031578947368421054,0,0.0837742504409171,"Lars Nootbaar","21454",663457
"Zach McKinstry",2026,"FA,FC,FS,SI,CH,SL,CU,KC,EP",1262,0.672463768115942,0.9310344827586207,0.27258320126782887,0.5747126436781609,0.91,0.41362916006339145,0.24187725631768953,0.5074626865671642,0.21949286846275753,0.1271186440677966,0,0.09350237717908082,"Zach McKinstry","19392",656716
"Kyle Karros",2026,"FA,FC,FO,FS,SI,CH,SL,CU,KN,KC,EP",1230,0.7138263665594855,0.9324324324324325,0.2528455284552846,0.47925311203319504,0.7575757575757576,0.39186991869918697,0.20915032679738563,0.296875,0.24878048780487805,0.03816793893129771,0.2,0.10650406504065041,"Kyle Karros","33252",691720
"Jorbit Vivas",2026,"FA,FC,FO,FS,SI,CH,SL,CU,KC,EP",1119,0.8104089219330854,0.963302752293578,0.24039320822162646,0.5609243697478992,0.8164794007490637,0.42448614834673815,0.22178988326848248,0.49122807017543857,0.22966934763181412,0.042735042735042736,0,0.10455764075067024,"Jorbit Vivas","23917",678391
"Ildemaro Vargas",2026,"FA,FC,FS,SI,CH,SL,CU,KC",1142,0.6433566433566433,0.9565217391304348,0.2504378283712785,0.5363825363825364,0.8837209302325582,0.4211908931698774,0.37109375,0.7789473684210526,0.22416812609457093,0.18487394957983194,0.45454545454545453,0.1042031523642732,"Ildemaro Vargas","13324",545121
"Jacob Young",2026,"FA,FC,FS,SI,CH,SL,CU,KC,EP",1110,0.6266666666666667,0.925531914893617,0.2702702702702703,0.47925311203319504,0.8008658008658008,0.43333333333333335,0.21645021645021645,0.5,0.20810810810810812,0.061855670103092786,0,0.08738738738738738,"Jacob Young","29931",696285
"Gavin Sheets",2026,"FA,FC,FO,FS,SI,CH,SL,CU,KC,EP",1479,0.5920245398773006,0.8963730569948186,0.22041920216362407,0.48963317384370014,0.8762214983713354,0.42258282623394183,0.31733333333333336,0.6218487394957983,0.2521974306964165,0.06622516556291391,0.3,0.10209601081812035,"Gavin Sheets","19901",657757
"Samuel Basallo",2026,"FA,FC,FO,FS,SI,CH,SL,CU,KC",1111,0.7644444444444445,0.9011627906976745,0.20252025202520252,0.6082474226804123,0.7389830508474576,0.4365436543654365,0.36082474226804123,0.5619047619047619,0.2619261926192619,0.13636363636363635,0.26666666666666666,0.09810981098109811,"Samuel Basallo","28824",694212
"J.T. Realmuto",2026,"FA,FC,FO,FS,SI,CH,SL,CU,KN,KC",1332,0.6953846153846154,0.8495575221238938,0.243993993993994,0.5420240137221269,0.7879746835443038,0.4376876876876877,0.26334519572953735,0.5405405405405406,0.21096096096096095,0.06993006993006994,0.1,0.10735735735735735,"J.T. Realmuto","11739",592663
"Masataka Yoshida",2026,"FA,FC,FS,SI,CH,SL,CU,KC,EP",962,0.601593625498008,0.9668874172185431,0.2609147609147609,0.5181347150259067,0.83,0.4002079002079002,0.25663716814159293,0.7241379310344828,0.23492723492723494,0.050505050505050504,0.4,0.10291060291060292,"Masataka Yoshida","31837",807799
"José Caballero",2026,"FA,FC,FS,SI,CH,SL,CU,KC,EP",1211,0.7112676056338029,0.8811881188118812,0.23451692815854666,0.545631067961165,0.7722419928825622,0.4244426094137077,0.36042402826855124,0.5980392156862745,0.2336911643270025,0.12403100775193798,0.375,0.10652353426919901,"Jose Caballero","23401",676609
"Keibert Ruiz",2026,"FA,FC,FS,SI,CH,SL,CU,KC",785,0.726027397260274,0.9811320754716981,0.2789808917197452,0.6477611940298508,0.8894009216589862,0.4267515923566879,0.275,0.5909090909090909,0.20382165605095542,0.19718309859154928,0.42857142857142855,0.09044585987261146,"Keibert Ruiz","19610",660688
"Francisco Alvarez",2026,"FA,FC,FO,FS,SI,CH,SL,CU,KC",1209,0.6468646864686468,0.8622448979591837,0.2506203473945409,0.5234215885947047,0.6575875486381323,0.40612076095947064,0.302158273381295,0.47619047619047616,0.22994210090984285,0.08759124087591241,0.08333333333333333,0.11331679073614558,"Francisco Alvarez","26121",682626
"David Hamilton",2026,"FA,FC,FO,FS,SI,CH,SL,CU,KN,KC,EP",1238,0.6637426900584795,0.8810572687224669,0.2762520193861066,0.4591439688715953,0.847457627118644,0.41518578352180935,0.2490974729241877,0.4927536231884058,0.22374798061389337,0.06666666666666667,0.2857142857142857,0.08481421647819062,"David Hamilton","27531",666152
"Evan Carter",2026,"FA,FC,FO,FS,SI,CH,SL,CU,KC,EP",1518,0.6938271604938272,0.896797153024911,0.26613965744400525,0.438871473354232,0.7107142857142857,0.42028985507246375,0.16521739130434782,0.21052631578947367,0.2259552042160738,0.023076923076923078,0,0.08498023715415019,"Evan Carter","27790",694497
"Leody Taveras",2026,"FA,FC,FS,SI,CH,SL,CU,KC",1222,0.7597402597402597,0.9102564102564102,0.251227495908347,0.5214007782101168,0.8059701492537313,0.4206219312602291,0.27956989247311825,0.3076923076923077,0.22831423895253683,0.05785123966942149,0,0.09901800327332243,"Leody Taveras","18900",665750
"Wyatt Langford",2026,"FA,FC,FS,SI,CH,SL,CU,KC",1201,0.7353846153846154,0.9121338912133892,0.2697751873438801,0.4959839357429719,0.7489878542510121,0.414654454621149,0.22924901185770752,0.39655172413793105,0.21065778517901748,0.056,0.14285714285714285,0.10324729392173189,"Wyatt Langford","33333",694671
"Heriberto Hernández",2026,"FA,FC,FO,FS,SI,CH,SL,CU,KN,KC",1341,0.7899408284023669,0.8239700374531835,0.2513049962714392,0.4965277777777778,0.6398601398601399,0.42878448918717377,0.15384615384615385,0.21739130434782608,0.2222222222222222,0.0390625,0.4,0.09545115585384041,"Heriberto Hernandez","24878",681715
"Isaac Collins",2026,"FA,FC,FO,FS,SI,CH,SL,CU,KC,EP",1450,0.6379746835443038,0.9325396825396826,0.27241379310344827,0.40544871794871795,0.7747035573122529,0.4303448275862069,0.13398692810457516,0.3170731707317073,0.2110344827586207,0.024,0,0.08620689655172414,"Isaac Collins","25477",686555
"Bryce Eldridge",2026,"FA,FC,FS,SI,CH,SL,CU,KN,KC,EP",1315,0.7180327868852459,0.8447488584474886,0.23193916349809887,0.4965277777777778,0.7727272727272727,0.43802281368821294,0.19558359621451105,0.3548387096774194,0.2403041825095057,0.03418803418803419,0,0.08897338403041825,"Bryce Eldridge","33390",805811
"Byron Buxton",2026,"FA,FC,FS,SI,CH,SL,CU,KC",1066,0.8247011952191236,0.8695652173913043,0.2354596622889306,0.604494382022472,0.7323420074349443,0.4174484052532833,0.32653061224489793,0.2875,0.2298311444652908,0.104,0,0.11726078799249531,"Byron Buxton","14161",621439
"Joey Ortiz",2026,"FA,FC,FS,SI,CH,SL,CU,KN,KC,EP",995,0.6113207547169811,0.9135802469135802,0.2663316582914573,0.49516908212560384,0.8439024390243902,0.41608040201005025,0.3017241379310345,0.5285714285714286,0.23316582914572864,0.05952380952380952,0,0.08442211055276382,"Joey Ortiz","25493",687401
"Jesús Sánchez",2026,"FA,FC,FS,SI,CH,SL,CU,KC,EP",1083,0.7540983606557377,0.8532608695652174,0.22530009233610343,0.6167023554603854,0.7604166666666666,0.4312096029547553,0.32432432432432434,0.6190476190476191,0.23822714681440443,0.1415929203539823,0,0.10433979686057249,"Jesus Sanchez","19913",660821
"Francisco Lindor",2026,"FA,FC,FS,SI,CH,SL,CU,KC",1320,0.7080745341614907,0.8552631578947368,0.24393939393939393,0.5428051001821493,0.761744966442953,0.4159090909090909,0.26282051282051283,0.4878048780487805,0.2356060606060606,0.08029197080291971,0.2727272727272727,0.10378787878787879,"Francisco Lindor","12916",596019
"Cedric Mullins",2026,"FA,FC,FS,SI,CH,SL,CU,KN,KC,EP",1447,0.7366946778711485,0.8783269961977186,0.24671734623358674,0.6,0.8388888888888889,0.41395991706979957,0.21994134897360704,0.5066666666666667,0.23565998617829992,0.04697986577181208,0.14285714285714285,0.10297166551485833,"Cedric Mullins","17929",656775
"José Ramírez",2026,"FA,FC,FO,FS,SI,CH,SL,CU,KC",1564,0.7058823529411765,0.9420289855072463,0.25,0.5332225913621262,0.8598130841121495,0.3842710997442455,0.2711864406779661,0.6607142857142857,0.2640664961636829,0.0379746835443038,0.3333333333333333,0.100383631713555,"Jose Ramirez","13510",608070
"Jared Young",2026,"FA,FC,FS,SI,CH,SL,CU,KC",1093,0.77734375,0.8894472361809045,0.23330283623055809,0.5532359081419624,0.7811320754716982,0.43824336688014637,0.20784313725490197,0.5094339622641509,0.23330283623055809,0.038834951456310676,0,0.09332113449222323,"Jared Young","20404",676724
"Zack Gelof",2026,"FA,FC,FS,SI,CH,SL,CU,KC,EP",1203,0.6943521594684385,0.7894736842105263,0.2502078137988362,0.537109375,0.7745454545454545,0.4247714048212801,0.17921146953405018,0.4,0.23192019950124687,0.07207207207207207,0,0.09226932668329177,"Zack Gelof","29766",680869
"Juan Soto",2026,"FA,FC,FS,SI,CH,SL,CU,KC,EP",1229,0.7050847457627119,0.9278846153846154,0.24003254678600489,0.42034548944337813,0.7945205479452054,0.4239218877135883,0.11475409836065574,0.45714285714285713,0.24735557363710334,0,0,0.08787632221318145,"Juan Soto","20123",665742
"Willi Castro",2026,"FA,FC,FO,FS,SI,CH,SL,CU,KN,KC",1261,0.7852112676056338,0.9103139013452914,0.22521808088818399,0.6037735849056604,0.66875,0.4195083267248216,0.2830188679245283,0.3888888888888889,0.2521808088818398,0.06201550387596899,0,0.10229976209357652,"Willi Castro","17338",650489
"Heliot Ramos",2026,"FA,FC,FO,FS,SI,CH,SL,CU,KN,KC,EP",1276,0.7,0.8650793650793651,0.28056426332288403,0.6222664015904572,0.7571884984025559,0.3942006269592476,0.26936026936026936,0.375,0.23275862068965517,0.06896551724137931,0,0.09090909090909091,"Heliot Ramos","22515",671218
"Tyler Soderstrom",2026,"FA,FC,FO,FS,SI,CH,SL,CU,KC",1193,0.7323943661971831,0.9375,0.23805532271584243,0.5145631067961165,0.8113207547169812,0.4316848281642917,0.1896551724137931,0.41818181818181815,0.24308466051969824,0.038461538461538464,0,0.08633696563285834,"Tyler Soderstrom","27467",691016
"Colson Montgomery",2026,"FA,FC,FO,FS,SI,CH,SL,CU,KC",1740,0.739514348785872,0.8776119402985074,0.2603448275862069,0.6074074074074074,0.6097560975609756,0.3873563218390805,0.2757009345794392,0.22033898305084745,0.2454022988505747,0.08695652173913043,0,0.10574712643678161,"Colson Montgomery","29712",695657
"JJ Bleday",2026,"FA,FC,FO,FS,SI,CH,SL,CU,KC",1507,0.7506297229219143,0.9161073825503355,0.26343729263437293,0.5146831530139103,0.7057057057057057,0.42932979429329793,0.1497005988023952,0.26,0.22096881220968811,0.007751937984496124,0,0.0856005308560053,"JJ Bleday","26368",668709
"Munetaka Murakami",2026,"FA,FC,FS,SI,CH,SL,CU,KC,EP",1649,0.6798029556650246,0.75,0.24499696785930866,0.4682080924855491,0.5679012345679012,0.4178289872650091,0.18157181571815717,0.208955223880597,0.22377198302001214,0.04945054945054945,0,0.11036992116434202,"Munetaka Murakami","37120",808959
"Gleyber Torres",2026,"FA,FC,FS,SI,CH,SL,CU,KC",1197,0.7987220447284346,0.896,0.26148705096073516,0.4951644100580271,0.734375,0.4319131161236424,0.13602941176470587,0.5405405405405406,0.227234753550543,0.021052631578947368,0.5,0.07936507936507936,"Gleyber Torres","16997",650402
"Richie Palacios",2026,"FA,FC,FO,FS,SI,CH,SL,CU,KN,KC,EP",1281,0.6410256410256411,0.9142857142857143,0.21311475409836064,0.5615942028985508,0.8193548387096774,0.4309133489461358,0.2735562310030395,0.6444444444444445,0.2544886807181889,0.05511811023622047,0.42857142857142855,0.09914129586260734,"Richie Palacios","24589",680700
"Ezequiel Tovar",2026,"FA,FC,FO,FS,SI,CH,SL,CU,KN,KC,EP",1208,0.85,0.8613445378151261,0.23178807947019867,0.7207392197125256,0.7977207977207977,0.4031456953642384,0.43097643097643096,0.4921875,0.2458609271523179,0.1736111111111111,0,0.11920529801324503,"Ezequiel Tovar","24064",678662
"Shea Langeliers",2026,"FA,FC,FO,FS,SI,CH,SL,CU,KC,EP",1239,0.7673611111111112,0.8461538461538461,0.23163841807909605,0.6089613034623218,0.7625418060200669,0.3962873284907183,0.31329113924050633,0.32323232323232326,0.255044390637611,0.06944444444444445,0.1,0.11460855528652139,"Shea Langeliers","25816",669127
"Royce Lewis",2026,"FA,FC,FS,SI,CH,SL,CU,KC",1422,0.7553516819571865,0.8421052631578947,0.229957805907173,0.5844155844155844,0.6805555555555556,0.43248945147679324,0.27899686520376177,0.30337078651685395,0.22433192686357242,0.1125,0.05555555555555555,0.11251758087201125,"Royce Lewis","20437",668904
"Ronald Acuña Jr.",2026,"FA,FC,FS,SI,CH,SL,CU,KN,KC",1201,0.8288590604026845,0.8218623481781376,0.24812656119900084,0.6217391304347826,0.7552447552447552,0.38218151540383016,0.23310810810810811,0.391304347826087,0.24646128226477934,0.07482993197278912,0.18181818181818182,0.12156536219816819,"Ronald Acuna Jr.","18401",660670
"Henry Bolte",2026,"FA,FC,FS,SI,CH,SL,CU,KC,EP",1167,0.8246753246753247,0.8937007874015748,0.2622107969151671,0.5555555555555556,0.6509090909090909,0.4241645244215938,0.2441860465116279,0.19047619047619047,0.2210796915167095,0.018867924528301886,0,0.0908311910882605,"Henry Bolte","31448",703607
"Masyn Winn",2026,"FA,FC,FO,FS,SI,CH,SL,CU,KC",1550,0.6380510440835266,0.8618181818181818,0.2767741935483871,0.47115384615384615,0.7925170068027211,0.40258064516129033,0.19142857142857142,0.40298507462686567,0.22580645161290322,0.05517241379310345,0.125,0.0935483870967742,"Masyn Winn","27479",691026
"Marcus Semien",2026,"FA,FC,FS,SI,CH,SL,CU,KC",1458,0.7916666666666666,0.9040247678018576,0.2784636488340192,0.5334448160535117,0.774294670846395,0.4101508916323731,0.2523364485981308,0.4074074074074074,0.22016460905349794,0.04580152671755725,0,0.08984910836762688,"Marcus Semien","12533",543760
"Kyle Schwarber",2026,"FA,FC,FO,FS,SI,CH,SL,CU,KN,KC",1840,0.7096774193548387,0.8603896103896104,0.23532608695652174,0.5235602094240838,0.6675,0.4125,0.23648648648648649,0.3333333333333333,0.24021739130434783,0.06060606060606061,0,0.10706521739130435,"Kyle Schwarber","16478",656941
"Spencer Horwitz",2026,"FA,FC,FS,SI,CH,SL,CU,KN,KC,EP",1420,0.643646408839779,0.9313304721030042,0.25422535211267605,0.4726962457337884,0.8808664259927798,0.4119718309859155,0.1891891891891892,0.5396825396825397,0.23450704225352112,0.02877697841726619,0.25,0.09718309859154929,"Spencer Horwitz","26477",687462
"Vinnie Pasquantino",2026,"FA,FC,FS,SI,CH,SL,CU,KC",1367,0.6965944272445821,0.9466666666666667,0.23628383321141186,0.5495495495495496,0.9081967213114754,0.40453547915142646,0.26813880126182965,0.6,0.23043160204828092,0.046511627906976744,0.25,0.1258229700073153,"Vinnie Pasquantino","27676",686469
"Taylor Ward",2026,"FA,FC,FS,SI,CH,SL,CU,KC",1723,0.5894736842105263,0.9178571428571428,0.2751015670342426,0.34758620689655173,0.7698412698412699,0.4207777132907719,0.07909604519774012,0.42857142857142855,0.20545560069645966,0.03550295857988166,0,0.09808473592571097,"Taylor Ward","17548",621493
"Teoscar Hernández",2026,"FA,FC,FS,SI,CH,SL,CU,KC,EP",1332,0.6878787878787879,0.8325991189427313,0.24624624624624625,0.5629370629370629,0.7049689440993789,0.4294294294294294,0.24025974025974026,0.40540540540540543,0.23123123123123124,0.09016393442622951,0,0.0915915915915916,"Teoscar Hernandez","13066",606192
"Jazz Chisholm Jr.",2026,"FA,FC,FS,SI,CH,SL,CU,KC,EP",1528,0.6886543535620053,0.8467432950191571,0.24803664921465968,0.5176282051282052,0.7213622291021672,0.40772251308900526,0.2409972299168975,0.5057471264367817,0.2362565445026178,0.042682926829268296,0.14285714285714285,0.10732984293193717,"Jazz Chisholm Jr.","20454",665862
"Carlos Cortes",2026,"FA,FC,FO,FS,SI,CH,SL,CU,KC",1430,0.7493472584856397,0.9128919860627178,0.26713286713286716,0.5025553662691652,0.7796610169491526,0.4076923076923077,0.2282958199356913,0.5352112676056338,0.21748251748251748,0.06040268456375839,0.2222222222222222,0.1041958041958042,"Carlos Cortes","21842",666126
"Daulton Varsho",2026,"FA,FC,FS,SI,CH,SL,CU,KN,KC,EP",1479,0.7947976878612717,0.8836363636363637,0.2332657200811359,0.6015748031496063,0.824607329842932,0.42934415145368493,0.344311377245509,0.591304347826087,0.22582826233941852,0.10365853658536585,0.17647058823529413,0.11088573360378634,"Daulton Varsho","19918",662139
"Ryan O'Hearn",2026,"FA,FC,FS,SI,CH,SL,CU,KC,EP",1188,0.7414965986394558,0.926605504587156,0.2474747474747475,0.5155038759689923,0.7857142857142857,0.43434343434343436,0.2556390977443609,0.47058823529411764,0.2239057239057239,0.05357142857142857,0.16666666666666666,0.09427609427609428,"Ryan O'Hearn","16442",656811
"Wade Meckler",2026,"FA,FC,FS,SI,CH,SL,CU,KC",984,0.7272727272727273,0.921875,0.2682926829268293,0.4839506172839506,0.7959183673469388,0.4115853658536585,0.18303571428571427,0.4146341463414634,0.22764227642276422,0.06593406593406594,0,0.09247967479674797,"Wade Meckler","31490",685133
"A.J. Ewing",2026,"FA,FC,FS,SI,CH,SL,CU,KC,EP",1344,0.7397660818713451,0.924901185770751,0.2544642857142857,0.528169014084507,0.7566666666666667,0.4211309523809524,0.2292358803986711,0.4927536231884058,0.22395833333333334,0.06015037593984962,0,0.09895833333333333,"A.J. Ewing","33656",805999
"Travis Bazzana",2026,"FA,FC,FS,SI,CH,SL,CU,KC",1373,0.7382352941176471,0.9402390438247012,0.24763292061179898,0.4991624790619765,0.761744966442953,0.4340859431900947,0.2140468227424749,0.34375,0.21704297159504735,0.058394160583941604,0,0.09978150036416605,"Travis Bazzana","34967",683953
"Lawrence Butler",2026,"FA,FC,FO,FS,SI,CH,SL,CU,KC,EP",1616,0.7893518518518519,0.8768328445747801,0.26732673267326734,0.533751962323391,0.7147058823529412,0.3935643564356436,0.19302949061662197,0.4583333333333333,0.2301980198019802,0.05172413793103448,0.1111111111111111,0.10767326732673267,"Lawrence Butler","22542",671732
"Tyler Stephenson",2026,"FA,FC,FO,FS,SI,CH,SL,CU,KC",1366,0.75,0.9017543859649123,0.2781844802342606,0.45854483925549916,0.6789667896678967,0.43265007320644217,0.19642857142857142,0.16363636363636364,0.20497803806734993,0.06956521739130435,0,0.0841874084919473,"Tyler Stephenson","17988",663886
"Mickey Moniak",2026,"FA,FC,FO,FS,SI,CH,SL,CU,KN,KC,EP",1204,0.8327526132404182,0.891213389121339,0.23754152823920266,0.7257731958762886,0.7556818181818182,0.4019933554817276,0.39436619718309857,0.39285714285714285,0.23588039867109634,0.13513513513513514,0.2,0.12292358803986711,"Mickey Moniak","19956",666160
"Cam Smith",2026,"FA,FC,FO,FS,SI,CH,SL,CU,KC,EP",1661,0.7296650717703349,0.8754098360655738,0.25165562913907286,0.5550847457627118,0.7455470737913485,0.42564720048163757,0.27851458885941643,0.2761904761904762,0.22636965683323299,0.03164556962025317,0.2,0.09512341962673089,"Cam Smith","35108",701358
"Willy Adames",2026,"FA,FC,FO,FS,SI,CH,SL,CU,KN,KC,EP",1444,0.725130890052356,0.8844765342960289,0.26454293628808867,0.5225375626043406,0.7667731629392971,0.41412742382271467,0.2912621359223301,0.34444444444444444,0.21398891966759004,0.07142857142857142,0.09090909090909091,0.10664819944598337,"Willy Adames","15986",642715
"Ozzie Albies",2026,"FA,FC,FS,SI,CH,SL,CU,KC,EP",1694,0.8324873096446701,0.8932926829268293,0.23258559622195984,0.613603473227207,0.7806603773584906,0.40731995277449823,0.2926829268292683,0.6166666666666667,0.24144037780401417,0.135678391959799,0.2962962962962963,0.11747343565525384,"Ozzie Albies","16556",645277
"Andrés Giménez",2026,"FA,FC,FS,SI,CH,SL,CU,KN,KC,EP",1358,0.7717717717717718,0.8754863813229572,0.24447717231222385,0.6530249110320284,0.776566757493188,0.41310751104565535,0.3940298507462687,0.5984848484848485,0.24668630338733433,0.078125,0.1,0.093519882179676,"Andres Gimenez","19950",665926
"Josh Jung",2026,"FA,FC,FO,FS,SI,CH,SL,CU,KC",1180,0.7156549520766773,0.9598214285714286,0.2652542372881356,0.5770065075921909,0.7969924812030075,0.3898305084745763,0.296028880866426,0.5853658536585366,0.2347457627118644,0.09302325581395349,0.16666666666666666,0.10932203389830508,"Josh Jung","26299",673962
"Cody Bellinger",2026,"FA,FC,FS,SI,CH,SL,CU,KC",1370,0.6893491124260355,0.8969957081545065,0.245985401459854,0.5565529622980251,0.8290322580645161,0.4065693430656934,0.26011560693641617,0.5111111111111111,0.2518248175182482,0.046511627906976744,0.16666666666666666,0.09416058394160584,"Cody Bellinger","15998",641355
"Joc Pederson",2026,"FA,FC,FO,FS,SI,CH,SL,CU,KC,EP",1561,0.6975,0.8100358422939068,0.25624599615631005,0.5410094637223974,0.7463556851311953,0.40550928891736066,0.30303030303030304,0.4818181818181818,0.23254324151185138,0.07317073170731707,0.4166666666666667,0.10506085842408712,"Joc Pederson","11899",592626
"Hunter Goodman",2026,"FA,FC,FO,FS,SI,CH,SL,CU,KN,KC,EP",1402,0.7768115942028986,0.8283582089552238,0.24607703281027105,0.6227758007117438,0.7342857142857143,0.4008559201141227,0.40923076923076923,0.39849624060150374,0.231811697574893,0.09411764705882353,0,0.12125534950071326,"Hunter Goodman","29715",696100
"Nolan Schanuel",2026,"FA,FC,FO,FS,SI,CH,SL,CU,KN,KC",1256,0.6636085626911316,0.9769585253456221,0.2587579617834395,0.5134099616858238,0.832089552238806,0.4140127388535032,0.2585034013605442,0.618421052631579,0.2340764331210191,0.061946902654867256,0,0.08996815286624203,"Nolan Schanuel","33189",694384
"James Wood",2026,"FA,FC,FO,FS,SI,CH,SL,CU,KC",1713,0.6223958333333334,0.8744769874476988,0.22416812609457093,0.39748953974895396,0.7578947368421053,0.417980151780502,0.16009280742459397,0.2898550724637681,0.2516053706946877,0.03314917127071823,0,0.10566258026853473,"James Wood","29518",695578
"Jarren Duran",2026,"FA,FC,FO,FS,SI,CH,SL,CU,KN,KC",1739,0.7115384615384616,0.9087837837837838,0.2380678550891317,0.6027777777777777,0.7188940092165899,0.4140310523289247,0.3383838383838384,0.2462686567164179,0.22714203565267396,0.1111111111111111,0,0.1178838412880966,"Jarren Duran","24617",680776
"George Springer",2026,"FA,FC,FS,SI,CH,SL,CU,KC",1418,0.7793296089385475,0.9283154121863799,0.2524682651622003,0.5709459459459459,0.7544378698224852,0.41748942172073344,0.14868804664723032,0.3137254901960784,0.24188998589562766,0.072,0.1111111111111111,0.08744710860366714,"George Springer","12856",543807
"Mike Trout",2026,"FA,FC,FO,FS,SI,CH,SL,CU,KN,KC",1943,0.6782608695652174,0.875,0.23623262995367988,0.4364508393285372,0.7912087912087912,0.42923314462171896,0.17142857142857143,0.358974358974359,0.23365928975810601,0.10824742268041238,0,0.09984559958826557,"Mike Trout","10155",545361
"Nathan Church",2026,"FA,FC,FO,FS,SI,CH,SL,CU,KC",1385,0.7538461538461538,0.889795918367347,0.2339350180505415,0.6469565217391304,0.8198924731182796,0.4151624548736462,0.43823529411764706,0.6644295302013423,0.244043321299639,0.10344827586206896,0.3333333333333333,0.10469314079422383,"Nathan Church","31357",701675
"Xander Bogaerts",2026,"FA,FC,FS,SI,CH,SL,CU,KC,EP",1740,0.6651884700665188,0.8966666666666666,0.2591954022988506,0.4608108108108108,0.7712609970674487,0.4247126436781609,0.1725,0.43478260869565216,0.2293103448275862,0.040268456375838924,0,0.08563218390804597,"Xander Bogaerts","12161",593428
"Mookie Betts",2026,"FA,FC,FS,SI,CH,SL,CU,KC",1296,0.6810810810810811,0.9563492063492064,0.2854938271604938,0.4371584699453552,0.8666666666666667,0.4228395061728395,0.15942028985507245,0.45454545454545453,0.21296296296296297,0.04950495049504951,0,0.0779320987654321,"Mookie Betts","13611",605141
"Brett Baty",2026,"FA,FC,FS,SI,CH,SL,CU,KC,EP",1504,0.7343358395989975,0.856655290102389,0.26396276595744683,0.5894245723172629,0.7387862796833773,0.42686170212765956,0.22318840579710145,0.3116883116883117,0.2293882978723404,0.08547008547008547,0,0.07712765957446809,"Brett Baty","26123",683146
"JJ Wetherholt",2026,"FA,FC,FO,FS,SI,CH,SL,CU,KC",1607,0.6801801801801802,0.9039735099337748,0.2750466708151836,0.4376899696048632,0.7916666666666666,0.40945861854387056,0.16348773841961853,0.45,0.2283758556316117,0.014492753623188406,0,0.08587429993777225,"JJ Wetherholt","34985",802139
"Jake Burger",2026,"FA,FC,FO,FS,SI,CH,SL,CU,KC,EP",1643,0.7010309278350515,0.8382352941176471,0.2355447352404139,0.5722983257229832,0.7127659574468085,0.3998782714546561,0.38534278959810875,0.3496932515337423,0.25745587340231285,0.10857142857142857,0.10526315789473684,0.10651247717589775,"Jake Burger","22275",669394
"Michael Massey",2026,"FA,FC,FO,FS,SI,CH,SL,CU,KC,EP",1273,0.7134328358208956,0.9288702928870293,0.2615868028279654,0.6294117647058823,0.8598130841121495,0.40062843676355064,0.34782608695652173,0.625,0.23487824037706206,0.08527131782945736,0.2727272727272727,0.10133542812254517,"Michael Massey","27684",686681
"Jake Mangum",2026,"FA,FC,FS,SI,CH,SL,CU,KC,EP",1258,0.7260726072607261,0.8863636363636364,0.24085850556438793,0.6268939393939394,0.8126888217522659,0.41971383147853736,0.436426116838488,0.7480314960629921,0.22972972972972974,0.23529411764705882,0.65625,0.10810810810810811,"Jake Mangum","26202",663968
"Kyle Stowers",2026,"FA,FC,FO,FS,SI,CH,SL,CU,KN,KC",1489,0.8296089385474861,0.8720538720538721,0.24042981867024849,0.6394779771615008,0.6122448979591837,0.4110141034251175,0.28133704735376047,0.3069306930693069,0.24042981867024849,0.0880503144654088,0,0.10678307588985897,"Kyle Stowers","26151",669065
"Chase DeLauter",2026,"FA,FC,FO,FS,SI,CH,SL,CU,KC,EP",1436,0.7112299465240641,0.9586466165413534,0.2604456824512535,0.4783362218370884,0.8840579710144928,0.40181058495821725,0.1540785498489426,0.5294117647058824,0.23050139275766016,0.012987012987012988,0,0.10724233983286909,"Chase DeLauter","32127",800050
"Troy Johnston",2026,"FA,FC,FO,FS,SI,CH,SL,CU,KN,KC,EP",1235,0.7766323024054983,0.8938053097345132,0.23562753036437248,0.5965583173996176,0.7884615384615384,0.42186234817813767,0.28620689655172415,0.4578313253012048,0.23481781376518218,0.06870229007633588,0.1111111111111111,0.10607287449392712,"Troy Johnston","26143",687859
"Carter Jensen",2026,"FA,FC,FO,FS,SI,CH,SL,CU,KN,KC,EP",1798,0.7874720357941835,0.8721590909090909,0.24805339265850945,0.496617050067659,0.7138964577656676,0.41101223581757507,0.20833333333333334,0.4222222222222222,0.2397107897664071,0.07777777777777778,0,0.10011123470522804,"Carter Jensen","29478",695600
"Alec Bohm",2026,"FA,FC,FO,FS,SI,CH,SL,CU,KN,KC,EP",1615,0.7285067873303167,0.8757763975155279,0.2736842105263158,0.527190332326284,0.8624641833810889,0.40928792569659445,0.20441988950276244,0.5675675675675675,0.2241486068111455,0.026845637583892617,0.25,0.09226006191950464,"Alec Bohm","21618",664761
"Andrew Benintendi",2026,"FA,FC,FO,FS,SI,CH,SL,CU,KC,EP",1562,0.7989276139410187,0.8221476510067114,0.23815620998719592,0.6096,0.7664041994750657,0.4001280409731114,0.2623762376237624,0.5283018867924528,0.2586427656850192,0.06875,0.18181818181818182,0.10243277848911651,"Andrew Benintendi","17901",643217
"Jo Adell",2026,"FA,FC,FO,FS,SI,CH,SL,CU,KN,KC,EP",1812,0.7613636363636364,0.8865671641791045,0.24282560706401765,0.6168478260869565,0.7819383259911894,0.4056291390728477,0.33175355450236965,0.45,0.23233995584988962,0.102803738317757,0.045454545454545456,0.11810154525386314,"Jo Adell","20220",666176
"Salvador Perez",2026,"FA,FC,FO,FS,SI,CH,SL,CU,KN,KC",1690,0.7265625,0.899641577060932,0.2272189349112426,0.6682539682539682,0.8099762470308789,0.3727810650887574,0.48009367681498827,0.5219512195121951,0.25207100591715975,0.13253012048192772,0.18181818181818182,0.14497041420118342,"Salvador Perez","7304",521692
"Javier Sanoja",2026,"FA,FC,FS,SI,CH,SL,CU,KN,KC,EP",1123,0.7147435897435898,0.968609865470852,0.2778272484416741,0.6183908045977011,0.9070631970260223,0.3873552983081033,0.32075471698113206,0.8,0.23597506678539626,0.10810810810810811,0.3333333333333333,0.09795191451469279,"Javier Sanoja","28253",691594
"Jake Bauers",2026,"FA,FC,FS,SI,CH,SL,CU,KN,KC,EP",1714,0.7054631828978623,0.8922558922558923,0.2456242707117853,0.41904761904761906,0.6298701298701299,0.4282380396732789,0.14769975786924938,0.19672131147540983,0.24095682613768962,0.05517241379310345,0.25,0.08459743290548424,"Jake Bauers","15194",641343
"Willson Contreras",2026,"FA,FC,FS,SI,CH,SL,CU,KN,KC,EP",1484,0.7067039106145251,0.8656126482213439,0.24056603773584906,0.5833333333333334,0.7440476190476191,0.38746630727762804,0.34492753623188405,0.40336134453781514,0.23247978436657682,0.13658536585365855,0.07142857142857142,0.13679245283018868,"Willson Contreras","11609",575929
"Matt Olson",2026,"FA,FC,FO,FS,SI,CH,SL,CU,KC,EP",1750,0.7621247113163973,0.8787878787878788,0.24742857142857144,0.5236167341430499,0.7938144329896907,0.42342857142857143,0.2091346153846154,0.5632183908045977,0.2377142857142857,0.06875,0.36363636363636365,0.09085714285714286,"Matt Olson","14344",621566
"Nathaniel Lowe",2026,"FA,FC,FO,FS,SI,CH,SL,CU,KC",1562,0.71571072319202,0.9303135888501742,0.2567221510883483,0.5,0.8028169014084507,0.4539052496798976,0.18475073313782991,0.36507936507936506,0.2176696542893726,0.02727272727272727,0,0.07042253521126761,"Nathaniel Lowe","19566",663993
"Max Muncy",2026,"FA,FC,FS,SI,CH,SL,CU,KC,EP",1735,0.7292161520190024,0.8697068403908795,0.2414985590778098,0.5271739130434783,0.6804123711340206,0.42420749279538905,0.1784776902887139,0.5735294117647058,0.2195965417867435,0.02030456852791878,0,0.11354466858789625,"Max Muncy","13301",571970
"Josh Bell",2026,"FA,FC,FS,SI,CH,SL,CU,KC,EP",1680,0.7909319899244333,0.8535031847133758,0.2357142857142857,0.5796269727403156,0.8242574257425742,0.4148809523809524,0.23902439024390243,0.5408163265306123,0.24345238095238095,0.07954545454545454,0.14285714285714285,0.10476190476190476,"Josh Bell","13145",605137
"Brandon Nimmo",2026,"FA,FC,FO,FS,SI,CH,SL,CU,KC",1772,0.7580993520518359,0.8803418803418803,0.26072234762979685,0.5776636713735558,0.8,0.43792325056433407,0.23513513513513515,0.5517241379310345,0.2082392776523702,0.05625,0,0.09029345372460497,"Brandon Nimmo","12927",607043
"Kody Clemens",2026,"FA,FC,FS,SI,CH,SL,CU,KC",1615,0.7186761229314421,0.9046052631578947,0.26191950464396285,0.5909774436090226,0.7531806615776081,0.4117647058823529,0.3159340659340659,0.5652173913043478,0.22538699690402478,0.06134969325153374,0.1,0.10092879256965945,"Kody Clemens","20572",665019
"Jeremy Peña",2026,"FA,FC,FS,SI,CH,SL,CU,KC,EP",1328,0.7882736156351792,0.8677685950413223,0.2311746987951807,0.653211009174312,0.7612359550561798,0.41039156626506024,0.3695652173913043,0.3277310924369748,0.24246987951807228,0.14285714285714285,0,0.11596385542168675,"Jeremy Pena","21636",665161
"Caleb Durbin",2026,"FA,FC,FS,SI,CH,SL,CU,KC,EP",1535,0.6596736596736597,0.9363957597173145,0.27947882736156354,0.5348837209302325,0.8376811594202899,0.41889250814332246,0.22044728434504793,0.6811594202898551,0.20325732899022803,0.033783783783783786,0,0.09641693811074918,"Caleb Durbin","29646",702332
"Wilyer Abreu",2026,"FA,FC,FS,SI,CH,SL,CU,KN,KC,EP",1839,0.7100456621004566,0.887459807073955,0.23762914627514953,0.5929778933680104,0.8048245614035088,0.4176182707993475,0.25740318906605925,0.45132743362831856,0.23817292006525284,0.07772020725388601,0.2,0.10494834148994019,"Wilyer Abreu","23772",677800
"Brayan Rocchio",2026,"FA,FC,FO,FS,SI,CH,SL,CU,KC",1509,0.707774798927614,0.9166666666666666,0.24718356527501656,0.5516693163751988,0.8270893371757925,0.4161696487740225,0.29411764705882354,0.49523809523809526,0.23658051689860835,0.05333333333333334,0.125,0.09940357852882704,"Brayan Rocchio","23690",677587
"Manny Machado",2026,"FA,FC,FS,SI,CH,SL,CU,KC",2002,0.7428571428571429,0.9025641025641026,0.26173826173826176,0.5387365911799762,0.75,0.4190809190809191,0.23927765237020315,0.4528301886792453,0.22127872127872128,0.05641025641025641,0,0.09740259740259741,"Manny Machado","11493",592518
"Dominic Canzone",2026,"FA,FC,FS,SI,CH,SL,CU,KC,EP",1400,0.6828571428571428,0.8702928870292888,0.25,0.5672413793103448,0.7993920972644377,0.4142857142857143,0.3628048780487805,0.42016806722689076,0.23357142857142857,0.11971830985915492,0.23529411764705882,0.10071428571428571,"Dominic Canzone","26438",686527
"Ty France",2026,"FA,FC,FS,SI,CH,SL,CU,KC,EP",1373,0.8393939393939394,0.8916967509025271,0.23962126729788782,0.6407079646017699,0.7734806629834254,0.4115076474872542,0.3302180685358255,0.42452830188679247,0.2337946103423161,0.08917197452229299,0.14285714285714285,0.1143481427530954,"Ty France","17982",664034
"Jose Altuve",2026,"FA,FC,FS,SI,CH,SL,CU,KC",1507,0.6480938416422287,0.9230769230769231,0.22627737226277372,0.5581761006289309,0.8028169014084507,0.42136695421366954,0.3909348441926346,0.644927536231884,0.2342402123424021,0.11864406779661017,0.19047619047619047,0.11678832116788321,"Jose Altuve","5417",514888
"Shohei Ohtani",2026,"FA,FC,FS,SI,CH,SL,CU,KC",1618,0.7081081081081081,0.816793893129771,0.22867737948084055,0.5651537335285505,0.7409326424870466,0.4221260815822003,0.24010554089709762,0.3626373626373626,0.23362175525339926,0.05913978494623656,0.18181818181818182,0.11495673671199011,"Shohei Ohtani","19755",660271
"Ketel Marte",2026,"FA,FC,FO,FS,SI,CH,SL,CU,KC",1712,0.7306733167082294,0.9112627986348123,0.23422897196261683,0.5445945945945946,0.8461538461538461,0.4322429906542056,0.2639593908629442,0.5,0.23014018691588786,0.02824858757062147,0,0.10338785046728972,"Ketel Marte","13613",606466
"Garrett Mitchell",2026,"FA,FC,FS,SI,CH,SL,CU,KN,KC,EP",1604,0.7167487684729064,0.8419243986254296,0.25311720698254364,0.5153631284916201,0.5907859078590786,0.44576059850374067,0.15273775216138327,0.24528301886792453,0.21633416458852867,0.044444444444444446,0,0.08416458852867831,"Garrett Mitchell","27555",669003
"Trevor Larnach",2026,"FA,FC,FS,SI,CH,SL,CU,KC,EP",1478,0.6614583333333334,0.905511811023622,0.2598105548037889,0.4918300653594771,0.7242524916943521,0.4133964817320704,0.24404761904761904,0.45121951219512196,0.2273342354533153,0.0821917808219178,0.08333333333333333,0.09878213802435724,"Trevor Larnach","21501",663616
"Bryan Reynolds",2026,"FA,FC,FS,SI,CH,SL,CU,KC,EP",1786,0.7850877192982456,0.9357541899441341,0.2553191489361702,0.4837837837837838,0.6899441340782123,0.4143337066069429,0.19128329297820823,0.20253164556962025,0.23124300111982082,0.03389830508474576,0,0.09910414333706608,"Bryan Reynolds","19326",668804
"Kazuma Okamoto",2026,"FA,FC,FS,SI,CH,SL,CU,KN,KC",1941,0.7298850574712644,0.8320209973753281,0.2689335394126739,0.5371794871794872,0.649164677804296,0.401854714064915,0.25681818181818183,0.415929203539823,0.22668727460072127,0.06030150753768844,0,0.10252447192168986,"Kazuma Okamoto","37123",672960
"Gunnar Henderson",2026,"FA,FC,FS,SI,CH,SL,CU,KC,EP",1931,0.710239651416122,0.8865030674846626,0.23718280683583634,0.5858708891595615,0.8108108108108109,0.42413257379596064,0.2420091324200913,0.44339622641509435,0.22630761263593993,0.03286384976525822,0.14285714285714285,0.11030554117037804,"Gunnar Henderson","26289",683002
"Nolan Arenado",2026,"FA,FC,FS,SI,CH,SL,CU,KC",1709,0.6622222222222223,0.8926174496644296,0.26214160327677005,0.5385756676557863,0.8071625344352618,0.3943826799297835,0.30193236714975846,0.504,0.2422469280280866,0.07017543859649122,0.3333333333333333,0.10005851375073142,"Nolan Arenado","9777",571448
"Colt Keith",2026,"FA,FC,FS,SI,CH,SL,CU,KC,EP",1521,0.7061728395061728,0.9195804195804196,0.2656147271531887,0.45788667687595713,0.7892976588628763,0.42932281393819854,0.22686567164179106,0.5131578947368421,0.21959237343852728,0.0390625,0,0.084155161078238,"Colt Keith","27899",690993
"Justin Crawford",2026,"FA,FC,FO,FS,SI,CH,SL,CU,KC",1408,0.7538461538461538,0.9183673469387755,0.27698863636363635,0.5954465849387041,0.8676470588235294,0.4055397727272727,0.3157894736842105,0.7058823529411765,0.2294034090909091,0.0967741935483871,0.08333333333333333,0.08806818181818182,"Justin Crawford","31791",702222
"Andy Pages",2026,"FA,FC,FS,SI,CH,SL,CU,KC,EP",1645,0.7060301507537688,0.9501779359430605,0.2419452887537994,0.536754507628294,0.7958656330749354,0.435258358662614,0.2722371967654987,0.49504950495049505,0.22492401215805471,0.0967741935483871,0.13333333333333333,0.09422492401215805,"Andy Pages","24816",681624
"Jakob Marsee",2026,"FA,FC,FO,FS,SI,CH,SL,CU,KN,KC",1795,0.7130434782608696,0.948170731707317,0.25571030640668524,0.42838874680306904,0.8507462686567164,0.43454038997214484,0.1261682242990654,0.5185185185185185,0.2384401114206128,0.08,0,0.06963788300835655,"Jakob Marsee","31370",805300
"Cole Young",2026,"FA,FC,FS,SI,CH,SL,CU,KC,EP",1582,0.696078431372549,0.8802816901408451,0.2579013906447535,0.5612998522895125,0.8526315789473684,0.427307206068268,0.24085365853658536,0.6962025316455697,0.20733249051833122,0.04142011834319527,0,0.106826801517067,"Cole Young","31680",702284
"Jackson Chourio",2026,"FA,FC,FS,SI,CH,SL,CU,KC,EP",1517,0.689119170984456,0.9060150375939849,0.25313117996044826,0.5609756097560976,0.7507246376811594,0.40540540540540543,0.3165266106442577,0.5132743362831859,0.23533289386947923,0.08176100628930817,0.07692307692307693,0.10481212920237311,"Jackson Chourio","28806",694192
"Luke Keaschall",2026,"FA,FC,FS,SI,CH,SL,CU,KC,EP",1538,0.6987654320987654,0.9469964664310954,0.2626788036410923,0.4781906300484653,0.8445945945945946,0.40182054616384916,0.2,0.5,0.21456436931079323,0.021739130434782608,0.25,0.11898569570871262,"Luke Keaschall","33321",807712
"Nathan Lukes",2026,"FA,FC,FS,SI,CH,SL,CU,KN,KC,EP",1439,0.7097625329815304,0.895910780669145,0.26268241834607364,0.5929054054054054,0.8888888888888888,0.41139680333564976,0.2955223880597015,0.7575757575757576,0.23280055594162613,0.09774436090225563,0.5384615384615384,0.09242529534398888,"Nathan Lukes","18123",664770
"Dillon Dingler",2026,"FA,FC,FS,SI,CH,SL,CU,KC,EP",1562,0.7150127226463104,0.9359430604982206,0.25032010243277847,0.5135135135135135,0.8245614035087719,0.4263764404609475,0.29914529914529914,0.4666666666666667,0.22407170294494239,0.08552631578947369,0.07692307692307693,0.0973111395646607,"Dillon Dingler","27464",693307
"Zach Neto",2026,"FA,FC,FS,SI,CH,SL,CU,KN,KC",2031,0.7118279569892473,0.9063444108761329,0.22845888724766125,0.5953307392996109,0.7037037037037037,0.379123584441162,0.39880952380952384,0.3781094527363184,0.24766125061546038,0.12027491408934708,0.02857142857142857,0.14278680452978829,"Zach Neto","31347",687263
"Ezequiel Duran",2026,"FA,FC,FO,FS,SI,CH,SL,CU,KC,EP",1619,0.7465437788018433,0.8888888888888888,0.2680667078443484,0.6025236593059937,0.774869109947644,0.390982087708462,0.36338028169014086,0.4496124031007752,0.21865348980852378,0.11224489795918367,0.18181818181818182,0.12106238418777023,"Ezequiel Duran","23733",677649
"Josh Naylor",2026,"FA,FC,FS,SI,CH,SL,CU,KC,EP",1372,0.7689873417721519,0.9382716049382716,0.22959183673469388,0.6393728222996515,0.8501362397820164,0.4176384839650146,0.34411764705882353,0.717948717948718,0.2478134110787172,0.09859154929577464,0.6428571428571429,0.10349854227405247,"Josh Naylor","18839",647304
"Bryson Stott",2026,"FA,FC,FO,FS,SI,CH,SL,CU,KC,EP",1895,0.5799180327868853,0.9187279151943463,0.25646437994722954,0.47831632653061223,0.872,0.4137203166226913,0.265658747300216,0.6422764227642277,0.24379947229551452,0.0875,0.21428571428571427,0.08443271767810026,"Bryson Stott","26294",681082
"Christian Walker",2026,"FA,FC,FO,FS,SI,CH,SL,CU,KC,EP",1889,0.7902542372881356,0.8927613941018767,0.24986765484383272,0.6073298429319371,0.7370689655172413,0.4039174166225516,0.26905829596412556,0.325,0.23610375860243515,0.07246376811594203,0,0.10958178930651138,"Christian Walker","13419",572233
"Miguel Vargas",2026,"FA,FC,FS,SI,CH,SL,CU,KC",1948,0.7740585774058577,0.8810810810810811,0.24383983572895276,0.50661853188929,0.8028503562945368,0.4260780287474333,0.14221218961625282,0.5396825396825397,0.22741273100616016,0.030612244897959183,0,0.10061601642710473,"Miguel Vargas","20178",678246
"Chase Meidroth",2026,"FA,FC,FS,SI,CH,SL,CU,KC,EP",1880,0.5770020533880903,0.8398576512455516,0.25851063829787235,0.46318289786223277,0.8512820512820513,0.44680851063829785,0.24623115577889448,0.6122448979591837,0.21117021276595746,0.0392156862745098,0.16666666666666666,0.08085106382978724,"Chase Meidroth","31580",805367
"Jeff McNeil",2026,"FA,FC,FO,FS,SI,CH,SL,CU,KC,EP",1383,0.8928571428571429,0.96,0.2631959508315257,0.6782608695652174,0.8717948717948718,0.4150397686189443,0.3323076923076923,0.5370370370370371,0.23427331887201736,0.03361344537815126,0.25,0.08604483007953724,"Jeff McNeil","15362",643446
"Elly De La Cruz",2026,"FA,FC,FS,SI,CH,SL,CU,KC,EP",1833,0.6091703056768559,0.8387096774193549,0.24986361156573922,0.4606141522029373,0.744927536231884,0.408619749045281,0.22875816993464052,0.4666666666666667,0.25040916530278234,0.05389221556886228,0,0.09110747408619749,"Elly De La Cruz","26668",682829
"Michael Busch",2026,"FA,FC,FO,FS,SI,CH,SL,CU,KN,KC,EP",2024,0.7128099173553719,0.8869565217391304,0.2391304347826087,0.5167037861915368,0.7198275862068966,0.4431818181818182,0.18018018018018017,0.325,0.21887351778656128,0.020202020202020204,0,0.09782608695652174,"Michael Busch","26319",683737
"Riley Greene",2026,"FA,FC,FS,SI,CH,SL,CU,KC,EP",1652,0.805699481865285,0.8745980707395499,0.23365617433414043,0.5242165242165242,0.7119565217391305,0.42493946731234866,0.22704081632653061,0.3146067415730337,0.23668280871670702,0.03488372093023256,0,0.10411622276029056,"Riley Greene","25976",682985
"Bryce Harper",2026,"FA,FC,FO,FS,SI,CH,SL,CU,KN,KC",1611,0.7762039660056658,0.9087591240875912,0.21787709497206703,0.5984962406015037,0.7236180904522613,0.4127870887647424,0.23425692695214106,0.3333333333333333,0.24643078833022966,0.10714285714285714,0.047619047619047616,0.12166356300434512,"Bryce Harper","11579",547180
"Vladimir Guerrero Jr.",2026,"FA,FC,FS,SI,CH,SL,CU,KC",1564,0.7217847769028871,0.88,0.24232736572890026,0.5856269113149847,0.8407310704960835,0.41815856777493604,0.24858757062146894,0.6022727272727273,0.22634271099744246,0.06857142857142857,0.08333333333333333,0.1118925831202046,"Vladimir Guerrero Jr.","19611",665489
"Drake Baldwin",2026,"FA,FC,FO,FS,SI,CH,SL,CU,KN,KC,EP",1569,0.7726027397260274,0.875886524822695,0.2319949012109624,0.6036585365853658,0.7828282828282829,0.4168260038240918,0.3131578947368421,0.5714285714285714,0.24219247928616955,0.125,0.09523809523809523,0.10707456978967496,"Drake Baldwin","31539",686948
"Jac Caglianone",2026,"FA,FC,FO,FS,SI,CH,SL,CU,KC,EP",1345,0.7955974842767296,0.8853754940711462,0.23643122676579925,0.6634429400386848,0.7521865889212828,0.3836431226765799,0.3393939393939394,0.4375,0.24535315985130113,0.08333333333333333,0.06666666666666667,0.13382899628252787,"Jac Caglianone","35041",695506
"Jackson Merrill",2026,"FA,FC,FS,SI,CH,SL,CU,KC,EP",1836,0.8424821002386634,0.8526912181303116,0.22766884531590414,0.6684491978609626,0.758,0.4074074074074074,0.3389830508474576,0.55,0.2559912854030501,0.07106598984771574,0.07142857142857142,0.10729847494553377,"Jackson Merrill","29490",701538
"Seiya Suzuki",2026,"FA,FC,FO,FS,SI,CH,SL,CU,KN,KC,EP",2016,0.6761363636363636,0.9103641456582633,0.2619047619047619,0.4498186215235792,0.739247311827957,0.4097222222222222,0.18863636363636363,0.3614457831325301,0.21726190476190477,0.04072398190045249,0,0.10962301587301587,"Seiya Suzuki","30116",673548
"Tristan Peters",2026,"FA,FC,FO,FS,SI,CH,SL,CU,KC,EP",1508,0.8227513227513228,0.8778135048231511,0.2493368700265252,0.6090909090909091,0.8009950248756219,0.4376657824933687,0.2893081761006289,0.5869565217391305,0.21087533156498675,0.07236842105263158,0.18181818181818182,0.10079575596816977,"Tristan Peters","30063",671976
"CJ Abrams",2026,"FA,FC,FO,FS,SI,CH,SL,CU,KC,EP",1715,0.7329974811083123,0.8797250859106529,0.2314868804664723,0.5860597439544808,0.7621359223300971,0.4099125364431487,0.33658536585365856,0.4927536231884058,0.23848396501457725,0.08292682926829269,0.058823529411764705,0.119533527696793,"CJ Abrams","25768",682928
"Julio Rodríguez",2026,"FA,FC,FS,SI,CH,SL,CU,KC,EP",1604,0.7010309278350515,0.8897058823529411,0.24189526184538654,0.6061538461538462,0.8071065989847716,0.40523690773067333,0.3911917098445596,0.5298013245033113,0.24064837905236908,0.13333333333333333,0.08333333333333333,0.11034912718204488,"Julio Rodriguez","23697",677594
"Jake McCarthy",2026,"FA,FC,FO,FS,SI,CH,SL,CU,KN,KC,EP",1359,0.8084415584415584,0.9156626506024096,0.22590139808682855,0.6444444444444445,0.8381962864721485,0.4304635761589404,0.3215339233038348,0.5045871559633027,0.24944812362030905,0.06299212598425197,0.125,0.09345106696100074,"Jake McCarthy","21622",664983
"Mauricio Dubón",2026,"FA,FC,FS,SI,CH,SL,CU,KC,EP",1522,0.7513513513513513,0.9100719424460432,0.24178712220762155,0.6055194805194806,0.8739946380697051,0.4040735873850197,0.37398373983739835,0.7101449275362319,0.24244415243101183,0.11377245508982035,0.3684210526315789,0.10840998685939553,"Mauricio Dubon","16530",643289
"Ernie Clement",2026,"FA,FC,FS,SI,CH,SL,CU,KN,KC",1250,0.755700325732899,0.9310344827586207,0.2456,0.625968992248062,0.9040247678018576,0.4128,0.43564356435643564,0.6893939393939394,0.24,0.16129032258064516,0.35,0.0992,"Ernie Clement","20352",676391
"Trea Turner",2026,"FA,FC,FO,FS,SI,CH,SL,CU,KN,KC",1690,0.7404761904761905,0.8745980707395499,0.2485207100591716,0.5862552594670407,0.7129186602870813,0.421301775147929,0.319693094629156,0.424,0.23136094674556212,0.09036144578313253,0.06666666666666667,0.09822485207100591,"Trea Turner","16252",607208
"Isaac Paredes",2026,"FA,FC,FS,SI,CH,SL,CU,KC,EP",2224,0.6856617647058824,0.9249329758713136,0.24370503597122303,0.48891352549889133,0.8594104308390023,0.4051258992805755,0.22407407407407406,0.6942148760330579,0.24190647482014388,0.03361344537815126,0,0.10656474820143885,"Isaac Paredes","20036",670623
"Brooks Lee",2026,"FA,FC,FS,SI,CH,SL,CU,KC,EP",1561,0.7475728155339806,0.9512987012987013,0.2626521460602178,0.6508972267536705,0.8471177944862155,0.3920563741191544,0.329700272479564,0.5206611570247934,0.23510570147341447,0.08284023668639054,0.07142857142857142,0.108263933376041,"Brooks Lee","31595",686797
"Randy Arozarena",2026,"FA,FC,FS,SI,CH,SL,CU,KC,EP",1957,0.6623655913978495,0.8181818181818182,0.23709759836484415,0.5296343001261034,0.7595238095238095,0.4047010730710271,0.2603305785123967,0.6190476190476191,0.2462953500255493,0.10697674418604651,0.17391304347826086,0.10986203372508942,"Randy Arozarena","19290",668227
"Brandon Lowe",2026,"FA,FC,FS,SI,CH,SL,CU,KC,EP",1794,0.8078703703703703,0.8624641833810889,0.2408026755852843,0.5570469798657718,0.6626506024096386,0.415273132664437,0.27790973871733965,0.3504273504273504,0.23355629877369008,0.07142857142857142,0.07142857142857142,0.10869565217391304,"Brandon Lowe","18882",664040
"Jung Hoo Lee",2026,"FA,FC,FO,FS,SI,CH,SL,CU,KN,KC,EP",1512,0.7027027027027027,0.965034965034965,0.26851851851851855,0.5349922239502333,0.9040697674418605,0.4252645502645503,0.23839009287925697,0.6623376623376623,0.21362433862433863,0.02877697841726619,0.75,0.09193121693121693,"Jung Hoo Lee","33824",808982
"Rafael Devers",2026,"FA,FC,FO,FS,SI,CH,SL,CU,KN,KC,EP",1675,0.6811926605504587,0.797979797979798,0.25970149253731345,0.5683890577507599,0.7352941176470589,0.39223880597014926,0.1935483870967742,0.6309523809523809,0.25850746268656716,0.06802721088435375,0.3,0.08776119402985075,"Rafael Devers","17350",646240
"Brandon Marsh",2026,"FA,FC,FO,FS,SI,CH,SL,CU,KN,KC,EP",1608,0.7684964200477327,0.9254658385093167,0.2599502487562189,0.569364161849711,0.8096446700507615,0.43034825870646765,0.29022988505747127,0.48514851485148514,0.21641791044776118,0.087248322147651,0.23076923076923078,0.09266169154228855,"Brandon Marsh","20202",669016
"Steven Kwan",2026,"FA,FC,FO,FS,SI,CH,SL,CU,KC,EP",1746,0.5711382113821138,0.9750889679715302,0.28121420389461627,0.38306451612903225,0.968421052631579,0.4261168384879725,0.13008130081300814,0.7916666666666666,0.21019473081328752,0.05673758865248227,0.25,0.08075601374570447,"Steven Kwan","24610",680757
"Michael Harris II",2026,"FA,FC,FO,FS,SI,CH,SL,CU,KN,KC,EP",1403,0.7401812688821753,0.9387755102040817,0.23521026372059872,0.6678635547576302,0.8387096774193549,0.3970064148253742,0.44776119402985076,0.5333333333333333,0.23806129722024233,0.18888888888888888,0.14705882352941177,0.12829650748396293,"Michael Harris II","25931",671739
"Bobby Witt Jr.",2026,"FA,FC,FO,FS,SI,CH,SL,CU,KN,KC,EP",1681,0.7128953771289538,0.9044368600682594,0.24390243902439024,0.5654676258992806,0.8015267175572519,0.4134443783462225,0.30423280423280424,0.4434782608695652,0.22367638310529447,0.07614213197969544,0.06666666666666667,0.11659726353361094,"Bobby Witt Jr.","25764",677951
"Liam Hicks",2026,"FA,FC,FS,SI,CH,SL,CU,KN,KC,EP",1603,0.6666666666666666,0.9661654135338346,0.24890829694323144,0.4793261868300153,0.9201277955271565,0.4067373674360574,0.206266318537859,0.6582278481012658,0.23830318153462257,0.041666666666666664,0.14285714285714285,0.1041796631316282,"Liam Hicks","29844",689414
"Xavier Edwards",2026,"FA,FC,FO,FS,SI,CH,SL,CU,KN,KC,EP",1748,0.6973094170403588,0.9228295819935691,0.2540045766590389,0.4912043301759134,0.8457300275482094,0.42162471395881007,0.15789473684210525,0.47619047619047616,0.22826086956521738,0.036585365853658534,0,0.09382151029748284,"Xavier Edwards","22266",669364
"Ceddanne Rafaela",2026,"FA,FC,FS,SI,CH,SL,CU,KC,EP",1520,0.725130890052356,0.8880866425992779,0.2513157894736842,0.6750788643533123,0.8060747663551402,0.4164473684210526,0.4144927536231884,0.5874125874125874,0.2256578947368421,0.16352201257861634,0.19230769230769232,0.10460526315789474,"Ceddanne Rafaela","24262",678882
"Carson Benge",2026,"FA,FC,FS,SI,CH,SL,CU,KC,EP",1834,0.7014613778705637,0.8928571428571429,0.2600872410032715,0.5068836045056321,0.8049382716049382,0.4345692475463468,0.24519230769230768,0.5196078431372549,0.2268266085059978,0.03571428571428571,0.2,0.07633587786259542,"Carson Benge","35177",701807
"Jonathan Aranda",2026,"FA,FC,FS,SI,CH,SL,CU,KN,KC,EP",1872,0.7489361702127659,0.8863636363636364,0.25106837606837606,0.5407503234152652,0.8133971291866029,0.41239316239316237,0.25,0.6339285714285714,0.2387820512820513,0.09944751381215469,0.3888888888888889,0.09668803418803419,"Jonathan Aranda","21837",666018
"Chandler Simpson",2026,"FA,FC,FS,SI,CH,SL,CU,KC,EP",1301,0.7123287671232876,0.9346153846153846,0.28055342044581094,0.48633879781420764,0.947565543071161,0.42198308993082245,0.24087591240875914,0.8181818181818182,0.21060722521137587,0.05309734513274336,0.16666666666666666,0.08685626441199078,"Chandler Simpson","31912",802415
"Brice Turang",2026,"FA,FC,FS,SI,CH,SL,CU,KN,KC,EP",1996,0.6536203522504892,0.8862275449101796,0.2560120240480962,0.5116279069767442,0.8045454545454546,0.42935871743486975,0.19290465631929046,0.4942528735632184,0.22595190380761523,0.022988505747126436,0,0.0871743486973948,"Brice Turang","22186",668930
"Freddie Freeman",2026,"FA,FC,FS,SI,CH,SL,CU,KC",1819,0.7798165137614679,0.8764705882352941,0.23914238592633316,0.5857142857142857,0.8070953436807096,0.422759758108851,0.22818791946308725,0.5784313725490197,0.245739417262232,0.04216867469879518,0,0.09125893347993402,"Freddie Freeman","5361",518692
"Nick Gonzales",2026,"FA,FC,FS,SI,CH,SL,CU,KN,KC,EP",1479,0.7822784810126582,0.8964401294498382,0.26639621365787697,0.601957585644372,0.8075880758807588,0.41446923597025015,0.24411764705882352,0.43373493975903615,0.22988505747126436,0.05343511450381679,0.14285714285714285,0.08857336037863421,"Nick Gonzales","27490",693304