Name,Season,Pitch,Pitches,LD%,GB%,FB%,IFFB%,HR/FB,Strikes,Balls,Pitches,xMov,zMov,Mov,NameASCII,PlayerId,MLBAMID
"Brayan Rocchio",2026,"FA,FC,FS,SI,CH,SL,CU,KC",726,0.24161073825503357,0.4161073825503356,0.3422818791946309,0.17647058823529413,0.09803921568627451,496,230,726,3.657314346969697,3.7568805977410484,8.548924928374655,"Brayan Rocchio","23690",677587
"Alec Burleson",2026,"FA,FC,FS,SI,CH,SL,CU,KC",708,0.20253164556962025,0.5063291139240507,0.2911392405063291,0.17391304347826086,0.06521739130434782,485,223,708,2.104365895480226,3.5220454076977403,8.058493152542376,"Alec Burleson","27615",676475
"Jakob Marsee",2026,"FA,FC,FS,SI,CH,SL,CU",575,0.26666666666666666,0.48,0.25333333333333335,0.3684210526315789,0.05263157894736842,349,226,575,3.1107075549565213,4.359375816765221,8.942494386086956,"Jakob Marsee","31370",805300
"Liam Hicks",2026,"FA,FC,FS,SI,CH,SL,CU,KC",410,0.19540229885057472,0.5057471264367817,0.2988505747126437,0.3076923076923077,0.038461538461538464,264,146,410,3.1101160522439035,3.8888365817073183,8.88584550487805,"Liam Hicks","29844",689414
"Freddie Freeman",2026,"FA,FC,FS,SI,CH,SL,CU,KC",887,0.24836601307189543,0.49019607843137253,0.26143790849673204,0.025,0.125,563,324,887,2.4533535183765505,3.7200172129650513,7.727461966178131,"Freddie Freeman","5361",518692
"Cooper Pratt",2026,"FA,FC,FS,SI,CH,SL,CU",265,0.2,0.4888888888888889,0.3111111111111111,0.07142857142857142,0.07142857142857142,177,88,265,3.9859171415094337,4.171246809811321,8.628404905660378,"Cooper Pratt","33530",806198
"Gary Sánchez",2026,"FA,FC,FS,SI,CH,SL,CU,KC",507,0.22784810126582278,0.45569620253164556,0.31645569620253167,0.32,0.2,297,210,507,3.1945007103155825,3.346653780374753,8.165307621301775,"Gary Sanchez","11442",596142
"Blaze Jordan",2026,"FA,FC,SI,CH,SL,CU",265,0.3442622950819672,0.3770491803278688,0.2786885245901639,0.23529411764705882,0.11764705882352941,178,87,265,3.2193999573584904,3.5842080037509425,8.529775092075472,"Blaze Jordan","28199",691458
"Josh Bell",2026,"FA,FC,FS,SI,CH,SL,CU,KC",814,0.23076923076923078,0.3782051282051282,0.391025641025641,0.22950819672131148,0.09836065573770492,510,304,814,3.814438391805896,3.787056704914005,8.695106450859951,"Josh Bell","13145",605137
"Byron Buxton",2026,"FA,FC,FS,SI,CH,SL,CU,KC",433,0.27631578947368424,0.3684210526315789,0.35526315789473684,0.2222222222222222,0.14814814814814814,280,153,433,3.5624189795150114,4.0047851434180135,8.642672085450345,"Byron Buxton","14161",621439
"Aaron Judge",2026,"FA,FC,FS,SI,CH,SL,CU,KC",350,0.1951219512195122,0.43902439024390244,0.36585365853658536,0.13333333333333333,0.4,200,150,350,4.069759409142858,4.272660184857142,8.749906631428573,"Aaron Judge","15640",592450
"Ben Rice",2026,"FA,FC,FS,SI,CH,SL,CU,KC",848,0.2391304347826087,0.43478260869565216,0.32608695652173914,0.2,0.24444444444444444,543,305,848,2.105093587971699,3.124412139057783,8.126586456367924,"Ben Rice","29576",700250
"Carson Kelly",2026,"FA,FC,FS,SI,CH,SL,CU,KC",553,0.19791666666666666,0.4479166666666667,0.3541666666666667,0.11764705882352941,0.17647058823529413,350,203,553,3.9039092379023517,4.061112461627488,8.852955238336346,"Carson Kelly","13620",608348
"Heriberto Hernández",2026,"FA,FC,FS,SI,CH,SL,CU,KC",650,0.1834862385321101,0.4036697247706422,0.41284403669724773,0.17777777777777778,0.2222222222222222,388,262,650,3.0598703834923073,3.949909864153846,8.898918581538462,"Heriberto Hernandez","24878",681715
"Max Muncy",2026,"FA,FC,FS,SI,CH,SL,CU,KC",527,0.20987654320987653,0.3950617283950617,0.3950617283950617,0.28125,0.21875,338,189,527,2.7250047655605316,3.682246770398481,8.004528815939278,"Max Muncy","13301",571970
"Tyrone Taylor",2026,"FA,FC,FS,SI,CH,SL,CU",453,0.22093023255813954,0.313953488372093,0.46511627906976744,0.175,0.15,319,134,453,3.053434686313467,3.485433428476822,8.256745134657837,"Tyrone Taylor","13675",621438
"Brandon Marsh",2026,"FA,FC,FS,SI,CH,SL,CU,KC",474,0.22972972972972974,0.4864864864864865,0.28378378378378377,0.19047619047619047,0.14285714285714285,331,143,474,1.364285270464135,3.598440081474684,8.339529264767933,"Brandon Marsh","20202",669016
"Dominic Canzone",2026,"FA,FC,FS,SI,CH,SL,CU",573,0.19101123595505617,0.5168539325842697,0.29213483146067415,0.15384615384615385,0.19230769230769232,348,225,573,2.1625743821989536,3.8984014159336824,7.995124457242585,"Dominic Canzone","26438",686527
"Yandy Díaz",2026,"FA,FC,FS,SI,CH,SL,CU,KC",742,0.20512820512820512,0.4551282051282051,0.33974358974358976,0.18867924528301888,0.1509433962264151,488,254,742,4.350654654447439,5.044872091374662,9.418260076819406,"Yandy Diaz","16578",650490
"Starling Marte",2026,"FA,FC,FS,SI,CH,SL,CU,KC",477,0.2,0.5647058823529412,0.23529411764705882,0.25,0.05,330,147,477,3.6191881180712793,4.047587502515724,8.910511146750522,"Starling Marte","9241",516782
"Ryan Jeffers",2026,"FA,FC,FS,SI,CH,SL,CU",575,0.24175824175824176,0.37362637362637363,0.38461538461538464,0.34285714285714286,0.08571428571428572,342,233,575,3.2373894897391313,4.227093413043479,8.584903507826088,"Ryan Jeffers","24618",680777
"Royce Lewis",2026,"FA,FC,FS,SI,CH,SL,CU,KC",544,0.27835051546391754,0.28865979381443296,0.4329896907216495,0.2619047619047619,0.09523809523809523,355,189,544,3.758101949816176,3.7892260034926464,8.554277113970588,"Royce Lewis","20437",668904
"Jonathan Aranda",2026,"FA,FC,SI,CH,SL,CU,KC",763,0.2743362831858407,0.415929203539823,0.30973451327433627,0.11428571428571428,0.08571428571428572,481,282,763,3.6475014516644824,5.348547495766712,9.133501926605506,"Jonathan Aranda","21837",666018
"Brett Baty",2026,"FA,FC,FS,SI,CH,SL,CU,KC",368,0.26,0.52,0.22,0.09090909090909091,0,223,145,368,1.9370496424413044,3.995317770108696,8.193883929347827,"Brett Baty","26123",683146
"Randy Arozarena",2026,"FA,FC,FS,SI,CH,SL,CU,KC",760,0.2230769230769231,0.4461538461538462,0.33076923076923076,0.18604651162790697,0.23255813953488372,502,258,760,3.0322207165394737,4.256368892302633,8.5972323,"Randy Arozarena","19290",668227
"Bryan Reynolds",2026,"FA,FC,FS,SI,CH,SL,CU,KC",913,0.22580645161290322,0.47096774193548385,0.3032258064516129,0.06382978723404255,0.14893617021276595,573,340,913,3.4229534656516973,3.101742443866375,8.328531371303395,"Bryan Reynolds","19326",668804
"Sal Frelick",2026,"FA,FC,SI,CH,SL,CU",354,0.26666666666666666,0.48,0.25333333333333335,0.3157894736842105,0.05263157894736842,219,135,354,2.9712706225988694,4.39180802118644,8.795008268361583,"Sal Frelick","29622",686217
"Rafael Devers",2026,"FA,FC,FS,SI,CH,SL,CU,KC",915,0.16428571428571428,0.45,0.38571428571428573,0.12962962962962962,0.14814814814814814,606,309,915,3.130331989289619,4.426069502295083,8.677322793442624,"Rafael Devers","17350",646240
"Cole Young",2026,"FA,FC,FS,SI,CH,SL,CU,KC",813,0.17647058823529413,0.48366013071895425,0.33986928104575165,0.15384615384615385,0.057692307692307696,538,275,813,2.67311176100861,4.5842814146002455,8.4789825104551,"Cole Young","31680",702284
"Jose Fernandez",2026,"FA,FC,FS,SI,CH,SL,CU,KC",297,0.3333333333333333,0.4222222222222222,0.24444444444444444,0.6363636363636364,0,194,103,297,4.408060798013467,3.898498461279461,8.625628020202022,"Jose Fernandez","28020",699912
"Jonah Cox",2026,"FA,FC,FS,SI,CH,SL,CU,KC",343,0.22727272727272727,0.4318181818181818,0.3409090909090909,0.06666666666666667,0.2,234,109,343,3.7159507871720123,5.140374268513118,9.212383239067055,"Jonah Cox","33270",813841
"Chandler Simpson",2026,"FA,FC,FS,SI,CH,SL,CU,KC",641,0.17045454545454544,0.6477272727272727,0.18181818181818182,0.1875,0,452,189,641,3.587422241950079,4.464916724060841,9.21563534789391,"Chandler Simpson","31912",802415
"Ben Malgeri",2026,"FA,FC,FS,SI,CH,SL,CU,KC",321,0.27450980392156865,0.43137254901960786,0.29411764705882354,0.2,0.06666666666666667,190,131,321,3.8081959437196264,4.36178843894081,8.407597476635514,"Ben Malgeri","29577",701162
"Zach Neto",2026,"FA,FC,FS,SI,CH,SL,CU,KC,EP",740,0.27419354838709675,0.2903225806451613,0.43548387096774194,0.2037037037037037,0.14814814814814814,474,266,740,3.2065360175675672,3.6412702820270275,8.509594054054052,"Zach Neto","31347",687263
"Ozzie Albies",2026,"FA,FC,FS,SI,CH,SL,CU,KC",834,0.2556053811659193,0.36771300448430494,0.37668161434977576,0.2261904761904762,0.09523809523809523,577,257,834,3.228252006354914,3.2360169528776983,8.360965157074341,"Ozzie Albies","16556",645277
"Salvador Perez",2026,"FA,FC,FS,SI,CH,SL,CU,KC",628,0.28125,0.3203125,0.3984375,0.058823529411764705,0.0784313725490196,440,188,628,3.2241835595541395,3.8060831939490454,8.519386729299361,"Salvador Perez","7304",521692
"Miguel Vargas",2026,"FA,FC,FS,SI,CH,SL,CU,KC",821,0.2647058823529412,0.2867647058823529,0.4485294117647059,0.2459016393442623,0.19672131147540983,492,329,821,3.368972206577344,3.7560532232643116,8.60431673325213,"Miguel Vargas","20178",678246
"Chase Meidroth",2026,"FA,FC,FS,SI,CH,SL,CU,KC",762,0.29365079365079366,0.4603174603174603,0.24603174603174602,0.0967741935483871,0.22580645161290322,487,275,762,3.8389319431758544,4.224814951141733,8.7121428175853,"Chase Meidroth","31580",805367
"Luisangel Acuña",2026,"FA,FC,FS,SI,CH,SL,CU,KC",376,0.20930232558139536,0.5465116279069767,0.2441860465116279,0.23809523809523808,0.047619047619047616,245,131,376,4.498923764069148,4.054997841223404,8.757346805851062,"Luisangel Acuna","26548",682668
"Isiah Kiner-Falefa",2026,"FA,FC,SI,CH,SL,CU",228,0.3055555555555556,0.3888888888888889,0.3055555555555556,0.5454545454545454,0.09090909090909091,150,78,228,3.517009678552631,4.593628337719298,9.187839956140353,"Isiah Kiner-Falefa","16512",643396
"Vaughn Grissom",2026,"FA,FC,SI,CH,SL,CU,KC,EP",707,0.28346456692913385,0.44881889763779526,0.2677165354330709,0.11764705882352941,0.08823529411764706,456,251,707,3.6473935503536077,4.2328774319660525,8.904091123055162,"Vaughn Grissom","26031",687093
"Logan O'Hoppe",2026,"FA,FC,SI,CH,SL,CU,KC",310,0.2698412698412698,0.36507936507936506,0.36507936507936506,0.13043478260869565,0,201,109,310,3.8462324312903227,4.511086188709677,8.877084009677422,"Logan O'Hoppe","24729",681351
"Michael Massey",2026,"FA,FC,FS,SI,CH,SL,CU",361,0.2777777777777778,0.4583333333333333,0.2638888888888889,0.3157894736842105,0.15789473684210525,253,108,361,2.845444156786703,4.665209827700832,8.669001130193907,"Michael Massey","27684",686681
"Rob Refsnyder",2026,"FA,FC,FS,SI,CH,SL,CU,KC",445,0.11940298507462686,0.43283582089552236,0.44776119402985076,0.3333333333333333,0.13333333333333333,280,165,445,2.970100354606742,4.143594451595504,8.732531595505618,"Rob Refsnyder","13770",608701
"Braden Montgomery",2026,"FA,FC,FS,SI,CH,SL,CU,KC",383,0.16393442622950818,0.5245901639344263,0.3114754098360656,0.21052631578947367,0.05263157894736842,248,135,383,3.1618214049608357,3.699505283759792,8.613106971279372,"Braden Montgomery","35423",695731
"Luis Torrens",2026,"FA,FC,FS,SI,CH,SL,CU,KC",304,0.18032786885245902,0.5409836065573771,0.2786885245901639,0.058823529411764705,0.23529411764705882,202,102,304,4.348579484733555,3.5821146934210533,9.060058023026318,"Luis Torrens","15905",620443
"Carson Benge",2026,"FA,FC,FS,SI,CH,SL,CU,KC",803,0.2833333333333333,0.4,0.31666666666666665,0.10526315789473684,0.15789473684210525,502,301,803,3.2906510357036116,3.691764551755916,8.595517728518058,"Carson Benge","35177",701807
"Myles Straw",2026,"FA,FC,FS,SI,CH,SL,CU,KC",701,0.21875,0.359375,0.421875,0.14814814814814814,0.037037037037037035,429,272,701,3.3065284647075615,4.7067912523537805,8.789400088445083,"Myles Straw","17620",664702
"Ronald Acuña Jr.",2026,"FA,FC,FS,SI,CH,SL,CU",642,0.23595505617977527,0.39325842696629215,0.3707865168539326,0.15151515151515152,0.15151515151515152,379,263,642,3.136088102320872,4.456988069104363,8.092241599688473,"Ronald Acuna Jr.","18401",660670
"Samuel Basallo",2026,"FA,FC,SI,CH,SL,CU,KC",342,0.21428571428571427,0.5178571428571429,0.26785714285714285,0.26666666666666666,0.13333333333333333,237,105,342,1.5365706669590642,3.4528823061403515,8.132107716374271,"Samuel Basallo","28824",694212
"Teoscar Hernández",2026,"FA,FC,FS,SI,CH,SL,CU,KC",600,0.21875,0.4166666666666667,0.3645833333333333,0.08571428571428572,0.2,368,232,600,4.203495356883332,3.8129931619000006,8.610328245,"Teoscar Hernandez","13066",606192
"Jo Adell",2026,"FA,FC,FS,SI,CH,SL,CU,KC",725,0.20930232558139536,0.3798449612403101,0.4108527131782946,0.18867924528301888,0.24528301886792453,493,232,725,3.803759106900691,4.369816341517241,8.853024230344829,"Jo Adell","20220",666176
"JJ Wetherholt",2026,"FA,FC,FS,SI,CH,SL,CU,KC",835,0.22929936305732485,0.4012738853503185,0.36942675159235666,0.1206896551724138,0.10344827586206896,519,316,835,3.166088506574849,3.62077216733892,8.492689843113773,"JJ Wetherholt","34985",802139
"Austin Hays",2026,"FA,FC,FS,SI,CH,SL,CU,KC",184,0.40540540540540543,0.43243243243243246,0.16216216216216217,0.16666666666666666,0.3333333333333333,123,61,184,3.288484064673913,2.1250604364130434,8.22967044021739,"Austin Hays","19363",669720
"Lars Nootbaar",2026,"FA,FC,FS,SI,CH,SL,CU",222,0.10344827586206896,0.5172413793103449,0.3793103448275862,0.09090909090909091,0.09090909090909091,125,97,222,2.218062421621622,4.190040586036036,8.498533783783785,"Lars Nootbaar","21454",663457
"Eli White",2026,"FA,FC,FS,SI,CH,SL,CU,KC",494,0.23943661971830985,0.4647887323943662,0.29577464788732394,0.09523809523809523,0.19047619047619047,321,173,494,3.1838820168016193,4.0366784771255055,8.367371829959515,"Eli White","19346",642201
"Matt Chapman",2026,"FA,FC,FS,SI,CH,SL,CU",391,0.3220338983050847,0.3220338983050847,0.3559322033898305,0.38095238095238093,0.09523809523809523,234,157,391,3.5264011966751903,3.7286474111253205,8.82104558567775,"Matt Chapman","16505",656305
"Anthony Volpe",2026,"FA,FC,FS,SI,CH,SL,CU",387,0.2777777777777778,0.4166666666666667,0.3055555555555556,0.13636363636363635,0.045454545454545456,239,148,387,3.3147121396873374,4.394920936434108,8.930968912144701,"Anthony Volpe","27647",683011
"Keibert Ruiz",2026,"FA,FC,FS,SI,CH,SL,CU,KC",334,0.19230769230769232,0.5384615384615384,0.2692307692307692,0.2857142857142857,0.14285714285714285,225,109,334,3.0966759916167654,3.2605641568862276,8.222649367365271,"Keibert Ruiz","19610",660688
"Bryce Harper",2026,"FA,FC,FS,SI,CH,SL,CU,KC",1088,0.22012578616352202,0.4528301886792453,0.3270440251572327,0.15384615384615385,0.07692307692307693,677,411,1088,1.6972966458731622,2.967417799669118,8.042030251930143,"Bryce Harper","11579",547180
"Angel Martínez",2026,"FA,FC,FS,SI,CH,SL,CU,KC",505,0.28448275862068967,0.3879310344827586,0.3275862068965517,0.2631578947368421,0.18421052631578946,364,141,505,4.432043490891089,4.145872413980198,8.995664605940595,"Angel Martinez","26540",682657
"Ceddanne Rafaela",2026,"FA,FC,FS,SI,CH,SL,CU,KC",573,0.24271844660194175,0.39805825242718446,0.3592233009708738,0.13513513513513514,0.13513513513513514,407,166,573,3.70053413052356,3.6917964842931945,8.920186347294937,"Ceddanne Rafaela","24262",678882
"Victor Caratini",2026,"FA,FC,FS,SI,CH,SL,CU,KC",470,0.29411764705882354,0.38235294117647056,0.3235294117647059,0.18181818181818182,0.09090909090909091,313,157,470,3.195870307042552,4.094939244680851,8.682189455319147,"Victor Caratini","14968",605170
"Paul Goldschmidt",2026,"FA,FC,FS,SI,CH,SL,CU,KC",755,0.208,0.44,0.352,0.18181818181818182,0.25,477,278,755,3.046259227629139,3.7649121650331123,8.565606132450329,"Paul Goldschmidt","9218",502671
"Wilyer Abreu",2026,"FA,FC,FS,SI,CH,SL,CU,KC",895,0.22727272727272727,0.37662337662337664,0.3961038961038961,0.26229508196721313,0.09836065573770492,556,339,895,2.845883563351956,4.444979051843576,8.459353776536313,"Wilyer Abreu","23772",677800
"Coby Mayo",2026,"FA,FC,FS,SI,CH,SL,CU,KC",668,0.20952380952380953,0.3142857142857143,0.47619047619047616,0.12,0.32,418,250,668,3.328814425299401,3.184133735928143,8.653315923652691,"Coby Mayo","28312",691723
"Josh Naylor",2026,"FA,FC,FS,SI,CH,SL,CU,KC",756,0.25142857142857145,0.4514285714285714,0.29714285714285715,0.3076923076923077,0.057692307692307696,492,264,756,2.3498669906084655,3.751576473941801,8.134803695767197,"Josh Naylor","18839",647304
"Blaze Alexander",2026,"FA,FC,FS,SI,CH,SL,CU,KC",408,0.2676056338028169,0.43661971830985913,0.29577464788732394,0.09523809523809523,0.047619047619047616,269,139,408,3.7732005392156864,4.696694587499999,8.838998985294117,"Blaze Alexander","23789",677942
"Nick Fortes",2026,"FA,FC,FS,SI,CH,SL,CU",578,0.2,0.488,0.312,0.41025641025641024,0.05128205128205128,387,191,578,4.327598937889273,3.9558148560034603,9.222099423875433,"Nick Fortes","21538",663743
"Christian Encarnacion-Strand",2026,"FA,FC,FS,SI,CH,SL,CU",283,0.17777777777777778,0.28888888888888886,0.5333333333333333,0.16666666666666666,0.2916666666666667,203,80,283,3.5127801356890456,4.0392763966431104,8.668848434628975,"Christian Encarnacion-Strand","30011",687952
"Luis Rengifo",2026,"FA,FC,FS,SI,CH,SL,CU,KC",486,0.30851063829787234,0.425531914893617,0.26595744680851063,0.16,0.04,320,166,486,2.427891355349794,4.082704124753087,7.9643288786008215,"Luis Rengifo","19858",650859
"Luis Lara",2026,"FA,FC,FS,SI,CH,SL,CU,KC",272,0.21428571428571427,0.6071428571428571,0.17857142857142858,0.5,0,177,95,272,3.6140941084558826,4.070105512132352,8.562827466911767,"Luis Lara","30675",800325
"JJ Bleday",2026,"FA,FC,FS,SI,CH,SL,CU",600,0.25252525252525254,0.32323232323232326,0.42424242424242425,0.30952380952380953,0.14285714285714285,376,224,600,2.025434260950001,3.859516893333333,7.920313805000001,"JJ Bleday","26368",668709
"Iván Herrera",2026,"FA,FC,FS,SI,CH,SL,CU,KC",939,0.2765957446808511,0.36879432624113473,0.3546099290780142,0.3,0.14,558,381,939,3.297294008966987,3.4363514353567637,8.44780096485623,"Ivan Herrera","20599",671056
"José Fermín",2026,"FA,FC,FS,SI,CH,SL,CU,KC",706,0.265625,0.3359375,0.3984375,0.3333333333333333,0.0784313725490196,445,261,706,3.150777891487252,3.7600415003541054,8.25839878895184,"Jose Fermin","21746",665877
"Pete Alonso",2026,"FA,FC,FS,SI,CH,SL,CU,KC",849,0.2391304347826087,0.391304347826087,0.3695652173913043,0.09803921568627451,0.17647058823529413,537,312,849,3.5230382810153116,4.18936516419317,8.85369062426384,"Pete Alonso","19251",624413
"Ernie Clement",2026,"FA,FC,FS,SI,CH,SL,CU,KC",647,0.23391812865497075,0.34502923976608185,0.42105263157894735,0.2638888888888889,0.05555555555555555,460,187,647,4.281440189258116,4.366082576970633,9.179151684698606,"Ernie Clement","20352",676391
"Troy Johnston",2026,"FA,FC,SI,CH,SL,CU,KC,EP",388,0.25,0.39285714285714285,0.35714285714285715,0.16666666666666666,0.06666666666666667,265,123,388,2.1472312494072163,3.736291343814433,7.237489811855671,"Troy Johnston","26143",687859
"Tommy Edman",2026,"FA,FC,FS,SI,CH,SL,CU,KC",393,0.20634920634920634,0.49206349206349204,0.30158730158730157,0.10526315789473684,0.21052631578947367,236,157,393,3.184715829262086,3.274541592493639,8.398014638676845,"Tommy Edman","19470",669242
"Rhys Hoskins",2026,"FA,FC,FS,SI,CH,SL,CU,KC",564,0.20634920634920634,0.20634920634920634,0.5873015873015873,0.35135135135135137,0.16216216216216217,340,224,564,3.1630175129432634,3.807405873758866,8.671543078014189,"Rhys Hoskins","16472",656555
"Miguel Amaya",2026,"FA,FC,FS,SI,CH,SL,CU,KC",270,0.2653061224489796,0.32653061224489793,0.40816326530612246,0.15,0.05,163,107,270,4.2980327651851855,3.543755939703704,8.6520015,"Miguel Amaya","21693",665804
"Bo Bichette",2026,"FA,FC,FS,SI,CH,SL,CU,KC",769,0.3333333333333333,0.3958333333333333,0.2708333333333333,0.07692307692307693,0.20512820512820512,509,260,769,4.253157725448636,4.055529545292587,9.054431940182052,"Bo Bichette","19612",666182
"Kyle Schwarber",2026,"FA,FC,FS,SI,CH,SL,CU,KC",1113,0.30344827586206896,0.3310344827586207,0.36551724137931035,0.20754716981132076,0.2830188679245283,653,460,1113,2.1221792714375565,3.153465715965858,8.036238094339621,"Kyle Schwarber","16478",656941
"Spencer Horwitz",2026,"FA,FC,FS,SI,CH,SL,CU,KC",359,0.2,0.4666666666666667,0.3333333333333333,0.3,0.05,220,139,359,2.8764980919220053,4.2557533217270205,8.426465222841223,"Spencer Horwitz","26477",687462
"Taylor Ward",2026,"FA,FC,FS,SI,CH,SL,CU,KC",797,0.29914529914529914,0.3333333333333333,0.36752136752136755,0.20930232558139536,0.09302325581395349,465,332,797,3.973033230112923,4.3561423111668764,8.623263938519447,"Taylor Ward","17548",621493
"Junior Caminero",2026,"FA,FC,FS,SI,CH,SL,CU,KC",757,0.24031007751937986,0.46511627906976744,0.29457364341085274,0.2894736842105263,0.21052631578947367,440,317,757,4.3078314700396305,3.7814915776750313,9.110660142668426,"Junior Caminero","28163",691406
"Alec Bohm",2026,"FA,FC,FS,SI,CH,SL,CU,KC",666,0.24675324675324675,0.38961038961038963,0.36363636363636365,0.19642857142857142,0.125,424,242,666,3.4009171743243245,3.9886950015015015,8.54833900750751,"Alec Bohm","21618",664761
"Christian Yelich",2026,"FA,FC,FS,SI,CH,SL,CU",549,0.21686746987951808,0.5662650602409639,0.21686746987951808,0.16666666666666666,0.1111111111111111,349,200,549,3.4598886251366134,4.4934469120054645,8.580701444444445,"Christian Yelich","11477",592885
"Brice Turang",2026,"FA,FC,FS,SI,CH,SL,CU,KC",868,0.23577235772357724,0.5772357723577236,0.18699186991869918,0.08695652173913043,0.13043478260869565,537,331,868,3.0544264561117522,4.284402409331796,8.110130739631337,"Brice Turang","22186",668930
"Christian Koss",2026,"FA,FC,FS,SI,CH,SL,CU,KC",243,0.08888888888888889,0.5111111111111111,0.4,0.3333333333333333,0.2222222222222222,166,77,243,3.960462282716049,4.892330497942386,9.179017041152262,"Christian Koss","27653",683766
"Trea Turner",2026,"FA,FC,FS,SI,CH,SL,CU,KC",923,0.21428571428571427,0.44642857142857145,0.3392857142857143,0.3333333333333333,0.05263157894736842,572,351,923,3.2733623388407365,3.8766885945720477,8.521900738894908,"Trea Turner","16252",607208
"Marcell Ozuna",2026,"FA,FC,FS,SI,CH,SL,CU,KC",463,0.25,0.34375,0.40625,0.2692307692307692,0.15384615384615385,279,184,463,4.375650496544275,4.21568320237581,8.768635133909289,"Marcell Ozuna","10324",542303
"Brenton Doyle",2026,"FA,FC,FS,SI,CH,SL,CU,KC",349,0.1896551724137931,0.5,0.3103448275862069,0.16666666666666666,0.2222222222222222,230,119,349,3.5177332361031515,4.141470240974212,8.208696455587393,"Brenton Doyle","25479",686668
"Elly De La Cruz",2026,"FA,FC,FS,SI,CH,SL,CU,KC",768,0.25217391304347825,0.4956521739130435,0.25217391304347825,0.06896551724137931,0.3448275862068966,461,307,768,2.5382867519531236,2.660893658072917,8.575582483072916,"Elly De La Cruz","26668",682829
"Colson Montgomery",2026,"FA,FC,FS,SI,CH,SL,CU,KC",690,0.21551724137931033,0.3793103448275862,0.4051724137931034,0.2765957446808511,0.2127659574468085,451,239,690,2.9809599523623196,3.4904903114159422,8.207867940579707,"Colson Montgomery","29712",695657
"Julio Rodríguez",2026,"FA,FC,FS,SI,CH,SL,CU,KC",808,0.2366412213740458,0.37404580152671757,0.3893129770992366,0.09803921568627451,0.1568627450980392,525,283,808,3.2862116913118804,4.673602313539602,8.864690387376237,"Julio Rodriguez","23697",677594
"Gavin Sheets",2026,"FA,FC,SI,CH,SL,CU",297,0.17777777777777778,0.6222222222222222,0.2,0.3333333333333333,0,195,102,297,1.6191006396969696,3.382350681818182,8.194867427609426,"Gavin Sheets","19901",657757
"Spencer Steer",2026,"FA,FC,FS,SI,CH,SL,CU,KC",376,0.19696969696969696,0.45454545454545453,0.3484848484848485,0.13043478260869565,0.21739130434782608,234,142,376,4.232544260904255,3.7869863928191476,8.844572162234043,"Spencer Steer","26323",668715
"Riley Greene",2026,"FA,FC,SI,CH,SL,CU,KC",789,0.29245283018867924,0.3584905660377358,0.3490566037735849,0.1891891891891892,0.16216216216216217,481,308,789,3.1102915893536127,4.783679788035488,8.61918889480355,"Riley Greene","25976",682985
"Kevin McGonigle",2026,"FA,FC,FS,SI,CH,SL,CU,KC",801,0.21830985915492956,0.3732394366197183,0.4084507042253521,0.1724137931034483,0.05172413793103448,482,319,801,2.442697789762797,4.305507876779028,8.094094303370786,"Kevin McGonigle","33572",805808
"Henry Davis",2026,"FA,FC,FS,SI,CH,SL,CU",346,0.15873015873015872,0.2857142857142857,0.5555555555555556,0.4,0.08571428571428572,235,111,346,4.012909765895953,3.6878311416763,8.870010187861272,"Henry Davis","29617",680779
"Jorge Mateo",2026,"FA,FC,FS,SI,CH,SL,CU,KC",307,0.25862068965517243,0.27586206896551724,0.46551724137931033,0.18518518518518517,0.07407407407407407,221,86,307,4.731468500325732,3.4492008200423454,8.955692338762216,"Jorge Mateo","17273",622761
"Matt Olson",2026,"FA,FC,FS,SI,CH,SL,CU,KC",1144,0.17204301075268819,0.3978494623655914,0.43010752688172044,0.1375,0.2,728,416,1144,2.2591010030236016,3.9456131153986007,7.983801125874125,"Matt Olson","14344",621566
"Jeff McNeil",2026,"FA,FC,FS,SI,CH,SL,CU",393,0.25287356321839083,0.45977011494252873,0.28735632183908044,0.28,0,258,135,393,3.3693109473282443,5.043252962595418,8.67229972519084,"Jeff McNeil","15362",643446
"James Wood",2026,"FA,FC,FS,SI,CH,SL,CU,KC",859,0.19834710743801653,0.5785123966942148,0.2231404958677686,0.18518518518518517,0.3333333333333333,531,328,859,2.4525035158323636,3.487918331199068,8.165175178114087,"James Wood","29518",695578
"Randal Grichuk",2026,"FA,FC,FS,SI,CH,SL,CU,KC",653,0.296,0.272,0.432,0.2037037037037037,0.18518518518518517,435,218,653,3.3817483024502293,4.447348641209799,8.676650761102607,"Randal Grichuk","10243",545341
"Max Clark",2026,"FA,FC,SI,CH,SL,CU,KC",237,0.2978723404255319,0.48936170212765956,0.2127659574468085,0.1,0.1,152,85,237,3.9733050678481012,5.002370512236287,8.649621088607596,"Max Clark","33381",703601
"Pete Crow-Armstrong",2026,"FA,FC,FS,SI,CH,SL,CU,KC",944,0.21481481481481482,0.4074074074074074,0.37777777777777777,0.29411764705882354,0.21568627450980393,591,353,944,2.4353056496822054,3.91158001145127,8.141314282838984,"Pete Crow-Armstrong","27769",691718
"Alex Call",2026,"FA,FC,FS,SI,CH,SL,CU",334,0.2553191489361702,0.40425531914893614,0.3404255319148936,0.375,0.0625,211,123,334,3.4296910233532945,4.535037178742515,8.43235046407186,"Alex Call","19296",669743
"Luis García Jr.",2026,"FA,FC,FS,SI,CH,SL,CU,KC",306,0.13846153846153847,0.5538461538461539,0.3076923076923077,0.35,0.15,210,96,306,2.282618839542484,3.0045656960784317,7.420848480392157,"Luis Garcia Jr.","20391",671277
"Heliot Ramos",2026,"FA,FC,FS,SI,CH,SL,CU,KC",462,0.3835616438356164,0.3424657534246575,0.273972602739726,0.05,0.2,289,173,462,4.337827277922076,4.090897207982683,9.05306410822511,"Heliot Ramos","22515",671218
"Austin Wells",2026,"FA,FC,SI,CH,SL,CU,KC",398,0.14516129032258066,0.3387096774193548,0.5161290322580645,0.375,0.09375,261,137,398,2.4542793336683415,4.105064710251257,8.20161409798995,"Austin Wells","27562",669224
"Drake Baldwin",2026,"FA,FC,FS,SI,CH,SL,CU,KC",800,0.22727272727272727,0.5454545454545454,0.22727272727272727,0.2,0.2,525,275,800,2.955484524925,3.736827619947499,8.100617263750001,"Drake Baldwin","31539",686948
"Otto Lopez",2026,"FA,FC,FS,SI,CH,SL,CU,KC",645,0.20422535211267606,0.5140845070422535,0.28169014084507044,0.1,0.075,431,214,645,3.837227544031008,3.99870245751938,9.051335934883722,"Otto Lopez","19608",672640
"Nick Gonzales",2026,"FA,FC,FS,SI,CH,SL,CU,KC",726,0.21379310344827587,0.5103448275862069,0.27586206896551724,0.125,0.025,462,264,726,3.4464552296143243,3.961601164495869,8.426958471074377,"Nick Gonzales","27490",693304
"Michael Harris II",2026,"FA,FC,FS,SI,CH,SL,CU,KC",781,0.27976190476190477,0.44642857142857145,0.27380952380952384,0.2608695652173913,0.17391304347826086,549,232,781,2.4164939994878365,3.65643706355954,8.40830658002561,"Michael Harris II","25931",671739
"Daulton Varsho",2026,"FA,FC,SI,CH,SL,CU",519,0.23469387755102042,0.41836734693877553,0.3469387755102041,0.35294117647058826,0.058823529411764705,351,168,519,2.6329919129094415,4.043008911271675,8.304454161464356,"Daulton Varsho","19918",662139
"Nick Loftin",2026,"FA,FC,FS,SI,CH,SL,CU,KC",630,0.25210084033613445,0.42016806722689076,0.3277310924369748,0.1282051282051282,0.05128205128205128,392,238,630,3.182889023015873,3.8250795942857136,8.459189525396827,"Nick Loftin","27630",679845
"Tyler Freeman",2026,"FA,FC,FS,SI,CH,SL,CU,KC",385,0.24675324675324675,0.44155844155844154,0.3116883116883117,0.20833333333333334,0.08333333333333333,252,133,385,3.7456339194805186,4.085102514285715,8.071456205194805,"Tyler Freeman","22532",671289
"Brendan Donovan",2026,"FA,FC,SI,CH,SL,CU",194,0.2631578947368421,0.6052631578947368,0.13157894736842105,0.2,0,129,65,194,3.6468574948453605,4.166874175257732,8.668222345360823,"Brendan Donovan","24679",680977
"Luis Campusano",2026,"FA,FC,SI,CH,SL,CU,KC",204,0.2571428571428571,0.4,0.34285714285714286,0.4166666666666667,0.16666666666666666,129,75,204,3.2609033931372555,3.9700073774509814,9.126617348039217,"Luis Campusano","22217",669134
"Oswald Peraza",2026,"FA,FC,FS,SI,CH,SL,CU,KC,EP",525,0.27906976744186046,0.38372093023255816,0.3372093023255814,0.2413793103448276,0.1724137931034483,348,177,525,3.3172296605219045,3.8153783834285706,8.815756645714284,"Oswald Peraza","22823",672724
"Alika Williams",2026,"FA,FC,FS,SI,CH,SL,CU,KC",380,0.22972972972972974,0.3918918918918919,0.3783783783783784,0.14285714285714285,0.07142857142857142,257,123,380,3.809309082368421,3.9907372057894746,8.908120102631582,"Alika Williams","27604",675961
"Weston Wilson",2026,"FA,FC,FS,SI,CH,SL,CU,KC",491,0.1791044776119403,0.47761194029850745,0.34328358208955223,0.17391304347826086,0.13043478260869565,318,173,491,2.9109445344195524,3.596041806517311,8.223657478615072,"Weston Wilson","19358",642215
"Christian Moore",2026,"FA,FC,SI,CH,SL,CU",211,0.1875,0.53125,0.28125,0.3333333333333333,0,136,75,211,4.112590665402843,5.340805866350711,9.63550345971564,"Christian Moore","34979",695681
"Javier Sanoja",2026,"FA,FC,FS,SI,CH,SL,CU,KC",521,0.2890625,0.4375,0.2734375,0.2857142857142857,0.11428571428571428,365,156,521,3.9793560573896354,4.355091108637236,9.13405142994242,"Javier Sanoja","28253",691594
"Joshua Kuroda-Grauer",2026,"FA,FC,FS,SI,CH,SL,CU",106,0.2962962962962963,0.4444444444444444,0.25925925925925924,0.42857142857142855,0.14285714285714285,81,25,106,1.8542024452830188,3.1998925377358494,8.322684339622642,"Joshua Kuroda-Grauer","35121",811965
"Joey Ortiz",2026,"FA,FC,FS,SI,CH,SL,CU,KC",609,0.23076923076923078,0.46153846153846156,0.3076923076923077,0.3125,0.0625,395,214,609,3.329878887027915,4.269259586453199,8.488499344827584,"Joey Ortiz","25493",687401
"Luke Keaschall",2026,"FA,FC,FS,SI,CH,SL,CU,KC",749,0.24475524475524477,0.3706293706293706,0.38461538461538464,0.21818181818181817,0.03636363636363636,471,278,749,3.4659259734312404,3.9520189462349795,8.595914086782377,"Luke Keaschall","33321",807712
"Wyatt Langford",2026,"FA,FC,FS,SI,CH,SL,CU,KC",651,0.16129032258064516,0.3548387096774194,0.4838709677419355,0.2222222222222222,0.08888888888888889,404,247,651,3.695678238709677,4.013593632694317,8.709392387096774,"Wyatt Langford","33333",694671
"Wade Meckler",2026,"FA,FC,SI,CH,SL,CU",213,0.21052631578947367,0.6578947368421053,0.13157894736842105,0.2,0,133,80,213,2.63806366713615,4.79028495600939,8.158731755868542,"Wade Meckler","31490",685133
"Zack Gelof",2026,"FA,FC,FS,SI,CH,SL,CU,KC",458,0.16883116883116883,0.36363636363636365,0.4675324675324675,0.19444444444444445,0.19444444444444445,292,166,458,3.8922543146288184,5.0006556436681215,8.847228312227074,"Zack Gelof","29766",680869
"TJ Rumfield",2026,"FA,FC,FS,SI,CH,SL,CU,KC",703,0.1917808219178082,0.5136986301369864,0.2945205479452055,0.16279069767441862,0.09302325581395349,432,271,703,2.2639220198862007,3.630623365403983,7.31891959317212,"TJ Rumfield","29805",681198
"Gunnar Henderson",2026,"FA,FC,FS,SI,CH,SL,CU,KC",854,0.24675324675324675,0.4805194805194805,0.2727272727272727,0.30952380952380953,0.19047619047619047,553,301,854,2.8329246898126454,3.700683131861827,8.22005137119438,"Gunnar Henderson","26289",683002
"Tommy Troy",2026,"FA,FC,FS,SI,CH,SL,CU",131,0.23809523809523808,0.42857142857142855,0.3333333333333333,0.14285714285714285,0.14285714285714285,88,43,131,2.1691684419847332,2.6399664045801527,8.271455114503816,"Tommy Troy","33279",694371
"Xander Bogaerts",2026,"FA,FC,FS,SI,CH,SL,CU,KC",604,0.21008403361344538,0.5462184873949579,0.24369747899159663,0.06896551724137931,0.034482758620689655,376,228,604,3.8111448635927134,3.1776412220198678,8.759886518211918,"Xander Bogaerts","12161",593428
"Noelvi Marte",2026,"FA,FC,FS,SI,CH,SL,CU",216,0.09375,0.375,0.53125,0.29411764705882354,0.17647058823529413,146,70,216,3.04173261712963,3.8177625249999996,8.148902532407408,"Noelvi Marte","26517",682622
"Brooks Lee",2026,"FA,FC,FS,SI,CH,SL,CU,KC",791,0.2222222222222222,0.37037037037037035,0.4074074074074074,0.23636363636363636,0.05454545454545454,528,263,791,2.9622423939317297,3.1391419307206063,8.220029218710492,"Brooks Lee","31595",686797
"Justin Dean",2026,"FA,SL",4,0,0,0,0,0,3,1,4,1.4020525000000004,3.07916175,5.9257525,"Justin Dean","25005",681909
"Brett Callahan",2026,"SI,CH,SL",5,0,0,0,0,0,3,2,5,3.167374,-0.2878916,8.66889,"Brett Callahan","33514",814430
"Nate Furman",2026,"SL",1,0,0,0,0,0,1,0,1,-3.43462,2.8773,4.48056,"Nate Furman","31988",801501
"Trei Cruz",2026,"FA,CU",4,0,0,0,0,0,3,1,4,3.347405,4.3963325,11.758075,"Trei Cruz","27569",669360
"Will Benson",2026,"SI,CH,SL",5,0,0,1,0,0,3,2,5,3.330274,-0.11888200000000002,8.893545999999999,"Will Benson","21853",666181
"Will Wagner",2026,"FA,SL",5,0,0,1,1,0,3,2,5,1.11728806,6.412635399999999,6.9919687999999995,"Will Wagner","29634",695238
"Parker Meadows",2026,"SI,SL",4,0,1,0,0,0,2,2,4,8.51877,3.094435,9.3825175,"Parker Meadows","23800",678009
"Jack Brannigan",2026,"FA,FC,SI",3,0,0,0,0,0,3,0,3,3.2868333333333335,4.239626666666666,6.3559366666666675,"Jack Brannigan","31471",687394
"Luke Williams",2026,"FA,FC",4,0,0,0,0,0,0,4,4,-1.19541075,5.624215000000001,6.512454999999999,"Luke Williams","19931",663897
"Hayden Senger",2026,"FA,CH",2,0,0,0,0,0,1,1,2,9.427165,6.992900000000001,12.15935,"Hayden Senger","21489",663584
"Rudy Martin Jr.",2026,"SI,SL",3,0,0,0,0,0,3,0,3,2.694024033333333,2.980107666666667,5.405396666666667,"Rudy Martin Jr.","18582",657675
"Tyler Black",2026,"FA,CU",3,0,1,0,0,0,2,1,3,-0.4113299999999999,0.32742666666666675,4.88911,"Tyler Black","29949",672012
"Miles Mastrobuoni",2026,"SI,SL",5,0,1,0,0,0,3,2,5,5.82667484,4.427080200000001,7.851142,"Miles Mastrobuoni","20017",670156
"Blake Hunt",2026,"FA,FC,CH,CU",10,0,0,0,0,0,7,3,10,2.7234987,3.7658229999999997,8.407271,"Blake Hunt","23209",675448
"Jeferson Quero",2026,"FA,FC,CH,SL",8,0,1,0,0,0,3,5,8,4.10151475,3.7372825,8.775039999999999,"Jeferson Quero","28272",691620
"George Valera",2026,"FA,SI,SL",7,0,1,0,0,0,5,2,7,6.225937142857142,5.553574285714285,9.381955714285715,"George Valera","22541",671655
"Jair Camargo",2026,"FA,SL,CU",7,1,0,0,0,0,5,2,7,-0.09921285714285709,3.748324142857143,6.779434285714286,"Jair Camargo","21730",665856
"José Barrero",2026,"FA,FC,CH,SL",9,0,0,0,0,0,6,3,9,2.326465555555556,3.948633888888889,9.445321111111111,"Jose Barrero","23378",676480
"Jihwan Bae",2026,"FC,SI",4,0,1,0,0,0,2,2,4,5.52128325,4.077545,7.5790025000000005,"Jihwan Bae","23818",678225
"Vimael Machín",2026,"SI,SL",6,1,0,0,0,0,6,0,6,-4.600526666666667,-0.34231056666666676,8.01011,"Vimael Machin","17684",605353
"Scott Kingery",2026,"FA,FC,SI,SL,CU",12,0,0,1,0,0,7,5,12,2.1211949999999997,4.451594333333333,7.051545,"Scott Kingery","17975",664068
"Rowdy Tellez",2026,"FA,SL",10,0,0,1,0,0,6,4,10,0.6154702000000001,6.8384418,8.426024000000002,"Rowdy Tellez","15679",642133
"Jared Oliva",2026,"SI,CH",11,0,1,0,0,0,7,4,11,11.030057272727273,1.3201974545454542,11.262818181818183,"Jared Oliva","19968",666931
"Will Brennan",2026,"FA,SI,SL",9,0.5,0,0.5,0,0,7,2,9,2.3780077666666672,4.753446222222223,7.8896588888888886,"Will Brennan","25660",686823
"Will Wilson",2026,"FA,CH,CU",7,0,0.5,0.5,0,1,5,2,7,3.00921,2.9227128571428564,10.570185714285714,"Will Wilson","25434",669717
"César Prieto",2026,"SI",5,0,0.6666666666666666,0.3333333333333333,1,0,4,1,5,9.581256,3.6888979999999996,10.8184,"Cesar Prieto","30163",693409
"Collin Price",2026,"FA,SI,CH",10,1,0,0,0,0,7,3,10,5.97257108,8.633655,11.003168,"Collin Price","31415",805672
"Davis Wendzel",2026,"FA,FC,CH,SL,CU",17,0.3333333333333333,0,0.6666666666666666,0.5,0,11,6,17,3.591797764705883,4.797351764705882,8.873829411764705,"Davis Wendzel","26469",673995
"Jonah Bride",2026,"FA,CH,SL,CU",11,0,1,0,0,0,5,6,11,1.8583034545454546,3.0200209090909094,10.270520909090909,"Jonah Bride","24703",681146
"CJ Kayfus",2026,"FC,SI,SL,CU",9,0,0,1,1,0,7,2,9,1.7244613333333332,3.077201,6.072156666666667,"CJ Kayfus","33704",692216
"Aaron Sabato",2026,"FA,SI,CH,SL,CU",11,0,1,0,0,0,8,3,11,4.4741718181818175,3.9638790909090913,8.119735454545456,"Aaron Sabato","27774",693306
"Reese McGuire",2026,"FA,SI,CH,SL",11,1,0,0,0,0,8,3,11,3.180088181818182,4.148806363636364,9.217858181818183,"Reese McGuire","15674",624512
"Dylan Carlson",2026,"FA,CH,CU",16,0,1,0,0,0,9,7,16,3.62186875,7.0288419375,10.817985624999999,"Dylan Carlson","20126",666185
"Ryan Ward",2026,"FA,SI,CH,SL,CU",11,0,1,0,0,0,9,2,11,1.0371754545454543,5.35630909090909,9.294529090909093,"Ryan Ward","27449",669899
"Sean Keys",2026,"FA,FC,SI,SL",20,0,0,1,0,0,13,7,20,-1.2172572999999998,3.59407297,6.3652085,"Sean Keys","35094",815873
"Aramis Garcia",2026,"FA,FS,CH,SL",11,0,0.3333333333333333,0.6666666666666666,0,0.5,8,3,11,5.093691818181818,4.488876636363636,9.050232727272727,"Aramis Garcia","16925",605244
"Luken Baker",2026,"FA,CH,SL",16,0.5,0,0.5,0,0,8,8,16,2.308139375,4.4202653750000005,11.073084999999999,"Luken Baker","21497",663609
"James Triantos",2026,"FA,FC,CH,SL",8,0,1,0,0,0,8,0,8,0.809583375,4.606453125,7.5876175,"James Triantos","29795",701649
"Ryan Bliss",2026,"FA,FC,SI,CH,SL",19,0.5,0,0.5,0,0,14,5,19,3.473916842105263,6.334785368421053,8.874337368421052,"Ryan Bliss","29547",669208
"Daniel Johnson",2026,"FA,SI,SL,CU",7,0.5,0.5,0,0,0,4,3,7,3.2275817142857144,5.105131428571428,8.647417142857142,"Daniel Johnson","19643",669288
"Carlos Jorge",2026,"FA,SI,SL,KC",13,0.5,0,0.5,0,0,9,4,13,-1.2528393076923074,0.699794876923077,7.51581846153846,"Carlos Jorge","29455",699115
"Cooper Ingle",2026,"FA,SI,CH,SL,CU",11,0,0.5,0.5,0,0,10,1,11,-0.3201791818181819,1.7646386363636362,7.4628272727272735,"Cooper Ingle","33708",694876
"Ryan Mountcastle",2026,"FA,FC,SI,CH,SL,CU",18,0.3333333333333333,0.3333333333333333,0.3333333333333333,0,0,12,6,18,4.498473055555555,2.5290602777777784,10.216002222222222,"Ryan Mountcastle","18373",663624
"Carlos Santana",2026,"FA,SI,CH,SL",17,0,0.6666666666666666,0.3333333333333333,0,0,9,8,17,6.343681764705883,5.599483764705883,10.341071764705882,"Carlos Santana","2396",467793
"Addison Barger",2026,"FA,FC,CH,SL,CU",25,0,0.5,0.5,0,0,14,11,25,2.58001668,4.803571399999999,10.8238848,"Addison Barger","24598",680718
"Andrew Velazquez",2026,"FA,FC,SI,CH,CU",10,0,1,0,0,0,9,1,10,1.5579159999999999,0.5933190000000002,8.458309,"Andrew Velazquez","14196",623205
"P.J. Higgins",2026,"FA,FC,SI,CH,SL,CU",18,0,0,1,0.5,0,9,9,18,3.7376384444444444,4.4225335,8.52902072222222,"P.J. Higgins","18433",664731
"Rikuu Nishida",2026,"SI,SL",10,0,1,0,0,0,6,4,10,2.3004470000000006,1.7991391999999997,8.671595,"Rikuu Nishida","33795",807747
"Oliver Dunn",2026,"FA,FC,SI,CH,SL",15,0,1,0,0,0,10,5,15,5.2560254,5.953223333333332,11.000346666666667,"Oliver Dunn","26295",686554
"Trey Mancini",2026,"FA,CH,SL",12,0.5,0.5,0,0,0,10,2,12,4.028040166666667,6.044787500000001,7.91873,"Trey Mancini","15149",641820
"Kenny Piper",2026,"FA,FC,SI,CH,SL",25,0,0,1,0,1,15,10,25,6.758095199999998,6.640370079999999,10.684996799999999,"Kenny Piper","29962",700652
"Cristian Pache",2026,"FA,FC,FS,SI,CH,SL,CU",20,0.5,0,0.5,0,0,13,7,20,4.380982299999999,2.9818835499999996,8.650044,"Cristian Pache","19948",665506
"Vidal Bruján",2026,"FA,FC,SI,CH,CU",12,0,0.5,0.5,0.5,0,8,4,12,2.0483565833333333,2.176804583333333,5.668622500000001,"Vidal Brujan","20536",660644
"Tsung-Che Cheng",2026,"FA,FC,CH,SL",21,0,1,0,0,0,14,7,21,1.9808097619047618,5.443129857142857,7.201274857142858,"Tsung-Che Cheng","28344",691907
"Eddys Leonard",2026,"FA,FC,SI,CH,CU",25,0.5,0,0.5,0.5,0,17,8,25,5.200628320000001,7.453510799999999,9.6397232,"Eddys Leonard","24151",678760
"Gustavo Campero",2026,"FA,CH,SL",23,0,0.25,0.75,0.6666666666666666,0,14,9,23,4.005490869565217,5.4929507826086965,9.006152173913044,"Gustavo Campero","22707",672569
"César Salazar",2026,"FA,SI,SL,CU",24,0.2,0.6,0.2,0,0,16,8,24,-0.3491887499999999,4.131898083333334,8.5034325,"Cesar Salazar","21587",663967
"Gabriel Rincones Jr.",2026,"FA,FC,SI,SL,CU",20,0,0.75,0.25,0,0,17,3,20,-0.03162305000000032,1.9734288500000001,8.9236305,"Gabriel Rincones Jr.","31958",687282
"Steward Berroa",2026,"FA,FC,SI,CH,SL",20,1,0,0,0,0,17,3,20,2.6909244,4.1278297,6.4504351,"Steward Berroa","22766",672642
"Logan Porter",2026,"FA,CH,SL,CU",23,0.5,0.5,0,0,0,13,10,23,4.898498695652174,6.784731739130435,9.757502173913043,"Logan Porter","20626",682515
"Michael Toglia",2026,"FA,CH,SL,CU",28,0,0,1,0,0,16,12,28,2.8556718928571425,4.589455275,8.564631785714285,"Michael Toglia","25845",669911
"Gabriel Gonzalez",2026,"FA,FC,SI,CH,SL",25,0,0.5,0.5,1,0,13,12,25,5.41814916,5.023769058399999,9.0662064,"Gabriel Gonzalez","28833",694224
"Will Banfield",2026,"FA,CH,SL,CU",25,0,0.25,0.75,0.3333333333333333,0,18,7,25,3.1944932000000006,4.1418234400000005,8.491055600000001,"Will Banfield","23790",677943
"Zach Cole",2026,"FA,SI,SL,CU",28,0.5,0.5,0,0,0,19,9,28,-0.7202796785714286,3.572678775,7.618215357142858,"Zach Cole","31583",805904
"Pavin Smith",2026,"FA,SI,SL,CU",26,0,0.6666666666666666,0.3333333333333333,0,0,21,5,26,-0.22193961538461585,3.3096398576923076,7.742610384615384,"Pavin Smith","19892",656976
"Jeimer Candelario",2026,"FA,FC,SI,CH,SL,CU",35,0,0.5,0.5,0,0,22,13,35,2.8850776571428565,3.3270840257142855,8.952394257142856,"Jeimer Candelario","13621",600869
"Tyler Callihan",2026,"FA,FC,SI,SL",22,0.3333333333333333,0.3333333333333333,0.3333333333333333,0,0,14,8,22,3.837183713636364,2.8807405045454546,7.7595824090909105,"Tyler Callihan","27497",682997
"Nick Solak",2026,"FA,CH,SL,CU",17,0.16666666666666666,0.5,0.3333333333333333,0,0,11,6,17,4.171058235294118,4.624127,10.315558235294118,"Nick Solak","19294",669256
"Corey Julks",2026,"FA,FC,FS,SI,CH,SL",25,0,0.3333333333333333,0.6666666666666666,0.25,0,16,9,25,4.14533684,3.5311542399999998,7.669324400000001,"Corey Julks","20311",667452
"BJ Murray Jr.",2026,"FA,FC,SI,CH,SL,CU",26,0,0.3333333333333333,0.6666666666666666,0.25,0,18,8,26,4.651074500000001,3.168649198076923,9.216306923076923,"BJ Murray Jr.","29767",681230
"Ben Ross",2026,"FA,FC,CH,SL,CU",30,0.16666666666666666,0.3333333333333333,0.5,0.3333333333333333,0,18,12,30,4.718365866666667,5.1874137,9.596779,"Ben Ross","31710",805346
"Greg Jones",2026,"FA,FC,SI,CH,SL,CU",27,0.5,0.25,0.25,0,0,17,10,27,3.9746891481481477,4.646052777777778,8.566757037037037,"Greg Jones","25448",675659
"Ethan Salas",2026,"FA,FC,SL",24,0.2,0.4,0.4,0,0,18,6,24,-0.6446646249999998,5.0733765125,7.240376,"Ethan Salas","32051",806956
"Jonatan Clase",2026,"FA,FC,FS,SI,CH,SL,CU",35,0.2,0.6,0.2,0,0,23,12,35,3.178537657142857,4.918166714285714,8.540162571428572,"Jonatan Clase","26599",682729
"Matthew Lugo",2026,"FA,FC,SI,CH,SL,CU",34,0.3333333333333333,0.6666666666666666,0,0,0,23,11,34,2.1668528529411764,4.454957852941177,9.268332352941176,"Matthew Lugo","25980",683090
"Oswaldo Cabrera",2026,"FA,SI,CH,SL,CU",42,0,0.6666666666666666,0.3333333333333333,0,0,28,14,42,0.46518227380952404,3.9782876190476193,8.578254761904763,"Oswaldo Cabrera","21707",665828
"Garrett Stubbs",2026,"FA,FC,SI,SL,CU",29,0,1,0,0,0,20,9,29,0.1337521379310346,2.331647065517241,8.165257586206895,"Garrett Stubbs","18067",596117
"Brewer Hicklen",2026,"FA,FC,FS,SI,CH,SL,CU",39,0.5,0,0.5,0.5,0,20,19,39,5.473137525641025,5.61793941025641,9.571211282051282,"Brewer Hicklen","20450",676551
"Michael Conforto",2026,"FA,FC,SI,SL,CU",33,0.3333333333333333,0.3333333333333333,0.3333333333333333,0.5,1,20,13,33,2.005989448484848,2.9983479090909086,7.690212393939393,"Michael Conforto","16376",624424
"Chuckie Robinson",2026,"FA,FC,FS,SI,CH,SL,CU",25,0,0.5714285714285714,0.42857142857142855,0.6666666666666666,0,18,7,25,4.905877760000001,5.6221856400000005,9.1434196,"Chuckie Robinson","19824",642020
"Graham Pauley",2026,"FA,SI,CH,SL,CU",40,0,0.6,0.4,1,0,25,15,40,0.9673405624999998,4.574266777500001,9.18816775,"Graham Pauley","31363",688363
"Ryan Ritter",2026,"FA,FC,FS,SI,CH,SL,CU",41,0,1,0,0,0,26,15,41,1.3034765853658534,3.9218440243902437,7.706490487804879,"Ryan Ritter","31500",690022
"Jarred Kelenic",2026,"FA,FC,SI,CH,SL,CU",42,0.3333333333333333,0.5,0.16666666666666666,0,0,21,21,42,2.3022383326190474,5.45077890952381,8.087654047619047,"Jarred Kelenic","22558",672284
"Abimelec Ortiz",2026,"FA,FC,FS,SI,SL,CU",47,0,0.8,0.2,0,0,32,15,47,0.672864031914894,2.531933276595745,8.145181425531915,"Abimelec Ortiz","29539",694673
"Raynel Delgado",2026,"FA,FC,SI,SL,CU",31,0,0.8,0.2,0,1,21,10,31,0.04476751612903232,2.6458413741935485,10.071812258064517,"Raynel Delgado","22272",669384
"Bo Davidson",2026,"FA,SI,CH,SL,CU",31,0.2857142857142857,0.5714285714285714,0.14285714285714285,0,0,26,5,31,1.7456877741935484,5.255891290322581,8.854940322580644,"Bo Davidson","33405",815589
"Jake Fraley",2026,"FA,FC,SI,SL,CU",44,0.5,0.3333333333333333,0.16666666666666666,0,0,28,16,44,4.045689613636364,4.625628915909091,9.318947272727273,"Jake Fraley","19260",641584
"Ivan Johnson",2026,"FA,FC,SI,CH,SL,CU",37,0,0.3333333333333333,0.6666666666666666,0.25,0,22,15,37,2.087414918918919,1.1597548918918918,9.847953243243243,"Ivan Johnson","27593",671155
"Zac Veen",2026,"FA,FC,FS,SI,CH,SL,CU",38,0,0.5,0.5,0,0,29,9,38,4.126770368421053,2.852680894736842,7.918255526315791,"Zac Veen","27770",691728
"Kyler Fedko",2026,"FA,FC,SI,CH,SL,CU",51,0,0.3333333333333333,0.6666666666666666,0,0,34,17,51,2.8380559999999995,5.045503137254903,8.868649607843135,"Kyler Fedko","29930",693459
"Scott Bandura",2026,"FA,FC,SI,CH,SL,CU",41,0.4,0.2,0.4,0.5,0,33,8,41,1.3310825439024392,5.1292837073170725,8.44879707317073,"Scott Bandura","33398",814154
"Kyle Farmer",2026,"FA,FC,FS,SI,CH,SL,CU",39,0.25,0.625,0.125,1,0,31,8,39,3.67479521025641,4.128930230769231,8.45958871794872,"Kyle Farmer","14813",571657
"Dylan Moore",2026,"FA,FC,SI,CH,SL,CU,KC",66,0.2,0,0.8,0.5,0,38,28,66,4.165764924242424,4.854133606060607,8.880054090909091,"Dylan Moore","18042",664238
"Sam Huff",2026,"FA,FC,SI,CH,SL,CU",48,0.2,0.6,0.2,0,0,33,15,48,4.206138827291666,5.539554770833333,9.109313020833333,"Sam Huff","22209",669087
"Braden Shewmake",2026,"FA,SI,SL",43,0.125,0.625,0.25,0.5,0,31,12,43,3.1202384186046515,6.436767441860465,9.500484186046513,"Braden Shewmake","25817",669699
"José Azócar",2026,"FA,FC,FS,SI,CH,SL,CU,KC",50,0.3333333333333333,0.5555555555555556,0.1111111111111111,0,0,38,12,50,2.53879146,3.59576608,7.8661936400000005,"Jose Azocar","18821",640492
"Max Kepler",2026,"FA,FC,FS,SI,CH,SL",42,0.5555555555555556,0.2222222222222222,0.2222222222222222,0,0,29,13,42,0.4533822142857143,3.163326023809524,7.908543571428571,"Max Kepler","12144",596146
"Sung-Mun Song",2026,"FA,FC,SI,CH,SL,CU",42,0.125,0.5,0.375,0.3333333333333333,0,24,18,42,3.7261659999999996,4.063817219047619,8.035837285714285,"Sung-Mun Song","37122",823550
"Ben Rortvedt",2026,"FA,FC,SI,CH,SL,CU,KC",42,0.6,0.1,0.3,0.3333333333333333,0,32,10,42,1.7440626428571429,2.9601787857142856,7.928099523809524,"Ben Rortvedt","20287",666163
"Bryce Johnson",2026,"FA,FC,SI,CH,SL,CU,KC",58,0,0.7142857142857143,0.2857142857142857,0,0,39,19,58,3.4792187241379313,3.6252665862068967,8.935552586206898,"Bryce Johnson","20002",669369
"Josue De Paula",2026,"FA,FC,SI,CH,SL,CU",54,0.4,0.5,0.1,0,0,27,27,54,4.3220902425925924,3.5670625925925927,7.770537592592593,"Josue De Paula","30871",800543
"Kameron Misner",2026,"FA,FC,SI,CH,SL,CU",51,0.125,0.25,0.625,0.2,0,35,16,51,0.9469734635294118,3.502412080392157,7.962032745098039,"Kameron Misner","26374",670224
"Luis Matos",2026,"FA,FC,SI,CH,SL",47,0,0.7142857142857143,0.2857142857142857,0.5,0,36,11,47,3.855529680851064,6.074731574468085,8.580271489361701,"Luis Matos","26467",682641
"Ronny Mauricio",2026,"FA,FC,SI,CH,SL,CU",45,0.25,0.25,0.5,0.25,0.25,30,15,45,1.7704542133333332,2.6030174133333333,7.288355688888888,"Ronny Mauricio","23698",677595
"Johnathan Rodríguez",2026,"FA,FC,SI,CH,SL,CU",69,0.4,0.2,0.4,0,0,40,29,69,3.647411023188406,4.745353739130434,8.888283898550725,"Johnathan Rodriguez","22530",671286
"Eloy Jiménez",2026,"FA,FC,SI,CH,SL,CU,KC",46,0.18181818181818182,0.6363636363636364,0.18181818181818182,0.5,0,29,17,46,2.255633130434782,2.3533241434782606,8.534628152173912,"Eloy Jimenez","17484",650391
"Tyler Locklear",2026,"FA,FC,FS,SI,CH,SL,CU",61,0.14285714285714285,0.42857142857142855,0.42857142857142855,0,0,37,24,61,1.9348083606557376,2.833356463934426,8.344108524590162,"Tyler Locklear","31396",682988
"Bo Naylor",2026,"FA,FC,SI,SL,CU",63,0.2727272727272727,0.5454545454545454,0.18181818181818182,0.5,0,42,21,63,2.6853418428571434,4.845471984126984,9.579711904761902,"Bo Naylor","21865",666310
"Kyren Paris",2026,"FA,SI,CH,SL,CU",61,0,0.5714285714285714,0.42857142857142855,0,0,39,22,61,4.626844098360656,5.460118786885245,9.098115885245903,"Kyren Paris","26420",677347
"Eliezer Alfonzo",2026,"FA,FC,FS,SI,CH,SL,CU",42,0.3076923076923077,0.5384615384615384,0.15384615384615385,0,0,29,13,42,5.126734452380953,4.459774261904762,8.843786904761904,"Eliezer Alfonzo","22741",672613
"MJ Melendez",2026,"FA,FC,SI,CH,SL,CU",53,0.2,0.2,0.6,0.3333333333333333,0.3333333333333333,35,18,53,1.8942695150943396,2.2886214339622644,8.013358811320755,"MJ Melendez","22197",669004
"Sebastián Rivero",2026,"FA,FC,SI,CH,SL,CU",60,0.1,0.5,0.4,0.25,0,40,20,60,3.577951833333333,4.924337943333334,9.375886666666666,"Sebastian Rivero","21735",665861
"Joey Loperfido",2026,"FA,FC,SI,CH,SL,CU",49,0.18181818181818182,0.45454545454545453,0.36363636363636365,0.25,0,37,12,49,2.0332299338775512,4.146971159183674,8.981090346938775,"Joey Loperfido","29630",694388
"Sterlin Thompson",2026,"FA,FC,SI,CH,SL,CU",63,0.2222222222222222,0.4444444444444444,0.3333333333333333,0,0,44,19,63,1.803727065079365,3.95897165079365,7.666500793650792,"Sterlin Thompson","31443",694514
"Emmanuel Rodriguez",2026,"FA,FC,SI,CH,SL",56,0.36363636363636365,0.2727272727272727,0.36363636363636365,0,0,36,20,56,1.5468073750000002,3.4519152107142865,7.786951535714286,"Emmanuel Rodriguez","28084",691181
"Lazaro Montes",2026,"FA,FC,SI,CH,SL,CU",53,0.1,0.5,0.4,0.25,0,35,18,53,2.428877975471698,3.8334210509433957,7.212229169811322,"Lazaro Montes","30361",703155
"Hyeseong Kim",2026,"FA,FC,FS,SI,CH,SL,CU",60,0,0.7777777777777778,0.2222222222222222,0,0,43,17,60,0.23660538333333297,2.4871261,8.467102666666667,"Hyeseong Kim","35322",808975
"LaMonte Wade Jr.",2026,"FA,FC,SI,SL,CU",64,0.5,0.25,0.25,0,0,34,30,64,3.511798859375,5.938990750000001,9.731408125000002,"LaMonte Wade Jr.","18126",664774
"Michael Helman",2026,"FA,FC,SI,CH,SL,CU,KC",48,0.08333333333333333,0.08333333333333333,0.8333333333333334,0.1,0.1,32,16,48,3.6395497125000005,4.14525345625,8.488489166666668,"Michael Helman","24605",680737
"Joey Meneses",2026,"FA,FC,SI,CH,SL,CU,KC",49,0.25,0.5833333333333334,0.16666666666666666,0,0,33,16,49,3.805995163265306,4.460086326530612,8.729078469387757,"Joey Meneses","14366",608841
"Andrew Pinckney",2026,"FA,FC,FS,SI,CH,SL",56,0.3,0.3,0.4,0,0.25,35,21,56,3.9000462035714287,3.1451660125,8.666994285714285,"Andrew Pinckney","33357",687605
"Carson Williams",2026,"FA,SI,CH,SL,CU",58,0.1111111111111111,0.3333333333333333,0.5555555555555556,0.2,0,44,14,58,5.292811206896552,3.849752794827586,9.623501206896552,"Carson Williams","30038",700246
"Jonathan Ornelas",2026,"FA,FC,SI,CH,SL,CU",72,0.2222222222222222,0.5555555555555556,0.2222222222222222,0.5,0,53,19,72,3.441487833333333,4.094074861111111,8.975829861111112,"Jonathan Ornelas","24597",680716
"Jesus Rodriguez",2026,"FA,FC,FS,SI,CH,SL,CU,KC",64,0.07692307692307693,0.5384615384615384,0.38461538461538464,0.2,0,42,22,64,4.18477296875,4.51755559375,9.64036609375,"Jesus Rodriguez","26991",683679
"Kahlil Watson",2026,"FA,FC,SI,SL,CU",56,0.25,0.25,0.5,0.16666666666666666,0,37,19,56,2.5494323339285714,4.3733357517857145,8.474607267857143,"Kahlil Watson","29905",696135
"Jhostynxon Garcia",2026,"FA,FC,SI,CH,SL,CU",67,0.25,0.4166666666666667,0.3333333333333333,0.5,0,48,19,67,4.677906373134329,4.7097341432835815,8.936172985074627,"Jhostynxon Garcia","28142",691373
"Nick Morabito",2026,"FA,FC,SI,CH,SL,CU",65,0.25,0.5,0.25,0.5,0,39,26,65,5.098176307692308,2.34357616,9.831277846153846,"Nick Morabito","32119",703492
"Drew Cavanaugh",2026,"FA,SI,CH,SL,CU",76,0.2857142857142857,0.2857142857142857,0.42857142857142855,0.6666666666666666,0,49,27,76,2.821727697368421,4.863017959210526,7.940442210526315,"Drew Cavanaugh","33380",701852
"Chad Stevens",2026,"FA,FC,FS,SI,CH,SL,CU,KC",90,0,0.625,0.375,0,0,55,35,90,3.166833225555556,4.727092871111112,8.075605444444445,"Chad Stevens","29614",677060
"Chadwick Tromp",2026,"FA,FC,SI,CH,SL,CU",58,0.21428571428571427,0.35714285714285715,0.42857142857142855,0.3333333333333333,0,44,14,58,2.327604362068966,3.4407191379310342,9.21105496551724,"Chadwick Tromp","16953",644433
"Alek Thomas",2026,"FA,FC,SI,SL",50,0.15384615384615385,0.46153846153846156,0.38461538461538464,0.2,0,37,13,50,2.31888412,4.0315702600000005,7.880059799999999,"Alek Thomas","23792",677950
"Jared Serna",2026,"FA,FC,FS,SI,CH,SL,CU",70,0.2727272727272727,0.45454545454545453,0.2727272727272727,0.3333333333333333,0,47,23,70,5.004760057142858,5.969197299428572,9.823130857142857,"Jared Serna","28326",691858
"Jerar Encarnacion",2026,"FA,FS,SI,CH,SL,CU",85,0.5,0.4166666666666667,0.08333333333333333,0,0,59,26,85,5.010774990588235,2.2123147235294116,9.505499529411766,"Jerar Encarnacion","21871",666464
"Lucas Spence",2026,"FA,FC,FS,SI,SL,CU",58,0.2727272727272727,0.5454545454545454,0.18181818181818182,0,0,35,23,58,3.62000220862069,5.797857224137931,9.290461896551722,"Lucas Spence","35126",828599
"Brock Rodden",2026,"FA,FC,SI,CH,SL,CU",70,0.2,0.5,0.3,0,0,44,26,70,3.915481842857143,4.357123198157142,8.628987414285715,"Brock Rodden","33191",801126
"Kevin Alcántara",2026,"FA,SI,CH,SL,CU",78,0.3,0.3,0.4,0,0.25,51,27,78,2.1085436794871795,3.79881064102564,8.773506192307693,"Kevin Alcantara","25971",682634
"Rodolfo Durán",2026,"FA,FC,SI,CH,SL,CU",80,0,0.6,0.4,0.25,0,50,30,80,3.8566698875,3.7416946375,8.6626570875,"Rodolfo Duran","20958",660710
"Drew Millas",2026,"FA,FC,SI,CH,SL,CU",87,0.2857142857142857,0.5714285714285714,0.14285714285714285,0,0,53,34,87,3.8386257701149424,4.8002766206896545,8.32785632183908,"Drew Millas","25643",686452
"Alan Roden",2026,"FA,FC,SI,CH,SL,CU",65,0.2857142857142857,0.5,0.21428571428571427,0,0.3333333333333333,43,22,65,3.812452240000001,6.116915306153846,9.322250307692308,"Alan Roden","31564",702176
"Donovan Walton",2026,"FA,FC,SI,CH,SL,KC",64,0.13333333333333333,0.5333333333333333,0.3333333333333333,0.2,0.2,44,20,64,2.2194514499999998,3.6928495859375006,8.12699821875,"Donovan Walton","19314",622268
"José Tena",2026,"FA,FC,SI,CH,SL,CU",75,0.5555555555555556,0.3333333333333333,0.1111111111111111,0,0,46,29,75,2.718604536,3.710266653333332,8.008177466666668,"Jose Tena","23691",677588
"Orlando Arcia",2026,"FA,FC,SI,CH,SL,CU",80,0.2,0.4666666666666667,0.3333333333333333,0.2,0.2,51,29,80,2.59829632125,4.17072459125,8.4006615,"Orlando Arcia","13185",606115
"Sandy León",2026,"FA,FC,FS,SI,CH,SL,CU",78,0.25,0.5,0.25,1,0,61,17,78,4.506609128205128,5.5552939102564105,9.128178076923078,"Sandy Leon","5273",506702
"J.C. Escarra",2026,"FA,FC,SI,CH,SL,CU,KC",87,0.4375,0.3125,0.25,0,0,56,31,87,0.4070769252873564,3.1507141264367813,7.029142885057471,"J.C. Escarra","20084",641555
"LuJames Groover",2026,"FA,FC,FS,SI,CH,SL,CU",88,0.07142857142857142,0.42857142857142855,0.5,0.14285714285714285,0.14285714285714285,57,31,88,3.76810425,3.721029365909091,8.869271420454545,"LuJames Groover","33552",694410
"Deyvison De Los Santos",2026,"FA,FC,FS,SI,CH,SL,CU",88,0.1875,0.5,0.3125,0.6,0,60,28,88,5.625029409090909,5.355425045454545,9.655714431818183,"Deyvison De Los Santos","27969",691277
"Daz Cameron",2026,"FA,FC,FS,SI,CH,SL,CU",80,0.26666666666666666,0.3333333333333333,0.4,0.3333333333333333,0.16666666666666666,55,25,80,5.294128562499999,5.07321806375,10.0268821,"Daz Cameron","18353",663662
"Michael Arroyo",2026,"FA,FC,SI,CH,SL,CU",71,0.3076923076923077,0.46153846153846156,0.23076923076923078,0.3333333333333333,0,44,27,71,3.533118508450704,3.6284987183098587,8.514577197183097,"Michael Arroyo","30384",703197
"Adam Frazier",2026,"FA,FC,SI,CH,SL,CU",78,0.15384615384615385,0.6153846153846154,0.23076923076923078,0.3333333333333333,0,46,32,78,5.267299897435897,4.673869371923077,9.182919487179488,"Adam Frazier","15223",624428
"Jimmy Crooks",2026,"FA,FC,SI,CH,SL,CU",81,0.2727272727272727,0.2727272727272727,0.45454545454545453,0.2,0.2,55,26,81,3.6581395000000003,3.7735836728395062,8.539901777777777,"Jimmy Crooks","31354",699625
"Walker Jenkins",2026,"FA,FC,SI,SL,CU",69,0.2727272727272727,0.36363636363636365,0.36363636363636365,0.25,0,44,25,69,2.5125784405797096,3.586420976811594,7.746226260869565,"Walker Jenkins","33571",805805
"Tristan Gray",2026,"FA,FC,SI,SL,CU",76,0.42857142857142855,0.14285714285714285,0.42857142857142855,0,0.3333333333333333,52,24,76,1.4112697631578945,3.8850248684210524,8.354937684210526,"Tristan Gray","19877",656484
"Yohandy Morales",2026,"FA,FS,SI,CH,SL,CU",80,0.14285714285714285,0.42857142857142855,0.42857142857142855,0.3333333333333333,0.16666666666666666,52,28,80,3.7156297249999994,3.3821977000000003,9.45556025,"Yohandy Morales","33361",691002
"Nick Madrigal",2026,"FA,FC,SI,CH,SL,CU,KC",84,0.16666666666666666,0.5555555555555556,0.2777777777777778,0,0,55,29,84,2.443699880952381,4.456048857142857,8.1081075,"Nick Madrigal","20521",663611
"Felix Reyes",2026,"FA,FC,FS,CH,SL,CU,KC",67,0.375,0.5,0.125,0,0.5,50,17,67,3.5380997313432836,2.762325276119403,8.930000895522388,"Felix Reyes","28763",694025
"Dustin Harris",2026,"FA,SI,CH,SL,CU",86,0.23076923076923078,0.6153846153846154,0.15384615384615385,0.5,0,57,29,86,3.338001220930232,3.59433489883721,8.546818139534885,"Dustin Harris","25705",687957
"Otto Kemp",2026,"FA,FC,FS,SI,CH,SL,CU,KC",101,0.16666666666666666,0.3333333333333333,0.5,0.16666666666666666,0,59,42,101,3.9606098316831684,3.799404991089109,8.413846999999999,"Otto Kemp","31792",805249
"Michael Stefanic",2026,"FA,FC,SI,CH,SL,CU",101,0.3333333333333333,0.5333333333333333,0.13333333333333333,0,0,63,38,101,4.044015712871287,3.497750704257426,9.195399801980198,"Michael Stefanic","25353",683021
"Stuart Fairchild",2026,"FA,FC,SI,CH,SL,CU",89,0.25,0.5,0.25,0,0,44,45,89,2.2098851235955057,3.674276584269663,8.405462359550562,"Stuart Fairchild","20321",656413
"Josh Rojas",2026,"FA,FC,SI,CH,SL,KC",67,0.14285714285714285,0.2857142857142857,0.5714285714285714,0.25,0.125,47,20,67,2.9387327567164183,3.824010670149254,7.698519000000001,"Josh Rojas","19734",668942
"Tanner Murray",2026,"FA,FC,FS,SI,CH,SL,CU",72,0.07692307692307693,0.38461538461538464,0.5384615384615384,0.42857142857142855,0.14285714285714285,51,21,72,3.780925541666667,5.613848721388889,9.308634916666666,"Tanner Murray","28848",695020
"Jim Jarvis",2026,"FA,FC,SI,SL,CU",82,0.3333333333333333,0.5333333333333333,0.13333333333333333,0,0,48,34,82,2.356828512195122,3.4952875621951223,7.909574634146343,"Jim Jarvis","33492",805347
"Patrick Wisdom",2026,"FA,FC,SI,CH,SL,CU",88,0,0.4,0.6,0.3333333333333333,0,61,27,88,2.0686452727272733,4.098175829545454,8.565770340909092,"Patrick Wisdom","13602",621550
"Carlos Cortes",2026,"FA,FC,SI,CH,SL,CU",73,0.1875,0.625,0.1875,0.6666666666666666,0,53,20,73,2.816861334246575,4.077172726027397,7.6784213013698634,"Carlos Cortes","21842",666126
"Jonathan India",2026,"FA,FC,SI,CH,SL,CU",101,0.16666666666666666,0.4166666666666667,0.4166666666666667,0.4,0.2,56,45,101,3.987282237623763,3.2264365049504957,9.140518118811881,"Jonathan India","21523",663697
"Marcelo Mayer",2026,"FA,FC,SI,CH,SL,CU",64,0.21052631578947367,0.3684210526315789,0.42105263157894735,0,0.25,45,19,64,1.5180594984375,3.1805789921875003,7.76186546875,"Marcelo Mayer","29668",691785
"Harrison Bader",2026,"FA,FC,SI,CH,SL,CU",92,0.29411764705882354,0.17647058823529413,0.5294117647058824,0.4444444444444444,0.1111111111111111,62,30,92,3.1590362717391307,4.57314252173913,8.34258708695652,"Harrison Bader","18030",664056
"Ronny Simon",2026,"FA,FC,FS,SI,CH,SL,CU",97,0.23529411764705882,0.35294117647058826,0.4117647058823529,0.2857142857142857,0.14285714285714285,71,26,97,4.377105463917526,3.791912781443299,8.6987893814433,"Ronny Simon","25346",682927
"Andy Ibáñez",2026,"FA,FC,SI,CH,SL,CU,KC",74,0.15,0.3,0.55,0,0,61,13,74,4.7288637432432425,3.392880252702703,8.997187837837837,"Andy Ibanez","18819",628451
"Grant McCray",2026,"FA,FC,SI,CH,SL,CU",108,0.35714285714285715,0.35714285714285715,0.2857142857142857,0.25,0,68,40,108,1.6871173851851853,4.459444496296296,7.801525166666666,"Grant McCray","25690",687529
"Yohel Pozo",2026,"FA,FC,SI,CH,SL,CU,KC",83,0.2727272727272727,0.45454545454545453,0.2727272727272727,0.3333333333333333,0,62,21,83,4.1163532518072286,4.180683987951807,8.975513614457832,"Yohel Pozo","18848",650968
"Colt Keith",2026,"FA,FC,SI,CH,SL,CU,EP",87,0.2,0.65,0.15,0.6666666666666666,0,55,32,87,1.3105021149425289,3.583263135862069,7.6301956321839075,"Colt Keith","27899",690993
"Alex Jackson",2026,"FA,FC,FS,SI,CH,SL,CU",88,0.3333333333333333,0.25,0.4166666666666667,0.2,0,64,24,88,3.673213025,4.145584701136363,8.602302272727274,"Alex Jackson","17276",656577
"Yoán Moncada",2026,"FA,FC,SI,CH,SL,CU",122,0,0.7777777777777778,0.2222222222222222,0,0,76,46,122,3.952501508196721,4.035830180737705,9.199907786885246,"Yoan Moncada","17232",660162
"Tommy Pham",2026,"FA,SI,CH,SL,CU,KC",103,0.15384615384615385,0.5384615384615384,0.3076923076923077,0,0.25,63,40,103,3.8556034271844664,3.643326658252427,8.572803747572813,"Tommy Pham","2967",502054
"John Peck",2026,"FA,FC,SI,CH,SL,CU",91,0.3125,0.5,0.1875,0,0,63,28,91,2.743596065934066,5.19282134065934,9.102544835164839,"John Peck","33500",807726
"Edouard Julien",2026,"FA,FC,FS,SI,CH,SL,CU",109,0.25,0.5833333333333334,0.16666666666666666,0,0,64,45,109,1.7332527155963298,3.476004666972477,7.118093220183486,"Edouard Julien","27534",666397
"Connor Joe",2026,"FA,FC,SI,CH,SL,CU,KC",119,0.16666666666666666,0.3333333333333333,0.5,0.16666666666666666,0.16666666666666666,72,47,119,3.680985989915966,3.524338630252101,9.177801680672271,"Connor Joe","16572",656582
"Junior Perez",2026,"FA,FC,SI,CH,SL,CU",104,0.17647058823529413,0.23529411764705882,0.5882352941176471,0.4,0.1,74,30,104,3.3606716278846145,4.441861808653846,8.382734028846155,"Junior Perez","23989",678577
"Luke Raley",2026,"FA,FC,SI,CH,SL,CU",86,0.4117647058823529,0.47058823529411764,0.11764705882352941,0,0,63,23,86,2.5045597209302324,3.69980823255814,8.468987441860463,"Luke Raley","19354",670042
"Kerry Carpenter",2026,"FA,FC,SI,CH,SL,CU",108,0.2,0.26666666666666666,0.5333333333333333,0.25,0,70,38,108,2.017854574074074,3.433371734259259,8.492182592592592,"Kerry Carpenter","25961",681481
"Zack Short",2026,"FA,FC,SI,CH,SL,CU",117,0.21428571428571427,0.14285714285714285,0.6428571428571429,0.2222222222222222,0,69,48,117,4.680805017094017,5.82222601965812,9.49987905982906,"Zack Short","19562",670097
"Mickey Gasper",2026,"FA,FC,FS,SI,CH,SL,CU",124,0.125,0.3125,0.5625,0.3333333333333333,0,77,47,124,2.803274409677419,2.6779574258064516,8.012747040322582,"Mickey Gasper","24759",681508
"Adrian Del Castillo",2026,"FA,FC,SI,CH,SL,CU",104,0.14285714285714285,0.35714285714285715,0.5,0.2857142857142857,0,75,29,104,2.367759453846154,3.9600133476923083,7.604062721153846,"Adrian Del Castillo","29554",680728
"James Outman",2026,"FA,FC,SI,CH,SL,CU",90,0.1875,0.375,0.4375,0.14285714285714285,0.2857142857142857,57,33,90,1.6768908211111109,4.117224155555556,8.116154844444445,"James Outman","24770",681546
"Eric Haase",2026,"FA,FC,SI,CH,SL,CU",110,0.2857142857142857,0.6428571428571429,0.07142857142857142,1,0,71,39,110,3.9013772090909096,3.6142179289090905,8.773870545454546,"Eric Haase","14111",606992
"Endy Rodríguez",2026,"FA,FC,SI,CH,SL,CU,KC",125,0.15384615384615385,0.38461538461538464,0.46153846153846156,0.16666666666666666,0.16666666666666666,75,50,125,3.2317240908000002,2.9842247224,8.197889391999999,"Endy Rodriguez","25332",682848
"Christian Franklin",2026,"FA,FC,FS,SI,CH,SL,CU",133,0.1875,0.5,0.3125,0.4,0,76,57,133,3.163061510225564,5.686646037593985,9.095093368421052,"Christian Franklin","29896",681047
"Brett Harris",2026,"FA,FC,SI,CH,SL,CU",104,0.2777777777777778,0.6111111111111112,0.1111111111111111,0.5,0,64,40,104,2.2638677980769226,4.053977826923077,8.33983375,"Brett Harris","29788",695391
"Leo Bernal",2026,"FA,FC,SI,CH,SL,CU",110,0.5,0.3333333333333333,0.16666666666666666,0,0,66,44,110,2.5182320199999997,3.4550034662727263,8.7793702,"Leo Bernal","29016",699024
"Buddy Kennedy",2026,"FA,FC,SI,CH,SL,CU,KC",141,0.15384615384615385,0.15384615384615385,0.6923076923076923,0.4444444444444444,0,88,53,141,3.385238311347518,4.44406360283688,9.154496879432624,"Buddy Kennedy","22505",671083
"Rafael Marchán",2026,"FA,FC,FS,SI,CH,SL,CU,KC",110,0.22727272727272727,0.36363636363636365,0.4090909090909091,0.3333333333333333,0.1111111111111111,79,31,110,2.103352636363636,2.777209475,8.643791327272726,"Rafael Marchan","21646",665561
"Masataka Yoshida",2026,"FA,FC,SI,CH,SL,CU",109,0.45454545454545453,0.45454545454545453,0.09090909090909091,0,0,66,43,109,3.977031766972478,3.7723495323853204,9.099990091743122,"Masataka Yoshida","31837",807799
"George Lombard Jr.",2026,"FA,FC,SI,CH,SL,CU,KC",127,0.15789473684210525,0.47368421052631576,0.3684210526315789,0.14285714285714285,0.2857142857142857,79,48,127,3.301066498425197,3.807979566141732,8.373284007874014,"George Lombard Jr.","33433",806146
"Zach Dezenzo",2026,"FA,FC,FS,SI,CH,SL,CU,KC",129,0.25,0.3125,0.4375,0.2857142857142857,0.14285714285714285,85,44,129,3.134160936124031,5.144625089147286,8.688279007751936,"Zach Dezenzo","31562",701305
"Giancarlo Stanton",2026,"FA,FC,FS,SI,CH,SL,CU,KC",124,0.26666666666666666,0.3333333333333333,0.4,0.16666666666666666,0.16666666666666666,71,53,124,4.196957037903225,5.335137983870967,9.110279274193548,"Giancarlo Stanton","4949",519317
"Luke Maile",2026,"FA,FC,SI,CH,SL,CU,KC",111,0.15789473684210525,0.2631578947368421,0.5789473684210527,0.2727272727272727,0.09090909090909091,76,35,111,3.7045648653153154,3.7834874720720717,8.262065315315315,"Luke Maile","13355",571912
"Jorge Polanco",2026,"FA,FC,FS,SI,CH,SL,CU,KC",126,0.2727272727272727,0.18181818181818182,0.5454545454545454,0.25,0,86,40,126,3.332025752380953,5.079871642857145,9.166678650793651,"Jorge Polanco","13152",593871
"Bryan Torres",2026,"FA,FC,SI,SL,CU,KC",119,0.17391304347826086,0.6521739130434783,0.17391304347826086,0,0,78,41,119,3.6868215400000004,3.9636060478991593,8.699916941176472,"Bryan Torres","21464",663494
"Billy Cook",2026,"FA,FC,FS,SI,CH,SL,CU,KC",123,0.1111111111111111,0.4444444444444444,0.4444444444444444,0.375,0,87,36,123,3.6781694308943087,4.53868374796748,9.21444300813008,"Billy Cook","29573",695257
"Yohendrick Piñango",2026,"FA,FC,SI,CH,SL,CU",114,0.42105263157894735,0.42105263157894735,0.15789473684210525,0,0.3333333333333333,85,29,114,1.917723742105263,2.391320977192981,8.80598552631579,"Yohendrick Pinango","26664",682818
"Jhonny Pereda",2026,"FA,FC,SI,CH,SL,CU",122,0.4,0.35,0.25,0.2,0.2,79,43,122,3.2453299590163933,4.112354927950819,9.095083368852459,"Jhonny Pereda","19802",640902
"Rece Hinds",2026,"FA,FC,FS,SI,CH,SL,CU,KC",155,0.45454545454545453,0.2727272727272727,0.2727272727272727,0.3333333333333333,0,101,54,155,3.4116017692258067,2.232304290967742,9.331897032258066,"Rece Hinds","27493",677956
"Jacob Gonzalez",2026,"FA,FC,SI,CH,SL,CU",132,0.2857142857142857,0.3333333333333333,0.38095238095238093,0.375,0,82,50,132,1.5867898333333335,2.1915217090151518,8.210395909090908,"Jacob Gonzalez","33225",694378
"Adael Amador",2026,"FA,FC,FS,SI,CH,SL,CU",127,0.2916666666666667,0.5,0.20833333333333334,0,0,85,42,127,2.2071611692913384,3.2910326244094494,8.066618771653543,"Adael Amador","27962",691182
"Josh Smith",2026,"FA,FC,SI,CH,SL,CU",119,0.11764705882352941,0.7647058823529411,0.11764705882352941,0,0,82,37,119,3.688302968151261,3.7005511705882355,8.867770378151262,"Josh Smith","26396",669701
"Nick Castellanos",2026,"FA,FC,SI,CH,SL,CU",125,0.2608695652173913,0.2608695652173913,0.4782608695652174,0,0.09090909090909091,86,39,125,3.7286443648,3.6873963239999994,9.079088639999997,"Nick Castellanos","11737",592206
"Nate Eaton",2026,"FA,FC,FS,SI,CH,SL,CU",142,0.375,0.1875,0.4375,0.2857142857142857,0,90,52,142,3.04035639084507,3.945751886619718,8.488554084507042,"Nate Eaton","25055",681987
"Brian Serven",2026,"FA,FC,SI,CH,SL,CU",124,0.14814814814814814,0.5555555555555556,0.2962962962962963,0,0.25,86,38,124,4.4733919516129035,4.435670385483871,9.158732016129033,"Brian Serven","19422",661531
"Sean Murphy",2026,"FA,FC,FS,SI,CH,SL,CU",128,0.05263157894736842,0.5263157894736842,0.42105263157894735,0.125,0.125,84,44,128,3.00388521875,4.0308508021875005,7.9758543671875,"Sean Murphy","19352",669221
"Luis Urías",2026,"FA,FC,SI,CH,SL,CU",146,0.2916666666666667,0.2916666666666667,0.4166666666666667,0.4,0.1,92,54,146,2.4571637726027395,4.086714064383561,8.628505205479454,"Luis Urias","16622",649966
"Jesús Sánchez",2026,"FA,FC,SI,CH,SL,CU,KC",100,0.19230769230769232,0.5,0.3076923076923077,0.125,0,74,26,100,2.2539599500000005,1.7244148199999996,7.990471100000001,"Jesus Sanchez","19913",660821
"Alex Freeland",2026,"FA,FC,FS,SI,CH,SL,CU",150,0.2222222222222222,0.3888888888888889,0.3888888888888889,0.14285714285714285,0,95,55,150,2.5075863826666667,3.6553954920000002,7.981343733333332,"Alex Freeland","31665",690976
"Sam Haggerty",2026,"FA,FC,SI,CH,SL,CU,KC",128,0.15,0.4,0.45,0.4444444444444444,0,82,46,128,3.2545757421875,4.849892851562499,8.6173046328125,"Sam Haggerty","18054",664059
"Santiago Espinal",2026,"FA,FC,FS,SI,CH,SL,CU",149,0.2413793103448276,0.3448275862068966,0.41379310344827586,0.16666666666666666,0.08333333333333333,98,51,149,3.5351589127516774,3.783989773959731,8.69771288590604,"Santiago Espinal","19997",669289
"Joc Pederson",2026,"FA,FC,FS,SI,CH,SL,CU",166,0.23529411764705882,0.5294117647058824,0.23529411764705882,0.25,0.25,101,65,166,2.3148508975903614,3.7900610701807245,8.194814692771084,"Joc Pederson","11899",592626
"Denzel Clarke",2026,"FA,FC,SI,CH,SL,CU,KC",157,0.16666666666666666,0.75,0.08333333333333333,1,0,92,65,157,3.6372665318471333,4.229398271974523,8.769567299363056,"Denzel Clarke","29858",672016
"Austin Wynns",2026,"FA,FC,SI,CH,SL,CU",131,0.2608695652173913,0.2608695652173913,0.4782608695652174,0.2727272727272727,0.09090909090909091,98,33,131,3.9917179007633585,3.41739624427481,9.002619801526718,"Austin Wynns","15271",642851
"Cam Cauley",2026,"FA,FC,SI,CH,SL,CU",134,0.13636363636363635,0.45454545454545453,0.4090909090909091,0.3333333333333333,0.1111111111111111,88,46,134,3.563091375373135,4.495280529850745,8.898513,"Cam Cauley","29710",695508
"Drew Romo",2026,"FA,FC,SI,CH,SL,CU",143,0.34782608695652173,0.30434782608695654,0.34782608695652173,0.375,0.125,85,58,143,3.4852643258741263,3.7141603272727273,8.60450306993007,"Drew Romo","27763",691011
"TJ Friedl",2026,"FA,FC,SI,CH,SL,CU",124,0.14814814814814814,0.6296296296296297,0.2222222222222222,0.6666666666666666,0,80,44,124,3.7155253467741933,5.4183784193548385,9.155449975806453,"TJ Friedl","19522",670770
"Brian Navarreto",2026,"FA,FC,FS,SI,CH,SL,CU,KC",159,0.18181818181818182,0.4090909090909091,0.4090909090909091,0.3333333333333333,0.1111111111111111,108,51,159,4.155079150251572,3.0818123150943397,8.8237583836478,"Brian Navarreto","16398",640459
"Dominic Smith",2026,"FA,FC,SI,CH,SL,CU,KC",147,0.14814814814814814,0.3333333333333333,0.5185185185185185,0.42857142857142855,0,97,50,147,2.3955528387755103,4.473472935374152,8.573131659863945,"Dominic Smith","15653",642086
"John Rave",2026,"FA,FC,SI,CH,SL,CU,KC",155,0.13636363636363635,0.36363636363636365,0.5,0.18181818181818182,0.09090909090909091,104,51,155,1.4476466787096771,4.559523138709677,7.840572245161289,"John Rave","26284",670231
"Kyle Teel",2026,"FA,FC,SI,CH,SL,CU",177,0.4444444444444444,0.4444444444444444,0.1111111111111111,1,0,108,69,177,3.2252719887005656,3.531507052272316,8.178663163841806,"Kyle Teel","33549",691019
"Mike Yastrzemski",2026,"FA,FC,SI,CH,SL,CU,KC",156,0.19047619047619047,0.38095238095238093,0.42857142857142855,0.1111111111111111,0.1111111111111111,108,48,156,2.5319782185897437,4.40295206923077,8.383512198717948,"Mike Yastrzemski","14854",573262
"Jose Trevino",2026,"FA,FC,SI,CH,SL,CU,KC",154,0.15625,0.59375,0.25,0.375,0,113,41,154,3.9777374253246753,3.7914862045454543,9.345976538961041,"Jose Trevino","16725",624431
"Romy Gonzalez",2026,"FA,FC,SI,CH,SL,CU",164,0.17391304347826086,0.5217391304347826,0.30434782608695654,0.2857142857142857,0.14285714285714285,99,65,164,2.939427975609756,4.170324570731707,8.57036280487805,"Romy Gonzalez","21562",663853
"Ramón Urías",2026,"FA,FC,SI,CH,SL,CU",153,0.11538461538461539,0.3076923076923077,0.5769230769230769,0.13333333333333333,0.26666666666666666,90,63,153,4.140940633986929,3.852020842352941,9.299769189542486,"Ramon Urias","18795",602104
"Owen Caissie",2026,"FA,FC,SI,CH,SL,CU,KC",178,0.3684210526315789,0.42105263157894735,0.21052631578947367,0.5,0,116,62,178,1.1137755174157307,3.1404767882022484,8.264475196629212,"Owen Caissie","27496",683357
"Bryan De La Cruz",2026,"FA,FC,FS,SI,CH,SL,CU",168,0.3076923076923077,0.6153846153846154,0.07692307692307693,0,0.5,108,60,168,2.1496730955357144,3.58686548452381,8.21595163095238,"Bryan De La Cruz","19600",650559
"Hunter Feduccia",2026,"FA,FC,FS,SI,CH,SL,CU,KC",166,0.22580645161290322,0.3548387096774194,0.41935483870967744,0.07692307692307693,0,107,59,166,2.6031582740963857,4.467181724698795,8.928292891566265,"Hunter Feduccia","23372",676439
"Héctor Rodríguez",2026,"FA,FC,FS,SI,CH,SL,CU",157,0.11538461538461539,0.46153846153846156,0.4230769230769231,0.18181818181818182,0.09090909090909091,108,49,157,3.2718042369426747,4.420902684076433,8.526392382165607,"Hector Rodriguez","29189",699302
"Taylor Trammell",2026,"FA,FC,SI,CH,SL,CU,KC",161,0.04,0.64,0.32,0.125,0,102,59,161,0.9830399565217395,3.5301566062111798,8.607069006211178,"Taylor Trammell","19960",666211
"Angel Genao",2026,"FA,FC,FS,SI,CH,SL,CU",150,0.12903225806451613,0.7096774193548387,0.16129032258064516,0.2,0.2,97,53,150,3.153289966666667,3.144556808,8.350073033333334,"Angel Genao","28811",694197
"Anthony Seigler",2026,"FA,FC,SI,CH,SL,CU",150,0.22580645161290322,0.2903225806451613,0.4838709677419355,0.06666666666666667,0.06666666666666667,97,53,150,3.184850484,4.985895333333332,8.723173979999999,"Anthony Seigler","23802",678011
"Blake Dunn",2026,"FA,FC,FS,SI,CH,SL,CU",156,0.32142857142857145,0.5357142857142857,0.14285714285714285,0.25,0,104,52,156,3.2161102442307685,3.7435145493589745,8.050212006410257,"Blake Dunn","29487",694362
"Turner Hill",2026,"FA,FC,SI,CH,SL,CU,KC",166,0.2,0.4,0.4,0.08333333333333333,0,104,62,166,3.382606957831326,4.479588858433734,8.659694078313255,"Turner Hill","32053",806367
"Nick Allen",2026,"FA,FC,FS,SI,CH,SL,CU",153,0.21875,0.46875,0.3125,0.3,0.1,97,56,153,4.189877718954248,5.097104220915033,9.538421960784312,"Nick Allen","22277",669397
"Joshua Báez",2026,"FA,FC,SI,CH,SL,CU",149,0.24,0.36,0.4,0.3,0.5,104,45,149,3.5517799127516776,3.2873166261744973,8.067788248322149,"Joshua Baez","29596",695491
"Edwin Arroyo",2026,"FA,FC,FS,SI,CH,SL,CU",141,0.36666666666666664,0.4,0.23333333333333334,0.2857142857142857,0,102,39,141,2.658195404255319,2.921106461702127,8.26836725531915,"Edwin Arroyo","29957",695490
"Ali Sánchez",2026,"FA,FC,FS,SI,CH,SL,CU",161,0.2692307692307692,0.3076923076923077,0.4230769230769231,0.5454545454545454,0.09090909090909091,107,54,161,4.342797014285714,4.024121526086955,9.044736198757763,"Ali Sanchez","18551",645305
"Joey Wiemer",2026,"FA,FC,FS,SI,CH,SL,CU,KC",174,0.2608695652173913,0.4782608695652174,0.2608695652173913,0.16666666666666666,0.5,109,65,174,5.1229592126436785,3.4823201890804594,9.171943195402298,"Joey Wiemer","27690",686894
"Eric Wagaman",2026,"FA,FC,FS,SI,CH,SL,CU",184,0.35714285714285715,0.39285714285714285,0.25,0.14285714285714285,0.2857142857142857,115,69,184,3.647976077336956,3.0081758043478257,8.382370820652174,"Eric Wagaman","23395",676572
"Juan Brito",2026,"FA,FC,FS,SI,CH,SL,CU",171,0.3225806451612903,0.2903225806451613,0.3870967741935484,0.16666666666666666,0.16666666666666666,118,53,171,3.0884250730994154,3.2563006432748542,8.433797426900584,"Juan Brito","26693",682877
"Pedro Ramírez",2026,"FA,FC,FS,SI,CH,SL,CU,KC",155,0.23529411764705882,0.5588235294117647,0.20588235294117646,0.2857142857142857,0.2857142857142857,97,58,155,4.154220258064518,4.011487016774194,8.818576845161289,"Pedro Ramirez","29218",699393
"Christopher Morel",2026,"FA,FC,SI,CH,SL,CU,KC",155,0.18518518518518517,0.48148148148148145,0.3333333333333333,0.4444444444444444,0,108,47,155,2.4388702232258064,3.7938656600000007,8.844960032258065,"Christopher Morel","21897",666624
"Everson Pereira",2026,"FA,FC,FS,SI,CH,SL,CU,KC",173,0.25,0.45,0.3,0.16666666666666666,0.3333333333333333,105,68,173,5.06086067283237,3.9082765895953764,8.715312601156066,"Everson Pereira","23695",677592
"Jake Rogers",2026,"FA,FC,FS,SI,CH,SL,CU",175,0.125,0.375,0.5,0.16666666666666666,0.16666666666666666,103,72,175,4.1959431942857135,3.6286080628571424,9.255319828571427,"Jake Rogers","19452",668670
"Max Schuemann",2026,"FA,FC,SI,CH,SL,CU",186,0.1724137931034483,0.3793103448275862,0.4482758620689655,0.23076923076923078,0.07692307692307693,109,77,186,4.485102876344085,4.402123837096774,8.893451827956989,"Max Schuemann","24488",680474
"Travis d'Arnaud",2026,"FA,FC,FS,SI,CH,SL,CU",169,0.16,0.4,0.44,0.09090909090909091,0.09090909090909091,113,56,169,4.263621431360947,4.534795071005917,8.792260485207102,"Travis d'Arnaud","7739",518595
"Lenyn Sosa",2026,"FA,FC,FS,SI,CH,SL,CU,KC",179,0.27586206896551724,0.3793103448275862,0.3448275862068966,0,0.1,133,46,179,2.492490474860336,3.3189989083798874,8.335304318435757,"Lenyn Sosa","22896",672820
"Petey Halpin",2026,"FA,FC,SI,CH,SL",161,0.16666666666666666,0.36666666666666664,0.4666666666666667,0.35714285714285715,0.07142857142857142,109,52,161,2.486518350931677,4.0494324534161485,8.035313217391305,"Petey Halpin","27931",690984
"Shay Whitcomb",2026,"FA,FC,SI,CH,SL,CU,KC",154,0.27586206896551724,0.3103448275862069,0.41379310344827586,0.08333333333333333,0.08333333333333333,98,56,154,2.7502608487012985,4.4552955474025975,8.878079350649353,"Shay Whitcomb","27789",694376
"Nathaniel Lowe",2026,"FA,FC,SI,CH,SL,CU,KC",175,0.28125,0.4375,0.28125,0.6666666666666666,0,117,58,175,2.5716956731428566,3.2952953760000003,8.277538742857145,"Nathaniel Lowe","19566",663993
"Bryce Teodosio",2026,"FA,FC,SI,CH,SL,CU",152,0.15384615384615385,0.46153846153846156,0.38461538461538464,0.4,0,108,44,152,3.8197308776315793,4.713815620394737,9.675070065789475,"Bryce Teodosio","29524",669326
"Kaelen Culpepper",2026,"FA,FC,FS,SI,CH,SL,CU",188,0.25,0.46875,0.28125,0.2222222222222222,0.1111111111111111,131,57,188,2.7852731079787234,3.155945502659574,7.99440909574468,"Kaelen Culpepper","35111",701785
"Brent Rooker",2026,"FA,FC,SI,CH,SL,CU",190,0.375,0.16666666666666666,0.4583333333333333,0.09090909090909091,0.18181818181818182,124,66,190,3.67726362631579,2.682459398947368,8.565390878947367,"Brent Rooker","19627",667670
"Carlos Correa",2026,"FA,FC,FS,SI,CH,SL,CU,KC",194,0.2727272727272727,0.45454545454545453,0.2727272727272727,0.2222222222222222,0.3333333333333333,117,77,194,2.9670396577319593,4.198979563402062,8.808680360824743,"Carlos Correa","14162",621043
"Nolan Gorman",2026,"FA,FC,FS,SI,CH,SL,CU",191,0.13333333333333333,0.4666666666666667,0.4,0.25,0.08333333333333333,136,55,191,2.9518565275392663,4.389028436282724,8.313096434450264,"Nolan Gorman","22263",669357
"Matt Wallner",2026,"FA,FC,SI,CH,SL,CU,KC",171,0.24,0.4,0.36,0,0.1111111111111111,114,57,171,3.698915257309942,4.281971974269006,9.095887076023393,"Matt Wallner","26466",670242
"Cody Freeman",2026,"FA,FC,FS,SI,CH,SL,CU",190,0.15625,0.375,0.46875,0.3333333333333333,0.06666666666666667,124,66,190,3.020962879473684,4.1096233732105265,8.313952578947367,"Cody Freeman","25629",683227
"Leo Rivas",2026,"FA,FC,FS,SI,CH,SL,CU",204,0.10344827586206896,0.41379310344827586,0.4827586206896552,0.42857142857142855,0,122,82,204,3.329252342107843,4.926510539215687,8.707001950980391,"Leo Rivas","21009",660844
"Andrew Benintendi",2026,"FA,FC,FS,SI,CH,SL,CU",191,0.38461538461538464,0.38461538461538464,0.23076923076923078,0.3333333333333333,0,135,56,191,1.4920842486910997,3.5006830240837696,7.746252230366497,"Andrew Benintendi","17901",643217
"Brandon Lockridge",2026,"FA,FC,FS,SI,CH,SL,CU",194,0.2,0.64,0.16,0.25,0,130,64,194,2.6141297443298974,3.944588810824743,8.102706922680415,"Brandon Lockridge","21496",663604
"Gabriel Arias",2026,"FA,FC,FS,SI,CH,SL,CU",187,0.2608695652173913,0.4782608695652174,0.2608695652173913,0.16666666666666666,0,134,53,187,2.1938333048128347,4.212564587700536,8.631172299465241,"Gabriel Arias","22563",672356
"Alejandro Osuna",2026,"FA,FC,SI,CH,SL,CU",156,0.23684210526315788,0.5526315789473685,0.21052631578947367,0.375,0,112,44,156,2.951475730769231,4.218852025641026,8.544533358974357,"Alejandro Osuna","27915",696030
"Drew Gilbert",2026,"FA,FC,SI,CH,SL,CU,KC",199,0.14285714285714285,0.4642857142857143,0.39285714285714285,0.7272727272727273,0,135,64,199,2.130801351758794,4.032435693417085,8.10602965829146,"Drew Gilbert","31545",687551
"Andrew McCutchen",2026,"FA,FC,SI,CH,SL,CU,KC",205,0.14285714285714285,0.22857142857142856,0.6285714285714286,0.2727272727272727,0.045454545454545456,119,86,205,3.9318599590243895,4.536226782439025,8.859200048780487,"Andrew McCutchen","9847",457705
"Samad Taylor",2026,"FA,FC,FS,SI,CH,SL,CU",197,0.18181818181818182,0.48484848484848486,0.3333333333333333,0.09090909090909091,0,131,66,197,4.357390486294416,4.389289616751269,8.877773126903554,"Samad Taylor","22274",669392
"Victor Robles",2026,"FA,FC,FS,SI,CH,SL,CU",189,0.2857142857142857,0.34285714285714286,0.37142857142857144,0.15384615384615385,0,124,65,189,3.7719491439153434,4.454887328042328,9.12585650793651,"Victor Robles","18363",645302
"Jase Bowen",2026,"FA,FC,SI,CH,SL,CU,KC",174,0.1724137931034483,0.4482758620689655,0.3793103448275862,0,0.18181818181818182,119,55,174,4.942823143678162,4.815236367816092,9.151932160919543,"Jase Bowen","26047",687749
"Daniel Susac",2026,"FA,FC,FS,SI,CH,SL,CU,KC",190,0.358974358974359,0.48717948717948717,0.15384615384615385,0,0.3333333333333333,129,61,190,4.218500074736841,3.324892271473684,8.22033849473684,"Daniel Susac","31441",691740
"Andrew Knizner",2026,"FA,FC,FS,SI,CH,SL,CU,KC",184,0.13157894736842105,0.34210526315789475,0.5263157894736842,0.35,0.05,128,56,184,3.270907938586957,4.433904141304348,8.698819391304346,"Andrew Knizner","19514",668800
"Wenceel Pérez",2026,"FA,FC,SI,CH,SL,CU,KC",199,0.11363636363636363,0.38636363636363635,0.5,0.22727272727272727,0.18181818181818182,129,70,199,3.9985911859296484,5.239572293517587,9.375953467336684,"Wenceel Perez","22857",672761
"Thomas Saggese",2026,"FA,FC,FS,SI,CH,SL,CU",222,0.36,0.28,0.36,0.1111111111111111,0.3333333333333333,136,86,222,3.387601340540541,5.0393229579279275,9.255699554054054,"Thomas Saggese","27883",695336
"Kyle Higashioka",2026,"FA,FC,FS,SI,CH,SL,CU,KC",212,0.3142857142857143,0.22857142857142856,0.45714285714285713,0.4375,0.1875,139,73,212,3.0912523483018868,3.3161408202830196,8.664504896226415,"Kyle Higashioka","5517",543309
"Jorbit Vivas",2026,"FA,FC,SI,CH,SL,CU,KC",189,0.2894736842105263,0.5789473684210527,0.13157894736842105,0.2,0,118,71,189,3.6298780582010584,3.9849559772486773,8.631055513227512,"Jorbit Vivas","23917",678391
"Lourdes Gurriel Jr.",2026,"FA,FC,FS,SI,CH,SL,CU,KC",198,0.21428571428571427,0.5238095238095238,0.2619047619047619,0.36363636363636365,0,137,61,198,3.7765139015151514,4.132990100656566,8.42580861111111,"Lourdes Gurriel Jr.","19238",666971
"Josh Lowe",2026,"FA,FC,SI,CH,SL,CU",212,0.1875,0.40625,0.40625,0.23076923076923078,0,143,69,212,1.7855940633018863,4.370160552183963,8.185580660377358,"Josh Lowe","19953",666139
"Ramón Laureano",2026,"FA,FC,FS,SI,CH,SL,CU",233,0.2571428571428571,0.4,0.34285714285714286,0.16666666666666666,0.08333333333333333,142,91,233,4.0658051244635205,3.947585523175966,9.091238326180255,"Ramon Laureano","17128",657656
"Harry Ford",2026,"FA,FC,FS,SI,CH,SL,CU,KC",247,0.16666666666666666,0.4,0.43333333333333335,0.07692307692307693,0.07692307692307693,144,103,247,3.7316808013765184,4.095212243319838,8.615457251012144,"Harry Ford","29958",695670
"Tyler Heineman",2026,"FA,FC,FS,SI,CH,SL,CU",186,0.19047619047619047,0.5476190476190477,0.2619047619047619,0.2727272727272727,0,134,52,186,3.4965980639784946,3.541176373655914,8.653335768817204,"Tyler Heineman","13897",623168
"Jake Meyers",2026,"FA,FC,FS,SI,CH,SL,CU,KC",187,0.2,0.375,0.425,0.23529411764705882,0.058823529411764705,130,57,187,3.7427392804812842,4.394228011229946,8.961681042780747,"Jake Meyers","20308",676694
"Trevor Larnach",2026,"FA,FC,SI,CH,SL,CU,KC",214,0.3125,0.3125,0.375,0.3333333333333333,0.16666666666666666,142,72,214,1.4425470691588786,3.8551165657943924,7.724029686915887,"Trevor Larnach","21501",663616
"Enrique Hernández",2026,"FA,FC,SI,CH,SL,CU,KC",209,0.2727272727272727,0.36363636363636365,0.36363636363636365,0.25,0.16666666666666666,145,64,209,4.047420846889953,3.3910547070334927,8.601144583732058,"Enrique Hernandez","10472",571771
"Eduardo Valencia",2026,"FA,FC,FS,SI,CH,SL,CU,KC",246,0.34285714285714286,0.3142857142857143,0.34285714285714286,0.25,0.4166666666666667,169,77,246,3.3044774325203243,3.8918354943902433,8.608152621951218,"Eduardo Valencia","24574",680664
"Darell Hernaiz",2026,"FA,FC,SI,CH,SL,CU",227,0.3170731707317073,0.3902439024390244,0.2926829268292683,0.3333333333333333,0.08333333333333333,149,78,227,4.704710008810574,4.3489683555066065,9.509857436123347,"Darell Hernaiz","26224",687231
"Charles McAdoo",2026,"FA,FC,FS,SI,CH,SL,CU,KC",233,0.2857142857142857,0.34285714285714286,0.37142857142857144,0.38461538461538464,0.07692307692307693,148,85,233,5.266483326180257,5.00771196223176,9.431566888412018,"Charles McAdoo","33323",807727
"Patrick Bailey",2026,"FA,FC,FS,SI,CH,SL,CU,KC",249,0.15625,0.4375,0.40625,0.15384615384615385,0.07692307692307693,149,100,249,3.5336282526104412,4.304943269076305,8.48433338955823,"Patrick Bailey","27478",672275
"Jordan Lawlar",2026,"FA,FC,FS,SI,CH,SL,CU,KC",234,0.2702702702702703,0.24324324324324326,0.4864864864864865,0.05555555555555555,0.16666666666666666,143,91,234,4.199438794444444,4.21822847991453,8.667329495726497,"Jordan Lawlar","29976",691783
"James McCann",2026,"FA,FC,FS,SI,CH,SL,CU,KC",234,0.19047619047619047,0.5,0.30952380952380953,0.23076923076923078,0,150,84,234,3.387431414529915,4.0082564666666665,8.475830598290598,"James McCann","12859",543510
"Spencer Jones",2026,"FA,FC,FS,SI,CH,SL,CU,KC",225,0.42857142857142855,0.2,0.37142857142857144,0.15384615384615385,0.23076923076923078,148,77,225,1.8117399808888892,4.0012461072,8.03596687111111,"Spencer Jones","31532",682987
"Nicky Lopez",2026,"FA,FC,FS,SI,CH,SL,CU",225,0.21428571428571427,0.5714285714285714,0.21428571428571427,0.2222222222222222,0,154,71,225,2.9983821031111115,4.406380012444445,8.573375902222223,"Nicky Lopez","19339",670032
"Javier Báez",2026,"FA,FC,SI,CH,SL,CU,KC",195,0.2608695652173913,0.5,0.2391304347826087,0.18181818181818182,0.18181818181818182,139,56,195,4.242557272820513,3.897826965641026,8.721187451282054,"Javier Baez","12979",595879
"Osleivis Basabe",2026,"FA,FC,FS,SI,CH,SL,CU,KC",247,0.2,0.4,0.4,0.1875,0.0625,164,83,247,4.114294808097166,4.830732264777328,8.796885910931172,"Osleivis Basabe","23985",678545
"Blake Perkins",2026,"FA,FC,SI,CH,SL,CU,KC",251,0.2857142857142857,0.3333333333333333,0.38095238095238093,0.4375,0.0625,159,92,251,4.899957392430279,4.654470489243028,9.064118390438244,"Blake Perkins","19921",663368
"Braxton Fulford",2026,"FA,FC,FS,SI,CH,SL,CU,KC,EP",263,0.07407407407407407,0.3333333333333333,0.5925925925925926,0.1875,0,159,104,263,2.574874990988593,3.984641749049428,7.302652060836501,"Braxton Fulford","29704",690924
"Moisés Ballesteros",2026,"FA,FC,SI,CH,SL,CU,EP",234,0.18181818181818182,0.4772727272727273,0.3409090909090909,0.2,0,163,71,234,1.4228391308034192,4.784622776068376,7.763901398717949,"Moises Ballesteros","28820",694208
"Nick Yorke",2026,"FA,FC,FS,SI,CH,SL,CU,KC",255,0.1,0.55,0.35,0.07142857142857142,0.07142857142857142,163,92,255,3.965471556862745,4.207287852549018,9.150002431372549,"Nick Yorke","27504",694377
"Brett Bateman",2026,"FA,FC,SI,CH,SL,CU",225,0.25,0.5681818181818182,0.18181818181818182,0.125,0,149,76,225,4.586473647999999,4.734757846311112,8.947964591111111,"Brett Bateman","33312",703520
"Ke'Bryan Hayes",2026,"FA,FC,FS,SI,CH,SL,CU,KC",223,0.425531914893617,0.3191489361702128,0.2553191489361702,0,0.08333333333333333,151,72,223,3.5678277605381163,4.433669257399103,9.131319582959643,"Ke'Bryan Hayes","18577",663647
"Jorge Barrosa",2026,"FA,FC,FS,SI,CH,SL,CU",264,0.22857142857142856,0.42857142857142855,0.34285714285714286,0.16666666666666666,0.08333333333333333,166,98,264,4.316471323257576,4.172660309469697,8.84951783371212,"Jorge Barrosa","23968",678489
"Christian Vázquez",2026,"FA,FC,FS,SI,CH,SL,CU,KC",238,0.30434782608695654,0.34782608695652173,0.34782608695652173,0.25,0.0625,168,70,238,3.8942083872268904,5.2691051302521,9.21732043697479,"Christian Vazquez","9774",543877
"Jared Young",2026,"FA,FC,SI,CH,SL,CU",237,0.19047619047619047,0.5476190476190477,0.2619047619047619,0.36363636363636365,0,156,81,237,3.519082426160337,3.6280679632911395,8.725978443037976,"Jared Young","20404",676724
"Richie Palacios",2026,"FA,FC,FS,SI,CH,SL,CU,KC",224,0.18181818181818182,0.6136363636363636,0.20454545454545456,0.5555555555555556,0,149,75,224,3.8820648915178566,4.8925966986607135,9.058606084821431,"Richie Palacios","24589",680700
"Mitch Garver",2026,"FA,FC,FS,SI,CH,SL,CU,KC",288,0.17142857142857143,0.4,0.42857142857142855,0.2,0.06666666666666667,176,112,288,3.067853604513888,4.681317781597221,8.952977944444445,"Mitch Garver","15161",641598
"Austin Slater",2026,"FA,FC,SI,CH,SL,CU,KC",253,0.23684210526315788,0.42105263157894735,0.34210526315789475,0.3076923076923077,0,158,95,253,5.040110928853756,5.837161294071148,9.90822228853755,"Austin Slater","16153",596103
"Danny Jansen",2026,"FA,FC,FS,SI,CH,SL,CU,KC",260,0.16666666666666666,0.3333333333333333,0.5,0.3333333333333333,0.1111111111111111,155,105,260,4.234391719230769,3.9064292050000007,9.117746188461538,"Danny Jansen","16535",643376
"Victor Scott II",2026,"FA,FC,SI,CH,SL,CU",212,0.1276595744680851,0.5957446808510638,0.2765957446808511,0.23076923076923078,0.07692307692307693,145,67,212,3.058555267924528,3.469067643443396,8.61014183018868,"Victor Scott II","31349",687363
"Daniel Schneemann",2026,"FA,FC,SI,CH,SL,CU",253,0.18421052631578946,0.5263157894736842,0.2894736842105263,0.2727272727272727,0.18181818181818182,155,98,253,2.522959259683794,4.196901258498024,8.38033490118577,"Daniel Schneemann","25180",682177
"Colton Cowser",2026,"FA,FC,SI,CH,SL,CU,KC",293,0.26666666666666666,0.4,0.3333333333333333,0.2,0.1,193,100,293,1.6274073276450511,3.947981222696244,7.968318836177477,"Colton Cowser","29591",681297
"Ryan McMahon",2026,"FA,FC,SI,CH,SL,CU,KC",254,0.2702702702702703,0.43243243243243246,0.2972972972972973,0.09090909090909091,0,169,85,254,2.516607859055118,4.777749783464566,8.628528102362205,"Ryan McMahon","15112",641857
"Justin Crawford",2026,"FA,FC,SI,CH,SL,CU,KC",247,0.21739130434782608,0.6521739130434783,0.13043478260869565,0.16666666666666666,0.16666666666666666,172,75,247,3.495243470850203,3.9904476740890695,8.889651797570847,"Justin Crawford","31791",702222
"Dalton Rushing",2026,"FA,FC,FS,SI,CH,SL,CU",236,0.275,0.3,0.425,0.29411764705882354,0.058823529411764705,154,82,236,2.7393064555084745,3.8936191588983045,8.27097709322034,"Dalton Rushing","31382",687221
"Victor Bericoto",2026,"FA,FC,FS,SI,CH,SL,CU,KC",257,0.1956521739130435,0.5217391304347826,0.2826086956521739,0.15384615384615385,0.15384615384615385,179,78,257,2.559104943579767,4.1257333774319065,8.585722490272373,"Victor Bericoto","26468",682674
"Griffin Conine",2026,"FA,FC,FS,SI,CH,SL,CU",237,0.28888888888888886,0.4,0.3111111111111111,0.14285714285714285,0.07142857142857142,167,70,237,1.8891422755274268,4.281726624135021,8.316566261603375,"Griffin Conine","21626",665052
"Joey Bart",2026,"FA,FC,FS,SI,CH,SL,CU,KC",267,0.08571428571428572,0.4,0.5142857142857142,0.16666666666666666,0.05555555555555555,169,98,267,3.668928974906367,4.1080343445692895,8.467578764044944,"Joey Bart","21524",663698
"Victor Mesa Jr.",2026,"FA,FC,SI,CH,SL,CU,KC",218,0.21568627450980393,0.43137254901960786,0.35294117647058826,0.3333333333333333,0.1111111111111111,149,69,218,2.9717191614678904,4.724069640825688,9.0410148853211,"Victor Mesa Jr.","25999",683748
"Ha-Seong Kim",2026,"FA,FC,FS,SI,CH,SL,CU",286,0.11627906976744186,0.37209302325581395,0.5116279069767442,0.22727272727272727,0,190,96,286,3.8741480000000013,4.98024660881119,9.237657552447551,"Ha-Seong Kim","27506",673490
"Tristan Peters",2026,"FA,FC,SI,CH,SL,CU",244,0.16666666666666666,0.4523809523809524,0.38095238095238093,0.25,0.0625,155,89,244,4.184362888114754,3.939994164754099,8.602980483606558,"Tristan Peters","30063",671976
"Luis Robert Jr.",2026,"FA,FC,FS,SI,CH,SL,CU,KC",259,0.17391304347826086,0.4782608695652174,0.34782608695652173,0.1875,0.3125,158,101,259,3.870211147104247,3.501223393822394,8.748817042471044,"Luis Robert Jr.","20043",673357
"Tommy White",2026,"FA,FC,FS,SI,CH,SL,CU,KC",234,0.25,0.5961538461538461,0.15384615384615385,0,0,173,61,234,4.1487031000000005,4.663422400854701,8.921266705128204,"Tommy White","35107",695720
"Brett Sullivan",2026,"FA,FC,SI,CH,SL,CU",241,0.2777777777777778,0.46296296296296297,0.25925925925925924,0.5,0,163,78,241,1.7961059215767634,3.57058256933195,7.560813644398341,"Brett Sullivan","18217",664954
"Adolis García",2026,"FA,FC,FS,SI,CH,SL,CU,KC",286,0.3488372093023256,0.32558139534883723,0.32558139534883723,0.14285714285714285,0.2857142857142857,178,108,286,4.640684617832168,4.540741851048951,9.200607195804198,"Adolis Garcia","19287",666969
"Joe Mack",2026,"FA,FC,FS,SI,CH,SL,CU,KC",258,0.19047619047619047,0.5238095238095238,0.2857142857142857,0.3333333333333333,0.08333333333333333,173,85,258,2.3113243697674424,2.882037771007752,8.204119445736431,"Joe Mack","29780",691788
"Connor Wong",2026,"FA,FC,SI,CH,SL,CU,KC",244,0.21153846153846154,0.38461538461538464,0.40384615384615385,0.23809523809523808,0.14285714285714285,152,92,244,3.817712902459017,4.117467725409836,9.188709549180325,"Connor Wong","19896",657136
"Dylan Beavers",2026,"FA,FC,SI,CH,SL,CU",298,0.15555555555555556,0.4,0.4444444444444444,0.25,0,189,109,298,2.548769037785235,4.462876906708051,8.261488580536918,"Dylan Beavers","31695",687637
"Nick Sogard",2026,"FA,FC,FS,SI,CH,SL,CU",286,0.22448979591836735,0.3673469387755102,0.40816326530612246,0.3,0.1,183,103,286,3.433768181818181,4.236159156293707,8.90147853146853,"Nick Sogard","25483",686765
"Freddy Fermin",2026,"FA,FC,FS,SI,CH,SL,CU",282,0.2692307692307692,0.3269230769230769,0.40384615384615385,0.14285714285714285,0.09523809523809523,180,102,282,3.1800303804964547,3.987622932624112,8.773174517730498,"Freddy Fermin","21840",666023
"Kyle Manzardo",2026,"FA,FC,SI,CH,SL,CU",268,0.25,0.425,0.325,0.23076923076923078,0.07692307692307693,170,98,268,1.7911123249999998,3.0600904373134328,8.18039456716418,"Kyle Manzardo","29794",700932
"Trevor Story",2026,"FA,FC,FS,SI,CH,SL,CU",277,0.2682926829268293,0.4878048780487805,0.24390243902439024,0,0.1,193,84,277,3.118374861732852,3.802187120577618,8.93252255595668,"Trevor Story","12564",596115
"Kyle Isbel",2026,"FA,FC,SI,CH,SL,CU,KC",264,0.23529411764705882,0.5490196078431373,0.21568627450980393,0.18181818181818182,0.09090909090909091,191,73,264,2.7526451356060613,3.9971242235227273,8.882159685606064,"Kyle Isbel","21614",664728
"Brandon Valenzuela",2026,"FA,FC,FS,SI,CH,SL,CU",337,0.2127659574468085,0.46808510638297873,0.3191489361702128,0.3333333333333333,0.13333333333333333,215,122,337,4.641730693471811,5.001558310385757,9.244770738872406,"Brandon Valenzuela","23813",678218
"Carlos Narváez",2026,"FA,FC,FS,SI,CH,SL,CU,KC",333,0.15217391304347827,0.3695652173913043,0.4782608695652174,0.13636363636363635,0,218,115,333,3.887208943243243,4.813908933933935,8.824311525525525,"Carlos Narvaez","19722",665966
"Evan Carter",2026,"FA,FC,SI,CH,SL,CU",299,0.10256410256410256,0.5384615384615384,0.358974358974359,0.42857142857142855,0,199,100,299,2.1864633471571913,4.334354413612042,8.4706345451505,"Evan Carter","27790",694497
"Rafael Flores Jr.",2026,"FA,FC,FS,SI,CH,SL,CU,KC",306,0.125,0.4583333333333333,0.4166666666666667,0.05,0.3,194,112,306,2.843527459803921,3.5903632663398692,8.28792260130719,"Rafael Flores Jr.","31991",804668
"Miguel Andujar",2026,"FA,FC,FS,SI,CH,SL,CU",307,0.20634920634920634,0.5396825396825397,0.25396825396825395,0.25,0.0625,216,91,307,3.5944760710097707,3.1182767309446255,8.437552977198697,"Miguel Andujar","15878",609280
"David Hamilton",2026,"FA,FC,SI,CH,SL,CU,KC",288,0.2708333333333333,0.5208333333333334,0.20833333333333334,0.4,0.1,185,103,288,3.206883577777777,4.365003298715277,8.446414892361112,"David Hamilton","27531",666152
"Maikel Garcia",2026,"FA,FC,FS,SI,CH,SL,CU",337,0.26229508196721313,0.47540983606557374,0.26229508196721313,0.125,0.125,206,131,337,3.406874221958457,4.062969415875371,8.922616106824925,"Maikel Garcia","22715",672580
"Nelson Velázquez",2026,"FA,FC,FS,SI,CH,SL,CU",317,0.2765957446808511,0.2553191489361702,0.46808510638297873,0.13636363636363635,0.22727272727272727,210,107,317,3.7193613419558353,4.384016224921136,8.753066649842271,"Nelson Velazquez","23359",676369
"Colt Emerson",2026,"FA,FC,FS,SI,CH,SL,CU,KC",318,0.17391304347826086,0.43478260869565216,0.391304347826087,0.2777777777777778,0.16666666666666666,213,105,318,3.1177726359748426,4.799864713207547,9.050478930817611,"Colt Emerson","33575",806068
"Roman Anthony",2026,"FA,FC,FS,SI,CH,SL,CU",306,0.25862068965517243,0.6379310344827587,0.10344827586206896,0.16666666666666666,0.16666666666666666,196,110,306,2.6545904405228757,3.5083462555228757,8.407352251633986,"Roman Anthony","31812",701350
"Davis Schneider",2026,"FA,FC,SI,CH,SL,CU,KC",402,0.15151515151515152,0.36363636363636365,0.48484848484848486,0.1875,0.125,227,175,402,3.1214673977611938,4.626640592567164,8.574672472636816,"Davis Schneider","23565",676914
"Will Smith",2026,"FA,FC,FS,SI,CH,SL,CU,KC",386,0.26,0.3,0.44,0.045454545454545456,0.09090909090909091,225,161,386,3.3096090637305706,3.8821827588082907,8.383420297927461,"Will Smith","19197",669257
"Tyler Tolbert",2026,"FA,FC,SI,CH,SL,CU,KC",302,0.2037037037037037,0.48148148148148145,0.3148148148148148,0.23529411764705882,0.058823529411764705,192,110,302,3.1704746456953643,3.8262663205298018,8.593881556291393,"Tyler Tolbert","25779",686475
"Nathan Lukes",2026,"FA,FC,SI,CH,SL,CU",304,0.22033898305084745,0.6101694915254238,0.1694915254237288,0.3,0.1,208,96,304,4.188735345394737,4.036813629605265,8.809349565789475,"Nathan Lukes","18123",664770
"Zach McKinstry",2026,"FA,FC,SI,CH,SL,CU,KC,EP",338,0.2833333333333333,0.45,0.26666666666666666,0.3125,0,217,121,338,3.1790749522781074,4.464133686301776,8.588143698224851,"Zach McKinstry","19392",656716
"Brice Matthews",2026,"FA,FC,FS,SI,CH,SL,CU,KC",377,0.16981132075471697,0.4528301886792453,0.37735849056603776,0.35,0.2,235,142,377,3.038190443368701,4.060743364986739,8.67378794960212,"Brice Matthews","33280",694728
"Ryan Waldschmidt",2026,"FA,FC,FS,SI,CH,SL,CU,KC",350,0.32075471698113206,0.3584905660377358,0.32075471698113206,0.058823529411764705,0,210,140,350,3.1519594371428568,3.6870178102857145,8.238267162857142,"Ryan Waldschmidt","35061",814439
"Jasson Domínguez",2026,"FA,FC,FS,SI,CH,SL,CU",309,0.20967741935483872,0.45161290322580644,0.3387096774193548,0.2857142857142857,0.09523809523809523,204,105,309,4.5066372705178,4.322648903236246,8.992212262135922,"Jasson Dominguez","28080",691176
"Edgar Quero",2026,"FA,FC,FS,SI,CH,SL,CU,KC",337,0.13846153846153847,0.4307692307692308,0.4307692307692308,0.10714285714285714,0.10714285714285714,218,119,337,4.828932130741839,4.313781037091989,9.239363590504453,"Edgar Quero","28022",700337
"Tim Tawa",2026,"FA,FC,FS,SI,CH,SL,CU,KC",380,0.30357142857142855,0.35714285714285715,0.3392857142857143,0.21052631578947367,0.05263157894736842,236,144,380,3.260282600263159,4.044257609736843,8.38228043157895,"Tim Tawa","29571",694374
"Jackson Holliday",2026,"FA,FC,FS,SI,CH,SL,CU,KC",356,0.3392857142857143,0.39285714285714285,0.26785714285714285,0.06666666666666667,0.06666666666666667,221,135,356,2.7015675388483147,3.9101810702247195,8.244201306179775,"Jackson Holliday","31781",702616
"Mickey Moniak",2026,"FA,FC,FS,SI,CH,SL,CU,KC",307,0.12727272727272726,0.38181818181818183,0.4909090909090909,0.3333333333333333,0.1111111111111111,217,90,307,2.0228395031172637,3.0926072762214987,7.041468508143321,"Mickey Moniak","19956",666160
"Konnor Griffin",2026,"FA,FC,FS,SI,CH,SL,CU",389,0.3333333333333333,0.38095238095238093,0.2857142857142857,0.16666666666666666,0.05555555555555555,251,138,389,3.193638874550128,2.7588234369665803,8.232507179948586,"Konnor Griffin","35376",804606
"Alejandro Kirk",2026,"FA,FC,FS,SI,CH,SL,CU,KC",352,0.3333333333333333,0.4782608695652174,0.18840579710144928,0.23076923076923078,0.15384615384615385,223,129,352,3.787776727840908,4.289088806448864,8.95988428125,"Alejandro Kirk","22581",672386
"Agustín Ramírez",2026,"FA,FC,FS,SI,CH,SL,CU,KC",385,0.2962962962962963,0.46296296296296297,0.24074074074074073,0.3076923076923077,0.07692307692307693,228,157,385,3.75612635038961,3.7158721491168833,8.90861597922078,"Agustin Ramirez","26546",682663
"Jake Cronenworth",2026,"FA,FC,FS,SI,CH,SL,CU,KC",366,0.21739130434782608,0.5072463768115942,0.2753623188405797,0.42105263157894735,0.05263157894736842,242,124,366,2.1810707414207653,3.985647478415302,8.153101770491803,"Jake Cronenworth","18036",630105
"Leo Jiménez",2026,"FA,FC,FS,SI,CH,SL,CU,KC",386,0.26153846153846155,0.5230769230769231,0.2153846153846154,0.14285714285714285,0.14285714285714285,244,142,386,4.138326019466321,4.409575033860103,9.208726224870466,"Leo Jimenez","23782",677870
"Jorge Soler",2026,"FA,FC,FS,SI,CH,SL,CU,KC",362,0.32075471698113206,0.2830188679245283,0.39622641509433965,0.09523809523809523,0.09523809523809523,229,133,362,3.939750129834254,4.2322500820441995,9.03698049171271,"Jorge Soler","14221",624585
"Jordan Beck",2026,"FA,FC,FS,SI,CH,SL,CU",378,0.3090909090909091,0.34545454545454546,0.34545454545454546,0.05263157894736842,0.05263157894736842,259,119,378,2.8217832163783063,3.4212580310052916,7.7608975000000004,"Jordan Beck","31431",687597
"Yainer Diaz",2026,"FA,FC,FS,SI,CH,SL,CU,KC",321,0.18055555555555555,0.5833333333333334,0.2361111111111111,0.35294117647058826,0.11764705882352941,224,97,321,4.158125595638629,4.180960874766356,8.860339548286607,"Yainer Diaz","23003",673237
"Matt Shaw",2026,"FA,FC,FS,SI,CH,SL,CU,KC",373,0.208955223880597,0.43283582089552236,0.3582089552238806,0.3333333333333333,0.08333333333333333,248,125,373,3.29937133855228,3.020129765790885,8.360224219839141,"Matt Shaw","33322",807713
"Jeremiah Jackson",2026,"FA,FC,FS,SI,CH,SL,CU",389,0.2857142857142857,0.49206349206349204,0.2222222222222222,0.21428571428571427,0.14285714285714285,254,135,389,3.46644082177378,3.753094684575836,8.88197046015424,"Jeremiah Jackson","22239",669236
"Pedro Pagés",2026,"FA,FC,FS,SI,CH,SL,CU,KC",423,0.22033898305084745,0.423728813559322,0.3559322033898305,0.3333333333333333,0,277,146,423,4.392480263829786,3.5459404853427903,8.9577904964539,"Pedro Pages","25782",686780
"Nathan Church",2026,"FA,FC,FS,SI,CH,SL,CU,KC",379,0.1375,0.55,0.3125,0.32,0.08,259,120,379,2.6721366886543523,4.12768170949868,8.066608672823218,"Nathan Church","31357",701675
"Colby Thomas",2026,"FA,FC,FS,SI,CH,SL,CU,KC",383,0.22727272727272727,0.2878787878787879,0.48484848484848486,0.28125,0.125,257,126,383,3.698626771697129,4.174686206005222,8.74921831853786,"Colby Thomas","31855",687515
"Elias Díaz",2026,"FA,FC,FS,SI,CH,SL,CU,KC",416,0.2702702702702703,0.33783783783783783,0.3918918918918919,0.3103448275862069,0.20689655172413793,293,123,416,2.874145113942308,4.165725460776444,9.005175391826922,"Elias Diaz","11680",553869
"Casey Schmitt",2026,"FA,FC,FS,SI,CH,SL,CU,KC",378,0.3372093023255814,0.26744186046511625,0.3953488372093023,0.17647058823529413,0.11764705882352941,269,109,378,3.1642776772486774,3.7951639512169315,8.554701674603173,"Casey Schmitt","27577",669477
"Max Muncy",2026,"FA,FC,FS,SI,CH,SL,CU,KC",425,0.2033898305084746,0.4067796610169492,0.3898305084745763,0.34782608695652173,0.08695652173913043,265,160,425,4.112956332141177,5.02638695682588,9.107313114588237,"Max Muncy","29779",691777
"Denzer Guzman",2026,"FA,FC,FS,SI,CH,SL,CU,EP",416,0.22388059701492538,0.417910447761194,0.3582089552238806,0.2916666666666667,0.25,267,149,416,4.476546192067308,4.885371374326923,9.290046192307692,"Denzer Guzman","28816",694203
"Esmerlyn Valdez",2026,"FA,FC,FS,SI,CH,SL,CU,KC",502,0.1568627450980392,0.3137254901960784,0.5294117647058824,0.07407407407407407,0.3333333333333333,273,229,502,3.1857223982071705,3.8012409368525897,8.262043398406375,"Esmerlyn Valdez","29005",699013
"Jeremy Peña",2026,"FA,FC,FS,SI,CH,SL,CU,KC",404,0.2236842105263158,0.4868421052631579,0.2894736842105263,0.13636363636363635,0.09090909090909091,267,137,404,4.581244033391089,4.705445379950493,9.120280866336637,"Jeremy Pena","21636",665161
"Kyle Stowers",2026,"FA,FC,FS,SI,CH,SL,CU,KC",433,0.26153846153846155,0.4153846153846154,0.3230769230769231,0.2857142857142857,0.09523809523809523,274,159,433,2.5756352392147814,4.374406973764434,8.236127630484988,"Kyle Stowers","26151",669065
"Ryan Kreidler",2026,"FA,FC,FS,SI,CH,SL,CU,KC",417,0.11392405063291139,0.5189873417721519,0.3670886075949367,0.3448275862068966,0.13793103448275862,256,161,417,3.4727171724460435,3.8889130552517974,8.650322896882495,"Ryan Kreidler","25867",668952
"Brady House",2026,"FA,FC,FS,SI,CH,SL,CU,KC",430,0.39436619718309857,0.323943661971831,0.28169014084507044,0,0.2,269,161,430,3.841709502325581,3.795497727906978,8.974305488372094,"Brady House","29993",691781
"Sam Antonacci",2026,"FA,FC,FS,SI,CH,SL,CU,KC",454,0.2112676056338028,0.6338028169014085,0.15492957746478872,0.2727272727272727,0,282,172,454,3.8273491601321594,4.562717629955945,8.729424841409692,"Sam Antonacci","35101",803011
"Jacob Wilson",2026,"FA,FC,FS,SI,CH,SL,CU,KC",374,0.24210526315789474,0.47368421052631576,0.28421052631578947,0.07407407407407407,0.07407407407407407,265,109,374,4.404157893048128,4.738684304545454,9.194259812834225,"Jacob Wilson","33266",805779
"Tyler Stephenson",2026,"FA,FC,FS,SI,CH,SL,CU,KC",516,0.29411764705882354,0.2647058823529412,0.4411764705882353,0.06666666666666667,0.06666666666666667,307,209,516,3.4085043990310084,3.6799622213178305,8.376309808139538,"Tyler Stephenson","17988",663886
"Josh Jung",2026,"FA,FC,SI,CH,SL,CU,KC",446,0.313953488372093,0.4418604651162791,0.2441860465116279,0.09523809523809523,0.14285714285714285,263,183,446,2.9586674782511215,3.1358570186098653,8.445469116591928,"Josh Jung","26299",673962
"Nolan Schanuel",2026,"FA,FC,SI,CH,SL,CU,KC",422,0.23863636363636365,0.5113636363636364,0.25,0.2727272727272727,0.09090909090909091,273,149,422,3.1064957199052134,4.635576386018958,8.572151348341231,"Nolan Schanuel","33189",694384
"Francisco Alvarez",2026,"FA,FC,FS,SI,CH,SL,CU,KC",519,0.2,0.5076923076923077,0.2923076923076923,0.10526315789473684,0.15789473684210525,324,195,519,4.535578317341041,3.9950554111753354,8.935865815028903,"Francisco Alvarez","26121",682626
"Matt Vierling",2026,"FA,FC,FS,SI,CH,SL,CU,KC,EP",467,0.23076923076923078,0.37362637362637363,0.3956043956043956,0.3333333333333333,0.05555555555555555,304,163,467,3.6486339743040683,4.259312294603854,9.112057036402568,"Matt Vierling","21558",663837
"Cedric Mullins",2026,"FA,FC,SI,CH,SL,CU,KC",484,0.14814814814814814,0.345679012345679,0.5061728395061729,0.34146341463414637,0.024390243902439025,305,179,484,2.4159351911157025,4.502310035123967,8.836982276859503,"Cedric Mullins","17929",656775
"Jose Siri",2026,"FA,FC,FS,SI,CH,SL,CU,KC,EP",500,0.1917808219178082,0.3287671232876712,0.4794520547945205,0.08571428571428572,0.17142857142857143,336,164,500,3.5708829803999986,3.9621073296,8.818320841999997,"Jose Siri","17452",642350
"Tyler O'Neill",2026,"FA,FC,FS,SI,CH,SL,CU,KC",490,0.1794871794871795,0.28205128205128205,0.5384615384615384,0.09523809523809523,0.19047619047619047,309,181,490,3.9741456660204078,3.944135550265306,8.775372004081632,"Tyler O'Neill","15711",641933
"Esteury Ruiz",2026,"FA,FC,FS,SI,CH,SL,CU,KC",529,0.22950819672131148,0.18032786885245902,0.5901639344262295,0.3611111111111111,0.1111111111111111,322,207,529,3.8762686058601146,4.668203126540645,9.134426933837432,"Esteury Ruiz","21780",665923
"J.T. Realmuto",2026,"FA,FC,FS,SI,CH,SL,CU,KC",500,0.23255813953488372,0.313953488372093,0.45348837209302323,0.15384615384615385,0.05128205128205128,319,181,500,3.946105903199999,4.4440000948,9.072195813999999,"J.T. Realmuto","11739",592663
"Mark Vientos",2026,"FA,FC,FS,SI,CH,SL,CU,KC",449,0.2111111111111111,0.4222222222222222,0.36666666666666664,0.15151515151515152,0.24242424242424243,298,151,449,4.067572530289532,3.6375849654788404,8.78494193986637,"Mark Vientos","22184",668901
"Matt McLain",2026,"FA,FC,FS,SI,CH,SL,CU,KC",507,0.23076923076923078,0.3076923076923077,0.46153846153846156,0.2222222222222222,0.16666666666666666,322,185,507,3.914304160512821,4.017792663510847,8.816751530571992,"Matt McLain","29695",680574
"Gleyber Torres",2026,"FA,FC,FS,SI,CH,SL,CU,KC",576,0.2857142857142857,0.35714285714285715,0.35714285714285715,0.12,0.08,314,262,576,3.705619950555556,4.785862429340277,8.956797800347223,"Gleyber Torres","16997",650402
"Garrett Mitchell",2026,"FA,FC,FS,SI,CH,SL,CU,KC",501,0.22857142857142856,0.6428571428571429,0.12857142857142856,0.1111111111111111,0.1111111111111111,302,199,501,3.215504263073853,3.7396897125748505,8.291747698602794,"Garrett Mitchell","27555",669003
"Eugenio Suárez",2026,"FA,FC,FS,SI,CH,SL,CU,KC",580,0.20689655172413793,0.3448275862068966,0.4482758620689655,0.15384615384615385,0.23076923076923078,341,239,580,3.407454946034482,4.243836888155172,8.474597594827587,"Eugenio Suarez","12552",553993
"Andruw Monasterio",2026,"FA,FC,FS,SI,CH,SL,CU,KC",597,0.2696629213483146,0.3146067415730337,0.4157303370786517,0.13513513513513514,0.13513513513513514,382,215,597,3.4446039534338366,4.4778178821105525,8.969868360134003,"Andruw Monasterio","19455",655316
"Austin Hedges",2026,"FA,FC,FS,SI,CH,SL,CU",470,0.1797752808988764,0.449438202247191,0.3707865168539326,0.2727272727272727,0.09090909090909091,280,190,470,4.040959167659574,4.4799186670638305,8.917207242553191,"Austin Hedges","12976",595978
"Andrew Vaughn",2026,"FA,FC,FS,SI,CH,SL,CU,KC",537,0.24489795918367346,0.45918367346938777,0.29591836734693877,0.13793103448275862,0.06896551724137931,311,226,537,3.335838228361266,3.53986550670391,8.11566251396648,"Andrew Vaughn","26197",683734
"Vinnie Pasquantino",2026,"FA,FC,FS,SI,CH,SL,CU,KC",508,0.2553191489361702,0.3191489361702128,0.425531914893617,0.325,0.05,333,175,508,1.7385358954724406,3.5954541360629935,8.495876655511813,"Vinnie Pasquantino","27676",686469
"Ben Williamson",2026,"FA,FC,FS,SI,CH,SL,CU,KC",529,0.2653061224489796,0.5204081632653061,0.21428571428571427,0.19047619047619047,0.047619047619047616,354,175,529,3.836277601701323,4.159413008192818,8.903937863894143,"Ben Williamson","33197",810938
"Connor Norby",2026,"FA,FC,FS,SI,CH,SL,CU,KC",535,0.1780821917808219,0.3698630136986301,0.4520547945205479,0.09090909090909091,0.030303030303030304,321,214,535,3.299584708037383,3.705004973644861,8.43346359626168,"Connor Norby","29592",681393
"Shea Langeliers",2026,"FA,FC,FS,SI,CH,SL,CU,KC",506,0.26373626373626374,0.3956043956043956,0.34065934065934067,0.03225806451612903,0.2903225806451613,311,195,506,4.117374569565218,4.597997273715416,9.205762527667984,"Shea Langeliers","25816",669127
"Jake Mangum",2026,"FA,FC,FS,SI,CH,SL,CU",456,0.21052631578947367,0.5157894736842106,0.2736842105263158,0.19230769230769232,0.07692307692307693,337,119,456,3.2526137372807025,4.005595092763158,8.627554449561401,"Jake Mangum","26202",663968
"A.J. Ewing",2026,"FA,FC,FS,SI,CH,SL,CU,KC",558,0.19047619047619047,0.47619047619047616,0.3333333333333333,0.10714285714285714,0.07142857142857142,346,212,558,3.1401554734408594,3.794908340860215,8.155323643369174,"A.J. Ewing","33656",805999
"Trent Grisham",2026,"FA,FC,SI,CH,SL,CU,KC",528,0.29347826086956524,0.32608695652173914,0.3804347826086957,0.17142857142857143,0.08571428571428572,315,213,528,2.4809307262689395,4.02853907840909,8.43037772537879,"Trent Grisham","18564",663757
"Jose Altuve",2026,"FA,FC,FS,SI,CH,SL,CU,KC",497,0.29473684210526313,0.4,0.30526315789473685,0.27586206896551724,0.13793103448275862,319,178,497,3.363565606237424,3.4148962191146883,8.762692665995976,"Jose Altuve","5417",514888
"Willy Adames",2026,"FA,FC,FS,SI,CH,SL,CU,KC",535,0.21951219512195122,0.35365853658536583,0.4268292682926829,0.17142857142857143,0.11428571428571428,353,182,535,3.492740829719626,3.5803071867476643,8.40488428037383,"Willy Adames","15986",642715
"Dansby Swanson",2026,"FA,FC,FS,SI,CH,SL,CU,KC",530,0.23255813953488372,0.4069767441860465,0.36046511627906974,0.1935483870967742,0.1935483870967742,343,187,530,3.4636731445283013,3.4139480200000016,8.612590958490568,"Dansby Swanson","18314",621020
"Ty France",2026,"FA,FC,FS,SI,CH,SL,CU,KC",576,0.2413793103448276,0.4367816091954023,0.3218390804597701,0.21428571428571427,0.17857142857142858,374,202,576,3.6731125942534737,4.064063382656248,8.995504178819441,"Ty France","17982",664034
"Dylan Crews",2026,"FA,FC,FS,SI,CH,SL,CU,KC",503,0.25773195876288657,0.35051546391752575,0.3917525773195876,0.18421052631578946,0.15789473684210525,315,188,503,3.565663025920478,4.175165568397614,8.230701290258452,"Dylan Crews","33541",686611
"Derek Hill",2026,"FA,FC,FS,SI,CH,SL,CU,KC",500,0.23529411764705882,0.43529411764705883,0.32941176470588235,0.07142857142857142,0.2857142857142857,343,157,500,2.8893689598000005,3.6523673264599994,8.328494998000002,"Derek Hill","16947",656537
"Edmundo Sosa",2026,"FA,FC,FS,SI,CH,SL,CU,KC",519,0.26595744680851063,0.4574468085106383,0.2765957446808511,0.23076923076923078,0.23076923076923078,370,149,519,3.027467545857418,3.4683426275529863,8.488671845857416,"Edmundo Sosa","17022",624641
"Oneil Cruz",2026,"FA,FC,FS,SI,CH,SL,CU,KC",569,0.3026315789473684,0.5263157894736842,0.17105263157894737,0.07692307692307693,0.3076923076923077,359,210,569,2.1274587681898063,3.0052929135325144,7.989472845342705,"Oneil Cruz","21711",665833
"Masyn Winn",2026,"FA,FC,FS,SI,CH,SL,CU,KC",588,0.3333333333333333,0.3333333333333333,0.3333333333333333,0.25806451612903225,0.03225806451612903,368,220,588,3.976844189455782,3.978642198469387,8.883488551020408,"Masyn Winn","27479",691026
"Ryan O'Hearn",2026,"FA,FC,FS,SI,CH,SL,CU,KC",524,0.2268041237113402,0.4845360824742268,0.28865979381443296,0.07142857142857142,0.14285714285714285,358,166,524,2.7677548921755726,3.481559470610687,8.361969683206103,"Ryan O'Hearn","16442",656811
"Adley Rutschman",2026,"FA,FC,FS,SI,CH,SL,CU,KC",554,0.2909090909090909,0.38181818181818183,0.32727272727272727,0.1111111111111111,0.08333333333333333,351,203,554,3.8986708193140784,3.997991897111913,9.11426961191336,"Adley Rutschman","26288",668939
"Curtis Mead",2026,"FA,FC,FS,SI,CH,SL,CU,KC",596,0.23958333333333334,0.3229166666666667,0.4375,0.23809523809523808,0.16666666666666666,363,233,596,3.442455819127518,4.077010347483221,8.500427916107384,"Curtis Mead","23986",678554
"Ian Happ",2026,"FA,FC,FS,SI,CH,SL,CU,KC",557,0.13924050632911392,0.43037974683544306,0.43037974683544306,0.20588235294117646,0.11764705882352941,363,194,557,4.32186546876122,3.0836676899281867,8.752833249551168,"Ian Happ","17919",664023
"Jarren Duran",2026,"FA,FC,SI,CH,SL,CU",495,0.2087912087912088,0.46153846153846156,0.32967032967032966,0.3,0.06666666666666667,326,169,495,1.7878126965656573,3.727392751919192,8.342931365656566,"Jarren Duran","24617",680776
"Willson Contreras",2026,"FA,FC,FS,SI,CH,SL,CU,KC",578,0.1724137931034483,0.3103448275862069,0.5172413793103449,0.3333333333333333,0.17777777777777778,343,235,578,3.986750285294116,4.291147789273356,8.765635712802768,"Willson Contreras","11609",575929
"Bryce Eldridge",2026,"FA,FC,FS,SI,CH,SL,CU,KC",565,0.27586206896551724,0.4367816091954023,0.28735632183908044,0.08,0.24,341,224,565,2.2078825987079638,3.7086811214159283,7.822439837168137,"Bryce Eldridge","33390",805811
"Jared Triolo",2026,"FA,FC,FS,SI,CH,SL,CU,KC",537,0.34234234234234234,0.45045045045045046,0.2072072072072072,0.13043478260869565,0.043478260869565216,341,196,537,3.777730027932961,4.123504721229049,8.666549251396647,"Jared Triolo","25807",669707
"Xavier Edwards",2026,"FA,FC,FS,SI,CH,SL,CU,KC",553,0.2169811320754717,0.5283018867924528,0.25471698113207547,0.18518518518518517,0.14814814814814814,342,211,553,4.026386318987339,3.9862689028933085,9.031991842676314,"Xavier Edwards","22266",669364
"Andrés Chaparro",2026,"FA,FC,FS,SI,CH,SL,CU,KC",544,0.15476190476190477,0.44047619047619047,0.40476190476190477,0.23529411764705882,0.20588235294117646,331,213,544,3.620193780827207,3.217963844375,8.374523063786762,"Andres Chaparro","21797",665953
"Christian Walker",2026,"FA,FC,FS,SI,CH,SL,CU,KC",557,0.15730337078651685,0.449438202247191,0.39325842696629215,0.2857142857142857,0.17142857142857143,334,223,557,3.7232473518671445,4.062736935008976,9.039513700179533,"Christian Walker","13419",572233
"Andrés Giménez",2026,"FA,FC,FS,SI,CH,SL,CU,KC",491,0.18018018018018017,0.5495495495495496,0.2702702702702703,0.3333333333333333,0.1,356,135,491,3.706941477189408,4.394959406517311,8.822373370672102,"Andres Gimenez","19950",665926
"José Caballero",2026,"FA,FC,FS,SI,CH,SL,CU,KC",629,0.26744186046511625,0.4069767441860465,0.32558139534883723,0.35714285714285715,0.14285714285714285,419,210,629,3.495530789856915,4.307482899523054,9.047583535771063,"Jose Caballero","23401",676609
"Bryson Stott",2026,"FA,FC,FS,SI,CH,SL,CU",595,0.25,0.47115384615384615,0.27884615384615385,0.1724137931034483,0.06896551724137931,383,212,595,2.302003820000001,3.97353199979832,8.284633546218487,"Bryson Stott","26294",681082
"Tyler Soderstrom",2026,"FA,FC,FS,SI,CH,SL,CU,KC",546,0.08695652173913043,0.5217391304347826,0.391304347826087,0.2222222222222222,0.25,355,191,546,2.680186607692308,3.842073427655675,8.312571369963369,"Tyler Soderstrom","27467",691016
"Dane Myers",2026,"FA,FC,FS,SI,CH,SL,CU,KC",607,0.24468085106382978,0.3829787234042553,0.3723404255319149,0.17142857142857143,0.11428571428571428,371,236,607,3.5461778399835273,4.156006308731467,8.835378304777592,"Dane Myers","22054",667472
"David Fry",2026,"FA,FC,FS,SI,CH,SL,CU,KC",662,0.2077922077922078,0.35064935064935066,0.44155844155844154,0.35294117647058826,0.14705882352941177,397,265,662,3.4528816281570998,3.9740499809818717,8.646433228096674,"David Fry","24934",681807
"Gabriel Moreno",2026,"FA,FC,FS,SI,CH,SL,CU,KC",644,0.26126126126126126,0.3783783783783784,0.36036036036036034,0.225,0.1,409,235,644,3.4454767026863355,4.150578385869566,8.598055472049685,"Gabriel Moreno","22664",672515
"Hao-Yu Lee",2026,"FA,FC,FS,SI,CH,SL,CU,KC",545,0.297029702970297,0.33663366336633666,0.36633663366336633,0.1891891891891892,0.10810810810810811,353,192,545,3.4627349374311924,4.677728464390826,8.817019688073396,"Hao-Yu Lee","30080",701678
"Cam Smith",2026,"FA,FC,FS,SI,CH,SL,CU,KC",647,0.1958762886597938,0.3917525773195876,0.41237113402061853,0.2,0.175,406,241,647,3.0067494041731067,3.6546971853013925,8.712237548686243,"Cam Smith","35108",701358
"Corey Seager",2026,"FA,FC,SI,CH,SL,CU,KC",540,0.2087912087912088,0.42857142857142855,0.3626373626373626,0.12121212121212122,0.21212121212121213,336,204,540,2.2984782007407403,3.4856021698148143,7.835035051851852,"Corey Seager","13624",608369
"Henry Bolte",2026,"FA,FC,FS,SI,CH,SL,CU,KC",568,0.25316455696202533,0.5189873417721519,0.22784810126582278,0.2222222222222222,0.3888888888888889,356,212,568,3.798175353521126,4.505235891373241,8.659097357394367,"Henry Bolte","31448",703607
"Nasim Nuñez",2026,"FA,FC,FS,SI,CH,SL,CU,KC",574,0.17346938775510204,0.5408163265306123,0.2857142857142857,0.25,0.03571428571428571,358,216,574,4.4939927869860625,4.072061524912893,9.076074782229968,"Nasim Nunez","25979",683083
"Lawrence Butler",2026,"FA,FC,SI,CH,SL,CU",612,0.18681318681318682,0.6043956043956044,0.2087912087912088,0.10526315789473684,0.21052631578947367,377,235,612,2.833355016503267,4.28462968627451,8.368501027777778,"Lawrence Butler","22542",671732
"Francisco Lindor",2026,"FA,FC,FS,SI,CH,SL,CU,KC",626,0.19626168224299065,0.37383177570093457,0.42990654205607476,0.1956521739130435,0.10869565217391304,383,243,626,4.022688381309904,4.6782074456869,9.088434060702873,"Francisco Lindor","12916",596019
"Cole Carrigg",2026,"FA,FC,FS,SI,CH,SL,CU,KC",576,0.26666666666666666,0.3523809523809524,0.38095238095238093,0.2,0.075,411,165,576,2.380001293576389,3.115403868958334,7.696265086805555,"Cole Carrigg","33253",694249
"Marcus Semien",2026,"FA,FC,FS,SI,CH,SL,CU,KC",592,0.2871287128712871,0.27722772277227725,0.43564356435643564,0.13636363636363635,0.09090909090909091,366,226,592,2.9492504732094593,3.354596339358108,8.492608109797294,"Marcus Semien","12533",543760
"Ketel Marte",2026,"FA,FC,FS,SI,CH,SL,CU,KC",516,0.248,0.408,0.344,0.20930232558139536,0.20930232558139536,348,168,516,3.6886335897868223,4.424230614147286,8.58888705232558,"Ketel Marte","13613",606466
"Vladimir Guerrero Jr.",2026,"FA,FC,FS,SI,CH,SL,CU,KC",608,0.22522522522522523,0.43243243243243246,0.34234234234234234,0.15789473684210525,0.10526315789473684,360,248,608,3.7943066618421053,4.348896529177631,8.82300893256579,"Vladimir Guerrero Jr.","19611",665489
"Taylor Walls",2026,"FA,FC,FS,SI,CH,SL,CU,KC",571,0.20202020202020202,0.3333333333333333,0.46464646464646464,0.3695652173913043,0.021739130434782608,359,212,571,4.229356376707532,4.990916643279334,9.38660665323993,"Taylor Walls","22458",670764
"Isaac Collins",2026,"FA,FC,FS,SI,CH,SL,CU,KC",586,0.21568627450980393,0.3627450980392157,0.4215686274509804,0.32558139534883723,0.046511627906976744,362,224,586,3.901680010580204,4.847649071843006,9.111013440273036,"Isaac Collins","25477",686555
"Jonny DeLuca",2026,"FA,FC,FS,SI,CH,SL,CU,KC",574,0.21428571428571427,0.4642857142857143,0.32142857142857145,0.3611111111111111,0.05555555555555555,395,179,574,4.180471130648082,4.709084163414636,9.10141017421603,"Jonny DeLuca","26365",676356
"Jahmai Jones",2026,"FA,FC,FS,SI,CH,SL,CU,KC",603,0.2823529411764706,0.3176470588235294,0.4,0.20588235294117646,0.17647058823529413,368,235,603,2.72552606583748,3.6463245785572127,8.467587724709785,"Jahmai Jones","18872",663330
"Nolan Arenado",2026,"FA,FC,FS,SI,CH,SL,CU,KC",650,0.22018348623853212,0.3944954128440367,0.3853211009174312,0.2619047619047619,0.23809523809523808,407,243,650,3.0528209399999993,3.8101536246153844,8.277236126153845,"Nolan Arenado","9777",571448
"George Springer",2026,"FA,FC,FS,SI,CH,SL,CU,KC",605,0.21621621621621623,0.38738738738738737,0.3963963963963964,0.22727272727272727,0.09090909090909091,385,220,605,4.003683137900826,4.588972883801652,8.997903609917353,"George Springer","12856",543807
"Nick Kurtz",2026,"FA,FC,FS,SI,CH,SL,CU,KC",661,0.2236842105263158,0.42105263157894735,0.35526315789473684,0.07407407407407407,0.2222222222222222,411,250,661,2.9356479312254162,4.094605072314675,8.286216553706508,"Nick Kurtz","35110",701762
"Kyle Karros",2026,"FA,FC,FS,SI,CH,SL,CU,KC",645,0.3425925925925926,0.3333333333333333,0.32407407407407407,0.14285714285714285,0.14285714285714285,405,240,645,3.221308070542636,3.565911768542635,7.83768883100775,"Kyle Karros","33252",691720
"Manny Machado",2026,"FA,FC,FS,SI,CH,SL,CU,KC",645,0.21818181818181817,0.38181818181818183,0.4,0.1590909090909091,0.11363636363636363,404,241,645,4.373759940945736,4.448734322945736,9.051929812403102,"Manny Machado","11493",592518
"Isaac Paredes",2026,"FA,FC,FS,SI,CH,SL,CU,KC",663,0.3684210526315789,0.16666666666666666,0.4649122807017544,0.33962264150943394,0.07547169811320754,423,240,663,3.6572060597285057,4.256187453363501,9.044361271493212,"Isaac Paredes","20036",670623
"Bobby Witt Jr.",2026,"FA,FC,FS,SI,CH,SL,CU,KC",624,0.3,0.425,0.275,0.21212121212121213,0.12121212121212122,403,221,624,3.141506355769231,3.8173839386217927,8.55410544070513,"Bobby Witt Jr.","25764",677951
"Jake Bauers",2026,"FA,FC,SI,CH,SL,CU,KC",671,0.20408163265306123,0.41836734693877553,0.37755102040816324,0.16216216216216217,0.21621621621621623,405,266,671,3.20672334038748,4.501792155052162,8.246584620417286,"Jake Bauers","15194",641343
"José Ramírez",2026,"FA,FC,FS,SI,CH,SL,CU,KC",621,0.26153846153846155,0.36153846153846153,0.3769230769230769,0.2857142857142857,0.10204081632653061,388,233,621,3.793750471014493,3.708025651723028,8.546711128824478,"Jose Ramirez","13510",608070
"Kody Clemens",2026,"FA,FC,FS,SI,CH,SL,CU,EP",609,0.14953271028037382,0.514018691588785,0.3364485981308411,0.2222222222222222,0.1388888888888889,395,214,609,2.494615503940887,3.732118009688012,8.324042947454847,"Kody Clemens","20572",665019
"Jonah Heim",2026,"FA,FC,FS,SI,CH,SL,CU,KC",576,0.23728813559322035,0.423728813559322,0.3389830508474576,0.2,0.25,380,196,576,3.7382644114583337,4.416672305034721,8.556011206597221,"Jonah Heim","16930",641680
"J.P. Crawford",2026,"FA,FC,FS,SI,CH,SL,CU,KC",672,0.16831683168316833,0.5742574257425742,0.25742574257425743,0.34615384615384615,0.11538461538461539,395,277,672,2.957952789583333,5.104119604494048,8.562596141369044,"J.P. Crawford","15491",641487
"Fernando Tatis Jr.",2026,"FA,FC,FS,SI,CH,SL,CU,KC",629,0.24770642201834864,0.5504587155963303,0.2018348623853211,0.18181818181818182,0.4090909090909091,366,263,629,3.799613402543722,4.025622896661368,8.847947885532594,"Fernando Tatis Jr.","19709",665487
"Amed Rosario",2026,"FA,FC,FS,SI,CH,SL,CU,KC",573,0.2413793103448276,0.39655172413793105,0.3620689655172414,0.21428571428571427,0.11904761904761904,395,178,573,3.9458894294938913,4.203302532705061,8.781167350785338,"Amed Rosario","15518",642708
"Jazz Chisholm Jr.",2026,"FA,FC,FS,SI,CH,SL,CU,KC",629,0.22826086956521738,0.358695652173913,0.41304347826086957,0.2894736842105263,0.13157894736842105,410,219,629,1.9786714623211445,3.6700896193958643,7.876928135135133,"Jazz Chisholm Jr.","20454",665862
"Leody Taveras",2026,"FA,FC,FS,SI,CH,SL,CU,KC",660,0.23655913978494625,0.4838709677419355,0.27956989247311825,0.23076923076923078,0.038461538461538464,420,240,660,3.579468811363636,4.2505011969697,8.688949534848492,"Leody Taveras","18900",665750
"Travis Bazzana",2026,"FA,FC,SI,CH,SL,CU",667,0.1,0.48,0.42,0.2857142857142857,0.047619047619047616,414,253,667,2.7860904632683656,3.7892760803043477,8.455083629685156,"Travis Bazzana","34967",683953
"Justin Foscue",2026,"FA,FC,FS,SI,CH,SL,CU,KC",661,0.2403846153846154,0.34615384615384615,0.41346153846153844,0.3023255813953488,0.18604651162790697,425,236,661,3.261834334493194,4.558822854236007,9.006255568835101,"Justin Foscue","27501",679822
"Juan Soto",2026,"FA,FC,FS,SI,CH,SL,CU,KC",608,0.1652892561983471,0.4049586776859504,0.4297520661157025,0.19230769230769232,0.11538461538461539,381,227,608,3.649386948026315,3.7235648534868413,8.498757289473685,"Juan Soto","20123",665742
"Ezequiel Duran",2026,"FA,FC,FS,SI,CH,SL,CU,KC",697,0.27722772277227725,0.40594059405940597,0.31683168316831684,0.1875,0.125,439,258,697,3.3833916955605456,4.053484223649929,8.603770324246776,"Ezequiel Duran","23733",677649
"Caleb Durbin",2026,"FA,FC,FS,SI,CH,SL,CU",610,0.23529411764705882,0.4369747899159664,0.3277310924369748,0.2564102564102564,0.10256410256410256,385,225,610,4.464515904950819,5.27807058147541,9.298250913114753,"Caleb Durbin","29646",702332
"Miguel Rojas",2026,"FA,FC,FS,SI,CH,SL,CU,KC",579,0.26153846153846155,0.3923076923076923,0.34615384615384615,0.26666666666666666,0.08888888888888889,366,213,579,3.618339324231432,3.8468923925734027,8.46224987599309,"Miguel Rojas","7802",500743
"Lane Thomas",2026,"FA,FC,FS,SI,CH,SL,CU",672,0.27722772277227725,0.39603960396039606,0.32673267326732675,0.24242424242424243,0.15151515151515152,395,277,672,2.332362272767857,3.8073750819047625,8.213340111607142,"Lane Thomas","16939",657041
"Seiya Suzuki",2026,"FA,FC,FS,SI,CH,SL,CU,KC",716,0.3173076923076923,0.33653846153846156,0.34615384615384615,0.25,0.2222222222222222,414,302,716,3.5204034775139674,3.487521599078212,8.527993202513963,"Seiya Suzuki","30116",673548
"Jacob Young",2026,"FA,FC,FS,SI,CH,SL,CU,KC",619,0.2966101694915254,0.3305084745762712,0.3728813559322034,0.1590909090909091,0.06818181818181818,401,218,619,3.998721311486269,3.976497986268174,8.574699546042003,"Jacob Young","29931",696285
"Munetaka Murakami",2026,"FA,FC,FS,SI,CH,SL,CU,KC",752,0.2361111111111111,0.3611111111111111,0.4027777777777778,0.1724137931034483,0.2413793103448276,434,318,752,1.5499993306914892,3.4844683885372345,7.8523072433510634,"Munetaka Murakami","37120",808959
"Andy Pages",2026,"FA,FC,FS,SI,CH,SL,CU,KC",649,0.29914529914529914,0.3247863247863248,0.37606837606837606,0.11363636363636363,0.18181818181818182,399,250,649,4.2197650534668725,4.425671603389831,8.57958050231125,"Andy Pages","24816",681624
"Kazuma Okamoto",2026,"FA,FC,FS,SI,CH,SL,CU,KC",691,0.17142857142857143,0.3523809523809524,0.47619047619047616,0.18,0.2,441,250,691,3.315903303936323,3.196878940795948,8.260287657018814,"Kazuma Okamoto","37123",672960
"Jackson Chourio",2026,"FA,FC,FS,SI,CH,SL,CU,KC",658,0.1896551724137931,0.49137931034482757,0.31896551724137934,0.10810810810810811,0.24324324324324326,420,238,658,3.619770753373861,3.842335080243161,8.331961509118543,"Jackson Chourio","28806",694192
"Mookie Betts",2026,"FA,FC,FS,SI,CH,SL,CU,KC",626,0.2608695652173913,0.30434782608695654,0.43478260869565216,0.2,0.13333333333333333,385,241,626,4.091285618051118,3.8214526846645365,8.614001704472841,"Mookie Betts","13611",605141
"Ezequiel Tovar",2026,"FA,FC,FS,SI,CH,SL,CU,KC",665,0.17475728155339806,0.33980582524271846,0.4854368932038835,0.1,0.08,465,200,665,3.557439820857142,4.047839003157894,7.927176966917295,"Ezequiel Tovar","24064",678662
"Willi Castro",2026,"FA,FC,FS,SI,CH,SL,CU,KC,EP",638,0.15178571428571427,0.4642857142857143,0.38392857142857145,0.32558139534883723,0.09302325581395349,451,187,638,3.156083229200628,3.7650666746081507,7.933957268025078,"Willi Castro","17338",650489
"Ryan Vilade",2026,"FA,FC,SI,CH,SL,CU,KC",670,0.20535714285714285,0.3392857142857143,0.45535714285714285,0.2549019607843137,0.13725490196078433,428,242,670,4.1760102962686565,4.989611095820894,9.26945358208955,"Ryan Vilade","22165",668723
"Jac Caglianone",2026,"FA,FC,SI,CH,SL,CU,KC",592,0.24545454545454545,0.4909090909090909,0.2636363636363636,0.06896551724137931,0.2413793103448276,424,168,592,1.8222303043918922,3.094038995760136,8.336547212837838,"Jac Caglianone","35041",695506
"Jake Burger",2026,"FA,FC,FS,SI,CH,SL,CU,KC",651,0.18518518518518517,0.37037037037037035,0.4444444444444444,0.25,0.25,410,241,651,3.429454239170507,3.6758422261136716,8.409840485407065,"Jake Burger","22275",669394
"Carter Jensen",2026,"FA,FC,SI,CH,SL,CU,KC",662,0.25742574257425743,0.39603960396039606,0.3465346534653465,0.2,0.11428571428571428,402,260,662,2.610960237462235,3.862712715256797,8.280496259818737,"Carter Jensen","29478",695600
"Ildemaro Vargas",2026,"FA,FC,FS,SI,CH,SL,CU,KC",557,0.30344827586206896,0.35172413793103446,0.3448275862068966,0.32,0.12,382,175,557,3.4117877400359062,3.912437112315977,8.253639666068224,"Ildemaro Vargas","13324",545121
"Jordan Walker",2026,"FA,FC,FS,SI,CH,SL,CU,KC",669,0.35454545454545455,0.35454545454545455,0.2909090909090909,0.15625,0.28125,416,253,669,3.1286156740956654,2.7401991279521685,8.247764291479823,"Jordan Walker","27475",691023
"Nico Hoerner",2026,"FA,FC,FS,SI,CH,SL,CU,KC",586,0.26573426573426573,0.4195804195804196,0.3146853146853147,0.2,0.06666666666666667,403,183,586,4.292297500341297,3.9162522049488047,8.886611194539245,"Nico Hoerner","21479",663538
"Austin Martin",2026,"FA,FC,FS,SI,CH,SL,CU,KC",671,0.2803738317757009,0.3925233644859813,0.32710280373831774,0.2,0.05714285714285714,366,305,671,3.7028207566020868,4.47847826110283,8.994721792846496,"Austin Martin","27462",668885
"Alex Bregman",2026,"FA,FC,FS,SI,CH,SL,CU,KC",709,0.22764227642276422,0.3252032520325203,0.44715447154471544,0.2727272727272727,0.12727272727272726,423,286,709,3.521160738363894,3.3517757747531736,8.477342208744707,"Alex Bregman","17678",608324
"Mike Trout",2026,"FA,FC,SI,CH,SL,CU,KC",762,0.20192307692307693,0.40384615384615385,0.3942307692307692,0.17073170731707318,0.14634146341463414,455,307,762,3.8156796213779534,5.536122334908137,9.228725101049868,"Mike Trout","10155",545361
"Jung Hoo Lee",2026,"FA,FC,FS,SI,CH,SL,CU,KC",613,0.2534246575342466,0.4794520547945205,0.2671232876712329,0.15384615384615385,0.05128205128205128,432,181,613,3.0247459381729196,3.8804772425774896,8.482047071778139,"Jung Hoo Lee","33824",808982
"Chase DeLauter",2026,"FA,FC,FS,SI,CH,SL,CU",689,0.2992125984251969,0.4645669291338583,0.23622047244094488,0.36666666666666664,0.1,429,260,689,2.4041496840783747,3.4795133619158203,8.285827021770684,"Chase DeLauter","32127",800050
"Yordan Alvarez",2026,"FA,FC,FS,SI,CH,SL,CU,KC",669,0.24444444444444444,0.362962962962963,0.3925925925925926,0.11320754716981132,0.18867924528301888,429,240,669,2.7936953036173393,4.098525880747386,8.692661548579967,"Yordan Alvarez","19556",670541
"William Contreras",2026,"FA,FC,FS,SI,CH,SL,CU,KC",693,0.2595419847328244,0.3893129770992366,0.3511450381679389,0.2391304347826087,0.08695652173913043,428,265,693,3.5395878141125543,3.649377306349205,8.367470542568544,"William Contreras","20503",661388
"Daylen Lile",2026,"FA,FC,FS,SI,CH,SL,CU,KC",651,0.2601626016260163,0.3902439024390244,0.34959349593495936,0.20930232558139536,0.023255813953488372,454,197,651,2.206553770645163,3.8714784043010755,8.1274854562212,"Daylen Lile","29995",695734
"Jake McCarthy",2026,"FA,FC,FS,SI,CH,SL,CU,KC",580,0.2773722627737226,0.49635036496350365,0.22627737226277372,0.22580645161290322,0.12903225806451613,411,169,580,2.043423159586207,2.925807836482759,7.0316505000000005,"Jake McCarthy","21622",664983
"Sal Stewart",2026,"FA,FC,FS,SI,CH,SL,CU,KC",745,0.2608695652173913,0.40869565217391307,0.33043478260869563,0.18421052631578946,0.21052631578947367,461,284,745,3.2378173276510074,3.474201292348993,8.47953339865772,"Sal Stewart","31505",701398
"Spencer Torkelson",2026,"FA,FC,FS,SI,CH,SL,CU,KC",800,0.26732673267326734,0.33663366336633666,0.39603960396039606,0.075,0.075,468,332,800,3.3812710277500004,3.8916525450125006,8.363175245,"Spencer Torkelson","27465",679529
"Hunter Goodman",2026,"FA,FC,FS,SI,CH,SL,CU,KC",729,0.22,0.39,0.39,0.10256410256410256,0.3076923076923077,469,260,729,2.850058211385459,2.9803680384087787,7.907974137174211,"Hunter Goodman","29715",696100
"Austin Riley",2026,"FA,FC,FS,SI,CH,SL,CU,KC",783,0.22,0.46,0.32,0.1875,0.09375,470,313,783,3.4183169662835255,3.6311907003831423,8.36741919029374,"Austin Riley","18360",663586
"Jackson Merrill",2026,"FA,FC,FS,SI,CH,SL,CU,KC",686,0.25984251968503935,0.3779527559055118,0.36220472440944884,0.17391304347826086,0.13043478260869565,473,213,686,2.475019692696794,4.159587543440234,8.241254572886296,"Jackson Merrill","29490",701538
"Cal Raleigh",2026,"FA,FC,FS,SI,CH,SL,CU,KC",806,0.20408163265306123,0.336734693877551,0.45918367346938777,0.24444444444444444,0.2,508,298,806,2.5725313398263028,4.096010533089331,8.478079565756827,"Cal Raleigh","21534",663728
"Kyle Tucker",2026,"FA,FC,FS,SI,CH,SL,CU,KC",732,0.2196969696969697,0.3560606060606061,0.42424242424242425,0.19642857142857142,0.08928571428571429,447,285,732,2.6482585772950826,3.7926979937978142,7.983354596994535,"Kyle Tucker","18345",663656
"Dillon Dingler",2026,"FA,FC,FS,SI,CH,SL,CU,KC",764,0.25203252032520324,0.37398373983739835,0.37398373983739835,0.2391304347826087,0.08695652173913043,503,261,764,3.634478917094241,4.583592532198952,8.668802244764398,"Dillon Dingler","27464",693307
"Geraldo Perdomo",2026,"FA,FC,FS,SI,CH,SL,CU,KC",835,0.20567375886524822,0.524822695035461,0.2695035460992908,0.15789473684210525,0.02631578947368421,506,329,835,3.9206292233532944,4.593667339640717,8.722671851497005,"Geraldo Perdomo","22799",672695
"Cody Bellinger",2026,"FA,FC,FS,SI,CH,SL,CU",728,0.28289473684210525,0.34868421052631576,0.3684210526315789,0.30357142857142855,0.08928571428571429,483,245,728,2.986015950824176,4.362846624725274,8.619671803571428,"Cody Bellinger","15998",641355
"Shohei Ohtani",2026,"FA,FC,FS,SI,CH,SL,CU,KC",722,0.2047244094488189,0.4330708661417323,0.36220472440944884,0.13043478260869565,0.2608695652173913,453,269,722,2.5716628570637114,3.611819150235458,8.006108605263153,"Shohei Ohtani","19755",660271
"Brandon Nimmo",2026,"FA,FC,FS,SI,CH,SL,CU,KC",769,0.2635135135135135,0.44594594594594594,0.2905405405405405,0.11627906976744186,0.11627906976744186,497,272,769,3.1848478769700903,4.443568010618985,8.380114430429128,"Brandon Nimmo","12927",607043
"Michael Busch",2026,"FA,FC,SI,CH,SL,CU,KC",773,0.19083969465648856,0.44274809160305345,0.366412213740458,0.08333333333333333,0.14583333333333334,477,296,773,3.2118978821992235,3.9800496670116434,8.355912582147477,"Michael Busch","26319",683737
"Steven Kwan",2026,"FA,FC,FS,SI,CH,SL,CU,KC",845,0.28368794326241137,0.41134751773049644,0.3049645390070922,0.2558139534883721,0,506,339,845,3.8313851442603553,4.75477305676923,8.880912693491126,"Steven Kwan","24610",680757
"CJ Abrams",2026,"FA,FC,FS,SI,CH,SL,CU,KC",784,0.23809523809523808,0.3968253968253968,0.36507936507936506,0.2608695652173913,0.17391304347826086,545,239,784,2.3193286221938783,3.313172786785714,7.8947698354591855,"CJ Abrams","25768",682928
"Brandon Lowe",2026,"FA,FC,SI,CH,SL,CU,KC",814,0.1794871794871795,0.41025641025641024,0.41025641025641024,0.16666666666666666,0.16666666666666666,554,260,814,1.6935096072481568,3.100749854545455,7.613258646191645,"Brandon Lowe","18882",664040
"Corbin Carroll",2026,"FA,FC,FS,SI,CH,SL,CU,KC",799,0.23703703703703705,0.45925925925925926,0.3037037037037037,0.21951219512195122,0.14634146341463414,490,309,799,3.126753451614518,4.252108806971215,8.307979081351693,"Corbin Carroll","25878",682998
"Luis Arraez",2026,"FA,FC,FS,SI,CH,SL,CU,KC",743,0.25280898876404495,0.47191011235955055,0.2752808988764045,0.22448979591836735,0.02040816326530612,521,222,743,3.7763229098250344,4.318364411574698,8.864324877523554,"Luis Arraez","18568",650333
"Mauricio Dubón",2026,"FA,FC,FS,SI,CH,SL,CU,KC",735,0.24,0.4,0.36,0.23809523809523808,0.06349206349206349,493,242,735,3.988918475646257,4.182236056585035,8.66729163387755,"Mauricio Dubon","16530",643289