Name,Season,Pitch,Pitches,S-Swing%,S-Contact%,S-Zone%,SI-Swing%,SI-Contact%,SI-Zone%,SO-Swing%,SO-Contact%,SO-Zone%,NameASCII,PlayerId,MLBAMID
"Blaze Alexander",2026,"FA,FC,FS,SI,CH,SL,CU,KC",408,0.6666666666666666,0.7450980392156863,0.375,0.8024691358024691,0.7692307692307693,0.19852941176470587,0.5138888888888888,0.7027027027027027,0.17647058823529413,"Blaze Alexander","23789",677942
"Gunnar Henderson",2026,"FA,FC,FS,SI,CH,SL,CU,KC",854,0.544891640866873,0.8068181818181818,0.37822014051522246,0.5803108808290155,0.9107142857142857,0.2259953161592506,0.49230769230769234,0.625,0.1522248243559719,"Gunnar Henderson","26289",683002
"Justin Foscue",2026,"FA,FC,FS,SI,CH,SL,CU,KC",656,0.506896551724138,0.8571428571428571,0.4420731707317073,0.5847953216374269,0.89,0.2606707317073171,0.3949579831932773,0.7872340425531915,0.18140243902439024,"Justin Foscue","27501",679822
"Pete Crow-Armstrong",2026,"FA,FC,FS,SI,CH,SL,CU,KC",944,0.4973958333333333,0.7801047120418848,0.4067796610169492,0.5576923076923077,0.8275862068965517,0.22033898305084745,0.42613636363636365,0.7066666666666667,0.1864406779661017,"Pete Crow-Armstrong","27769",691718
"Michael Harris II",2026,"FA,FC,FS,SI,CH,SL,CU,KC",775,0.6383647798742138,0.8374384236453202,0.4103225806451613,0.6627218934911243,0.9196428571428571,0.21806451612903227,0.610738255033557,0.7362637362637363,0.19225806451612903,"Michael Harris II","25931",671739
"Ozzie Albies",2026,"FA,FC,FS,SI,CH,SL,CU,KC",824,0.7390029325513197,0.8492063492063492,0.41383495145631066,0.8295454545454546,0.8835616438356164,0.21359223300970873,0.6424242424242425,0.8018867924528302,0.20024271844660194,"Ozzie Albies","16556",645277
"Harry Ford",2026,"FA,FC,FS,SI,CH,SL,CU,KC",247,0.41964285714285715,0.5957446808510638,0.4534412955465587,0.5263157894736842,0.6666666666666666,0.23076923076923078,0.3090909090909091,0.47058823529411764,0.22267206477732793,"Harry Ford","29958",695670
"Alec Burleson",2026,"FA,FC,FS,SI,CH,SL,CU,KC",702,0.6531365313653137,0.8192090395480226,0.38603988603988604,0.6973684210526315,0.8962264150943396,0.21652421652421652,0.5966386554621849,0.704225352112676,0.16951566951566951,"Alec Burleson","27615",676475
"Vaughn Grissom",2026,"FA,FC,SI,CH,SL,CU,KC,EP",695,0.5699300699300699,0.8159509202453987,0.4115107913669065,0.6134969325153374,0.88,0.23453237410071942,0.5121951219512195,0.7142857142857143,0.17697841726618704,"Vaughn Grissom","26031",687093
"Josh Naylor",2026,"FA,FC,FS,SI,CH,SL,CU,KC",751,0.5172413793103449,0.8303030303030303,0.4247669773635153,0.5493827160493827,0.8764044943820225,0.21571238348868177,0.4840764331210191,0.7763157894736842,0.20905459387483355,"Josh Naylor","18839",647304
"Matt Chapman",2026,"FA,FC,FS,SI,CH,SL,CU",391,0.5098039215686274,0.8461538461538461,0.391304347826087,0.6265060240963856,0.8653846153846154,0.21227621483375958,0.37142857142857144,0.8076923076923077,0.17902813299232737,"Matt Chapman","16505",656305
"Spencer Torkelson",2026,"FA,FC,FS,SI,CH,SL,CU,KC",800,0.5045317220543807,0.688622754491018,0.41375,0.5988372093023255,0.7864077669902912,0.215,0.4025157232704403,0.53125,0.19875,"Spencer Torkelson","27465",679529
"Carter Jensen",2026,"FA,FC,SI,CH,SL,CU,KC",662,0.4575645756457565,0.6290322580645161,0.4093655589123867,0.5441176470588235,0.7297297297297297,0.2054380664652568,0.37037037037037035,0.48,0.2039274924471299,"Carter Jensen","29478",695600
"Jordan Beck",2026,"FA,FC,FS,SI,CH,SL,CU",377,0.5796178343949044,0.7032967032967034,0.41644562334217505,0.574468085106383,0.7407407407407407,0.2493368700265252,0.5873015873015873,0.6486486486486487,0.16710875331564987,"Jordan Beck","31431",687597
"Willi Castro",2026,"FA,FC,FS,SI,CH,SL,CU,KC,EP",638,0.7078651685393258,0.7777777777777778,0.41849529780564265,0.7092198581560284,0.81,0.22100313479623823,0.7063492063492064,0.7415730337078652,0.1974921630094044,"Willi Castro","17338",650489
"Shohei Ohtani",2026,"FA,FC,FS,SI,CH,SL,CU,KC",715,0.5551470588235294,0.6490066225165563,0.3804195804195804,0.5734265734265734,0.6463414634146342,0.2,0.5348837209302325,0.6521739130434783,0.18041958041958042,"Shohei Ohtani","19755",660271
"Bryce Harper",2026,"FA,FC,FS,SI,CH,SL,CU,KC",1079,0.5802197802197803,0.7196969696969697,0.42168674698795183,0.6728110599078341,0.7671232876712328,0.20111214087117701,0.4957983193277311,0.6610169491525424,0.2205746061167748,"Bryce Harper","11579",547180
"Alec Bohm",2026,"FA,FC,FS,SI,CH,SL,CU,KC",662,0.5050167224080268,0.8874172185430463,0.4516616314199396,0.5337837837837838,0.9240506329113924,0.22356495468277945,0.4768211920529801,0.8472222222222222,0.2280966767371601,"Alec Bohm","21618",664761
"Shea Langeliers",2026,"FA,FC,FS,SI,CH,SL,CU,KC",506,0.6530612244897959,0.796875,0.38735177865612647,0.7247706422018348,0.8354430379746836,0.21541501976284586,0.5632183908045977,0.7346938775510204,0.17193675889328064,"Shea Langeliers","25816",669127
"Carson Benge",2026,"FA,FC,FS,SI,CH,SL,CU,KC",797,0.45427728613569324,0.8246753246753247,0.42534504391468003,0.5306122448979592,0.8461538461538461,0.24592220828105396,0.34965034965034963,0.78,0.1794228356336261,"Carson Benge","35177",701807
"Junior Caminero",2026,"FA,FC,FS,SI,CH,SL,CU,KC",757,0.5245901639344263,0.79375,0.40290620871862615,0.6153846153846154,0.8269230769230769,0.22324966974900926,0.4117647058823529,0.7321428571428571,0.17965653896961692,"Junior Caminero","28163",691406
"Max Muncy",2026,"FA,FC,FS,SI,CH,SL,CU,KC",425,0.6,0.7297297297297297,0.43529411764705883,0.71,0.8028169014084507,0.23529411764705882,0.47058823529411764,0.6,0.2,"Max Muncy","29779",691777
"Jahmai Jones",2026,"FA,FC,FS,SI,CH,SL,CU,KC",603,0.5603112840466926,0.5763888888888888,0.4262023217247098,0.6062992125984252,0.5844155844155844,0.21061359867330018,0.5153846153846153,0.5671641791044776,0.2155887230514096,"Jahmai Jones","18872",663330
"Luke Keaschall",2026,"FA,FC,FS,SI,CH,SL,CU,KC",741,0.43729903536977494,0.8455882352941176,0.41970310391363025,0.5095541401273885,0.8875,0.21187584345479082,0.36363636363636365,0.7857142857142857,0.2078272604588394,"Luke Keaschall","33321",807712
"Freddie Freeman",2026,"FA,FC,FS,SI,CH,SL,CU,KC",887,0.5492957746478874,0.7487179487179487,0.40022547914317924,0.6296296296296297,0.7815126050420168,0.21307779030439683,0.4578313253012048,0.6973684210526315,0.1871476888387824,"Freddie Freeman","5361",518692
"Ryan Jeffers",2026,"FA,FC,FS,SI,CH,SL,CU",575,0.42913385826771655,0.8623853211009175,0.44173913043478263,0.5538461538461539,0.8472222222222222,0.22608695652173913,0.29838709677419356,0.8918918918918919,0.21565217391304348,"Ryan Jeffers","24618",680777
"Kevin McGonigle",2026,"FA,FC,FS,SI,CH,SL,CU,KC",796,0.48923076923076925,0.7672955974842768,0.4082914572864322,0.5906432748538012,0.8217821782178217,0.21482412060301506,0.37662337662337664,0.6724137931034483,0.1934673366834171,"Kevin McGonigle","33572",805808
"Luis Rengifo",2026,"FA,FC,FS,SI,CH,SL,CU,KC",486,0.6056338028169014,0.8837209302325582,0.4382716049382716,0.74,0.918918918918919,0.205761316872428,0.48672566371681414,0.8363636363636363,0.23251028806584362,"Luis Rengifo","19858",650859
"Osleivis Basabe",2026,"FA,FC,FS,SI,CH,SL,CU,KC",244,0.5217391304347826,0.8958333333333334,0.3770491803278688,0.49019607843137253,0.96,0.20901639344262296,0.5609756097560976,0.8260869565217391,0.1680327868852459,"Osleivis Basabe","23985",678545
"Luis Urías",2026,"FA,FC,SI,CH,SL,CU",146,0.6,0.8717948717948718,0.4452054794520548,0.65625,0.9523809523809523,0.2191780821917808,0.5454545454545454,0.7777777777777778,0.22602739726027396,"Luis Urias","16622",649966
"Connor Wong",2026,"FA,FC,SI,CH,SL,CU,KC",244,0.49019607843137253,0.78,0.4180327868852459,0.6363636363636364,0.8571428571428571,0.22540983606557377,0.3191489361702128,0.6,0.19262295081967212,"Connor Wong","19896",657136
"Yandy Díaz",2026,"FA,FC,FS,SI,CH,SL,CU,KC",737,0.5892857142857143,0.8838383838383839,0.4559023066485753,0.65,0.8803418803418803,0.24423337856173677,0.5192307692307693,0.8888888888888888,0.21166892808683854,"Yandy Diaz","16578",650490
"Spencer Steer",2026,"FA,FC,FS,SI,CH,SL,CU,KC",376,0.5608108108108109,0.7710843373493976,0.39361702127659576,0.6162790697674418,0.8113207547169812,0.22872340425531915,0.4838709677419355,0.7,0.16489361702127658,"Spencer Steer","26323",668715
"Leo Jiménez",2026,"FA,FC,FS,SI,CH,SL,CU,KC",386,0.5214723926380368,0.8,0.422279792746114,0.6162790697674418,0.8679245283018868,0.22279792746113988,0.4155844155844156,0.6875,0.19948186528497408,"Leo Jimenez","23782",677870
"Esteury Ruiz",2026,"FA,FC,FS,SI,CH,SL,CU,KC",517,0.5523809523809524,0.6206896551724138,0.40618955512572535,0.6704545454545454,0.6271186440677966,0.1702127659574468,0.4672131147540984,0.6140350877192983,0.23597678916827852,"Esteury Ruiz","21780",665923
"Zach Neto",2026,"FA,FC,FS,SI,CH,SL,CU,KC,EP",730,0.5905797101449275,0.7484662576687117,0.3780821917808219,0.6326530612244898,0.8387096774193549,0.20136986301369864,0.5426356589147286,0.6285714285714286,0.17671232876712328,"Zach Neto","31347",687263
"Everson Pereira",2026,"FA,FC,FS,SI,CH,SL,CU,KC",173,0.6166666666666667,0.6486486486486487,0.3468208092485549,0.7666666666666667,0.7391304347826086,0.17341040462427745,0.4666666666666667,0.5,0.17341040462427745,"Everson Pereira","23695",677592
"Ryan Waldschmidt",2026,"FA,FC,FS,SI,CH,SL,CU,KC",350,0.4716981132075472,0.76,0.4542857142857143,0.5842696629213483,0.8076923076923077,0.2542857142857143,0.32857142857142857,0.6521739130434783,0.2,"Ryan Waldschmidt","35061",814439
"Ha-Seong Kim",2026,"FA,FC,FS,SI,CH,SL,CU",279,0.4322033898305085,0.7843137254901961,0.4229390681003584,0.4482758620689655,0.8846153846153846,0.2078853046594982,0.4166666666666667,0.68,0.21505376344086022,"Ha-Seong Kim","27506",673490
"Seiya Suzuki",2026,"FA,FC,FS,SI,CH,SL,CU,KC",716,0.4405144694533762,0.8467153284671532,0.43435754189944137,0.5246913580246914,0.9058823529411765,0.22625698324022347,0.348993288590604,0.75,0.20810055865921787,"Seiya Suzuki","30116",673548
"Connor Norby",2026,"FA,FC,FS,SI,CH,SL,CU,KC",533,0.5891089108910891,0.773109243697479,0.3789868667917448,0.6862745098039216,0.8,0.19136960600375236,0.49,0.7346938775510204,0.18761726078799248,"Connor Norby","29592",681393
"Heriberto Hernández",2026,"FA,FC,FS,SI,CH,SL,CU,KC",641,0.562962962962963,0.618421052631579,0.42121684867394693,0.6716417910447762,0.7222222222222222,0.20904836193447737,0.45588235294117646,0.46774193548387094,0.21216848673946961,"Heriberto Hernandez","24878",681715
"Davis Schneider",2026,"FA,FC,SI,CH,SL,CU,KC",402,0.4581005586592179,0.7195121951219512,0.44527363184079605,0.5543478260869565,0.803921568627451,0.22885572139303484,0.3563218390804598,0.5806451612903226,0.21641791044776118,"Davis Schneider","23565",676914
"Tyler Stephenson",2026,"FA,FC,FS,SI,CH,SL,CU,KC",516,0.4930875576036866,0.7570093457943925,0.42054263565891475,0.5855855855855856,0.8615384615384616,0.21511627906976744,0.39622641509433965,0.5952380952380952,0.2054263565891473,"Tyler Stephenson","17988",663886
"Gary Sánchez",2026,"FA,FC,FS,SI,CH,SL,CU,KC",502,0.457286432160804,0.7252747252747253,0.39641434262948205,0.48,0.75,0.199203187250996,0.43434343434343436,0.6976744186046512,0.19721115537848605,"Gary Sanchez","11442",596142
"Samuel Basallo",2026,"FA,FC,SI,CH,SL,CU,KC",342,0.625,0.6705882352941176,0.39766081871345027,0.6363636363636364,0.7142857142857143,0.22514619883040934,0.6101694915254238,0.6111111111111112,0.17251461988304093,"Samuel Basallo","28824",694212
"Vinnie Pasquantino",2026,"FA,FC,FS,SI,CH,SL,CU,KC",508,0.5467980295566502,0.8648648648648649,0.39763779527559057,0.57,0.8245614035087719,0.1968503937007874,0.5242718446601942,0.9074074074074074,0.20078740157480315,"Vinnie Pasquantino","27676",686469
"TJ Rumfield",2026,"FA,FC,FS,SI,CH,SL,CU,KC",703,0.5202702702702703,0.8701298701298701,0.42105263157894735,0.5925925925925926,0.9166666666666666,0.23044096728307253,0.43283582089552236,0.7931034482758621,0.1906116642958748,"TJ Rumfield","29805",681198
"Noelvi Marte",2026,"FA,FC,FS,SI,CH,SL,CU",216,0.632183908045977,0.7454545454545455,0.4027777777777778,0.6363636363636364,0.8571428571428571,0.2037037037037037,0.627906976744186,0.6296296296296297,0.19907407407407407,"Noelvi Marte","26517",682622
"Myles Straw",2026,"FA,FC,FS,SI,CH,SL,CU,KC",701,0.42124542124542125,0.8695652173913043,0.38944365192582026,0.5,0.8732394366197183,0.20256776034236804,0.33587786259541985,0.8636363636363636,0.18687589158345222,"Myles Straw","17620",664702
"Drake Baldwin",2026,"FA,FC,FS,SI,CH,SL,CU,KC",799,0.525,0.8035714285714286,0.4005006257822278,0.5786163522012578,0.8586956521739131,0.19899874843554444,0.4720496894409938,0.7368421052631579,0.20150187734668334,"Drake Baldwin","31539",686948
"Julio Rodríguez",2026,"FA,FC,FS,SI,CH,SL,CU,KC",808,0.6134453781512605,0.771689497716895,0.4405940594059406,0.6818181818181818,0.825,0.21658415841584158,0.5469613259668509,0.7070707070707071,0.22400990099009901,"Julio Rodriguez","23697",677594
"Jordan Walker",2026,"FA,FC,FS,SI,CH,SL,CU,KC",659,0.5992063492063492,0.7814569536423841,0.38239757207890746,0.6762589928057554,0.7978723404255319,0.2109256449165402,0.504424778761062,0.7543859649122807,0.17147192716236723,"Jordan Walker","27475",691023
"Pete Alonso",2026,"FA,FC,FS,SI,CH,SL,CU,KC",849,0.5424242424242425,0.7150837988826816,0.38869257950530034,0.625,0.7619047619047619,0.1978798586572438,0.4567901234567901,0.6486486486486487,0.19081272084805653,"Pete Alonso","19251",624413
"Andruw Monasterio",2026,"FA,FC,FS,SI,CH,SL,CU,KC",597,0.488,0.8360655737704918,0.4187604690117253,0.5337837837837838,0.8481012658227848,0.24790619765494137,0.4215686274509804,0.813953488372093,0.1708542713567839,"Andruw Monasterio","19455",655316
"Jorge Mateo",2026,"FA,FC,FS,SI,CH,SL,CU,KC",305,0.6518518518518519,0.7386363636363636,0.4426229508196721,0.6911764705882353,0.8085106382978723,0.22295081967213115,0.6119402985074627,0.6585365853658537,0.21967213114754097,"Jorge Mateo","17273",622761
"Bryan Reynolds",2026,"FA,FC,FS,SI,CH,SL,CU,KC",913,0.6005747126436781,0.7081339712918661,0.380065717415115,0.7021276595744681,0.7651515151515151,0.2059145673603505,0.48125,0.6103896103896104,0.1741511500547645,"Bryan Reynolds","19326",668804
"Yainer Diaz",2026,"FA,FC,FS,SI,CH,SL,CU,KC",318,0.6737588652482269,0.7894736842105263,0.44339622641509435,0.7164179104477612,0.8958333333333334,0.21069182389937108,0.6351351351351351,0.6808510638297872,0.23270440251572327,"Yainer Diaz","23003",673237
"Lane Thomas",2026,"FA,FC,FS,SI,CH,SL,CU",672,0.44014084507042256,0.744,0.4226190476190476,0.5570469798657718,0.8072289156626506,0.22172619047619047,0.3111111111111111,0.6190476190476191,0.20089285714285715,"Lane Thomas","16939",657041
"Brenton Doyle",2026,"FA,FC,FS,SI,CH,SL,CU,KC",340,0.6058394160583942,0.6506024096385542,0.40294117647058825,0.5733333333333334,0.813953488372093,0.22058823529411764,0.6451612903225806,0.475,0.18235294117647058,"Brenton Doyle","25479",686668
"Cole Young",2026,"FA,FC,FS,SI,CH,SL,CU,KC",806,0.5931232091690545,0.8067632850241546,0.43300248138957814,0.6772486772486772,0.8671875,0.23449131513647642,0.49375,0.7088607594936709,0.19851116625310175,"Cole Young","31680",702284
"Jake Burger",2026,"FA,FC,FS,SI,CH,SL,CU,KC",651,0.5400696864111498,0.7225806451612903,0.44086021505376344,0.6025641025641025,0.8191489361702128,0.23963133640552994,0.46564885496183206,0.5737704918032787,0.2012288786482335,"Jake Burger","22275",669394
"Riley Greene",2026,"FA,FC,SI,CH,SL,CU,KC",784,0.49262536873156343,0.7425149700598802,0.43239795918367346,0.5819209039548022,0.8252427184466019,0.22576530612244897,0.3950617283950617,0.609375,0.2066326530612245,"Riley Greene","25976",682985
"Kyle Schwarber",2026,"FA,FC,FS,SI,CH,SL,CU,KC",1105,0.4878587196467991,0.6832579185520362,0.4090497737556561,0.5942622950819673,0.7310344827586207,0.21990950226244343,0.36363636363636365,0.5921052631578947,0.18914027149321266,"Kyle Schwarber","16478",656941
"Ryan Vilade",2026,"FA,FC,SI,CH,SL,CU,KC",670,0.575091575091575,0.802547770700637,0.40746268656716417,0.7394366197183099,0.8476190476190476,0.21194029850746268,0.3969465648854962,0.7115384615384616,0.19552238805970149,"Ryan Vilade","22165",668723
"Ernie Clement",2026,"FA,FC,FS,SI,CH,SL,CU,KC",647,0.6410256410256411,0.8685714285714285,0.42194744976816073,0.7214285714285714,0.900990099009901,0.21638330757341576,0.556390977443609,0.8243243243243243,0.20556414219474498,"Ernie Clement","20352",676391
"Sal Stewart",2026,"FA,FC,FS,SI,CH,SL,CU,KC",744,0.5316455696202531,0.7797619047619048,0.42473118279569894,0.5621301775147929,0.8315789473684211,0.2271505376344086,0.4965986394557823,0.7123287671232876,0.1975806451612903,"Sal Stewart","31505",701398
"Bo Bichette",2026,"FA,FC,FS,SI,CH,SL,CU,KC",760,0.5953947368421053,0.8729281767955801,0.3973684210526316,0.5911949685534591,0.9042553191489362,0.20921052631578949,0.6,0.8390804597701149,0.1881578947368421,"Bo Bichette","19612",666182
"A.J. Ewing",2026,"FA,FC,FS,SI,CH,SL,CU,KC",547,0.4563106796116505,0.7021276595744681,0.376599634369287,0.5849056603773585,0.6774193548387096,0.19378427787934185,0.32,0.75,0.18281535648994515,"A.J. Ewing","33656",805999
"Sal Frelick",2026,"FA,FC,SI,CH,SL,CU",354,0.4722222222222222,0.8970588235294118,0.4067796610169492,0.525,0.9285714285714286,0.22598870056497175,0.40625,0.8461538461538461,0.1807909604519774,"Sal Frelick","29622",686217
"Chandler Simpson",2026,"FA,FC,FS,SI,CH,SL,CU,KC",641,0.5959183673469388,0.8767123287671232,0.38221528861154447,0.5972222222222222,0.9069767441860465,0.22464898595943839,0.594059405940594,0.8333333333333334,0.15756630265210608,"Chandler Simpson","31912",802415
"Chase DeLauter",2026,"FA,FC,FS,SI,CH,SL,CU",689,0.4709897610921502,0.7898550724637681,0.42525399129172714,0.564935064935065,0.8390804597701149,0.22351233671988388,0.3669064748201439,0.7058823529411765,0.20174165457184326,"Chase DeLauter","32127",800050
"Corbin Carroll",2026,"FA,FC,FS,SI,CH,SL,CU,KC",793,0.453416149068323,0.7671232876712328,0.4060529634300126,0.5031847133757962,0.7721518987341772,0.19798234552332913,0.40606060606060607,0.7611940298507462,0.2080706179066835,"Corbin Carroll","25878",682998
"Ian Happ",2026,"FA,FC,FS,SI,CH,SL,CU,KC",557,0.51931330472103,0.7355371900826446,0.41831238779174146,0.5793650793650794,0.821917808219178,0.22621184919210055,0.4485981308411215,0.6041666666666666,0.19210053859964094,"Ian Happ","17919",664023
"Jacob Wilson",2026,"FA,FC,FS,SI,CH,SL,CU,KC",374,0.6143790849673203,0.9148936170212766,0.4090909090909091,0.6455696202531646,0.9607843137254902,0.21122994652406418,0.581081081081081,0.8604651162790697,0.19786096256684493,"Jacob Wilson","33266",805779
"Trea Turner",2026,"FA,FC,FS,SI,CH,SL,CU,KC",918,0.5654450261780105,0.7731481481481481,0.4150326797385621,0.6231155778894473,0.8306451612903226,0.21568627450980393,0.5027322404371585,0.6956521739130435,0.19934640522875818,"Trea Turner","16252",607208
"Jose Fernandez",2026,"FA,FC,FS,SI,CH,SL,CU,KC",297,0.5655737704918032,0.6956521739130435,0.4107744107744108,0.6226415094339622,0.6666666666666666,0.17845117845117844,0.5217391304347826,0.7222222222222222,0.23232323232323232,"Jose Fernandez","28020",699912
"Hao-Yu Lee",2026,"FA,FC,FS,SI,CH,SL,CU,KC",534,0.5533980582524272,0.7368421052631579,0.3838951310861423,0.6371681415929203,0.7916666666666666,0.20973782771535582,0.45161290322580644,0.6428571428571429,0.17415730337078653,"Hao-Yu Lee","30080",701678
"Keibert Ruiz",2026,"FA,FC,FS,SI,CH,SL,CU,KC",330,0.48872180451127817,0.9230769230769231,0.403030303030303,0.5068493150684932,0.918918918918919,0.22121212121212122,0.4666666666666667,0.9285714285714286,0.18181818181818182,"Keibert Ruiz","19610",660688
"Vladimir Guerrero Jr.",2026,"FA,FC,FS,SI,CH,SL,CU,KC",608,0.5343511450381679,0.85,0.4309210526315789,0.6349206349206349,0.8625,0.20723684210526316,0.4411764705882353,0.8333333333333334,0.2236842105263158,"Vladimir Guerrero Jr.","19611",665489
"Ronald Acuña Jr.",2026,"FA,FC,FS,SI,CH,SL,CU",641,0.5,0.7720588235294118,0.42277691107644305,0.578125,0.7702702702702703,0.1996879875195008,0.4305555555555556,0.7741935483870968,0.22308892355694226,"Ronald Acuna Jr.","18401",660670
"Kyle Manzardo",2026,"FA,FC,SI,CH,SL,CU",268,0.5087719298245614,0.7068965517241379,0.4216417910447761,0.48333333333333334,0.9310344827586207,0.22388059701492538,0.5370370370370371,0.4827586206896552,0.19776119402985073,"Kyle Manzardo","29794",700932
"Rafael Marchán",2026,"FA,FC,FS,SI,CH,SL,CU,KC",110,0.5333333333333333,0.9583333333333334,0.4090909090909091,0.6071428571428571,1,0.2545454545454545,0.4117647058823529,0.8571428571428571,0.15454545454545454,"Rafael Marchan","21646",665561
"Dylan Beavers",2026,"FA,FC,SI,CH,SL,CU",298,0.4,0.75,0.3691275167785235,0.4067796610169492,0.7916666666666666,0.19798657718120805,0.39215686274509803,0.7,0.17114093959731544,"Dylan Beavers","31695",687637
"Matt Olson",2026,"FA,FC,FS,SI,CH,SL,CU,KC",1142,0.5071283095723014,0.7550200803212851,0.42819614711033277,0.5660377358490566,0.8066666666666666,0.23029772329246936,0.43805309734513276,0.6767676767676768,0.1978984238178634,"Matt Olson","14344",621566
"Willson Contreras",2026,"FA,FC,FS,SI,CH,SL,CU,KC",578,0.5219123505976095,0.7709923664122137,0.43252595155709345,0.6194690265486725,0.8,0.19377162629757785,0.4420289855072464,0.7377049180327869,0.23875432525951557,"Willson Contreras","11609",575929
"Tyler O'Neill",2026,"FA,FC,FS,SI,CH,SL,CU,KC",490,0.573394495412844,0.768,0.44285714285714284,0.6330275229357798,0.8695652173913043,0.22244897959183674,0.5137614678899083,0.6428571428571429,0.22040816326530613,"Tyler O'Neill","15711",641933
"Miguel Vargas",2026,"FA,FC,FS,SI,CH,SL,CU,KC",812,0.44412607449856734,0.8516129032258064,0.42857142857142855,0.5421052631578948,0.8543689320388349,0.23399014778325122,0.3270440251572327,0.8461538461538461,0.19458128078817735,"Miguel Vargas","20178",678246
"Oneil Cruz",2026,"FA,FC,FS,SI,CH,SL,CU,KC",569,0.49557522123893805,0.7589285714285714,0.39718804920913886,0.5121951219512195,0.8571428571428571,0.21616871704745166,0.47572815533980584,0.6326530612244898,0.18101933216168717,"Oneil Cruz","21711",665833
"Ben Rice",2026,"FA,FC,FS,SI,CH,SL,CU,KC",848,0.47633136094674555,0.7267080745341615,0.39858490566037735,0.5333333333333333,0.78125,0.21226415094339623,0.41139240506329117,0.6461538461538462,0.18632075471698112,"Ben Rice","29576",700250
"Henry Bolte",2026,"FA,FC,FS,SI,CH,SL,CU,KC",568,0.5422222222222223,0.6639344262295082,0.3961267605633803,0.6209677419354839,0.7402597402597403,0.21830985915492956,0.44554455445544555,0.5333333333333333,0.17781690140845072,"Henry Bolte","31448",703607
"Joey Ortiz",2026,"FA,FC,FS,SI,CH,SL,CU,KC",609,0.4957983193277311,0.8813559322033898,0.39080459770114945,0.5343511450381679,0.9,0.21510673234811165,0.4485981308411215,0.8541666666666666,0.17569786535303777,"Joey Ortiz","25493",687401
"Luis Arraez",2026,"FA,FC,FS,SI,CH,SL,CU,KC",743,0.5244755244755245,0.9333333333333333,0.38492597577388965,0.5973154362416108,0.9550561797752809,0.20053835800807537,0.44525547445255476,0.9016393442622951,0.18438761776581428,"Luis Arraez","18568",650333
"CJ Abrams",2026,"FA,FC,FS,SI,CH,SL,CU,KC",784,0.6139817629179332,0.7128712871287128,0.41964285714285715,0.6094674556213018,0.7572815533980582,0.21556122448979592,0.61875,0.6666666666666666,0.20408163265306123,"CJ Abrams","25768",682928
"Brett Baty",2026,"FA,FC,FS,SI,CH,SL,CU,KC",363,0.39072847682119205,0.7457627118644068,0.41597796143250687,0.4819277108433735,0.825,0.22865013774104684,0.27941176470588236,0.5789473684210527,0.18732782369146006,"Brett Baty","26123",683146
"Jonny DeLuca",2026,"FA,FC,FS,SI,CH,SL,CU,KC",574,0.6056910569105691,0.8187919463087249,0.42857142857142855,0.648,0.8518518518518519,0.21777003484320556,0.5619834710743802,0.7794117647058824,0.21080139372822299,"Jonny DeLuca","26365",676356
"Wilyer Abreu",2026,"FA,FC,FS,SI,CH,SL,CU,KC",895,0.5191256830601093,0.7842105263157895,0.40893854748603353,0.581151832460733,0.8198198198198198,0.21340782122905028,0.4514285714285714,0.7341772151898734,0.19553072625698323,"Wilyer Abreu","23772",677800
"Ty France",2026,"FA,FC,FS,SI,CH,SL,CU,KC",576,0.5887096774193549,0.6986301369863014,0.4305555555555556,0.7022900763358778,0.7934782608695652,0.22743055555555555,0.46153846153846156,0.5370370370370371,0.203125,"Ty France","17982",664034
"Pedro Pagés",2026,"FA,FC,FS,SI,CH,SL,CU,KC",423,0.5666666666666667,0.7450980392156863,0.425531914893617,0.61,0.819672131147541,0.2364066193853428,0.5125,0.6341463414634146,0.18912529550827423,"Pedro Pages","25782",686780
"Angel Martínez",2026,"FA,FC,FS,SI,CH,SL,CU,KC",505,0.6244541484716157,0.8601398601398601,0.4534653465346535,0.6546762589928058,0.8901098901098901,0.27524752475247527,0.5777777777777777,0.8076923076923077,0.1782178217821782,"Angel Martinez","26540",682657
"Josh Smith",2026,"FA,FC,SI,CH,SL,CU",119,0.6590909090909091,0.8275862068965517,0.3697478991596639,0.6086956521739131,0.8571428571428571,0.19327731092436976,0.7142857142857143,0.8,0.17647058823529413,"Josh Smith","26396",669701
"Andrew Vaughn",2026,"FA,FC,FS,SI,CH,SL,CU,KC",537,0.4092827004219409,0.8556701030927835,0.43947858472998136,0.48214285714285715,0.8518518518518519,0.20670391061452514,0.344,0.8604651162790697,0.23277467411545624,"Andrew Vaughn","26197",683734
"Cody Bellinger",2026,"FA,FC,FS,SI,CH,SL,CU",728,0.5191082802547771,0.8650306748466258,0.42994505494505497,0.5380434782608695,0.8484848484848485,0.25274725274725274,0.49230769230769234,0.890625,0.1771978021978022,"Cody Bellinger","15998",641355
"Brooks Lee",2026,"FA,FC,FS,SI,CH,SL,CU,KC",780,0.6133333333333333,0.8369565217391305,0.38461538461538464,0.6535947712418301,0.91,0.19615384615384615,0.5714285714285714,0.75,0.18846153846153846,"Brooks Lee","31595",686797
"Brandon Nimmo",2026,"FA,FC,FS,SI,CH,SL,CU,KC",765,0.5352564102564102,0.7425149700598802,0.4065359477124183,0.6325301204819277,0.7428571428571429,0.2169934640522876,0.4246575342465753,0.7419354838709677,0.1895424836601307,"Brandon Nimmo","12927",607043
"Mauricio Dubón",2026,"FA,FC,FS,SI,CH,SL,CU,KC",735,0.6302816901408451,0.9273743016759777,0.38639455782312926,0.7310344827586207,0.9245283018867925,0.19727891156462585,0.5251798561151079,0.9315068493150684,0.1891156462585034,"Mauricio Dubon","16530",643289
"Jose Siri",2026,"FA,FC,FS,SI,CH,SL,CU,KC,EP",483,0.6127450980392157,0.648,0.42028985507246375,0.6756756756756757,0.72,0.2277432712215321,0.5376344086021505,0.54,0.19254658385093168,"Jose Siri","17452",642350
"Rafael Devers",2026,"FA,FC,FS,SI,CH,SL,CU,KC",915,0.6027397260273972,0.7090909090909091,0.3989071038251366,0.6865671641791045,0.7391304347826086,0.21967213114754097,0.5,0.6585365853658537,0.17923497267759564,"Rafael Devers","17350",646240
"Owen Caissie",2026,"FA,FC,SI,CH,SL,CU,KC",178,0.39705882352941174,0.5185185185185185,0.38202247191011235,0.43243243243243246,0.75,0.20786516853932585,0.3548387096774194,0.18181818181818182,0.17415730337078653,"Owen Caissie","27496",683357
"Randy Arozarena",2026,"FA,FC,FS,SI,CH,SL,CU,KC",748,0.5700636942675159,0.7932960893854749,0.4197860962566845,0.6208791208791209,0.7787610619469026,0.24331550802139038,0.5,0.8181818181818182,0.17647058823529413,"Randy Arozarena","19290",668227
"Trevor Story",2026,"FA,FC,FS,SI,CH,SL,CU",277,0.6746031746031746,0.7294117647058823,0.4548736462093863,0.6933333333333334,0.7115384615384616,0.27075812274368233,0.6470588235294118,0.7575757575757576,0.18411552346570398,"Trevor Story","12564",596115
"Jackson Chourio",2026,"FA,FC,FS,SI,CH,SL,CU,KC",646,0.5091575091575091,0.7697841726618705,0.42260061919504643,0.6014492753623188,0.7710843373493976,0.21362229102167182,0.4148148148148148,0.7678571428571429,0.2089783281733746,"Jackson Chourio","28806",694192
"Chase Meidroth",2026,"FA,FC,FS,SI,CH,SL,CU,KC",760,0.4740061162079511,0.8580645161290322,0.43026315789473685,0.5116279069767442,0.9204545454545454,0.22631578947368422,0.432258064516129,0.7761194029850746,0.20394736842105263,"Chase Meidroth","31580",805367
"Brayan Rocchio",2026,"FA,FC,FS,SI,CH,SL,CU,KC",723,0.6257861635220126,0.7788944723618091,0.4384508990318119,0.6983240223463687,0.816,0.24619640387275243,0.5323741007194245,0.7162162162162162,0.19225449515905949,"Brayan Rocchio","23690",677587
"Masyn Winn",2026,"FA,FC,FS,SI,CH,SL,CU,KC",588,0.4418604651162791,0.8245614035087719,0.4387755102040816,0.5891472868217055,0.8552631578947368,0.2193877551020408,0.29457364341085274,0.7631578947368421,0.2193877551020408,"Masyn Winn","27479",691026
"Jeremiah Jackson",2026,"FA,FC,FS,SI,CH,SL,CU",389,0.6305732484076433,0.7474747474747475,0.40359897172236503,0.6813186813186813,0.8387096774193549,0.23393316195372751,0.5606060606060606,0.5945945945945946,0.16966580976863754,"Jeremiah Jackson","22239",669236
"Brett Callahan",2026,"SI,CH,SL",5,1,1,0.4,1,1,0.2,1,1,0.2,"Brett Callahan","33514",814430
"Nate Furman",2026,"SL",1,1,1,1,0,0,0,1,1,1,"Nate Furman","31988",801501
"Hayden Senger",2026,"FA,CH",2,0,0,0,0,0,0,0,0,0,"Hayden Senger","21489",663584
"Luke Williams",2026,"FA,FC",4,0,0,0.75,0,0,0,0,0,0.75,"Luke Williams","19931",663897
"Will Wagner",2026,"FA,SL",5,0,0,0.4,0,0,0.2,0,0,0.2,"Will Wagner","29634",695238
"Rudy Martin Jr.",2026,"SI,SL",3,0,0,0,0,0,0,0,0,0,"Rudy Martin Jr.","18582",657675
"Jeferson Quero",2026,"FA,FC,CH,SL",8,0,0,0.375,0,0,0.125,0,0,0.25,"Jeferson Quero","28272",691620
"Jihwan Bae",2026,"FC,SI",4,0,0,0.25,0,0,0,0,0,0.25,"Jihwan Bae","23818",678225
"Will Benson",2026,"SI,CH,SL",5,1,1,0.2,0,0,0,1,1,0.2,"Will Benson","21853",666181
"Jack Brannigan",2026,"FA,FC,SI",3,1,0,0.6666666666666666,1,0,0.3333333333333333,1,0,0.3333333333333333,"Jack Brannigan","31471",687394
"Trei Cruz",2026,"FA,CU",4,0,0,0.5,0,0,0.25,0,0,0.25,"Trei Cruz","27569",669360
"Miles Mastrobuoni",2026,"SI,SL",5,0.5,1,0.4,1,1,0.2,0,0,0.2,"Miles Mastrobuoni","20017",670156
"Justin Dean",2026,"FA,SL",4,0,0,0,0,0,0,0,0,0,"Justin Dean","25005",681909
"Tyler Black",2026,"FA,CU",3,1,1,0.6666666666666666,1,1,0.6666666666666666,0,0,0,"Tyler Black","29949",672012
"Parker Meadows",2026,"SI,SL",4,1,1,0.25,1,1,0.25,0,0,0,"Parker Meadows","23800",678009
"Scott Kingery",2026,"FA,FC,SI,SL,CU",12,0.5,1,0.5,0.5,1,0.16666666666666666,0.5,1,0.3333333333333333,"Scott Kingery","17975",664068
"Jonah Bride",2026,"FA,CH,SL,CU",11,0.5,1,0.36363636363636365,0,0,0,0.5,1,0.36363636363636365,"Jonah Bride","24703",681146
"José Barrero",2026,"FA,FC,CH,SL",9,0.8,0.5,0.5555555555555556,1,0.5,0.2222222222222222,0.6666666666666666,0.5,0.3333333333333333,"Jose Barrero","23378",676480
"Jair Camargo",2026,"FA,SL,CU",7,1,0,0.14285714285714285,1,0,0.14285714285714285,0,0,0,"Jair Camargo","21730",665856
"George Valera",2026,"FA,SI,SL",7,0.6,1,0.7142857142857143,0,0,0.14285714285714285,0.75,1,0.5714285714285714,"George Valera","22541",671655
"Will Wilson",2026,"FA,CH,CU",7,0.5,0.5,0.5714285714285714,0.5,1,0.2857142857142857,0.5,0,0.2857142857142857,"Will Wilson","25434",669717
"Blake Hunt",2026,"FA,FC,CH,CU",10,0.3333333333333333,0,0.3,0,0,0.2,1,0,0.1,"Blake Hunt","23209",675448
"Jared Oliva",2026,"SI,CH",11,0.75,0.6666666666666666,0.36363636363636365,1,1,0.09090909090909091,0.6666666666666666,0.5,0.2727272727272727,"Jared Oliva","19968",666931
"Reese McGuire",2026,"FA,SI,CH,SL",11,0.6666666666666666,0.5,0.2727272727272727,0.5,1,0.18181818181818182,1,0,0.09090909090909091,"Reese McGuire","15674",624512
"Vimael Machín",2026,"SI,SL",6,0,0,0.16666666666666666,0,0,0.16666666666666666,0,0,0,"Vimael Machin","17684",605353
"Will Brennan",2026,"FA,SI,SL",9,0.5,1,0.2222222222222222,0,0,0,0.5,1,0.2222222222222222,"Will Brennan","25660",686823
"Rowdy Tellez",2026,"FA,SL",10,0.5,1,0.6,0.75,1,0.4,0,0,0.2,"Rowdy Tellez","15679",642133
"Sean Keys",2026,"FA,FC,SI,SL",20,0.6363636363636364,1,0.55,0.6666666666666666,1,0.3,0.6,1,0.25,"Sean Keys","35094",815873
"Daniel Johnson",2026,"FA,SI,SL,CU",7,0.6666666666666666,0.5,0.42857142857142855,0,0,0,0.6666666666666666,0.5,0.42857142857142855,"Daniel Johnson","19643",669288
"P.J. Higgins",2026,"FA,FC,SI,CH,SL,CU",18,0.25,0,0.2222222222222222,0,0,0.05555555555555555,0.3333333333333333,0,0.16666666666666666,"P.J. Higgins","18433",664731
"James Triantos",2026,"FA,FC,CH,SL",8,0.4,1,0.625,0.5,1,0.5,0,0,0.125,"James Triantos","29795",701649
"Logan Porter",2026,"FA,CH,SL,CU",23,0.3333333333333333,0.5,0.2608695652173913,0.5,1,0.08695652173913043,0.25,0,0.17391304347826086,"Logan Porter","20626",682515
"Collin Price",2026,"FA,SI,CH",10,0.5,0,0.4,0.5,0,0.2,0.5,0,0.2,"Collin Price","31415",805672
"Davis Wendzel",2026,"FA,FC,CH,SL,CU",17,1,0.8333333333333334,0.35294117647058826,1,0.6666666666666666,0.17647058823529413,1,1,0.17647058823529413,"Davis Wendzel","26469",673995
"Addison Barger",2026,"FA,FC,CH,SL,CU",25,0.3076923076923077,1,0.52,0.5,1,0.24,0.14285714285714285,1,0.28,"Addison Barger","24598",680718
"César Prieto",2026,"SI",5,0.6666666666666666,1,0.6,0.6666666666666666,1,0.6,0,0,0,"Cesar Prieto","30163",693409
"Ryan Bliss",2026,"FA,FC,SI,CH,SL",19,0.4444444444444444,0.75,0.47368421052631576,0.4,1,0.2631578947368421,0.5,0.5,0.21052631578947367,"Ryan Bliss","29547",669208
"Aaron Sabato",2026,"FA,SI,CH,SL,CU",11,0.6666666666666666,1,0.2727272727272727,1,1,0.18181818181818182,0,0,0.09090909090909091,"Aaron Sabato","27774",693306
"Kenny Piper",2026,"FA,FC,SI,CH,SL",25,0.5,0.6666666666666666,0.48,0.5714285714285714,0.75,0.28,0.4,0.5,0.2,"Kenny Piper","29962",700652
"Dylan Carlson",2026,"FA,CH,CU",16,0,0,0.3125,0,0,0.25,0,0,0.0625,"Dylan Carlson","20126",666185
"Aramis Garcia",2026,"FA,FS,CH,SL",11,0.8,1,0.45454545454545453,1,1,0.18181818181818182,0.6666666666666666,1,0.2727272727272727,"Aramis Garcia","16925",605244
"Carlos Santana",2026,"FA,SI,CH,SL",17,0.3333333333333333,1,0.5294117647058824,0.4,1,0.29411764705882354,0.25,1,0.23529411764705882,"Carlos Santana","2396",467793
"Carlos Jorge",2026,"FA,SI,SL",8,0.6666666666666666,1,0.375,0.5,1,0.25,1,1,0.125,"Carlos Jorge","29455",699115
"Luken Baker",2026,"FA,CH,SL",16,0.14285714285714285,1,0.4375,0,0,0.1875,0.25,1,0.25,"Luken Baker","21497",663609
"Ryan Ward",2026,"FA,SI,CH,SL,CU",11,1,0.75,0.36363636363636365,1,1,0.18181818181818182,1,0.5,0.18181818181818182,"Ryan Ward","27449",669899
"CJ Kayfus",2026,"FC,SI,SL,CU",9,1,0.25,0.4444444444444444,1,1,0.1111111111111111,1,0,0.3333333333333333,"CJ Kayfus","33704",692216
"Vidal Bruján",2026,"FA,FC,SI,CH,CU",12,0.8333333333333334,0.8,0.5,1,0.8,0.4166666666666667,0,0,0.08333333333333333,"Vidal Brujan","20536",660644
"Andrew Velazquez",2026,"FA,FC,SI,CH,CU",10,0.5,1,0.2,0.5,1,0.2,0,0,0,"Andrew Velazquez","14196",623205
"Rikuu Nishida",2026,"SI,SL",10,0.25,1,0.4,0.3333333333333333,1,0.3,0,0,0.1,"Rikuu Nishida","33795",807747
"Cristian Pache",2026,"FA,FC,FS,SI,CH,SL,CU",20,0.6666666666666666,0.5,0.3,0.5,0.5,0.2,1,0.5,0.1,"Cristian Pache","19948",665506
"Oliver Dunn",2026,"FA,FC,SI,CH,SL",15,1,0.6666666666666666,0.4,1,0.75,0.26666666666666666,1,0.5,0.13333333333333333,"Oliver Dunn","26295",686554
"Trey Mancini",2026,"FA,CH,SL",12,1,0.7142857142857143,0.5833333333333334,1,0.5,0.16666666666666666,1,0.8,0.4166666666666667,"Trey Mancini","15149",641820
"Gabriel Gonzalez",2026,"FA,FC,SI,CH,SL",25,0.7777777777777778,1,0.36,1,1,0.24,0.3333333333333333,1,0.12,"Gabriel Gonzalez","28833",694224
"Cooper Ingle",2026,"FA,SI,CH,SL,CU",11,0.4,0.5,0.45454545454545453,0.5,0.5,0.36363636363636365,0,0,0.09090909090909091,"Cooper Ingle","33708",694876
"Ryan Mountcastle",2026,"FA,FC,SI,CH,SL,CU",18,0.6666666666666666,1,0.5,0.8,1,0.2777777777777778,0.5,1,0.2222222222222222,"Ryan Mountcastle","18373",663624
"César Salazar",2026,"FA,SI,SL,CU",24,0.6666666666666666,1,0.25,0.6666666666666666,1,0.125,0.6666666666666666,1,0.125,"Cesar Salazar","21587",663967
"Steward Berroa",2026,"FA,FC,SI,CH,SL",20,0.4444444444444444,1,0.45,0.42857142857142855,1,0.35,0.5,1,0.1,"Steward Berroa","22766",672642
"Gabriel Rincones Jr.",2026,"FA,FC,SI,SL,CU",20,0.7777777777777778,0.7142857142857143,0.45,0.3333333333333333,1,0.15,1,0.6666666666666666,0.3,"Gabriel Rincones Jr.","31958",687282
"Nick Solak",2026,"FA,CH,SL,CU",17,0.75,1,0.47058823529411764,0.6,1,0.29411764705882354,1,1,0.17647058823529413,"Nick Solak","19294",669256
"Jeimer Candelario",2026,"FA,FC,SI,CH,SL,CU",35,0.5333333333333333,0.75,0.42857142857142855,0.5,0.5,0.22857142857142856,0.5714285714285714,1,0.2,"Jeimer Candelario","13621",600869
"Eddys Leonard",2026,"FA,FC,SI,CH,CU",25,0.6923076923076923,0.7777777777777778,0.52,0.6666666666666666,0.8333333333333334,0.36,0.75,0.6666666666666666,0.16,"Eddys Leonard","24151",678760
"Tsung-Che Cheng",2026,"FA,FC,CH,SL",21,0.2857142857142857,0,0.3333333333333333,0.4,0,0.23809523809523808,0,0,0.09523809523809523,"Tsung-Che Cheng","28344",691907
"Michael Toglia",2026,"FA,CH,SL,CU",28,0.2727272727272727,1,0.39285714285714285,0.4,1,0.17857142857142858,0.16666666666666666,1,0.21428571428571427,"Michael Toglia","25845",669911
"Gustavo Campero",2026,"FA,CH,SL",23,0.6666666666666666,0.8333333333333334,0.391304347826087,1,1,0.17391304347826086,0.4,0.5,0.21739130434782608,"Gustavo Campero","22707",672569
"Zach Cole",2026,"FA,SI,SL,CU",28,0.5,0.3333333333333333,0.42857142857142855,0.5,0.5,0.2857142857142857,0.5,0,0.14285714285714285,"Zach Cole","31583",805904
"Will Banfield",2026,"FA,CH,SL,CU",25,0.75,0.8888888888888888,0.48,1,1,0.2,0.5714285714285714,0.75,0.28,"Will Banfield","23790",677943
"Tyler Callihan",2026,"FA,FC,SI,SL",22,0.42857142857142855,1,0.3181818181818182,0.5,1,0.09090909090909091,0.4,1,0.22727272727272727,"Tyler Callihan","27497",682997
"Garrett Stubbs",2026,"FA,FC,SI,SL,CU",29,0.5384615384615384,0.7142857142857143,0.4482758620689655,0.6666666666666666,1,0.20689655172413793,0.42857142857142855,0.3333333333333333,0.2413793103448276,"Garrett Stubbs","18067",596117
"Ben Ross",2026,"FA,FC,CH,SL,CU",30,0.38461538461538464,1,0.43333333333333335,0.5,1,0.26666666666666666,0.2,1,0.16666666666666666,"Ben Ross","31710",805346
"Corey Julks",2026,"FA,FC,FS,SI,CH,SL",25,0.5,0.8,0.4,0.6,1,0.2,0.4,0.5,0.2,"Corey Julks","20311",667452
"Greg Jones",2026,"FA,FC,SI,CH,SL,CU",27,0.5384615384615384,0.7142857142857143,0.48148148148148145,0.8333333333333334,0.6,0.2222222222222222,0.2857142857142857,1,0.25925925925925924,"Greg Jones","25448",675659
"Bo Davidson",2026,"FA,SI,CH,SL,CU",19,0.8333333333333334,0.8,0.3157894736842105,0.6666666666666666,1,0.15789473684210525,1,0.6666666666666666,0.15789473684210525,"Bo Davidson","33405",815589
"Ethan Salas",2026,"FA,FC,SL",24,0.5,1,0.3333333333333333,0.75,1,0.16666666666666666,0.25,1,0.16666666666666666,"Ethan Salas","32051",806956
"Jonatan Clase",2026,"FA,FC,FS,SI,CH,SL,CU",35,0.4375,1,0.45714285714285713,0.5555555555555556,1,0.2571428571428571,0.2857142857142857,1,0.2,"Jonatan Clase","26599",682729
"Raynel Delgado",2026,"FA,FC,SI,SL,CU",31,0.5,0.7142857142857143,0.45161290322580644,0.6,1,0.16129032258064516,0.4444444444444444,0.5,0.2903225806451613,"Raynel Delgado","22272",669384
"Pavin Smith",2026,"FA,SI,SL,CU",26,0.42857142857142855,1,0.5384615384615384,0.4,1,0.38461538461538464,0.5,1,0.15384615384615385,"Pavin Smith","19892",656976
"BJ Murray Jr.",2026,"FA,FC,SI,CH,SL,CU",26,0.5384615384615384,1,0.5,0.6363636363636364,1,0.4230769230769231,0,0,0.07692307692307693,"BJ Murray Jr.","29767",681230
"Chuckie Robinson",2026,"FA,FC,FS,SI,CH,SL,CU",25,0.2857142857142857,0.5,0.28,0.3333333333333333,0.5,0.24,0,0,0.04,"Chuckie Robinson","19824",642020
"Ryan Ritter",2026,"FA,FC,FS,SI,CH,SL,CU",41,0.7,0.42857142857142855,0.24390243902439024,0.8333333333333334,0.4,0.14634146341463414,0.5,0.5,0.0975609756097561,"Ryan Ritter","31500",690022
"Graham Pauley",2026,"FA,SI,CH,SL,CU",40,0.6470588235294118,0.6363636363636364,0.425,0.75,0.6666666666666666,0.3,0.4,0.5,0.125,"Graham Pauley","31363",688363
"Oswaldo Cabrera",2026,"FA,SI,CH,SL,CU",42,0.7777777777777778,0.6428571428571429,0.42857142857142855,1,0.5454545454545454,0.2619047619047619,0.42857142857142855,1,0.16666666666666666,"Oswaldo Cabrera","21707",665828
"Michael Conforto",2026,"FA,FC,SI,SL,CU",33,0.5,0.3333333333333333,0.36363636363636365,0.6666666666666666,0.5,0.18181818181818182,0.3333333333333333,0,0.18181818181818182,"Michael Conforto","16376",624424
"Brewer Hicklen",2026,"FA,FC,FS,SI,CH,SL,CU",39,0.4375,0.5714285714285714,0.41025641025641024,0.625,0.6,0.20512820512820512,0.25,0.5,0.20512820512820512,"Brewer Hicklen","20450",676551
"Matthew Lugo",2026,"FA,FC,SI,CH,SL,CU",34,0.5384615384615384,0.5714285714285714,0.38235294117647056,0.5,1,0.11764705882352941,0.5555555555555556,0.4,0.2647058823529412,"Matthew Lugo","25980",683090
"Dylan Moore",2026,"FA,FC,SI,CH,SL,CU,KC",66,0.21428571428571427,0.8333333333333334,0.42424242424242425,0.3,1,0.15151515151515152,0.16666666666666666,0.6666666666666666,0.2727272727272727,"Dylan Moore","18042",664238
"Scott Bandura",2026,"FA,FC,SI,CH,SL,CU",34,0.6666666666666666,0.75,0.5294117647058824,0.4,0.5,0.14705882352941177,0.7692307692307693,0.8,0.38235294117647056,"Scott Bandura","33398",814154
"Jarred Kelenic",2026,"FA,FC,SI,CH,SL,CU",42,0.375,0.5,0.38095238095238093,0.3333333333333333,1,0.21428571428571427,0.42857142857142855,0,0.16666666666666666,"Jarred Kelenic","22558",672284
"Kyler Fedko",2026,"FA,FC,SI,CH,SL,CU",51,0.47619047619047616,0.8,0.4117647058823529,0.5,0.6666666666666666,0.23529411764705882,0.4444444444444444,1,0.17647058823529413,"Kyler Fedko","29930",693459
"Johnathan Rodríguez",2026,"FA,FC,SI,CH,SL,CU",69,0.5,0.8333333333333334,0.34782608695652173,0.6363636363636364,0.8571428571428571,0.15942028985507245,0.38461538461538464,0.8,0.18840579710144928,"Johnathan Rodriguez","22530",671286
"Zac Veen",2026,"FA,FC,FS,SI,CH,SL,CU",38,0.5294117647058824,0.6666666666666666,0.4473684210526316,0.5714285714285714,0.5,0.18421052631578946,0.5,0.8,0.2631578947368421,"Zac Veen","27770",691728
"Ivan Johnson",2026,"FA,FC,SI,CH,SL,CU",37,0.3076923076923077,0,0.35135135135135137,0.25,0,0.10810810810810811,0.3333333333333333,0,0.24324324324324326,"Ivan Johnson","27593",671155
"Sung-Mun Song",2026,"FA,FC,SI,CH,SL,CU",42,0.375,0.8333333333333334,0.38095238095238093,0.5555555555555556,0.8,0.21428571428571427,0.14285714285714285,1,0.16666666666666666,"Sung-Mun Song","37122",823550
"Josue De Paula",2026,"FA,FC,SI,CH,SL,CU",54,0.5555555555555556,0.9333333333333333,0.5,0.7333333333333333,1,0.2777777777777778,0.3333333333333333,0.75,0.2222222222222222,"Josue De Paula","30871",800543
"Braden Shewmake",2026,"FA,SI,SL",43,0.5,0.6666666666666666,0.5581395348837209,0.4166666666666667,0.4,0.27906976744186046,0.5833333333333334,0.8571428571428571,0.27906976744186046,"Braden Shewmake","25817",669699
"Tyler Locklear",2026,"FA,FC,FS,SI,CH,SL,CU",61,0.6153846153846154,0.875,0.4262295081967213,0.7058823529411765,0.9166666666666666,0.2786885245901639,0.4444444444444444,0.75,0.14754098360655737,"Tyler Locklear","31396",682988
"Jake Fraley",2026,"FA,FC,SI,SL,CU",44,0.36363636363636365,0.875,0.5,0.5,0.8571428571428571,0.3181818181818182,0.125,1,0.18181818181818182,"Jake Fraley","19260",641584
"Abimelec Ortiz",2026,"FA,FC,FS,SI,SL,CU",47,0.6,0.8333333333333334,0.425531914893617,0.6666666666666666,0.8333333333333334,0.19148936170212766,0.5454545454545454,0.8333333333333334,0.23404255319148937,"Abimelec Ortiz","29539",694673
"Ronny Mauricio",2026,"FA,FC,SI,CH,SL,CU",41,0.45454545454545453,0.7,0.5365853658536586,0.46153846153846156,0.5,0.3170731707317073,0.4444444444444444,1,0.21951219512195122,"Ronny Mauricio","23698",677595
"Kyle Farmer",2026,"FA,FC,FS,SI,CH,SL,CU",39,0.6666666666666666,0.6666666666666666,0.46153846153846156,0.5833333333333334,0.5714285714285714,0.3076923076923077,0.8333333333333334,0.8,0.15384615384615385,"Kyle Farmer","14813",571657
"MJ Melendez",2026,"FA,FC,SI,CH,SL,CU",53,0.5384615384615384,0.7142857142857143,0.49056603773584906,0.5,0.7777777777777778,0.33962264150943394,0.625,0.6,0.1509433962264151,"MJ Melendez","22197",669004
"Sebastián Rivero",2026,"FA,FC,SI,CH,SL,CU",60,0.7407407407407407,0.85,0.45,0.7692307692307693,0.9,0.21666666666666667,0.7142857142857143,0.8,0.23333333333333334,"Sebastian Rivero","21735",665861
"Kyren Paris",2026,"FA,SI,CH,SL,CU",61,0.5454545454545454,0.5833333333333334,0.36065573770491804,0.7692307692307693,0.6,0.21311475409836064,0.2222222222222222,0.5,0.14754098360655737,"Kyren Paris","26420",677347
"Sam Huff",2026,"FA,FC,SI,CH,SL,CU",48,0.5,0.5454545454545454,0.4583333333333333,0.5454545454545454,0.5,0.22916666666666666,0.45454545454545453,0.6,0.22916666666666666,"Sam Huff","22209",669087
"Max Kepler",2026,"FA,FC,FS,SI,CH,SL",42,0.6666666666666666,0.8571428571428571,0.5,0.875,0.8571428571428571,0.19047619047619047,0.5384615384615384,0.8571428571428571,0.30952380952380953,"Max Kepler","12144",596146
"José Azócar",2026,"FA,FC,FS,SI,CH,SL,CU,KC",50,0.6363636363636364,0.7142857142857143,0.44,0.5454545454545454,0.6666666666666666,0.22,0.7272727272727273,0.75,0.22,"Jose Azocar","18821",640492
"Bryce Johnson",2026,"FA,FC,SI,CH,SL,CU,KC",58,0.56,0.5714285714285714,0.43103448275862066,0.5833333333333334,0.42857142857142855,0.20689655172413793,0.5384615384615384,0.7142857142857143,0.22413793103448276,"Bryce Johnson","20002",669369
"LaMonte Wade Jr.",2026,"FA,FC,SI,SL,CU",64,0.375,0.6666666666666666,0.375,0.4,0.8333333333333334,0.234375,0.3333333333333333,0.3333333333333333,0.140625,"LaMonte Wade Jr.","18126",664774
"Ben Rortvedt",2026,"FA,FC,SI,CH,SL,CU,KC",42,0.631578947368421,0.8333333333333334,0.4523809523809524,0.5454545454545454,1,0.2619047619047619,0.75,0.6666666666666666,0.19047619047619047,"Ben Rortvedt","20287",666163
"Joey Meneses",2026,"FA,FC,SI,CH,SL,CU,KC",49,0.631578947368421,0.9166666666666666,0.3877551020408163,0.8571428571428571,0.8333333333333334,0.14285714285714285,0.5,1,0.24489795918367346,"Joey Meneses","14366",608841
"Kameron Misner",2026,"FA,FC,SI,CH,SL,CU",51,0.5238095238095238,0.36363636363636365,0.4117647058823529,0.6666666666666666,0.375,0.23529411764705882,0.3333333333333333,0.3333333333333333,0.17647058823529413,"Kameron Misner","26374",670224
"Andrew Pinckney",2026,"FA,FC,FS,SI,CH,SL",56,0.3333333333333333,0.5714285714285714,0.375,0.2857142857142857,0,0.125,0.35714285714285715,0.8,0.25,"Andrew Pinckney","33357",687605
"Eloy Jiménez",2026,"FA,FC,SI,CH,SL,CU,KC",46,0.45,0.7777777777777778,0.43478260869565216,0.625,1,0.17391304347826086,0.3333333333333333,0.5,0.2608695652173913,"Eloy Jimenez","17484",650391
"Luis Matos",2026,"FA,FC,SI,CH,SL",47,0.7,0.6428571428571429,0.425531914893617,0.625,0.6,0.1702127659574468,0.75,0.6666666666666666,0.2553191489361702,"Luis Matos","26467",682641
"Bo Naylor",2026,"FA,FC,SI,SL,CU",63,0.5483870967741935,0.9411764705882353,0.49206349206349204,0.6875,0.9090909090909091,0.25396825396825395,0.4,1,0.23809523809523808,"Bo Naylor","21865",666310
"Sterlin Thompson",2026,"FA,FC,SI,CH,SL,CU",63,0.7692307692307693,0.75,0.4126984126984127,0.8181818181818182,0.7777777777777778,0.1746031746031746,0.7333333333333333,0.7272727272727273,0.23809523809523808,"Sterlin Thompson","31443",694514
"Joey Loperfido",2026,"FA,FC,SI,CH,SL,CU",49,0.5833333333333334,0.6428571428571429,0.4897959183673469,0.6666666666666666,0.5,0.24489795918367346,0.5,0.8333333333333334,0.24489795918367346,"Joey Loperfido","29630",694388
"Eliezer Alfonzo",2026,"FA,FC,FS,SI,CH,SL,CU",42,0.5238095238095238,0.8181818181818182,0.5,0.6363636363636364,1,0.2619047619047619,0.4,0.5,0.23809523809523808,"Eliezer Alfonzo","22741",672613
"Nick Morabito",2026,"FA,FC,SI,CH,SL,CU",65,0.41935483870967744,0.6153846153846154,0.47692307692307695,0.3333333333333333,0.6,0.23076923076923078,0.5,0.625,0.24615384615384617,"Nick Morabito","32119",703492
"Hyeseong Kim",2026,"FA,FC,FS,SI,CH,SL,CU",60,0.6086956521739131,0.6428571428571429,0.38333333333333336,0.6,0.6666666666666666,0.25,0.625,0.6,0.13333333333333333,"Hyeseong Kim","35322",808975
"Drew Cavanaugh",2026,"FA,SI,CH,SL,CU",70,0.37037037037037035,0.7,0.38571428571428573,0.5714285714285714,0.75,0.2,0.15384615384615385,0.5,0.18571428571428572,"Drew Cavanaugh","33380",701852
"Lazaro Montes",2026,"FA,FC,SI,CH,SL,CU",49,0.30434782608695654,0.7142857142857143,0.46938775510204084,0.38461538461538464,1,0.2653061224489796,0.2,0,0.20408163265306123,"Lazaro Montes","30361",703155
"Emmanuel Rodriguez",2026,"FA,FC,SI,CH,SL",56,0.4444444444444444,0.75,0.32142857142857145,0.375,1,0.14285714285714285,0.5,0.6,0.17857142857142858,"Emmanuel Rodriguez","28084",691181
"Jesus Rodriguez",2026,"FA,FC,FS,SI,CH,SL,CU,KC",64,0.6956521739130435,0.8125,0.359375,0.7272727272727273,0.875,0.171875,0.6666666666666666,0.75,0.1875,"Jesus Rodriguez","26991",683679
"Stuart Fairchild",2026,"FA,FC,SI,CH,SL,CU",89,0.45454545454545453,0.4,0.3707865168539326,0.5555555555555556,0.5,0.20224719101123595,0.3333333333333333,0.2,0.16853932584269662,"Stuart Fairchild","20321",656413
"Chad Stevens",2026,"FA,FC,FS,SI,CH,SL,CU,KC",90,0.631578947368421,0.9166666666666666,0.4222222222222222,0.5789473684210527,0.9090909090909091,0.2111111111111111,0.6842105263157895,0.9230769230769231,0.2111111111111111,"Chad Stevens","29614",677060
"Rodolfo Durán",2026,"FA,FC,SI,CH,SL,CU",80,0.46875,0.7333333333333333,0.4,0.5714285714285714,0.625,0.175,0.3888888888888889,0.8571428571428571,0.225,"Rodolfo Duran","20958",660710
"Michael Arroyo",2026,"FA,FC,SI,CH,SL,CU",63,0.72,0.9444444444444444,0.3968253968253968,0.7692307692307693,1,0.20634920634920634,0.6666666666666666,0.875,0.19047619047619047,"Michael Arroyo","30384",703197
"Michael Helman",2026,"FA,FC,SI,CH,SL,CU,KC",48,0.5714285714285714,0.75,0.2916666666666667,0.625,0.8,0.16666666666666666,0.5,0.6666666666666666,0.125,"Michael Helman","24605",680737
"Drew Millas",2026,"FA,FC,SI,CH,SL,CU",87,0.5365853658536586,0.8181818181818182,0.47126436781609193,0.6428571428571429,0.8888888888888888,0.3218390804597701,0.3076923076923077,0.5,0.14942528735632185,"Drew Millas","25643",686452
"Brock Rodden",2026,"FA,FC,SI,CH,SL,CU",70,0.2916666666666667,1,0.34285714285714286,0.38461538461538464,1,0.18571428571428572,0.18181818181818182,1,0.15714285714285714,"Brock Rodden","33191",801126
"Jonathan Ornelas",2026,"FA,FC,SI,CH,SL,CU",72,0.6666666666666666,0.7307692307692307,0.5416666666666666,0.6818181818181818,0.8666666666666667,0.3055555555555556,0.6470588235294118,0.5454545454545454,0.2361111111111111,"Jonathan Ornelas","24597",680716
"Walker Jenkins",2026,"FA,FC,SI,SL,CU",65,0.5769230769230769,0.6666666666666666,0.4,0.7692307692307693,0.6,0.2,0.38461538461538464,0.8,0.2,"Walker Jenkins","33571",805805
"Carson Williams",2026,"FA,SI,CH,SL,CU",58,0.7307692307692307,0.3684210526315789,0.4482758620689655,0.8571428571428571,0.5,0.2413793103448276,0.5833333333333334,0.14285714285714285,0.20689655172413793,"Carson Williams","30038",700246
"Lucas Spence",2026,"FA,FC,SI,SL,CU",53,0.5185185185185185,0.42857142857142855,0.5094339622641509,0.7142857142857143,0.3,0.2641509433962264,0.3076923076923077,0.75,0.24528301886792453,"Lucas Spence","35126",828599
"Kevin Alcántara",2026,"FA,SI,CH,SL,CU",78,0.40540540540540543,0.6666666666666666,0.47435897435897434,0.4444444444444444,0.5,0.23076923076923078,0.3684210526315789,0.8571428571428571,0.24358974358974358,"Kevin Alcantara","25971",682634
"Dustin Harris",2026,"FA,SI,CH,SL,CU",86,0.4722222222222222,0.9411764705882353,0.4186046511627907,0.47619047619047616,0.9,0.2441860465116279,0.4666666666666667,1,0.1744186046511628,"Dustin Harris","25705",687957
"Adam Frazier",2026,"FA,FC,SI,CH,SL,CU",78,0.6129032258064516,0.8947368421052632,0.3974358974358974,0.65,1,0.2564102564102564,0.5454545454545454,0.6666666666666666,0.14102564102564102,"Adam Frazier","15223",624428
"José Tena",2026,"FA,FC,SI,CH,SL,CU",75,0.45454545454545453,0.6666666666666666,0.44,0.4117647058823529,0.5714285714285714,0.22666666666666666,0.5,0.75,0.21333333333333335,"Jose Tena","23691",677588
"Jared Serna",2026,"FA,FC,FS,SI,CH,SL,CU",63,0.6129032258064516,0.7894736842105263,0.49206349206349204,0.625,0.9,0.25396825396825395,0.6,0.6666666666666666,0.23809523809523808,"Jared Serna","28326",691858
"Jonathan India",2026,"FA,FC,SI,CH,SL,CU",101,0.32558139534883723,0.7857142857142857,0.42574257425742573,0.4166666666666667,0.8,0.2376237623762376,0.21052631578947367,0.75,0.18811881188118812,"Jonathan India","21523",663697
"Alek Thomas",2026,"FA,FC,SI,SL",50,0.5555555555555556,0.8,0.36,0.5833333333333334,0.7142857142857143,0.24,0.5,1,0.12,"Alek Thomas","23792",677950
"Jerar Encarnacion",2026,"FA,FS,SI,CH,SL,CU",85,0.6,0.8333333333333334,0.35294117647058826,0.6,0.8888888888888888,0.17647058823529413,0.6,0.7777777777777778,0.17647058823529413,"Jerar Encarnacion","21871",666464
"Kahlil Watson",2026,"FA,FC,SI,SL,CU",56,0.4642857142857143,0.6153846153846154,0.5,0.6428571428571429,0.5555555555555556,0.25,0.2857142857142857,0.75,0.25,"Kahlil Watson","29905",696135
"Alan Roden",2026,"FA,FC,SI,CH,SL,CU",65,0.5517241379310345,0.8125,0.4461538461538462,0.6470588235294118,0.9090909090909091,0.26153846153846155,0.4166666666666667,0.6,0.18461538461538463,"Alan Roden","31564",702176
"Donovan Walton",2026,"FA,FC,SI,CH,SL,KC",64,0.7857142857142857,0.7272727272727273,0.4375,0.8,0.9166666666666666,0.234375,0.7692307692307693,0.5,0.203125,"Donovan Walton","19314",622268
"Jhostynxon Garcia",2026,"FA,FC,SI,CH,SL,CU",67,0.7878787878787878,0.6538461538461539,0.4925373134328358,0.9,0.6666666666666666,0.29850746268656714,0.6153846153846154,0.625,0.19402985074626866,"Jhostynxon Garcia","28142",691373
"Zack Short",2026,"FA,FC,SI,CH,SL,CU",117,0.49056603773584906,0.6923076923076923,0.452991452991453,0.5,0.9090909090909091,0.18803418803418803,0.4838709677419355,0.5333333333333333,0.26495726495726496,"Zack Short","19562",670097
"Chadwick Tromp",2026,"FA,FC,SI,CH,SL,CU",58,0.68,0.7058823529411765,0.43103448275862066,0.75,0.8333333333333334,0.13793103448275862,0.6470588235294118,0.6363636363636364,0.29310344827586204,"Chadwick Tromp","16953",644433
"Jimmy Crooks",2026,"FA,FC,SI,CH,SL,CU",81,0.5806451612903226,0.6666666666666666,0.37037037037037035,0.5384615384615384,0.5714285714285714,0.16049382716049382,0.6111111111111112,0.7272727272727273,0.20987654320987653,"Jimmy Crooks","31354",699625
"Tommy Pham",2026,"FA,SI,CH,SL,CU,KC",94,0.4473684210526316,0.7647058823529411,0.40425531914893614,0.5714285714285714,0.9166666666666666,0.22340425531914893,0.29411764705882354,0.4,0.18085106382978725,"Tommy Pham","2967",502054
"Josh Rojas",2026,"FA,FC,SI,CH,SL,KC",67,0.6129032258064516,0.7894736842105263,0.4626865671641791,0.75,0.8,0.29850746268656714,0.36363636363636365,0.75,0.16417910447761194,"Josh Rojas","19734",668942
"Jim Jarvis",2026,"FA,FC,SI,SL,CU",82,0.3548387096774194,0.9090909090909091,0.3780487804878049,0.6,0.8333333333333334,0.12195121951219512,0.23809523809523808,1,0.25609756097560976,"Jim Jarvis","33492",805347
"Nick Madrigal",2026,"FA,FC,SI,CH,SL,CU,KC",84,0.5757575757575758,1,0.39285714285714285,0.65,1,0.23809523809523808,0.46153846153846156,1,0.15476190476190477,"Nick Madrigal","20521",663611
"J.C. Escarra",2026,"FA,FC,SI,CH,SL,CU,KC",87,0.5294117647058824,0.7777777777777778,0.39080459770114945,0.8333333333333334,0.8,0.13793103448275862,0.36363636363636365,0.75,0.25287356321839083,"J.C. Escarra","20084",641555
"LuJames Groover",2026,"FA,FC,FS,SI,CH,SL,CU",88,0.5151515151515151,0.8235294117647058,0.375,0.6,0.9166666666666666,0.22727272727272727,0.38461538461538464,0.6,0.14772727272727273,"LuJames Groover","33552",694410
"Deyvison De Los Santos",2026,"FA,FC,FS,SI,CH,SL,CU",78,0.6571428571428571,0.6956521739130435,0.44871794871794873,0.5625,0.8888888888888888,0.20512820512820512,0.7368421052631579,0.5714285714285714,0.24358974358974358,"Deyvison De Los Santos","27969",691277
"Tristan Gray",2026,"FA,FC,SI,SL,CU",76,0.6666666666666666,0.5909090909090909,0.4342105263157895,0.7,0.7142857142857143,0.2631578947368421,0.6153846153846154,0.375,0.17105263157894737,"Tristan Gray","19877",656484
"Otto Kemp",2026,"FA,FC,FS,SI,CH,SL,CU,KC",101,0.46808510638297873,0.7272727272727273,0.46534653465346537,0.6086956521739131,0.7857142857142857,0.22772277227722773,0.3333333333333333,0.625,0.2376237623762376,"Otto Kemp","31792",805249
"Yohandy Morales",2026,"FA,FS,SI,CH,SL,CU",74,0.6551724137931034,0.47368421052631576,0.3918918918918919,0.6666666666666666,0.625,0.16216216216216217,0.6470588235294118,0.36363636363636365,0.22972972972972974,"Yohandy Morales","33361",691002
"Daz Cameron",2026,"FA,FC,FS,SI,CH,SL,CU",80,0.5227272727272727,0.8260869565217391,0.55,0.6,0.8,0.3125,0.42105263157894735,0.875,0.2375,"Daz Cameron","18353",663662
"Orlando Arcia",2026,"FA,FC,SI,CH,SL,CU",80,0.7333333333333333,0.8181818181818182,0.375,0.75,0.75,0.2,0.7142857142857143,0.9,0.175,"Orlando Arcia","13185",606115
"Michael Stefanic",2026,"FA,FC,SI,CH,SL,CU",101,0.5,0.95,0.39603960396039606,0.52,0.9230769230769231,0.24752475247524752,0.4666666666666667,1,0.1485148514851485,"Michael Stefanic","25353",683021
"Marcelo Mayer",2026,"FA,FC,SI,CH,SL,CU",63,0.5555555555555556,0.5333333333333333,0.42857142857142855,0.47058823529411764,0.875,0.2698412698412698,0.7,0.14285714285714285,0.15873015873015872,"Marcelo Mayer","29668",691785
"Sandy León",2026,"FA,FC,FS,SI,CH,SL,CU",78,0.7,0.6071428571428571,0.5128205128205128,0.7272727272727273,0.625,0.28205128205128205,0.6666666666666666,0.5833333333333334,0.23076923076923078,"Sandy Leon","5273",506702
"Edouard Julien",2026,"FA,FC,FS,SI,CH,SL,CU",109,0.30434782608695654,0.7142857142857143,0.42201834862385323,0.2692307692307692,0.8571428571428571,0.23853211009174313,0.35,0.5714285714285714,0.1834862385321101,"Edouard Julien","27534",666397
"Ronny Simon",2026,"FA,FC,FS,SI,CH,SL,CU",92,0.7222222222222222,0.9615384615384616,0.391304347826087,0.7894736842105263,1,0.20652173913043478,0.6470588235294118,0.9090909090909091,0.18478260869565216,"Ronny Simon","25346",682927
"Grant McCray",2026,"FA,FC,SI,CH,SL,CU",108,0.4318181818181818,0.6842105263157895,0.4074074074074074,0.5454545454545454,1,0.2037037037037037,0.3181818181818182,0.14285714285714285,0.2037037037037037,"Grant McCray","25690",687529
"Brett Harris",2026,"FA,FC,SI,CH,SL,CU",94,0.631578947368421,0.7083333333333334,0.40425531914893614,0.75,0.7222222222222222,0.2553191489361702,0.42857142857142855,0.6666666666666666,0.14893617021276595,"Brett Harris","29788",695391
"Yoán Moncada",2026,"FA,FC,SI,CH,SL,CU",122,0.47540983606557374,0.6896551724137931,0.5,0.5263157894736842,0.7,0.3114754098360656,0.391304347826087,0.6666666666666666,0.1885245901639344,"Yoan Moncada","17232",660162
"Patrick Wisdom",2026,"FA,FC,SI,CH,SL,CU",88,0.6666666666666666,0.6538461538461539,0.4431818181818182,0.5833333333333334,0.8571428571428571,0.2727272727272727,0.8,0.4166666666666667,0.17045454545454544,"Patrick Wisdom","13602",621550
"Connor Joe",2026,"FA,FC,SI,CH,SL,CU,KC",119,0.3392857142857143,0.6842105263157895,0.47058823529411764,0.3333333333333333,0.8,0.25210084033613445,0.34615384615384615,0.5555555555555556,0.2184873949579832,"Connor Joe","16572",656582
"Felix Reyes",2026,"FA,FC,FS,CH,SL,CU,KC",67,0.6428571428571429,0.7777777777777778,0.417910447761194,0.7692307692307693,0.9,0.19402985074626866,0.5333333333333333,0.625,0.22388059701492538,"Felix Reyes","28763",694025
"Harrison Bader",2026,"FA,FC,SI,CH,SL,CU",92,0.6111111111111112,0.6363636363636364,0.391304347826087,0.68,0.7058823529411765,0.2717391304347826,0.45454545454545453,0.4,0.11956521739130435,"Harrison Bader","18030",664056
"Andy Ibáñez",2026,"FA,FC,SI,CH,SL,CU,KC",74,0.7777777777777778,0.8571428571428571,0.36486486486486486,0.6875,0.8181818181818182,0.21621621621621623,0.9090909090909091,0.9,0.14864864864864866,"Andy Ibanez","18819",628451
"Carlos Cortes",2026,"FA,FC,SI,CH,SL,CU",73,0.5925925925925926,0.625,0.3698630136986301,0.6111111111111112,0.6363636363636364,0.2465753424657534,0.5555555555555556,0.6,0.1232876712328767,"Carlos Cortes","21842",666126
"Tanner Murray",2026,"FA,FC,FS,SI,CH,SL,CU",72,0.5384615384615384,0.42857142857142855,0.3611111111111111,0.6666666666666666,0.375,0.16666666666666666,0.42857142857142855,0.5,0.19444444444444445,"Tanner Murray","28848",695020
"Eric Haase",2026,"FA,FC,SI,CH,SL,CU",110,0.5434782608695652,0.72,0.41818181818181815,0.5454545454545454,0.8333333333333334,0.2,0.5416666666666666,0.6153846153846154,0.21818181818181817,"Eric Haase","14111",606992
"James Outman",2026,"FA,FC,SI,CH,SL,CU",90,0.53125,0.7647058823529411,0.35555555555555557,0.6,0.75,0.2222222222222222,0.4166666666666667,0.8,0.13333333333333333,"James Outman","24770",681546
"Endy Rodríguez",2026,"FA,FC,SI,CH,SL,CU,KC",125,0.55,0.6363636363636364,0.32,0.5652173913043478,0.6153846153846154,0.184,0.5294117647058824,0.6666666666666666,0.136,"Endy Rodriguez","25332",682848
"Kerry Carpenter",2026,"FA,FC,SI,CH,SL,CU",108,0.5,0.8095238095238095,0.3888888888888889,0.6538461538461539,0.8235294117647058,0.24074074074074073,0.25,0.75,0.14814814814814814,"Kerry Carpenter","25961",681481
"Mickey Gasper",2026,"FA,FC,FS,SI,CH,SL,CU",124,0.39622641509433965,0.8095238095238095,0.4274193548387097,0.4482758620689655,0.8461538461538461,0.23387096774193547,0.3333333333333333,0.75,0.1935483870967742,"Mickey Gasper","24759",681508
"Christian Franklin",2026,"FA,FC,FS,SI,CH,SL,CU",133,0.3469387755102041,0.7647058823529411,0.3684210526315789,0.3793103448275862,0.8181818181818182,0.21804511278195488,0.3,0.6666666666666666,0.15037593984962405,"Christian Franklin","29896",681047
"John Peck",2026,"FA,FC,SI,CH,SL,CU",91,0.6428571428571429,0.6666666666666666,0.46153846153846156,0.6111111111111112,0.7272727272727273,0.1978021978021978,0.6666666666666666,0.625,0.26373626373626374,"John Peck","33500",807726
"Colt Keith",2026,"FA,FC,SI,CH,SL,CU,EP",87,0.4883720930232558,0.7619047619047619,0.4942528735632184,0.5862068965517241,0.8823529411764706,0.3333333333333333,0.2857142857142857,0.25,0.16091954022988506,"Colt Keith","27899",690993
"Alex Jackson",2026,"FA,FC,FS,SI,CH,SL,CU",88,0.5897435897435898,0.7391304347826086,0.4431818181818182,0.6086956521739131,0.7857142857142857,0.26136363636363635,0.5625,0.6666666666666666,0.18181818181818182,"Alex Jackson","17276",656577
"Yohel Pozo",2026,"FA,FC,SI,CH,SL,CU,KC",83,0.6097560975609756,0.96,0.4939759036144578,0.7727272727272727,0.9411764705882353,0.26506024096385544,0.42105263157894735,1,0.2289156626506024,"Yohel Pozo","18848",650968
"Buddy Kennedy",2026,"FA,FC,SI,CH,SL,CU,KC",141,0.4714285714285714,0.6666666666666666,0.48936170212765956,0.6,0.7777777777777778,0.20567375886524822,0.375,0.5333333333333333,0.28368794326241137,"Buddy Kennedy","22505",671083
"Leo Bernal",2026,"FA,FC,SI,CH,SL,CU",94,0.631578947368421,0.7083333333333334,0.39361702127659576,0.7619047619047619,0.75,0.22340425531914893,0.47058823529411764,0.625,0.1702127659574468,"Leo Bernal","29016",699024
"Luke Raley",2026,"FA,FC,SI,CH,SL,CU",86,0.525,0.6190476190476191,0.46511627906976744,0.6190476190476191,0.6923076923076923,0.2441860465116279,0.42105263157894735,0.5,0.22093023255813954,"Luke Raley","19354",670042
"Jhonny Pereda",2026,"FA,FC,SI,CH,SL,CU",122,0.5471698113207547,0.8275862068965517,0.4344262295081967,0.7037037037037037,0.8947368421052632,0.22131147540983606,0.38461538461538464,0.7,0.21311475409836064,"Jhonny Pereda","19802",640902
"Adrian Del Castillo",2026,"FA,FC,SI,CH,SL,CU",104,0.5306122448979592,0.6153846153846154,0.47115384615384615,0.5454545454545454,0.6666666666666666,0.3173076923076923,0.5,0.5,0.15384615384615385,"Adrian Del Castillo","29554",680728
"George Lombard Jr.",2026,"FA,FC,SI,CH,SL,CU,KC",127,0.5645161290322581,0.7714285714285715,0.4881889763779528,0.7,0.8571428571428571,0.23622047244094488,0.4375,0.6428571428571429,0.25196850393700787,"George Lombard Jr.","33433",806146
"Giancarlo Stanton",2026,"FA,FC,FS,SI,CH,SL,CU,KC",124,0.6346153846153846,0.6666666666666666,0.4112903225806452,0.7307692307692307,0.7894736842105263,0.20967741935483872,0.5384615384615384,0.5,0.20161290322580644,"Giancarlo Stanton","4949",519317
"Zach Dezenzo",2026,"FA,FC,FS,SI,CH,SL,CU,KC",129,0.55,0.7575757575757576,0.46511627906976744,0.5151515151515151,0.7647058823529411,0.2558139534883721,0.5925925925925926,0.75,0.20930232558139536,"Zach Dezenzo","31562",701305
"Bryan Torres",2026,"FA,FC,SI,SL,CU,KC",110,0.3958333333333333,0.8947368421052632,0.43636363636363634,0.52,0.9230769230769231,0.22727272727272727,0.2608695652173913,0.8333333333333334,0.20909090909090908,"Bryan Torres","21464",663494
"Junior Perez",2026,"FA,FC,SI,CH,SL,CU",104,0.5952380952380952,0.52,0.40384615384615385,0.6086956521739131,0.6428571428571429,0.22115384615384615,0.5789473684210527,0.36363636363636365,0.18269230769230768,"Junior Perez","23989",678577
"Masataka Yoshida",2026,"FA,FC,SI,CH,SL,CU",109,0.3888888888888889,0.9285714285714286,0.3302752293577982,0.4444444444444444,1,0.1651376146788991,0.3333333333333333,0.8333333333333334,0.1651376146788991,"Masataka Yoshida","31837",807799
"Nate Eaton",2026,"FA,FC,FS,SI,CH,SL,CU",142,0.6379310344827587,0.7837837837837838,0.4084507042253521,0.78125,0.8,0.22535211267605634,0.46153846153846156,0.75,0.18309859154929578,"Nate Eaton","25055",681987
"Jacob Gonzalez",2026,"FA,FC,SI,CH,SL,CU",132,0.5555555555555556,0.84,0.3409090909090909,0.5555555555555556,0.8,0.20454545454545456,0.5555555555555556,0.9,0.13636363636363635,"Jacob Gonzalez","33225",694378
"Luke Maile",2026,"FA,FC,SI,CH,SL,CU,KC",111,0.5476190476190477,0.6956521739130435,0.3783783783783784,0.47368421052631576,0.7777777777777778,0.17117117117117117,0.6086956521739131,0.6428571428571429,0.2072072072072072,"Luke Maile","13355",571912
"Rece Hinds",2026,"FA,FC,FS,SI,CH,SL,CU,KC",155,0.5409836065573771,0.6060606060606061,0.3935483870967742,0.6551724137931034,0.5789473684210527,0.1870967741935484,0.4375,0.6428571428571429,0.2064516129032258,"Rece Hinds","27493",677956
"Tommy Troy",2026,"FA,FC,FS,SI,CH,SL,CU",131,0.5714285714285714,0.71875,0.42748091603053434,0.5416666666666666,0.6923076923076923,0.183206106870229,0.59375,0.7368421052631579,0.24427480916030533,"Tommy Troy","33279",694371
"Adael Amador",2026,"FA,FC,FS,SI,CH,SL,CU",121,0.5714285714285714,0.8333333333333334,0.34710743801652894,0.625,0.8666666666666667,0.19834710743801653,0.5,0.7777777777777778,0.1487603305785124,"Adael Amador","27962",691182
"Sean Murphy",2026,"FA,FC,FS,SI,CH,SL,CU",128,0.6415094339622641,0.7058823529411765,0.4140625,0.72,0.7777777777777778,0.1953125,0.5714285714285714,0.625,0.21875,"Sean Murphy","19352",669221
"Jorge Polanco",2026,"FA,FC,FS,SI,CH,SL,CU,KC",126,0.7142857142857143,0.7428571428571429,0.3888888888888889,0.7586206896551724,0.7727272727272727,0.23015873015873015,0.65,0.6923076923076923,0.15873015873015872,"Jorge Polanco","13152",593871
"Kyle Teel",2026,"FA,FC,SI,CH,SL,CU",170,0.5915492957746479,0.6666666666666666,0.4176470588235294,0.6060606060606061,0.65,0.19411764705882353,0.5789473684210527,0.6818181818181818,0.2235294117647059,"Kyle Teel","33549",691019
"Billy Cook",2026,"FA,FC,FS,SI,CH,SL,CU,KC",123,0.6041666666666666,0.6896551724137931,0.3902439024390244,0.6285714285714286,0.6363636363636364,0.2845528455284553,0.5384615384615384,0.8571428571428571,0.10569105691056911,"Billy Cook","29573",695257
"Drew Romo",2026,"FA,FC,SI,CH,SL,CU",143,0.5645161290322581,0.8857142857142857,0.43356643356643354,0.6875,0.9090909090909091,0.22377622377622378,0.43333333333333335,0.8461538461538461,0.2097902097902098,"Drew Romo","27763",691011
"Joshua Kuroda-Grauer",2026,"FA,FC,FS,SI,CH,SL,CU",106,0.7391304347826086,0.9117647058823529,0.4339622641509434,0.7586206896551724,0.9090909090909091,0.27358490566037735,0.7058823529411765,0.9166666666666666,0.16037735849056603,"Joshua Kuroda-Grauer","35121",811965
"Dominic Smith",2026,"FA,FC,SI,CH,SL,CU,KC",135,0.5,0.8148148148148148,0.4,0.6,0.9333333333333333,0.18518518518518517,0.41379310344827586,0.6666666666666666,0.21481481481481482,"Dominic Smith","15653",642086
"Yohendrick Piñango",2026,"FA,FC,SI,CH,SL,CU",114,0.6538461538461539,0.7647058823529411,0.45614035087719296,0.6785714285714286,0.6842105263157895,0.24561403508771928,0.625,0.8666666666666667,0.21052631578947367,"Yohendrick Pinango","26664",682818
"Joc Pederson",2026,"FA,FC,FS,SI,CH,SL,CU",166,0.3709677419354839,0.6956521739130435,0.37349397590361444,0.3125,0.8,0.1927710843373494,0.43333333333333335,0.6153846153846154,0.18072289156626506,"Joc Pederson","11899",592626
"Denzel Clarke",2026,"FA,FC,SI,CH,SL,CU,KC",157,0.4426229508196721,0.5925925925925926,0.3885350318471338,0.45161290322580644,0.7142857142857143,0.19745222929936307,0.43333333333333335,0.46153846153846156,0.1910828025477707,"Denzel Clarke","29858",672016
"Jesús Sánchez",2026,"FA,FC,SI,CH,SL,CU,KC",100,0.7073170731707317,0.7931034482758621,0.41,0.6111111111111112,0.8181818181818182,0.18,0.782608695652174,0.7777777777777778,0.23,"Jesus Sanchez","19913",660821
"Sam Haggerty",2026,"FA,FC,SI,CH,SL,CU,KC",128,0.5172413793103449,0.6666666666666666,0.453125,0.47058823529411764,0.75,0.265625,0.5833333333333334,0.5714285714285714,0.1875,"Sam Haggerty","18054",664059
"Cam Cauley",2026,"FA,FC,SI,CH,SL,CU",134,0.5961538461538461,0.7096774193548387,0.3880597014925373,0.6666666666666666,0.75,0.22388059701492538,0.5,0.6363636363636364,0.16417910447761194,"Cam Cauley","29710",695508
"Alex Freeland",2026,"FA,FC,FS,SI,CH,SL,CU",150,0.40625,0.38461538461538464,0.4266666666666667,0.4827586206896552,0.42857142857142855,0.19333333333333333,0.34285714285714286,0.3333333333333333,0.23333333333333334,"Alex Freeland","31665",690976
"Nick Castellanos",2026,"FA,FC,SI,CH,SL,CU",125,0.7142857142857143,0.7428571428571429,0.392,0.7037037037037037,0.7894736842105263,0.216,0.7272727272727273,0.6875,0.176,"Nick Castellanos","11737",592206
"Mike Yastrzemski",2026,"FA,FC,SI,CH,SL,CU,KC",148,0.45,0.8333333333333334,0.5405405405405406,0.5217391304347826,0.8333333333333334,0.3108108108108108,0.35294117647058826,0.8333333333333334,0.22972972972972974,"Mike Yastrzemski","14854",573262
"Santiago Espinal",2026,"FA,FC,FS,SI,CH,SL,CU",149,0.5689655172413793,0.8484848484848485,0.38926174496644295,0.6129032258064516,0.8421052631578947,0.2080536912751678,0.5185185185185185,0.8571428571428571,0.18120805369127516,"Santiago Espinal","19997",669289
"Ramón Urías",2026,"FA,FC,SI,CH,SL,CU",153,0.4782608695652174,0.7878787878787878,0.45098039215686275,0.5897435897435898,0.8260869565217391,0.2549019607843137,0.3333333333333333,0.7,0.19607843137254902,"Ramon Urias","18795",602104
"Turner Hill",2026,"FA,FC,SI,CH,SL,CU,KC",155,0.48148148148148145,0.8461538461538461,0.34838709677419355,0.5714285714285714,0.9375,0.18064516129032257,0.38461538461538464,0.7,0.16774193548387098,"Turner Hill","32053",806367
"Austin Wynns",2026,"FA,FC,SI,CH,SL,CU",131,0.5,0.8076923076923077,0.3969465648854962,0.4583333333333333,0.8181818181818182,0.183206106870229,0.5357142857142857,0.8,0.21374045801526717,"Austin Wynns","15271",642851
"Brian Serven",2026,"FA,FC,SI,CH,SL,CU",124,0.48214285714285715,0.7777777777777778,0.45161290322580644,0.53125,0.8823529411764706,0.25806451612903225,0.4166666666666667,0.6,0.1935483870967742,"Brian Serven","19422",661531
"John Rave",2026,"FA,FC,SI,CH,SL,CU,KC",155,0.3333333333333333,0.7222222222222222,0.34838709677419355,0.23333333333333334,0.8571428571428571,0.1935483870967742,0.4583333333333333,0.6363636363636364,0.15483870967741936,"John Rave","26284",670231
"Brian Navarreto",2026,"FA,FC,FS,SI,CH,SL,CU,KC",159,0.6533333333333333,0.7755102040816326,0.4716981132075472,0.6,0.8518518518518519,0.2830188679245283,0.7333333333333333,0.6818181818181818,0.18867924528301888,"Brian Navarreto","16398",640459
"Romy Gonzalez",2026,"FA,FC,SI,CH,SL,CU",164,0.5660377358490566,0.6666666666666666,0.3170731707317073,0.72,0.7777777777777778,0.1524390243902439,0.42857142857142855,0.5,0.16463414634146342,"Romy Gonzalez","21562",663853
"Jake Rogers",2026,"FA,FC,FS,SI,CH,SL,CU",175,0.4305555555555556,0.6129032258064516,0.4114285714285714,0.5,0.625,0.18285714285714286,0.375,0.6,0.22857142857142856,"Jake Rogers","19452",668670
"Taylor Trammell",2026,"FA,FC,SI,CH,SL,CU,KC",161,0.49206349206349204,0.5483870967741935,0.391304347826087,0.6176470588235294,0.6190476190476191,0.2111801242236025,0.3448275862068966,0.4,0.18012422360248448,"Taylor Trammell","19960",666211
"Anthony Seigler",2026,"FA,FC,SI,CH,SL,CU",150,0.43548387096774194,0.8888888888888888,0.41333333333333333,0.45714285714285713,0.875,0.23333333333333334,0.4074074074074074,0.9090909090909091,0.18,"Anthony Seigler","23802",678011
"Bryan De La Cruz",2026,"FA,FC,FS,SI,CH,SL,CU",168,0.453125,0.6551724137931034,0.38095238095238093,0.4074074074074074,0.8181818181818182,0.16071428571428573,0.4864864864864865,0.5555555555555556,0.22023809523809523,"Bryan De La Cruz","19600",650559
"TJ Friedl",2026,"FA,FC,SI,CH,SL,CU",124,0.41818181818181815,0.7391304347826086,0.4435483870967742,0.40625,0.7692307692307693,0.25806451612903225,0.43478260869565216,0.7,0.18548387096774194,"TJ Friedl","19522",670770
"Max Schuemann",2026,"FA,FC,SI,CH,SL,CU",186,0.48717948717948717,0.7368421052631579,0.41935483870967744,0.575,0.782608695652174,0.21505376344086022,0.39473684210526316,0.6666666666666666,0.20430107526881722,"Max Schuemann","24488",680474
"Angel Genao",2026,"FA,FC,FS,SI,CH,SL,CU",150,0.48214285714285715,0.7037037037037037,0.37333333333333335,0.5333333333333333,0.75,0.2,0.4230769230769231,0.6363636363636364,0.17333333333333334,"Angel Genao","28811",694197
"Joey Wiemer",2026,"FA,FC,FS,SI,CH,SL,CU,KC",174,0.47761194029850745,0.84375,0.3850574712643678,0.6,0.8888888888888888,0.1724137931034483,0.3783783783783784,0.7857142857142857,0.21264367816091953,"Joey Wiemer","27690",686894
"Blake Dunn",2026,"FA,FC,FS,SI,CH,SL,CU",156,0.5833333333333334,0.7714285714285715,0.38461538461538464,0.6538461538461539,0.7647058823529411,0.16666666666666666,0.5294117647058824,0.7777777777777778,0.21794871794871795,"Blake Dunn","29487",694362
"Nick Allen",2026,"FA,FC,FS,SI,CH,SL,CU",153,0.4528301886792453,0.7916666666666666,0.3464052287581699,0.5483870967741935,0.7647058823529411,0.20261437908496732,0.3181818181818182,0.8571428571428571,0.1437908496732026,"Nick Allen","22277",669397
"Carlos Correa",2026,"FA,FC,FS,SI,CH,SL,CU,KC",194,0.5180722891566265,0.8372093023255814,0.42783505154639173,0.627906976744186,0.8888888888888888,0.22164948453608246,0.4,0.75,0.20618556701030927,"Carlos Correa","14162",621043
"Eric Wagaman",2026,"FA,FC,FS,SI,CH,SL,CU",184,0.4074074074074074,0.696969696969697,0.44021739130434784,0.43902439024390244,0.6666666666666666,0.22282608695652173,0.375,0.7333333333333333,0.21739130434782608,"Eric Wagaman","23395",676572
"Jose Trevino",2026,"FA,FC,SI,CH,SL,CU,KC",154,0.5245901639344263,0.875,0.3961038961038961,0.48717948717948717,0.9473684210526315,0.2532467532467532,0.5909090909090909,0.7692307692307693,0.14285714285714285,"Jose Trevino","16725",624431
"Leo Rivas",2026,"FA,FC,FS,SI,CH,SL,CU",204,0.379746835443038,0.8333333333333334,0.3872549019607843,0.40816326530612246,0.85,0.24019607843137256,0.3333333333333333,0.8,0.14705882352941177,"Leo Rivas","21009",660844
"Hunter Feduccia",2026,"FA,FC,FS,SI,CH,SL,CU,KC",166,0.5076923076923077,0.8181818181818182,0.39156626506024095,0.6388888888888888,0.8695652173913043,0.21686746987951808,0.3448275862068966,0.7,0.1746987951807229,"Hunter Feduccia","23372",676439
"Lars Nootbaar",2026,"FA,FC,FS,SI,CH,SL,CU",218,0.3655913978494624,0.7058823529411765,0.42660550458715596,0.47619047619047616,0.85,0.1926605504587156,0.27450980392156865,0.5,0.23394495412844038,"Lars Nootbaar","21454",663457
"Pedro Ramírez",2026,"FA,FC,FS,SI,CH,SL,CU,KC",155,0.5757575757575758,0.868421052631579,0.4258064516129032,0.6842105263157895,0.9230769230769231,0.24516129032258063,0.42857142857142855,0.75,0.18064516129032257,"Pedro Ramirez","29218",699393
"Joshua Báez",2026,"FA,FC,SI,CH,SL,CU",149,0.6615384615384615,0.6744186046511628,0.436241610738255,0.625,0.65,0.21476510067114093,0.696969696969697,0.6956521739130435,0.2214765100671141,"Joshua Baez","29596",695491
"Petey Halpin",2026,"FA,FC,SI,CH,SL",161,0.5735294117647058,0.8461538461538461,0.422360248447205,0.5853658536585366,0.875,0.2546583850931677,0.5555555555555556,0.8,0.16770186335403728,"Petey Halpin","27931",690984
"Cody Freeman",2026,"FA,FC,FS,SI,CH,SL,CU",190,0.4605263157894737,0.8285714285714286,0.4,0.65625,0.7619047619047619,0.16842105263157894,0.3181818181818182,0.9285714285714286,0.23157894736842105,"Cody Freeman","25629",683227
"Héctor Rodríguez",2026,"FA,FC,FS,SI,CH,SL,CU",157,0.6714285714285714,0.7021276595744681,0.445859872611465,0.75,0.696969696969697,0.2802547770700637,0.5384615384615384,0.7142857142857143,0.16560509554140126,"Hector Rodriguez","29189",699302
"Juan Brito",2026,"FA,FC,FS,SI,CH,SL,CU",171,0.6056338028169014,0.6976744186046512,0.4152046783625731,0.6857142857142857,0.7916666666666666,0.2046783625730994,0.5277777777777778,0.5789473684210527,0.21052631578947367,"Juan Brito","26693",682877
"Edwin Arroyo",2026,"FA,FC,FS,SI,CH,SL,CU",141,0.7321428571428571,0.7317073170731707,0.3971631205673759,0.6896551724137931,0.85,0.20567375886524822,0.7777777777777778,0.6190476190476191,0.19148936170212766,"Edwin Arroyo","29957",695490
"Ali Sánchez",2026,"FA,FC,FS,SI,CH,SL,CU",161,0.515625,0.7575757575757576,0.39751552795031053,0.5588235294117647,0.7894736842105263,0.2111801242236025,0.4666666666666667,0.7142857142857143,0.18633540372670807,"Ali Sanchez","18551",645305
"Brandon Lockridge",2026,"FA,FC,FS,SI,CH,SL,CU",188,0.47058823529411764,0.75,0.4521276595744681,0.5348837209302325,0.8695652173913043,0.22872340425531915,0.40476190476190477,0.5882352941176471,0.22340425531914893,"Brandon Lockridge","21496",663604
"Travis d'Arnaud",2026,"FA,FC,FS,SI,CH,SL,CU",169,0.5466666666666666,0.6097560975609756,0.4437869822485207,0.5789473684210527,0.7272727272727273,0.22485207100591717,0.5135135135135135,0.47368421052631576,0.21893491124260356,"Travis d'Arnaud","7739",518595
"Bryce Teodosio",2026,"FA,FC,SI,CH,SL,CU",148,0.6428571428571429,0.5555555555555556,0.47297297297297297,0.71875,0.5652173913043478,0.21621621621621623,0.5789473684210527,0.5454545454545454,0.25675675675675674,"Bryce Teodosio","29524",669326
"Matt Wallner",2026,"FA,FC,SI,CH,SL,CU,KC",171,0.6153846153846154,0.5416666666666666,0.45614035087719296,0.7021276595744681,0.6060606060606061,0.27485380116959063,0.4838709677419355,0.4,0.18128654970760233,"Matt Wallner","26466",670242
"Nathaniel Lowe",2026,"FA,FC,SI,CH,SL,CU,KC",175,0.5915492957746479,0.6904761904761905,0.4057142857142857,0.6216216216216216,0.6956521739130435,0.21142857142857144,0.5588235294117647,0.6842105263157895,0.19428571428571428,"Nathaniel Lowe","19566",663993
"Nolan Gorman",2026,"FA,FC,FS,SI,CH,SL,CU",188,0.625,0.68,0.425531914893617,0.6428571428571429,0.8148148148148148,0.22340425531914893,0.6052631578947368,0.5217391304347826,0.20212765957446807,"Nolan Gorman","22263",669357
"Kaelen Culpepper",2026,"FA,FC,FS,SI,CH,SL,CU",188,0.6714285714285714,0.723404255319149,0.3723404255319149,0.6666666666666666,0.8636363636363636,0.17553191489361702,0.6756756756756757,0.6,0.19680851063829788,"Kaelen Culpepper","35111",701785
"Lenyn Sosa",2026,"FA,FC,FS,SI,CH,SL,CU,KC",179,0.5897435897435898,0.7391304347826086,0.43575418994413406,0.6818181818181818,0.8,0.12290502793296089,0.5535714285714286,0.7096774193548387,0.3128491620111732,"Lenyn Sosa","22896",672820
"Shay Whitcomb",2026,"FA,FC,SI,CH,SL,CU,KC",147,0.49122807017543857,0.6785714285714286,0.3877551020408163,0.46875,0.8666666666666667,0.21768707482993196,0.52,0.46153846153846156,0.17006802721088435,"Shay Whitcomb","27789",694376
"Christopher Morel",2026,"FA,FC,SI,CH,SL,CU,KC",155,0.5454545454545454,0.75,0.4258064516129032,0.5277777777777778,0.7368421052631579,0.23225806451612904,0.5666666666666667,0.7647058823529411,0.1935483870967742,"Christopher Morel","21897",666624
"Andrew McCutchen",2026,"FA,FC,SI,CH,SL,CU,KC",205,0.4166666666666667,0.7142857142857143,0.4097560975609756,0.5531914893617021,0.7692307692307693,0.22926829268292684,0.24324324324324326,0.5555555555555556,0.18048780487804877,"Andrew McCutchen","9847",457705
"Christian Moore",2026,"FA,FC,SI,CH,SL,CU",197,0.5569620253164557,0.6818181818181818,0.4010152284263959,0.6818181818181818,0.7666666666666667,0.2233502538071066,0.4,0.5,0.17766497461928935,"Christian Moore","34979",695681
"Drew Gilbert",2026,"FA,FC,SI,CH,SL,CU,KC",199,0.5730337078651685,0.7450980392156863,0.4472361809045226,0.5306122448979592,0.7692307692307693,0.24623115577889448,0.625,0.72,0.20100502512562815,"Drew Gilbert","31545",687551
"Brent Rooker",2026,"FA,FC,SI,CH,SL,CU",190,0.55,0.5909090909090909,0.41578947368421054,0.6585365853658537,0.6296296296296297,0.21052631578947367,0.4358974358974359,0.5294117647058824,0.20526315789473684,"Brent Rooker","19627",667670
"Thomas Saggese",2026,"FA,FC,FS,SI,CH,SL,CU",218,0.5698924731182796,0.7358490566037735,0.42660550458715596,0.62,0.7741935483870968,0.22935779816513763,0.5116279069767442,0.6818181818181818,0.19724770642201836,"Thomas Saggese","27883",695336
"Andrew Benintendi",2026,"FA,FC,FS,SI,CH,SL,CU",191,0.6835443037974683,0.6851851851851852,0.41361256544502617,0.7391304347826086,0.7352941176470589,0.24083769633507854,0.6060606060606061,0.6,0.17277486910994763,"Andrew Benintendi","17901",643217
"Alejandro Osuna",2026,"FA,FC,SI,CH,SL,CU",156,0.5303030303030303,0.8857142857142857,0.4230769230769231,0.575,1,0.2564102564102564,0.46153846153846156,0.6666666666666666,0.16666666666666666,"Alejandro Osuna","27915",696030
"Luis Campusano",2026,"FA,FC,SI,CH,SL,CU,KC",204,0.5,0.8,0.4411764705882353,0.47058823529411764,0.875,0.25,0.5384615384615384,0.7142857142857143,0.19117647058823528,"Luis Campusano","22217",669134
"Victor Robles",2026,"FA,FC,FS,SI,CH,SL,CU",189,0.6363636363636364,0.7755102040816326,0.4074074074074074,0.625,0.92,0.21164021164021163,0.6486486486486487,0.625,0.19576719576719576,"Victor Robles","18363",645302
"Andrew Knizner",2026,"FA,FC,FS,SI,CH,SL,CU,KC",174,0.6753246753246753,0.8269230769230769,0.4425287356321839,0.6052631578947368,0.782608695652174,0.21839080459770116,0.7435897435897436,0.8620689655172413,0.22413793103448276,"Andrew Knizner","19514",668800
"Patrick Bailey",2026,"FA,FC,FS,SI,CH,SL,CU,KC",249,0.4482758620689655,0.6666666666666666,0.3493975903614458,0.47368421052631576,0.8888888888888888,0.15261044176706828,0.42857142857142855,0.47619047619047616,0.19678714859437751,"Patrick Bailey","27478",672275
"Kyle Higashioka",2026,"FA,FC,FS,SI,CH,SL,CU,KC",212,0.5280898876404494,0.723404255319149,0.419811320754717,0.5641025641025641,0.9090909090909091,0.18396226415094338,0.5,0.56,0.2358490566037736,"Kyle Higashioka","5517",543309
"Samad Taylor",2026,"FA,FC,FS,SI,CH,SL,CU",197,0.42105263157894735,0.925,0.47715736040609136,0.46296296296296297,0.96,0.26903553299492383,0.36585365853658536,0.8666666666666667,0.20812182741116753,"Samad Taylor","22274",669392
"Daniel Susac",2026,"FA,FC,FS,SI,CH,SL,CU,KC",190,0.6440677966101694,0.7368421052631579,0.3105263157894737,0.7407407407407407,0.9,0.14210526315789473,0.5625,0.5555555555555556,0.16842105263157894,"Daniel Susac","31441",691740
"Jorbit Vivas",2026,"FA,FC,SI,CH,SL,CU,KC",189,0.6103896103896104,0.7659574468085106,0.4074074074074074,0.6842105263157895,0.8461538461538461,0.20105820105820105,0.5384615384615384,0.6666666666666666,0.20634920634920634,"Jorbit Vivas","23917",678391
"Wade Meckler",2026,"FA,FC,SI,CH,SL,CU",203,0.43333333333333335,0.7948717948717948,0.4433497536945813,0.525,0.9523809523809523,0.19704433497536947,0.36,0.6111111111111112,0.24630541871921183,"Wade Meckler","31490",685133
"Jase Bowen",2026,"FA,FC,SI,CH,SL,CU,KC",174,0.56,0.6666666666666666,0.43103448275862066,0.6842105263157895,0.6538461538461539,0.21839080459770116,0.43243243243243246,0.6875,0.21264367816091953,"Jase Bowen","26047",687749
"Gabriel Arias",2026,"FA,FC,FS,SI,CH,SL,CU",187,0.6436781609195402,0.375,0.46524064171123,0.6122448979591837,0.3333333333333333,0.2620320855614973,0.6842105263157895,0.4230769230769231,0.20320855614973263,"Gabriel Arias","22563",672356
"Trevor Larnach",2026,"FA,FC,SI,CH,SL,CU,KC",214,0.5402298850574713,0.723404255319149,0.40654205607476634,0.48936170212765956,0.8260869565217391,0.21962616822429906,0.6,0.625,0.18691588785046728,"Trevor Larnach","21501",663616
"Tyler Heineman",2026,"FA,FC,FS,SI,CH,SL,CU",179,0.5853658536585366,0.8958333333333334,0.4581005586592179,0.5208333333333334,0.92,0.2681564245810056,0.6764705882352942,0.8695652173913043,0.18994413407821228,"Tyler Heineman","13897",623168
"Jorge Barrosa",2026,"FA,FC,FS,SI,CH,SL,CU",264,0.5363636363636364,0.8305084745762712,0.4128787878787879,0.5333333333333333,0.84375,0.22348484848484848,0.54,0.8148148148148148,0.1893939393939394,"Jorge Barrosa","23968",678489
"Isiah Kiner-Falefa",2026,"FA,FC,SI,CH,SL,CU",228,0.4574468085106383,0.7906976744186046,0.41228070175438597,0.5319148936170213,0.76,0.20614035087719298,0.3829787234042553,0.8333333333333334,0.20614035087719298,"Isiah Kiner-Falefa","16512",643396
"Brendan Donovan",2026,"FA,FC,SI,CH,SL,CU",194,0.5061728395061729,0.8292682926829268,0.4175257731958763,0.6888888888888889,0.9032258064516129,0.23195876288659795,0.2777777777777778,0.6,0.18556701030927836,"Brendan Donovan","24679",680977
"Enrique Hernández",2026,"FA,FC,SI,CH,SL,CU,KC",207,0.5813953488372093,0.84,0.41545893719806765,0.723404255319149,0.8529411764705882,0.22705314009661837,0.41025641025641024,0.8125,0.18840579710144928,"Enrique Hernandez","10472",571771
"Lourdes Gurriel Jr.",2026,"FA,FC,FS,SI,CH,SL,CU,KC",198,0.6931818181818182,0.8032786885245902,0.4444444444444444,0.7380952380952381,0.8387096774193549,0.21212121212121213,0.6521739130434783,0.7666666666666667,0.23232323232323232,"Lourdes Gurriel Jr.","19238",666971
"Austin Hays",2026,"FA,FC,FS,SI,CH,SL,CU,KC",184,0.6461538461538462,0.6904761904761905,0.3532608695652174,0.6842105263157895,0.7307692307692307,0.20652173913043478,0.5925925925925926,0.625,0.14673913043478262,"Austin Hays","19363",669720
"Ramón Laureano",2026,"FA,FC,FS,SI,CH,SL,CU",233,0.5384615384615384,0.673469387755102,0.3905579399141631,0.6078431372549019,0.7419354838709677,0.21888412017167383,0.45,0.5555555555555556,0.17167381974248927,"Ramon Laureano","17128",657656
"Josh Lowe",2026,"FA,FC,SI,CH,SL,CU",212,0.54,0.6666666666666666,0.4716981132075472,0.717391304347826,0.6666666666666666,0.2169811320754717,0.3888888888888889,0.6666666666666666,0.25471698113207547,"Josh Lowe","19953",666139
"Darell Hernaiz",2026,"FA,FC,SI,CH,SL,CU",227,0.5454545454545454,0.7777777777777778,0.43612334801762115,0.5384615384615384,0.6666666666666666,0.17180616740088106,0.55,0.8484848484848485,0.2643171806167401,"Darell Hernaiz","26224",687231
"Charles McAdoo",2026,"FA,FC,FS,SI,CH,SL,CU,KC",233,0.5617977528089888,0.82,0.38197424892703863,0.6037735849056604,0.84375,0.22746781115879827,0.5,0.7777777777777778,0.15450643776824036,"Charles McAdoo","33323",807727
"Wenceel Pérez",2026,"FA,FC,SI,CH,SL,CU,KC",199,0.5268817204301075,0.7959183673469388,0.4623115577889447,0.6,0.7777777777777778,0.22613065326633167,0.4583333333333333,0.8181818181818182,0.23618090452261306,"Wenceel Perez","22857",672761
"Nicky Lopez",2026,"FA,FC,FS,SI,CH,SL,CU",225,0.4942528735632184,0.9302325581395349,0.38666666666666666,0.4489795918367347,0.9545454545454546,0.21777777777777776,0.5526315789473685,0.9047619047619048,0.1688888888888889,"Nicky Lopez","19339",670032
"Jordan Lawlar",2026,"FA,FC,FS,SI,CH,SL,CU,KC",234,0.5,0.7346938775510204,0.4188034188034188,0.6041666666666666,0.7931034482758621,0.20512820512820512,0.4,0.65,0.21367521367521367,"Jordan Lawlar","29976",691783
"Tristan Peters",2026,"FA,FC,SI,CH,SL,CU",241,0.3673469387755102,0.7777777777777778,0.4066390041493776,0.4166666666666667,0.8,0.1991701244813278,0.32,0.75,0.2074688796680498,"Tristan Peters","30063",671976
"Jake Meyers",2026,"FA,FC,FS,SI,CH,SL,CU,KC",187,0.5903614457831325,0.7755102040816326,0.4385026737967914,0.6744186046511628,0.7586206896551724,0.22459893048128343,0.5,0.8,0.21390374331550802,"Jake Meyers","20308",676694
"James McCann",2026,"FA,FC,FS,SI,CH,SL,CU,KC",232,0.5930232558139535,0.6862745098039216,0.3706896551724138,0.6666666666666666,0.8214285714285714,0.1810344827586207,0.5227272727272727,0.5217391304347826,0.1896551724137931,"James McCann","12859",543510
"Eduardo Valencia",2026,"FA,FC,FS,SI,CH,SL,CU,KC",237,0.6195652173913043,0.6666666666666666,0.3881856540084388,0.6862745098039216,0.6857142857142857,0.21518987341772153,0.5365853658536586,0.6363636363636364,0.1729957805907173,"Eduardo Valencia","24574",680664
"Braxton Fulford",2026,"FA,FC,FS,SI,CH,SL,CU,KC,EP",263,0.4673913043478261,0.5348837209302325,0.34980988593155893,0.5454545454545454,0.6666666666666666,0.16730038022813687,0.3958333333333333,0.3684210526315789,0.18250950570342206,"Braxton Fulford","29704",690924
"Blake Perkins",2026,"FA,FC,SI,CH,SL,CU,KC",251,0.5247524752475248,0.8490566037735849,0.40239043824701193,0.56,0.8928571428571429,0.199203187250996,0.49019607843137253,0.8,0.20318725099601595,"Blake Perkins","19921",663368
"Danny Jansen",2026,"FA,FC,FS,SI,CH,SL,CU,KC",260,0.5523809523809524,0.7241379310344828,0.40384615384615385,0.6515151515151515,0.7441860465116279,0.25384615384615383,0.38461538461538464,0.6666666666666666,0.15,"Danny Jansen","16535",643376
"Spencer Jones",2026,"FA,FC,FS,SI,CH,SL,CU,KC",225,0.6222222222222222,0.6964285714285714,0.39555555555555555,0.7111111111111111,0.6875,0.2,0.5333333333333333,0.7083333333333334,0.19555555555555557,"Spencer Jones","31532",682987
"Mitch Garver",2026,"FA,FC,FS,SI,CH,SL,CU,KC",288,0.5130434782608696,0.7288135593220338,0.3993055555555556,0.5714285714285714,0.8125,0.19444444444444445,0.4576271186440678,0.6296296296296297,0.2048611111111111,"Mitch Garver","15161",641598
"Nick Yorke",2026,"FA,FC,FS,SI,CH,SL,CU,KC",255,0.62,0.7903225806451613,0.39215686274509803,0.7441860465116279,0.84375,0.16862745098039217,0.5263157894736842,0.7333333333333333,0.2235294117647059,"Nick Yorke","27504",694377
"Richie Palacios",2026,"FA,FC,FS,SI,CH,SL,CU,KC",218,0.580952380952381,0.8360655737704918,0.481651376146789,0.5925925925925926,0.875,0.24770642201834864,0.5686274509803921,0.7931034482758621,0.23394495412844038,"Richie Palacios","24589",680700
"Javier Báez",2026,"FA,FC,SI,CH,SL,CU,KC",187,0.6,0.8222222222222222,0.40106951871657753,0.627906976744186,0.8518518518518519,0.22994652406417113,0.5625,0.7777777777777778,0.1711229946524064,"Javier Baez","12979",595879
"Austin Slater",2026,"FA,FC,SI,CH,SL,CU,KC",253,0.4722222222222222,0.7450980392156863,0.4268774703557312,0.5283018867924528,0.75,0.20948616600790515,0.41818181818181815,0.7391304347826086,0.21739130434782608,"Austin Slater","16153",596103
"Daniel Schneemann",2026,"FA,FC,SI,CH,SL,CU",253,0.4818181818181818,0.7169811320754716,0.43478260869565216,0.5254237288135594,0.7741935483870968,0.233201581027668,0.43137254901960786,0.6363636363636364,0.2015810276679842,"Daniel Schneemann","25180",682177
"Brett Bateman",2026,"FA,FC,SI,CH,SL,CU",225,0.48314606741573035,0.8604651162790697,0.39555555555555555,0.5,0.9583333333333334,0.21333333333333335,0.4634146341463415,0.7368421052631579,0.18222222222222223,"Brett Bateman","33312",703520
"Max Clark",2026,"FA,FC,SI,CH,SL,CU,KC",230,0.41237113402061853,0.9,0.4217391304347826,0.5185185185185185,0.9642857142857143,0.23478260869565218,0.27906976744186046,0.75,0.18695652173913044,"Max Clark","33381",703601
"Moisés Ballesteros",2026,"FA,FC,SI,CH,SL,CU,EP",234,0.5784313725490197,0.8305084745762712,0.4358974358974359,0.6666666666666666,0.8823529411764706,0.21794871794871795,0.49019607843137253,0.76,0.21794871794871795,"Moises Ballesteros","28820",694208
"Cooper Pratt",2026,"FA,FC,FS,SI,CH,SL,CU",257,0.536,0.7910447761194029,0.48638132295719844,0.59375,0.7894736842105263,0.2490272373540856,0.47540983606557374,0.7931034482758621,0.23735408560311283,"Cooper Pratt","33530",806198
"Christian Vázquez",2026,"FA,FC,FS,SI,CH,SL,CU,KC",238,0.5740740740740741,0.8225806451612904,0.453781512605042,0.6379310344827587,0.8918918918918919,0.24369747899159663,0.5,0.72,0.21008403361344538,"Christian Vazquez","9774",543877
"Victor Scott II",2026,"FA,FC,SI,CH,SL,CU",212,0.5,0.7560975609756098,0.3867924528301887,0.5434782608695652,0.76,0.2169811320754717,0.4444444444444444,0.75,0.16981132075471697,"Victor Scott II","31349",687363
"Colton Cowser",2026,"FA,FC,SI,CH,SL,CU,KC",293,0.48148148148148145,0.5961538461538461,0.36860068259385664,0.43103448275862066,0.68,0.19795221843003413,0.54,0.5185185185185185,0.17064846416382254,"Colton Cowser","29591",681297
"Joey Bart",2026,"FA,FC,FS,SI,CH,SL,CU,KC",267,0.5631067961165048,0.7931034482758621,0.3857677902621723,0.5932203389830508,0.9142857142857143,0.2209737827715356,0.5227272727272727,0.6086956521739131,0.1647940074906367,"Joey Bart","21524",663698
"Ryan McMahon",2026,"FA,FC,SI,CH,SL,CU,KC",254,0.44,0.6590909090909091,0.3937007874015748,0.42105263157894735,0.7083333333333334,0.22440944881889763,0.46511627906976744,0.6,0.16929133858267717,"Ryan McMahon","15112",641857
"Justin Crawford",2026,"FA,FC,SI,CH,SL,CU,KC",242,0.4787234042553192,0.9333333333333333,0.3884297520661157,0.5,0.9615384615384616,0.21487603305785125,0.4523809523809524,0.8947368421052632,0.17355371900826447,"Justin Crawford","31791",702222
"Dalton Rushing",2026,"FA,FC,FS,SI,CH,SL,CU",236,0.5652173913043478,0.7307692307692307,0.3898305084745763,0.5769230769230769,0.7666666666666667,0.22033898305084745,0.55,0.6818181818181818,0.1694915254237288,"Dalton Rushing","31382",687221
"Jared Young",2026,"FA,FC,SI,CH,SL,CU",237,0.5673076923076923,0.711864406779661,0.4388185654008439,0.5961538461538461,0.9032258064516129,0.21940928270042195,0.5384615384615384,0.5,0.21940928270042195,"Jared Young","20404",676724
"Ke'Bryan Hayes",2026,"FA,FC,FS,SI,CH,SL,CU,KC",223,0.5510204081632653,0.8333333333333334,0.43946188340807174,0.7017543859649122,0.925,0.2556053811659193,0.34146341463414637,0.5714285714285714,0.18385650224215247,"Ke'Bryan Hayes","18577",663647
"Victor Mesa Jr.",2026,"FA,FC,SI,CH,SL,CU,KC",215,0.5777777777777777,0.8653846153846154,0.4186046511627907,0.6909090909090909,0.8947368421052632,0.2558139534883721,0.4,0.7857142857142857,0.16279069767441862,"Victor Mesa Jr.","25999",683748
"Brett Sullivan",2026,"FA,FC,SI,CH,SL,CU",227,0.5353535353535354,0.8679245283018868,0.43612334801762115,0.55,0.9090909090909091,0.2643171806167401,0.5128205128205128,0.8,0.17180616740088106,"Brett Sullivan","18217",664954
"Joe Mack",2026,"FA,FC,FS,SI,CH,SL,CU,KC",258,0.49074074074074076,0.8113207547169812,0.4186046511627907,0.6037735849056604,0.84375,0.2054263565891473,0.38181818181818183,0.7619047619047619,0.2131782945736434,"Joe Mack","29780",691788
"Adolis García",2026,"FA,FC,FS,SI,CH,SL,CU,KC",286,0.5371900826446281,0.7538461538461538,0.4230769230769231,0.5633802816901409,0.825,0.24825174825174826,0.5,0.64,0.17482517482517482,"Adolis Garcia","19287",666969
"Christian Koss",2026,"FA,FC,FS,SI,CH,SL,CU,KC",226,0.6153846153846154,0.6785714285714286,0.4026548672566372,0.7027027027027027,0.7307692307692307,0.16371681415929204,0.5555555555555556,0.6333333333333333,0.23893805309734514,"Christian Koss","27653",683766
"Griffin Conine",2026,"FA,FC,FS,SI,CH,SL,CU",229,0.625,0.64,0.34934497816593885,0.6410256410256411,0.64,0.1703056768558952,0.6097560975609756,0.64,0.17903930131004367,"Griffin Conine","21626",665052
"Luis Robert Jr.",2026,"FA,FC,FS,SI,CH,SL,CU,KC",259,0.6915887850467289,0.8378378378378378,0.4092664092664093,0.7627118644067796,0.8888888888888888,0.22393822393822393,0.6041666666666666,0.7586206896551724,0.18532818532818532,"Luis Robert Jr.","20043",673357
"Victor Bericoto",2026,"FA,FC,FS,SI,CH,SL,CU,KC",237,0.6593406593406593,0.7166666666666667,0.38396624472573837,0.7567567567567568,0.7857142857142857,0.15611814345991562,0.5925925925925926,0.65625,0.22784810126582278,"Victor Bericoto","26468",682674
"Miguel Amaya",2026,"FA,FC,FS,SI,CH,SL,CU,KC",270,0.5514018691588785,0.7627118644067796,0.3962962962962963,0.6666666666666666,0.7333333333333333,0.16666666666666666,0.46774193548387094,0.7931034482758621,0.22962962962962963,"Miguel Amaya","21693",665804
"Alex Call",2026,"FA,FC,FS,SI,CH,SL,CU",334,0.5151515151515151,0.8676470588235294,0.39221556886227543,0.5540540540540541,0.9024390243902439,0.2215568862275449,0.46551724137931033,0.8148148148148148,0.17065868263473055,"Alex Call","19296",669743
"Aaron Judge",2026,"FA,FC,FS,SI,CH,SL,CU,KC",350,0.47619047619047616,0.6428571428571429,0.42,0.5416666666666666,0.6666666666666666,0.2057142857142857,0.41333333333333333,0.6129032258064516,0.21428571428571427,"Aaron Judge","15640",592450
"Brandon Valenzuela",2026,"FA,FC,FS,SI,CH,SL,CU",337,0.562962962962963,0.7894736842105263,0.40059347181008903,0.7164179104477612,0.75,0.19881305637982197,0.4117647058823529,0.8571428571428571,0.20178041543026706,"Brandon Valenzuela","23813",678218
"Luis Lara",2026,"FA,FC,FS,SI,CH,SL,CU,KC",268,0.5242718446601942,0.8888888888888888,0.3843283582089552,0.5517241379310345,0.90625,0.21641791044776118,0.4888888888888889,0.8636363636363636,0.16791044776119404,"Luis Lara","30675",800325
"Evan Carter",2026,"FA,FC,SI,CH,SL,CU",296,0.45384615384615384,0.6440677966101694,0.4391891891891892,0.46153846153846156,0.6111111111111112,0.2635135135135135,0.4423076923076923,0.6956521739130435,0.17567567567567569,"Evan Carter","27790",694497
"Gavin Sheets",2026,"FA,FC,SI,CH,SL,CU",297,0.5481481481481482,0.8243243243243243,0.45454545454545453,0.6162790697674418,0.8679245283018868,0.2895622895622896,0.42857142857142855,0.7142857142857143,0.16498316498316498,"Gavin Sheets","19901",657757
"Tommy White",2026,"FA,FC,FS,SI,CH,SL,CU,KC",234,0.648936170212766,0.7868852459016393,0.4017094017094017,0.6607142857142857,0.8378378378378378,0.23931623931623933,0.631578947368421,0.7083333333333334,0.1623931623931624,"Tommy White","35107",695720
"Nick Sogard",2026,"FA,FC,FS,SI,CH,SL,CU",286,0.45045045045045046,0.76,0.3881118881118881,0.46153846153846156,0.8333333333333334,0.22727272727272727,0.43478260869565216,0.65,0.16083916083916083,"Nick Sogard","25483",686765
"Will Smith",2026,"FA,FC,FS,SI,CH,SL,CU,KC",380,0.3973509933774834,0.8166666666666667,0.3973684210526316,0.5116279069767442,0.9090909090909091,0.22631578947368422,0.24615384615384617,0.5625,0.17105263157894737,"Will Smith","19197",669257
"Freddy Fermin",2026,"FA,FC,FS,SI,CH,SL,CU",282,0.5454545454545454,0.75,0.3900709219858156,0.578125,0.7837837837837838,0.22695035460992907,0.5,0.6956521739130435,0.16312056737588654,"Freddy Fermin","21840",666023
"Carlos Narváez",2026,"FA,FC,FS,SI,CH,SL,CU,KC",333,0.6,0.6888888888888889,0.45045045045045046,0.6875,0.6727272727272727,0.24024024024024024,0.5,0.7142857142857143,0.21021021021021022,"Carlos Narvaez","19722",665966
"Rafael Flores Jr.",2026,"FA,FC,FS,SI,CH,SL,CU,KC",306,0.47368421052631576,0.7301587301587301,0.434640522875817,0.5362318840579711,0.8108108108108109,0.22549019607843138,0.40625,0.6153846153846154,0.20915032679738563,"Rafael Flores Jr.","31991",804668
"David Hamilton",2026,"FA,FC,SI,CH,SL,CU,KC",281,0.4782608695652174,0.7272727272727273,0.4092526690391459,0.5272727272727272,0.8620689655172413,0.19572953736654805,0.43333333333333335,0.5769230769230769,0.21352313167259787,"David Hamilton","27531",666152
"Christian Encarnacion-Strand",2026,"FA,FC,FS,SI,CH,SL,CU",283,0.6696428571428571,0.7066666666666667,0.3957597173144876,0.75,0.6153846153846154,0.18374558303886926,0.6,0.8055555555555556,0.21201413427561838,"Christian Encarnacion-Strand","30011",687952
"Maikel Garcia",2026,"FA,FC,FS,SI,CH,SL,CU",337,0.3805970149253731,0.9019607843137255,0.39762611275964393,0.43478260869565216,0.9333333333333333,0.20474777448071216,0.3230769230769231,0.8571428571428571,0.19287833827893175,"Maikel Garcia","22715",672580
"Blaze Jordan",2026,"FA,FC,SI,CH,SL,CU",265,0.584070796460177,0.803030303030303,0.42641509433962266,0.625,0.8571428571428571,0.21132075471698114,0.543859649122807,0.7419354838709677,0.21509433962264152,"Blaze Jordan","28199",691458
"Kyle Isbel",2026,"FA,FC,SI,CH,SL,CU,KC",264,0.5045871559633027,0.8545454545454545,0.4128787878787879,0.5,0.9642857142857143,0.21212121212121213,0.5094339622641509,0.7407407407407407,0.20075757575757575,"Kyle Isbel","21614",664728
"Tyler Tolbert",2026,"FA,FC,SI,CH,SL,CU,KC",302,0.49572649572649574,0.7241379310344828,0.38741721854304634,0.5645161290322581,0.7714285714285715,0.2052980132450331,0.41818181818181815,0.6521739130434783,0.18211920529801323,"Tyler Tolbert","25779",686475
"Nelson Velázquez",2026,"FA,FC,FS,SI,CH,SL,CU",316,0.5928571428571429,0.5783132530120482,0.4430379746835443,0.6619718309859155,0.723404255319149,0.22468354430379747,0.5217391304347826,0.3888888888888889,0.21835443037974683,"Nelson Velazquez","23359",676369
"Ben Malgeri",2026,"FA,FC,FS,SI,CH,SL,CU,KC",318,0.5,0.7543859649122807,0.3584905660377358,0.5846153846153846,0.7894736842105263,0.20440251572327045,0.3877551020408163,0.6842105263157895,0.1540880503144654,"Ben Malgeri","29577",701162
"Agustín Ramírez",2026,"FA,FC,FS,SI,CH,SL,CU,KC",378,0.5466666666666666,0.6707317073170732,0.3968253968253968,0.6266666666666667,0.6382978723404256,0.1984126984126984,0.4666666666666667,0.7142857142857143,0.1984126984126984,"Agustin Ramirez","26546",682663
"Miguel Andujar",2026,"FA,FC,FS,SI,CH,SL,CU",307,0.6147540983606558,0.8666666666666667,0.3973941368078176,0.5909090909090909,0.8205128205128205,0.21498371335504887,0.6428571428571429,0.9166666666666666,0.18241042345276873,"Miguel Andujar","15878",609280
"Zach McKinstry",2026,"FA,FC,SI,CH,SL,CU,KC,EP",338,0.5037037037037037,0.8970588235294118,0.3994082840236686,0.575,0.9347826086956522,0.23668639053254437,0.4,0.8181818181818182,0.16272189349112426,"Zach McKinstry","19392",656716
"Spencer Horwitz",2026,"FA,FC,FS,SI,CH,SL,CU,KC",356,0.4225352112676056,0.8166666666666667,0.398876404494382,0.5,0.90625,0.1797752808988764,0.358974358974359,0.7142857142857143,0.21910112359550563,"Spencer Horwitz","26477",687462
"Colt Emerson",2026,"FA,FC,FS,SI,CH,SL,CU,KC",318,0.5230769230769231,0.7205882352941176,0.4088050314465409,0.5588235294117647,0.8157894736842105,0.2138364779874214,0.4838709677419355,0.6,0.1949685534591195,"Colt Emerson","33575",806068
"Nathan Lukes",2026,"FA,FC,SI,CH,SL,CU",304,0.6029411764705882,0.8780487804878049,0.4473684210526316,0.6,0.9111111111111111,0.24671052631578946,0.6065573770491803,0.8378378378378378,0.20065789473684212,"Nathan Lukes","18123",664770
"Roman Anthony",2026,"FA,FC,FS,SI,CH,SL,CU",306,0.4253731343283582,0.7543859649122807,0.43790849673202614,0.48717948717948717,0.7631578947368421,0.2549019607843137,0.3392857142857143,0.7368421052631579,0.1830065359477124,"Roman Anthony","31812",701350
"Jonah Cox",2026,"FA,FC,FS,SI,CH,SL,CU,KC",331,0.5416666666666666,0.5538461538461539,0.36253776435045315,0.5932203389830508,0.5142857142857142,0.1782477341389728,0.4918032786885246,0.6,0.18429003021148035,"Jonah Cox","33270",813841
"Luis Torrens",2026,"FA,FC,FS,SI,CH,SL,CU,KC",304,0.5546875,0.7887323943661971,0.41776315789473684,0.5882352941176471,0.875,0.22039473684210525,0.5166666666666667,0.6774193548387096,0.19736842105263158,"Luis Torrens","15905",620443
"Edgar Quero",2026,"FA,FC,FS,SI,CH,SL,CU,KC",337,0.5833333333333334,0.8809523809523809,0.42729970326409494,0.7012987012987013,0.9444444444444444,0.228486646884273,0.44776119402985076,0.7666666666666667,0.19881305637982197,"Edgar Quero","28022",700337
"Tim Tawa",2026,"FA,FC,FS,SI,CH,SL,CU,KC",380,0.5398773006134969,0.7159090909090909,0.4263157894736842,0.581081081081081,0.7674418604651163,0.19210526315789472,0.5056179775280899,0.6666666666666666,0.23421052631578948,"Tim Tawa","29571",694374
"Logan O'Hoppe",2026,"FA,FC,SI,CH,SL,CU,KC",310,0.5448275862068965,0.7468354430379747,0.46774193548387094,0.6571428571428571,0.8043478260869565,0.22580645161290322,0.44,0.6666666666666666,0.24193548387096775,"Logan O'Hoppe","24729",681351
"Matt Shaw",2026,"FA,FC,FS,SI,CH,SL,CU,KC",373,0.5454545454545454,0.8333333333333334,0.4128686327077748,0.5974025974025974,0.8260869565217391,0.2064343163538874,0.4935064935064935,0.8421052631578947,0.2064343163538874,"Matt Shaw","33322",807713
"Jackson Holliday",2026,"FA,FC,FS,SI,CH,SL,CU,KC",356,0.49375,0.7215189873417721,0.449438202247191,0.5333333333333333,0.75,0.25280898876404495,0.44285714285714284,0.6774193548387096,0.19662921348314608,"Jackson Holliday","31781",702616
"Brice Matthews",2026,"FA,FC,FS,SI,CH,SL,CU,KC",377,0.5,0.5921052631578947,0.40318302387267907,0.6179775280898876,0.6545454545454545,0.23607427055702918,0.3333333333333333,0.42857142857142855,0.16710875331564987,"Brice Matthews","33280",694728
"Jasson Domínguez",2026,"FA,FC,FS,SI,CH,SL,CU",309,0.7142857142857143,0.7125,0.36245954692556637,0.7142857142857143,0.8,0.20388349514563106,0.7142857142857143,0.6,0.15857605177993528,"Jasson Dominguez","28080",691176
"Luis García Jr.",2026,"FA,FC,FS,SI,CH,SL,CU,KC",306,0.676923076923077,0.8295454545454546,0.42483660130718953,0.6956521739130435,0.8958333333333334,0.22549019607843138,0.6557377049180327,0.75,0.19934640522875818,"Luis Garcia Jr.","20391",671277
"Jorge Soler",2026,"FA,FC,FS,SI,CH,SL,CU,KC",362,0.5655172413793104,0.6463414634146342,0.4005524861878453,0.654320987654321,0.7358490566037735,0.22375690607734808,0.453125,0.4827586206896552,0.17679558011049723,"Jorge Soler","14221",624585
"Mickey Moniak",2026,"FA,FC,FS,SI,CH,SL,CU,KC",300,0.627906976744186,0.7901234567901234,0.43,0.6142857142857143,0.8372093023255814,0.23333333333333334,0.6440677966101694,0.7368421052631579,0.19666666666666666,"Mickey Moniak","19956",666160
"Konnor Griffin",2026,"FA,FC,FS,SI,CH,SL,CU",389,0.6130952380952381,0.7864077669902912,0.4318766066838046,0.6551724137931034,0.8070175438596491,0.2236503856041131,0.5679012345679012,0.7608695652173914,0.20822622107969152,"Konnor Griffin","35376",804606
"Alejandro Kirk",2026,"FA,FC,FS,SI,CH,SL,CU,KC",352,0.46496815286624205,0.821917808219178,0.4460227272727273,0.5340909090909091,0.8936170212765957,0.25,0.37681159420289856,0.6923076923076923,0.19602272727272727,"Alejandro Kirk","22581",672386
"Henry Davis",2026,"FA,FC,FS,SI,CH,SL,CU",342,0.5954198473282443,0.6794871794871795,0.3830409356725146,0.6567164179104478,0.75,0.195906432748538,0.53125,0.5882352941176471,0.1871345029239766,"Henry Davis","29617",680779
"Jake Cronenworth",2026,"FA,FC,FS,SI,CH,SL,CU,KC",366,0.5093167701863354,0.8902439024390244,0.43989071038251365,0.5384615384615384,0.9387755102040817,0.24863387978142076,0.4714285714285714,0.8181818181818182,0.1912568306010929,"Jake Cronenworth","18036",630105
"Austin Wells",2026,"FA,FC,SI,CH,SL,CU,KC",398,0.5512820512820513,0.7093023255813954,0.39195979899497485,0.5540540540540541,0.7804878048780488,0.18592964824120603,0.5487804878048781,0.6444444444444445,0.20603015075376885,"Austin Wells","27562",669224
"Esmerlyn Valdez",2026,"FA,FC,FS,SI,CH,SL,CU,KC",502,0.4520547945205479,0.6363636363636364,0.4362549800796813,0.6019417475728155,0.7096774193548387,0.2051792828685259,0.31896551724137934,0.5135135135135135,0.23107569721115537,"Esmerlyn Valdez","29005",699013
"Anthony Volpe",2026,"FA,FC,FS,SI,CH,SL,CU",387,0.4794520547945205,0.8428571428571429,0.3772609819121447,0.5375,0.8837209302325582,0.20671834625322996,0.4090909090909091,0.7777777777777778,0.17054263565891473,"Anthony Volpe","27647",683011
"Braden Montgomery",2026,"FA,FC,FS,SI,CH,SL,CU,KC",383,0.5789473684210527,0.7045454545454546,0.3968668407310705,0.6282051282051282,0.6938775510204082,0.20365535248041775,0.527027027027027,0.717948717948718,0.19321148825065274,"Braden Montgomery","35423",695731
"Marcell Ozuna",2026,"FA,FC,FS,SI,CH,SL,CU,KC",463,0.5284974093264249,0.7254901960784313,0.4168466522678186,0.5697674418604651,0.8163265306122449,0.1857451403887689,0.4953271028037383,0.6415094339622641,0.23110151187904968,"Marcell Ozuna","10324",542303
"Tommy Edman",2026,"FA,FC,FS,SI,CH,SL,CU,KC",389,0.5,0.8795180722891566,0.4267352185089974,0.5308641975308642,0.9302325581395349,0.20822622107969152,0.47058823529411764,0.825,0.2185089974293059,"Tommy Edman","19470",669242
"Denzer Guzman",2026,"FA,FC,FS,SI,CH,SL,CU,EP",408,0.6348314606741573,0.7079646017699115,0.4362745098039216,0.7222222222222222,0.676923076923077,0.22058823529411764,0.5454545454545454,0.75,0.21568627450980393,"Denzer Guzman","28816",694203
"Nathan Church",2026,"FA,FC,FS,SI,CH,SL,CU,KC",365,0.6174496644295302,0.8369565217391305,0.40821917808219177,0.7361111111111112,0.8679245283018868,0.19726027397260273,0.5064935064935064,0.7948717948717948,0.21095890410958903,"Nathan Church","31357",701675
"Tyler Freeman",2026,"FA,FC,FS,SI,CH,SL,CU,KC",385,0.5584415584415584,0.9069767441860465,0.4,0.6266666666666667,0.9361702127659575,0.19480519480519481,0.4936708860759494,0.8717948717948718,0.2051948051948052,"Tyler Freeman","22532",671289
"Sam Antonacci",2026,"FA,FC,FS,SI,CH,SL,CU,KC",444,0.41919191919191917,0.8192771084337349,0.44594594594594594,0.46534653465346537,0.8297872340425532,0.22747747747747749,0.3711340206185567,0.8055555555555556,0.21846846846846846,"Sam Antonacci","35101",803011
"Rob Refsnyder",2026,"FA,FC,FS,SI,CH,SL,CU,KC",445,0.4648648648648649,0.7558139534883721,0.4157303370786517,0.5858585858585859,0.8103448275862069,0.22247191011235956,0.32558139534883723,0.6428571428571429,0.19325842696629214,"Rob Refsnyder","13770",608701
"Alika Williams",2026,"FA,FC,FS,SI,CH,SL,CU,KC",380,0.573170731707317,0.8723404255319149,0.43157894736842106,0.6704545454545454,0.9152542372881356,0.23157894736842105,0.4605263157894737,0.8,0.2,"Alika Williams","27604",675961
"Michael Massey",2026,"FA,FC,FS,SI,CH,SL,CU",361,0.5562130177514792,0.7872340425531915,0.46814404432132967,0.6354166666666666,0.8032786885245902,0.2659279778393352,0.4520547945205479,0.7575757575757576,0.20221606648199447,"Michael Massey","27684",686681
"Jeff McNeil",2026,"FA,FC,FS,SI,CH,SL,CU",393,0.5818181818181818,0.8958333333333334,0.4198473282442748,0.7027027027027027,0.9230769230769231,0.18829516539440203,0.4835164835164835,0.8636363636363636,0.23155216284987276,"Jeff McNeil","15362",643446
"Colby Thomas",2026,"FA,FC,FS,SI,CH,SL,CU,KC",383,0.6726190476190477,0.672566371681416,0.4386422976501306,0.7682926829268293,0.8571428571428571,0.21409921671018275,0.5813953488372093,0.44,0.2245430809399478,"Colby Thomas","31855",687515
"Gleyber Torres",2026,"FA,FC,FS,SI,CH,SL,CU,KC",576,0.38016528925619836,0.75,0.4201388888888889,0.47692307692307695,0.7580645161290323,0.22569444444444445,0.26785714285714285,0.7333333333333333,0.19444444444444445,"Gleyber Torres","16997",650402
"Ryan Kreidler",2026,"FA,FC,FS,SI,CH,SL,CU,KC",417,0.5357142857142857,0.6666666666666666,0.3980815347721823,0.627906976744186,0.7222222222222222,0.2038369304556355,0.43902439024390244,0.5833333333333334,0.19424460431654678,"Ryan Kreidler","25867",668952
"Kyle Stowers",2026,"FA,FC,FS,SI,CH,SL,CU,KC",433,0.5483870967741935,0.696078431372549,0.4295612009237875,0.62,0.7580645161290323,0.23094688221709006,0.46511627906976744,0.6,0.19861431870669746,"Kyle Stowers","26151",669065
"Brady House",2026,"FA,FC,FS,SI,CH,SL,CU,KC",430,0.6379310344827587,0.7657657657657657,0.4046511627906977,0.7,0.7777777777777778,0.20930232558139536,0.5714285714285714,0.75,0.19534883720930232,"Brady House","29993",691781
"Elias Díaz",2026,"FA,FC,FS,SI,CH,SL,CU,KC",416,0.5823529411764706,0.7878787878787878,0.40865384615384615,0.625,0.7818181818181819,0.21153846153846154,0.5365853658536586,0.7954545454545454,0.1971153846153846,"Elias Diaz","11680",553869
"Troy Johnston",2026,"FA,FC,SI,CH,SL,CU,KC,EP",388,0.5843373493975904,0.8041237113402062,0.42783505154639173,0.6483516483516484,0.8813559322033898,0.2345360824742268,0.5066666666666667,0.6842105263157895,0.19329896907216496,"Troy Johnston","26143",687859
"Heliot Ramos",2026,"FA,FC,FS,SI,CH,SL,CU,KC",462,0.544973544973545,0.7184466019417476,0.4090909090909091,0.6046511627906976,0.8653846153846154,0.18614718614718614,0.49514563106796117,0.5686274509803921,0.22294372294372294,"Heliot Ramos","22515",671218
"Liam Hicks",2026,"FA,FC,FS,SI,CH,SL,CU,KC",399,0.4166666666666667,0.8285714285714286,0.42105263157894735,0.38271604938271603,0.9354838709677419,0.20300751879699247,0.4482758620689655,0.7435897435897436,0.21804511278195488,"Liam Hicks","29844",689414
"Josh Jung",2026,"FA,FC,SI,CH,SL,CU,KC",446,0.5195530726256983,0.8602150537634409,0.4013452914798206,0.6385542168674698,0.8679245283018868,0.1860986547085202,0.4166666666666667,0.85,0.21524663677130046,"Josh Jung","26299",673962
"Cedric Mullins",2026,"FA,FC,SI,CH,SL,CU,KC",480,0.5596330275229358,0.7950819672131147,0.45416666666666666,0.660377358490566,0.8,0.22083333333333333,0.4642857142857143,0.7884615384615384,0.23333333333333334,"Cedric Mullins","17929",656775
"Luisangel Acuña",2026,"FA,FC,FS,SI,CH,SL,CU,KC",374,0.632258064516129,0.7857142857142857,0.4144385026737968,0.725,0.8448275862068966,0.21390374331550802,0.5333333333333333,0.7,0.20053475935828877,"Luisangel Acuna","26548",682668
"Jeremy Peña",2026,"FA,FC,FS,SI,CH,SL,CU,KC",399,0.5903614457831325,0.7551020408163265,0.41353383458646614,0.6410256410256411,0.92,0.19548872180451127,0.5454545454545454,0.5833333333333334,0.21804511278195488,"Jeremy Pena","21636",665161
"Casey Schmitt",2026,"FA,FC,FS,SI,CH,SL,CU,KC",378,0.6267605633802817,0.7752808988764045,0.37566137566137564,0.6842105263157895,0.8076923076923077,0.20105820105820105,0.5606060606060606,0.7297297297297297,0.1746031746031746,"Casey Schmitt","27577",669477
"Weston Wilson",2026,"FA,FC,FS,SI,CH,SL,CU,KC",491,0.5502392344497608,0.6695652173913044,0.4256619144602851,0.6756756756756757,0.7466666666666667,0.22606924643584522,0.40816326530612246,0.525,0.19959266802443992,"Weston Wilson","19358",642215
"J.T. Realmuto",2026,"FA,FC,FS,SI,CH,SL,CU,KC",500,0.5669642857142857,0.8031496062992126,0.448,0.6153846153846154,0.8611111111111112,0.234,0.514018691588785,0.7272727272727273,0.214,"J.T. Realmuto","11739",592663
"Rhys Hoskins",2026,"FA,FC,FS,SI,CH,SL,CU,KC",564,0.49795918367346936,0.7295081967213115,0.43439716312056736,0.5958904109589042,0.7241379310344828,0.25886524822695034,0.35353535353535354,0.7428571428571429,0.17553191489361702,"Rhys Hoskins","16472",656555
"Eugenio Suárez",2026,"FA,FC,FS,SI,CH,SL,CU,KC",580,0.4759825327510917,0.6238532110091743,0.3931034482758621,0.512396694214876,0.7096774193548387,0.20689655172413793,0.4351851851851852,0.5106382978723404,0.18620689655172415,"Eugenio Suarez","12552",553993
"Francisco Alvarez",2026,"FA,FC,FS,SI,CH,SL,CU,KC",515,0.5616438356164384,0.6910569105691057,0.42135922330097086,0.6106194690265486,0.7101449275362319,0.21941747572815534,0.5094339622641509,0.6666666666666666,0.20194174757281552,"Francisco Alvarez","26121",682626
"Matt Vierling",2026,"FA,FC,FS,SI,CH,SL,CU,KC,EP",467,0.5282051282051282,0.8932038834951457,0.41541755888650966,0.5816326530612245,0.9473684210526315,0.20985010706638116,0.4742268041237113,0.8260869565217391,0.20556745182012848,"Matt Vierling","21558",663837
"Zack Gelof",2026,"FA,FC,FS,SI,CH,SL,CU,KC",458,0.5918367346938775,0.6810344827586207,0.4279475982532751,0.6974789915966386,0.6626506024096386,0.259825327510917,0.42857142857142855,0.7272727272727273,0.16812227074235808,"Zack Gelof","29766",680869
"Byron Buxton",2026,"FA,FC,FS,SI,CH,SL,CU,KC",433,0.6098901098901099,0.6846846846846847,0.42032332563510394,0.64,0.78125,0.23094688221709006,0.573170731707317,0.5531914893617021,0.18937644341801385,"Byron Buxton","14161",621439
"Garrett Mitchell",2026,"FA,FC,FS,SI,CH,SL,CU,KC",501,0.4230769230769231,0.6363636363636364,0.4151696606786427,0.5526315789473685,0.7142857142857143,0.2275449101796407,0.26595744680851063,0.44,0.18762475049900199,"Garrett Mitchell","27555",669003
"Austin Hedges",2026,"FA,FC,FS,SI,CH,SL,CU",470,0.460093896713615,0.8367346938775511,0.4531914893617021,0.5871559633027523,0.859375,0.23191489361702128,0.3269230769230769,0.7941176470588235,0.22127659574468084,"Austin Hedges","12976",595978
"Nolan Schanuel",2026,"FA,FC,SI,CH,SL,CU,KC",422,0.5055555555555555,0.8681318681318682,0.4265402843601896,0.5660377358490566,0.9166666666666666,0.25118483412322273,0.4189189189189189,0.7741935483870968,0.17535545023696683,"Nolan Schanuel","33189",694384
"Eli White",2026,"FA,FC,FS,SI,CH,SL,CU,KC",494,0.6260504201680672,0.7315436241610739,0.4817813765182186,0.75,0.8080808080808081,0.26720647773279355,0.4716981132075472,0.58,0.2145748987854251,"Eli White","19346",642201
"Matt McLain",2026,"FA,FC,FS,SI,CH,SL,CU,KC",507,0.5373134328358209,0.8055555555555556,0.39447731755424065,0.5925925925925926,0.84375,0.21104536489151873,0.4731182795698925,0.75,0.1834319526627219,"Matt McLain","29695",680574
"Victor Caratini",2026,"FA,FC,FS,SI,CH,SL,CU,KC",464,0.4869109947643979,0.7419354838709677,0.41163793103448276,0.5267857142857143,0.7966101694915254,0.2413793103448276,0.43037974683544306,0.6470588235294118,0.17025862068965517,"Victor Caratini","14968",605170
"Tyrone Taylor",2026,"FA,FC,FS,SI,CH,SL,CU",453,0.6290322580645161,0.811965811965812,0.4105960264900662,0.638095238095238,0.8805970149253731,0.23178807947019867,0.6172839506172839,0.72,0.17880794701986755,"Tyrone Taylor","13675",621438
"Dominic Canzone",2026,"FA,FC,FS,SI,CH,SL,CU",565,0.448,0.7678571428571429,0.4424778761061947,0.5078125,0.8307692307692308,0.22654867256637168,0.38524590163934425,0.6808510638297872,0.215929203539823,"Dominic Canzone","26438",686527
"Starling Marte",2026,"FA,FC,FS,SI,CH,SL,CU,KC",477,0.6041666666666666,0.75,0.4025157232704403,0.5922330097087378,0.819672131147541,0.21593291404612158,0.6179775280898876,0.6727272727272727,0.18658280922431866,"Starling Marte","9241",516782
"Jakob Marsee",2026,"FA,FC,FS,SI,CH,SL,CU",567,0.40160642570281124,0.79,0.43915343915343913,0.4444444444444444,0.8833333333333333,0.23809523809523808,0.3508771929824561,0.65,0.20105820105820105,"Jakob Marsee","31370",805300
"Mark Vientos",2026,"FA,FC,FS,SI,CH,SL,CU,KC",445,0.56353591160221,0.7549019607843137,0.4067415730337079,0.6504854368932039,0.835820895522388,0.23146067415730337,0.44871794871794873,0.6,0.1752808988764045,"Mark Vientos","22184",668901
"Max Muncy",2026,"FA,FC,FS,SI,CH,SL,CU,KC",527,0.5570776255707762,0.7213114754098361,0.4155597722960152,0.6031746031746031,0.8552631578947368,0.23908918406072105,0.4946236559139785,0.5,0.17647058823529413,"Max Muncy","13301",571970
"Christian Yelich",2026,"FA,FC,FS,SI,CH,SL,CU",549,0.5101214574898786,0.7936507936507936,0.44990892531876137,0.6296296296296297,0.8588235294117647,0.2459016393442623,0.36607142857142855,0.6585365853658537,0.2040072859744991,"Christian Yelich","11477",592885
"Christian Walker",2026,"FA,FC,FS,SI,CH,SL,CU,KC",555,0.5441860465116279,0.7094017094017094,0.3855855855855856,0.6574074074074074,0.7464788732394366,0.1945945945945946,0.42990654205607476,0.6521739130434783,0.19099099099099098,"Christian Walker","13419",572233
"Trent Grisham",2026,"FA,FC,SI,CH,SL,CU,KC",528,0.4236453201970443,0.872093023255814,0.38446969696969696,0.47706422018348627,0.9423076923076923,0.20643939393939395,0.3617021276595745,0.7647058823529411,0.17803030303030304,"Trent Grisham","18564",663757
"Andrés Chaparro",2026,"FA,FC,FS,SI,CH,SL,CU,KC",544,0.594017094017094,0.6906474820143885,0.43014705882352944,0.6554621848739496,0.717948717948718,0.21875,0.5304347826086957,0.6557377049180327,0.2113970588235294,"Andres Chaparro","21797",665953
"Jose Altuve",2026,"FA,FC,FS,SI,CH,SL,CU,KC",494,0.5477386934673367,0.7889908256880734,0.402834008097166,0.5950413223140496,0.7916666666666666,0.24493927125506074,0.47435897435897434,0.7837837837837838,0.15789473684210525,"Jose Altuve","5417",514888
"David Fry",2026,"FA,FC,FS,SI,CH,SL,CU,KC",662,0.503448275862069,0.7397260273972602,0.4380664652567976,0.6099290780141844,0.7558139534883721,0.21299093655589124,0.40268456375838924,0.7166666666666667,0.22507552870090636,"David Fry","24934",681807
"Carson Kelly",2026,"FA,FC,FS,SI,CH,SL,CU,KC",553,0.5598290598290598,0.8015267175572519,0.4231464737793852,0.6639344262295082,0.8765432098765432,0.2206148282097649,0.44642857142857145,0.68,0.20253164556962025,"Carson Kelly","13620",608348
"Jake Mangum",2026,"FA,FC,FS,SI,CH,SL,CU",456,0.643979057591623,0.8455284552845529,0.4166666666666667,0.7127659574468085,0.8805970149253731,0.20614035087719298,0.5773195876288659,0.8035714285714286,0.21052631578947367,"Jake Mangum","26202",663968
"Brandon Marsh",2026,"FA,FC,FS,SI,CH,SL,CU,KC",474,0.5816326530612245,0.7631578947368421,0.41350210970464135,0.5980392156862745,0.8524590163934426,0.21518987341772153,0.5638297872340425,0.660377358490566,0.19831223628691982,"Brandon Marsh","20202",669016
"Ben Williamson",2026,"FA,FC,FS,SI,CH,SL,CU,KC",529,0.5254237288135594,0.8629032258064516,0.44612476370510395,0.5714285714285714,0.8947368421052632,0.2514177693761815,0.46601941747572817,0.8125,0.1947069943289225,"Ben Williamson","33197",810938
"Curtis Mead",2026,"FA,FC,FS,SI,CH,SL,CU,KC",596,0.490272373540856,0.8492063492063492,0.4312080536912752,0.5694444444444444,0.9146341463414634,0.24161073825503357,0.3893805309734513,0.7272727272727273,0.18959731543624161,"Curtis Mead","23986",678554
"J.P. Crawford",2026,"FA,FC,FS,SI,CH,SL,CU,KC",668,0.34294871794871795,0.8691588785046729,0.46706586826347307,0.39634146341463417,0.8615384615384616,0.24550898203592814,0.28378378378378377,0.8809523809523809,0.2215568862275449,"J.P. Crawford","15491",641487
"Willy Adames",2026,"FA,FC,FS,SI,CH,SL,CU,KC",535,0.5633187772925764,0.689922480620155,0.4280373831775701,0.6260162601626016,0.7922077922077922,0.22990654205607478,0.49056603773584906,0.5384615384615384,0.19813084112149532,"Willy Adames","15986",642715
"Oswald Peraza",2026,"FA,FC,FS,SI,CH,SL,CU,KC,EP",525,0.631336405529954,0.7737226277372263,0.41333333333333333,0.680327868852459,0.7831325301204819,0.23238095238095238,0.5684210526315789,0.7592592592592593,0.18095238095238095,"Oswald Peraza","22823",672724
"Dylan Crews",2026,"FA,FC,FS,SI,CH,SL,CU,KC",503,0.6116071428571429,0.6788321167883211,0.44532803180914515,0.7203389830508474,0.7529411764705882,0.2345924453280318,0.49056603773584906,0.5576923076923077,0.21073558648111332,"Dylan Crews","33541",686611
"Edmundo Sosa",2026,"FA,FC,FS,SI,CH,SL,CU,KC",519,0.6273584905660378,0.8421052631578947,0.40847784200385356,0.660377358490566,0.9428571428571428,0.20423892100192678,0.5943396226415094,0.7301587301587301,0.20423892100192678,"Edmundo Sosa","17022",624641
"Daulton Varsho",2026,"FA,FC,SI,CH,SL,CU",519,0.6324324324324324,0.8461538461538461,0.35645472061657035,0.6534653465346535,0.8939393939393939,0.19460500963391136,0.6071428571428571,0.7843137254901961,0.16184971098265896,"Daulton Varsho","19918",662139
"Bryce Eldridge",2026,"FA,FC,FS,SI,CH,SL,CU,KC",565,0.4911504424778761,0.7207207207207207,0.4,0.5725190839694656,0.7466666666666667,0.23185840707964603,0.37894736842105264,0.6666666666666666,0.168141592920354,"Bryce Eldridge","33390",805811
"Dansby Swanson",2026,"FA,FC,FS,SI,CH,SL,CU,KC",530,0.5714285714285714,0.6666666666666666,0.39622641509433965,0.6115702479338843,0.6891891891891891,0.22830188679245284,0.5168539325842697,0.6304347826086957,0.16792452830188678,"Dansby Swanson","18314",621020
"Munetaka Murakami",2026,"FA,FC,FS,SI,CH,SL,CU,KC",740,0.49477351916376305,0.5915492957746479,0.3864864864864865,0.5900621118012422,0.631578947368421,0.21756756756756757,0.373015873015873,0.5106382978723404,0.16891891891891891,"Munetaka Murakami","37120",808959
"Dane Myers",2026,"FA,FC,FS,SI,CH,SL,CU,KC",607,0.46613545816733065,0.7863247863247863,0.4135090609555189,0.5766423357664233,0.7974683544303798,0.2257001647446458,0.3333333333333333,0.7631578947368421,0.18780889621087316,"Dane Myers","22054",667472
"Xavier Edwards",2026,"FA,FC,FS,SI,CH,SL,CU,KC",553,0.5101214574898786,0.873015873015873,0.44665461121157324,0.632,0.9113924050632911,0.22603978300180833,0.38524590163934425,0.8085106382978723,0.2206148282097649,"Xavier Edwards","22266",669364
"Gabriel Moreno",2026,"FA,FC,FS,SI,CH,SL,CU,KC",644,0.5366795366795367,0.8992805755395683,0.40217391304347827,0.6176470588235294,0.9047619047619048,0.2111801242236025,0.44715447154471544,0.8909090909090909,0.19099378881987578,"Gabriel Moreno","22664",672515
"Derek Hill",2026,"FA,FC,FS,SI,CH,SL,CU,KC",500,0.5756097560975609,0.6779661016949152,0.41,0.639344262295082,0.6666666666666666,0.244,0.4819277108433735,0.7,0.166,"Derek Hill","16947",656537
"Bryson Stott",2026,"FA,FC,FS,SI,CH,SL,CU",595,0.48031496062992124,0.8688524590163934,0.426890756302521,0.5524475524475524,0.8987341772151899,0.24033613445378152,0.38738738738738737,0.813953488372093,0.1865546218487395,"Bryson Stott","26294",681082
"Adley Rutschman",2026,"FA,FC,FS,SI,CH,SL,CU,KC",554,0.4805194805194805,0.8918918918918919,0.41696750902527074,0.5307692307692308,0.8985507246376812,0.23465703971119134,0.4158415841584158,0.8809523809523809,0.18231046931407943,"Adley Rutschman","26288",668939
"Jarren Duran",2026,"FA,FC,SI,CH,SL,CU",495,0.5678391959798995,0.6814159292035398,0.4,0.6521739130434783,0.7466666666666667,0.23030303030303031,0.4523809523809524,0.5526315789473685,0.1696969696969697,"Jarren Duran","24617",680776
"Nasim Nuñez",2026,"FA,FC,FS,SI,CH,SL,CU,KC",574,0.46956521739130436,0.75,0.40069686411149824,0.5153846153846153,0.8507462686567164,0.2264808362369338,0.41,0.5853658536585366,0.17421602787456447,"Nasim Nunez","25979",683083
"Ryan O'Hearn",2026,"FA,FC,FS,SI,CH,SL,CU,KC",521,0.5650224215246636,0.7857142857142857,0.42802303262955854,0.5916666666666667,0.7887323943661971,0.23032629558541268,0.5339805825242718,0.7818181818181819,0.19769673704414586,"Ryan O'Hearn","16442",656811
"Francisco Lindor",2026,"FA,FC,FS,SI,CH,SL,CU,KC",615,0.5812274368231047,0.8385093167701864,0.4504065040650406,0.6283783783783784,0.9354838709677419,0.24065040650406505,0.5271317829457365,0.7058823529411765,0.2097560975609756,"Francisco Lindor","12916",596019
"Teoscar Hernández",2026,"FA,FC,FS,SI,CH,SL,CU,KC",597,0.5702479338842975,0.6956521739130435,0.4053601340033501,0.603448275862069,0.6571428571428571,0.19430485762144054,0.5396825396825397,0.7352941176470589,0.21105527638190955,"Teoscar Hernandez","13066",606192
"Royce Lewis",2026,"FA,FC,FS,SI,CH,SL,CU,KC",537,0.6244343891402715,0.7318840579710145,0.41154562383612664,0.6548672566371682,0.8243243243243243,0.21042830540037244,0.5925925925925926,0.625,0.2011173184357542,"Royce Lewis","20437",668904
"Corey Seager",2026,"FA,FC,SI,CH,SL,CU,KC",540,0.6108597285067874,0.6518518518518519,0.40925925925925927,0.7454545454545455,0.7560975609756098,0.2037037037037037,0.4774774774774775,0.49056603773584906,0.20555555555555555,"Corey Seager","13624",608369
"Jared Triolo",2026,"FA,FC,FS,SI,CH,SL,CU,KC",534,0.5089285714285714,0.8245614035087719,0.4157303370786517,0.5964912280701754,0.8382352941176471,0.20973782771535582,0.41818181818181815,0.8043478260869565,0.20599250936329588,"Jared Triolo","25807",669707
"Jake Bauers",2026,"FA,FC,SI,CH,SL,CU,KC",660,0.48659003831417624,0.7165354330708661,0.39545454545454545,0.54,0.7901234567901234,0.22727272727272727,0.4144144144144144,0.5869565217391305,0.16818181818181818,"Jake Bauers","15194",641343
"Lawrence Butler",2026,"FA,FC,SI,CH,SL,CU",612,0.43609022556390975,0.7931034482758621,0.434640522875817,0.4827586206896552,0.8,0.2369281045751634,0.38016528925619836,0.782608695652174,0.1977124183006536,"Lawrence Butler","22542",671732
"Cam Smith",2026,"FA,FC,FS,SI,CH,SL,CU,KC",647,0.547244094488189,0.7913669064748201,0.3910355486862442,0.5954198473282443,0.8717948717948718,0.2009273570324575,0.4959349593495935,0.6885245901639344,0.1901081916537867,"Cam Smith","35108",701358
"Taylor Walls",2026,"FA,FC,FS,SI,CH,SL,CU,KC",567,0.5066079295154186,0.7913043478260869,0.400352733686067,0.5669291338582677,0.8333333333333334,0.2239858906525573,0.43,0.7209302325581395,0.1763668430335097,"Taylor Walls","22458",670764
"Marcus Semien",2026,"FA,FC,FS,SI,CH,SL,CU,KC",592,0.5101214574898786,0.7936507936507936,0.4172297297297297,0.6201550387596899,0.825,0.2179054054054054,0.3898305084745763,0.7391304347826086,0.19932432432432431,"Marcus Semien","12533",543760
"Andrés Giménez",2026,"FA,FC,FS,SI,CH,SL,CU,KC",491,0.6212121212121212,0.8048780487804879,0.40325865580448067,0.6632653061224489,0.8923076923076924,0.19959266802443992,0.58,0.7068965517241379,0.20366598778004075,"Andres Gimenez","19950",665926
"Tyler Soderstrom",2026,"FA,FC,FS,SI,CH,SL,CU,KC",546,0.5221238938053098,0.6949152542372882,0.4139194139194139,0.5862068965517241,0.7941176470588235,0.21245421245421245,0.45454545454545453,0.56,0.20146520146520147,"Tyler Soderstrom","27467",691016
"Isaac Collins",2026,"FA,FC,FS,SI,CH,SL,CU,KC",586,0.5038461538461538,0.7786259541984732,0.44368600682593856,0.572463768115942,0.8987341772151899,0.2354948805460751,0.4262295081967213,0.5961538461538461,0.20819112627986347,"Isaac Collins","25477",686555
"JJ Bleday",2026,"FA,FC,FS,SI,CH,SL,CU",600,0.5059760956175299,0.6850393700787402,0.41833333333333333,0.6417910447761194,0.7209302325581395,0.22333333333333333,0.3504273504273504,0.6097560975609756,0.195,"JJ Bleday","26368",668709
"Wyatt Langford",2026,"FA,FC,FS,SI,CH,SL,CU,KC",649,0.5487364620938628,0.7697368421052632,0.4268104776579353,0.6363636363636364,0.8241758241758241,0.22033898305084745,0.4552238805970149,0.6885245901639344,0.20647149460708783,"Wyatt Langford","33333",694671
"José Caballero",2026,"FA,FC,FS,SI,CH,SL,CU,KC",629,0.575187969924812,0.7516339869281046,0.42130365659777425,0.6176470588235294,0.7738095238095238,0.21462639109697934,0.5307692307692308,0.7246376811594203,0.2066772655007949,"Jose Caballero","23401",676609
"Austin Martin",2026,"FA,FC,FS,SI,CH,SL,CU,KC",667,0.39436619718309857,0.7589285714285714,0.4257871064467766,0.4935897435897436,0.8311688311688312,0.23388305847076463,0.2734375,0.6,0.191904047976012,"Austin Martin","27462",668885
"Ezequiel Duran",2026,"FA,FC,FS,SI,CH,SL,CU,KC",697,0.5929824561403508,0.7396449704142012,0.40889526542324245,0.6644736842105263,0.8118811881188119,0.21807747489239598,0.5112781954887218,0.6323529411764706,0.1908177905308465,"Ezequiel Duran","23733",677649
"Nick Kurtz",2026,"FA,FC,FS,SI,CH,SL,CU,KC",661,0.5298245614035088,0.6622516556291391,0.43116490166414523,0.5987654320987654,0.7216494845360825,0.24508320726172467,0.43902439024390244,0.5555555555555556,0.18608169440242056,"Nick Kurtz","35110",701762
"Kyle Karros",2026,"FA,FC,FS,SI,CH,SL,CU,KC",643,0.5514705882352942,0.7933333333333333,0.4230171073094868,0.6598639455782312,0.865979381443299,0.2286158631415241,0.424,0.660377358490566,0.19440124416796267,"Kyle Karros","33252",691720
"Fernando Tatis Jr.",2026,"FA,FC,FS,SI,CH,SL,CU,KC",629,0.4810606060606061,0.6771653543307087,0.41812400635930047,0.5985915492957746,0.7764705882352941,0.22575516693163752,0.3442622950819672,0.47619047619047616,0.19236883942766295,"Fernando Tatis Jr.","19709",665487
"Nolan Arenado",2026,"FA,FC,FS,SI,CH,SL,CU,KC",645,0.5785714285714286,0.8024691358024691,0.43410852713178294,0.6620689655172414,0.7916666666666666,0.2248062015503876,0.4888888888888889,0.8181818181818182,0.20930232558139536,"Nolan Arenado","9777",571448
"Isaac Paredes",2026,"FA,FC,FS,SI,CH,SL,CU,KC",660,0.5435540069686411,0.8782051282051282,0.4348484848484849,0.5947712418300654,0.8791208791208791,0.2318181818181818,0.48507462686567165,0.8769230769230769,0.20303030303030303,"Isaac Paredes","20036",670623
"Xander Bogaerts",2026,"FA,FC,FS,SI,CH,SL,CU,KC",604,0.43846153846153846,0.7456140350877193,0.4288079470198676,0.5071428571428571,0.8169014084507042,0.23013245033112584,0.35833333333333334,0.627906976744186,0.1986754966887417,"Xander Bogaerts","12161",593428
"Cole Carrigg",2026,"FA,FC,FS,SI,CH,SL,CU,KC",558,0.7174887892376681,0.8375,0.3996415770609319,0.7950819672131147,0.8865979381443299,0.21863799283154123,0.6237623762376238,0.7619047619047619,0.18100358422939067,"Cole Carrigg","33253",694249
"Manny Machado",2026,"FA,FC,FS,SI,CH,SL,CU,KC",645,0.5517241379310345,0.775,0.448062015503876,0.5902777777777778,0.8352941176470589,0.22170542635658916,0.5136986301369864,0.7066666666666667,0.22635658914728682,"Manny Machado","11493",592518
"George Springer",2026,"FA,FC,FS,SI,CH,SL,CU,KC",605,0.5451127819548872,0.7517241379310344,0.4396694214876033,0.6666666666666666,0.826530612244898,0.24297520661157024,0.3949579831932773,0.5957446808510638,0.19669421487603306,"George Springer","12856",543807
"Caleb Durbin",2026,"FA,FC,FS,SI,CH,SL,CU",610,0.5056179775280899,0.8444444444444444,0.4377049180327869,0.6089743589743589,0.8842105263157894,0.25573770491803277,0.36036036036036034,0.75,0.1819672131147541,"Caleb Durbin","29646",702332
"Ketel Marte",2026,"FA,FC,FS,SI,CH,SL,CU,KC",516,0.6555023923444976,0.8613138686131386,0.4050387596899225,0.7064220183486238,0.8571428571428571,0.21124031007751937,0.6,0.8666666666666667,0.1937984496124031,"Ketel Marte","13613",606466
"Ceddanne Rafaela",2026,"FA,FC,FS,SI,CH,SL,CU,KC",573,0.6463414634146342,0.7861635220125787,0.4293193717277487,0.6971830985915493,0.8585858585858586,0.24781849912739964,0.5769230769230769,0.6666666666666666,0.18150087260034903,"Ceddanne Rafaela","24262",678882
"José Ramírez",2026,"FA,FC,FS,SI,CH,SL,CU,KC",615,0.5212355212355212,0.8592592592592593,0.4211382113821138,0.5985401459854015,0.8658536585365854,0.22276422764227644,0.4344262295081967,0.8490566037735849,0.1983739837398374,"Jose Ramirez","13510",608070
"Javier Sanoja",2026,"FA,FC,FS,SI,CH,SL,CU,KC",512,0.5481171548117155,0.8854961832061069,0.466796875,0.5853658536585366,0.8888888888888888,0.240234375,0.5086206896551724,0.8813559322033898,0.2265625,"Javier Sanoja","28253",691594
"Travis Bazzana",2026,"FA,FC,SI,CH,SL,CU",667,0.46206896551724136,0.7388059701492538,0.4332833583208396,0.5263157894736842,0.7875,0.22638680659670166,0.391304347826087,0.6666666666666666,0.20689655172413793,"Travis Bazzana","34967",683953
"Alex Bregman",2026,"FA,FC,FS,SI,CH,SL,CU,KC",709,0.4144736842105263,0.8650793650793651,0.4287729196050776,0.5094339622641509,0.8888888888888888,0.22425952045133993,0.3103448275862069,0.8222222222222222,0.20451339915373765,"Alex Bregman","17678",608324
"José Fermín",2026,"FA,FC,FS,SI,CH,SL,CU,KC",701,0.4953271028037383,0.8930817610062893,0.4579172610556348,0.5376344086021505,0.91,0.2653352353780314,0.43703703703703706,0.864406779661017,0.19258202567760344,"Jose Fermin","21746",665877
"Kody Clemens",2026,"FA,FC,FS,SI,CH,SL,CU,EP",599,0.5238095238095238,0.803030303030303,0.42070116861435725,0.5757575757575758,0.8289473684210527,0.22036727879799667,0.4666666666666667,0.7678571428571429,0.2003338898163606,"Kody Clemens","20572",665019
"Leody Taveras",2026,"FA,FC,FS,SI,CH,SL,CU,KC",660,0.49110320284697506,0.8043478260869565,0.4257575757575758,0.5172413793103449,0.8666666666666667,0.2196969696969697,0.4632352941176471,0.7301587301587301,0.20606060606060606,"Leody Taveras","18900",665750
"Jacob Young",2026,"FA,FC,FS,SI,CH,SL,CU,KC",619,0.49624060150375937,0.8181818181818182,0.4297253634894992,0.5611510791366906,0.8461538461538461,0.2245557350565428,0.4251968503937008,0.7777777777777778,0.20516962843295639,"Jacob Young","29931",696285
"Juan Soto",2026,"FA,FC,FS,SI,CH,SL,CU,KC",599,0.5432098765432098,0.7803030303030303,0.4056761268781302,0.6176470588235294,0.8452380952380952,0.2270450751252087,0.4485981308411215,0.6666666666666666,0.17863105175292154,"Juan Soto","20123",665742
"Mike Trout",2026,"FA,FC,SI,CH,SL,CU,KC",747,0.39867109634551495,0.7833333333333333,0.4029451137884873,0.5283018867924528,0.8452380952380952,0.21285140562248997,0.2535211267605634,0.6388888888888888,0.19009370816599733,"Mike Trout","10155",545361
"Nick Loftin",2026,"FA,FC,FS,SI,CH,SL,CU,KC",630,0.45161290322580644,0.8571428571428571,0.44285714285714284,0.503448275862069,0.8904109589041096,0.23015873015873015,0.39552238805970147,0.8113207547169812,0.2126984126984127,"Nick Loftin","27630",679845
"Bobby Witt Jr.",2026,"FA,FC,FS,SI,CH,SL,CU,KC",624,0.5736434108527132,0.8243243243243243,0.41346153846153844,0.6220472440944882,0.9113924050632911,0.20352564102564102,0.5267175572519084,0.7246376811594203,0.20993589743589744,"Bobby Witt Jr.","25764",677951
"Andy Pages",2026,"FA,FC,FS,SI,CH,SL,CU,KC",646,0.5576208178438662,0.8133333333333334,0.41640866873065013,0.6470588235294118,0.8863636363636364,0.21052631578947367,0.46616541353383456,0.7096774193548387,0.20588235294117646,"Andy Pages","24816",681624
"Coby Mayo",2026,"FA,FC,FS,SI,CH,SL,CU,KC",668,0.5302491103202847,0.7449664429530202,0.42065868263473055,0.5988023952095808,0.82,0.25,0.4298245614035088,0.5918367346938775,0.17065868263473055,"Coby Mayo","28312",691723
"Nick Fortes",2026,"FA,FC,FS,SI,CH,SL,CU",578,0.6411290322580645,0.8616352201257862,0.4273356401384083,0.6906474820143885,0.8854166666666666,0.23875432525951557,0.5779816513761468,0.8253968253968254,0.18858131487889274,"Nick Fortes","21538",663743
"Jonah Heim",2026,"FA,FC,FS,SI,CH,SL,CU,KC",576,0.5912698412698413,0.7718120805369127,0.4375,0.6721311475409836,0.8536585365853658,0.21180555555555555,0.5153846153846153,0.6716417910447762,0.22569444444444445,"Jonah Heim","16930",641680
"Kazuma Okamoto",2026,"FA,FC,FS,SI,CH,SL,CU,KC",691,0.4901315789473684,0.7181208053691275,0.4399421128798842,0.6524390243902439,0.7476635514018691,0.23733719247467439,0.3,0.6428571428571429,0.20260492040520983,"Kazuma Okamoto","37123",672960
"Miguel Rojas",2026,"FA,FC,FS,SI,CH,SL,CU,KC",575,0.5774058577405857,0.8768115942028986,0.41391304347826086,0.6639344262295082,0.8888888888888888,0.21043478260869566,0.48717948717948717,0.8596491228070176,0.20347826086956522,"Miguel Rojas","7802",500743
"Jazz Chisholm Jr.",2026,"FA,FC,FS,SI,CH,SL,CU,KC",629,0.5506072874493927,0.6838235294117647,0.39109697933227344,0.5973154362416108,0.7415730337078652,0.23529411764705882,0.47959183673469385,0.574468085106383,0.15580286168521462,"Jazz Chisholm Jr.","20454",665862
"Amed Rosario",2026,"FA,FC,FS,SI,CH,SL,CU,KC",573,0.6414342629482072,0.8012422360248447,0.43804537521815007,0.6888888888888889,0.8387096774193549,0.2356020942408377,0.5862068965517241,0.75,0.2024432809773124,"Amed Rosario","15518",642708
"Ezequiel Tovar",2026,"FA,FC,FS,SI,CH,SL,CU,KC",655,0.6917293233082706,0.7336956521739131,0.40610687022900765,0.7290322580645161,0.7522123893805309,0.2366412213740458,0.6396396396396397,0.704225352112676,0.16946564885496182,"Ezequiel Tovar","24064",678662
"Mookie Betts",2026,"FA,FC,FS,SI,CH,SL,CU,KC",620,0.45564516129032256,0.9380530973451328,0.39838709677419354,0.5112781954887218,1,0.21451612903225806,0.391304347826087,0.8444444444444444,0.18387096774193548,"Mookie Betts","13611",605141
"Taylor Ward",2026,"FA,FC,FS,SI,CH,SL,CU,KC",793,0.4027777777777778,0.7724137931034483,0.45397225725094575,0.4895833333333333,0.8085106382978723,0.2421185372005044,0.30357142857142855,0.7058823529411765,0.21185372005044137,"Taylor Ward","17548",621493
"Paul Goldschmidt",2026,"FA,FC,FS,SI,CH,SL,CU,KC",755,0.4727272727272727,0.8333333333333334,0.4357615894039735,0.5393939393939394,0.8314606741573034,0.21721854304635763,0.40606060606060607,0.835820895522388,0.2185430463576159,"Paul Goldschmidt","9218",502671
"William Contreras",2026,"FA,FC,FS,SI,CH,SL,CU,KC",680,0.5036496350364964,0.7536231884057971,0.40294117647058825,0.5362318840579711,0.7972972972972973,0.20294117647058824,0.47058823529411764,0.703125,0.2,"William Contreras","20503",661388
"Otto Lopez",2026,"FA,FC,FS,SI,CH,SL,CU,KC",637,0.5376344086021505,0.82,0.4379905808477237,0.6056338028169014,0.872093023255814,0.22291993720565148,0.46715328467153283,0.75,0.2150706436420722,"Otto Lopez","19608",672640
"Austin Riley",2026,"FA,FC,FS,SI,CH,SL,CU,KC",780,0.5634674922600619,0.7087912087912088,0.4128205128205128,0.610062893081761,0.7525773195876289,0.20384615384615384,0.5182926829268293,0.6588235294117647,0.20897435897435898,"Austin Riley","18360",663586
"Salvador Perez",2026,"FA,FC,FS,SI,CH,SL,CU,KC",628,0.7103174603174603,0.8100558659217877,0.3996815286624204,0.71900826446281,0.8620689655172413,0.1926751592356688,0.7022900763358778,0.7608695652173914,0.2070063694267516,"Salvador Perez","7304",521692
"Cal Raleigh",2026,"FA,FC,FS,SI,CH,SL,CU,KC",799,0.5542521994134897,0.6878306878306878,0.425531914893617,0.5914634146341463,0.7319587628865979,0.20400500625782228,0.519774011299435,0.6413043478260869,0.22152690863579474,"Cal Raleigh","21534",663728
"Randal Grichuk",2026,"FA,FC,FS,SI,CH,SL,CU,KC",648,0.5970149253731343,0.8375,0.41358024691358025,0.6357142857142857,0.898876404494382,0.21604938271604937,0.5546875,0.7605633802816901,0.19753086419753085,"Randal Grichuk","10243",545341
"Jac Caglianone",2026,"FA,FC,SI,CH,SL,CU,KC",592,0.634703196347032,0.7697841726618705,0.36993243243243246,0.6532258064516129,0.7901234567901234,0.20945945945945946,0.6105263157894737,0.7413793103448276,0.16047297297297297,"Jac Caglianone","35041",695506
"Yordan Alvarez",2026,"FA,FC,FS,SI,CH,SL,CU,KC",666,0.5940959409594095,0.8322981366459627,0.4069069069069069,0.6381578947368421,0.9381443298969072,0.22822822822822822,0.5378151260504201,0.671875,0.17867867867867868,"Yordan Alvarez","19556",670541
"Jake McCarthy",2026,"FA,FC,FS,SI,CH,SL,CU,KC",567,0.6864406779661016,0.7839506172839507,0.4144620811287478,0.7716535433070866,0.8673469387755102,0.2239858906525573,0.5871559633027523,0.65625,0.19047619047619047,"Jake McCarthy","21622",664983
"Daylen Lile",2026,"FA,FC,FS,SI,CH,SL,CU,KC",648,0.626984126984127,0.7531645569620253,0.3888888888888889,0.644927536231884,0.7640449438202247,0.21296296296296297,0.6052631578947368,0.7391304347826086,0.17592592592592593,"Daylen Lile","29995",695734
"Ildemaro Vargas",2026,"FA,FC,FS,SI,CH,SL,CU,KC",554,0.614406779661017,0.8758620689655172,0.4259927797833935,0.627906976744186,0.8641975308641975,0.2328519855595668,0.5981308411214953,0.890625,0.1931407942238267,"Ildemaro Vargas","13324",545121
"Jonathan Aranda",2026,"FA,FC,SI,CH,SL,CU,KC",749,0.46325878594249204,0.7862068965517242,0.417890520694259,0.5028901734104047,0.7701149425287356,0.23097463284379172,0.4142857142857143,0.8103448275862069,0.18691588785046728,"Jonathan Aranda","21837",666018
"Nico Hoerner",2026,"FA,FC,FS,SI,CH,SL,CU,KC",586,0.5592592592592592,0.9006622516556292,0.46075085324232085,0.5933333333333334,0.9325842696629213,0.25597269624573377,0.5166666666666667,0.8548387096774194,0.20477815699658702,"Nico Hoerner","21479",663538
"Kyle Tucker",2026,"FA,FC,FS,SI,CH,SL,CU,KC",730,0.5509554140127388,0.8034682080924855,0.4301369863013699,0.6235294117647059,0.8301886792452831,0.2328767123287671,0.4652777777777778,0.7611940298507462,0.19726027397260273,"Kyle Tucker","18345",663656
"Hunter Goodman",2026,"FA,FC,FS,SI,CH,SL,CU,KC",723,0.6766917293233082,0.7444444444444445,0.3665283540802213,0.7481481481481481,0.7722772277227723,0.18672199170124482,0.6030534351145038,0.7088607594936709,0.1798063623789765,"Hunter Goodman","29715",696100
"Elly De La Cruz",2026,"FA,FC,FS,SI,CH,SL,CU,KC",767,0.476038338658147,0.7248322147651006,0.40808344198174706,0.5670731707317073,0.7419354838709677,0.2138200782268579,0.37583892617449666,0.6964285714285714,0.19426336375488917,"Elly De La Cruz","26668",682829
"Geraldo Perdomo",2026,"FA,FC,FS,SI,CH,SL,CU,KC",835,0.4378698224852071,0.9391891891891891,0.40479041916167663,0.5238095238095238,0.9696969696969697,0.22634730538922157,0.3288590604026846,0.8775510204081632,0.1784431137724551,"Geraldo Perdomo","22799",672695
"Jung Hoo Lee",2026,"FA,FC,FS,SI,CH,SL,CU,KC",613,0.5278810408921933,0.8802816901408451,0.43882544861337686,0.5460526315789473,0.927710843373494,0.24796084828711257,0.5042735042735043,0.8135593220338984,0.19086460032626426,"Jung Hoo Lee","33824",808982
"Jo Adell",2026,"FA,FC,FS,SI,CH,SL,CU,KC",725,0.636986301369863,0.7365591397849462,0.4027586206896552,0.6894409937888198,0.7747747747747747,0.22206896551724137,0.5725190839694656,0.68,0.18068965517241378,"Jo Adell","20220",666176
"Steven Kwan",2026,"FA,FC,FS,SI,CH,SL,CU,KC",840,0.3780821917808219,0.9057971014492754,0.43452380952380953,0.41624365482233505,0.9390243902439024,0.23452380952380952,0.3333333333333333,0.8571428571428571,0.2,"Steven Kwan","24610",680757
"Iván Herrera",2026,"FA,FC,FS,SI,CH,SL,CU,KC",935,0.5101522842639594,0.8308457711442786,0.4192513368983957,0.5970149253731343,0.8583333333333333,0.21283422459893048,0.41968911917098445,0.7901234567901234,0.20641711229946524,"Ivan Herrera","20599",671056
"Michael Busch",2026,"FA,FC,SI,CH,SL,CU,KC",773,0.4745222929936306,0.7583892617449665,0.40620957309184996,0.5828220858895705,0.7894736842105263,0.2108667529107374,0.3576158940397351,0.7037037037037037,0.19534282018111254,"Michael Busch","26319",683737
"Colson Montgomery",2026,"FA,FC,FS,SI,CH,SL,CU,KC",689,0.6328125,0.691358024691358,0.37155297532656023,0.7291666666666666,0.7523809523809524,0.20899854862119013,0.5089285714285714,0.5789473684210527,0.1625544267053701,"Colson Montgomery","29712",695657
"Dillon Dingler",2026,"FA,FC,FS,SI,CH,SL,CU,KC",764,0.565625,0.8176795580110497,0.4175392670157068,0.6375,0.8333333333333334,0.2081151832460733,0.49375,0.7974683544303798,0.2094240837696335,"Dillon Dingler","27464",693307
"Brice Turang",2026,"FA,FC,FS,SI,CH,SL,CU,KC",853,0.4301675977653631,0.7662337662337663,0.41852286049237986,0.49748743718592964,0.7474747474747475,0.23329425556858147,0.34591194968553457,0.8,0.18522860492379836,"Brice Turang","22186",668930
"Jackson Merrill",2026,"FA,FC,FS,SI,CH,SL,CU,KC",686,0.6195652173913043,0.7777777777777778,0.40233236151603496,0.6707317073170732,0.8727272727272727,0.239067055393586,0.5446428571428571,0.6065573770491803,0.16326530612244897,"Jackson Merrill","29490",701538
"Nick Gonzales",2026,"FA,FC,FS,SI,CH,SL,CU,KC",726,0.6470588235294118,0.7914438502673797,0.39807162534435264,0.7612903225806451,0.8135593220338984,0.21349862258953167,0.5149253731343284,0.7536231884057971,0.18457300275482094,"Nick Gonzales","27490",693304
"James Wood",2026,"FA,FC,FS,SI,CH,SL,CU,KC",859,0.45799457994579945,0.6390532544378699,0.42956926658905703,0.5052083333333334,0.7731958762886598,0.22351571594877764,0.4067796610169492,0.4583333333333333,0.2060535506402794,"James Wood","29518",695578
"Josh Bell",2026,"FA,FC,FS,SI,CH,SL,CU,KC",802,0.5391304347826087,0.7795698924731183,0.43017456359102246,0.6067415730337079,0.8055555555555556,0.22194513715710723,0.46706586826347307,0.7435897435897436,0.2082294264339152,"Josh Bell","13145",605137
"Brandon Lowe",2026,"FA,FC,SI,CH,SL,CU,KC",813,0.5650887573964497,0.5916230366492147,0.4157441574415744,0.5961538461538461,0.7311827956989247,0.1918819188191882,0.5384615384615384,0.45918367346938777,0.22386223862238622,"Brandon Lowe","18882",664040
"JJ Wetherholt",2026,"FA,FC,FS,SI,CH,SL,CU,KC",825,0.49853372434017595,0.8588235294117647,0.4121212121212121,0.6256684491978609,0.8717948717948718,0.22545454545454546,0.34415584415584416,0.8301886792452831,0.18666666666666668,"JJ Wetherholt","34985",802139