Season,Name,Tm,PA,GB/FB,LD%,GB%,FB%,IFFB%,HR/FB,IFH%,BUH%,Pull%,Cent%,Oppo%,Soft%,Med%,Hard%,playerId,MLBAMID,playerNameASCII
2026,"Carlos Santana","ARI",22,0.25,0.23076923,0.153846153,0.615384615,0.125,0,0,0,0.46153846,0.30769231,0.23076923,0.23076923,0.38461538,0.38461538,2396,467793,"Carlos Santana"
2026,"Tommy Pham","2 Tms",5,1,0.5,0.5,0,0,0,0,0,1,0,0,0,0,1,2967,502054,"Tommy Pham"
2026,"Giancarlo Stanton","NYY",66,0.571428571,0.266666666,0.266666666,0.466666666,0.238095238,0.095238095,0,0,0.37777778,0.42222222,0.2,0.15555556,0.55555556,0.28888889,4949,519317,"Giancarlo Stanton"
2026,"Miles Mikolas","WSN",1,0,0,0,0,0,0,0,0,0,0,1,0,1,0,9803,571945,"Miles Mikolas"
2026,"Sandy León","ATL",24,1,0.142857142,0.428571428,0.428571428,0,0,0,0,0.64285714,0.28571429,0.07142857,0.14285714,0.57142857,0.28571429,5273,506702,"Sandy Leon"
2026,"Joey Meneses","ATH",9,0.666666666,0,0.4,0.6,0.333333333,0,0,0,0.6,0,0.4,0.4,0.2,0.4,14366,608841,"Joey Meneses"
2026,"Freddie Freeman","LAD",437,1.148148148,0.261146496,0.394904458,0.343949044,0.046296296,0.101851851,0.024193548,0,0.35987261,0.34713376,0.29299363,0.12420382,0.47133758,0.4044586,5361,518692,"Freddie Freeman"
2026,"Jose Altuve","HOU",427,1.413461538,0.187702265,0.475728155,0.336569579,0.173076923,0.115384615,0.115646258,0.5,0.52076677,0.31948882,0.15974441,0.18530351,0.54632588,0.26837061,5417,514888,"Jose Altuve"
2026,"Kyle Higashioka","TEX",132,0.857142857,0.197530864,0.37037037,0.432098765,0.085714285,0.114285714,0.033333333,0.5,0.36144578,0.5060241,0.13253012,0.09638554,0.6626506,0.24096386,5517,543309,"Kyle Higashioka"
2026,"Rowdy Tellez","ATL",9,0.333333333,0.2,0.2,0.6,0,0.333333333,0,0,0.2,0.4,0.4,0,0.4,0.6,15679,642133,"Rowdy Tellez"
2026,"Salvador Perez","KCR",446,0.977941176,0.189759036,0.400602409,0.409638554,0.110294117,0.125,0.037593984,0,0.4246988,0.34036145,0.23493976,0.13554217,0.48795181,0.37650602,7304,521692,"Salvador Perez"
2026,"Travis d'Arnaud","LAA",39,1.181818181,0.076923076,0.5,0.423076923,0.09090909,0,0,0,0.23076923,0.53846154,0.23076923,0.15384615,0.57692308,0.26923077,7739,518595,"Travis d'Arnaud"
2026,"Scott Kingery","CHC",2,1,0,0.5,0.5,0,0,0,0,0.5,0.5,0,0,1,0,17975,664068,"Scott Kingery"
2026,"Miguel Rojas","LAD",84,1.391304347,0.166666666,0.484848484,0.348484848,0.217391304,0,0.0625,0,0.30985915,0.42253521,0.26760563,0.22535211,0.56338028,0.21126761,7802,500743,"Miguel Rojas"
2026,"Daz Cameron","TOR",4,0,0.666666666,0,0.333333333,0,0,0,0,0,0,1,0,1,0,18353,663662,"Daz Cameron"
2026,"Paul Goldschmidt","NYY",197,1.134615384,0.189781021,0.430656934,0.379562043,0.173076923,0.134615384,0.118644067,0,0.35766423,0.35766423,0.28467153,0.23357664,0.51094891,0.25547445,9218,502671,"Paul Goldschmidt"
2026,"Rudy Martin Jr.","TOR",2,1,0,1,0,0,0,0,0,0,1,0,1,0,0,18582,657675,"Rudy Martin Jr."
2026,"Starling Marte","KCR",42,1.625,0.275862068,0.448275862,0.275862068,0.25,0.125,0,0,0.37931034,0.55172414,0.06896552,0.17241379,0.37931034,0.44827586,9241,516782,"Starling Marte"
2026,"Andy Ibáñez","ATH",2,1,0,1,0,0,0,0,0,1,0,0,1,0,0,18819,628451,"Andy Ibanez"
2026,"Christian Vázquez","HOU",203,1.068965517,0.14893617,0.439716312,0.411347517,0.137931034,0.103448275,0.048387096,0.166666666,0.33333333,0.36734694,0.29931973,0.14285714,0.63945578,0.21768707,9774,543877,"Christian Vazquez"
2026,"José Azócar","ATL",6,2,0,0.666666666,0.333333333,0,0,0,1,0.25,0.5,0.25,0.25,0.5,0.25,18821,640492,"Jose Azocar"
2026,"Nolan Arenado","ARI",435,0.784172661,0.173333333,0.363333333,0.463333333,0.208633093,0.143884892,0.045871559,0,0.51666667,0.32333333,0.16,0.24,0.48666667,0.27333333,9777,571448,"Nolan Arenado"
2026,"Andrew McCutchen","TEX",33,2.75,0.117647058,0.647058823,0.235294117,0,0,0.181818181,0,0.52941176,0.23529412,0.23529412,0.11764706,0.47058824,0.41176471,9847,457705,"Andrew McCutchen"
2026,"Nick Solak","SDP",3,1,0.5,0.5,0,0,0,1,0,0.5,0,0.5,0.5,0,0.5,19294,669256,"Nick Solak"
2026,"Mike Trout","LAA",453,0.732142857,0.208163265,0.334693877,0.457142857,0.071428571,0.142857142,0.085365853,0,0.4,0.35102041,0.24897959,0.14693878,0.44897959,0.40408163,10155,545361,"Mike Trout"
2026,"Cristian Pache","NYM",4,1,0,0.5,0.5,1,0,0,0,0.5,0,0.5,0.5,0,0.5,19948,665506,"Cristian Pache"
2026,"Randal Grichuk","2 Tms",99,1.423076923,0.181818181,0.48051948,0.337662337,0.076923076,0.153846153,0,0,0.41558442,0.33766234,0.24675325,0.1038961,0.53246753,0.36363636,10243,545341,"Randal Grichuk"
2026,"Jared Oliva","SFG",5,0.5,0.25,0.25,0.5,0,0,0,0,0.25,0.5,0.25,0.25,0.5,0.25,19968,666931,"Jared Oliva"
2026,"Marcell Ozuna","PIT",177,0.777777777,0.245283018,0.330188679,0.424528301,0.133333333,0.088888888,0.057142857,0,0.37735849,0.3490566,0.27358491,0.17924528,0.52830189,0.29245283,10324,542303,"Marcell Ozuna"
2026,"Dylan Carlson","CHC",1,0,0,0,1,0,0,0,0,1,0,0,0,1,0,20126,666185,"Dylan Carlson"
2026,"Enrique Hernández","LAD",36,1.333333333,0.16,0.48,0.36,0,0.111111111,0.166666666,0,0.44,0.36,0.2,0.16,0.44,0.4,10472,571771,"Enrique Hernandez"
2026,"Logan Porter","2 Tms",1,0,0,0,0,0,0,0,0,0,0,0,0,0,0,20626,682515,"Logan Porter"
2026,"Gary Sánchez","MIL",148,0.945945945,0.142857142,0.416666666,0.44047619,0.135135135,0.162162162,0.028571428,0,0.47619048,0.38095238,0.14285714,0.21428571,0.47619048,0.30952381,11442,596142,"Gary Sanchez"
2026,"Luken Baker","ARI",2,0,0,0,0,0,0,0,0,0,0,0,0,0,0,21497,663609,"Luken Baker"
2026,"Christian Yelich","MIL",364,2.016666666,0.188340807,0.542600896,0.269058295,0.05,0.166666666,0.057851239,0,0.36607143,0.36607143,0.26785714,0.11607143,0.48660714,0.39732143,11477,592885,"Christian Yelich"
2026,"Johnathan Rodríguez","BAL",2,1,0,1,0,0,0,0,0,0,0,1,0,0,1,22530,671286,"Johnathan Rodriguez"
2026,"Manny Machado","SDP",510,0.88,0.163204747,0.391691394,0.445103857,0.12,0.16,0.03030303,0.5,0.40707965,0.3480826,0.24483776,0.15339233,0.50737463,0.33923304,11493,592518,"Manny Machado"
2026,"Bryce Harper","PHI",417,1.197916666,0.218518518,0.425925925,0.355555555,0.072916666,0.25,0.034782608,0,0.4,0.38518519,0.21481481,0.1037037,0.44814815,0.44814815,11579,547180,"Bryce Harper"
2026,"Willson Contreras","BOS",389,0.988888888,0.204444444,0.395555555,0.4,0.111111111,0.211111111,0.11235955,0,0.53539823,0.29646018,0.16814159,0.16814159,0.48230088,0.34955752,11609,575929,"Willson Contreras"
2026,"Michael Siani","BAL",1,1,0,1,0,0,0,0,0,1,0,0,0,1,0,22557,672279,"Michael Siani"
2026,"Elias Díaz","2 Tms",132,0.815789473,0.197674418,0.360465116,0.441860465,0.184210526,0.026315789,0.096774193,0.25,0.33333333,0.3,0.36666667,0.2,0.47777778,0.32222222,11680,553869,"Elias Diaz"
2026,"Steward Berroa","PHI",2,0,0.5,0,0.5,0,0,0,0,0,1,0,0,1,0,22766,672642,"Steward Berroa"
2026,"Nick Castellanos","SDP",88,0.869565217,0.27118644,0.33898305,0.389830508,0,0.130434782,0,0,0.52542373,0.28813559,0.18644068,0.08474576,0.57627119,0.33898305,11737,592206,"Nick Castellanos"
2026,"Blake Hunt","SDP",1,0,0,0,0,0,0,0,0,0,0,0,0,0,0,23209,675448,"Blake Hunt"
2026,"J.T. Realmuto","PHI",338,1.472222222,0.219298245,0.46491228,0.315789473,0.069444444,0.125,0.028301886,1,0.44104803,0.37117904,0.18777293,0.13537118,0.51091703,0.35371179,11739,592663,"J.T. Realmuto"
2026,"José Barrero","BAL",4,0.5,0,0.333333333,0.666666666,0.5,0,0,0,1,0,0,0.33333333,0.33333333,0.33333333,23378,676480,"Jose Barrero"
2026,"Joc Pederson","TEX",396,0.935779816,0.178988326,0.396887159,0.424124513,0.100917431,0.229357798,0.049019607,0,0.43410853,0.3372093,0.22868217,0.1124031,0.4379845,0.4496124,11899,592626,"Joc Pederson"
2026,"Luis Vázquez","BAL",0,0,0,0,0,0,0,0,0,0,0,0,0,0,0,23442,676679,"Luis Vazquez"
2026,"Max Kepler","ARI",133,0.644444444,0.195652173,0.315217391,0.489130434,0.133333333,0.044444444,0.034482758,1,0.4516129,0.33333333,0.21505376,0.1827957,0.47311828,0.34408602,12144,596146,"Max Kepler"
2026,"Jihwan Bae","MIL",2,0,0,0,0,0,0,0,0,0,0,0,0,0,0,23818,678225,"Jihwan Bae"
2026,"Xander Bogaerts","SDP",444,1.6,0.162711864,0.515254237,0.322033898,0.084210526,0.115789473,0.085526315,0,0.49830508,0.32881356,0.17288136,0.13898305,0.48813559,0.37288136,12161,593428,"Xander Bogaerts"
2026,"Marcus Semien","NYM",392,0.902439024,0.1875,0.385416666,0.427083333,0.113821138,0.089430894,0.081081081,0.5,0.49655172,0.33448276,0.16896552,0.13448276,0.56551724,0.3,12533,543760,"Marcus Semien"
2026,"Eddys Leonard","SFG",3,1,0.5,0.5,0,0,0,0,0,0.5,0,0.5,0.5,0.5,0,24151,678760,"Eddys Leonard"
2026,"Eugenio Suárez","CIN",365,0.766666666,0.239234449,0.33014354,0.430622009,0.155555555,0.222222222,0.057971014,0,0.48803828,0.32535885,0.18660287,0.18660287,0.4354067,0.37799043,12552,553993,"Eugenio Suarez"
2026,"DaShawn Keirsey Jr.","ATL",1,0,1,0,0,0,0,0,0,0,1,0,0,1,0,24496,680577,"DaShawn Keirsey Jr."
2026,"Trevor Story","BOS",189,1.104166666,0.172131147,0.434426229,0.393442622,0.166666666,0.083333333,0.150943396,1,0.4796748,0.32520325,0.19512195,0.14634146,0.56910569,0.28455285,12564,596115,"Trevor Story"
2026,"Jonah Bride","TEX",3,1,0,0.5,0.5,0,0,0,0,0,0.5,0.5,0,0.5,0.5,24703,681146,"Jonah Bride"
2026,"George Springer","TOR",358,1.326086956,0.167315175,0.474708171,0.357976653,0.086956521,0.119565217,0.090163934,0,0.42801556,0.37354086,0.19844358,0.14396887,0.48638132,0.36964981,12856,543807,"George Springer"
2026,"Randy Vásquez","SDP",1,1,0,1,0,0,0,0,0,1,0,0,0,1,0,24719,681190,"Randy Vasquez"
2026,"James McCann","ARI",100,1.16,0.19402985,0.43283582,0.373134328,0.04,0.24,0.034482758,0.333333333,0.41428571,0.32857143,0.25714286,0.05714286,0.57142857,0.37142857,12859,543510,"James McCann"
2026,"Michael Stefanic","ATH",6,3,0.2,0.6,0.2,0,0,0,0,0.4,0.4,0.2,0,0.8,0.2,25353,683021,"Michael Stefanic"
2026,"Francisco Lindor","NYM",313,0.696969696,0.192307692,0.331730769,0.475961538,0.101010101,0.151515151,0.028985507,0,0.47368421,0.31100478,0.215311,0.13875598,0.48325359,0.37799043,12916,596019,"Francisco Lindor"
2026,"Omar Martinez","LAA",3,1,0,0.5,0.5,0,0,0,0,0.5,0.5,0,0,1,0,25369,683079,"Omar Martinez"
2026,"Brandon Nimmo","TEX",443,1.035087719,0.205479452,0.404109589,0.390410958,0.026315789,0.078947368,0.059322033,0,0.34589041,0.45547945,0.19863014,0.09931507,0.41438356,0.48630137,12927,607043,"Brandon Nimmo"
2026,"Austin Hedges","CLE",117,1.333333333,0.202531645,0.455696202,0.341772151,0.148148148,0.111111111,0.027777777,0,0.43037975,0.32911392,0.24050633,0.2278481,0.53164557,0.24050633,12976,595978,"Austin Hedges"
2026,"Will Wilson","SEA",4,1,0,0.5,0.5,0,0,0,0,1,0,0,0,1,0,25434,669717,"Will Wilson"
2026,"Javier Báez","DET",135,1.545454545,0.151515151,0.515151515,0.333333333,0.181818181,0.03030303,0.019607843,0,0.48484848,0.34343434,0.17171717,0.21212121,0.5959596,0.19191919,12979,595879,"Javier Baez"
2026,"Matthew Lugo","KCR",7,0.666666666,0,0.4,0.6,0.666666666,0,0,0,0.4,0.2,0.4,0.4,0.4,0.2,25980,683090,"Matthew Lugo"
2026,"Teoscar Hernández","LAD",334,1.175,0.163461538,0.451923076,0.384615384,0.1375,0.1125,0.117021276,0,0.36057692,0.375,0.26442308,0.16826923,0.45673077,0.375,13066,606192,"Teoscar Hernandez"
2026,"Maverick Handley","BAL",1,0,0,0,0,0,0,0,0,0,0,0,0,0,0,26106,668974,"Maverick Handley"
2026,"Josh Bell","MIN",418,1.175925925,0.189655172,0.437931034,0.372413793,0.101851851,0.129629629,0.039370078,0,0.42413793,0.36551724,0.21034483,0.14827586,0.47586207,0.37586207,13145,605137,"Josh Bell"
2026,"Jorge Polanco","NYM",113,1.129032258,0.142857142,0.454545454,0.402597402,0.096774193,0.064516129,0.142857142,0,0.56410256,0.23076923,0.20512821,0.23076923,0.51282051,0.25641026,13152,593871,"Jorge Polanco"
2026,"Kyren Paris","LAA",4,0,0,0,0,0,0,0,0,0,0,0,0,0,0,26420,677347,"Kyren Paris"
2026,"Orlando Arcia","MIN",30,3,0.2,0.6,0.2,0.2,0,0.133333333,0,0.44,0.32,0.24,0.16,0.64,0.2,13185,606115,"Orlando Arcia"
2026,"Luis Matos","MIL",8,0.5,0,0.333333333,0.666666666,0.5,0,0,0,0.33333333,0.5,0.16666667,0.5,0,0.5,26467,682641,"Luis Matos"
2026,"Max Muncy","LAD",423,0.892857142,0.2,0.37735849,0.422641509,0.080357142,0.196428571,0.08,0,0.50566038,0.28301887,0.21132075,0.14339623,0.44150943,0.41509434,13301,571970,"Max Muncy"
2026,"Davis Wendzel","PIT",1,1,0,1,0,0,0,0,0,1,0,0,0,1,0,26469,673995,"Davis Wendzel"
2026,"Ildemaro Vargas","ARI",314,1.395348837,0.188976377,0.472440944,0.338582677,0.139534883,0.03488372,0.033333333,0.666666666,0.44230769,0.38076923,0.17692308,0.15384615,0.57307692,0.27307692,13324,545121,"Ildemaro Vargas"
2026,"Trei Cruz","DET",4,1,0,0.5,0.5,0,0,0,0,0.5,0,0.5,0,0.5,0.5,27569,669360,"Trei Cruz"
2026,"Luke Maile","KCR",15,2.5,0.125,0.625,0.25,0,0,0,0,0.375,0.375,0.25,0.125,0.625,0.25,13355,571912,"Luke Maile"
2026,"Aaron Sabato","MIN",3,0,0,0,1,0,0,0,0,0,1,0,0,0,1,27774,693306,"Aaron Sabato"
2026,"Christian Walker","HOU",482,1,0.163636363,0.418181818,0.418181818,0.094202898,0.159420289,0.050724637,0,0.41212121,0.33030303,0.25757576,0.15757576,0.46666667,0.37575758,13419,572233,"Christian Walker"
2026,"José Ramírez","CLE",376,0.674418604,0.211678832,0.317518248,0.470802919,0.162790697,0.054263565,0.045977011,0,0.51094891,0.35036496,0.13868613,0.18248175,0.53284672,0.28467153,13510,608070,"Jose Ramirez"
2026,"Jared Serna","MIA",8,1,0,0.5,0.5,0.333333333,0,0,0,0,0.5,0.5,0.5,0.33333333,0.16666667,28326,691858,"Jared Serna"
2026,"Patrick Wisdom","SEA",26,0.272727272,0.125,0.1875,0.6875,0,0.09090909,0,0,0.3125,0.1875,0.5,0.125,0.3125,0.5625,13602,621550,"Patrick Wisdom"
2026,"Gabriel Gonzalez","MIN",5,3,0,1,0,0,0,0.333333333,0,0.33333333,0.33333333,0.33333333,0,0.66666667,0.33333333,28833,694224,"Gabriel Gonzalez"
2026,"Mookie Betts","LAD",354,0.7265625,0.207885304,0.333333333,0.458781362,0.0859375,0.1171875,0.064516129,0,0.40143369,0.42293907,0.17562724,0.10752688,0.48028674,0.41218638,13611,605141,"Mookie Betts"
2026,"Ryan Bliss","SEA",7,1,0,0.5,0.5,0,0,0,0,0.25,0.5,0.25,0,0.75,0.25,29547,669208,"Ryan Bliss"
2026,"Ketel Marte","ARI",459,1.021428571,0.182080924,0.413294797,0.404624277,0.1,0.092857142,0.048951048,1,0.49279539,0.32564841,0.1815562,0.17579251,0.47262248,0.35158501,13613,606466,"Ketel Marte"
2026,"Carson Kelly","CHC",289,1.342465753,0.197183098,0.460093896,0.342723004,0.164383561,0.05479452,0.051020408,0,0.42253521,0.36619718,0.21126761,0.22065728,0.50704225,0.27230047,13620,608348,"Carson Kelly"
2026,"BJ Murray Jr.","CHC",4,0,0,0,1,0,0,0,0,1,0,0,0,0,1,29767,681230,"BJ Murray Jr."
2026,"Jeimer Candelario","LAA",13,1,0.25,0.375,0.375,0,0,0,0,0.625,0.125,0.25,0,0.5,0.5,13621,600869,"Jeimer Candelario"
2026,"Kenny Piper","TBR",7,0.666666666,0,0.4,0.6,0.333333333,0,0,0,0.4,0.2,0.4,0.2,0.8,0,29962,700652,"Kenny Piper"
2026,"Corey Seager","TEX",280,1.154929577,0.16847826,0.445652173,0.385869565,0.084507042,0.169014084,0.012195121,0,0.48369565,0.32608696,0.19021739,0.09782609,0.45108696,0.45108696,13624,608369,"Corey Seager"
2026,"Victor Mederos","ATL",1,1,0,1,0,0,0,1,0,1,0,0,0,0,1,31533,682989,"Victor Mederos"
2026,"Tyrone Taylor","2 Tms",122,0.853658536,0.155555555,0.388888888,0.455555555,0.073170731,0.121951219,0.057142857,0,0.52173913,0.2826087,0.19565217,0.15217391,0.56521739,0.2826087,13675,621438,"Tyrone Taylor"
2026,"Shawn Ross","PIT",5,0.5,0,0.333333333,0.666666666,0,0.5,0,0,0.66666667,0.33333333,0,0,0.66666667,0.33333333,32054,676566,"Shawn Ross"
2026,"Rob Refsnyder","SEA",21,0.333333333,0.384615384,0.153846153,0.461538461,0,0,0,0,0.57142857,0.28571429,0.14285714,0.07142857,0.71428571,0.21428571,13770,608701,"Rob Refsnyder"
2026,"Bo Davidson","SFG",7,3,0.25,0.75,0,0,0,0,0,0.25,0.75,0,0,1,0,33405,815589,"Bo Davidson"
2026,"Tyler Heineman","2 Tms",143,1.363636363,0.212121212,0.454545454,0.333333333,0.151515151,0.03030303,0.022222222,0.166666666,0.54054054,0.26126126,0.1981982,0.21621622,0.7027027,0.08108108,13897,623168,"Tyler Heineman"
2026,"Eric Haase","SFG",56,0.857142857,0.161290322,0.387096774,0.451612903,0.214285714,0.285714285,0.166666666,0,0.31428571,0.45714286,0.22857143,0.17142857,0.54285714,0.28571429,14111,606992,"Eric Haase"
2026,"Byron Buxton","MIN",293,0.583333333,0.12755102,0.321428571,0.551020408,0.203703703,0.194444444,0.158730158,0,0.51020408,0.29591837,0.19387755,0.23469388,0.41836735,0.34693878,14161,621439,"Byron Buxton"
2026,"Carlos Correa","HOU",93,1.666666666,0.238095238,0.476190476,0.285714285,0.055555555,0,0.066666666,0,0.38095238,0.3015873,0.31746032,0.14285714,0.52380952,0.33333333,14162,621043,"Carlos Correa"
2026,"Andrew Velazquez","KCR",11,0.5,0.25,0.25,0.5,0.25,0,0,0.5,0.4,0.3,0.3,0.1,0.7,0.2,14196,623205,"Andrew Velazquez"
2026,"Jorge Soler","LAA",266,1.086206896,0.176870748,0.428571428,0.394557823,0.103448275,0.172413793,0.015873015,0,0.53741497,0.28571429,0.17687075,0.19047619,0.50340136,0.30612245,14221,624585,"Jorge Soler"
2026,"Matt Olson","ATL",412,0.725190839,0.159851301,0.353159851,0.486988847,0.106870229,0.190839694,0.063157894,0,0.41263941,0.32713755,0.26022305,0.16356877,0.41263941,0.42379182,14344,621566,"Matt Olson"
2026,"Kyle Farmer","ATL",6,2,0.4,0.4,0.2,0,0,0,0,0.8,0,0.2,0.2,0.4,0.4,14813,571657,"Kyle Farmer"
2026,"Mike Yastrzemski","ATL",362,0.93,0.18907563,0.390756302,0.420168067,0.1,0.11,0.032258064,1,0.475,0.3375,0.1875,0.11666667,0.47083333,0.4125,14854,573262,"Mike Yastrzemski"
2026,"Victor Caratini","MIN",253,1.451612903,0.178378378,0.486486486,0.335135135,0.129032258,0.080645161,0.022222222,0,0.35675676,0.36756757,0.27567568,0.11351351,0.54054054,0.34594595,14968,605170,"Victor Caratini"
2026,"Ryan McMahon","NYY",295,0.974025974,0.178378378,0.405405405,0.416216216,0.064935064,0.142857142,0.04,0,0.44623656,0.32258065,0.2311828,0.11827957,0.5483871,0.33333333,15112,641857,"Ryan McMahon"
2026,"Trey Mancini","LAA",10,3,0.111111111,0.666666666,0.222222222,0,0,0,0,0.44444444,0.33333333,0.22222222,0.11111111,0.44444444,0.44444444,15149,641820,"Trey Mancini"
2026,"Mitch Garver","SEA",85,0.5,0.25,0.25,0.5,0.05,0.15,0.1,0,0.5,0.425,0.075,0.15,0.55,0.3,15161,641598,"Mitch Garver"
2026,"Jake Bauers","MIL",414,1.070588235,0.210762331,0.408071748,0.381165919,0.047058823,0.211764705,0.021978021,0,0.42600897,0.33632287,0.23766816,0.12107623,0.46636771,0.41255605,15194,641343,"Jake Bauers"
2026,"Adam Frazier","LAA",126,1.666666666,0.263157894,0.460526315,0.276315789,0,0.047619047,0.085714285,0,0.4625,0.3,0.2375,0.0875,0.6375,0.275,15223,624428,"Adam Frazier"
2026,"Austin Wynns","3 Tms",52,1.5,0.264705882,0.44117647,0.294117647,0.2,0,0.066666666,0,0.34285714,0.45714286,0.2,0.22857143,0.6,0.17142857,15271,642851,"Austin Wynns"
2026,"Jeff McNeil","ATH",404,1.083333333,0.237804878,0.396341463,0.365853658,0.1,0.075,0.046153846,1,0.42553191,0.34042553,0.23404255,0.14589666,0.53495441,0.31914894,15362,643446,"Jeff McNeil"
2026,"J.P. Crawford","SEA",324,1.023529411,0.188679245,0.410377358,0.400943396,0.164705882,0.129411764,0.011494252,1,0.37558685,0.38028169,0.24413146,0.14553991,0.49295775,0.36150235,15491,641487,"J.P. Crawford"
2026,"Amed Rosario","NYY",84,1.5,0.181818181,0.49090909,0.327272727,0.055555555,0.277777777,0.037037037,0,0.29090909,0.4,0.30909091,0.10909091,0.49090909,0.4,15518,642708,"Amed Rosario"
2026,"Aaron Judge","NYY",204,0.769230769,0.178571428,0.357142857,0.464285714,0.038461538,0.23076923,0.075,0,0.41071429,0.36607143,0.22321429,0.08928571,0.44642857,0.46428571,15640,592450,"Aaron Judge"
2026,"Dominic Smith","ATL",257,1.19402985,0.246153846,0.41025641,0.343589743,0.044776119,0.119402985,0.0125,0,0.4,0.36923077,0.23076923,0.13333333,0.55384615,0.31282051,15653,642086,"Dominic Smith"
2026,"Reese McGuire","CHW",31,1.142857142,0.210526315,0.421052631,0.368421052,0,0,0,0,0.35,0.4,0.25,0.3,0.65,0.05,15674,624512,"Reese McGuire"
2026,"Tyler O'Neill","BAL",137,0.625,0.1875,0.3125,0.5,0.15,0.05,0.12,0,0.4625,0.3875,0.15,0.1625,0.5,0.3375,15711,641933,"Tyler O'Neill"
2026,"Miguel Andujar","SDP",173,1.731707317,0.182481751,0.518248175,0.299270072,0.073170731,0.097560975,0.042253521,0,0.48175182,0.32116788,0.19708029,0.16058394,0.47445255,0.3649635,15878,609280,"Miguel Andujar"
2026,"Luis Torrens","NYM",192,1.725,0.186567164,0.514925373,0.298507462,0.075,0.125,0.057971014,0,0.31617647,0.35294118,0.33088235,0.15441176,0.50735294,0.33823529,15905,620443,"Luis Torrens"
2026,"Willy Adames","SFG",368,0.661157024,0.176229508,0.327868852,0.495901639,0.157024793,0.140495867,0.0625,0,0.47131148,0.32377049,0.20491803,0.20081967,0.46311475,0.33606557,15986,642715,"Willy Adames"
2026,"Cody Bellinger","NYY",362,0.801724137,0.196153846,0.357692307,0.446153846,0.077586206,0.103448275,0.043010752,0,0.45,0.36923077,0.18076923,0.14230769,0.50384615,0.35384615,15998,641355,"Cody Bellinger"
2026,"Austin Slater","3 Tms",9,6,0,1,0,0,0,0.666666666,0,0.83333333,0,0.16666667,0.5,0.5,0,16153,596103,"Austin Slater"
2026,"Trea Turner","PHI",456,1.177419354,0.158878504,0.45482866,0.386292834,0.112903225,0.129032258,0.075342465,0,0.35093168,0.34782609,0.30124224,0.1552795,0.51863354,0.32608696,16252,607208,"Trea Turner"
2026,"Michael Conforto","CHC",300,0.8375,0.201086956,0.364130434,0.434782608,0.075,0.1625,0.029850746,0,0.5,0.28804348,0.21195652,0.13043478,0.4673913,0.40217391,16376,624424,"Michael Conforto"
2026,"Brian Navarreto","MIA",20,1.666666666,0,0.625,0.375,0.666666666,0,0,0,0.58333333,0.08333333,0.33333333,0.16666667,0.75,0.08333333,16398,640459,"Brian Navarreto"
2026,"Ryan O'Hearn","PIT",305,0.975903614,0.222748815,0.383886255,0.393364928,0.096385542,0.168674698,0.074074074,0,0.4028436,0.32701422,0.27014218,0.15165877,0.45971564,0.38862559,16442,656811,"Ryan O'Hearn"
2026,"Rhys Hoskins","CLE",192,0.528301886,0.213592233,0.27184466,0.514563106,0.150943396,0.132075471,0.035714285,0,0.55339806,0.2815534,0.16504854,0.21359223,0.47572816,0.31067961,16472,656555,"Rhys Hoskins"
2026,"Kyle Schwarber","PHI",435,0.574074074,0.212962962,0.287037037,0.5,0.175925925,0.277777777,0.048387096,0,0.57407407,0.25,0.17592593,0.13888889,0.41666667,0.44444444,16478,656941,"Kyle Schwarber"
2026,"Matt Chapman","SFG",257,1.370967741,0.130177514,0.502958579,0.366863905,0.209677419,0.080645161,0.105882352,0,0.41420118,0.34319527,0.24260355,0.24852071,0.4556213,0.29585799,16505,656305,"Matt Chapman"
2026,"Isiah Kiner-Falefa","BOS",127,1.758620689,0.175257731,0.525773195,0.298969072,0.137931034,0.034482758,0.039215686,0,0.43,0.31,0.26,0.24,0.52,0.24,16512,643396,"Isiah Kiner-Falefa"
2026,"Mauricio Dubón","ATL",405,0.976744186,0.200626959,0.394984326,0.404388714,0.116279069,0.054263565,0.055555555,0.333333333,0.31055901,0.36335404,0.32608696,0.14906832,0.56832298,0.2826087,16530,643289,"Mauricio Dubon"
2026,"Danny Jansen","TEX",155,0.847826086,0.158415841,0.386138613,0.455445544,0.173913043,0.086956521,0.051282051,0,0.62135922,0.30097087,0.0776699,0.17475728,0.47572816,0.34951456,16535,643376,"Danny Jansen"
2026,"Ozzie Albies","ATL",418,0.708333333,0.174496644,0.342281879,0.483221476,0.118055555,0.097222222,0.049019607,0,0.5033557,0.29194631,0.20469799,0.13758389,0.56711409,0.29530201,16556,645277,"Ozzie Albies"
2026,"Connor Joe","SEA",19,1,0.454545454,0.272727272,0.272727272,0,0,0,0,0.45454545,0.18181818,0.36363636,0,0.81818182,0.18181818,16572,656582,"Connor Joe"
2026,"Yandy Díaz","TBR",481,1.92,0.195592286,0.528925619,0.275482093,0.13,0.14,0.0625,0,0.2369146,0.46556474,0.29752066,0.19008264,0.42975207,0.38016529,16578,650490,"Yandy Diaz"
2026,"Luis Urías","TOR",24,1.5,0.210526315,0.47368421,0.315789473,0.166666666,0.333333333,0,0,0.63157895,0.31578947,0.05263158,0.31578947,0.36842105,0.31578947,16622,649966,"Luis Urias"
2026,"Jose Trevino","CIN",116,1.814814814,0.164835164,0.538461538,0.296703296,0.148148148,0.185185185,0.040816326,0,0.38709677,0.38709677,0.22580645,0.15053763,0.56989247,0.27956989,16725,624431,"Jose Trevino"
2026,"Aramis Garcia","ARI",16,0.6,0.2,0.3,0.5,0,0,0,0,0.4,0.5,0.1,0.1,0.8,0.1,16925,605244,"Aramis Garcia"
2026,"Jonah Heim","2 Tms",228,1.136363636,0.170588235,0.44117647,0.388235294,0.121212121,0.045454545,0.04,0,0.43529412,0.39411765,0.17058824,0.15882353,0.5,0.34117647,16930,641680,"Jonah Heim"
2026,"Lane Thomas","2 Tms",209,0.796610169,0.196969696,0.356060606,0.446969696,0.169491525,0.101694915,0.042553191,0,0.45454545,0.35606061,0.18939394,0.21212121,0.46969697,0.31818182,16939,657041,"Lane Thomas"
2026,"Derek Hill","2 Tms",78,1.357142857,0.214285714,0.452380952,0.333333333,0.071428571,0.214285714,0.157894736,0.333333333,0.4,0.4,0.2,0.17777778,0.51111111,0.31111111,16947,656537,"Derek Hill"
2026,"Chadwick Tromp","2 Tms",33,1.714285714,0.173913043,0.52173913,0.304347826,0.142857142,0,0,0,0.41666667,0.33333333,0.25,0.16666667,0.58333333,0.25,16953,644433,"Chadwick Tromp"
2026,"Gleyber Torres","DET",292,1.546875,0.212560386,0.478260869,0.309178743,0.03125,0.09375,0.02020202,0,0.28019324,0.33816425,0.38164251,0.12560386,0.61352657,0.26086957,16997,650402,"Gleyber Torres"
2026,"Edmundo Sosa","PHI",108,1.333333333,0.202531645,0.455696202,0.341772151,0.148148148,0.074074074,0,0,0.3625,0.425,0.2125,0.175,0.5625,0.2625,17022,624641,"Edmundo Sosa"
2026,"Ramón Laureano","SDP",151,1.09090909,0.178571428,0.428571428,0.392857142,0.03030303,0.181818181,0.055555555,0,0.38095238,0.33333333,0.28571429,0.16666667,0.5,0.33333333,17128,657656,"Ramon Laureano"
2026,"Yoán Moncada","LAA",104,0.571428571,0.228070175,0.280701754,0.49122807,0.035714285,0.107142857,0.0625,0,0.45614035,0.40350877,0.14035088,0.14035088,0.50877193,0.35087719,17232,660162,"Yoan Moncada"
2026,"Jorge Mateo","2 Tms",128,1.103448275,0.186666666,0.426666666,0.386666666,0.172413793,0.103448275,0.09375,0.333333333,0.44871795,0.37179487,0.17948718,0.19230769,0.46153846,0.34615385,17273,622761,"Jorge Mateo"
2026,"Alex Jackson","MIN",48,2.833333333,0.206896551,0.586206896,0.206896551,0,0.166666666,0.117647058,0.75,0.48484848,0.33333333,0.18181818,0.09090909,0.66666667,0.24242424,17276,656577,"Alex Jackson"
2026,"Willi Castro","COL",311,0.848101265,0.219251336,0.35828877,0.422459893,0.050632911,0.139240506,0.044776119,0,0.45212766,0.31914894,0.2287234,0.13829787,0.46808511,0.39361702,17338,650489,"Willi Castro"
2026,"Rafael Devers","SFG",413,0.844827586,0.176923076,0.376923076,0.446153846,0.068965517,0.25,0.020408163,0,0.39615385,0.37692308,0.22692308,0.11538462,0.44230769,0.44230769,17350,646240,"Rafael Devers"
2026,"Jose Siri","LAA",122,1.416666666,0.205479452,0.465753424,0.328767123,0.041666666,0.125,0.147058823,0,0.42105263,0.36842105,0.21052632,0.14473684,0.53947368,0.31578947,17452,642350,"Jose Siri"
2026,"Eloy Jiménez","TOR",22,0.833333333,0.214285714,0.357142857,0.428571428,0.166666666,0,0.2,0,0.64285714,0.21428571,0.14285714,0.14285714,0.5,0.35714286,17484,650391,"Eloy Jimenez"
2026,"Taylor Ward","2 Tms",413,1.072164948,0.202380952,0.412698412,0.384920634,0.092783505,0.030927835,0.057692307,0,0.3452381,0.37698413,0.27777778,0.14285714,0.53174603,0.32539683,17548,621493,"Taylor Ward"
2026,"Myles Straw","TOR",155,1.232558139,0.219512195,0.430894308,0.349593495,0.162790697,0.023255813,0.094339622,0,0.43650794,0.34126984,0.22222222,0.14285714,0.5,0.35714286,17620,664702,"Myles Straw"
2026,"Alex Bregman","CHC",521,0.91875,0.200520833,0.3828125,0.416666666,0.15625,0.11875,0.06802721,0,0.5234375,0.31510417,0.16145833,0.171875,0.47916667,0.34895833,17678,608324,"Alex Bregman"
2026,"Vimael Machín","COL",4,2,0.333333333,0.666666666,0,0,0,0,0,1,0,0,0,0.33333333,0.66666667,17684,605353,"Vimael Machin"
2026,"Andrew Benintendi","CHW",417,0.809523809,0.2,0.357894736,0.442105263,0.079365079,0.111111111,0.06862745,1,0.52797203,0.32517483,0.14685315,0.12937063,0.5,0.37062937,17901,643217,"Andrew Benintendi"
2026,"Ian Happ","CHC",490,1,0.176895306,0.411552346,0.411552346,0.096491228,0.175438596,0.131578947,0,0.50180505,0.33574007,0.16245487,0.14440433,0.45848375,0.39711191,17919,664023,"Ian Happ"
2026,"Cedric Mullins","TBR",375,0.507352941,0.173387096,0.278225806,0.548387096,0.220588235,0.102941176,0.028985507,0.642857142,0.45801527,0.30152672,0.24045802,0.20229008,0.5,0.29770992,17929,656775,"Cedric Mullins"
2026,"Ty France","SDP",352,0.97,0.199186991,0.394308943,0.406504065,0.12,0.16,0.072164948,0,0.38617886,0.35365854,0.2601626,0.10162602,0.48373984,0.41463415,17982,664034,"Ty France"
2026,"Tyler Stephenson","CIN",347,0.836956521,0.221198156,0.354838709,0.423963133,0.086956521,0.141304347,0.09090909,0,0.33179724,0.37327189,0.29493088,0.11520737,0.47465438,0.41013825,17988,663886,"Tyler Stephenson"
2026,"Harrison Bader","SFG",87,2,0.142857142,0.571428571,0.285714285,0.0625,0.25,0.0625,0,0.53571429,0.25,0.21428571,0.14285714,0.57142857,0.28571429,18030,664056,"Harrison Bader"
2026,"Jake Cronenworth","SDP",324,1.301369863,0.172413793,0.467980295,0.359605911,0.05479452,0.08219178,0.021052631,0,0.32057416,0.40669856,0.27272727,0.11004785,0.6076555,0.28229665,18036,630105,"Jake Cronenworth"
2026,"Dylan Moore","PHI",3,0,0,0,1,0,0,0,0,0,1,0,0,1,0,18042,664238,"Dylan Moore"
2026,"Sam Haggerty","TEX",11,7,0,0.875,0.125,0,0,0.142857142,0,0.5,0.375,0.125,0.25,0.375,0.375,18054,664059,"Sam Haggerty"
2026,"Garrett Stubbs","PHI",55,1.058823529,0.102564102,0.461538461,0.435897435,0.058823529,0,0.111111111,0,0.24390244,0.43902439,0.31707317,0.19512195,0.68292683,0.12195122,18067,596117,"Garrett Stubbs"
2026,"Nathan Lukes","TOR",360,1.595505617,0.183745583,0.501766784,0.314487632,0.078651685,0.101123595,0.056338028,0.333333333,0.34602076,0.37370242,0.28027682,0.1349481,0.58477509,0.28027682,18123,664770,"Nathan Lukes"
2026,"LaMonte Wade Jr.","HOU",130,0.783783783,0.164556962,0.367088607,0.46835443,0.108108108,0.108108108,0.103448275,0.5,0.50617284,0.2345679,0.25925926,0.19753086,0.50617284,0.2962963,18126,664774,"LaMonte Wade Jr."
2026,"Brett Sullivan","COL",169,0.587301587,0.206349206,0.293650793,0.5,0.095238095,0.111111111,0.081081081,0,0.53543307,0.2992126,0.16535433,0.14173228,0.49606299,0.36220472,18217,664954,"Brett Sullivan"
2026,"Dansby Swanson","CHC",345,1.076086956,0.165938864,0.43231441,0.401746724,0.130434782,0.141304347,0.101010101,0,0.51965066,0.30131004,0.1790393,0.11790393,0.50218341,0.37991266,18314,621020,"Dansby Swanson"
2026,"Kyle Tucker","LAD",429,0.804347826,0.17,0.37,0.46,0.072463768,0.086956521,0.036036036,0,0.40666667,0.34666667,0.24666667,0.14666667,0.53,0.32333333,18345,663656,"Kyle Tucker"
2026,"Austin Riley","ATL",438,0.653846153,0.18560606,0.321969696,0.492424242,0.138461538,0.123076923,0.023529411,0,0.39393939,0.33712121,0.26893939,0.12878788,0.47348485,0.39772727,18360,663586,"Austin Riley"
2026,"Victor Robles","SEA",99,1.269230769,0.191780821,0.452054794,0.356164383,0.115384615,0,0.181818181,0.4,0.42307692,0.35897436,0.21794872,0.23076923,0.57692308,0.19230769,18363,645302,"Victor Robles"
2026,"Ryan Mountcastle","BAL",11,2.5,0.222222222,0.555555555,0.222222222,0,0,0.2,0,0.44444444,0.33333333,0.22222222,0.22222222,0.55555556,0.22222222,18373,663624,"Ryan Mountcastle"
2026,"Ronald Acuña Jr.","ATL",320,1.057471264,0.171296296,0.425925925,0.402777777,0.16091954,0.172413793,0.097826086,0,0.38888889,0.30092593,0.31018519,0.16203704,0.41203704,0.42592593,18401,660670,"Ronald Acuna Jr."
2026,"P.J. Higgins","CIN",28,0.833333333,0.352941176,0.294117647,0.352941176,0.166666666,0,0,0,0.42105263,0.21052632,0.36842105,0.21052632,0.63157895,0.15789474,18433,664731,"P.J. Higgins"
2026,"Ali Sánchez","NYY",49,1.777777777,0.264705882,0.470588235,0.264705882,0.111111111,0,0.0625,0,0.44117647,0.35294118,0.20588235,0.14705882,0.58823529,0.26470588,18551,645305,"Ali Sanchez"
2026,"Trent Grisham","NYY",348,0.888888888,0.15,0.4,0.45,0.12037037,0.138888888,0.020833333,0,0.49583333,0.33333333,0.17083333,0.11666667,0.51666667,0.36666667,18564,663757,"Trent Grisham"
2026,"Luis Arraez","2 Tms",445,0.747126436,0.24,0.325,0.435,0.068965517,0.028735632,0.038461538,0,0.319202,0.35660848,0.32418953,0.09725686,0.61097257,0.29177057,18568,650333,"Luis Arraez"
2026,"Ke'Bryan Hayes","CIN",181,0.758064516,0.174242424,0.356060606,0.469696969,0.096774193,0.064516129,0.063829787,0,0.27272727,0.45454545,0.27272727,0.11363636,0.56060606,0.32575758,18577,663647,"Ke'Bryan Hayes"
2026,"Ramón Urías","STL",60,0.904761904,0.069767441,0.441860465,0.488372093,0.142857142,0,0.105263157,0,0.37209302,0.37209302,0.25581395,0.11627907,0.76744186,0.11627907,18795,602104,"Ramon Urias"
2026,"Josh Naylor","SEA",423,1.301724137,0.205357142,0.449404761,0.345238095,0.155172413,0.060344827,0.046357615,1,0.40652819,0.34421365,0.24925816,0.17507418,0.44807122,0.3768546,18839,647304,"Josh Naylor"
2026,"Yohel Pozo","2 Tms",37,1.375,0.321428571,0.392857142,0.285714285,0.125,0.125,0,0,0.32142857,0.35714286,0.32142857,0.14285714,0.67857143,0.17857143,18848,650968,"Yohel Pozo"
2026,"Jahmai Jones","2 Tms",24,0.5,0.142857142,0.285714285,0.571428571,0.125,0,0.25,0,0.35714286,0.35714286,0.28571429,0.21428571,0.57142857,0.21428571,18872,663330,"Jahmai Jones"
2026,"Brandon Lowe","PIT",442,0.791666666,0.232142857,0.339285714,0.428571428,0.066666666,0.216666666,0.052631578,0,0.50357143,0.30357143,0.19285714,0.11071429,0.45714286,0.43214286,18882,664040,"Brandon Lowe"
2026,"Leody Taveras","BAL",320,0.731958762,0.180487804,0.346341463,0.473170731,0.082474226,0.072164948,0.070422535,0.285714285,0.40182648,0.36073059,0.23744292,0.14155251,0.55251142,0.30593607,18900,665750,"Leody Taveras"
2026,"Will Smith","LAD",191,0.528571428,0.251748251,0.258741258,0.489510489,0.057142857,0.114285714,0.108108108,0,0.3006993,0.43356643,0.26573427,0.09090909,0.57342657,0.33566434,19197,669257,"Will Smith"
2026,"Lourdes Gurriel Jr.","ARI",147,0.952380952,0.24074074,0.37037037,0.388888888,0.166666666,0.047619047,0.05,0,0.39814815,0.37037037,0.23148148,0.17592593,0.38888889,0.43518519,19238,666971,"Lourdes Gurriel Jr."
2026,"Pete Alonso","BAL",486,1.160714285,0.193333333,0.433333333,0.373333333,0.0625,0.303571428,0.03076923,0,0.37,0.37,0.26,0.08666667,0.43666667,0.47666667,19251,624413,"Pete Alonso"
2026,"Jake Fraley","TBR",87,0.620689655,0.113207547,0.339622641,0.547169811,0.206896551,0.068965517,0.055555555,0,0.49056604,0.24528302,0.26415094,0.20754717,0.56603774,0.22641509,19260,641584,"Jake Fraley"
2026,"Adolis García","PHI",191,1.153846153,0.207547169,0.424528301,0.367924528,0.153846153,0.076923076,0.044444444,0,0.38679245,0.36792453,0.24528302,0.16037736,0.44339623,0.39622642,19287,666969,"Adolis Garcia"
2026,"Randy Arozarena","SEA",469,1.615384615,0.193220338,0.498305084,0.308474576,0.054945054,0.164835164,0.06802721,0,0.37288136,0.35932203,0.26779661,0.09491525,0.50508475,0.4,19290,668227,"Randy Arozarena"
2026,"Alex Call","LAD",116,1.125,0.139240506,0.455696202,0.405063291,0.1875,0,0.055555555,0,0.35443038,0.34177215,0.30379747,0.20253165,0.60759494,0.18987342,19296,669743,"Alex Call"
2026,"Donovan Walton","2 Tms",242,1.047619047,0.208588957,0.404907975,0.386503067,0.015873015,0.126984126,0.03030303,0.333333333,0.5,0.27710843,0.22289157,0.09036145,0.58433735,0.3253012,19314,622268,"Donovan Walton"
2026,"Bryan Reynolds","PIT",454,1.284210526,0.208029197,0.445255474,0.346715328,0.010526315,0.105263157,0.032786885,0,0.41605839,0.33576642,0.24817518,0.10218978,0.51824818,0.37956204,19326,668804,"Bryan Reynolds"
2026,"Nicky Lopez","2 Tms",208,2.733333333,0.232876712,0.561643835,0.205479452,0.066666666,0.033333333,0.060975609,0.2,0.3525641,0.41025641,0.23717949,0.14102564,0.59615385,0.26282051,19339,670032,"Nicky Lopez"
2026,"Eli White","2 Tms",88,1.85,0.173913043,0.536231884,0.289855072,0.1,0.1,0.081081081,0.75,0.43835616,0.32876712,0.23287671,0.1369863,0.57534247,0.28767123,19346,642201,"Eli White"
2026,"Sean Murphy","ATL",83,2.23076923,0.176470588,0.56862745,0.25490196,0.076923076,0.153846153,0.103448275,0,0.52941176,0.33333333,0.1372549,0.19607843,0.39215686,0.41176471,19352,669221,"Sean Murphy"
2026,"Luke Raley","SEA",260,0.757575757,0.226666666,0.333333333,0.44,0.106060606,0.227272727,0.02,0.75,0.45454545,0.26623377,0.27922078,0.12337662,0.44805195,0.42857143,19354,670042,"Luke Raley"
2026,"Weston Wilson","2 Tms",65,0.928571428,0.25,0.361111111,0.388888888,0.142857142,0.071428571,0,0,0.47222222,0.27777778,0.25,0.16666667,0.61111111,0.22222222,19358,642215,"Weston Wilson"
2026,"Austin Hays","2 Tms",47,2,0.15625,0.5625,0.28125,0,0.111111111,0,0,0.53125,0.25,0.21875,0.1875,0.46875,0.34375,19363,669720,"Austin Hays"
2026,"Zach McKinstry","DET",332,0.91,0.207468879,0.37759336,0.414937759,0.03,0.04,0.076923076,0,0.39506173,0.34567901,0.25925926,0.16049383,0.58847737,0.25102881,19392,656716,"Zach McKinstry"
2026,"Brian Serven","ATH",48,0.916666666,0.233333333,0.366666666,0.4,0,0.25,0,0,0.36666667,0.53333333,0.1,0.16666667,0.5,0.33333333,19422,661531,"Brian Serven"
2026,"Jake Rogers","4 Tms",126,0.735294117,0.157142857,0.357142857,0.485714285,0.147058823,0.058823529,0.04,0,0.5,0.29166667,0.20833333,0.11111111,0.625,0.26388889,19452,668670,"Jake Rogers"
2026,"Andruw Monasterio","BOS",216,0.702702702,0.192307692,0.333333333,0.474358974,0.135135135,0.013513513,0.096153846,0,0.44654088,0.27672956,0.27672956,0.17610063,0.51572327,0.3081761,19455,655316,"Andruw Monasterio"
2026,"Tommy Edman","LAD",215,1.032786885,0.184210526,0.414473684,0.401315789,0.098360655,0.06557377,0.047619047,0,0.41290323,0.3483871,0.23870968,0.13548387,0.53548387,0.32903226,19470,669242,"Tommy Edman"
2026,"Andrew Knizner","SFG",30,0.666666666,0.285714285,0.285714285,0.428571428,0.111111111,0.111111111,0,0,0.52380952,0.33333333,0.14285714,0.14285714,0.42857143,0.42857143,19514,668800,"Andrew Knizner"
2026,"TJ Friedl","CIN",234,0.779411764,0.153846153,0.37062937,0.475524475,0.088235294,0.058823529,0.018867924,0.333333333,0.41290323,0.35483871,0.23225806,0.10967742,0.69677419,0.19354839,19522,670770,"TJ Friedl"
2026,"Yordan Alvarez","HOU",500,0.552631578,0.238709677,0.270967741,0.49032258,0.059210526,0.203947368,0.047619047,0,0.41612903,0.31935484,0.26451613,0.08709677,0.40645161,0.50645161,19556,670541,"Yordan Alvarez"
2026,"Zack Short","2 Tms",35,0.333333333,0.111111111,0.222222222,0.666666666,0.166666666,0,0,0,0.47368421,0.36842105,0.15789474,0.15789474,0.52631579,0.31578947,19562,670097,"Zack Short"
2026,"Nathaniel Lowe","2 Tms",374,0.978723404,0.25,0.370967741,0.379032258,0.085106382,0.180851063,0.032608695,0,0.37903226,0.375,0.24596774,0.10887097,0.50403226,0.38709677,19566,663993,"Nathaniel Lowe"
2026,"Bryan De La Cruz","PHI",41,1.4,0.225806451,0.451612903,0.322580645,0.1,0.1,0.142857142,0,0.32258065,0.35483871,0.32258065,0.16129032,0.51612903,0.32258065,19600,650559,"Bryan De La Cruz"
2026,"Otto Lopez","MIA",512,1.598425196,0.175,0.5075,0.3175,0.086614173,0.062992125,0.113300492,1,0.3573201,0.40694789,0.23573201,0.13647643,0.50124069,0.36228288,19608,672640,"Otto Lopez"
2026,"Keibert Ruiz","WSN",254,0.686868686,0.233944954,0.311926605,0.45412844,0.121212121,0.07070707,0.058823529,0,0.60273973,0.23287671,0.16438356,0.15525114,0.52968037,0.31506849,19610,660688,"Keibert Ruiz"
2026,"Vladimir Guerrero Jr.","TOR",451,1.566371681,0.18079096,0.5,0.319209039,0.115044247,0.044247787,0.073446327,0,0.38700565,0.38700565,0.2259887,0.1779661,0.45762712,0.36440678,19611,665489,"Vladimir Guerrero Jr."
2026,"Bo Bichette","NYM",492,1.63063063,0.204359673,0.49318801,0.302452316,0.054054054,0.09009009,0.071823204,0,0.25885559,0.35149864,0.38964578,0.13351499,0.52588556,0.34059946,19612,666182,"Bo Bichette"
2026,"Brent Rooker","ATH",154,0.765957446,0.107526881,0.387096774,0.505376344,0.063829787,0.170212765,0.138888888,0,0.37634409,0.3655914,0.25806452,0.12903226,0.41935484,0.4516129,19627,667670,"Brent Rooker"
2026,"Daniel Johnson","HOU",13,1.333333333,0.125,0.5,0.375,0,0,0,0,0.5,0.375,0.125,0.125,0.5,0.375,19643,669288,"Daniel Johnson"
2026,"Fernando Tatis Jr.","SDP",538,1.469230769,0.170542635,0.493540051,0.335917312,0.076923076,0.123076923,0.104712041,0.5,0.35475578,0.38046272,0.26478149,0.14652956,0.43187661,0.42159383,19709,665487,"Fernando Tatis Jr."
2026,"Carlos Narváez","2 Tms",208,0.795918367,0.207207207,0.351351351,0.441441441,0.122448979,0.061224489,0.076923076,0.1,0.37190083,0.36363636,0.26446281,0.14876033,0.52892562,0.32231405,19722,665966,"Carlos Narvaez"
2026,"Josh Rojas","KCR",88,0.722222222,0.126760563,0.366197183,0.507042253,0.138888888,0.027777777,0.038461538,0,0.31944444,0.38888889,0.29166667,0.13888889,0.55555556,0.30555556,19734,668942,"Josh Rojas"
2026,"Shohei Ohtani","LAD",409,1.162790697,0.231404958,0.41322314,0.3553719,0.03488372,0.209302325,0.05,0,0.51652893,0.26033058,0.2231405,0.09090909,0.40495868,0.50413223,19755,660271,"Shohei Ohtani"
2026,"Jhonny Pereda","SEA",65,1.461538461,0.346938775,0.387755102,0.265306122,0.076923076,0.076923076,0.052631578,0,0.28571429,0.3877551,0.32653061,0.18367347,0.55102041,0.26530612,19802,640902,"Jhonny Pereda"
2026,"Chuckie Robinson","LAD",17,1,0.111111111,0.444444444,0.444444444,0.5,0,0,0,0.30769231,0.30769231,0.38461538,0.15384615,0.61538462,0.23076923,19824,642020,"Chuckie Robinson"
2026,"Luis Rengifo","2 Tms",220,2.463414634,0.159763313,0.597633136,0.24260355,0.073170731,0.073170731,0.03960396,0.333333333,0.37209302,0.33139535,0.29651163,0.19767442,0.55232558,0.25,19858,650859,"Luis Rengifo"
2026,"Tristan Gray","MIN",168,0.837209302,0.261682242,0.336448598,0.401869158,0.162790697,0.069767441,0.083333333,1,0.44954128,0.31192661,0.23853211,0.18348624,0.52293578,0.29357798,19877,656484,"Tristan Gray"
2026,"Pavin Smith","ARI",108,0.9375,0.150684931,0.410958904,0.438356164,0.125,0.09375,0,0,0.42465753,0.23287671,0.34246575,0.16438356,0.46575342,0.36986301,19892,656976,"Pavin Smith"
2026,"Connor Wong","BOS",166,1.548387096,0.202020202,0.484848484,0.313131313,0.096774193,0.032258064,0.083333333,0,0.49019608,0.24509804,0.26470588,0.18627451,0.52941176,0.28431373,19896,657136,"Connor Wong"
2026,"Gavin Sheets","SDP",341,0.979797979,0.144104803,0.423580786,0.43231441,0.151515151,0.161616161,0.020618556,0,0.43231441,0.28820961,0.27947598,0.2139738,0.44978166,0.33624454,19901,657757,"Gavin Sheets"
2026,"Jesús Sánchez","2 Tms",280,1.176470588,0.212765957,0.425531914,0.361702127,0.088235294,0.117647058,0.0375,0,0.34042553,0.40957447,0.25,0.13829787,0.46276596,0.39893617,19913,660821,"Jesus Sanchez"
2026,"Daulton Varsho","2 Tms",391,0.8203125,0.161870503,0.377697841,0.460431654,0.1171875,0.078125,0.095238095,0,0.39784946,0.40501792,0.19713262,0.18637993,0.47670251,0.33691756,19918,662139,"Daulton Varsho"
2026,"Blake Perkins","MIL",42,1.625,0.086956521,0.565217391,0.347826086,0.125,0,0.076923076,0.5,0.44,0.24,0.32,0.24,0.6,0.16,19921,663368,"Blake Perkins"
2026,"Andrés Giménez","TOR",359,1.083333333,0.23076923,0.4,0.369230769,0.104166666,0.0625,0.038461538,0.25,0.44318182,0.26893939,0.28787879,0.14772727,0.5719697,0.28030303,19950,665926,"Andres Gimenez"
2026,"Josh Lowe","LAA",285,0.646341463,0.210526315,0.30994152,0.479532163,0.073170731,0.146341463,0,0.75,0.34285714,0.38285714,0.27428571,0.09142857,0.56,0.34857143,19953,666139,"Josh Lowe"
2026,"Mickey Moniak","COL",344,0.681415929,0.188034188,0.329059829,0.482905982,0.123893805,0.17699115,0.012987012,0,0.52991453,0.30769231,0.16239316,0.09401709,0.51282051,0.39316239,19956,666160,"Mickey Moniak"
2026,"Taylor Trammell","HOU",241,0.720588235,0.133333333,0.362962962,0.503703703,0.117647058,0.117647058,0.061224489,0.5,0.49635036,0.31386861,0.18978102,0.18248175,0.44525547,0.37226277,19960,666211,"Taylor Trammell"
2026,"Santiago Espinal","LAD",24,8,0.526315789,0.421052631,0.052631578,0,0,0,0,0.35,0.5,0.15,0.15,0.6,0.25,19997,669289,"Santiago Espinal"
2026,"Bryce Johnson","SDP",36,1,0.222222222,0.388888888,0.388888888,0.285714285,0,0,0.333333333,0.33333333,0.28571429,0.38095238,0.28571429,0.61904762,0.0952381,20002,669369,"Bryce Johnson"
2026,"Miles Mastrobuoni","SEA",28,1,0.125,0.4375,0.4375,0,0,0,0,0.3125,0.5625,0.125,0,0.8125,0.1875,20017,670156,"Miles Mastrobuoni"
2026,"Isaac Paredes","HOU",493,0.63583815,0.211699164,0.306406685,0.48189415,0.173410404,0.115606936,0.063636363,0,0.48467967,0.28969359,0.22562674,0.19498607,0.51810585,0.28690808,20036,670623,"Isaac Paredes"
2026,"Luis Robert Jr.","2 Tms",162,0.977272727,0.171428571,0.409523809,0.419047619,0.204545454,0.136363636,0.116279069,0,0.45714286,0.3047619,0.23809524,0.21904762,0.4952381,0.28571429,20043,673357,"Luis Robert Jr."
2026,"J.C. Escarra","NYY",71,1.421052631,0.061224489,0.551020408,0.387755102,0.105263157,0,0.037037037,0,0.28,0.54,0.18,0.08,0.6,0.32,20084,641555,"J.C. Escarra"
2026,"Juan Soto","NYM",310,0.89010989,0.169082125,0.391304347,0.439613526,0.12087912,0.23076923,0.012345679,0.5,0.42105263,0.40191388,0.17703349,0.11483254,0.4354067,0.44976077,20123,665742,"Juan Soto"
2026,"Miguel Vargas","CHW",493,0.590643274,0.178247734,0.305135951,0.516616314,0.105263157,0.122807017,0.128712871,0,0.48036254,0.32628399,0.19335347,0.16616314,0.4592145,0.37462236,20178,678246,"Miguel Vargas"
2026,"Brandon Marsh","PHI",431,1.089285714,0.237785016,0.397394136,0.364820846,0.0625,0.133928571,0.008196721,0,0.39158576,0.34951456,0.25889968,0.10355987,0.53721683,0.3592233,20202,669016,"Brandon Marsh"
2026,"Jo Adell","2 Tms",463,1.04,0.185303514,0.415335463,0.399361022,0.128,0.072,0.053846153,0,0.42811502,0.33226837,0.23961661,0.19808307,0.44728435,0.35463259,20220,666176,"Jo Adell"
2026,"Ben Rortvedt","LAD",15,1,0.142857142,0.428571428,0.428571428,0,0,0,0,0.22222222,0.44444444,0.33333333,0,0.88888889,0.11111111,20287,666163,"Ben Rortvedt"
2026,"Jake Meyers","HOU",98,1.192307692,0.185714285,0.442857142,0.371428571,0.153846153,0.076923076,0.129032258,0,0.4,0.34285714,0.25714286,0.2,0.52857143,0.27142857,20308,676694,"Jake Meyers"
2026,"Stuart Fairchild","2 Tms",5,1,0,1,0,0,0,0,0,0,1,0,0,0,1,20321,656413,"Stuart Fairchild"
2026,"Ernie Clement","TOR",415,0.952702702,0.19273743,0.393854748,0.413407821,0.108108108,0.033783783,0.085106382,0.666666666,0.43490305,0.35734072,0.20775623,0.16897507,0.5900277,0.24099723,20352,676391,"Ernie Clement"
2026,"Luis García Jr.","2 Tms",456,1.139534883,0.222535211,0.414084507,0.363380281,0.116279069,0.209302325,0.027210884,1,0.43539326,0.35393258,0.21067416,0.12078652,0.47191011,0.40730337,20391,671277,"Luis Garcia Jr."
2026,"Jared Young","NYM",280,1.233766233,0.156862745,0.465686274,0.37745098,0.064935064,0.116883116,0.084210526,0.5,0.44660194,0.37864078,0.17475728,0.12135922,0.52427184,0.35436893,20404,676724,"Jared Young"
2026,"Royce Lewis","MIN",360,0.675438596,0.18025751,0.330472103,0.489270386,0.236842105,0.087719298,0.051948051,0,0.50214592,0.32188841,0.17596567,0.20600858,0.472103,0.32188841,20437,668904,"Royce Lewis"
2026,"Brewer Hicklen","ATL",34,2.333333333,0.285714285,0.5,0.214285714,0,0,0.285714285,0,0.5,0.5,0,0.07142857,0.57142857,0.35714286,20450,676551,"Brewer Hicklen"
2026,"Jazz Chisholm Jr.","NYY",372,1.081395348,0.186363636,0.422727272,0.39090909,0.104651162,0.162790697,0.05376344,0.6,0.54666667,0.28,0.17333333,0.12,0.50222222,0.37777778,20454,665862,"Jazz Chisholm Jr."
2026,"William Contreras","MIL",455,0.972789115,0.164265129,0.412103746,0.423631123,0.1292517,0.095238095,0.076923076,0,0.38616715,0.39481268,0.21902017,0.16714697,0.47838617,0.35446686,20503,661388,"William Contreras"
2026,"Nick Madrigal","2 Tms",41,1.6,0.212121212,0.484848484,0.303030303,0,0,0.125,0,0.33333333,0.36363636,0.3030303,0.18181818,0.57575758,0.24242424,20521,663611,"Nick Madrigal"
2026,"Vidal Bruján","NYM",9,0.666666666,0,0.4,0.6,0,0,0,0.5,0.28571429,0.42857143,0.28571429,0.28571429,0.57142857,0.14285714,20536,660644,"Vidal Brujan"
2026,"Kody Clemens","MIN",418,0.759398496,0.195876288,0.347079037,0.457044673,0.075187969,0.165413533,0.06930693,0,0.46917808,0.2739726,0.25684932,0.0890411,0.48630137,0.42465753,20572,665019,"Kody Clemens"
2026,"Iván Herrera","STL",492,1.795918367,0.164634146,0.536585365,0.298780487,0.173469387,0.122448979,0.045454545,0,0.39329268,0.39939024,0.20731707,0.18902439,0.49390244,0.31707317,20599,671056,"Ivan Herrera"
2026,"Rodolfo Durán","SDP",72,0.909090909,0.125,0.416666666,0.458333333,0.136363636,0.136363636,0.1,0,0.46938776,0.28571429,0.24489796,0.20408163,0.57142857,0.2244898,20958,660710,"Rodolfo Duran"
2026,"Leo Rivas","SEA",95,0.894736842,0.307692307,0.326923076,0.365384615,0,0,0,0,0.42307692,0.36538462,0.21153846,0.09615385,0.71153846,0.19230769,21009,660844,"Leo Rivas"
2026,"Lars Nootbaar","2 Tms",275,1.23880597,0.184782608,0.451086956,0.364130434,0.044776119,0.104477611,0.036144578,1,0.40540541,0.38378378,0.21081081,0.0972973,0.49189189,0.41081081,21454,663457,"Lars Nootbaar"
2026,"Bryan Torres","STL",156,1.157894736,0.226415094,0.415094339,0.358490566,0.052631578,0.105263157,0.068181818,0,0.51886792,0.27358491,0.20754717,0.09433962,0.59433962,0.31132075,21464,663494,"Bryan Torres"
2026,"Nico Hoerner","CHC",514,1.307692307,0.232558139,0.43488372,0.332558139,0.097902097,0.034965034,0.069518716,1,0.32946636,0.38283063,0.28770302,0.17401392,0.53596288,0.2900232,21479,663538,"Nico Hoerner"
2026,"Hayden Senger","NYM",16,1.666666666,0.111111111,0.555555555,0.333333333,0,0.333333333,0,0,0.41666667,0.16666667,0.41666667,0.16666667,0.75,0.08333333,21489,663584,"Hayden Senger"
2026,"Brandon Lockridge","MIL",65,4.142857142,0.1,0.725,0.175,0.142857142,0,0.103448275,0.666666666,0.25581395,0.53488372,0.20930233,0.18604651,0.58139535,0.23255814,21496,663604,"Brandon Lockridge"
2026,"Trevor Larnach","MIN",378,0.946902654,0.188191881,0.394833948,0.416974169,0.097345132,0.097345132,0.06542056,0,0.45756458,0.35424354,0.18819188,0.15867159,0.54243542,0.29889299,21501,663616,"Trevor Larnach"
2026,"Jonathan India","KCR",35,0.333333333,0.130434782,0.217391304,0.652173913,0.266666666,0.066666666,0.2,0,0.39130435,0.34782609,0.26086957,0.2173913,0.43478261,0.34782609,21523,663697,"Jonathan India"
2026,"Joey Bart","3 Tms",62,0.888888888,0.170731707,0.390243902,0.43902439,0,0.166666666,0.0625,0,0.51219512,0.29268293,0.19512195,0.19512195,0.51219512,0.29268293,21524,663698,"Joey Bart"
2026,"Cal Raleigh","SEA",330,0.333333333,0.135135135,0.216216216,0.648648648,0.141666666,0.116666666,0.05,0,0.4972973,0.26486486,0.23783784,0.18918919,0.45945946,0.35135135,21534,663728,"Cal Raleigh"
2026,"Nick Fortes","TBR",154,1.547619047,0.144,0.52,0.336,0.166666666,0.095238095,0.169230769,0,0.55905512,0.29133858,0.1496063,0.22834646,0.42519685,0.34645669,21538,663743,"Nick Fortes"
2026,"Matt Vierling","DET",172,0.734375,0.146153846,0.361538461,0.492307692,0.140625,0.046875,0.021276595,0,0.32061069,0.4351145,0.24427481,0.20610687,0.50381679,0.29007634,21558,663837,"Matt Vierling"
2026,"Romy Gonzalez","BOS",33,2.4,0.19047619,0.571428571,0.238095238,0.2,0,0.083333333,0,0.18181818,0.40909091,0.40909091,0.27272727,0.40909091,0.31818182,21562,663853,"Romy Gonzalez"
2026,"César Salazar","HOU",17,1.333333333,0.222222222,0.444444444,0.333333333,0,0,0,0,0.6,0.3,0.1,0,0.6,0.4,21587,663967,"Cesar Salazar"
2026,"Kyle Isbel","KCR",242,1.095238095,0.164556962,0.43670886,0.398734177,0.111111111,0.079365079,0.014492753,0.307692307,0.33918129,0.33333333,0.32748538,0.16374269,0.5497076,0.28654971,21614,664728,"Kyle Isbel"
2026,"Alec Bohm","PHI",430,1.683673469,0.183229813,0.51242236,0.304347826,0.071428571,0.081632653,0.036363636,0,0.28571429,0.44099379,0.27329193,0.10869565,0.55900621,0.33229814,21618,664761,"Alec Bohm"
2026,"Jake McCarthy","COL",412,1.213592233,0.24,0.416666666,0.343333333,0.097087378,0.106796116,0.04,0.388888888,0.37421384,0.3836478,0.24213836,0.12578616,0.57861635,0.29559748,21622,664983,"Jake McCarthy"
2026,"Griffin Conine","MIA",251,1.09090909,0.178571428,0.428571428,0.392857142,0.145454545,0.309090909,0.066666666,0,0.45,0.39285714,0.15714286,0.19285714,0.35714286,0.45,21626,665052,"Griffin Conine"
2026,"Jeremy Peña","HOU",361,1.164835164,0.208835341,0.425702811,0.365461847,0.087912087,0.197802197,0.075471698,0,0.4939759,0.29317269,0.21285141,0.13654618,0.5060241,0.35742972,21636,665161,"Jeremy Pena"
2026,"Rafael Marchán","PHI",65,0.535714285,0.173076923,0.288461538,0.538461538,0.285714285,0.035714285,0.066666666,0,0.38461538,0.38461538,0.23076923,0.21153846,0.55769231,0.23076923,21646,665561,"Rafael Marchan"
2026,"Miguel Amaya","CHC",175,0.62,0.15625,0.322916666,0.520833333,0.16,0.1,0.096774193,0,0.3814433,0.40206186,0.21649485,0.20618557,0.49484536,0.29896907,21693,665804,"Miguel Amaya"
2026,"Oswaldo Cabrera","2 Tms",15,7,0.125,0.875,0,0,0,0,0,0.4,0.3,0.3,0.1,0.6,0.3,21707,665828,"Oswaldo Cabrera"
2026,"Oneil Cruz","PIT",279,1.375,0.125,0.506578947,0.368421052,0.053571428,0.285714285,0.09090909,0,0.41447368,0.41447368,0.17105263,0.13815789,0.42105263,0.44078947,21711,665833,"Oneil Cruz"
2026,"Sebastián Rivero","LAA",43,0.909090909,0.322580645,0.322580645,0.354838709,0.09090909,0,0,0,0.32258065,0.4516129,0.22580645,0.32258065,0.48387097,0.19354839,21735,665861,"Sebastian Rivero"
2026,"José Fermín","STL",202,1.307692307,0.215686274,0.444444444,0.339869281,0.192307692,0.038461538,0.117647058,0,0.48701299,0.35714286,0.15584416,0.18181818,0.54545455,0.27272727,21746,665877,"Jose Fermin"
2026,"Esteury Ruiz","MIA",127,0.913043478,0.3125,0.328125,0.359375,0.304347826,0.086956521,0.19047619,0.5,0.51428571,0.27142857,0.21428571,0.24285714,0.6,0.15714286,21780,665923,"Esteury Ruiz"
2026,"Andrés Chaparro","WSN",81,0.769230769,0.163636363,0.363636363,0.472727272,0.269230769,0.153846153,0.1,0,0.49090909,0.30909091,0.2,0.21818182,0.47272727,0.30909091,21797,665953,"Andres Chaparro"
2026,"Jonathan Aranda","TBR",472,0.864,0.241042345,0.35179153,0.407166123,0.032,0.152,0.046296296,0,0.33224756,0.38436482,0.28338762,0.1009772,0.47557003,0.42345277,21837,666018,"Jonathan Aranda"
2026,"Freddy Fermin","SDP",187,1,0.223140495,0.388429752,0.388429752,0.106382978,0.042553191,0.063829787,0,0.41269841,0.38888889,0.1984127,0.15079365,0.58730159,0.26190476,21840,666023,"Freddy Fermin"
2026,"Carlos Cortes","ATH",352,1.225806451,0.209923664,0.435114503,0.354961832,0.139784946,0.107526881,0.026315789,0,0.34732824,0.38549618,0.26717557,0.15267176,0.43129771,0.41603053,21842,666126,"Carlos Cortes"
2026,"Will Benson","CIN",113,0.548387096,0.142857142,0.303571428,0.553571428,0.064516129,0.096774193,0,1,0.42105263,0.31578947,0.26315789,0.0877193,0.61403509,0.29824561,21853,666181,"Will Benson"
2026,"Bo Naylor","2 Tms",84,0.548387096,0.142857142,0.303571428,0.553571428,0.129032258,0.096774193,0,0,0.375,0.39285714,0.23214286,0.17857143,0.44642857,0.375,21865,666310,"Bo Naylor"
2026,"Jerar Encarnacion","SFG",17,1.333333333,0,0.571428571,0.428571428,0,0,0.125,0,0.35714286,0.35714286,0.28571429,0.35714286,0.5,0.14285714,21871,666464,"Jerar Encarnacion"
2026,"Christopher Morel","2 Tms",61,1.142857142,0.166666666,0.444444444,0.388888888,0.285714285,0.071428571,0.0625,0,0.61111111,0.33333333,0.05555556,0.13888889,0.61111111,0.25,21897,666624,"Christopher Morel"
2026,"Dane Myers","CIN",189,1.666666666,0.207207207,0.495495495,0.297297297,0.121212121,0.121212121,0.09090909,0.5,0.26495726,0.46153846,0.27350427,0.14529915,0.57264957,0.28205128,22054,667472,"Dane Myers"
2026,"Ryan Vilade","TBR",104,1.571428571,0.169230769,0.507692307,0.323076923,0.19047619,0.19047619,0,0,0.31818182,0.5,0.18181818,0.18181818,0.5,0.31818182,22165,668723,"Ryan Vilade"
2026,"Mark Vientos","NYM",167,0.980392156,0.114035087,0.438596491,0.447368421,0.156862745,0.098039215,0.04,0,0.33333333,0.43859649,0.22807018,0.16666667,0.51754386,0.31578947,22184,668901,"Mark Vientos"
2026,"Brice Turang","MIL",475,1.1875,0.26056338,0.40140845,0.338028169,0.020833333,0.1875,0.052631578,0.5,0.32291667,0.36805556,0.30902778,0.08333333,0.51041667,0.40625,22186,668930,"Brice Turang"
2026,"MJ Melendez","NYM",130,0.4,0.151515151,0.242424242,0.606060606,0.05,0.075,0.125,0,0.51515152,0.28787879,0.1969697,0.10606061,0.42424242,0.46969697,22197,669004,"MJ Melendez"
2026,"Sam Huff","BAL",22,0.75,0.222222222,0.333333333,0.444444444,0,0,0.333333333,0,0.77777778,0.22222222,0,0.22222222,0.22222222,0.55555556,22209,669087,"Sam Huff"
2026,"Luis Campusano","SDP",192,0.796610169,0.158730158,0.373015873,0.468253968,0.13559322,0.101694915,0.127659574,0,0.46825397,0.3015873,0.23015873,0.1984127,0.51587302,0.28571429,22217,669134,"Luis Campusano"
2026,"Jeremiah Jackson","BAL",198,1.363636363,0.121621621,0.506756756,0.371621621,0.09090909,0.145454545,0.093333333,0,0.4527027,0.31756757,0.22972973,0.18918919,0.48648649,0.32432432,22239,669236,"Jeremiah Jackson"
2026,"Nolan Gorman","STL",250,0.571428571,0.214285714,0.285714285,0.5,0.042857142,0.114285714,0.025,0,0.47142857,0.25714286,0.27142857,0.09285714,0.53571429,0.37142857,22263,669357,"Nolan Gorman"
2026,"Xavier Edwards","MIA",449,1.336283185,0.2,0.457575757,0.342424242,0.053097345,0.017699115,0.092715231,0.666666666,0.32440476,0.34821429,0.32738095,0.13095238,0.5625,0.30654762,22266,669364,"Xavier Edwards"
2026,"Raynel Delgado","HOU",31,1.714285714,0.24,0.48,0.28,0,0,0,0,0.48,0.36,0.16,0.12,0.48,0.4,22272,669384,"Raynel Delgado"
2026,"Samad Taylor","SDP",122,2.615384615,0.318840579,0.492753623,0.188405797,0.153846153,0.153846153,0.058823529,0.142857142,0.39473684,0.42105263,0.18421053,0.18421053,0.53947368,0.27631579,22274,669392,"Samad Taylor"
2026,"Jake Burger","TEX",441,1.23076923,0.168458781,0.458781362,0.372759856,0.125,0.144230769,0.0859375,0,0.47311828,0.33333333,0.19354839,0.15770609,0.47311828,0.36917563,22275,669394,"Jake Burger"
2026,"Nick Allen","HOU",118,1.275862068,0.164556962,0.46835443,0.367088607,0.275862068,0.068965517,0.108108108,0.2,0.4047619,0.4047619,0.19047619,0.19047619,0.5,0.30952381,22277,669397,"Nick Allen"
2026,"Taylor Walls","TBR",274,0.921875,0.190789473,0.388157894,0.421052631,0.0625,0.015625,0.050847457,0.352941176,0.43195266,0.28402367,0.28402367,0.10650888,0.56213018,0.33136095,22458,670764,"Taylor Walls"
2026,"Buddy Kennedy","2 Tms",20,0.571428571,0.214285714,0.285714285,0.5,0.142857142,0,0,0,0.5,0.35714286,0.14285714,0.28571429,0.42857143,0.28571429,22505,671083,"Buddy Kennedy"
2026,"Heliot Ramos","2 Tms",327,2.016666666,0.146226415,0.570754716,0.283018867,0.066666666,0.15,0.066115702,0,0.36320755,0.39150943,0.24528302,0.15566038,0.47641509,0.36792453,22515,671218,"Heliot Ramos"
2026,"Tyler Freeman","COL",187,1.780487804,0.179856115,0.525179856,0.294964028,0.048780487,0.024390243,0.04109589,0.222222222,0.37837838,0.34459459,0.27702703,0.14864865,0.5472973,0.30405405,22532,671289,"Tyler Freeman"
2026,"George Valera","CLE",36,1.555555555,0.178571428,0.5,0.321428571,0.444444444,0,0,0,0.60714286,0.14285714,0.25,0.25,0.53571429,0.21428571,22541,671655,"George Valera"
2026,"Lawrence Butler","ATH",384,1.421052631,0.220338983,0.457627118,0.322033898,0.092105263,0.171052631,0.046296296,1,0.37974684,0.37130802,0.24894515,0.14767932,0.47257384,0.37974684,22542,671732,"Lawrence Butler"
2026,"Jarred Kelenic","2 Tms",73,1.066666666,0.138888888,0.444444444,0.416666666,0,0.066666666,0.0625,0,0.33333333,0.38888889,0.27777778,0.11111111,0.41666667,0.47222222,22558,672284,"Jarred Kelenic"
2026,"Gabriel Arias","3 Tms",97,2.75,0.196428571,0.589285714,0.214285714,0.166666666,0.416666666,0.09090909,0,0.32142857,0.41071429,0.26785714,0.23214286,0.32142857,0.44642857,22563,672356,"Gabriel Arias"
2026,"Alejandro Kirk","TOR",214,1.653846153,0.178571428,0.511904761,0.309523809,0.115384615,0.153846153,0.023255813,0,0.26190476,0.39880952,0.33928571,0.14285714,0.51785714,0.33928571,22581,672386,"Alejandro Kirk"
2026,"Gabriel Moreno","ARI",397,1.184466019,0.21875,0.423611111,0.357638888,0.097087378,0.116504854,0.06557377,0,0.375,0.28125,0.34375,0.125,0.52430556,0.35069444,22664,672515,"Gabriel Moreno"
2026,"Gustavo Campero","LAA",7,0.5,0.25,0.25,0.5,0,0,0,0,0.25,0.75,0,0,0.5,0.5,22707,672569,"Gustavo Campero"
2026,"Maikel Garcia","KCR",260,1.257142857,0.197969543,0.446700507,0.355329949,0.071428571,0.014285714,0.045454545,0,0.33165829,0.39698492,0.27135678,0.10552764,0.63819095,0.25628141,22715,672580,"Maikel Garcia"
2026,"Eliezer Alfonzo","LAD",14,0.5,0.25,0.25,0.5,0.166666666,0,0,0,0.41666667,0.41666667,0.16666667,0.08333333,0.66666667,0.25,22741,672613,"Eliezer Alfonzo"
2026,"Geraldo Perdomo","ARI",471,0.918699186,0.287009063,0.341389728,0.371601208,0.06504065,0.06504065,0.053097345,0.2,0.46428571,0.33035714,0.20535714,0.0952381,0.56547619,0.33928571,22799,672695,"Geraldo Perdomo"
2026,"Oswald Peraza","LAA",230,2.424242424,0.192857142,0.571428571,0.235714285,0.09090909,0.06060606,0.0625,1,0.36363636,0.40559441,0.23076923,0.13986014,0.60839161,0.25174825,22823,672724,"Oswald Peraza"
2026,"Wenceel Pérez","DET",121,0.95,0.113636363,0.431818181,0.454545454,0.125,0.075,0.078947368,0,0.48863636,0.27272727,0.23863636,0.19318182,0.61363636,0.19318182,22857,672761,"Wenceel Perez"
2026,"Lenyn Sosa","2 Tms",72,0.96,0.169491525,0.406779661,0.423728813,0.28,0,0.041666666,0,0.38333333,0.31666667,0.3,0.15,0.58333333,0.26666667,22896,672820,"Lenyn Sosa"
2026,"Yainer Diaz","HOU",257,1.881355932,0.19047619,0.528571428,0.28095238,0.101694915,0.20338983,0.036036036,0,0.41428571,0.3952381,0.19047619,0.13809524,0.54285714,0.31904762,23003,673237,"Yainer Diaz"
2026,"Nelson Velázquez","2 Tms",32,0.714285714,0.333333333,0.277777777,0.388888888,0,0.142857142,0,0,0.44444444,0.33333333,0.22222222,0.05555556,0.38888889,0.55555556,23359,676369,"Nelson Velazquez"
2026,"Hunter Feduccia","2 Tms",204,0.895833333,0.235294117,0.361344537,0.403361344,0.041666666,0.0625,0.046511627,0.166666666,0.344,0.416,0.24,0.096,0.568,0.336,23372,676439,"Hunter Feduccia"
2026,"Eric Wagaman","NYM",9,6,0,0.857142857,0.142857142,0,0,0,0,0.42857143,0.57142857,0,0,0.71428571,0.28571429,23395,676572,"Eric Wagaman"
2026,"José Caballero","NYY",309,1.166666666,0.17961165,0.441747572,0.378640776,0.141025641,0.128205128,0.054945054,0.285714285,0.46363636,0.32727273,0.20909091,0.2,0.53636364,0.26363636,23401,676609,"Jose Caballero"
2026,"Davis Schneider","TOR",69,0.44,0.076923076,0.282051282,0.641025641,0.16,0.12,0,0,0.325,0.4,0.275,0.25,0.425,0.325,23565,676914,"Davis Schneider"
2026,"Brayan Rocchio","CLE",390,1.044247787,0.219594594,0.398648648,0.381756756,0.097345132,0.079646017,0.050847457,0.2,0.46843854,0.34219269,0.18936877,0.17607973,0.51162791,0.31229236,23690,677587,"Brayan Rocchio"
2026,"José Tena","WSN",267,1.58,0.188679245,0.496855345,0.314465408,0.08,0.14,0.012658227,0,0.34591195,0.40880503,0.24528302,0.13836478,0.52830189,0.33333333,23691,677588,"Jose Tena"
2026,"Everson Pereira","2 Tms",67,1.5,0.166666666,0.5,0.333333333,0.142857142,0.214285714,0,0,0.38095238,0.47619048,0.14285714,0.16666667,0.54761905,0.28571429,23695,677592,"Everson Pereira"
2026,"Julio Rodríguez","SEA",446,1.27027027,0.2125,0.440625,0.346875,0.135135135,0.126126126,0.092198581,0,0.421875,0.35,0.228125,0.159375,0.509375,0.33125,23697,677594,"Julio Rodriguez"
2026,"Ronny Mauricio","NYM",43,1.777777777,0.074074074,0.592592592,0.333333333,0.222222222,0.111111111,0,0,0.55555556,0.37037037,0.07407407,0.22222222,0.59259259,0.18518519,23698,677595,"Ronny Mauricio"
2026,"Ezequiel Duran","TEX",426,1.25,0.164948453,0.463917525,0.37113402,0.092592592,0.12037037,0.096296296,0.5,0.38720539,0.34006734,0.27272727,0.14141414,0.4983165,0.36026936,23733,677649,"Ezequiel Duran"
2026,"Wilyer Abreu","BOS",463,0.594936708,0.179153094,0.306188925,0.51465798,0.075949367,0.11392405,0.053191489,0,0.36156352,0.3485342,0.28990228,0.1465798,0.41368078,0.43973941,23772,677800,"Wilyer Abreu"
2026,"Leo Jiménez","MIA",99,2.117647058,0.171875,0.5625,0.265625,0,0,0,0,0.35384615,0.43076923,0.21538462,0.10769231,0.53846154,0.35384615,23782,677870,"Leo Jimenez"
2026,"Blaze Alexander","BAL",185,2.103448275,0.28,0.488,0.232,0,0.103448275,0.06557377,0,0.35384615,0.39230769,0.25384615,0.06153846,0.53076923,0.40769231,23789,677942,"Blaze Alexander"
2026,"Will Banfield","CIN",12,0.4,0.222222222,0.222222222,0.555555555,0.4,0,0,0,0.55555556,0.22222222,0.22222222,0.22222222,0.44444444,0.33333333,23790,677943,"Will Banfield"
2026,"Alek Thomas","2 Tms",102,1.071428571,0.205479452,0.410958904,0.383561643,0.142857142,0.071428571,0,0,0.35135135,0.33783784,0.31081081,0.2027027,0.41891892,0.37837838,23792,677950,"Alek Thomas"
2026,"Parker Meadows","DET",38,0.9,0.24,0.36,0.4,0.2,0,0.111111111,0,0.32,0.44,0.24,0.24,0.4,0.36,23800,678009,"Parker Meadows"
2026,"Anthony Seigler","BOS",131,1.366666666,0.236559139,0.440860215,0.322580645,0.066666666,0.066666666,0,0,0.35106383,0.28723404,0.36170213,0.12765957,0.59574468,0.27659574,23802,678011,"Anthony Seigler"
2026,"Brandon Valenzuela","TOR",191,0.897959183,0.225,0.366666666,0.408333333,0.102040816,0.122448979,0.068181818,0.333333333,0.49593496,0.32520325,0.17886179,0.18699187,0.4796748,0.33333333,23813,678218,"Brandon Valenzuela"
2026,"Jorbit Vivas","WSN",310,1.071428571,0.212669683,0.407239819,0.380090497,0.107142857,0.035714285,0.044444444,0,0.37668161,0.31838565,0.30493274,0.21076233,0.53811659,0.25112108,23917,678391,"Jorbit Vivas"
2026,"Jorge Barrosa","2 Tms",108,0.620689655,0.175438596,0.315789473,0.508771929,0.034482758,0.034482758,0,0.111111111,0.40909091,0.33333333,0.25757576,0.09090909,0.6969697,0.21212121,23968,678489,"Jorge Barrosa"
2026,"Osleivis Basabe","SFG",83,1.217391304,0.15,0.466666666,0.383333333,0.04347826,0.173913043,0.142857142,0.5,0.48387097,0.33870968,0.17741935,0.20967742,0.53225806,0.25806452,23985,678545,"Osleivis Basabe"
2026,"Curtis Mead","2 Tms",188,1,0.174603174,0.412698412,0.412698412,0.076923076,0.192307692,0.057692307,0,0.49206349,0.33333333,0.17460317,0.13492063,0.5,0.36507937,23986,678554,"Curtis Mead"
2026,"Junior Perez","CHW",9,1,0,0.5,0.5,0,1,0,0,0.75,0.25,0,0,0.25,0.75,23989,678577,"Junior Perez"
2026,"Ezequiel Tovar","COL",336,0.910891089,0.171673819,0.394849785,0.433476394,0.138613861,0.08910891,0.065217391,0.166666666,0.36401674,0.39330544,0.24267782,0.17991632,0.47280335,0.34728033,24064,678662,"Ezequiel Tovar"
2026,"Ceddanne Rafaela","BOS",422,1.368932038,0.235109717,0.442006269,0.322884012,0.08737864,0.106796116,0.106382978,0.333333333,0.3757764,0.32298137,0.30124224,0.16149068,0.53416149,0.30434783,24262,678882,"Ceddanne Rafaela"
2026,"Max Schuemann","NYY",42,0.454545454,0.238095238,0.238095238,0.523809523,0.09090909,0.09090909,0,0,0.36363636,0.45454545,0.18181818,0.09090909,0.59090909,0.31818182,24488,680474,"Max Schuemann"
2026,"Eduardo Valencia","DET",73,1.388888888,0.232142857,0.446428571,0.321428571,0.055555555,0.111111111,0,1,0.43859649,0.35087719,0.21052632,0.10526316,0.49122807,0.40350877,24574,680664,"Eduardo Valencia"
2026,"Richie Palacios","TBR",329,0.882978723,0.216814159,0.367256637,0.415929203,0.106382978,0.106382978,0.036144578,0.2,0.38961039,0.38528139,0.22510823,0.17748918,0.57142857,0.25108225,24589,680700,"Richie Palacios"
2026,"Jonathan Ornelas","2 Tms",5,0,1,0,0,0,0,0,0,1,0,0,0,0,1,24597,680716,"Jonathan Ornelas"
2026,"Addison Barger","TOR",24,0.714285714,0.142857142,0.357142857,0.5,0,0,0,0,0.35714286,0.5,0.14285714,0.14285714,0.64285714,0.21428571,24598,680718,"Addison Barger"
2026,"Michael Helman","TEX",19,2,0.181818181,0.545454545,0.272727272,0.333333333,0,0,0,0.57142857,0.28571429,0.14285714,0.21428571,0.64285714,0.14285714,24605,680737,"Michael Helman"
2026,"Steven Kwan","CLE",428,1.238095238,0.276923076,0.4,0.323076923,0.047619047,0.028571428,0.053846153,0.4,0.29253731,0.35820896,0.34925373,0.12537313,0.67761194,0.19701493,24610,680757,"Steven Kwan"
2026,"Jarren Duran","BOS",466,1.128205128,0.161616161,0.444444444,0.393939393,0.136752136,0.153846153,0.045454545,0.333333333,0.43666667,0.35666667,0.20666667,0.15666667,0.44,0.40333333,24617,680776,"Jarren Duran"
2026,"Ryan Jeffers","MIN",228,0.913043478,0.16981132,0.396226415,0.433962264,0.101449275,0.159420289,0.126984126,0,0.45283019,0.32075472,0.22641509,0.17610063,0.47798742,0.34591195,24618,680777,"Ryan Jeffers"
2026,"Brendan Donovan","SEA",107,1.142857142,0.22077922,0.415584415,0.363636363,0.107142857,0.107142857,0.03125,0,0.38961039,0.41558442,0.19480519,0.16883117,0.54545455,0.28571429,24679,680977,"Brendan Donovan"
2026,"Logan O'Hoppe","2 Tms",187,0.842105263,0.146341463,0.390243902,0.463414634,0.140350877,0.070175438,0.0625,0,0.50806452,0.27419355,0.21774194,0.2016129,0.51612903,0.28225806,24729,681351,"Logan O'Hoppe"
2026,"Mickey Gasper","BOS",197,1.054545454,0.175182481,0.423357664,0.401459854,0.072727272,0.181818181,0.034482758,0,0.48905109,0.35036496,0.16058394,0.08759124,0.49635036,0.41605839,24759,681508,"Mickey Gasper"
2026,"James Outman","2 Tms",142,0.866666666,0.2,0.371428571,0.428571428,0.066666666,0.1,0.076923076,0,0.6,0.17142857,0.22857143,0.14285714,0.62857143,0.22857143,24770,681546,"James Outman"
2026,"Andy Pages","LAD",399,0.964285714,0.219858156,0.382978723,0.39716312,0.133928571,0.125,0.092592592,0,0.39716312,0.32978723,0.27304965,0.19858156,0.45744681,0.34397163,24816,681624,"Andy Pages"
2026,"Heriberto Hernández","MIA",335,1,0.17,0.415,0.415,0.096385542,0.168674698,0.084337349,0,0.48,0.395,0.125,0.155,0.405,0.44,24878,681715,"Heriberto Hernandez"
2026,"David Fry","CLE",64,0.857142857,0.093023255,0.418604651,0.488372093,0.142857142,0.142857142,0.055555555,0,0.55555556,0.28888889,0.15555556,0.17777778,0.55555556,0.26666667,24934,681807,"David Fry"
2026,"Justin Dean","CHC",9,2,0.5,0.5,0,0,0,0,0,0.75,0,0.25,0.25,0,0.75,25005,681909,"Justin Dean"
2026,"Nate Eaton","BOS",24,0.857142857,0.235294117,0.352941176,0.411764705,0.285714285,0.142857142,0,0,0.52941176,0.17647059,0.29411765,0.17647059,0.52941176,0.29411765,25055,681987,"Nate Eaton"
2026,"Daniel Schneemann","CLE",218,1.117647058,0.205882352,0.419117647,0.375,0.019607843,0.078431372,0.017543859,0,0.46323529,0.36764706,0.16911765,0.13235294,0.50735294,0.36029412,25180,682177,"Daniel Schneemann"
2026,"Endy Rodríguez","PIT",131,0.8,0.2125,0.35,0.4375,0.114285714,0.171428571,0,0,0.43209877,0.35802469,0.20987654,0.07407407,0.54320988,0.38271605,25332,682848,"Endy Rodriguez"
2026,"Ronny Simon","PIT",40,2,0.2,0.533333333,0.266666666,0.375,0,0.0625,1,0.32258065,0.32258065,0.35483871,0.19354839,0.48387097,0.32258065,25346,682927,"Ronny Simon"
2026,"Greg Jones","MIL",17,6,0.125,0.75,0.125,0,0,0,0,0.2,0.6,0.2,0.2,0.6,0.2,25448,675659,"Greg Jones"
2026,"Isaac Collins","KCR",358,1.022988505,0.181395348,0.413953488,0.404651162,0.114942528,0.045977011,0,0,0.40825688,0.33027523,0.26146789,0.16055046,0.45412844,0.3853211,25477,686555,"Isaac Collins"
2026,"Brenton Doyle","2 Tms",124,1.59090909,0.197183098,0.492957746,0.309859154,0,0.045454545,0.114285714,1,0.5,0.37837838,0.12162162,0.08108108,0.64864865,0.27027027,25479,686668,"Brenton Doyle"
2026,"Nick Sogard","BOS",203,0.88,0.265625,0.34375,0.390625,0.12,0.06,0.068181818,0.222222222,0.44525547,0.32116788,0.23357664,0.1459854,0.62043796,0.23357664,25483,686765,"Nick Sogard"
2026,"Joey Ortiz","MIL",265,1.666666666,0.182795698,0.510752688,0.306451612,0.087719298,0.122807017,0.063157894,0.5,0.35416667,0.41666667,0.22916667,0.14583333,0.55208333,0.30208333,25493,687401,"Joey Ortiz"
2026,"Cody Freeman","TEX",46,2.75,0.166666666,0.611111111,0.222222222,0.25,0,0.09090909,0,0.55555556,0.25,0.19444444,0.19444444,0.55555556,0.25,25629,683227,"Cody Freeman"
2026,"Drew Millas","WSN",132,1.392857142,0.220930232,0.453488372,0.325581395,0.107142857,0.071428571,0.025641025,0,0.37078652,0.28089888,0.34831461,0.2247191,0.56179775,0.21348315,25643,686452,"Drew Millas"
2026,"Will Brennan","SFG",21,0.8,0,0.444444444,0.555555555,0.3,0,0,0,0.38888889,0.22222222,0.38888889,0.44444444,0.33333333,0.22222222,25660,686823,"Will Brennan"
2026,"Grant McCray","SFG",66,1.23076923,0.147058823,0.470588235,0.382352941,0.076923076,0.153846153,0.125,0,0.42105263,0.36842105,0.21052632,0.15789474,0.57894737,0.26315789,25690,687529,"Grant McCray"
2026,"Dustin Harris","3 Tms",120,1.166666666,0.285714285,0.384615384,0.329670329,0.133333333,0,0.028571428,0,0.54255319,0.32978723,0.12765957,0.11702128,0.59574468,0.28723404,25705,687957,"Dustin Harris"
2026,"Bobby Witt Jr.","KCR",455,0.741496598,0.209876543,0.336419753,0.453703703,0.122448979,0.095238095,0.110091743,0,0.35493827,0.37345679,0.27160494,0.17283951,0.40740741,0.41975309,25764,677951,"Bobby Witt Jr."
2026,"CJ Abrams","WSN",443,0.781954887,0.193877551,0.353741496,0.452380952,0.17293233,0.187969924,0.086538461,0,0.44897959,0.30612245,0.24489796,0.17006803,0.45918367,0.3707483,25768,682928,"CJ Abrams"
2026,"Tyler Tolbert","KCR",61,1.133333333,0.238095238,0.404761904,0.357142857,0.2,0.133333333,0.294117647,0,0.4,0.4,0.2,0.22222222,0.42222222,0.35555556,25779,686475,"Tyler Tolbert"
2026,"Pedro Pagés","STL",113,1.1,0.148648648,0.445945945,0.405405405,0.066666666,0.133333333,0.06060606,0,0.46153846,0.28205128,0.25641026,0.17948718,0.58974359,0.23076923,25782,686780,"Pedro Pages"
2026,"Jared Triolo","PIT",217,1.809523809,0.157142857,0.542857142,0.3,0.071428571,0.047619047,0.105263157,0,0.44755245,0.31468531,0.23776224,0.18881119,0.56643357,0.24475524,25807,669707,"Jared Triolo"
2026,"Shea Langeliers","ATH",326,0.757575757,0.209090909,0.34090909,0.45,0.151515151,0.141414141,0.066666666,0,0.38636364,0.35,0.26363636,0.15454545,0.46818182,0.37727273,25816,669127,"Shea Langeliers"
2026,"Braden Shewmake","2 Tms",79,1.130434782,0.209677419,0.419354838,0.370967741,0.130434782,0.130434782,0.038461538,0,0.375,0.359375,0.265625,0.109375,0.59375,0.296875,25817,669699,"Braden Shewmake"
2026,"Michael Toglia","CIN",22,1.333333333,0.363636363,0.363636363,0.272727272,0,0,0,0,0.45454545,0.36363636,0.18181818,0,0.81818182,0.18181818,25845,669911,"Michael Toglia"
2026,"Ryan Kreidler","MIN",155,1.351351351,0.138613861,0.495049504,0.366336633,0.054054054,0.108108108,0.04,0.666666666,0.40384615,0.46153846,0.13461538,0.11538462,0.59615385,0.28846154,25867,668952,"Ryan Kreidler"
2026,"Corbin Carroll","ARI",454,0.807142857,0.14527027,0.381756756,0.472972972,0.142857142,0.114285714,0.044247787,0,0.49324324,0.30405405,0.2027027,0.14864865,0.43581081,0.41554054,25878,682998,"Corbin Carroll"
2026,"Michael Harris II","ATL",394,1.198198198,0.18936877,0.441860465,0.368770764,0.09009009,0.162162162,0.067669172,0.5,0.34653465,0.40924092,0.24422442,0.1320132,0.42574257,0.44224422,25931,671739,"Michael Harris II"
2026,"Kerry Carpenter","DET",232,0.652777777,0.173611111,0.326388888,0.5,0.083333333,0.180555555,0.063829787,0,0.40972222,0.32638889,0.26388889,0.11111111,0.56944444,0.31944444,25961,681481,"Kerry Carpenter"
2026,"Kevin Alcántara","CHC",9,0.5,0.4,0.2,0.4,0,0,0,0,0.6,0.2,0.2,0,0.4,0.6,25971,682634,"Kevin Alcantara"
2026,"Riley Greene","DET",402,0.763636363,0.217741935,0.338709677,0.443548387,0.009090909,0.136363636,0.023809523,0,0.37096774,0.375,0.25403226,0.11693548,0.47177419,0.41129032,25976,682985,"Riley Greene"
2026,"Nasim Nuñez","WSN",339,1.571428571,0.189189189,0.495495495,0.315315315,0.1,0,0.127272727,0.2,0.32911392,0.43881857,0.23206751,0.17299578,0.66666667,0.16033755,25979,683083,"Nasim Nunez"
2026,"Victor Mesa Jr.","TBR",189,0.478873239,0.146341463,0.276422764,0.577235772,0.084507042,0.169014084,0,0.4,0.3984375,0.40625,0.1953125,0.171875,0.4609375,0.3671875,25999,683748,"Victor Mesa Jr."
2026,"Vaughn Grissom","LAA",291,1.097560975,0.177033492,0.430622009,0.392344497,0.134146341,0.121951219,0.1,0,0.44549763,0.36018957,0.1943128,0.15165877,0.51184834,0.33649289,26031,687093,"Vaughn Grissom"
2026,"Jase Bowen","SDP",49,1,0.217391304,0.391304347,0.391304347,0.111111111,0,0,0.333333333,0.46153846,0.42307692,0.11538462,0.26923077,0.38461538,0.34615385,26047,687749,"Jase Bowen"
2026,"Francisco Alvarez","NYM",297,1.296875,0.178770949,0.46368715,0.357541899,0.15625,0.203125,0.048192771,0,0.46368715,0.39106145,0.1452514,0.17877095,0.44134078,0.37988827,26121,682626,"Francisco Alvarez"
2026,"Brett Baty","NYM",378,0.87,0.236734693,0.35510204,0.408163265,0.07,0.11,0.045977011,0,0.36178862,0.36178862,0.27642276,0.13821138,0.49186992,0.3699187,26123,683146,"Brett Baty"
2026,"Troy Johnston","COL",335,1.333333333,0.3,0.4,0.3,0,0.028985507,0.032608695,0.333333333,0.42918455,0.35622318,0.21459227,0.03862661,0.59656652,0.36480687,26143,687859,"Troy Johnston"
2026,"Kyle Stowers","MIA",401,0.766990291,0.18018018,0.355855855,0.463963963,0.08737864,0.184466019,0.037974683,0,0.47533632,0.35426009,0.17040359,0.11659193,0.42152466,0.46188341,26151,669065,"Kyle Stowers"
2026,"Andrew Vaughn","MIL",198,1.22,0.201438848,0.43884892,0.35971223,0.12,0.08,0.098360655,0,0.35251799,0.35971223,0.28776978,0.16546763,0.47482014,0.35971223,26197,683734,"Andrew Vaughn"
2026,"Jake Mangum","PIT",338,2.622641509,0.189873417,0.58649789,0.223628691,0.075471698,0.056603773,0.136690647,0.4,0.25910931,0.35222672,0.38866397,0.17408907,0.55465587,0.27125506,26202,663968,"Jake Mangum"
2026,"Darell Hernaiz","ATH",99,1.333333333,0.151515151,0.484848484,0.363636363,0.125,0,0.09375,0,0.23529412,0.41176471,0.35294118,0.22058824,0.54411765,0.23529412,26224,687231,"Darell Hernaiz"
2026,"John Rave","KCR",118,1.133333333,0.146666666,0.453333333,0.4,0.133333333,0.166666666,0.147058823,0.666666666,0.48717949,0.30769231,0.20512821,0.14102564,0.46153846,0.3974359,26284,670231,"John Rave"
2026,"Adley Rutschman","2 Tms",267,0.961538461,0.19047619,0.396825396,0.412698412,0.051282051,0.115384615,0.04,0,0.39153439,0.38095238,0.22751323,0.07936508,0.55026455,0.37037037,26288,668939,"Adley Rutschman"
2026,"Gunnar Henderson","BAL",478,1.055555555,0.177777777,0.422222222,0.4,0.087301587,0.126984126,0.052631578,0,0.45396825,0.34285714,0.2031746,0.14603175,0.42857143,0.42539683,26289,683002,"Gunnar Henderson"
2026,"Bryson Stott","PHI",455,0.984848484,0.198776758,0.397553516,0.403669724,0.083333333,0.06060606,0.03076923,0,0.37878788,0.43636364,0.18484848,0.12727273,0.50909091,0.36363636,26294,681082,"Bryson Stott"
2026,"Oliver Dunn","TBR",8,4,0,0.8,0.2,1,0,0,0,0.4,0.4,0.2,0.2,0.6,0.2,26295,686554,"Oliver Dunn"
2026,"Josh Jung","TEX",328,1.243589743,0.255319148,0.412765957,0.331914893,0.064102564,0.115384615,0.030927835,0,0.41702128,0.36170213,0.2212766,0.09787234,0.46808511,0.43404255,26299,673962,"Josh Jung"
2026,"Michael Busch","CHC",504,0.897637795,0.209836065,0.373770491,0.416393442,0.070866141,0.102362204,0.061403508,1,0.38235294,0.32679739,0.29084967,0.1503268,0.46405229,0.38562092,26319,683737,"Michael Busch"
2026,"Spencer Steer","CIN",288,1.012820512,0.160427807,0.422459893,0.417112299,0.179487179,0.141025641,0.037974683,0,0.50531915,0.29787234,0.19680851,0.15425532,0.5,0.34574468,26323,668715,"Spencer Steer"
2026,"Jonny DeLuca","TBR",206,0.895522388,0.158940397,0.397350993,0.443708609,0.19402985,0.104477611,0.1,0.333333333,0.45454545,0.2987013,0.24675325,0.23376623,0.51948052,0.24675325,26365,676356,"Jonny DeLuca"
2026,"JJ Bleday","CIN",384,0.5,0.222222222,0.259259259,0.518518518,0.103174603,0.134920634,0.015873015,0,0.48360656,0.33196721,0.18442623,0.12704918,0.51229508,0.36065574,26368,668709,"JJ Bleday"
2026,"Kameron Misner","KCR",31,0.5,0.25,0.25,0.5,0.125,0,0.25,0,0.35294118,0.41176471,0.23529412,0.11764706,0.70588235,0.17647059,26374,670224,"Kameron Misner"
2026,"Josh Smith","2 Tms",205,0.727272727,0.155555555,0.355555555,0.488888888,0.09090909,0.09090909,0.0625,1,0.38235294,0.32352941,0.29411765,0.19117647,0.54411765,0.26470588,26396,669701,"Josh Smith"
2026,"Dominic Canzone","SEA",384,1.075471698,0.2,0.414545454,0.385454545,0.075471698,0.16981132,0.008771929,0,0.42545455,0.35636364,0.21818182,0.13454545,0.44,0.42545455,26438,686527,"Dominic Canzone"
2026,"Matt Wallner","MIN",88,2.4,0.19047619,0.571428571,0.238095238,0.3,0.3,0.041666666,0,0.54761905,0.30952381,0.14285714,0.26190476,0.38095238,0.35714286,26466,670242,"Matt Wallner"
2026,"Victor Bericoto","SFG",47,1.076923076,0.181818181,0.424242424,0.393939393,0.076923076,0.23076923,0.071428571,0,0.33333333,0.42424242,0.24242424,0.12121212,0.57575758,0.3030303,26468,682674,"Victor Bericoto"
2026,"Spencer Horwitz","PIT",354,0.916666666,0.181818181,0.391304347,0.42687747,0.12037037,0.083333333,0.05050505,0,0.41897233,0.33596838,0.24505929,0.16205534,0.57312253,0.26482213,26477,687462,"Spencer Horwitz"
2026,"Noelvi Marte","CIN",148,2.24137931,0.121495327,0.607476635,0.271028037,0.172413793,0.103448275,0.076923076,0,0.47663551,0.34579439,0.17757009,0.1588785,0.55140187,0.28971963,26517,682622,"Noelvi Marte"
2026,"Angel Martínez","CLE",260,1.057971014,0.193181818,0.414772727,0.392045454,0.115942028,0.159420289,0.05479452,0,0.48888889,0.28888889,0.22222222,0.14444444,0.58888889,0.26666667,26540,682657,"Angel Martinez"
2026,"Agustín Ramírez","MIA",156,1.727272727,0.158878504,0.53271028,0.308411214,0.151515151,0.121212121,0.105263157,0,0.52336449,0.29906542,0.17757009,0.23364486,0.53271028,0.23364486,26546,682663,"Agustin Ramirez"
2026,"Luisangel Acuña","CHW",113,2.875,0.184210526,0.605263157,0.210526315,0.0625,0.0625,0.152173913,0,0.4375,0.325,0.2375,0.2375,0.475,0.2875,26548,682668,"Luisangel Acuna"
2026,"Jonatan Clase","TOR",17,1.25,0,0.555555555,0.444444444,0,0.5,0,0,0.77777778,0.22222222,0,0,0.55555556,0.44444444,26599,682729,"Jonatan Clase"
2026,"Yohendrick Piñango","TOR",148,1.153846153,0.207547169,0.424528301,0.367924528,0.076923076,0.102564102,0.088888888,0,0.30188679,0.39622642,0.30188679,0.16981132,0.45283019,0.37735849,26664,682818,"Yohendrick Pinango"
2026,"Elly De La Cruz","CIN",441,1.382022471,0.208955223,0.458955223,0.332089552,0.02247191,0.224719101,0.048780487,0,0.3358209,0.42910448,0.23507463,0.08955224,0.42537313,0.48507463,26668,682829,"Elly De La Cruz"
2026,"Juan Brito","2 Tms",63,1.222222222,0.111111111,0.488888888,0.4,0.277777777,0.055555555,0,0,0.62222222,0.22222222,0.15555556,0.24444444,0.37777778,0.37777778,26693,682877,"Juan Brito"
2026,"Jesus Rodriguez","SFG",41,2,0.2,0.533333333,0.266666666,0,0.25,0,0,0.38709677,0.32258065,0.29032258,0.09677419,0.67741935,0.22580645,26991,683679,"Jesus Rodriguez"
2026,"Ryan Ward","LAD",57,0.933333333,0.216216216,0.378378378,0.405405405,0.2,0.2,0.071428571,0,0.56756757,0.21621622,0.21621622,0.10810811,0.48648649,0.40540541,27449,669899,"Ryan Ward"
2026,"Austin Martin","MIN",181,1.8,0.190082644,0.520661157,0.289256198,0.085714285,0.028571428,0.063492063,0.5,0.456,0.352,0.192,0.12,0.616,0.264,27462,668885,"Austin Martin"
2026,"Dillon Dingler","DET",413,0.796992481,0.178694158,0.364261168,0.457044673,0.09774436,0.17293233,0.028301886,0,0.46391753,0.32646048,0.20962199,0.16494845,0.44329897,0.39175258,27464,693307,"Dillon Dingler"
2026,"Spencer Torkelson","DET",427,0.610169491,0.188034188,0.307692307,0.504273504,0.101694915,0.194915254,0.041666666,0,0.51282051,0.27350427,0.21367521,0.14529915,0.47435897,0.38034188,27465,679529,"Spencer Torkelson"
2026,"Tyler Soderstrom","ATH",308,1.217948717,0.191588785,0.443925233,0.364485981,0.141025641,0.128205128,0.052631578,0,0.39252336,0.39719626,0.21028037,0.14953271,0.50934579,0.3411215,27467,691016,"Tyler Soderstrom"
2026,"Jordan Walker","STL",486,1.162601626,0.16875,0.446875,0.384375,0.105691056,0.162601626,0.104895104,0,0.428125,0.36875,0.203125,0.15,0.453125,0.396875,27475,691023,"Jordan Walker"
2026,"Patrick Bailey","2 Tms",280,1.184615384,0.232432432,0.416216216,0.351351351,0.092307692,0.107692307,0.038961038,0,0.42021277,0.35106383,0.2287234,0.14893617,0.49468085,0.35638298,27478,672275,"Patrick Bailey"
2026,"Masyn Winn","STL",391,1.452380952,0.216730038,0.463878326,0.319391634,0.071428571,0.047619047,0.032786885,0,0.32075472,0.38490566,0.29433962,0.17358491,0.49056604,0.33584906,27479,691026,"Masyn Winn"
2026,"Nick Gonzales","PIT",409,1.914634146,0.205980066,0.521594684,0.272425249,0.024390243,0.060975609,0.133757961,0,0.39933993,0.35313531,0.24752475,0.1650165,0.48184818,0.35313531,27490,693304,"Nick Gonzales"
2026,"Rece Hinds","2 Tms",38,1.25,0.181818181,0.454545454,0.363636363,0,0,0,0,0.40909091,0.22727273,0.36363636,0.13636364,0.72727273,0.13636364,27493,677956,"Rece Hinds"
2026,"Owen Caissie","MIA",289,0.753424657,0.174193548,0.354838709,0.470967741,0.06849315,0.191780821,0.054545454,0.5,0.37579618,0.40764331,0.21656051,0.10191083,0.43949045,0.45859873,27496,683357,"Owen Caissie"
2026,"Tyler Callihan","PIT",100,0.4,0.192307692,0.23076923,0.576923076,0.1,0.1,0,0,0.49056604,0.26415094,0.24528302,0.22641509,0.52830189,0.24528302,27497,682997,"Tyler Callihan"
2026,"Justin Foscue","TEX",85,0.851851851,0.137931034,0.396551724,0.465517241,0.148148148,0.111111111,0.086956521,0,0.46551724,0.32758621,0.20689655,0.18965517,0.5,0.31034483,27501,679822,"Justin Foscue"
2026,"Nick Yorke","PIT",56,1.818181818,0.205128205,0.512820512,0.282051282,0.181818181,0,0,0,0.175,0.45,0.375,0.15,0.55,0.3,27504,694377,"Nick Yorke"
2026,"Ha-Seong Kim","ATL",75,1.105263157,0.14893617,0.44680851,0.404255319,0.263157894,0,0.047619047,0,0.45833333,0.33333333,0.20833333,0.25,0.54166667,0.20833333,27506,673490,"Ha-Seong Kim"
2026,"David Hamilton","MIL",302,0.948051948,0.184782608,0.39673913,0.41847826,0.077922077,0.038961038,0.109589041,0.44,0.34449761,0.33492823,0.32057416,0.14354067,0.57416268,0.28229665,27531,666152,"David Hamilton"
2026,"Edouard Julien","COL",250,1.974358974,0.236842105,0.506578947,0.256578947,0,0.076923076,0,0,0.35947712,0.40522876,0.23529412,0.07189542,0.4248366,0.50326797,27534,666397,"Edouard Julien"
2026,"Garrett Mitchell","MIL",397,2.203703703,0.22072072,0.536036036,0.243243243,0.074074074,0.185185185,0.06722689,0,0.33333333,0.3963964,0.27027027,0.12612613,0.41441441,0.45945946,27555,669003,"Garrett Mitchell"
2026,"Austin Wells","NYY",289,0.714285714,0.218934911,0.325443786,0.455621301,0.129870129,0.142857142,0.018181818,0.333333333,0.48837209,0.3255814,0.18604651,0.13953488,0.47093023,0.38953488,27562,669224,"Austin Wells"
2026,"Gage Workman","2 Tms",41,0.9,0.208333333,0.375,0.416666666,0,0.2,0,0,0.33333333,0.29166667,0.375,0.04166667,0.5,0.45833333,27573,669398,"Gage Workman"
2026,"Casey Schmitt","SFG",303,0.594827586,0.170403587,0.30941704,0.520179372,0.112068965,0.146551724,0.014492753,0,0.39013453,0.34977578,0.26008969,0.16143498,0.47085202,0.367713,27577,669477,"Casey Schmitt"
2026,"Ivan Johnson","CIN",9,2,0,0.666666666,0.333333333,0,0,0,0,0,0.66666667,0.33333333,0.33333333,0,0.66666667,27593,671155,"Ivan Johnson"
2026,"Alika Williams","ATH",128,1.375,0.155555555,0.488888888,0.355555555,0.1875,0.0625,0.09090909,0,0.47826087,0.42391304,0.09782609,0.19565217,0.4673913,0.33695652,27604,675961,"Alika Williams"
2026,"Alec Burleson","STL",462,1.047244094,0.207317073,0.405487804,0.387195121,0.094488188,0.173228346,0.030075187,1,0.49848024,0.2674772,0.23404255,0.11246201,0.44984802,0.43768997,27615,676475,"Alec Burleson"
2026,"Nick Loftin","KCR",258,0.802325581,0.143646408,0.381215469,0.475138121,0.058139534,0.069767441,0.04347826,0,0.44086022,0.35483871,0.20430108,0.11827957,0.55376344,0.32795699,27630,679845,"Nick Loftin"
2026,"Anthony Volpe","NYY",146,1.29032258,0.228260869,0.434782608,0.336956521,0.161290322,0.032258064,0.075,0,0.41304348,0.35869565,0.22826087,0.16304348,0.55434783,0.2826087,27647,683011,"Anthony Volpe"
2026,"Christian Koss","SFG",149,1.84,0.252631578,0.484210526,0.263157894,0.12,0,0.130434782,0,0.41584158,0.33663366,0.24752475,0.16831683,0.6039604,0.22772277,27653,683766,"Christian Koss"
2026,"Vinnie Pasquantino","KCR",342,0.595238095,0.196,0.3,0.504,0.111111111,0.103174603,0.053333333,1,0.44621514,0.34661355,0.20717131,0.13545817,0.41832669,0.44621514,27676,686469,"Vinnie Pasquantino"
2026,"Michael Massey","KCR",347,0.868421052,0.225454545,0.36,0.414545454,0.043859649,0.087719298,0.03030303,0,0.5234657,0.32490975,0.15162455,0.06498195,0.54151625,0.39350181,27684,686681,"Michael Massey"
2026,"Joey Wiemer","WSN",40,3.333333333,0.235294117,0.588235294,0.176470588,0.333333333,0,0.1,1,0.38888889,0.27777778,0.33333333,0.27777778,0.55555556,0.16666667,27690,686894,"Joey Wiemer"
2026,"Drew Romo","CHW",165,0.862745098,0.112149532,0.411214953,0.476635514,0.176470588,0.117647058,0.022727272,0,0.47706422,0.31192661,0.21100917,0.20183486,0.55963303,0.23853211,27763,691011,"Drew Romo"
2026,"Pete Crow-Armstrong","CHC",495,0.5,0.210526315,0.263157894,0.526315789,0.13125,0.2125,0.0375,0.5,0.53246753,0.29220779,0.17532468,0.16883117,0.36688312,0.46428571,27769,691718,"Pete Crow-Armstrong"
2026,"Zac Veen","COL",68,0.6875,0.228571428,0.314285714,0.457142857,0,0.1875,0,0,0.45714286,0.31428571,0.22857143,0.02857143,0.65714286,0.31428571,27770,691728,"Zac Veen"
2026,"Shay Whitcomb","2 Tms",76,0.72,0.14,0.36,0.5,0.12,0.12,0.055555555,0,0.29411765,0.41176471,0.29411765,0.25490196,0.41176471,0.33333333,27789,694376,"Shay Whitcomb"
2026,"Evan Carter","TEX",373,0.756756756,0.152173913,0.365217391,0.482608695,0.108108108,0.081081081,0.047619047,0.222222222,0.40585774,0.36401674,0.23012552,0.17573222,0.47280335,0.35146444,27790,694497,"Evan Carter"
2026,"Thomas Saggese","STL",120,1.366666666,0.174418604,0.476744186,0.348837209,0.033333333,0.033333333,0.097560975,0,0.26744186,0.40697674,0.3255814,0.08139535,0.59302326,0.3255814,27883,695336,"Thomas Saggese"
2026,"Colt Keith","DET",398,0.938596491,0.216312056,0.379432624,0.404255319,0.096491228,0.087719298,0.06542056,0,0.38297872,0.37588652,0.24113475,0.13120567,0.46099291,0.40780142,27899,690993,"Colt Keith"
2026,"Alejandro Osuna","TEX",179,1.594594594,0.232,0.472,0.296,0.108108108,0.027027027,0.06779661,0,0.27559055,0.39370079,0.33070866,0.1496063,0.53543307,0.31496063,27915,696030,"Alejandro Osuna"
2026,"Petey Halpin","CLE",145,0.64,0.233644859,0.29906542,0.467289719,0.04,0.06,0,0.2,0.35714286,0.39285714,0.25,0.11607143,0.58035714,0.30357143,27931,690984,"Petey Halpin"
2026,"Adael Amador","COL",55,1.235294117,0.095238095,0.5,0.404761904,0.294117647,0.235294117,0.047619047,0,0.46511628,0.34883721,0.18604651,0.25581395,0.44186047,0.30232558,27962,691182,"Adael Amador"
2026,"Deyvison De Los Santos","MIA",16,1.25,0.1,0.5,0.4,0,0,0.2,0,0.5,0.3,0.2,0,0.7,0.3,27969,691277,"Deyvison De Los Santos"
2026,"Jose Fernandez","ARI",152,1.333333333,0.184466019,0.466019417,0.349514563,0.166666666,0.083333333,0.083333333,0.285714285,0.44545455,0.29090909,0.26363636,0.22727273,0.5,0.27272727,28020,699912,"Jose Fernandez"
2026,"Edgar Quero","CHW",126,1.958333333,0.144578313,0.56626506,0.289156626,0.041666666,0,0.021276595,0,0.25882353,0.49411765,0.24705882,0.12941176,0.52941176,0.34117647,28022,700337,"Edgar Quero"
2026,"Jasson Domínguez","NYY",137,1.108108108,0.212121212,0.414141414,0.373737373,0.216216216,0.108108108,0.073170731,0,0.47474747,0.31313131,0.21212121,0.14141414,0.47474747,0.38383838,28080,691176,"Jasson Dominguez"
2026,"Emmanuel Rodriguez","MIN",33,0.625,0.235294117,0.294117647,0.470588235,0.125,0.25,0.2,0,0.29411765,0.47058824,0.23529412,0.35294118,0.29411765,0.35294118,28084,691181,"Emmanuel Rodriguez"
2026,"Jhostynxon Garcia","PIT",33,2.4,0.15,0.6,0.25,0,0,0.083333333,0,0.35,0.5,0.15,0.25,0.4,0.35,28142,691373,"Jhostynxon Garcia"
2026,"Junior Caminero","TBR",502,1.311111111,0.12605042,0.495798319,0.37815126,0.148148148,0.244444444,0.073446327,0,0.4929972,0.33053221,0.17647059,0.15406162,0.41736695,0.42857143,28163,691406,"Junior Caminero"
2026,"Blaze Jordan","STL",123,1.53125,0.173469387,0.5,0.326530612,0.09375,0.03125,0.040816326,0,0.34693878,0.40816327,0.24489796,0.17346939,0.39795918,0.42857143,28199,691458,"Blaze Jordan"
2026,"Javier Sanoja","MIA",332,1.071428571,0.197231833,0.415224913,0.387543252,0.151785714,0.0625,0.083333333,0,0.45017182,0.31271478,0.2371134,0.17182131,0.54982818,0.27835052,28253,691594,"Javier Sanoja"
2026,"Coby Mayo","BAL",291,0.753086419,0.164705882,0.358823529,0.476470588,0.148148148,0.098765432,0.06557377,0,0.52352941,0.31764706,0.15882353,0.15294118,0.46470588,0.38235294,28312,691723,"Coby Mayo"
2026,"Tsung-Che Cheng","BOS",39,1,0.217391304,0.391304347,0.391304347,0,0,0,1,0.48,0.32,0.2,0,0.64,0.36,28344,691907,"Tsung-Che Cheng"
2026,"Felix Reyes","PHI",17,1,0.23076923,0.384615384,0.384615384,0,0,0,0,0.61538462,0.23076923,0.15384615,0.15384615,0.61538462,0.23076923,28763,694025,"Felix Reyes"
2026,"Jackson Chourio","MIL",398,1.074766355,0.171641791,0.429104477,0.399253731,0.074766355,0.14953271,0.113043478,0,0.31716418,0.42910448,0.25373134,0.13059701,0.46268657,0.40671642,28806,694192,"Jackson Chourio"
2026,"Angel Genao","CLE",92,3.846153846,0.112676056,0.704225352,0.183098591,0.076923076,0.076923076,0.04,0,0.4084507,0.4084507,0.18309859,0.14084507,0.46478873,0.3943662,28811,694197,"Angel Genao"
2026,"Denzer Guzman","LAA",194,1.465116279,0.214814814,0.466666666,0.318518518,0.116279069,0.046511627,0.095238095,0,0.45985401,0.35766423,0.18248175,0.12408759,0.60583942,0.27007299,28816,694203,"Denzer Guzman"
2026,"Moisés Ballesteros","2 Tms",287,1.239436619,0.171875,0.458333333,0.369791666,0.056338028,0.126760563,0,0,0.36458333,0.35416667,0.28125,0.125,0.52083333,0.35416667,28820,694208,"Moises Ballesteros"
2026,"Samuel Basallo","BAL",300,1.061728395,0.169154228,0.427860696,0.402985074,0.037037037,0.197530864,0.046511627,0,0.4278607,0.35820896,0.21393035,0.11442786,0.51243781,0.37313433,28824,694212,"Samuel Basallo"
2026,"Tanner Murray","CHW",9,0.75,0,0.428571428,0.571428571,0.25,0,0,0,0.125,0.625,0.25,0.125,0.5,0.375,28848,695020,"Tanner Murray"
2026,"Esmerlyn Valdez","PIT",176,0.833333333,0.214285714,0.357142857,0.428571428,0.083333333,0.222222222,0.1,0,0.36904762,0.38095238,0.25,0.11904762,0.44047619,0.44047619,29005,699013,"Esmerlyn Valdez"
2026,"Leo Bernal","STL",68,0.727272727,0.224489795,0.326530612,0.448979591,0.045454545,0.181818181,0,0,0.44897959,0.44897959,0.10204082,0.10204082,0.44897959,0.44897959,29016,699024,"Leo Bernal"
2026,"Héctor Rodríguez","CIN",103,1.695652173,0.114285714,0.557142857,0.328571428,0,0.217391304,0.076923076,1,0.45070423,0.36619718,0.18309859,0.11267606,0.57746479,0.30985915,29189,699302,"Hector Rodriguez"
2026,"Pedro Ramírez","CHC",217,0.940298507,0.161290322,0.406451612,0.432258064,0.134328358,0.059701492,0.047619047,0,0.43589744,0.37179487,0.19230769,0.12820513,0.53846154,0.33333333,29218,699393,"Pedro Ramirez"
2026,"Carlos Jorge","CIN",38,1.571428571,0.217391304,0.478260869,0.304347826,0,0.142857142,0.181818181,0.5,0.36,0.24,0.4,0.2,0.6,0.2,29455,699115,"Carlos Jorge"
2026,"Carter Jensen","KCR",428,0.551724137,0.131274131,0.308880308,0.559845559,0.110344827,0.158620689,0.0625,0,0.44015444,0.28571429,0.27413127,0.11969112,0.44787645,0.43243243,29478,695600,"Carter Jensen"
2026,"Blake Dunn","CIN",113,1.032258064,0.192307692,0.41025641,0.397435897,0.129032258,0.064516129,0.125,0.5,0.2804878,0.45121951,0.26829268,0.14634146,0.58536585,0.26829268,29487,694362,"Blake Dunn"
2026,"Jackson Merrill","SDP",476,0.872180451,0.231481481,0.358024691,0.410493827,0.052631578,0.150375939,0.068965517,0.2,0.41641337,0.31610942,0.2674772,0.11854103,0.45592705,0.42553191,29490,701538,"Jackson Merrill"
2026,"James Wood","WSN",401,1.115384615,0.221698113,0.410377358,0.367924528,0,0.269230769,0.045977011,0,0.34433962,0.3254717,0.33018868,0.06132075,0.41509434,0.52358491,29518,695578,"James Wood"
2026,"Bryce Teodosio","LAA",24,1.4,0.076923076,0.538461538,0.384615384,0,0,0.142857142,0,0.21428571,0.42857143,0.35714286,0.35714286,0.64285714,0,29524,669326,"Bryce Teodosio"
2026,"Abimelec Ortiz","WSN",122,0.717948717,0.211764705,0.329411764,0.458823529,0.076923076,0.128205128,0,0,0.44705882,0.30588235,0.24705882,0.12941176,0.49411765,0.37647059,29539,694673,"Abimelec Ortiz"
2026,"Adrian Del Castillo","ARI",167,0.851063829,0.209090909,0.363636363,0.427272727,0.063829787,0.106382978,0,0,0.41818182,0.36363636,0.21818182,0.11818182,0.54545455,0.33636364,29554,680728,"Adrian Del Castillo"
2026,"Tim Tawa","ARI",252,1.028985507,0.151515151,0.43030303,0.418181818,0.086956521,0.144927536,0.056338028,0.125,0.40462428,0.40462428,0.19075145,0.15606936,0.47976879,0.36416185,29571,694374,"Tim Tawa"
2026,"Billy Cook","PIT",21,0.571428571,0.153846153,0.307692307,0.538461538,0.285714285,0,0,0,0.23076923,0.61538462,0.15384615,0.23076923,0.38461538,0.38461538,29573,695257,"Billy Cook"
2026,"Ben Rice","NYY",446,0.889830508,0.189090909,0.381818181,0.429090909,0.008474576,0.254237288,0.057142857,0,0.46545455,0.34545455,0.18909091,0.09090909,0.46909091,0.44,29576,700250,"Ben Rice"
2026,"Ben Malgeri","DET",54,1.083333333,0.242424242,0.393939393,0.363636363,0,0.333333333,0.076923076,0,0.39393939,0.3030303,0.3030303,0.09090909,0.36363636,0.54545455,29577,701162,"Ben Malgeri"
2026,"Colton Cowser","BAL",327,1.067567567,0.203125,0.411458333,0.385416666,0.04054054,0.162162162,0.063291139,0,0.40414508,0.36787565,0.22797927,0.13989637,0.46632124,0.39378238,29591,681297,"Colton Cowser"
2026,"Connor Norby","2 Tms",243,0.838709677,0.208333333,0.361111111,0.430555555,0.080645161,0.096774193,0.057692307,0,0.38888889,0.40277778,0.20833333,0.14583333,0.53472222,0.31944444,29592,681393,"Connor Norby"
2026,"Joshua Báez","STL",65,0.52,0.116279069,0.302325581,0.581395348,0.08,0.08,0.076923076,0,0.53488372,0.27906977,0.18604651,0.11627907,0.46511628,0.41860465,29596,695491,"Joshua Baez"
2026,"Chad Stevens","COL",16,0.2,0.25,0.125,0.625,0,0,0,0,0.375,0.375,0.25,0.125,0.625,0.25,29614,677060,"Chad Stevens"
2026,"Henry Davis","PIT",204,0.875,0.166666666,0.388888888,0.444444444,0.178571428,0.125,0.040816326,0.333333333,0.56060606,0.28787879,0.15151515,0.17424242,0.48484848,0.34090909,29617,680779,"Henry Davis"
2026,"Sal Frelick","MIL",284,1.4125,0.134529147,0.506726457,0.358744394,0.1875,0.0375,0.061946902,0,0.40444444,0.33333333,0.26222222,0.18666667,0.57777778,0.23555556,29622,686217,"Sal Frelick"
2026,"Joey Loperfido","HOU",107,1.736842105,0.147540983,0.540983606,0.311475409,0,0.052631578,0.03030303,0,0.27419355,0.46774194,0.25806452,0.09677419,0.56451613,0.33870968,29630,694388,"Joey Loperfido"
2026,"Will Wagner","SDP",44,3.8,0.111111111,0.703703703,0.185185185,0,0,0,0,0.22222222,0.44444444,0.33333333,0.14814815,0.81481481,0.03703704,29634,695238,"Will Wagner"
2026,"Caleb Durbin","BOS",421,1.455445544,0.181518151,0.485148514,0.333333333,0.148514851,0.08910891,0.074829931,0.2,0.4600639,0.35463259,0.18530351,0.25559105,0.52396166,0.22044728,29646,702332,"Caleb Durbin"
2026,"Marcelo Mayer","2 Tms",217,1.368421052,0.093959731,0.523489932,0.382550335,0.105263157,0.017543859,0.064102564,0,0.38255034,0.36241611,0.25503356,0.23489933,0.51677852,0.24832215,29668,691785,"Marcelo Mayer"
2026,"Matt McLain","CIN",363,0.700934579,0.157407407,0.347222222,0.49537037,0.112149532,0.084112149,0.053333333,0.333333333,0.40182648,0.36073059,0.23744292,0.15525114,0.52054795,0.32420091,29695,680574,"Matt McLain"
2026,"Braxton Fulford","COL",25,0.5,0.076923076,0.307692307,0.615384615,0,0.125,0,0,0.38461538,0.15384615,0.46153846,0.30769231,0.38461538,0.30769231,29704,690924,"Braxton Fulford"
2026,"Cam Cauley","TEX",27,1.285714285,0.238095238,0.428571428,0.333333333,0.428571428,0,0.333333333,0,0.55,0.25,0.2,0.35,0.3,0.35,29710,695508,"Cam Cauley"
2026,"Colson Montgomery","CHW",439,0.491935483,0.177777777,0.271111111,0.551111111,0.153225806,0.169354838,0.098360655,0,0.47111111,0.33333333,0.19555556,0.19111111,0.48444444,0.32444444,29712,695657,"Colson Montgomery"
2026,"Hunter Goodman","COL",380,0.675213675,0.190082644,0.32644628,0.483471074,0.162393162,0.239316239,0.088607594,0,0.50413223,0.30991736,0.18595041,0.16942149,0.4338843,0.39669421,29715,696100,"Hunter Goodman"
2026,"Zack Gelof","ATH",312,1.126582278,0.168316831,0.440594059,0.391089108,0.088607594,0.189873417,0.078651685,0.5,0.41747573,0.39320388,0.18932039,0.13592233,0.52427184,0.33980583,29766,680869,"Zack Gelof"
2026,"Max Muncy","ATH",179,1.046511627,0.19266055,0.412844036,0.394495412,0.255813953,0.162790697,0.155555555,0,0.48623853,0.30275229,0.21100917,0.28440367,0.37614679,0.33944954,29779,691777,"Max Muncy"
2026,"Joe Mack","MIA",263,1.426229508,0.182320441,0.480662983,0.337016574,0.049180327,0.213114754,0.022988505,0,0.49723757,0.29281768,0.20994475,0.09944751,0.51381215,0.38674033,29780,691788,"Joe Mack"
2026,"Brett Harris","3 Tms",20,0.75,0.125,0.375,0.5,0,0,0,0,0,0.875,0.125,0.125,0.625,0.25,29788,695391,"Brett Harris"
2026,"Kyle Manzardo","CLE",283,0.736111111,0.208860759,0.335443037,0.455696202,0.083333333,0.166666666,0,0,0.42138365,0.42767296,0.1509434,0.08176101,0.52830189,0.38993711,29794,700932,"Kyle Manzardo"
2026,"James Triantos","CHC",6,1,0,0.5,0.5,0.5,0,0,0,0.25,0,0.75,0.5,0.25,0.25,29795,701649,"James Triantos"
2026,"TJ Rumfield","COL",433,0.816793893,0.246835443,0.338607594,0.414556962,0.083969465,0.091603053,0.037383177,0,0.43037975,0.32278481,0.24683544,0.15822785,0.53164557,0.31012658,29805,681198,"TJ Rumfield"
2026,"Liam Hicks","2 Tms",430,1.06870229,0.195845697,0.415430267,0.388724035,0.152671755,0.129770992,0.05,0,0.43026706,0.3620178,0.20771513,0.20771513,0.46587537,0.3264095,29844,689414,"Liam Hicks"
2026,"Denzel Clarke","ATH",47,4,0.047619047,0.761904761,0.19047619,0.25,0,0,0,0.39130435,0.39130435,0.2173913,0.26086957,0.56521739,0.17391304,29858,672016,"Denzel Clarke"
2026,"Christian Franklin","BAL",30,3.25,0.105263157,0.684210526,0.210526315,0.25,0,0.076923076,0,0.42105263,0.26315789,0.31578947,0.21052632,0.47368421,0.31578947,29896,681047,"Christian Franklin"
2026,"Kahlil Watson","CLE",74,2,0.232558139,0.511627906,0.255813953,0,0.09090909,0.09090909,0,0.40909091,0.38636364,0.20454545,0.04545455,0.68181818,0.27272727,29905,696135,"Kahlil Watson"
2026,"Kyler Fedko","MIN",8,1,0.333333333,0.333333333,0.333333333,0,0,0,0,0.33333333,0.33333333,0.33333333,0.33333333,0.33333333,0.33333333,29930,693459,"Kyler Fedko"
2026,"Jacob Young","WSN",302,1.083333333,0.204545454,0.413636363,0.381818181,0.059523809,0.083333333,0.065934065,0,0.38666667,0.35111111,0.26222222,0.15111111,0.54666667,0.30222222,29931,696285,"Jacob Young"
2026,"Tyler Black","MIL",27,0.888888888,0.105263157,0.421052631,0.47368421,0.111111111,0,0.125,0,0.36842105,0.36842105,0.26315789,0.36842105,0.52631579,0.10526316,29949,672012,"Tyler Black"
2026,"Edwin Arroyo","CIN",117,1.153846153,0.272727272,0.389610389,0.337662337,0.115384615,0,0.066666666,0.2,0.42682927,0.32926829,0.24390244,0.1097561,0.58536585,0.30487805,29957,695490,"Edwin Arroyo"
2026,"Harry Ford","WSN",59,1.916666666,0.102564102,0.589743589,0.307692307,0,0.166666666,0.086956521,0,0.48717949,0.35897436,0.15384615,0.20512821,0.48717949,0.30769231,29958,695670,"Harry Ford"
2026,"Jordan Lawlar","ARI",74,1.055555555,0.159090909,0.431818181,0.409090909,0.055555555,0.166666666,0.052631578,1,0.4,0.33333333,0.26666667,0.13333333,0.51111111,0.35555556,29976,691783,"Jordan Lawlar"
2026,"Brady House","WSN",236,1.547169811,0.129032258,0.529032258,0.341935483,0.037735849,0.113207547,0.036585365,0,0.30967742,0.45806452,0.23225806,0.13548387,0.47096774,0.39354839,29993,691781,"Brady House"
2026,"Daylen Lile","WSN",471,0.565217391,0.179487179,0.296296296,0.524216524,0.048913043,0.114130434,0.028846153,0,0.43465909,0.29545455,0.26988636,0.11647727,0.53125,0.35227273,29995,695734,"Daylen Lile"
2026,"Christian Encarnacion-Strand","BAL",134,0.945945945,0.257731958,0.360824742,0.381443298,0.162162162,0.108108108,0.085714285,0,0.46391753,0.29896907,0.2371134,0.13402062,0.4742268,0.39175258,30011,687952,"Christian Encarnacion-Strand"
2026,"Carson Williams","TBR",23,0.444444444,0.133333333,0.266666666,0.6,0.444444444,0.111111111,0,0,0.3125,0.375,0.3125,0.3125,0.3125,0.375,30038,700246,"Carson Williams"
2026,"Tristan Peters","CHW",420,0.893442622,0.208904109,0.373287671,0.417808219,0.098360655,0.090163934,0.055045871,0.357142857,0.54248366,0.26143791,0.19607843,0.14052288,0.54575163,0.31372549,30063,671976,"Tristan Peters"
2026,"Hao-Yu Lee","DET",211,1.16981132,0.184397163,0.439716312,0.375886524,0.132075471,0.113207547,0.048387096,0,0.31205674,0.37588652,0.31205674,0.16312057,0.4893617,0.34751773,30080,701678,"Hao-Yu Lee"
2026,"Seiya Suzuki","CHC",466,0.783582089,0.167247386,0.365853658,0.466898954,0.097014925,0.134328358,0.085714285,0,0.41114983,0.35191638,0.2369338,0.13240418,0.52264808,0.34494774,30116,673548,"Seiya Suzuki"
2026,"César Prieto","STL",32,2.666666666,0.153846153,0.615384615,0.23076923,0,0,0,1,0.51851852,0.37037037,0.11111111,0.07407407,0.62962963,0.2962963,30163,693409,"Cesar Prieto"
2026,"Lazaro Montes","SEA",41,0.555555555,0.125,0.3125,0.5625,0,0.444444444,0.2,0,0.3125,0.3125,0.375,0.125,0.5,0.375,30361,703155,"Lazaro Montes"
2026,"Michael Arroyo","SEA",16,0.571428571,0.083333333,0.333333333,0.583333333,0.142857142,0.142857142,0.25,0,0.58333333,0.25,0.16666667,0.16666667,0.41666667,0.41666667,30384,703197,"Michael Arroyo"
2026,"Luis Lara","MIL",138,1.708333333,0.277777777,0.455555555,0.266666666,0,0.041666666,0,0,0.33333333,0.36666667,0.3,0.14444444,0.58888889,0.26666667,30675,800325,"Luis Lara"
2026,"Josue De Paula","LAD",29,0.666666666,0.375,0.25,0.375,0,0.166666666,0,0,0.5,0.3125,0.1875,0.125,0.625,0.25,30871,800543,"Josue De Paula"
2026,"Heston Kjerstad","BAL",19,1.333333333,0.3,0.4,0.3,0,0,0,0,0.3,0.4,0.3,0.1,0.6,0.3,31166,677008,"Heston Kjerstad"
2026,"Zach Neto","LAA",505,0.641791044,0.208633093,0.309352517,0.482014388,0.089552238,0.141791044,0.058139534,0,0.5,0.26428571,0.23571429,0.11071429,0.53571429,0.35357143,31347,687263,"Zach Neto"
2026,"Victor Scott II","STL",131,1.434782608,0.232876712,0.452054794,0.315068493,0.130434782,0.04347826,0,0,0.37037037,0.40740741,0.22222222,0.11111111,0.58024691,0.30864198,31349,687363,"Victor Scott II"
2026,"Jimmy Crooks","STL",128,0.641025641,0.157894736,0.328947368,0.513157894,0,0.102564102,0.04,0,0.42105263,0.31578947,0.26315789,0.06578947,0.47368421,0.46052632,31354,699625,"Jimmy Crooks"
2026,"Nathan Church","STL",361,1.067307692,0.203703703,0.411111111,0.385185185,0.10576923,0.076923076,0.036036036,0.2,0.36363636,0.34909091,0.28727273,0.17454545,0.52363636,0.30181818,31357,701675,"Nathan Church"
2026,"Graham Pauley","MIA",140,0.782608695,0.154639175,0.37113402,0.474226804,0.152173913,0.086956521,0.138888888,0,0.55670103,0.28865979,0.15463918,0.15463918,0.57731959,0.26804124,31363,688363,"Graham Pauley"
2026,"Jakob Marsee","MIA",466,0.697841726,0.231270358,0.315960912,0.452768729,0.136690647,0.071942446,0.020618556,0.555555555,0.42088608,0.30696203,0.2721519,0.16455696,0.55379747,0.28164557,31370,805300,"Jakob Marsee"
2026,"Dalton Rushing","LAD",184,0.857142857,0.284403669,0.330275229,0.3853211,0.095238095,0.261904761,0.055555555,0,0.44036697,0.33944954,0.22018349,0.14678899,0.41284404,0.44036697,31382,687221,"Dalton Rushing"
2026,"Tyler Locklear","ARI",29,2.4,0.19047619,0.571428571,0.238095238,0,0.2,0,0,0.38095238,0.47619048,0.14285714,0.28571429,0.47619048,0.23809524,31396,682988,"Tyler Locklear"
2026,"Collin Price","HOU",11,1,0.2,0.4,0.4,0,0,0,0,0.4,0.2,0.4,0,0.2,0.8,31415,805672,"Collin Price"
2026,"Jordan Beck","COL",81,1.045454545,0.134615384,0.442307692,0.423076923,0.181818181,0,0,0,0.35849057,0.43396226,0.20754717,0.1509434,0.58490566,0.26415094,31431,687597,"Jordan Beck"
2026,"Jace Jung","DET",10,0.333333333,0.333333333,0.166666666,0.5,0,0,0,0,0.33333333,0.33333333,0.33333333,0,1,0,31437,690291,"Jace Jung"
2026,"Daniel Susac","SFG",111,0.705882352,0.205479452,0.328767123,0.465753424,0.176470588,0.029411764,0.041666666,0,0.42666667,0.29333333,0.28,0.16,0.57333333,0.26666667,31441,691740,"Daniel Susac"
2026,"Sterlin Thompson","COL",62,1.909090909,0.179487179,0.538461538,0.282051282,0,0.181818181,0.095238095,0,0.46153846,0.35897436,0.17948718,0.07692308,0.56410256,0.35897436,31443,694514,"Sterlin Thompson"
2026,"Henry Bolte","ATH",318,3.47368421,0.141414141,0.666666666,0.191919191,0.105263157,0.105263157,0.113636363,0,0.35678392,0.36683417,0.27638191,0.18090452,0.40201005,0.41708543,31448,703607,"Henry Bolte"
2026,"Wade Meckler","LAA",277,1.843137254,0.240837696,0.492146596,0.267015706,0,0.058823529,0.063829787,0.6,0.32653061,0.46938776,0.20408163,0.07653061,0.58673469,0.33673469,31490,685133,"Wade Meckler"
2026,"Ryan Ritter","COL",11,0.666666666,0.375,0.25,0.375,0,0,0,0,0.125,0.75,0.125,0,0.5,0.5,31500,690022,"Ryan Ritter"
2026,"Sal Stewart","CIN",509,1.291338582,0.182584269,0.460674157,0.356741573,0.047244094,0.188976377,0.060975609,0,0.33426966,0.38483146,0.28089888,0.10674157,0.50561798,0.38764045,31505,701398,"Sal Stewart"
2026,"Spencer Jones","NYY",230,0.603448275,0.231404958,0.289256198,0.479338842,0.068965517,0.137931034,0.028571428,0,0.38016529,0.37190083,0.24793388,0.09090909,0.45454545,0.45454545,31532,682987,"Spencer Jones"
2026,"Drake Baldwin","ATL",387,0.970873786,0.219230769,0.384615384,0.396153846,0.038834951,0.165048543,0.02,0,0.36923077,0.38846154,0.24230769,0.10384615,0.47307692,0.42307692,31539,686948,"Drake Baldwin"
2026,"Drew Gilbert","SFG",340,1.133333333,0.203319502,0.423236514,0.373443983,0.166666666,0.122222222,0.058823529,0.666666666,0.44672131,0.29098361,0.26229508,0.18032787,0.50819672,0.31147541,31545,687551,"Drew Gilbert"
2026,"Zach Dezenzo","HOU",52,2.8,0.321428571,0.5,0.178571428,0,0,0.142857142,0,0.46428571,0.28571429,0.25,0.17857143,0.71428571,0.10714286,31562,701305,"Zach Dezenzo"
2026,"Alan Roden","MIN",72,1.368421052,0.150943396,0.490566037,0.358490566,0.052631578,0,0.076923076,0,0.30188679,0.30188679,0.39622642,0.1509434,0.58490566,0.26415094,31564,702176,"Alan Roden"
2026,"Chase Meidroth","CHW",459,1.582417582,0.197952218,0.491467576,0.310580204,0.12087912,0.098901098,0.083333333,0.416666666,0.4295082,0.33442623,0.23606557,0.16065574,0.5704918,0.26885246,31580,805367,"Chase Meidroth"
2026,"Zach Cole","HOU",47,0.923076923,0.107142857,0.428571428,0.464285714,0.153846153,0.23076923,0.083333333,0,0.46428571,0.35714286,0.17857143,0.10714286,0.5,0.39285714,31583,805904,"Zach Cole"
2026,"Brooks Lee","MIN",422,0.964539007,0.192419825,0.396501457,0.411078717,0.070921985,0.14893617,0.088235294,0,0.48837209,0.28197674,0.22965116,0.13081395,0.54360465,0.3255814,31595,686797,"Brooks Lee"
2026,"Alex Freeland","LAD",234,1.361702127,0.195652173,0.463768115,0.34057971,0.085106382,0.085106382,0.015625,0.166666666,0.35416667,0.36805556,0.27777778,0.10416667,0.48611111,0.40972222,31665,690976,"Alex Freeland"
2026,"Cole Young","SEA",417,0.930232558,0.209523809,0.38095238,0.409523809,0.124031007,0.108527131,0.058333333,0,0.43670886,0.36708861,0.19620253,0.18670886,0.48101266,0.33227848,31680,702284,"Cole Young"
2026,"Dylan Beavers","BAL",292,0.75609756,0.204419889,0.342541436,0.453038674,0.097560975,0.109756097,0.064516129,0,0.4198895,0.34254144,0.23756906,0.1160221,0.49723757,0.38674033,31695,687637,"Dylan Beavers"
2026,"Ben Ross","MIN",14,1,0.333333333,0.333333333,0.333333333,1,0,0,0,0.75,0,0.25,0.25,0.25,0.5,31710,805346,"Ben Ross"
2026,"Jackson Holliday","BAL",264,1.261538461,0.178770949,0.458100558,0.363128491,0.184615384,0.092307692,0.073170731,0,0.38888889,0.36111111,0.25,0.16111111,0.5,0.33888889,31781,702616,"Jackson Holliday"
2026,"Justin Crawford","PHI",393,2.012195121,0.156996587,0.563139931,0.279863481,0.073170731,0.024390243,0.115151515,0.125,0.2923588,0.40863787,0.29900332,0.19933555,0.51162791,0.28903654,31791,702222,"Justin Crawford"
2026,"Otto Kemp","PHI",5,0,0.666666666,0,0.333333333,1,0,0,0,0,0,1,0.33333333,0,0.66666667,31792,805249,"Otto Kemp"
2026,"Roman Anthony","BOS",159,1.064516129,0.272727272,0.375,0.352272727,0,0.129032258,0.03030303,0,0.38636364,0.375,0.23863636,0.09090909,0.5,0.40909091,31812,701350,"Roman Anthony"
2026,"Masataka Yoshida","BOS",267,1.452054794,0.147619047,0.504761904,0.347619047,0.08219178,0.06849315,0.047169811,0,0.45714286,0.30952381,0.23333333,0.12857143,0.51904762,0.35238095,31837,807799,"Masataka Yoshida"
2026,"Colby Thomas","ATH",17,1.25,0.1,0.5,0.4,0,0,0,0,0.2,0.7,0.1,0.2,0.4,0.4,31855,687515,"Colby Thomas"
2026,"Chandler Simpson","TBR",401,2.441558441,0.206586826,0.562874251,0.230538922,0.051948051,0,0.154255319,0.529411764,0.24786325,0.42735043,0.32478632,0.16239316,0.64672365,0.19088319,31912,802415,"Chandler Simpson"
2026,"Gabriel Rincones Jr.","PHI",84,0.846153846,0.076923076,0.423076923,0.5,0.076923076,0.076923076,0.09090909,0,0.30769231,0.38461538,0.30769231,0.11538462,0.57692308,0.30769231,31958,687282,"Gabriel Rincones Jr."
2026,"Nate Furman","SFG",38,3.6,0,0.782608695,0.217391304,0,0,0,0,0.56521739,0.2173913,0.2173913,0.2173913,0.60869565,0.17391304,31988,801501,"Nate Furman"
2026,"Rafael Flores Jr.","PIT",81,1.1,0.192307692,0.423076923,0.384615384,0,0.25,0.136363636,0,0.46153846,0.36538462,0.17307692,0.07692308,0.44230769,0.48076923,31991,804668,"Rafael Flores Jr."
2026,"Ethan Salas","SDP",29,0.384615384,0.142857142,0.238095238,0.619047619,0.153846153,0.153846153,0,0,0.33333333,0.33333333,0.33333333,0.23809524,0.52380952,0.23809524,32051,806956,"Ethan Salas"
2026,"Turner Hill","SFG",79,1.2,0.214285714,0.428571428,0.357142857,0.1,0.05,0,0,0.46428571,0.375,0.16071429,0.08928571,0.58928571,0.32142857,32053,806367,"Turner Hill"
2026,"Nick Morabito","NYM",29,2,0.294117647,0.470588235,0.235294117,0.25,0,0.125,0,0.47058824,0.35294118,0.17647059,0.23529412,0.29411765,0.47058824,32119,703492,"Nick Morabito"
2026,"Chase DeLauter","CLE",375,1.161904761,0.197879858,0.431095406,0.371024734,0.085714285,0.114285714,0.008196721,0,0.40989399,0.3180212,0.27208481,0.1130742,0.45936396,0.42756184,32127,800050,"Chase DeLauter"
2026,"Nolan Schanuel","LAA",327,1.216867469,0.264,0.404,0.332,0.060240963,0.060240963,0.00990099,0,0.43027888,0.38247012,0.187251,0.10756972,0.56972112,0.32270916,33189,694384,"Nolan Schanuel"
2026,"Brock Rodden","SEA",54,0.3125,0.222222222,0.185185185,0.592592592,0,0,0,0,0.44444444,0.25925926,0.2962963,0.03703704,0.74074074,0.22222222,33191,801126,"Brock Rodden"
2026,"Ben Williamson","TBR",152,2.818181818,0.2,0.59047619,0.209523809,0,0.09090909,0.080645161,0.5,0.30841121,0.36448598,0.3271028,0.1682243,0.55140187,0.28037383,33197,810938,"Ben Williamson"
2026,"Jacob Gonzalez","2 Tms",188,1.087719298,0.16197183,0.436619718,0.40140845,0.122807017,0.105263157,0.016129032,0,0.44055944,0.30769231,0.25174825,0.11188811,0.55244755,0.33566434,33225,694378,"Jacob Gonzalez"
2026,"Kyle Karros","COL",309,1.347826086,0.19,0.465,0.345,0.144927536,0.115942028,0.05376344,0,0.39303483,0.35820896,0.24875622,0.14427861,0.4278607,0.4278607,33252,691720,"Kyle Karros"
2026,"Cole Carrigg","COL",214,0.927272727,0.226277372,0.372262773,0.401459854,0.09090909,0.145454545,0.058823529,1,0.48201439,0.33093525,0.18705036,0.1294964,0.4676259,0.4028777,33253,694249,"Cole Carrigg"
2026,"Jacob Wilson","ATH",221,2.063829787,0.221621621,0.524324324,0.254054054,0.127659574,0.106382978,0.113402061,0,0.41081081,0.35675676,0.23243243,0.15135135,0.58378378,0.26486486,33266,805779,"Jacob Wilson"
2026,"Jonah Cox","SFG",75,1.272727272,0.264705882,0.411764705,0.323529411,0.181818181,0.09090909,0.214285714,0.454545454,0.28888889,0.24444444,0.46666667,0.13333333,0.71111111,0.15555556,33270,813841,"Jonah Cox"
2026,"Tommy Troy","ARI",112,1.4,0.178082191,0.479452054,0.342465753,0.16,0.12,0.085714285,0.5,0.32,0.4,0.28,0.17333333,0.49333333,0.33333333,33279,694371,"Tommy Troy"
2026,"Brice Matthews","HOU",147,1.4,0.142857142,0.5,0.357142857,0.133333333,0.1,0.071428571,0.4,0.42696629,0.41573034,0.15730337,0.13483146,0.49438202,0.37078652,33280,694728,"Brice Matthews"
2026,"Brett Bateman","TOR",112,3.666666666,0.222222222,0.611111111,0.166666666,0,0.166666666,0.068181818,0.333333333,0.33333333,0.34666667,0.32,0.12,0.62666667,0.25333333,33312,703520,"Brett Bateman"
2026,"Luke Keaschall","MIN",414,0.809160305,0.202020202,0.356902356,0.441077441,0.129770992,0.061068702,0.141509433,0.75,0.43189369,0.30232558,0.26578073,0.18604651,0.54152824,0.27242525,33321,807712,"Luke Keaschall"
2026,"Matt Shaw","CHC",104,0.628571428,0.161764705,0.323529411,0.514705882,0.085714285,0.085714285,0.136363636,0.4,0.32876712,0.4109589,0.26027397,0.1369863,0.57534247,0.28767123,33322,807713,"Matt Shaw"
2026,"Charles McAdoo","TOR",44,1.545454545,0.176470588,0.5,0.323529411,0.09090909,0.09090909,0.294117647,0,0.32352941,0.38235294,0.29411765,0.11764706,0.52941176,0.35294118,33323,807727,"Charles McAdoo"
2026,"Wyatt Langford","TEX",307,0.691489361,0.212871287,0.321782178,0.465346534,0.202127659,0.138297872,0.061538461,0,0.45544554,0.31188119,0.23267327,0.21287129,0.48019802,0.30693069,33333,694671,"Wyatt Langford"
2026,"Andrew Pinckney","WSN",13,4,0.285714285,0.571428571,0.142857142,0,0,0,0,0.14285714,0.57142857,0.28571429,0.14285714,0.14285714,0.71428571,33357,687605,"Andrew Pinckney"
2026,"Yohandy Morales","WSN",24,1.5,0.166666666,0.5,0.333333333,0,0.5,0,0,0.55555556,0.27777778,0.16666667,0.05555556,0.33333333,0.61111111,33361,691002,"Yohandy Morales"
2026,"Drew Cavanaugh","SFG",143,1.541666666,0.273809523,0.44047619,0.285714285,0.125,0.041666666,0.027027027,0.25,0.31818182,0.35227273,0.32954545,0.21590909,0.5,0.28409091,33380,701852,"Drew Cavanaugh"
2026,"Max Clark","DET",132,0.794871794,0.195402298,0.356321839,0.448275862,0.128205128,0.051282051,0.032258064,0,0.37931034,0.27586207,0.34482759,0.16091954,0.42528736,0.4137931,33381,703601,"Max Clark"
2026,"Bryce Eldridge","SFG",305,0.943661971,0.245901639,0.366120218,0.387978142,0.056338028,0.154929577,0.044776119,0,0.37704918,0.33333333,0.28961749,0.12021858,0.46448087,0.41530055,33390,805811,"Bryce Eldridge"
2026,"Scott Bandura","SFG",16,0.5,0.4,0.2,0.4,0,0,0,0,0.4,0.6,0,0,0.8,0.2,33398,814154,"Scott Bandura"
2026,"George Lombard Jr.","NYY",136,1.419354838,0.166666666,0.488888888,0.344444444,0.032258064,0.161290322,0.068181818,0.5,0.39130435,0.30434783,0.30434783,0.15217391,0.58695652,0.26086957,33433,806146,"George Lombard Jr."
2026,"Jim Jarvis","ATL",101,2.1,0.150684931,0.575342465,0.273972602,0,0.05,0.047619047,0,0.27272727,0.48051948,0.24675325,0.16883117,0.54545455,0.28571429,33492,805347,"Jim Jarvis"
2026,"John Peck","DET",51,0.923076923,0.242424242,0.363636363,0.393939393,0.23076923,0,0.083333333,0,0.15151515,0.39393939,0.45454545,0.15151515,0.42424242,0.42424242,33500,807726,"John Peck"
2026,"Brett Callahan","DET",76,0.59090909,0.222222222,0.288888888,0.488888888,0.136363636,0.045454545,0.153846153,0,0.33333333,0.46666667,0.2,0.17777778,0.44444444,0.37777778,33514,814430,"Brett Callahan"
2026,"Cooper Pratt","MIL",190,1.75,0.277372262,0.459854014,0.262773722,0.027777777,0.055555555,0.126984126,0,0.33093525,0.4028777,0.26618705,0.07913669,0.61870504,0.30215827,33530,806198,"Cooper Pratt"
2026,"Dylan Crews","WSN",296,0.976470588,0.151515151,0.419191919,0.429292929,0.035294117,0.082352941,0.180722891,0,0.35858586,0.46969697,0.17171717,0.15151515,0.46969697,0.37878788,33541,686611,"Dylan Crews"
2026,"Kyle Teel","CHW",103,0.681818181,0.229166666,0.3125,0.458333333,0.045454545,0.227272727,0.133333333,0,0.34,0.42,0.24,0.2,0.4,0.4,33549,691019,"Kyle Teel"
2026,"LuJames Groover","ARI",33,1.375,0.173913043,0.478260869,0.347826086,0.5,0,0,0,0.43478261,0.2173913,0.34782609,0.2173913,0.47826087,0.30434783,33552,694410,"LuJames Groover"
2026,"Walker Jenkins","MIN",66,1.222222222,0.183673469,0.448979591,0.367346938,0.166666666,0.222222222,0.09090909,0,0.44897959,0.3877551,0.16326531,0.18367347,0.46938776,0.34693878,33571,805805,"Walker Jenkins"
2026,"Kevin McGonigle","DET",494,0.688622754,0.218836565,0.318559556,0.462603878,0.065868263,0.083832335,0.069565217,0,0.3767313,0.35180055,0.27146814,0.14127424,0.50138504,0.35734072,33572,805808,"Kevin McGonigle"
2026,"Colt Emerson","SEA",161,1.228571428,0.161290322,0.462365591,0.376344086,0.142857142,0.142857142,0.046511627,0.5,0.42105263,0.34736842,0.23157895,0.15789474,0.52631579,0.31578947,33575,806068,"Colt Emerson"
2026,"A.J. Ewing","NYM",350,1.375,0.24,0.44,0.32,0.055555555,0.111111111,0.08080808,0.25,0.34934498,0.34934498,0.30131004,0.08296943,0.56331878,0.35371179,33656,805999,"A.J. Ewing"
2026,"CJ Kayfus","CLE",22,0.5,0.076923076,0.307692307,0.615384615,0.125,0.125,0,0,0.30769231,0.61538462,0.07692308,0.15384615,0.46153846,0.38461538,33704,692216,"CJ Kayfus"
2026,"Cooper Ingle","CLE",20,6,0.142857142,0.857142857,0,0,0,0,0,0.42857143,0.42857143,0.14285714,0,0.71428571,0.28571429,33708,694876,"Cooper Ingle"
2026,"Rikuu Nishida","CHW",26,3.666666666,0.3,0.55,0.15,0,0,0.09090909,0,0.13636364,0.59090909,0.27272727,0,0.72727273,0.27272727,33795,807747,"Rikuu Nishida"
2026,"Jung Hoo Lee","SFG",401,1.191304347,0.247761194,0.408955223,0.343283582,0.078260869,0.069565217,0.03649635,1,0.36982249,0.39940828,0.23076923,0.13609467,0.56213018,0.30177515,33824,808982,"Jung Hoo Lee"
2026,"Travis Bazzana","CLE",348,1,0.230125523,0.384937238,0.384937238,0.108695652,0.141304347,0.04347826,0,0.43514644,0.34728033,0.21757322,0.14644351,0.53138075,0.32217573,34967,683953,"Travis Bazzana"
2026,"Christian Moore","LAA",91,1.045454545,0.150943396,0.433962264,0.415094339,0.09090909,0.09090909,0.086956521,0,0.37735849,0.37735849,0.24528302,0.11320755,0.67924528,0.20754717,34979,695681,"Christian Moore"
2026,"JJ Wetherholt","STL",397,1.404255319,0.172161172,0.483516483,0.344322344,0.031914893,0.117021276,0.053030303,0,0.40510949,0.36861314,0.22627737,0.10948905,0.52554745,0.3649635,34985,802139,"JJ Wetherholt"
2026,"Jac Caglianone","KCR",377,1.486842105,0.25,0.448412698,0.301587301,0.078947368,0.210526315,0.044247787,0,0.49603175,0.32539683,0.17857143,0.08730159,0.44444444,0.46825397,35041,695506,"Jac Caglianone"
2026,"Ryan Waldschmidt","ARI",198,0.857142857,0.315789473,0.315789473,0.368421052,0.047619047,0.071428571,0.027777777,0,0.40517241,0.4137931,0.18103448,0.12068966,0.56034483,0.31896552,35061,814439,"Ryan Waldschmidt"
2026,"Sean Keys","TOR",58,1.071428571,0.194444444,0.416666666,0.388888888,0.214285714,0.142857142,0.133333333,0,0.44444444,0.36111111,0.19444444,0.19444444,0.44444444,0.36111111,35094,815873,"Sean Keys"
2026,"Sam Antonacci","CHW",440,1.561224489,0.225308641,0.472222222,0.302469135,0.040816326,0.081632653,0.045751633,0,0.35276074,0.39263804,0.25460123,0.09815951,0.55521472,0.34662577,35101,803011,"Sam Antonacci"
2026,"Tommy White","ATH",122,1.25,0.19,0.45,0.36,0.083333333,0.083333333,0.022222222,0,0.23,0.47,0.3,0.18,0.56,0.26,35107,695720,"Tommy White"
2026,"Cam Smith","HOU",411,1.294736842,0.183520599,0.460674157,0.355805243,0.136842105,0.147368421,0.081300813,0,0.38951311,0.38576779,0.2247191,0.14981273,0.48314607,0.3670412,35108,701358,"Cam Smith"
2026,"Nick Kurtz","ATH",277,1.145833333,0.231343283,0.410447761,0.358208955,0.041666666,0.3125,0.036363636,1,0.34074074,0.37777778,0.28148148,0.1037037,0.37037037,0.52592593,35110,701762,"Nick Kurtz"
2026,"Kaelen Culpepper","MIN",74,0.909090909,0.207547169,0.37735849,0.415094339,0.181818181,0.09090909,0.1,0,0.49056604,0.35849057,0.1509434,0.11320755,0.58490566,0.30188679,35111,701785,"Kaelen Culpepper"
2026,"Joshua Kuroda-Grauer","ATH",38,6,0.275862068,0.620689655,0.103448275,0,0,0.111111111,0,0.44827586,0.34482759,0.20689655,0.10344828,0.48275862,0.4137931,35121,811965,"Joshua Kuroda-Grauer"
2026,"Lucas Spence","HOU",36,0.888888888,0.105263157,0.421052631,0.47368421,0.111111111,0.333333333,0,0,0.52631579,0.21052632,0.26315789,0.05263158,0.47368421,0.47368421,35126,828599,"Lucas Spence"
2026,"Carson Benge","NYM",460,1.263157894,0.213414634,0.43902439,0.347560975,0.017543859,0.122807017,0.0625,0,0.36890244,0.35365854,0.27743902,0.125,0.52439024,0.35060976,35177,701807,"Carson Benge"
2026,"Hyeseong Kim","LAD",116,1.545454545,0.282051282,0.435897435,0.282051282,0,0.045454545,0.088235294,0,0.25641026,0.51282051,0.23076923,0.14102564,0.6025641,0.25641026,35322,808975,"Hyeseong Kim"
2026,"Konnor Griffin","PIT",240,2.243902439,0.16875,0.575,0.25625,0.048780487,0.097560975,0.141304347,1,0.38509317,0.33540373,0.27950311,0.17391304,0.49689441,0.32919255,35376,804606,"Konnor Griffin"
2026,"Braden Montgomery","CHW",260,2.785714285,0.14973262,0.625668449,0.22459893,0.071428571,0.119047619,0.051282051,0,0.34224599,0.34759358,0.31016043,0.12299465,0.50802139,0.36898396,35423,695731,"Braden Montgomery"
2026,"Munetaka Murakami","CHW",381,0.975308641,0.12568306,0.431693989,0.44262295,0.074074074,0.345679012,0.063291139,0,0.51912568,0.28415301,0.19672131,0.12021858,0.42622951,0.45355191,37120,808959,"Munetaka Murakami"
2026,"Sung-Mun Song","SDP",138,0.833333333,0.125,0.397727272,0.477272727,0.238095238,0.023809523,0.114285714,0.2,0.40860215,0.33333333,0.25806452,0.20430108,0.52688172,0.2688172,37122,823550,"Sung-Mun Song"
2026,"Kazuma Okamoto","TOR",463,0.7890625,0.182142857,0.360714285,0.457142857,0.140625,0.1796875,0.08910891,0,0.51071429,0.29285714,0.19642857,0.13214286,0.47142857,0.39642857,37123,672960,"Kazuma Okamoto"