Name,Season,Pitch,Pitches,LD%,GB%,FB%,IFFB%,HR/FB,Strikes,Balls,Pitches,xMov,zMov,Mov,NameASCII,PlayerId,MLBAMID
"Pete Alonso",2026,"FA,FC,FO,FS,SI,CH,SL,CU,KC",2011,0.21476510067114093,0.42953020134228187,0.35570469798657717,0.14150943396226415,0.32075471698113206,1236,775,2011,-2.219949935091994,3.63679053679264,8.42696155793138,"Pete Alonso","19251",624413
"Drew Gilbert",2026,"FA,FC,FS,SI,CH,SL,CU,KN,KC,EP",1338,0.26778242677824265,0.41841004184100417,0.3138075313807531,0.28,0.14666666666666667,820,518,1338,-3.173580025414051,4.484715073729445,8.664239324364722,"Drew Gilbert","31545",687551
"Bo Bichette",2026,"FA,FC,FO,FS,SI,CH,SL,CU,KC,EP",1806,0.23978201634877383,0.49318801089918257,0.2670299727520436,0.09183673469387756,0.10204081632653061,1258,548,1806,-3.0038023353709846,4.372182233820598,8.818043687707638,"Bo Bichette","19612",666182
"Junior Caminero",2026,"FA,FC,FS,SI,CH,SL,CU,KN,KC,EP",1924,0.18309859154929578,0.49577464788732395,0.3211267605633803,0.2807017543859649,0.2894736842105263,1203,721,1924,-2.4074505083939712,3.703919348752597,8.397635046777548,"Junior Caminero","28163",691406
"Yohendrick Piñango",2026,"FA,FC,FS,SI,CH,SL,CU,KC",584,0.2830188679245283,0.42452830188679247,0.29245283018867924,0.22580645161290322,0.12903225806451613,381,203,584,-3.363501993133562,4.431677711815068,8.742357662671232,"Yohendrick Pinango","26664",682818
"Corbin Carroll",2026,"FA,FC,FS,SI,CH,SL,CU,KC",1806,0.18983050847457628,0.37966101694915255,0.43050847457627117,0.23622047244094488,0.12598425196850394,1118,688,1806,-3.5573414540753063,4.338136509313402,8.62116557530454,"Corbin Carroll","25878",682998
"Gabriel Moreno",2026,"FA,FC,FS,SI,CH,SL,CU,KC",1723,0.2578397212543554,0.43205574912891986,0.31010452961672474,0.1797752808988764,0.1348314606741573,1074,649,1723,-2.9867974098572247,4.135561164004642,8.376112937899011,"Gabriel Moreno","22664",672515
"Will Smith",2026,"FA,FC,FS,SI,CH,SL,CU,KC,EP",782,0.2727272727272727,0.25874125874125875,0.46853146853146854,0.13432835820895522,0.11940298507462686,479,303,782,-2.3429735097186697,3.9708596820971875,8.281736602301788,"Will Smith","19197",669257
"Kyle Tucker",2026,"FA,FC,FS,SI,CH,SL,CU,KC,EP",1703,0.22,0.36666666666666664,0.41333333333333333,0.14516129032258066,0.0967741935483871,1038,665,1703,-3.438089020722255,3.5452440283206106,8.226891704638872,"Kyle Tucker","18345",663656
"Austin Riley",2026,"FA,FC,FO,FS,SI,CH,SL,CU,KN,KC,EP",1718,0.24621212121212122,0.32575757575757575,0.42803030303030304,0.24778761061946902,0.1415929203539823,1126,592,1718,-2.254385839563446,4.343555615444586,8.361867960419096,"Austin Riley","18360",663586
"Sam Antonacci",2026,"FA,FC,FS,SI,CH,SL,CU,KC,EP",1701,0.2555205047318612,0.4637223974763407,0.2807570977917981,0.11235955056179775,0.0898876404494382,1035,666,1701,-3.467833817166373,4.32093603440917,8.65076394238683,"Sam Antonacci","35101",803011
"Kerry Carpenter",2026,"FA,FC,FS,SI,CH,SL,CU,KC",909,0.20279720279720279,0.32167832167832167,0.4755244755244755,0.16176470588235295,0.19117647058823528,593,316,909,-2.572752198085809,2.819420757722773,8.095809269526956,"Kerry Carpenter","25961",681481
"Ian Happ",2026,"FA,FC,FO,FS,SI,CH,SL,CU,KN,KC,EP",2147,0.23161764705882354,0.39705882352941174,0.3713235294117647,0.15841584158415842,0.19801980198019803,1273,874,2147,-3.4565486905822063,3.9091295284629717,8.507349781555662,"Ian Happ","17919",664023
"Sal Stewart",2026,"FA,FC,FS,SI,CH,SL,CU,KC,EP",1965,0.20512820512820512,0.4586894586894587,0.33618233618233617,0.1016949152542373,0.2033898305084746,1278,687,1965,-2.1600537886513993,3.6707519241486013,8.231203887430029,"Sal Stewart","31505",701398
"Colton Cowser",2026,"FA,FC,FS,SI,CH,SL,CU,KC",1384,0.23036649214659685,0.41361256544502617,0.35602094240837695,0.11764705882352941,0.17647058823529413,857,527,1384,-3.276252980769509,3.1987625424638715,8.408843888005778,"Colton Cowser","29591",681297
"Kevin McGonigle",2026,"FA,FC,FS,SI,CH,SL,CU,KC,EP",2000,0.233983286908078,0.31754874651810583,0.44846796657381616,0.18633540372670807,0.08695652173913043,1171,829,2000,-3.2003762539165015,3.7078330912099986,8.6962357655,"Kevin McGonigle","33572",805808
"Yandy Díaz",2026,"FA,FC,FO,FS,SI,CH,SL,CU,KC",1786,0.24089635854341737,0.5350140056022409,0.22408963585434175,0.2375,0.175,1158,628,1786,-3.3080322298880174,4.7782513942833145,8.866340674692045,"Yandy Diaz","16578",650490
"Nico Hoerner",2026,"FA,FC,FO,FS,SI,CH,SL,CU,KN,KC,EP",1855,0.29009433962264153,0.42924528301886794,0.2806603773584906,0.2773109243697479,0.04201680672268908,1222,633,1855,-2.943440807547171,3.9918892411482463,8.266648801617249,"Nico Hoerner","21479",663538
"Eugenio Suárez",2026,"FA,FC,FO,FS,SI,CH,SL,CU,KC",1438,0.23786407766990292,0.33495145631067963,0.42718446601941745,0.26136363636363635,0.22727272727272727,937,501,1438,-3.546845908970793,4.050402460997912,8.562307668984703,"Eugenio Suarez","12552",553993
"William Contreras",2026,"FA,FC,FS,SI,CH,SL,CU,KN,KC,EP",1581,0.24489795918367346,0.40524781341107874,0.3498542274052478,0.25833333333333336,0.11666666666666667,1006,575,1581,-2.379530279639469,4.099063739203037,8.096508795762174,"William Contreras","20503",661388
"Christian Yelich",2026,"FA,FC,FS,SI,CH,SL,CU,KC,EP",1511,0.21428571428571427,0.5535714285714286,0.23214285714285715,0.07692307692307693,0.19230769230769232,912,599,1511,-2.6987222895234946,3.9043672252150885,7.776993659166114,"Christian Yelich","11477",592885
"Iván Herrera",2026,"FA,FC,FO,FS,SI,CH,SL,CU,KC",1903,0.20376175548589343,0.5266457680250783,0.26959247648902823,0.29069767441860467,0.13953488372093023,1228,675,1903,-3.046582518980557,3.841498412348924,8.363862507619551,"Ivan Herrera","20599",671056
"Yainer Diaz",2026,"FA,FC,FS,SI,CH,SL,CU,KC,EP",809,0.22705314009661837,0.5314009661835749,0.24154589371980675,0.24,0.24,559,250,809,-2.1544175960444987,3.5120912325092712,8.132583789864029,"Yainer Diaz","23003",673237
"Pete Crow-Armstrong",2026,"FA,FC,FO,FS,SI,CH,SL,CU,KN,KC,EP",1950,0.24183006535947713,0.2647058823529412,0.4934640522875817,0.24503311258278146,0.2251655629139073,1249,701,1950,-3.285789585558976,3.725114362482051,8.337617564102562,"Pete Crow-Armstrong","27769",691718
"Mike Yastrzemski",2026,"FA,FC,FO,FS,SI,CH,SL,CU,KN,KC,EP",1549,0.24789915966386555,0.3907563025210084,0.36134453781512604,0.19767441860465115,0.12790697674418605,958,591,1549,-3.171324535306649,4.439911815681083,8.65113718269851,"Mike Yastrzemski","14854",573262
"Josh Smith",2026,"FA,FC,FO,FS,SI,CH,SL,CU,KC",833,0.21641791044776118,0.35074626865671643,0.43283582089552236,0.1724137931034483,0.10344827586206896,541,292,833,-3.098710475630252,3.463139039543818,8.501192943577431,"Josh Smith","26396",669701
"Geraldo Perdomo",2026,"FA,FC,FS,SI,CH,SL,CU,KC",2011,0.3221884498480243,0.3465045592705167,0.331306990881459,0.1559633027522936,0.07339449541284404,1218,793,2011,-3.3573544002436586,4.20537855181502,8.409028417702636,"Geraldo Perdomo","22799",672695
"Yordan Alvarez",2026,"FA,FC,FS,SI,CH,SL,CU,KC",1922,0.2792207792207792,0.275974025974026,0.4448051948051948,0.11678832116788321,0.22627737226277372,1119,803,1922,-3.6369366528787697,4.329579507429761,8.868208360041622,"Yordan Alvarez","19556",670541
"Luis Arraez",2026,"FA,FC,FO,FS,SI,CH,SL,CU,KC,EP",1705,0.2775,0.32,0.4025,0.10559006211180125,0.031055900621118012,1147,558,1705,-3.7559701935483876,5.073113538780059,8.664091466862171,"Luis Arraez","18568",650333
"TJ Rumfield",2026,"FA,FC,FO,FS,SI,CH,SL,CU,KN,KC,EP",1690,0.28434504792332266,0.33865814696485624,0.3769968051118211,0.17796610169491525,0.1016949152542373,1031,659,1690,-2.5257304331952657,3.4429260464497045,7.649201030769229,"TJ Rumfield","29805",681198
"Alex Bregman",2026,"FA,FC,FO,FS,SI,CH,SL,CU,KN,KC,EP",2046,0.22631578947368422,0.38421052631578945,0.3894736842105263,0.2972972972972973,0.12837837837837837,1296,750,2046,-2.2511638874389064,3.697816239887584,7.93795026832845,"Alex Bregman","17678",608324
"Otto Lopez",2026,"FA,FC,FS,SI,CH,SL,CU,KN,KC",1867,0.22900763358778625,0.5012722646310432,0.2697201017811705,0.16981132075471697,0.07547169811320754,1225,642,1867,-2.5920756581735396,3.7673844160613763,8.400128103320833,"Otto Lopez","19608",672640
"Alika Williams",2026,"FA,FC,FS,SI,CH,SL,CU,KC,EP",452,0.21348314606741572,0.48314606741573035,0.30337078651685395,0.4074074074074074,0.07407407407407407,318,134,452,-2.233568097566372,3.7538177031415936,7.919194654867257,"Alika Williams","27604",675961
"Daylen Lile",2026,"FA,FC,FO,FS,SI,CH,SL,CU,KC,EP",1707,0.21839080459770116,0.2988505747126437,0.4827586206896552,0.1130952380952381,0.125,1132,575,1707,-3.013993605799647,3.941989484305799,8.47336324311658,"Daylen Lile","29995",695734
"Alec Burleson",2026,"FA,FC,FO,FS,SI,CH,SL,CU,KC",1760,0.2347560975609756,0.4176829268292683,0.3475609756097561,0.19298245614035087,0.19298245614035087,1152,608,1760,-3.3488294639772738,3.4034820083522743,8.306692561931822,"Alec Burleson","27615",676475
"Adolis García",2026,"FA,FC,FS,SI,CH,SL,CU,KC",796,0.24761904761904763,0.42857142857142855,0.3238095238095238,0.2647058823529412,0.08823529411764706,502,294,796,-2.749622055891959,4.289477859541458,8.56721575251256,"Adolis Garcia","19287",666969
"Luis Campusano",2026,"FA,FC,FO,FS,SI,CH,SL,CU,KC,EP",785,0.248,0.36,0.392,0.3469387755102041,0.12244897959183673,493,292,785,-2.4298289894904475,3.4756283629554146,8.054926615286625,"Luis Campusano","22217",669134
"Ben Rice",2026,"FA,FC,FS,SI,CH,SL,CU,KC,EP",1823,0.23443223443223443,0.38095238095238093,0.38461538461538464,0.0761904761904762,0.2857142857142857,1076,747,1823,-2.765644570559518,3.2235089004273187,8.375489914865605,"Ben Rice","29576",700250
"Spencer Torkelson",2026,"FA,FC,FS,SI,CH,SL,CU,KC,EP",1768,0.24786324786324787,0.3034188034188034,0.44871794871794873,0.2,0.21904761904761905,1075,693,1768,-2.1644981039875573,3.828740035590497,8.022966897624435,"Spencer Torkelson","27465",679529
"Jordan Walker",2026,"FA,FC,FO,FS,SI,CH,SL,CU,KC",1714,0.2120253164556962,0.4430379746835443,0.3449367088607595,0.27522935779816515,0.1834862385321101,1159,555,1714,-2.3274434366312735,3.7180877506242704,8.11118508459743,"Jordan Walker","27475",691023
"Fernando Tatis Jr.",2026,"FA,FC,FS,SI,CH,SL,CU,KC,EP",1888,0.23036649214659685,0.4895287958115183,0.2801047120418848,0.15887850467289721,0.14953271028037382,1184,704,1888,-3.348221360450212,3.9924003960487298,8.432028798040253,"Fernando Tatis Jr.","19709",665487
"Taylor Trammell",2026,"FA,FC,FS,SI,CH,SL,CU,KC",927,0.2116788321167883,0.38686131386861317,0.40145985401459855,0.23636363636363636,0.14545454545454545,584,343,927,-3.2626180170442276,4.088541309816613,8.92032026537217,"Taylor Trammell","19960",666211
"Casey Schmitt",2026,"FA,FC,FO,FS,SI,CH,SL,CU,KC",1067,0.21524663677130046,0.30493273542600896,0.4798206278026906,0.2523364485981308,0.15887850467289721,723,344,1067,-2.303754288406748,4.097203150431115,8.106211903467665,"Casey Schmitt","27577",669477
"Luis García Jr.",2026,"FA,FC,FO,FS,SI,CH,SL,CU,KC,EP",1678,0.2776203966005666,0.41076487252124644,0.311614730878187,0.21818181818181817,0.24545454545454545,1104,574,1678,-3.4165024016984518,3.1487298327175193,8.285493760429079,"Luis Garcia Jr.","20391",671277
"Eric Wagaman",2026,"FA,FC,FS,SI,CH,SL,CU,KC",37,0.14285714285714285,0.8571428571428571,0,0,0,27,10,37,-2.388638405405406,3.5053469999999995,8.743532243243244,"Eric Wagaman","23395",676572
"Joey Meneses",2026,"FA,FS,SI,SL,KC",27,0,0.4,0.6,0.6666666666666666,0,13,14,27,-2.4626983333333334,4.979890592592592,9.05371037037037,"Joey Meneses","14366",608841
"Miles Mikolas",2026,"FA",3,0,0,0,0,0,2,1,3,-2.11335,9.644483333333334,9.873473333333333,"Miles Mikolas","9803",571945
"Otto Kemp",2026,"FA,FS,SI,CH,SL,CU,KC",19,0.6666666666666666,0,0.3333333333333333,1,0,15,4,19,-5.402331489473684,2.253539210526316,9.32929947368421,"Otto Kemp","31792",805249
"Kyren Paris",2026,"FA,FC,SI,SL",22,0,0,0,0,0,12,10,22,-2.194582772727273,1.8127563181818183,7.494236818181818,"Kyren Paris","26420",677347
"César Salazar",2026,"FA,FC,FS,SI,CH,SL,CU",71,0.3,0.5,0.2,0,0,42,29,71,-4.151069330985916,3.266004128169014,8.657111070422536,"Cesar Salazar","21587",663967
"Jihwan Bae",2026,"FC,SI,CH",9,0,0,0,0,0,6,3,9,-4.370881111111111,6.03997,8.956330000000001,"Jihwan Bae","23818",678225
"Kyler Fedko",2026,"FA,FC,SI,CH,SL,CU,EP",27,0.16666666666666666,0.3333333333333333,0.5,0,0,19,8,27,-3.0894327814814804,4.200347777777778,8.514517037037036,"Kyler Fedko","29930",693459
"Aaron Sabato",2026,"FA,SI,SL",11,0,0,1,0,0,8,3,11,-4.205694545454546,5.02887989090909,9.493224545454545,"Aaron Sabato","27774",693306
"Dylan Moore",2026,"FA,FC,FS,SI,SL,CU",15,0,0,1,0,0,9,6,15,-3.0333224666666667,3.706620066666666,6.901855333333333,"Dylan Moore","18042",664238
"Scott Kingery",2026,"FA,SL",3,0,0.5,0.5,1,0,3,0,3,-1.705853333333333,7.516173333333332,8.512703333333333,"Scott Kingery","17975",664068
"James Triantos",2026,"FA,SI,CH,SL,KC,EP",15,0,0.5,0.5,0.5,0,9,6,15,-1.9721709340000002,3.7634936666666663,7.778528666666665,"James Triantos","29795",701649
"Luken Baker",2026,"FA,FS,SI,SL,CU",8,0,0,0,0,0,6,2,8,-2.1019963749999997,0.5974266375,6.532122500000001,"Luken Baker","21497",663609
"Trei Cruz",2026,"FA,FC,SI,CH,SL,CU",17,0,0.5,0.5,0,0,11,6,17,0.9503160588235294,2.7927421764705884,6.648293529411766,"Trei Cruz","27569",669360
"Will Wilson",2026,"FA,FC,FS,SL,CU",18,0,0.5,0.5,0,0,10,8,18,-1.362103111111111,5.2283382777777785,7.410499444444442,"Will Wilson","25434",669717
"Cristian Pache",2026,"FA,FS,SI,SL",22,0,0.5,0.5,1,0,15,7,22,-2.7979622727272737,4.359769656363638,9.091978181818181,"Cristian Pache","19948",665506
"Oliver Dunn",2026,"FA,FC,SI,CH,SL,CU,KC",27,0,0.8,0.2,1,0,18,9,27,-2.5119243333333334,4.65961037037037,9.33624851851852,"Oliver Dunn","26295",686554
"Logan Porter",2026,"SI,CH,SL",5,0,0,0,0,0,3,2,5,-5.007873999999999,-2.610736,10.026428,"Logan Porter","20626",682515
"Dylan Carlson",2026,"FA,FS,SL",4,0,0,1,0,0,3,1,4,-2.02112775,5.1344769999999995,7.448977499999999,"Dylan Carlson","20126",666185
"Andy Ibáñez",2026,"SI,SL",5,0,1,0,0,0,1,4,5,-0.8913120000000003,-0.24431598000000002,5.72018,"Andy Ibanez","18819",628451
"Will Brennan",2026,"FA,FC,SI,CH,SL,CU,KC",68,0.1111111111111111,0.4444444444444444,0.4444444444444444,0.625,0,54,14,68,-3.0505564764705886,5.129533294117647,9.755919705882352,"Will Brennan","25660",686823
"BJ Murray Jr.",2026,"FA,SI,CH,SL",20,0,0,1,0,0,14,6,20,-1.0390445500000003,6.051353000000001,7.5017665000000004,"BJ Murray Jr.","29767",681230
"Davis Wendzel",2026,"FA,SL",7,0,1,0,0,0,4,3,7,1.22092,3.9720664285714284,9.429505714285714,"Davis Wendzel","26469",673995
"Michael Siani",2026,"EP",4,0,1,0,0,0,2,2,4,-3.3686724999999997,6.6307225,7.483417500000001,"Michael Siani","22557",672279
"Randy Vásquez",2026,"EP",1,0,1,0,0,0,1,0,1,-1.29958,6.03296,6.17134,"Randy Vasquez","24719",681190
"Maverick Handley",2026,"FC,SL",4,0,0,0,0,0,3,1,4,1.51802,3.7219025000000006,4.1258875,"Maverick Handley","26106",668974
"Blake Hunt",2026,"FA,CH,SL",7,0,0,0,0,0,4,3,7,-8.364260571428572,5.048665714285714,10.27048142857143,"Blake Hunt","23209",675448
"Ryan Bliss",2026,"FA,FC,SI,SL",26,0,0.5,0.5,0,0,15,11,26,-2.8148663846153847,7.447065,9.281353846153847,"Ryan Bliss","29547",669208
"Rudy Martin Jr.",2026,"FA,SL,CU",7,0,1,0,0,0,3,4,7,2.5624499999999997,2.6015142857142863,8.794661428571429,"Rudy Martin Jr.","18582",657675
"José Barrero",2026,"FA,FC,SI,SL",11,0,0.3333333333333333,0.6666666666666666,0.5,0,10,1,11,3.512501818181818,2.1808952818181817,8.604062727272726,"Jose Barrero","23378",676480
"Deyvison De Los Santos",2026,"FA,FC,SI,CH,SL,CU",67,0.1,0.5,0.4,0.25,0,43,24,67,-1.4028132835820897,3.194821088059702,7.0170492686567165,"Deyvison De Los Santos","27969",691277
"Eddys Leonard",2026,"FA,FC,FS,SI,CH,SL",13,0.5,0.5,0,0,0,9,4,13,-3.361527615384616,3.455166,6.255647000000001,"Eddys Leonard","24151",678760
"Stuart Fairchild",2026,"FA,FC,FS,SI,SL,CU",21,0,1,0,0,0,13,8,21,-1.4027309999999997,3.299064428571428,8.742535238095238,"Stuart Fairchild","20321",656413
"Collin Price",2026,"FA,FC,SI,CH,SL,CU",43,0,0.6,0.4,0,0,29,14,43,-1.342703488372093,3.2589759069767443,7.1074307906976735,"Collin Price","31415",805672
"Daniel Johnson",2026,"FA,FC,FS,SI,CH,SL,CU",46,0.125,0.5,0.375,0.6666666666666666,0,27,19,46,-2.5167155434782607,6.356435763043479,9.693750217391306,"Daniel Johnson","19643",669288
"Tommy Pham",2026,"FA,FS,CH,SL,CU",20,0.5,0.5,0,0,0,13,7,20,-1.7112451499999999,5.4598698500000005,9.0158965,"Tommy Pham","2967",502054
"Nick Solak",2026,"FA,FC,CH,SL",6,0.5,0.5,0,0,0,5,1,6,-2.1503833333333335,5.545905,7.296418333333333,"Nick Solak","19294",669256
"Addison Barger",2026,"FA,FC,SI,CH,SL,CU,KC",94,0.21428571428571427,0.35714285714285715,0.42857142857142855,0,0,55,39,94,-3.242495722340425,4.096368489361702,8.580103617021274,"Addison Barger","24598",680718
"Chad Stevens",2026,"FA,FC,FS,SI,SL,CU,KC,EP",61,0.5,0.125,0.375,0,0,39,22,61,-2.0083895081967214,2.9881177049180323,7.000036672131148,"Chad Stevens","29614",677060
"Jeimer Candelario",2026,"FA,FC,FS,SI,CH,SL,CU,KC",49,0.25,0.375,0.375,0,0,36,13,49,-2.9822637989795915,4.528391589795919,7.094432632653059,"Jeimer Candelario","13621",600869
"Andrew Velazquez",2026,"FA,FC,FS,SI,CH,SL,CU",35,0.2222222222222222,0.3333333333333333,0.4444444444444444,0.5,0,27,8,35,-1.666348371428571,1.80752604,6.341676857142856,"Andrew Velazquez","14196",623205
"Brian Navarreto",2026,"FA,FC,FS,SI,CH,SL,CU,EP",75,0,0.6666666666666666,0.3333333333333333,0.6666666666666666,0,48,27,75,-2.3011475200000007,4.6652275733333335,7.820107040000001,"Brian Navarreto","16398",640459
"Shawn Ross",2026,"FA,FC,SI,SL,CU",21,0,0.3333333333333333,0.6666666666666666,0,0.5,13,8,21,2.936311428571428,2.3073582380952384,7.758128095238096,"Shawn Ross","32054",676566
"Bo Davidson",2026,"FA,FC,FS,CH,SL,CU",29,0.25,0.75,0,0,0,19,10,29,-3.6586298620689646,5.880190689655173,9.314626896551722,"Bo Davidson","33405",815589
"Greg Jones",2026,"FA,FC,FS,SI,CH,SL,CU",54,0.1111111111111111,0.6666666666666666,0.2222222222222222,0.5,0,42,12,54,-3.7087233481481485,5.102274240740741,8.71124925925926,"Greg Jones","25448",675659
"Colby Thomas",2026,"FA,FS,SI,SL,CU",59,0.1,0.5,0.4,0.25,0,47,12,59,-2.676544101694915,3.915563881355933,7.919512203389831,"Colby Thomas","31855",687515
"Jared Oliva",2026,"FA,FC,SI,SL",16,0.25,0.25,0.5,0,0,13,3,16,-1.147846875,4.696587500000001,8.68129375,"Jared Oliva","19968",666931
"DaShawn Keirsey Jr.",2026,"EP",1,1,0,0,0,0,1,0,1,-0.558255,7.40316,7.42417,"DaShawn Keirsey Jr.","24496",680577
"Kenny Piper",2026,"FA,FC,SI,CH,SL,KC",24,0,0.4,0.6,0.3333333333333333,0,16,8,24,-1.2802949166666668,1.8786598934166665,6.094905458333334,"Kenny Piper","29962",700652
"Luke Maile",2026,"FA,FC,SI,SL,CU,KC,EP",54,0.25,0.625,0.125,0,0,34,20,54,-1.0206518425925921,3.9404563999999995,7.806300370370371,"Luke Maile","13355",571912
"Aramis Garcia",2026,"FA,FC,FS,SI,SL,EP",53,0.3,0.3,0.4,0,0,36,17,53,-2.8567961698113202,4.334613058490567,8.359218679245283,"Aramis Garcia","16925",605244
"Ivan Johnson",2026,"FA,FC,CH,SL,CU",35,0,0.6666666666666666,0.3333333333333333,0,0,22,13,35,-0.34803428571428574,2.5521001714285716,8.0662686,"Ivan Johnson","27593",671155
"Kyle Farmer",2026,"FA,FC,SI,CH,SL,CU,EP",15,0.4,0.4,0.2,0,0,13,2,15,-3.9453878666666666,4.163971933333333,8.413050666666667,"Kyle Farmer","14813",571657
"Ben Ross",2026,"FA,FC,SI,CH,SL,CU",60,0.25,0.5,0.25,1,0,42,18,60,-2.2920072666666673,4.9057691949999995,7.589497666666665,"Ben Ross","31710",805346
"Omar Martinez",2026,"FA,FC,SI,CU",12,0,0.5,0.5,0,0,7,5,12,-6.920688916666666,3.880524166666666,10.462940833333333,"Omar Martinez","25369",683079
"Ben Rortvedt",2026,"FA,FC,FS,SI,CH,SL,CU",58,0.14285714285714285,0.42857142857142855,0.42857142857142855,0,0,39,19,58,-3.8919055862068967,4.993102844827587,8.468919310344827,"Ben Rortvedt","20287",666163
"Jonathan Ornelas",2026,"FA,FC,SI,CH,SL,EP",17,0,0,1,0,0,13,4,17,-3.2596831764705883,2.8807204117647056,7.238590588235294,"Jonathan Ornelas","24597",680716
"Oswaldo Cabrera",2026,"FA,FC,FS,SI,CH,SL,CU,KC",45,0.125,0.875,0,0,0,34,11,45,-1.6523231999999999,3.957651733333334,8.828367777777778,"Oswaldo Cabrera","21707",665828
"Vidal Bruján",2026,"FA,FS,SI,CH,SL,CU",27,0.16666666666666666,0.5,0.3333333333333333,1,0,15,12,27,-4.899487333333333,5.21692962962963,8.878801481481482,"Vidal Brujan","20536",660644
"Steward Berroa",2026,"FA,SL",3,0.5,0,0.5,0,0,3,0,3,-1.2046323333333333,4.226186666666667,5.566026666666667,"Steward Berroa","22766",672642
"Jonah Bride",2026,"FA,FC,SI,SL,CU",11,0,0.5,0.5,0,0,8,3,11,-1.3132285454545454,4.34615,7.1089745454545445,"Jonah Bride","24703",681146
"Victor Mederos",2026,"EP",3,0,1,0,0,0,2,1,3,-1.2825106666666668,7.26073,7.415489999999999,"Victor Mederos","31533",682989
"Johnathan Rodríguez",2026,"FC,SI",7,0,1,0,0,0,5,2,7,-5.2065018571428565,2.9279628285714288,6.154200000000001,"Johnathan Rodriguez","22530",671286
"Carlos Santana",2026,"FA,FC,FS,SI,CH,SL,CU",89,0.23076923076923078,0.15384615384615385,0.6153846153846154,0.5,0,62,27,89,-3.224329224719101,4.932273265168539,8.859997528089888,"Carlos Santana","2396",467793
"Jace Jung",2026,"FA,FC,SI,CH,SL,CU",39,0.6666666666666666,0.16666666666666666,0.16666666666666666,0,0,23,16,39,-5.072658457692308,4.209330984615385,8.543595487179488,"Jace Jung","31437",690291
"Brett Harris",2026,"FA,FC,FS,SI,CH,SL,CU,EP",81,0,0.375,0.625,0,0,51,30,81,-2.476805827160494,4.888332241975308,8.341504456790123,"Brett Harris","29788",695391
"César Prieto",2026,"FA,FC,FS,SI,CH,SL,CU,KC",97,0.18518518518518517,0.6296296296296297,0.18518518518518517,0,0,62,35,97,-4.8075141030927835,4.0663973601030925,9.035408237113403,"Cesar Prieto","30163",693409
"Daz Cameron",2026,"FA,FC,SI,SL",15,0.6666666666666666,0,0.3333333333333333,0,0,11,4,15,-6.760376666666667,6.123098666666667,10.439302666666666,"Daz Cameron","18353",663662
"Sam Haggerty",2026,"FA,FC,FS,CH,SL,CU,KC,EP",39,0,0.875,0.125,0,0,29,10,39,-0.48053682051282026,3.0293120769230772,8.693388717948718,"Sam Haggerty","18054",664059
"Kevin Alcántara",2026,"FA,FS,SI,CH,SL,CU,EP",40,0.6,0.2,0.2,0,0,28,12,40,-1.629251745,3.1402349225,7.725340407500001,"Kevin Alcantara","25971",682634
"Hayden Senger",2026,"FA,FC,FS,SI,SL,CU,EP",52,0.18181818181818182,0.5454545454545454,0.2727272727272727,0.3333333333333333,0.3333333333333333,38,14,52,-3.1759778307692312,4.501135688461539,8.085067519230769,"Hayden Senger","21489",663584
"Rob Refsnyder",2026,"FA,FC,FS,SI,CH,SL,CU",74,0.38461538461538464,0.15384615384615385,0.46153846153846156,0.16666666666666666,0,47,27,74,-2.5920496486486484,4.721411891891893,8.646359324324324,"Rob Refsnyder","13770",608701
"Michael Stefanic",2026,"FA,FC,SI,SL,CU",23,0.4,0.6,0,0,0,15,8,23,-2.3374360869565223,3.343873439130435,7.031438260869566,"Michael Stefanic","25353",683021
"Sam Huff",2026,"FA,FS,SI,CH,SL,KC,EP",76,0.2222222222222222,0.3333333333333333,0.4444444444444444,0.25,0,58,18,76,-2.763834736842106,3.9313030921052636,8.733935605263158,"Sam Huff","22209",669087
"Vimael Machín",2026,"FA,SI,CH,SL,CU",18,0.3333333333333333,0.6666666666666666,0,0,0,10,8,18,-1.4716394444444445,2.963299111111111,7.10114,"Vimael Machin","17684",605353
"Gabriel Gonzalez",2026,"FA,FC,SI,CH,SL",18,0,1,0,0,0,13,5,18,2.007757777777778,6.6797861111111105,9.776161666666667,"Gabriel Gonzalez","28833",694224
"Michael Toglia",2026,"FA,FC,FS,SI,CH,SL,CU,KC",77,0.36363636363636365,0.36363636363636365,0.2727272727272727,0,0,52,25,77,-4.524351411688311,2.599615527272727,8.683617532467531,"Michael Toglia","25845",669911
"Cooper Ingle",2026,"FA,FC,FS,SI,CH,SL,CU,KC",94,0.14285714285714285,0.8571428571428571,0,0,0,57,37,94,-1.337417996808511,3.050416244680851,7.446001053191489,"Cooper Ingle","33708",694876
"Andrew Pinckney",2026,"FA,FC,FS,SI,SL,CU",53,0.14285714285714285,0.5714285714285714,0.2857142857142857,0,0,32,21,53,-2.423738583018868,4.7848407735849054,7.850079037735848,"Andrew Pinckney","33357",687605
"Eliezer Alfonzo",2026,"FA,FC,FS,SI,CH,SL,CU",52,0.16666666666666666,0.3333333333333333,0.5,0.16666666666666666,0,37,15,52,-6.1752682499999985,5.204982307692308,9.711657884615384,"Eliezer Alfonzo","22741",672613
"Felix Reyes",2026,"FA,FC,FS,SI,CH,SL,CU,KC",51,0.3076923076923077,0.38461538461538464,0.3076923076923077,0.25,0,38,13,51,-2.6177250235294114,2.69470864117647,7.639142019607842,"Felix Reyes","28763",694025
"Jared Serna",2026,"FA,FC,SI,SL",27,0,0.5,0.5,0.6666666666666666,0,19,8,27,-5.992377074074073,4.897429222222223,9.495215148148148,"Jared Serna","28326",691858
"Bryce Teodosio",2026,"FA,FC,FS,SI,SL,CU",88,0.07692307692307693,0.5384615384615384,0.38461538461538464,0.6,0,56,32,88,-3.0539898477272724,4.763108818181819,9.002303977272728,"Bryce Teodosio","29524",669326
"Scott Bandura",2026,"FA,FC,FS,SI,CH,SL,CU,KC",72,0.4,0.2,0.4,0.5,0,48,24,72,-2.490375194722222,5.157411861111112,9.020497375,"Scott Bandura","33398",814154
"Gustavo Campero",2026,"FA,FC,FS,SI,SL,CU",27,0.25,0.25,0.5,0,0,18,9,27,-4.254918148148148,2.972501666666667,9.493599629629628,"Gustavo Campero","22707",672569
"Sandy León",2026,"FA,FC,SI,CH,SL,CU",100,0.14285714285714285,0.42857142857142855,0.42857142857142855,0.3333333333333333,0,72,28,100,-3.5001892999999997,4.597834398,8.83952866,"Sandy Leon","5273",506702
"Tanner Murray",2026,"FA,FC,SI,CH,SL,CU",31,0,0.42857142857142855,0.5714285714285714,0.25,0,16,15,31,-3.332362516129033,6.190179677419356,9.87372341935484,"Tanner Murray","28848",695020
"Chuckie Robinson",2026,"FA,FC,SI,CH,SL,CU",65,0.18181818181818182,0.36363636363636365,0.45454545454545453,0.6,0,46,19,65,-3.630227230769231,5.365999711076923,8.276931461538462,"Chuckie Robinson","19824",642020
"Michael Helman",2026,"FA,FC,FS,SI,CH,SL,CU",65,0.15384615384615385,0.5384615384615384,0.3076923076923077,0.5,0,47,18,65,-3.687587138461538,3.5265219107692314,7.839891230769231,"Michael Helman","24605",680737
"Matthew Lugo",2026,"FA,FC,SI,SL",22,0,0.4,0.6,0.6666666666666666,0,13,9,22,-0.4967519800000002,4.673149936363637,6.18010090909091,"Matthew Lugo","25980",683090
"Trey Mancini",2026,"FA,FC,SI,CH,SL,CU",37,0.1111111111111111,0.6666666666666666,0.2222222222222222,0,0,26,11,37,-0.9409364864864865,3.6364485405405413,8.282032702702702,"Trey Mancini","15149",641820
"Blake Perkins",2026,"FA,FC,FS,SI,CH,SL,CU,EP",168,0.09090909090909091,0.5909090909090909,0.3181818181818182,0.2857142857142857,0,110,58,168,-2.973671504761905,4.540571895833333,8.923779553571428,"Blake Perkins","19921",663368
"José Azócar",2026,"FA,FC,SI,SL",19,0,0.75,0.25,0,0,12,7,19,-2.0810486842105265,5.406521578947368,8.02221,"Jose Azocar","18821",640492
"Rowdy Tellez",2026,"FA,FC,SI,CH,SL,KC",42,0.4,0.2,0.4,0,0.5,29,13,42,-4.625462095238095,4.488687673809524,8.483387928571428,"Rowdy Tellez","15679",642133
"Ryan Ritter",2026,"FA,FC,FS,SI,CH,SL,EP",35,0.625,0.125,0.25,0,0,25,10,35,-3.7031418285714284,6.597388114285714,9.402617428571428,"Ryan Ritter","31500",690022
"Junior Perez",2026,"FA,FC,SI,SL,CU",35,0.25,0.5,0.25,0,2,21,14,35,-1.0554879114285713,5.522528828571428,8.450234,"Junior Perez","23989",678577
"Austin Slater",2026,"FA,FC,FS,SI,CH,SL,CU",35,0,1,0,0,0,24,11,35,-0.6738420571428574,3.304972228571429,7.284509285714285,"Austin Slater","16153",596103
"Patrick Wisdom",2026,"FA,FC,FS,SI,CH,SL,CU,KC",98,0.25,0.1875,0.5625,0.2222222222222222,0.1111111111111111,66,32,98,-3.1439007755102044,5.6676109489795925,8.9004535,"Patrick Wisdom","13602",621550
"Zack Short",2026,"FA,FC,FS,SI,CH,SL,CU,KC,EP",155,0.10526315789473684,0.21052631578947367,0.6842105263157895,0.3076923076923077,0,100,55,155,-2.3584765692258065,4.494177667612902,8.802074967741937,"Zack Short","19562",670097
"Justin Dean",2026,"FA,SI,SL,CU,KC,EP",33,0.5,0.5,0,0,0,21,12,33,-1.6833581424242425,4.885768727272727,8.251047272727273,"Justin Dean","25005",681909
"Will Banfield",2026,"FA,FC,FS,SI,CH,SL,CU",30,0.3333333333333333,0.2222222222222222,0.4444444444444444,0.5,0,23,7,30,-4.5749321400000005,4.721877496666667,8.677763666666666,"Will Banfield","23790",677943
"Jahmai Jones",2026,"FA,FC,FS,SI,SL,CU,EP",84,0.21428571428571427,0.2857142857142857,0.5,0.5714285714285714,0,60,24,84,-2.319286488095238,4.521225448809524,8.674118809523808,"Jahmai Jones","18872",663330
"Jerar Encarnacion",2026,"FA,FC,FO,FS,SI,CH,SL,CU,KC",74,0,0.5714285714285714,0.42857142857142855,0.16666666666666666,0,54,20,74,-0.6477233783783781,3.587001097297297,9.495426756756757,"Jerar Encarnacion","21871",666464
"Ryan Mountcastle",2026,"FA,FC,SI,CH,SL,KC",36,0.2222222222222222,0.6666666666666666,0.1111111111111111,0,0,26,10,36,0.12767655000000014,3.470493888888889,8.170723333333333,"Ryan Mountcastle","18373",663624
"Luis Matos",2026,"FA,FS,SI,SL,EP",25,0.16666666666666666,0.3333333333333333,0.5,1,0,16,9,25,-4.3976453187999995,7.38169304,9.815490399999998,"Luis Matos","26467",682641
"Nate Furman",2026,"FA,FC,FS,SI,CH,SL,CU",146,0.09090909090909091,0.7272727272727273,0.18181818181818182,0.25,0,89,57,146,-2.259384890410959,4.382931511643837,8.219867801369864,"Nate Furman","31988",801501
"Braxton Fulford",2026,"FA,FC,SI,CH,SL,CU,EP",89,0.3076923076923077,0.23076923076923078,0.46153846153846156,0.16666666666666666,0.16666666666666666,58,31,89,-3.026626830337079,3.3993747797752807,7.423804235955057,"Braxton Fulford","29704",690924
"Carson Williams",2026,"FA,FC,SI,CH,SL,CU",84,0.13333333333333333,0.26666666666666666,0.6,0.5555555555555556,0.1111111111111111,55,29,84,-2.9543390238095233,3.704136261904762,8.585153571428572,"Carson Williams","30038",700246
"Michael Arroyo",2026,"FA,FC,SI,CH,SL",44,0.16666666666666666,0.3333333333333333,0.5,0.16666666666666666,0.16666666666666666,28,16,44,-1.970018711363636,5.229063977272728,7.568539545454545,"Michael Arroyo","30384",703197
"Heston Kjerstad",2026,"FA,FC,FO,SI,CH,SL,CU,KC",65,0.4,0.4,0.2,0,0,48,17,65,-2.0492431738461536,3.3665806461538463,8.87751433846154,"Heston Kjerstad","31166",677008
"Miles Mastrobuoni",2026,"FA,FC,FS,SI,CH,SL,CU,KC",102,0.25,0.4375,0.3125,0,0,66,36,102,-2.7753901666666665,4.574765598039217,8.60052332352941,"Miles Mastrobuoni","20017",670156
"Travis d'Arnaud",2026,"FA,FC,FS,SI,CH,SL,CU,KC",148,0.11538461538461539,0.5,0.38461538461538464,0.2,0,98,50,148,-3.4919629087837842,5.42003,9.142250405405406,"Travis d'Arnaud","7739",518595
"Chadwick Tromp",2026,"FA,FC,SI,CH,SL,CU,KC",124,0.21739130434782608,0.5217391304347826,0.2608695652173913,0.16666666666666666,0,91,33,124,-3.2773075322580643,4.319415349193548,7.7796144193548376,"Chadwick Tromp","16953",644433
"Buddy Kennedy",2026,"FA,FC,FS,SI,CH,SL,CU",76,0.21428571428571427,0.2857142857142857,0.5,0.5714285714285714,0,50,26,76,-3.376598553947369,3.999147184210526,8.371417447368422,"Buddy Kennedy","22505",671083
"Jonatan Clase",2026,"FA,FC,SI,CH,SL,KN,KC",79,0,0.5555555555555556,0.4444444444444444,0,0.5,45,34,79,-5.048768949367088,3.5831392531645574,8.923828063291138,"Jonatan Clase","26599",682729
"Reese McGuire",2026,"FA,FC,FS,SI,CH,SL,CU,EP",99,0.21052631578947367,0.42105263157894735,0.3684210526315789,0.2857142857142857,0,73,26,99,-2.803873494949495,4.718511776767677,8.935768282828283,"Reese McGuire","15674",624512
"Connor Joe",2026,"FA,FC,FS,SI,CH,SL,CU",91,0.45454545454545453,0.2727272727272727,0.2727272727272727,0,0,54,37,91,-1.4448218813186815,3.6569446065934064,8.280249725274725,"Connor Joe","16572",656582
"Billy Cook",2026,"FA,FC,SI,CH,SL,CU,KC,EP",65,0.15384615384615385,0.3076923076923077,0.5384615384615384,0.42857142857142855,0,52,13,65,-0.4273801015384616,2.466839461538461,7.169150923076923,"Billy Cook","29573",695257
"Nate Eaton",2026,"FA,FC,FS,SI,CH,SL,CU",106,0.29411764705882354,0.4117647058823529,0.29411764705882354,0.4,0.2,64,42,106,-3.062639583962264,4.206122820754717,8.254350471698114,"Nate Eaton","25055",681987
"CJ Kayfus",2026,"FA,FC,FS,SI,CH,SL,CU,KC",99,0.07692307692307693,0.3076923076923077,0.6153846153846154,0.125,0.125,63,36,99,-3.7614173232323234,4.5154282828282835,9.96887984848485,"CJ Kayfus","33704",692216
"Jase Bowen",2026,"FA,FC,FS,SI,CH,SL,CU,KC,EP",177,0.28,0.44,0.28,0.14285714285714285,0,129,48,177,-3.295120841807909,3.3819685736723155,8.2339852259887,"Jase Bowen","26047",687749
"Denzel Clarke",2026,"FA,FC,FO,FS,SI,CH,SL,CU",188,0.047619047619047616,0.7619047619047619,0.19047619047619047,0.5,0,117,71,188,-3.7077328553191484,5.206228727659575,9.324620925531915,"Denzel Clarke","29858",672016
"LuJames Groover",2026,"FA,FC,FS,SI,CH,SL,CU,KC",120,0.2608695652173913,0.4782608695652174,0.2608695652173913,0.6666666666666666,0,77,43,120,-1.817854099,3.848695113333333,8.309918108333333,"LuJames Groover","33552",694410
"Emmanuel Rodriguez",2026,"FA,FC,FS,SI,CH,SL,CU",122,0.25,0.25,0.5,0.375,0.25,84,38,122,-3.793166532786886,3.757313644262295,8.849407786885244,"Emmanuel Rodriguez","28084",691181
"Christian Franklin",2026,"FA,FC,FS,SI,CH,SL,CU",116,0.05263157894736842,0.7368421052631579,0.21052631578947367,0.5,0,69,47,116,-2.560776945,4.503535381379311,7.858379379310346,"Christian Franklin","29896",681047
"Ramón Urías",2026,"FA,FC,FO,FS,SI,CH,SL,CU",209,0.14285714285714285,0.42857142857142855,0.42857142857142855,0.3333333333333333,0,140,69,209,-2.0020078177033493,3.693224076100478,7.982417593301435,"Ramon Urias","18795",602104
"P.J. Higgins",2026,"FA,FC,FS,SI,CH,SL,CU,KC",110,0.35294117647058826,0.29411764705882354,0.35294117647058826,0.16666666666666666,0,69,41,110,-3.9865057090909097,3.839279851818182,9.3440167,"P.J. Higgins","18433",664731
"Rafael Marchán",2026,"FA,FC,FS,SI,CH,SL,CU,KC",260,0.19230769230769232,0.28846153846153844,0.5192307692307693,0.48148148148148145,0.037037037037037035,175,85,260,-3.787269224615385,5.357365648846154,8.706032065384615,"Rafael Marchan","21646",665561
"Carlos Jorge",2026,"FA,FC,FS,SI,CH,SL,CU,KC",145,0.2916666666666667,0.5,0.20833333333333334,0.4,0.2,102,43,145,-3.0575395137931034,2.7487399914482755,9.251183151724137,"Carlos Jorge","29455",699115
"Josue De Paula",2026,"FA,FC,FS,SI,CH,SL,CU,KC",116,0.4375,0.25,0.3125,0,0.2,63,53,116,-2.2479268112068964,2.9900580293103447,7.934659982758621,"Josue De Paula","30871",800543
"Max Schuemann",2026,"FA,FC,FS,SI,CH,SL,CU,KC,EP",172,0.2727272727272727,0.2727272727272727,0.45454545454545453,0.1,0.1,98,74,172,-2.7906214360465116,4.487447466279071,8.657056075581396,"Max Schuemann","24488",680474
"Grant McCray",2026,"FA,FC,FO,FS,SI,CH,SL,CU,KC",280,0.17647058823529413,0.4411764705882353,0.38235294117647056,0.3076923076923077,0.15384615384615385,164,116,280,-2.6832912614285713,3.7716251238214276,8.150155217857144,"Grant McCray","25690",687529
"John Peck",2026,"FA,FC,FS,SI,CH,SL,CU,KC",180,0.2727272727272727,0.36363636363636365,0.36363636363636365,0.4166666666666667,0,114,66,180,-3.3120985722222227,4.688855126111111,8.775483738888887,"John Peck","33500",807726
"Nelson Velázquez",2026,"FA,FC,FS,SI,CH,SL,CU",137,0.3333333333333333,0.2777777777777778,0.3888888888888889,0.14285714285714285,0.14285714285714285,84,53,137,-1.5079941437956206,3.686037912408759,7.62060291970803,"Nelson Velazquez","23359",676369
"Lucas Spence",2026,"FA,FC,FS,SI,CH,SL,CU,KC,EP",146,0.2631578947368421,0.42105263157894735,0.3157894736842105,0.16666666666666666,0.5,96,50,146,-3.167661157534247,4.128848073972603,8.609313356164384,"Lucas Spence","35126",828599
"Harry Ford",2026,"FA,FC,FO,FS,SI,CH,SL,CU,KC",265,0.10256410256410256,0.5897435897435898,0.3076923076923077,0.25,0.16666666666666666,154,111,265,-3.232961568301887,4.647322126037736,8.469521226415093,"Harry Ford","29958",695670
"Eloy Jiménez",2026,"FA,FC,FS,SI,SL,CU,KC",84,0.2857142857142857,0.35714285714285715,0.35714285714285715,0.2,0,55,29,84,-0.3762582523809523,3.4786583690476194,7.516374880952381,"Eloy Jimenez","17484",650391
"Romy Gonzalez",2026,"FA,FC,FS,SI,CH,SL,CU,KC",124,0.19047619047619047,0.5714285714285714,0.23809523809523808,0.2,0,85,39,124,-3.5101869032258066,3.5965057153225803,8.838166491935485,"Romy Gonzalez","21562",663853
"Andrew McCutchen",2026,"FA,FC,FS,SI,CH,SL,CU,KC",151,0.125,0.625,0.25,0.25,0,92,59,151,-1.4699198132450328,3.6445324862251653,8.69229782781457,"Andrew McCutchen","9847",457705
"Rikuu Nishida",2026,"FA,FC,FS,SI,CH,SL,CU,KC",87,0.35,0.55,0.1,0,0,62,25,87,-2.5406413321839083,4.105688453103449,8.653573390804596,"Rikuu Nishida","33795",807747
"Jhostynxon Garcia",2026,"FA,FC,FS,SI,CH,SL,CU,KC",115,0.2,0.6,0.2,0.25,0,83,32,115,-0.35987611304347816,3.815538609565217,7.2811292000000005,"Jhostynxon Garcia","28142",691373
"Rece Hinds",2026,"FA,FC,FS,SI,CH,SL,CU",132,0.18181818181818182,0.45454545454545453,0.36363636363636365,0.25,0,86,46,132,-1.4405867424242425,4.161683071969698,8.140878196969695,"Rece Hinds","27493",677956
"Cam Cauley",2026,"FA,FC,FS,SI,CH,SL,CU,EP",103,0.3,0.4,0.3,0.6666666666666666,0,64,39,103,-3.2252372543689316,5.648817252427184,8.861366310679612,"Cam Cauley","29710",695508
"Austin Hays",2026,"FA,FC,FS,SI,CH,SL,CU,KC,EP",189,0.21875,0.5625,0.21875,0.14285714285714285,0.14285714285714285,127,62,189,-1.1997305349206346,3.673831318518518,7.2352866455026446,"Austin Hays","19363",669720
"Luis Urías",2026,"FA,FC,SI,CH,SL,CU,KC",84,0.15789473684210525,0.47368421052631576,0.3684210526315789,0.14285714285714285,0.2857142857142857,60,24,84,-2.881873476190476,3.163660085714286,9.246760357142858,"Luis Urias","16622",649966
"Joey Wiemer",2026,"FA,FC,FO,FS,SI,CH,SL,CU,KC",161,0.16666666666666666,0.6111111111111112,0.2222222222222222,0.5,0,98,63,161,-1.3161488745341616,3.524306847826087,8.16092158385093,"Joey Wiemer","27690",686894
"Kameron Misner",2026,"FA,FC,FS,SI,CH,SL,CU,KC,EP",133,0.25,0.25,0.5,0.25,0,83,50,133,-3.9402687225563917,4.1381958045112786,9.032569060150376,"Kameron Misner","26374",670224
"Gage Workman",2026,"FA,FC,FS,SI,CH,SL,CU,KC",150,0.2916666666666667,0.375,0.3333333333333333,0,0.25,105,45,150,-2.9252123400000003,3.8726965920000005,8.717760079999998,"Gage Workman","27573",669398
"Jordan Beck",2026,"FA,FC,FS,SI,CH,SL,CU,KC,EP",310,0.15384615384615385,0.4423076923076923,0.40384615384615385,0.38095238095238093,0,208,102,310,-2.8284524674193547,3.6123547296774183,7.76226228064516,"Jordan Beck","31431",687597
"Ronny Mauricio",2026,"FA,FC,FS,SI,CH,SL,CU,KC",150,0.18518518518518517,0.5925925925925926,0.2222222222222222,0.3333333333333333,0.16666666666666666,115,35,150,-2.394270131133333,3.044461695133333,8.671038133333333,"Ronny Mauricio","23698",677595
"Jonathan India",2026,"FA,FC,FS,SI,CH,SL,CU",136,0.13636363636363635,0.18181818181818182,0.6818181818181818,0.4666666666666667,0.06666666666666667,86,50,136,-1.9725312352941178,5.189676588235295,8.870104264705883,"Jonathan India","21523",663697
"Yohandy Morales",2026,"FA,FC,FS,SI,CH,SL,CU",100,0.1111111111111111,0.5,0.3888888888888889,0.14285714285714285,0.42857142857142855,68,32,100,-1.283948268,3.296261869,7.196782119999999,"Yohandy Morales","33361",691002
"Brian Serven",2026,"FA,FC,FS,SI,CH,SL,CU",188,0.26666666666666666,0.36666666666666664,0.36666666666666664,0.09090909090909091,0.2727272727272727,129,59,188,-2.9658209042553194,4.522201903191489,8.664143462765956,"Brian Serven","19422",661531
"Ethan Salas",2026,"FA,FC,FS,SI,CH,SL,CU,KC",115,0.09523809523809523,0.3333333333333333,0.5714285714285714,0.16666666666666666,0.16666666666666666,78,37,115,-2.66801755478261,3.2645140017391303,8.001839913043478,"Ethan Salas","32051",806956
"Raynel Delgado",2026,"FA,FC,FS,SI,CH,SL,CU,KC",101,0.24,0.48,0.28,0.14285714285714285,0,64,37,101,-3.816138990099011,4.700286817524751,8.889512574257427,"Raynel Delgado","22272",669384
"Brewer Hicklen",2026,"FA,FC,FS,SI,CH,SL,CU,KC,EP",133,0.2857142857142857,0.5,0.21428571428571427,0,0,84,49,133,-4.502736270676691,4.679523353383457,8.78783879699248,"Brewer Hicklen","20450",676551
"Nick Morabito",2026,"FA,FC,FS,SI,CH,SL,CU,KC",108,0.29411764705882354,0.47058823529411764,0.23529411764705882,0.5,0,71,37,108,-3.226718722222222,5.460600662037037,8.84559537037037,"Nick Morabito","32119",703492
"Garrett Stubbs",2026,"FA,FC,FS,SI,CH,SL,CU,KN,KC",199,0.14634146341463414,0.4634146341463415,0.3902439024390244,0.25,0,132,67,199,-3.5875402562814074,3.753297741356784,8.569979130653268,"Garrett Stubbs","18067",596117
"Austin Wynns",2026,"FA,FC,FS,SI,CH,SL,CU,KC",207,0.2727272727272727,0.42424242424242425,0.30303030303030304,0.3,0,147,60,207,-1.5074321859903383,3.04339820241546,8.445443995169082,"Austin Wynns","15271",642851
"Yohel Pozo",2026,"FA,FC,FS,SI,CH,SL,CU",135,0.2962962962962963,0.4074074074074074,0.2962962962962963,0.375,0.125,99,36,135,-0.9900386466666669,3.9670756244444436,8.519864992592593,"Yohel Pozo","18848",650968
"Andrew Knizner",2026,"FA,FC,FO,FS,SI,CH,SL,CU",107,0.23809523809523808,0.38095238095238093,0.38095238095238093,0.25,0.125,67,40,107,-2.5871783984112153,4.520047631775701,8.543914485981308,"Andrew Knizner","19514",668800
"Brock Rodden",2026,"FA,FC,FS,SI,CH,SL,CU,KC",216,0.18518518518518517,0.18518518518518517,0.6296296296296297,0.058823529411764705,0,134,82,216,-4.2163151328703705,4.734523531527778,8.942167185185188,"Brock Rodden","33191",801126
"Starling Marte",2026,"FA,FC,FS,SI,CH,SL,CU,EP",170,0.3793103448275862,0.41379310344827586,0.20689655172413793,0.5,0.16666666666666666,118,52,170,-1.9247775711764705,4.808712852352942,8.66235015882353,"Starling Marte","9241",516782
"Tyler Locklear",2026,"FA,FC,FS,SI,CH,SL,CU,KC",110,0.2857142857142857,0.5714285714285714,0.14285714285714285,0.3333333333333333,0.3333333333333333,74,36,110,-3.3762812327272735,4.526912803636364,8.1163533,"Tyler Locklear","31396",682988
"Bryce Johnson",2026,"FA,FC,FS,SI,CH,SL,CU,KC",130,0.05,0.45,0.5,0.4,0,91,39,130,-3.807180090076924,4.537413207692308,8.899168046153846,"Bryce Johnson","20002",669369
"Zach Cole",2026,"FA,FC,FS,SI,CH,SL,CU,KC",191,0.10714285714285714,0.42857142857142855,0.4642857142857143,0.23076923076923078,0.23076923076923078,121,70,191,-3.7822216900523546,3.45213387539267,9.104704408376962,"Zach Cole","31583",805904
"George Valera",2026,"FA,FC,FS,SI,CH,SL,CU,KC",112,0.25925925925925924,0.48148148148148145,0.25925925925925924,0.7142857142857143,0,80,32,112,-2.546377609821428,3.2528868026785718,8.555779955357144,"George Valera","22541",671655
"Charles McAdoo",2026,"FA,FC,FS,SI,CH,SL,CU,EP",152,0.24242424242424243,0.45454545454545453,0.30303030303030304,0.2,0.1,105,47,152,-3.834480424342105,4.11775768486842,9.310790065789474,"Charles McAdoo","33323",807727
"Orlando Arcia",2026,"FA,FC,FS,SI,CH,SL,CU",88,0.2,0.6,0.2,0.2,0,60,28,88,-1.6915197727272728,3.9366471931818183,7.62146218181818,"Orlando Arcia","13185",606115
"Tsung-Che Cheng",2026,"FA,FC,FO,FS,SI,CH,SL,CU,KC",144,0.24,0.44,0.32,0,0,94,50,144,-3.927698159722221,3.7528085111111107,8.914423381944445,"Tsung-Che Cheng","28344",691907
"Parker Meadows",2026,"FA,FC,FS,SI,CH,SL,CU,KC",159,0.28,0.4,0.32,0.25,0,98,61,159,-4.005796486163521,3.802362317610062,9.08510603773585,"Parker Meadows","23800",678009
"Lazaro Montes",2026,"FA,FC,FS,SI,CH,SL,CU",188,0.1875,0.3125,0.5,0,0.5,116,72,188,-2.422806506914893,4.352312175000001,7.7499668510638315,"Lazaro Montes","30361",703155
"Eric Haase",2026,"FA,FC,FS,SI,CH,SL,CU,KC",208,0.16129032258064516,0.3870967741935484,0.45161290322580644,0.2857142857142857,0.2857142857142857,140,68,208,-1.9482824895192308,3.8476239014423093,7.908569307692308,"Eric Haase","14111",606992
"Cody Freeman",2026,"FA,FC,FS,SI,CH,SL,CU",190,0.19444444444444445,0.6388888888888888,0.16666666666666666,0.3333333333333333,0,125,65,190,-3.7308783473684213,5.9344866736842095,8.975951421052633,"Cody Freeman","25629",683227
"Tyler Black",2026,"FA,FC,FS,SI,CH,SL,CU,KC,EP",94,0.15789473684210525,0.42105263157894735,0.42105263157894735,0.125,0,65,29,94,-3.030224727659574,4.888900184042553,8.879750106382978,"Tyler Black","29949",672012
"Jesus Rodriguez",2026,"FA,FC,FO,FS,SI,CH,SL,CU,KN,KC,EP",145,0.23333333333333334,0.5333333333333333,0.23333333333333334,0,0.2857142857142857,95,50,145,-2.3767607586206903,4.118153579310344,8.335969834482759,"Jesus Rodriguez","26991",683679
"Will Wagner",2026,"FA,FC,FS,SI,CH,SL,CU,KC",171,0.19230769230769232,0.6923076923076923,0.11538461538461539,0,0,101,70,171,-3.2012473838011695,4.130659216374268,8.535307953216373,"Will Wagner","29634",695238
"Victor Bericoto",2026,"FA,FC,FS,SI,CH,SL,CU,KC",174,0.2727272727272727,0.42424242424242425,0.30303030303030304,0.1,0.3,126,48,174,-1.624205308218391,3.226166867816092,7.241751183908047,"Victor Bericoto","26468",682674
"Santiago Espinal",2026,"FA,FC,FS,SI,CH,SL,KC,EP",75,0.47368421052631576,0.47368421052631576,0.05263157894736842,0,0,57,18,75,-1.9534242439999998,5.341145040000002,7.887095599999999,"Santiago Espinal","19997",669289
"Zach Dezenzo",2026,"FA,FC,FS,SI,CH,SL,CU,KC",206,0.37037037037037035,0.48148148148148145,0.14814814814814814,0,0,140,66,206,-2.4934163305825243,4.935067174271846,8.890301703883495,"Zach Dezenzo","31562",701305
"J.C. Escarra",2026,"FA,FC,FS,SI,CH,SL,CU,KC,EP",265,0.14,0.54,0.32,0.25,0,165,100,265,-1.8015041116226416,3.0202634120000003,8.708695867924526,"J.C. Escarra","20084",641555
"Bo Naylor",2026,"FA,FC,FS,SI,CH,SL,CU,KC",357,0.2037037037037037,0.3148148148148148,0.48148148148148145,0.19230769230769232,0.11538461538461539,223,134,357,-2.6634117420168066,3.050769864543978,8.284216512605042,"Bo Naylor","21865",666310
"Nick Yorke",2026,"FA,FC,FS,SI,CH,SL,CU,KC",208,0.23076923076923078,0.5128205128205128,0.2564102564102564,0.2,0,139,69,208,-2.401656614423077,4.479735430769232,8.439006360576924,"Nick Yorke","27504",694377
"Ha-Seong Kim",2026,"FA,FC,FS,SI,CH,SL,CU,EP",314,0.2127659574468085,0.425531914893617,0.3617021276595745,0.47058823529411764,0,199,115,314,-3.765647476751593,4.570018241082803,8.664051977707008,"Ha-Seong Kim","27506",673490
"Ali Sánchez",2026,"FA,FC,FS,SI,CH,SL,CU,KC",149,0.24242424242424243,0.45454545454545453,0.30303030303030304,0.4,0,104,45,149,-3.4291651138926182,5.556178031543625,9.290201624161071,"Ali Sanchez","18551",645305
"Ronny Simon",2026,"FA,FC,FS,SI,CH,SL,CU,KC,EP",149,0.22580645161290322,0.5483870967741935,0.22580645161290322,0.5714285714285714,0,100,49,149,-3.7729531409395975,4.283894834899329,8.818055530201342,"Ronny Simon","25346",682927
"Enrique Hernández",2026,"FA,FC,FS,SI,SL,CU,KC",118,0.28,0.48,0.24,0.3333333333333333,0.16666666666666666,74,44,118,-0.5424678999999999,3.3224156261864413,7.0933006440677975,"Enrique Hernandez","10472",571771
"Mitch Garver",2026,"FA,FC,FS,SI,CH,SL,CU,KC",344,0.3157894736842105,0.21052631578947367,0.47368421052631576,0.05555555555555555,0.16666666666666666,202,142,344,-2.605185706686047,3.971369198837209,7.986687898255813,"Mitch Garver","15161",641598
"Christopher Morel",2026,"FA,FC,FS,SI,CH,SL,CU,KC",232,0.19444444444444445,0.4444444444444444,0.3611111111111111,0.3076923076923077,0.07692307692307693,150,82,232,-2.2665627357758624,4.351083043749999,8.979081331896552,"Christopher Morel","21897",666624
"Juan Brito",2026,"FA,FC,FS,SI,CH,SL,CU,KC",266,0.15555555555555556,0.5111111111111111,0.3333333333333333,0.5333333333333333,0.06666666666666667,180,86,266,-2.944778568045113,4.0451150044736846,8.88966672932331,"Juan Brito","26693",682877
"Rodolfo Durán",2026,"FA,FC,FS,SI,CH,SL,CU,KC",273,0.125,0.4166666666666667,0.4583333333333333,0.3181818181818182,0.13636363636363635,182,91,273,-2.615270523809524,4.130596482417583,8.409371630036633,"Rodolfo Duran","20958",660710
"Sean Keys",2026,"FA,FC,FS,SI,CH,SL,CU,KC",244,0.29411764705882354,0.38235294117647056,0.3235294117647059,0.36363636363636365,0.18181818181818182,162,82,244,-2.3533783114754097,2.5365182815573766,7.945169295081967,"Sean Keys","35094",815873
"Davis Schneider",2026,"FA,FC,FS,SI,CH,SL,CU,KC,EP",283,0.13157894736842105,0.2631578947368421,0.6052631578947368,0.21739130434782608,0.13043478260869565,172,111,283,-2.2343405173144877,4.981033961484097,8.364276561837457,"Davis Schneider","23565",676914
"Harrison Bader",2026,"FA,FC,FO,FS,SI,CH,SL,CU,KC",329,0.2,0.5636363636363636,0.23636363636363636,0.15384615384615385,0.3076923076923077,226,103,329,-2.8081668492401213,4.180853993920973,8.625294607902735,"Harrison Bader","18030",664056
"Adael Amador",2026,"FA,FC,FS,SI,CH,SL,CU,KC",213,0.16666666666666666,0.5,0.3333333333333333,0.35714285714285715,0.2857142857142857,132,81,213,-2.376016370892019,4.353570627230047,7.269844272300472,"Adael Amador","27962",691182
"Nick Madrigal",2026,"FA,FC,FS,SI,CH,SL,CU",155,0.30303030303030304,0.48484848484848486,0.21212121212121213,0.14285714285714285,0,106,49,155,-3.226484703870968,4.187342083225808,8.320297225806451,"Nick Madrigal","20521",663611
"Joshua Báez",2026,"FA,FC,SI,CH,SL,CU",233,0.14285714285714285,0.2857142857142857,0.5714285714285714,0.16666666666666666,0.08333333333333333,165,68,233,-1.7707179587982835,3.034335750600858,8.07212071244635,"Joshua Baez","29596",695491
"Sebastián Rivero",2026,"FA,FC,FS,SI,CH,SL,CU,KC",168,0.25806451612903225,0.3548387096774194,0.3870967741935484,0.5,0,121,47,168,-1.672359995833333,4.286286929166666,8.247747696428572,"Sebastian Rivero","21735",665861
"Ryan Ward",2026,"FA,FC,FS,SI,CH,SL,CU,KC",241,0.2702702702702703,0.3783783783783784,0.35135135135135137,0.23076923076923078,0.23076923076923078,156,85,241,-3.10712430746888,4.8297126319502075,8.727719473029046,"Ryan Ward","27449",669899
"Shay Whitcomb",2026,"FA,FC,FS,SI,CH,SL,CU,KC,EP",291,0.22916666666666666,0.3541666666666667,0.4166666666666667,0.35,0.15,196,95,291,-2.6302458322680407,4.006189686254295,8.448301845360824,"Shay Whitcomb","27789",694376
"Sterlin Thompson",2026,"FA,FC,FS,SI,CH,SL,CU,KC,EP",249,0.23076923076923078,0.5384615384615384,0.23076923076923078,0,0.2222222222222222,150,99,249,-3.4088488353413653,3.941232816867471,8.307851734939756,"Sterlin Thompson","31443",694514
"Weston Wilson",2026,"FA,FC,FS,SI,CH,SL,CU,KC,EP",274,0.2777777777777778,0.3888888888888889,0.3333333333333333,0.25,0.08333333333333333,172,102,274,-2.1475711759343064,3.6105254339416057,8.039272416058397,"Weston Wilson","19358",642215
"Lenyn Sosa",2026,"FA,FC,FS,SI,CH,SL,CU,KC,EP",260,0.2033898305084746,0.3898305084745763,0.4067796610169492,0.4166666666666667,0,187,73,260,-1.6110695303846154,4.253217965384616,8.30024947307692,"Lenyn Sosa","22896",672820
"Ben Malgeri",2026,"FA,FC,FS,SI,CH,SL,CU,KC",202,0.2727272727272727,0.3939393939393939,0.3333333333333333,0.09090909090909091,0.36363636363636365,129,73,202,-2.111473101485149,4.652638544554456,7.77006551980198,"Ben Malgeri","29577",701162
"Gabriel Rincones Jr.",2026,"FA,FC,FS,SI,CH,SL,CU,KC",324,0.1568627450980392,0.4117647058823529,0.43137254901960786,0.18181818181818182,0.09090909090909091,227,97,324,-3.494962180555556,4.1170151848456795,8.632166237654323,"Gabriel Rincones Jr.","31958",687282
"Everson Pereira",2026,"FA,FC,FS,SI,CH,SL,CU,KC",231,0.14285714285714285,0.5238095238095238,0.3333333333333333,0.2857142857142857,0.21428571428571427,158,73,231,-2.6055388398268398,3.4523715147186156,8.599872034632034,"Everson Pereira","23695",677592
"Bryan De La Cruz",2026,"FA,FC,FS,SI,CH,SL,CU,KC",149,0.25806451612903225,0.45161290322580644,0.2903225806451613,0.2222222222222222,0.1111111111111111,101,48,149,-1.9776172617449659,4.166860974496644,7.543038724832214,"Bryan De La Cruz","19600",650559
"Jarred Kelenic",2026,"FA,FC,FS,SI,CH,SL,CU,KC",284,0.19444444444444445,0.4444444444444444,0.3611111111111111,0,0.07692307692307693,179,105,284,-3.9509660866197187,3.153672083598591,8.379139908450705,"Jarred Kelenic","22558",672284
"David Fry",2026,"FA,FC,FS,SI,CH,SL,CU,KC,EP",234,0.08888888888888889,0.4,0.5111111111111111,0.391304347826087,0.13043478260869565,150,84,234,-2.633364081623931,4.142729474786324,8.161358944444443,"David Fry","24934",681807
"Christian Moore",2026,"FA,FC,FS,SI,CH,SL,CU,KC",367,0.20754716981132076,0.4339622641509434,0.3584905660377358,0.15789473684210525,0.10526315789473684,250,117,367,-2.23016234986376,4.618780520435968,8.496951253405996,"Christian Moore","34979",695681
"Justin Foscue",2026,"FA,FC,FS,SI,CH,SL,CU,KC,EP",332,0.15517241379310345,0.39655172413793105,0.4482758620689655,0.19230769230769232,0.11538461538461539,231,101,332,-2.8491551466867473,4.327255805361446,8.392324780120479,"Justin Foscue","27501",679822
"Joshua Kuroda-Grauer",2026,"FA,FC,FS,SI,CH,SL,KC,EP",141,0.2857142857142857,0.6071428571428571,0.10714285714285714,0,0,97,44,141,-1.5112079595744679,5.432198164042553,7.974804815602837,"Joshua Kuroda-Grauer","35121",811965
"Alan Roden",2026,"FA,FC,FS,SI,CH,SL,CU,KC",262,0.24,0.46,0.3,0.2,0,161,101,262,-2.33922798389313,3.5817626862595424,8.302517954198473,"Alan Roden","31564",702176
"Matt Wallner",2026,"FA,FC,FS,SI,CH,SL,CU,KC",391,0.23809523809523808,0.5714285714285714,0.19047619047619047,0.375,0.375,248,143,391,-3.027384455754476,4.069154338618927,8.857725723785169,"Matt Wallner","26466",670242
"Brett Callahan",2026,"FA,FC,FS,SI,CH,SL,CU,KC",260,0.25,0.29545454545454547,0.45454545454545453,0.3,0.05,185,75,260,-3.8247475769230768,4.891306639230769,8.663488843846153,"Brett Callahan","33514",814430
"Joey Bart",2026,"FA,FC,FS,SI,CH,SL,CU,KC,EP",223,0.21951219512195122,0.4146341463414634,0.36585365853658536,0.2,0.2,150,73,223,-3.0125680179372187,4.225695921569508,8.549933058295965,"Joey Bart","21524",663698
"Jake Rogers",2026,"FA,FC,FS,SI,CH,SL,CU,KC,EP",513,0.2,0.35714285714285715,0.44285714285714284,0.22580645161290322,0.06451612903225806,320,193,513,-2.367020647329435,4.500248562183237,7.969902015594539,"Jake Rogers","19452",668670
"Zac Veen",2026,"FA,FC,FS,SI,CH,SL,CU,KC,EP",265,0.20588235294117646,0.35294117647058826,0.4411764705882353,0,0.2,166,99,265,-2.352930159245283,4.105106044049057,7.380067505660376,"Zac Veen","27770",691728
"Sean Murphy",2026,"FA,FC,FS,SI,CH,SL,CU,KC,EP",313,0.20833333333333334,0.5416666666666666,0.25,0.16666666666666666,0.16666666666666666,206,107,313,-3.3842877901597443,4.813795320766773,8.478527463258787,"Sean Murphy","19352",669221
"Jhonny Pereda",2026,"FA,FC,FS,SI,CH,SL,CU,EP",291,0.3958333333333333,0.4166666666666667,0.1875,0.3333333333333333,0.1111111111111111,189,102,291,-2.5697550442955333,4.838350350515464,7.821603065292098,"Jhonny Pereda","19802",640902
"Jordan Lawlar",2026,"FA,FC,FS,SI,CH,SL,CU",289,0.25,0.4318181818181818,0.3181818181818182,0.07142857142857142,0.21428571428571427,185,104,289,-2.486623044705883,3.9943508157785463,8.090502894809688,"Jordan Lawlar","29976",691783
"Derek Hill",2026,"FA,FC,FO,FS,SI,CH,SL,CU,KC",331,0.18604651162790697,0.46511627906976744,0.3488372093023256,0.2,0.2,207,124,331,-2.558363524471299,4.693547357462235,8.327496700906343,"Derek Hill","16947",656537
"Walker Jenkins",2026,"FA,FC,FS,SI,CH,SL,CU,KC",253,0.22448979591836735,0.4489795918367347,0.32653061224489793,0.1875,0.25,158,95,253,-1.6561709051383404,3.172871546245059,7.718345351778655,"Walker Jenkins","33571",805805
"Turner Hill",2026,"FA,FC,FS,SI,CH,SL,CU,KC",314,0.25,0.42857142857142855,0.32142857142857145,0.16666666666666666,0.05555555555555555,187,127,314,-3.440812843312102,3.8324384380796177,8.49919322611465,"Turner Hill","32053",806367
"Jake Fraley",2026,"FA,FC,FS,SI,CH,SL,CU,KC",359,0.25,0.3076923076923077,0.4423076923076923,0.391304347826087,0.08695652173913043,217,142,359,-3.6733806894150423,4.570204492200557,9.275851325905293,"Jake Fraley","19260",641584
"Jorge Barrosa",2026,"FA,FC,FS,SI,CH,SL,CU,KC",468,0.1864406779661017,0.3389830508474576,0.4745762711864407,0.21428571428571427,0.03571428571428571,293,175,468,-3.511906417027779,4.995074399572649,9.185559861111111,"Jorge Barrosa","23968",678489
"Miguel Rojas",2026,"FA,FC,FS,SI,CH,SL,CU,KC,EP",280,0.21739130434782608,0.4927536231884058,0.2898550724637681,0.3,0,183,97,280,-3.205767490357143,4.549422105357142,8.179708,"Miguel Rojas","7802",500743
"Tyler Callihan",2026,"FA,FC,FS,SI,CH,SL,CU,KC",402,0.23076923076923078,0.23076923076923078,0.5384615384615384,0.17857142857142858,0.10714285714285714,267,135,402,-2.193718995671642,3.6303000527363176,7.829335711442789,"Tyler Callihan","27497",682997
"Leo Rivas",2026,"FA,FC,FS,SI,CH,SL,CU,KC",418,0.2692307692307692,0.34615384615384615,0.38461538461538464,0.15,0,250,168,418,-3.2167828495215303,4.840343149282297,8.969640162679426,"Leo Rivas","21009",660844
"Nick Castellanos",2026,"FA,FC,FS,SI,CH,SL,CU,KC",352,0.3103448275862069,0.3275862068965517,0.3620689655172414,0.047619047619047616,0.14285714285714285,235,117,352,-2.182066429772728,3.1266539244772718,7.9535377528409095,"Nick Castellanos","11737",592206
"Jorge Polanco",2026,"FA,FC,FS,SI,CH,SL,CU,KC",438,0.25,0.4473684210526316,0.3026315789473684,0.34782608695652173,0.08695652173913043,269,169,438,-3.547341117351598,4.042673788105023,9.156496764840185,"Jorge Polanco","13152",593871
"Victor Scott II",2026,"FA,FC,FS,SI,CH,SL,CU,KC,EP",504,0.3150684931506849,0.4520547945205479,0.2328767123287671,0.23529411764705882,0.058823529411764705,309,195,504,-3.5308858511904773,4.386990274206351,8.704605087301589,"Victor Scott II","31349",687363
"Alex Jackson",2026,"FA,FC,SI,CH,SL,CU,EP",183,0.15151515151515152,0.6363636363636364,0.21212121212121213,0,0.14285714285714285,125,58,183,-2.4038020961748634,4.581430542076503,8.432245989071038,"Alex Jackson","17276",656577
"Wenceel Pérez",2026,"FA,FC,FS,SI,CH,SL,CU,KC,EP",454,0.14772727272727273,0.4318181818181818,0.42045454545454547,0.32432432432432434,0.08108108108108109,293,161,454,-3.5452783649339197,4.112035631497799,9.063460127753306,"Wenceel Perez","22857",672761
"Alek Thomas",2026,"FA,FC,FS,SI,CH,SL,CU,KC",364,0.25,0.4027777777777778,0.3472222222222222,0.24,0.08,250,114,364,-3.112643623076923,3.5814728315934072,8.292509758241756,"Alek Thomas","23792",677950
"Kyle Teel",2026,"FA,FC,FS,SI,CH,SL,CU,KC",426,0.23404255319148937,0.2978723404255319,0.46808510638297873,0.045454545454545456,0.22727272727272727,263,163,426,-2.8732830049295788,3.0687716406103296,8.179119718309861,"Kyle Teel","33549",691019
"Ryan Vilade",2026,"FA,FC,FS,SI,CH,SL,CU,KN,KC,EP",415,0.19047619047619047,0.49206349206349204,0.31746031746031744,0.25,0.2,265,150,415,-3.3472099274698794,5.319667686746989,9.17596756385542,"Ryan Vilade","22165",668723
"Kahlil Watson",2026,"FA,FC,FS,SI,CH,SL,CU,KC",283,0.22727272727272727,0.5454545454545454,0.22727272727272727,0.1,0.1,190,93,283,-2.664586470671378,3.9520342929328613,7.918723240282685,"Kahlil Watson","29905",696135
"Kaelen Culpepper",2026,"FA,FC,FS,SI,CH,SL,CU,KC",279,0.22641509433962265,0.37735849056603776,0.39622641509433965,0.2857142857142857,0.09523809523809523,198,81,279,-2.2834041709677417,3.236310600358423,7.943977698924729,"Kaelen Culpepper","35111",701785
"Will Benson",2026,"FA,FC,FS,SI,CH,SL,CU,KC,EP",467,0.15789473684210525,0.3157894736842105,0.5263157894736842,0.13333333333333333,0.1,271,196,467,-3.2428475688436826,2.981762933468951,8.795468068522483,"Will Benson","21853",666181
"Tommy Troy",2026,"FA,FC,FS,SI,CH,SL,CU,KC,EP",445,0.2361111111111111,0.4722222222222222,0.2916666666666667,0.23809523809523808,0.14285714285714285,278,167,445,-2.585854919775281,3.5019239584269672,8.476436395955055,"Tommy Troy","33279",694371
"Pavin Smith",2026,"FA,FC,FS,SI,CH,SL,CU,KC",437,0.1917808219178082,0.410958904109589,0.3972602739726027,0.20689655172413793,0.10344827586206896,277,160,437,-2.6146784213043484,3.313379797482837,8.373790034324943,"Pavin Smith","19892",656976
"Matt Shaw",2026,"FA,FC,FO,FS,SI,CH,SL,CU,KN,KC,EP",414,0.24285714285714285,0.34285714285714286,0.4142857142857143,0.20689655172413793,0.10344827586206896,260,154,414,-2.0964663471014497,4.021250084323673,8.3683199589372,"Matt Shaw","33322",807713
"Leo Jiménez",2026,"FA,FC,FS,SI,CH,SL,CU,KC,EP",389,0.21875,0.5625,0.21875,0,0,236,153,389,-2.678867633676093,4.631675366323907,8.663363946015421,"Leo Jimenez","23782",677870
"Brandon Lockridge",2026,"FA,FC,FS,SI,CH,SL,CU,KC,EP",274,0.11904761904761904,0.7380952380952381,0.14285714285714285,0.16666666666666666,0,180,94,274,-3.201399035036496,4.605638155839418,8.505732927007298,"Brandon Lockridge","21496",663604
"Angel Genao",2026,"FA,FC,FS,SI,CH,SL,CU,KC",355,0.15714285714285714,0.7,0.14285714285714285,0.1,0.1,219,136,355,-3.2236113019718315,3.656389446197183,8.19229318309859,"Angel Genao","28811",694197
"Tyler Tolbert",2026,"FA,FC,FS,SI,CH,SL,CU,EP",207,0.2857142857142857,0.40476190476190477,0.30952380952380953,0.3076923076923077,0.15384615384615385,137,70,207,-2.672401113043479,5.0386913768115935,8.749536869565215,"Tyler Tolbert","25779",686475
"James Outman",2026,"FA,FC,FS,SI,CH,SL,CU,KC,EP",601,0.22857142857142856,0.37142857142857144,0.4,0.2857142857142857,0.10714285714285714,385,216,601,-3.515646936439268,4.012836102163061,8.76667934608985,"James Outman","24770",681546
"Leo Bernal",2026,"FA,FC,FS,SI,CH,SL,CU,KC,EP",258,0.25,0.3125,0.4375,0.047619047619047616,0.19047619047619047,168,90,258,-2.614194724031007,3.300531562790698,7.842364096899224,"Leo Bernal","29016",699024
"Alex Call",2026,"FA,FC,FS,SI,CH,SL,CU,KN,KC,EP",504,0.15384615384615385,0.44871794871794873,0.3974358974358974,0.3225806451612903,0,306,198,504,-3.4993166591666673,4.690538251785714,8.288968775793652,"Alex Call","19296",669743
"Edmundo Sosa",2026,"FA,FC,FS,SI,CH,SL,CU,KC",373,0.24050632911392406,0.45569620253164556,0.3037974683544304,0.3333333333333333,0.08333333333333333,291,82,373,-3.1296853356568364,3.964858493565681,8.438555136729223,"Edmundo Sosa","17022",624641
"Giancarlo Stanton",2026,"FA,FC,FS,SI,CH,SL,CU,KC",260,0.3111111111111111,0.26666666666666666,0.4222222222222222,0.3684210526315789,0.10526315789473684,167,93,260,-2.9370118319230767,4.455467114384615,9.118475307692307,"Giancarlo Stanton","4949",519317
"Daniel Susac",2026,"FA,FC,FS,SI,CH,SL,CU,KN",400,0.2222222222222222,0.3055555555555556,0.4722222222222222,0.20588235294117646,0.029411764705882353,277,123,400,-2.1530957475,4.269753796525,8.030709852500001,"Daniel Susac","31441",691740
"Darell Hernaiz",2026,"FA,FC,FS,SI,CH,SL,CU,KC",391,0.19696969696969696,0.48484848484848486,0.3181818181818182,0.23809523809523808,0,264,127,391,-2.5418551851662405,4.274632140664961,8.210095092838877,"Darell Hernaiz","26224",687231
"Jonah Cox",2026,"FA,FC,FS,SI,CH,SL,CU,KC,EP",274,0.3,0.5,0.2,0.25,0.125,183,91,274,-1.9114583306569342,5.004996079927008,8.356929032846717,"Jonah Cox","33270",813841
"Osleivis Basabe",2026,"FA,FC,FO,FS,SI,CH,SL,CU,KN,KC",308,0.21666666666666667,0.4666666666666667,0.31666666666666665,0.10526315789473684,0.21052631578947367,215,93,308,-2.591187471428571,3.895639381168832,8.272389133116882,"Osleivis Basabe","23985",678545
"Jim Jarvis",2026,"FA,FC,FS,SI,CH,SL,CU,KN,KC,EP",375,0.19718309859154928,0.5633802816901409,0.23943661971830985,0.11764705882352941,0.058823529411764705,243,132,375,-3.3763980433333334,4.279422925600001,8.282918903999999,"Jim Jarvis","33492",805347
"Carlos Correa",2026,"FA,FC,FS,SI,CH,SL,CU,KC",388,0.3492063492063492,0.47619047619047616,0.1746031746031746,0.18181818181818182,0,244,144,388,-2.7017193085051545,3.5233095286082468,8.232733762886598,"Carlos Correa","14162",621043
"Jake Meyers",2026,"FA,FC,FS,SI,CH,SL,CU,KC",355,0.208955223880597,0.417910447761194,0.373134328358209,0.24,0.08,227,128,355,-1.829402290140845,4.345997958873239,8.26332542253521,"Jake Meyers","20308",676694
"Josh Rojas",2026,"FA,FC,FS,SI,CH,SL,CU,KC,EP",329,0.16901408450704225,0.38028169014084506,0.4507042253521127,0.1875,0.03125,213,116,329,-4.118505270516718,3.7725762604863227,9.22333710030395,"Josh Rojas","19734",668942
"Rafael Flores Jr.",2026,"FA,FC,FS,SI,CH,SL,CU,KC",328,0.23529411764705882,0.4117647058823529,0.35294117647058826,0,0.2777777777777778,218,110,328,-2.6583721823170734,3.9336870442073177,8.266994231707319,"Rafael Flores Jr.","31991",804668
"MJ Melendez",2026,"FA,FC,FS,SI,CH,SL,CU,KC",562,0.19696969696969696,0.25757575757575757,0.5454545454545454,0.19444444444444445,0.08333333333333333,343,219,562,-2.41854654039146,4.303471645373665,8.860160453736652,"MJ Melendez","22197",669004
"Yoán Moncada",2026,"FA,FC,FO,FS,SI,CH,SL,CU,KN,KC",430,0.2982456140350877,0.2807017543859649,0.42105263157894735,0.08333333333333333,0.125,260,170,430,-3.1499916502325584,3.794722038674419,8.520053309302327,"Yoan Moncada","17232",660162
"Victor Robles",2026,"FA,FC,FS,SI,CH,SL,CU,KC,EP",330,0.2054794520547945,0.4520547945205479,0.3424657534246575,0.16,0,222,108,330,-1.9157876056393937,3.663243319393939,7.8382753484848475,"Victor Robles","18363",645302
"Braden Shewmake",2026,"FA,FC,FS,SI,CH,SL,CU,KN,KC,EP",254,0.20634920634920634,0.42857142857142855,0.36507936507936506,0.13043478260869565,0.13043478260869565,194,60,254,-2.4208194925196853,3.819615140944882,8.174343860236219,"Braden Shewmake","25817",669699
"Joey Loperfido",2026,"FA,FC,FS,SI,CH,SL,CU,KC",429,0.19672131147540983,0.5245901639344263,0.2786885245901639,0.058823529411764705,0.058823529411764705,277,152,429,-2.0637871601398605,3.4039318567365964,7.4253097086247095,"Joey Loperfido","29630",694388
"Jimmy Crooks",2026,"FA,FC,FS,SI,CH,SL,CU,KC",484,0.17105263157894737,0.32894736842105265,0.5,0.10526315789473684,0.10526315789473684,316,168,484,-2.8487634869834704,3.6936002177066123,8.207518847107439,"Jimmy Crooks","31354",699625
"Drew Millas",2026,"FA,FC,FS,SI,CH,SL,CU,KC",498,0.2988505747126437,0.42528735632183906,0.27586206896551724,0.25,0.08333333333333333,329,169,498,-3.3273031521285135,4.435522264056225,8.859640554216869,"Drew Millas","25643",686452
"Drew Romo",2026,"FA,FC,FS,SI,CH,SL,CU,KC",586,0.14150943396226415,0.4056603773584906,0.4528301886792453,0.2708333333333333,0.125,380,206,586,-2.992165367815699,3.2220562498959047,8.286983,"Drew Romo","27763",691011
"Abimelec Ortiz",2026,"FA,FC,FO,FS,SI,CH,SL,CU,KC",525,0.27058823529411763,0.32941176470588235,0.4,0.17647058823529413,0.14705882352941177,342,183,525,-3.2465204514476187,3.6544709744571438,8.43152956,"Abimelec Ortiz","29539",694673
"Tyler Heineman",2026,"FA,FC,FS,SI,CH,SL,CU,KC,EP",497,0.22549019607843138,0.47058823529411764,0.30392156862745096,0.25806451612903225,0.03225806451612903,349,148,497,-3.1683566772635805,3.894451019517104,8.868494408450701,"Tyler Heineman","13897",623168
"Andrés Chaparro",2026,"FA,FC,FS,SI,CH,SL,CU,KC",310,0.25925925925925924,0.3148148148148148,0.42592592592592593,0.391304347826087,0.17391304347826086,206,104,310,-0.6035756187096772,3.5933256212903233,7.94715750967742,"Andres Chaparro","21797",665953
"Randal Grichuk",2026,"FA,FC,FS,SI,CH,SL,CU,KC",336,0.19480519480519481,0.4935064935064935,0.3116883116883117,0.25,0.16666666666666666,230,106,336,-2.614246921428571,4.85906719669643,8.344590651785715,"Randal Grichuk","10243",545341
"Ke'Bryan Hayes",2026,"FA,FC,FS,SI,CH,SL,CU,KC",648,0.2421875,0.3515625,0.40625,0.17307692307692307,0.07692307692307693,419,229,648,-2.220831876080246,3.9529435088888873,8.62098929475309,"Ke'Bryan Hayes","18577",663647
"Pedro Pagés",2026,"FA,FC,FS,SI,CH,SL,CU,KC",437,0.13513513513513514,0.44594594594594594,0.4189189189189189,0.22580645161290322,0.12903225806451613,298,139,437,-2.4744975876430213,4.337531524713957,8.348139789473683,"Pedro Pages","25782",686780
"Gary Sánchez",2026,"FA,FC,FS,SI,CH,SL,CU,KC,EP",616,0.15476190476190477,0.4166666666666667,0.42857142857142855,0.2777777777777778,0.16666666666666666,361,255,616,-2.5964758646103885,4.213672969318183,8.009857193181814,"Gary Sanchez","11442",596142
"Eli White",2026,"FA,FC,FS,SI,CH,SL,CU,KC,EP",308,0.17142857142857143,0.5428571428571428,0.2857142857142857,0.2,0.1,213,95,308,-3.0600248130844143,4.143567218279221,8.131277418831168,"Eli White","19346",642201
"Amed Rosario",2026,"FA,FC,FS,SI,CH,SL,CU,KC,EP",307,0.24074074074074073,0.48148148148148145,0.2777777777777778,0.13333333333333333,0.3333333333333333,214,93,307,-1.6503039417035832,4.075448692833875,8.058487436482082,"Amed Rosario","15518",642708
"LaMonte Wade Jr.",2026,"FA,FC,FS,SI,CH,SL,CU,KC",603,0.2222222222222222,0.38271604938271603,0.3950617283950617,0.21875,0.125,358,245,603,-3.5904413630182415,4.644625305074626,9.035922638474295,"LaMonte Wade Jr.","18126",664774
"Esteury Ruiz",2026,"FA,FC,FS,SI,CH,SL,CU,KC",473,0.3181818181818182,0.3787878787878788,0.30303030303030304,0.4,0.1,303,170,473,-2.8110046116279075,3.9755746702241006,8.759426706131078,"Esteury Ruiz","21780",665923
"Max Kepler",2026,"FA,FC,FO,FS,SI,CH,SL,CU,KC",490,0.21505376344086022,0.3333333333333333,0.45161290322580644,0.2857142857142857,0.047619047619047616,321,169,490,-4.547302652040815,4.091419822040816,8.682179118367344,"Max Kepler","12144",596146
"Edwin Arroyo",2026,"FA,FC,FS,SI,CH,SL,CU,KC,EP",435,0.3157894736842105,0.3815789473684211,0.3026315789473684,0.2608695652173913,0,292,143,435,-2.8007502466666674,3.2741777636091953,8.243276641379312,"Edwin Arroyo","29957",695490
"Jorge Mateo",2026,"FA,FC,FO,FS,SI,CH,SL,CU,KC,EP",522,0.24675324675324675,0.44155844155844154,0.3116883116883117,0.25,0.125,352,170,522,-2.403245656513411,4.203574750229885,7.964393509578544,"Jorge Mateo","17273",622761
"Luisangel Acuña",2026,"FA,FC,FS,SI,CH,SL,CU,KC,EP",389,0.19480519480519481,0.6103896103896104,0.19480519480519481,0.26666666666666666,0.06666666666666667,255,134,389,-2.4475576721850896,4.169813539331619,7.884128082262209,"Luisangel Acuna","26548",682668
"Héctor Rodríguez",2026,"FA,FC,FS,SI,CH,SL,CU,KC",373,0.12857142857142856,0.5714285714285714,0.3,0.047619047619047616,0.23809523809523808,258,115,373,-3.1648241791420912,2.005038370777479,8.905736565683645,"Hector Rodriguez","29189",699302
"Tyler O'Neill",2026,"FA,FC,FS,SI,CH,SL,CU,KC",559,0.2375,0.3125,0.45,0.25,0.05555555555555555,349,210,559,-2.6717101824686944,4.4956117840787115,8.288055899821106,"Tyler O'Neill","15711",641933
"Sung-Mun Song",2026,"FA,FC,FS,SI,CH,SL,CU,KC,EP",567,0.17582417582417584,0.4065934065934066,0.4175824175824176,0.34210526315789475,0.02631578947368421,353,214,567,-4.306934805820104,4.887682554673722,9.231541432098766,"Sung-Mun Song","37122",823550
"Kyle Higashioka",2026,"FA,FC,FS,SI,CH,SL,CU,KC",553,0.2716049382716049,0.38271604938271603,0.345679012345679,0.17857142857142858,0.14285714285714285,354,199,553,-2.387973005262206,3.771363279746835,8.292085316455696,"Kyle Higashioka","5517",543309
"John Rave",2026,"FA,FC,FS,SI,CH,SL,CU,KC",469,0.20512820512820512,0.46153846153846156,0.3333333333333333,0.34615384615384615,0.19230769230769232,279,190,469,-2.6140474330490404,3.7166847692963754,8.083857206823028,"John Rave","26284",670231
"Jose Trevino",2026,"FA,FC,FS,SI,CH,SL,CU,KC,EP",390,0.18888888888888888,0.5444444444444444,0.26666666666666666,0.16666666666666666,0.20833333333333334,279,111,390,-2.6918302476410254,4.05138551025641,8.096700233333332,"Jose Trevino","16725",624431
"Jasson Domínguez",2026,"FA,FC,FS,SI,CH,SL,CU,KC",520,0.26804123711340205,0.41237113402061853,0.31958762886597936,0.3225806451612903,0.12903225806451613,334,186,520,-3.7585476832692306,4.355864170961539,8.573222559615383,"Jasson Dominguez","28080",691176
"Eduardo Valencia",2026,"FA,FC,FS,SI,CH,SL,CU,KC,EP",263,0.2807017543859649,0.45614035087719296,0.2631578947368421,0.2,0.13333333333333333,171,92,263,-3.1342319656273756,3.900073159315589,7.993291068441065,"Eduardo Valencia","24574",680664
"Brenton Doyle",2026,"FA,FC,FO,FS,SI,CH,SL,CU,KC,EP",409,0.2465753424657534,0.5068493150684932,0.2465753424657534,0.05555555555555555,0.05555555555555555,282,127,409,-2.0904716041564795,4.296190460391197,7.765934503667485,"Brenton Doyle","25479",686668
"Max Clark",2026,"FA,FC,FS,SI,CH,SL,CU,KC",486,0.25287356321839083,0.3563218390804598,0.39080459770114945,0.23529411764705882,0.058823529411764705,314,172,486,-3.5657124146090537,4.380087224485597,8.597447637860082,"Max Clark","33381",703601
"Tommy White",2026,"FA,FC,FS,SI,CH,SL,CU,KC,EP",444,0.23,0.45,0.32,0.15625,0.09375,306,138,444,-2.7298195538288295,3.935349486936938,8.22376915990991,"Tommy White","35107",695720
"Tyrone Taylor",2026,"FA,FC,FS,SI,CH,SL,CU,KN,KC,EP",423,0.2,0.3888888888888889,0.4111111111111111,0.21621621621621623,0.13513513513513514,266,157,423,-2.6816699931205674,4.3066472379905445,8.343308158392436,"Tyrone Taylor","13675",621438
"Elias Díaz",2026,"FA,FC,FS,SI,CH,SL,CU,KC",519,0.21839080459770116,0.3563218390804598,0.42528735632183906,0.2972972972972973,0.02702702702702703,344,175,519,-2.1845008244701347,4.919345724450865,8.401575231213872,"Elias Diaz","11680",553869
"Thomas Saggese",2026,"FA,FC,FS,SI,CH,SL,CU,KC,EP",470,0.2235294117647059,0.47058823529411764,0.3058823529411765,0.07692307692307693,0.038461538461538464,322,148,470,-2.4738848942340432,4.272070074085105,8.12960394680851,"Thomas Saggese","27883",695336
"Austin Hedges",2026,"FA,FC,FS,SI,CH,SL,CU,KC",455,0.24050632911392406,0.45569620253164556,0.3037974683544304,0.3333333333333333,0.125,295,160,455,-1.8942318496703294,4.477581006835165,7.901244006593407,"Austin Hedges","12976",595978
"Edgar Quero",2026,"FA,FC,FS,SI,CH,SL,CU,KC,EP",499,0.1927710843373494,0.5662650602409639,0.24096385542168675,0.15,0,303,196,499,-3.6497588486973958,4.972900682765531,9.082827691382763,"Edgar Quero","28022",700337
"Adam Frazier",2026,"FA,FC,FS,SI,CH,SL,CU,KN,KC",480,0.3026315789473684,0.4605263157894737,0.23684210526315788,0,0.05555555555555555,340,140,480,-3.570720485000001,4.522001562083333,8.55521787625,"Adam Frazier","15223",624428
"Brice Matthews",2026,"FA,FC,FS,SI,CH,SL,CU,KC,EP",587,0.1839080459770115,0.5172413793103449,0.2988505747126437,0.15384615384615385,0.11538461538461539,376,211,587,-2.9771737751277683,4.326116425894378,8.583566494548553,"Brice Matthews","33280",694728
"Blaze Jordan",2026,"FA,FC,FS,SI,CH,SL,CU,KC",453,0.2268041237113402,0.4948453608247423,0.27835051546391754,0.25925925925925924,0.037037037037037035,309,144,453,-2.7494160818984548,4.223919085684326,7.800309326710819,"Blaze Jordan","28199",691458
"Matt Vierling",2026,"FA,FC,FS,SI,CH,SL,CU,KC,EP",631,0.23076923076923078,0.36153846153846153,0.4076923076923077,0.24528301886792453,0.05660377358490566,440,191,631,-3.0535756960221865,5.07662807052298,8.93487032488114,"Matt Vierling","21558",663837
"Danny Jansen",2026,"FA,FC,FS,SI,CH,SL,CU,KC",599,0.19801980198019803,0.37623762376237624,0.42574257425742573,0.32558139534883723,0.09302325581395349,368,231,599,-2.786651876427379,4.341695073038398,8.560660010016694,"Danny Jansen","16535",643376
"Graham Pauley",2026,"FA,FC,FS,SI,CH,SL,CU,KC",569,0.20833333333333334,0.3645833333333333,0.4270833333333333,0.24390243902439024,0.0975609756097561,372,197,569,-3.7982622227065024,3.8858701929701236,9.069283551845343,"Graham Pauley","31363",688363
"Colt Emerson",2026,"FA,FC,FS,SI,CH,SL,CU,KC",645,0.2553191489361702,0.46808510638297873,0.2765957446808511,0.2692307692307692,0.19230769230769232,443,202,645,-2.8764558201550394,3.647838985581395,8.902678162790696,"Colt Emerson","33575",806068
"Nick Allen",2026,"FA,FC,FS,SI,CH,SL,CU,KC,EP",422,0.1728395061728395,0.4691358024691358,0.35802469135802467,0.3793103448275862,0.06896551724137931,273,149,422,-3.399361933412323,5.338250940758295,8.946945047393367,"Nick Allen","22277",669397
"Jose Siri",2026,"FA,FC,FS,SI,CH,SL,CU,KC,EP",451,0.23943661971830985,0.4507042253521127,0.30985915492957744,0.22727272727272727,0.13636363636363635,321,130,451,-2.6118827175166297,3.7970278191574276,8.17595474722838,"Jose Siri","17452",642350
"Noelvi Marte",2026,"FA,FC,FS,SI,CH,SL,CU,KC,EP",545,0.1320754716981132,0.6132075471698113,0.25471698113207547,0.37037037037037035,0.1111111111111111,364,181,545,-2.5095330754128446,3.259023387119266,8.137701456880734,"Noelvi Marte","26517",682622
"Gabriel Arias",2026,"FA,FC,FO,FS,SI,CH,SL,CU,KN,KC,EP",368,0.19642857142857142,0.5892857142857143,0.21428571428571427,0.25,0.4166666666666667,246,122,368,-3.3462354904076084,4.352628150407609,8.44689726902174,"Gabriel Arias","22563",672356
"Javier Báez",2026,"FA,FC,FS,SI,CH,SL,CU,KC,EP",490,0.1717171717171717,0.5151515151515151,0.31313131313131315,0.3225806451612903,0.03225806451612903,343,147,490,-1.0818080947142854,2.795734581999999,7.681054640816326,"Javier Baez","12979",595879
"Lourdes Gurriel Jr.",2026,"FA,FC,FS,SI,CH,SL,CU,KC",529,0.24074074074074073,0.37962962962962965,0.37962962962962965,0.34146341463414637,0.04878048780487805,356,173,529,-3.6249283922117193,4.084780558034026,8.328870483931949,"Lourdes Gurriel Jr.","19238",666971
"Blake Dunn",2026,"FA,FC,FO,FS,SI,CH,SL,CU,KC,EP",391,0.225,0.4375,0.3375,0.2222222222222222,0.07407407407407407,255,136,391,-2.7695445130434773,4.785932897652175,8.37620959079284,"Blake Dunn","29487",694362
"Brent Rooker",2026,"FA,FC,FS,SI,CH,SL,CU,KC",537,0.16304347826086957,0.3804347826086957,0.45652173913043476,0.09523809523809523,0.19047619047619047,342,195,537,-2.1984880556052135,3.7959334895158285,8.098639988826815,"Brent Rooker","19627",667670
"Drew Cavanaugh",2026,"FA,FC,FS,SI,CH,SL,CU,KC,EP",563,0.2823529411764706,0.4470588235294118,0.27058823529411763,0.21739130434782608,0.043478260869565216,352,211,563,-2.768872479928952,4.415612093960924,8.259458392539965,"Drew Cavanaugh","33380",701852
"Mark Vientos",2026,"FA,FC,FS,SI,CH,SL,CU,KC,EP",608,0.14912280701754385,0.43859649122807015,0.41228070175438597,0.2978723404255319,0.10638297872340426,406,202,608,-2.233318498963816,3.611928219243421,8.528579694078946,"Mark Vientos","22184",668901
"James McCann",2026,"FA,FC,FS,SI,CH,SL,CU,KC",351,0.2835820895522388,0.43283582089552236,0.2835820895522388,0.05263157894736842,0.3157894736842105,249,102,351,-2.5832232279772085,4.133535074444445,8.020037102564102,"James McCann","12859",543510
"Carlos Narváez",2026,"FA,FC,FS,SI,CH,SL,CU,KC",810,0.24107142857142858,0.35714285714285715,0.4017857142857143,0.26666666666666666,0.06666666666666667,548,262,810,-2.7890870554320983,5.119232791197532,8.689192522222221,"Carlos Narvaez","19722",665966
"George Lombard Jr.",2026,"FA,FC,FS,SI,CH,SL,CU,KC",525,0.21978021978021978,0.4945054945054945,0.2857142857142857,0.19230769230769232,0.19230769230769232,341,184,525,-3.7606034935238095,4.7026697376,9.016733390476185,"George Lombard Jr.","33433",806146
"Brendan Donovan",2026,"FA,FC,FS,SI,CH,SL,CU,KC",399,0.24675324675324675,0.4155844155844156,0.33766233766233766,0.2692307692307692,0.11538461538461539,241,158,399,-4.171906376190477,5.19112935463659,9.5833086716792,"Brendan Donovan","24679",680977
"Hyeseong Kim",2026,"FA,FC,FS,SI,CH,SL,CU,KC,EP",455,0.3076923076923077,0.4358974358974359,0.2564102564102564,0.15,0.05,298,157,455,-4.646083314725274,4.01440887956044,8.858281463736262,"Hyeseong Kim","35322",808975
"Ramón Laureano",2026,"FA,FC,FS,SI,CH,SL,CU,KC",614,0.20238095238095238,0.4166666666666667,0.38095238095238093,0.15625,0.1875,397,217,614,-2.9881648412214985,3.993840331514658,8.500129480456025,"Ramon Laureano","17128",657656
"Dustin Harris",2026,"FA,FC,FS,SI,CH,SL,CU,KC",414,0.31521739130434784,0.391304347826087,0.29347826086956524,0.2222222222222222,0,271,143,414,-2.621432725096618,3.8823307582125612,8.41309263768116,"Dustin Harris","25705",687957
"Anthony Seigler",2026,"FA,FC,FS,SI,CH,SL,CU,KC,EP",498,0.21978021978021978,0.46153846153846156,0.31868131868131866,0.13793103448275862,0.06896551724137931,312,186,498,-3.256412837088353,4.084682815261044,8.396014066265062,"Anthony Seigler","23802",678011
"Anthony Volpe",2026,"FA,FC,FS,SI,CH,SL,CU,KC,EP",597,0.25,0.43478260869565216,0.31521739130434784,0.27586206896551724,0.034482758620689655,380,217,597,-2.579691463149079,4.586291566164154,8.441851447236182,"Anthony Volpe","27647",683011
"Henry Davis",2026,"FA,FC,FS,SI,CH,SL,CU,KN,KC,EP",769,0.20155038759689922,0.3875968992248062,0.4108527131782946,0.39622641509433965,0.1320754716981132,484,285,769,-3.100648030936281,4.290020076254876,8.281852370611183,"Henry Davis","29617",680779
"Rhys Hoskins",2026,"FA,FC,FS,SI,CH,SL,CU,KC",772,0.22330097087378642,0.2912621359223301,0.4854368932038835,0.38,0.14,448,324,772,-2.3441838022020716,4.4368012505440415,8.314816924870465,"Rhys Hoskins","16472",656555
"Luis Lara",2026,"FA,FC,FS,SI,CH,SL,CU,KN,KC,EP",604,0.35555555555555557,0.45555555555555555,0.18888888888888888,0.058823529411764705,0.058823529411764705,359,245,604,-3.09328249602649,4.2534884938741735,8.250336663907285,"Luis Lara","30675",800325
"Christian Koss",2026,"FA,FC,FS,SI,CH,SL,CU,KC,EP",502,0.2736842105263158,0.5052631578947369,0.22105263157894736,0.2857142857142857,0,342,160,502,-2.3792309570318726,4.619020452709163,8.31964955179283,"Christian Koss","27653",683766
"Adrian Del Castillo",2026,"FA,FC,FS,SI,CH,SL,CU,KC",676,0.25925925925925924,0.3611111111111111,0.37962962962962965,0.24390243902439024,0.12195121951219512,422,254,676,-3.462957583727811,3.4967113443047335,8.730466892011831,"Adrian Del Castillo","29554",680728
"Luis Robert Jr.",2026,"FA,FC,FO,FS,SI,CH,SL,CU,KC",625,0.18627450980392157,0.4117647058823529,0.4019607843137255,0.3170731707317073,0.14634146341463414,401,224,625,-3.4503654921600013,4.596977679911999,8.854572995199998,"Luis Robert Jr.","20043",673357
"Marcell Ozuna",2026,"FA,FC,FS,SI,CH,SL,CU,KN,KC,EP",777,0.2761904761904762,0.3238095238095238,0.4,0.30952380952380953,0.09523809523809523,485,292,777,-2.3588908977734873,4.166971184658948,8.274424853281852,"Marcell Ozuna","10324",542303
"Samad Taylor",2026,"FA,FC,FS,SI,CH,SL,CU,KC,EP",479,0.3013698630136986,0.5205479452054794,0.1780821917808219,0.23076923076923078,0.15384615384615385,302,177,479,-3.6699600216701462,3.8514009118997916,8.430327770354907,"Samad Taylor","22274",669392
"Isiah Kiner-Falefa",2026,"FA,FC,FS,SI,CH,SL,CU,KC,EP",435,0.22340425531914893,0.5319148936170213,0.24468085106382978,0.2608695652173913,0.043478260869565216,278,157,435,-3.1780085508045985,4.38083527133793,8.78239867586207,"Isiah Kiner-Falefa","16512",643396
"Logan O'Hoppe",2026,"FA,FC,FO,FS,SI,CH,SL,CU,KN,KC,EP",682,0.1951219512195122,0.3983739837398374,0.4065040650406504,0.3,0.08,449,233,682,-2.5802501786803513,3.9665151214076237,8.32641107536657,"Logan O'Hoppe","24729",681351
"Brett Bateman",2026,"FA,FC,FS,SI,CH,SL,CU,KC",467,0.273972602739726,0.6164383561643836,0.1095890410958904,0,0.25,293,174,467,-3.444433582441114,3.667746159721627,9.080655914346897,"Brett Bateman","33312",703520
"TJ Friedl",2026,"FA,FC,FS,SI,CH,SL,CU,KC",886,0.22,0.38666666666666666,0.3933333333333333,0.2542372881355932,0.06779661016949153,541,345,886,-4.217585782054177,4.578146204514674,9.162095287810386,"TJ Friedl","19522",670770
"Miguel Amaya",2026,"FA,FC,FS,SI,CH,SL,CU,KN,KC,EP",731,0.1827956989247312,0.3333333333333333,0.4838709677419355,0.3111111111111111,0.1111111111111111,458,273,731,-1.886125702777018,3.8295974077017783,7.870578674418601,"Miguel Amaya","21693",665804
"Endy Rodríguez",2026,"FA,FC,FS,SI,CH,SL,CU,KC",487,0.2962962962962963,0.32098765432098764,0.38271604938271603,0.16129032258064516,0.1935483870967742,304,183,487,-2.64021978439425,4.197892357084188,8.336241650924025,"Endy Rodriguez","25332",682848
"Connor Wong",2026,"FA,FC,FS,SI,CH,SL,CU,KC,EP",654,0.2,0.48,0.32,0.28125,0.03125,437,217,654,-2.294100541055045,4.01832281680428,8.273036171253825,"Connor Wong","19896",657136
"Bryan Torres",2026,"FA,FC,FS,SI,CH,SL,CU,KC",632,0.2857142857142857,0.4095238095238095,0.3047619047619048,0.1875,0.125,400,232,632,-3.601905522468354,4.531655146170886,8.82873464367089,"Bryan Torres","21464",663494
"Agustín Ramírez",2026,"FA,FC,FS,SI,CH,SL,CU,KC",604,0.20754716981132076,0.5377358490566038,0.25471698113207547,0.37037037037037035,0.14814814814814814,390,214,604,-3.426218132350994,4.140503184288079,8.779638029801328,"Agustin Ramirez","26546",682663
"Christian Encarnacion-Strand",2026,"FA,FC,FO,FS,SI,CH,SL,CU,KC",509,0.28125,0.3645833333333333,0.3541666666666667,0.2647058823529412,0.11764705882352941,369,140,509,-3.34624688410609,4.7292877329666005,8.676452546168958,"Christian Encarnacion-Strand","30011",687952
"Ben Williamson",2026,"FA,FC,FS,SI,CH,SL,CU,KC,EP",572,0.27102803738317754,0.5887850467289719,0.14018691588785046,0.3333333333333333,0.13333333333333333,369,203,572,-2.2100479940559437,5.1593519083041945,8.509532902097902,"Ben Williamson","33197",810938
"Freddy Fermin",2026,"FA,FC,FO,FS,SI,CH,SL,CU,KC,EP",723,0.25,0.38333333333333336,0.36666666666666664,0.25,0.045454545454545456,474,249,723,-3.2009111246196413,4.300570665421854,8.58404150899032,"Freddy Fermin","21840",666023
"Jonah Heim",2026,"FA,FC,FS,SI,CH,SL,CU,KC,EP",871,0.19760479041916168,0.4491017964071856,0.3532934131736527,0.2711864406779661,0.05084745762711865,580,291,871,-3.099647229276693,4.60613387588978,8.655862838117109,"Jonah Heim","16930",641680
"Roman Anthony",2026,"FA,FC,FS,SI,CH,SL,CU,KC",641,0.2727272727272727,0.38636363636363635,0.3409090909090909,0.03333333333333333,0.13333333333333333,381,260,641,-3.2380328986271456,3.698845547909518,9.098203731669267,"Roman Anthony","31812",701350
"Ryan Kreidler",2026,"FA,FC,FS,SI,CH,SL,CU,KC,EP",588,0.17647058823529413,0.4803921568627451,0.3431372549019608,0.14285714285714285,0.11428571428571428,393,195,588,-1.436429573707483,3.667730585544218,7.876991221088437,"Ryan Kreidler","25867",668952
"Brett Sullivan",2026,"FA,FC,FS,SI,CH,SL,CU,KN,KC,EP",588,0.23622047244094488,0.2992125984251969,0.4645669291338583,0.23728813559322035,0.11864406779661017,391,197,588,-2.865325624727891,3.918491995697279,8.045816287414965,"Brett Sullivan","18217",664954
"Petey Halpin",2026,"FA,FC,FS,SI,CH,SL,CU,KC,EP",485,0.2336448598130841,0.308411214953271,0.45794392523364486,0.16326530612244897,0.061224489795918366,337,148,485,-3.4478263948453614,4.722613977525774,8.752788098969072,"Petey Halpin","27931",690984
"Myles Straw",2026,"FA,FC,FS,SI,CH,SL,CU,KC,EP",556,0.24793388429752067,0.4214876033057851,0.3305785123966942,0.375,0.025,354,202,556,-3.478528278597121,4.161506835791367,8.716210764388492,"Myles Straw","17620",664702
"Esmerlyn Valdez",2026,"FA,FC,FS,SI,CH,SL,CU,KC,EP",765,0.2289156626506024,0.3493975903614458,0.42168674698795183,0.17142857142857143,0.22857142857142856,465,300,765,-2.7306215959477127,4.1384538484967335,8.539318339869283,"Esmerlyn Valdez","29005",699013
"Lane Thomas",2026,"FA,FC,FO,FS,SI,CH,SL,CU,KC",859,0.22727272727272727,0.3560606060606061,0.4166666666666667,0.41818181818181815,0.10909090909090909,536,323,859,-2.6369917938766,4.32227519720722,8.313896284051221,"Lane Thomas","16939",657041
"Jose Fernandez",2026,"FA,FC,FS,SI,CH,SL,CU,KC,EP",566,0.2403846153846154,0.47115384615384615,0.28846153846153844,0.5333333333333333,0.1,383,183,566,-2.104376622756184,3.5269722979328626,7.874451673144875,"Jose Fernandez","28020",699912
"Tristan Gray",2026,"FA,FC,FS,SI,CH,SL,CU,KC,EP",654,0.32407407407407407,0.3425925925925926,0.3333333333333333,0.2222222222222222,0.08333333333333333,450,204,654,-3.453346999571865,4.055509026483181,8.433136724770645,"Tristan Gray","19877",656484
"Marcelo Mayer",2026,"FA,FC,FS,SI,CH,SL,CU,KC",829,0.1564625850340136,0.5238095238095238,0.3197278911564626,0.2765957446808511,0.02127659574468085,521,308,829,-3.602367943823883,3.8683356162605547,8.80329169119421,"Marcelo Mayer","29668",691785
"Alejandro Osuna",2026,"FA,FC,FS,SI,CH,SL,CU,KC",663,0.3064516129032258,0.46774193548387094,0.22580645161290322,0.32142857142857145,0.03571428571428571,439,224,663,-3.985130184464556,4.72594194434389,9.180734081447959,"Alejandro Osuna","27915",696030
"Austin Martin",2026,"FA,FC,FS,SI,CH,SL,CU,KC,EP",708,0.20161290322580644,0.5403225806451613,0.25806451612903225,0.21875,0.03125,439,269,708,-3.2497928783898313,4.616945290536724,8.568353789548022,"Austin Martin","27462",668885
"Christian Vázquez",2026,"FA,FC,FS,SI,CH,SL,CU,KC",789,0.21678321678321677,0.43356643356643354,0.34965034965034963,0.26,0.12,515,274,789,-2.8771595520912543,4.681159865039289,8.608161182509509,"Christian Vazquez","9774",543877
"Curtis Mead",2026,"FA,FC,FS,SI,CH,SL,CU,KC,EP",807,0.23387096774193547,0.4032258064516129,0.3629032258064516,0.2,0.2222222222222222,509,298,807,-2.7606766228004953,4.468252335192069,8.222303125154895,"Curtis Mead","23986",678554
"Jacob Gonzalez",2026,"FA,FC,FS,SI,CH,SL,CU,KC,EP",721,0.23404255319148937,0.4397163120567376,0.3262411347517731,0.21739130434782608,0.13043478260869565,503,218,721,-3.529849953578364,4.220165043411927,8.592832916782246,"Jacob Gonzalez","33225",694378
"Victor Mesa Jr.",2026,"FA,FC,FS,SI,CH,SL,CU,KC,EP",694,0.23622047244094488,0.27559055118110243,0.4881889763779528,0.2903225806451613,0.1935483870967742,456,238,694,-3.2949140953789633,4.564218653530259,8.944117609510085,"Victor Mesa Jr.","25999",683748
"Max Muncy",2026,"FA,FC,FO,FS,SI,CH,SL,CU,KC",685,0.2222222222222222,0.4074074074074074,0.37037037037037035,0.4,0.175,462,223,685,-2.461174512131387,3.421250030423357,8.09225806481752,"Max Muncy","29779",691777
"Paul Goldschmidt",2026,"FA,FC,FS,SI,CH,SL,CU,KC,EP",738,0.19852941176470587,0.41911764705882354,0.38235294117647056,0.19230769230769232,0.1346153846153846,517,221,738,-2.4774341364227634,3.7714337964769635,7.854407383468835,"Paul Goldschmidt","9218",502671
"Nick Fortes",2026,"FA,FC,FS,SI,CH,SL,CU,KC,EP",524,0.192,0.528,0.28,0.4,0.11428571428571428,356,168,524,-2.5304012520992374,4.578726382442747,8.528748416030535,"Nick Fortes","21538",663743
"Daniel Schneemann",2026,"FA,FC,FO,FS,SI,CH,SL,CU,KC,EP",868,0.2462686567164179,0.41044776119402987,0.34328358208955223,0.08695652173913043,0.08695652173913043,580,288,868,-2.790352021820277,3.7400266002304137,8.44300539746544,"Daniel Schneemann","25180",682177
"Jeremiah Jackson",2026,"FA,FC,FS,SI,CH,SL,CU,KC",672,0.15172413793103448,0.496551724137931,0.35172413793103446,0.23529411764705882,0.1568627450980392,472,200,672,-1.8515925035714287,4.192333167901787,8.00052534375,"Jeremiah Jackson","22239",669236
"Brandon Valenzuela",2026,"FA,FC,FO,FS,SI,CH,SL,CU,KC,EP",760,0.28688524590163933,0.39344262295081966,0.319672131147541,0.23076923076923078,0.15384615384615385,483,277,760,-2.9710156976710516,3.836835604381578,8.80075073342105,"Brandon Valenzuela","23813",678218
"Jared Triolo",2026,"FA,FC,FS,SI,CH,SL,CU,KC,EP",795,0.21739130434782608,0.5362318840579711,0.2463768115942029,0.17647058823529413,0.058823529411764705,514,281,795,-1.9715134039496856,3.747351103416352,8.151055327295595,"Jared Triolo","25807",669707
"Nolan Gorman",2026,"FA,FC,FO,FS,SI,CH,SL,CU,KC,EP",1034,0.24285714285714285,0.3,0.45714285714285713,0.140625,0.125,649,385,1034,-3.829094601934234,4.258253903288203,8.67128490812379,"Nolan Gorman","22263",669357
"Nick Sogard",2026,"FA,FC,FS,SI,CH,SL,CU,KC",828,0.3153846153846154,0.36153846153846153,0.3230769230769231,0.30952380952380953,0.07142857142857142,502,326,828,-3.7300263488031407,3.6592811902657,8.629603222222224,"Nick Sogard","25483",686765
"Dane Myers",2026,"FA,FC,FS,SI,CH,SL,CU,KC,EP",776,0.22608695652173913,0.4956521739130435,0.2782608695652174,0.25,0.125,487,289,776,-3.002286809536083,3.8055276235824733,8.27223263015464,"Dane Myers","22054",667472
"Brady House",2026,"FA,FC,FS,SI,CH,SL,CU,KC,EP",831,0.15584415584415584,0.525974025974026,0.3181818181818182,0.16326530612244897,0.12244897959183673,550,281,831,-2.0807071685198553,4.185277834993981,8.178115537906134,"Brady House","29993",691781
"Spencer Jones",2026,"FA,FC,FS,SI,CH,SL,CU,KC,EP",1002,0.24369747899159663,0.2773109243697479,0.4789915966386555,0.12280701754385964,0.12280701754385964,628,374,1002,-3.528266685998005,4.367070086526946,8.922547902395207,"Spencer Jones","31532",682987
"Aaron Judge",2026,"FA,FC,FS,SI,CH,SL,CU,KC",867,0.24545454545454545,0.34545454545454546,0.4090909090909091,0.17777777777777778,0.26666666666666666,533,334,867,-2.389391045155709,3.893672747485583,8.373343671280274,"Aaron Judge","15640",592450
"José Fermín",2026,"FA,FC,FS,SI,CH,SL,CU,KC",814,0.2348993288590604,0.436241610738255,0.3288590604026846,0.2857142857142857,0.04081632653061224,507,307,814,-2.489412152628993,4.170212220390295,8.43824483292383,"Jose Fermin","21746",665877
"Luis Torrens",2026,"FA,FC,FS,SI,CH,SL,CU,KC,EP",779,0.22388059701492538,0.5149253731343284,0.26119402985074625,0.2,0.14285714285714285,514,265,779,-2.6942249578305515,4.042428254557123,8.502353100128369,"Luis Torrens","15905",620443
"Tyler Freeman",2026,"FA,FC,FO,FS,SI,CH,SL,CU,KC,EP",639,0.24113475177304963,0.524822695035461,0.23404255319148937,0.18181818181818182,0.030303030303030304,415,224,639,-2.771989688544601,4.018299577464789,7.772090984350546,"Tyler Freeman","22532",671289
"Trevor Story",2026,"FA,FC,FS,SI,CH,SL,CU,KC,EP",698,0.18333333333333332,0.43333333333333335,0.38333333333333336,0.32608695652173914,0.08695652173913043,498,200,698,-2.4685378567335245,4.6043819239255,8.910314809455588,"Trevor Story","12564",596115
"Dalton Rushing",2026,"FA,FC,FS,SI,CH,SL,CU,KC,EP",702,0.3333333333333333,0.32407407407407407,0.3425925925925926,0.21621621621621623,0.2972972972972973,445,257,702,-3.303082754202279,4.096075760042735,8.549420377492872,"Dalton Rushing","31382",687221
"Denzer Guzman",2026,"FA,FC,FS,SI,CH,SL,CU,KC,EP",699,0.2781954887218045,0.46616541353383456,0.2556390977443609,0.20588235294117646,0.058823529411764705,476,223,699,-2.2487595981831188,3.80045603467811,8.20377201287554,"Denzer Guzman","28816",694203
"Hunter Feduccia",2026,"FA,FC,FS,SI,CH,SL,CU,KC,EP",826,0.3,0.35833333333333334,0.3416666666666667,0.07317073170731707,0.07317073170731707,497,329,826,-2.695867456767557,3.143486159491526,8.548658576271189,"Hunter Feduccia","23372",676439
"Miguel Andujar",2026,"FA,FC,FS,SI,CH,SL,CU,KC,EP",623,0.24087591240875914,0.5255474452554745,0.23357664233576642,0.25,0.125,431,192,623,-1.9406048239165332,3.098514558426967,7.968871990369179,"Miguel Andujar","15878",609280
"Ryan Waldschmidt",2026,"FA,FC,FS,SI,CH,SL,CU,KC",764,0.336283185840708,0.3274336283185841,0.336283185840708,0.15789473684210525,0.07894736842105263,494,270,764,-2.1945115223821996,3.5715224107539254,8.01932332329843,"Ryan Waldschmidt","35061",814439
"Edouard Julien",2026,"FA,FC,FO,FS,SI,CH,SL,CU,KN,KC",1029,0.2781456953642384,0.4900662251655629,0.23178807947019867,0.11428571428571428,0.08571428571428572,599,430,1029,-2.6002180775121464,3.884196125655977,7.944717299319729,"Edouard Julien","27534",666397
"Andruw Monasterio",2026,"FA,FC,FS,SI,CH,SL,CU,KC,EP",887,0.21935483870967742,0.32903225806451614,0.45161290322580644,0.34285714285714286,0.014285714285714285,585,302,887,-2.305639825321308,4.00808641227734,8.04763357384442,"Andruw Monasterio","19455",655316
"Mickey Gasper",2026,"FA,FC,FS,SI,CH,SL,CU,KC",736,0.20588235294117646,0.4264705882352941,0.36764705882352944,0.14,0.2,426,310,736,-3.0291913872282614,3.6322520070652176,8.469152798913042,"Mickey Gasper","24759",681508
"Tommy Edman",2026,"FA,FC,FS,SI,CH,SL,CU,KC",801,0.19594594594594594,0.41216216216216217,0.3918918918918919,0.1724137931034483,0.06896551724137931,522,279,801,-3.1692603205992502,3.9856898625930075,8.195195691635456,"Tommy Edman","19470",669242
"Jorge Soler",2026,"FA,FC,FS,SI,CH,SL,CU,KC",1092,0.2534246575342466,0.4246575342465753,0.3219178082191781,0.2127659574468085,0.2127659574468085,677,415,1092,-2.296769809102565,3.4956165263003665,7.984043091575095,"Jorge Soler","14221",624585
"Coby Mayo",2026,"FA,FC,FO,FS,SI,CH,SL,CU,KC",1212,0.19161676646706588,0.3532934131736527,0.4550898203592814,0.2894736842105263,0.10526315789473684,791,421,1212,-1.281851996963696,3.359677563308581,7.779475857260727,"Coby Mayo","28312",691723
"Oswald Peraza",2026,"FA,FC,FS,SI,CH,SL,CU,KN,KC,EP",872,0.21739130434782608,0.572463768115942,0.21014492753623187,0.13793103448275862,0.06896551724137931,596,276,872,-2.912564500458716,4.277409406766053,8.64472782110092,"Oswald Peraza","22823",672724
"Pedro Ramírez",2026,"FA,FC,FS,SI,CH,SL,CU,KC,EP",818,0.22580645161290322,0.4064516129032258,0.36774193548387096,0.2631578947368421,0.07017543859649122,544,274,818,-2.8601989092909528,3.275010040513447,8.404177850855746,"Pedro Ramirez","29218",699393
"Ryan Jeffers",2026,"FA,FC,FS,SI,CH,SL,CU,KC",935,0.22580645161290322,0.38064516129032255,0.3935483870967742,0.18032786885245902,0.18032786885245902,591,344,935,-2.617443599443849,4.267898740962568,8.503099020320853,"Ryan Jeffers","24618",680777
"Andrew Vaughn",2026,"FA,FC,FO,FS,SI,CH,SL,CU,KC,EP",813,0.25547445255474455,0.43795620437956206,0.30656934306569344,0.23809523809523808,0.09523809523809523,511,302,813,-2.471409274774907,4.130548506813039,7.934561799507995,"Andrew Vaughn","26197",683734
"Luis Rengifo",2026,"FA,FC,FS,SI,CH,SL,CU,KC,EP",880,0.19411764705882353,0.5941176470588235,0.21176470588235294,0.2222222222222222,0.08333333333333333,549,331,880,-3.0442299024715895,4.184140437329544,8.497420463636363,"Luis Rengifo","19858",650859
"Cole Carrigg",2026,"FA,FC,FS,SI,CH,SL,CU,KC,EP",847,0.2608695652173913,0.37681159420289856,0.36231884057971014,0.16,0.16,517,330,847,-2.8783710530106243,3.2391538595041314,7.206047852420304,"Cole Carrigg","33253",694249
"Hao-Yu Lee",2026,"FA,FC,FS,SI,CH,SL,CU,KC",812,0.25,0.42142857142857143,0.32857142857142857,0.2608695652173913,0.13043478260869565,521,291,812,-2.1324972223768475,4.265981285467979,7.795560812807883,"Hao-Yu Lee","30080",701678
"Nicky Lopez",2026,"FA,FC,FO,FS,SI,CH,SL,CU,KC",749,0.24489795918367346,0.5714285714285714,0.1836734693877551,0.14814814814814814,0.037037037037037035,512,237,749,-3.2427319194659554,4.0198603768090795,8.628128626168225,"Nicky Lopez","19339",670032
"Cooper Pratt",2026,"FA,FC,FS,SI,CH,SL,CU,EP",752,0.291970802919708,0.45985401459854014,0.24817518248175183,0.08823529411764706,0.058823529411764705,487,265,752,-2.4115012988563826,3.940448892553191,7.809724446808512,"Cooper Pratt","33530",806198
"Alex Freeland",2026,"FA,FC,FS,SI,CH,SL,CU,KN,KC,EP",958,0.23404255319148937,0.46808510638297873,0.2978723404255319,0.16666666666666666,0.09523809523809523,577,381,958,-3.0699170742484356,3.573709651492694,8.384749566805844,"Alex Freeland","31665",690976
"Nick Loftin",2026,"FA,FC,FS,SI,CH,SL,CU,KC,EP",979,0.23204419889502761,0.3867403314917127,0.3812154696132597,0.18840579710144928,0.08695652173913043,606,373,979,-2.098535636465782,3.96479609544433,7.846674014300307,"Nick Loftin","27630",679845
"Alejandro Kirk",2026,"FA,FC,FS,SI,CH,SL,CU,KN,KC,EP",844,0.21428571428571427,0.5119047619047619,0.27380952380952384,0.2391304347826087,0.17391304347826086,538,306,844,-3.4480447247274877,4.093384070260663,8.56202397630332,"Alejandro Kirk","22581",672386
"Jonny DeLuca",2026,"FA,FC,FS,SI,CH,SL,CU,KC,EP",732,0.2214765100671141,0.38926174496644295,0.38926174496644295,0.43103448275862066,0.1206896551724138,492,240,732,-2.126322288401639,4.681718693579235,8.278926662568306,"Jonny DeLuca","26365",676356
"Austin Wells",2026,"FA,FC,FS,SI,CH,SL,CU,KC,EP",1184,0.22807017543859648,0.32748538011695905,0.4444444444444444,0.21052631578947367,0.14473684210526316,716,468,1184,-3.0635484906773645,3.8131784681756757,8.555348548141891,"Austin Wells","27562",669224
"Cal Raleigh",2026,"FA,FC,FS,SI,CH,SL,CU,KC",1441,0.15760869565217392,0.22282608695652173,0.6195652173913043,0.21052631578947367,0.12280701754385964,896,545,1441,-3.078064439757113,4.201252467133936,8.53838971755725,"Cal Raleigh","21534",663728
"Matt Chapman",2026,"FA,FC,FO,FS,SI,CH,SL,CU,KN,KC",1028,0.16766467065868262,0.49101796407185627,0.3413173652694611,0.3508771929824561,0.08771929824561403,666,362,1028,-2.748562042266537,4.537668454922181,8.442550389105056,"Matt Chapman","16505",656305
"Victor Caratini",2026,"FA,FC,FS,SI,CH,SL,CU,KC,EP",978,0.22404371584699453,0.48633879781420764,0.2896174863387978,0.20754716981132076,0.09433962264150944,598,380,978,-3.64881377111452,4.236836652044991,8.710397106339471,"Victor Caratini","14968",605170
"Tim Tawa",2026,"FA,FC,FS,SI,CH,SL,CU,KC",990,0.22424242424242424,0.42424242424242425,0.3515151515151515,0.1896551724137931,0.1724137931034483,648,342,990,-2.3257194490101014,3.968919588707071,8.054170955555554,"Tim Tawa","29571",694374
"Corey Seager",2026,"FA,FC,FO,FS,SI,CH,SL,CU,KC",1042,0.22404371584699453,0.453551912568306,0.3224043715846995,0.1016949152542373,0.2033898305084746,628,414,1042,-3.6996930024952017,3.504638522264875,8.469946264875238,"Corey Seager","13624",608369
"José Tena",2026,"FA,FC,FO,FS,SI,CH,SL,CU,KC",1092,0.23270440251572327,0.4968553459119497,0.27044025157232704,0.20930232558139536,0.16279069767441862,692,400,1092,-3.234582976941391,3.615350611958791,8.536474577838831,"Jose Tena","23691",677588
"Jackson Holliday",2026,"FA,FC,FS,SI,CH,SL,CU,KC,EP",984,0.22905027932960895,0.45251396648044695,0.31843575418994413,0.24561403508771928,0.10526315789473684,624,360,984,-3.748008727642276,4.122195440487805,8.960593555894313,"Jackson Holliday","31781",702616
"Connor Norby",2026,"FA,FC,FS,SI,CH,SL,CU,KC,EP",910,0.2097902097902098,0.35664335664335667,0.43356643356643354,0.16129032258064516,0.0967741935483871,588,322,910,-2.4609154721978013,4.018761309560439,8.257316625274722,"Connor Norby","29592",681393
"Blaze Alexander",2026,"FA,FC,FS,SI,CH,SL,CU,KC",698,0.31746031746031744,0.48412698412698413,0.1984126984126984,0.04,0.12,458,240,698,-2.9447402826217766,4.371204874498567,8.504824267908308,"Blaze Alexander","23789",677942
"Spencer Steer",2026,"FA,FC,FS,SI,CH,SL,CU,KC",1143,0.19148936170212766,0.42021276595744683,0.3882978723404255,0.2465753424657534,0.1506849315068493,723,420,1143,-3.0745878423622037,4.241943377340332,8.648039926509183,"Spencer Steer","26323",668715
"Kyle Manzardo",2026,"FA,FC,FO,FS,SI,CH,SL,CU,KC,EP",1187,0.20253164556962025,0.34810126582278483,0.44936708860759494,0.19718309859154928,0.16901408450704225,755,432,1187,-2.926934629966301,4.131501419957876,8.686623330244316,"Kyle Manzardo","29794",700932
"Taylor Walls",2026,"FA,FC,FO,FS,SI,CH,SL,CU,KN,KC,EP",1107,0.2085889570552147,0.43558282208588955,0.3558282208588957,0.1896551724137931,0.017241379310344827,670,437,1107,-2.967089670280037,4.293489139588618,8.77374983468835,"Taylor Walls","22458",670764
"Konnor Griffin",2026,"FA,FC,FS,SI,CH,SL,CU,KN,KC,EP",911,0.225,0.56875,0.20625,0.18181818181818182,0.12121212121212122,612,299,911,-2.840186851042809,4.018463773545554,8.481096232381995,"Konnor Griffin","35376",804606
"Kyle Isbel",2026,"FA,FC,FS,SI,CH,SL,CU,KC",870,0.2085889570552147,0.44785276073619634,0.34355828220858897,0.32142857142857145,0.08928571428571429,578,292,870,-3.169945140574711,4.199795395172414,8.765715393103449,"Kyle Isbel","21614",664728
"Moisés Ballesteros",2026,"FA,FC,FO,FS,SI,CH,SL,CU,KN,KC",1099,0.22395833333333334,0.4635416666666667,0.3125,0.15,0.15,702,397,1099,-3.258648402547771,4.000405731470429,8.618829454959055,"Moises Ballesteros","28820",694208
"Matt McLain",2026,"FA,FC,FS,SI,CH,SL,CU,KC,EP",1467,0.1926605504587156,0.3577981651376147,0.44954128440366975,0.20408163265306123,0.09183673469387756,929,538,1467,-2.6248581928248123,4.433520334901159,8.474332073619626,"Matt McLain","29695",680574
"Josh Lowe",2026,"FA,FC,FO,FS,SI,CH,SL,CU,KN,KC",1237,0.23699421965317918,0.3236994219653179,0.4393063583815029,0.18421052631578946,0.15789473684210525,825,412,1237,-3.8154709068714645,4.383458625618432,8.931597577202908,"Josh Lowe","19953",666139
"Luke Raley",2026,"FA,FC,FS,SI,CH,SL,CU,KC",1018,0.25165562913907286,0.3443708609271523,0.40397350993377484,0.18032786885245902,0.2459016393442623,662,356,1018,-3.2122816295294703,3.4077102804715134,8.804080160412571,"Luke Raley","19354",670042
"Owen Caissie",2026,"FA,FC,FO,FS,SI,CH,SL,CU,KC",1184,0.22727272727272727,0.35064935064935066,0.42207792207792205,0.12307692307692308,0.2153846153846154,743,441,1184,-3.298444595869931,3.6132001717820947,8.816693244932434,"Owen Caissie","27496",683357
"Patrick Bailey",2026,"FA,FC,FO,FS,SI,CH,SL,CU,KN,KC,EP",1081,0.2702702702702703,0.42162162162162165,0.3081081081081081,0.19298245614035087,0.12280701754385964,710,371,1081,-3.322360081017576,3.841335417761333,8.631563625346903,"Patrick Bailey","27478",672275
"Dylan Crews",2026,"FA,FC,FS,SI,CH,SL,CU,KC,EP",1089,0.2564102564102564,0.40512820512820513,0.3384615384615385,0.21212121212121213,0.10606060606060606,725,364,1089,-2.670174602865932,3.984630916804409,8.324262740128558,"Dylan Crews","33541",686611
"Angel Martínez",2026,"FA,FC,FO,FS,SI,CH,SL,CU,KC",962,0.24,0.4114285714285714,0.3485714285714286,0.19672131147540983,0.18032786885245902,669,293,962,-2.8824444488565493,3.7653190010706874,8.349946634095634,"Angel Martinez","26540",682657
"Maikel Garcia",2026,"FA,FC,FS,SI,CH,SL,CU,KC",960,0.2613065326633166,0.45226130653266333,0.2864321608040201,0.2631578947368421,0.017543859649122806,598,362,960,-2.885373092708333,4.601879747547915,8.661754465625002,"Maikel Garcia","22715",672580
"Donovan Walton",2026,"FA,FC,FS,SI,CH,SL,CU,KC,EP",937,0.2727272727272727,0.41818181818181815,0.3090909090909091,0.09803921568627451,0.1568627450980392,579,358,937,-3.098862558751335,3.2997119560085384,8.217916495304165,"Donovan Walton","19314",622268
"Griffin Conine",2026,"FA,FC,FO,FS,SI,CH,SL,CU,KN,KC,EP",972,0.20863309352517986,0.4316546762589928,0.3597122302158273,0.26,0.34,597,375,972,-3.271042061831275,3.5768661483539095,8.589035082304527,"Griffin Conine","21626",665052
"Nick Kurtz",2026,"FA,FC,FO,FS,SI,CH,SL,CU,KC",1184,0.2878787878787879,0.4015151515151515,0.3106060606060606,0.12195121951219512,0.36585365853658536,674,510,1184,-4.054536555320947,3.9033358345439177,8.611653335304055,"Nick Kurtz","35110",701762
"Adley Rutschman",2026,"FA,FC,FS,SI,CH,SL,CU,KN,KC,EP",1137,0.22043010752688172,0.40860215053763443,0.3709677419354839,0.13043478260869565,0.13043478260869565,684,453,1137,-3.079638688276166,3.689940223218998,8.781820082673704,"Adley Rutschman","26288",668939
"Jacob Wilson",2026,"FA,FC,FS,SI,CH,SL,CU,KC,EP",762,0.24444444444444444,0.5111111111111111,0.24444444444444444,0.18181818181818182,0.11363636363636363,540,222,762,-2.9900542322834642,3.9641531538057744,8.255577479002625,"Jacob Wilson","33266",805779
"Ryan McMahon",2026,"FA,FC,FS,SI,CH,SL,CU,KC,EP",1228,0.22527472527472528,0.3956043956043956,0.3791208791208791,0.13043478260869565,0.15942028985507245,782,446,1228,-2.7153803544951143,3.813028767100978,8.52842577247557,"Ryan McMahon","15112",641857
"Trent Grisham",2026,"FA,FC,FS,SI,CH,SL,CU,KC,EP",1437,0.19246861924686193,0.40585774058577406,0.401673640167364,0.23958333333333334,0.15625,842,595,1437,-3.516909596423103,4.417288122686153,8.940446027835772,"Trent Grisham","18564",663757
"Sal Frelick",2026,"FA,FC,FS,SI,CH,SL,CU,KN,KC,EP",1081,0.167420814479638,0.5067873303167421,0.3257918552036199,0.2777777777777778,0.041666666666666664,691,390,1081,-3.369898099898243,4.700134315920443,8.582212080481034,"Sal Frelick","29622",686217
"Dylan Beavers",2026,"FA,FC,FO,FS,SI,CH,SL,CU,KC",1205,0.2722222222222222,0.3333333333333333,0.39444444444444443,0.18309859154929578,0.1267605633802817,749,456,1205,-3.096489115825726,4.17934032960166,8.777001481327805,"Dylan Beavers","31695",687637
"Michael Conforto",2026,"FA,FC,FS,SI,CH,SL,CU,KN,KC,EP",1202,0.23076923076923078,0.3626373626373626,0.4065934065934066,0.13513513513513514,0.17567567567567569,749,453,1202,-2.888242574916805,3.599448870990016,8.458392034109815,"Michael Conforto","16376",624424
"Joe Mack",2026,"FA,FC,FO,FS,SI,CH,SL,CU,KC",1024,0.19889502762430938,0.4861878453038674,0.3149171270718232,0.15789473684210525,0.22807017543859648,650,374,1024,-3.3643302733398444,3.42320511894922,8.829322487304688,"Joe Mack","29780",691788
"J.P. Crawford",2026,"FA,FC,FS,SI,CH,SL,CU,KC",1375,0.23113207547169812,0.41509433962264153,0.35377358490566035,0.26666666666666666,0.14666666666666667,813,562,1375,-3.232646610276364,4.676935257381818,8.872253106181818,"J.P. Crawford","15491",641487
"Vaughn Grissom",2026,"FA,FC,FS,SI,CH,SL,CU,KC",1084,0.21844660194174756,0.4320388349514563,0.34951456310679613,0.2222222222222222,0.1388888888888889,731,353,1084,-2.820544158357934,4.1376348227767545,8.586455545202952,"Vaughn Grissom","26031",687093
"Dansby Swanson",2026,"FA,FC,FO,FS,SI,CH,SL,CU,KC,EP",1337,0.17937219730941703,0.4170403587443946,0.40358744394618834,0.18888888888888888,0.14444444444444443,804,533,1337,-1.7143282412116674,3.2613270469184736,7.58920482273747,"Dansby Swanson","18314",621020
"Oneil Cruz",2026,"FA,FC,FS,SI,CH,SL,CU,KC,EP",1158,0.21476510067114093,0.48322147651006714,0.30201342281879195,0.13333333333333333,0.35555555555555557,701,457,1158,-3.180531949336788,3.788974827357513,8.480516566493954,"Oneil Cruz","21711",665833
"Braden Montgomery",2026,"FA,FC,FS,SI,CH,SL,CU,KC,EP",1003,0.1881720430107527,0.6290322580645161,0.1827956989247312,0.14705882352941177,0.14705882352941177,609,394,1003,-3.26368004884347,3.2817695869790624,8.151037465603189,"Braden Montgomery","35423",695731
"Nasim Nuñez",2026,"FA,FC,FO,FS,SI,CH,SL,CU,KC",1368,0.25663716814159293,0.49557522123893805,0.24778761061946902,0.19642857142857142,0,893,475,1368,-3.346729798684209,4.67876314402778,8.737300105263152,"Nasim Nunez","25979",683083
"Carson Kelly",2026,"FA,FC,FO,FS,SI,CH,SL,CU,KN,KC,EP",1092,0.23222748815165878,0.46445497630331756,0.3033175355450237,0.3125,0.0625,672,420,1092,-2.352080044139194,4.1954051183424905,8.026644463369964,"Carson Kelly","13620",608348
"Dominic Smith",2026,"FA,FC,FS,SI,CH,SL,CU,KN,KC",994,0.25257731958762886,0.4072164948453608,0.3402061855670103,0.10606060606060606,0.12121212121212122,630,364,994,-2.8671364782696185,3.71771652802817,8.432347758953721,"Dominic Smith","15653",642086
"Jake Cronenworth",2026,"FA,FC,FS,SI,CH,SL,CU,KC",1333,0.21951219512195122,0.4634146341463415,0.3170731707317073,0.23076923076923078,0.09230769230769231,844,489,1333,-3.8123732333383367,4.381075661492872,8.88526201500375,"Jake Cronenworth","18036",630105
"Lars Nootbaar",2026,"FA,FC,FS,SI,CH,SL,CU,KC",1134,0.23369565217391305,0.45108695652173914,0.31521739130434784,0.10344827586206896,0.1206896551724138,698,436,1134,-3.6063853601322755,3.7971490808659625,8.298039900264548,"Lars Nootbaar","21454",663457
"Zach McKinstry",2026,"FA,FC,FS,SI,CH,SL,CU,KC,EP",1262,0.27586206896551724,0.3620689655172414,0.3620689655172414,0.13095238095238096,0.047619047619047616,831,431,1262,-3.2986589737004763,3.7389141984944527,8.65737175673534,"Zach McKinstry","19392",656716
"Kyle Karros",2026,"FA,FC,FO,FS,SI,CH,SL,CU,KN,KC,EP",1230,0.23618090452261306,0.4623115577889447,0.3015075376884422,0.21666666666666667,0.13333333333333333,737,493,1230,-1.6832119065609767,3.4715666645934964,7.2878308959349605,"Kyle Karros","33252",691720
"Jorbit Vivas",2026,"FA,FC,FO,FS,SI,CH,SL,CU,KC,EP",1119,0.2681818181818182,0.40454545454545454,0.32727272727272727,0.2361111111111111,0.041666666666666664,695,424,1119,-3.1870770345576425,3.9868270132529053,8.293950919571046,"Jorbit Vivas","23917",678391
"Ildemaro Vargas",2026,"FA,FC,FS,SI,CH,SL,CU,KC",1142,0.23529411764705882,0.4823529411764706,0.2823529411764706,0.2777777777777778,0.041666666666666664,786,356,1142,-3.3344842740017517,3.934082949238179,8.399227508756567,"Ildemaro Vargas","13324",545121
"Jacob Young",2026,"FA,FC,FS,SI,CH,SL,CU,KC,EP",1110,0.2636363636363636,0.40454545454545454,0.33181818181818185,0.1506849315068493,0.0958904109589041,730,380,1110,-2.509219079369368,4.264354774911438,8.472912104594595,"Jacob Young","29931",696285
"Gavin Sheets",2026,"FA,FC,FO,FS,SI,CH,SL,CU,KC,EP",1479,0.21397379912663755,0.42358078602620086,0.3624454148471616,0.30120481927710846,0.1927710843373494,922,557,1479,-3.5688481221230584,3.5412286262542247,8.7742667234618,"Gavin Sheets","19901",657757
"Samuel Basallo",2026,"FA,FC,FO,FS,SI,CH,SL,CU,KC",1111,0.22613065326633167,0.4221105527638191,0.35175879396984927,0.14285714285714285,0.22857142857142856,720,391,1111,-2.42219457390369,3.2914261776597673,8.348582211521157,"Samuel Basallo","28824",694212
"J.T. Realmuto",2026,"FA,FC,FO,FS,SI,CH,SL,CU,KN,KC",1332,0.2631578947368421,0.4605263157894737,0.27631578947368424,0.14285714285714285,0.14285714285714285,858,474,1332,-2.7860464522522523,4.3116955104354355,8.18593312687688,"J.T. Realmuto","11739",592663
"Masataka Yoshida",2026,"FA,FC,FS,SI,CH,SL,CU,KC,EP",962,0.18181818181818182,0.5023923444976076,0.3157894736842105,0.18181818181818182,0.07575757575757576,611,351,962,-3.137786323908522,4.058162306704784,8.790304253638253,"Masataka Yoshida","31837",807799
"José Caballero",2026,"FA,FC,FS,SI,CH,SL,CU,KC,EP",1211,0.19811320754716982,0.46226415094339623,0.33962264150943394,0.3611111111111111,0.1388888888888889,804,407,1211,-2.5853321321222134,4.428682462691991,8.525857695293153,"Jose Caballero","23401",676609
"Keibert Ruiz",2026,"FA,FC,FS,SI,CH,SL,CU,KC",785,0.24074074074074073,0.3194444444444444,0.4398148148148148,0.25263157894736843,0.07368421052631578,551,234,785,-3.190514289222929,3.758536215796179,8.060984025477712,"Keibert Ruiz","19610",660688
"Francisco Alvarez",2026,"FA,FC,FO,FS,SI,CH,SL,CU,KC",1209,0.20224719101123595,0.4606741573033708,0.33707865168539325,0.25,0.21666666666666667,760,449,1209,-2.662790732746071,3.9756176200909836,8.348490935070306,"Francisco Alvarez","26121",682626
"David Hamilton",2026,"FA,FC,FO,FS,SI,CH,SL,CU,KN,KC,EP",1238,0.23857868020304568,0.4365482233502538,0.3248730964467005,0.125,0.046875,796,442,1238,-2.9642715626009704,3.9278192184975773,8.259569447495966,"David Hamilton","27531",666152
"Evan Carter",2026,"FA,FC,FO,FS,SI,CH,SL,CU,KC,EP",1518,0.22127659574468084,0.3659574468085106,0.4127659574468085,0.20618556701030927,0.09278350515463918,931,587,1518,-3.899654013306982,3.908041670487483,8.853574017786562,"Evan Carter","27790",694497
"Leody Taveras",2026,"FA,FC,FS,SI,CH,SL,CU,KC",1222,0.23696682464454977,0.3696682464454976,0.3933649289099526,0.24096385542168675,0.08433734939759036,789,433,1222,-3.096839996890345,3.9420126146399332,8.663124670212765,"Leody Taveras","18900",665750
"Wyatt Langford",2026,"FA,FC,FS,SI,CH,SL,CU,KC",1201,0.263681592039801,0.31840796019900497,0.417910447761194,0.30952380952380953,0.15476190476190477,749,452,1201,-2.98178540316403,4.322002087327229,8.54998449625312,"Wyatt Langford","33333",694671
"Heriberto Hernández",2026,"FA,FC,FO,FS,SI,CH,SL,CU,KN,KC",1341,0.21025641025641026,0.38974358974358975,0.4,0.20512820512820512,0.1794871794871795,823,518,1341,-3.2271547395302016,4.296921632304249,8.78533018896346,"Heriberto Hernandez","24878",681715
"Isaac Collins",2026,"FA,FC,FO,FS,SI,CH,SL,CU,KC,EP",1450,0.2361111111111111,0.4166666666666667,0.3472222222222222,0.26666666666666666,0.05333333333333334,860,590,1450,-3.3841651775862074,4.497918789268964,8.81416142275862,"Isaac Collins","25477",686555
"Bryce Eldridge",2026,"FA,FC,FS,SI,CH,SL,CU,KN,KC,EP",1315,0.25824175824175827,0.36813186813186816,0.37362637362637363,0.1323529411764706,0.16176470588235295,778,537,1315,-2.286570552007605,3.17529078661597,7.876187968821294,"Bryce Eldridge","33390",805811
"Byron Buxton",2026,"FA,FC,FS,SI,CH,SL,CU,KC",1066,0.18041237113402062,0.31958762886597936,0.5,0.28865979381443296,0.21649484536082475,696,370,1066,-3.0660136884615388,3.6609376533395888,8.454469441838649,"Byron Buxton","14161",621439
"Joey Ortiz",2026,"FA,FC,FS,SI,CH,SL,CU,KN,KC,EP",995,0.2275132275132275,0.5132275132275133,0.25925925925925924,0.1836734693877551,0.14285714285714285,672,323,995,-2.6467550187035163,4.279154324020099,8.33958588241206,"Joey Ortiz","25493",687401
"Jesús Sánchez",2026,"FA,FC,FS,SI,CH,SL,CU,KC,EP",1083,0.21808510638297873,0.43617021276595747,0.34574468085106386,0.2,0.12307692307692308,711,372,1083,-3.581216192807016,4.62561587229917,8.952120935364727,"Jesus Sanchez","19913",660821
"Francisco Lindor",2026,"FA,FC,FS,SI,CH,SL,CU,KC",1320,0.24880382775119617,0.33014354066985646,0.42105263157894735,0.19318181818181818,0.17045454545454544,828,492,1320,-2.898529671969697,4.128533531666665,8.778136550757575,"Francisco Lindor","12916",596019
"Cedric Mullins",2026,"FA,FC,FS,SI,CH,SL,CU,KN,KC,EP",1447,0.203125,0.3046875,0.4921875,0.3412698412698413,0.1111111111111111,914,533,1447,-3.4627141630960607,4.763828027304771,9.136521612992397,"Cedric Mullins","17929",656775
"José Ramírez",2026,"FA,FC,FO,FS,SI,CH,SL,CU,KC",1564,0.26666666666666666,0.31851851851851853,0.4148148148148148,0.29464285714285715,0.0625,972,592,1564,-2.885594791725704,3.8067962888107405,8.035936309462915,"Jose Ramirez","13510",608070
"Jared Young",2026,"FA,FC,FS,SI,CH,SL,CU,KC",1093,0.22277227722772278,0.4603960396039604,0.31683168316831684,0.1875,0.140625,671,422,1093,-2.786297967602928,3.739111754967978,8.484340964318386,"Jared Young","20404",676724
"Zack Gelof",2026,"FA,FC,FS,SI,CH,SL,CU,KC,EP",1203,0.19402985074626866,0.44776119402985076,0.3582089552238806,0.18055555555555555,0.20833333333333334,759,444,1203,-2.8730537031587704,3.8362533291770586,8.286532689110553,"Zack Gelof","29766",680869
"Juan Soto",2026,"FA,FC,FS,SI,CH,SL,CU,KC,EP",1229,0.21153846153846154,0.38461538461538464,0.40384615384615385,0.21428571428571427,0.25,683,546,1229,-3.204716127583401,3.3511478036533777,8.445018647681039,"Juan Soto","20123",665742
"Willi Castro",2026,"FA,FC,FO,FS,SI,CH,SL,CU,KN,KC",1261,0.2765957446808511,0.3404255319148936,0.3829787234042553,0.08333333333333333,0.1527777777777778,796,465,1261,-3.2990777970975396,3.9230992168596357,8.093763814432993,"Willi Castro","17338",650489
"Heliot Ramos",2026,"FA,FC,FO,FS,SI,CH,SL,CU,KN,KC,EP",1276,0.18095238095238095,0.5619047619047619,0.2571428571428571,0.1111111111111111,0.16666666666666666,851,425,1276,-2.89167379145768,4.598065584757054,8.715282952194359,"Heliot Ramos","22515",671218
"Tyler Soderstrom",2026,"FA,FC,FO,FS,SI,CH,SL,CU,KC",1193,0.24401913875598086,0.4258373205741627,0.33014354066985646,0.2028985507246377,0.14492753623188406,709,484,1193,-3.9447630401508786,3.2577351005540653,8.52538137887678,"Tyler Soderstrom","27467",691016
"Colson Montgomery",2026,"FA,FC,FO,FS,SI,CH,SL,CU,KC",1740,0.19909502262443438,0.27601809954751133,0.5248868778280543,0.3017241379310345,0.1810344827586207,1110,630,1740,-2.9125022552298856,4.372270882977585,8.526954277586206,"Colson Montgomery","29712",695657
"JJ Bleday",2026,"FA,FC,FO,FS,SI,CH,SL,CU,KC",1507,0.2821576763485477,0.26141078838174275,0.45643153526970953,0.21818181818181817,0.14545454545454545,905,602,1507,-3.4929026750497663,3.380088226363634,8.49609912342402,"JJ Bleday","26368",668709
"Munetaka Murakami",2026,"FA,FC,FS,SI,CH,SL,CU,KC,EP",1649,0.12568306010928962,0.4371584699453552,0.4371584699453552,0.075,0.35,963,686,1649,-2.680435682171013,3.3952508213947854,8.241210584596722,"Munetaka Murakami","37120",808959
"Gleyber Torres",2026,"FA,FC,FS,SI,CH,SL,CU,KC",1197,0.2621359223300971,0.48058252427184467,0.25728155339805825,0.09433962264150944,0.11320754716981132,739,458,1197,-2.4397138980200506,4.112022679649123,8.136008202172098,"Gleyber Torres","16997",650402
"Richie Palacios",2026,"FA,FC,FO,FS,SI,CH,SL,CU,KN,KC,EP",1281,0.28634361233480177,0.3744493392070485,0.3392070484581498,0.3116883116883117,0.12987012987012986,796,485,1281,-3.119517450149883,3.6173988879859484,8.948810715846994,"Richie Palacios","24589",680700
"Ezequiel Tovar",2026,"FA,FC,FO,FS,SI,CH,SL,CU,KN,KC,EP",1208,0.2413793103448276,0.375,0.38362068965517243,0.2696629213483146,0.10112359550561797,850,358,1208,-1.9287428915976825,3.967413339569536,7.3677014478476845,"Ezequiel Tovar","24064",678662
"Shea Langeliers",2026,"FA,FC,FO,FS,SI,CH,SL,CU,KC,EP",1239,0.25229357798165136,0.3302752293577982,0.41743119266055045,0.2967032967032967,0.15384615384615385,791,448,1239,-1.7822182503631963,3.640928034535918,7.844688877320421,"Shea Langeliers","25816",669127
"Royce Lewis",2026,"FA,FC,FS,SI,CH,SL,CU,KC",1422,0.22844827586206898,0.33620689655172414,0.4353448275862069,0.3465346534653465,0.09900990099009901,929,493,1422,-2.2909770892756693,4.0415710765471164,8.035979749648384,"Royce Lewis","20437",668904
"Ronald Acuña Jr.",2026,"FA,FC,FS,SI,CH,SL,CU,KN,KC",1201,0.22897196261682243,0.411214953271028,0.3598130841121495,0.24675324675324675,0.19480519480519481,742,459,1201,-3.1305747544546207,4.99170264154871,8.789081709408824,"Ronald Acuna Jr.","18401",660670
"Henry Bolte",2026,"FA,FC,FS,SI,CH,SL,CU,KC,EP",1167,0.16923076923076924,0.6564102564102564,0.17435897435897435,0.14705882352941177,0.11764705882352941,747,420,1167,-3.5462987389117377,4.2904586282347905,8.59595135304199,"Henry Bolte","31448",703607
"Masyn Winn",2026,"FA,FC,FO,FS,SI,CH,SL,CU,KC",1550,0.23282442748091603,0.46564885496183206,0.3015267175572519,0.27848101265822783,0.05063291139240506,984,566,1550,-2.4161876018316124,4.48283139923871,8.297070610322574,"Masyn Winn","27479",691026
"Marcus Semien",2026,"FA,FC,FS,SI,CH,SL,CU,KC",1458,0.20774647887323944,0.38380281690140844,0.4084507042253521,0.22413793103448276,0.09482758620689655,942,516,1458,-1.869759153696845,3.686747330411524,7.8757211467764074,"Marcus Semien","12533",543760
"Kyle Schwarber",2026,"FA,FC,FO,FS,SI,CH,SL,CU,KN,KC",1840,0.23148148148148148,0.2962962962962963,0.4722222222222222,0.24509803921568626,0.29411764705882354,1095,745,1840,-2.371909892353262,3.305713763510871,8.047948836467391,"Kyle Schwarber","16478",656941
"Spencer Horwitz",2026,"FA,FC,FS,SI,CH,SL,CU,KN,KC,EP",1420,0.22134387351778656,0.391304347826087,0.38735177865612647,0.23469387755102042,0.09183673469387756,865,555,1420,-2.7528016969718303,4.258777150978875,8.526397250422539,"Spencer Horwitz","26477",687462
"Vinnie Pasquantino",2026,"FA,FC,FS,SI,CH,SL,CU,KC",1367,0.252,0.304,0.444,0.25225225225225223,0.11711711711711711,833,534,1367,-2.856884351122897,3.9087237465252396,8.394684068032186,"Vinnie Pasquantino","27676",686469
"Taylor Ward",2026,"FA,FC,FS,SI,CH,SL,CU,KC",1723,0.2589641434262948,0.4063745019920319,0.3346613545816733,0.2261904761904762,0.03571428571428571,996,727,1723,-2.347332472988974,4.189879678885661,8.454931052234478,"Taylor Ward","17548",621493
"Teoscar Hernández",2026,"FA,FC,FS,SI,CH,SL,CU,KC,EP",1332,0.19806763285024154,0.4492753623188406,0.3526570048309179,0.2465753424657534,0.1232876712328767,862,470,1332,-2.9468614643393396,4.10559518319069,8.124159536786784,"Teoscar Hernandez","13066",606192
"Jazz Chisholm Jr.",2026,"FA,FC,FS,SI,CH,SL,CU,KC,EP",1528,0.1875,0.44642857142857145,0.36607142857142855,0.1951219512195122,0.17073170731707318,930,598,1528,-2.965193643252617,3.8006493136256547,8.578549420157067,"Jazz Chisholm Jr.","20454",665862
"Carlos Cortes",2026,"FA,FC,FO,FS,SI,CH,SL,CU,KC",1430,0.2567049808429119,0.4367816091954023,0.3065134099616858,0.25,0.125,899,531,1430,-3.8600365499202804,3.7209896543706313,8.706278356503494,"Carlos Cortes","21842",666126
"Daulton Varsho",2026,"FA,FC,FS,SI,CH,SL,CU,KN,KC,EP",1479,0.21660649819494585,0.38267148014440433,0.4007220216606498,0.22522522522522523,0.09009009009009009,974,505,1479,-2.9328112196727534,3.8874322595334663,8.614683735835023,"Daulton Varsho","19918",662139
"Ryan O'Hearn",2026,"FA,FC,FS,SI,CH,SL,CU,KC,EP",1188,0.23923444976076555,0.3875598086124402,0.37320574162679426,0.19230769230769232,0.1794871794871795,736,452,1188,-2.7122207627188555,3.616877897356061,8.330459523905724,"Ryan O'Hearn","16442",656811
"Wade Meckler",2026,"FA,FC,FS,SI,CH,SL,CU,KC",984,0.2717948717948718,0.5025641025641026,0.22564102564102564,0.06818181818181818,0.06818181818181818,607,377,984,-3.7754811150406504,3.848045887276423,8.761146116869917,"Wade Meckler","31490",685133
"A.J. Ewing",2026,"FA,FC,FS,SI,CH,SL,CU,KC,EP",1344,0.2747747747747748,0.4369369369369369,0.2882882882882883,0.140625,0.125,848,496,1344,-3.553100965997023,3.892962203459823,8.882544549851186,"A.J. Ewing","33656",805999
"Travis Bazzana",2026,"FA,FC,FS,SI,CH,SL,CU,KC",1373,0.2457627118644068,0.3898305084745763,0.3644067796610169,0.22093023255813954,0.1511627906976744,860,513,1373,-3.138327070400584,4.03821736868172,8.259031827385284,"Travis Bazzana","34967",683953
"Lawrence Butler",2026,"FA,FC,FO,FS,SI,CH,SL,CU,KC,EP",1616,0.2264957264957265,0.47863247863247865,0.2948717948717949,0.17391304347826086,0.18840579710144928,969,647,1616,-3.774105920482672,3.9565392637376235,8.72883504579208,"Lawrence Butler","22542",671732
"Tyler Stephenson",2026,"FA,FC,FO,FS,SI,CH,SL,CU,KC",1366,0.2777777777777778,0.35648148148148145,0.36574074074074076,0.1518987341772152,0.16455696202531644,855,511,1366,-2.5604036013909224,4.084905134196926,8.188900901903368,"Tyler Stephenson","17988",663886
"Mickey Moniak",2026,"FA,FC,FO,FS,SI,CH,SL,CU,KN,KC,EP",1204,0.21794871794871795,0.3333333333333333,0.44871794871794873,0.1619047619047619,0.19047619047619047,838,366,1204,-2.3462491263289036,2.934957107807308,7.5713290946843825,"Mickey Moniak","19956",666160
"Cam Smith",2026,"FA,FC,FO,FS,SI,CH,SL,CU,KC,EP",1661,0.22727272727272727,0.4621212121212121,0.3106060606060606,0.23170731707317074,0.17073170731707318,1049,612,1661,-2.7093472561408793,4.043351174966888,8.429784718844068,"Cam Smith","35108",701358
"Willy Adames",2026,"FA,FC,FO,FS,SI,CH,SL,CU,KN,KC,EP",1444,0.20833333333333334,0.3125,0.4791666666666667,0.30434782608695654,0.14782608695652175,935,509,1444,-2.3954657591551243,4.023990109238228,8.251431186288091,"Willy Adames","15986",642715
"Ozzie Albies",2026,"FA,FC,FS,SI,CH,SL,CU,KC,EP",1694,0.20875420875420875,0.3400673400673401,0.4511784511784512,0.1791044776119403,0.1044776119402985,1093,601,1694,-3.010614722331758,3.716441539698936,8.475473531168827,"Ozzie Albies","16556",645277
"Andrés Giménez",2026,"FA,FC,FS,SI,CH,SL,CU,KN,KC,EP",1358,0.22900763358778625,0.4083969465648855,0.36259541984732824,0.25263157894736843,0.06315789473684211,962,396,1358,-2.9807586413328426,3.9801248761266548,8.679070230486014,"Andres Gimenez","19950",665926
"Josh Jung",2026,"FA,FC,FO,FS,SI,CH,SL,CU,KC",1180,0.30472103004291845,0.41201716738197425,0.2832618025751073,0.13636363636363635,0.13636363636363635,788,392,1180,-2.564827037022034,3.854296634228814,8.481123062118646,"Josh Jung","26299",673962
"Cody Bellinger",2026,"FA,FC,FS,SI,CH,SL,CU,KC",1370,0.22868217054263565,0.3682170542635659,0.40310077519379844,0.18269230769230768,0.11538461538461539,846,524,1370,-3.5904291287591237,4.379698676729929,8.887097543795619,"Cody Bellinger","15998",641355
"Joc Pederson",2026,"FA,FC,FO,FS,SI,CH,SL,CU,KC,EP",1561,0.203125,0.3984375,0.3984375,0.17647058823529413,0.24509803921568626,991,570,1561,-3.137643277065983,3.7319248133247944,8.55988258424087,"Joc Pederson","11899",592626
"Hunter Goodman",2026,"FA,FC,FO,FS,SI,CH,SL,CU,KN,KC,EP",1402,0.2217573221757322,0.3138075313807531,0.46443514644351463,0.24324324324324326,0.25225225225225223,938,464,1402,-1.9412337288587729,3.767105990121258,7.380365278245363,"Hunter Goodman","29715",696100
"Nolan Schanuel",2026,"FA,FC,FO,FS,SI,CH,SL,CU,KN,KC",1256,0.3225806451612903,0.39919354838709675,0.2782258064516129,0.15942028985507245,0.07246376811594203,786,470,1256,-3.193704082643311,4.173018809235668,8.717733304936305,"Nolan Schanuel","33189",694384
"James Wood",2026,"FA,FC,FO,FS,SI,CH,SL,CU,KC",1713,0.29245283018867924,0.41509433962264153,0.29245283018867924,0,0.3387096774193548,941,772,1713,-2.6512358865090477,3.21354190671337,8.318126462346761,"James Wood","29518",695578
"Jarren Duran",2026,"FA,FC,FO,FS,SI,CH,SL,CU,KN,KC",1739,0.21283783783783783,0.44594594594594594,0.34121621621621623,0.297029702970297,0.1782178217821782,1131,608,1739,-3.23863856946521,3.89789917785509,8.6454174479586,"Jarren Duran","24617",680776
"George Springer",2026,"FA,FC,FS,SI,CH,SL,CU,KC",1418,0.22529644268774704,0.47035573122529645,0.30434782608695654,0.19480519480519481,0.14285714285714285,877,541,1418,-2.9011543229760224,4.043247001297601,8.629018503526096,"George Springer","12856",543807
"Mike Trout",2026,"FA,FC,FO,FS,SI,CH,SL,CU,KN,KC",1943,0.2719665271966527,0.3263598326359833,0.401673640167364,0.1875,0.16666666666666666,1140,803,1943,-3.209383861163149,5.154704114065882,8.93212969119918,"Mike Trout","10155",545361
"Nathan Church",2026,"FA,FC,FO,FS,SI,CH,SL,CU,KC",1385,0.24175824175824176,0.4139194139194139,0.3443223443223443,0.2978723404255319,0.0851063829787234,955,430,1385,-3.946283202548738,4.346542461083032,8.867462864259927,"Nathan Church","31357",701675
"Xander Bogaerts",2026,"FA,FC,FS,SI,CH,SL,CU,KC,EP",1740,0.2027491408934708,0.5051546391752577,0.2920962199312715,0.17647058823529413,0.12941176470588237,1062,678,1740,-3.216658755609198,3.600713513821837,8.463146083333333,"Xander Bogaerts","12161",593428
"Mookie Betts",2026,"FA,FC,FS,SI,CH,SL,CU,KC",1296,0.2851985559566787,0.33935018050541516,0.37545126353790614,0.15384615384615385,0.14423076923076922,810,486,1296,-2.789666841759259,4.214520432646608,8.076069798611112,"Mookie Betts","13611",605141
"Brett Baty",2026,"FA,FC,FS,SI,CH,SL,CU,KC,EP",1504,0.26639344262295084,0.36475409836065575,0.36885245901639346,0.15555555555555556,0.12222222222222222,977,527,1504,-3.384517729381648,4.393342382726063,9.085837763962768,"Brett Baty","26123",683146
"JJ Wetherholt",2026,"FA,FC,FO,FS,SI,CH,SL,CU,KC",1607,0.21691176470588236,0.48161764705882354,0.3014705882352941,0.08536585365853659,0.13414634146341464,954,653,1607,-3.6396500536029865,4.040552476390791,8.675933602986934,"JJ Wetherholt","34985",802139
"Jake Burger",2026,"FA,FC,FO,FS,SI,CH,SL,CU,KC,EP",1643,0.19133574007220217,0.4584837545126354,0.35018050541516244,0.20618556701030927,0.15463917525773196,1083,560,1643,-2.2118871743578823,3.649954747352406,7.931642055812534,"Jake Burger","22275",669394
"Michael Massey",2026,"FA,FC,FO,FS,SI,CH,SL,CU,KC,EP",1273,0.2581818181818182,0.37454545454545457,0.36727272727272725,0.09900990099009901,0.09900990099009901,862,411,1273,-3.169150364100549,4.4673653932364505,8.624940201885313,"Michael Massey","27684",686681
"Jake Mangum",2026,"FA,FC,FS,SI,CH,SL,CU,KC,EP",1258,0.2074688796680498,0.5975103734439834,0.1950207468879668,0.19148936170212766,0.06382978723404255,887,371,1258,-3.3977999491812403,4.336056656120825,8.428474972972968,"Jake Mangum","26202",663968
"Kyle Stowers",2026,"FA,FC,FO,FS,SI,CH,SL,CU,KN,KC",1489,0.2081447963800905,0.34841628959276016,0.4434389140271493,0.16326530612244897,0.19387755102040816,944,545,1489,-3.797395279314978,4.364903983572867,9.027426889858965,"Kyle Stowers","26151",669065
"Chase DeLauter",2026,"FA,FC,FO,FS,SI,CH,SL,CU,KC,EP",1436,0.25622775800711745,0.4234875444839858,0.3202846975088968,0.28888888888888886,0.13333333333333333,822,614,1436,-3.2656772037883,4.207577493126742,8.680490878830076,"Chase DeLauter","32127",800050
"Troy Johnston",2026,"FA,FC,FO,FS,SI,CH,SL,CU,KN,KC,EP",1235,0.3448275862068966,0.4051724137931034,0.25,0.10344827586206896,0.034482758620689655,798,437,1235,-3.005557727465587,3.8629143350607285,8.038774480971666,"Troy Johnston","26143",687859
"Carter Jensen",2026,"FA,FC,FO,FS,SI,CH,SL,CU,KN,KC,EP",1798,0.17509727626459143,0.3035019455252918,0.5214007782101168,0.1865671641791045,0.17164179104477612,1085,713,1798,-3.0306298324360403,4.12428515105673,8.589358788654058,"Carter Jensen","29478",695600
"Alec Bohm",2026,"FA,FC,FO,FS,SI,CH,SL,CU,KN,KC,EP",1615,0.24842767295597484,0.5062893081761006,0.24528301886792453,0.1282051282051282,0.10256410256410256,1013,602,1615,-3.1272546787170272,4.662780149207429,8.559065474303406,"Alec Bohm","21618",664761
"Andrew Benintendi",2026,"FA,FC,FO,FS,SI,CH,SL,CU,KC,EP",1562,0.2375886524822695,0.3475177304964539,0.4148936170212766,0.1623931623931624,0.1111111111111111,997,565,1562,-3.516820381235597,3.7161814355057636,8.437974149807934,"Andrew Benintendi","17901",643217
"Jo Adell",2026,"FA,FC,FO,FS,SI,CH,SL,CU,KN,KC,EP",1812,0.25,0.40584415584415584,0.34415584415584416,0.3018867924528302,0.08490566037735849,1180,632,1812,-2.656450530943708,4.00729089424393,8.11365003807947,"Jo Adell","20220",666176
"Salvador Perez",2026,"FA,FC,FO,FS,SI,CH,SL,CU,KN,KC",1690,0.23404255319148937,0.40425531914893614,0.3617021276595745,0.2184873949579832,0.14285714285714285,1141,549,1690,-0.6409426497041423,3.360169843905326,7.60474458928994,"Salvador Perez","7304",521692
"Javier Sanoja",2026,"FA,FC,FS,SI,CH,SL,CU,KN,KC,EP",1123,0.2746478873239437,0.4084507042253521,0.31690140845070425,0.35555555555555557,0.07777777777777778,779,344,1123,-2.7126519221460366,4.1674607366874445,8.427896867319678,"Javier Sanoja","28253",691594
"Jake Bauers",2026,"FA,FC,FS,SI,CH,SL,CU,KN,KC,EP",1714,0.2702702702702703,0.40540540540540543,0.32432432432432434,0.06944444444444445,0.25,987,727,1714,-3.2113657990880973,3.3819890943698954,8.331007035005834,"Jake Bauers","15194",641343
"Willson Contreras",2026,"FA,FC,FS,SI,CH,SL,CU,KN,KC,EP",1484,0.25112107623318386,0.3901345291479821,0.35874439461883406,0.25,0.2375,957,527,1484,-2.8212973789083553,4.229267211071428,8.68161098045822,"Willson Contreras","11609",575929
"Matt Olson",2026,"FA,FC,FO,FS,SI,CH,SL,CU,KC,EP",1750,0.21052631578947367,0.3533834586466165,0.43609022556390975,0.1896551724137931,0.21551724137931033,1062,688,1750,-2.996449721622857,4.067946854914287,8.412323526342858,"Matt Olson","14344",621566
"Nathaniel Lowe",2026,"FA,FC,FO,FS,SI,CH,SL,CU,KC",1562,0.2979591836734694,0.3673469387755102,0.3346938775510204,0.14634146341463414,0.2073170731707317,994,568,1562,-3.626286176696544,4.7452404641549295,8.960629957746482,"Nathaniel Lowe","19566",663993
"Max Muncy",2026,"FA,FC,FS,SI,CH,SL,CU,KC,EP",1735,0.22813688212927757,0.3688212927756654,0.40304182509505704,0.1509433962264151,0.20754716981132076,1050,685,1735,-2.6343935910662815,2.78162129985591,8.1324822870317,"Max Muncy","13301",571970
"Josh Bell",2026,"FA,FC,FS,SI,CH,SL,CU,KC,EP",1680,0.2326388888888889,0.4409722222222222,0.3263888888888889,0.22340425531914893,0.14893617021276595,1027,653,1680,-3.595400899464286,3.85445875029762,8.78085408095239,"Josh Bell","13145",605137
"Brandon Nimmo",2026,"FA,FC,FO,FS,SI,CH,SL,CU,KC",1772,0.2808219178082192,0.4041095890410959,0.3150684931506849,0.10869565217391304,0.09782608695652174,1159,613,1772,-3.3735159591873582,4.040376839051919,8.79434818848759,"Brandon Nimmo","12927",607043
"Kody Clemens",2026,"FA,FC,FS,SI,CH,SL,CU,KC",1615,0.23103448275862068,0.3413793103448276,0.42758620689655175,0.13709677419354838,0.1774193548387097,1060,555,1615,-3.6441088931815475,4.590603156439628,8.83113378142415,"Kody Clemens","20572",665019
"Jeremy Peña",2026,"FA,FC,FS,SI,CH,SL,CU,KC,EP",1328,0.24897959183673468,0.4122448979591837,0.33877551020408164,0.24096385542168675,0.21686746987951808,897,431,1328,-2.539532885037651,3.63015870618223,8.100568061746987,"Jeremy Pena","21636",665161
"Caleb Durbin",2026,"FA,FC,FS,SI,CH,SL,CU,KC,EP",1535,0.21639344262295082,0.4885245901639344,0.29508196721311475,0.3888888888888889,0.1,986,549,1535,-3.1196742097263854,4.1772517102931594,8.578729747752442,"Caleb Durbin","29646",702332
"Wilyer Abreu",2026,"FA,FC,FS,SI,CH,SL,CU,KN,KC,EP",1839,0.21967213114754097,0.3016393442622951,0.4786885245901639,0.1643835616438356,0.1232876712328767,1171,668,1839,-3.718585417727025,4.682645409390974,9.000513131593255,"Wilyer Abreu","23772",677800
"Brayan Rocchio",2026,"FA,FC,FO,FS,SI,CH,SL,CU,KC",1509,0.2576271186440678,0.4033898305084746,0.3389830508474576,0.24,0.09,968,541,1509,-3.3326159276805813,3.8841799211398285,8.595845131875416,"Brayan Rocchio","23690",677587
"Manny Machado",2026,"FA,FC,FS,SI,CH,SL,CU,KC",2002,0.24024024024024024,0.38738738738738737,0.37237237237237236,0.23387096774193547,0.1935483870967742,1264,738,2002,-2.4812428357072913,3.947550105357645,8.410080484515486,"Manny Machado","11493",592518
"Dominic Canzone",2026,"FA,FC,FS,SI,CH,SL,CU,KC,EP",1400,0.2290909090909091,0.4218181818181818,0.3490909090909091,0.16666666666666666,0.1875,937,463,1400,-3.4585368181428584,3.20642312362857,8.57499111714286,"Dominic Canzone","26438",686527
"Ty France",2026,"FA,FC,FS,SI,CH,SL,CU,KC,EP",1373,0.26229508196721313,0.4016393442622951,0.3360655737704918,0.2073170731707317,0.1951219512195122,901,472,1373,-3.063035714435541,4.6018509835753845,8.710954722505464,"Ty France","17982",664034
"Jose Altuve",2026,"FA,FC,FS,SI,CH,SL,CU,KC",1507,0.2182410423452769,0.4755700325732899,0.30618892508143325,0.2553191489361702,0.1276595744680851,998,509,1507,-2.6410950858725952,3.8005180801924356,8.255156428666222,"Jose Altuve","5417",514888
"Shohei Ohtani",2026,"FA,FC,FS,SI,CH,SL,CU,KC",1618,0.26141078838174275,0.4066390041493776,0.33195020746887965,0.075,0.225,989,629,1618,-3.443742650185414,3.8940496466687273,8.481912795735477,"Shohei Ohtani","19755",660271
"Ketel Marte",2026,"FA,FC,FO,FS,SI,CH,SL,CU,KC",1712,0.21739130434782608,0.42028985507246375,0.36231884057971014,0.208,0.104,1082,630,1712,-3.347056734369157,3.5087172034871488,8.4476350432243,"Ketel Marte","13613",606466
"Garrett Mitchell",2026,"FA,FC,FS,SI,CH,SL,CU,KN,KC,EP",1604,0.27149321266968324,0.5294117647058824,0.19909502262443438,0.13636363636363635,0.22727272727272727,981,623,1604,-3.3850998922007487,4.281588985888404,8.505351931421451,"Garrett Mitchell","27555",669003
"Trevor Larnach",2026,"FA,FC,FS,SI,CH,SL,CU,KC,EP",1478,0.2851851851851852,0.3925925925925926,0.32222222222222224,0.26436781609195403,0.12643678160919541,916,562,1478,-3.4280597346549397,3.54976720782138,8.589148997970227,"Trevor Larnach","21501",663616
"Bryan Reynolds",2026,"FA,FC,FS,SI,CH,SL,CU,KC,EP",1786,0.24817518248175183,0.4489051094890511,0.3029197080291971,0.10843373493975904,0.12048192771084337,1074,712,1786,-2.615638450531916,3.327869098618701,8.025776831466965,"Bryan Reynolds","19326",668804
"Kazuma Okamoto",2026,"FA,FC,FS,SI,CH,SL,CU,KN,KC",1941,0.2158273381294964,0.35611510791366907,0.42805755395683454,0.23529411764705882,0.19327731092436976,1249,692,1941,-2.0552044993766105,3.6639290236682127,8.173719423493043,"Kazuma Okamoto","37123",672960
"Gunnar Henderson",2026,"FA,FC,FS,SI,CH,SL,CU,KC,EP",1931,0.2282958199356913,0.41479099678456594,0.35691318327974275,0.16216216216216217,0.14414414414414414,1208,723,1931,-3.5021093539570165,3.6648795917814594,8.625481317452103,"Gunnar Henderson","26289",683002
"Nolan Arenado",2026,"FA,FC,FS,SI,CH,SL,CU,KC",1709,0.21283783783783783,0.3614864864864865,0.42567567567567566,0.3333333333333333,0.15873015873015872,1097,612,1709,-2.4152395507899365,3.774683147729664,8.036391282621418,"Nolan Arenado","9777",571448
"Colt Keith",2026,"FA,FC,FS,SI,CH,SL,CU,KC,EP",1521,0.2704626334519573,0.37722419928825623,0.35231316725978645,0.23232323232323232,0.10101010101010101,945,576,1521,-3.7455828677317546,4.230017087666009,8.715706274161734,"Colt Keith","27899",690993
"Justin Crawford",2026,"FA,FC,FO,FS,SI,CH,SL,CU,KC",1408,0.21575342465753425,0.565068493150685,0.2191780821917808,0.1875,0.03125,966,442,1408,-3.8344303087357976,4.882515981818181,8.936725358664772,"Justin Crawford","31791",702222
"Andy Pages",2026,"FA,FC,FS,SI,CH,SL,CU,KC,EP",1645,0.2571428571428571,0.3892857142857143,0.3535714285714286,0.2828282828282828,0.1414141414141414,1051,594,1645,-3.198046720261398,4.495695844705167,8.463747564133737,"Andy Pages","24816",681624
"Jakob Marsee",2026,"FA,FC,FO,FS,SI,CH,SL,CU,KN,KC",1795,0.2980769230769231,0.3269230769230769,0.375,0.3333333333333333,0.08547008547008547,1082,713,1795,-3.715069473392202,4.843611495598883,8.998887108077998,"Jakob Marsee","31370",805300
"Cole Young",2026,"FA,FC,FS,SI,CH,SL,CU,KC,EP",1582,0.24600638977635783,0.38977635782747605,0.36421725239616615,0.2894736842105263,0.12280701754385964,1024,558,1582,-3.64050887954488,4.550008102654868,8.899421088495577,"Cole Young","31680",702284
"Jackson Chourio",2026,"FA,FC,FS,SI,CH,SL,CU,KC,EP",1517,0.2037735849056604,0.42641509433962266,0.36981132075471695,0.1326530612244898,0.15306122448979592,1014,503,1517,-2.3869956076994066,3.96940401501648,7.800961663150956,"Jackson Chourio","28806",694192
"Luke Keaschall",2026,"FA,FC,FS,SI,CH,SL,CU,KC,EP",1538,0.24315068493150685,0.3595890410958904,0.3972602739726027,0.20689655172413793,0.06896551724137931,927,611,1538,-2.6551932239531855,4.142512588038361,8.304080024707412,"Luke Keaschall","33321",807712
"Nathan Lukes",2026,"FA,FC,FS,SI,CH,SL,CU,KN,KC,EP",1439,0.23049645390070922,0.5035460992907801,0.26595744680851063,0.17333333333333334,0.12,955,484,1439,-3.8611958060667133,4.403632482008338,8.958501658790828,"Nathan Lukes","18123",664770
"Dillon Dingler",2026,"FA,FC,FS,SI,CH,SL,CU,KC,EP",1562,0.23693379790940766,0.3623693379790941,0.40069686411149824,0.23478260869565218,0.2,1011,551,1562,-3.1956331752048657,3.7390247066197184,8.554856138924455,"Dillon Dingler","27464",693307
"Zach Neto",2026,"FA,FC,FS,SI,CH,SL,CU,KN,KC",2031,0.2158273381294964,0.3129496402877698,0.4712230215827338,0.22900763358778625,0.1450381679389313,1309,722,2031,-2.34945982102905,3.462491668202857,8.083240195667154,"Zach Neto","31347",687263
"Ezequiel Duran",2026,"FA,FC,FO,FS,SI,CH,SL,CU,KC,EP",1619,0.22184300341296928,0.4778156996587031,0.3003412969283277,0.23863636363636365,0.14772727272727273,1103,516,1619,-2.607523164984558,4.0646352994255714,8.455897755404576,"Ezequiel Duran","23733",677649
"Josh Naylor",2026,"FA,FC,FS,SI,CH,SL,CU,KC,EP",1372,0.24251497005988024,0.44610778443113774,0.31137724550898205,0.2980769230769231,0.0673076923076923,901,471,1372,-3.1489038274052477,3.6698960803134106,8.530621349125369,"Josh Naylor","18839",647304
"Bryson Stott",2026,"FA,FC,FO,FS,SI,CH,SL,CU,KC,EP",1895,0.24539877300613497,0.39570552147239263,0.3588957055214724,0.18803418803418803,0.06837606837606838,1215,680,1895,-3.822213208632717,4.689878742511874,8.98721091398417,"Bryson Stott","26294",681082
"Christian Walker",2026,"FA,FC,FO,FS,SI,CH,SL,CU,KC,EP",1889,0.22699386503067484,0.41411042944785276,0.3588957055214724,0.19658119658119658,0.18803418803418803,1198,691,1889,-2.3731963323980954,4.0619958434092105,8.459234656431978,"Christian Walker","13419",572233
"Miguel Vargas",2026,"FA,FC,FS,SI,CH,SL,CU,KC",1948,0.23170731707317074,0.3018292682926829,0.46646341463414637,0.21568627450980393,0.13725490196078433,1155,793,1948,-2.4777494737884997,4.654999006057495,8.327635534394245,"Miguel Vargas","20178",678246
"Chase Meidroth",2026,"FA,FC,FS,SI,CH,SL,CU,KC,EP",1880,0.2255892255892256,0.49158249158249157,0.2828282828282828,0.19047619047619047,0.10714285714285714,1238,642,1880,-3.3147857619148953,4.428741400765958,8.522540427127659,"Chase Meidroth","31580",805367
"Jeff McNeil",2026,"FA,FC,FO,FS,SI,CH,SL,CU,KC,EP",1383,0.3048780487804878,0.4024390243902439,0.2926829268292683,0.23958333333333334,0.09375,936,447,1383,-3.6282545164859,4.218218775068691,8.470244501807663,"Jeff McNeil","15362",643446
"Elly De La Cruz",2026,"FA,FC,FS,SI,CH,SL,CU,KC,EP",1833,0.23863636363636365,0.4583333333333333,0.30303030303030304,0.0625,0.25,1109,724,1833,-3.2277588761047475,3.254097319536282,8.844228549918167,"Elly De La Cruz","26668",682829
"Michael Busch",2026,"FA,FC,FO,FS,SI,CH,SL,CU,KN,KC,EP",2024,0.22112211221122113,0.37293729372937295,0.40594059405940597,0.13008130081300814,0.10569105691056911,1210,814,2024,-2.727093855281622,3.4038201399841883,8.064950567687745,"Michael Busch","26319",683737
"Riley Greene",2026,"FA,FC,FS,SI,CH,SL,CU,KC,EP",1652,0.242914979757085,0.3441295546558704,0.41295546558704455,0.08823529411764706,0.14705882352941177,994,658,1652,-3.7755422311803866,3.9413960317203416,8.685854891041163,"Riley Greene","25976",682985
"Bryce Harper",2026,"FA,FC,FO,FS,SI,CH,SL,CU,KN,KC",1611,0.26492537313432835,0.4216417910447761,0.31343283582089554,0.13095238095238096,0.2857142857142857,956,655,1611,-3.0955569536374896,3.230581086294227,8.17629256859094,"Bryce Harper","11579",547180
"Vladimir Guerrero Jr.",2026,"FA,FC,FS,SI,CH,SL,CU,KC",1564,0.26,0.5,0.24,0.2976190476190476,0.05952380952380952,991,573,1564,-3.064891300319692,4.0847553794309475,8.51725243861892,"Vladimir Guerrero Jr.","19611",665489
"Drake Baldwin",2026,"FA,FC,FO,FS,SI,CH,SL,CU,KN,KC,EP",1569,0.26153846153846155,0.3730769230769231,0.36538461538461536,0.1368421052631579,0.17894736842105263,1016,553,1569,-3.171176115188019,4.182285401147228,8.4851473709369,"Drake Baldwin","31539",686948
"Jac Caglianone",2026,"FA,FC,FO,FS,SI,CH,SL,CU,KC,EP",1345,0.30522088353413657,0.43775100401606426,0.2570281124497992,0.125,0.25,868,477,1345,-2.7832134316728623,3.3343705400817845,8.28679938513011,"Jac Caglianone","35041",695506
"Jackson Merrill",2026,"FA,FC,FS,SI,CH,SL,CU,KC,EP",1836,0.28307692307692306,0.35384615384615387,0.3630769230769231,0.1440677966101695,0.1694915254237288,1199,637,1836,-3.7203854672875836,4.052932107608932,8.732646994008714,"Jackson Merrill","29490",701538
"Seiya Suzuki",2026,"FA,FC,FO,FS,SI,CH,SL,CU,KN,KC,EP",2016,0.22695035460992907,0.3546099290780142,0.41843971631205673,0.19491525423728814,0.15254237288135594,1216,800,2016,-1.9102626044494049,3.822102832529762,7.844363347718254,"Seiya Suzuki","30116",673548
"Tristan Peters",2026,"FA,FC,FO,FS,SI,CH,SL,CU,KC,EP",1508,0.23588039867109634,0.3920265780730897,0.37209302325581395,0.22321428571428573,0.09821428571428571,988,520,1508,-2.8642220222413792,3.7829852342639256,8.59701160543766,"Tristan Peters","30063",671976
"CJ Abrams",2026,"FA,FC,FO,FS,SI,CH,SL,CU,KC,EP",1715,0.22525597269624573,0.3447098976109215,0.4300341296928328,0.2777777777777778,0.1984126984126984,1095,620,1715,-2.5003009588460645,3.5048405192478134,8.244164713119533,"CJ Abrams","25768",682928
"Julio Rodríguez",2026,"FA,FC,FS,SI,CH,SL,CU,KC,EP",1604,0.25,0.4430379746835443,0.3069620253164557,0.26804123711340205,0.14432989690721648,1079,525,1604,-2.286343601701994,3.701351722135912,8.174485527431425,"Julio Rodriguez","23697",677594
"Jake McCarthy",2026,"FA,FC,FO,FS,SI,CH,SL,CU,KN,KC,EP",1359,0.2692307692307692,0.42948717948717946,0.30128205128205127,0.19148936170212766,0.11702127659574468,905,454,1359,-2.378240941089036,3.4342260088815317,7.6868003149374555,"Jake McCarthy","21622",664983
"Mauricio Dubón",2026,"FA,FC,FS,SI,CH,SL,CU,KC,EP",1522,0.26959247648902823,0.3981191222570533,0.3322884012539185,0.2358490566037736,0.0660377358490566,1028,494,1522,-2.532573617674114,4.411538777279893,8.426502583442836,"Mauricio Dubon","16530",643289
"Ernie Clement",2026,"FA,FC,FS,SI,CH,SL,CU,KN,KC",1250,0.23529411764705882,0.38935574229691877,0.3753501400560224,0.26119402985074625,0.03731343283582089,888,362,1250,-2.284723756000001,3.6102950168159995,8.254687814400002,"Ernie Clement","20352",676391
"Trea Turner",2026,"FA,FC,FO,FS,SI,CH,SL,CU,KN,KC",1690,0.2,0.45625,0.34375,0.18181818181818182,0.14545454545454545,1123,567,1690,-2.1128390081715973,3.8999552022840227,8.156318194674562,"Trea Turner","16252",607208
"Isaac Paredes",2026,"FA,FC,FS,SI,CH,SL,CU,KC,EP",2224,0.24719101123595505,0.29775280898876405,0.4550561797752809,0.30864197530864196,0.12345679012345678,1353,871,2224,-3.088380598646583,4.024567578109263,8.452178759442448,"Isaac Paredes","20036",670623
"Brooks Lee",2026,"FA,FC,FS,SI,CH,SL,CU,KC,EP",1561,0.2375366568914956,0.39589442815249265,0.36656891495601174,0.168,0.168,1037,524,1561,-3.489140158167841,3.446712784381807,8.653424497117237,"Brooks Lee","31595",686797
"Randy Arozarena",2026,"FA,FC,FS,SI,CH,SL,CU,KC,EP",1957,0.23103448275862068,0.49310344827586206,0.27586206896551724,0.1375,0.1875,1229,728,1957,-3.2043506007460394,4.299527009080225,8.550545941236583,"Randy Arozarena","19290",668227
"Brandon Lowe",2026,"FA,FC,FS,SI,CH,SL,CU,KC,EP",1794,0.2517985611510791,0.34172661870503596,0.4064748201438849,0.1504424778761062,0.23008849557522124,1118,676,1794,-2.645938730936455,3.729800569620959,8.278556386287628,"Brandon Lowe","18882",664040
"Jung Hoo Lee",2026,"FA,FC,FO,FS,SI,CH,SL,CU,KN,KC,EP",1512,0.2997032640949555,0.41543026706231456,0.28486646884273,0.17708333333333334,0.08333333333333333,985,527,1512,-2.9415807603134927,4.372188715416668,8.40143334325397,"Jung Hoo Lee","33824",808982
"Rafael Devers",2026,"FA,FC,FO,FS,SI,CH,SL,CU,KN,KC,EP",1675,0.18992248062015504,0.38372093023255816,0.4263565891472868,0.14545454545454545,0.2636363636363636,1030,645,1675,-3.4852913745671654,5.016201496668654,8.677072023283582,"Rafael Devers","17350",646240
"Brandon Marsh",2026,"FA,FC,FO,FS,SI,CH,SL,CU,KN,KC,EP",1608,0.2819672131147541,0.39672131147540984,0.32131147540983607,0.11224489795918367,0.15306122448979592,1060,548,1608,-3.1671576155534815,4.095523137189055,8.597259493781092,"Brandon Marsh","20202",669016
"Steven Kwan",2026,"FA,FC,FO,FS,SI,CH,SL,CU,KC,EP",1746,0.3252279635258359,0.4012158054711246,0.2735562310030395,0.14444444444444443,0.03333333333333333,1068,678,1746,-3.7196325878980523,5.365912963566441,8.804982220504009,"Steven Kwan","24610",680757
"Michael Harris II",2026,"FA,FC,FO,FS,SI,CH,SL,CU,KN,KC,EP",1403,0.25752508361204013,0.4414715719063545,0.3010033444816054,0.17777777777777778,0.2,971,432,1403,-3.293647509365644,3.6181454047754804,8.393936246614398,"Michael Harris II","25931",671739
"Bobby Witt Jr.",2026,"FA,FC,FO,FS,SI,CH,SL,CU,KN,KC,EP",1681,0.27102803738317754,0.3333333333333333,0.3956386292834891,0.25196850393700787,0.11023622047244094,1082,599,1681,-1.7202090814098747,4.030749593533612,8.062295011421773,"Bobby Witt Jr.","25764",677951
"Liam Hicks",2026,"FA,FC,FS,SI,CH,SL,CU,KN,KC,EP",1603,0.2245508982035928,0.4101796407185629,0.3652694610778443,0.27049180327868855,0.13934426229508196,965,638,1603,-3.292828568689958,3.8317889259538394,8.830717921397381,"Liam Hicks","29844",689414
"Xavier Edwards",2026,"FA,FC,FO,FS,SI,CH,SL,CU,KN,KC,EP",1748,0.25903614457831325,0.4578313253012048,0.28313253012048195,0.14893617021276595,0.02127659574468085,1057,691,1748,-3.606305362637298,4.167007115697941,8.873152525915337,"Xavier Edwards","22266",669364
"Ceddanne Rafaela",2026,"FA,FC,FS,SI,CH,SL,CU,KC,EP",1520,0.2586750788643533,0.4384858044164038,0.3028391167192429,0.17708333333333334,0.11458333333333333,1092,428,1520,-2.6439325545526318,4.262481067493421,8.443442921710526,"Ceddanne Rafaela","24262",678882
"Carson Benge",2026,"FA,FC,FS,SI,CH,SL,CU,KC,EP",1834,0.2577639751552795,0.42857142857142855,0.3136645962732919,0.09900990099009901,0.13861386138613863,1170,664,1834,-3.3472007652262827,4.251059554508722,8.972034533805889,"Carson Benge","35177",701807
"Jonathan Aranda",2026,"FA,FC,FS,SI,CH,SL,CU,KN,KC,EP",1872,0.27124183006535946,0.3562091503267974,0.37254901960784315,0.11403508771929824,0.16666666666666666,1184,688,1872,-3.5271556382809828,4.998354729129273,9.24587127457265,"Jonathan Aranda","21837",666018
"Chandler Simpson",2026,"FA,FC,FS,SI,CH,SL,CU,KC,EP",1301,0.239067055393586,0.5801749271137027,0.18075801749271136,0.14516129032258066,0,854,447,1301,-4.082309511606458,5.142839739738661,9.40346585933897,"Chandler Simpson","31912",802415
"Brice Turang",2026,"FA,FC,FS,SI,CH,SL,CU,KN,KC,EP",1996,0.31560283687943264,0.40070921985815605,0.28368794326241137,0.075,0.225,1223,773,1996,-3.5201638747495005,4.1558169560120275,8.58377454458918,"Brice Turang","22186",668930
"Freddie Freeman",2026,"FA,FC,FS,SI,CH,SL,CU,KC",1819,0.28753993610223644,0.3993610223642173,0.31309904153354634,0.14285714285714285,0.11224489795918367,1120,699,1819,-3.5598007214986263,3.754841294348541,8.323996449697633,"Freddie Freeman","5361",518692
"Nick Gonzales",2026,"FA,FC,FS,SI,CH,SL,CU,KN,KC,EP",1479,0.25333333333333335,0.5166666666666667,0.23,0.11594202898550725,0.07246376811594203,966,513,1479,-3.194991234444896,4.099534448580123,8.352643317782281,"Nick Gonzales","27490",693304