Name,Season,Pitch,Pitches,H-Swing%,H-Contact%,H-Zone%,S-Swing%,S-Contact%,S-Zone%,C-Swing%,C-Contact%,C-Zone%,W-Swing%,W-Contact%,W-Zone%,NameASCII,PlayerId,MLBAMID
"Matt Olson",2026,"FA,FC,FS,SI,CH,SL,CU,KC",1144,0.7,0.847926267281106,0.270979020979021,0.5060975609756098,0.7550200803212851,0.42832167832167833,0.2581967213114754,0.49206349206349204,0.21241258741258742,0.08163265306122448,0,0.08566433566433566,"Matt Olson","14344",621566
"Nick Gonzales",2026,"FA,FC,FS,SI,CH,SL,CU,KC",726,0.8181818181818182,0.8954248366013072,0.256198347107438,0.6470588235294118,0.7914438502673797,0.39807162534435264,0.2554347826086957,0.5106382978723404,0.2534435261707989,0.030303030303030304,0,0.09090909090909091,"Nick Gonzales","27490",693304
"Jackson Chourio",2026,"FA,FC,FS,SI,CH,SL,CU,KC",660,0.6751592356687898,0.8867924528301887,0.23787878787878788,0.5107913669064749,0.7746478873239436,0.4212121212121212,0.2981366459627329,0.6458333333333334,0.24393939393939393,0.09375,0.16666666666666666,0.09696969696969697,"Jackson Chourio","28806",694192
"Brandon Nimmo",2026,"FA,FC,FS,SI,CH,SL,CU,KC",769,0.8311688311688312,0.8697916666666666,0.2977893368010403,0.5396825396825397,0.7411764705882353,0.4083224967490247,0.2631578947368421,0.45,0.19635890767230169,0.028169014084507043,0,0.09232769830949285,"Brandon Nimmo","12927",607043
"Randy Arozarena",2026,"FA,FC,FS,SI,CH,SL,CU,KC",779,0.6884422110552764,0.8613138686131386,0.25417201540436457,0.5705521472392638,0.7956989247311828,0.4184852374839538,0.24338624338624337,0.6304347826086957,0.24261874197689345,0.1076923076923077,0.42857142857142855,0.0834403080872914,"Randy Arozarena","19290",668227
"Ildemaro Vargas",2026,"FA,FC,FS,SI,CH,SL,CU,KC",557,0.6617647058823529,0.9444444444444444,0.24236983842010773,0.614406779661017,0.8758620689655172,0.4236983842010772,0.3283582089552239,0.7272727272727273,0.24057450628366248,0.11764705882352941,0.16666666666666666,0.09156193895870736,"Ildemaro Vargas","13324",545121
"Carson Benge",2026,"FA,FC,FS,SI,CH,SL,CU,KC",817,0.6986301369863014,0.8823529411764706,0.26805385556915545,0.46131805157593125,0.8260869565217391,0.42717258261933905,0.23214285714285715,0.4358974358974359,0.204406364749082,0.08641975308641975,0,0.09914320685434516,"Carson Benge","35177",701807
"Bryan Reynolds",2026,"FA,FC,FS,SI,CH,SL,CU,KC",913,0.8049792531120332,0.9020618556701031,0.2628696604600219,0.6005747126436781,0.7081339712918661,0.380065717415115,0.2079646017699115,0.2553191489361702,0.2475355969331873,0.09183673469387756,0,0.10733844468784227,"Bryan Reynolds","19326",668804
"Luis Arraez",2026,"FA,FC,FS,SI,CH,SL,CU,KC",743,0.6535433070866141,0.9337349397590361,0.34185733512786004,0.5244755244755245,0.9333333333333333,0.38492597577388965,0.3422818791946309,0.8235294117647058,0.20053835800807537,0.018518518518518517,0,0.07267833109017496,"Luis Arraez","18568",650333
"Jo Adell",2026,"FA,FC,FS,SI,CH,SL,CU,KC",733,0.8051282051282052,0.8726114649681529,0.2660300136425648,0.6351351351351351,0.7393617021276596,0.4038199181446112,0.2958579881656805,0.32,0.2305593451568895,0.1506849315068493,0,0.09959072305593451,"Jo Adell","20220",666176
"Chandler Simpson",2026,"FA,FC,FS,SI,CH,SL,CU,KC",641,0.6329787234042553,0.957983193277311,0.29017160686427457,0.5959183673469388,0.8767123287671232,0.38221528861154447,0.30666666666666664,0.8260869565217391,0.23244929797191888,0.10344827586206896,0.6666666666666666,0.0904836193447738,"Chandler Simpson","31912",802415
"Chase Meidroth",2026,"FA,FC,FS,SI,CH,SL,CU,KC",762,0.6169154228855721,0.9274193548387096,0.26246719160104987,0.4740061162079511,0.8580645161290322,0.42913385826771655,0.2235294117647059,0.6578947368421053,0.22178477690288714,0.0625,0.25,0.08398950131233596,"Chase Meidroth","31580",805367
"Junior Caminero",2026,"FA,FC,FS,SI,CH,SL,CU,KC",757,0.6358024691358025,0.912621359223301,0.214002642007926,0.5245901639344263,0.79375,0.40290620871862615,0.23786407766990292,0.7346938775510204,0.27212681638044917,0.047619047619047616,0.25,0.11096433289299867,"Junior Caminero","28163",691406
"Alec Bohm",2026,"FA,FC,FS,SI,CH,SL,CU,KC",666,0.7093023255813954,0.9508196721311475,0.25825825825825827,0.5050167224080268,0.8874172185430463,0.44894894894894893,0.19548872180451127,0.6153846153846154,0.1996996996996997,0.03225806451612903,0,0.09309309309309309,"Alec Bohm","21618",664761
"Michael Harris II",2026,"FA,FC,FS,SI,CH,SL,CU,KC",781,0.645320197044335,0.9312977099236641,0.2599231754161332,0.6346749226006192,0.8341463414634146,0.41357234314980795,0.4022346368715084,0.4583333333333333,0.22791293213828426,0.19736842105263158,0.26666666666666666,0.0973111395646607,"Michael Harris II","25931",671739
"Ozzie Albies",2026,"FA,FC,FS,SI,CH,SL,CU,KC",834,0.8994413407821229,0.9440993788819876,0.2146282973621103,0.7346938775510204,0.8492063492063492,0.41127098321342925,0.4325581395348837,0.6451612903225806,0.2577937649880096,0.13402061855670103,0.38461538461538464,0.11630695443645084,"Ozzie Albies","16556",645277
"Josh Naylor",2026,"FA,FC,FS,SI,CH,SL,CU,KC",763,0.6822916666666666,0.9083969465648855,0.2516382699868938,0.5108359133126935,0.8303030303030303,0.4233289646133683,0.31088082901554404,0.5833333333333334,0.2529488859764089,0.12727272727272726,0.42857142857142855,0.07208387942332896,"Josh Naylor","18839",647304
"Ryan Ward",2026,"FA,SI,CH,SL,CU",11,0.75,0.6666666666666666,0.36363636363636365,1,0.75,0.36363636363636365,0.5,1,0.18181818181818182,0,0,0.09090909090909091,"Ryan Ward","27449",669899
"Vidal Bruján",2026,"FA,FC,SI,CH,CU",12,1,1,0.16666666666666666,0.8333333333333334,0.8,0.5,0.3333333333333333,1,0.25,0,0,0.08333333333333333,"Vidal Brujan","20536",660644
"Cooper Ingle",2026,"FA,SI,CH,SL,CU",11,0.75,1,0.36363636363636365,0.4,0.5,0.45454545454545453,1,0,0.09090909090909091,0,0,0.09090909090909091,"Cooper Ingle","33708",694876
"Chuckie Robinson",2026,"FA,FC,FS,SI,CH,SL,CU",25,0.9,0.6666666666666666,0.4,0.2857142857142857,0.5,0.28,0.5,1,0.16,0,0,0.16,"Chuckie Robinson","19824",642020
"Addison Barger",2026,"FA,FC,CH,SL,CU",25,0.6,1,0.2,0.3076923076923077,1,0.52,0.2,1,0.2,0.5,0,0.08,"Addison Barger","24598",680718
"Kyren Paris",2026,"FA,SI,CH,SL,CU",61,0.7727272727272727,0.7647058823529411,0.36065573770491804,0.5454545454545454,0.5833333333333334,0.36065573770491804,0,0,0.22950819672131148,0,0,0.04918032786885246,"Kyren Paris","26420",677347
"Will Wagner",2026,"FA,SL",5,0,0,0.2,0,0,0.4,1,1,0.2,0,0,0.2,"Will Wagner","29634",695238
"Jeferson Quero",2026,"FA,FC,CH,SL",8,0,0,0,0,0,0.375,0.25,1,0.5,1,0,0.125,"Jeferson Quero","28272",691620
"Ivan Johnson",2026,"FA,FC,SI,CH,SL,CU",37,0.6363636363636364,1,0.2972972972972973,0.3076923076923077,0,0.35135135135135137,0.375,0,0.21621621621621623,0.2,0,0.13513513513513514,"Ivan Johnson","27593",671155
"CJ Kayfus",2026,"FC,SI,SL,CU",9,1,0,0.1111111111111111,1,0.25,0.4444444444444444,0.3333333333333333,0,0.3333333333333333,1,0,0.1111111111111111,"CJ Kayfus","33704",692216
"Jared Oliva",2026,"SI,CH",11,0.6666666666666666,1,0.2727272727272727,0.75,0.6666666666666666,0.36363636363636365,0,0,0.2727272727272727,0,0,0.09090909090909091,"Jared Oliva","19968",666931
"Bryce Johnson",2026,"FA,FC,SI,CH,SL,CU,KC",58,0.7333333333333333,0.9090909090909091,0.25862068965517243,0.56,0.5714285714285714,0.43103448275862066,0.35714285714285715,0.2,0.2413793103448276,0,0,0.06896551724137931,"Bryce Johnson","20002",669369
"Dylan Carlson",2026,"FA,CH,CU",16,0.8,0.75,0.3125,0,0,0.3125,0.2,0,0.3125,0,0,0.0625,"Dylan Carlson","20126",666185
"Jack Brannigan",2026,"FA,FC,SI",3,1,0,0.3333333333333333,1,0,0.6666666666666666,0,0,0,0,0,0,"Jack Brannigan","31471",687394
"George Valera",2026,"FA,SI,SL",7,1,1,0.14285714285714285,0.6,1,0.7142857142857143,0,0,0.14285714285714285,0,0,0,"George Valera","22541",671655
"Aaron Sabato",2026,"FA,SI,CH,SL,CU",11,0.8333333333333334,0.8,0.5454545454545454,0.6666666666666666,1,0.2727272727272727,0,0,0.18181818181818182,0,0,0,"Aaron Sabato","27774",693306
"Chad Stevens",2026,"FA,FC,FS,SI,CH,SL,CU,KC",90,0.7058823529411765,0.75,0.18888888888888888,0.631578947368421,0.9166666666666666,0.4222222222222222,0.25,0.3333333333333333,0.26666666666666666,0,0,0.12222222222222222,"Chad Stevens","29614",677060
"Nick Solak",2026,"FA,CH,SL,CU",17,0.6666666666666666,1,0.17647058823529413,0.75,1,0.47058823529411764,0,0,0.23529411764705882,0,0,0.11764705882352941,"Nick Solak","19294",669256
"Zach Cole",2026,"FA,SI,SL,CU",28,0.625,0.8,0.2857142857142857,0.5,0.3333333333333333,0.42857142857142855,0.2,0,0.17857142857142858,0,0,0.10714285714285714,"Zach Cole","31583",805904
"Davis Wendzel",2026,"FA,FC,CH,SL,CU",17,1,1,0.23529411764705882,1,0.8333333333333334,0.35294117647058826,0.2,0,0.29411764705882354,0,0,0.11764705882352941,"Davis Wendzel","26469",673995
"Blake Hunt",2026,"FA,FC,CH,CU",10,0.5,1,0.2,0.3333333333333333,0,0.3,0.3333333333333333,1,0.3,0.5,0,0.2,"Blake Hunt","23209",675448
"Jonah Bride",2026,"FA,CH,SL,CU",11,0,0,0.09090909090909091,0.5,1,0.36363636363636365,0.16666666666666666,0,0.5454545454545454,0,0,0,"Jonah Bride","24703",681146
"Will Benson",2026,"SI,CH,SL",5,1,0,0.2,1,1,0.2,0.5,1,0.4,0,0,0.2,"Will Benson","21853",666181
"Nate Furman",2026,"SL",1,0,0,0,1,1,1,0,0,0,0,0,0,"Nate Furman","31988",801501
"Hayden Senger",2026,"FA,CH",2,0,0,0,0,0,0,0.5,1,1,0,0,0,"Hayden Senger","21489",663584
"Steward Berroa",2026,"FA,FC,SI,CH,SL",20,0.6666666666666666,1,0.3,0.4444444444444444,1,0.45,0.5,0.5,0.2,0,0,0.05,"Steward Berroa","22766",672642
"Tyler Black",2026,"FA,CU",3,0,0,0,1,1,0.6666666666666666,0,0,0.3333333333333333,0,0,0,"Tyler Black","29949",672012
"Will Banfield",2026,"FA,CH,SL,CU",25,0.75,0,0.16,0.75,0.8888888888888888,0.48,0.5555555555555556,0.6,0.36,0,0,0,"Will Banfield","23790",677943
"Justin Dean",2026,"FA,SL",4,1,0.5,0.5,0,0,0,0.5,0,0.5,0,0,0,"Justin Dean","25005",681909
"P.J. Higgins",2026,"FA,FC,SI,CH,SL,CU",18,0.8,1,0.2777777777777778,0.25,0,0.2222222222222222,0.2222222222222222,0,0.5,0,0,0,"P.J. Higgins","18433",664731
"Brett Callahan",2026,"SI,CH,SL",5,1,1,0.2,1,1,0.4,0,0,0.2,0,0,0.2,"Brett Callahan","33514",814430
"Rowdy Tellez",2026,"FA,SL",10,0,0,0.2,0.5,1,0.6,0,0,0,0,0,0.2,"Rowdy Tellez","15679",642133
"Rudy Martin Jr.",2026,"SI,SL",3,0.5,0,0.6666666666666666,0,0,0,0,0,0,1,0,0.3333333333333333,"Rudy Martin Jr.","18582",657675
"José Barrero",2026,"FA,FC,CH,SL",9,0,0,0,0.8,0.5,0.5555555555555556,0.5,0.5,0.4444444444444444,0,0,0,"Jose Barrero","23378",676480
"Kyler Fedko",2026,"FA,FC,SI,CH,SL,CU",51,0.9230769230769231,0.5,0.2549019607843137,0.47619047619047616,0.8,0.4117647058823529,0.3333333333333333,0.5,0.23529411764705882,0.2,0,0.09803921568627451,"Kyler Fedko","29930",693459
"Andrew Velazquez",2026,"FA,FC,SI,CH,CU",10,1,1,0.4,0.5,1,0.2,0.75,0.3333333333333333,0.4,0,0,0,"Andrew Velazquez","14196",623205
"César Prieto",2026,"SI,SL",10,1,1,0.1,0.8,0.5,0.5,0.5,0,0.2,0,0,0.2,"Cesar Prieto","30163",693409
"Carson Williams",2026,"FA,SI,CH,SL,CU",58,0.7619047619047619,0.875,0.3448275862068966,0.7307692307692307,0.3684210526315789,0.4482758620689655,0.14285714285714285,0,0.1206896551724138,0,0,0.06896551724137931,"Carson Williams","30038",700246
"Ryan Ritter",2026,"FA,FC,FS,SI,CH,SL,CU",41,0.7142857142857143,0.8,0.34146341463414637,0.7,0.42857142857142855,0.24390243902439024,0.21428571428571427,0,0.34146341463414637,0,0,0.07317073170731707,"Ryan Ritter","31500",690022
"Luke Williams",2026,"FA,FC",4,0,0,0,0,0,0.75,0,0,0.25,0,0,0,"Luke Williams","19931",663897
"Matthew Lugo",2026,"FA,FC,SI,CH,SL,CU",34,0.75,0.6666666666666666,0.23529411764705882,0.5384615384615384,0.5714285714285714,0.38235294117647056,0.25,0,0.23529411764705882,0.4,0,0.14705882352941177,"Matthew Lugo","25980",683090
"Parker Meadows",2026,"SI,SL",4,1,1,0.25,1,1,0.25,0,0,0.25,0,0,0.25,"Parker Meadows","23800",678009
"Trei Cruz",2026,"FA,CU",4,1,1,0.25,0,0,0.5,0,0,0.25,0,0,0,"Trei Cruz","27569",669360
"Gabriel Gonzalez",2026,"FA,FC,SI,CH,SL",25,1,1,0.12,0.7777777777777778,1,0.36,0.2222222222222222,0,0.36,0,0,0.16,"Gabriel Gonzalez","28833",694224
"Sean Keys",2026,"FA,FC,SI,SL",20,0.75,1,0.2,0.6363636363636364,1,0.55,0,0,0.1,0,0,0.15,"Sean Keys","35094",815873
"Dylan Moore",2026,"FA,FC,SI,CH,SL,CU,KC",66,0.7368421052631579,0.7857142857142857,0.2878787878787879,0.21428571428571427,0.8333333333333334,0.42424242424242425,0.4,0.6666666666666666,0.22727272727272727,0,0,0.06060606060606061,"Dylan Moore","18042",664238
"Garrett Stubbs",2026,"FA,FC,SI,SL,CU",29,0.5,0.75,0.27586206896551724,0.5384615384615384,0.7142857142857143,0.4482758620689655,0.4,0.5,0.1724137931034483,0.3333333333333333,0,0.10344827586206896,"Garrett Stubbs","18067",596117
"Oliver Dunn",2026,"FA,FC,SI,CH,SL",15,1,0.5,0.26666666666666666,1,0.6666666666666666,0.4,0,0,0.2,0,0,0.13333333333333333,"Oliver Dunn","26295",686554
"Sung-Mun Song",2026,"FA,FC,SI,CH,SL,CU",47,0.5,0.8571428571428571,0.2978723404255319,0.4444444444444444,0.75,0.3829787234042553,0.09090909090909091,1,0.23404255319148937,0,0,0.0851063829787234,"Sung-Mun Song","37122",823550
"Braden Shewmake",2026,"FA,SI,SL",43,0.7777777777777778,0.7142857142857143,0.20930232558139536,0.5,0.6666666666666666,0.5581395348837209,0.42857142857142855,0.6666666666666666,0.16279069767441862,0,0,0.06976744186046512,"Braden Shewmake","25817",669699
"Joey Loperfido",2026,"FA,FC,SI,CH,SL,CU",49,0.6923076923076923,1,0.2653061224489796,0.5833333333333334,0.6428571428571429,0.4897959183673469,0.5,0.8,0.20408163265306123,0.5,1,0.04081632653061224,"Joey Loperfido","29630",694388
"Nick Morabito",2026,"FA,FC,SI,CH,SL,CU",65,0.38461538461538464,1,0.2,0.41935483870967744,0.6153846153846154,0.47692307692307695,0.21428571428571427,0.3333333333333333,0.2153846153846154,0.2857142857142857,0,0.1076923076923077,"Nick Morabito","32119",703492
"Ryan Bliss",2026,"FA,FC,SI,CH,SL",19,1,1,0.3157894736842105,0.4444444444444444,0.75,0.47368421052631576,0.3333333333333333,0,0.15789473684210525,0,0,0.05263157894736842,"Ryan Bliss","29547",669208
"Cristian Pache",2026,"FA,FC,FS,SI,CH,SL,CU",20,0.5,0.6666666666666666,0.3,0.6666666666666666,0.5,0.3,0.125,1,0.4,0,0,0,"Cristian Pache","19948",665506
"Jair Camargo",2026,"FA,SL,CU",7,0.6666666666666666,1,0.42857142857142855,1,0,0.14285714285714285,0.5,0,0.2857142857142857,0,0,0.14285714285714285,"Jair Camargo","21730",665856
"Zac Veen",2026,"FA,FC,FS,SI,CH,SL,CU",38,0.4444444444444444,0.75,0.23684210526315788,0.5294117647058824,0.6666666666666666,0.4473684210526316,0.4,0.5,0.2631578947368421,0,0,0.05263157894736842,"Zac Veen","27770",691728
"Buddy Kennedy",2026,"FA,FC,SI,CH,SL,CU,KC",141,0.7027027027027027,0.8846153846153846,0.2624113475177305,0.4714285714285714,0.6666666666666666,0.48936170212765956,0.12,0.3333333333333333,0.1773049645390071,0,0,0.06382978723404255,"Buddy Kennedy","22505",671083
"Eddys Leonard",2026,"FA,FC,SI,CH,CU",25,1,0.8,0.2,0.6923076923076923,0.7777777777777778,0.52,0,0,0.16,0,0,0.12,"Eddys Leonard","24151",678760
"Hyeseong Kim",2026,"FA,FC,FS,SI,CH,SL,CU",60,0.6666666666666666,1,0.35,0.6086956521739131,0.6428571428571429,0.38333333333333336,0.21428571428571427,1,0.23333333333333334,0.5,0,0.03333333333333333,"Hyeseong Kim","35322",808975
"Pavin Smith",2026,"FA,SI,SL,CU",26,0.8571428571428571,1,0.2692307692307692,0.42857142857142855,1,0.5384615384615384,0.3333333333333333,0,0.11538461538461539,0,0,0.07692307692307693,"Pavin Smith","19892",656976
"Carlos Santana",2026,"FA,SI,CH,SL",17,0.5,1,0.11764705882352941,0.3333333333333333,1,0.5294117647058824,0.16666666666666666,1,0.35294117647058826,0,0,0,"Carlos Santana","2396",467793
"Gabriel Rincones Jr.",2026,"FA,FC,SI,SL,CU",20,0.6666666666666666,1,0.15,0.7777777777777778,0.7142857142857143,0.45,0.8333333333333334,0.4,0.3,0,0,0.1,"Gabriel Rincones Jr.","31958",687282
"Will Wilson",2026,"FA,CH,CU",7,1,1,0.2857142857142857,0.5,0.5,0.5714285714285714,0,0,0,0,0,0.14285714285714285,"Will Wilson","25434",669717
"Scott Kingery",2026,"FA,FC,SI,SL,CU",12,0.5,1,0.16666666666666666,0.5,1,0.5,0.25,1,0.3333333333333333,0,0,0,"Scott Kingery","17975",664068
"Yoán Moncada",2026,"FA,FC,SI,CH,SL,CU",122,0.5172413793103449,0.9333333333333333,0.23770491803278687,0.47540983606557374,0.6896551724137931,0.5,0.16666666666666666,0.25,0.1885245901639344,0,0,0.06557377049180328,"Yoan Moncada","17232",660162
"Johnathan Rodríguez",2026,"FA,FC,SI,CH,SL,CU",69,0.8888888888888888,0.875,0.2608695652173913,0.5,0.8333333333333334,0.34782608695652173,0.25,0.25,0.2318840579710145,0.09090909090909091,0,0.15942028985507245,"Johnathan Rodriguez","22530",671286
"Greg Jones",2026,"FA,FC,SI,CH,SL,CU",27,0.8571428571428571,0.8333333333333334,0.25925925925925924,0.5384615384615384,0.7142857142857143,0.48148148148148145,0.2857142857142857,0,0.25925925925925924,0,0,0,"Greg Jones","25448",675659
"Tsung-Che Cheng",2026,"FA,FC,CH,SL",21,0.5,0.6666666666666666,0.2857142857142857,0.2857142857142857,0,0.3333333333333333,0.6666666666666666,0.5,0.14285714285714285,0.2,0,0.23809523809523808,"Tsung-Che Cheng","28344",691907
"Rikuu Nishida",2026,"SI,SL",10,0.6666666666666666,1,0.3,0.25,1,0.4,0,0,0.2,0,0,0.1,"Rikuu Nishida","33795",807747
"Michael Toglia",2026,"FA,CH,SL,CU",28,0.6,0.8333333333333334,0.35714285714285715,0.2727272727272727,1,0.39285714285714285,0,0,0.17857142857142858,0,0,0.07142857142857142,"Michael Toglia","25845",669911
"Kenny Piper",2026,"FA,FC,SI,CH,SL",25,0.8333333333333334,0.6,0.24,0.5,0.6666666666666666,0.48,0,0,0.2,0,0,0.08,"Kenny Piper","29962",700652
"Ethan Salas",2026,"FA,FC,SL",24,0.6,0.6666666666666666,0.4166666666666667,0.5,1,0.3333333333333333,0.3333333333333333,1,0.125,0.3333333333333333,0,0.125,"Ethan Salas","32051",806956
"Lazaro Montes",2026,"FA,FC,SI,CH,SL,CU",53,0.875,0.7142857142857143,0.3018867924528302,0.3333333333333333,0.625,0.4528301886792453,0.375,0.6666666666666666,0.1509433962264151,0,0,0.09433962264150944,"Lazaro Montes","30361",703155
"BJ Murray Jr.",2026,"FA,FC,SI,CH,SL,CU",26,0.8571428571428571,1,0.2692307692307692,0.5384615384615384,1,0.5,0,0,0.19230769230769232,0,0,0.038461538461538464,"BJ Murray Jr.","29767",681230
"Jonathan India",2026,"FA,FC,SI,CH,SL,CU",101,0.6923076923076923,0.8888888888888888,0.25742574257425743,0.32558139534883723,0.7857142857142857,0.42574257425742573,0.038461538461538464,1,0.25742574257425743,0,0,0.0594059405940594,"Jonathan India","21523",663697
"Sebastián Rivero",2026,"FA,FC,SI,CH,SL,CU",60,0.6923076923076923,0.7777777777777778,0.21666666666666667,0.7407407407407407,0.85,0.45,0.36363636363636365,0.5,0.18333333333333332,0.1111111111111111,0,0.15,"Sebastian Rivero","21735",665861
"Graham Pauley",2026,"FA,SI,CH,SL,CU",40,0.7142857142857143,0.6,0.175,0.6470588235294118,0.6363636363636364,0.425,0.14285714285714285,1,0.35,0,0,0.05,"Graham Pauley","31363",688363
"Oswaldo Cabrera",2026,"FA,SI,CH,SL,CU",42,0.7777777777777778,0.8571428571428571,0.21428571428571427,0.7777777777777778,0.6428571428571429,0.42857142857142855,0.1,1,0.23809523809523808,0.2,0,0.11904761904761904,"Oswaldo Cabrera","21707",665828
"Luis Matos",2026,"FA,FC,SI,CH,SL",47,0.6,1,0.2127659574468085,0.7,0.6428571428571429,0.425531914893617,0.5833333333333334,0.2857142857142857,0.2553191489361702,0.2,0,0.10638297872340426,"Luis Matos","26467",682641
"Daniel Johnson",2026,"FA,SI,SL,CU",7,1,1,0.2857142857142857,0.6666666666666666,0.5,0.42857142857142855,0,0,0.14285714285714285,0,0,0.14285714285714285,"Daniel Johnson","19643",669288
"Reese McGuire",2026,"FA,SI,CH,SL",11,0.4,1,0.45454545454545453,0.6666666666666666,0.5,0.2727272727272727,0,0,0.09090909090909091,0.5,0,0.18181818181818182,"Reese McGuire","15674",624512
"Jeimer Candelario",2026,"FA,FC,SI,CH,SL,CU",35,0.875,0.5714285714285714,0.22857142857142856,0.5333333333333333,0.75,0.42857142857142855,0.3333333333333333,0.3333333333333333,0.2571428571428571,0,0,0.08571428571428572,"Jeimer Candelario","13621",600869
"Ryan Mountcastle",2026,"FA,FC,SI,CH,SL,CU",18,0.75,1,0.2222222222222222,0.6666666666666666,1,0.5,0.3333333333333333,0,0.16666666666666666,0,0,0.1111111111111111,"Ryan Mountcastle","18373",663624
"Miles Mastrobuoni",2026,"SI,SL",5,1,1,0.4,0.5,1,0.4,0,0,0,0,0,0.2,"Miles Mastrobuoni","20017",670156
"Jihwan Bae",2026,"FC,SI",4,1,1,0.25,0,0,0.25,0.5,1,0.5,0,0,0,"Jihwan Bae","23818",678225
"Carlos Jorge",2026,"FA,SI,SL,KC",14,0.75,0.3333333333333333,0.2857142857142857,0.8,0.5,0.35714285714285715,0.5,0,0.14285714285714285,0,0,0.21428571428571427,"Carlos Jorge","29455",699115
"Rodolfo Durán",2026,"FA,FC,SI,CH,SL,CU",80,0.5,0.8888888888888888,0.225,0.46875,0.7333333333333333,0.4,0.3888888888888889,0.2857142857142857,0.225,0,0,0.15,"Rodolfo Duran","20958",660710
"Collin Price",2026,"FA,SI,CH",10,0.5,0.5,0.4,0.5,0,0.4,0,0,0.1,0,0,0.1,"Collin Price","31415",805672
"Logan Porter",2026,"FA,CH,SL,CU",23,0.625,0.8,0.34782608695652173,0.3333333333333333,0.5,0.2608695652173913,0.1111111111111111,1,0.391304347826087,0,0,0,"Logan Porter","20626",682515
"Vimael Machín",2026,"SI,SL",6,0.25,1,0.6666666666666666,0,0,0.16666666666666666,1,0,0.16666666666666666,0,0,0,"Vimael Machin","17684",605353
"Luken Baker",2026,"FA,CH,SL",16,0.5,1,0.125,0.14285714285714285,1,0.4375,0.3333333333333333,1,0.1875,0.25,0,0.25,"Luken Baker","21497",663609
"James Triantos",2026,"FA,FC,CH,SL",8,0.5,1,0.25,0.4,1,0.625,1,1,0.125,0,0,0,"James Triantos","29795",701649
"César Salazar",2026,"FA,SI,SL,CU",24,0.7,1,0.4166666666666667,0.6666666666666666,1,0.25,0.16666666666666666,0,0.25,0,0,0.08333333333333333,"Cesar Salazar","21587",663967
"Stuart Fairchild",2026,"FA,FC,SI,CH,SL,CU",89,0.6666666666666666,0.4166666666666667,0.20224719101123595,0.45454545454545453,0.4,0.3707865168539326,0.16,0,0.2808988764044944,0,0,0.14606741573033707,"Stuart Fairchild","20321",656413
"Kameron Misner",2026,"FA,FC,SI,CH,SL,CU",51,0.7777777777777778,0.8571428571428571,0.35294117647058826,0.5238095238095238,0.36363636363636365,0.4117647058823529,0.125,0,0.1568627450980392,0,0,0.0784313725490196,"Kameron Misner","26374",670224
"Rece Hinds",2026,"FA,FC,FS,SI,CH,SL,CU,KC",155,0.75,0.6296296296296297,0.23225806451612904,0.5409836065573771,0.6060606060606061,0.3935483870967742,0.4146341463414634,0.4117647058823529,0.2645161290322581,0.23529411764705882,0,0.10967741935483871,"Rece Hinds","27493",677956
"Donovan Walton",2026,"FA,FC,SI,CH,SL,KC",64,0.8125,0.9230769230769231,0.25,0.7857142857142857,0.7272727272727273,0.4375,0.2857142857142857,0.25,0.21875,0,0,0.09375,"Donovan Walton","19314",622268
"Jhostynxon Garcia",2026,"FA,FC,SI,CH,SL,CU",67,0.7333333333333333,0.9090909090909091,0.22388059701492538,0.7878787878787878,0.6538461538461539,0.4925373134328358,0.3125,0.4,0.23880597014925373,0,0,0.04477611940298507,"Jhostynxon Garcia","28142",691373
"Jared Serna",2026,"FA,FC,FS,SI,CH,SL,CU",70,0.8571428571428571,0.8333333333333334,0.2,0.5833333333333334,0.7142857142857143,0.5142857142857142,0.3333333333333333,0.5,0.24285714285714285,0,0,0.02857142857142857,"Jared Serna","28326",691858
"Tommy Pham",2026,"FA,FC,SI,CH,SL,CU,KC",116,0.59375,0.7368421052631579,0.27586206896551724,0.44680851063829785,0.7619047619047619,0.4051724137931034,0.2,0.16666666666666666,0.25862068965517243,0,0,0.0603448275862069,"Tommy Pham","2967",502054
"Raynel Delgado",2026,"FA,FC,SI,SL,CU",31,0.625,1,0.25806451612903225,0.5,0.7142857142857143,0.45161290322580644,0.42857142857142855,0.3333333333333333,0.22580645161290322,0.5,0,0.06451612903225806,"Raynel Delgado","22272",669384
"Patrick Wisdom",2026,"FA,FC,SI,CH,SL,CU",88,0.7619047619047619,0.6875,0.23863636363636365,0.6666666666666666,0.6538461538461539,0.4431818181818182,0.2777777777777778,0.2,0.20454545454545456,0,0,0.11363636363636363,"Patrick Wisdom","13602",621550
"Mickey Gasper",2026,"FA,FC,FS,SI,CH,SL,CU",124,0.6,0.8571428571428571,0.28225806451612906,0.39622641509433965,0.8095238095238095,0.4274193548387097,0.17391304347826086,0.5,0.18548387096774194,0.15384615384615385,0,0.10483870967741936,"Mickey Gasper","24759",681508
"Otto Kemp",2026,"FA,FC,FS,SI,CH,SL,CU,KC",101,0.7368421052631579,0.9285714285714286,0.18811881188118812,0.46808510638297873,0.7272727272727273,0.46534653465346537,0.36363636363636365,0.125,0.21782178217821782,0.07692307692307693,0,0.12871287128712872,"Otto Kemp","31792",805249
"Tyler Locklear",2026,"FA,FC,FS,SI,CH,SL,CU",61,0.7333333333333333,0.8181818181818182,0.2459016393442623,0.6153846153846154,0.875,0.4262295081967213,0.1111111111111111,1,0.14754098360655737,0,0,0.18032786885245902,"Tyler Locklear","31396",682988
"Sandy León",2026,"FA,FC,FS,SI,CH,SL,CU",78,0.7619047619047619,0.9375,0.2692307692307692,0.7,0.6071428571428571,0.5128205128205128,0.46153846153846156,0.3333333333333333,0.16666666666666666,0,0,0.05128205128205128,"Sandy Leon","5273",506702
"Trey Mancini",2026,"FA,CH,SL",12,0.6666666666666666,0,0.25,1,0.7142857142857143,0.5833333333333334,0,0,0.16666666666666666,0,0,0,"Trey Mancini","15149",641820
"Andy Ibáñez",2026,"FA,FC,SI,CH,SL,CU,KC",74,0.8148148148148148,0.8636363636363636,0.36486486486486486,0.7777777777777778,0.8571428571428571,0.36486486486486486,0.5333333333333333,0.625,0.20270270270270271,0,0,0.06756756756756757,"Andy Ibanez","18819",628451
"Brewer Hicklen",2026,"FA,FC,FS,SI,CH,SL,CU",39,1,0.8333333333333334,0.15384615384615385,0.4375,0.5714285714285714,0.41025641025641024,0.25,0.3333333333333333,0.3076923076923077,0,0,0.1282051282051282,"Brewer Hicklen","20450",676551
"Jonatan Clase",2026,"FA,FC,FS,SI,CH,SL,CU",35,0.45454545454545453,1,0.3142857142857143,0.4375,1,0.45714285714285713,0.25,0,0.11428571428571428,0,0,0.11428571428571428,"Jonatan Clase","26599",682729
"Sam Huff",2026,"FA,FC,SI,CH,SL,CU",48,0.9285714285714286,0.6923076923076923,0.2916666666666667,0.5,0.5454545454545454,0.4583333333333333,0.375,0,0.16666666666666666,0.25,0,0.08333333333333333,"Sam Huff","22209",669087
"Abimelec Ortiz",2026,"FA,FC,FS,SI,SL,CU",47,0.7272727272727273,0.875,0.23404255319148937,0.6,0.8333333333333334,0.425531914893617,0.4444444444444444,0.5,0.19148936170212766,0.2857142857142857,0.5,0.14893617021276595,"Abimelec Ortiz","29539",694673
"Aramis Garcia",2026,"FA,FS,CH,SL",11,1,0.5,0.18181818181818182,0.8,1,0.45454545454545453,0,0,0.18181818181818182,0.5,0,0.18181818181818182,"Aramis Garcia","16925",605244
"Corey Julks",2026,"FA,FC,FS,SI,CH,SL",25,0.7142857142857143,1,0.28,0.5,0.8,0.4,0.16666666666666666,1,0.2,0,0,0.08,"Corey Julks","20311",667452
"Gustavo Campero",2026,"FA,CH,SL",23,1,0.4,0.21739130434782608,0.6666666666666666,0.8333333333333334,0.391304347826087,0.5,0.6666666666666666,0.2608695652173913,0,0,0.13043478260869565,"Gustavo Campero","22707",672569
"Will Brennan",2026,"FA,SI,SL",9,0.5,1,0.4444444444444444,0.5,1,0.2222222222222222,0.5,1,0.2222222222222222,0,0,0.1111111111111111,"Will Brennan","25660",686823
"Eric Haase",2026,"FA,FC,SI,CH,SL,CU",110,0.5666666666666667,0.7647058823529411,0.2727272727272727,0.5434782608695652,0.72,0.41818181818181815,0.23809523809523808,0.6,0.19090909090909092,0.15384615384615385,0,0.11818181818181818,"Eric Haase","14111",606992
"Nick Madrigal",2026,"FA,FC,SI,CH,SL,CU,KC",84,0.72,1,0.2976190476190476,0.5757575757575758,1,0.39285714285714285,0.23076923076923078,1,0.15476190476190477,0.07692307692307693,1,0.15476190476190477,"Nick Madrigal","20521",663611
"Kahlil Watson",2026,"FA,FC,SI,SL,CU",56,0.8125,0.8461538461538461,0.2857142857142857,0.4642857142857143,0.6153846153846154,0.5,0.3333333333333333,0,0.10714285714285714,0.16666666666666666,0,0.10714285714285714,"Kahlil Watson","29905",696135
"MJ Melendez",2026,"FA,FC,SI,CH,SL,CU",53,0.8181818181818182,0.7777777777777778,0.20754716981132076,0.5384615384615384,0.7142857142857143,0.49056603773584906,0.07142857142857142,0,0.2641509433962264,0,0,0.03773584905660377,"MJ Melendez","22197",669004
"Leo Rivas",2026,"FA,FC,FS,SI,CH,SL,CU",213,0.5535714285714286,0.8709677419354839,0.26291079812206575,0.39285714285714285,0.8484848484848485,0.39436619718309857,0.11666666666666667,0.7142857142857143,0.28169014084507044,0.07692307692307693,0,0.06103286384976526,"Leo Rivas","21009",660844
"Jerar Encarnacion",2026,"FA,FS,SI,CH,SL,CU",85,0.6206896551724138,0.9444444444444444,0.3411764705882353,0.6,0.8333333333333334,0.35294117647058826,0.375,0.16666666666666666,0.17647058823529413,0,0,0.11764705882352941,"Jerar Encarnacion","21871",666464
"Jake Fraley",2026,"FA,FC,SI,SL,CU",44,0.6666666666666666,1,0.2727272727272727,0.36363636363636365,0.875,0.5,0.16666666666666666,0,0.13636363636363635,0,0,0.09090909090909091,"Jake Fraley","19260",641584
"Jorge Polanco",2026,"FA,FC,FS,SI,CH,SL,CU,KC",126,0.6,0.7777777777777778,0.23809523809523808,0.7142857142857143,0.7428571428571429,0.3888888888888889,0.4,0.42857142857142855,0.2777777777777778,0,0,0.09523809523809523,"Jorge Polanco","13152",593871
"Jonathan Ornelas",2026,"FA,FC,SI,CH,SL,CU",72,0.8,0.9166666666666666,0.19444444444444445,0.6666666666666666,0.7307692307692307,0.5416666666666666,0.3125,0.4,0.2222222222222222,0,0,0.027777777777777776,"Jonathan Ornelas","24597",680716
"Kyle Farmer",2026,"FA,FC,FS,SI,CH,SL,CU",39,0.625,1,0.20512820512820512,0.6666666666666666,0.6666666666666666,0.46153846153846156,0.5555555555555556,0.4,0.23076923076923078,0,0,0.10256410256410256,"Kyle Farmer","14813",571657
"Colt Keith",2026,"FA,FC,SI,CH,SL,CU,EP",87,0.625,0.9,0.1839080459770115,0.4883720930232558,0.7619047619047619,0.4942528735632184,0.35,0.5714285714285714,0.22988505747126436,0,0,0.09195402298850575,"Colt Keith","27899",690993
"Jesus Rodriguez",2026,"FA,FC,FS,SI,CH,SL,CU,KC",64,0.9,0.8333333333333334,0.3125,0.6956521739130435,0.8125,0.359375,0.16666666666666666,0,0.1875,0,0,0.140625,"Jesus Rodriguez","26991",683679
"LuJames Groover",2026,"FA,FC,FS,SI,CH,SL,CU",88,0.6206896551724138,0.9444444444444444,0.32954545454545453,0.5151515151515151,0.8235294117647058,0.375,0.17647058823529413,0.3333333333333333,0.18181818181818182,0,0,0.10227272727272728,"LuJames Groover","33552",694410
"Eloy Jiménez",2026,"FA,FC,SI,CH,SL,CU,KC",46,0.8333333333333334,0.9,0.2608695652173913,0.45,0.7777777777777778,0.43478260869565216,0.2727272727272727,0.3333333333333333,0.2391304347826087,0,0,0.06521739130434782,"Eloy Jimenez","17484",650391
"Endy Rodríguez",2026,"FA,FC,SI,CH,SL,CU,KC",125,0.5925925925925926,1,0.216,0.55,0.6363636363636364,0.32,0.2916666666666667,0.5,0.384,0,0,0.08,"Endy Rodriguez","25332",682848
"Adrian Del Castillo",2026,"FA,FC,SI,CH,SL,CU",104,0.84,0.8571428571428571,0.2403846153846154,0.5306122448979592,0.6153846153846154,0.47115384615384615,0.3157894736842105,0.3333333333333333,0.18269230769230768,0.09090909090909091,0,0.10576923076923077,"Adrian Del Castillo","29554",680728
"Rafael Marchán",2026,"FA,FC,FS,SI,CH,SL,CU,KC",110,0.625,0.95,0.2909090909090909,0.5333333333333333,0.9583333333333334,0.4090909090909091,0.30434782608695654,0.7142857142857143,0.20909090909090908,0.2,0,0.09090909090909091,"Rafael Marchan","21646",665561
"Michael Helman",2026,"FA,FC,SI,CH,SL,CU,KC",48,0.8421052631578947,0.875,0.3958333333333333,0.5714285714285714,0.75,0.2916666666666667,0.14285714285714285,0,0.14583333333333334,0.125,0,0.16666666666666666,"Michael Helman","24605",680737
"Josh Smith",2026,"FA,FC,SI,CH,SL,CU",119,0.5714285714285714,0.6875,0.23529411764705882,0.6590909090909091,0.8275862068965517,0.3697478991596639,0.53125,0.5294117647058824,0.2689075630252101,0,0,0.12605042016806722,"Josh Smith","26396",669701
"Edouard Julien",2026,"FA,FC,FS,SI,CH,SL,CU",109,0.6428571428571429,0.8888888888888888,0.25688073394495414,0.30434782608695654,0.7142857142857143,0.42201834862385323,0.10344827586206896,0.3333333333333333,0.26605504587155965,0.16666666666666666,0,0.05504587155963303,"Edouard Julien","27534",666397
"Jarred Kelenic",2026,"FA,FC,SI,CH,SL,CU",42,0.6363636363636364,1,0.2619047619047619,0.375,0.5,0.38095238095238093,0,0,0.2857142857142857,0,0,0.07142857142857142,"Jarred Kelenic","22558",672284
"Drew Millas",2026,"FA,FC,SI,CH,SL,CU",87,0.6153846153846154,1,0.14942528735632185,0.5365853658536586,0.8181818181818182,0.47126436781609193,0.23076923076923078,0.16666666666666666,0.2988505747126437,0.14285714285714285,0,0.08045977011494253,"Drew Millas","25643",686452
"Sean Murphy",2026,"FA,FC,FS,SI,CH,SL,CU",128,0.75,0.75,0.25,0.6415094339622641,0.7058823529411765,0.4140625,0.25,0,0.25,0.18181818181818182,0,0.0859375,"Sean Murphy","19352",669221
"Eliezer Alfonzo",2026,"FA,FC,FS,SI,CH,SL,CU",42,0.9230769230769231,1,0.30952380952380953,0.5238095238095238,0.8181818181818182,0.5,0.14285714285714285,0,0.16666666666666666,0,0,0.023809523809523808,"Eliezer Alfonzo","22741",672613
"Tristan Gray",2026,"FA,FC,SI,SL,CU",76,0.5,0.5,0.21052631578947367,0.6666666666666666,0.5909090909090909,0.4342105263157895,0.38095238095238093,0.375,0.27631578947368424,0.16666666666666666,0,0.07894736842105263,"Tristan Gray","19877",656484
"Drew Cavanaugh",2026,"FA,SI,CH,SL,CU",79,0.5769230769230769,0.7333333333333333,0.3291139240506329,0.42424242424242425,0.6428571428571429,0.4177215189873418,0.16666666666666666,0,0.22784810126582278,0,0,0.02531645569620253,"Drew Cavanaugh","33380",701852
"Walker Jenkins",2026,"FA,FC,SI,CH,SL,CU",81,0.6086956521739131,0.7857142857142857,0.2839506172839506,0.5454545454545454,0.7222222222222222,0.4074074074074074,0.23529411764705882,0,0.20987654320987653,0,0,0.09876543209876543,"Walker Jenkins","33571",805805
"Joey Meneses",2026,"FA,FC,SI,CH,SL,CU,KC",49,0.5294117647058824,0.8888888888888888,0.3469387755102041,0.631578947368421,0.9166666666666666,0.3877551020408163,0.3333333333333333,0.5,0.12244897959183673,0,0,0.14285714285714285,"Joey Meneses","14366",608841
"Daz Cameron",2026,"FA,FC,FS,SI,CH,SL,CU",80,0.8421052631578947,0.875,0.2375,0.5227272727272727,0.8260869565217391,0.55,0.2,0,0.1875,0,0,0.025,"Daz Cameron","18353",663662
"Jim Jarvis",2026,"FA,FC,SI,SL,CU",82,0.5416666666666666,0.9230769230769231,0.2926829268292683,0.3548387096774194,0.9090909090909091,0.3780487804878049,0.2857142857142857,0.5,0.25609756097560976,0.16666666666666666,0,0.07317073170731707,"Jim Jarvis","33492",805347
"Drew Gilbert",2026,"FA,FC,SI,CH,SL,CU,KC",203,0.5681818181818182,1,0.21182266009852216,0.5714285714285714,0.75,0.4482758620689655,0.2857142857142857,0.21428571428571427,0.2413793103448276,0.05263157894736842,0,0.09359605911330049,"Drew Gilbert","31545",687551
"Sterlin Thompson",2026,"FA,FC,SI,CH,SL,CU",63,0.7142857142857143,0.8666666666666667,0.3333333333333333,0.7692307692307693,0.75,0.4126984126984127,0.1,0,0.15873015873015872,0,0,0.09523809523809523,"Sterlin Thompson","31443",694514
"Kerry Carpenter",2026,"FA,FC,SI,CH,SL,CU",108,0.5,0.5,0.25925925925925924,0.5,0.8095238095238095,0.3888888888888889,0.38461538461538464,0.7,0.24074074074074073,0.16666666666666666,0,0.1111111111111111,"Kerry Carpenter","25961",681481
"Junior Perez",2026,"FA,FC,SI,CH,SL,CU",104,0.7352941176470589,0.8,0.3269230769230769,0.5952380952380952,0.52,0.40384615384615385,0.2222222222222222,0.25,0.17307692307692307,0,0,0.09615384615384616,"Junior Perez","23989",678577
"Connor Joe",2026,"FA,FC,SI,CH,SL,CU,KC",119,0.7419354838709677,0.782608695652174,0.2605042016806723,0.3392857142857143,0.6842105263157895,0.47058823529411764,0.2727272727272727,0.5,0.18487394957983194,0,0,0.08403361344537816,"Connor Joe","16572",656582
"Emmanuel Rodriguez",2026,"FA,FC,SI,CH,SL",56,0.7368421052631579,1,0.3392857142857143,0.4444444444444444,0.75,0.32142857142857145,0.07692307692307693,0,0.23214285714285715,0.16666666666666666,0,0.10714285714285714,"Emmanuel Rodriguez","28084",691181
"LaMonte Wade Jr.",2026,"FA,FC,SI,SL,CU",67,0.8,0.9166666666666666,0.22388059701492538,0.36,0.6666666666666666,0.373134328358209,0.125,0.3333333333333333,0.3582089552238806,0,0,0.04477611940298507,"LaMonte Wade Jr.","18126",664774
"Ben Ross",2026,"FA,FC,CH,SL,CU",30,0.8571428571428571,0.8333333333333334,0.23333333333333334,0.38461538461538464,1,0.43333333333333335,0.25,0,0.13333333333333333,0.16666666666666666,0,0.2,"Ben Ross","31710",805346
"Jimmy Crooks",2026,"FA,FC,SI,CH,SL,CU",81,0.72,0.7777777777777778,0.30864197530864196,0.5806451612903226,0.6666666666666666,0.37037037037037035,0.38461538461538464,0.2,0.16049382716049382,0.08333333333333333,0,0.14814814814814814,"Jimmy Crooks","31354",699625
"Tyler Callihan",2026,"FA,FC,SI,SL",22,0.8181818181818182,0.7777777777777778,0.5,0.42857142857142855,1,0.3181818181818182,0,0,0.09090909090909091,0,0,0.09090909090909091,"Tyler Callihan","27497",682997
"Alex Jackson",2026,"FA,FC,FS,SI,CH,SL,CU",88,0.7894736842105263,0.7333333333333333,0.2159090909090909,0.5897435897435898,0.7391304347826086,0.4431818181818182,0.47058823529411764,0.375,0.19318181818181818,0.23076923076923078,0,0.14772727272727273,"Alex Jackson","17276",656577
"Luke Raley",2026,"FA,FC,SI,CH,SL,CU",86,0.782608695652174,0.7777777777777778,0.26744186046511625,0.525,0.6190476190476191,0.46511627906976744,0.4375,0,0.18604651162790697,0.2857142857142857,0,0.08139534883720931,"Luke Raley","19354",670042
"Max Kepler",2026,"FA,FC,FS,SI,CH,SL",42,0.4,0.75,0.23809523809523808,0.6666666666666666,0.8571428571428571,0.5,0.5,0.5,0.09523809523809523,0.2857142857142857,0,0.16666666666666666,"Max Kepler","12144",596146
"Orlando Arcia",2026,"FA,FC,SI,CH,SL,CU",80,0.7222222222222222,0.7692307692307693,0.225,0.7333333333333333,0.8181818181818182,0.375,0.2631578947368421,0.4,0.2375,0.15384615384615385,0,0.1625,"Orlando Arcia","13185",606115
"Austin Wynns",2026,"FA,FC,SI,CH,SL,CU",131,0.7608695652173914,0.9142857142857143,0.3511450381679389,0.5,0.8076923076923077,0.3969465648854962,0.5,0.2727272727272727,0.16793893129770993,0.2727272727272727,0.3333333333333333,0.08396946564885496,"Austin Wynns","15271",642851
"Alex Freeland",2026,"FA,FC,FS,SI,CH,SL,CU",150,0.6744186046511628,0.7931034482758621,0.2866666666666667,0.40625,0.38461538461538464,0.4266666666666667,0.14705882352941177,0.6,0.22666666666666666,0,0,0.06,"Alex Freeland","31665",690976
"Alek Thomas",2026,"FA,FC,SI,SL",50,0.6428571428571429,1,0.28,0.5555555555555556,0.8,0.36,0.5833333333333334,0.2857142857142857,0.24,0.16666666666666666,0,0.12,"Alek Thomas","23792",677950
"Deyvison De Los Santos",2026,"FA,FC,FS,SI,CH,SL,CU",88,0.5625,0.8888888888888888,0.18181818181818182,0.6666666666666666,0.6785714285714286,0.4772727272727273,0.36,0.3333333333333333,0.2840909090909091,0,0,0.056818181818181816,"Deyvison De Los Santos","27969",691277
"Brock Rodden",2026,"FA,FC,SI,CH,SL,CU",70,0.8421052631578947,0.75,0.2714285714285714,0.2916666666666667,1,0.34285714285714286,0.3888888888888889,0.42857142857142855,0.2571428571428571,0.1111111111111111,0,0.12857142857142856,"Brock Rodden","33191",801126
"Giancarlo Stanton",2026,"FA,FC,FS,SI,CH,SL,CU,KC",124,0.52,0.7692307692307693,0.20161290322580644,0.6346153846153846,0.6666666666666666,0.4112903225806452,0.16666666666666666,0.2,0.24193548387096775,0.11764705882352941,0,0.13709677419354838,"Giancarlo Stanton","4949",519317
"Scott Bandura",2026,"FA,FC,SI,CH,SL,CU",46,0.8181818181818182,0.6666666666666666,0.2391304347826087,0.5925925925925926,0.625,0.5869565217391305,0.2,1,0.10869565217391304,0.3333333333333333,0,0.06521739130434782,"Scott Bandura","33398",814154
"Brett Harris",2026,"FA,FC,SI,CH,SL,CU",104,0.7391304347826086,0.8235294117647058,0.22115384615384615,0.6136363636363636,0.7037037037037037,0.4230769230769231,0.14285714285714285,0.25,0.2692307692307692,0.1111111111111111,0,0.08653846153846154,"Brett Harris","29788",695391
"José Azócar",2026,"FA,FC,FS,SI,CH,SL,CU,KC",50,0.75,1,0.24,0.6363636363636364,0.7142857142857143,0.44,0.5,0.6,0.2,0.16666666666666666,0,0.12,"Jose Azocar","18821",640492
"Nate Eaton",2026,"FA,FC,FS,SI,CH,SL,CU",149,0.6666666666666666,0.7777777777777778,0.18120805369127516,0.6451612903225806,0.8,0.4161073825503356,0.3541666666666667,0.4117647058823529,0.3221476510067114,0.16666666666666666,0,0.08053691275167785,"Nate Eaton","25055",681987
"Joc Pederson",2026,"FA,FC,FS,SI,CH,SL,CU",166,0.6444444444444445,0.896551724137931,0.2710843373493976,0.3709677419354839,0.6956521739130435,0.37349397590361444,0.35294117647058826,0.25,0.20481927710843373,0.04,0,0.15060240963855423,"Joc Pederson","11899",592626
"Tanner Murray",2026,"FA,FC,FS,SI,CH,SL,CU",72,0.6956521739130435,0.875,0.3194444444444444,0.5384615384615384,0.42857142857142855,0.3611111111111111,0.3888888888888889,0.2857142857142857,0.25,0,0,0.06944444444444445,"Tanner Murray","28848",695020
"Bo Naylor",2026,"FA,FC,SI,SL,CU",63,0.875,1,0.25396825396825395,0.5483870967741935,0.9411764705882353,0.49206349206349204,0.1,0,0.15873015873015872,0,0,0.09523809523809523,"Bo Naylor","21865",666310
"Taylor Trammell",2026,"FA,FC,SI,CH,SL,CU,KC",164,0.66,0.9393939393939394,0.3048780487804878,0.49206349206349204,0.5483870967741935,0.38414634146341464,0.3055555555555556,0.18181818181818182,0.21951219512195122,0.06666666666666667,0,0.09146341463414634,"Taylor Trammell","19960",666211
"Zack Short",2026,"FA,FC,SI,CH,SL,CU",117,0.6785714285714286,0.6842105263157895,0.23931623931623933,0.49056603773584906,0.6923076923076923,0.452991452991453,0.13043478260869565,0.3333333333333333,0.19658119658119658,0.07692307692307693,0,0.1111111111111111,"Zack Short","19562",670097
"Josue De Paula",2026,"FA,FC,SI,CH,SL,CU",54,0.5555555555555556,1,0.16666666666666666,0.5555555555555556,0.9333333333333333,0.5,0,0,0.18518518518518517,0,0,0.14814814814814814,"Josue De Paula","30871",800543
"Ben Rortvedt",2026,"FA,FC,SI,CH,SL,CU,KC",42,0.5,0.8333333333333334,0.2857142857142857,0.631578947368421,0.8333333333333334,0.4523809523809524,0.16666666666666666,0,0.14285714285714285,0.2,0,0.11904761904761904,"Ben Rortvedt","20287",666163
"Josh Rojas",2026,"FA,FC,SI,CH,SL,KC",67,0.7058823529411765,0.8333333333333334,0.2537313432835821,0.6129032258064516,0.7894736842105263,0.4626865671641791,0.3333333333333333,0.75,0.1791044776119403,0.14285714285714285,0,0.1044776119402985,"Josh Rojas","19734",668942
"Adam Frazier",2026,"FA,FC,SI,CH,SL,CU",78,0.6111111111111112,0.8181818181818182,0.23076923076923078,0.6129032258064516,0.8947368421052632,0.3974358974358974,0.09523809523809523,0.5,0.2692307692307692,0,0,0.10256410256410256,"Adam Frazier","15223",624428
"Dustin Harris",2026,"FA,SI,CH,SL,CU",89,0.8333333333333334,0.9333333333333333,0.20224719101123595,0.4594594594594595,0.9411764705882353,0.4157303370786517,0.42857142857142855,0.5,0.3146067415730337,0,0,0.06741573033707865,"Dustin Harris","25705",687957
"Ronny Mauricio",2026,"FA,FC,SI,CH,SL,CU",60,0.5454545454545454,0.8333333333333334,0.18333333333333332,0.4666666666666667,0.7142857142857143,0.5,0.5,0.2857142857142857,0.23333333333333334,0.2,0,0.08333333333333333,"Ronny Mauricio","23698",677595
"Kevin Alcántara",2026,"FA,SI,CH,SL,CU",78,0.5,0.9,0.2564102564102564,0.40540540540540543,0.6666666666666666,0.47435897435897434,0.1875,0.3333333333333333,0.20512820512820512,0,0,0.0641025641025641,"Kevin Alcantara","25971",682634
"Chadwick Tromp",2026,"FA,FC,SI,CH,SL,CU",58,0.5555555555555556,0.7,0.3103448275862069,0.68,0.7058823529411765,0.43103448275862066,0.5833333333333334,0.5714285714285714,0.20689655172413793,0,0,0.05172413793103448,"Chadwick Tromp","16953",644433
"Felix Reyes",2026,"FA,FC,FS,CH,SL,CU,KC",67,0.6875,1,0.23880597014925373,0.6428571428571429,0.7777777777777778,0.417910447761194,0.6470588235294118,0.45454545454545453,0.2537313432835821,0,0,0.08955223880597014,"Felix Reyes","28763",694025
"Michael Conforto",2026,"FA,FC,SI,CH,SL,CU",43,0.7857142857142857,0.9090909090909091,0.32558139534883723,0.4666666666666667,0.42857142857142855,0.3488372093023256,0.16666666666666666,0.5,0.27906976744186046,0,0,0.046511627906976744,"Michael Conforto","16376",624424
"Christian Franklin",2026,"FA,FC,FS,SI,CH,SL,CU",133,0.8214285714285714,0.782608695652174,0.21052631578947367,0.3469387755102041,0.7647058823529411,0.3684210526315789,0.25,0.4,0.3007518796992481,0.0625,0,0.12030075187969924,"Christian Franklin","29896",681047
"Dominic Smith",2026,"FA,FC,SI,CH,SL,CU,KC",147,0.6595744680851063,0.967741935483871,0.3197278911564626,0.4745762711864407,0.7857142857142857,0.4013605442176871,0.1875,0.6666666666666666,0.21768707482993196,0,0,0.061224489795918366,"Dominic Smith","15653",642086
"Yohandy Morales",2026,"FA,FS,SI,CH,SL,CU",80,0.6842105263157895,0.7692307692307693,0.2375,0.6129032258064516,0.47368421052631576,0.3875,0.2222222222222222,0.5,0.225,0.16666666666666666,0,0.15,"Yohandy Morales","33361",691002
"Nathaniel Lowe",2026,"FA,FC,SI,CH,SL,CU,KC",185,0.7,0.8857142857142857,0.2702702702702703,0.5584415584415584,0.6976744186046512,0.41621621621621624,0.30952380952380953,0.5384615384615384,0.22702702702702704,0.125,0,0.08648648648648649,"Nathaniel Lowe","19566",663993
"Grant McCray",2026,"FA,FC,SI,CH,SL,CU",112,0.6875,0.6818181818181818,0.2857142857142857,0.4318181818181818,0.6842105263157895,0.39285714285714285,0.34615384615384615,0.4444444444444444,0.23214285714285715,0,0,0.08928571428571429,"Grant McCray","25690",687529
"Hunter Feduccia",2026,"FA,FC,FS,SI,CH,SL,CU,KC",168,0.6101694915254238,0.8611111111111112,0.35119047619047616,0.5076923076923077,0.8181818181818182,0.3869047619047619,0.16666666666666666,0.6,0.17857142857142858,0.07142857142857142,0,0.08333333333333333,"Hunter Feduccia","23372",676439
"John Peck",2026,"FA,FC,SI,CH,SL,CU",91,0.75,0.8888888888888888,0.26373626373626374,0.6428571428571429,0.6666666666666666,0.46153846153846156,0.35714285714285715,0.6,0.15384615384615385,0,0,0.12087912087912088,"John Peck","33500",807726
"José Tena",2026,"FA,FC,SI,CH,SL,CU",75,0.5625,1,0.21333333333333335,0.45454545454545453,0.6666666666666666,0.44,0.25,0.25,0.21333333333333335,0.1,0,0.13333333333333333,"Jose Tena","23691",677588
"Billy Cook",2026,"FA,FC,FS,SI,CH,SL,CU,KC",123,0.7631578947368421,0.8620689655172413,0.3089430894308943,0.6041666666666666,0.6896551724137931,0.3902439024390244,0.36363636363636365,0.625,0.17886178861788618,0.13333333333333333,0,0.12195121951219512,"Billy Cook","29573",695257
"Jesús Sánchez",2026,"FA,FC,SI,CH,SL,CU,KC",100,0.6666666666666666,0.8125,0.24,0.7073170731707317,0.7931034482758621,0.41,0.44,0.7272727272727273,0.25,0.2,0,0.1,"Jesus Sanchez","19913",660821
"Ha-Seong Kim",2026,"FA,FC,FS,SI,CH,SL,CU",286,0.6021505376344086,0.9285714285714286,0.32517482517482516,0.4262295081967213,0.7884615384615384,0.42657342657342656,0.21153846153846154,0.5454545454545454,0.17832167832167833,0.10526315789473684,0,0.06643356643356643,"Ha-Seong Kim","27506",673490
"Lucas Spence",2026,"FA,FC,FS,SI,SL,CU",60,0.6875,0.8181818181818182,0.26666666666666666,0.5517241379310345,0.5,0.48333333333333334,0.09090909090909091,1,0.18333333333333332,0,0,0.06666666666666667,"Lucas Spence","35126",828599
"Andrew Pinckney",2026,"FA,FC,FS,SI,CH,SL",56,0.8888888888888888,0.9375,0.32142857142857145,0.3333333333333333,0.5714285714285714,0.375,0.2727272727272727,0.3333333333333333,0.19642857142857142,0,0,0.10714285714285714,"Andrew Pinckney","33357",687605
"Lars Nootbaar",2026,"FA,FC,FS,SI,CH,SL,CU",222,0.5166666666666667,0.8709677419354839,0.2702702702702703,0.3684210526315789,0.7142857142857143,0.42792792792792794,0.11363636363636363,0.6,0.1981981981981982,0.043478260869565216,0,0.1036036036036036,"Lars Nootbaar","21454",663457
"Bryan Torres",2026,"FA,FC,SI,SL,CU,KC",119,0.625,1,0.2689075630252101,0.4,0.9,0.42016806722689076,0.26666666666666666,0.5,0.25210084033613445,0.14285714285714285,0,0.058823529411764705,"Bryan Torres","21464",663494
"Drew Romo",2026,"FA,FC,SI,CH,SL,CU,KC",151,0.7419354838709677,0.9130434782608695,0.2052980132450331,0.5692307692307692,0.8648648648648649,0.4304635761589404,0.3076923076923077,0.3333333333333333,0.2582781456953642,0,0,0.10596026490066225,"Drew Romo","27763",691011
"Sam Haggerty",2026,"FA,FC,SI,CH,SL,CU,KC",128,0.8235294117647058,0.8571428571428571,0.265625,0.5172413793103449,0.6666666666666666,0.453125,0.08695652173913043,0,0.1796875,0.07692307692307693,0,0.1015625,"Sam Haggerty","18054",664059
"Cam Cauley",2026,"FA,FC,SI,CH,SL,CU",134,0.725,0.8620689655172413,0.29850746268656714,0.5961538461538461,0.7096774193548387,0.3880597014925373,0.25,0.14285714285714285,0.208955223880597,0.07142857142857142,0,0.1044776119402985,"Cam Cauley","29710",695508
"Yohendrick Piñango",2026,"FA,FC,SI,CH,SL,CU",114,0.5625,0.6666666666666666,0.2807017543859649,0.6538461538461539,0.7647058823529411,0.45614035087719296,0.47058823529411764,0.25,0.14912280701754385,0.15384615384615385,0,0.11403508771929824,"Yohendrick Pinango","26664",682818
"Petey Halpin",2026,"FA,FC,SI,CH,SL",167,0.8444444444444444,0.6842105263157895,0.2694610778443114,0.5857142857142857,0.8536585365853658,0.41916167664670656,0.3142857142857143,0.5454545454545454,0.20958083832335328,0,0,0.10179640718562874,"Petey Halpin","27931",690984
"Zach Dezenzo",2026,"FA,FC,FS,SI,CH,SL,CU,KC",129,0.5357142857142857,0.5333333333333333,0.21705426356589147,0.55,0.7575757575757576,0.46511627906976744,0.27586206896551724,0.25,0.2248062015503876,0.08333333333333333,0,0.09302325581395349,"Zach Dezenzo","31562",701305
"Harrison Bader",2026,"FA,FC,SI,CH,SL,CU",92,0.6923076923076923,0.9444444444444444,0.2826086956521739,0.6111111111111112,0.6363636363636364,0.391304347826087,0.3333333333333333,0.5714285714285714,0.21739130434782608,0.2222222222222222,0.5,0.09782608695652174,"Harrison Bader","18030",664056
"Santiago Espinal",2026,"FA,FC,FS,SI,CH,SL,CU",149,0.5675675675675675,1,0.2483221476510067,0.5689655172413793,0.8484848484848485,0.38926174496644295,0.275,0.8181818181818182,0.2684563758389262,0.07142857142857142,0,0.09395973154362416,"Santiago Espinal","19997",669289
"Gabriel Arias",2026,"FA,FC,FS,SI,CH,SL,CU",198,0.7555555555555555,0.8235294117647058,0.22727272727272727,0.648936170212766,0.4098360655737705,0.47474747474747475,0.2619047619047619,0.09090909090909091,0.21212121212121213,0.11764705882352941,0,0.08585858585858586,"Gabriel Arias","22563",672356
"Nick Castellanos",2026,"FA,FC,SI,CH,SL,CU",125,0.6785714285714286,0.8947368421052632,0.224,0.7142857142857143,0.7428571428571429,0.392,0.4411764705882353,0.5333333333333333,0.272,0,0,0.112,"Nick Castellanos","11737",592206
"Luke Maile",2026,"FA,FC,SI,CH,SL,CU,KC",114,0.6764705882352942,0.9565217391304348,0.2894736842105263,0.5333333333333333,0.7083333333333334,0.39473684210526316,0.09090909090909091,0.5,0.19298245614035087,0.15384615384615385,0,0.11403508771929824,"Luke Maile","13355",571912
"J.C. Escarra",2026,"FA,FC,SI,CH,SL,CU,KC",87,0.7,0.9523809523809523,0.3448275862068966,0.5294117647058824,0.7777777777777778,0.39080459770114945,0.2631578947368421,0.2,0.21839080459770116,0,0,0.04597701149425287,"J.C. Escarra","20084",641555
"Anthony Seigler",2026,"FA,FC,SI,CH,SL,CU",150,0.7380952380952381,0.8387096774193549,0.28,0.43548387096774194,0.8888888888888888,0.41333333333333333,0.21875,0.42857142857142855,0.21333333333333335,0.07142857142857142,0,0.09333333333333334,"Anthony Seigler","23802",678011
"Luis Urías",2026,"FA,FC,SI,CH,SL,CU",146,0.7586206896551724,0.9545454545454546,0.19863013698630136,0.6,0.8717948717948718,0.4452054794520548,0.3142857142857143,0.6363636363636364,0.23972602739726026,0,0,0.11643835616438356,"Luis Urias","16622",649966
"Bo Davidson",2026,"FA,SI,CH,SL,CU",36,0.5454545454545454,0.6666666666666666,0.3055555555555556,0.7058823529411765,0.9166666666666666,0.4722222222222222,0.5714285714285714,0.5,0.19444444444444445,0,0,0.027777777777777776,"Bo Davidson","33405",815589
"Brian Navarreto",2026,"FA,FC,FS,SI,CH,SL,CU,KC",159,0.7931034482758621,0.782608695652174,0.18238993710691823,0.6533333333333333,0.7755102040816326,0.4716981132075472,0.34375,0.09090909090909091,0.20125786163522014,0.17391304347826086,0,0.14465408805031446,"Brian Navarreto","16398",640459
"Ronny Simon",2026,"FA,FC,FS,SI,CH,SL,CU",97,0.6923076923076923,1,0.26804123711340205,0.7297297297297297,0.9259259259259259,0.38144329896907214,0.38461538461538464,0.4,0.26804123711340205,0.25,1,0.08247422680412371,"Ronny Simon","25346",682927
"Osleivis Basabe",2026,"FA,FC,FS,SI,CH,SL,CU,KC",247,0.65,0.7692307692307693,0.242914979757085,0.5161290322580645,0.8958333333333334,0.3765182186234818,0.3870967741935484,0.7083333333333334,0.25101214574898784,0.0625,0.5,0.12955465587044535,"Osleivis Basabe","23985",678545
"Patrick Bailey",2026,"FA,FC,FS,SI,CH,SL,CU,KC",249,0.7647058823529411,0.8846153846153846,0.27309236947791166,0.4482758620689655,0.6666666666666666,0.3493975903614458,0.21311475409836064,0.46153846153846156,0.24497991967871485,0.09090909090909091,0,0.13253012048192772,"Patrick Bailey","27478",672275
"Turner Hill",2026,"FA,FC,SI,CH,SL,CU,KC",168,0.6129032258064516,1,0.36904761904761907,0.4576271186440678,0.8518518518518519,0.35119047619047616,0.14285714285714285,0.8,0.20833333333333334,0,0,0.07142857142857142,"Turner Hill","32053",806367
"Romy Gonzalez",2026,"FA,FC,SI,CH,SL,CU",164,0.7872340425531915,0.8378378378378378,0.2865853658536585,0.5660377358490566,0.6666666666666666,0.3170731707317073,0.2916666666666667,0.2857142857142857,0.2926829268292683,0.0625,0,0.0975609756097561,"Romy Gonzalez","21562",663853
"Matt Wallner",2026,"FA,FC,SI,CH,SL,CU,KC",171,0.7209302325581395,1,0.25146198830409355,0.6153846153846154,0.5416666666666666,0.45614035087719296,0.18421052631578946,0.2857142857142857,0.2222222222222222,0.4166666666666667,0,0.07017543859649122,"Matt Wallner","26466",670242
"Jacob Gonzalez",2026,"FA,FC,SI,CH,SL,CU",132,0.7631578947368421,0.9310344827586207,0.2878787878787879,0.5555555555555556,0.84,0.3409090909090909,0.27586206896551724,0.75,0.21212121212121213,0.05,1,0.15151515151515152,"Jacob Gonzalez","33225",694378
"Brian Serven",2026,"FA,FC,SI,CH,SL,CU",129,0.8181818181818182,0.9629629629629629,0.2558139534883721,0.4576271186440678,0.7777777777777778,0.4573643410852713,0.27586206896551724,0.375,0.2248062015503876,0.125,1,0.06201550387596899,"Brian Serven","19422",661531
"Michael Stefanic",2026,"FA,FC,SI,CH,SL,CU",101,0.6666666666666666,0.9375,0.2376237623762376,0.5,0.95,0.39603960396039606,0.24,0.6666666666666666,0.24752475247524752,0.08333333333333333,1,0.1188118811881188,"Michael Stefanic","25353",683021
"Brent Rooker",2026,"FA,FC,SI,CH,SL,CU",190,0.7755102040816326,0.7631578947368421,0.2578947368421053,0.55,0.5909090909090909,0.41578947368421054,0.2916666666666667,0.21428571428571427,0.25263157894736843,0,0,0.06842105263157895,"Brent Rooker","19627",667670
"Isiah Kiner-Falefa",2026,"FA,FC,SI,CH,SL,CU",228,0.7413793103448276,0.9302325581395349,0.2543859649122807,0.4574468085106383,0.7906976744186046,0.41228070175438597,0.37254901960784315,0.7368421052631579,0.2236842105263158,0.12,0.3333333333333333,0.10964912280701754,"Isiah Kiner-Falefa","16512",643396
"Michael Arroyo",2026,"FA,FC,SI,CH,SL,CU",74,0.8947368421052632,0.8235294117647058,0.25675675675675674,0.7333333333333333,0.9545454545454546,0.40540540540540543,0,0,0.2702702702702703,0,0,0.06756756756756757,"Michael Arroyo","30384",703197
"Héctor Rodríguez",2026,"FA,FC,FS,SI,CH,SL,CU",157,0.6129032258064516,0.8947368421052632,0.19745222929936307,0.6714285714285714,0.7021276595744681,0.445859872611465,0.45714285714285713,0.5,0.2229299363057325,0.14285714285714285,0,0.1337579617834395,"Hector Rodriguez","29189",699302
"Leo Bernal",2026,"FA,FC,SI,CH,SL,CU",116,0.7272727272727273,0.9375,0.1896551724137931,0.5869565217391305,0.6296296296296297,0.3879310344827586,0.3103448275862069,0.6666666666666666,0.25,0.05263157894736842,0,0.16379310344827586,"Leo Bernal","29016",699024
"John Rave",2026,"FA,FC,SI,CH,SL,CU,KC",155,0.723404255319149,0.9117647058823529,0.2967741935483871,0.3333333333333333,0.7222222222222222,0.34838709677419355,0.35294117647058826,0.5,0.21935483870967742,0,0,0.12903225806451613,"John Rave","26284",670231
"George Lombard Jr.",2026,"FA,FC,SI,CH,SL,CU,KC",127,0.7931034482758621,0.8260869565217391,0.2283464566929134,0.5645161290322581,0.7714285714285715,0.4881889763779528,0.17647058823529413,0.3333333333333333,0.13385826771653545,0.10526315789473684,0,0.14960629921259844,"George Lombard Jr.","33433",806146
"Christopher Morel",2026,"FA,FC,SI,CH,SL,CU,KC",155,0.7380952380952381,0.6451612903225806,0.2709677419354839,0.5454545454545454,0.75,0.4258064516129032,0.36363636363636365,0.5,0.2129032258064516,0.14285714285714285,0,0.09032258064516129,"Christopher Morel","21897",666624
"Davis Schneider",2026,"FA,FC,SI,CH,SL,CU,KC",417,0.6195652173913043,0.8070175438596491,0.22062350119904076,0.4594594594594595,0.7176470588235294,0.44364508393285373,0.15217391304347827,0.35714285714285715,0.22062350119904076,0.020833333333333332,0,0.11510791366906475,"Davis Schneider","23565",676914
"Yohel Pozo",2026,"FA,FC,SI,CH,SL,CU,KC",83,0.76,1,0.30120481927710846,0.6097560975609756,0.96,0.4939759036144578,0.42857142857142855,1,0.1686746987951807,0.3333333333333333,1,0.03614457831325301,"Yohel Pozo","18848",650968
"Denzel Clarke",2026,"FA,FC,SI,CH,SL,CU,KC",159,0.7906976744186046,0.9117647058823529,0.27044025157232704,0.4426229508196721,0.5925925925925926,0.3836477987421384,0.11428571428571428,0.5,0.22012578616352202,0.15,0,0.12578616352201258,"Denzel Clarke","29858",672016
"Carlos Cortes",2026,"FA,FC,SI,CH,SL,CU",73,0.75,0.6666666666666666,0.3287671232876712,0.5925925925925926,0.625,0.3698630136986301,0.23529411764705882,0.5,0.2328767123287671,0,0,0.0684931506849315,"Carlos Cortes","21842",666126
"Kyle Teel",2026,"FA,FC,SI,CH,SL,CU",177,0.631578947368421,0.8333333333333334,0.20903954802259886,0.589041095890411,0.6744186046511628,0.4124293785310734,0.2708333333333333,0.3076923076923077,0.2711864406779661,0,0,0.1016949152542373,"Kyle Teel","33549",691019
"Mike Yastrzemski",2026,"FA,FC,SI,CH,SL,CU,KC",156,0.4444444444444444,0.8125,0.23076923076923078,0.47619047619047616,0.825,0.5384615384615384,0.2631578947368421,0.6,0.12179487179487179,0.11764705882352941,0,0.10897435897435898,"Mike Yastrzemski","14854",573262
"Ramón Urías",2026,"FA,FC,SI,CH,SL,CU",153,0.78125,0.88,0.20915032679738563,0.4782608695652174,0.7878787878787878,0.45098039215686275,0.16666666666666666,0.7142857142857143,0.27450980392156865,0,0,0.06535947712418301,"Ramon Urias","18795",602104
"Max Schuemann",2026,"FA,FC,SI,CH,SL,CU",186,0.8367346938775511,0.9024390243902439,0.26344086021505375,0.48717948717948717,0.7368421052631579,0.41935483870967744,0.14583333333333334,0.14285714285714285,0.25806451612903225,0,0,0.05913978494623656,"Max Schuemann","24488",680474
"Tyler Heineman",2026,"FA,FC,FS,SI,CH,SL,CU",186,0.717391304347826,0.9090909090909091,0.24731182795698925,0.5764705882352941,0.8979591836734694,0.45698924731182794,0.3333333333333333,0.5384615384615384,0.20967741935483872,0.125,0,0.08602150537634409,"Tyler Heineman","13897",623168
"Travis d'Arnaud",2026,"FA,FC,FS,SI,CH,SL,CU",169,0.6222222222222222,0.8571428571428571,0.26627218934911245,0.5466666666666666,0.6097560975609756,0.4437869822485207,0.3055555555555556,0.36363636363636365,0.21301775147928995,0,0,0.07692307692307693,"Travis d'Arnaud","7739",518595
"Marcelo Mayer",2026,"FA,FC,SI,CH,SL,CU",73,0.8571428571428571,0.8888888888888888,0.2876712328767123,0.46875,0.5333333333333333,0.4383561643835616,0.25,0,0.1643835616438356,0,0,0.1095890410958904,"Marcelo Mayer","29668",691785
"TJ Friedl",2026,"FA,FC,SI,CH,SL,CU",124,0.6470588235294118,1,0.27419354838709675,0.41818181818181815,0.7391304347826086,0.4435483870967742,0.13636363636363635,0.6666666666666666,0.1774193548387097,0.07692307692307693,0,0.10483870967741936,"TJ Friedl","19522",670770
"Andrew Knizner",2026,"FA,FC,FS,SI,CH,SL,CU,KC",184,0.6666666666666666,0.8928571428571429,0.22826086956521738,0.654320987654321,0.8301886792452831,0.44021739130434784,0.40476190476190477,0.7647058823529411,0.22826086956521738,0.05263157894736842,0,0.10326086956521739,"Andrew Knizner","19514",668800
"Alan Roden",2026,"FA,FC,SI,CH,SL,CU",65,0.9411764705882353,0.875,0.26153846153846155,0.5517241379310345,0.8125,0.4461538461538462,0.23076923076923078,0.3333333333333333,0.2,0,0,0.09230769230769231,"Alan Roden","31564",702176
"Noelvi Marte",2026,"FA,FC,FS,SI,CH,SL,CU",216,0.5892857142857143,0.9090909090909091,0.25925925925925924,0.632183908045977,0.7454545454545455,0.4027777777777778,0.41509433962264153,0.5,0.24537037037037038,0,0,0.09259259259259259,"Noelvi Marte","26517",682622
"Ramón Laureano",2026,"FA,FC,FS,SI,CH,SL,CU",233,0.7857142857142857,0.8636363636363636,0.23605150214592274,0.5384615384615384,0.673469387755102,0.3905579399141631,0.24193548387096775,0.4,0.26609442060085836,0.08333333333333333,0,0.10300429184549356,"Ramon Laureano","17128",657656
"Trevor Larnach",2026,"FA,FC,SI,CH,SL,CU,KC",214,0.5964912280701754,0.9117647058823529,0.26635514018691586,0.5402298850574713,0.723404255319149,0.40654205607476634,0.2608695652173913,0.4166666666666667,0.21495327102803738,0.125,0,0.11214953271028037,"Trevor Larnach","21501",663616
"James Outman",2026,"FA,FC,SI,CH,SL,CU",90,0.8333333333333334,0.8,0.26666666666666666,0.53125,0.7647058823529411,0.35555555555555557,0.3157894736842105,0.16666666666666666,0.2111111111111111,0.13333333333333333,0,0.16666666666666666,"James Outman","24770",681546
"Angel Genao",2026,"FA,FC,FS,SI,CH,SL,CU,KC",153,0.7435897435897436,0.8275862068965517,0.24836601307189543,0.47368421052631576,0.7037037037037037,0.37254901960784315,0.2727272727272727,0.5,0.2875816993464052,0.07692307692307693,0,0.08496732026143791,"Angel Genao","28811",694197
"Bryan De La Cruz",2026,"FA,FC,FS,SI,CH,SL,CU",168,0.8269230769230769,0.9069767441860465,0.30952380952380953,0.453125,0.6551724137931034,0.38095238095238093,0.19047619047619047,0.375,0.25,0.1,0,0.05952380952380952,"Bryan De La Cruz","19600",650559
"Jake Rogers",2026,"FA,FC,FS,SI,CH,SL,CU",175,0.6363636363636364,0.8928571428571429,0.25142857142857145,0.4305555555555556,0.6129032258064516,0.4114285714285714,0.3,0.3333333333333333,0.22857142857142856,0,0,0.10857142857142857,"Jake Rogers","19452",668670
"Nolan Gorman",2026,"FA,FC,FS,SI,CH,SL,CU",198,0.7192982456140351,0.7804878048780488,0.2878787878787879,0.6071428571428571,0.6666666666666666,0.42424242424242425,0.3235294117647059,0.18181818181818182,0.1717171717171717,0.13043478260869565,0,0.11616161616161616,"Nolan Gorman","22263",669357
"Jose Trevino",2026,"FA,FC,SI,CH,SL,CU,KC",154,0.6744186046511628,0.9310344827586207,0.2792207792207792,0.5245901639344263,0.875,0.3961038961038961,0.4146341463414634,0.4117647058823529,0.2662337662337662,0,0,0.05844155844155844,"Jose Trevino","16725",624431
"Andrew McCutchen",2026,"FA,FC,SI,CH,SL,CU,KC",205,0.8360655737704918,0.8235294117647058,0.2975609756097561,0.4166666666666667,0.7142857142857143,0.4097560975609756,0.10869565217391304,0,0.22439024390243903,0,0,0.06829268292682927,"Andrew McCutchen","9847",457705
"Masataka Yoshida",2026,"FA,FC,SI,CH,SL,CU",109,0.6111111111111112,0.9090909090909091,0.3302752293577982,0.3888888888888889,0.9285714285714286,0.3302752293577982,0.2222222222222222,0.6666666666666666,0.24770642201834864,0,0,0.09174311926605505,"Masataka Yoshida","31837",807799
"Colton Cowser",2026,"FA,FC,SI,CH,SL,CU,KC",293,0.5842696629213483,0.8653846153846154,0.3037542662116041,0.48148148148148145,0.5961538461538461,0.36860068259385664,0.2698412698412698,0.17647058823529413,0.2150170648464164,0,0,0.11262798634812286,"Colton Cowser","29591",681297
"Eric Wagaman",2026,"FA,FC,FS,SI,CH,SL,CU",184,0.673469387755102,0.7878787878787878,0.266304347826087,0.4074074074074074,0.696969696969697,0.44021739130434784,0.23684210526315788,0.5555555555555556,0.20652173913043478,0,0,0.08695652173913043,"Eric Wagaman","23395",676572
"Danny Jansen",2026,"FA,FC,FS,SI,CH,SL,CU,KC",261,0.7424242424242424,0.8367346938775511,0.25287356321839083,0.5523809523809524,0.7241379310344828,0.40229885057471265,0.1791044776119403,0.4166666666666667,0.25287356321839083,0,0,0.08812260536398467,"Danny Jansen","16535",643376
"Josh Lowe",2026,"FA,FC,SI,CH,SL,CU",216,0.6721311475409836,0.7317073170731707,0.2824074074074074,0.54,0.6666666666666666,0.46296296296296297,0.27906976744186046,0.6666666666666666,0.19907407407407407,0.08333333333333333,0,0.05555555555555555,"Josh Lowe","19953",666139
"Lenyn Sosa",2026,"FA,FC,FS,SI,CH,SL,CU,KC",179,0.6756756756756757,0.96,0.20670391061452514,0.5897435897435898,0.7391304347826086,0.43575418994413406,0.65,0.6153846153846154,0.22346368715083798,0.375,0.4444444444444444,0.1340782122905028,"Lenyn Sosa","22896",672820
"Joey Bart",2026,"FA,FC,FS,SI,CH,SL,CU,KC",267,0.7017543859649122,0.85,0.21348314606741572,0.5631067961165048,0.7931034482758621,0.3857677902621723,0.27848101265822783,0.2727272727272727,0.2958801498127341,0.21428571428571427,0.16666666666666666,0.10486891385767791,"Joey Bart","21524",663698
"Braxton Fulford",2026,"FA,FC,FS,SI,CH,SL,CU,KC,EP",263,0.7571428571428571,0.8301886792452831,0.2661596958174905,0.4673913043478261,0.5348837209302325,0.34980988593155893,0.23376623376623376,0.3888888888888889,0.29277566539923955,0.041666666666666664,0,0.09125475285171103,"Braxton Fulford","29704",690924
"Enrique Hernández",2026,"FA,FC,SI,CH,SL,CU,KC",209,0.7547169811320755,0.825,0.2535885167464115,0.5795454545454546,0.8431372549019608,0.42105263157894735,0.38461538461538464,0.3,0.24880382775119617,0.1875,0.3333333333333333,0.07655502392344497,"Enrique Hernandez","10472",571771
"Richie Palacios",2026,"FA,FC,FS,SI,CH,SL,CU,KC",225,0.6538461538461539,0.9117647058823529,0.2311111111111111,0.5688073394495413,0.8387096774193549,0.48444444444444446,0.2692307692307692,0.5,0.2311111111111111,0,0,0.05333333333333334,"Richie Palacios","24589",680700
"Evan Carter",2026,"FA,FC,SI,CH,SL,CU",299,0.5875,0.851063829787234,0.26755852842809363,0.4580152671755725,0.65,0.43812709030100333,0.15,0.3333333333333333,0.20066889632107024,0.07142857142857142,0,0.09364548494983277,"Evan Carter","27790",694497
"Jase Bowen",2026,"FA,FC,SI,CH,SL,CU,KC",175,0.6666666666666666,0.8333333333333334,0.2571428571428571,0.5657894736842105,0.6744186046511628,0.4342857142857143,0.28888888888888886,0.15384615384615385,0.2571428571428571,0.1111111111111111,0,0.05142857142857143,"Jase Bowen","26047",687749
"Owen Caissie",2026,"FA,FC,SI,CH,SL,CU,KC",178,0.5370370370370371,0.896551724137931,0.30337078651685395,0.39705882352941174,0.5185185185185185,0.38202247191011235,0.3225806451612903,0.3,0.17415730337078653,0.08,0,0.1404494382022472,"Owen Caissie","27496",683357
"Brendan Donovan",2026,"FA,FC,SI,CH,SL,CU",194,0.5862068965517241,0.9117647058823529,0.29896907216494845,0.5061728395061729,0.8292682926829268,0.4175257731958763,0.23684210526315788,0.6666666666666666,0.1958762886597938,0.11764705882352941,0,0.08762886597938144,"Brendan Donovan","24679",680977
"Andrew Benintendi",2026,"FA,FC,FS,SI,CH,SL,CU",191,0.8367346938775511,0.8048780487804879,0.25654450261780104,0.6835443037974683,0.6851851851851852,0.41361256544502617,0.35,0.42857142857142855,0.2094240837696335,0.21739130434782608,0,0.12041884816753927,"Andrew Benintendi","17901",643217
"Jhonny Pereda",2026,"FA,FC,FS,SI,CH,SL,CU",136,0.8529411764705882,0.7931034482758621,0.25,0.5517241379310345,0.78125,0.4264705882352941,0.15151515151515152,0.6,0.2426470588235294,0.09090909090909091,1,0.08088235294117647,"Jhonny Pereda","19802",640902
"Thomas Saggese",2026,"FA,FC,FS,SI,CH,SL,CU",228,0.6976744186046512,0.8666666666666667,0.18859649122807018,0.5656565656565656,0.75,0.4342105263157895,0.27586206896551724,0.25,0.2543859649122807,0.14285714285714285,0,0.12280701754385964,"Thomas Saggese","27883",695336
"Edwin Arroyo",2026,"FA,FC,FS,SI,CH,SL,CU",141,0.6944444444444444,0.96,0.2553191489361702,0.7321428571428571,0.7317073170731707,0.3971631205673759,0.45161290322580644,0.5,0.2198581560283688,0.16666666666666666,0,0.1276595744680851,"Edwin Arroyo","29957",695490
"Ke'Bryan Hayes",2026,"FA,FC,FS,SI,CH,SL,CU,KC",223,0.6071428571428571,0.9411764705882353,0.25112107623318386,0.5510204081632653,0.8333333333333334,0.43946188340807174,0.45454545454545453,0.5,0.19730941704035873,0.04,0,0.11210762331838565,"Ke'Bryan Hayes","18577",663647
"Lourdes Gurriel Jr.",2026,"FA,FC,FS,SI,CH,SL,CU,KC",198,0.7297297297297297,0.9259259259259259,0.18686868686868688,0.6931818181818182,0.8032786885245902,0.4444444444444444,0.45098039215686275,0.5217391304347826,0.25757575757575757,0.045454545454545456,0,0.1111111111111111,"Lourdes Gurriel Jr.","19238",666971
"Adael Amador",2026,"FA,FC,FS,SI,CH,SL,CU",140,0.9347826086956522,0.9767441860465116,0.32857142857142857,0.58,0.7586206896551724,0.35714285714285715,0.15625,0.4,0.22857142857142856,0.16666666666666666,0.5,0.08571428571428572,"Adael Amador","27962",691182
"Tristan Peters",2026,"FA,FC,SI,CH,SL,CU",244,0.6621621621621622,0.8367346938775511,0.30327868852459017,0.37,0.7837837837837838,0.4098360655737705,0.21568627450980393,0.7272727272727273,0.20901639344262296,0.10526315789473684,0,0.0778688524590164,"Tristan Peters","30063",671976
"Brandon Lockridge",2026,"FA,FC,FS,SI,CH,SL,CU",194,0.6530612244897959,0.875,0.25257731958762886,0.4772727272727273,0.7619047619047619,0.4536082474226804,0.3409090909090909,0.3333333333333333,0.2268041237113402,0.07692307692307693,0,0.06701030927835051,"Brandon Lockridge","21496",663604
"Everson Pereira",2026,"FA,FC,FS,SI,CH,SL,CU,KC",173,0.5581395348837209,0.75,0.24855491329479767,0.6166666666666667,0.6486486486486487,0.3468208092485549,0.34615384615384615,0.3888888888888889,0.30057803468208094,0,0,0.10404624277456648,"Everson Pereira","23695",677592
"Jake Meyers",2026,"FA,FC,FS,SI,CH,SL,CU,KC",187,0.78,0.9230769230769231,0.26737967914438504,0.5903614457831325,0.7755102040816326,0.4385026737967914,0.3125,0.2,0.25668449197860965,0,0,0.03208556149732621,"Jake Meyers","20308",676694
"Tommy Troy",2026,"FA,FC,FS,SI,CH,SL,CU",131,0.631578947368421,0.9166666666666666,0.2900763358778626,0.5714285714285714,0.71875,0.42748091603053434,0.17857142857142858,0.6,0.21374045801526717,0,0,0.06870229007633588,"Tommy Troy","33279",694371
"Carlos Narváez",2026,"FA,FC,FS,SI,CH,SL,CU,KC",333,0.7023809523809523,0.8135593220338984,0.25225225225225223,0.6,0.6888888888888889,0.45045045045045046,0.22058823529411764,0.4666666666666667,0.2012012012012012,0.06451612903225806,0,0.09309309309309309,"Carlos Narvaez","19722",665966
"Joe Mack",2026,"FA,FC,FS,SI,CH,SL,CU,KC",258,0.6578947368421053,0.84,0.29457364341085274,0.49074074074074076,0.8113207547169812,0.4186046511627907,0.2916666666666667,0.5,0.18604651162790697,0.07692307692307693,0,0.10077519379844961,"Joe Mack","29780",691788
"Zach McKinstry",2026,"FA,FC,SI,CH,SL,CU,KC,EP",338,0.7142857142857143,0.9333333333333333,0.3106508875739645,0.5037037037037037,0.8970588235294118,0.3994082840236686,0.1896551724137931,0.7272727272727273,0.17159763313609466,0.05,0,0.11834319526627218,"Zach McKinstry","19392",656716
"Bryce Teodosio",2026,"FA,FC,SI,CH,SL,CU",155,0.6923076923076923,0.8518518518518519,0.25161290322580643,0.6621621621621622,0.5714285714285714,0.4774193548387097,0.3103448275862069,0.4444444444444444,0.1870967741935484,0.3076923076923077,0,0.08387096774193549,"Bryce Teodosio","29524",669326
"Blake Dunn",2026,"FA,FC,FS,SI,CH,SL,CU",156,0.7021276595744681,0.9090909090909091,0.30128205128205127,0.5833333333333334,0.7714285714285715,0.38461538461538464,0.2894736842105263,0.2727272727272727,0.24358974358974358,0.18181818181818182,0,0.07051282051282051,"Blake Dunn","29487",694362
"Christian Moore",2026,"FA,FC,SI,CH,SL,CU",213,0.8305084745762712,0.7959183673469388,0.27699530516431925,0.5813953488372093,0.7,0.40375586854460094,0.25,0.3333333333333333,0.22535211267605634,0.05,0,0.09389671361502347,"Christian Moore","34979",695681
"Wade Meckler",2026,"FA,FC,SI,CH,SL,CU",213,0.6181818181818182,0.9705882352941176,0.25821596244131456,0.43157894736842106,0.8048780487804879,0.4460093896713615,0.20408163265306123,0.4,0.2300469483568075,0.07142857142857142,0,0.06572769953051644,"Wade Meckler","31490",685133
"Austin Slater",2026,"FA,FC,SI,CH,SL,CU,KC",253,0.746268656716418,0.86,0.25691699604743085,0.4722222222222222,0.7450980392156863,0.4268774703557312,0.22916666666666666,0.2727272727272727,0.18972332015810275,0.1,0,0.11857707509881422,"Austin Slater","16153",596103
"Ryan McMahon",2026,"FA,FC,SI,CH,SL,CU,KC",254,0.6626506024096386,0.8909090909090909,0.32677165354330706,0.44,0.6590909090909091,0.3937007874015748,0.16666666666666666,0.2857142857142857,0.16535433070866143,0.06896551724137931,0,0.1141732283464567,"Ryan McMahon","15112",641857
"Joshua Báez",2026,"FA,FC,SI,CH,SL,CU",149,0.75,0.9166666666666666,0.21476510067114093,0.6615384615384615,0.6744186046511628,0.436241610738255,0.3333333333333333,0.4166666666666667,0.24161073825503357,0.1875,0,0.10738255033557047,"Joshua Baez","29596",695491
"Shay Whitcomb",2026,"FA,FC,SI,CH,SL,CU,KC",161,0.7659574468085106,0.9722222222222222,0.2919254658385093,0.484375,0.7096774193548387,0.39751552795031053,0.22857142857142856,0,0.21739130434782608,0,0,0.09316770186335403,"Shay Whitcomb","27789",694376
"Ali Sánchez",2026,"FA,FC,FS,SI,CH,SL,CU",161,0.7142857142857143,0.8285714285714286,0.30434782608695654,0.515625,0.7575757575757576,0.39751552795031053,0.24242424242424243,0.5,0.20496894409937888,0,0,0.08695652173913043,"Ali Sanchez","18551",645305
"Gavin Sheets",2026,"FA,FC,SI,CH,SL,CU",297,0.6153846153846154,0.85,0.21885521885521886,0.5481481481481482,0.8243243243243243,0.45454545454545453,0.29411764705882354,0.4,0.22895622895622897,0.06896551724137931,0,0.09764309764309764,"Gavin Sheets","19901",657757
"Austin Wells",2026,"FA,FC,SI,CH,SL,CU,KC",398,0.6859504132231405,0.9036144578313253,0.30402010050251255,0.5512820512820513,0.7093023255813954,0.39195979899497485,0.25287356321839083,0.3181818181818182,0.2185929648241206,0.058823529411764705,0,0.08542713567839195,"Austin Wells","27562",669224
"Kyle Isbel",2026,"FA,FC,SI,CH,SL,CU,KC",266,0.5625,0.9814814814814815,0.3609022556390977,0.5045871559633027,0.8545454545454545,0.40977443609022557,0.3076923076923077,0.3333333333333333,0.14661654135338345,0,0,0.08270676691729323,"Kyle Isbel","21614",664728
"Jorbit Vivas",2026,"FA,FC,SI,CH,SL,CU,KC",189,0.8958333333333334,0.8837209302325582,0.25396825396825395,0.6103896103896104,0.7659574468085106,0.4074074074074074,0.18604651162790697,0.625,0.2275132275132275,0.047619047619047616,0,0.1111111111111111,"Jorbit Vivas","23917",678391
"Cooper Pratt",2026,"FA,FC,FS,SI,CH,SL,CU",265,0.625,0.925,0.24150943396226415,0.5390625,0.7971014492753623,0.4830188679245283,0.2653061224489796,0.38461538461538464,0.18490566037735848,0.041666666666666664,0,0.09056603773584905,"Cooper Pratt","33530",806198
"Wenceel Pérez",2026,"FA,FC,SI,CH,SL,CU,KC",199,0.8076923076923077,0.9047619047619048,0.2613065326633166,0.5268817204301075,0.7959183673469388,0.4623115577889447,0.1956521739130435,0.6666666666666666,0.23115577889447236,0,0,0.04020100502512563,"Wenceel Perez","22857",672761
"Nicky Lopez",2026,"FA,FC,FS,SI,CH,SL,CU",225,0.8208955223880597,0.9090909090909091,0.29777777777777775,0.4942528735632184,0.9302325581395349,0.38666666666666666,0.2777777777777778,0.6,0.24,0.058823529411764705,1,0.07555555555555556,"Nicky Lopez","19339",670032
"Freddy Fermin",2026,"FA,FC,FS,SI,CH,SL,CU",283,0.7692307692307693,0.9666666666666667,0.2756183745583039,0.5495495495495496,0.7540983606557377,0.392226148409894,0.1935483870967742,0.4166666666666667,0.21554770318021202,0.1875,0,0.11307420494699646,"Freddy Fermin","21840",666023
"Kyle Higashioka",2026,"FA,FC,FS,SI,CH,SL,CU,KC",212,0.6296296296296297,0.8823529411764706,0.25471698113207547,0.5280898876404494,0.723404255319149,0.419811320754717,0.3695652173913043,0.47058823529411764,0.21226415094339623,0.043478260869565216,0,0.10849056603773585,"Kyle Higashioka","5517",543309
"Christian Koss",2026,"FA,FC,FS,SI,CH,SL,CU,KC",252,0.8115942028985508,0.8392857142857143,0.27380952380952384,0.6176470588235294,0.6825396825396826,0.40476190476190477,0.3333333333333333,0.5,0.23809523809523808,0.19047619047619047,0.25,0.08333333333333333,"Christian Koss","27653",683766
"Nick Yorke",2026,"FA,FC,FS,SI,CH,SL,CU,KC",255,0.6857142857142857,0.8125,0.27450980392156865,0.62,0.7903225806451613,0.39215686274509803,0.19047619047619047,0.5,0.24705882352941178,0.22727272727272727,0,0.08235294117647059,"Nick Yorke","27504",694377
"Henry Davis",2026,"FA,FC,FS,SI,CH,SL,CU",346,0.8085106382978723,0.9605263157894737,0.27167630057803466,0.6015037593984962,0.675,0.38439306358381503,0.34146341463414637,0.42857142857142855,0.23699421965317918,0.08108108108108109,0,0.1069364161849711,"Henry Davis","29617",680779
"Jorge Barrosa",2026,"FA,FC,FS,SI,CH,SL,CU",268,0.5333333333333333,0.9375,0.22388059701492538,0.5398230088495575,0.8360655737704918,0.417910447761194,0.20588235294117646,0.7142857142857143,0.2537313432835821,0.1111111111111111,0,0.10074626865671642,"Jorge Barrosa","23968",678489
"Christian Vázquez",2026,"FA,FC,FS,SI,CH,SL,CU,KC",238,0.6825396825396826,0.9302325581395349,0.2647058823529412,0.5740740740740741,0.8225806451612904,0.453781512605042,0.36,0.7222222222222222,0.21008403361344538,0.058823529411764705,0,0.07142857142857142,"Christian Vazquez","9774",543877
"Braden Montgomery",2026,"FA,FC,FS,SI,CH,SL,CU,KC",392,0.8585858585858586,0.8470588235294118,0.25255102040816324,0.5789473684210527,0.7045454545454546,0.3877551020408163,0.29292929292929293,0.27586206896551724,0.25255102040816324,0.14285714285714285,0,0.10714285714285714,"Braden Montgomery","35423",695731
"Edgar Quero",2026,"FA,FC,FS,SI,CH,SL,CU,KC",337,0.7640449438202247,0.9264705882352942,0.26409495548961426,0.5833333333333334,0.8809523809523809,0.42729970326409494,0.21052631578947367,0.6875,0.22551928783382788,0,0,0.0830860534124629,"Edgar Quero","28022",700337
"Blake Perkins",2026,"FA,FC,SI,CH,SL,CU,KC",251,0.5757575757575758,0.8947368421052632,0.26294820717131473,0.5247524752475248,0.8490566037735849,0.40239043824701193,0.14705882352941177,0.8,0.27091633466135456,0.0625,1,0.06374501992031872,"Blake Perkins","19921",663368
"Cody Freeman",2026,"FA,FC,FS,SI,CH,SL,CU",193,0.532258064516129,0.9090909090909091,0.32124352331606215,0.4675324675324675,0.8333333333333334,0.39896373056994816,0.34285714285714286,0.75,0.18134715025906736,0.10526315789473684,0,0.09844559585492228,"Cody Freeman","25629",683227
"Joshua Kuroda-Grauer",2026,"FA,FC,FS,SI,CH,SL,CU",110,0.72,1,0.22727272727272727,0.75,0.9166666666666666,0.43636363636363634,0.46153846153846156,0.75,0.23636363636363636,0.09090909090909091,0,0.1,"Joshua Kuroda-Grauer","35121",811965
"Nick Allen",2026,"FA,FC,FS,SI,CH,SL,CU",153,0.7291666666666666,0.8857142857142857,0.30718954248366015,0.4528301886792453,0.7916666666666666,0.3464052287581699,0.2777777777777778,0.5,0.23529411764705882,0,0,0.10457516339869281,"Nick Allen","22277",669397
"Will Smith",2026,"FA,FC,FS,SI,CH,SL,CU,KC",386,0.6875,0.922077922077922,0.28756476683937826,0.39869281045751637,0.819672131147541,0.3963730569948187,0.12345679012345678,0.7,0.20984455958549222,0,0,0.10362694300518134,"Will Smith","19197",669257
"Mitch Garver",2026,"FA,FC,FS,SI,CH,SL,CU,KC",288,0.6712328767123288,0.8775510204081632,0.2534722222222222,0.5130434782608696,0.7288135593220338,0.3993055555555556,0.16923076923076924,0.36363636363636365,0.22569444444444445,0.08571428571428572,0,0.12152777777777778,"Mitch Garver","15161",641598
"James McCann",2026,"FA,FC,FS,SI,CH,SL,CU,KC",234,0.6779661016949152,0.85,0.25213675213675213,0.5862068965517241,0.6862745098039216,0.3717948717948718,0.3559322033898305,0.6190476190476191,0.25213675213675213,0.13793103448275862,0,0.12393162393162394,"James McCann","12859",543510
"Nelson Velázquez",2026,"FA,FC,FS,SI,CH,SL,CU",317,0.6875,0.8,0.25236593059936907,0.5928571428571429,0.5783132530120482,0.4416403785488959,0.30434782608695654,0.2857142857142857,0.21766561514195584,0,0,0.08832807570977919,"Nelson Velazquez","23359",676369
"Kyle Manzardo",2026,"FA,FC,SI,CH,SL,CU",268,0.6875,0.7727272727272727,0.23880597014925373,0.5087719298245614,0.7068965517241379,0.4216417910447761,0.29508196721311475,0.2777777777777778,0.22761194029850745,0.13793103448275862,0,0.10820895522388059,"Kyle Manzardo","29794",700932
"Joey Wiemer",2026,"FA,FC,FS,SI,CH,SL,CU,KC",174,0.6530612244897959,0.75,0.28160919540229884,0.47761194029850745,0.84375,0.3850574712643678,0.25,0.125,0.1839080459770115,0.15384615384615385,0,0.14942528735632185,"Joey Wiemer","27690",686894
"Luis Campusano",2026,"FA,FC,SI,CH,SL,CU,KC",204,0.6739130434782609,0.8387096774193549,0.22549019607843138,0.5,0.8,0.4411764705882353,0.24390243902439024,0.7,0.20098039215686275,0.037037037037037035,1,0.1323529411764706,"Luis Campusano","22217",669134
"Dalton Rushing",2026,"FA,FC,FS,SI,CH,SL,CU",236,0.6714285714285714,0.8936170212765957,0.2966101694915254,0.5652173913043478,0.7307692307692307,0.3898305084745763,0.19642857142857142,0.09090909090909091,0.23728813559322035,0,0,0.07203389830508475,"Dalton Rushing","31382",687221
"Jared Young",2026,"FA,FC,SI,CH,SL,CU",237,0.6,0.8888888888888888,0.25316455696202533,0.5673076923076923,0.711864406779661,0.4388185654008439,0.18181818181818182,0.625,0.18565400843881857,0.13793103448275862,0,0.12236286919831224,"Jared Young","20404",676724
"Victor Robles",2026,"FA,FC,FS,SI,CH,SL,CU",189,0.717391304347826,0.8181818181818182,0.24338624338624337,0.6363636363636364,0.7755102040816326,0.4074074074074074,0.2222222222222222,0.6,0.23809523809523808,0.09523809523809523,0,0.1111111111111111,"Victor Robles","18363",645302
"Luis Robert Jr.",2026,"FA,FC,FS,SI,CH,SL,CU,KC",259,0.8,0.875,0.19305019305019305,0.6915887850467289,0.8378378378378378,0.4092664092664093,0.25,0.25,0.2471042471042471,0.07894736842105263,0,0.14671814671814673,"Luis Robert Jr.","20043",673357
"Brandon Valenzuela",2026,"FA,FC,FS,SI,CH,SL,CU",344,0.8390804597701149,0.9452054794520548,0.25290697674418605,0.5588235294117647,0.7894736842105263,0.3953488372093023,0.3218390804597701,0.39285714285714285,0.25290697674418605,0.11764705882352941,0,0.09883720930232558,"Brandon Valenzuela","23813",678218
"Kaelen Culpepper",2026,"FA,FC,FS,SI,CH,SL,CU",197,0.673469387755102,0.9090909090909091,0.2436548223350254,0.6621621621621622,0.7346938775510204,0.3756345177664975,0.4107142857142857,0.6086956521739131,0.28426395939086296,0.16666666666666666,0,0.09137055837563451,"Kaelen Culpepper","35111",701785
"Harry Ford",2026,"FA,FC,FS,SI,CH,SL,CU,KC",259,0.803030303030303,0.9245283018867925,0.2548262548262548,0.4152542372881356,0.6122448979591837,0.4555984555984556,0.11538461538461539,0.5,0.20077220077220076,0.043478260869565216,0,0.0888030888030888,"Harry Ford","29958",695670
"Darell Hernaiz",2026,"FA,FC,SI,CH,SL,CU",227,0.7636363636363637,0.9047619047619048,0.2422907488986784,0.5454545454545454,0.7777777777777778,0.43612334801762115,0.2962962962962963,0.625,0.23788546255506607,0.10526315789473684,0,0.08370044052863436,"Darell Hernaiz","26224",687231
"Daniel Schneemann",2026,"FA,FC,SI,CH,SL,CU,KC",261,0.7164179104477612,0.7708333333333334,0.2567049808429119,0.48672566371681414,0.7272727272727273,0.4329501915708812,0.22641509433962265,0.08333333333333333,0.20306513409961685,0,0,0.10727969348659004,"Daniel Schneemann","25180",682177
"Alejandro Osuna",2026,"FA,FC,SI,CH,SL,CU",156,0.6666666666666666,0.8666666666666667,0.28846153846153844,0.5303030303030303,0.8857142857142857,0.4230769230769231,0.23076923076923078,0.8333333333333334,0.16666666666666666,0.2631578947368421,0.2,0.12179487179487179,"Alejandro Osuna","27915",696030
"Carlos Correa",2026,"FA,FC,FS,SI,CH,SL,CU,KC",194,0.6666666666666666,0.75,0.21649484536082475,0.5180722891566265,0.8372093023255814,0.42783505154639173,0.3018867924528302,0.8125,0.27319587628865977,0.0625,0,0.08247422680412371,"Carlos Correa","14162",621043
"Brett Baty",2026,"FA,FC,FS,SI,CH,SL,CU,KC",378,0.7352941176470589,0.88,0.2698412698412698,0.4012738853503185,0.746031746031746,0.41534391534391535,0.2235294117647059,0.2631578947368421,0.22486772486772486,0.14705882352941177,0,0.08994708994708994,"Brett Baty","26123",683146
"Colt Emerson",2026,"FA,FC,FS,SI,CH,SL,CU,KC",318,0.717391304347826,0.8181818181818182,0.2893081761006289,0.5230769230769231,0.7205882352941176,0.4088050314465409,0.323943661971831,0.391304347826087,0.22327044025157233,0,0,0.07861635220125786,"Colt Emerson","33575",806068
"Rob Refsnyder",2026,"FA,FC,FS,SI,CH,SL,CU,KC",445,0.7033898305084746,0.8674698795180723,0.2651685393258427,0.4648648648648649,0.7558139534883721,0.4157303370786517,0.24489795918367346,0.4583333333333333,0.2202247191011236,0.045454545454545456,0,0.09887640449438202,"Rob Refsnyder","13770",608701
"Justin Crawford",2026,"FA,FC,SI,CH,SL,CU,KC",249,0.6470588235294118,0.8863636363636364,0.27309236947791166,0.46938775510204084,0.9347826086956522,0.39357429718875503,0.5,0.7586206896551724,0.2289156626506024,0.04,0,0.10040160642570281,"Justin Crawford","31791",702222
"Moisés Ballesteros",2026,"FA,FC,SI,CH,SL,CU,EP",239,0.7241379310344828,0.9047619047619048,0.24267782426778242,0.5673076923076923,0.8305084745762712,0.4351464435146444,0.4716981132075472,0.64,0.2217573221757322,0.041666666666666664,0,0.100418410041841,"Moises Ballesteros","28820",694208
"Dylan Beavers",2026,"FA,FC,SI,CH,SL,CU",298,0.6224489795918368,0.819672131147541,0.3288590604026846,0.4,0.75,0.3691275167785235,0.1111111111111111,0.5714285714285714,0.21140939597315436,0.1111111111111111,0.3333333333333333,0.09060402684563758,"Dylan Beavers","31695",687637
"Javier Báez",2026,"FA,FC,SI,CH,SL,CU,KC",195,0.7954545454545454,0.7428571428571429,0.22564102564102564,0.5949367088607594,0.7872340425531915,0.40512820512820513,0.5957446808510638,0.6428571428571429,0.24102564102564103,0.16,0.25,0.1282051282051282,"Javier Baez","12979",595879
"Jordan Lawlar",2026,"FA,FC,FS,SI,CH,SL,CU,KC",234,0.7333333333333333,0.9318181818181818,0.2564102564102564,0.5,0.7346938775510204,0.4188034188034188,0.16326530612244897,0.375,0.2094017094017094,0.037037037037037035,0,0.11538461538461539,"Jordan Lawlar","29976",691783
"Adolis García",2026,"FA,FC,FS,SI,CH,SL,CU,KC",286,0.6865671641791045,0.9130434782608695,0.23426573426573427,0.5371900826446281,0.7538461538461538,0.4230769230769231,0.2222222222222222,0.3125,0.2517482517482518,0.038461538461538464,0,0.09090909090909091,"Adolis Garcia","19287",666969
"Charles McAdoo",2026,"FA,FC,FS,SI,CH,SL,CU,KC",240,0.6724137931034483,0.7692307692307693,0.24166666666666667,0.5543478260869565,0.8235294117647058,0.38333333333333336,0.28169014084507044,0.6,0.29583333333333334,0,0,0.07916666666666666,"Charles McAdoo","33323",807727
"Brett Sullivan",2026,"FA,FC,SI,CH,SL,CU",241,0.7532467532467533,0.896551724137931,0.31950207468879666,0.5339805825242718,0.8545454545454545,0.42738589211618255,0.15555555555555556,0.2857142857142857,0.18672199170124482,0,0,0.06639004149377593,"Brett Sullivan","18217",664954
"Griffin Conine",2026,"FA,FC,FS,SI,CH,SL,CU",237,0.7435897435897436,0.8448275862068966,0.3291139240506329,0.6265060240963856,0.6538461538461539,0.350210970464135,0.40384615384615385,0.47619047619047616,0.21940928270042195,0.125,0,0.10126582278481013,"Griffin Conine","21626",665052
"Leo Jiménez",2026,"FA,FC,FS,SI,CH,SL,CU,KC",386,0.625,0.8833333333333333,0.24870466321243523,0.5214723926380368,0.8,0.422279792746114,0.2222222222222222,0.45,0.23316062176165803,0.05405405405405406,0,0.09585492227979274,"Leo Jimenez","23782",677870
"Aaron Judge",2026,"FA,FC,FS,SI,CH,SL,CU,KC",350,0.7051282051282052,0.8181818181818182,0.22285714285714286,0.47619047619047616,0.6428571428571429,0.42,0.18888888888888888,0.11764705882352941,0.2571428571428571,0,0,0.09714285714285714,"Aaron Judge","15640",592450
"Samad Taylor",2026,"FA,FC,FS,SI,CH,SL,CU",197,0.5714285714285714,0.9,0.17766497461928935,0.42105263157894735,0.925,0.47715736040609136,0.38095238095238093,0.5625,0.2131979695431472,0.08,0,0.12690355329949238,"Samad Taylor","22274",669392
"Victor Scott II",2026,"FA,FC,SI,CH,SL,CU",212,0.6301369863013698,0.9565217391304348,0.33962264150943394,0.5,0.7560975609756098,0.3867924528301887,0.18604651162790697,0.25,0.2028301886792453,0,0,0.0660377358490566,"Victor Scott II","31349",687363
"Nathan Lukes",2026,"FA,FC,SI,CH,SL,CU",304,0.5064935064935064,0.8461538461538461,0.2532894736842105,0.6029411764705882,0.8780487804878049,0.4473684210526316,0.25,0.7647058823529411,0.2236842105263158,0.13043478260869565,0.3333333333333333,0.0756578947368421,"Nathan Lukes","18123",664770
"Mickey Moniak",2026,"FA,FC,FS,SI,CH,SL,CU,KC",307,0.6753246753246753,0.8461538461538461,0.250814332247557,0.6335877862595419,0.7831325301204819,0.42671009771986973,0.4444444444444444,0.21875,0.23452768729641693,0.07407407407407407,0,0.08794788273615635,"Mickey Moniak","19956",666160
"Jose Fernandez",2026,"FA,FC,FS,SI,CH,SL,CU,KC",297,0.6349206349206349,0.975,0.21212121212121213,0.5655737704918032,0.6956521739130435,0.4107744107744108,0.425,0.6176470588235294,0.26936026936026936,0.09375,0,0.10774410774410774,"Jose Fernandez","28020",699912
"Rhys Hoskins",2026,"FA,FC,FS,SI,CH,SL,CU,KC",564,0.7608695652173914,0.7904761904761904,0.24468085106382978,0.49795918367346936,0.7295081967213115,0.43439716312056736,0.1452991452991453,0.29411764705882354,0.2074468085106383,0.078125,0,0.11347517730496454,"Rhys Hoskins","16472",656555
"Connor Wong",2026,"FA,FC,SI,CH,SL,CU,KC",244,0.7258064516129032,0.9333333333333333,0.2540983606557377,0.49019607843137253,0.78,0.4180327868852459,0.31666666666666665,0.631578947368421,0.2459016393442623,0.05,0,0.08196721311475409,"Connor Wong","19896",657136
"Juan Brito",2026,"FA,FC,FS,SI,CH,SL,CU",171,0.717391304347826,0.8787878787878788,0.2631578947368421,0.6056338028169014,0.6976744186046512,0.4152046783625731,0.3333333333333333,0.5,0.24561403508771928,0.08333333333333333,0,0.07017543859649122,"Juan Brito","26693",682877
"Luis Lara",2026,"FA,FC,FS,SI,CH,SL,CU,KC",272,0.75,0.9473684210526315,0.27941176470588236,0.5192307692307693,0.8888888888888888,0.38235294117647056,0.2459016393442623,0.6666666666666666,0.22426470588235295,0.06451612903225806,0,0.11397058823529412,"Luis Lara","30675",800325
"Daniel Susac",2026,"FA,FC,FS,SI,CH,SL,CU,KC",190,0.7222222222222222,0.9487179487179487,0.28421052631578947,0.6440677966101694,0.7368421052631579,0.3105263157894737,0.44642857142857145,0.4,0.29473684210526313,0,0,0.11052631578947368,"Daniel Susac","31441",691740
"Pedro Ramírez",2026,"FA,FC,FS,SI,CH,SL,CU,KC",166,0.7560975609756098,1,0.2469879518072289,0.5753424657534246,0.8809523809523809,0.4397590361445783,0.21951219512195122,0.6666666666666666,0.2469879518072289,0,0,0.06626506024096386,"Pedro Ramirez","29218",699393
"Samuel Basallo",2026,"FA,FC,SI,CH,SL,CU,KC",342,0.627906976744186,0.8703703703703703,0.25146198830409355,0.625,0.6705882352941176,0.39766081871345027,0.34444444444444444,0.12903225806451613,0.2631578947368421,0.23333333333333334,0.14285714285714285,0.08771929824561403,"Samuel Basallo","28824",694212
"Brice Matthews",2026,"FA,FC,FS,SI,CH,SL,CU,KC",377,0.7314814814814815,0.7974683544303798,0.2864721485411141,0.5,0.5921052631578947,0.40318302387267907,0.19230769230769232,0.2,0.20689655172413793,0.02564102564102564,0,0.10344827586206896,"Brice Matthews","33280",694728
"David Hamilton",2026,"FA,FC,SI,CH,SL,CU,KC",290,0.5945945945945946,0.8409090909090909,0.25517241379310346,0.4789915966386555,0.7368421052631579,0.4103448275862069,0.29508196721311475,0.5555555555555556,0.2103448275862069,0.027777777777777776,0,0.12413793103448276,"David Hamilton","27531",666152
"Spencer Horwitz",2026,"FA,FC,FS,SI,CH,SL,CU,KC",359,0.6637168141592921,0.9066666666666666,0.3147632311977716,0.4225352112676056,0.8166666666666667,0.3955431754874652,0.19718309859154928,0.2857142857142857,0.1977715877437326,0.06060606060606061,0,0.08913649025069638,"Spencer Horwitz","26477",687462
"Jorge Soler",2026,"FA,FC,FS,SI,CH,SL,CU,KC",362,0.7282608695652174,0.8507462686567164,0.2513812154696133,0.5655172413793104,0.6463414634146342,0.4005524861878453,0.22727272727272727,0.4,0.2430939226519337,0.10810810810810811,0,0.10220994475138122,"Jorge Soler","14221",624585
"Trevor Story",2026,"FA,FC,FS,SI,CH,SL,CU",280,0.7058823529411765,0.7777777777777778,0.18214285714285713,0.671875,0.7325581395348837,0.45714285714285713,0.4406779661016949,0.46153846153846156,0.21071428571428572,0.11904761904761904,0,0.15,"Trevor Story","12564",596115
"Ben Malgeri",2026,"FA,FC,FS,SI,CH,SL,CU,KC",323,0.7037037037037037,0.9122807017543859,0.25077399380804954,0.4956521739130435,0.7543859649122807,0.3560371517027864,0.26136363636363635,0.391304347826087,0.2724458204334365,0.02564102564102564,0,0.12074303405572756,"Ben Malgeri","29577",701162
"Brett Bateman",2026,"FA,FC,SI,CH,SL,CU",234,0.5333333333333333,0.975,0.32051282051282054,0.4725274725274725,0.8604651162790697,0.3888888888888889,0.2826086956521739,0.38461538461538464,0.19658119658119658,0.045454545454545456,0,0.09401709401709402,"Brett Bateman","33312",703520
"Jorge Mateo",2026,"FA,FC,FS,SI,CH,SL,CU,KC",307,0.6578947368421053,0.98,0.247557003257329,0.6544117647058824,0.7415730337078652,0.44299674267100975,0.4307692307692308,0.32142857142857145,0.21172638436482086,0.2,0.16666666666666666,0.09771986970684039,"Jorge Mateo","17273",622761
"Miguel Amaya",2026,"FA,FC,FS,SI,CH,SL,CU,KC",283,0.75,0.9019607843137255,0.24028268551236748,0.5565217391304348,0.765625,0.40636042402826855,0.25,0.47368421052631576,0.26855123674911663,0.041666666666666664,0,0.08480565371024736,"Miguel Amaya","21693",665804
"Alex Call",2026,"FA,FC,FS,SI,CH,SL,CU",334,0.7142857142857143,0.8666666666666667,0.24850299401197604,0.5151515151515151,0.8676470588235294,0.39221556886227543,0.2839506172839506,0.5652173913043478,0.24251497005988024,0.05405405405405406,0.5,0.11077844311377245,"Alex Call","19296",669743
"Sal Frelick",2026,"FA,FC,SI,CH,SL,CU",357,0.6470588235294118,0.9545454545454546,0.2857142857142857,0.4689655172413793,0.8970588235294118,0.4061624649859944,0.1388888888888889,0.5,0.20168067226890757,0.07894736842105263,0,0.10644257703081232,"Sal Frelick","29622",686217
"Pedro Pagés",2026,"FA,FC,FS,SI,CH,SL,CU,KC",423,0.7171717171717171,0.9154929577464789,0.23404255319148937,0.5666666666666667,0.7450980392156863,0.425531914893617,0.2736842105263158,0.38461538461538464,0.22458628841607564,0.1836734693877551,0.2222222222222222,0.11583924349881797,"Pedro Pages","25782",686780
"Victor Bericoto",2026,"FA,FC,FS,SI,CH,SL,CU,KC",267,0.7164179104477612,0.875,0.250936329588015,0.6509433962264151,0.7246376811594203,0.3970037453183521,0.38095238095238093,0.3333333333333333,0.23595505617977527,0.16129032258064516,0,0.11610486891385768,"Victor Bericoto","26468",682674
"Roman Anthony",2026,"FA,FC,FS,SI,CH,SL,CU",314,0.5730337078651685,0.9411764705882353,0.28343949044585987,0.4338235294117647,0.7288135593220338,0.43312101910828027,0.25,0.3888888888888889,0.22929936305732485,0,0,0.054140127388535034,"Roman Anthony","31812",701350
"Luis Torrens",2026,"FA,FC,FS,SI,CH,SL,CU,KC",319,0.7183098591549296,0.9411764705882353,0.2225705329153605,0.5648854961832062,0.7837837837837838,0.40752351097178685,0.3291139240506329,0.6923076923076923,0.2476489028213166,0.15789473684210525,0.5,0.11912225705329153,"Luis Torrens","15905",620443
"Tyler Tolbert",2026,"FA,FC,SI,CH,SL,CU,KC",309,0.7349397590361446,0.8852459016393442,0.2686084142394822,0.5,0.7166666666666667,0.3883495145631068,0.19318181818181818,0.29411764705882354,0.284789644012945,0.1111111111111111,0,0.05825242718446602,"Tyler Tolbert","25779",686475
"Eduardo Valencia",2026,"FA,FC,FS,SI,CH,SL,CU,KC",253,0.746268656716418,0.8,0.2648221343873518,0.6185567010309279,0.6833333333333333,0.383399209486166,0.390625,0.72,0.25296442687747034,0.12,0,0.09881422924901186,"Eduardo Valencia","24574",680664
"Jackson Holliday",2026,"FA,FC,FS,SI,CH,SL,CU,KC",356,0.6309523809523809,0.9056603773584906,0.23595505617977527,0.49375,0.7215189873417721,0.449438202247191,0.16,0.3333333333333333,0.21067415730337077,0.05405405405405406,0,0.10393258426966293,"Jackson Holliday","31781",702616
"Rafael Flores Jr.",2026,"FA,FC,FS,SI,CH,SL,CU,KC",306,0.6470588235294118,0.7818181818181819,0.2777777777777778,0.47368421052631576,0.7301587301587301,0.434640522875817,0.20634920634920634,0.46153846153846156,0.20588235294117646,0.08,0,0.08169934640522876,"Rafael Flores Jr.","31991",804668
"Tyler Stephenson",2026,"FA,FC,FS,SI,CH,SL,CU,KC",516,0.7737226277372263,0.9433962264150944,0.2655038759689923,0.4930875576036866,0.7570093457943925,0.42054263565891475,0.07894736842105263,0.3333333333333333,0.22093023255813954,0.020833333333333332,0,0.09302325581395349,"Tyler Stephenson","17988",663886
"Eugenio Suárez",2026,"FA,FC,FS,SI,CH,SL,CU,KC",580,0.7063492063492064,0.8426966292134831,0.21724137931034482,0.4759825327510917,0.6238532110091743,0.3931034482758621,0.1875,0.3,0.27586206896551724,0.1076923076923077,0.14285714285714285,0.11206896551724138,"Eugenio Suarez","12552",553993
"Tim Tawa",2026,"FA,FC,FS,SI,CH,SL,CU,KC",380,0.7303370786516854,0.8307692307692308,0.23421052631578948,0.5398773006134969,0.7159090909090909,0.4263157894736842,0.22988505747126436,0.45,0.22894736842105262,0.04878048780487805,0.5,0.10526315789473684,"Tim Tawa","29571",694374
"Jonah Cox",2026,"FA,FC,FS,SI,CH,SL,CU,KC",353,0.7610619469026548,0.7558139534883721,0.32011331444759206,0.5461538461538461,0.5774647887323944,0.36827195467422097,0.3116883116883117,0.5,0.21813031161473087,0.09090909090909091,0,0.09348441926345609,"Jonah Cox","33270",813841
"Marcell Ozuna",2026,"FA,FC,FS,SI,CH,SL,CU,KC",463,0.6442307692307693,0.7910447761194029,0.22462203023758098,0.5284974093264249,0.7254901960784313,0.4168466522678186,0.23728813559322035,0.42857142857142855,0.2548596112311015,0.020833333333333332,0,0.10367170626349892,"Marcell Ozuna","10324",542303
"Denzer Guzman",2026,"FA,FC,FS,SI,CH,SL,CU,EP",421,0.7623762376237624,0.7792207792207793,0.23990498812351543,0.6324324324324324,0.7094017094017094,0.43942992874109266,0.26436781609195403,0.43478260869565216,0.20665083135391923,0.020833333333333332,1,0.11401425178147269,"Denzer Guzman","28816",694203
"Austin Hays",2026,"FA,FC,FS,SI,CH,SL,CU,KC",184,0.8620689655172413,0.8,0.31521739130434784,0.6461538461538462,0.6904761904761905,0.3532608695652174,0.20408163265306123,0.4,0.266304347826087,0,0,0.06521739130434782,"Austin Hays","19363",669720
"Ian Happ",2026,"FA,FC,FS,SI,CH,SL,CU,KC",570,0.7328767123287672,0.8504672897196262,0.256140350877193,0.5254237288135594,0.7258064516129032,0.41403508771929826,0.32231404958677684,0.358974358974359,0.21228070175438596,0.05970149253731343,0,0.11754385964912281,"Ian Happ","17919",664023
"Victor Caratini",2026,"FA,FC,FS,SI,CH,SL,CU,KC",470,0.6328125,0.9135802469135802,0.2723404255319149,0.4896907216494845,0.7473684210526316,0.4127659574468085,0.25961538461538464,0.4444444444444444,0.22127659574468084,0.11363636363636363,0,0.09361702127659574,"Victor Caratini","14968",605170
"Ryan Kreidler",2026,"FA,FC,FS,SI,CH,SL,CU,KC",417,0.8571428571428571,0.8823529411764706,0.2853717026378897,0.5357142857142857,0.6666666666666666,0.3980815347721823,0.1414141414141414,0.35714285714285715,0.23741007194244604,0.06451612903225806,0,0.07434052757793765,"Ryan Kreidler","25867",668952
"Max Muncy",2026,"FA,FC,FS,SI,CH,SL,CU,KC",425,0.7422680412371134,0.8333333333333334,0.22823529411764706,0.6,0.7297297297297297,0.43529411764705883,0.2604166666666667,0.12,0.22588235294117648,0.02127659574468085,0,0.11058823529411765,"Max Muncy","29779",691777
"Miguel Andujar",2026,"FA,FC,FS,SI,CH,SL,CU",307,0.821917808219178,0.8833333333333333,0.23778501628664495,0.6147540983606558,0.8666666666666667,0.3973941368078176,0.43333333333333335,0.7948717948717948,0.2931596091205212,0.045454545454545456,0,0.07166123778501629,"Miguel Andujar","15878",609280
"Blaze Jordan",2026,"FA,FC,SI,CH,SL,CU",265,0.8307692307692308,0.9074074074074074,0.24528301886792453,0.584070796460177,0.803030303030303,0.42641509433962266,0.3225806451612903,0.75,0.23018867924528302,0.12,0.6666666666666666,0.09433962264150944,"Blaze Jordan","28199",691458
"Christian Encarnacion-Strand",2026,"FA,FC,FS,SI,CH,SL,CU",283,0.8235294117647058,0.8571428571428571,0.24028268551236748,0.6696428571428571,0.7066666666666667,0.3957597173144876,0.463768115942029,0.5,0.24381625441696114,0.2647058823529412,0.1111111111111111,0.12014134275618374,"Christian Encarnacion-Strand","30011",687952
"Tommy White",2026,"FA,FC,FS,SI,CH,SL,CU,KC",240,0.873015873015873,0.8909090909090909,0.2625,0.6354166666666666,0.7868852459016393,0.4,0.4528301886792453,0.7083333333333334,0.22083333333333333,0.2857142857142857,0.5,0.11666666666666667,"Tommy White","35107",695720
"Jeremiah Jackson",2026,"FA,FC,FS,SI,CH,SL,CU",389,0.8076923076923077,0.7738095238095238,0.26735218508997427,0.6305732484076433,0.7474747474747475,0.40359897172236503,0.30337078651685395,0.37037037037037035,0.2262210796915167,0.02564102564102564,0,0.10025706940874037,"Jeremiah Jackson","22239",669236
"Victor Mesa Jr.",2026,"FA,FC,SI,CH,SL,CU,KC",218,0.7627118644067796,0.9555555555555556,0.2706422018348624,0.5760869565217391,0.8679245283018868,0.42201834862385323,0.3023255813953488,0.6153846153846154,0.1926605504587156,0.125,0,0.11009174311926606,"Victor Mesa Jr.","25999",683748
"Matt Chapman",2026,"FA,FC,FS,SI,CH,SL,CU",391,0.6944444444444444,0.84,0.27365728900255754,0.5098039215686274,0.8461538461538461,0.391304347826087,0.11956521739130435,0.36363636363636365,0.23529411764705882,0.02631578947368421,0,0.09718670076726342,"Matt Chapman","16505",656305
"J.T. Realmuto",2026,"FA,FC,FS,SI,CH,SL,CU,KC",500,0.6576576576576577,0.9452054794520548,0.222,0.5669642857142857,0.8031496062992126,0.448,0.25225225225225223,0.5357142857142857,0.222,0.018518518518518517,0,0.108,"J.T. Realmuto","11739",592663
"Weston Wilson",2026,"FA,FC,FS,SI,CH,SL,CU,KC",501,0.6691729323308271,0.8876404494382022,0.2654690618762475,0.5497630331753555,0.6637931034482759,0.42115768463073855,0.23684210526315788,0.25925925925925924,0.22554890219560877,0.023255813953488372,0,0.08582834331337326,"Weston Wilson","19358",642215
"Nick Sogard",2026,"FA,FC,FS,SI,CH,SL,CU",297,0.6627906976744186,0.9824561403508771,0.2895622895622896,0.4434782608695652,0.7647058823529411,0.3872053872053872,0.20833333333333334,0.4,0.24242424242424243,0.08333333333333333,0,0.08080808080808081,"Nick Sogard","25483",686765
"Luis García Jr.",2026,"FA,FC,FS,SI,CH,SL,CU,KC",306,0.676056338028169,0.875,0.23202614379084968,0.676923076923077,0.8295454545454546,0.42483660130718953,0.34285714285714286,0.7083333333333334,0.22875816993464052,0.14285714285714285,0.4,0.11437908496732026,"Luis Garcia Jr.","20391",671277
"Agustín Ramírez",2026,"FA,FC,FS,SI,CH,SL,CU,KC",385,0.8131868131868132,0.8648648648648649,0.23636363636363636,0.551948051948052,0.6705882352941176,0.4,0.23711340206185566,0.30434782608695654,0.2519480519480519,0.046511627906976744,0,0.11168831168831168,"Agustin Ramirez","26546",682663
"Liam Hicks",2026,"FA,FC,FS,SI,CH,SL,CU,KC",412,0.5887096774193549,1,0.30097087378640774,0.41714285714285715,0.8356164383561644,0.42475728155339804,0.27631578947368424,0.6666666666666666,0.18446601941747573,0.02702702702702703,0,0.08980582524271845,"Liam Hicks","29844",689414
"Ryan Waldschmidt",2026,"FA,FC,FS,SI,CH,SL,CU,KC",350,0.6823529411764706,0.8620689655172413,0.24285714285714285,0.4716981132075472,0.76,0.4542857142857143,0.12162162162162163,0.2222222222222222,0.21142857142857144,0.03125,0,0.09142857142857143,"Ryan Waldschmidt","35061",814439
"Tyler Freeman",2026,"FA,FC,FS,SI,CH,SL,CU,KC",385,0.7884615384615384,0.975609756097561,0.2701298701298701,0.5584415584415584,0.9069767441860465,0.4,0.26136363636363635,0.5217391304347826,0.22857142857142856,0.10256410256410256,0.5,0.0987012987012987,"Tyler Freeman","22532",671289
"Cedric Mullins",2026,"FA,FC,SI,CH,SL,CU,KC",484,0.7129629629629629,0.8701298701298701,0.2231404958677686,0.5570776255707762,0.7950819672131147,0.4524793388429752,0.2892561983471074,0.5428571428571428,0.25,0.027777777777777776,0,0.0743801652892562,"Cedric Mullins","17929",656775
"Esmerlyn Valdez",2026,"FA,FC,FS,SI,CH,SL,CU,KC",502,0.7102803738317757,0.7236842105263158,0.21314741035856574,0.4520547945205479,0.6363636363636364,0.4362549800796813,0.18032786885245902,0.3181818181818182,0.24302788844621515,0.018518518518518517,0,0.10557768924302789,"Esmerlyn Valdez","29005",699013
"Jake Cronenworth",2026,"FA,FC,FS,SI,CH,SL,CU,KC",374,0.7142857142857143,0.9142857142857143,0.2620320855614973,0.5121951219512195,0.8928571428571429,0.4385026737967914,0.24285714285714285,0.5294117647058824,0.18449197860962566,0.09523809523809523,0.25,0.11229946524064172,"Jake Cronenworth","18036",630105
"Spencer Jones",2026,"FA,FC,FS,SI,CH,SL,CU,KC",225,0.7727272727272727,0.8235294117647058,0.29333333333333333,0.6222222222222222,0.6964285714285714,0.39555555555555555,0.2708333333333333,0.38461538461538464,0.21333333333333335,0.047619047619047616,0,0.09333333333333334,"Spencer Jones","31532",682987
"Kyle Stowers",2026,"FA,FC,FS,SI,CH,SL,CU,KC",433,0.7572815533980582,0.8846153846153846,0.23787528868360278,0.5483870967741935,0.696078431372549,0.4295612009237875,0.2857142857142857,0.4,0.24249422632794457,0.05128205128205128,0.5,0.09006928406466513,"Kyle Stowers","26151",669065
"Nathan Church",2026,"FA,FC,FS,SI,CH,SL,CU,KC",385,0.625,0.9428571428571428,0.2909090909090909,0.6178343949044586,0.8350515463917526,0.4077922077922078,0.37037037037037035,0.7333333333333333,0.21038961038961038,0.05714285714285714,0.5,0.09090909090909091,"Nathan Church","31357",701675
"Sam Antonacci",2026,"FA,FC,FS,SI,CH,SL,CU,KC",464,0.6290322580645161,0.9487179487179487,0.2672413793103448,0.4195121951219512,0.8255813953488372,0.4418103448275862,0.22988505747126436,0.75,0.1875,0.020833333333333332,1,0.10344827586206896,"Sam Antonacci","35101",803011
"David Fry",2026,"FA,FC,FS,SI,CH,SL,CU,KC",671,0.6329113924050633,0.89,0.23546944858420268,0.5016949152542373,0.7297297297297297,0.4396423248882265,0.2127659574468085,0.5333333333333333,0.21013412816691504,0.06493506493506493,0,0.11475409836065574,"David Fry","24934",681807
"Troy Johnston",2026,"FA,FC,SI,CH,SL,CU,KC,EP",394,0.8018867924528302,0.9294117647058824,0.26903553299492383,0.5906432748538012,0.7821782178217822,0.434010152284264,0.3469387755102041,0.4117647058823529,0.24873096446700507,0.10526315789473684,0,0.048223350253807105,"Troy Johnston","26143",687859
"Colby Thomas",2026,"FA,FC,FS,SI,CH,SL,CU,KC",383,0.8469387755102041,0.8674698795180723,0.2558746736292428,0.6726190476190477,0.672566371681416,0.4386422976501306,0.3373493975903614,0.35714285714285715,0.21671018276762402,0.11764705882352941,0,0.08877284595300261,"Colby Thomas","31855",687515
"Jasson Domínguez",2026,"FA,FC,FS,SI,CH,SL,CU",309,0.7215189873417721,0.9473684210526315,0.255663430420712,0.7142857142857143,0.7125,0.36245954692556637,0.3076923076923077,0.4583333333333333,0.2524271844660194,0.025,0,0.12944983818770225,"Jasson Dominguez","28080",691176
"Esteury Ruiz",2026,"FA,FC,FS,SI,CH,SL,CU,KC",529,0.6666666666666666,0.782608695652174,0.2608695652173913,0.5462962962962963,0.6101694915254238,0.40831758034026466,0.2153846153846154,0.5,0.2438563327032136,0.08888888888888889,0,0.08506616257088846,"Esteury Ruiz","21780",665923
"Tommy Edman",2026,"FA,FC,FS,SI,CH,SL,CU,KC",395,0.6951219512195121,0.9298245614035088,0.20759493670886076,0.49700598802395207,0.8795180722891566,0.42278481012658226,0.30303030303030304,0.16666666666666666,0.25063291139240507,0.10638297872340426,0,0.11645569620253164,"Tommy Edman","19470",669242
"Francisco Alvarez",2026,"FA,FC,FS,SI,CH,SL,CU,KC",519,0.6153846153846154,0.8472222222222222,0.2254335260115607,0.5610859728506787,0.6935483870967742,0.42196531791907516,0.2890625,0.32432432432432434,0.2466281310211946,0.05660377358490566,0,0.1001926782273603,"Francisco Alvarez","26121",682626
"Gleyber Torres",2026,"FA,FC,FS,SI,CH,SL,CU,KC",576,0.708029197080292,0.9175257731958762,0.2361111111111111,0.38016528925619836,0.75,0.4201388888888889,0.10317460317460317,0.3076923076923077,0.21875,0,0,0.1232638888888889,"Gleyber Torres","16997",650402
"Logan O'Hoppe",2026,"FA,FC,SI,CH,SL,CU,KC",310,0.7058823529411765,0.9791666666666666,0.21935483870967742,0.5448275862068965,0.7468354430379747,0.46774193548387094,0.2894736842105263,0.4090909090909091,0.24516129032258063,0.14285714285714285,0,0.06774193548387097,"Logan O'Hoppe","24729",681351
"Anthony Volpe",2026,"FA,FC,FS,SI,CH,SL,CU",387,0.6695652173913044,0.8571428571428571,0.2971576227390181,0.4794520547945205,0.8428571428571429,0.3772609819121447,0.20454545454545456,0.2777777777777778,0.22739018087855298,0.02631578947368421,0,0.09819121447028424,"Anthony Volpe","27647",683011
"Brenton Doyle",2026,"FA,FC,FS,SI,CH,SL,CU,KC",359,0.8351648351648352,0.881578947368421,0.25348189415041783,0.6111111111111112,0.6590909090909091,0.4011142061281337,0.2978723404255319,0.2857142857142857,0.2618384401114206,0,0,0.08356545961002786,"Brenton Doyle","25479",686668
"Max Clark",2026,"FA,FC,SI,CH,SL,CU,KC",237,0.7611940298507462,0.8823529411764706,0.28270042194092826,0.4,0.9,0.4219409282700422,0.24,0.75,0.2109704641350211,0.15,0.6666666666666666,0.08438818565400844,"Max Clark","33381",703601
"Jakob Marsee",2026,"FA,FC,FS,SI,CH,SL,CU",575,0.6275862068965518,0.9230769230769231,0.25217391304347825,0.39920948616600793,0.7920792079207921,0.44,0.1937984496124031,0.24,0.22434782608695653,0.10416666666666667,0,0.08347826086956522,"Jakob Marsee","31370",805300
"Jeff McNeil",2026,"FA,FC,FS,SI,CH,SL,CU",395,0.8928571428571429,0.9,0.2810126582278481,0.5843373493975904,0.8969072164948454,0.42025316455696204,0.3170731707317073,0.7307692307692307,0.20506329113924052,0.08571428571428572,0,0.08860759493670886,"Jeff McNeil","15362",643446
"Matt Shaw",2026,"FA,FC,FS,SI,CH,SL,CU,KC",383,0.5728155339805825,0.8813559322033898,0.26631853785900783,0.5506329113924051,0.8390804597701149,0.412532637075718,0.3333333333333333,0.6785714285714286,0.2193211488250653,0.07894736842105263,0,0.09921671018276762,"Matt Shaw","33322",807713
"Gary Sánchez",2026,"FA,FC,FS,SI,CH,SL,CU,KC",507,0.5040650406504065,0.8870967741935484,0.24260355029585798,0.4577114427860697,0.7282608695652174,0.39644970414201186,0.18110236220472442,0.34782608695652173,0.2504930966469428,0.07142857142857142,0,0.11045364891518737,"Gary Sanchez","11442",596142
"Nolan Schanuel",2026,"FA,FC,SI,CH,SL,CU,KC",422,0.616,0.948051948051948,0.2962085308056872,0.5055555555555555,0.8681318681318682,0.4265402843601896,0.08791208791208792,0.75,0.2156398104265403,0.038461538461538464,0,0.061611374407582936,"Nolan Schanuel","33189",694384
"Eli White",2026,"FA,FC,FS,SI,CH,SL,CU,KC",494,0.74,0.8378378378378378,0.20242914979757085,0.6260504201680672,0.7315436241610739,0.4817813765182186,0.2641509433962264,0.35714285714285715,0.2145748987854251,0.08,0.25,0.10121457489878542,"Eli White","19346",642201
"Munetaka Murakami",2026,"FA,FC,FS,SI,CH,SL,CU,KC",766,0.645,0.7209302325581395,0.26109660574412535,0.49324324324324326,0.5958904109589042,0.38511749347258484,0.13440860215053763,0.28,0.24281984334203655,0.047619047619047616,0,0.10966057441253264,"Munetaka Murakami","37120",808959
"Luisangel Acuña",2026,"FA,FC,FS,SI,CH,SL,CU,KC",387,0.7368421052631579,0.9,0.2454780361757106,0.6375,0.7941176470588235,0.4134366925064599,0.27586206896551724,0.375,0.2248062015503876,0.1111111111111111,0.2,0.11627906976744186,"Luisangel Acuna","26548",682668
"Garrett Mitchell",2026,"FA,FC,FS,SI,CH,SL,CU,KC",502,0.6405228758169934,0.8469387755102041,0.3047808764940239,0.4230769230769231,0.6363636363636364,0.41434262948207173,0.17307692307692307,0.2222222222222222,0.20717131474103587,0,0,0.07370517928286853,"Garrett Mitchell","27555",669003
"Vinnie Pasquantino",2026,"FA,FC,FS,SI,CH,SL,CU,KC",515,0.7463768115942029,0.9029126213592233,0.26796116504854367,0.5384615384615384,0.8660714285714286,0.40194174757281553,0.2689075630252101,0.59375,0.23106796116504855,0.06,0,0.0970873786407767,"Vinnie Pasquantino","27676",686469
"Tyler O'Neill",2026,"FA,FC,FS,SI,CH,SL,CU,KC",490,0.7413793103448276,0.872093023255814,0.23673469387755103,0.573394495412844,0.768,0.44285714285714284,0.20535714285714285,0.08695652173913043,0.22857142857142856,0.022727272727272728,0,0.08979591836734693,"Tyler O'Neill","15711",641933
"Maikel Garcia",2026,"FA,FC,FS,SI,CH,SL,CU",346,0.5643564356435643,0.9824561403508771,0.29190751445086704,0.38405797101449274,0.9056603773584906,0.3988439306358382,0.16216216216216217,0.8333333333333334,0.2138728323699422,0.06060606060606061,0,0.0953757225433526,"Maikel Garcia","22715",672580
"Elias Díaz",2026,"FA,FC,FS,SI,CH,SL,CU,KC",419,0.7833333333333333,0.8936170212765957,0.2863961813842482,0.5823529411764706,0.7878787878787878,0.40572792362768495,0.36363636363636365,0.5833333333333334,0.23627684964200477,0.26666666666666666,0.125,0.07159904534606205,"Elias Diaz","11680",553869
"Cam Smith",2026,"FA,FC,FS,SI,CH,SL,CU,KC",647,0.7687861271676301,0.7443609022556391,0.26738794435857804,0.547244094488189,0.7913669064748201,0.3910355486862442,0.2746478873239437,0.5128205128205128,0.21947449768160743,0.05128205128205128,0.25,0.1205564142194745,"Cam Smith","35108",701358
"Christian Walker",2026,"FA,FC,FS,SI,CH,SL,CU,KC",557,0.7428571428571429,0.9230769230769231,0.2513464991023339,0.5441860465116279,0.7094017094017094,0.38420107719928187,0.2695035460992908,0.2894736842105263,0.25314183123877915,0.03278688524590164,0.5,0.10951526032315978,"Christian Walker","13419",572233
"Christian Yelich",2026,"FA,FC,FS,SI,CH,SL,CU",549,0.717391304347826,0.8888888888888888,0.25136612021857924,0.5101214574898786,0.7936507936507936,0.44990892531876137,0.21008403361344538,0.44,0.2167577413479053,0.08888888888888889,0,0.08196721311475409,"Christian Yelich","11477",592885
"Jacob Wilson",2026,"FA,FC,FS,SI,CH,SL,CU,KC",374,0.8539325842696629,0.8947368421052632,0.23796791443850268,0.6143790849673203,0.9148936170212766,0.4090909090909091,0.47058823529411764,0.7708333333333334,0.2727272727272727,0.16666666666666666,0.6,0.08021390374331551,"Jacob Wilson","33266",805779
"Luis Rengifo",2026,"FA,FC,FS,SI,CH,SL,CU,KC",486,0.7818181818181819,0.8488372093023255,0.2242798353909465,0.6056338028169014,0.8837209302325582,0.4382716049382716,0.36134453781512604,0.6046511627906976,0.2448559670781893,0.11363636363636363,0.2,0.09053497942386832,"Luis Rengifo","19858",650859
"Matt McLain",2026,"FA,FC,FS,SI,CH,SL,CU,KC",507,0.7185185185185186,0.9175257731958762,0.26429980276134124,0.5373134328358209,0.8055555555555556,0.39447731755424065,0.23214285714285715,0.5769230769230769,0.22090729783037474,0.03389830508474576,0,0.11637080867850098,"Matt McLain","29695",680574
"Blaze Alexander",2026,"FA,FC,FS,SI,CH,SL,CU,KC",408,0.8461538461538461,0.9090909090909091,0.2867647058823529,0.6666666666666666,0.7450980392156863,0.375,0.20588235294117646,0.42857142857142855,0.25,0.08333333333333333,0,0.08823529411764706,"Blaze Alexander","23789",677942
"Jordan Beck",2026,"FA,FC,FS,SI,CH,SL,CU",389,0.7444444444444445,0.8805970149253731,0.23136246786632392,0.5838509316770186,0.7021276595744681,0.4138817480719794,0.3402061855670103,0.5454545454545454,0.2493573264781491,0.0975609756097561,0,0.10539845758354756,"Jordan Beck","31431",687597
"Alejandro Kirk",2026,"FA,FC,FS,SI,CH,SL,CU,KC",352,0.6162790697674418,0.9433962264150944,0.24431818181818182,0.46496815286624205,0.821917808219178,0.4460227272727273,0.2,0.5,0.22727272727272727,0.10344827586206896,0,0.08238636363636363,"Alejandro Kirk","22581",672386
"Jose Siri",2026,"FA,FC,FS,SI,CH,SL,CU,KC,EP",501,0.6782608695652174,0.8205128205128205,0.22954091816367264,0.6190476190476191,0.6538461538461539,0.4171656686626746,0.33035714285714285,0.5135135135135135,0.22355289421157684,0.171875,0.18181818181818182,0.1277445109780439,"Jose Siri","17452",642350
"Taylor Walls",2026,"FA,FC,FS,SI,CH,SL,CU,KC",571,0.691358024691358,0.9196428571428571,0.28371278458844135,0.5065502183406113,0.7931034482758621,0.4010507880910683,0.16535433070866143,0.5238095238095238,0.2224168126094571,0.018867924528301886,0,0.09281961471103327,"Taylor Walls","22458",670764
"JJ Bleday",2026,"FA,FC,FS,SI,CH,SL,CU",600,0.7735849056603774,0.8943089430894309,0.265,0.5059760956175299,0.6850393700787402,0.41833333333333333,0.2426470588235294,0.3939393939393939,0.22666666666666666,0.1111111111111111,0,0.09,"JJ Bleday","26368",668709
"Francisco Lindor",2026,"FA,FC,FS,SI,CH,SL,CU,KC",638,0.6218487394957983,0.918918918918919,0.1865203761755486,0.5853658536585366,0.8392857142857143,0.4498432601880878,0.2679738562091503,0.5365853658536586,0.23981191222570533,0.012658227848101266,0,0.1238244514106583,"Francisco Lindor","12916",596019
"Willy Adames",2026,"FA,FC,FS,SI,CH,SL,CU,KC",535,0.6879432624113475,0.7835051546391752,0.2635514018691589,0.5633187772925764,0.689922480620155,0.4280373831775701,0.2564102564102564,0.4,0.21869158878504674,0.10416666666666667,0,0.08971962616822429,"Willy Adames","15986",642715
"Konnor Griffin",2026,"FA,FC,FS,SI,CH,SL,CU",389,0.6590909090909091,0.8793103448275862,0.2262210796915167,0.6130952380952381,0.7864077669902912,0.4318766066838046,0.32608695652173914,0.43333333333333335,0.2365038560411311,0.04878048780487805,0,0.10539845758354756,"Konnor Griffin","35376",804606
"Byron Buxton",2026,"FA,FC,FS,SI,CH,SL,CU,KC",433,0.7549019607843137,0.948051948051948,0.23556581986143188,0.6098901098901099,0.6846846846846847,0.42032332563510394,0.26851851851851855,0.3448275862068966,0.2471131639722864,0.07317073170731707,0,0.09468822170900693,"Byron Buxton","14161",621439
"Brandon Marsh",2026,"FA,FC,FS,SI,CH,SL,CU,KC",474,0.6693548387096774,0.7831325301204819,0.2616033755274262,0.5816326530612245,0.7631578947368421,0.41350210970464135,0.3620689655172414,0.2857142857142857,0.24472573839662448,0.23684210526315788,0.1111111111111111,0.08016877637130802,"Brandon Marsh","20202",669016
"Spencer Steer",2026,"FA,FC,FS,SI,CH,SL,CU,KC",376,0.803921568627451,0.9146341463414634,0.2712765957446808,0.5608108108108109,0.7710843373493976,0.39361702127659576,0.14285714285714285,0.3333333333333333,0.22340425531914893,0.07142857142857142,0,0.11170212765957446,"Spencer Steer","26323",668715
"Matt Vierling",2026,"FA,FC,FS,SI,CH,SL,CU,KC,EP",467,0.6774193548387096,0.9761904761904762,0.2633832976445396,0.5282051282051282,0.8932038834951457,0.41541755888650966,0.19642857142857142,0.6818181818181818,0.2398286937901499,0.16666666666666666,0,0.07708779443254818,"Matt Vierling","21558",663837
"Andruw Monasterio",2026,"FA,FC,FS,SI,CH,SL,CU,KC",604,0.8294117647058824,0.9148936170212766,0.2814569536423841,0.484251968503937,0.8373983739837398,0.4205298013245033,0.1796875,0.4782608695652174,0.2119205298013245,0,0,0.08609271523178808,"Andruw Monasterio","19455",655316
"Connor Norby",2026,"FA,FC,FS,SI,CH,SL,CU,KC",546,0.795774647887324,0.8849557522123894,0.2600732600732601,0.5853658536585366,0.775,0.37545787545787546,0.1732283464566929,0.3181818181818182,0.23076923076923078,0.041666666666666664,0,0.13186813186813187,"Connor Norby","29592",681393
"Travis Bazzana",2026,"FA,FC,SI,CH,SL,CU",691,0.712707182320442,0.9147286821705426,0.2619392185238784,0.4721311475409836,0.75,0.4399421128798842,0.25,0.6216216216216216,0.2141823444283647,0.05263157894736842,0,0.0824891461649783,"Travis Bazzana","34967",683953
"Austin Hedges",2026,"FA,FC,FS,SI,CH,SL,CU",478,0.711864406779661,0.8809523809523809,0.24686192468619247,0.46543778801843316,0.8217821782178217,0.45397489539748953,0.21153846153846154,0.2727272727272727,0.21548117154811716,0.05128205128205128,0.5,0.08158995815899582,"Austin Hedges","12976",595978
"Ronald Acuña Jr.",2026,"FA,FC,FS,SI,CH,SL,CU",642,0.8343949044585988,0.7938931297709924,0.24299065420560748,0.5018315018315018,0.7737226277372263,0.4236760124610592,0.1895424836601307,0.5517241379310345,0.2383177570093458,0.01694915254237288,0,0.09190031152647975,"Ronald Acuna Jr.","18401",660670
"Jeremy Peña",2026,"FA,FC,FS,SI,CH,SL,CU,KC",411,0.8131868131868132,0.8513513513513513,0.22141119221411193,0.6,0.7647058823529411,0.41119221411192214,0.42696629213483145,0.42105263157894735,0.21654501216545013,0.08196721311475409,0,0.14841849148418493,"Jeremy Pena","21636",665161
"Nasim Nuñez",2026,"FA,FC,FS,SI,CH,SL,CU,KC",591,0.7548387096774194,0.9316239316239316,0.2622673434856176,0.47058823529411764,0.75,0.4027072758037225,0.18791946308724833,0.6071428571428571,0.2521150592216582,0,0,0.0829103214890017,"Nasim Nunez","25979",683083
"Trent Grisham",2026,"FA,FC,SI,CH,SL,CU,KC",528,0.6274509803921569,0.875,0.2897727272727273,0.4236453201970443,0.872093023255814,0.38446969696969696,0.15702479338842976,0.3684210526315789,0.22916666666666666,0,0,0.0946969696969697,"Trent Grisham","18564",663757
"Alika Williams",2026,"FA,FC,FS,SI,CH,SL,CU,KC",380,0.7894736842105263,0.8933333333333333,0.25,0.573170731707317,0.8723404255319149,0.43157894736842106,0.4,0.59375,0.21052631578947367,0.12195121951219512,0,0.10789473684210527,"Alika Williams","27604",675961
"Keibert Ruiz",2026,"FA,FC,FS,SI,CH,SL,CU,KC",334,0.6136363636363636,0.9259259259259259,0.2634730538922156,0.4925373134328358,0.9242424242424242,0.40119760479041916,0.3493975903614458,0.6551724137931034,0.24850299401197604,0.13793103448275862,0.25,0.08682634730538923,"Keibert Ruiz","19610",660688
"Tyler Soderstrom",2026,"FA,FC,FS,SI,CH,SL,CU,KC",546,0.7388535031847133,0.896551724137931,0.2875457875457875,0.5221238938053098,0.6949152542372882,0.4139194139194139,0.2616822429906542,0.42857142857142855,0.19597069597069597,0.07142857142857142,0.25,0.10256410256410256,"Tyler Soderstrom","27467",691016
"Michael Massey",2026,"FA,FC,FS,SI,CH,SL,CU",361,0.7128712871287128,0.9027777777777778,0.27977839335180055,0.5562130177514792,0.7872340425531915,0.46814404432132967,0.31746031746031744,0.25,0.1745152354570637,0.10714285714285714,0,0.07756232686980609,"Michael Massey","27684",686681
"Daulton Varsho",2026,"FA,FC,SI,CH,SL,CU",519,0.6891891891891891,0.9411764705882353,0.28516377649325625,0.6324324324324324,0.8461538461538461,0.35645472061657035,0.38461538461538464,0.6,0.2254335260115607,0.014492753623188406,0,0.1329479768786127,"Daulton Varsho","19918",662139
"Yainer Diaz",2026,"FA,FC,FS,SI,CH,SL,CU,KC",322,0.7654320987654321,0.9193548387096774,0.2515527950310559,0.6783216783216783,0.7938144329896907,0.4440993788819876,0.391304347826087,0.4074074074074074,0.21428571428571427,0,0,0.09006211180124224,"Yainer Diaz","23003",673237
"Ryan O'Hearn",2026,"FA,FC,FS,SI,CH,SL,CU,KC",524,0.5855263157894737,0.9325842696629213,0.2900763358778626,0.5650224215246636,0.7857142857142857,0.4255725190839695,0.23529411764705882,0.625,0.1946564885496183,0.10638297872340426,0,0.08969465648854962,"Ryan O'Hearn","16442",656811
"Leody Taveras",2026,"FA,FC,FS,SI,CH,SL,CU,KC",660,0.6875,0.9,0.2409090909090909,0.49110320284697506,0.8043478260869565,0.4257575757575758,0.24,0.6111111111111112,0.22727272727272727,0.13043478260869565,0,0.10454545454545454,"Leody Taveras","18900",665750
"Ben Williamson",2026,"FA,FC,FS,SI,CH,SL,CU,KC",530,0.6016260162601627,0.9594594594594594,0.2320754716981132,0.5254237288135594,0.8629032258064516,0.44528301886792454,0.31496062992125984,0.575,0.23962264150943396,0.09090909090909091,0.5,0.0830188679245283,"Ben Williamson","33197",810938
"Isaac Collins",2026,"FA,FC,FS,SI,CH,SL,CU,KC",603,0.7013888888888888,0.9504950495049505,0.23880597014925373,0.5132075471698113,0.7867647058823529,0.439469320066335,0.22962962962962963,0.4838709677419355,0.22388059701492538,0.05084745762711865,0,0.0978441127694859,"Isaac Collins","25477",686555
"Jarren Duran",2026,"FA,FC,SI,CH,SL,CU",497,0.6714285714285714,0.8829787234042553,0.28169014084507044,0.57,0.6842105263157895,0.40040241448692154,0.2857142857142857,0.36666666666666664,0.2112676056338028,0.15384615384615385,0.125,0.10462776659959759,"Jarren Duran","24617",680776
"Mark Vientos",2026,"FA,FC,FS,SI,CH,SL,CU,KC",449,0.8220338983050848,0.9381443298969072,0.26280623608017817,0.5659340659340659,0.7572815533980582,0.4053452115812918,0.3225806451612903,0.4666666666666667,0.20489977728285078,0.125,0,0.12472160356347439,"Mark Vientos","22184",668901
"Starling Marte",2026,"FA,FC,FS,SI,CH,SL,CU,KC",477,0.7573529411764706,0.8640776699029126,0.2851153039832285,0.6041666666666666,0.75,0.4025157232704403,0.26262626262626265,0.34615384615384615,0.20754716981132076,0.1,0.4,0.10482180293501048,"Starling Marte","9241",516782
"Adley Rutschman",2026,"FA,FC,FS,SI,CH,SL,CU,KC",563,0.6111111111111112,0.9545454545454546,0.2557726465364121,0.4788135593220339,0.8938053097345132,0.4191829484902309,0.2222222222222222,0.6071428571428571,0.22380106571936056,0,0,0.10124333925399645,"Adley Rutschman","26288",668939
"A.J. Ewing",2026,"FA,FC,FS,SI,CH,SL,CU,KC",575,0.7098765432098766,0.8695652173913043,0.2817391304347826,0.44495412844036697,0.711340206185567,0.3791304347826087,0.23134328358208955,0.3548387096774194,0.23304347826086957,0.06557377049180328,0,0.10260869565217391,"A.J. Ewing","33656",805999
"Dansby Swanson",2026,"FA,FC,FS,SI,CH,SL,CU,KC",546,0.7718120805369127,0.8173913043478261,0.27289377289377287,0.5668202764976958,0.6666666666666666,0.3974358974358974,0.23387096774193547,0.20689655172413793,0.2271062271062271,0.03571428571428571,0,0.10256410256410256,"Dansby Swanson","18314",621020
"Cal Raleigh",2026,"FA,FC,FS,SI,CH,SL,CU,KC",824,0.7845303867403315,0.7746478873239436,0.2196601941747573,0.5549295774647888,0.6852791878172588,0.42961165048543687,0.390625,0.4533333333333333,0.23300970873786409,0.0625,0.16666666666666666,0.11650485436893204,"Cal Raleigh","21534",663728
"J.P. Crawford",2026,"FA,FC,FS,SI,CH,SL,CU,KC",686,0.572972972972973,0.9056603773584906,0.2696793002915452,0.3447204968944099,0.8648648648648649,0.46938775510204084,0.08695652173913043,0.8,0.16763848396501457,0.09375,0.16666666666666666,0.09329446064139942,"J.P. Crawford","15491",641487
"Marcus Semien",2026,"FA,FC,FS,SI,CH,SL,CU,KC",605,0.7484276729559748,0.907563025210084,0.2628099173553719,0.5175097276264592,0.7969924812030075,0.42479338842975206,0.23308270676691728,0.41935483870967744,0.21983471074380165,0.017857142857142856,0,0.09256198347107437,"Marcus Semien","12533",543760
"Wyatt Langford",2026,"FA,FC,FS,SI,CH,SL,CU,KC",651,0.7735849056603774,0.8780487804878049,0.24423963133640553,0.5467625899280576,0.7697368421052632,0.4270353302611367,0.20689655172413793,0.43333333333333335,0.2227342549923195,0.043478260869565216,0,0.10599078341013825,"Wyatt Langford","33333",694671
"Oswald Peraza",2026,"FA,FC,FS,SI,CH,SL,CU,KC,EP",528,0.84,0.8761904761904762,0.23484848484848486,0.6330275229357798,0.7753623188405797,0.4128787878787879,0.3111111111111111,0.35714285714285715,0.2556818181818182,0.12,0,0.0946969696969697,"Oswald Peraza","22823",672724
"Andrés Chaparro",2026,"FA,FC,FS,SI,CH,SL,CU,KC",555,0.6869565217391305,0.8607594936708861,0.2072072072072072,0.5899581589958159,0.6950354609929078,0.4306306306306306,0.2463768115942029,0.3235294117647059,0.24864864864864866,0,0,0.11351351351351352,"Andres Chaparro","21797",665953
"George Springer",2026,"FA,FC,FS,SI,CH,SL,CU,KC",615,0.8220858895705522,0.9253731343283582,0.26504065040650404,0.5474452554744526,0.74,0.44552845528455287,0.13043478260869565,0.2777777777777778,0.22439024390243903,0.075,0,0.06504065040650407,"George Springer","12856",543807
"Heliot Ramos",2026,"FA,FC,FS,SI,CH,SL,CU,KC",462,0.752,0.8829787234042553,0.27056277056277056,0.544973544973545,0.7184466019417476,0.4090909090909091,0.22123893805309736,0.2,0.24458874458874458,0.02857142857142857,0,0.07575757575757576,"Heliot Ramos","22515",671218
"Zack Gelof",2026,"FA,FC,FS,SI,CH,SL,CU,KC",458,0.7829457364341085,0.8118811881188119,0.2794759825327511,0.5918367346938775,0.6810344827586207,0.4279475982532751,0.10416666666666667,0.3,0.2096069868995633,0,0,0.08078602620087336,"Zack Gelof","29766",680869
"Lawrence Butler",2026,"FA,FC,SI,CH,SL,CU",612,0.6585365853658537,0.8703703703703703,0.26633986928104575,0.43609022556390975,0.7931034482758621,0.434640522875817,0.22580645161290322,0.4642857142857143,0.20261437908496732,0.034482758620689655,0.5,0.09477124183006536,"Lawrence Butler","22542",671732
"Jahmai Jones",2026,"FA,FC,FS,SI,CH,SL,CU,KC",606,0.8082191780821918,0.8983050847457628,0.24092409240924093,0.5598455598455598,0.5793103448275863,0.4273927392739274,0.16428571428571428,0.30434782608695654,0.23102310231023102,0.04918032786885246,0.3333333333333333,0.10066006600660066,"Jahmai Jones","18872",663330
"José Caballero",2026,"FA,FC,FS,SI,CH,SL,CU,KC",629,0.7222222222222222,0.7863247863247863,0.2559618441971383,0.575187969924812,0.7516339869281046,0.42130365659777425,0.25806451612903225,0.59375,0.1971383147853736,0.2077922077922078,0.25,0.12241653418124006,"Jose Caballero","23401",676609
"Andrés Giménez",2026,"FA,FC,FS,SI,CH,SL,CU,KC",495,0.6875,0.898989898989899,0.2909090909090909,0.6218905472636815,0.808,0.40606060606060607,0.4117647058823529,0.6190476190476191,0.20606060606060606,0.20833333333333334,0.3,0.09696969696969697,"Andres Gimenez","19950",665926
"Ezequiel Tovar",2026,"FA,FC,FS,SI,CH,SL,CU,KC",673,0.8333333333333334,0.8827586206896552,0.2585438335809807,0.6923076923076923,0.7248677248677249,0.40564635958395245,0.3783783783783784,0.5,0.21842496285289748,0.10256410256410256,0,0.11589895988112928,"Ezequiel Tovar","24064",678662
"Ryan Jeffers",2026,"FA,FC,FS,SI,CH,SL,CU",580,0.5571428571428572,0.9358974358974359,0.2396551724137931,0.43359375,0.8648648648648649,0.4413793103448276,0.20300751879699247,0.7777777777777778,0.2293103448275862,0.0392156862745098,0.5,0.08793103448275862,"Ryan Jeffers","24618",680777
"Max Muncy",2026,"FA,FC,FS,SI,CH,SL,CU,KC",530,0.6742424242424242,0.8876404494382022,0.24716981132075472,0.5520361990950227,0.7213114754098361,0.4169811320754717,0.2647058823529412,0.3333333333333333,0.25660377358490566,0.0975609756097561,0,0.07735849056603773,"Max Muncy","13301",571970
"Amed Rosario",2026,"FA,FC,FS,SI,CH,SL,CU,KC",573,0.7829457364341085,0.8514851485148515,0.225130890052356,0.6414342629482072,0.8012422360248447,0.43804537521815007,0.38095238095238093,0.5416666666666666,0.2198952879581152,0.13432835820895522,0.3333333333333333,0.1169284467713787,"Amed Rosario","15518",642708
"Derek Hill",2026,"FA,FC,FS,SI,CH,SL,CU,KC",500,0.7596899224806202,0.8673469387755102,0.258,0.5756097560975609,0.6779661016949152,0.41,0.34782608695652173,0.375,0.23,0.11764705882352941,0,0.102,"Derek Hill","16947",656537
"Xavier Edwards",2026,"FA,FC,FS,SI,CH,SL,CU,KC",553,0.6875,0.8636363636363636,0.2314647377938517,0.5101214574898786,0.873015873015873,0.44665461121157324,0.19008264462809918,0.5217391304347826,0.21880650994575046,0.03508771929824561,0,0.10307414104882459,"Xavier Edwards","22266",669364
"Jazz Chisholm Jr.",2026,"FA,FC,FS,SI,CH,SL,CU,KC",629,0.6909090909090909,0.8157894736842105,0.26232114467408585,0.5506072874493927,0.6838235294117647,0.39109697933227344,0.29931972789115646,0.4090909090909091,0.23211446740858505,0.11428571428571428,0,0.11128775834658187,"Jazz Chisholm Jr.","20454",665862
"Nick Kurtz",2026,"FA,FC,FS,SI,CH,SL,CU,KC",661,0.6927710843373494,0.7739130434782608,0.25113464447806355,0.5298245614035088,0.6622516556291391,0.43116490166414523,0.2013888888888889,0.20689655172413793,0.2178517397881997,0.015151515151515152,0,0.09984871406959153,"Nick Kurtz","35110",701762
"Manny Machado",2026,"FA,FC,FS,SI,CH,SL,CU,KC",645,0.7379310344827587,0.8411214953271028,0.22325581395348837,0.5517241379310345,0.775,0.448062015503876,0.25165562913907286,0.5789473684210527,0.23255813953488372,0.01694915254237288,0,0.09147286821705426,"Manny Machado","11493",592518
"Dominic Canzone",2026,"FA,FC,FS,SI,CH,SL,CU",592,0.593103448275862,0.9186046511627907,0.24324324324324326,0.4482758620689655,0.7777777777777778,0.4408783783783784,0.25384615384615383,0.48484848484848486,0.2195945945945946,0.05357142857142857,0,0.0929054054054054,"Dominic Canzone","26438",686527
"Jake Mangum",2026,"FA,FC,FS,SI,CH,SL,CU",456,0.75,0.8924731182795699,0.2719298245614035,0.643979057591623,0.8455284552845529,0.4166666666666667,0.4368932038834951,0.6222222222222222,0.22587719298245615,0.21052631578947367,0.25,0.08333333333333333,"Jake Mangum","26202",663968
"Austin Martin",2026,"FA,FC,FS,SI,CH,SL,CU,KC",688,0.7245508982035929,0.9504132231404959,0.24273255813953487,0.39661016949152544,0.7606837606837606,0.42877906976744184,0.06962025316455696,0.36363636363636365,0.22819767441860464,0.029411764705882353,0,0.09883720930232558,"Austin Martin","27462",668885
"Casey Schmitt",2026,"FA,FC,FS,SI,CH,SL,CU,KC",378,0.7657657657657657,0.9294117647058824,0.29365079365079366,0.6267605633802817,0.7752808988764045,0.37566137566137564,0.40860215053763443,0.631578947368421,0.24603174603174602,0.09375,0.3333333333333333,0.08465608465608465,"Casey Schmitt","27577",669477
"Masyn Winn",2026,"FA,FC,FS,SI,CH,SL,CU,KC",588,0.5882352941176471,0.9555555555555556,0.2585034013605442,0.4418604651162791,0.8245614035087719,0.4387755102040816,0.23076923076923078,0.4,0.22108843537414966,0.02127659574468085,0,0.07993197278911565,"Masyn Winn","27479",691026
"Heriberto Hernández",2026,"FA,FC,FS,SI,CH,SL,CU,KC",650,0.7295597484276729,0.9137931034482759,0.24307692307692308,0.5583941605839416,0.6209150326797386,0.42153846153846153,0.136986301369863,0.4,0.2246153846153846,0.056338028169014086,0,0.10923076923076923,"Heriberto Hernandez","24878",681715
"Corey Seager",2026,"FA,FC,SI,CH,SL,CU,KC",540,0.8214285714285714,0.8608695652173913,0.25925925925925924,0.6108597285067874,0.6518518518518519,0.40925925925925927,0.17796610169491525,0.2857142857142857,0.21851851851851853,0.16393442622950818,0,0.11296296296296296,"Corey Seager","13624",608369
"Joey Ortiz",2026,"FA,FC,FS,SI,CH,SL,CU,KC",609,0.6013071895424836,0.9565217391304348,0.2512315270935961,0.4957983193277311,0.8813559322033898,0.39080459770114945,0.2926829268292683,0.6458333333333334,0.26929392446633826,0.2037037037037037,0.18181818181818182,0.08866995073891626,"Joey Ortiz","25493",687401
"Willson Contreras",2026,"FA,FC,FS,SI,CH,SL,CU,KC",588,0.728,0.8351648351648352,0.21258503401360543,0.5271317829457365,0.7573529411764706,0.4370748299319728,0.2702702702702703,0.35,0.25170068027210885,0.08771929824561403,0,0.09523809523809523,"Willson Contreras","11609",575929
"Ty France",2026,"FA,FC,FS,SI,CH,SL,CU,KC",576,0.7801418439716312,0.9363636363636364,0.24479166666666666,0.5887096774193549,0.6986301369863014,0.4305555555555556,0.3230769230769231,0.40476190476190477,0.22569444444444445,0.07017543859649122,0,0.09895833333333333,"Ty France","17982",664034
"Curtis Mead",2026,"FA,FC,FS,SI,CH,SL,CU,KC",596,0.6689655172413793,0.9278350515463918,0.24328859060402686,0.490272373540856,0.8492063492063492,0.4312080536912752,0.16030534351145037,0.5714285714285714,0.2197986577181208,0.031746031746031744,0,0.10570469798657718,"Curtis Mead","23986",678554
"Dylan Crews",2026,"FA,FC,FS,SI,CH,SL,CU,KC",510,0.7073170731707317,0.9195402298850575,0.2411764705882353,0.6035242290748899,0.6788321167883211,0.44509803921568625,0.22549019607843138,0.6086956521739131,0.2,0.017241379310344827,0,0.11372549019607843,"Dylan Crews","33541",686611
"Dane Myers",2026,"FA,FC,FS,SI,CH,SL,CU,KC",607,0.6809815950920245,0.8738738738738738,0.2685337726523888,0.46613545816733065,0.7863247863247863,0.4135090609555189,0.17054263565891473,0.7727272727272727,0.21252059308072488,0.046875,0.6666666666666666,0.10543657331136738,"Dane Myers","22054",667472
"Bryson Stott",2026,"FA,FC,FS,SI,CH,SL,CU",595,0.5316455696202531,0.9166666666666666,0.26218487394957984,0.48031496062992124,0.8688524590163934,0.426890756302521,0.265625,0.47058823529411764,0.21512605042016808,0.07272727272727272,0.25,0.09243697478991597,"Bryson Stott","26294",681082
"Xander Bogaerts",2026,"FA,FC,FS,SI,CH,SL,CU,KC",604,0.6894409937888198,0.9279279279279279,0.26655629139072845,0.43846153846153846,0.7456140350877193,0.4288079470198676,0.25,0.5588235294117647,0.2251655629139073,0,0,0.07781456953642384,"Xander Bogaerts","12161",593428
"Royce Lewis",2026,"FA,FC,FS,SI,CH,SL,CU,KC",559,0.7443609022556391,0.9090909090909091,0.23792486583184258,0.6077586206896551,0.7304964539007093,0.4150268336314848,0.2733812949640288,0.4473684210526316,0.24865831842576028,0.07272727272727272,0,0.09838998211091235,"Royce Lewis","20437",668904
"Caleb Durbin",2026,"FA,FC,FS,SI,CH,SL,CU",614,0.6776315789473685,0.9320388349514563,0.247557003257329,0.5092936802973977,0.8467153284671532,0.4381107491856677,0.2624113475177305,0.6216216216216216,0.2296416938110749,0.057692307692307696,0,0.08469055374592833,"Caleb Durbin","29646",702332
"Taylor Ward",2026,"FA,FC,FS,SI,CH,SL,CU,KC",797,0.703125,0.9555555555555556,0.2383939774153074,0.4005524861878453,0.7724137931034483,0.45420326223337515,0.1043956043956044,0.5263157894736842,0.22835633626097868,0.01639344262295082,0,0.07653701380175659,"Taylor Ward","17548",621493
"Jose Altuve",2026,"FA,FC,FS,SI,CH,SL,CU,KC",498,0.6818181818181818,0.9066666666666666,0.22088353413654618,0.545,0.7889908256880734,0.40160642570281124,0.3488372093023256,0.6888888888888889,0.25903614457831325,0.13559322033898305,0.375,0.11847389558232932,"Jose Altuve","5417",514888
"Brady House",2026,"FA,FC,FS,SI,CH,SL,CU,KC",444,0.8105263157894737,0.8181818181818182,0.21396396396396397,0.6353591160220995,0.7652173913043478,0.40765765765765766,0.2619047619047619,0.36363636363636365,0.28378378378378377,0.023809523809523808,0,0.0945945945945946,"Brady House","29993",691781
"Tyrone Taylor",2026,"FA,FC,FS,SI,CH,SL,CU",463,0.6484375,0.9156626506024096,0.27645788336933047,0.6230366492146597,0.8151260504201681,0.41252699784017277,0.3669724770642202,0.675,0.23542116630669546,0.08571428571428572,0,0.0755939524838013,"Tyrone Taylor","13675",621438
"Kody Clemens",2026,"FA,FC,FS,SI,CH,SL,CU,EP",621,0.6982248520710059,0.864406779661017,0.2721417069243156,0.5307692307692308,0.8043478260869565,0.41867954911433175,0.22962962962962963,0.45161290322580644,0.21739130434782608,0.05263157894736842,0.3333333333333333,0.09178743961352658,"Kody Clemens","20572",665019
"Nick Fortes",2026,"FA,FC,FS,SI,CH,SL,CU",578,0.7007299270072993,0.90625,0.2370242214532872,0.6411290322580645,0.8616352201257862,0.4273356401384083,0.31496062992125984,0.675,0.21972318339100347,0.06060606060606061,0,0.11418685121107267,"Nick Fortes","21538",663743
"Dillon Dingler",2026,"FA,FC,FS,SI,CH,SL,CU,KC",764,0.6858638743455497,0.9312977099236641,0.25,0.565625,0.8176795580110497,0.4175392670157068,0.2931937172774869,0.48214285714285715,0.25,0.1935483870967742,0.08333333333333333,0.08115183246073299,"Dillon Dingler","27464",693307
"Myles Straw",2026,"FA,FC,FS,SI,CH,SL,CU,KC",712,0.6376146788990825,0.9640287769784173,0.3061797752808989,0.4223826714801444,0.8632478632478633,0.3890449438202247,0.16770186335403728,0.4444444444444444,0.22331460674157302,0,0,0.07865168539325842,"Myles Straw","17620",664702
"Carson Kelly",2026,"FA,FC,FS,SI,CH,SL,CU,KC",553,0.75,0.9074074074074074,0.2585895117540687,0.5598290598290598,0.8015267175572519,0.4231464737793852,0.2,0.32,0.22603978300180833,0.04,0,0.09041591320072333,"Carson Kelly","13620",608348
"Gabriel Moreno",2026,"FA,FC,FS,SI,CH,SL,CU,KC",644,0.5590062111801242,0.9333333333333333,0.25,0.5366795366795367,0.8992805755395683,0.40217391304347827,0.294478527607362,0.6875,0.2531055900621118,0.09836065573770492,0.3333333333333333,0.09316770186335403,"Gabriel Moreno","22664",672515
"Henry Bolte",2026,"FA,FC,FS,SI,CH,SL,CU,KC",572,0.8040540540540541,0.8823529411764706,0.256993006993007,0.5418502202643172,0.6585365853658537,0.3968531468531469,0.2206896551724138,0.09375,0.2534965034965035,0.019230769230769232,0,0.09090909090909091,"Henry Bolte","31448",703607
"Carter Jensen",2026,"FA,FC,SI,CH,SL,CU,KC",662,0.6751269035532995,0.8872180451127819,0.297583081570997,0.4575645756457565,0.6290322580645161,0.4093655589123867,0.08527131782945736,0.36363636363636365,0.19486404833836857,0.1076923076923077,0,0.09818731117824774,"Carter Jensen","29478",695600
"Rafael Devers",2026,"FA,FC,FS,SI,CH,SL,CU,KC",915,0.6653696498054474,0.7602339181286549,0.28087431693989073,0.6027397260273972,0.7090909090909091,0.3989071038251366,0.30288461538461536,0.6825396825396826,0.2273224043715847,0.07058823529411765,0.3333333333333333,0.09180327868852459,"Rafael Devers","17350",646240
"Hao-Yu Lee",2026,"FA,FC,FS,SI,CH,SL,CU,KC",545,0.7484662576687117,0.8688524590163934,0.29908256880733947,0.5571428571428572,0.7350427350427351,0.3834862385321101,0.21487603305785125,0.4230769230769231,0.22201834862385322,0.0392156862745098,0,0.09357798165137615,"Hao-Yu Lee","30080",701678
"Jake Bauers",2026,"FA,FC,SI,CH,SL,CU,KC",673,0.7037037037037037,0.924812030075188,0.27934621099554235,0.48854961832061067,0.71875,0.38930163447251115,0.19594594594594594,0.41379310344827586,0.2199108469539376,0.04054054054054054,0,0.1099554234769688,"Jake Bauers","15194",641343
"Edmundo Sosa",2026,"FA,FC,FS,SI,CH,SL,CU,KC",519,0.7615384615384615,0.8383838383838383,0.2504816955684008,0.6273584905660378,0.8421052631578947,0.40847784200385356,0.4806201550387597,0.5161290322580645,0.24855491329479767,0.22916666666666666,0.2727272727272727,0.09248554913294797,"Edmundo Sosa","17022",624641
"Jared Triolo",2026,"FA,FC,FS,SI,CH,SL,CU,KC",537,0.6901408450704225,0.9591836734693877,0.26256983240223464,0.5088495575221239,0.8260869565217391,0.4171322160148976,0.1885245901639344,0.5217391304347826,0.2271880819366853,0.02127659574468085,0,0.08752327746741155,"Jared Triolo","25807",669707
"Austin Riley",2026,"FA,FC,FS,SI,CH,SL,CU,KC",783,0.7607361963190185,0.8306451612903226,0.20689655172413793,0.5661538461538461,0.7065217391304348,0.41379310344827586,0.24766355140186916,0.41509433962264153,0.2720306513409962,0.07407407407407407,0.16666666666666666,0.10344827586206896,"Austin Riley","18360",663586
"Kazuma Okamoto",2026,"FA,FC,FS,SI,CH,SL,CU,KC",702,0.7272727272727273,0.8897058823529411,0.26638176638176636,0.487012987012987,0.72,0.43874643874643876,0.18120805369127516,0.2222222222222222,0.21225071225071226,0.1206896551724138,0,0.0811965811965812,"Kazuma Okamoto","37123",672960
"Vladimir Guerrero Jr.",2026,"FA,FC,FS,SI,CH,SL,CU,KC",608,0.6962962962962963,0.9148936170212766,0.22039473684210525,0.5343511450381679,0.85,0.4309210526315789,0.17682926829268292,0.5517241379310345,0.26973684210526316,0.0851063829787234,0.5,0.07730263157894737,"Vladimir Guerrero Jr.","19611",665489
"Lane Thomas",2026,"FA,FC,FS,SI,CH,SL,CU",672,0.7034883720930233,0.859504132231405,0.25595238095238093,0.44014084507042256,0.744,0.4226190476190476,0.13636363636363635,0.6190476190476191,0.22916666666666666,0.06451612903225806,0,0.09226190476190477,"Lane Thomas","16939",657041
"Bryce Eldridge",2026,"FA,FC,FS,SI,CH,SL,CU,KC",565,0.6933333333333334,0.8942307692307693,0.26371681415929205,0.4911504424778761,0.7207207207207207,0.4,0.17424242424242425,0.30434782608695654,0.23185840707964603,0.03508771929824561,0,0.10088495575221239,"Bryce Eldridge","33390",805811
"Josh Jung",2026,"FA,FC,SI,CH,SL,CU,KC",446,0.6538461538461539,1,0.23318385650224216,0.5195530726256983,0.8602150537634409,0.4013452914798206,0.20535714285714285,0.5652173913043478,0.25112107623318386,0.058823529411764705,0,0.11434977578475336,"Josh Jung","26299",673962
"Spencer Torkelson",2026,"FA,FC,FS,SI,CH,SL,CU,KC",800,0.6910994764397905,0.9090909090909091,0.23875,0.5045317220543807,0.688622754491018,0.41375,0.1407035175879397,0.17857142857142858,0.24875,0.012658227848101266,0,0.09875,"Spencer Torkelson","27465",679529
"Nick Loftin",2026,"FA,FC,FS,SI,CH,SL,CU,KC",630,0.6296296296296297,0.9117647058823529,0.2571428571428571,0.45161290322580644,0.8571428571428571,0.44285714285714284,0.16793893129770993,0.5454545454545454,0.20793650793650795,0.13793103448275862,0,0.09047619047619047,"Nick Loftin","27630",679845
"Brice Turang",2026,"FA,FC,FS,SI,CH,SL,CU,KC",872,0.6705882352941176,0.8596491228070176,0.29243119266055045,0.4340659340659341,0.7721518987341772,0.41628440366972475,0.18681318681318682,0.38235294117647056,0.20871559633027523,0.014084507042253521,0,0.08027522935779817,"Brice Turang","22186",668930
"Nolan Arenado",2026,"FA,FC,FS,SI,CH,SL,CU,KC",650,0.6054421768707483,0.8764044943820225,0.22615384615384615,0.5724381625441696,0.8024691358024691,0.43538461538461537,0.25477707006369427,0.45,0.24153846153846154,0.047619047619047616,0,0.09692307692307692,"Nolan Arenado","9777",571448
"Daylen Lile",2026,"FA,FC,FS,SI,CH,SL,CU,KC",675,0.8295454545454546,0.9178082191780822,0.25925925925925924,0.6387832699619772,0.7678571428571429,0.3896296296296296,0.3431952662721893,0.5,0.25037037037037035,0.23880597014925373,0.0625,0.09925925925925926,"Daylen Lile","29995",695734
"Mookie Betts",2026,"FA,FC,FS,SI,CH,SL,CU,KC",636,0.6557377049180327,0.9666666666666667,0.28773584905660377,0.4588235294117647,0.9401709401709402,0.39937106918238996,0.11724137931034483,0.6470588235294118,0.2279874213836478,0.018867924528301886,0,0.08333333333333333,"Mookie Betts","13611",605141
"Isaac Paredes",2026,"FA,FC,FS,SI,CH,SL,CU,KC",673,0.6851851851851852,0.9369369369369369,0.23922734026745915,0.5445205479452054,0.8742138364779874,0.4338781575037147,0.26506024096385544,0.7272727272727273,0.2436849925705795,0.03773584905660377,0,0.0787518573551263,"Isaac Paredes","20036",670623
"Riley Greene",2026,"FA,FC,SI,CH,SL,CU,KC",794,0.7178217821782178,0.8275862068965517,0.25440806045340053,0.4897360703812317,0.7425149700598802,0.42947103274559195,0.2155688622754491,0.3055555555555556,0.21032745591939547,0.047619047619047616,0,0.10579345088161209,"Riley Greene","25976",682985
"Mike Trout",2026,"FA,FC,SI,CH,SL,CU,KC",762,0.7142857142857143,0.9172413793103448,0.2650918635170604,0.4077669902912621,0.7777777777777778,0.40551181102362205,0.15428571428571428,0.37037037037037035,0.2283464566929134,0.06666666666666667,0,0.0984251968503937,"Mike Trout","10155",545361
"José Fermín",2026,"FA,FC,FS,SI,CH,SL,CU,KC",716,0.6235294117647059,0.9245283018867925,0.23743016759776536,0.49240121580547114,0.8950617283950617,0.4594972067039106,0.13725490196078433,0.6666666666666666,0.21368715083798884,0,0,0.0893854748603352,"Jose Fermin","21746",665877
"Brayan Rocchio",2026,"FA,FC,FS,SI,CH,SL,CU,KC",726,0.7512953367875648,0.8827586206896552,0.2644628099173554,0.6269592476489029,0.78,0.4380165289256198,0.3,0.4888888888888889,0.2066115702479339,0.046875,0,0.0881542699724518,"Brayan Rocchio","23690",677587
"Andrew Vaughn",2026,"FA,FC,FS,SI,CH,SL,CU,KC",537,0.5748031496062992,0.9178082191780822,0.23649906890130354,0.4092827004219409,0.8556701030927835,0.43947858472998136,0.1487603305785124,0.5555555555555556,0.22532588454376165,0.038461538461538464,0,0.09683426443202979,"Andrew Vaughn","26197",683734
"Steven Kwan",2026,"FA,FC,FS,SI,CH,SL,CU,KC",845,0.5848214285714286,0.9847328244274809,0.2650887573964497,0.3787465940054496,0.9064748201438849,0.43431952662721895,0.14942528735632185,0.6153846153846154,0.20473372781065088,0.0125,0,0.09467455621301775,"Steven Kwan","24610",680757
"Jonah Heim",2026,"FA,FC,FS,SI,CH,SL,CU,KC",576,0.738562091503268,0.9292035398230089,0.265625,0.5912698412698413,0.7718120805369127,0.4375,0.3305785123966942,0.6,0.21006944444444445,0,0,0.08680555555555555,"Jonah Heim","16930",641680
"Jonny DeLuca",2026,"FA,FC,FS,SI,CH,SL,CU,KC",574,0.7412587412587412,0.8773584905660378,0.24912891986062718,0.6056910569105691,0.8187919463087249,0.42857142857142855,0.3769230769230769,0.5306122448979592,0.2264808362369338,0.10909090909090909,0,0.09581881533101046,"Jonny DeLuca","26365",676356
"Shea Langeliers",2026,"FA,FC,FS,SI,CH,SL,CU,KC",506,0.7478991596638656,0.8764044943820225,0.23517786561264822,0.6530612244897959,0.796875,0.38735177865612647,0.2463768115942029,0.5588235294117647,0.2727272727272727,0.018867924528301886,0,0.10474308300395258,"Shea Langeliers","25816",669127
"Brooks Lee",2026,"FA,FC,FS,SI,CH,SL,CU,KC",806,0.7293577981651376,0.9182389937106918,0.2704714640198511,0.6109324758842444,0.8368421052631579,0.3858560794044665,0.3492063492063492,0.4696969696969697,0.23325062034739455,0.056818181818181816,0,0.10918114143920596,"Brooks Lee","31595",686797
"Juan Soto",2026,"FA,FC,FS,SI,CH,SL,CU,KC",619,0.7283236994219653,0.8492063492063492,0.27948303715670436,0.54,0.7851851851851852,0.40387722132471726,0.18796992481203006,0.48,0.21324717285945072,0.031746031746031744,0.5,0.10177705977382875,"Juan Soto","20123",665742
"Ceddanne Rafaela",2026,"FA,FC,FS,SI,CH,SL,CU,KC",581,0.7131782945736435,0.8695652173913043,0.22203098106712565,0.644,0.7888198757763976,0.43029259896729777,0.4411764705882353,0.6166666666666667,0.23407917383820998,0.18181818181818182,0.08333333333333333,0.11359724612736662,"Ceddanne Rafaela","24262",678882
"Ezequiel Duran",2026,"FA,FC,FS,SI,CH,SL,CU,KC",697,0.6779661016949152,0.925,0.2539454806312769,0.5929824561403508,0.7396449704142012,0.40889526542324245,0.22699386503067484,0.5945945945945946,0.23385939741750358,0.06944444444444445,0,0.10329985652797705,"Ezequiel Duran","23733",677649
"Jake Burger",2026,"FA,FC,FS,SI,CH,SL,CU,KC",651,0.7697368421052632,0.7777777777777778,0.23195084485407066,0.5400696864111498,0.7225806451612903,0.44086021505376344,0.2125,0.3235294117647059,0.2457757296466974,0.09615384615384616,0,0.07987711213517665,"Jake Burger","22275",669394
"Teoscar Hernández",2026,"FA,FC,FS,SI,CH,SL,CU,KC",601,0.803030303030303,0.8679245283018868,0.21963394342762063,0.5737704918032787,0.6928571428571428,0.4059900166389351,0.25,0.35714285714285715,0.2795341098169717,0.08771929824561403,0,0.09484193011647254,"Teoscar Hernandez","13066",606192
"Jonathan Aranda",2026,"FA,FC,SI,CH,SL,CU,KC",763,0.6954545454545454,0.8627450980392157,0.2870249017038008,0.46226415094339623,0.7891156462585034,0.4167758846657929,0.1910828025477707,0.5666666666666667,0.20576671035386632,0.04411764705882353,0.3333333333333333,0.0891218872870249,"Jonathan Aranda","21837",666018
"Alex Bregman",2026,"FA,FC,FS,SI,CH,SL,CU,KC",723,0.6494845360824743,0.9523809523809523,0.26832641770401106,0.4110032362459547,0.8661417322834646,0.42738589211618255,0.17419354838709677,0.5555555555555556,0.21300138312586445,0.015384615384615385,1,0.08990318118948824,"Alex Bregman","17678",608324
"Vaughn Grissom",2026,"FA,FC,SI,CH,SL,CU,KC,EP",710,0.6590909090909091,0.9310344827586207,0.24788732394366197,0.5699658703071673,0.8083832335329342,0.4126760563380282,0.25625,0.5365853658536586,0.22535211267605634,0.07407407407407407,0.3333333333333333,0.11408450704225352,"Vaughn Grissom","26031",687093
"José Ramírez",2026,"FA,FC,FS,SI,CH,SL,CU,KC",621,0.6917808219178082,0.9702970297029703,0.23349436392914655,0.5210727969348659,0.8602941176470589,0.42028985507246375,0.23125,0.8918918918918919,0.2576489533011272,0.07407407407407407,0.25,0.08695652173913043,"Jose Ramirez","13510",608070
"Alec Burleson",2026,"FA,FC,FS,SI,CH,SL,CU,KC",708,0.765625,0.8639455782312925,0.2711864406779661,0.6556776556776557,0.8212290502793296,0.3855932203389831,0.33974358974358976,0.6226415094339622,0.22033898305084745,0.12643678160919541,0.09090909090909091,0.1228813559322034,"Alec Burleson","27615",676475
"Kyle Tucker",2026,"FA,FC,FS,SI,CH,SL,CU,KC",735,0.837696335078534,0.925,0.2598639455782313,0.5488958990536278,0.8045977011494253,0.4312925170068027,0.1320754716981132,0.47619047619047616,0.2163265306122449,0,0,0.09251700680272108,"Kyle Tucker","18345",663656
"Nico Hoerner",2026,"FA,FC,FS,SI,CH,SL,CU,KC",586,0.6986301369863014,0.9607843137254902,0.24914675767918087,0.5592592592592592,0.9006622516556292,0.46075085324232085,0.3275862068965517,0.6842105263157895,0.1962457337883959,0.14814814814814814,0.375,0.09215017064846416,"Nico Hoerner","21479",663538
"Julio Rodríguez",2026,"FA,FC,FS,SI,CH,SL,CU,KC",815,0.7005988023952096,0.8376068376068376,0.2049079754601227,0.6177285318559557,0.7757847533632287,0.44171779141104295,0.3333333333333333,0.453125,0.2331288343558282,0.12631578947368421,0.16666666666666666,0.1165644171779141,"Julio Rodriguez","23697",677594
"Jung Hoo Lee",2026,"FA,FC,FS,SI,CH,SL,CU,KC",613,0.6506024096385542,0.9629629629629629,0.2707993474714519,0.5278810408921933,0.8802816901408451,0.43882544861337686,0.312,0.6923076923076923,0.2039151712887439,0.1509433962264151,0.125,0.0864600326264274,"Jung Hoo Lee","33824",808982
"Kyle Karros",2026,"FA,FC,FS,SI,CH,SL,CU,KC",660,0.7692307692307693,0.9166666666666666,0.23636363636363636,0.5441696113074205,0.7857142857142857,0.4287878787878788,0.22085889570552147,0.2222222222222222,0.24545454545454545,0.05172413793103448,0,0.08787878787878788,"Kyle Karros","33252",691720
"Ryan Vilade",2026,"FA,FC,SI,CH,SL,CU,KC",670,0.7634408602150538,0.9014084507042254,0.27611940298507465,0.575091575091575,0.802547770700637,0.40746268656716417,0.24516129032258063,0.4473684210526316,0.23134328358208955,0.08928571428571429,0.2,0.08358208955223881,"Ryan Vilade","22165",668723
"Sal Stewart",2026,"FA,FC,FS,SI,CH,SL,CU,KC",745,0.8106508875739645,0.8394160583941606,0.22684563758389262,0.5331230283911672,0.7810650887573964,0.425503355704698,0.2670807453416149,0.5581395348837209,0.21610738255033557,0.030612244897959183,0,0.13154362416107382,"Sal Stewart","31505",701398
"Cole Carrigg",2026,"FA,FC,FS,SI,CH,SL,CU,KC",587,0.7687074829931972,0.8761061946902655,0.24872231686541738,0.7148936170212766,0.8273809523809523,0.40034071550255534,0.4326241134751773,0.5081967213114754,0.2402044293015332,0.234375,0.13333333333333333,0.10902896081771721,"Cole Carrigg","33253",694249
"Hunter Goodman",2026,"FA,FC,FS,SI,CH,SL,CU,KC",739,0.7682119205298014,0.8275862068965517,0.20433017591339647,0.673992673992674,0.7445652173913043,0.3680649526387009,0.423963133640553,0.3695652173913043,0.2936400541271989,0.08163265306122448,0,0.13261163734776726,"Hunter Goodman","29715",696100
"Willi Castro",2026,"FA,FC,FS,SI,CH,SL,CU,KC,EP",638,0.785234899328859,0.8717948717948718,0.23197492163009403,0.7078651685393258,0.7777777777777778,0.41849529780564265,0.3987341772151899,0.49206349206349204,0.2476489028213166,0.0625,0,0.10031347962382445,"Willi Castro","17338",650489
"Colson Montgomery",2026,"FA,FC,FS,SI,CH,SL,CU,KC",697,0.7777777777777778,0.8896103896103896,0.28407460545193686,0.6307692307692307,0.6890243902439024,0.37302725968436157,0.3006535947712418,0.10869565217391304,0.21951219512195122,0.10465116279069768,0.1111111111111111,0.12195121951219512,"Colson Montgomery","29712",695657
"Oneil Cruz",2026,"FA,FC,FS,SI,CH,SL,CU,KC",569,0.5592105263157895,0.8235294117647058,0.2671353251318102,0.49557522123893805,0.7589285714285714,0.39718804920913886,0.24812030075187969,0.30303030303030304,0.23374340949033393,0.10344827586206896,0,0.10193321616871705,"Oneil Cruz","21711",665833
"Jacob Young",2026,"FA,FC,FS,SI,CH,SL,CU,KC",631,0.6524390243902439,0.9158878504672897,0.25990491283676703,0.4925925925925926,0.8195488721804511,0.42789223454833597,0.24647887323943662,0.4,0.22503961965134706,0.01818181818181818,0,0.08716323296354993,"Jacob Young","29931",696285
"Jac Caglianone",2026,"FA,FC,SI,CH,SL,CU,KC",599,0.6973684210526315,0.8962264150943396,0.25375626043405675,0.6380090497737556,0.7730496453900709,0.36894824707846413,0.5416666666666666,0.4358974358974359,0.24040066777963273,0.14634146341463414,0.08333333333333333,0.13689482470784642,"Jac Caglianone","35041",695506
"Michael Busch",2026,"FA,FC,SI,CH,SL,CU,KC",780,0.6607929515418502,0.9266666666666666,0.29102564102564105,0.473015873015873,0.7583892617449665,0.40384615384615385,0.18232044198895028,0.48484848484848486,0.23205128205128206,0.03508771929824561,0,0.07307692307692308,"Michael Busch","26319",683737
"Seiya Suzuki",2026,"FA,FC,FS,SI,CH,SL,CU,KC",716,0.6684782608695652,0.926829268292683,0.2569832402234637,0.4405144694533762,0.8467153284671532,0.43435754189944137,0.09259259259259259,0.3333333333333333,0.22625698324022347,0.01694915254237288,0,0.0824022346368715,"Seiya Suzuki","30116",673548
"Yordan Alvarez",2026,"FA,FC,FS,SI,CH,SL,CU,KC",670,0.6341463414634146,0.9326923076923077,0.24477611940298508,0.5955882352941176,0.8333333333333334,0.4059701492537313,0.2822085889570552,0.5869565217391305,0.24328358208955222,0.08450704225352113,0.16666666666666666,0.10597014925373134,"Yordan Alvarez","19556",670541
"Andy Pages",2026,"FA,FC,FS,SI,CH,SL,CU,KC",649,0.7133757961783439,0.9642857142857143,0.24191063174114022,0.5592592592592592,0.8145695364238411,0.41602465331278893,0.2037037037037037,0.5757575757575758,0.24961479198767333,0.13333333333333333,0.25,0.09244992295839753,"Andy Pages","24816",681624
"JJ Wetherholt",2026,"FA,FC,FS,SI,CH,SL,CU,KC",835,0.7022222222222222,0.8860759493670886,0.2682634730538922,0.5028901734104047,0.8563218390804598,0.41317365269461076,0.17258883248730963,0.5294117647058824,0.23592814371257484,0.029850746268656716,0,0.08023952095808383,"JJ Wetherholt","34985",802139
"Ketel Marte",2026,"FA,FC,FS,SI,CH,SL,CU,KC",516,0.7293233082706767,0.8969072164948454,0.25775193798449614,0.6555023923444976,0.8613138686131386,0.4050387596899225,0.3125,0.5428571428571428,0.21705426356589147,0.11290322580645161,0.14285714285714285,0.12015503875968993,"Ketel Marte","13613",606466
"Jordan Walker",2026,"FA,FC,FS,SI,CH,SL,CU,KC",669,0.7517241379310344,0.8348623853211009,0.21674140508221226,0.6,0.7777777777777778,0.3811659192825112,0.3539325842696629,0.4444444444444444,0.26606875934230195,0.054945054945054944,0.2,0.13602391629297458,"Jordan Walker","27475",691023
"William Contreras",2026,"FA,FC,FS,SI,CH,SL,CU,KC",693,0.7932960893854749,0.9154929577464789,0.2582972582972583,0.49642857142857144,0.7553956834532374,0.40404040404040403,0.23717948717948717,0.5405405405405406,0.22510822510822512,0.038461538461538464,0.3333333333333333,0.11255411255411256,"William Contreras","20503",661388
"Salvador Perez",2026,"FA,FC,FS,SI,CH,SL,CU,KC",633,0.7534246575342466,0.8818181818181818,0.22906793048973143,0.7125984251968503,0.8121546961325967,0.39968404423380727,0.4473684210526316,0.6764705882352942,0.23696682464454977,0.13580246913580246,0.36363636363636365,0.12796208530805686,"Salvador Perez","7304",521692
"Angel Martínez",2026,"FA,FC,FS,SI,CH,SL,CU,KC",516,0.6910569105691057,0.9647058823529412,0.23837209302325582,0.6266094420600858,0.863013698630137,0.45155038759689925,0.3917525773195876,0.5789473684210527,0.187984496124031,0.14285714285714285,0.2222222222222222,0.12209302325581395,"Angel Martinez","26540",682657
"Brandon Lowe",2026,"FA,FC,SI,CH,SL,CU,KC",814,0.6846846846846847,0.8486842105263158,0.2714987714987715,0.5650887573964497,0.5916230366492147,0.4152334152334152,0.35359116022099446,0.3125,0.22235872235872237,0.1917808219178082,0.07142857142857142,0.08968058968058969,"Brandon Lowe","18882",664040
"Miguel Rojas",2026,"FA,FC,FS,SI,CH,SL,CU,KC",579,0.6834532374100719,0.9578947368421052,0.24006908462867013,0.575,0.8768115942028986,0.41278065630397237,0.2857142857142857,0.575,0.24179620034542315,0.03333333333333333,0,0.10362694300518134,"Miguel Rojas","7802",500743
"Fernando Tatis Jr.",2026,"FA,FC,FS,SI,CH,SL,CU,KC",629,0.7105263157894737,0.9351851851851852,0.24165341812400637,0.4810606060606061,0.6771653543307087,0.41812400635930047,0.1897810218978102,0.46153846153846156,0.2178060413354531,0.013157894736842105,1,0.12082670906200318,"Fernando Tatis Jr.","19709",665487
"Cole Young",2026,"FA,FC,FS,SI,CH,SL,CU,KC",824,0.6968325791855203,0.922077922077922,0.2682038834951456,0.5903954802259888,0.8086124401913876,0.42961165048543687,0.23837209302325582,0.4634146341463415,0.2087378640776699,0.06493506493506493,0,0.09344660194174757,"Cole Young","31680",702284
"Bobby Witt Jr.",2026,"FA,FC,FS,SI,CH,SL,CU,KC",631,0.6343283582089553,0.9058823529411765,0.21236133122028525,0.5741444866920152,0.8278145695364238,0.41679873217115687,0.38235294117647056,0.6,0.2694136291600634,0.0625,0,0.10142630744849446,"Bobby Witt Jr.","25764",677951
"Kevin McGonigle",2026,"FA,FC,FS,SI,CH,SL,CU,KC",801,0.7174887892376681,0.90625,0.2784019975031211,0.49085365853658536,0.7701863354037267,0.4094881398252185,0.15432098765432098,0.48,0.20224719101123595,0.011363636363636364,0,0.10986267166042447,"Kevin McGonigle","33572",805808
"Geraldo Perdomo",2026,"FA,FC,FS,SI,CH,SL,CU,KC",835,0.6142857142857143,0.9844961240310077,0.2502994011976048,0.4378698224852071,0.9391891891891891,0.40479041916167663,0.1971153846153846,0.7804878048780488,0.24910179640718563,0.0379746835443038,0.3333333333333333,0.09461077844311377,"Geraldo Perdomo","22799",672695
"Gunnar Henderson",2026,"FA,FC,FS,SI,CH,SL,CU,KC",854,0.6877637130801688,0.9079754601226994,0.2775175644028103,0.544891640866873,0.8068181818181818,0.37822014051522246,0.27102803738317754,0.4482758620689655,0.2505854800936768,0.05,0,0.0936768149882904,"Gunnar Henderson","26289",683002
"Ernie Clement",2026,"FA,FC,FS,SI,CH,SL,CU,KC",649,0.7579617834394905,0.9159663865546218,0.24191063174114022,0.6423357664233577,0.8693181818181818,0.4221879815100154,0.5208333333333334,0.88,0.2218798151001541,0.1891891891891892,0.42857142857142855,0.1140215716486903,"Ernie Clement","20352",676391
"CJ Abrams",2026,"FA,FC,FS,SI,CH,SL,CU,KC",795,0.6883720930232559,0.8648648648648649,0.2691823899371069,0.6156156156156156,0.7170731707317073,0.4188679245283019,0.39644970414201186,0.29850746268656714,0.21006289308176102,0.07692307692307693,0,0.09811320754716982,"CJ Abrams","25768",682928
"Trea Turner",2026,"FA,FC,FS,SI,CH,SL,CU,KC",923,0.7863636363636364,0.9421965317919075,0.23835319609967498,0.5647668393782384,0.7706422018348624,0.4171180931744312,0.23636363636363636,0.4807692307692308,0.23835319609967498,0.041237113402061855,0,0.10400866738894908,"Trea Turner","16252",607208
"Miguel Vargas",2026,"FA,FC,FS,SI,CH,SL,CU,KC",821,0.7777777777777778,0.8869047619047619,0.2630937880633374,0.4403409090909091,0.8516129032258064,0.42752740560292324,0.17486338797814208,0.6875,0.22289890377588306,0.014285714285714285,0,0.08526187576126674,"Miguel Vargas","20178",678246
"Iván Herrera",2026,"FA,FC,FS,SI,CH,SL,CU,KC",945,0.6788990825688074,0.918918918918919,0.2306878306878307,0.5100502512562815,0.8325123152709359,0.41904761904761906,0.21367521367521367,0.4,0.24761904761904763,0.010526315789473684,0,0.10052910052910052,"Ivan Herrera","20599",671056
"Bo Bichette",2026,"FA,FC,FS,SI,CH,SL,CU,KC",786,0.7613636363636364,0.9552238805970149,0.22264631043256997,0.60062893081761,0.8691099476439791,0.4020356234096692,0.4,0.7051282051282052,0.2480916030534351,0.08247422680412371,0.125,0.12340966921119594,"Bo Bichette","19612",666182
"Pete Alonso",2026,"FA,FC,FS,SI,CH,SL,CU,KC",849,0.729957805907173,0.8728323699421965,0.2791519434628975,0.5424242424242425,0.7150837988826816,0.38869257950530034,0.20540540540540542,0.47368421052631576,0.21790341578327443,0.061855670103092786,0,0.11425206124852769,"Pete Alonso","19251",624413
"Yandy Díaz",2026,"FA,FC,FS,SI,CH,SL,CU,KC",742,0.7192982456140351,0.943089430894309,0.22911051212938005,0.5852941176470589,0.8844221105527639,0.4582210242587601,0.24550898203592814,0.7560975609756098,0.22506738544474394,0,0,0.0862533692722372,"Yandy Diaz","16578",650490
"Coby Mayo",2026,"FA,FC,FS,SI,CH,SL,CU,KC",668,0.7161290322580646,0.8648648648648649,0.23203592814371257,0.5302491103202847,0.7449664429530202,0.42065868263473055,0.30128205128205127,0.46808510638297873,0.23353293413173654,0.02631578947368421,0,0.11377245508982035,"Coby Mayo","28312",691723
"TJ Rumfield",2026,"FA,FC,FS,SI,CH,SL,CU,KC",703,0.6900584795321637,0.940677966101695,0.24324324324324326,0.5202702702702703,0.8701298701298701,0.42105263157894735,0.26436781609195403,0.5217391304347826,0.24751066856330015,0.06451612903225806,0,0.08819345661450925,"TJ Rumfield","29805",681198
"Justin Foscue",2026,"FA,FC,FS,SI,CH,SL,CU,KC",663,0.7321428571428571,0.8699186991869918,0.25339366515837103,0.5068027210884354,0.8523489932885906,0.4434389140271493,0.20567375886524822,0.5862068965517241,0.21266968325791855,0.05,0.3333333333333333,0.09049773755656108,"Justin Foscue","27501",679822
"Javier Sanoja",2026,"FA,FC,FS,SI,CH,SL,CU,KC",521,0.6608695652173913,0.8947368421052632,0.22072936660268713,0.5413223140495868,0.8854961832061069,0.46449136276391556,0.46017699115044247,0.8269230769230769,0.21689059500959693,0.058823529411764705,0,0.09788867562380038,"Javier Sanoja","28253",691594
"Paul Goldschmidt",2026,"FA,FC,FS,SI,CH,SL,CU,KC",755,0.6923076923076923,0.8518518518518519,0.25695364238410595,0.4727272727272727,0.8333333333333334,0.4357615894039735,0.2,0.59375,0.2119205298013245,0.05714285714285714,0.25,0.09271523178807947,"Paul Goldschmidt","9218",502671
"James Wood",2026,"FA,FC,FS,SI,CH,SL,CU,KC",872,0.6875,0.8636363636363636,0.25688073394495414,0.45866666666666667,0.6337209302325582,0.43004587155963303,0.21182266009852216,0.23255813953488372,0.23279816513761467,0.08571428571428572,0.16666666666666666,0.08027522935779817,"James Wood","29518",695578
"Cody Bellinger",2026,"FA,FC,FS,SI,CH,SL,CU",728,0.7058823529411765,0.9305555555555556,0.27884615384615385,0.5191082802547771,0.8650306748466258,0.42994505494505497,0.25,0.525,0.21978021978021978,0.02,0,0.06868131868131869,"Cody Bellinger","15998",641355
"Jackson Merrill",2026,"FA,FC,FS,SI,CH,SL,CU,KC",686,0.8128342245989305,0.8552631578947368,0.27113702623906705,0.6195652173913043,0.7777777777777778,0.40233236151603496,0.3496932515337423,0.5087719298245614,0.23615160349854228,0.08333333333333333,0,0.08746355685131195,"Jackson Merrill","29490",701538
"Ben Rice",2026,"FA,FC,FS,SI,CH,SL,CU,KC",848,0.6962025316455697,0.8545454545454545,0.2783018867924528,0.47633136094674555,0.7267080745341615,0.39858490566037735,0.2711864406779661,0.4583333333333333,0.20754716981132076,0.10416666666666667,0.1,0.11320754716981132,"Ben Rice","29576",700250
"Zach Neto",2026,"FA,FC,FS,SI,CH,SL,CU,KC,EP",740,0.7619047619047619,0.84375,0.22702702702702704,0.5936395759717314,0.7440476190476191,0.3824324324324324,0.33663366336633666,0.4117647058823529,0.2716216216216216,0.10344827586206896,0.2222222222222222,0.11621621621621622,"Zach Neto","31347",687263
"Shohei Ohtani",2026,"FA,FC,FS,SI,CH,SL,CU,KC",725,0.7164948453608248,0.8992805755395683,0.2675862068965517,0.5507246376811594,0.6447368421052632,0.38068965517241377,0.25625,0.3902439024390244,0.21793103448275863,0.08421052631578947,0.125,0.1310344827586207,"Shohei Ohtani","19755",660271
"Luke Keaschall",2026,"FA,FC,FS,SI,CH,SL,CU,KC",759,0.7130044843049327,0.8930817610062893,0.2938076416337286,0.440625,0.8439716312056738,0.42160737812911725,0.17333333333333334,0.46153846153846156,0.1976284584980237,0.06060606060606061,0,0.08695652173913043,"Luke Keaschall","33321",807712
"Drake Baldwin",2026,"FA,FC,FS,SI,CH,SL,CU,KC",800,0.7130044843049327,0.8805031446540881,0.27875,0.5264797507788161,0.8047337278106509,0.40125,0.2947976878612717,0.49019607843137253,0.21625,0.1686746987951807,0.2857142857142857,0.10375,"Drake Baldwin","31539",686948
"Mauricio Dubón",2026,"FA,FC,FS,SI,CH,SL,CU,KC",735,0.7644230769230769,0.9245283018867925,0.2816326530612245,0.6302816901408451,0.9273743016759777,0.38639455782312926,0.3240223463687151,0.7413793103448276,0.24353741496598638,0.0625,0,0.08707482993197278,"Mauricio Dubon","16530",643289
"Freddie Freeman",2026,"FA,FC,FS,SI,CH,SL,CU,KC",891,0.8278688524590164,0.8465346534653465,0.2716049382716049,0.547752808988764,0.7487179487179487,0.3995510662177329,0.2766990291262136,0.49122807017543857,0.23007856341189675,0.03529411764705882,0,0.09539842873176206,"Freddie Freeman","5361",518692
"Bryce Harper",2026,"FA,FC,FS,SI,CH,SL,CU,KC",1088,0.782608695652174,0.8282828282828283,0.23253676470588236,0.579520697167756,0.7218045112781954,0.421875,0.2938775510204082,0.4027777777777778,0.22518382352941177,0.13740458015267176,0.1111111111111111,0.11856617647058823,"Bryce Harper","11579",547180
"Jake McCarthy",2026,"FA,FC,FS,SI,CH,SL,CU,KC",586,0.8135593220338984,0.9027777777777778,0.30204778156996587,0.6707818930041153,0.7791411042944786,0.4129692832764505,0.31092436974789917,0.5945945945945946,0.2030716723549488,0.06382978723404255,0.3333333333333333,0.08020477815699659,"Jake McCarthy","21622",664983
"Josh Bell",2026,"FA,FC,FS,SI,CH,SL,CU,KC",825,0.7464114832535885,0.9230769230769231,0.25333333333333335,0.5397727272727273,0.7789473684210526,0.4266666666666667,0.2393617021276596,0.6222222222222222,0.22787878787878788,0.02631578947368421,0.5,0.09090909090909091,"Josh Bell","13145",605137
"Chase DeLauter",2026,"FA,FC,FS,SI,CH,SL,CU",689,0.7087912087912088,0.9302325581395349,0.262699564586357,0.4709897610921502,0.7898550724637681,0.42525399129172714,0.21875,0.6285714285714286,0.23222060957910015,0.037037037037037035,0,0.07692307692307693,"Chase DeLauter","32127",800050
"Elly De La Cruz",2026,"FA,FC,FS,SI,CH,SL,CU,KC",774,0.6145833333333334,0.8898305084745762,0.24806201550387597,0.47468354430379744,0.7266666666666667,0.4082687338501292,0.1919191919191919,0.42105263157894735,0.2558139534883721,0.058823529411764705,0,0.08785529715762273,"Elly De La Cruz","26668",682829
"Otto Lopez",2026,"FA,FC,FS,SI,CH,SL,CU,KC",645,0.6514285714285715,0.9649122807017544,0.26976744186046514,0.5390070921985816,0.8223684210526315,0.4372093023255814,0.2900763358778626,0.47368421052631576,0.20310077519379846,0.05263157894736842,0.3333333333333333,0.08837209302325581,"Otto Lopez","19608",672640
"Randal Grichuk",2026,"FA,FC,FS,SI,CH,SL,CU,KC",661,0.776536312849162,0.8992805755395683,0.2708018154311649,0.5978260869565217,0.8363636363636363,0.4175491679273828,0.3087248322147651,0.5652173913043478,0.22390317700453857,0.05263157894736842,0,0.08623298033282904,"Randal Grichuk","10243",545341
"Wilyer Abreu",2026,"FA,FC,FS,SI,CH,SL,CU,KC",905,0.7168141592920354,0.8703703703703703,0.24861878453038674,0.5202156334231806,0.7875647668393783,0.40994475138121544,0.23039215686274508,0.5957446808510638,0.225414364640884,0.038461538461538464,0.25,0.1138121546961326,"Wilyer Abreu","23772",677800
"Corbin Carroll",2026,"FA,FC,FS,SI,CH,SL,CU,KC",799,0.6405529953917051,0.8705035971223022,0.27033792240300375,0.45871559633027525,0.7733333333333333,0.40801001251564456,0.2,0.45714285714285713,0.21777221526908636,0.125,0.1,0.09887359198998748,"Corbin Carroll","25878",682998
"Pete Crow-Armstrong",2026,"FA,FC,FS,SI,CH,SL,CU,KC",944,0.7362204724409449,0.8877005347593583,0.2669491525423729,0.4973958333333333,0.7801047120418848,0.4067796610169492,0.29842931937172773,0.45614035087719296,0.20127118644067796,0.10434782608695652,0.08333333333333333,0.12076271186440678,"Pete Crow-Armstrong","27769",691718
"Kyle Schwarber",2026,"FA,FC,FS,SI,CH,SL,CU,KC",1113,0.7167832167832168,0.8536585365853658,0.2560646900269542,0.49015317286652077,0.6830357142857143,0.40970350404312667,0.19008264462809918,0.41304347826086957,0.2174303683737646,0.046875,0,0.11500449236298294,"Kyle Schwarber","16478",656941