Name,Season,Pitch,Pitches,O-Swing%,Z-Swing%,Swing%,O-Contact%,Z-Contact%,Contact%,Zone%,SwStr%,pVAL,pVAL/C,NameASCII,PlayerId,MLBAMID
"Kerry Carpenter",2026,"FA,FC,FS,SI,CH,SL,CU,KC",909,0.3737166324435318,0.6682464454976303,0.5104510451045104,0.5989010989010989,0.8404255319148937,0.7456896551724138,0.46424642464246424,0.12981298129812982,0.49572913999999835,0.05453565896589641,"Kerry Carpenter","25961",681481
"Kevin McGonigle",2026,"FA,FC,FS,SI,CH,SL,CU,KC,EP",2014,0.19740777666999004,0.6538081107814046,0.42651439920556106,0.696969696969697,0.9334341906202723,0.8789289871944121,0.5019860973187686,0.05163853028798411,-26.752367800000012,-1.3283201489572996,"Kevin McGonigle","33572",805808
"Ernie Clement",2026,"FA,FC,FS,SI,CH,SL,CU,KN,KC",1262,0.42063492063492064,0.7072784810126582,0.5641838351822503,0.7320754716981132,0.930648769574944,0.8567415730337079,0.5007923930269413,0.08082408874801902,8.861785400000002,0.7022016957210778,"Ernie Clement","20352",676391
"Gabriel Moreno",2026,"FA,FC,FS,SI,CH,SL,CU,KC",1738,0.2903930131004367,0.5231143552311436,0.4004602991944764,0.7481203007518797,0.9325581395348838,0.8620689655172413,0.47295742232451093,0.05523590333716916,-25.854146100000015,-1.487580327963177,"Gabriel Moreno","22664",672515
"A.J. Ewing",2026,"FA,FC,FS,SI,CH,SL,CU,KC,EP",1351,0.3,0.6475037821482602,0.4700222057735011,0.5893719806763285,0.8808411214953271,0.7858267716535433,0.48926720947446334,0.10066617320503331,-2.1444675000000033,-0.15873186528497432,"A.J. Ewing","33656",805999
"Carson Benge",2026,"FA,FC,FS,SI,CH,SL,CU,KC,EP",1847,0.29042904290429045,0.6300639658848614,0.4629128316188414,0.6515151515151515,0.8697123519458545,0.8023391812865497,0.5078505684894423,0.09149972929074174,-12.737330900000003,-0.6896226800216569,"Carson Benge","35177",701807
"Bo Bichette",2026,"FA,FC,FO,FS,SI,CH,SL,CU,KC,EP",1817,0.4226254002134472,0.6545454545454545,0.53494771601541,0.702020202020202,0.9010416666666666,0.8199588477366255,0.48431480462300497,0.09631260319207485,13.416541599999997,0.7383897413318655,"Bo Bichette","19612",666182
"Seiya Suzuki",2026,"FA,FC,FO,FS,SI,CH,SL,CU,KN,KC,EP",2016,0.2381870781099325,0.5863125638406538,0.4072420634920635,0.5141700404858299,0.8763066202090593,0.7673568818514007,0.48561507936507936,0.09474206349206349,-10.35910596,-0.5138445416666667,"Seiya Suzuki","30116",673548
"Sal Stewart",2026,"FA,FC,FS,SI,CH,SL,CU,KC,EP",1978,0.3437185929648241,0.6642929806714141,0.5030333670374115,0.6228070175438597,0.8254211332312404,0.7557788944723618,0.4969666329625885,0.12285136501516683,-9.155613500000005,-0.4628722699696666,"Sal Stewart","31505",701398
"Troy Johnston",2026,"FA,FC,FO,FS,SI,CH,SL,CU,KN,KC,EP",1235,0.37116564417177916,0.6655231560891939,0.5101214574898786,0.628099173553719,0.8634020618556701,0.773015873015873,0.4720647773279352,0.11578947368421053,-9.131387560000006,-0.7393836080971664,"Troy Johnston","26143",687859
"Yandy Díaz",2026,"FA,FC,FO,FS,SI,CH,SL,CU,KC",1800,0.271889400921659,0.6555793991416309,0.47055555555555556,0.7372881355932204,0.9230769230769231,0.8713105076741441,0.5177777777777778,0.06055555555555556,-15.119523200000007,-0.8399735111111115,"Yandy Diaz","16578",650490
"Jackson Merrill",2026,"FA,FC,FS,SI,CH,SL,CU,KC,EP",1853,0.3820335636722606,0.7726190476190476,0.5590933621154884,0.5943152454780362,0.8382126348228043,0.747104247104247,0.4533189422558014,0.14139233675121424,1.8894929999999956,0.1019694009713975,"Jackson Merrill","29490",701538
"Eugenio Suárez",2026,"FA,FC,FO,FS,SI,CH,SL,CU,KC",1454,0.31154381084840055,0.6489795918367347,0.48211829436038517,0.44642857142857145,0.8197064989517819,0.7004279600570613,0.5055020632737276,0.14442916093535077,-0.8988241000000055,-0.06181733837689171,"Eugenio Suarez","12552",553993
"Colton Cowser",2026,"FA,FC,FS,SI,CH,SL,CU,KC",1384,0.28267045454545453,0.6147058823529412,0.4458092485549133,0.457286432160804,0.8181818181818182,0.7017828200972447,0.4913294797687861,0.1329479768786127,-2.5687823000000014,-0.18560565751445096,"Colton Cowser","29591",681297
"Christian Vázquez",2026,"FA,FC,FS,SI,CH,SL,CU,KC",789,0.35121951219512193,0.5910290237467019,0.4664131812420786,0.6875,0.8928571428571429,0.8125,0.4803548795944233,0.08745247148288973,10.602498399999996,1.3437894043092518,"Christian Vazquez","9774",543877
"Curtis Mead",2026,"FA,FC,FS,SI,CH,SL,CU,KC,EP",807,0.2780487804878049,0.5239294710327456,0.3990086741016109,0.6666666666666666,0.9134615384615384,0.8260869565217391,0.4919454770755886,0.06939281288723669,-4.739819700000002,-0.5873382527881044,"Curtis Mead","23986",678554
"Pete Crow-Armstrong",2026,"FA,FC,FO,FS,SI,CH,SL,CU,KN,KC,EP",1950,0.36182336182336183,0.6845039018952063,0.5102564102564102,0.5958005249343832,0.8517915309446255,0.7537688442211056,0.46,0.12564102564102564,-35.34539550000001,-1.812584384615385,"Pete Crow-Armstrong","27769",691718
"Mike Yastrzemski",2026,"FA,FC,FO,FS,SI,CH,SL,CU,KN,KC,EP",1560,0.26956521739130435,0.5880794701986755,0.4237179487179487,0.5990783410138248,0.8896396396396397,0.794251134644478,0.483974358974359,0.08717948717948718,1.7626994999999985,0.11299355769230761,"Mike Yastrzemski","14854",573262
"Chase Meidroth",2026,"FA,FC,FS,SI,CH,SL,CU,KC,EP",1883,0.2972972972972973,0.5229645093945721,0.4121083377588954,0.7345454545454545,0.8542914171656687,0.8118556701030928,0.5087626128518322,0.07753584705257567,6.973726099999993,0.37035189060010587,"Chase Meidroth","31580",805367
"Miguel Vargas",2026,"FA,FC,FS,SI,CH,SL,CU,KC",1960,0.20603015075376885,0.6818652849740933,0.4403061224489796,0.6682926829268293,0.8556231003039514,0.8111239860950173,0.4923469387755102,0.08316326530612245,-11.493339900000002,-0.586394892857143,"Miguel Vargas","20178",678246
"Jordan Walker",2026,"FA,FC,FO,FS,SI,CH,SL,CU,KC",1717,0.36529126213592233,0.6842105263157895,0.5311589982527665,0.4485049833887043,0.8101472995090017,0.6907894736842105,0.5200931857891672,0.16423995340710543,-4.717216800000001,-0.2747359813628422,"Jordan Walker","27475",691023
"Luis García Jr.",2026,"FA,FC,FO,FS,SI,CH,SL,CU,KC,EP",1678,0.3678290213723285,0.6996197718631179,0.5238379022646007,0.6941896024464832,0.9021739130434783,0.8248009101251422,0.47020262216924913,0.09177592371871275,-17.414421800000003,-1.0378082121573304,"Luis Garcia Jr.","20391",671277
"CJ Abrams",2026,"FA,FC,FO,FS,SI,CH,SL,CU,KC,EP",1729,0.3482905982905983,0.6847414880201765,0.5026026604973973,0.5613496932515337,0.8471454880294659,0.7399309551208285,0.45864661654135336,0.1307113938692886,-22.67361180000001,-1.3113714170040491,"CJ Abrams","25768",682928
"Fernando Tatis Jr.",2026,"FA,FC,FS,SI,CH,SL,CU,KC,EP",1907,0.26254002134471716,0.6742268041237114,0.47194546407970633,0.4715447154471545,0.8792048929663608,0.7677777777777778,0.508652333508128,0.10959622443628736,-8.578090800000009,-0.44982122705820704,"Fernando Tatis Jr.","19709",665487
"Marcelo Mayer",2026,"FA,FC,FS,SI,CH,SL,CU,KC",831,0.2748267898383372,0.7185929648241206,0.48736462093862815,0.47058823529411764,0.8566433566433567,0.7432098765432099,0.4789410348977136,0.12515042117930206,13.578739299999997,1.6340239831528276,"Marcelo Mayer","29668",691785
"Yordan Alvarez",2026,"FA,FC,FS,SI,CH,SL,CU,KC",1938,0.27625354777672656,0.5947786606129398,0.42105263157894735,0.6746575342465754,0.9217557251908397,0.8333333333333334,0.4545923632610939,0.07017543859649122,-55.91246899999999,-2.8850603199174403,"Yordan Alvarez","19556",670541
"Richie Palacios",2026,"FA,FC,FO,FS,SI,CH,SL,CU,KN,KC,EP",1289,0.31383737517831667,0.6224489795918368,0.4546159813809154,0.7090909090909091,0.8825136612021858,0.8174061433447098,0.4561675717610551,0.08301008533747091,-4.093668400000002,-0.3175848254460824,"Richie Palacios","24589",680700
"Alec Burleson",2026,"FA,FC,FO,FS,SI,CH,SL,CU,KC",1775,0.3820803295571576,0.7039800995024875,0.527887323943662,0.7142857142857143,0.8480565371024735,0.7950907150480256,0.4529577464788732,0.10816901408450705,-30.05458760000001,-1.693216202816902,"Alec Burleson","27615",676475
"Cole Carrigg",2026,"FA,FC,FS,SI,CH,SL,CU,KC,EP",850,0.3053097345132743,0.6733668341708543,0.4776470588235294,0.5869565217391305,0.8731343283582089,0.7758620689655172,0.4682352941176471,0.10705882352941176,-7.101471799999998,-0.8354672705882351,"Cole Carrigg","33253",694249
"Alex Bregman",2026,"FA,FC,FO,FS,SI,CH,SL,CU,KN,KC,EP",2046,0.23309053069719043,0.5944700460829493,0.42473118279569894,0.6875,0.9100775193798449,0.8527042577675489,0.5303030303030303,0.06256109481915934,-5.8608761,-0.2864553323558162,"Alex Bregman","17678",608324
"Luis Campusano",2026,"FA,FC,FO,FS,SI,CH,SL,CU,KC,EP",785,0.2860696517412935,0.6736292428198434,0.4751592356687898,0.4956521739130435,0.8604651162790697,0.7479892761394102,0.4878980891719745,0.1197452229299363,-5.2757377000000005,-0.6720684968152867,"Luis Campusano","22217",669134
"Alex Freeland",2026,"FA,FC,FS,SI,CH,SL,CU,KN,KC,EP",958,0.21548117154811716,0.5770833333333333,0.3966597077244259,0.5825242718446602,0.8339350180505415,0.7657894736842106,0.5010438413361169,0.09290187891440502,2.4135961999999975,0.2519411482254695,"Alex Freeland","31665",690976
"Otto Lopez",2026,"FA,FC,FS,SI,CH,SL,CU,KN,KC",1874,0.2839506172839506,0.6113936927772126,0.45570971184631803,0.6284584980237155,0.913477537437604,0.8290398126463701,0.5245464247598719,0.07790821771611527,-9.364716200000004,-0.499718046958378,"Otto Lopez","19608",672640
"Taylor Trammell",2026,"FA,FC,FS,SI,CH,SL,CU,KC",934,0.31524008350730687,0.6681318681318681,0.487152034261242,0.36423841059602646,0.7631578947368421,0.6307692307692307,0.487152034261242,0.17987152034261242,5.260510299999996,0.5632238008565307,"Taylor Trammell","19960",666211
"Cedric Mullins",2026,"FA,FC,FS,SI,CH,SL,CU,KN,KC,EP",1459,0.3133159268929504,0.6810966810966811,0.4880054832076765,0.675,0.8813559322033898,0.8117977528089888,0.47498286497601094,0.09184372858122002,7.013441699999997,0.4807019671007537,"Cedric Mullins","17929",656775
"Austin Martin",2026,"FA,FC,FS,SI,CH,SL,CU,KC,EP",708,0.20241691842900303,0.6180371352785146,0.423728813559322,0.582089552238806,0.8755364806866953,0.81,0.5324858757062146,0.08050847457627118,8.6920041,1.2276841949152544,"Austin Martin","27462",668885
"Casey Schmitt",2026,"FA,FC,FO,FS,SI,CH,SL,CU,KC",1067,0.3426294820717131,0.6920353982300885,0.5276476101218369,0.5581395348837209,0.9028132992327366,0.7975133214920072,0.5295220243673852,0.10684161199625117,-0.6183627600000023,-0.05795339831302739,"Casey Schmitt","27577",669477
"Kyler Fedko",2026,"FA,FC,SI,CH,SL,CU,EP",27,0.5333333333333333,0.5833333333333334,0.5555555555555556,0.5,0.8571428571428571,0.6666666666666666,0.4444444444444444,0.18518518518518517,1.8692187,6.923032222222222,"Kyler Fedko","29930",693459
"Kyren Paris",2026,"FA,FC,SI,SL",22,0.23076923076923078,0.5555555555555556,0.36363636363636365,0,0.6,0.375,0.4090909090909091,0.22727272727272727,0.4860199,2.2091813636363637,"Kyren Paris","26420",677347
"Eric Wagaman",2026,"FA,FC,FS,SI,CH,SL,CU,KC",37,0.47368421052631576,0.6666666666666666,0.5675675675675675,0.6666666666666666,0.6666666666666666,0.6666666666666666,0.4864864864864865,0.1891891891891892,2.174062,5.875843243243244,"Eric Wagaman","23395",676572
"Jihwan Bae",2026,"FC,SI,CH",9,0.3333333333333333,0.3333333333333333,0.3333333333333333,0.5,1,0.6666666666666666,0.3333333333333333,0.1111111111111111,-0.07176820000000009,-0.7974244444444454,"Jihwan Bae","23818",678225
"Otto Kemp",2026,"FA,FS,SI,CH,SL,CU,KC",19,0.6363636363636364,0.75,0.6842105263157895,0.2857142857142857,0.8333333333333334,0.5384615384615384,0.42105263157894735,0.3157894736842105,1.4149258,7.446977894736842,"Otto Kemp","31792",805249
"Joey Meneses",2026,"FA,FS,SI,SL,KC",27,0.3888888888888889,0.4444444444444444,0.4074074074074074,0.42857142857142855,1,0.6363636363636364,0.3333333333333333,0.14814814814814814,1.6790849999999997,6.2188333333333325,"Joey Meneses","14366",608841
"Miles Mikolas",2026,"FA",3,0,0.5,0.3333333333333333,0,1,1,0.6666666666666666,0,0.1502,5.006666666666667,"Miles Mikolas","9803",571945
"César Salazar",2026,"FA,FC,FS,SI,CH,SL,CU",71,0.2857142857142857,0.5555555555555556,0.4225352112676056,0.8,0.9,0.8666666666666667,0.5070422535211268,0.056338028169014086,2.0341642,2.8650200000000003,"Cesar Salazar","21587",663967
"Luken Baker",2026,"FA,FS,SI,SL,CU",8,0.5,0.5,0.5,0,0.5,0.25,0.5,0.375,0.5466808,6.8335099999999995,"Luken Baker","21497",663609
"BJ Murray Jr.",2026,"FA,SI,CH,SL",20,0.3333333333333333,0.7272727272727273,0.55,1,0.75,0.8181818181818182,0.55,0.1,1.0780953,5.3904765,"BJ Murray Jr.","29767",681230
"Trei Cruz",2026,"FA,FC,SI,CH,SL,CU",17,0.16666666666666666,0.6363636363636364,0.47058823529411764,0,0.5714285714285714,0.5,0.6470588235294118,0.23529411764705882,1.0158252,5.975442352941177,"Trei Cruz","27569",669360
"Ryan Bliss",2026,"FA,FC,SI,SL",26,0.26666666666666666,0.6363636363636364,0.4230769230769231,0.25,0.5714285714285714,0.45454545454545453,0.4230769230769231,0.23076923076923078,0.9813711,3.7745042307692307,"Ryan Bliss","29547",669208
"Oliver Dunn",2026,"FA,FC,SI,CH,SL,CU,KC",27,0.18181818181818182,0.5,0.37037037037037035,0.5,0.875,0.8,0.5925925925925926,0.07407407407407407,1.3429723,4.973971481481482,"Oliver Dunn","26295",686554
"Logan Porter",2026,"SI,CH,SL",5,0,0.3333333333333333,0.2,0,1,1,0.6,0,0.26402729999999996,5.280545999999999,"Logan Porter","20626",682515
"Maverick Handley",2026,"FC,SL",4,0.5,1,0.75,0,0.5,0.3333333333333333,0.5,0.5,0.26402780000000003,6.600695000000001,"Maverick Handley","26106",668974
"Rudy Martin Jr.",2026,"FA,SL,CU",7,0,0.2,0.14285714285714285,0,1,1,0.7142857142857143,0,0.4717996,6.739994285714286,"Rudy Martin Jr.","18582",657675
"Blake Hunt",2026,"FA,CH,SL",7,0.3333333333333333,0.5,0.42857142857142855,1,0,0.3333333333333333,0.5714285714285714,0.2857142857142857,0.2733399,3.9048557142857145,"Blake Hunt","23209",675448
"Scott Kingery",2026,"FA,SL",3,1,1,1,1,0.5,0.6666666666666666,0.6666666666666666,0.3333333333333333,0.5996769,19.98923,"Scott Kingery","17975",664068
"James Triantos",2026,"FA,SI,CH,SL,KC,EP",15,0.2857142857142857,0.625,0.4666666666666667,0.5,0.6,0.5714285714285714,0.5333333333333333,0.2,0.8962544,5.9750293333333335,"James Triantos","29795",701649
"Davis Wendzel",2026,"FA,SL",7,0.4,0.5,0.42857142857142855,1,1,1,0.2857142857142857,0,0.2203828,3.1483257142857144,"Davis Wendzel","26469",673995
"Aaron Sabato",2026,"FA,SI,SL",11,0.3333333333333333,0.8,0.5454545454545454,0.5,0.75,0.6666666666666666,0.45454545454545453,0.18181818181818182,0.8047548999999999,7.315953636363635,"Aaron Sabato","27774",693306
"Will Wilson",2026,"FA,FC,FS,SL,CU",18,0.36363636363636365,0.7142857142857143,0.5,0.25,0.8,0.5555555555555556,0.3888888888888889,0.2222222222222222,0.42710970000000004,2.372831666666667,"Will Wilson","25434",669717
"Randy Vásquez",2026,"EP",1,0,1,1,0,1,1,1,0,0.220382,22.0382,"Randy Vasquez","24719",681190
"Dylan Carlson",2026,"FA,FS,SL",4,0,0.3333333333333333,0.25,0,1,1,0.75,0,0.2580747,6.4518675,"Dylan Carlson","20126",666185
"Dylan Moore",2026,"FA,FC,FS,SI,SL,CU",15,0.4,0.6,0.4666666666666667,0.25,0.6666666666666666,0.42857142857142855,0.3333333333333333,0.26666666666666666,0.8047548999999999,5.365032666666666,"Dylan Moore","18042",664238
"Andy Ibáñez",2026,"SI,SL",5,0,1,0.2,0,1,1,0.2,0,-0.10430690000000001,-2.086138,"Andy Ibanez","18819",628451
"Will Brennan",2026,"FA,FC,SI,CH,SL,CU,KC",68,0.4857142857142857,0.8484848484848485,0.6617647058823529,0.9411764705882353,0.9285714285714286,0.9333333333333333,0.4852941176470588,0.04411764705882353,5.9750516000000005,8.786840588235295,"Will Brennan","25660",686823
"Michael Siani",2026,"EP",4,0.25,0,0.25,1,0,1,0,0,0.22038210000000003,5.509552500000001,"Michael Siani","22557",672279
"Cristian Pache",2026,"FA,FS,SI,SL",22,0.3333333333333333,0.8,0.5454545454545454,0.75,0.75,0.75,0.45454545454545453,0.13636363636363635,1.0251377000000002,4.659716818181819,"Cristian Pache","19948",665506
"Addison Barger",2026,"FA,FC,SI,CH,SL,CU,KC",94,0.3448275862068966,0.6388888888888888,0.4574468085106383,0.65,0.9130434782608695,0.7906976744186046,0.3829787234042553,0.09574468085106383,3.3618791,3.5764671276595745,"Addison Barger","24598",680718
"José Barrero",2026,"FA,FC,SI,SL",11,0.8,0.5,0.6363636363636364,0.25,1,0.5714285714285714,0.5454545454545454,0.2727272727272727,0.3174249999999999,2.8856818181818173,"Jose Barrero","23378",676480
"Collin Price",2026,"FA,FC,SI,CH,SL,CU",43,0.38095238095238093,0.6363636363636364,0.5116279069767442,0,0.7857142857142857,0.5,0.5116279069767442,0.2558139534883721,1.3520313000000002,3.1442588372093025,"Collin Price","31415",805672
"Andrew Velazquez",2026,"FA,FC,FS,SI,CH,SL,CU",35,0.4375,0.5263157894736842,0.4857142857142857,0.8571428571428571,0.9,0.8823529411764706,0.5428571428571428,0.05714285714285714,2.216798,6.333708571428572,"Andrew Velazquez","14196",623205
"Daniel Johnson",2026,"FA,FC,FS,SI,CH,SL,CU",46,0.2222222222222222,0.6842105263157895,0.41304347826086957,0.5,0.9230769230769231,0.7894736842105263,0.41304347826086957,0.08695652173913043,1.9118139,4.156117173913044,"Daniel Johnson","19643",669288
"Chad Stevens",2026,"FA,FC,FS,SI,SL,CU,KC,EP",61,0.3939393939393939,0.6428571428571429,0.5081967213114754,0.46153846153846156,0.8333333333333334,0.6774193548387096,0.45901639344262296,0.16393442622950818,2.2122999000000005,3.6267211475409846,"Chad Stevens","29614",677060
"Nick Solak",2026,"FA,FC,CH,SL",6,0.25,1,0.5,1,1,1,0.3333333333333333,0,-0.5120876999999999,-8.534794999999999,"Nick Solak","19294",669256
"Deyvison De Los Santos",2026,"FA,FC,SI,CH,SL,CU",70,0.2571428571428571,0.6571428571428571,0.45714285714285713,0.2222222222222222,1,0.78125,0.5,0.1,3.3599878999999997,4.799982714285714,"Deyvison De Los Santos","27969",691277
"Jeimer Candelario",2026,"FA,FC,FS,SI,CH,SL,CU,KC",49,0.38095238095238093,0.7142857142857143,0.5714285714285714,0.375,0.5,0.4642857142857143,0.5714285714285714,0.30612244897959184,2.3390447,4.773560612244898,"Jeimer Candelario","13621",600869
"Brian Navarreto",2026,"FA,FC,FS,SI,CH,SL,CU,EP",75,0.3170731707317073,0.7058823529411765,0.49333333333333335,0.6923076923076923,0.8333333333333334,0.7837837837837838,0.4533333333333333,0.10666666666666667,2.8360246,3.781366133333333,"Brian Navarreto","16398",640459
"Tommy Pham",2026,"FA,FS,CH,SL,CU",20,0,0.7692307692307693,0.5,0,0.8,0.8,0.65,0.1,0.5590244,2.795122,"Tommy Pham","2967",502054
"Shawn Ross",2026,"FA,FC,SI,SL,CU",21,0.2727272727272727,0.7,0.47619047619047616,0,0.7142857142857143,0.5,0.47619047619047616,0.23809523809523808,-0.3761224000000001,-1.791059047619048,"Shawn Ross","32054",676566
"Stuart Fairchild",2026,"FA,FC,FS,SI,SL,CU",21,0.42857142857142855,0.7142857142857143,0.5238095238095238,0.16666666666666666,0.4,0.2727272727272727,0.3333333333333333,0.38095238095238093,0.013955900000000021,0.06645666666666676,"Stuart Fairchild","20321",656413
"Eddys Leonard",2026,"FA,FC,FS,SI,CH,SL",13,0.6666666666666666,0,0.6153846153846154,0.5,0,0.5,0.07692307692307693,0.3076923076923077,0.021657600000000055,0.16659692307692348,"Eddys Leonard","24151",678760
"Kyle Farmer",2026,"FA,FC,SI,CH,SL,CU,EP",15,0.6,0.7,0.6666666666666666,1,0.8571428571428571,0.9,0.6666666666666666,0.06666666666666667,0.6076652,4.051101333333333,"Kyle Farmer","14813",571657
"Bo Davidson",2026,"FA,FC,FS,CH,SL,CU",34,0.21428571428571427,0.7,0.5,0.3333333333333333,0.7857142857142857,0.7058823529411765,0.5882352941176471,0.14705882352941177,0.46230019999999983,1.359706470588235,"Bo Davidson","33405",815589
"Luke Maile",2026,"FA,FC,SI,SL,CU,KC,EP",54,0.19230769230769232,0.5357142857142857,0.37037037037037035,0.4,0.8666666666666667,0.75,0.5185185185185185,0.09259259259259259,3.1558247999999995,5.844119999999999,"Luke Maile","13355",571912
"Ben Rortvedt",2026,"FA,FC,FS,SI,CH,SL,CU",58,0.2962962962962963,0.5806451612903226,0.4482758620689655,0.5,0.8888888888888888,0.7692307692307693,0.5344827586206896,0.10344827586206896,3.0765263000000003,5.304355689655173,"Ben Rortvedt","20287",666163
"Vidal Bruján",2026,"FA,FS,SI,CH,SL,CU",27,0.15384615384615385,0.8571428571428571,0.5185185185185185,0.5,0.75,0.7142857142857143,0.5185185185185185,0.14814814814814814,0.8887857000000001,3.2917988888888896,"Vidal Brujan","20536",660644
"Greg Jones",2026,"FA,FC,FS,SI,CH,SL,CU",54,0.5217391304347826,0.5161290322580645,0.5185185185185185,0.5,0.75,0.6428571428571429,0.5740740740740741,0.18518518518518517,3.6358863,6.733122777777778,"Greg Jones","25448",675659
"Oswaldo Cabrera",2026,"FA,FC,FS,SI,CH,SL,CU,KC",45,0.35714285714285715,0.6451612903225806,0.5555555555555556,0.4,0.95,0.84,0.6888888888888889,0.08888888888888889,2.8970713999999997,6.437936444444444,"Oswaldo Cabrera","21707",665828
"Aramis Garcia",2026,"FA,FC,FS,SI,SL,EP",53,0.34615384615384615,0.6666666666666666,0.5094339622641509,0.5555555555555556,0.8888888888888888,0.7777777777777778,0.5094339622641509,0.11320754716981132,3.4622815,6.532606603773584,"Aramis Garcia","16925",605244
"Kenny Piper",2026,"FA,FC,SI,CH,SL,KC",24,0.25,0.75,0.5833333333333334,0,0.9166666666666666,0.7857142857142857,0.6666666666666666,0.125,0.471195,1.9633124999999998,"Kenny Piper","29962",700652
"Ivan Johnson",2026,"FA,FC,CH,SL,CU",35,0.3125,0.631578947368421,0.4857142857142857,0.2,0.75,0.5882352941176471,0.5428571428571428,0.2,0.4033733999999999,1.1524954285714282,"Ivan Johnson","27593",671155
"Colby Thomas",2026,"FA,FS,SI,SL,CU",59,0.6071428571428571,0.7419354838709677,0.6779661016949152,0.47058823529411764,0.782608695652174,0.65,0.5254237288135594,0.23728813559322035,4.970177300000001,8.4240293220339,"Colby Thomas","31855",687515
"Johnathan Rodríguez",2026,"FC,SI",7,0.25,0.6666666666666666,0.42857142857142855,0,0.5,0.3333333333333333,0.42857142857142855,0.2857142857142857,-0.19872440000000002,-2.8389200000000003,"Johnathan Rodriguez","22530",671286
"Jonah Bride",2026,"FA,FC,SI,SL,CU",11,0.25,0.42857142857142855,0.36363636363636365,0,1,0.75,0.6363636363636364,0.09090909090909091,0.050038299999999966,0.45489363636363606,"Jonah Bride","24703",681146
"Jonathan Ornelas",2026,"FA,FC,SI,CH,SL,EP",17,0.4444444444444444,0.625,0.5294117647058824,0.5,0.2,0.3333333333333333,0.47058823529411764,0.35294117647058826,0.6119842999999999,3.5999076470588234,"Jonathan Ornelas","24597",680716
"Jared Oliva",2026,"FA,FC,SI,SL",16,0.5,0.5,0.5,0.5,1,0.875,0.75,0.0625,0.6225093999999998,3.8906837499999987,"Jared Oliva","19968",666931
"Ben Ross",2026,"FA,FC,SI,CH,SL,CU",60,0.3793103448275862,0.6774193548387096,0.5333333333333333,0.18181818181818182,0.6666666666666666,0.5,0.5166666666666667,0.26666666666666666,2.6548165,4.424694166666667,"Ben Ross","31710",805346
"Carlos Santana",2026,"FA,FC,FS,SI,CH,SL,CU",89,0.4,0.7045454545454546,0.550561797752809,0.3888888888888889,0.8709677419354839,0.6938775510204082,0.4943820224719101,0.16853932584269662,4.172200999999999,4.687866292134831,"Carlos Santana","2396",467793
"Victor Mederos",2026,"EP",3,1,0.5,0.6666666666666666,1,1,1,0.6666666666666666,0,-0.4720651,-15.735503333333334,"Victor Mederos","31533",682989
"Steward Berroa",2026,"FA,SL",3,1,0.5,0.6666666666666666,1,1,1,0.6666666666666666,0,-0.21399010000000002,-7.133003333333334,"Steward Berroa","22766",672642
"Omar Martinez",2026,"FA,FC,SI,CU",12,0.2857142857142857,0.6,0.4166666666666667,1,1,1,0.4166666666666667,0,0.05003679999999994,0.4169733333333328,"Omar Martinez","25369",683079
"DaShawn Keirsey Jr.",2026,"EP",1,1,0,1,1,0,1,0,0,-0.472065,-47.2065,"DaShawn Keirsey Jr.","24496",680577
"Brett Harris",2026,"FA,FC,FS,SI,CH,SL,CU,EP",84,0.18421052631578946,0.5217391304347826,0.36904761904761907,0.14285714285714285,0.9166666666666666,0.7419354838709677,0.5476190476190477,0.09523809523809523,2.8360893999999996,3.3762969047619045,"Brett Harris","29788",695391
"Jace Jung",2026,"FA,FC,SI,CH,SL,CU",39,0.21052631578947367,0.7,0.46153846153846156,0.5,1,0.8888888888888888,0.5128205128205128,0.05128205128205128,0.023175900000000027,0.059425384615384685,"Jace Jung","31437",690291
"Sam Haggerty",2026,"FA,FC,FS,CH,SL,CU,KC,EP",39,0.5,0.7894736842105263,0.6410256410256411,0.4,0.8666666666666667,0.68,0.48717948717948717,0.20512820512820512,1.9332044,4.956934358974359,"Sam Haggerty","18054",664059
"Sam Huff",2026,"FA,FS,SI,CH,SL,KC,EP",76,0.5151515151515151,0.6744186046511628,0.6052631578947368,0.23529411764705882,0.7931034482758621,0.5869565217391305,0.5657894736842105,0.25,3.4654278999999995,4.559773552631579,"Sam Huff","22209",669087
"César Prieto",2026,"FA,FC,FS,SI,CH,SL,CU,KC",97,0.39655172413793105,0.6410256410256411,0.4948453608247423,0.6086956521739131,1,0.8125,0.4020618556701031,0.09278350515463918,7.116181699999999,7.336269793814432,"Cesar Prieto","30163",693409
"Daz Cameron",2026,"FA,FC,SI,SL",15,0.5714285714285714,0.375,0.4666666666666667,0.75,1,0.8571428571428571,0.5333333333333333,0.06666666666666667,-0.42202760000000006,-2.8135173333333334,"Daz Cameron","18353",663662
"Rob Refsnyder",2026,"FA,FC,FS,SI,CH,SL,CU",74,0.3076923076923077,0.6571428571428571,0.47297297297297297,0.3333333333333333,0.8260869565217391,0.6571428571428571,0.47297297297297297,0.16216216216216217,3.4165783000000003,4.616997702702704,"Rob Refsnyder","13770",608701
"Kevin Alcántara",2026,"FA,FS,SI,CH,SL,CU,EP",40,0.35,0.7,0.525,0.42857142857142855,0.7142857142857143,0.6190476190476191,0.5,0.2,1.0480969999999998,2.6202424999999994,"Kevin Alcantara","25971",682634
"Hayden Senger",2026,"FA,FC,FS,SI,SL,CU,EP",52,0.48148148148148145,0.8,0.6346153846153846,0.46153846153846156,0.95,0.7575757575757576,0.4807692307692308,0.15384615384615385,1.6256689999999998,3.1262865384615384,"Hayden Senger","21489",663584
"Michael Stefanic",2026,"FA,FC,SI,SL,CU",23,0.25,0.6,0.4782608695652174,1,0.7777777777777778,0.8181818181818182,0.6521739130434783,0.08695652173913043,0.07506249999999992,0.32635869565217357,"Michael Stefanic","25353",683021
"Chuckie Robinson",2026,"FA,FC,SI,CH,SL,CU",65,0.4,0.7428571428571429,0.5846153846153846,0.75,0.6923076923076923,0.7105263157894737,0.5384615384615384,0.16923076923076924,2.8181448999999996,4.335607538461538,"Chuckie Robinson","19824",642020
"Jared Serna",2026,"FA,FC,SI,CH,SL",38,0.2631578947368421,0.7368421052631579,0.5,0.4,0.8571428571428571,0.7368421052631579,0.5,0.13157894736842105,1.1671889000000002,3.071549736842106,"Jared Serna","28326",691858
"Matthew Lugo",2026,"FA,FC,SI,SL",22,0.42857142857142855,0.875,0.5909090909090909,0.6666666666666666,0.7142857142857143,0.6923076923076923,0.36363636363636365,0.18181818181818182,-0.25894520000000026,-1.1770236363636377,"Matthew Lugo","25980",683090
"Vimael Machín",2026,"FA,SI,CH,SL,CU",18,0.2727272727272727,0.5714285714285714,0.3888888888888889,0.3333333333333333,0.75,0.5714285714285714,0.3888888888888889,0.16666666666666666,-0.45972080000000004,-2.5540044444444447,"Vimael Machin","17684",605353
"Sandy León",2026,"FA,FC,SI,CH,SL,CU",100,0.3333333333333333,0.6363636363636364,0.5,0.5333333333333333,0.9142857142857143,0.8,0.55,0.1,4.6702158,4.6702158,"Sandy Leon","5273",506702
"Trey Mancini",2026,"FA,FC,SI,CH,SL,CU",37,0.4117647058823529,0.8,0.6216216216216216,0.8571428571428571,0.9375,0.9130434782608695,0.5405405405405406,0.05405405405405406,1.4754405,3.987677027027027,"Trey Mancini","15149",641820
"Eliezer Alfonzo",2026,"FA,FC,FS,SI,CH,SL,CU",52,0.4,0.6296296296296297,0.5192307692307693,0.9,0.8823529411764706,0.8888888888888888,0.5192307692307693,0.057692307692307696,1.6086589,3.093574807692308,"Eliezer Alfonzo","22741",672613
"Scott Bandura",2026,"FA,FC,FS,SI,CH,SL,CU,KC",72,0.3142857142857143,0.6216216216216216,0.4722222222222222,0.45454545454545453,0.782608695652174,0.6764705882352942,0.5138888888888888,0.1527777777777778,2.1638639,3.0053665277777775,"Scott Bandura","33398",814154
"Rowdy Tellez",2026,"FA,FC,SI,CH,SL,KC",42,0.3181818181818182,0.65,0.47619047619047616,0.42857142857142855,0.7692307692307693,0.65,0.47619047619047616,0.16666666666666666,-0.5097496000000001,-1.2136895238095242,"Rowdy Tellez","15679",642133
"Andrew Pinckney",2026,"FA,FC,FS,SI,SL,CU",53,0.13636363636363635,0.5161290322580645,0.3584905660377358,0.3333333333333333,0.6875,0.631578947368421,0.5849056603773585,0.1320754716981132,1.6570479,3.1265054716981133,"Andrew Pinckney","33357",687605
"Michael Toglia",2026,"FA,FC,FS,SI,CH,SL,CU,KC",77,0.34210526315789475,0.6153846153846154,0.4805194805194805,0.3076923076923077,0.8333333333333334,0.6486486486486487,0.5064935064935064,0.16883116883116883,3.620940600000001,4.702520259740261,"Michael Toglia","25845",669911
"Michael Helman",2026,"FA,FC,FS,SI,CH,SL,CU",65,0.42424242424242425,0.71875,0.5692307692307692,0.7857142857142857,0.782608695652174,0.7837837837837838,0.49230769230769234,0.12307692307692308,1.6022723999999995,2.465034461538461,"Michael Helman","24605",680737
"Bryce Teodosio",2026,"FA,FC,FS,SI,SL,CU",95,0.3181818181818182,0.5686274509803921,0.45263157894736844,0.35714285714285715,0.8275862068965517,0.6744186046511628,0.5368421052631579,0.14736842105263157,3.3543743,3.5309203157894737,"Bryce Teodosio","29524",669326
"Gustavo Campero",2026,"FA,FC,FS,SI,SL,CU",27,0.4375,0.7272727272727273,0.5555555555555556,0.42857142857142855,0.875,0.6666666666666666,0.4074074074074074,0.18518518518518517,-0.12017130000000004,-0.445078888888889,"Gustavo Campero","22707",672569
"José Azócar",2026,"FA,FC,SI,SL",19,0.4166666666666667,0.8571428571428571,0.5789473684210527,0.6,0.6666666666666666,0.6363636363636364,0.3684210526315789,0.21052631578947367,-0.40511460000000005,-2.132182105263158,"Jose Azocar","18821",640492
"Cooper Ingle",2026,"FA,FC,FS,SI,CH,SL,CU,KC",94,0.2222222222222222,0.6122448979591837,0.425531914893617,0.6,0.8666666666666667,0.8,0.5212765957446809,0.0851063829787234,1.8798679000000003,1.9998594680851067,"Cooper Ingle","33708",694876
"Blake Perkins",2026,"FA,FC,FS,SI,CH,SL,CU,EP",168,0.25,0.5909090909090909,0.42857142857142855,0.55,0.7884615384615384,0.7222222222222222,0.5238095238095238,0.11904761904761904,5.2903856000000005,3.1490390476190475,"Blake Perkins","19921",663368
"Felix Reyes",2026,"FA,FC,FS,SI,CH,SL,CU,KC",51,0.5714285714285714,0.5625,0.5686274509803921,0.6,1,0.7241379310344828,0.3137254901960784,0.1568627450980392,3.1643535,6.204614705882353,"Felix Reyes","28763",694025
"Tanner Murray",2026,"FA,FC,SI,CH,SL,CU",31,0.3,0.5454545454545454,0.3870967741935484,0.8333333333333334,1,0.9166666666666666,0.3548387096774194,0.03225806451612903,-0.08389360000000012,-0.27062451612903266,"Tanner Murray","28848",695020
"Gabriel Gonzalez",2026,"FA,FC,SI,CH,SL",18,0.45454545454545453,0.8571428571428571,0.6111111111111112,0.6,1,0.8181818181818182,0.3888888888888889,0.1111111111111111,-0.7955155000000002,-4.419530555555556,"Gabriel Gonzalez","28833",694224
"Austin Slater",2026,"FA,FC,FS,SI,CH,SL,CU",35,0.21428571428571427,0.6666666666666666,0.4857142857142857,0.3333333333333333,0.8571428571428571,0.7647058823529411,0.6,0.11428571428571428,-1.2105397999999998,-3.458685142857142,"Austin Slater","16153",596103
"Ryan Ritter",2026,"FA,FC,FS,SI,CH,SL,EP",35,0.4117647058823529,0.7222222222222222,0.5714285714285714,0.7142857142857143,0.8461538461538461,0.8,0.5142857142857142,0.11428571428571428,0.7505284999999999,2.1443671428571425,"Ryan Ritter","31500",690022
"Junior Perez",2026,"FA,FC,SI,SL,CU",35,0.23529411764705882,0.6666666666666666,0.45714285714285713,0.25,0.75,0.625,0.5142857142857142,0.17142857142857143,-2.3041547,-6.583299142857143,"Junior Perez","23989",678577
"Patrick Wisdom",2026,"FA,FC,FS,SI,CH,SL,CU,KC",98,0.3829787234042553,0.7647058823529411,0.5816326530612245,0.3888888888888889,0.7435897435897436,0.631578947368421,0.5204081632653061,0.21428571428571427,2.8205407999999994,2.8781028571428564,"Patrick Wisdom","13602",621550
"Jahmai Jones",2026,"FA,FC,FS,SI,SL,CU,EP",84,0.34210526315789475,0.717391304347826,0.5476190476190477,0.15384615384615385,0.7575757575757576,0.5869565217391305,0.5476190476190477,0.2261904761904762,4.1374146,4.925493571428571,"Jahmai Jones","18872",663330
"Zack Short",2026,"FA,FC,FS,SI,CH,SL,CU,KC,EP",155,0.30666666666666664,0.6125,0.4645161290322581,0.6086956521739131,0.8163265306122449,0.75,0.5161290322580645,0.11612903225806452,4.8725727,3.143595290322581,"Zack Short","19562",670097
"Justin Dean",2026,"FA,SI,SL,CU,KC,EP",33,0.3684210526315789,0.7857142857142857,0.5454545454545454,0.7142857142857143,0.7272727272727273,0.7222222222222222,0.42424242424242425,0.15151515151515152,-1.5208680000000003,-4.60869090909091,"Justin Dean","25005",681909
"Will Banfield",2026,"FA,FC,FS,SI,CH,SL,CU",30,0.6666666666666666,0.6666666666666666,0.6666666666666666,0.7,1,0.85,0.5,0.1,0.37399389999999977,1.2466463333333324,"Will Banfield","23790",677943
"Luis Matos",2026,"FA,FS,SI,SL,EP",25,0.25,0.9230769230769231,0.6,0.3333333333333333,1,0.8666666666666667,0.52,0.08,-0.6933179,-2.7732716,"Luis Matos","26467",682641
"Ryan Mountcastle",2026,"FA,FC,SI,CH,SL,KC",36,0.4117647058823529,0.8947368421052632,0.6666666666666666,0.7142857142857143,1,0.9166666666666666,0.5277777777777778,0.05555555555555555,0.008237200000000056,0.022881111111111265,"Ryan Mountcastle","18373",663624
"Jerar Encarnacion",2026,"FA,FC,FO,FS,SI,CH,SL,CU,KC",74,0.4864864864864865,0.6216216216216216,0.5540540540540541,0.7222222222222222,0.9565217391304348,0.8536585365853658,0.5,0.08108108108108109,2.0164925,2.724989864864865,"Jerar Encarnacion","21871",666464
"Nate Furman",2026,"FA,FC,FS,SI,CH,SL,CU",146,0.3132530120481928,0.6349206349206349,0.4520547945205479,0.5769230769230769,0.975,0.8181818181818182,0.4315068493150685,0.0821917808219178,4.234336399999999,2.9002304109589034,"Nate Furman","31988",801501
"Heston Kjerstad",2026,"FA,FC,FO,SI,CH,SL,CU,KC",65,0.4411764705882353,0.7096774193548387,0.5692307692307692,0.4,0.9090909090909091,0.7027027027027027,0.47692307692307695,0.16923076923076924,1.7395092999999995,2.6761681538461533,"Heston Kjerstad","31166",677008
"Braxton Fulford",2026,"FA,FC,SI,CH,SL,CU,EP",89,0.391304347826087,0.6046511627906976,0.4943820224719101,0.5,0.8461538461538461,0.7045454545454546,0.48314606741573035,0.14606741573033707,0.2885048999999998,0.3241628089887638,"Braxton Fulford","29704",690924
"Carson Williams",2026,"FA,FC,SI,CH,SL,CU",84,0.35714285714285715,0.6904761904761905,0.5238095238095238,0.6666666666666666,0.7931034482758621,0.75,0.5,0.13095238095238096,1.7292865000000002,2.0586744047619048,"Carson Williams","30038",700246
"CJ Kayfus",2026,"FA,FC,FS,SI,CH,SL,CU,KC",99,0.34615384615384615,0.7021276595744681,0.5151515151515151,0.4444444444444444,0.8484848484848485,0.7058823529411765,0.47474747474747475,0.15151515151515152,-0.15576009999999973,-0.15733343434343405,"CJ Kayfus","33704",692216
"Travis d'Arnaud",2026,"FA,FC,FS,SI,CH,SL,CU,KC",148,0.3142857142857143,0.717948717948718,0.527027027027027,0.45454545454545453,0.875,0.7564102564102564,0.527027027027027,0.12837837837837837,4.8804239,3.2975837162162165,"Travis d'Arnaud","7739",518595
"Chadwick Tromp",2026,"FA,FC,SI,CH,SL,CU,KC",124,0.421875,0.65,0.532258064516129,0.6666666666666666,0.8974358974358975,0.803030303030303,0.4838709677419355,0.10483870967741936,6.3162698,5.093765967741935,"Chadwick Tromp","16953",644433
"Connor Joe",2026,"FA,FC,FS,SI,CH,SL,CU",91,0.25,0.5813953488372093,0.4065934065934066,0.75,0.84,0.8108108108108109,0.4725274725274725,0.07692307692307693,0.6684757000000001,0.7345886813186814,"Connor Joe","16572",656582
"Buddy Kennedy",2026,"FA,FC,FS,SI,CH,SL,CU",76,0.21875,0.7045454545454546,0.5,0.5714285714285714,0.8064516129032258,0.7631578947368421,0.5789473684210527,0.11842105263157894,0.7823153999999994,1.0293623684210518,"Buddy Kennedy","22505",671083
"Jonatan Clase",2026,"FA,FC,SI,CH,SL,KN,KC",79,0.2682926829268293,0.6052631578947368,0.43037974683544306,0.5454545454545454,0.7391304347826086,0.6764705882352942,0.4810126582278481,0.13924050632911392,-1.5973149000000002,-2.021917594936709,"Jonatan Clase","26599",682729
"Billy Cook",2026,"FA,FC,SI,CH,SL,CU,KC,EP",70,0.5,0.675,0.6,0.4,0.7037037037037037,0.5952380952380952,0.5714285714285714,0.24285714285714285,2.2753000999999995,3.2504287142857136,"Billy Cook","29573",695257
"Reese McGuire",2026,"FA,FC,FS,SI,CH,SL,CU,EP",99,0.40425531914893614,0.5769230769230769,0.494949494949495,0.631578947368421,0.9333333333333333,0.8163265306122449,0.5252525252525253,0.09090909090909091,3.2215507000000003,3.2540916161616167,"Reese McGuire","15674",624512
"Nate Eaton",2026,"FA,FC,FS,SI,CH,SL,CU",106,0.21568627450980393,0.6363636363636364,0.4339622641509434,0.5454545454545454,0.7714285714285715,0.717391304347826,0.5188679245283019,0.12264150943396226,0.3875421999999998,0.36560584905660354,"Nate Eaton","25055",681987
"Miles Mastrobuoni",2026,"FA,FC,FS,SI,CH,SL,CU,KC",102,0.30612244897959184,0.4716981132075472,0.39215686274509803,0.6666666666666666,0.88,0.8,0.5196078431372549,0.0784313725490196,3.0660313999999995,3.0059131372549017,"Miles Mastrobuoni","20017",670156
"Denzel Clarke",2026,"FA,FC,FO,FS,SI,CH,SL,CU",194,0.21875,0.6020408163265306,0.41237113402061853,0.2857142857142857,0.7796610169491526,0.65,0.5051546391752577,0.14432989690721648,6.132788299999999,3.161231082474226,"Denzel Clarke","29858",672016
"Jase Bowen",2026,"FA,FC,FS,SI,CH,SL,CU,KC,EP",177,0.4782608695652174,0.5176470588235295,0.4971751412429379,0.4318181818181818,0.75,0.5909090909090909,0.480225988700565,0.2033898305084746,7.2987985,4.123614971751413,"Jase Bowen","26047",687749
"Emmanuel Rodriguez",2026,"FA,FC,FS,SI,CH,SL,CU",122,0.35714285714285715,0.6515151515151515,0.5163934426229508,0.4,0.6976744186046512,0.6031746031746031,0.5409836065573771,0.20491803278688525,0.6951097999999994,0.5697621311475405,"Emmanuel Rodriguez","28084",691181
"LuJames Groover",2026,"FA,FC,FS,SI,CH,SL,CU,KC",120,0.2222222222222222,0.5606060606060606,0.4083333333333333,0.5833333333333334,0.9459459459459459,0.8571428571428571,0.55,0.058333333333333334,3.2458409999999986,2.704867499999999,"LuJames Groover","33552",694410
"Ramón Urías",2026,"FA,FC,FO,FS,SI,CH,SL,CU",209,0.29545454545454547,0.6859504132231405,0.5215311004784688,0.5769230769230769,0.8433734939759037,0.7798165137614679,0.5789473684210527,0.11483253588516747,7.004612400000002,3.3514891866028718,"Ramon Urias","18795",602104
"Christian Franklin",2026,"FA,FC,FS,SI,CH,SL,CU",116,0.2,0.5892857142857143,0.3879310344827586,0.5,0.8181818181818182,0.7333333333333333,0.4827586206896552,0.10344827586206896,1.6979183999999996,1.4637227586206893,"Christian Franklin","29896",681047
"Josue De Paula",2026,"FA,FC,FS,SI,CH,SL,CU,KC",116,0.19672131147540983,0.5636363636363636,0.3706896551724138,0.5833333333333334,0.8709677419354839,0.7906976744186046,0.47413793103448276,0.07758620689655173,-2.9295072999999996,-2.5254373275862068,"Josue De Paula","30871",800543
"Rafael Marchán",2026,"FA,FC,FS,SI,CH,SL,CU,KC",260,0.3412698412698413,0.6567164179104478,0.5038461538461538,0.6744186046511628,0.9090909090909091,0.8320610687022901,0.5153846153846153,0.08461538461538462,10.208073699999998,3.9261821923076914,"Rafael Marchan","21646",665561
"P.J. Higgins",2026,"FA,FC,FS,SI,CH,SL,CU,KC",110,0.16981132075471697,0.5964912280701754,0.39090909090909093,0.4444444444444444,0.9117647058823529,0.813953488372093,0.5181818181818182,0.07272727272727272,1.6238137000000001,1.4761942727272728,"P.J. Higgins","18433",664731
"Grant McCray",2026,"FA,FC,FO,FS,SI,CH,SL,CU,KC",280,0.24342105263157895,0.6015625,0.40714285714285714,0.35135135135135137,0.7922077922077922,0.6491228070175439,0.45714285714285713,0.14285714285714285,4.7202491,1.6858032500000002,"Grant McCray","25690",687529
"Michael Arroyo",2026,"FA,FC,SI,CH,SL",50,0.2608695652173913,0.9259259259259259,0.62,0.5,0.88,0.8064516129032258,0.54,0.12,-1.9223549000000004,-3.8447098000000004,"Michael Arroyo","30384",703197
"Max Schuemann",2026,"FA,FC,FS,SI,CH,SL,CU,KC,EP",172,0.21978021978021978,0.5555555555555556,0.37790697674418605,0.55,0.8222222222222222,0.7384615384615385,0.47093023255813954,0.09883720930232558,0.5340044999999998,0.3104677325581394,"Max Schuemann","24488",680474
"Andrew McCutchen",2026,"FA,FC,FS,SI,CH,SL,CU,KC",151,0.25333333333333335,0.6578947368421053,0.45695364238410596,0.47368421052631576,0.7,0.6376811594202898,0.5033112582781457,0.16556291390728478,2.03564,1.3481059602649006,"Andrew McCutchen","9847",457705
"Harry Ford",2026,"FA,FC,FO,FS,SI,CH,SL,CU,KC",265,0.17054263565891473,0.6544117647058824,0.4188679245283019,0.6363636363636364,0.7865168539325843,0.7567567567567568,0.5132075471698113,0.1018867924528302,4.1483182,1.5654030943396229,"Harry Ford","29958",695670
"Rikuu Nishida",2026,"FA,FC,FS,SI,CH,SL,CU,KC",87,0.325,0.574468085106383,0.45977011494252873,0.9230769230769231,0.8148148148148148,0.85,0.5402298850574713,0.06896551724137931,1.6972329,1.9508424137931035,"Rikuu Nishida","33795",807747
"Nelson Velázquez",2026,"FA,FC,FS,SI,CH,SL,CU",137,0.22058823529411764,0.6956521739130435,0.45985401459854014,0.4,0.7916666666666666,0.6984126984126984,0.5036496350364964,0.1386861313868613,1.5917595999999992,1.1618683211678826,"Nelson Velazquez","23359",676369
"Jhostynxon Garcia",2026,"FA,FC,FS,SI,CH,SL,CU,KC",115,0.47761194029850745,0.7708333333333334,0.6,0.5,0.7837837837837838,0.6521739130434783,0.41739130434782606,0.20869565217391303,3.4813726000000003,3.0272805217391308,"Jhostynxon Garcia","28142",691373
"Romy Gonzalez",2026,"FA,FC,FS,SI,CH,SL,CU,KC",124,0.36065573770491804,0.746031746031746,0.5564516129032258,0.5909090909090909,0.8297872340425532,0.7536231884057971,0.5080645161290323,0.13709677419354838,3.3485080000000003,2.7004096774193553,"Romy Gonzalez","21562",663853
"John Peck",2026,"FA,FC,FS,SI,CH,SL,CU,KC",180,0.30526315789473685,0.7411764705882353,0.5111111111111111,0.6896551724137931,0.7936507936507936,0.7608695652173914,0.4722222222222222,0.12222222222222222,4.252006699999999,2.362225944444444,"John Peck","33500",807726
"Eloy Jiménez",2026,"FA,FC,FS,SI,SL,CU,KC",84,0.43137254901960786,0.696969696969697,0.5357142857142857,0.5,0.8260869565217391,0.6666666666666666,0.39285714285714285,0.17857142857142858,-0.034273400000000454,-0.0408016666666672,"Eloy Jimenez","17484",650391
"Jordan Beck",2026,"FA,FC,FS,SI,CH,SL,CU,KC,EP",310,0.36075949367088606,0.7105263157894737,0.532258064516129,0.5087719298245614,0.8333333333333334,0.7212121212121212,0.49032258064516127,0.14838709677419354,11.6268774,3.750605612903226,"Jordan Beck","31431",687597
"Joey Wiemer",2026,"FA,FC,FO,FS,SI,CH,SL,CU,KC",161,0.26436781609195403,0.4864864864864865,0.36645962732919257,0.391304347826087,0.9166666666666666,0.711864406779661,0.45962732919254656,0.10559006211180125,1.604423399999999,0.9965362732919248,"Joey Wiemer","27690",686894
"Rece Hinds",2026,"FA,FC,FS,SI,CH,SL,CU",132,0.40789473684210525,0.75,0.553030303030303,0.3548387096774194,0.7380952380952381,0.5753424657534246,0.42424242424242425,0.23484848484848486,3.0998133999999995,2.3483434848484848,"Rece Hinds","27493",677956
"Carlos Jorge",2026,"FA,FC,FS,SI,CH,SL,CU,KC",159,0.3625,0.7341772151898734,0.5471698113207547,0.6551724137931034,0.7758620689655172,0.735632183908046,0.4968553459119497,0.14465408805031446,1.2266148999999995,0.7714559119496852,"Carlos Jorge","29455",699115
"Kameron Misner",2026,"FA,FC,FS,SI,CH,SL,CU,KC,EP",133,0.2898550724637681,0.765625,0.518796992481203,0.6,0.673469387755102,0.6521739130434783,0.48120300751879697,0.18045112781954886,1.9746069999999998,1.484666917293233,"Kameron Misner","26374",670224
"Cam Cauley",2026,"FA,FC,FS,SI,CH,SL,CU,EP",103,0.2857142857142857,0.5185185185185185,0.4077669902912621,0.7857142857142857,0.8214285714285714,0.8095238095238095,0.5242718446601942,0.07766990291262135,-1.1956661,-1.1608408737864078,"Cam Cauley","29710",695508
"Luis Urías",2026,"FA,FC,SI,CH,SL,CU,KC",84,0.2894736842105263,0.6956521739130435,0.5119047619047619,0.8181818181818182,0.9375,0.9069767441860465,0.5476190476190477,0.047619047619047616,-1.8048743000000007,-2.148659880952382,"Luis Urias","16622",649966
"Austin Hays",2026,"FA,FC,FS,SI,CH,SL,CU,KC,EP",189,0.4774774774774775,0.6538461538461539,0.5502645502645502,0.4339622641509434,0.803921568627451,0.6153846153846154,0.4126984126984127,0.21164021164021163,6.624963799999999,3.505271851851851,"Austin Hays","19363",669720
"Gage Workman",2026,"FA,FC,FS,SI,CH,SL,CU,KC",150,0.40789473684210525,0.7972972972972973,0.6,0.41935483870967744,0.8305084745762712,0.6888888888888889,0.49333333333333335,0.18666666666666668,3.1675123000000003,2.1116748666666667,"Gage Workman","27573",669398
"Jonathan India",2026,"FA,FC,FS,SI,CH,SL,CU",136,0.2153846153846154,0.6338028169014085,0.4338235294117647,0.6428571428571429,0.8,0.7627118644067796,0.5220588235294118,0.10294117647058823,-0.3705184000000009,-0.2724400000000007,"Jonathan India","21523",663697
"Raynel Delgado",2026,"FA,FC,FS,SI,CH,SL,CU,KC",101,0.23529411764705882,0.78,0.504950495049505,0.5,0.8461538461538461,0.7647058823529411,0.49504950495049505,0.1188118811881188,1.8311576000000005,1.8130273267326735,"Raynel Delgado","22272",669384
"Yohandy Morales",2026,"FA,FC,FS,SI,CH,SL,CU",111,0.3148148148148148,0.7368421052631579,0.5315315315315315,0.29411764705882354,0.8571428571428571,0.6949152542372882,0.5135135135135135,0.16216216216216217,-1.0040032000000005,-0.9045073873873879,"Yohandy Morales","33361",691002
"Brian Serven",2026,"FA,FC,FS,SI,CH,SL,CU",188,0.2826086956521739,0.6770833333333334,0.48404255319148937,0.34615384615384615,0.7538461538461538,0.6373626373626373,0.5106382978723404,0.17553191489361702,2.8806893,1.5322815425531913,"Brian Serven","19422",661531
"Lucas Spence",2026,"FA,FC,FS,SI,CH,SL,CU,KC,EP",168,0.32222222222222224,0.6794871794871795,0.4880952380952381,0.2413793103448276,0.7924528301886793,0.5975609756097561,0.4642857142857143,0.19642857142857142,-0.9870345999999994,-0.5875205952380949,"Lucas Spence","35126",828599
"Nick Morabito",2026,"FA,FC,FS,SI,CH,SL,CU,KC",108,0.2641509433962264,0.5454545454545454,0.4074074074074074,0.5,0.8333333333333334,0.7272727272727273,0.5092592592592593,0.1111111111111111,0.5976334,0.5533642592592593,"Nick Morabito","32119",703492
"Brewer Hicklen",2026,"FA,FC,FS,SI,CH,SL,CU,KC,EP",133,0.30434782608695654,0.71875,0.5037593984962406,0.3333333333333333,0.6956521739130435,0.582089552238806,0.48120300751879697,0.21052631578947367,-1.2841852,-0.9655527819548873,"Brewer Hicklen","20450",676551
"Austin Wynns",2026,"FA,FC,FS,SI,CH,SL,CU,KC",207,0.40425531914893614,0.6106194690265486,0.5169082125603864,0.631578947368421,0.855072463768116,0.7757009345794392,0.5458937198067633,0.11594202898550725,5.1725537,2.4988182125603866,"Austin Wynns","15271",642851
"Garrett Stubbs",2026,"FA,FC,FS,SI,CH,SL,CU,KN,KC",207,0.3793103448275862,0.7032967032967034,0.5217391304347826,0.6136363636363636,0.96875,0.8240740740740741,0.4396135265700483,0.09178743961352658,6.2544236,3.0214606763285023,"Garrett Stubbs","18067",596117
"Yohel Pozo",2026,"FA,FC,FS,SI,CH,SL,CU",135,0.575,0.6363636363636364,0.6,0.6304347826086957,0.8285714285714286,0.7160493827160493,0.4074074074074074,0.17037037037037037,2.6424643999999993,1.9573810370370364,"Yohel Pozo","18848",650968
"Zach Cole",2026,"FA,FC,FS,SI,CH,SL,CU,KC",191,0.3225806451612903,0.5408163265306123,0.43455497382198954,0.4,0.6792452830188679,0.5783132530120482,0.5130890052356021,0.18324607329842932,2.0693518999999982,1.0834303141361248,"Zach Cole","31583",805904
"Bryce Johnson",2026,"FA,FC,FS,SI,CH,SL,CU,KC",130,0.4084507042253521,0.5254237288135594,0.46153846153846156,0.6206896551724138,0.8064516129032258,0.7166666666666667,0.45384615384615384,0.13076923076923078,1.6217127999999992,1.247471384615384,"Bryce Johnson","20002",669369
"Andrew Knizner",2026,"FA,FC,FO,FS,SI,CH,SL,CU",107,0.32786885245901637,0.5434782608695652,0.4205607476635514,0.55,0.84,0.7111111111111111,0.42990654205607476,0.12149532710280374,-0.7287765000000004,-0.6810995327102807,"Andrew Knizner","19514",668800
"Tyler Locklear",2026,"FA,FC,FS,SI,CH,SL,CU,KC",110,0.34,0.6666666666666666,0.5181818181818182,0.7647058823529411,0.8,0.7894736842105263,0.5454545454545454,0.10909090909090909,0.09741819999999946,0.0885619999999995,"Tyler Locklear","31396",682988
"George Valera",2026,"FA,FC,FS,SI,CH,SL,CU,KC",112,0.3404255319148936,0.7384615384615385,0.5714285714285714,0.625,0.8958333333333334,0.828125,0.5803571428571429,0.09821428571428571,1.1615016000000005,1.0370550000000005,"George Valera","22541",671655
"Starling Marte",2026,"FA,FC,FS,SI,CH,SL,CU,EP",170,0.367816091954023,0.7228915662650602,0.5411764705882353,0.59375,0.8833333333333333,0.782608695652174,0.48823529411764705,0.11764705882352941,3.2570384999999997,1.9159049999999997,"Starling Marte","9241",516782
"Ronny Mauricio",2026,"FA,FC,FS,SI,CH,SL,CU,KC",157,0.5348837209302325,0.8028169014084507,0.6560509554140127,0.5434782608695652,0.8947368421052632,0.7378640776699029,0.45222929936305734,0.17197452229299362,3.4209573,2.178953694267516,"Ronny Mauricio","23698",677595
"Brock Rodden",2026,"FA,FC,FS,SI,CH,SL,CU,KC",216,0.3360655737704918,0.6170212765957447,0.4583333333333333,0.3902439024390244,0.7068965517241379,0.5757575757575758,0.4351851851851852,0.19444444444444445,1.8415457999999987,0.8525674999999995,"Brock Rodden","33191",801126
"Charles McAdoo",2026,"FA,FC,FS,SI,CH,SL,CU,EP",152,0.39436619718309857,0.6790123456790124,0.5460526315789473,0.75,0.8909090909090909,0.8433734939759037,0.5328947368421053,0.08552631578947369,2.6170967999999997,1.7217742105263156,"Charles McAdoo","33323",807727
"Orlando Arcia",2026,"FA,FC,FS,SI,CH,SL,CU",88,0.21621621621621623,0.6862745098039216,0.48863636363636365,0.625,0.9428571428571428,0.8837209302325582,0.5795454545454546,0.056818181818181816,0.3285406999999995,0.373341704545454,"Orlando Arcia","13185",606115
"Tsung-Che Cheng",2026,"FA,FC,FO,FS,SI,CH,SL,CU,KC",144,0.3188405797101449,0.64,0.4861111111111111,0.36363636363636365,0.8541666666666666,0.7,0.5208333333333334,0.14583333333333334,1.3200614999999998,0.9167093749999999,"Tsung-Che Cheng","28344",691907
"Parker Meadows",2026,"FA,FC,FS,SI,CH,SL,CU,KC",159,0.2839506172839506,0.6282051282051282,0.4528301886792453,0.6521739130434783,0.8775510204081632,0.8055555555555556,0.49056603773584906,0.0880503144654088,0.5651204000000003,0.355421635220126,"Parker Meadows","23800",678009
"Santiago Espinal",2026,"FA,FC,FS,SI,CH,SL,KC,EP",75,0.36666666666666664,0.7333333333333333,0.5866666666666667,0.5454545454545454,0.9393939393939394,0.8409090909090909,0.6,0.09333333333333334,0.3684645999999998,0.49128613333333304,"Santiago Espinal","19997",669289
"Will Wagner",2026,"FA,FC,FS,SI,CH,SL,CU,KC",171,0.24731182795698925,0.5769230769230769,0.39766081871345027,0.6086956521739131,0.9555555555555556,0.8382352941176471,0.45614035087719296,0.06432748538011696,-0.8398409,-0.4911350292397661,"Will Wagner","29634",695238
"Eric Haase",2026,"FA,FC,FS,SI,CH,SL,CU,KC",208,0.36936936936936937,0.6597938144329897,0.5048076923076923,0.43902439024390244,0.75,0.6285714285714286,0.46634615384615385,0.1875,2.5893728000000014,1.24489076923077,"Eric Haase","14111",606992
"Cody Freeman",2026,"FA,FC,FS,SI,CH,SL,CU",206,0.35294117647058826,0.5,0.42718446601941745,0.8333333333333334,0.9230769230769231,0.8863636363636364,0.5048543689320388,0.04854368932038835,3.6180810000000005,1.7563500000000003,"Cody Freeman","25629",683227
"Victor Bericoto",2026,"FA,FC,FS,SI,CH,SL,CU,KC",178,0.44047619047619047,0.7127659574468085,0.5842696629213483,0.4594594594594595,0.9104477611940298,0.75,0.5280898876404494,0.14606741573033707,3.8626156,2.1700087640449435,"Victor Bericoto","26468",682674
"Tyler Black",2026,"FA,FC,FS,SI,CH,SL,CU,KC,EP",94,0.34782608695652173,0.7083333333333334,0.5319148936170213,0.5,0.8823529411764706,0.76,0.5106382978723404,0.1276595744680851,-1.2373007000000014,-1.3162773404255332,"Tyler Black","29949",672012
"Ethan Salas",2026,"FA,FC,FS,SI,CH,SL,CU,KC",125,0.3,0.6461538461538462,0.48,0.5555555555555556,0.9523809523809523,0.8333333333333334,0.52,0.08,-1.0052494999999997,-0.8041995999999998,"Ethan Salas","32051",806956
"Jesus Rodriguez",2026,"FA,FC,FO,FS,SI,CH,SL,CU,KN,KC,EP",145,0.4074074074074074,0.625,0.503448275862069,0.6363636363636364,0.85,0.7534246575342466,0.4413793103448276,0.12413793103448276,-0.13689950000000028,-0.09441344827586227,"Jesus Rodriguez","26991",683679
"Bo Naylor",2026,"FA,FC,FS,SI,CH,SL,CU,KC",357,0.27717391304347827,0.6127167630057804,0.43977591036414565,0.7058823529411765,0.9245283018867925,0.8535031847133758,0.484593837535014,0.06442577030812324,8.492232699999999,2.3787766666666665,"Bo Naylor","21865",666310
"Nick Yorke",2026,"FA,FC,FS,SI,CH,SL,CU,KC",208,0.3142857142857143,0.6601941747572816,0.4855769230769231,0.7272727272727273,0.8970588235294118,0.8415841584158416,0.4951923076923077,0.07692307692307693,3.5157588000000004,1.690268653846154,"Nick Yorke","27504",694377
"J.C. Escarra",2026,"FA,FC,FS,SI,CH,SL,CU,KC,EP",265,0.25,0.6131386861313869,0.4377358490566038,0.46875,0.7976190476190477,0.7068965517241379,0.5169811320754717,0.12830188679245283,6.4324955,2.42735679245283,"J.C. Escarra","20084",641555
"Zach Dezenzo",2026,"FA,FC,FS,SI,CH,SL,CU,KC",206,0.32,0.6226415094339622,0.47572815533980584,0.34375,0.8333333333333334,0.673469387755102,0.5145631067961165,0.1553398058252427,3.6532660999999997,1.7734301456310677,"Zach Dezenzo","31562",701305
"Mitch Garver",2026,"FA,FC,FS,SI,CH,SL,CU,KC",344,0.24444444444444444,0.5792682926829268,0.40406976744186046,0.4318181818181818,0.7157894736842105,0.6258992805755396,0.47674418604651164,0.1511627906976744,3.201076599999999,0.9305455232558136,"Mitch Garver","15161",641598
"Ali Sánchez",2026,"FA,FC,FS,SI,CH,SL,CU,KC",149,0.38571428571428573,0.6582278481012658,0.5302013422818792,0.6666666666666666,0.9038461538461539,0.8227848101265823,0.5302013422818792,0.09395973154362416,3.0248056999999995,2.030070939597315,"Ali Sanchez","18551",645305
"Ha-Seong Kim",2026,"FA,FC,FS,SI,CH,SL,CU,EP",327,0.24025974025974026,0.5780346820809249,0.41896024464831805,0.6486486486486487,0.88,0.8175182481751825,0.5290519877675841,0.0764525993883792,6.2275002,1.9044343119266054,"Ha-Seong Kim","27506",673490
"Christopher Morel",2026,"FA,FC,FS,SI,CH,SL,CU,KC",232,0.3076923076923077,0.6347826086956522,0.4698275862068966,0.5555555555555556,0.7945205479452054,0.7155963302752294,0.4956896551724138,0.1336206896551724,3.640340599999999,1.5691123275862064,"Christopher Morel","21897",666624
"Juan Brito",2026,"FA,FC,FS,SI,CH,SL,CU,KC",284,0.29850746268656714,0.68,0.5,0.55,0.8627450980392157,0.7746478873239436,0.528169014084507,0.11267605633802817,5.100390299999998,1.7959120774647879,"Juan Brito","26693",682877
"Ronny Simon",2026,"FA,FC,FS,SI,CH,SL,CU,KC,EP",163,0.3372093023255814,0.7142857142857143,0.5153374233128835,0.7586206896551724,0.8545454545454545,0.8214285714285714,0.4723926380368098,0.09202453987730061,2.7337136,1.67712490797546,"Ronny Simon","25346",682927
"Lazaro Montes",2026,"FA,FC,FS,SI,CH,SL,CU",199,0.32,0.6464646464646465,0.4824120603015075,0.34375,0.703125,0.5833333333333334,0.49748743718592964,0.20100502512562815,-2.5766989000000007,-1.2948235678391964,"Lazaro Montes","30361",703155
"Rodolfo Durán",2026,"FA,FC,FS,SI,CH,SL,CU,KC",273,0.3235294117647059,0.6131386861313869,0.46886446886446886,0.5681818181818182,0.8809523809523809,0.7734375,0.5018315018315018,0.10622710622710622,5.5630774,2.0377572893772893,"Rodolfo Duran","20958",660710
"Enrique Hernández",2026,"FA,FC,FS,SI,SL,CU,KC",130,0.24615384615384617,0.7384615384615385,0.49230769230769234,0.5,0.9166666666666666,0.8125,0.5,0.09230769230769231,-1.6091217000000009,-1.2377859230769237,"Enrique Hernandez","10472",571771
"Davis Schneider",2026,"FA,FC,FS,SI,CH,SL,CU,KC,EP",283,0.2198581560283688,0.5563380281690141,0.38869257950530034,0.4838709677419355,0.810126582278481,0.7181818181818181,0.5017667844522968,0.10954063604240283,-0.2910936999999988,-0.10285996466431052,"Davis Schneider","23565",676914
"Harrison Bader",2026,"FA,FC,FO,FS,SI,CH,SL,CU,KC",329,0.436046511627907,0.6369426751592356,0.5319148936170213,0.56,0.79,0.6914285714285714,0.47720364741641336,0.1641337386018237,8.5535467,2.5998622188449847,"Harrison Bader","18030",664056
"Nick Madrigal",2026,"FA,FC,FS,SI,CH,SL,CU",155,0.3,0.6705882352941176,0.5032258064516129,0.7619047619047619,0.9473684210526315,0.8974358974358975,0.5483870967741935,0.05161290322580645,-1.4639988999999998,-0.9445154193548386,"Nick Madrigal","20521",663611
"Sebastián Rivero",2026,"FA,FC,FS,SI,CH,SL,CU,KC",168,0.4838709677419355,0.7333333333333333,0.5952380952380952,0.7111111111111111,0.8727272727272727,0.8,0.44642857142857145,0.11904761904761904,0.6767301999999992,0.4028155952380948,"Sebastian Rivero","21735",665861
"Ryan Ward",2026,"FA,FC,FS,SI,CH,SL,CU,KC",241,0.37209302325581395,0.6964285714285714,0.5228215767634855,0.6666666666666666,0.8717948717948718,0.7936507936507936,0.46473029045643155,0.1078838174273859,0.22618409999999917,0.09385232365145194,"Ryan Ward","27449",669899
"Sean Keys",2026,"FA,FC,FS,SI,CH,SL,CU,KC",261,0.3161764705882353,0.744,0.5210727969348659,0.4883720930232558,0.8494623655913979,0.7352941176470589,0.4789272030651341,0.13793103448275862,1.5743686,0.6032063601532567,"Sean Keys","35094",815873
"Joshua Báez",2026,"FA,FC,SI,CH,SL,CU",233,0.35353535353535354,0.6940298507462687,0.5493562231759657,0.4,0.7849462365591398,0.6796875,0.575107296137339,0.1759656652360515,2.0258716999999997,0.8694728326180257,"Joshua Baez","29596",695491
"Shay Whitcomb",2026,"FA,FC,FS,SI,CH,SL,CU,KC,EP",291,0.3972602739726027,0.6137931034482759,0.5051546391752577,0.5344827586206896,0.8539325842696629,0.7278911564625851,0.49828178694158076,0.13745704467353953,4.205917899999999,1.4453326116838485,"Shay Whitcomb","27789",694376
"Sterlin Thompson",2026,"FA,FC,FS,SI,CH,SL,CU,KC,EP",249,0.2773722627737226,0.7321428571428571,0.4819277108433735,0.5263157894736842,0.7926829268292683,0.7083333333333334,0.4497991967871486,0.14056224899598393,0.19565999999999995,0.07857831325301202,"Sterlin Thompson","31443",694514
"Adael Amador",2026,"FA,FC,FS,SI,CH,SL,CU,KC",221,0.24107142857142858,0.7155963302752294,0.4751131221719457,0.8148148148148148,0.8846153846153846,0.8666666666666667,0.49321266968325794,0.06334841628959276,-3.093536799999998,-1.3997904072398182,"Adael Amador","27962",691182
"Jarred Kelenic",2026,"FA,FC,FS,SI,CH,SL,CU,KC",284,0.3469387755102041,0.6131386861313869,0.4753521126760563,0.29411764705882354,0.8333333333333334,0.6296296296296297,0.4823943661971831,0.176056338028169,2.8488627,1.0031206690140846,"Jarred Kelenic","22558",672284
"Everson Pereira",2026,"FA,FC,FS,SI,CH,SL,CU,KC",231,0.4144144144144144,0.75,0.5887445887445888,0.34782608695652173,0.8222222222222222,0.6617647058823529,0.5194805194805194,0.19913419913419914,2.0602024999999973,0.8918625541125529,"Everson Pereira","23695",677592
"Lenyn Sosa",2026,"FA,FC,FS,SI,CH,SL,CU,KC,EP",260,0.4496124031007752,0.6106870229007634,0.5307692307692308,0.8103448275862069,0.9,0.8623188405797102,0.5038461538461538,0.07307692307692308,8.192251500000001,3.1508659615384618,"Lenyn Sosa","22896",672820
"Gabriel Rincones Jr.",2026,"FA,FC,FS,SI,CH,SL,CU,KC",324,0.42953020134228187,0.6857142857142857,0.5679012345679012,0.515625,0.825,0.717391304347826,0.5401234567901234,0.16049382716049382,6.967253000000001,2.150386728395062,"Gabriel Rincones Jr.","31958",687282
"Bryan De La Cruz",2026,"FA,FC,FS,SI,CH,SL,CU,KC",171,0.3473684210526316,0.7105263157894737,0.5087719298245614,0.5757575757575758,0.8888888888888888,0.7701149425287356,0.4444444444444444,0.11695906432748537,-2.6861173000000016,-1.5708288304093578,"Bryan De La Cruz","19600",650559
"Ben Malgeri",2026,"FA,FC,FS,SI,CH,SL,CU,KC",207,0.22580645161290322,0.6842105263157895,0.4782608695652174,0.42857142857142855,0.8205128205128205,0.7373737373737373,0.5507246376811594,0.12560386473429952,-3.6363785999999996,-1.7567046376811593,"Ben Malgeri","29577",701162
"Weston Wilson",2026,"FA,FC,FS,SI,CH,SL,CU,KC,EP",274,0.23308270676691728,0.6170212765957447,0.4306569343065693,0.3225806451612903,0.8275862068965517,0.6949152542372882,0.5145985401459854,0.13138686131386862,0.38745770000000046,0.14140791970802938,"Weston Wilson","19358",642215
"David Fry",2026,"FA,FC,FS,SI,CH,SL,CU,KC,EP",234,0.3392857142857143,0.6065573770491803,0.47863247863247865,0.5263157894736842,0.7432432432432432,0.6696428571428571,0.5213675213675214,0.1581196581196581,-0.09744310000000117,-0.04164235042735093,"David Fry","24934",681807
"Joshua Kuroda-Grauer",2026,"FA,FC,FS,SI,CH,SL,KC,EP",144,0.34285714285714286,0.6351351351351351,0.4930555555555556,0.8333333333333334,0.7659574468085106,0.7887323943661971,0.5138888888888888,0.10416666666666667,-2.3583712,-1.6377577777777776,"Joshua Kuroda-Grauer","35121",811965
"Justin Foscue",2026,"FA,FC,FS,SI,CH,SL,CU,KC,EP",332,0.33093525179856115,0.5647668393782384,0.46686746987951805,0.5217391304347826,0.8990825688073395,0.7870967741935484,0.5813253012048193,0.09939759036144578,7.1163535,2.1434799698795177,"Justin Foscue","27501",679822
"Matt Wallner",2026,"FA,FC,FS,SI,CH,SL,CU,KC",391,0.3217821782178218,0.7248677248677249,0.5166240409207161,0.2923076923076923,0.6934306569343066,0.5643564356435643,0.4833759590792839,0.22506393861892582,4.5225896,1.1566725319693094,"Matt Wallner","26466",670242
"Christian Moore",2026,"FA,FC,FS,SI,CH,SL,CU,KC",373,0.33519553072625696,0.6391752577319587,0.4932975871313673,0.43333333333333335,0.8225806451612904,0.6956521739130435,0.5201072386058981,0.15013404825737264,7.786751099999999,2.087600831099196,"Christian Moore","34979",695681
"Jake Rogers",2026,"FA,FC,FS,SI,CH,SL,CU,KC,EP",513,0.23809523809523808,0.5977011494252874,0.42105263157894735,0.55,0.8589743589743589,0.7731481481481481,0.5087719298245614,0.09551656920077972,9.487928899999998,1.8494988109161792,"Jake Rogers","19452",668670
"Brett Callahan",2026,"FA,FC,FS,SI,CH,SL,CU,KC",260,0.40336134453781514,0.7588652482269503,0.5961538461538461,0.4375,0.8878504672897196,0.7483870967741936,0.5423076923076923,0.15,2.0196626999999996,0.776793346153846,"Brett Callahan","33514",814430
"Joey Bart",2026,"FA,FC,FS,SI,CH,SL,CU,KC,EP",223,0.3063063063063063,0.6517857142857143,0.4798206278026906,0.5294117647058824,0.9041095890410958,0.7850467289719626,0.5022421524663677,0.1031390134529148,-1.853066199999998,-0.8309713901345283,"Joey Bart","21524",663698
"Alan Roden",2026,"FA,FC,FS,SI,CH,SL,CU,KC",275,0.2608695652173913,0.5912408759124088,0.4254545454545455,0.6666666666666666,0.9382716049382716,0.8547008547008547,0.49818181818181817,0.06181818181818182,-1.7211370000000001,-0.6258680000000001,"Alan Roden","31564",702176
"Sean Murphy",2026,"FA,FC,FS,SI,CH,SL,CU,KC,EP",313,0.3422818791946309,0.6158536585365854,0.48562300319488816,0.5490196078431373,0.801980198019802,0.7171052631578947,0.5239616613418531,0.13738019169329074,1.1434229999999994,0.3653108626198081,"Sean Murphy","19352",669221
"Zac Veen",2026,"FA,FC,FS,SI,CH,SL,CU,KC,EP",265,0.40131578947368424,0.7699115044247787,0.5584905660377358,0.47540983606557374,0.735632183908046,0.6283783783783784,0.42641509433962266,0.20754716981132076,-3.0253389000000013,-1.1416373207547175,"Zac Veen","27770",691728
"Jhonny Pereda",2026,"FA,FC,FS,SI,CH,SL,CU,EP",291,0.28169014084507044,0.6442953020134228,0.46735395189003437,0.8,0.8020833333333334,0.8014705882352942,0.5120274914089347,0.09278350515463918,2.2699381000000005,0.7800474570446737,"Jhonny Pereda","19802",640902
"Jordan Lawlar",2026,"FA,FC,FS,SI,CH,SL,CU",289,0.2638888888888889,0.6551724137931034,0.4602076124567474,0.4473684210526316,0.8421052631578947,0.7293233082706767,0.5017301038062284,0.1245674740484429,0.019278999999999435,0.006670934256055167,"Jordan Lawlar","29976",691783
"Derek Hill",2026,"FA,FC,FO,FS,SI,CH,SL,CU,KC",331,0.32386363636363635,0.6387096774193548,0.47129909365558914,0.45614035087719296,0.8484848484848485,0.7051282051282052,0.46827794561933533,0.13897280966767372,0.3278798999999999,0.09905737160120842,"Derek Hill","16947",656537
"Leo Rivas",2026,"FA,FC,FS,SI,CH,SL,CU,KC",427,0.18627450980392157,0.5336322869955157,0.36768149882903983,0.6052631578947368,0.8151260504201681,0.7643312101910829,0.522248243559719,0.08665105386416862,5.1968768999999995,1.2170671896955503,"Leo Rivas","21009",660844
"Jorge Barrosa",2026,"FA,FC,FS,SI,CH,SL,CU,KC",478,0.2846153846153846,0.6009174311926605,0.42887029288702927,0.5,0.8320610687022901,0.7121951219512195,0.4560669456066946,0.12343096234309624,8.139826399999999,1.702892552301255,"Jorge Barrosa","23968",678489
"Walker Jenkins",2026,"FA,FC,FS,SI,CH,SL,CU,KC",259,0.256,0.6940298507462687,0.4826254826254826,0.625,0.8602150537634409,0.8,0.5173745173745173,0.09652509652509653,-0.9354610000000002,-0.36118185328185337,"Walker Jenkins","33571",805805
"Nick Castellanos",2026,"FA,FC,FS,SI,CH,SL,CU,KC",352,0.35119047619047616,0.782608695652174,0.5767045454545454,0.423728813559322,0.7569444444444444,0.6600985221674877,0.5227272727272727,0.19602272727272727,4.2042521,1.1943898011363636,"Nick Castellanos","11737",592206
"Jake Fraley",2026,"FA,FC,FS,SI,CH,SL,CU,KC",359,0.27419354838709675,0.6589595375722543,0.4596100278551532,0.5882352941176471,0.8947368421052632,0.8,0.4818941504178273,0.09192200557103064,2.202093299999999,0.6133964623955429,"Jake Fraley","19260",641584
"Tyler Callihan",2026,"FA,FC,FS,SI,CH,SL,CU,KC",402,0.35678391959798994,0.729064039408867,0.5447761194029851,0.4084507042253521,0.8108108108108109,0.680365296803653,0.5049751243781094,0.17412935323383086,4.3260657999999985,1.0761357711442783,"Tyler Callihan","27497",682997
"Jorge Polanco",2026,"FA,FC,FS,SI,CH,SL,CU,KC",438,0.2767857142857143,0.5841121495327103,0.4269406392694064,0.6451612903225806,0.904,0.8181818181818182,0.4885844748858447,0.0776255707762557,8.4247604,1.9234612785388128,"Jorge Polanco","13152",593871
"Alex Jackson",2026,"FA,FC,SI,CH,SL,CU,EP",183,0.39325842696629215,0.7021276595744681,0.5519125683060109,0.5714285714285714,0.8636363636363636,0.7623762376237624,0.5136612021857924,0.13114754098360656,-3.9980069,-2.184703224043716,"Alex Jackson","17276",656577
"Victor Scott II",2026,"FA,FC,FS,SI,CH,SL,CU,KC,EP",504,0.2540322580645161,0.6640625,0.4623015873015873,0.4126984126984127,0.8647058823529412,0.7424892703862661,0.5079365079365079,0.11904761904761904,11.182622099999998,2.218774226190476,"Victor Scott II","31349",687363
"Miguel Rojas",2026,"FA,FC,FS,SI,CH,SL,CU,KC,EP",287,0.32592592592592595,0.6447368421052632,0.49477351916376305,0.75,0.8571428571428571,0.823943661971831,0.5296167247386759,0.08710801393728224,7.718310800000001,2.689306898954704,"Miguel Rojas","7802",500743
"Turner Hill",2026,"FA,FC,FS,SI,CH,SL,CU,KC",317,0.18,0.562874251497006,0.38170347003154576,0.6666666666666666,0.9148936170212766,0.859504132231405,0.526813880126183,0.05362776025236593,-0.17213540000000077,-0.054301388012618544,"Turner Hill","32053",806367
"Alek Thomas",2026,"FA,FC,FS,SI,CH,SL,CU,KC",364,0.43243243243243246,0.7094972067039106,0.5686813186813187,0.6,0.8976377952755905,0.782608695652174,0.49175824175824173,0.12362637362637363,9.316054,2.5593554945054944,"Alek Thomas","23792",677950
"Wenceel Pérez",2026,"FA,FC,FS,SI,CH,SL,CU,KC,EP",454,0.3008849557522124,0.618421052631579,0.460352422907489,0.6470588235294118,0.9290780141843972,0.8373205741626795,0.5022026431718062,0.07488986784140969,7.2708315999999975,1.6015047577092507,"Wenceel Perez","22857",672761
"Will Benson",2026,"FA,FC,FS,SI,CH,SL,CU,KC,EP",467,0.21610169491525424,0.6536796536796536,0.43254817987152033,0.45098039215686275,0.7682119205298014,0.6881188118811881,0.49464668094218417,0.1349036402569593,1.7704672000000001,0.3791150321199144,"Will Benson","21853",666181
"Kahlil Watson",2026,"FA,FC,FS,SI,CH,SL,CU,KC",283,0.3611111111111111,0.7338129496402878,0.5441696113074205,0.4423076923076923,0.803921568627451,0.6818181818181818,0.4911660777385159,0.17314487632508835,2.9921642999999993,1.057301872791519,"Kahlil Watson","29905",696135
"Leo Jiménez",2026,"FA,FC,FS,SI,CH,SL,CU,KC,EP",389,0.2403846153846154,0.6132596685082873,0.4138817480719794,0.52,0.9009009009009009,0.782608695652174,0.4652956298200514,0.08997429305912596,4.1834105,1.0754268637532134,"Leo Jimenez","23782",677870
"Matt Shaw",2026,"FA,FC,FO,FS,SI,CH,SL,CU,KN,KC,EP",414,0.30660377358490565,0.5792079207920792,0.4396135265700483,0.7076923076923077,0.8803418803418803,0.8186813186813187,0.48792270531400966,0.07971014492753623,2.9788895999999996,0.7195385507246376,"Matt Shaw","33322",807713
"Kyle Teel",2026,"FA,FC,FS,SI,CH,SL,CU,KC",435,0.3,0.6292682926829268,0.45517241379310347,0.4782608695652174,0.7829457364341085,0.6767676767676768,0.47126436781609193,0.1471264367816092,-1.188815600000001,-0.27329094252873587,"Kyle Teel","33549",691019
"Tommy Troy",2026,"FA,FC,FS,SI,CH,SL,CU,KC,EP",445,0.23076923076923078,0.6160714285714286,0.4247191011235955,0.5294117647058824,0.8188405797101449,0.7407407407407407,0.503370786516854,0.1101123595505618,5.132348099999999,1.153336651685393,"Tommy Troy","33279",694371
"Brandon Lockridge",2026,"FA,FC,FS,SI,CH,SL,CU,KC,EP",274,0.2923076923076923,0.5833333333333334,0.44525547445255476,0.631578947368421,0.8452380952380952,0.7786885245901639,0.5255474452554745,0.09854014598540146,-0.8124749999999996,-0.2965237226277371,"Brandon Lockridge","21496",663604
"James Outman",2026,"FA,FC,FS,SI,CH,SL,CU,KC,EP",601,0.30793650793650795,0.7202797202797203,0.5041597337770383,0.29896907216494845,0.7330097087378641,0.594059405940594,0.47587354409317806,0.20465890183028287,14.370936899999998,2.3911708652246255,"James Outman","24770",681546
"Alex Call",2026,"FA,FC,FS,SI,CH,SL,CU,KN,KC,EP",507,0.17916666666666667,0.5880149812734082,0.39447731755424065,0.7674418604651163,0.9299363057324841,0.895,0.5266272189349113,0.04142011834319527,4.6701112,0.9211264694280078,"Alex Call","19296",669743
"Ryan Vilade",2026,"FA,FC,FS,SI,CH,SL,CU,KN,KC,EP",421,0.27918781725888325,0.5892857142857143,0.44418052256532065,0.6181818181818182,0.8636363636363636,0.7914438502673797,0.5320665083135392,0.09263657957244656,1.7840671999999982,0.4237689311163891,"Ryan Vilade","22165",668723
"Angel Genao",2026,"FA,FC,FS,SI,CH,SL,CU,KC",361,0.2717948717948718,0.6385542168674698,0.4404432132963989,0.6226415094339622,0.9150943396226415,0.8176100628930818,0.4598337950138504,0.08033240997229917,2.2623614000000005,0.6266929085872577,"Angel Genao","28811",694197
"Tyler Tolbert",2026,"FA,FC,FS,SI,CH,SL,CU,EP",207,0.24210526315789474,0.7142857142857143,0.4975845410628019,0.30434782608695654,0.8125,0.6990291262135923,0.5410628019323671,0.1497584541062802,-0.988832600000001,-0.47769690821256083,"Tyler Tolbert","25779",686475
"Leo Bernal",2026,"FA,FC,FS,SI,CH,SL,CU,KC,EP",264,0.3284671532846715,0.6299212598425197,0.4734848484848485,0.5555555555555556,0.9375,0.8,0.4810606060606061,0.0946969696969697,-3.4655057000000005,-1.3126915530303032,"Leo Bernal","29016",699024
"Kaelen Culpepper",2026,"FA,FC,FS,SI,CH,SL,CU,KC",286,0.4125874125874126,0.6503496503496503,0.5314685314685315,0.5932203389830508,0.9032258064516129,0.7828947368421053,0.5,0.11538461538461539,0.3274123000000003,0.11447982517482529,"Kaelen Culpepper","35111",701785
"Pavin Smith",2026,"FA,FC,FS,SI,CH,SL,CU,KC",452,0.25,0.58984375,0.4424778761061947,0.6326530612244898,0.8675496688741722,0.81,0.5663716814159292,0.084070796460177,4.3705088,0.9669267256637167,"Pavin Smith","19892",656976
"Giancarlo Stanton",2026,"FA,FC,FS,SI,CH,SL,CU,KC",260,0.2903225806451613,0.6176470588235294,0.46153846153846156,0.3611111111111111,0.7857142857142857,0.6583333333333333,0.5230769230769231,0.1576923076923077,0.426637699999999,0.1640914230769227,"Giancarlo Stanton","4949",519317
"Jonah Cox",2026,"FA,FC,FS,SI,CH,SL,CU,KC,EP",279,0.26666666666666666,0.6729559748427673,0.4982078853046595,0.34375,0.7757009345794392,0.6762589928057554,0.5698924731182796,0.16129032258064516,1.9632789999999996,0.7036842293906809,"Jonah Cox","33270",813841
"Edmundo Sosa",2026,"FA,FC,FS,SI,CH,SL,CU,KC",373,0.5707070707070707,0.7257142857142858,0.6434316353887399,0.6106194690265486,0.8582677165354331,0.7416666666666667,0.4691689008042895,0.16621983914209115,9.200705699999999,2.466677131367292,"Edmundo Sosa","17022",624641
"Daniel Susac",2026,"FA,FC,FS,SI,CH,SL,CU,KN",400,0.3869346733668342,0.7014925373134329,0.545,0.6363636363636364,0.8652482269503546,0.7844036697247706,0.5025,0.1175,7.0526029,1.763150725,"Daniel Susac","31441",691740
"Darell Hernaiz",2026,"FA,FC,FS,SI,CH,SL,CU,KC",391,0.3489583333333333,0.6532663316582915,0.5038363171355499,0.5671641791044776,0.8692307692307693,0.766497461928934,0.5089514066496164,0.11764705882352941,4.697847899999999,1.2014956265984653,"Darell Hernaiz","26224",687231
"Carlos Correa",2026,"FA,FC,FS,SI,CH,SL,CU,KC",388,0.3036649214659686,0.5888324873096447,0.4484536082474227,0.6724137931034483,0.8448275862068966,0.7873563218390804,0.5077319587628866,0.09536082474226804,3.7510666999999986,0.9667697680412368,"Carlos Correa","14162",621043
"Jake Meyers",2026,"FA,FC,FS,SI,CH,SL,CU,KC",355,0.2360248447204969,0.711340206185567,0.49577464788732395,0.6052631578947368,0.8913043478260869,0.8295454545454546,0.5464788732394367,0.08450704225352113,1.2688364000000003,0.35741870422535216,"Jake Meyers","20308",676694
"Osleivis Basabe",2026,"FA,FC,FO,FS,SI,CH,SL,CU,KN,KC",308,0.33783783783783783,0.55625,0.4512987012987013,0.7,0.8651685393258427,0.8057553956834532,0.5194805194805194,0.08766233766233766,-1.5229137000000006,-0.4944525000000002,"Osleivis Basabe","23985",678545
"Jim Jarvis",2026,"FA,FC,FS,SI,CH,SL,CU,KN,KC,EP",375,0.2786885245901639,0.6197916666666666,0.4533333333333333,0.6862745098039216,0.907563025210084,0.8411764705882353,0.512,0.072,4.058270000000001,1.0822053333333337,"Jim Jarvis","33492",805347
"Yoán Moncada",2026,"FA,FC,FO,FS,SI,CH,SL,CU,KN,KC",430,0.22169811320754718,0.5504587155963303,0.3883720930232558,0.44680851063829785,0.8416666666666667,0.7305389221556886,0.5069767441860465,0.10465116279069768,1.0988698999999988,0.25555113953488345,"Yoan Moncada","17232",660162
"Josh Rojas",2026,"FA,FC,FS,SI,CH,SL,CU,KC,EP",340,0.3176470588235294,0.6764705882352942,0.4970588235294118,0.6481481481481481,0.9391304347826087,0.8461538461538461,0.5,0.07647058823529412,4.1937318999999995,1.2334505588235294,"Josh Rojas","19734",668942
"MJ Melendez",2026,"FA,FC,FS,SI,CH,SL,CU,KC",562,0.2931596091205212,0.6745098039215687,0.46619217081850534,0.5,0.7906976744186046,0.6908396946564885,0.45373665480427045,0.14412811387900357,2.6550565,0.4724299822064057,"MJ Melendez","22197",669004
"Rafael Flores Jr.",2026,"FA,FC,FS,SI,CH,SL,CU,KC",328,0.3092105263157895,0.6022727272727273,0.46646341463414637,0.5106382978723404,0.8018867924528302,0.7124183006535948,0.5365853658536586,0.13414634146341464,-3.2648397000000022,-0.9953779573170738,"Rafael Flores Jr.","31991",804668
"Victor Robles",2026,"FA,FC,FS,SI,CH,SL,CU,KC,EP",330,0.32098765432098764,0.7678571428571429,0.5484848484848485,0.5961538461538461,0.8837209302325582,0.8011049723756906,0.509090909090909,0.10909090909090909,3.0598910999999993,0.9272397272727271,"Victor Robles","18363",645302
"Braden Shewmake",2026,"FA,FC,FS,SI,CH,SL,CU,KN,KC,EP",254,0.52,0.7286821705426356,0.6259842519685039,0.7384615384615385,0.8404255319148937,0.7987421383647799,0.5078740157480315,0.12598425196850394,0.6876805999999989,0.27074039370078695,"Braden Shewmake","25817",669699
"Joey Loperfido",2026,"FA,FC,FS,SI,CH,SL,CU,KC",429,0.2914572864321608,0.6347826086956522,0.4755244755244755,0.4482758620689655,0.8082191780821918,0.7058823529411765,0.5361305361305362,0.13986013986013987,0.36228709999999786,0.08444920745920696,"Joey Loperfido","29630",694388
"Drew Millas",2026,"FA,FC,FS,SI,CH,SL,CU,KC",498,0.27983539094650206,0.6039215686274509,0.4457831325301205,0.6323529411764706,0.8701298701298701,0.7972972972972973,0.5120481927710844,0.09036144578313253,7.006419899999999,1.406911626506024,"Drew Millas","25643",686452
"Jimmy Crooks",2026,"FA,FC,FS,SI,CH,SL,CU,KC",484,0.35968379446640314,0.6406926406926406,0.493801652892562,0.5054945054945055,0.7972972972972973,0.6861924686192469,0.4772727272727273,0.15495867768595042,6.7574997,1.3961776239669421,"Jimmy Crooks","31354",699625
"Drew Romo",2026,"FA,FC,FS,SI,CH,SL,CU,KC",586,0.34459459459459457,0.6931034482758621,0.5170648464163823,0.5,0.7910447761194029,0.693069306930693,0.4948805460750853,0.15870307167235495,11.128922200000002,1.899133481228669,"Drew Romo","27763",691011
"Andrés Chaparro",2026,"FA,FC,FS,SI,CH,SL,CU,KC",310,0.35403726708074534,0.7785234899328859,0.5580645161290323,0.42105263157894735,0.8103448275862069,0.6820809248554913,0.4806451612903226,0.1774193548387097,-4.8231239,-1.5558464193548387,"Andres Chaparro","21797",665953
"Abimelec Ortiz",2026,"FA,FC,FO,FS,SI,CH,SL,CU,KC",545,0.3783783783783784,0.6465863453815262,0.5009174311926605,0.6339285714285714,0.8881987577639752,0.7838827838827839,0.45688073394495415,0.10825688073394496,6.826016799999996,1.2524801467889901,"Abimelec Ortiz","29539",694673
"Randal Grichuk",2026,"FA,FC,FS,SI,CH,SL,CU,KC",347,0.40828402366863903,0.6292134831460674,0.521613832853026,0.43478260869565216,0.8839285714285714,0.712707182320442,0.5129682997118156,0.14985590778097982,5.394948299999998,1.5547401440922184,"Randal Grichuk","10243",545341
"Gary Sánchez",2026,"FA,FC,FS,SI,CH,SL,CU,KC,EP",616,0.20270270270270271,0.50625,0.36038961038961037,0.5166666666666667,0.8333333333333334,0.7477477477477478,0.5194805194805194,0.09090909090909091,0.2684720999999968,0.0435831331168826,"Gary Sanchez","11442",596142
"Pedro Pagés",2026,"FA,FC,FS,SI,CH,SL,CU,KC",437,0.34418604651162793,0.6216216216216216,0.4851258581235698,0.5135135135135135,0.8478260869565217,0.7311320754716981,0.5080091533180778,0.13043478260869565,5.3741254000000005,1.2297769794050344,"Pedro Pages","25782",686780
"Ke'Bryan Hayes",2026,"FA,FC,FS,SI,CH,SL,CU,KC",648,0.30368098159509205,0.5962732919254659,0.44907407407407407,0.5757575757575758,0.8802083333333334,0.7766323024054983,0.49691358024691357,0.10030864197530864,18.793432900000003,2.9002211265432103,"Ke'Bryan Hayes","18577",663647
"Eli White",2026,"FA,FC,FS,SI,CH,SL,CU,KC,EP",308,0.3680555555555556,0.676829268292683,0.5324675324675324,0.660377358490566,0.9009009009009009,0.823170731707317,0.5324675324675324,0.09415584415584416,-0.8034745000000002,-0.2608683441558442,"Eli White","19346",642201
"Tyler Heineman",2026,"FA,FC,FS,SI,CH,SL,CU,KC,EP",507,0.41767068273092367,0.6976744186046512,0.5601577909270217,0.625,0.9055555555555556,0.8028169014084507,0.5088757396449705,0.11045364891518737,11.552396900000005,2.2785792702169636,"Tyler Heineman","13897",623168
"Amed Rosario",2026,"FA,FC,FS,SI,CH,SL,CU,KC,EP",307,0.40993788819875776,0.6986301369863014,0.5472312703583062,0.5303030303030303,0.8627450980392157,0.7321428571428571,0.4755700325732899,0.1465798045602606,-3.0085268000000007,-0.9799761563517917,"Amed Rosario","15518",642708
"LaMonte Wade Jr.",2026,"FA,FC,FS,SI,CH,SL,CU,KC",603,0.22508038585209003,0.5787671232876712,0.3963515754560531,0.6285714285714286,0.8579881656804734,0.7907949790794979,0.4842454394693201,0.08291873963515754,2.249966399999998,0.3731287562189052,"LaMonte Wade Jr.","18126",664774
"Max Kepler",2026,"FA,FC,FO,FS,SI,CH,SL,CU,KC",490,0.3441295546558704,0.7160493827160493,0.5285714285714286,0.5764705882352941,0.8563218390804598,0.7644787644787645,0.4959183673469388,0.12448979591836734,9.513603200000004,1.9415516734693887,"Max Kepler","12144",596146
"Edwin Arroyo",2026,"FA,FC,FS,SI,CH,SL,CU,KC,EP",435,0.3688888888888889,0.7571428571428571,0.5563218390804597,0.6506024096385542,0.8301886792452831,0.768595041322314,0.4827586206896552,0.12873563218390804,6.7176200999999995,1.5442804827586205,"Edwin Arroyo","29957",695490
"Esteury Ruiz",2026,"FA,FC,FS,SI,CH,SL,CU,KC",476,0.29955947136563876,0.6305220883534136,0.4726890756302521,0.5,0.8535031847133758,0.7466666666666667,0.523109243697479,0.11974789915966387,1.0258829999999992,0.215521638655462,"Esteury Ruiz","21780",665923
"Jorge Mateo",2026,"FA,FC,FO,FS,SI,CH,SL,CU,KC,EP",523,0.4270833333333333,0.6468085106382979,0.5258126195028681,0.5609756097560976,0.7894736842105263,0.6872727272727273,0.44933078393881454,0.16443594646271512,8.8285975,1.6880683556405356,"Jorge Mateo","17273",622761
"Luisangel Acuña",2026,"FA,FC,FS,SI,CH,SL,CU,KC,EP",392,0.30434782608695654,0.6810810810810811,0.48214285714285715,0.49206349206349204,0.873015873015873,0.746031746031746,0.4719387755102041,0.12244897959183673,7.635368300000002,1.9477980357142863,"Luisangel Acuna","26548",682668
"Sung-Mun Song",2026,"FA,FC,FS,SI,CH,SL,CU,KC,EP",567,0.24475524475524477,0.594306049822064,0.41798941798941797,0.6285714285714286,0.8802395209580839,0.8059071729957806,0.49559082892416223,0.08112874779541446,7.7956973,1.3749025220458553,"Sung-Mun Song","37122",823550
"Tyler O'Neill",2026,"FA,FC,FS,SI,CH,SL,CU,KC",559,0.2655172413793103,0.6802973977695167,0.46511627906976744,0.4675324675324675,0.8087431693989071,0.7076923076923077,0.481216457960644,0.13595706618962433,7.207291499999998,1.2893186940966008,"Tyler O'Neill","15711",641933
"Kyle Higashioka",2026,"FA,FC,FS,SI,CH,SL,CU,KC",553,0.2777777777777778,0.5618374558303887,0.4231464737793852,0.5466666666666666,0.8553459119496856,0.7564102564102564,0.5117540687160941,0.10307414104882459,5.584408499999998,1.0098387884267626,"Kyle Higashioka","5517",543309
"Jose Trevino",2026,"FA,FC,FS,SI,CH,SL,CU,KC,EP",390,0.38285714285714284,0.5813953488372093,0.49230769230769234,0.6567164179104478,0.848,0.78125,0.5512820512820513,0.1076923076923077,4.468728199999998,1.1458277435897433,"Jose Trevino","16725",624431
"Eduardo Valencia",2026,"FA,FC,FS,SI,CH,SL,CU,KC,EP",278,0.3053435114503817,0.7006802721088435,0.5143884892086331,0.575,0.8543689320388349,0.7762237762237763,0.5287769784172662,0.11510791366906475,-4.8883531,-1.7584003956834533,"Eduardo Valencia","24574",680664
"Jasson Domínguez",2026,"FA,FC,FS,SI,CH,SL,CU,KC",520,0.36042402826855124,0.6582278481012658,0.49615384615384617,0.6666666666666666,0.8782051282051282,0.7945736434108527,0.45576923076923076,0.10192307692307692,7.0064005,1.3473847115384616,"Jasson Dominguez","28080",691176
"Brenton Doyle",2026,"FA,FC,FO,FS,SI,CH,SL,CU,KC,EP",411,0.3526315789473684,0.7104072398190046,0.5450121654501217,0.43283582089552236,0.8343949044585988,0.7142857142857143,0.537712895377129,0.15571776155717762,8.4330074,2.051826618004866,"Brenton Doyle","25479",686668
"John Rave",2026,"FA,FC,FS,SI,CH,SL,CU,KC",483,0.24347826086956523,0.5652173913043478,0.41200828157349895,0.5357142857142857,0.8881118881118881,0.7889447236180904,0.5238095238095238,0.08695652173913043,-1.5964504000000033,-0.33052803312629464,"John Rave","26284",670231
"Max Clark",2026,"FA,FC,FS,SI,CH,SL,CU,KC",497,0.3176470588235294,0.6115702479338843,0.4607645875251509,0.7037037037037037,0.9391891891891891,0.8558951965065502,0.4869215291750503,0.06639839034205232,4.357432299999999,0.8767469416498993,"Max Clark","33381",703601
"Héctor Rodríguez",2026,"FA,FC,FS,SI,CH,SL,CU,KC",382,0.43661971830985913,0.7218934911242604,0.56282722513089,0.6236559139784946,0.8524590163934426,0.7534883720930232,0.4424083769633508,0.1387434554973822,-3.9608088000000006,-1.036860942408377,"Hector Rodriguez","29189",699302
"Tyrone Taylor",2026,"FA,FC,FS,SI,CH,SL,CU,KN,KC,EP",423,0.2857142857142857,0.6180904522613065,0.44208037825059104,0.546875,0.9105691056910569,0.786096256684492,0.47044917257683216,0.09456264775413711,-1.0130631000000019,-0.2394948226950359,"Tyrone Taylor","13675",621438
"Edgar Quero",2026,"FA,FC,FS,SI,CH,SL,CU,KC,EP",499,0.2878228782287823,0.7192982456140351,0.4849699398797595,0.5384615384615384,0.8963414634146342,0.78099173553719,0.45691382765531063,0.1062124248496994,7.8223319999999985,1.5676016032064126,"Edgar Quero","28022",700337
"Elias Díaz",2026,"FA,FC,FS,SI,CH,SL,CU,KC",519,0.3320610687022901,0.7392996108949417,0.5337186897880539,0.45977011494252873,0.8210526315789474,0.7075812274368231,0.4951830443159923,0.15606936416184972,8.1668936,1.5735825818882467,"Elias Diaz","11680",553869
"Austin Hedges",2026,"FA,FC,FS,SI,CH,SL,CU,KC",455,0.2436548223350254,0.6007751937984496,0.4461538461538462,0.5208333333333334,0.8193548387096774,0.7487684729064039,0.567032967032967,0.11208791208791209,2.762744199999998,0.6071965274725271,"Austin Hedges","12976",595978
"Adam Frazier",2026,"FA,FC,FS,SI,CH,SL,CU,KN,KC",480,0.39111111111111113,0.6901960784313725,0.55,0.5227272727272727,0.8579545454545454,0.7462121212121212,0.53125,0.13958333333333334,3.1753865,0.6615388541666667,"Adam Frazier","15223",624428
"Thomas Saggese",2026,"FA,FC,FS,SI,CH,SL,CU,KC,EP",477,0.3547008547008547,0.6995884773662552,0.5303983228511531,0.6385542168674698,0.8588235294117647,0.7865612648221344,0.5094339622641509,0.11320754716981132,5.851251699999997,1.2266775052410896,"Thomas Saggese","27883",695336
"Blaze Jordan",2026,"FA,FC,FS,SI,CH,SL,CU,KC",453,0.33649289099526064,0.7272727272727273,0.5452538631346578,0.6056338028169014,0.875,0.7975708502024291,0.5342163355408388,0.11037527593818984,7.6125463999999985,1.6804738189845472,"Blaze Jordan","28199",691458
"Brice Matthews",2026,"FA,FC,FS,SI,CH,SL,CU,KC,EP",587,0.2698961937716263,0.6375838926174496,0.4565587734241908,0.3717948717948718,0.7842105263157895,0.664179104477612,0.5076660988074957,0.15332197614991483,8.9456,1.5239522998296424,"Brice Matthews","33280",694728
"Graham Pauley",2026,"FA,FC,FS,SI,CH,SL,CU,KC",569,0.34275618374558303,0.6153846153846154,0.4797891036906854,0.6082474226804123,0.8977272727272727,0.7948717948717948,0.5026362038664324,0.0984182776801406,4.272685899999998,0.7509114059753951,"Graham Pauley","31363",688363
"Tommy White",2026,"FA,FC,FS,SI,CH,SL,CU,KC,EP",454,0.39574468085106385,0.6438356164383562,0.5154185022026432,0.6559139784946236,0.8865248226950354,0.7948717948717948,0.48237885462555063,0.10572687224669604,6.816976799999999,1.5015367400881057,"Tommy White","35107",695720
"Matt Vierling",2026,"FA,FC,FS,SI,CH,SL,CU,KC,EP",631,0.3402777777777778,0.6209912536443148,0.4928684627575277,0.6530612244897959,0.8826291079812206,0.8102893890675241,0.5435816164817749,0.09350237717908082,16.9099677,2.679868098256735,"Matt Vierling","21558",663837
"Colt Emerson",2026,"FA,FC,FS,SI,CH,SL,CU,KC",645,0.4260355029585799,0.6905537459283387,0.5519379844961241,0.5347222222222222,0.7877358490566038,0.6853932584269663,0.475968992248062,0.17364341085271318,9.581495399999996,1.4855031627906972,"Colt Emerson","33575",806068
"Nick Allen",2026,"FA,FC,FS,SI,CH,SL,CU,KC,EP",422,0.24742268041237114,0.6447368421052632,0.46208530805687204,0.6041666666666666,0.8435374149659864,0.7846153846153846,0.5402843601895735,0.0995260663507109,2.5889196999999995,0.6134880805687203,"Nick Allen","22277",669397
"Gabriel Arias",2026,"FA,FC,FO,FS,SI,CH,SL,CU,KN,KC,EP",368,0.3655913978494624,0.6648351648351648,0.5135869565217391,0.3088235294117647,0.7520661157024794,0.5925925925925926,0.4945652173913043,0.20923913043478262,-3.3367901000000004,-0.9067364402173914,"Gabriel Arias","22563",672356
"Noelvi Marte",2026,"FA,FC,FS,SI,CH,SL,CU,KC,EP",545,0.40816326530612246,0.6533864541832669,0.5211009174311927,0.5416666666666666,0.8902439024390244,0.7429577464788732,0.46055045871559636,0.13394495412844037,9.893229699999996,1.8152715045871552,"Noelvi Marte","26517",682622
"Jose Siri",2026,"FA,FC,FS,SI,CH,SL,CU,KC,EP",458,0.43171806167400884,0.6536796536796536,0.5436681222707423,0.3979591836734694,0.7748344370860927,0.6265060240963856,0.5043668122270742,0.20305676855895197,5.108014799999999,1.1152870742358076,"Jose Siri","17452",642350
"Brent Rooker",2026,"FA,FC,FS,SI,CH,SL,CU,KC",537,0.3129496402877698,0.6872586872586872,0.4934823091247672,0.40229885057471265,0.7696629213483146,0.6490566037735849,0.4823091247672253,0.17318435754189945,1.6120245000000017,0.30019078212290534,"Brent Rooker","19627",667670
"Lourdes Gurriel Jr.",2026,"FA,FC,FS,SI,CH,SL,CU,KC",529,0.35877862595419846,0.6666666666666666,0.5141776937618148,0.5638297872340425,0.9101123595505618,0.7904411764705882,0.504725897920605,0.10775047258979206,8.569566,1.619955765595463,"Lourdes Gurriel Jr.","19238",666971
"Blake Dunn",2026,"FA,FC,FO,FS,SI,CH,SL,CU,KC,EP",391,0.23204419889502761,0.6095238095238096,0.43478260869565216,0.5,0.9296875,0.8235294117647058,0.5370843989769821,0.07672634271099744,-1.4790943000000016,-0.37828498721227666,"Blake Dunn","29487",694362
"Mark Vientos",2026,"FA,FC,FS,SI,CH,SL,CU,KC,EP",619,0.3825503355704698,0.7009345794392523,0.5476575121163166,0.5,0.7288888888888889,0.6519174041297935,0.518578352180937,0.19063004846526657,13.6147561,2.199475945072698,"Mark Vientos","22184",668901
"Ramón Laureano",2026,"FA,FC,FS,SI,CH,SL,CU,KC",614,0.32142857142857145,0.7156862745098039,0.5179153094462541,0.43434343434343436,0.817351598173516,0.6981132075471698,0.498371335504886,0.1563517915309446,0.8905591000000002,0.14504219869706844,"Ramon Laureano","17128",657656
"Hyeseong Kim",2026,"FA,FC,FS,SI,CH,SL,CU,KC,EP",455,0.2706422018348624,0.6371308016877637,0.46153846153846156,0.4745762711864407,0.847682119205298,0.7428571428571429,0.5208791208791209,0.11868131868131868,-0.0908141000000009,-0.019959142857143054,"Hyeseong Kim","35322",808975
"George Lombard Jr.",2026,"FA,FC,FS,SI,CH,SL,CU,KC",525,0.2384937238493724,0.6328671328671329,0.4533333333333333,0.47368421052631576,0.850828729281768,0.7605042016806722,0.5447619047619048,0.10857142857142857,4.003402199999998,0.7625527999999997,"George Lombard Jr.","33433",806146
"Brendan Donovan",2026,"FA,FC,FS,SI,CH,SL,CU,KC",399,0.3023255813953488,0.6086956521739131,0.44360902255639095,0.7384615384615385,0.9375,0.864406779661017,0.46115288220551376,0.06015037593984962,-7.8378318,-1.964368872180451,"Brendan Donovan","24679",680977
"Carlos Narváez",2026,"FA,FC,FS,SI,CH,SL,CU,KC",810,0.34005037783375314,0.6852300242130751,0.5160493827160494,0.37037037037037035,0.823321554770318,0.6770334928229665,0.5098765432098765,0.16666666666666666,18.395047600000005,2.270993530864198,"Carlos Narvaez","19722",665966
"Danny Jansen",2026,"FA,FC,FS,SI,CH,SL,CU,KC",618,0.2078853046594982,0.6430678466076696,0.44660194174757284,0.41379310344827586,0.8761467889908257,0.7789855072463768,0.5485436893203883,0.09870550161812297,4.4082642000000005,0.7133113592233011,"Danny Jansen","16535",643376
"Javier Báez",2026,"FA,FC,FS,SI,CH,SL,CU,KC,EP",496,0.47719298245614034,0.6161137440758294,0.5362903225806451,0.5808823529411765,0.8538461538461538,0.7142857142857143,0.4254032258064516,0.1532258064516129,7.714412499999999,1.5553251008064515,"Javier Baez","12979",595879
"James McCann",2026,"FA,FC,FS,SI,CH,SL,CU,KC",365,0.4375,0.5978835978835979,0.5205479452054794,0.4155844155844156,0.8938053097345132,0.7,0.5178082191780822,0.15616438356164383,-4.049632400000002,-1.1094883287671238,"James McCann","12859",543510
"Adolis García",2026,"FA,FC,FS,SI,CH,SL,CU,KC",796,0.30823529411764705,0.6253369272237197,0.45603015075376885,0.4351145038167939,0.7931034482758621,0.6639118457300276,0.46608040201005024,0.15326633165829145,13.98195,1.7565263819095476,"Adolis Garcia","19287",666969
"Drew Cavanaugh",2026,"FA,FC,FS,SI,CH,SL,CU,KC,EP",565,0.2962962962962963,0.664179104477612,0.47079646017699117,0.5454545454545454,0.8932584269662921,0.7781954887218046,0.4743362831858407,0.10442477876106195,5.755598099999998,1.0186899292035394,"Drew Cavanaugh","33380",701852
"Alika Williams",2026,"FA,FC,FS,SI,CH,SL,CU,KC,EP",452,0.35714285714285715,0.6487603305785123,0.5132743362831859,0.5466666666666666,0.8662420382165605,0.7629310344827587,0.5353982300884956,0.12168141592920353,2.847131399999998,0.6298963274336279,"Alika Williams","27604",675961
"Rhys Hoskins",2026,"FA,FC,FS,SI,CH,SL,CU,KC",772,0.22058823529411764,0.6181318681318682,0.40803108808290156,0.4666666666666667,0.7866666666666666,0.6952380952380952,0.47150259067357514,0.12435233160621761,1.420752400000001,0.18403528497409338,"Rhys Hoskins","16472",656555
"Anthony Volpe",2026,"FA,FC,FS,SI,CH,SL,CU,KC,EP",597,0.2757475083056478,0.668918918918919,0.47068676716917923,0.6024096385542169,0.8333333333333334,0.7651245551601423,0.49581239530988275,0.11055276381909548,3.7463828000000006,0.6275348073701843,"Anthony Volpe","27647",683011
"Anthony Seigler",2026,"FA,FC,FS,SI,CH,SL,CU,KC,EP",498,0.26877470355731226,0.6612244897959184,0.46184738955823296,0.6029411764705882,0.8641975308641975,0.7869565217391304,0.4919678714859438,0.09839357429718876,-3.3946878000000043,-0.6816642168674707,"Anthony Seigler","23802",678011
"Luis Lara",2026,"FA,FC,FS,SI,CH,SL,CU,KN,KC,EP",609,0.24169184290030213,0.5827338129496403,0.3973727422003284,0.7,0.9012345679012346,0.8347107438016529,0.45648604269293924,0.06568144499178982,1.5227996999999984,0.2500492118226598,"Luis Lara","30675",800325
"Marcell Ozuna",2026,"FA,FC,FS,SI,CH,SL,CU,KN,KC,EP",777,0.24310776942355888,0.6164021164021164,0.4247104247104247,0.4845360824742268,0.8240343347639485,0.7242424242424242,0.4864864864864865,0.11711711711711711,8.3263932,1.0716078764478765,"Marcell Ozuna","10324",542303
"Luis Robert Jr.",2026,"FA,FC,FO,FS,SI,CH,SL,CU,KC",625,0.3426791277258567,0.6644736842105263,0.4992,0.5454545454545454,0.8366336633663366,0.7339743589743589,0.4864,0.1328,1.6306971,0.260911536,"Luis Robert Jr.","20043",673357
"Henry Davis",2026,"FA,FC,FS,SI,CH,SL,CU,KN,KC,EP",775,0.29396325459317585,0.7081218274111675,0.5045161290322581,0.5535714285714286,0.8566308243727598,0.7698209718670077,0.5083870967741936,0.11612903225806452,5.366950099999996,0.6925096903225801,"Henry Davis","29617",680779
"Samad Taylor",2026,"FA,FC,FS,SI,CH,SL,CU,KC,EP",479,0.3017241379310345,0.5182186234817814,0.4133611691022965,0.5142857142857142,0.875,0.7474747474747475,0.5156576200417536,0.10438413361169102,-4.151323700000001,-0.8666646555323593,"Samad Taylor","22274",669392
"Adrian Del Castillo",2026,"FA,FC,FS,SI,CH,SL,CU,KC",680,0.30386740331491713,0.6666666666666666,0.47352941176470587,0.4909090909090909,0.8867924528301887,0.7515527950310559,0.4676470588235294,0.11764705882352941,6.656826499999997,0.9789450735294112,"Adrian Del Castillo","29554",680728
"Christian Koss",2026,"FA,FC,FS,SI,CH,SL,CU,KC,EP",506,0.35826771653543305,0.6706349206349206,0.5138339920948617,0.5274725274725275,0.8402366863905325,0.7307692307692307,0.4980237154150198,0.1383399209486166,8.671988,1.7138316205533597,"Christian Koss","27653",683766
"Isiah Kiner-Falefa",2026,"FA,FC,FS,SI,CH,SL,CU,KC,EP",435,0.3201754385964912,0.6280193236714976,0.4666666666666667,0.684931506849315,0.9384615384615385,0.8472906403940886,0.47586206896551725,0.07126436781609195,0.26890099999999917,0.061816321839080264,"Isiah Kiner-Falefa","16512",643396
"Logan O'Hoppe",2026,"FA,FC,FO,FS,SI,CH,SL,CU,KN,KC,EP",682,0.3608815426997245,0.6990595611285266,0.5190615835777126,0.48854961832061067,0.8475336322869955,0.7146892655367232,0.46774193548387094,0.14809384164222875,14.658470600000003,2.1493358651026395,"Logan O'Hoppe","24729",681351
"Miguel Amaya",2026,"FA,FC,FS,SI,CH,SL,CU,KN,KC,EP",731,0.30606860158311344,0.625,0.45964432284541723,0.5431034482758621,0.8454545454545455,0.7410714285714286,0.48153214774281805,0.11901504787961696,0.459977799999998,0.06292445964432257,"Miguel Amaya","21693",665804
"TJ Friedl",2026,"FA,FC,FS,SI,CH,SL,CU,KC",886,0.25854700854700857,0.6124401913875598,0.4255079006772009,0.45454545454545453,0.89453125,0.753315649867374,0.4717832957110609,0.10496613995485328,16.050336,1.8115503386004514,"TJ Friedl","19522",670770
"Dustin Harris",2026,"FA,FC,FS,SI,CH,SL,CU,KC",430,0.3225806451612903,0.6384976525821596,0.4790697674418605,0.7571428571428571,0.8455882352941176,0.8155339805825242,0.49534883720930234,0.08837209302325581,-1.7570004000000004,-0.40860474418604653,"Dustin Harris","25705",687957
"Bryan Torres",2026,"FA,FC,FS,SI,CH,SL,CU,KC",637,0.266025641025641,0.6030769230769231,0.4379905808477237,0.6265060240963856,0.8622448979591837,0.7921146953405018,0.5102040816326531,0.09105180533751962,1.0162780999999987,0.15954130298273136,"Bryan Torres","21464",663494
"Endy Rodríguez",2026,"FA,FC,FS,SI,CH,SL,CU,KC",487,0.2584745762711864,0.6374501992031872,0.4537987679671458,0.5245901639344263,0.89375,0.7918552036199095,0.5154004106776181,0.0944558521560575,-7.189389899999999,-1.4762607597535933,"Endy Rodriguez","25332",682848
"Connor Wong",2026,"FA,FC,FS,SI,CH,SL,CU,KC,EP",654,0.346875,0.5958083832335329,0.4740061162079511,0.5405405405405406,0.8693467336683417,0.7516129032258064,0.5107033639143731,0.11773700305810397,5.4947477000000005,0.8401754892966361,"Connor Wong","19896",657136
"Agustín Ramírez",2026,"FA,FC,FS,SI,CH,SL,CU,KC",610,0.3127035830618892,0.6765676567656765,0.4934426229508197,0.4791666666666667,0.848780487804878,0.7308970099667774,0.4967213114754098,0.13278688524590163,6.399997699999998,1.049179950819672,"Agustin Ramirez","26546",682663
"Christian Encarnacion-Strand",2026,"FA,FC,FO,FS,SI,CH,SL,CU,KC",509,0.46360153256704983,0.7298387096774194,0.593320235756385,0.6446280991735537,0.8453038674033149,0.7649006622516556,0.48722986247544203,0.13948919449901767,-0.06957509999999933,-0.013668978388997905,"Christian Encarnacion-Strand","30011",687952
"Freddy Fermin",2026,"FA,FC,FO,FS,SI,CH,SL,CU,KC,EP",723,0.32972972972972975,0.7025495750708215,0.5117565698478561,0.5245901639344263,0.8508064516129032,0.7432432432432432,0.48824343015214383,0.1313969571230982,5.5144762,0.7627214661134163,"Freddy Fermin","21840",666023
"Ben Williamson",2026,"FA,FC,FS,SI,CH,SL,CU,KC,EP",572,0.29642857142857143,0.5068493150684932,0.40384615384615385,0.7710843373493976,0.8783783783783784,0.8398268398268398,0.5104895104895105,0.06468531468531469,2.6799626399999985,0.4685249370629368,"Ben Williamson","33197",810938
"Ryan Kreidler",2026,"FA,FC,FS,SI,CH,SL,CU,KC,EP",588,0.2943396226415094,0.7151702786377709,0.5255102040816326,0.358974358974359,0.8138528138528138,0.6990291262135923,0.5493197278911565,0.15816326530612246,4.887417799999998,0.8311935034013602,"Ryan Kreidler","25867",668952
"Roman Anthony",2026,"FA,FC,FS,SI,CH,SL,CU,KC",641,0.2282958199356913,0.5454545454545454,0.3915756630265211,0.43661971830985913,0.8444444444444444,0.7290836653386454,0.514820592823713,0.10608424336973481,-5.901192299999999,-0.9206228237129483,"Roman Anthony","31812",701350
"Jonah Heim",2026,"FA,FC,FS,SI,CH,SL,CU,KC,EP",882,0.3157894736842105,0.6185344827586207,0.47505668934240364,0.6818181818181818,0.8501742160278746,0.7971360381861575,0.5260770975056689,0.0963718820861678,19.224073699999995,2.179600192743764,"Jonah Heim","16930",641680
"Brett Sullivan",2026,"FA,FC,FS,SI,CH,SL,CU,KN,KC,EP",588,0.3368421052631579,0.6897689768976898,0.5187074829931972,0.7604166666666666,0.8995215311004785,0.8557377049180328,0.5153061224489796,0.07482993197278912,5.4870203,0.9331667176870749,"Brett Sullivan","18217",664954
"Brett Bateman",2026,"FA,FC,FS,SI,CH,SL,CU,KC",481,0.24081632653061225,0.6186440677966102,0.4261954261954262,0.7288135593220338,0.9315068493150684,0.8731707317073171,0.49064449064449067,0.05405405405405406,-8.2303759,-1.7110968607068608,"Brett Bateman","33312",703520
"Petey Halpin",2026,"FA,FC,FS,SI,CH,SL,CU,KC,EP",489,0.41295546558704455,0.7892561983471075,0.5991820040899796,0.6372549019607843,0.8691099476439791,0.78839590443686,0.4948875255623722,0.12678936605316973,2.6723006000000002,0.5464827402862986,"Petey Halpin","27931",690984
"Esmerlyn Valdez",2026,"FA,FC,FS,SI,CH,SL,CU,KC,EP",765,0.20320855614973263,0.6368286445012787,0.42483660130718953,0.3815789473684211,0.7228915662650602,0.6430769230769231,0.5111111111111111,0.15163398692810456,-1.0825172000000014,-0.14150551633986946,"Esmerlyn Valdez","29005",699013
"Myles Straw",2026,"FA,FC,FS,SI,CH,SL,CU,KC,EP",556,0.25555555555555554,0.548951048951049,0.4064748201438849,0.8840579710144928,0.9235668789808917,0.911504424778761,0.5143884892086331,0.03597122302158273,2.4169263999999995,0.43469899280575536,"Myles Straw","17620",664702
"Lane Thomas",2026,"FA,FC,FO,FS,SI,CH,SL,CU,KC",859,0.22541966426858512,0.6040723981900452,0.420256111757858,0.6382978723404256,0.8764044943820225,0.814404432132964,0.5145518044237486,0.0779976717112922,7.734782400000004,0.9004403259604196,"Lane Thomas","16939",657041
"Jose Fernandez",2026,"FA,FC,FS,SI,CH,SL,CU,KC,EP",566,0.32954545454545453,0.5264900662251656,0.43462897526501765,0.6091954022988506,0.8742138364779874,0.7804878048780488,0.5335689045936396,0.09540636042402827,2.7904224999999983,0.49300750883392197,"Jose Fernandez","28020",699912
"Tristan Gray",2026,"FA,FC,FS,SI,CH,SL,CU,KC,EP",654,0.3957703927492447,0.7368421052631579,0.5642201834862385,0.5572519083969466,0.8067226890756303,0.7181571815718157,0.4938837920489297,0.15902140672782875,7.632974299999996,1.1671214525993878,"Tristan Gray","19877",656484
"Yohendrick Piñango",2026,"FA,FC,FS,SI,CH,SL,CU,KC",584,0.3311036789297659,0.6807017543859649,0.5017123287671232,0.6868686868686869,0.8711340206185567,0.8088737201365188,0.488013698630137,0.0958904109589041,1.3340968999999971,0.22844124999999948,"Yohendrick Pinango","26664",682818
"Alejandro Osuna",2026,"FA,FC,FS,SI,CH,SL,CU,KC",672,0.3100303951367781,0.6297376093294461,0.4732142857142857,0.803921568627451,0.8981481481481481,0.8679245283018868,0.5104166666666666,0.0625,2.2748815999999987,0.3385240476190475,"Alejandro Osuna","27915",696030
"Jacob Gonzalez",2026,"FA,FC,FS,SI,CH,SL,CU,KC,EP",729,0.39204545454545453,0.7347480106100795,0.5692729766803841,0.6666666666666666,0.8772563176895307,0.8072289156626506,0.5171467764060357,0.10973936899862825,8.2168616,1.1271415089163237,"Jacob Gonzalez","33225",694378
"Max Muncy",2026,"FA,FC,FO,FS,SI,CH,SL,CU,KC",685,0.3710144927536232,0.6411764705882353,0.5051094890510949,0.4609375,0.8486238532110092,0.7052023121387283,0.49635036496350365,0.14890510948905109,3.3522100999999984,0.48937373722627714,"Max Muncy","29779",691777
"Nick Fortes",2026,"FA,FC,FS,SI,CH,SL,CU,KC,EP",524,0.3545816733067729,0.6410256410256411,0.5038167938931297,0.7640449438202247,0.88,0.8409090909090909,0.5209923664122137,0.08015267175572519,2.1026359999999986,0.40126641221374015,"Nick Fortes","21538",663743
"Jeremiah Jackson",2026,"FA,FC,FS,SI,CH,SL,CU,KC",672,0.38636363636363635,0.7335164835164835,0.5744047619047619,0.5882352941176471,0.850187265917603,0.7694300518134715,0.5416666666666666,0.1324404761904762,9.972927500000003,1.4840665922619052,"Jeremiah Jackson","22239",669236
"Josh Smith",2026,"FA,FC,FO,FS,SI,CH,SL,CU,KC",848,0.3190045248868778,0.6182266009852216,0.46226415094339623,0.574468085106383,0.9163346613545816,0.7933673469387755,0.47877358490566035,0.09551886792452831,2.019283699999997,0.23812307783018827,"Josh Smith","26396",669701
"Victor Mesa Jr.",2026,"FA,FC,FS,SI,CH,SL,CU,KC,EP",700,0.3481675392670157,0.7767295597484277,0.5428571428571428,0.6165413533834586,0.8299595141700404,0.7552631578947369,0.4542857142857143,0.13285714285714287,-4.658868299999996,-0.6655526142857138,"Victor Mesa Jr.","25999",683748
"Daniel Schneemann",2026,"FA,FC,FO,FS,SI,CH,SL,CU,KC,EP",868,0.35141509433962265,0.668918918918919,0.5138248847926268,0.4228187919463087,0.8585858585858586,0.7130044843049327,0.511520737327189,0.14746543778801843,12.4970998,1.4397580414746545,"Daniel Schneemann","25180",682177
"Paul Goldschmidt",2026,"FA,FC,FS,SI,CH,SL,CU,KC,EP",738,0.36857142857142855,0.6855670103092784,0.535230352303523,0.6511627906976745,0.7481203007518797,0.7164556962025317,0.5257452574525745,0.15176151761517614,9.806442799999997,1.3287862872628722,"Paul Goldschmidt","9218",502671
"Nolan Gorman",2026,"FA,FC,FO,FS,SI,CH,SL,CU,KC,EP",1039,0.3031423290203327,0.6706827309236948,0.4793070259865255,0.40853658536585363,0.7544910179640718,0.6405622489959839,0.4793070259865255,0.17228103946102022,9.838300800000008,0.9469009432146301,"Nolan Gorman","22263",669357
"Jared Triolo",2026,"FA,FC,FS,SI,CH,SL,CU,KC,EP",801,0.256,0.6009389671361502,0.4394506866416979,0.5729166666666666,0.8671875,0.7869318181818182,0.5318352059925093,0.09363295880149813,8.898538900000004,1.1109287016229719,"Jared Triolo","25807",669707
"Brandon Valenzuela",2026,"FA,FC,FO,FS,SI,CH,SL,CU,KC,EP",760,0.289544235924933,0.6563307493540051,0.4763157894736842,0.4722222222222222,0.8582677165354331,0.7430939226519337,0.5092105263157894,0.12236842105263158,2.4117018000000003,0.31732918421052636,"Brandon Valenzuela","23813",678218
"Dane Myers",2026,"FA,FC,FS,SI,CH,SL,CU,KC,EP",776,0.2828282828282828,0.6026315789473684,0.43943298969072164,0.7053571428571429,0.8384279475982532,0.7947214076246334,0.4896907216494845,0.09020618556701031,0.31325179999999875,0.040367499999999834,"Dane Myers","22054",667472
"Nick Sogard",2026,"FA,FC,FS,SI,CH,SL,CU,KC",828,0.25471698113207547,0.5272277227722773,0.38768115942028986,0.6481481481481481,0.892018779342723,0.8099688473520249,0.48792270531400966,0.07367149758454106,0.07393450000000101,0.00892928743961365,"Nick Sogard","25483",686765
"José Fermín",2026,"FA,FC,FS,SI,CH,SL,CU,KC",814,0.20959595959595959,0.5574162679425837,0.3882063882063882,0.8313253012048193,0.9098712446351931,0.8892405063291139,0.5135135135135135,0.042997542997543,4.227746599999999,0.5193791891891891,"Jose Fermin","21746",665877
"Aaron Judge",2026,"FA,FC,FS,SI,CH,SL,CU,KC",867,0.27149321266968324,0.6235294117647059,0.44405997693194926,0.49166666666666664,0.8075471698113208,0.7090909090909091,0.49019607843137253,0.12918108419838523,-4.4323244000000015,-0.5112254209919264,"Aaron Judge","15640",592450
"Spencer Jones",2026,"FA,FC,FS,SI,CH,SL,CU,KC,EP",1002,0.3600713012477718,0.7505668934240363,0.5319361277445109,0.37623762376237624,0.7583081570996979,0.6135084427767354,0.44011976047904194,0.2055888223552894,7.2032206,0.7188842914171657,"Spencer Jones","31532",682987
"Luis Torrens",2026,"FA,FC,FS,SI,CH,SL,CU,KC,EP",779,0.3086734693877551,0.648578811369509,0.47753530166880614,0.6776859504132231,0.8725099601593626,0.8091397849462365,0.496790757381258,0.09114249037227215,2.894816299999999,0.3716067137355583,"Luis Torrens","15905",620443
"Tyler Freeman",2026,"FA,FC,FO,FS,SI,CH,SL,CU,KC,EP",639,0.2857142857142857,0.6706948640483383,0.48513302034428796,0.7954545454545454,0.9279279279279279,0.8903225806451613,0.5179968701095462,0.053208137715179966,7.763951599999998,1.2150158998435052,"Tyler Freeman","22532",671289
"Trevor Story",2026,"FA,FC,FS,SI,CH,SL,CU,KC,EP",698,0.45244956772334294,0.6638176638176638,0.5587392550143266,0.5732484076433121,0.8326180257510729,0.7282051282051282,0.502865329512894,0.1518624641833811,8.45361084,1.2111190315186247,"Trevor Story","12564",596115
"Dalton Rushing",2026,"FA,FC,FS,SI,CH,SL,CU,KC,EP",709,0.2953929539295393,0.7176470588235294,0.4978843441466855,0.44954128440366975,0.8032786885245902,0.6940509915014165,0.4795486600846262,0.152327221438646,-7.724874099999999,-1.089545007052186,"Dalton Rushing","31382",687221
"Brady House",2026,"FA,FC,FS,SI,CH,SL,CU,KC,EP",841,0.34813084112149534,0.6682808716707022,0.5053507728894173,0.5637583892617449,0.8188405797101449,0.7294117647058823,0.49108204518430437,0.1367419738406659,12.333161900000004,1.4664877407847805,"Brady House","29993",691781
"Denzer Guzman",2026,"FA,FC,FS,SI,CH,SL,CU,KC,EP",701,0.31076923076923074,0.7340425531914894,0.5378031383737518,0.594059405940594,0.855072463768116,0.7851458885941645,0.536376604850214,0.11554921540656206,10.757399499999995,1.5345791012838794,"Denzer Guzman","28816",694203
"Miguel Andujar",2026,"FA,FC,FS,SI,CH,SL,CU,KC,EP",623,0.3741496598639456,0.6656534954407295,0.5280898876404494,0.6727272727272727,0.8949771689497716,0.8206686930091185,0.5280898876404494,0.09470304975922954,1.487002700000001,0.2386842215088284,"Miguel Andujar","15878",609280
"Hunter Feduccia",2026,"FA,FC,FS,SI,CH,SL,CU,KC,EP",831,0.2583518930957684,0.5863874345549738,0.4091456077015644,0.6293103448275862,0.8705357142857143,0.788235294117647,0.45968712394705175,0.08664259927797834,0.6478482000000009,0.07796007220216618,"Hunter Feduccia","23372",676439
"Ryan Waldschmidt",2026,"FA,FC,FS,SI,CH,SL,CU,KC",764,0.24369747899159663,0.6167076167076168,0.4424083769633508,0.367816091954023,0.796812749003984,0.6863905325443787,0.5327225130890052,0.1387434554973822,4.413066199999999,0.5776264659685862,"Ryan Waldschmidt","35061",814439
"Edouard Julien",2026,"FA,FC,FO,FS,SI,CH,SL,CU,KN,KC",1029,0.19301848049281314,0.6143911439114391,0.41496598639455784,0.5212765957446809,0.8558558558558559,0.7822014051522248,0.5267249757045676,0.09037900874635568,6.4819903000000005,0.6299310301263363,"Edouard Julien","27534",666397
"Andruw Monasterio",2026,"FA,FC,FS,SI,CH,SL,CU,KC,EP",887,0.2772511848341232,0.6279569892473118,0.46110484780157834,0.5982905982905983,0.9041095890410958,0.8166259168704156,0.52423900789177,0.08455467869222097,9.351447899999993,1.0542782299887252,"Andruw Monasterio","19455",655316
"Mickey Gasper",2026,"FA,FC,FS,SI,CH,SL,CU,KC",736,0.21220159151193635,0.5654596100278552,0.3845108695652174,0.55,0.9458128078817734,0.833922261484099,0.48777173913043476,0.06385869565217392,-11.744312400000002,-1.5956946195652177,"Mickey Gasper","24759",681508
"Jorge Soler",2026,"FA,FC,FS,SI,CH,SL,CU,KC",1092,0.2746858168761221,0.6766355140186916,0.4716117216117216,0.3464052287581699,0.7762430939226519,0.6485436893203883,0.4899267399267399,0.16575091575091574,7.119792239999996,0.6519956263736261,"Jorge Soler","14221",624585
"Coby Mayo",2026,"FA,FC,FO,FS,SI,CH,SL,CU,KC",1212,0.32441471571906355,0.6009771986970684,0.4645214521452145,0.4896907216494845,0.8265582655826558,0.7104795737122558,0.5066006600660066,0.13448844884488448,15.183142900000004,1.252734562706271,"Coby Mayo","28312",691723
"Pedro Ramírez",2026,"FA,FC,FS,SI,CH,SL,CU,KC,EP",818,0.35714285714285715,0.6588541666666666,0.49877750611246946,0.6645161290322581,0.8735177865612648,0.7941176470588235,0.46943765281173594,0.10268948655256724,6.6119515,0.8083070293398532,"Pedro Ramirez","29218",699393
"Oswald Peraza",2026,"FA,FC,FS,SI,CH,SL,CU,KN,KC,EP",872,0.37188208616780044,0.7192575406032483,0.5435779816513762,0.43902439024390244,0.8774193548387097,0.7257383966244726,0.49426605504587157,0.14908256880733944,10.0809912,1.156076972477064,"Oswald Peraza","22823",672724
"Will Smith",2026,"FA,FC,FS,SI,CH,SL,CU,KC,EP",792,0.24561403508771928,0.6208651399491094,0.4318181818181818,0.7040816326530612,0.9098360655737705,0.8508771929824561,0.4962121212121212,0.06439393939393939,-6.140137400000002,-0.775269873737374,"Will Smith","19197",669257
"Tommy Edman",2026,"FA,FC,FS,SI,CH,SL,CU,KC",806,0.3106060606060606,0.6268292682926829,0.47146401985111663,0.5447154471544715,0.9299610894941635,0.8052631578947368,0.5086848635235732,0.09181141439205956,0.4658430999999994,0.05779691066997512,"Tommy Edman","19470",669242
"Ryan Jeffers",2026,"FA,FC,FS,SI,CH,SL,CU,KC",935,0.2811158798283262,0.5671641791044776,0.42459893048128344,0.6335877862595419,0.924812030075188,0.8287153652392947,0.5016042780748663,0.07272727272727272,-7.600198700000005,-0.8128554759358295,"Ryan Jeffers","24618",680777
"Luis Rengifo",2026,"FA,FC,FS,SI,CH,SL,CU,KC,EP",880,0.26576576576576577,0.6513761467889908,0.45681818181818185,0.6440677966101694,0.9049295774647887,0.8283582089552238,0.4954545454545455,0.07840909090909091,1.1533139999999984,0.1310584090909089,"Luis Rengifo","19858",650859
"Andrew Vaughn",2026,"FA,FC,FO,FS,SI,CH,SL,CU,KC,EP",813,0.25679012345679014,0.5514705882352942,0.4046740467404674,0.6346153846153846,0.8977777777777778,0.8145896656534954,0.5018450184501845,0.07503075030750307,-5.269903000000001,-0.6482045510455106,"Andrew Vaughn","26197",683734
"Hao-Yu Lee",2026,"FA,FC,FS,SI,CH,SL,CU,KC",827,0.3006993006993007,0.6231155778894473,0.4558645707376058,0.5116279069767442,0.8588709677419355,0.7400530503978779,0.48125755743651755,0.1185006045949214,-3.8004129000000013,-0.4595420677146313,"Hao-Yu Lee","30080",701678
"Nicky Lopez",2026,"FA,FC,FO,FS,SI,CH,SL,CU,KC",756,0.33048433048433046,0.6765432098765433,0.5158730158730159,0.6724137931034483,0.8832116788321168,0.8205128205128205,0.5357142857142857,0.09259259259259259,4.499631700000001,0.5951893783068785,"Nicky Lopez","19339",670032
"Nick Loftin",2026,"FA,FC,FS,SI,CH,SL,CU,KC,EP",979,0.2336842105263158,0.5595238095238095,0.4014300306435138,0.5765765765765766,0.9397163120567376,0.8371501272264631,0.5148110316649642,0.06537282941777324,3.7318178000000017,0.3811867007150155,"Nick Loftin","27630",679845
"Alejandro Kirk",2026,"FA,FC,FS,SI,CH,SL,CU,KN,KC,EP",856,0.31490384615384615,0.5681818181818182,0.44509345794392524,0.8473282442748091,0.908,0.8871391076115486,0.514018691588785,0.05023364485981308,-0.8669878000000031,-0.10128362149532746,"Alejandro Kirk","22581",672386
"Cooper Pratt",2026,"FA,FC,FS,SI,CH,SL,CU,EP",759,0.3008356545961003,0.595,0.45586297760210803,0.6203703703703703,0.9159663865546218,0.8236994219653179,0.5270092226613966,0.08036890645586298,-2.179973599999998,-0.28721654808959135,"Cooper Pratt","33530",806198
"Austin Wells",2026,"FA,FC,FS,SI,CH,SL,CU,KC,EP",1184,0.2780487804878049,0.6467486818980668,0.4552364864864865,0.5730994152046783,0.8233695652173914,0.7439703153988868,0.48057432432432434,0.11655405405405406,6.053033599999999,0.5112359459459459,"Austin Wells","27562",669224
"Cal Raleigh",2026,"FA,FC,FS,SI,CH,SL,CU,KC",1448,0.35758323057953145,0.6781789638932496,0.4986187845303867,0.5586206896551724,0.8287037037037037,0.7202216066481995,0.4399171270718232,0.13950276243093923,4.361082939999997,0.30117976104972355,"Cal Raleigh","21534",663728
"Matt Chapman",2026,"FA,FC,FO,FS,SI,CH,SL,CU,KN,KC",1028,0.28189300411522633,0.6070110701107011,0.45330739299610895,0.6058394160583942,0.8571428571428571,0.7832618025751072,0.5272373540856031,0.09824902723735408,4.586375399999998,0.4461454669260698,"Matt Chapman","16505",656305
"Jonny DeLuca",2026,"FA,FC,FS,SI,CH,SL,CU,KC,EP",751,0.3403141361256545,0.6991869918699187,0.5166444740346205,0.5769230769230769,0.8914728682170543,0.7860824742268041,0.49134487350199735,0.11051930758988016,-0.01544840000000236,-0.0020570439414117655,"Jonny DeLuca","26365",676356
"José Tena",2026,"FA,FC,FO,FS,SI,CH,SL,CU,KC",1096,0.30590339892665475,0.6610800744878957,0.47992700729927007,0.43859649122807015,0.8112676056338028,0.6901140684410646,0.48996350364963503,0.14872262773722628,9.3525515,0.8533349908759125,"Jose Tena","23691",677588
"Connor Norby",2026,"FA,FC,FS,SI,CH,SL,CU,KC,EP",925,0.3090507726269316,0.7330508474576272,0.5254054054054054,0.4357142857142857,0.8208092485549133,0.7098765432098766,0.5102702702702703,0.15243243243243243,2.9259031999999983,0.3163138594594593,"Connor Norby","29592",681393
"Victor Caratini",2026,"FA,FC,FS,SI,CH,SL,CU,KC,EP",989,0.2525458248472505,0.5582329317269076,0.4064711830131446,0.5806451612903226,0.9028776978417267,0.8034825870646766,0.5035389282103134,0.07987866531850354,1.787358799999997,0.18072384226491373,"Victor Caratini","14968",605170
"Jackson Holliday",2026,"FA,FC,FS,SI,CH,SL,CU,KC,EP",984,0.2901960784313726,0.6413502109704642,0.45934959349593496,0.581081081081081,0.8618421052631579,0.7699115044247787,0.4817073170731707,0.10569105691056911,9.6266344,0.9783165040650407,"Jackson Holliday","31781",702616
"Blaze Alexander",2026,"FA,FC,FS,SI,CH,SL,CU,KC",698,0.314540059347181,0.7867036011080333,0.5587392550143266,0.5754716981132075,0.8415492957746479,0.7692307692307693,0.5171919770773639,0.12893982808022922,-7.155829599999993,-1.025190487106016,"Blaze Alexander","23789",677942
"Corey Seager",2026,"FA,FC,FO,FS,SI,CH,SL,CU,KC",1054,0.3037542662116041,0.8076923076923077,0.5275142314990512,0.4606741573033708,0.8306878306878307,0.7122302158273381,0.444022770398482,0.15180265654648956,5.505710999999996,0.5223634724857681,"Corey Seager","13624",608369
"Kyle Manzardo",2026,"FA,FC,FO,FS,SI,CH,SL,CU,KC,EP",1187,0.2830820770519263,0.6474576271186441,0.464195450716091,0.5325443786982249,0.8167539267015707,0.7295825771324864,0.4970513900589722,0.12552653748946924,3.718560999999995,0.3132738837405219,"Kyle Manzardo","29794",700932
"Spencer Steer",2026,"FA,FC,FS,SI,CH,SL,CU,KC",1143,0.2517605633802817,0.6330434782608696,0.4435695538057743,0.5594405594405595,0.8571428571428571,0.7731755424063116,0.5030621172353456,0.10061242344706911,12.601149699999999,1.102462790901137,"Spencer Steer","26323",668715
"Moisés Ballesteros",2026,"FA,FC,FO,FS,SI,CH,SL,CU,KN,KC",1099,0.3679092382495948,0.6825726141078838,0.5059144676979072,0.5682819383259912,0.8389057750759878,0.7284172661870504,0.4385805277525023,0.13739763421292084,11.260004700000001,1.0245682165605097,"Moises Ballesteros","28820",694208
"Kyle Isbel",2026,"FA,FC,FS,SI,CH,SL,CU,KC",870,0.3399122807017544,0.6207729468599034,0.4735632183908046,0.6838709677419355,0.9377431906614786,0.8422330097087378,0.47586206896551725,0.07471264367816093,7.9266191,0.9111056436781608,"Kyle Isbel","21614",664728
"Matt McLain",2026,"FA,FC,FS,SI,CH,SL,CU,KC,EP",1489,0.2804232804232804,0.5852660300136425,0.4304902619207522,0.4811320754716981,0.8414918414918415,0.7223088923556942,0.4922766957689725,0.11954331766286098,19.98005849999999,1.3418440899932835,"Matt McLain","29695",680574
"Tim Tawa",2026,"FA,FC,FS,SI,CH,SL,CU,KC",1000,0.3150684931506849,0.6666666666666666,0.487,0.5527950310559007,0.8404907975460123,0.7453798767967146,0.489,0.124,3.2946862000000006,0.3294686200000001,"Tim Tawa","29571",694374
"Luke Raley",2026,"FA,FC,FS,SI,CH,SL,CU,KC",1018,0.3436293436293436,0.732,0.5343811394891945,0.33707865168539325,0.7540983606557377,0.6176470588235294,0.4911591355599214,0.2043222003929273,-2.0715949000000022,-0.20349655206286857,"Luke Raley","19354",670042
"Owen Caissie",2026,"FA,FC,FO,FS,SI,CH,SL,CU,KC",1184,0.295,0.6523972602739726,0.47128378378378377,0.3898305084745763,0.8031496062992126,0.6720430107526881,0.49324324324324326,0.1545608108108108,0.6025757399999963,0.050893221283783464,"Owen Caissie","27496",683357
"Josh Lowe",2026,"FA,FC,FO,FS,SI,CH,SL,CU,KN,KC",1237,0.3616,0.7532679738562091,0.555375909458367,0.5663716814159292,0.7700650759219089,0.7030567685589519,0.49474535165723527,0.16491511721907842,4.235006639999998,0.3423610864995956,"Josh Lowe","19953",666139
"Taylor Walls",2026,"FA,FC,FO,FS,SI,CH,SL,CU,KN,KC,EP",1119,0.24957264957264957,0.5823970037453183,0.40840035746201964,0.6027397260273972,0.8585209003215434,0.7768052516411379,0.4772117962466488,0.09115281501340483,5.218989100000002,0.4663975960679179,"Taylor Walls","22458",670764
"Konnor Griffin",2026,"FA,FC,FS,SI,CH,SL,CU,KN,KC,EP",924,0.36681222707423583,0.6759656652360515,0.5227272727272727,0.5,0.8444444444444444,0.7246376811594203,0.5043290043290043,0.14393939393939395,4.133415499999997,0.44733933982683954,"Konnor Griffin","35376",804606
"Angel Martínez",2026,"FA,FC,FO,FS,SI,CH,SL,CU,KC",975,0.4263261296660118,0.6545064377682404,0.5353846153846153,0.6866359447004609,0.8852459016393442,0.8026819923371648,0.47794871794871796,0.10564102564102563,6.328650099999999,0.6490923179487179,"Angel Martinez","26540",682657
"Dylan Crews",2026,"FA,FC,FS,SI,CH,SL,CU,KC,EP",1112,0.3375224416517056,0.7243243243243244,0.5305755395683454,0.4734042553191489,0.8258706467661692,0.7135593220338983,0.49910071942446044,0.15197841726618705,13.045242700000003,1.1731333363309355,"Dylan Crews","33541",686611
"Patrick Bailey",2026,"FA,FC,FO,FS,SI,CH,SL,CU,KN,KC,EP",1105,0.32532347504621073,0.6737588652482269,0.5031674208144796,0.5113636363636364,0.8710526315789474,0.7571942446043165,0.5104072398190045,0.12217194570135746,8.912673499999995,0.8065767873303162,"Patrick Bailey","27478",672275
"Maikel Garcia",2026,"FA,FC,FS,SI,CH,SL,CU,KC",960,0.22466960352422907,0.5533596837944664,0.39791666666666664,0.7058823529411765,0.9,0.8481675392670157,0.5270833333333333,0.06041666666666667,9.166306599999999,0.9548236041666665,"Maikel Garcia","22715",672580
"Donovan Walton",2026,"FA,FC,FS,SI,CH,SL,CU,KC,EP",951,0.2752688172043011,0.7119341563786008,0.49842271293375395,0.5078125,0.8439306358381503,0.7531645569620253,0.5110410094637224,0.12302839116719243,-6.347671200000001,-0.6674733123028391,"Donovan Walton","19314",622268
"Nick Kurtz",2026,"FA,FC,FO,FS,SI,CH,SL,CU,KC",1184,0.232,0.6332737030411449,0.4214527027027027,0.33793103448275863,0.807909604519774,0.6713426853707415,0.4721283783783784,0.13851351351351351,-20.544014000000004,-1.735136317567568,"Nick Kurtz","35110",701762
"Adley Rutschman",2026,"FA,FC,FS,SI,CH,SL,CU,KN,KC,EP",1137,0.25597269624573377,0.558983666061706,0.40281442392260336,0.7266666666666667,0.9058441558441559,0.8471615720524017,0.484608619173263,0.06156552330694811,-6.726397199999997,-0.5915916622691291,"Adley Rutschman","26288",668939
"Jacob Wilson",2026,"FA,FC,FS,SI,CH,SL,CU,KC,EP",762,0.4090909090909091,0.6675257731958762,0.5406824146981627,0.7516339869281046,0.9420849420849421,0.8713592233009708,0.5091863517060368,0.06955380577427822,0.7299389999999981,0.09579251968503913,"Jacob Wilson","33266",805779
"Ryan McMahon",2026,"FA,FC,FS,SI,CH,SL,CU,KC,EP",1228,0.27378964941569284,0.6279809220985691,0.4552117263843648,0.4268292682926829,0.8481012658227848,0.7245080500894454,0.512214983713355,0.1254071661237785,5.741498500000001,0.46754873778501643,"Ryan McMahon","15112",641857
"Griffin Conine",2026,"FA,FC,FO,FS,SI,CH,SL,CU,KN,KC,EP",979,0.3247706422018349,0.652073732718894,0.4698672114402451,0.3954802259887006,0.7879858657243817,0.6369565217391304,0.4433094994892748,0.17058222676200205,-15.864366300000006,-1.620466424923392,"Griffin Conine","21626",665052
"Sal Frelick",2026,"FA,FC,FS,SI,CH,SL,CU,KN,KC,EP",1081,0.23904382470119523,0.5958549222797928,0.4301572617946346,0.8583333333333333,0.9536231884057971,0.9290322580645162,0.5356151711378353,0.030527289546716005,2.6872237000000005,0.24858683626271974,"Sal Frelick","29622",686217
"Trent Grisham",2026,"FA,FC,FS,SI,CH,SL,CU,KC,EP",1437,0.20114122681883023,0.5720108695652174,0.39109255393180237,0.6312056737588653,0.9002375296912114,0.8327402135231317,0.5121781489213639,0.06541405706332637,2.1125041,0.14700794015309676,"Trent Grisham","18564",663757
"Dylan Beavers",2026,"FA,FC,FO,FS,SI,CH,SL,CU,KC",1205,0.24086378737541528,0.603648424543947,0.4224066390041494,0.5379310344827586,0.8681318681318682,0.7740667976424361,0.5004149377593361,0.0954356846473029,1.347549799999998,0.11182985892116165,"Dylan Beavers","31695",687637
"Michael Conforto",2026,"FA,FC,FS,SI,CH,SL,CU,KN,KC,EP",1202,0.28289473684210525,0.622895622895623,0.4509151414309484,0.5116279069767442,0.8756756756756757,0.7601476014760148,0.49417637271214643,0.10815307820299501,-2.9197750000000013,-0.2429097337770384,"Michael Conforto","16376",624424
"Joe Mack",2026,"FA,FC,FO,FS,SI,CH,SL,CU,KC",1024,0.2783300198807157,0.6698656429942419,0.4775390625,0.55,0.8510028653295129,0.7648261758691206,0.5087890625,0.1123046875,2.7130643999999973,0.26494769531249973,"Joe Mack","29780",691788
"Vaughn Grissom",2026,"FA,FC,FS,SI,CH,SL,CU,KC",1089,0.3217726396917148,0.6736842105263158,0.5059687786960514,0.6107784431137725,0.8828125,0.8003629764065335,0.5234159779614325,0.10101010101010101,7.543796999999999,0.6927269972451789,"Vaughn Grissom","26031",687093
"Oneil Cruz",2026,"FA,FC,FS,SI,CH,SL,CU,KC,EP",1165,0.31643625192012287,0.5622568093385214,0.4248927038626609,0.49029126213592233,0.7647058823529411,0.6505050505050505,0.4412017167381974,0.14849785407725322,-14.083129400000004,-1.208852309012876,"Oneil Cruz","21711",665833
"J.P. Crawford",2026,"FA,FC,FS,SI,CH,SL,CU,KC",1385,0.20089955022488756,0.5821727019498607,0.39855595667870036,0.6567164179104478,0.9066985645933014,0.8460144927536232,0.5184115523465704,0.061371841155234655,2.5145427999999996,0.18155543682310465,"J.P. Crawford","15491",641487
"Braden Montgomery",2026,"FA,FC,FS,SI,CH,SL,CU,KC,EP",1008,0.25048923679060664,0.7404426559356136,0.49206349206349204,0.4453125,0.8532608695652174,0.7479838709677419,0.4930555555555556,0.12400793650793651,-5.187259200000001,-0.5146090476190477,"Braden Montgomery","35423",695731
"Dansby Swanson",2026,"FA,FC,FO,FS,SI,CH,SL,CU,KC,EP",1337,0.24963072378138848,0.6878787878787879,0.46596858638743455,0.4556213017751479,0.8281938325991189,0.7271268057784912,0.49364248317127896,0.12715033657442035,1.820485699999998,0.1361619820493641,"Dansby Swanson","18314",621020
"Nasim Nuñez",2026,"FA,FC,FO,FS,SI,CH,SL,CU,KC",1379,0.26900584795321636,0.6690647482014388,0.4706308919506889,0.5597826086956522,0.8924731182795699,0.7981510015408321,0.5039883973894126,0.09499637418419145,22.02611030000001,1.5972523785351709,"Nasim Nunez","25979",683083
"Lars Nootbaar",2026,"FA,FC,FS,SI,CH,SL,CU,KC",1150,0.21521335807050093,0.5204582651391162,0.3773913043478261,0.7068965517241379,0.8867924528301887,0.8387096774193549,0.5313043478260869,0.06086956521739131,-4.5761848,-0.3979291130434783,"Lars Nootbaar","21454",663457
"Carson Kelly",2026,"FA,FC,FO,FS,SI,CH,SL,CU,KN,KC,EP",1092,0.24571428571428572,0.6208112874779541,0.44047619047619047,0.6434108527131783,0.9005681818181818,0.8316008316008316,0.5192307692307693,0.07417582417582418,9.216892099999997,0.8440377380952377,"Carson Kelly","13620",608348
"Zach McKinstry",2026,"FA,FC,FS,SI,CH,SL,CU,KC,EP",1268,0.31074380165289256,0.6440422322775264,0.48501577287066244,0.6542553191489362,0.936768149882904,0.8504065040650407,0.5228706624605678,0.07255520504731862,1.6318632999999994,0.12869584384858038,"Zach McKinstry","19392",656716
"Kyle Karros",2026,"FA,FC,FO,FS,SI,CH,SL,CU,KN,KC,EP",1240,0.2368839427662957,0.6153846153846154,0.42338709677419356,0.47651006711409394,0.8856382978723404,0.7695238095238095,0.49274193548387096,0.09758064516129032,-1.3297741000000014,-0.10723984677419365,"Kyle Karros","33252",691720
"Dominic Smith",2026,"FA,FC,FS,SI,CH,SL,CU,KN,KC",1002,0.31589147286821706,0.6707818930041153,0.4880239520958084,0.6625766871165644,0.8680981595092024,0.7995910020449898,0.48502994011976047,0.09780439121756487,-0.13426490000000255,-0.013399690618762729,"Dominic Smith","15653",642086
"Ildemaro Vargas",2026,"FA,FC,FS,SI,CH,SL,CU,KC",1146,0.3905429071803853,0.5878260869565217,0.4895287958115183,0.757847533632287,0.9437869822485208,0.8698752228163993,0.5017452006980803,0.0636998254799302,11.903390799999993,1.0386902966841183,"Ildemaro Vargas","13324",545121
"Jorbit Vivas",2026,"FA,FC,FO,FS,SI,CH,SL,CU,KC,EP",1127,0.2779605263157895,0.7379576107899807,0.4897959183673469,0.6390532544378699,0.9216710182767625,0.8351449275362319,0.4605146406388642,0.08074534161490683,2.1426159999999994,0.19011677018633535,"Jorbit Vivas","23917",678391
"Jake Cronenworth",2026,"FA,FC,FS,SI,CH,SL,CU,KC",1353,0.2909356725146199,0.6068759342301944,0.44715447154471544,0.5678391959798995,0.9064039408866995,0.7950413223140496,0.49445676274944567,0.09164818920916482,8.297943099999996,0.6132995639320026,"Jake Cronenworth","18036",630105
"Jacob Young",2026,"FA,FC,FS,SI,CH,SL,CU,KC,EP",1110,0.2679245283018868,0.5741379310344827,0.42792792792792794,0.5915492957746479,0.9009009009009009,0.8084210526315789,0.5225225225225225,0.08198198198198198,4.533076100000001,0.4083852342342343,"Jacob Young","29931",696285
"Masataka Yoshida",2026,"FA,FC,FS,SI,CH,SL,CU,KC,EP",962,0.32490272373540857,0.5513392857142857,0.4303534303534304,0.7784431137724551,0.9149797570850202,0.8599033816425121,0.4656964656964657,0.060291060291060294,-5.436909100000001,-0.5651672661122663,"Masataka Yoshida","31837",807799
"J.T. Realmuto",2026,"FA,FC,FO,FS,SI,CH,SL,CU,KN,KC",1337,0.31363636363636366,0.621861152141802,0.46970830216903514,0.6570048309178744,0.8266033254156769,0.7707006369426752,0.506357516828721,0.10770381451009724,13.2521462,0.991185205684368,"J.T. Realmuto","11739",592663
"José Caballero",2026,"FA,FC,FS,SI,CH,SL,CU,KC,EP",1211,0.36044657097288674,0.6421232876712328,0.4962840627580512,0.6460176991150443,0.8426666666666667,0.7687188019966722,0.48224607762180016,0.1147811725846408,8.240514000000001,0.6804718414533445,"Jose Caballero","23401",676609
"Samuel Basallo",2026,"FA,FC,FO,FS,SI,CH,SL,CU,KC",1111,0.3996710526315789,0.68389662027833,0.5283528352835284,0.6131687242798354,0.8343023255813954,0.7427597955706985,0.4527452745274527,0.13591359135913592,-4.216416900000003,-0.379515472547255,"Samuel Basallo","28824",694212
"Gavin Sheets",2026,"FA,FC,FO,FS,SI,CH,SL,CU,KC,EP",1502,0.3099121706398996,0.5588652482269504,0.42676431424766975,0.6963562753036437,0.9086294416243654,0.8268330733229329,0.46937416777629826,0.07390146471371505,-1.701844700000001,-0.11330523968042616,"Gavin Sheets","19901",657757
"Francisco Alvarez",2026,"FA,FC,FO,FS,SI,CH,SL,CU,KC",1221,0.31181102362204727,0.6092150170648464,0.45454545454545453,0.4898989898989899,0.7983193277310925,0.6882882882882883,0.4799344799344799,0.1416871416871417,1.9681520999999944,0.16119181818181771,"Francisco Alvarez","26121",682626
"Keibert Ruiz",2026,"FA,FC,FS,SI,CH,SL,CU,KC",793,0.40404040404040403,0.7002518891687658,0.5523329129886507,0.75,0.9496402877697842,0.8767123287671232,0.5006305170239597,0.06809583858764187,-2.6604783000000007,-0.33549537200504426,"Keibert Ruiz","19610",660688
"David Hamilton",2026,"FA,FC,FO,FS,SI,CH,SL,CU,KN,KC,EP",1241,0.29064039408866993,0.5759493670886076,0.43593875906526997,0.6610169491525424,0.8818681318681318,0.8096118299445472,0.5092667203867849,0.08299758259468171,3.1751329999999998,0.255852780016116,"David Hamilton","27531",666152
"Isaac Collins",2026,"FA,FC,FO,FS,SI,CH,SL,CU,KC,EP",1466,0.19754768392370572,0.5614754098360656,0.3792633015006821,0.5586206896551724,0.8929440389294404,0.8057553956834532,0.49931787175989084,0.07366984993178717,4.276535399999997,0.2917145566166437,"Isaac Collins","25477",686555
"Leody Taveras",2026,"FA,FC,FS,SI,CH,SL,CU,KC",1222,0.3232963549920761,0.6480541455160744,0.48036006546644844,0.5490196078431373,0.8903394255874674,0.7717206132879046,0.483633387888707,0.10965630114566285,2.8247489999999953,0.23115785597381303,"Leody Taveras","18900",665750
"Evan Carter",2026,"FA,FC,FO,FS,SI,CH,SL,CU,KC,EP",1529,0.21862348178137653,0.5875634517766497,0.40876389797253104,0.3950617283950617,0.8704103671706264,0.7472,0.5153695225637671,0.10333551340745585,6.953652899999998,0.454784362328319,"Evan Carter","27790",694497
"Bryce Eldridge",2026,"FA,FC,FS,SI,CH,SL,CU,KN,KC,EP",1315,0.25801749271137026,0.6263910969793323,0.4342205323193916,0.5536723163841808,0.8375634517766497,0.7495621716287215,0.4783269961977186,0.10874524714828897,-9.913869500000006,-0.7539064258555137,"Bryce Eldridge","33390",805811
"Joey Ortiz",2026,"FA,FC,FS,SI,CH,SL,CU,KN,KC,EP",995,0.34024896265560167,0.5419103313840156,0.4442211055276382,0.6585365853658537,0.8992805755395683,0.8099547511312217,0.5155778894472361,0.08442211055276382,-0.5431747000000036,-0.054590422110553115,"Joey Ortiz","25493",687401
"Francisco Lindor",2026,"FA,FC,FS,SI,CH,SL,CU,KC",1329,0.2972972972972973,0.65814696485623,0.4672686230248307,0.6028708133971292,0.8252427184466019,0.750402576489533,0.4710308502633559,0.11662904439428141,-4.059149300000003,-0.30542884123401076,"Francisco Lindor","12916",596019
"Wyatt Langford",2026,"FA,FC,FS,SI,CH,SL,CU,KC",1218,0.24792013311148087,0.6661264181523501,0.45977011494252873,0.5234899328859061,0.8661800486618005,0.775,0.506568144499179,0.10344827586206896,-4.810060300000006,-0.394914638752053,"Wyatt Langford","33333",694671
"Heriberto Hernández",2026,"FA,FC,FO,FS,SI,CH,SL,CU,KN,KC",1346,0.23609022556390977,0.6622613803230544,0.45170876671619614,0.39490445859872614,0.7893569844789357,0.6875,0.5059435364041605,0.1411589895988113,-1.6659688000000021,-0.12377182763744445,"Heriberto Hernandez","24878",681715
"Jesús Sánchez",2026,"FA,FC,FS,SI,CH,SL,CU,KC,EP",1083,0.3719298245614035,0.7017543859649122,0.5281625115420129,0.6320754716981132,0.8166666666666667,0.7482517482517482,0.47368421052631576,0.1329639889196676,-0.18994070000000018,-0.01753838411819023,"Jesus Sanchez","19913",660821
"Byron Buxton",2026,"FA,FC,FS,SI,CH,SL,CU,KC",1066,0.3234750462107209,0.7504761904761905,0.5337711069418386,0.4114285714285714,0.8324873096446701,0.70298769771529,0.4924953095684803,0.15853658536585366,-10.347066699999997,-0.9706441557223262,"Byron Buxton","14161",621439
"José Ramírez",2026,"FA,FC,FO,FS,SI,CH,SL,CU,KC",1574,0.28934624697336564,0.6417112299465241,0.4567979669631512,0.7280334728033473,0.9208333333333333,0.8567454798331016,0.47522236340533675,0.06543837357052097,11.24493199999999,0.7144175349428201,"Jose Ramirez","13510",608070
"Yainer Diaz",2026,"FA,FC,FS,SI,CH,SL,CU,KC,EP",820,0.40572792362768495,0.7481296758104738,0.573170731707317,0.6470588235294118,0.91,0.8148936170212766,0.48902439024390243,0.10609756097560975,-1.271356900000003,-0.15504352439024424,"Yainer Diaz","23003",673237
"Willi Castro",2026,"FA,FC,FO,FS,SI,CH,SL,CU,KN,KC",1261,0.35443037974683544,0.7072727272727273,0.5083267248215702,0.48412698412698413,0.8483290488431876,0.7051482059282371,0.43616177636796194,0.14988104678826328,-4.952475700000003,-0.3927419270420303,"Willi Castro","17338",650489
"Jared Young",2026,"FA,FC,FS,SI,CH,SL,CU,KC",1093,0.26465364120781526,0.7018867924528301,0.47666971637694416,0.5838926174496645,0.8709677419354839,0.7888675623800384,0.484903934126258,0.10064043915827996,-7.826953560000004,-0.7160982214089665,"Jared Young","20404",676724
"Tyler Soderstrom",2026,"FA,FC,FO,FS,SI,CH,SL,CU,KC",1193,0.23424878836833601,0.6742160278745645,0.4459346186085499,0.5793103448275863,0.9018087855297158,0.8139097744360902,0.48113998323554064,0.08298407376362113,-13.748349800000005,-1.1524182564962284,"Tyler Soderstrom","27467",691016
"Heliot Ramos",2026,"FA,FC,FO,FS,SI,CH,SL,CU,KN,KC,EP",1276,0.3296,0.6866359447004609,0.5117554858934169,0.5048543689320388,0.8523489932885906,0.7427258805513017,0.5101880877742947,0.13166144200626959,9.748806799999999,0.7640130721003134,"Heliot Ramos","22515",671218
"Colson Montgomery",2026,"FA,FC,FO,FS,SI,CH,SL,CU,KC",1744,0.34543454345434543,0.6802395209580838,0.5057339449541285,0.34076433121019106,0.8169014084507042,0.6473922902494331,0.47878440366972475,0.1783256880733945,12.498934799999997,0.7166820412844035,"Colson Montgomery","29712",695657
"Munetaka Murakami",2026,"FA,FC,FS,SI,CH,SL,CU,KC,EP",1653,0.23022432113341204,0.5992555831265509,0.4101633393829401,0.3487179487179487,0.6997929606625258,0.5988200589970502,0.48759830611010285,0.1645493042952208,-15.648391899999996,-0.9466661766485177,"Munetaka Murakami","37120",808959
"Juan Soto",2026,"FA,FC,FS,SI,CH,SL,CU,KC,EP",1245,0.1889400921658986,0.5858585858585859,0.3783132530120482,0.6341463414634146,0.896551724137931,0.8280254777070064,0.4771084337349398,0.06506024096385542,-23.4271478,-1.8816986184738957,"Juan Soto","20123",665742
"Gleyber Torres",2026,"FA,FC,FS,SI,CH,SL,CU,KC",1197,0.22107081174438686,0.6747572815533981,0.4553049289891395,0.59375,0.8561151079136691,0.7944954128440367,0.5162907268170426,0.0935672514619883,2.666432799999996,0.22275963241436889,"Gleyber Torres","16997",650402
"JJ Bleday",2026,"FA,FC,FO,FS,SI,CH,SL,CU,KC",1529,0.2085048010973937,0.67125,0.45062132112491826,0.4605263157894737,0.851024208566108,0.7648766328011611,0.5232177894048398,0.10595160235448005,-6.613614300000005,-0.43254508175277995,"JJ Bleday","26368",668709
"Ezequiel Tovar",2026,"FA,FC,FO,FS,SI,CH,SL,CU,KN,KC,EP",1208,0.44785276073619634,0.8093525179856115,0.6142384105960265,0.547945205479452,0.8622222222222222,0.738544474393531,0.4602649006622517,0.1605960264900662,11.1593846,0.9237901158940397,"Ezequiel Tovar","24064",678662
"Shea Langeliers",2026,"FA,FC,FO,FS,SI,CH,SL,CU,KC,EP",1250,0.3423019431988042,0.7005163511187608,0.5088,0.49344978165938863,0.8304668304668305,0.7091194968553459,0.4648,0.148,3.4290469999999966,0.2743237599999997,"Shea Langeliers","25816",669127
"Royce Lewis",2026,"FA,FC,FS,SI,CH,SL,CU,KC",1435,0.31163434903047094,0.6956521739130435,0.5024390243902439,0.4177777777777778,0.7903225806451613,0.6740638002773925,0.4968641114982578,0.16376306620209058,11.637577799999992,0.8109810313588844,"Royce Lewis","20437",668904
"Zack Gelof",2026,"FA,FC,FS,SI,CH,SL,CU,KC,EP",1217,0.25263157894736843,0.6275115919629057,0.4519309778142975,0.5208333333333334,0.8103448275862069,0.7345454545454545,0.5316351684470009,0.1199671322925226,-4.7123044000000025,-0.3872066064092032,"Zack Gelof","29766",680869
"Ronald Acuña Jr.",2026,"FA,FC,FS,SI,CH,SL,CU,KN,KC",1218,0.28307692307692306,0.7693661971830986,0.5098522167487685,0.5597826086956522,0.8077803203661327,0.7342995169082126,0.4663382594417077,0.1354679802955665,-9.321709900000002,-0.7653292200328409,"Ronald Acuna Jr.","18401",660670
"Masyn Winn",2026,"FA,FC,FO,FS,SI,CH,SL,CU,KC",1550,0.2446524064171123,0.5748129675810474,0.4154838709677419,0.5683060109289617,0.8546637744034707,0.7732919254658385,0.5174193548387097,0.09419354838709677,16.326935499999998,1.0533506774193548,"Masyn Winn","27479",691026
"Marcus Semien",2026,"FA,FC,FS,SI,CH,SL,CU,KC",1458,0.27896995708154504,0.7035573122529645,0.5,0.5333333333333333,0.8764044943820225,0.7846364883401921,0.5205761316872428,0.10768175582990398,14.854844999999997,1.0188508230452673,"Marcus Semien","12533",543760
"Kyle Schwarber",2026,"FA,FC,FO,FS,SI,CH,SL,CU,KN,KC",1863,0.2858555885262117,0.6431924882629108,0.4492753623188406,0.4602076124567474,0.8083941605839416,0.6881720430107527,0.4573268921095008,0.14009661835748793,-13.750296960000009,-0.7380728373590987,"Kyle Schwarber","16478",656941
"Spencer Horwitz",2026,"FA,FC,FS,SI,CH,SL,CU,KN,KC,EP",1435,0.26294277929155313,0.5549215406562055,0.40557491289198605,0.7409326424870466,0.9203084832904884,0.8608247422680413,0.48850174216027875,0.05644599303135889,-0.20873100000000192,-0.01454571428571442,"Spencer Horwitz","26477",687462
"Taylor Ward",2026,"FA,FC,FS,SI,CH,SL,CU,KC",1723,0.1506849315068493,0.483695652173913,0.3284968078932095,0.5289256198347108,0.8966292134831461,0.8180212014134276,0.5339524085896692,0.05977945443993035,5.012844399999999,0.29093699361578634,"Taylor Ward","17548",621493
"Jazz Chisholm Jr.",2026,"FA,FC,FS,SI,CH,SL,CU,KC,EP",1528,0.2969325153374233,0.6115007012622721,0.443717277486911,0.6157024793388429,0.8027522935779816,0.7359882005899705,0.4666230366492147,0.11714659685863875,-2.674184900000005,-0.17501210078534063,"Jazz Chisholm Jr.","20454",665862
"Drew Gilbert",2026,"FA,FC,FS,SI,CH,SL,CU,KN,KC,EP",1343,0.21012269938650308,0.6020260492040521,0.4117647058823529,0.5547445255474452,0.8942307692307693,0.810126582278481,0.5145197319434103,0.0781831720029784,-8.882649900000006,-0.6614035666418471,"Drew Gilbert","31545",687551
"Christian Yelich",2026,"FA,FC,FS,SI,CH,SL,CU,KC,EP",1520,0.24438573315719947,0.6513761467889908,0.4486842105263158,0.41621621621621624,0.8048289738430584,0.6994134897360704,0.5019736842105263,0.13486842105263158,1.7622970000000016,0.11594059210526327,"Christian Yelich","11477",592885
"Vinnie Pasquantino",2026,"FA,FC,FS,SI,CH,SL,CU,KC",1382,0.2887700534759358,0.6514195583596214,0.455137481910275,0.7407407407407407,0.937046004842615,0.8696343402225755,0.45875542691751087,0.059334298118668596,-8.544070900000003,-0.6182395730824894,"Vinnie Pasquantino","27676",686469
"Teoscar Hernández",2026,"FA,FC,FS,SI,CH,SL,CU,KC,EP",1339,0.3205521472392638,0.6244541484716157,0.4764749813293503,0.5263157894736842,0.7878787878787878,0.7021943573667712,0.5130694548170276,0.14189693801344286,5.929225499999999,0.4428099701269604,"Teoscar Hernandez","13066",606192
"Henry Bolte",2026,"FA,FC,FS,SI,CH,SL,CU,KC,EP",1182,0.2891566265060241,0.718801996672213,0.5076142131979695,0.40476190476190477,0.8171296296296297,0.7016666666666667,0.5084602368866328,0.15143824027072758,-6.274305000000004,-0.530821065989848,"Henry Bolte","31448",703607
"Carlos Cortes",2026,"FA,FC,FO,FS,SI,CH,SL,CU,KC",1445,0.28330995792426367,0.6366120218579235,0.46228373702422143,0.6435643564356436,0.871244635193133,0.8023952095808383,0.5065743944636678,0.09134948096885813,5.4912619999999945,0.38001813148788893,"Carlos Cortes","21842",666126
"Wade Meckler",2026,"FA,FC,FS,SI,CH,SL,CU,KC",991,0.2469879518072289,0.6389452332657201,0.4419778002018164,0.5772357723577236,0.8952380952380953,0.8059360730593608,0.49747729566094856,0.08577194752774975,-7.909208399999999,-0.7981037739656912,"Wade Meckler","31490",685133
"Daulton Varsho",2026,"FA,FC,FS,SI,CH,SL,CU,KN,KC,EP",1479,0.3785450061652281,0.7215568862275449,0.5334685598377282,0.6840390879478827,0.8692946058091287,0.7972116603295311,0.45165652467883705,0.10818120351588911,9.9268088,0.6711838269100744,"Daulton Varsho","19918",662139
"Lawrence Butler",2026,"FA,FC,FO,FS,SI,CH,SL,CU,KC,EP",1623,0.24598269468479605,0.6965601965601965,0.47196549599507087,0.5527638190954773,0.8289241622574955,0.7571801566579635,0.5015403573629081,0.11460258780036968,-3.567759799999996,-0.21982500308071448,"Lawrence Butler","22542",671732
"Tyler Stephenson",2026,"FA,FC,FO,FS,SI,CH,SL,CU,KC",1384,0.23317683881064163,0.6483221476510067,0.45664739884393063,0.28859060402684567,0.865424430641822,0.7294303797468354,0.5382947976878613,0.12355491329479769,-0.508402800000002,-0.03673430635838165,"Tyler Stephenson","17988",663886
"Ozzie Albies",2026,"FA,FC,FS,SI,CH,SL,CU,KC,EP",1701,0.3467391304347826,0.7464788732394366,0.5302763080540859,0.6206896551724138,0.8730703259005146,0.7838137472283814,0.4591416813639036,0.1146384479717813,7.156239499999999,0.42070778953556726,"Ozzie Albies","16556",645277
"Ryan O'Hearn",2026,"FA,FC,FS,SI,CH,SL,CU,KC,EP",1199,0.297029702970297,0.6492411467116358,0.47122602168473726,0.5888888888888889,0.8935064935064935,0.7964601769911505,0.4945788156797331,0.09591326105087573,-10.178719400000002,-0.8489340617180987,"Ryan O'Hearn","16442",656811
"Mickey Moniak",2026,"FA,FC,FO,FS,SI,CH,SL,CU,KN,KC,EP",1209,0.437403400309119,0.7882562277580071,0.6004962779156328,0.519434628975265,0.8645598194130926,0.7300275482093664,0.46484698097601324,0.1621174524400331,-5.786985700000003,-0.47865886683209297,"Mickey Moniak","19956",666160
"Willy Adames",2026,"FA,FC,FO,FS,SI,CH,SL,CU,KN,KC,EP",1444,0.3008356545961003,0.6542699724517906,0.47853185595567865,0.47685185185185186,0.871578947368421,0.748191027496382,0.502770083102493,0.12049861495844875,-1.8387584000000032,-0.12733783933518028,"Willy Adames","15986",642715
"Cam Smith",2026,"FA,FC,FO,FS,SI,CH,SL,CU,KC,EP",1689,0.2922705314009662,0.670150987224158,0.4849023090586146,0.49586776859504134,0.8232235701906413,0.7264957264957265,0.5097690941385435,0.13262285375962107,8.022832499999996,0.4750048845470691,"Cam Smith","35108",701358
"Corbin Carroll",2026,"FA,FC,FS,SI,CH,SL,CU,KC",1820,0.3115423901940756,0.6575505350772889,0.4714285714285714,0.6262295081967213,0.8191681735985533,0.7505827505827506,0.4620879120879121,0.11758241758241758,2.8265283999999986,0.15530375824175816,"Corbin Carroll","25878",682998
"Josh Jung",2026,"FA,FC,FO,FS,SI,CH,SL,CU,KC",1180,0.3247422680412371,0.6605351170568562,0.49491525423728816,0.5925925925925926,0.9240506329113924,0.8167808219178082,0.5067796610169492,0.09067796610169492,-0.01770110000000008,-0.0015000932203389898,"Josh Jung","26299",673962
"Cody Bellinger",2026,"FA,FC,FS,SI,CH,SL,CU,KC",1370,0.3028571428571429,0.6373134328358209,0.4664233576642336,0.6273584905660378,0.8899297423887588,0.8028169014084507,0.48905109489051096,0.09197080291970802,-8.141641200000002,-0.5942803795620439,"Cody Bellinger","15998",641355
"Andrés Giménez",2026,"FA,FC,FS,SI,CH,SL,CU,KN,KC,EP",1368,0.4,0.7365269461077845,0.564327485380117,0.6428571428571429,0.8455284552845529,0.772020725388601,0.48830409356725146,0.1286549707602339,9.872283399999995,0.7216581432748534,"Andres Gimenez","19950",665926
"Travis Bazzana",2026,"FA,FC,FS,SI,CH,SL,CU,KC",1391,0.27375886524822696,0.641399416909621,0.4550682961897915,0.5129533678756477,0.9,0.7819905213270142,0.4931703810208483,0.09920920201294033,-15.265391500000005,-1.097440079079799,"Travis Bazzana","34967",683953
"Spencer Torkelson",2026,"FA,FC,FS,SI,CH,SL,CU,KC,EP",1785,0.2098623853211009,0.6385542168674698,0.4291316526610644,0.3224043715846995,0.7941680960548885,0.6814621409921671,0.511484593837535,0.13669467787114845,-1.9980433000000062,-0.11193519887955215,"Spencer Torkelson","27465",679529
"Kyle Tucker",2026,"FA,FC,FS,SI,CH,SL,CU,KC,EP",1715,0.2474108170310702,0.7269503546099291,0.4839650145772595,0.5720930232558139,0.8829268292682927,0.8024096385542169,0.4932944606413994,0.0956268221574344,4.281382799999996,0.24964331195335251,"Kyle Tucker","18345",663656
"Joc Pederson",2026,"FA,FC,FO,FS,SI,CH,SL,CU,KC,EP",1561,0.30569948186528495,0.6438529784537389,0.4766175528507367,0.5720338983050848,0.797244094488189,0.7258064516129032,0.5054452274183215,0.13068545803971812,-10.382017400000002,-0.6650875976937862,"Joc Pederson","11899",592626
"Nolan Schanuel",2026,"FA,FC,FO,FS,SI,CH,SL,CU,KN,KC",1256,0.2965964343598055,0.6025039123630673,0.45222929936305734,0.6939890710382514,0.922077922077922,0.8485915492957746,0.5087579617834395,0.06847133757961783,-5.499761400000007,-0.4378790923566884,"Nolan Schanuel","33189",694384
"Hunter Goodman",2026,"FA,FC,FO,FS,SI,CH,SL,CU,KN,KC,EP",1416,0.3997326203208556,0.7140718562874252,0.5480225988700564,0.4782608695652174,0.8259958071278826,0.6920103092783505,0.4717514124293785,0.1687853107344633,-11.075747300000007,-0.7821855437853112,"Hunter Goodman","29715",696100
"Jarren Duran",2026,"FA,FC,FO,FS,SI,CH,SL,CU,KN,KC",1739,0.3619361936193619,0.672289156626506,0.5100632547441059,0.42249240121580545,0.8512544802867383,0.6922209695603156,0.4772857964347326,0.1569867740080506,16.1546908,0.9289643933294998,"Jarren Duran","24617",680776
"Mike Trout",2026,"FA,FC,FO,FS,SI,CH,SL,CU,KN,KC",1954,0.22418879056047197,0.5869797225186766,0.39815762538382804,0.4824561403508772,0.8763636363636363,0.7609254498714653,0.4795291709314227,0.09518935516888434,-14.434121300000003,-0.7386960747185262,"Mike Trout","10155",545361
"Nathan Church",2026,"FA,FC,FO,FS,SI,CH,SL,CU,KC",1394,0.4404283801874163,0.7063369397217929,0.563845050215208,0.7112462006079028,0.8687089715536105,0.8027989821882952,0.46413199426111906,0.11119081779053085,6.282460840000001,0.45067868292682933,"Nathan Church","31357",701675
"Brett Baty",2026,"FA,FC,FS,SI,CH,SL,CU,KC,EP",1519,0.31175693527080584,0.6942257217847769,0.5036208031599737,0.5,0.833648393194707,0.730718954248366,0.5016458196181699,0.13561553653719552,-2.099957900000004,-0.13824607636603056,"Brett Baty","26123",683146
"George Springer",2026,"FA,FC,FS,SI,CH,SL,CU,KC",1418,0.22687861271676302,0.7162534435261708,0.4774330042313117,0.5159235668789809,0.8653846153846154,0.7843426883308715,0.5119887165021156,0.10296191819464035,-5.269333100000004,-0.37160318053596647,"George Springer","12856",543807
"Mookie Betts",2026,"FA,FC,FS,SI,CH,SL,CU,KC",1312,0.20941558441558442,0.603448275862069,0.4184451219512195,0.6201550387596899,0.9404761904761905,0.8652094717668488,0.5304878048780488,0.056402439024390245,-4.2349209000000005,-0.32278360518292687,"Mookie Betts","13611",605141
"JJ Wetherholt",2026,"FA,FC,FO,FS,SI,CH,SL,CU,KC",1611,0.21373056994818654,0.5816448152562574,0.4053382991930478,0.6424242424242425,0.8668032786885246,0.8101071975497703,0.520794537554314,0.07697082557417753,-5.39350690000001,-0.33479248292985786,"JJ Wetherholt","34985",802139
"Xander Bogaerts",2026,"FA,FC,FS,SI,CH,SL,CU,KC,EP",1764,0.2313860252004582,0.5847362514029181,0.4098639455782313,0.6089108910891089,0.8541266794625719,0.7856154910096819,0.5051020408163265,0.08786848072562359,0.9867154999999981,0.05593625283446701,"Xander Bogaerts","12161",593428
"Jake Mangum",2026,"FA,FC,FS,SI,CH,SL,CU,KC,EP",1266,0.45535714285714285,0.6902356902356902,0.5655608214849921,0.7516339869281046,0.8658536585365854,0.8170391061452514,0.46919431279620855,0.10347551342812006,4.281180699999998,0.3381659320695102,"Jake Mangum","26202",663968
"Kyle Stowers",2026,"FA,FC,FO,FS,SI,CH,SL,CU,KN,KC",1489,0.3379224030037547,0.7739130434782608,0.5399597044996642,0.3925925925925926,0.7940074906367042,0.6592039800995025,0.4633982538616521,0.18401611820013433,-9.084021900000005,-0.6100753458697116,"Kyle Stowers","26151",669065
"Austin Riley",2026,"FA,FC,FO,FS,SI,CH,SL,CU,KN,KC,EP",1734,0.32098765432098764,0.6832740213523132,0.497116493656286,0.46853146853146854,0.8333333333333334,0.7122969837587007,0.486159169550173,0.14302191464821223,14.160755000000002,0.8166525374855826,"Austin Riley","18360",663586
"James Wood",2026,"FA,FC,FO,FS,SI,CH,SL,CU,KC",1728,0.18547486033519553,0.5258103241296519,0.34953703703703703,0.4819277108433735,0.8401826484018264,0.7417218543046358,0.4820601851851852,0.09027777777777778,-26.97028936000001,-1.5607806342592598,"James Wood","29518",695578
"Michael Massey",2026,"FA,FC,FO,FS,SI,CH,SL,CU,KC,EP",1281,0.38181818181818183,0.6876006441223832,0.5300546448087432,0.7182539682539683,0.9110070257611241,0.8394698085419735,0.4847775175644028,0.08508977361436378,4.610876099999999,0.35994348946135823,"Michael Massey","27684",686681
"Jake Burger",2026,"FA,FC,FO,FS,SI,CH,SL,CU,KC,EP",1664,0.37895927601809953,0.6461538461538462,0.5042067307692307,0.4507462686567164,0.8115079365079365,0.6674612634088201,0.46875,0.16766826923076922,9.914065699999995,0.5957972175480766,"Jake Burger","22275",669394
"Chase DeLauter",2026,"FA,FC,FO,FS,SI,CH,SL,CU,KC,EP",1450,0.20647773279352227,0.6304654442877292,0.41379310344827586,0.7058823529411765,0.9463087248322147,0.885,0.4889655172413793,0.04758620689655172,-9.605227199999995,-0.6624294620689651,"Chase DeLauter","32127",800050
"Alec Bohm",2026,"FA,FC,FO,FS,SI,CH,SL,CU,KN,KC,EP",1633,0.2595019659239843,0.6436781609195402,0.46417636252296385,0.7171717171717171,0.8785714285714286,0.8364116094986808,0.5327617881200245,0.07593386405388855,10.486371400000001,0.6421537905695041,"Alec Bohm","21618",664761
"Javier Sanoja",2026,"FA,FC,FS,SI,CH,SL,CU,KN,KC,EP",1126,0.3850267379679144,0.6619469026548672,0.5239786856127886,0.8287037037037037,0.946524064171123,0.9033898305084745,0.5017761989342806,0.050621669626998225,-5.1272004,-0.45534639431616347,"Javier Sanoja","28253",691594
"Andrew Benintendi",2026,"FA,FC,FO,FS,SI,CH,SL,CU,KC,EP",1574,0.32784958871915393,0.7206085753803596,0.5082592121982211,0.6093189964157706,0.8195777351247601,0.74625,0.4593392630241423,0.1289707750952986,-1.1164577000000022,-0.07093123888182988,"Andrew Benintendi","17901",643217
"Matt Olson",2026,"FA,FC,FO,FS,SI,CH,SL,CU,KC,EP",1760,0.27628635346756153,0.663972286374134,0.46704545454545454,0.6518218623481782,0.8591304347826086,0.7968369829683698,0.49204545454545456,0.09488636363636363,-11.418365600000003,-0.6487707727272729,"Matt Olson","14344",621566
"Jake Bauers",2026,"FA,FC,FS,SI,CH,SL,CU,KN,KC,EP",1720,0.22246696035242292,0.5825123152709359,0.39244186046511625,0.36633663366336633,0.8456659619450317,0.7022222222222222,0.4720930232558139,0.11686046511627907,-21.19295110000001,-1.2321483197674423,"Jake Bauers","15194",641343
"Carter Jensen",2026,"FA,FC,FO,FS,SI,CH,SL,CU,KN,KC,EP",1820,0.25796178343949044,0.673120728929385,0.4582417582417582,0.4773662551440329,0.8460236886632826,0.7386091127098321,0.4824175824175824,0.11978021978021978,-14.651643000000005,-0.8050353296703299,"Carter Jensen","29478",695600
"Jo Adell",2026,"FA,FC,FO,FS,SI,CH,SL,CU,KN,KC,EP",1832,0.3340471092077088,0.72271714922049,0.5245633187772926,0.5544871794871795,0.8489984591679507,0.7533818938605619,0.490174672489083,0.12936681222707425,21.16521169999999,1.155306315502183,"Jo Adell","20220",666176
"Willson Contreras",2026,"FA,FC,FS,SI,CH,SL,CU,KN,KC,EP",1484,0.34895191122071517,0.6731054977711739,0.49595687331536387,0.46996466431095407,0.8520971302428256,0.7051630434782609,0.45350404312668463,0.14622641509433962,-20.0935621,-1.3540136185983827,"Willson Contreras","11609",575929
"Salvador Perez",2026,"FA,FC,FO,FS,SI,CH,SL,CU,KN,KC",1703,0.4223404255319149,0.7182175622542595,0.5549031121550205,0.6020151133501259,0.8613138686131386,0.7523809523809524,0.448032883147387,0.13740458015267176,20.396769300000003,1.197696376981797,"Salvador Perez","7304",521692
"Josh Bell",2026,"FA,FC,FS,SI,CH,SL,CU,KC,EP",1686,0.3114382785956965,0.6961394769613948,0.49466192170818507,0.6472727272727272,0.8604651162790697,0.790167865707434,0.4762752075919336,0.10379596678529063,4.028476100000013,0.23893689798339343,"Josh Bell","13145",605137
"Max Muncy",2026,"FA,FC,FS,SI,CH,SL,CU,KC,EP",1735,0.24492099322799096,0.6478209658421673,0.4420749279538905,0.5714285714285714,0.8109090909090909,0.7431551499348109,0.4893371757925072,0.11354466858789625,-11.947194200000007,-0.6885990893371762,"Max Muncy","13301",571970
"Nathaniel Lowe",2026,"FA,FC,FO,FS,SI,CH,SL,CU,KC",1579,0.26948480845442535,0.6265206812652068,0.45535148828372385,0.5588235294117647,0.916504854368932,0.8150208623087621,0.5205826472450918,0.08423052564914503,-13.366729,-0.8465312856238125,"Nathaniel Lowe","19566",663993
"Kody Clemens",2026,"FA,FC,FS,SI,CH,SL,CU,KC",1625,0.33250927070457353,0.6862745098039216,0.5101538461538462,0.6096654275092936,0.8571428571428571,0.7768395657418576,0.5021538461538462,0.11384615384615385,-3.049139200000005,-0.1876393353846157,"Kody Clemens","20572",665019
"Caleb Durbin",2026,"FA,FC,FS,SI,CH,SL,CU,KC,EP",1535,0.2810810810810811,0.6213836477987421,0.45732899022801304,0.7451923076923077,0.902834008097166,0.8561253561253561,0.5179153094462541,0.06579804560260587,-0.07640380000000402,-0.004977446254071923,"Caleb Durbin","29646",702332
"Brandon Nimmo",2026,"FA,FC,FO,FS,SI,CH,SL,CU,KC",1783,0.3031026252983294,0.6857142857142857,0.5058889512058329,0.6456692913385826,0.8595679012345679,0.7993348115299335,0.5300056085249579,0.10151430173864273,11.85377064,0.6648216848008974,"Brandon Nimmo","12927",607043
"Wilyer Abreu",2026,"FA,FC,FS,SI,CH,SL,CU,KN,KC,EP",1839,0.3259779338014042,0.6769596199524941,0.4866775421424687,0.6307692307692307,0.8631578947368421,0.7787709497206704,0.4578575312669929,0.10766721044045677,-1.0117285999999983,-0.055015149537792185,"Wilyer Abreu","23772",677800
"Dominic Canzone",2026,"FA,FC,FS,SI,CH,SL,CU,KC,EP",1410,0.3814866760168303,0.624103299856528,0.5014184397163121,0.5772058823529411,0.8528735632183908,0.7468175388967468,0.49432624113475176,0.12695035460992907,-7.462426099999998,-0.5292500780141843,"Dominic Canzone","26438",686527
"Brayan Rocchio",2026,"FA,FC,FO,FS,SI,CH,SL,CU,KC",1521,0.3362175525339926,0.6390449438202247,0.4779750164365549,0.6544117647058824,0.8945054945054945,0.8046767537826685,0.46811308349769887,0.09335963182117028,-2.0445440600000073,-0.1344210427350432,"Brayan Rocchio","23690",677587
"Ty France",2026,"FA,FC,FS,SI,CH,SL,CU,KC,EP",1387,0.3323943661971831,0.7813884785819794,0.55155010814708,0.4915254237288136,0.8733459357277883,0.7555555555555555,0.48810382119682766,0.13482335976928622,-15.046087200000002,-1.0847935976928624,"Ty France","17982",664034
"Jose Altuve",2026,"FA,FC,FS,SI,CH,SL,CU,KC",1519,0.3852760736196319,0.6079545454545454,0.48847926267281105,0.6496815286624203,0.897196261682243,0.7924528301886793,0.46346280447662935,0.10138248847926268,12.343128000000002,0.8125824884792628,"Jose Altuve","5417",514888
"Jeremy Peña",2026,"FA,FC,FS,SI,CH,SL,CU,KC,EP",1347,0.37091988130563797,0.7429420505200595,0.5567928730512249,0.452,0.83,0.704,0.49962880475129917,0.16481069042316257,-15.518524400000008,-1.1520805048255387,"Jeremy Pena","21636",665161
"Shohei Ohtani",2026,"FA,FC,FS,SI,CH,SL,CU,KC",1625,0.2857142857142857,0.6614785992217899,0.464,0.5122950819672131,0.807843137254902,0.7122015915119363,0.47446153846153843,0.13353846153846155,-21.320353800000007,-1.3120217723076926,"Shohei Ohtani","19755",660271
"Manny Machado",2026,"FA,FC,FS,SI,CH,SL,CU,KC",2018,0.28440366972477066,0.665380906460945,0.4801783944499504,0.5340501792114696,0.8652173913043478,0.7698658410732714,0.5138751238850346,0.11050545094152626,4.975587599999996,0.24656033696729418,"Manny Machado","11493",592518
"Garrett Mitchell",2026,"FA,FC,FS,SI,CH,SL,CU,KN,KC,EP",1619,0.2511904761904762,0.6585365853658537,0.44718962322421246,0.3791469194312796,0.7816764132553606,0.664364640883978,0.4811612106238419,0.15009264978381717,-10.573711599999992,-0.653101395923409,"Garrett Mitchell","27555",669003
"Trevor Larnach",2026,"FA,FC,FS,SI,CH,SL,CU,KC,EP",1478,0.2928104575163399,0.5960729312762973,0.439106901217862,0.5446428571428571,0.8564705882352941,0.74884437596302,0.4824086603518268,0.11028416779431664,-9.597653900000003,-0.6493676522327472,"Trevor Larnach","21501",663616
"Kazuma Okamoto",2026,"FA,FC,FS,SI,CH,SL,CU,KN,KC",1965,0.29393939393939394,0.6584615384615384,0.47480916030534354,0.44329896907216493,0.7975077881619937,0.6870310825294748,0.4961832061068702,0.1486005089058524,4.4063656999999985,0.22424252926208643,"Kazuma Okamoto","37123",672960
"Gunnar Henderson",2026,"FA,FC,FS,SI,CH,SL,CU,KC,EP",1931,0.3043032786885246,0.6523560209424084,0.47643707923355777,0.6363636363636364,0.8635634028892456,0.7902173913043479,0.49456240290005177,0.09994821336095287,0.5095561999999942,0.02638820300362477,"Gunnar Henderson","26289",683002
"Colt Keith",2026,"FA,FC,FS,SI,CH,SL,CU,KC,EP",1521,0.2496626180836707,0.6166666666666667,0.4378698224852071,0.6270270270270271,0.8773388773388774,0.8078078078078078,0.5128205128205128,0.084155161078238,-1.288599499999998,-0.08472054569362249,"Colt Keith","27899",690993
"Ketel Marte",2026,"FA,FC,FO,FS,SI,CH,SL,CU,KC",1735,0.2978959025470653,0.65625,0.4697406340057637,0.6505576208178439,0.9029304029304029,0.8196319018404908,0.4795389048991354,0.08472622478386167,4.253760499999996,0.24517351585014385,"Ketel Marte","13613",606466
"Jakob Marsee",2026,"FA,FC,FO,FS,SI,CH,SL,CU,KN,KC",1804,0.2266065388951522,0.5779716466739367,0.40521064301552107,0.6616915422885572,0.9339622641509434,0.8590971272229823,0.5083148558758315,0.05709534368070954,-1.7924944000000043,-0.09936221729490045,"Jakob Marsee","31370",805300
"Andy Pages",2026,"FA,FC,FS,SI,CH,SL,CU,KC,EP",1665,0.313180169286578,0.6348448687350835,0.47507507507507507,0.6138996138996139,0.8872180451127819,0.797724399494311,0.5033033033033033,0.0960960960960961,-4.0050674200000005,-0.24054458978978985,"Andy Pages","24816",681624
"Nolan Arenado",2026,"FA,FC,FS,SI,CH,SL,CU,KC",1723,0.3075117370892019,0.6245694603903559,0.4677887405687754,0.6106870229007634,0.8658088235294118,0.78287841191067,0.5055136390017412,0.10156703424260012,-6.051487000000003,-0.3512180499129427,"Nolan Arenado","9777",571448
"Bryan Reynolds",2026,"FA,FC,FS,SI,CH,SL,CU,KC,EP",1802,0.24351747463359638,0.6480874316939891,0.448945615982242,0.39351851851851855,0.8768971332209107,0.7478368355995055,0.5077691453940066,0.11320754716981132,-11.295073699999998,-0.6268076415094338,"Bryan Reynolds","19326",668804
"Justin Crawford",2026,"FA,FC,FO,FS,SI,CH,SL,CU,KC",1423,0.3661360347322721,0.6885245901639344,0.5319747013352073,0.7351778656126482,0.9087301587301587,0.8507265521796565,0.5144061841180604,0.07940969782150387,6.0277425,0.42359399156711175,"Justin Crawford","31791",702222
"Nathan Lukes",2026,"FA,FC,FS,SI,CH,SL,CU,KN,KC,EP",1448,0.3333333333333333,0.6842105263157895,0.5082872928176796,0.8223140495867769,0.8906882591093117,0.8682065217391305,0.4986187845303867,0.06698895027624309,0.043992599999997495,0.003038162983425241,"Nathan Lukes","18123",664770
"Jackson Chourio",2026,"FA,FC,FS,SI,CH,SL,CU,KC,EP",1522,0.3436293436293436,0.6322147651006711,0.48488830486202367,0.5730337078651685,0.8641188959660298,0.7588075880758808,0.4894875164257556,0.11695137976346912,-4.840585000000005,-0.31804106438896224,"Jackson Chourio","28806",694192
"Zach Neto",2026,"FA,FC,FS,SI,CH,SL,CU,KN,KC",2041,0.3637184115523466,0.669882100750268,0.5036746692797648,0.4466501240694789,0.832,0.6809338521400778,0.45712885840274375,0.16070553650171485,-1.4034850000000012,-0.06876457618814313,"Zach Neto","31347",687263
"Cole Young",2026,"FA,FC,FS,SI,CH,SL,CU,KC,EP",1596,0.29265255292652553,0.6544766708701135,0.4724310776942356,0.7829787234042553,0.8651252408477842,0.8395225464190982,0.4968671679197995,0.07581453634085213,-2.4346435000000026,-0.15254658521303274,"Cole Young","31680",702284
"Dillon Dingler",2026,"FA,FC,FS,SI,CH,SL,CU,KC,EP",1579,0.29815303430079154,0.6382460414129111,0.4749841671944269,0.5619469026548672,0.9045801526717557,0.8013333333333333,0.5199493350221659,0.09436352121595946,-10.804322600000008,-0.684250956301457,"Dillon Dingler","27464",693307
"Josh Naylor",2026,"FA,FC,FS,SI,CH,SL,CU,KC,EP",1382,0.4044213263979194,0.7112561174551386,0.540520984081042,0.7620578778135049,0.9220183486238532,0.8554216867469879,0.4435600578871201,0.07814761215629522,10.533218900000005,0.7621721345875546,"Josh Naylor","18839",647304
"Luke Keaschall",2026,"FA,FC,FS,SI,CH,SL,CU,KC,EP",1546,0.22280471821756226,0.6130268199233716,0.4204398447606727,0.6411764705882353,0.925,0.8507692307692307,0.5064683053040103,0.06274256144890039,-14.136267699999998,-0.9143769534282018,"Luke Keaschall","33321",807712
"Iván Herrera",2026,"FA,FC,FO,FS,SI,CH,SL,CU,KC",1912,0.2992383025027203,0.5891238670694864,0.4497907949790795,0.6254545454545455,0.8923076923076924,0.8069767441860465,0.5193514644351465,0.08682008368200837,0.00154479999999374,0.0000807949790791705,"Ivan Herrera","20599",671056
"Ian Happ",2026,"FA,FC,FO,FS,SI,CH,SL,CU,KN,KC,EP",2147,0.2167577413479053,0.6387035271687321,0.4229156963204471,0.4579831932773109,0.8238805970149253,0.7279735682819384,0.4885887284583139,0.11504424778761062,-14.6485748,-0.6822810805775501,"Ian Happ","17919",664023
"Bryson Stott",2026,"FA,FC,FO,FS,SI,CH,SL,CU,KC,EP",1911,0.306205493387589,0.5387931034482759,0.41915227629513346,0.7441860465116279,0.902,0.8426966292134831,0.4856096284667713,0.06593406593406594,3.810971999999997,0.1994229199372055,"Bryson Stott","26294",681082
"Ezequiel Duran",2026,"FA,FC,FO,FS,SI,CH,SL,CU,KC,EP",1631,0.3616504854368932,0.6976456009913259,0.5278969957081545,0.5469798657718121,0.8614564831261101,0.7526132404181185,0.49478847332924586,0.13059472716125076,2.9894915999999983,0.1832919435928877,"Ezequiel Duran","23733",677649
"Christian Walker",2026,"FA,FC,FO,FS,SI,CH,SL,CU,KC,EP",1904,0.3407258064516129,0.7050438596491229,0.5152310924369747,0.5059171597633136,0.8522550544323484,0.7329255861365953,0.4789915966386555,0.13760504201680673,7.602514699999995,0.3992917384453779,"Christian Walker","13419",572233
"Geraldo Perdomo",2026,"FA,FC,FS,SI,CH,SL,CU,KC",2032,0.1909282700421941,0.5424354243542435,0.3784448818897638,0.7292817679558011,0.923469387755102,0.8777633289986996,0.5334645669291339,0.04625984251968504,-10.101341200000013,-0.4971132480314967,"Geraldo Perdomo","22799",672695
"Ben Rice",2026,"FA,FC,FS,SI,CH,SL,CU,KC,EP",1823,0.23655913978494625,0.6170212765957447,0.4229292375205705,0.5727272727272728,0.8584392014519057,0.7769130998702983,0.48985189248491495,0.09434997257268239,-31.0790853,-1.7048318869994514,"Ben Rice","29576",700250
"Elly De La Cruz",2026,"FA,FC,FS,SI,CH,SL,CU,KC,EP",1844,0.27185501066098083,0.5353200883002207,0.40130151843817785,0.611764705882353,0.7958762886597938,0.7324324324324324,0.4913232104121475,0.10737527114967461,-17.488576300000005,-0.9484043546637746,"Elly De La Cruz","26668",682829
"Jeff McNeil",2026,"FA,FC,FO,FS,SI,CH,SL,CU,KC,EP",1389,0.363901018922853,0.8247863247863247,0.5968322534197265,0.672,0.9412780656303973,0.8600723763570567,0.5053995680345572,0.08351331893448524,6.098504999999997,0.43905723542116604,"Jeff McNeil","15362",643446
"Michael Busch",2026,"FA,FC,FO,FS,SI,CH,SL,CU,KN,KC,EP",2024,0.2577220077220077,0.6336032388663968,0.44120553359683795,0.49812734082397003,0.8514376996805112,0.7458006718924972,0.4881422924901186,0.11215415019762846,-6.9168057000000065,-0.34173941205533626,"Michael Busch","26319",683737
"Riley Greene",2026,"FA,FC,FS,SI,CH,SL,CU,KC,EP",1667,0.27578215527230593,0.6753731343283582,0.46850629874025196,0.4579831932773109,0.8434622467771639,0.7259923175416133,0.4823035392921416,0.12837432513497302,-16.850048100000006,-1.0108007258548295,"Riley Greene","25976",682985
"Vladimir Guerrero Jr.",2026,"FA,FC,FS,SI,CH,SL,CU,KC",1572,0.2961104140526976,0.68,0.48536895674300257,0.6779661016949152,0.8766603415559773,0.8152031454783748,0.49300254452926207,0.08969465648854962,15.392007999999993,0.9791353689567427,"Vladimir Guerrero Jr.","19611",665489
"Bryce Harper",2026,"FA,FC,FO,FS,SI,CH,SL,CU,KN,KC",1623,0.3102310231023102,0.7170868347338936,0.48921749845964263,0.4574468085106383,0.869140625,0.7229219143576826,0.4399260628465804,0.13555144793592114,-30.55169340000001,-1.8824210351201485,"Bryce Harper","11579",547180
"Julio Rodríguez",2026,"FA,FC,FS,SI,CH,SL,CU,KC,EP",1604,0.3654320987654321,0.6863979848866498,0.5243142144638404,0.5472972972972973,0.8807339449541285,0.7633769322235434,0.49501246882793015,0.12406483790523691,0.544343399999995,0.033936620947630614,"Julio Rodriguez","23697",677594
"Tristan Peters",2026,"FA,FC,FO,FS,SI,CH,SL,CU,KC,EP",1517,0.34459459459459457,0.7297297297297297,0.5418589321028345,0.6313725490196078,0.873015873015873,0.7980535279805353,0.5121951219512195,0.1094264996704021,-14.359443100000002,-0.9465684311140411,"Tristan Peters","30063",671976
"Drake Baldwin",2026,"FA,FC,FO,FS,SI,CH,SL,CU,KN,KC,EP",1583,0.36114421930870083,0.7043010752688172,0.5224257738471257,0.6303630363036303,0.8473282442748091,0.7678355501813785,0.46999368288060644,0.12128869235628553,-18.357623799999995,-1.1596730132659505,"Drake Baldwin","31539",686948
"Jac Caglianone",2026,"FA,FC,FO,FS,SI,CH,SL,CU,KC,EP",1358,0.3706199460916442,0.7386363636363636,0.5375552282768777,0.5454545454545454,0.8461538461538461,0.7328767123287672,0.4536082474226804,0.14359351988217967,-19.938957199999997,-1.4682589985272456,"Jac Caglianone","35041",695506
"Jake McCarthy",2026,"FA,FC,FO,FS,SI,CH,SL,CU,KN,KC,EP",1363,0.3650137741046832,0.7535321821036107,0.5465884079236977,0.6339622641509434,0.9041666666666667,0.8080536912751678,0.4673514306676449,0.10491562729273661,-6.345461299999995,-0.46555108584005833,"Jake McCarthy","21622",664983
"Mauricio Dubón",2026,"FA,FC,FS,SI,CH,SL,CU,KC,EP",1522,0.40049751243781095,0.6768802228412256,0.5308804204993429,0.7795031055900621,0.8909465020576132,0.8465346534653465,0.47174770039421815,0.08147174770039421,-2.326374400000002,-0.15284982917214204,"Mauricio Dubon","16530",643289
"Jung Hoo Lee",2026,"FA,FC,FO,FS,SI,CH,SL,CU,KN,KC,EP",1512,0.2933151432469304,0.6367137355584083,0.47023809523809523,0.8046511627906977,0.9435483870967742,0.9015471167369902,0.5152116402116402,0.046296296296296294,-7.507211399999999,-0.4965086904761904,"Jung Hoo Lee","33824",808982
"Trea Turner",2026,"FA,FC,FO,FS,SI,CH,SL,CU,KN,KC",1710,0.3547257876312719,0.675263774912075,0.5146198830409356,0.4901315789473684,0.8402777777777778,0.7193181818181819,0.4988304093567251,0.14444444444444443,5.235472599999995,0.30616798830409325,"Trea Turner","16252",607208
"Brooks Lee",2026,"FA,FC,FS,SI,CH,SL,CU,KC,EP",1575,0.35435056746532156,0.7263427109974424,0.539047619047619,0.6583629893238434,0.9102112676056338,0.8268551236749117,0.4965079365079365,0.09333333333333334,-9.484292300000003,-0.6021772888888891,"Brooks Lee","31595",686797
"Randy Arozarena",2026,"FA,FC,FS,SI,CH,SL,CU,KC,EP",1966,0.29428571428571426,0.6266375545851528,0.4491353001017294,0.6634304207119741,0.7857142857142857,0.7429218573046432,0.4659206510681587,0.11546286876907426,-18.578175200000004,-0.9449733062054936,"Randy Arozarena","19290",668227
"Rafael Devers",2026,"FA,FC,FO,FS,SI,CH,SL,CU,KN,KC,EP",1675,0.2905788876276958,0.6410579345088161,0.45671641791044776,0.62890625,0.7996070726915521,0.742483660130719,0.47402985074626863,0.11761194029850747,-35.81855640000001,-2.138421277611941,"Rafael Devers","17350",646240
"Brandon Lowe",2026,"FA,FC,FS,SI,CH,SL,CU,KC,EP",1804,0.3099476439790576,0.7114252061248527,0.49889135254988914,0.41216216216216217,0.8261589403973509,0.69,0.4706208425720621,0.15465631929046564,-26.5416857,-1.47126860864745,"Brandon Lowe","18882",664040
"Isaac Paredes",2026,"FA,FC,FS,SI,CH,SL,CU,KC,EP",2241,0.25215889464594127,0.6066481994459834,0.42347166443551987,0.7397260273972602,0.908675799086758,0.8566912539515279,0.48326639892904955,0.0606871932173137,-14.21714320000001,-0.6344106738063369,"Isaac Paredes","20036",670623
"Brandon Marsh",2026,"FA,FC,FO,FS,SI,CH,SL,CU,KN,KC,EP",1626,0.33004926108374383,0.6977886977886978,0.5141451414514145,0.5970149253731343,0.9066901408450704,0.8074162679425837,0.5006150061500615,0.0990159901599016,-1.6226381000000072,-0.09979324108241125,"Brandon Marsh","20202",669016
"Sam Antonacci",2026,"FA,FC,FS,SI,CH,SL,CU,KC,EP",1709,0.22014925373134328,0.6165745856353592,0.4300760678759509,0.7401129943502824,0.921146953405018,0.8775510204081632,0.5295494441193681,0.0526623756582797,-20.58431420000001,-1.2044654300760684,"Sam Antonacci","35101",803011
"William Contreras",2026,"FA,FC,FS,SI,CH,SL,CU,KN,KC,EP",1585,0.30087390761548066,0.6543367346938775,0.4757097791798107,0.6431535269709544,0.9064327485380117,0.8222811671087533,0.4946372239747634,0.08454258675078864,-5.273138000000001,-0.33269009463722404,"William Contreras","20503",661388
"Daylen Lile",2026,"FA,FC,FO,FS,SI,CH,SL,CU,KC,EP",1714,0.360529217199559,0.7645600991325898,0.5507584597432905,0.6269113149847095,0.893030794165316,0.8008474576271186,0.470828471411902,0.10968494749124855,-4.997776100000003,-0.2915855367561262,"Daylen Lile","29995",695734
"Steven Kwan",2026,"FA,FC,FO,FS,SI,CH,SL,CU,KC,EP",1767,0.20930232558139536,0.4928335170893054,0.3548387096774194,0.8722222222222222,0.9798657718120806,0.94896331738437,0.5132993774759479,0.018109790605546124,-15.008107400000004,-0.8493552574985854,"Steven Kwan","24610",680757
"Xavier Edwards",2026,"FA,FC,FO,FS,SI,CH,SL,CU,KN,KC,EP",1748,0.2505643340857788,0.6044083526682135,0.42505720823798626,0.6756756756756757,0.9097888675623801,0.8398384925975774,0.4931350114416476,0.06807780320366133,-3.854416999999997,-0.22050440503432475,"Xavier Edwards","22266",669364
"Bobby Witt Jr.",2026,"FA,FC,FO,FS,SI,CH,SL,CU,KN,KC,EP",1695,0.3248554913294798,0.6566265060240963,0.4873156342182891,0.594306049822064,0.8642201834862385,0.7723970944309927,0.4896755162241888,0.11091445427728613,-10.278527460000003,-0.6064028000000001,"Bobby Witt Jr.","25764",677951
"Ceddanne Rafaela",2026,"FA,FC,FS,SI,CH,SL,CU,KC,EP",1520,0.45525291828793774,0.69826435246996,0.575,0.6467236467236467,0.8661567877629063,0.7780320366132724,0.49276315789473685,0.12763157894736843,0.7506879999999985,0.04938736842105253,"Ceddanne Rafaela","24262",678882
"Pete Alonso",2026,"FA,FC,FO,FS,SI,CH,SL,CU,KC",2011,0.26325757575757575,0.6408376963350786,0.44256588761810045,0.5611510791366906,0.8447712418300654,0.7561797752808989,0.4748881153654898,0.1079065141720537,-29.22260460000002,-1.4531379711586287,"Pete Alonso","19251",624413
"Liam Hicks",2026,"FA,FC,FS,SI,CH,SL,CU,KN,KC,EP",1614,0.2571428571428571,0.58656330749354,0.41511771995043373,0.75,0.9691629955947136,0.8985074626865671,0.4795539033457249,0.042131350681536554,-23.084611900000002,-1.430273351920694,"Liam Hicks","29844",689414
"Michael Harris II",2026,"FA,FC,FO,FS,SI,CH,SL,CU,KN,KC,EP",1417,0.4600262123197903,0.7003058103975535,0.570924488355681,0.6096866096866097,0.9148471615720524,0.7824474660074165,0.46153846153846156,0.12420606916019761,-14.844108499999999,-1.0475729357798165,"Michael Harris II","25931",671739
"Brice Turang",2026,"FA,FC,FS,SI,CH,SL,CU,KN,KC,EP",2002,0.2681728880157171,0.6016260162601627,0.4320679320679321,0.6483516483516484,0.8716216216216216,0.8011560693641618,0.4915084915084915,0.08591408591408592,-28.86271270000001,-1.4416939410589416,"Brice Turang","22186",668930
"Jonathan Aranda",2026,"FA,FC,FS,SI,CH,SL,CU,KN,KC,EP",1889,0.30685203574975173,0.6768707482993197,0.47961884595023824,0.6828478964401294,0.8760469011725294,0.8101545253863135,0.4669137109581789,0.09105346744309158,-14.733482899999993,-0.7799620381154047,"Jonathan Aranda","21837",666018
"Chandler Simpson",2026,"FA,FC,FS,SI,CH,SL,CU,KC,EP",1301,0.28751974723538704,0.624251497005988,0.46041506533435816,0.8736263736263736,0.9400479616306955,0.9198664440734557,0.5134511913912375,0.03689469638739431,-3.2767519000000016,-0.25186409684857813,"Chandler Simpson","31912",802415
"TJ Rumfield",2026,"FA,FC,FO,FS,SI,CH,SL,CU,KN,KC,EP",1693,0.30448717948717946,0.726552179656539,0.4932073242764324,0.6456140350877193,0.9309090909090909,0.8335329341317366,0.44713526284701716,0.08210277613703484,-26.4963865,-1.5650553160070881,"TJ Rumfield","29805",681198
"Nick Gonzales",2026,"FA,FC,FS,SI,CH,SL,CU,KN,KC,EP",1479,0.30578512396694213,0.7250996015936255,0.5192697768762677,0.5765765765765766,0.8864468864468864,0.796875,0.5091277890466531,0.10547667342799188,-7.696535800000007,-0.5203878160919545,"Nick Gonzales","27490",693304
"Freddie Freeman",2026,"FA,FC,FS,SI,CH,SL,CU,KC",1819,0.2838847385272145,0.7188208616780045,0.4947773501924134,0.6654135338345865,0.8580441640378549,0.8011111111111111,0.48488180318856516,0.09840571742715779,-15.203230400000002,-0.8358015612974162,"Freddie Freeman","5361",518692
"Junior Caminero",2026,"FA,FC,FS,SI,CH,SL,CU,KN,KC,EP",1936,0.30916030534351147,0.6261261261261262,0.45454545454545453,0.6265432098765432,0.8615107913669064,0.775,0.45867768595041325,0.10227272727272728,-16.0067723,-0.8267960898760331,"Junior Caminero","28163",691406
"Nico Hoerner",2026,"FA,FC,FO,FS,SI,CH,SL,CU,KN,KC,EP",1855,0.31543624161073824,0.6004162330905307,0.46307277628032345,0.7695035460992907,0.9532062391681109,0.8928987194412107,0.5180592991913746,0.04959568733153639,6.106651199999998,0.3291995256064689,"Nico Hoerner","21479",663538
"Luis Arraez",2026,"FA,FC,FO,FS,SI,CH,SL,CU,KC,EP",1705,0.3392857142857143,0.608092485549133,0.4756598240469208,0.9333333333333333,0.9581749049429658,0.9494451294697904,0.5073313782991202,0.02404692082111437,-3.741380400000004,-0.21943580058651052,"Luis Arraez","18568",650333