"pitches","player_id","player_name","total_pitches","pitch_percent","ba","iso","babip","slg","woba","xwoba","xba","hits","abs","launch_speed","launch_angle","spin_rate","velocity","effective_speed","whiffs","swings","takes","eff_min_vel","release_extension","pos3_int_start_distance","pos4_int_start_distance","pos5_int_start_distance","pos6_int_start_distance","pos7_int_start_distance","pos8_int_start_distance","pos9_int_start_distance","pitcher_run_exp","run_exp","bat_speed","swing_length","miss_distance","pa","bip","singles","doubles","triples","hrs","so","k_percent","bb","bb_percent","api_break_z_with_gravity","api_break_z_induced","api_break_x_arm","api_break_x_batter_in","hyper_speed","bbdist","hardhit_percent","barrels_per_bbe_percent","barrels_per_pa_percent","release_pos_z","release_pos_x","plate_x","plate_z","obp","barrels_total","batter_run_value_per_100","xobp","xslg","pitcher_run_value_per_100","xbadiff","xobpdiff","xslgdiff","wobadiff","swing_miss_percent","arm_angle","attack_angle","attack_direction","swing_path_tilt","rate_ideal_attack_angle","intercept_ball_minus_batter_pos_x_inches","intercept_ball_minus_batter_pos_y_inches"
2254,670623,"Paredes, Isaac",2929,77,0.259,0.192,0.257,0.451,0.359,0.321,0.239,109,421,85.7,23.3,2315,90.5,90.65,144,953,1301,0.09999999999999432,6.48,106,152,122,145,290,323,292,"-22.459","22.459","65.2","7.6","3.751828254",500,364,70,18,0,21,63,12.6,58,11.6,"2.3","0.55","0.35","0.35","91.0",157,27.823691460055095,4.40771349862259,3.2,5.77,-1.91,0.38,2.12,0.364,16,"0.996406389",0.348,0.36,"-0.996406389",0.02,0.016000000000000014,0.091,0.038,15.1,"37.4",13.774189530782444,-10.477964419729064,33.66930886894167,0.5114678899082569,35.06320908990655,34.665462044415044
2159,664023,"Happ, Ian",2745,78.7,0.241,0.217,0.309,0.458,0.356,0.334,0.221,100,415,89.6,14.2,2230,90.1,90.38,267,915,1244,0.30000000000001137,6.45,117,146,120,151,295,325,302,"-15.988","15.988","70.0","6.7","2.306155279",492,279,53,24,3,20,137,27.8,72,14.6,"2.32","0.55","0.43","-0.42","91.7",158,43.36917562724014,11.827956989247312,6.707317073170732,5.66,-1.9,-0.1,2.31,0.358,33,"0.740528022",0.336,0.418,"-0.740528022",0.02,0.021999999999999964,0.04,0.022,29.2,"35.9",10.50199500390916,-2.5499199951740996,34.64868286746689,0.45704845814977973,34.64664317535297,32.810403547838035
2066,687263,"Neto, Zach",2813,73.4,0.222,0.189,0.308,0.411,0.324,0.309,0.203,99,445,89.7,23.2,2280,89.9,90.03,349,1036,1030,0.09999999999999432,6.46,108,152,117,145,304,325,295,"-7.798","7.798","68.7","7.0","4.056938288",510,279,55,23,2,19,167,32.7,51,10,"2.4","0.46","0.24","0.24","91.7",152,39.92805755395683,12.23021582733813,6.666666666666667,5.72,-1.83,0.41,1.98,0.32,34,"0.377444337",0.304,0.391,"-0.377444337",0.019,0.016000000000000014,0.02,0.015,33.7,"37.6",18.97263768731244,-5.965208423984351,39.79386090841459,0.39504950495049507,32.00579607017277,37.50201579219956
2049,608324,"Bregman, Alex",2781,73.7,0.26,0.201,0.271,0.461,0.349,0.322,0.253,120,462,88,16.9,2328,90,90.32,142,871,1178,0.29999999999999716,6.46,107,151,122,146,301,324,295,"-14.168","14.168","68.1","6.9","3.350001376",523,386,71,26,2,21,80,15.3,49,9.4,"2.4","0.51","0.24","0.24","91.5",161,37.82383419689119,6.476683937823833,4.780114722753346,5.69,-1.82,0.21,2.19,0.338,25,"0.691459248",0.334,0.391,"-0.691459248",0.007,0.0040000000000000036,0.07,0.027,16.3,"37.4",13.367955234053573,-4.568418234227291,28.045592479463913,0.6274738067520372,34.045910148441926,31.83024654974487
2044,672695,"Perdomo, Geraldo",2885,70.8,0.258,0.129,0.287,0.386,0.343,0.343,0.268,102,396,87.8,17.3,2240,90.6,90.77,104,781,1263,0.20000000000000284,6.4,118,146,106,151,291,324,300,"-11.918","11.918","64.7","6.8","1.821059972",475,336,74,13,7,8,63,13.3,71,14.9,"2.23","0.59","0.41","-0.41","90.9",164,32.23880597014925,3.2835820895522385,2.3157894736842106,5.74,-1.86,-0.08,2.24,0.375,11,"0.583072407",0.385,0.371,"-0.583072407",-0.01,-0.010000000000000009,0.015,0,13.3,"38.2",8.474150506826842,-0.9974079769465909,38.71474821392314,0.5214564369310793,34.884169561291124,23.23860502908259
2033,683737,"Busch, Michael",2824,72,0.239,0.141,0.303,0.38,0.328,0.327,0.23,102,426,88.5,16.9,2253,89.3,89.67,241,896,1137,0.4000000000000057,6.45,116,145,119,151,296,326,302,"-9.569","9.569","66.9","6.9","2.831380442",505,307,69,19,1,13,122,24.2,68,13.5,"2.47","0.47","0.32","-0.32","91.5",156,39.73941368078176,8.469055374592834,5.148514851485149,5.67,-1.85,-0.09,2.2,0.352,26,"0.470683719",0.341,0.392,"-0.470683719",0.009,0.010999999999999954,-0.012,0.001,26.9,"36.2",14.27446304693723,-0.8169602123105306,34.495528673176445,0.4440677966101695,36.384029696909316,32.104041791851984
2028,805808,"McGonigle, Kevin",2837,71.5,0.293,0.177,0.311,0.47,0.382,0.38,0.28,124,423,88.5,20.2,2232,89.2,89.59,126,868,1160,0.3999999999999915,6.48,119,147,118,152,293,328,301,"-28.686","28.686","70.2","6.9","2.179964356",500,365,84,20,5,15,60,12,73,14.6,"2.4","0.52","0.39","-0.39","91.6",168,39.56043956043956,8.516483516483516,6.2,5.68,-1.93,-0.08,2.2,0.398,31,"1.414497041",0.386,0.485,"-1.414497041",0.013,0.01200000000000001,-0.015,0.002,14.5,"37.3",14.256399615542897,3.485846036241047,36.58859614634278,0.4912075029308324,37.175276385496936,33.77785342371544
2027,592518,"Machado, Manny",2686,75.5,0.212,0.196,0.22,0.408,0.312,0.329,0.238,95,448,89.7,14.1,2353,90.5,90.82,249,971,1056,0.29999999999999716,6.51,108,151,124,147,304,327,297,"-2.243","2.243","72.6","7.8","3.366002597",515,343,57,13,0,25,111,21.6,60,11.7,"2.27","0.55","0.27","0.27","92.0",170,43.440233236151606,9.329446064139942,6.213592233009709,5.62,-1.9,0.25,2.24,0.303,32,"0.110656142",0.327,0.423,"-0.110656142",-0.026,-0.02400000000000002,-0.015,-0.017,25.6,"35.4",6.963424703066592,-1.8593165988674465,26.27332885531544,0.5618945102260495,39.33235679959795,31.52999862314217
2019,673548,"Suzuki, Seiya",2748,73.5,0.257,0.196,0.323,0.452,0.349,0.322,0.23,105,409,88.5,18.3,2355,89.9,90.24,210,823,1196,0.29999999999999716,6.44,109,151,123,146,303,325,296,"-8.009","8.009","70.8","7.2","3.356728239",466,287,62,24,1,18,123,26.4,52,11.2,"2.4","0.54","0.19","0.19","91.7",167,37.97909407665505,11.846689895470384,7.296137339055794,5.69,-1.81,0.27,2.2,0.345,34,"0.396681526",0.321,0.411,"-0.396681526",0.027,0.023999999999999966,0.041,0.027,25.5,"37.8",8.22848313506826,-3.794526498497896,32.29883835746324,0.4884004884004884,37.683059834380536,34.155591013683505
2012,668930,"Turang, Brice",2906,69.2,0.287,0.22,0.364,0.507,0.388,0.365,0.266,116,404,90.9,11,2220,90.2,90.59,201,874,1138,0.3999999999999915,6.5,115,146,106,149,293,323,303,"-28.897","28.897","68.0","6.6","1.581097119",475,287,65,31,2,18,119,25.1,69,14.5,"2.27","0.58","0.44","-0.44","91.5",185,46.15384615384615,9.090909090909092,5.473684210526316,5.69,-1.89,-0.11,2.29,0.389,26,"1.436232604",0.369,0.467,"-1.436232604",0.021,0.020000000000000018,0.04,0.023,23,"36.2",7.643543047999751,9.997324864375727,36.023235983664925,0.465005931198102,34.19109664133059,30.277053965435222
2012,624413,"Alonso, Pete",2886,69.7,0.275,0.287,0.301,0.561,0.401,0.412,0.289,114,415,93.4,15.1,2326,89.7,89.85,238,891,1121,0.20000000000000284,6.45,107,152,125,147,306,328,295,"-34.143","34.143","73.0","7.1","2.917389024",486,300,63,17,0,34,118,24.3,60,12.3,"2.38","0.5","0.23","0.23","93.1",173,53.333333333333336,15.333333333333332,9.465020576131687,5.68,-1.89,0.19,2.21,0.374,46,"1.696968191",0.386,0.581,"-1.696968191",-0.014,-0.01200000000000001,-0.02,-0.011,26.7,"36.6",9.836714054642469,3.454539548957133,34.06810577522395,0.5422943221320974,35.697766680396235,27.0117826115447
1998,701398,"Stewart, Sal",2763,72.3,0.263,0.198,0.289,0.461,0.338,0.341,0.257,122,464,90.1,12.5,2365,90.3,90.65,272,1008,990,0.29999999999999716,6.52,108,151,122,147,305,326,293,"-11.388","11.388","69.7","7.5","2.177743989",517,363,78,20,0,24,110,21.3,41,7.9,"2.33","0.51","0.22","0.22","91.9",172,40.67796610169492,11.581920903954803,7.930367504835589,5.64,-1.94,0.23,2.2,0.321,41,"0.56996997",0.321,0.463,"-0.56996997",0.006,0,-0.002,-0.003,27,"36.5",10.852875790592778,7.549990037537093,32.97282303947935,0.5456410256410257,38.529118241681374,27.91483026259259
1973,672960,"Okamoto, Kazuma",2679,73.6,0.226,0.202,0.278,0.429,0.318,0.312,0.22,95,420,90.2,19.1,2325,89.9,90.16,320,936,1037,0.29999999999999716,6.46,108,152,124,147,300,327,294,"-4.486","4.486","70.6","7.9","3.515795011",468,282,56,16,0,23,141,30.1,41,8.8,"2.35","0.51","0.21","0.21","92.0",160,42.198581560283685,11.702127659574469,7.051282051282051,5.7,-1.83,0.24,2.25,0.299,33,"0.227369488",0.297,0.41,"-0.227369488",0.006,0.0020000000000000018,0.019,0.006,34.2,"37.1",15.19757539140942,-3.285406837950545,31.686316130609914,0.5754614549402823,37.20909607277111,29.547466884590282
1971,668227,"Arozarena, Randy",2759,71.4,0.271,0.179,0.333,0.45,0.368,0.351,0.258,109,402,91.4,9.6,2297,90.4,90.6,247,887,1084,0.19999999999998863,6.45,108,152,122,147,302,326,293,"-22.239","22.239","68.5","7.1","2.357305985",473,297,69,23,2,15,106,22.4,49,10.4,"2.25","0.59","0.37","0.37","91.8",158,43.77104377104377,7.744107744107744,4.862579281183932,5.74,-1.88,0.25,2.16,0.378,23,"1.128310502",0.369,0.418,"-1.128310502",0.013,0.009000000000000008,0.032,0.017,27.8,"38.1",6.781641288598534,6.509525459595332,27.02426952732998,0.5423925667828107,35.6795451259772,27.641126843328692
1961,545361,"Trout, Mike",2765,70.9,0.232,0.183,0.3,0.414,0.351,0.385,0.255,85,367,90.7,17.8,2288,91.7,91.79,208,781,1180,0.09999999999999432,6.46,107,152,123,146,308,328,296,"-15.383","15.383","72.2","7.4","3.360301305",455,246,50,19,0,16,122,26.8,77,16.9,"2.03","0.72","0.37","0.37","92.1",168,47.5609756097561,16.260162601626014,8.791208791208792,5.75,-1.86,0.28,2.46,0.378,40,"0.784446711",0.389,0.49,"-0.784446711",-0.023,-0.01100000000000001,-0.076,-0.034,26.6,"37.9",5.894885770913925,-0.376947468031126,35.384357650310655,0.412987012987013,35.26870656168355,25.28067867495297
1961,678246,"Vargas, Miguel",2803,70,0.242,0.208,0.257,0.45,0.351,0.366,0.252,101,418,89.1,19.8,2356,91.2,91.6,193,866,1095,0.3999999999999915,6.51,107,151,121,145,299,326,296,"-15.59","15.59","71.8","7.7","1.963214165",496,332,56,24,0,21,91,18.3,66,13.3,"2.13","0.65","0.27","0.27","91.9",173,40.181268882175225,12.688821752265861,8.46774193548387,5.82,-1.82,0.31,2.33,0.351,42,"0.79500255",0.362,0.469,"-0.79500255",-0.01,-0.01100000000000001,-0.019,-0.015,22.3,"38.8",12.102007035685027,-3.3585504827208443,33.63331658189955,0.6452742123687282,36.46290088489861,34.93463903196229
1958,670541,"Alvarez, Yordan",2752,71.1,0.337,0.312,0.367,0.649,0.46,0.454,0.319,136,404,95.1,20.7,2243,90.8,90.87,164,827,1131,0.10000000000000853,6.43,118,146,135,152,294,333,304,"-55.355","55.355","75.5","7.7","3.246003892",507,315,74,30,0,32,91,17.9,94,18.5,"2.21","0.6","0.45","-0.45","93.5",191,57.00636942675159,17.197452229299362,10.650887573964498,5.8,-1.91,-0.18,2.38,0.467,54,"2.82711951",0.422,0.655,"-2.82711951",0.018,0.04500000000000004,-0.006,0.006,19.8,"37.2",7.975835291543362,-4.487390989974076,36.906411419719056,0.4254278728606357,37.75044399166385,34.78470661834188
1950,691718,"Crow-Armstrong, Pete",2922,66.7,0.277,0.324,0.306,0.6,0.406,0.398,0.275,117,423,91.2,23.4,2232,90,90.3,261,995,955,0.29999999999999716,6.44,118,146,107,152,297,327,301,"-41.224","41.224","73.4","7.4","2.59415807",492,305,53,25,5,34,122,24.8,60,12.2,"2.38","0.52","0.41","-0.41","93.1",171,51.47540983606558,15.737704918032788,9.75609756097561,5.69,-1.86,-0.17,2.29,0.37,48,"2.114051282",0.363,0.568,"-2.114051282",0.002,0.007000000000000006,0.032,0.008,26.2,"36.4",14.567680968499866,-5.089515641074997,35.52201412384141,0.4816326530612245,34.40391557945443,37.241042352722665
1950,691406,"Caminero, Junior",2761,70.6,0.272,0.264,0.279,0.536,0.37,0.347,0.261,125,459,92.5,9.7,2297,89.6,89.68,223,885,1065,0.10000000000000853,6.44,107,152,124,147,302,332,297,"-26.766","26.766","77.4","8.7","3.058744335",507,360,73,17,1,34,102,20.1,42,8.3,"2.42","0.51","0.26","0.26","94.2",142,50.27777777777778,13.055555555555557,9.270216962524655,5.73,-1.89,0.27,2.12,0.335,47,"1.372615385",0.318,0.49,"-1.372615385",0.011,0.017000000000000015,0.046,0.023,25.2,"37.0",8.485860474321255,-6.863958443149634,24.48279847030844,0.6290697674418605,38.10313496556573,37.528684536347754
1935,671056,"Herrera, Iván",2901,66.7,0.234,0.133,0.277,0.367,0.313,0.316,0.235,100,428,89.2,6.3,2336,90.6,90.83,184,872,1063,0.20000000000000284,6.46,108,151,123,147,308,326,294,"-6.077","6.077","70.8","7.5","4.243131198",497,330,68,19,1,12,103,20.7,40,8,"2.28","0.53","0.35","0.35","92.0",133,40.0611620795107,5.81039755351682,3.8229376257545273,5.65,-1.86,0.18,2.2,0.33,19,"0.314056848",0.333,0.365,"-0.314056848",-0.001,-0.0030000000000000027,0.002,-0.003,21.1,"36.1",5.477289846363445,0.014665276688391099,30.794530623675882,0.4306049822064057,37.00208774136974,31.92761508693084
1931,683002,"Henderson, Gunnar",2794,69.1,0.227,0.165,0.264,0.392,0.315,0.34,0.257,95,418,90.7,13,2190,89.6,89.8,212,920,1011,0.20000000000000284,6.44,116,146,122,152,297,327,302,"-8.996","8.996","72.8","7.3","2.584186926",478,315,60,17,2,16,105,22,51,10.7,"2.38","0.51","0.43","-0.43","92.1",155,46.98412698412698,8.88888888888889,5.857740585774058,5.68,-1.94,-0.16,2.26,0.32,28,"0.465872605",0.342,0.428,"-0.465872605",-0.03,-0.02200000000000002,-0.036,-0.025,23,"35.7",9.524137501848127,1.201579630399988,32.39693876509629,0.4720700985761227,33.13974833709783,32.49662812047395
1920,681082,"Stott, Bryson",2519,76.2,0.252,0.15,0.291,0.402,0.325,0.336,0.27,103,408,90.9,15,2229,90.7,91.01,144,804,1116,0.29999999999999716,6.45,116,146,108,151,289,322,299,"-4.271","4.271","68.7","7.2","2.217459891",460,334,63,27,5,8,76,16.5,48,10.4,"2.16","0.66","0.48","-0.48","92.0",173,41.74174174174174,6.306306306306306,4.565217391304348,5.76,-1.86,-0.21,2.33,0.333,21,"0.222447917",0.348,0.413,"-0.222447917",-0.018,-0.014999999999999958,-0.011,-0.011,17.9,"37.4",9.370201435165802,0.35578161192060714,31.084667469130405,0.5459183673469388,33.1188906725171,31.96627967153536
1915,572233,"Walker, Christian",2482,77.2,0.23,0.199,0.259,0.428,0.31,0.302,0.233,104,453,89.3,14.3,2361,90.5,90.66,286,985,930,0.20000000000000284,6.46,107,152,122,147,296,328,294,"0.253","-0.253","72.0","7.4","4.098940166",490,336,61,19,1,23,118,24.1,30,6.1,"2.28","0.56","0.24","0.24","92.2",162,42.38805970149254,10.149253731343283,6.938775510204081,5.79,-1.93,0.32,2.28,0.286,34,"-0.013211488",0.288,0.404,"0.013211488",-0.003,-0.0020000000000000018,0.024,0.008,29,"37.9",7.161164614169879,-4.113158300737595,28.265977606489706,0.4614594039054471,36.07140434190319,30.58646887505373
1905,665487,"Tatis Jr., Fernando",2559,74.4,0.282,0.154,0.323,0.436,0.338,0.373,0.294,137,486,93.2,6.1,2311,90.7,90.99,236,903,1002,0.29999999999999716,6.48,108,151,120,146,307,328,296,"-15.987","15.987","73.6","7.2","3.390184826",541,391,96,23,2,16,101,18.7,42,7.8,"2.25","0.56","0.4","0.4","94.4",148,55.24296675191815,12.787723785166241,9.242144177449168,5.63,-1.92,0.17,2.27,0.344,50,"0.839212598",0.356,0.494,"-0.839212598",-0.012,-0.01200000000000001,-0.058,-0.035,26.1,"35.0",6.206874926432061,3.559529391689935,29.41807005112976,0.5347467608951708,39.60771411550026,29.48540757334813
1905,666018,"Aranda, Jonathan",2683,71,0.284,0.188,0.34,0.471,0.364,0.354,0.261,118,416,91.5,15.7,2243,90.7,90.73,199,912,993,0,6.44,116,146,123,151,291,328,301,"-18.742","18.742","69.2","7.1","1.922490247",478,310,78,21,0,19,111,23.2,49,10.3,"2.13","0.7","0.43","-0.43","91.7",177,45.63106796116505,10.679611650485436,6.903765690376569,5.76,-1.86,-0.12,2.43,0.366,33,"0.983832021",0.345,0.465,"-0.983832021",0.023,0.02100000000000002,0.006,0.01,21.8,"37.3",8.314558395238823,5.560879258371491,35.11277855643276,0.5207631874298541,38.53033622917645,25.869322318000805
1885,656941,"Schwarber, Kyle",3026,62.3,0.216,0.279,0.257,0.495,0.356,0.352,0.22,79,366,93.2,22.6,2257,89.5,89.83,295,847,1038,0.29999999999999716,6.49,120,146,130,152,300,329,299,"-19.867","19.867","74.3","7.4","3.382927856",443,221,37,12,0,30,150,33.9,69,15.6,"2.43","0.45","0.28","-0.28","93.8",165,52.488687782805435,17.194570135746606,8.577878103837472,5.78,-1.87,-0.08,2.17,0.339,38,"1.053952255",0.334,0.478,"-1.053952255",-0.004,0.0050000000000000044,0.017,0.004,34.8,"38.2",14.542711906955235,-8.135702396942824,29.384272750515287,0.6602641056422569,33.90085995300975,34.25420711977095
1874,805367,"Meidroth, Chase",2649,70.7,0.239,0.102,0.305,0.342,0.295,0.28,0.221,96,401,86.4,8.5,2307,91,91.37,161,775,1099,0.4000000000000057,6.51,107,150,108,147,302,320,286,"10.069","-10.069","64.4","6.5","2.297674526",448,294,73,14,0,9,110,24.6,39,8.7,"2.19","0.62","0.4","0.4","90.8",149,33.33333333333333,4.421768707482993,2.9017857142857144,5.76,-1.87,0.16,2.23,0.313,13,"-0.537299893",0.299,0.319,"0.537299893",0.018,0.014000000000000012,0.023,0.015,20.8,"37.4",11.18031541124237,3.7194051259620027,29.954621513110236,0.5857519788918206,37.33270095106169,29.681650961162074
1871,672640,"Lopez, Otto",2522,74.2,0.288,0.125,0.319,0.413,0.333,0.329,0.278,134,465,88.7,7.9,2321,89.8,89.93,165,857,1014,0.10000000000000853,6.44,106,151,113,147,305,320,288,"-11.366","11.366","69.4","6.7","4.081376364",512,403,97,24,5,8,67,13.1,33,6.4,"2.35","0.52","0.28","0.28","92.4",140,42.28855721393035,5.721393034825871,4.4921875,5.6,-1.93,0.26,2.08,0.344,23,"0.60748263",0.334,0.416,"-0.60748263",0.01,0.009999999999999953,-0.003,0.004,19.3,"36.1",4.552198219610019,-3.205135544790968,29.00441776322354,0.4484848484848485,37.74214938022143,31.88111527600211
1862,663538,"Hoerner, Nico",2450,76,0.264,0.077,0.276,0.341,0.296,0.328,0.302,123,466,86,11.1,2324,90.5,90.86,99,867,995,0.4000000000000057,6.46,109,150,114,147,301,320,288,"7.504","-7.504","66.5","7.2","3.842039135",515,432,98,19,1,5,41,8,34,6.6,"2.28","0.56","0.34","0.34","90.6",151,29.37062937062937,1.3986013986013985,1.1650485436893203,5.66,-1.86,0.17,2.2,0.32,6,"-0.403007519",0.357,0.381,"0.403007519",-0.038,-0.03699999999999998,-0.04,-0.032,11.4,"35.9",4.857570665456774,-1.0000934465027413,32.58148544591794,0.43655413271245636,37.72304399608017,25.688793079821327
1861,682829,"De La Cruz, Elly",2638,70.5,0.265,0.216,0.335,0.481,0.363,0.384,0.286,104,393,94.4,10.2,2265,89.9,90.09,212,749,1112,0.19999999999998863,6.47,117,146,122,151,296,326,303,"-20.015","20.015","74.6","7.1","2.935665838",448,271,62,19,3,20,123,27.5,53,11.8,"2.42","0.45","0.39","-0.39","93.9",162,54.850746268656714,15.298507462686567,9.151785714285714,5.67,-1.91,-0.08,2.32,0.353,41,"1.075497045",0.371,0.518,"-1.075497045",-0.021,-0.018000000000000016,-0.037,-0.021,28.3,"36.3",7.836896821221027,2.3034124202149266,34.199420516647436,0.48435374149659866,38.152537973216894,36.79565587422889
1853,701807,"Benge, Carson",2674,69.3,0.284,0.151,0.334,0.435,0.342,0.337,0.278,120,423,89.1,12,2263,90.1,90.22,182,861,992,0.10000000000000853,6.4,118,147,110,151,292,325,303,"-11.009","11.009","69.0","6.5","2.673303369",464,331,86,18,2,14,93,20,35,7.5,"2.26","0.59","0.41","-0.41","91.6",163,40.54878048780488,6.707317073170732,4.741379310344827,5.76,-1.84,-0.07,2.35,0.345,22,"0.594117647",0.339,0.433,"-0.594117647",0.006,0.00599999999999995,0.002,0.005,21.1,"36.9",5.688244805566262,4.337234879235562,34.08029128401575,0.38325471698113206,35.86606715179397,32.72906304884668
1848,701538,"Merrill, Jackson",2556,72.3,0.243,0.197,0.281,0.44,0.32,0.359,0.271,106,436,91.7,14,2225,90.4,90.59,291,1033,815,0.19999999999998863,6.46,116,146,112,151,293,325,304,"-1.462","1.462","72.0","7.4","2.296290987",476,326,64,18,4,20,112,23.5,35,7.4,"2.27","0.57","0.47","-0.47","92.0",177,49.38650306748466,13.803680981595093,9.453781512605042,5.62,-1.95,-0.14,2.34,0.303,45,"0.079112554",0.324,0.51,"-0.079112554",-0.028,-0.02100000000000002,-0.07,-0.039,28.2,"34.5",9.130457337955905,1.3588663130998047,38.04904238646386,0.44420600858369097,36.98845563213177,29.09231983762723
1841,666176,"Adell, Jo",2579,71.4,0.209,0.114,0.262,0.323,0.265,0.3,0.241,90,431,89.5,16.1,2309,90.4,90.63,268,964,877,0.19999999999998863,6.45,108,152,123,146,306,326,295,"20.939","-20.939","74.9","7.7","3.10503474",469,318,60,20,1,9,115,24.5,23,4.9,"2.28","0.56","0.3","0.3","92.5",148,43.17460317460318,7.6190476190476195,5.11727078891258,5.71,-1.88,0.26,2.2,0.269,24,"-1.137370994",0.299,0.383,"1.137370994",-0.032,-0.02999999999999997,-0.06,-0.035,27.8,"38.2",9.378021587426236,-4.151764917865747,35.38264699664119,0.4657534246575342,38.12519699090517,26.466864407441772
1840,677800,"Abreu, Wilyer",2752,66.9,0.226,0.204,0.255,0.43,0.317,0.345,0.247,92,407,90.7,19.4,2233,90.4,90.65,227,897,943,0.29999999999999716,6.45,115,145,120,151,287,324,304,"-1.527","1.527","72.5","7.1","2.061096844",464,308,48,23,3,18,105,22.6,48,10.3,"2.18","0.66","0.47","-0.47","92.0",185,46.27831715210356,13.268608414239482,8.836206896551724,5.72,-1.88,-0.2,2.39,0.305,41,"0.08298913",0.322,0.478,"-0.08298913",-0.021,-0.017000000000000015,-0.048,-0.028,25.3,"37.6",7.15567698134148,2.047220817043434,33.161422246716654,0.46464646464646464,36.4861290992719,26.385542894295234
1832,682998,"Carroll, Corbin",2645,69.3,0.207,0.223,0.234,0.43,0.311,0.335,0.242,83,400,92,18.3,2226,90.7,90.87,234,866,966,0.20000000000000284,6.39,116,146,116,151,296,330,305,"1.203","-1.203","74.6","7.5","1.819556955",461,302,36,21,10,16,105,22.8,50,10.8,"2.19","0.61","0.44","-0.44","92.6",170,46.666666666666664,13.333333333333334,8.676789587852495,5.75,-1.89,-0.01,2.37,0.297,40,"-0.065665939",0.323,0.447,"0.065665939",-0.035,-0.026000000000000023,-0.017,-0.024,27,"38.4",10.717606885591183,1.241834326439196,26.31583898606383,0.6434474616292798,38.62366244089571,33.922238301239005
1829,700250,"Rice, Ben",2695,67.9,0.273,0.305,0.294,0.578,0.407,0.397,0.272,102,374,92.9,14.6,2216,89,89.16,187,773,1056,0.20000000000000284,6.44,118,146,129,152,296,329,298,"-31.701","31.701","71.3","7.7","3.713154783",446,275,50,20,2,30,102,22.9,67,15,"2.51","0.44","0.33","-0.33","93.0",175,51.63636363636363,16.363636363636363,10.089686098654708,5.75,-1.86,-0.13,2.18,0.383,45,"1.733242209",0.379,0.545,"-1.733242209",0.001,0.0040000000000000036,0.033,0.01,24.2,"38.8",12.894166488151306,-3.8586953728734454,34.49373832153971,0.5222513089005235,37.75553938644342,27.013881427747748
1828,518692,"Freeman, Freddie",2732,66.9,0.307,0.157,0.348,0.465,0.37,0.379,0.3,117,381,89.8,13.8,2269,90.4,90.77,190,904,924,0.3999999999999915,6.44,115,146,128,151,294,324,304,"-16.227","16.227","69.0","6.6","2.743671832",439,316,80,25,1,11,71,16.2,49,11.2,"2.29","0.53","0.43","-0.43","91.7",167,42.53968253968254,9.206349206349207,6.605922551252847,5.67,-2.04,-0.06,2.35,0.385,29,"0.887691466",0.379,0.485,"-0.887691466",0.007,0.006000000000000005,-0.02,-0.009,21,"35.7",6.633689484970119,3.991195769497502,42.59149006671998,0.394413407821229,39.031269880654975,25.35528309265248
1820,695600,"Jensen, Carter",2485,73.2,0.24,0.267,0.279,0.507,0.358,0.331,0.219,90,375,91.9,22.8,2258,89.8,90.12,240,834,986,0.29999999999999716,6.46,118,146,119,152,297,329,305,"-18.753","18.753","72.0","7.1","2.925795212",433,263,38,27,2,23,117,27,51,11.8,"2.29","0.58","0.36","-0.36","92.1",175,46.00760456273764,14.068441064638785,8.545034642032332,5.68,-1.94,-0.16,2.26,0.33,37,"1.030384615",0.311,0.447,"-1.030384615",0.021,0.019000000000000017,0.06,0.027,28.8,"37.4",6.589509032581504,-3.949150359698043,26.968232190362393,0.4570737605804111,35.47521648868248,35.87558082010921
1818,666182,"Bichette, Bo",2606,69.8,0.261,0.102,0.306,0.364,0.297,0.317,0.277,120,459,89.1,6.5,2303,90.4,90.54,192,973,845,0.09999999999999432,6.43,109,150,124,148,305,325,291,"10.8","-10.8","68.0","7.0","4.321487802",496,370,95,13,2,10,94,19,30,6,"2.24","0.61","0.35","0.35","91.7",163,42.27642276422765,5.149051490514905,3.8306451612903225,5.74,-1.81,0.22,2.29,0.306,19,"-0.594059406",0.321,0.4,"0.594059406",-0.016,-0.015000000000000013,-0.036,-0.02,19.7,"37.2",0.8467879324451117,4.449587167208616,37.78266804773436,0.26054852320675104,34.16900619662787,24.488039565238548
1810,668804,"Reynolds, Bryan",2736,66.2,0.252,0.161,0.325,0.413,0.345,0.36,0.255,97,385,90.8,10.2,2314,89.7,89.97,227,812,998,0.29999999999999716,6.41,116,146,123,151,297,323,301,"-7.776","7.776","69.3","6.8","3.696424024",460,278,58,26,3,10,110,23.9,62,13.5,"2.41","0.46","0.31","-0.31","92.4",159,48.92086330935252,11.510791366906476,6.956521739130435,5.68,-1.83,-0.1,2.16,0.366,32,"0.42961326",0.367,0.444,"-0.42961326",-0.003,-0.0010000000000000009,-0.031,-0.015,28,"37.2",10.898576168420414,3.196615317156783,38.392224132512794,0.4551122194513716,35.32311595512544,24.440693759630786
1809,664040,"Lowe, Brandon",2626,68.9,0.279,0.272,0.32,0.551,0.39,0.363,0.261,109,390,91.8,17.3,2296,89.6,89.82,301,904,905,0.20000000000000284,6.39,116,146,120,151,299,323,297,"-27.099","27.099","71.6","7.0","2.484857423",444,283,58,23,1,27,110,24.8,49,11,"2.38","0.52","0.32","-0.32","92.5",159,47.349823321554766,12.7208480565371,8.108108108108109,5.71,-1.83,-0.21,2.21,0.36,36,"1.49800995",0.345,0.492,"-1.49800995",0.018,0.015000000000000013,0.059,0.027,33.3,"37.3",14.713376198635366,-1.182999812616368,34.026365877758835,0.45730337078651684,33.49799028987965,33.59893129283913
1804,650490,"Díaz, Yandy",2576,70,0.305,0.144,0.338,0.45,0.357,0.344,0.281,133,436,90.4,3.8,2301,91.1,91.24,129,849,955,0.10000000000000853,6.47,109,151,124,148,308,328,291,"-23.258","23.258","71.7","7.5","1.668791073",484,366,99,19,1,14,74,15.3,36,7.4,"2.12","0.67","0.4","0.4","92.3",157,46.3013698630137,7.397260273972603,5.578512396694215,5.75,-1.88,0.03,2.3,0.366,27,"1.28924612",0.345,0.436,"-1.28924612",0.024,0.02100000000000002,0.014,0.013,15.2,"37.4",1.0006464580478802,9.595061233837257,23.744758206768555,0.24910179640718563,38.772764904651474,27.535464124080452
1795,805300,"Marsee, Jakob",2384,75.3,0.23,0.139,0.272,0.37,0.319,0.318,0.242,91,395,87.3,20.2,2258,90.4,90.57,121,738,1057,0.19999999999998863,6.44,116,146,104,151,291,321,299,"-3.332","3.332","67.3","6.6","4.253927687",459,308,60,17,4,10,87,19,59,12.9,"2.15","0.69","0.46","-0.46","91.2",163,35.83061889250814,4.5602605863192185,3.0501089324618738,5.65,-1.87,-0.07,2.35,0.338,14,"0.185626741",0.346,0.354,"-0.185626741",-0.012,-0.007999999999999952,0.016,0.001,16.4,"37.1",5.259675133463055,-5.391919638208789,32.75474465547422,0.45379310344827584,35.74635022248987,31.932265634980162
1792,679529,"Torkelson, Spencer",2595,69.1,0.223,0.239,0.283,0.462,0.343,0.32,0.21,83,372,89.9,20.9,2327,89.7,89.95,261,769,1023,0.29999999999999716,6.46,107,152,122,146,301,330,297,"-7.506","7.506","71.4","7.7","3.371401863",433,235,41,18,1,23,140,32.3,47,10.9,"2.35","0.53","0.22","0.22","92.2",171,44.01709401709402,13.675213675213676,7.390300230946882,5.64,-1.96,0.27,2.23,0.324,32,"0.418861607",0.314,0.412,"-0.418861607",0.013,0.010000000000000009,0.05,0.023,33.9,"36.1",14.582715075205774,-7.861795966684431,36.90717029321862,0.5019659239842726,38.290667182165336,30.530082579688653
1791,607043,"Nimmo, Brandon",2568,69.7,0.229,0.143,0.29,0.372,0.299,0.347,0.266,93,406,92.9,11.7,2240,90.2,90.41,213,907,884,0.20000000000000284,6.46,117,147,116,151,295,327,303,"12.774","-12.774","70.6","6.9","2.049311773",451,299,57,23,4,9,108,23.9,39,8.6,"2.29","0.57","0.41","-0.41","92.5",169,53.51170568561873,11.036789297658862,7.317073170731707,5.71,-1.83,-0.02,2.33,0.304,33,"-0.713232831",0.336,0.463,"0.713232831",-0.037,-0.03200000000000003,-0.091,-0.048,23.5,"37.0",6.931226151959686,4.0881308303973265,29.405003369510116,0.5127314814814815,37.57142151584464,28.326935556278396
1774,676475,"Burleson, Alec",2498,71,0.309,0.243,0.34,0.552,0.401,0.406,0.306,127,411,92.9,14.9,2242,90,90.27,210,939,835,0.29999999999999716,6.44,114,146,120,151,300,328,306,"-33.896","33.896","72.5","7.6","2.581111956",463,329,74,29,1,23,83,17.9,45,9.7,"2.38","0.47","0.41","-0.41","93.2",168,54.268292682926834,13.719512195121952,9.719222462203025,5.65,-1.88,-0.22,2.29,0.384,45,"1.910710259",0.376,0.573,"-1.910710259",0.003,0.008000000000000007,-0.021,-0.005,22.4,"36.1",13.574696410797966,1.3706973469241608,36.66461880792129,0.5037837837837837,31.1841684868348,31.760288780701583
1767,621566,"Olson, Matt",2928,60.3,0.245,0.255,0.262,0.5,0.349,0.361,0.244,90,368,93.3,18.4,2277,90,90.44,195,827,940,0.4000000000000057,6.52,117,147,131,152,304,330,307,"-13.581","13.581","73.2","7.5","2.476778323",418,273,46,19,0,25,100,23.9,44,10.5,"2.31","0.57","0.36","-0.36","93.1",178,53.67647058823529,15.441176470588236,10.047846889952153,5.71,-1.94,-0.09,2.3,0.323,42,"0.768590832",0.318,0.529,"-0.768590832",0.001,0.0050000000000000044,-0.029,-0.012,23.6,"36.7",8.899598110226071,-0.22798294902168031,33.983543547651166,0.4489544895448955,38.43011648327216,34.07956703427621
1764,593428,"Bogaerts, Xander",2376,74.2,0.226,0.131,0.261,0.357,0.31,0.324,0.237,86,381,89.4,6.9,2317,90.5,90.8,170,724,1040,0.29999999999999716,6.5,108,151,122,146,301,322,293,"2.127","-2.127","69.9","7.2","3.368837521",448,296,61,12,1,12,90,20.1,58,12.9,"2.34","0.5","0.38","0.38","92.3",127,42.3728813559322,6.779661016949152,4.464285714285714,5.62,-1.89,0.18,2.14,0.33,20,"-0.120578231",0.344,0.375,"0.120578231",-0.011,-0.013999999999999957,-0.018,-0.014,23.5,"35.2",9.847807420417086,-4.63276016956535,32.419646085299235,0.5111464968152867,36.86924848498177,33.20460903991789
1763,680757,"Kwan, Steven",2625,67.2,0.301,0.086,0.326,0.387,0.353,0.335,0.288,109,362,84,12.5,2262,91.3,91.63,43,624,1139,0.29999999999999716,6.49,116,147,101,151,279,314,299,"-12.213","12.213","60.7","6.0","2.268309785",422,328,87,16,3,3,36,8.5,55,13,"2.01","0.75","0.47","-0.47","89.4",166,11.314984709480122,0.6116207951070336,0.47393364928909953,5.75,-1.89,-0.18,2.35,0.394,2,"0.692739648",0.382,0.358,"-0.692739648",0.013,0.01200000000000001,0.029,0.018,6.9,"38.6",0.34786707045167065,1.1804693179444008,36.87174486773035,0.30327868852459017,32.36363756178103,27.09835130770841
1757,663586,"Riley, Austin",2544,69.1,0.215,0.158,0.282,0.373,0.287,0.295,0.213,87,405,91.3,20.6,2357,90.6,90.95,272,873,884,0.4000000000000057,6.5,108,152,124,147,310,328,298,"13.395","-13.395","73.8","7.5","3.878780908",446,268,56,14,1,16,141,31.6,30,6.7,"2.2","0.62","0.23","0.23","92.1",170,43.28358208955223,12.313432835820896,7.399103139013453,5.73,-1.91,0.28,2.28,0.278,33,"-0.762379055",0.277,0.401,"0.762379055",0.002,0.0010000000000000009,-0.028,-0.008,31.2,"36.9",10.274025753438664,-3.4617579894798545,30.507271206492327,0.4764705882352941,38.32127588469678,34.6603762643343
1750,695657,"Montgomery, Colson",2458,71.2,0.179,0.197,0.24,0.376,0.282,0.285,0.189,70,391,89.8,27.1,2285,90.7,91.05,344,887,863,0.3999999999999915,6.49,116,145,125,151,295,327,298,"8.981","-8.981","74.9","7.9","3.573095738",441,225,35,14,0,21,168,38.1,41,9.3,"2.19","0.61","0.35","-0.35","92.8",170,43.946188340807176,12.556053811659194,6.349206349206349,5.8,-1.82,-0.06,2.38,0.268,28,"-0.5132",0.27,0.377,"0.5132",-0.01,-0.0020000000000000018,-0.001,-0.003,38.8,"38.4",12.639704846332936,-7.485961083654254,32.78168826590559,0.4891922639362912,36.821606950865856,32.31914654239215
1746,606466,"Marte, Ketel",2282,76.5,0.228,0.157,0.243,0.385,0.302,0.338,0.27,96,421,88.9,13.4,2197,89.6,89.64,159,820,926,0,6.36,118,146,116,152,296,328,304,"6.355","-6.355","72.1","7.5","3.39186987",467,355,58,23,2,13,68,14.6,40,8.6,"2.39","0.49","0.41","-0.41","92.7",147,41.07648725212464,8.498583569405099,6.423982869379015,5.73,-1.9,-0.21,2.24,0.3,30,"-0.3639748",0.337,0.433,"0.3639748",-0.042,-0.03700000000000003,-0.048,-0.036,19.4,"38.2",9.003107212343275,-6.214694274302766,31.73159613139294,0.5994993742177722,30.27504089910495,36.3350297257288
1744,571970,"Muncy, Max",2295,76,0.249,0.236,0.286,0.485,0.359,0.36,0.252,92,369,90.3,17.6,2281,89.1,89.41,221,769,975,0.30000000000001137,6.41,116,145,127,152,299,325,300,"-18.087","18.087","70.0","6.9","3.289645902",427,267,49,21,0,22,103,24.1,53,12.4,"2.52","0.38","0.31","-0.31","92.6",161,47.565543071161045,13.108614232209737,8.19672131147541,5.7,-1.97,-0.09,2.17,0.349,35,"1.037098624",0.344,0.488,"-1.037098624",-0.003,0.0050000000000000044,-0.003,-0.001,28.7,"36.4",16.437274105876728,-4.7052198485886425,34.547024733416954,0.4592391304347826,38.39186525742447,37.811322280400454
1742,669364,"Edwards, Xavier",2321,75.1,0.282,0.08,0.326,0.363,0.325,0.316,0.262,109,386,87.2,10,2249,90,90.18,133,752,990,0.20000000000000284,6.44,114,146,101,149,286,317,298,"-1.4","1.4","65.8","6.3","2.734012161",443,330,88,13,6,2,61,13.8,52,11.7,"2.27","0.58","0.44","-0.44","90.6",157,29.393939393939394,3.0303030303030303,2.2573363431151243,5.66,-1.88,-0.14,2.15,0.363,10,"0.080367394",0.344,0.359,"-0.080367394",0.02,0.019000000000000017,0.004,0.009,17.7,"36.6",5.744357049677364,0.5574925393380358,30.630135560690835,0.4543010752688172,33.55439768236026,29.645069437011248
1739,680776,"Duran, Jarren",2251,77.3,0.199,0.175,0.236,0.374,0.272,0.297,0.231,84,423,90.4,13.8,2236,90.1,90.37,303,891,848,0.30000000000001137,6.46,117,146,111,151,286,324,304,"23.574","-23.574","73.1","7.5","2.781084101",464,298,51,10,5,18,131,28.2,30,6.5,"2.31","0.54","0.4","-0.4","92.3",149,41.2751677852349,9.395973154362416,6.0344827586206895,5.72,-1.81,-0.07,2.26,0.256,28,"-1.355606671",0.285,0.39,"1.355606671",-0.032,-0.02899999999999997,-0.016,-0.025,34,"38.0",5.5581515408231414,-1.7963722888343623,27.91793411918484,0.416289592760181,38.168055464880425,32.871496982824866
1738,672515,"Moreno, Gabriel",2391,72.7,0.323,0.18,0.356,0.503,0.396,0.359,0.283,111,344,89.1,11.8,2314,90.8,91.05,107,696,1042,0.29999999999999716,6.45,109,150,122,146,307,326,292,"-20.938","20.938","69.7","7.0","3.159684099",401,290,74,24,1,12,59,14.7,47,11.7,"2.22","0.57","0.34","0.34","91.6",160,40,8.275862068965518,5.985037406483791,5.71,-1.89,0.23,2.22,0.406,24,"1.204718067",0.374,0.437,"-1.204718067",0.04,0.03200000000000003,0.066,0.037,15.4,"37.5",7.796431235747047,3.7477450187406696,33.98195012953786,0.4008746355685131,35.26796303072356,34.32241818016354
1736,641343,"Bauers, Jake",2421,71.7,0.266,0.202,0.353,0.468,0.378,0.379,0.261,91,342,93.3,11.2,2238,89.3,89.73,216,684,1052,0.4000000000000057,6.49,117,146,116,151,296,324,299,"-19.183","19.183","74.5","7.6","2.736650847",418,225,59,13,1,18,119,28.5,71,17,"2.48","0.48","0.39","-0.39","93.3",167,56.44444444444444,14.666666666666666,7.894736842105263,5.7,-1.87,-0.06,2.23,0.395,33,"1.105011521",0.387,0.476,"-1.105011521",0.005,0.008000000000000007,-0.008,-0.001,31.6,"36.8",10.188592159608632,0.37121100636277915,35.29308824490038,0.44764795144157815,35.89741758187508,27.708728247654157
1734,695578,"Wood, James",2642,65.6,0.273,0.257,0.34,0.53,0.405,0.437,0.284,87,319,95.8,10.6,2240,89.2,89.62,169,605,1129,0.3999999999999915,6.48,119,147,128,151,301,328,308,"-24.271","24.271","74.7","7.4","3.133489187",406,215,48,17,1,21,108,26.6,80,19.7,"2.45","0.45","0.31","-0.31","94.6",178,60.93023255813953,20.930232558139537,11.083743842364532,5.8,-1.87,-0.08,2.28,0.419,45,"1.399711649",0.42,0.599,"-1.399711649",-0.011,-0.0010000000000000009,-0.069,-0.032,27.9,"37.9",11.017048388500479,1.8151241991930975,38.85840331007289,0.44333333333333336,36.145527879998895,33.988222671208945
1733,682928,"Abrams, CJ",2542,68.2,0.271,0.251,0.295,0.522,0.378,0.357,0.257,105,387,90.5,18.6,2269,89.2,89.59,246,872,861,0.3999999999999915,6.47,118,147,121,151,297,325,304,"-26.14","26.14","71.3","7.6","2.787182845",448,296,60,18,2,25,95,21.2,46,10.3,"2.43","0.49","0.29","-0.29","92.3",168,43.58108108108108,11.14864864864865,7.366071428571429,5.84,-1.87,0.04,2.28,0.362,33,"1.508366994",0.346,0.474,"-1.508366994",0.014,0.016000000000000014,0.048,0.021,28.2,"38.4",12.811691662995646,-4.1200234808610565,28.829594723465135,0.5715935334872979,37.735316625098825,31.60572812377508
1730,571448,"Arenado, Nolan",2389,72.4,0.249,0.198,0.274,0.448,0.338,0.294,0.228,98,393,84.4,19.1,2343,90.2,90.32,194,811,919,0.09999999999999432,6.37,107,151,123,146,301,324,294,"-11.582","11.582","68.9","8.3","4.523168296",442,305,61,16,1,20,90,20.4,36,8.1,"2.31","0.52","0.26","0.26","91.3",151,28.524590163934427,6.557377049180328,4.524886877828054,5.73,-1.94,0.25,2.23,0.327,20,"0.669479769",0.306,0.349,"-0.669479769",0.021,0.02100000000000002,0.099,0.044,23.9,"37.4",11.33452220320497,-10.48043845100968,32.37280012706463,0.5805626598465473,39.88625795914592,35.501928357603674
1727,691023,"Walker, Jordan",2398,72,0.267,0.187,0.331,0.454,0.333,0.318,0.249,121,454,91.7,12,2349,90.4,90.62,305,919,808,0.19999999999998863,6.44,109,152,124,147,310,329,297,"-5.05","5.05","77.2","8.3","4.534773338",492,325,76,25,0,20,133,27,30,6.1,"2.31","0.52","0.25","0.25","93.3",145,46.46153846153846,12.307692307692308,8.130081300813007,5.65,-1.89,0.23,2.25,0.315,40,"0.292414592",0.301,0.429,"-0.292414592",0.018,0.014000000000000012,0.025,0.015,33.2,"36.0",6.208672011349871,-5.968043895752142,28.689746099314384,0.49944008958566627,40.66922228101339,31.700625695519193
1725,607208,"Turner, Trea",2653,65,0.253,0.161,0.301,0.415,0.309,0.277,0.233,110,434,88.2,11.3,2323,89.9,90.19,267,889,836,0.29999999999999716,6.47,108,151,120,147,302,323,289,"2.034","-2.034","69.5","7.5","4.460824574",464,328,73,20,1,16,109,23.5,25,5.4,"2.33","0.54","0.23","0.23","91.9",151,38.71951219512195,5.7926829268292686,4.094827586206897,5.78,-1.86,0.19,2.22,0.295,19,"-0.117913043",0.279,0.349,"0.117913043",0.02,0.01599999999999996,0.066,0.032,30,"38.5",8.217926049941223,-3.1023401722914232,25.030775181672972,0.6274738067520372,39.32526497759022,29.432780279040905
1723,663656,"Tucker, Kyle",2465,69.9,0.227,0.139,0.249,0.366,0.311,0.33,0.252,85,374,88.3,18,2236,89.8,90,186,837,886,0.20000000000000284,6.36,116,145,124,151,297,324,301,"3.712","-3.712","68.8","7.2","2.838901753",436,305,58,14,1,12,73,16.7,56,12.8,"2.37","0.5","0.43","-0.43","91.4",167,34.42622950819672,5.901639344262295,4.128440366972478,5.7,-1.95,-0.19,2.33,0.328,18,"-0.215438189",0.349,0.394,"0.215438189",-0.025,-0.020999999999999963,-0.028,-0.019,22.2,"35.9",8.909596524407437,-4.736075273780693,36.72073633439342,0.40583232077764275,36.52428419478731,27.167122738656104
1723,621493,"Ward, Taylor",2529,68.1,0.226,0.071,0.297,0.297,0.31,0.325,0.235,77,340,88.2,14.5,2334,90.4,90.57,112,566,1157,0.19999999999998863,6.44,108,152,123,147,305,324,290,"2.526","-2.526","66.1","6.8","2.994993612",413,252,59,15,0,3,89,21.5,65,15.7,"2.24","0.59","0.25","0.25","91.4",160,37.84860557768924,3.9840637450199203,2.4213075060532687,5.67,-1.84,0.21,2.28,0.361,10,"-0.146604759",0.369,0.335,"0.146604759",-0.009,-0.008000000000000007,-0.038,-0.015,19.8,"35.8",5.410645129013891,1.5461293484481635,30.547777512681336,0.4570383912248629,35.43743345851838,30.522657060929273
1716,701358,"Smith, Cam",2364,72.6,0.216,0.169,0.265,0.385,0.293,0.316,0.233,82,379,88.9,10.8,2322,90.2,90.31,246,831,885,0.09999999999999432,6.44,108,152,121,146,299,326,291,"5.923","-5.923","75.5","7.5","4.20365242",421,271,50,14,4,14,112,26.6,32,7.6,"2.3","0.56","0.3","0.3","92.6",153,44.60966542750929,11.524163568773234,7.363420427553444,5.84,-1.87,0.16,2.25,0.283,31,"-0.34516317",0.3,0.423,"0.34516317",-0.017,-0.017000000000000015,-0.038,-0.023,29.6,"38.4",8.14153299914379,-4.362399138890748,32.184031307464984,0.45498783454987834,39.87743129843813,31.97666934133002
1714,695734,"Lile, Daylen",2407,71.2,0.252,0.222,0.267,0.475,0.333,0.35,0.272,110,436,89.3,21.1,2233,89.8,90.23,214,944,770,0.4000000000000057,6.46,117,146,113,151,294,323,302,"0.672","-0.672","70.7","7.4","2.330885406",473,354,61,22,6,21,85,18,31,6.6,"2.31","0.55","0.37","-0.37","91.8",177,39.09348441926346,11.3314447592068,8.456659619450317,5.83,-1.84,-0.13,2.35,0.304,40,"-0.039206534",0.32,0.495,"0.039206534",-0.02,-0.016000000000000014,-0.02,-0.017,22.7,"37.7",12.593102263868152,-0.7119537958791804,38.90749373195625,0.5278080697928026,34.20666315732822,29.579627292471628
1711,803011,"Antonacci, Sam",2177,78.6,0.29,0.138,0.323,0.428,0.359,0.363,0.3,111,383,88.6,11.3,2248,90.4,90.76,105,737,974,0.3999999999999915,6.5,116,147,105,151,287,322,302,"-15.526","15.526","68.5","6.6","1.418721278",441,327,78,21,4,8,58,13.2,38,8.6,"2.23","0.6","0.43","-0.43","91.2",164,36.30769230769231,5.846153846153846,4.308390022675737,5.77,-1.94,-0.19,2.27,0.379,19,"0.90742256",0.388,0.428,"-0.90742256",-0.01,-0.009000000000000008,0,-0.004,14.2,"36.5",7.201793233002126,7.923858628721298,38.71089967262213,0.4590846047156727,33.32859539365784,30.59364905245285
1708,645277,"Albies, Ozzie",2549,67,0.215,0.153,0.231,0.368,0.29,0.272,0.203,80,372,87.6,19.5,2260,89.7,90.14,213,908,800,0.3999999999999915,6.51,115,145,116,151,297,323,300,"11.854","-11.854","66.6","7.2","2.124986226",422,300,52,13,1,14,80,19,36,8.5,"2.36","0.52","0.37","-0.37","90.8",158,26.845637583892618,4.3624161073825505,3.080568720379147,5.67,-1.99,-0.27,2.25,0.289,13,"-0.694028103",0.281,0.324,"0.694028103",0.012,0.007999999999999952,0.044,0.018,23.5,"35.7",13.601481688891077,-5.049323744462664,36.36360975327075,0.547105561861521,32.85769815105532,37.28116792532082
1707,521692,"Perez, Salvador",2349,72.7,0.215,0.155,0.228,0.37,0.274,0.306,0.239,90,419,88.6,14.3,2372,88.8,89.16,248,946,761,0.4000000000000057,6.47,108,151,124,146,303,330,298,"14.068","-14.068","69.9","7.7","3.690607164",451,337,60,12,1,17,87,19.3,17,3.8,"2.46","0.47","0","0","91.5",163,39.762611275964396,10.089020771513352,7.5388026607538805,5.67,-1.89,0.46,2.17,0.258,34,"-0.824135911",0.284,0.421,"0.824135911",-0.024,-0.025999999999999968,-0.051,-0.032,26.2,"37.6",11.581787301788545,-3.8923715647120845,34.08272386799079,0.5650319829424307,40.01986405148323,29.914332060498563
1704,650333,"Arraez, Luis",2464,69.2,0.308,0.109,0.301,0.418,0.33,0.32,0.296,124,402,87.4,18.5,2244,90.8,91.08,49,814,890,0.29999999999999716,6.4,115,147,106,150,278,314,299,"-0.803","0.803","62.2","5.8","1.477042434",444,400,94,21,4,5,14,3.2,28,6.3,"2.08","0.72","0.48","-0.48","90.0",181,21,1.7500000000000002,1.5765765765765765,5.78,-1.82,-0.14,2.38,0.347,7,"0.047124413",0.333,0.399,"-0.047124413",0.012,0.013999999999999957,0.019,0.01,6,"37.7",7.6317597116222435,3.7586090218018633,37.00673380928836,0.48792884371029227,35.02700985798463,32.403449926769795
1703,677951,"Witt Jr., Bobby",2374,71.7,0.276,0.159,0.315,0.434,0.344,0.373,0.296,113,410,91.2,17.3,2359,90,90.34,215,830,873,0.29999999999999716,6.48,107,151,122,146,308,329,295,"-11.82","11.82","72.2","7.0","3.750377964",461,328,76,23,0,14,85,18.4,45,9.8,"2.3","0.56","0.15","0.15","92.8",176,47.239263803680984,10.429447852760736,7.37527114967462,5.69,-1.86,0.33,2.21,0.349,34,"0.694069289",0.369,0.488,"-0.694069289",-0.02,-0.020000000000000018,-0.054,-0.029,25.9,"37.9",4.707528627895458,-1.7664995149455203,27.511501174669544,0.4560099132589839,35.29179416676171,28.74710670683672
1698,605137,"Bell, Josh",2524,67.3,0.246,0.174,0.277,0.42,0.325,0.351,0.261,92,374,91,11.7,2216,90,90.35,198,840,858,0.4000000000000057,6.51,118,146,128,152,295,328,301,"-3.9","3.9","71.1","7.9","3.235668429",422,293,58,18,1,15,85,20.1,40,9.5,"2.36","0.53","0.44","-0.44","92.1",154,46.25850340136054,10.884353741496598,7.5829383886255926,5.76,-1.93,0.02,2.22,0.321,32,"0.229681979",0.337,0.469,"-0.229681979",-0.015,-0.016000000000000014,-0.049,-0.026,23.6,"37.6",9.840495257995087,-0.14141591692568395,32.88568788298585,0.5808823529411765,37.3778472221947,26.703120866806387
1693,681198,"Rumfield, TJ",2397,70.6,0.311,0.165,0.344,0.476,0.385,0.342,0.27,117,376,85.1,17.8,2283,89.8,90.45,156,835,858,0.6000000000000085,6.46,118,146,124,152,298,331,303,"-24.032","24.032","67.2","6.4","2.688313204",434,317,81,22,2,12,61,14.1,48,11.1,"2.38","0.49","0.3","-0.3","90.8",171,30.69620253164557,5.69620253164557,4.147465437788019,5.68,-1.95,-0.12,2.34,0.399,18,"1.419492026",0.364,0.403,"-1.419492026",0.041,0.03500000000000003,0.073,0.043,18.7,"36.5",8.818182578148887,-1.4075067097114389,36.329687734392664,0.43472906403940886,32.87301563608932,31.15002691545305
1686,669394,"Burger, Jake",2338,72.1,0.215,0.156,0.265,0.37,0.293,0.296,0.219,87,405,89.7,12.6,2294,89.6,89.93,298,849,837,0.30000000000001137,6.52,108,151,123,146,305,328,295,"8.864","-8.864","73.4","7.4","4.862497094",450,284,56,15,0,16,123,27.3,40,8.9,"2.38","0.52","0.22","0.22","92.8",149,43.97163120567376,9.929078014184398,6.222222222222222,5.65,-1.87,0.26,2.14,0.289,28,"-0.5257414",0.294,0.375,"0.5257414",-0.004,-0.0050000000000000044,-0.005,-0.003,35.1,"36.1",8.677242609814886,-5.194190696964996,25.453540034260307,0.5995260663507109,40.43474451095721,30.860264764721368
1683,681624,"Pages, Andy",2334,72.1,0.266,0.176,0.304,0.442,0.338,0.32,0.255,97,364,88,14.6,2353,91.2,91.57,180,797,886,0.3999999999999915,6.46,109,151,123,146,302,323,294,"-4.058","4.058","70.6","7.6","2.918407233",407,285,64,17,1,15,84,20.6,31,7.6,"2.15","0.63","0.36","0.36","91.4",158,38.59649122807017,7.017543859649122,4.914004914004914,5.66,-2.03,0.21,2.29,0.332,20,"0.241117053",0.323,0.403,"-0.241117053",0.011,0.009000000000000008,0.039,0.018,22.6,"35.6",5.34017227088475,-1.8622970548278517,39.83802498319126,0.4468354430379747,37.60911490499249,28.078627181323117
1680,682985,"Greene, Riley",2489,67.5,0.293,0.194,0.377,0.487,0.371,0.373,0.265,104,355,90.2,18.1,2162,89.4,89.68,238,789,891,0.29999999999999716,6.45,116,146,125,151,296,331,302,"-14.974","14.974","74.6","7.2","3.328339455",408,251,65,24,0,15,109,26.7,45,11,"2.34","0.55","0.47","-0.47","92.7",174,47.410358565737056,16.334661354581673,10.049019607843137,5.69,-1.9,-0.15,2.34,0.373,41,"0.891309524",0.346,0.517,"-0.891309524",0.028,0.027000000000000024,-0.03,-0.002,30.2,"37.3",14.758480839723195,0.7262606582894844,44.98601087810628,0.39896373056994816,33.23905821518623,32.41250442718384
1677,671277,"García Jr., Luis",1985,84.5,0.282,0.268,0.29,0.55,0.366,0.358,0.291,122,433,92.4,11.7,2174,89,89.31,178,878,799,0.29999999999999716,6.41,116,146,117,151,295,325,304,"-22.411","22.411","73.1","7.4","2.931430655",455,355,65,25,5,27,80,17.6,20,4.4,"2.5","0.43","0.43","-0.43","92.9",154,49.715909090909086,12.784090909090908,9.89010989010989,5.79,-1.81,-0.14,2.12,0.312,45,"1.336374478",0.322,0.515,"-1.336374478",-0.009,-0.010000000000000009,0.035,0.008,20.3,"38.4",10.107967329051439,-1.4304531930961026,27.720823187159013,0.6036866359447005,37.05028385852629,33.43062165580635
1675,646240,"Devers, Rafael",2614,64.1,0.303,0.331,0.342,0.635,0.429,0.379,0.265,108,356,94.2,15.8,2249,91,91.37,215,765,910,0.4000000000000057,6.42,117,147,129,152,296,328,306,"-36.367","36.367","71.6","7.5","2.038827377",413,260,49,29,1,29,99,24,54,13.1,"2.07","0.71","0.44","-0.44","93.5",181,54.826254826254825,13.8996138996139,8.716707021791766,5.77,-1.84,-0.16,2.41,0.392,36,"2.171164179",0.349,0.538,"-2.171164179",0.038,0.04300000000000004,0.097,0.05,28.1,"38.2",9.712364348836493,5.1731593959102655,30.907789694785407,0.5660881174899867,33.94284369144971,29.204062973451506
1657,808959,"Murakami, Munetaka",2454,67.5,0.218,0.302,0.269,0.52,0.368,0.345,0.201,70,321,94,15.3,2267,89.4,89.67,294,681,976,0.29999999999999716,6.43,115,146,130,152,295,329,303,"-20.372","20.372","73.0","7.8","3.539202087",384,184,30,11,1,28,137,35.7,59,15.4,"2.43","0.47","0.32","-0.32","94.2",173,55.434782608695656,21.195652173913043,10.15625,5.78,-1.86,-0.13,2.28,0.346,39,"1.229450815",0.32,0.474,"-1.229450815",0.017,0.025999999999999968,0.046,0.023,43.2,"37.3",19.231475767827234,0.7390596882983141,36.3779796090066,0.4224519940915805,36.53694570773504,32.58365879920399
1646,547180,"Harper, Bryce",2747,59.9,0.298,0.287,0.317,0.585,0.424,0.421,0.303,105,352,91.2,13.6,2216,89.7,90.07,231,806,840,0.3999999999999915,6.47,116,146,128,152,295,328,302,"-39.159","39.159","73.6","7.4","3.876518907",425,277,56,22,2,25,78,18.4,70,16.5,"2.42","0.45","0.38","-0.38","92.4",162,47.292418772563174,12.274368231046932,8,5.77,-1.83,-0.1,2.23,0.412,34,"2.379040097",0.414,0.562,"-2.379040097",-0.005,-0.0020000000000000018,0.023,0.003,28.7,"38.2",11.969387434451916,0.15377268853897733,37.39132789203952,0.4221105527638191,38.79393520446408,31.18369881382857
1645,664761,"Bohm, Alec",2316,71,0.229,0.108,0.254,0.337,0.289,0.323,0.258,89,389,90.5,5.8,2332,91.2,91.52,133,761,884,0.29999999999999716,6.43,109,151,123,148,306,324,288,"10.118","-10.118","69.5","7.0","2.164425909",437,327,64,16,1,8,65,14.9,38,8.7,"2.12","0.65","0.38","0.38","91.7",158,44.785276073619634,4.9079754601226995,3.6613272311212817,5.78,-1.86,0.12,2.29,0.307,16,"-0.615075988",0.334,0.392,"0.615075988",-0.029,-0.027000000000000024,-0.055,-0.034,17.5,"38.1",3.1517363169267547,7.939529444289406,30.195542626279515,0.4100135317997294,38.24529744821724,23.420924297575446
1642,671732,"Butler, Lawrence",2257,72.8,0.238,0.164,0.296,0.402,0.323,0.34,0.254,81,341,90,10,2194,90.2,90.38,219,779,863,0.20000000000000284,6.37,116,146,112,151,292,326,304,"-1.89","1.89","72.4","7.0","2.696189019",390,243,51,17,0,13,100,25.6,46,11.8,"2.31","0.55","0.47","-0.47","91.9",159,45.867768595041326,9.50413223140496,5.897435897435897,5.75,-1.84,-0.06,2.32,0.328,23,"0.115103532",0.344,0.421,"-0.115103532",-0.016,-0.01599999999999996,-0.019,-0.017,28.1,"36.9",5.4234493642108434,4.613551618065412,31.722329688753064,0.41509433962264153,38.48369767100087,26.40338975975185
1640,677649,"Duran, Ezequiel",2343,70,0.245,0.167,0.297,0.412,0.304,0.285,0.236,97,396,88.2,11.3,2312,90.2,90.39,236,870,770,0.20000000000000284,6.46,108,151,111,147,305,324,289,"-0.659","0.659","69.8","7.0","3.312256278",428,296,60,21,3,13,105,24.5,24,5.6,"2.28","0.57","0.28","0.28","91.3",157,37.883959044368595,6.825938566552901,4.672897196261682,5.71,-1.96,0.26,2.28,0.29,20,"0.040182927",0.284,0.364,"-0.040182927",0.009,0.006000000000000005,0.048,0.019,27.1,"36.9",6.200822695667736,3.78765733561993,28.350368211684263,0.43157894736842106,36.372098808067044,28.382979575680316
1639,669016,"Marsh, Brandon",2131,76.9,0.271,0.154,0.316,0.425,0.321,0.323,0.27,109,402,90.1,14.3,2245,90.1,90.44,183,850,789,0.30000000000001137,6.45,115,146,110,151,291,324,301,"0.46","-0.46","70.0","7.1","2.644139089",436,312,77,17,0,15,94,21.6,30,6.9,"2.28","0.57","0.38","-0.38","91.4",163,44.37299035369775,7.717041800643088,5.5045871559633035,5.78,-1.86,-0.04,2.31,0.319,24,"-0.028065894",0.311,0.434,"0.028065894",0.001,0.008000000000000007,-0.009,-0.002,21.5,"38.0",8.159693874201638,0.05531869632788977,37.72260667381554,0.3976047904191617,39.074263732839555,26.892903135069258
1636,669003,"Mitchell, Garrett",2145,76.3,0.271,0.172,0.402,0.444,0.351,0.36,0.272,96,354,93.8,3.9,2248,90.2,90.51,268,732,904,0.29999999999999716,6.47,116,146,108,150,293,323,302,"-6.832","6.832","76.0","7.2","2.438719666",402,224,57,27,2,10,130,32.3,46,11.4,"2.28","0.6","0.41","-0.41","93.2",161,54.91071428571429,13.392857142857142,7.462686567164178,5.71,-1.88,-0.06,2.33,0.358,30,"0.417603912",0.354,0.472,"-0.417603912",-0.001,0.0040000000000000036,-0.028,-0.009,36.6,"36.7",7.881673659319876,8.058991063382312,30.42783862814238,0.5406162464985994,38.28288780073305,27.914239362671985
1631,660271,"Ohtani, Shohei",2418,67.5,0.276,0.227,0.338,0.503,0.378,0.408,0.296,95,344,94.4,12.4,2263,90.5,90.85,239,757,874,0.29999999999999716,6.43,119,147,131,153,301,329,306,"-17.69","17.69","73.6","7.9","2.542268462",414,246,57,16,4,18,101,24.4,64,15.5,"2.27","0.54","0.42","-0.42","93.4",172,56.326530612244895,17.142857142857142,10.144927536231885,5.73,-1.94,-0.11,2.33,0.39,42,"1.084610668",0.39,0.556,"-1.084610668",-0.02,0,-0.053,-0.03,31.6,"37.2",12.555584102646076,1.8761669558383964,37.63540014516402,0.48,38.82652157596766,24.93359579126617
1624,665019,"Clemens, Kody",2250,72.2,0.241,0.244,0.258,0.486,0.338,0.344,0.259,92,381,92.9,17.9,2252,90.7,91.06,208,830,794,0.3999999999999915,6.51,116,145,114,151,294,327,299,"-11.319","11.319","70.6","7.1","2.172004667",419,293,47,19,4,22,91,21.7,30,7.2,"2.17","0.63","0.45","-0.45","92.6",173,48.45360824742268,12.371134020618557,8.591885441527445,5.79,-1.91,-0.13,2.3,0.303,36,"0.696982759",0.321,0.472,"-0.696982759",-0.018,-0.018000000000000016,0.014,-0.006,25.1,"38.4",10.9189515079142,-1.8151117649871529,28.44159302654214,0.597051597051597,35.50476503562595,32.66763250649817
1623,689414,"Hicks, Liam",2048,79.2,0.309,0.181,0.304,0.491,0.383,0.34,0.279,116,375,85.8,16.1,2228,89.3,89.45,75,676,947,0.10000000000000853,6.4,116,146,114,150,289,320,299,"-24.155","24.155","67.0","6.8","3.07519149",436,343,83,15,1,17,38,8.7,46,10.6,"2.38","0.54","0.4","-0.4","91.3",147,30.612244897959183,4.373177842565598,3.4403669724770642,5.63,-1.98,-0.23,2.23,0.392,15,"1.488293284",0.365,0.389,"-1.488293284",0.03,0.027000000000000024,0.102,0.043,11.1,"36.1",6.66721168972744,-4.600635592255744,32.142348711648005,0.45714285714285713,34.01132689110365,29.474414894604532
1610,802139,"Wetherholt, JJ",2460,65.4,0.251,0.126,0.285,0.377,0.331,0.345,0.255,86,342,90.1,11,2259,90.4,90.58,136,654,956,0.19999999999998863,6.43,119,147,109,152,298,326,304,"-3.008","3.008","70.4","7.5","1.788132954",398,274,65,10,0,11,68,17.1,43,10.8,"2.26","0.56","0.45","-0.45","91.8",162,45.75645756457565,5.535055350553505,3.7688442211055273,5.67,-1.89,-0.09,2.21,0.357,15,"0.186832298",0.358,0.418,"-0.186832298",-0.004,-0.0010000000000000009,-0.041,-0.014,20.8,"36.1",11.528122966447377,6.157268120873376,32.82893251437733,0.6089644513137558,37.17238807890013,28.305171408246217
1605,677594,"Rodríguez, Julio",2434,65.9,0.259,0.154,0.3,0.412,0.316,0.327,0.265,106,410,90,11.6,2320,89.8,90.11,215,842,763,0.29999999999999716,6.46,108,151,122,147,305,327,296,"0.967","-0.967","74.7","7.7","3.947159292",447,321,71,21,0,14,93,20.8,27,6,"2.36","0.51","0.24","0.24","92.6",151,42.8125,8.125,5.8165548098434,5.73,-1.95,0.22,2.19,0.311,26,"-0.060249221",0.319,0.422,"0.060249221",-0.006,-0.008000000000000007,-0.01,-0.011,25.5,"37.4",7.242120611281226,-4.187463924816059,30.71653332955818,0.49146341463414633,39.59021184485223,32.460429209949
1599,702284,"Young, Cole",2425,65.9,0.258,0.161,0.278,0.418,0.328,0.327,0.269,98,380,88.9,15.3,2231,90.3,90.48,139,756,843,0.20000000000000284,6.42,117,146,108,151,290,322,301,"-1.448","1.448","70.0","6.8","1.535266854",420,316,67,15,2,14,65,15.5,32,7.6,"2.21","0.64","0.45","-0.45","91.7",165,38.607594936708864,5.69620253164557,4.285714285714286,5.78,-1.9,-0.17,2.28,0.326,18,"0.090556598",0.337,0.404,"-0.090556598",-0.011,-0.01100000000000001,0.014,0.001,18.4,"37.7",4.541739217791355,0.6066549701125623,28.720259681785016,0.4538152610441767,31.625677565568626,28.252854636262157
1585,661388,"Contreras, William",2296,69,0.27,0.152,0.287,0.422,0.33,0.342,0.267,110,408,90.4,13,2315,90.1,90.45,153,754,831,0.30000000000001137,6.49,108,151,122,147,306,325,293,"-6.855","6.855","71.1","7.1","3.445031754",457,349,77,18,1,14,65,14.2,40,8.8,"2.35","0.57","0.26","0.26","92.8",160,44.412607449856736,9.455587392550143,7.2210065645514225,5.7,-1.89,0.2,2.22,0.335,33,"0.432492114",0.332,0.456,"-0.432492114",0.003,0.0030000000000000027,-0.034,-0.012,20.3,"36.8",8.003416097418059,1.076341687623593,26.829865826166216,0.5944827586206897,37.82874210416998,30.35676921651713
1583,686948,"Baldwin, Drake",2388,66.3,0.307,0.197,0.358,0.504,0.385,0.388,0.284,106,345,92.2,13.6,2266,90.2,90.71,206,827,756,0.5,6.53,119,147,125,152,301,327,306,"-20.467","20.467","74.0","7.3","2.264240107",391,264,74,14,0,18,83,21.2,38,9.7,"2.27","0.58","0.38","-0.38","92.4",176,51.515151515151516,15.909090909090908,10.741687979539643,5.7,-1.94,-0.1,2.27,0.384,42,"1.292924826",0.361,0.545,"-1.292924826",0.023,0.02300000000000002,-0.041,-0.003,24.9,"36.2",12.005507898928839,4.826417856622121,34.27571443025798,0.44485294117647056,37.25935537945675,28.896727944424992
1581,663993,"Lowe, Nathaniel",1773,89.2,0.271,0.214,0.312,0.485,0.353,0.347,0.275,91,336,90.1,14.6,2273,91.4,91.71,152,721,860,0.29999999999999716,6.5,117,147,127,152,293,325,302,"-15.967","15.967","72.9","7.5","2.488201193",380,254,53,21,0,17,89,23.4,36,9.5,"2.09","0.68","0.44","-0.44","91.9",169,43.25396825396825,9.523809523809524,6.315789473684211,5.67,-2.03,0.01,2.49,0.337,24,"1.009930424",0.34,0.46,"-1.009930424",-0.004,-0.0030000000000000027,0.025,0.006,21.1,"36.5",7.381311842517009,5.531385825621848,29.011414136442074,0.5283286118980169,36.99029543709381,27.820157530557037
1579,693307,"Dingler, Dillon",2346,67.3,0.259,0.241,0.278,0.5,0.354,0.363,0.276,98,378,88.6,18,2288,90.3,90.6,165,750,829,0.29999999999999716,6.47,107,152,122,146,304,329,295,"-17.176","17.176","70.3","7.5","3.053605327",417,293,55,18,2,23,87,20.9,22,5.3,"2.33","0.52","0.38","0.38","92.4",152,43.003412969283275,11.604095563139932,8.15347721822542,5.65,-1.9,0.18,2.21,0.32,34,"1.087777074",0.336,0.509,"-1.087777074",-0.017,-0.016000000000000014,-0.009,-0.009,22,"37.1",12.404588596646935,-2.271856273665074,39.02332413431137,0.5399188092016238,36.980404134545346,30.148979732470007
1578,608070,"Ramírez, José",2234,70.6,0.212,0.112,0.232,0.324,0.279,0.313,0.253,70,330,86.5,19.7,2210,89.7,89.93,119,721,857,0.20000000000000284,6.45,115,145,126,151,291,323,297,"9.141","-9.141","67.6","7.1","2.282046182",380,278,47,16,0,7,57,15,44,11.6,"2.34","0.53","0.35","-0.35","91.6",155,32.37410071942446,3.597122302158273,2.631578947368421,5.78,-1.9,-0.22,2.21,0.301,10,"-0.579277567",0.334,0.363,"0.579277567",-0.041,-0.03300000000000003,-0.039,-0.034,16.5,"39.3",9.975615154941346,-9.076643124933977,33.17583468019814,0.5771428571428572,31.069736808789703,31.979581943422335
1578,573262,"Yastrzemski, Mike",1738,90.8,0.222,0.16,0.264,0.383,0.306,0.32,0.247,72,324,90.5,15.9,2290,90.6,90.96,154,672,906,0.4000000000000057,6.46,118,146,110,151,299,326,302,"2.126","-2.126","69.6","7.4","2.384959412",366,242,43,17,1,11,84,23,38,10.4,"2.22","0.63","0.38","-0.38","91.9",172,44.214876033057855,7.43801652892562,4.918032786885246,5.7,-1.95,-0.13,2.3,0.306,18,"-0.134727503",0.329,0.387,"0.134727503",-0.025,-0.02300000000000002,-0.004,-0.014,22.9,"36.2",10.805503285853755,-1.6932668566164253,31.441015345309793,0.6234939759036144,32.67990129726219,31.797427942150225
1577,643217,"Benintendi, Andrew",1772,89,0.24,0.192,0.276,0.432,0.319,0.313,0.241,90,375,89.9,17.7,2214,89.9,90.21,219,801,776,0.29999999999999716,6.48,117,146,114,151,291,324,299,"-2.378","2.378","68.3","7.1","2.623090285",419,287,50,23,2,15,94,22.4,37,8.8,"2.35","0.51","0.43","-0.43","91.7",170,47.368421052631575,9.12280701754386,6.205250596658711,5.78,-1.93,-0.21,2.25,0.305,26,"0.150792644",0.307,0.409,"-0.150792644",-0.001,-0.0020000000000000018,0.023,0.006,27.3,"37.0",15.329803655308362,-4.178138983750399,30.961254248727684,0.5208596713021492,33.066511373271894,34.92839068545189
1574,686797,"Lee, Brooks",2386,66,0.273,0.215,0.269,0.487,0.344,0.296,0.252,108,396,88.3,14.7,2237,89.5,89.81,167,849,725,0.29999999999999716,6.47,117,147,112,152,290,322,299,"-12.078","12.078","67.9","6.9","3.810584723",423,345,68,16,3,21,53,12.5,25,5.9,"2.44","0.47","0.43","-0.43","91.3",156,34.78260869565217,4.3478260869565215,3.546099290780142,5.74,-1.91,-0.13,2.11,0.314,15,"0.767344346",0.293,0.384,"-0.767344346",0.021,0.02100000000000002,0.103,0.048,19.7,"37.7",9.805727335359324,-4.435107746799642,30.516814158629426,0.5312883435582823,37.53784902389237,29.3794887924465
1572,665489,"Guerrero Jr., Vladimir",2201,71.4,0.253,0.083,0.282,0.336,0.288,0.316,0.276,104,411,90.1,7.4,2302,90.8,90.98,159,763,809,0.20000000000000284,6.45,106,151,124,147,305,327,293,"10.89","-10.89","74.6","7.5","3.546400941",455,356,80,19,0,5,60,13.2,35,7.7,"2.24","0.56","0.36","0.36","93.1",143,44.662921348314605,6.460674157303371,5.054945054945055,5.69,-1.82,0.24,2.21,0.314,23,"-0.692748092",0.332,0.38,"0.692748092",-0.023,-0.018000000000000016,-0.044,-0.028,20.8,"36.8",0.38124415570399117,-2.444631881688393,28.002581676266498,0.2872340425531915,37.83402210505,33.059545619624764
1560,592626,"Pederson, Joc",1732,90.1,0.246,0.251,0.254,0.497,0.36,0.35,0.246,84,342,92.1,16.5,2212,89.4,89.58,220,745,815,0.19999999999998863,6.45,121,146,121,152,299,329,302,"-14.789","14.789","70.6","7.4","2.61126152",395,257,48,11,0,25,88,22.3,46,11.6,"2.38","0.52","0.38","-0.38","92.8",169,50.97276264591439,11.284046692607005,7.341772151898734,5.72,-1.85,-0.21,2.34,0.339,29,"0.948012821",0.338,0.459,"-0.948012821",0,0.0010000000000000009,0.038,0.01,29.5,"36.8",9.099627087286022,-1.7158582439719985,28.39260358157184,0.5449515905947441,33.61233616338022,28.60031698932164
1550,807712,"Keaschall, Luke",2318,66.9,0.276,0.138,0.303,0.414,0.353,0.323,0.246,96,348,85.3,18.4,2332,90.3,90.57,105,652,898,0.29999999999999716,6.5,107,152,117,146,300,322,288,"-14.511","14.511","66.5","6.6","3.061905088",414,298,67,18,3,8,56,13.5,40,9.7,"2.29","0.57","0.29","0.29","91.1",156,31.41891891891892,3.7162162162162162,2.657004830917874,5.72,-1.87,0.34,2.14,0.377,11,"0.936193548",0.353,0.361,"-0.936193548",0.03,0.02400000000000002,0.053,0.03,16.1,"36.9",10.223657705339678,-4.186140363323957,37.31913364829815,0.4852459016393443,36.27962073056678,33.28236953701332
1548,691026,"Winn, Masyn",2139,72.4,0.22,0.078,0.278,0.299,0.272,0.291,0.238,76,345,87.9,10.1,2349,90.7,90.96,159,644,904,0.29999999999999716,6.47,107,150,113,147,305,321,289,"14.217","-14.217","69.1","7.2","2.808301714",389,263,59,11,2,4,86,22.1,34,8.7,"2.18","0.63","0.26","0.26","91.2",150,35.87786259541985,3.816793893129771,2.570694087403599,5.7,-1.86,0.28,2.33,0.298,10,"-0.918410853",0.32,0.317,"0.918410853",-0.018,-0.02200000000000002,-0.018,-0.019,24.7,"37.0",4.511113131637042,1.8478480161985678,27.43937767916999,0.4200626959247649,34.14665512526195,31.822201664458888
1547,668709,"Bleday, JJ",2152,71.9,0.224,0.218,0.245,0.442,0.343,0.358,0.25,74,330,89.5,23.5,2200,89.5,89.85,176,700,847,0.4000000000000057,6.48,117,146,116,152,295,325,298,"-14.836","14.836","72.0","7.2","3.110360541",391,247,40,14,2,18,85,21.7,55,14.1,"2.41","0.47","0.43","-0.43","92.2",172,41.86991869918699,10.569105691056912,6.649616368286446,5.69,-1.92,-0.08,2.24,0.338,26,"0.959017453",0.361,0.456,"-0.959017453",-0.026,-0.022999999999999965,-0.014,-0.015,25.1,"36.8",13.337528498915745,-7.934367681184805,32.75112565790751,0.5208034433285509,39.66872724523619,31.872782554899782
1537,592885,"Yelich, Christian",2103,73.1,0.245,0.152,0.319,0.396,0.317,0.316,0.231,79,323,89.4,4.6,2295,90.1,90.51,220,688,849,0.4000000000000057,6.49,116,146,114,150,296,324,304,"0.609","-0.609","71.9","7.5","2.993282996",369,226,50,19,0,10,101,27.4,38,10.3,"2.35","0.55","0.31","-0.31","91.8",145,45.33333333333333,10.666666666666668,6.504065040650407,5.7,-1.9,0.05,2.33,0.328,24,"-0.039622642",0.313,0.397,"0.039622642",0.014,0.015000000000000013,-0.001,0.001,32,"36.6",10.909935590381485,9.327342740871973,37.30222469151766,0.4107692307692308,36.942936309190465,25.53110441662275
1534,665862,"Chisholm Jr., Jazz",2180,70.4,0.232,0.172,0.291,0.404,0.321,0.32,0.232,74,319,90.3,15.3,2225,89.5,89.73,200,682,852,0.20000000000000284,6.45,117,146,108,152,294,327,296,"-1.35","1.35","71.8","7.8","2.912790309",367,220,48,11,1,14,101,27.5,45,12.3,"2.38","0.53","0.35","-0.35","92.4",156,46.36363636363636,9.545454545454547,5.722070844686648,5.72,-1.86,-0.09,2.31,0.327,21,"0.088005215",0.322,0.4,"-0.088005215",0,0.0050000000000000044,0.004,0.001,29.3,"38.7",14.953051620209687,-6.815941075136776,32.201394585312734,0.5616641901931649,34.25491574271267,31.15058379754074
1532,514888,"Altuve, Jose",2036,75.2,0.236,0.146,0.271,0.382,0.291,0.259,0.215,94,398,85.1,9.9,2332,90.6,90.75,166,755,777,0.10000000000000853,6.46,105,151,108,146,289,323,291,"7.054","-7.054","65.8","7.5","2.914337615",431,315,62,18,2,12,87,20.2,29,6.7,"2.31","0.52","0.28","0.28","90.9",132,31.84713375796178,4.140127388535031,3.0162412993039442,5.73,-1.91,0.26,2.03,0.285,13,"-0.460443864",0.266,0.317,"0.460443864",0.021,0.01899999999999996,0.065,0.032,22,"36.4",12.843358437667257,0.14162203391957534,27.379397462552475,0.5485636114911081,41.70401064670129,27.062723116879695
1531,702332,"Durbin, Caleb",2159,70.9,0.25,0.131,0.275,0.381,0.32,0.288,0.233,90,360,82.1,11.4,2330,90.3,90.63,113,703,828,0.29999999999999716,6.47,105,151,109,147,288,317,290,"-1.642","1.642","66.5","6.8","2.671632076",412,304,62,18,1,9,59,14.3,38,9.2,"2.27","0.58","0.37","0.37","90.2",137,23.841059602649008,1.9867549668874174,1.4563106796116505,5.67,-1.84,0.21,2.21,0.336,6,"0.107250163",0.321,0.307,"-0.107250163",0.017,0.015000000000000013,0.074,0.032,16.1,"36.8",8.22937991573381,-0.13299413307760644,29.27724348858904,0.593974175035868,35.23371671293969,28.369927857429996
1530,694192,"Chourio, Jackson",2207,69.3,0.274,0.176,0.332,0.45,0.34,0.336,0.256,101,369,91.6,13.1,2336,90.5,90.94,190,744,786,0.4000000000000057,6.52,108,151,115,147,307,325,292,"-10.454","10.454","72.0","7.3","3.45218477",402,272,68,17,0,16,99,24.6,29,7.2,"2.29","0.55","0.26","0.26","92.4",162,46.69117647058824,12.132352941176471,8.208955223880597,5.67,-1.86,0.19,2.24,0.328,33,"0.683267974",0.312,0.463,"-0.683267974",0.018,0.016000000000000014,-0.013,0.004,25.5,"36.3",8.866772475466691,3.6298782873116417,27.34818686628706,0.6504992867332382,39.51928818081879,28.97006587958344
1526,643289,"Dubón, Mauricio",2266,67.3,0.285,0.12,0.314,0.405,0.326,0.311,0.272,107,375,86.4,16.2,2364,90.6,91.08,138,811,715,0.5,6.53,108,150,112,147,306,320,287,"-2.899","2.899","66.7","7.6","3.044128256",406,323,81,15,3,8,53,13.1,25,6.2,"2.21","0.62","0.28","0.28","90.5",167,28.57142857142857,4.3478260869565215,3.4482758620689653,5.66,-1.89,0.25,2.26,0.334,14,"0.189973788",0.322,0.384,"-0.189973788",0.013,0.01200000000000001,0.021,0.015,17,"36.1",3.3325420805244974,2.0943813603100105,29.491023303277878,0.3793969849246231,36.76572510549946,26.795278760031103
1525,690993,"Keith, Colt",1611,94.7,0.267,0.158,0.316,0.425,0.332,0.339,0.276,96,360,89.6,14.5,2192,89.4,89.82,149,668,857,0.3999999999999915,6.5,116,146,123,151,294,328,302,"-0.018","0.018","70.5","6.8","3.103812916",398,282,63,19,4,10,80,20.1,32,8,"2.33","0.59","0.47","-0.47","92.1",168,43.41637010676156,8.185053380782918,5.778894472361809,5.69,-1.97,-0.11,2.26,0.332,23,"0.001180328",0.341,0.433,"-0.001180328",-0.009,-0.009000000000000008,-0.008,-0.007,22.3,"37.1",9.745215087170196,-0.5922290994380173,32.037093014526135,0.46747352496217853,37.9101301641671,28.72116005806216
1524,683146,"Baty, Brett",1904,80,0.251,0.156,0.314,0.407,0.318,0.331,0.252,85,339,91,14.7,2246,90.2,90.32,225,769,755,0.09999999999999432,6.44,117,147,116,151,293,326,303,"-2.899","2.899","73.7","7.5","2.816119685",381,247,55,18,1,11,97,25.5,34,8.9,"2.24","0.62","0.41","-0.41","92.2",169,43.54838709677419,10.483870967741936,6.824146981627297,5.72,-1.79,-0.04,2.36,0.318,26,"0.190223097",0.321,0.436,"-0.190223097",-0.001,-0.0030000000000000027,-0.029,-0.013,29.3,"36.8",10.454851906227292,2.2524989617863795,37.66896365499292,0.4664914586070959,38.1418829742724,29.09356543114336
1524,677587,"Rocchio, Brayan",2255,67.6,0.271,0.14,0.294,0.411,0.331,0.303,0.253,95,350,87.7,14.2,2246,89.9,90.14,151,728,796,0.19999999999998863,6.47,115,146,103,151,285,318,299,"-0.33","0.33","68.7","7.2","3.380619152",388,299,67,17,1,10,53,13.7,28,7.2,"2.32","0.54","0.41","-0.41","91.2",155,33.670033670033675,2.0202020202020203,1.5463917525773196,5.67,-1.94,-0.17,2.18,0.338,6,"0.021653543",0.323,0.352,"-0.021653543",0.018,0.015000000000000013,0.059,0.028,20.7,"36.7",7.702361252407654,-5.531665944805329,27.40784274094413,0.4689265536723164,33.00892271507215,32.17689939621376
1524,694497,"Carter, Evan",1833,83.1,0.204,0.147,0.249,0.351,0.295,0.302,0.219,65,319,88.8,18.3,2179,89.8,90.03,176,629,895,0.20000000000000284,6.49,115,146,104,151,291,325,300,"4.591","-4.591","68.7","7.0","3.201100556",368,234,39,14,3,9,87,23.6,42,11.4,"2.33","0.54","0.49","-0.49","91.6",162,39.743589743589745,5.982905982905983,3.804347826086957,5.71,-1.91,-0.15,2.23,0.304,14,"-0.301246719",0.318,0.355,"0.301246719",-0.015,-0.014000000000000012,-0.004,-0.007,28,"37.0",7.437219857548789,-5.56690930339074,31.39879446695296,0.45077720207253885,34.908269423092634,32.93115918185337
1518,678882,"Rafaela, Ceddanne",2106,72.1,0.283,0.141,0.328,0.424,0.323,0.284,0.254,112,396,86,11,2345,90.2,90.49,213,878,640,0.29999999999999716,6.48,104,150,111,146,292,320,293,"-2.128","2.128","67.1","7.1","2.655442626",419,319,78,23,0,11,80,19.1,14,3.3,"2.27","0.6","0.3","0.3","90.7",154,31.645569620253166,5.063291139240507,3.8186157517899764,5.72,-1.8,0.24,2.25,0.315,16,"0.140184453",0.289,0.359,"-0.140184453",0.029,0.026000000000000023,0.065,0.039,24.3,"38.1",7.324063465266398,1.6750330380541034,32.01806468911422,0.5005740528128588,35.30485657590436,28.710027910253476
1514,657757,"Sheets, Gavin",1811,83.6,0.221,0.215,0.225,0.436,0.336,0.33,0.234,66,298,87.1,15.2,2230,90.1,90.36,128,647,867,0.30000000000001137,6.47,116,146,125,151,294,324,303,"-5.056","5.056","72.4","7.6","3.546485633",348,235,36,13,0,17,65,18.7,43,12.4,"2.36","0.5","0.45","-0.45","91.8",161,37.02127659574468,8.085106382978724,5.459770114942529,5.61,-1.91,-0.18,2.28,0.328,19,"0.333949802",0.338,0.405,"-0.333949802",-0.013,-0.010000000000000009,0.031,0.006,19.8,"34.9",7.5896160837741,-5.256284233086467,28.175499857393625,0.5,37.78290581987044,30.955409422508204
1513,671976,"Peters, Tristan",1771,85.4,0.272,0.189,0.316,0.461,0.348,0.316,0.25,101,371,88.1,18.1,2267,89.7,90.02,189,829,684,0.29999999999999716,6.48,112,145,102,151,289,322,297,"-10.046","10.046","67.2","6.8","2.330195329",411,296,57,29,4,11,77,18.7,30,7.3,"2.37","0.52","0.34","-0.34","91.6",152,37.6271186440678,6.101694915254238,4.37956204379562,5.83,-1.87,-0.09,2.27,0.338,18,"0.66397885",0.319,0.399,"-0.66397885",0.022,0.019000000000000017,0.062,0.032,22.8,"38.5",12.507885723233198,-4.360015708269939,30.24955132895642,0.5397796817625459,39.18447838229397,30.523157086507386
1509,808982,"Lee, Jung Hoo",2132,70.8,0.286,0.144,0.297,0.431,0.334,0.335,0.304,105,367,88,12.5,2288,90.4,90.75,80,708,801,0.29999999999999716,6.41,119,147,108,152,287,320,301,"-5.742","5.742","67.7","7.6","1.539941154",398,335,71,23,3,8,35,8.8,23,5.8,"2.21","0.61","0.36","-0.36","91.2",156,35.029940119760475,2.694610778443114,2.261306532663317,5.79,-1.85,-0.18,2.36,0.334,9,"0.380516899",0.35,0.411,"-0.380516899",-0.018,-0.01599999999999996,0.02,-0.001,11.3,"38.4",3.2427446767273467,-2.5484316905084796,38.71731077114892,0.3760806916426513,29.938516004511374,27.973699177129586
1497,680574,"McLain, Matt",2012,74.4,0.165,0.137,0.213,0.302,0.248,0.28,0.201,54,328,88.1,19.2,2365,90.5,90.76,203,649,848,0.29999999999999716,6.5,107,151,112,146,303,322,289,"23.285","-23.285","69.2","6.8","2.973791709",367,220,28,16,1,9,110,30,32,8.7,"2.23","0.62","0.28","0.28","91.2",173,38.53211009174312,8.715596330275229,5.177111716621254,5.7,-1.91,0.28,2.21,0.248,19,"-1.555444222",0.281,0.35,"1.555444222",-0.036,-0.03300000000000003,-0.048,-0.032,31.3,"37.2",10.768620322760746,0.9661544895508462,30.67004975298324,0.5915492957746479,36.35930857469483,30.200918721347367
1491,693304,"Gonzales, Nick",2219,67.2,0.318,0.096,0.38,0.414,0.354,0.34,0.294,119,374,86.5,6.2,2337,90.6,90.83,175,774,717,0.20000000000000284,6.39,107,151,116,147,305,319,288,"-10.821","10.821","68.8","7.3","2.700567042",411,305,94,19,1,5,69,16.8,27,6.6,"2.3","0.58","0.38","0.38","91.1",145,35.64356435643564,3.9603960396039604,2.9197080291970803,5.68,-1.83,0.1,2.25,0.38,12,"0.725754527",0.358,0.41,"-0.725754527",0.024,0.02200000000000002,0.004,0.014,22.6,"37.4",7.93926941487793,4.005631507300339,36.45136851159981,0.46949602122015915,36.366939342483406,25.289314149366582
1488,669065,"Stowers, Kyle",1941,76.7,0.246,0.235,0.33,0.481,0.353,0.341,0.231,86,349,93.6,19.3,2203,90.2,90.36,300,804,684,0.20000000000000284,6.44,116,145,116,150,297,324,301,"-10.381","10.381","73.6","6.8","2.943353848",400,222,46,17,4,19,128,32,42,10.5,"2.23","0.62","0.47","-0.47","93.5",171,60.36036036036037,14.414414414414415,8,5.66,-1.95,-0.1,2.31,0.34,32,"0.697647849",0.32,0.462,"-0.697647849",0.015,0.020000000000000018,0.019,0.012,37.3,"37.3",14.47017558651943,-1.8372618164971295,34.42865284572263,0.5263819095477387,37.53713998381679,33.78500184827953
1483,575929,"Contreras, Willson",2082,71.2,0.274,0.228,0.345,0.502,0.383,0.36,0.251,90,329,89.5,16.3,2312,90.2,90.55,231,739,744,0.3999999999999915,6.5,107,151,124,147,295,324,296,"-24.014","24.014","74.3","7.7","4.477091779",388,225,54,16,1,19,107,27.6,35,9,"2.26","0.59","0.32","0.32","92.6",152,44.44444444444444,12,6.958762886597938,5.77,-1.75,0.3,2.19,0.376,27,"1.619285233",0.36,0.449,"-1.619285233",0.023,0.016000000000000014,0.053,0.023,31.3,"39.6",9.78066341976774,-5.5716258803528005,33.81687531238149,0.46511627906976744,38.32459904942094,30.94012577458195
1478,663616,"Larnach, Trevor",1694,87.2,0.284,0.17,0.323,0.454,0.36,0.335,0.266,95,335,88.4,13.8,2223,89.3,89.59,172,649,829,0.29999999999999716,6.48,119,147,125,152,294,327,300,"-14.048","14.048","70.6","7.1","4.485729971",378,271,61,22,1,11,64,16.9,39,10.3,"2.42","0.49","0.42","-0.42","92.6",153,38.37638376383764,7.7490774907749085,5.555555555555555,5.74,-1.87,-0.11,2.21,0.365,21,"0.950473613",0.347,0.409,"-0.950473613",0.018,0.018000000000000016,0.045,0.025,26.5,"37.8",7.173226114001722,-12.065011665903388,33.225460071763976,0.4095238095238095,35.416637899610194,36.85472850840115
1478,662139,"Varsho, Daulton",2007,73.6,0.221,0.14,0.257,0.361,0.284,0.288,0.229,79,357,87.1,16.5,2264,90.3,90.42,183,790,688,0.10000000000000853,6.43,115,146,109,152,292,325,297,"11.105","-11.105","71.7","7.7","2.177760186",390,278,51,16,2,10,80,20.5,32,8.2,"2.3","0.55","0.34","-0.34","91.4",161,38.489208633093526,7.553956834532374,5.384615384615385,5.71,-1.94,-0.05,2.36,0.285,21,"-0.75135318",0.288,0.365,"0.75135318",-0.008,-0.0030000000000000027,-0.004,-0.004,23.2,"37.0",9.680032136163794,0.033457908237044254,28.2356912164137,0.4919786096256685,37.103035196211934,25.56782523471138
1470,686555,"Collins, Isaac",2077,70.8,0.217,0.112,0.29,0.329,0.305,0.303,0.223,66,304,88.8,14.6,2251,90.3,90.59,123,563,907,0.29999999999999716,6.45,116,146,104,151,291,325,301,"2.978","-2.978","69.9","6.5","2.60900201",361,218,43,16,3,4,88,24.4,51,14.1,"2.21","0.63","0.42","-0.42","91.8",155,42.6605504587156,5.045871559633028,3.0470914127423825,5.7,-1.82,-0.04,2.22,0.335,11,"-0.202585034",0.341,0.312,"0.202585034",-0.006,-0.006000000000000005,0.017,0.002,21.8,"38.6",2.716793966369963,-3.1886262033163177,28.226109428718292,0.33935018050541516,37.31483802705047,29.722505816145805
1470,656775,"Mullins, Cedric",1968,74.7,0.185,0.166,0.192,0.351,0.273,0.28,0.204,60,325,89.6,25.7,2277,90.4,90.49,159,725,745,0.09999999999999432,6.42,114,146,99,151,290,325,297,"9.087","-9.087","68.8","7.3","1.919055259",369,253,36,8,2,14,76,20.6,33,8.9,"2.21","0.66","0.42","-0.42","91.6",169,40.234375,5.46875,3.7940379403794036,5.75,-1.86,-0.11,2.34,0.265,14,"-0.618163265",0.284,0.345,"0.618163265",-0.019,-0.01899999999999996,0.006,-0.007,21.9,"37.1",11.017376483381693,-5.525526931626716,30.331659291242428,0.5910987482614742,34.23572273718404,27.39866060998807
1460,543760,"Semien, Marcus",2070,70.5,0.209,0.126,0.23,0.335,0.268,0.293,0.239,75,358,86.1,17.6,2343,89.8,89.96,169,734,726,0.20000000000000284,6.43,108,151,120,145,299,323,294,"14.309","-14.309","65.9","7.7","3.524864918",391,289,52,12,0,11,72,18.4,29,7.4,"2.36","0.51","0.17","0.17","90.8",152,32.752613240418114,5.923344947735192,4.3478260869565215,5.72,-1.8,0.34,2.19,0.269,17,"-0.980068493",0.297,0.365,"0.980068493",-0.03,-0.02799999999999997,-0.03,-0.025,23,"36.9",13.801012966529065,-2.7952929015358436,33.9806364310025,0.5686813186813187,33.97305745537681,29.227595415258378
1459,666126,"Cortes, Carlos",1534,95.1,0.246,0.15,0.268,0.396,0.314,0.307,0.245,79,321,88.9,11.5,2197,90,90.06,141,676,783,0.09999999999999432,6.39,117,146,115,151,291,324,302,"4.739","-4.739","68.7","6.9","2.534966341",358,267,53,14,2,10,57,15.9,31,8.7,"2.35","0.51","0.48","-0.48","91.4",162,36.9811320754717,6.415094339622642,4.748603351955307,5.76,-1.91,-0.04,2.15,0.316,17,"-0.324811515",0.316,0.378,"0.324811515",0.001,0,0.018,0.007,20.9,"36.9",6.205134516181597,1.088969714972334,25.9852844087339,0.4261006289308176,40.103197236973685,27.68135404806617
1455,800050,"DeLauter, Chase",2153,67.6,0.269,0.181,0.277,0.45,0.354,0.367,0.291,89,331,92.3,13.2,2224,90,90.27,79,602,853,0.29999999999999716,6.48,116,145,125,150,291,324,302,"-8.894","8.894","70.0","7.1","2.128468666",380,287,56,19,1,13,46,12.1,47,12.4,"2.28","0.59","0.4","-0.4","92.8",163,48.6013986013986,6.643356643356643,5,5.73,-1.92,-0.21,2.3,0.358,19,"0.611271478",0.378,0.459,"-0.611271478",-0.022,-0.020000000000000018,-0.009,-0.013,13.1,"37.9",4.06892929640364,1.9841167673627322,29.376612698718393,0.43993231810490696,37.85834074884993,28.181492388630137
1454,553993,"Suárez, Eugenio",2039,71.3,0.222,0.228,0.279,0.45,0.325,0.299,0.208,73,329,88.3,21.1,2311,91.1,91.43,230,701,753,0.30000000000001137,6.51,107,152,123,146,301,325,294,"-3.685","3.685","69.6","7.7","3.568138193",369,210,38,15,0,20,122,33.1,29,7.9,"2.22","0.56","0.42","0.42","91.5",155,37.073170731707314,12.195121951219512,6.775067750677506,5.66,-1.84,0.3,2.2,0.298,25,"0.25343879",0.289,0.386,"-0.25343879",0.014,0.009000000000000008,0.064,0.026,32.8,"36.5",17.485370187172187,-2.9943092968055276,39.360682516460734,0.49279538904899134,34.490864102150915,33.67397241860074
1449,687462,"Horwitz, Spencer",1810,80.1,0.249,0.139,0.275,0.388,0.328,0.314,0.227,77,309,87.3,16.7,2294,90,90.24,87,587,862,0.20000000000000284,6.39,119,147,120,152,293,320,299,"-2.97","2.97","67.2","6.9","3.240239935",361,256,53,14,1,9,57,15.8,43,11.9,"2.29","0.6","0.33","-0.33","91.0",159,30.859375,6.25,4.43213296398892,5.73,-1.82,-0.06,2.31,0.346,16,"0.204968944",0.331,0.36,"-0.204968944",0.022,0.014999999999999958,0.028,0.014,14.8,"37.7",8.317735844774946,-0.2867850248064882,34.347591307029255,0.46524064171123,33.7175381661251,29.638413032507483
1448,663728,"Raleigh, Cal",2284,63.4,0.183,0.197,0.218,0.38,0.304,0.317,0.188,52,284,89.6,27.8,2252,90.6,90.8,217,724,724,0.20000000000000284,6.46,116,145,126,151,297,327,299,"6.2","-6.2","73.1","7.8","2.582351063",333,188,24,14,0,14,97,29.1,46,13.8,"2.23","0.59","0.37","-0.37","92.5",182,40.42553191489361,15.425531914893616,8.708708708708707,5.78,-1.92,-0.12,2.41,0.3,29,"-0.428176796",0.306,0.413,"0.428176796",-0.005,-0.006000000000000005,-0.033,-0.013,30,"38.2",17.039964960142903,-4.403932806971792,34.81651159596434,0.41283124128312415,34.883650105857136,32.63483465270621
1444,642715,"Adames, Willy",1979,73,0.235,0.209,0.278,0.444,0.319,0.293,0.223,80,340,86.7,23.8,2319,90.1,90.45,188,691,753,0.4000000000000057,6.44,108,152,122,146,300,325,295,"-4.42","4.42","70.5","8.1","2.850284977",368,244,43,20,0,17,97,26.4,25,6.8,"2.29","0.56","0.27","0.27","91.3",156,37.03703703703704,8.23045267489712,5.434782608695652,5.77,-1.8,0.2,2.22,0.291,20,"0.306094183",0.281,0.387,"-0.306094183",0.012,0.009999999999999953,0.057,0.026,27.2,"38.4",14.87034361608064,-3.331363770217566,33.71910569437097,0.5581737849779087,38.62157831820416,30.282944301998327
1442,664770,"Lukes, Nathan",1755,82.2,0.287,0.118,0.31,0.405,0.325,0.301,0.268,95,331,87.5,9.7,2231,90.9,91.06,114,731,711,0.19999999999998863,6.43,116,147,108,151,286,320,301,"0.244","-0.244","66.0","6.3","1.505262201",358,286,74,12,0,9,48,13.4,21,5.9,"2.18","0.62","0.48","-0.48","90.5",160,33.56643356643357,3.146853146853147,2.5139664804469275,5.65,-1.82,-0.04,2.36,0.332,9,"-0.016920943",0.315,0.367,"0.016920943",0.019,0.017000000000000015,0.038,0.024,15.6,"35.9",5.285419981291346,9.593389949793723,30.250433095622938,0.425531914893617,37.69444233694024,25.65372076052698
1438,663757,"Grisham, Trent",1966,73.1,0.201,0.201,0.2,0.403,0.313,0.347,0.249,60,298,91.6,17.5,2223,90.6,90.81,103,565,873,0.20000000000000284,6.48,119,146,109,151,295,327,297,"-3.404","3.404","69.3","7.3","2.444956009",348,240,31,13,1,15,61,17.5,46,13.2,"2.21","0.62","0.43","-0.43","92.8",169,47.083333333333336,10.416666666666668,7.183908045977011,5.76,-1.78,-0.08,2.34,0.305,25,"0.236717663",0.347,0.447,"-0.236717663",-0.048,-0.04199999999999998,-0.044,-0.034,18.2,"39.1",13.174197115537895,-0.4743499560335198,28.446086183627877,0.5898366606170599,38.86516181630733,25.505299312464217
1435,668904,"Lewis, Royce",2000,71.8,0.216,0.143,0.271,0.36,0.281,0.294,0.228,71,328,89.5,21.1,2341,90.3,90.63,250,725,710,0.29999999999999716,6.49,107,151,121,145,300,326,295,"13.75","-13.75","72.3","8.0","3.248041464",363,235,45,15,1,10,98,27,28,7.7,"2.28","0.55","0.24","0.24","92.0",157,39.743589743589745,9.401709401709402,6.0606060606060606,5.74,-1.95,0.35,2.15,0.278,22,"-0.958188153",0.292,0.368,"0.958188153",-0.012,-0.013999999999999957,-0.008,-0.013,34.5,"37.4",10.911598389757238,-9.241845586426463,26.00038417473878,0.7144866385372715,39.89462464346028,32.94415740183476
1425,702222,"Crawford, Justin",1681,84.8,0.267,0.094,0.321,0.361,0.296,0.282,0.257,97,363,88,2.8,2278,91.3,91.63,137,762,663,0.29999999999999716,6.47,113,148,100,149,284,319,299,"8.179","-8.179","67.7","6.9","1.484031571",391,298,72,18,5,2,69,17.6,23,5.9,"2.08","0.69","0.48","-0.48","91.3",155,38.85135135135135,1.6891891891891893,1.278772378516624,5.72,-1.89,0.01,2.36,0.309,5,"-0.573964912",0.303,0.325,"0.573964912",0.01,0.006000000000000005,0.036,0.014,18,"36.7",2.3728478740044148,11.462001865885522,28.776629782930225,0.369826435246996,41.56359824754139,20.528540183142884
1421,696100,"Goodman, Hunter",2177,65.3,0.242,0.293,0.258,0.536,0.354,0.325,0.232,85,351,89.5,20.1,2357,90.4,91,256,779,642,0.5999999999999943,6.46,107,152,124,147,306,334,303,"-13.839","13.839","73.5","7.2","3.421648755",385,246,42,12,2,29,109,28.3,25,6.5,"2.29","0.53","0.2","0.2","92.5",174,43.0327868852459,14.754098360655737,9.35064935064935,5.71,-1.91,0.27,2.25,0.299,36,"0.973891626",0.291,0.469,"-0.973891626",0.01,0.008000000000000007,0.067,0.029,32.9,"36.9",13.778696600815396,-5.088593451440518,24.01514774815296,0.6922043010752689,39.48114541334379,37.82531651577564
1418,543807,"Springer, George",2034,69.7,0.265,0.153,0.301,0.417,0.334,0.317,0.249,85,321,88.7,10.8,2293,90.4,90.62,160,677,741,0.19999999999998863,6.45,107,152,123,147,303,327,291,"-9.773","9.773","70.5","7.4","2.957087837",358,257,59,14,1,11,64,17.9,34,9.5,"2.27","0.56","0.33","0.33","91.6",144,38.61003861003861,6.94980694980695,5.027932960893855,5.69,-1.79,0.24,2.23,0.337,18,"0.689210155",0.323,0.393,"-0.689210155",0.016,0.014000000000000012,0.024,0.017,23.6,"37.4",9.312572633832968,1.9130234707832856,33.58888106291954,0.5479041916167665,37.467261899868326,21.400167658261775
1415,671739,"Harris II, Michael",2202,64.3,0.297,0.211,0.332,0.508,0.354,0.358,0.295,113,380,92.5,10.2,2242,89.4,89.82,202,810,605,0.3999999999999915,6.5,117,148,112,152,301,327,306,"-11.406","11.406","73.5","8.1","3.117910511",395,304,70,24,1,18,78,19.7,13,3.3,"2.45","0.51","0.4","-0.4","93.6",160,52.63157894736842,12.5,9.620253164556962,5.66,-2,-0.09,2.23,0.319,38,"0.806077739",0.316,0.52,"-0.806077739",0.002,0.0030000000000000027,-0.012,-0.004,24.9,"35.4",6.744780603193932,-0.0021012893928541512,32.0032992453903,0.4275,37.52773183353224,30.135094397879094
1414,686527,"Canzone, Dominic",2021,70,0.263,0.232,0.292,0.494,0.347,0.357,0.279,94,358,92.1,12.1,2202,88.9,89.17,193,711,703,0.29999999999999716,6.43,116,146,119,151,292,326,302,"-6.471","6.471","73.2","7.4","3.134698245",388,278,49,25,2,18,82,21.1,26,6.7,"2.5","0.44","0.42","-0.42","93.0",158,46.402877697841724,12.949640287769784,9.278350515463918,5.73,-1.92,-0.12,2.16,0.314,36,"0.457637907",0.329,0.505,"-0.457637907",-0.016,-0.015000000000000013,-0.011,-0.01,27.1,"37.6",12.625220496707794,-1.5168528786386013,32.41700920703732,0.5233380480905233,38.81832647563556,37.552605854475445
1406,664034,"France, Ty",1987,70.8,0.298,0.211,0.338,0.509,0.375,0.325,0.251,96,322,90.9,15,2323,90.8,91.1,211,774,632,0.29999999999999716,6.5,108,151,124,148,305,324,293,"-17.527","17.527","69.9","7.5","2.659488878",362,253,61,18,1,16,74,20.4,25,6.9,"2.18","0.65","0.35","0.35","91.9",166,45.8498023715415,9.486166007905137,6.629834254143646,5.6,-1.9,0.3,2.29,0.36,24,"1.24658606",0.321,0.417,"-1.24658606",0.047,0.03899999999999998,0.092,0.05,27.3,"34.9",10.417351406838169,5.695461031717535,34.029956489211656,0.47489823609226595,36.93359745888616,26.960099505900647
1398,643446,"McNeil, Jeff",1800,77.7,0.269,0.121,0.287,0.391,0.308,0.305,0.279,102,379,87.2,14.9,2183,90.1,90.28,130,834,564,0.20000000000000284,6.39,116,145,109,151,287,320,299,"3.484","-3.484","67.3","7.2","1.952145505",409,333,74,19,0,9,50,12.2,21,5.1,"2.27","0.59","0.45","-0.45","90.9",158,30.930930930930934,2.1021021021021022,1.7114914425427872,5.76,-1.85,-0.16,2.29,0.311,7,"-0.249213162",0.318,0.376,"0.249213162",-0.01,-0.007000000000000006,0.015,0.003,15.6,"37.5",6.315724396468469,-1.8250700564216804,35.24468566704456,0.36128236744759556,35.033001431201946,27.92994715155645
1398,701675,"Church, Nathan",1794,77.9,0.253,0.127,0.288,0.38,0.296,0.291,0.248,84,332,86.4,15.1,2238,90.5,90.81,171,794,604,0.29999999999999716,6.45,115,146,105,150,292,322,302,"8.307","-8.307","67.8","7.0","1.785417559",359,272,60,14,2,8,65,18.1,19,5.3,"2.21","0.61","0.5","-0.5","90.6",165,33.455882352941174,5.147058823529411,3.8997214484679668,5.66,-1.92,-0.16,2.29,0.295,14,"-0.594206009",0.293,0.369,"0.594206009",0.005,0.0020000000000000018,0.011,0.005,21.5,"36.5",4.764145699144358,1.058072180342779,32.58363718702393,0.37182741116751267,37.31575212622164,28.929839741312215
1394,683953,"Bazzana, Travis",2091,66.7,0.274,0.211,0.306,0.485,0.366,0.324,0.25,83,303,89,15.7,2270,90.1,90.44,151,639,755,0.30000000000001137,6.46,116,145,105,150,290,322,300,"-11.767","11.767","67.7","7.0","3.274133599",352,242,48,19,3,13,66,18.8,39,11.1,"2.28","0.56","0.39","-0.39","91.6",165,39.66942148760331,5.785123966942149,3.977272727272727,5.72,-1.88,-0.2,2.21,0.361,14,"0.844117647",0.34,0.389,"-0.844117647",0.024,0.020999999999999963,0.096,0.042,23.6,"38.0",10.285320155591254,-1.0291143313760005,34.241085395171766,0.477124183006536,34.94411218428073,33.62700841990951
1388,686469,"Pasquantino, Vinnie",1916,72.4,0.264,0.204,0.269,0.468,0.356,0.364,0.273,79,299,91.4,21.2,2264,90.1,90.42,88,634,754,0.30000000000001137,6.45,118,145,121,150,297,329,303,"-12.591","12.591","69.7","7.3","2.466036932",347,253,49,14,1,15,50,14.4,41,11.8,"2.3","0.55","0.34","-0.34","92.9",177,46.6403162055336,10.67193675889328,7.780979827089338,5.73,-1.82,-0.04,2.28,0.354,27,"0.907132565",0.357,0.485,"-0.907132565",-0.009,-0.0030000000000000027,-0.017,-0.008,13.9,"38.6",10.52042199983345,-7.594453130678701,29.18919552000978,0.5444444444444444,40.56233536416731,30.89972629606457
1387,647304,"Naylor, Josh",2162,64.2,0.251,0.09,0.27,0.341,0.293,0.316,0.271,97,387,88.3,11.7,2223,89.5,89.7,116,752,635,0.20000000000000284,6.42,116,146,114,151,292,325,300,"12.278","-12.278","68.5","7.4","3.384215737",426,340,76,14,0,7,48,11.3,35,8.2,"2.39","0.51","0.38","-0.38","92.1",141,38.82352941176471,4.117647058823529,3.286384976525822,5.76,-1.9,-0.11,2.27,0.315,14,"-0.885219899",0.329,0.386,"0.885219899",-0.02,-0.014000000000000012,-0.045,-0.023,15.4,"37.9",6.62181784647548,-5.256478827904169,29.48103111135903,0.41336971350613916,35.45381174090355,24.719851236286736
1386,641487,"Crawford, J.P.",2077,66.7,0.213,0.156,0.24,0.369,0.307,0.317,0.237,60,282,89,16,2257,90.5,90.73,97,554,832,0.20000000000000284,6.42,117,146,107,151,287,319,299,"3.478","-3.478","69.8","7.3","2.446285235",326,215,38,11,0,11,68,20.9,40,12.3,"2.16","0.66","0.39","-0.39","91.4",149,38.604651162790695,6.511627906976744,4.294478527607362,5.78,-1.85,-0.04,2.33,0.316,14,"-0.250937951",0.335,0.373,"0.250937951",-0.024,-0.019000000000000017,-0.004,-0.01,17.5,"38.1",5.688846072948956,-0.14614102915696375,33.492799623251635,0.43040293040293043,35.94538099996262,37.13298003593082
1384,663886,"Stephenson, Tyler",1904,72.7,0.254,0.178,0.325,0.432,0.326,0.329,0.243,80,315,90.8,16.8,2339,90.4,90.72,186,632,752,0.29999999999999716,6.52,107,151,122,146,305,325,292,"-0.961","0.961","68.6","7.3","3.626382894",351,219,50,17,0,13,101,28.8,28,8,"2.26","0.57","0.28","0.28","91.9",168,47.44186046511628,13.488372093023257,8.262108262108262,5.7,-1.87,0.24,2.25,0.316,29,"0.069436416",0.31,0.452,"-0.069436416",0.011,0.006000000000000005,-0.02,-0.003,29.4,"36.9",12.017626171023604,1.0171724867676164,37.595377875826294,0.5115131578947368,37.80571628523333,29.930393020752323
1383,681297,"Cowser, Colton",1678,82.4,0.24,0.163,0.311,0.403,0.328,0.34,0.239,68,283,88.4,12.8,2164,89.2,89.5,197,617,766,0.29999999999999716,6.48,116,145,113,151,295,327,303,"0.696","-0.696","72.1","7.4","3.828379186",326,192,46,10,0,12,93,28.5,40,12.3,"2.46","0.44","0.4","-0.4","92.0",159,43.75,10.416666666666668,6.134969325153374,5.7,-1.93,-0.16,2.22,0.334,20,"-0.05032538",0.333,0.444,"0.05032538",0.001,0.0010000000000000009,-0.041,-0.012,31.9,"37.1",14.187258873077738,-2.900556545056417,38.28851619283168,0.39473684210526316,37.78646992109249,36.865328902593305
1371,641355,"Bellinger, Cody",2102,65.2,0.259,0.174,0.282,0.432,0.34,0.35,0.272,82,317,89.8,17,2228,90.4,90.68,141,641,730,0.29999999999999716,6.48,116,146,121,152,293,326,297,"-8.792","8.792","68.2","7.8","2.397050141",362,260,53,15,2,12,60,16.6,42,11.6,"2.21","0.61","0.45","-0.45","91.6",166,40.856031128404666,8.171206225680933,5.801104972375691,5.75,-1.85,-0.16,2.39,0.343,21,"0.641283735",0.358,0.431,"-0.641283735",-0.013,-0.014999999999999958,0.001,-0.01,22,"38.9",12.931842709198374,1.1948650616601242,34.494840543634396,0.5718799368088467,31.397050304313513,28.265043804893818
1370,665926,"Giménez, Andrés",1878,72.9,0.248,0.118,0.295,0.366,0.289,0.278,0.241,82,331,86.7,15,2256,90,90.16,196,786,584,0.20000000000000284,6.43,115,146,105,151,285,320,298,"11.21","-11.21","65.9","6.8","2.524824542",360,264,56,19,1,6,72,20,14,3.9,"2.31","0.55","0.35","-0.35","90.3",149,26.89393939393939,3.787878787878788,2.7777777777777777,5.69,-1.79,-0.06,2.27,0.294,10,"-0.818248175",0.289,0.334,"0.818248175",0.007,0.0050000000000000044,0.032,0.011,24.9,"37.1",8.537794521946402,1.677057260119833,32.64045335431751,0.46825396825396826,37.706082097851905,28.522690825668825
1368,695506,"Caglianone, Jac",1976,69.2,0.304,0.215,0.375,0.519,0.379,0.387,0.305,106,349,94.9,8.9,2236,89,89.29,211,736,632,0.29999999999999716,6.44,116,146,127,151,300,333,306,"-24.209","24.209","76.0","7.8","2.504987434",383,256,65,23,2,16,94,24.5,31,8.1,"2.47","0.46","0.33","-0.33","94.3",150,58.984375,15.625,10.443864229765012,5.7,-1.91,0.02,2.15,0.363,40,"1.769663743",0.359,0.543,"-1.769663743",-0.001,0.0040000000000000036,-0.024,-0.008,28.7,"38.1",8.951931541052005,-0.7336266841614778,30.346167122413824,0.41939890710382516,39.1847205851951,29.62893570875089
1365,683083,"Nuñez, Nasim",1972,69.2,0.201,0.027,0.265,0.228,0.236,0.258,0.216,59,294,84,8.6,2272,90.9,91.26,148,649,716,0.3999999999999915,6.44,111,145,99,148,284,314,299,"21.147","-21.147","64.5","6.5","2.048414675",327,223,54,2,3,0,73,22.3,30,9.2,"2.13","0.66","0.41","-0.41","89.7",148,21.62162162162162,0.9009009009009009,0.6116207951070336,5.73,-1.89,-0.06,2.3,0.275,2,"-1.549230769",0.292,0.269,"1.549230769",-0.015,-0.01699999999999996,-0.041,-0.022,22.8,"36.6",4.365392382358611,5.243179723444436,33.93463643629755,0.4142194744976816,37.17484654082303,27.84136599560904
1364,630105,"Cronenworth, Jake",1744,78.2,0.221,0.107,0.289,0.329,0.29,0.286,0.218,64,289,88.4,12,2268,90.8,90.98,141,611,753,0.20000000000000284,6.45,118,148,110,152,291,324,302,"6.59","-6.59","69.4","7.0","3.018001568",326,207,46,11,1,6,82,25.2,34,10.4,"2.18","0.62","0.48","-0.48","91.2",154,34.46601941747573,5.339805825242718,3.374233128834356,5.6,-1.91,-0.06,2.33,0.31,11,"-0.48313783",0.307,0.325,"0.48313783",0.003,0.0030000000000000027,0.004,0.004,23.1,"34.6",6.589331295021673,-0.32366837778999125,30.115183964055273,0.3712784588441331,37.666663286418895,30.205070640595213
1361,665161,"Peña, Jeremy",1776,76.6,0.281,0.228,0.323,0.509,0.359,0.325,0.268,96,342,87.9,14.5,2322,90.1,90.26,244,760,601,0.20000000000000284,6.44,109,152,119,147,298,326,291,"-12.393","12.393","70.7","7.4","4.816921245",370,255,60,14,2,20,90,24.3,18,4.9,"2.35","0.5","0.27","0.27","91.8",140,38.03921568627451,7.8431372549019605,5.405405405405405,5.77,-1.98,0.25,2.15,0.327,20,"0.910580456",0.317,0.429,"-0.910580456",0.013,0.010000000000000009,0.08,0.034,32.1,"37.1",12.075254014737794,-7.11919213273404,30.829250657592805,0.5898801597869507,37.015651057733315,31.518152002581914
1356,681715,"Hernández, Heriberto",2012,67.4,0.228,0.191,0.286,0.419,0.323,0.322,0.225,69,303,90.6,12.4,2310,90.5,90.67,206,614,742,0.20000000000000284,6.45,109,151,122,147,304,325,293,"-1.964","1.964","72.0","7.6","3.460906335",341,204,42,11,1,15,99,29,36,10.6,"2.24","0.59","0.38","0.38","92.6",154,48.275862068965516,10.83743842364532,6.451612903225806,5.66,-1.83,0.22,2.17,0.314,22,"0.144837758",0.312,0.422,"-0.144837758",0.003,0.0020000000000000018,-0.003,0.001,33.6,"37.1",12.900747417872322,-1.3084510272824095,26.383352433697432,0.6799336650082919,38.019763046353596,32.98181373848308
1352,592663,"Realmuto, J.T.",1854,72.9,0.207,0.142,0.246,0.35,0.279,0.315,0.249,64,309,88.8,8.7,2282,90.6,90.97,161,637,715,0.4000000000000057,6.49,107,151,122,146,302,324,290,"10.722","-10.722","71.4","7.4","2.961266134",343,233,38,17,0,9,79,23,25,7.3,"2.21","0.6","0.32","0.32","92.1",155,40.94827586206897,6.896551724137931,4.664723032069971,5.8,-1.87,0.21,2.27,0.277,16,"-0.793047337",0.317,0.398,"0.793047337",-0.042,-0.03999999999999998,-0.048,-0.036,25.3,"38.4",11.941300264906499,-0.6450731479080543,32.58791928543879,0.5264026402640264,37.22594611074754,29.080356587880615
1350,687551,"Gilbert, Drew",1567,86.2,0.259,0.181,0.281,0.44,0.347,0.356,0.277,76,293,87.6,13.3,2259,90.2,90.57,117,553,797,0.3999999999999915,6.42,117,146,106,151,292,322,298,"-7.903","7.903","68.0","7.4","2.92609358",340,242,48,14,3,11,54,15.9,36,10.6,"2.24","0.63","0.39","-0.39","91.4",152,40,6.666666666666667,4.705882352941177,5.79,-1.87,-0.1,2.23,0.353,16,"0.585407407",0.368,0.436,"-0.585407407",-0.018,-0.015000000000000013,0.004,-0.009,21.2,"38.9",3.757779954278942,-1.7773586017087069,28.590378496731812,0.3834862385321101,38.490871266368394,26.678869987534956
1349,805999,"Ewing, A.J.",1932,69.8,0.255,0.131,0.324,0.385,0.314,0.326,0.264,80,314,89.9,11.1,2238,90.3,90.51,150,634,715,0.20000000000000284,6.45,117,147,107,151,291,323,303,"0.665","-0.665","68.3","6.4","3.00127076",349,228,57,14,0,9,88,25.2,32,9.2,"2.3","0.54","0.44","-0.44","91.3",155,41.66666666666667,7.017543859649122,4.584527220630372,5.72,-1.84,-0.19,2.19,0.324,16,"-0.049295775",0.332,0.408,"0.049295775",-0.009,-0.008000000000000007,-0.023,-0.012,23.7,"36.9",8.003266835146984,-0.31538494100474695,37.17540412020207,0.36774193548387096,32.33616446372509,32.04124514211526
1348,664983,"McCarthy, Jake",1959,68.8,0.271,0.184,0.302,0.455,0.329,0.316,0.269,99,365,86.2,14.5,2306,89.8,90.42,158,746,602,0.6000000000000085,6.48,113,146,99,151,292,328,304,"-1.636","1.636","68.4","7.0","2.832019705",395,302,59,24,5,11,68,17.2,22,5.6,"2.38","0.48","0.27","-0.27","91.0",151,30.79470198675497,5.629139072847682,4.30379746835443,5.67,-1.95,-0.05,2.25,0.312,17,"0.121364985",0.312,0.408,"-0.121364985",0.002,0,0.047,0.013,21.2,"36.6",8.0413107710397,-2.2293257048556754,33.12926966891005,0.48435374149659866,39.362540691796966,28.24657921482213
1346,621020,"Swanson, Dansby",1893,71.1,0.202,0.172,0.221,0.374,0.302,0.314,0.222,61,302,88.7,15.8,2334,89,89.3,183,630,716,0.29999999999999716,6.44,107,151,118,146,302,324,294,"1.627","-1.627","69.3","7.6","3.476632368",347,230,36,11,1,13,73,21,42,12.1,"2.5","0.45","0.15","0.15","91.6",143,40.174672489082965,7.423580786026202,4.899135446685879,5.67,-1.83,0.31,2.13,0.303,17,"-0.120876672",0.321,0.386,"0.120876672",-0.02,-0.018000000000000016,-0.012,-0.012,29,"36.4",14.913622352040079,-4.32502624209759,34.79897431500598,0.5329052969502408,36.803158462834396,33.903704931174765
1342,606192,"Hernández, Teoscar",1951,68.8,0.252,0.135,0.342,0.387,0.307,0.306,0.236,78,310,89.8,13.8,2321,90.5,90.79,209,640,702,0.29999999999999716,6.41,108,152,123,147,305,325,295,"2.276","-2.276","70.6","7.7","3.471773405",338,211,55,13,1,9,101,29.9,23,6.8,"2.25","0.57","0.33","0.33","92.1",157,45.497630331753555,9.47867298578199,5.9171597633136095,5.71,-1.94,0.22,2.19,0.308,20,"-0.169597615",0.295,0.401,"0.169597615",0.016,0.013000000000000012,-0.014,0.001,32.7,"36.7",10.162902930110782,1.6960650573676765,33.00257475654112,0.5263157894736842,38.83484674950548,29.487849743704157
1339,596019,"Lindor, Francisco",1974,67.8,0.239,0.214,0.269,0.454,0.34,0.337,0.239,67,280,92.2,20,2267,89.9,90.12,169,624,715,0.19999999999998863,6.47,119,147,116,152,294,326,302,"-3.928","3.928","71.1","7.5","2.389119965",315,208,40,9,3,15,72,22.9,30,9.5,"2.29","0.58","0.34","-0.34","92.5",163,52.65700483091788,10.144927536231885,6.666666666666667,5.73,-1.83,-0.14,2.28,0.324,21,"0.293353249",0.324,0.447,"-0.293353249",0,0,0.007,0.003,27.1,"37.9",13.81357621986953,-3.4561357342473626,34.527464761962115,0.5089430894308943,34.97593418848224,30.961140224472267
1316,605141,"Betts, Mookie",1961,67.1,0.261,0.196,0.263,0.457,0.342,0.328,0.271,85,326,89.7,16.8,2358,91,91.28,81,551,765,0.29999999999999716,6.44,107,151,122,146,302,322,294,"-7.326","7.326","67.0","6.9","4.347925992",358,281,51,19,0,15,45,12.6,30,8.4,"2.2","0.58","0.31","0.31","92.0",178,37.72241992882562,6.761565836298933,5.307262569832402,5.69,-2.03,0.22,2.25,0.327,19,"0.55668693",0.336,0.41,"-0.55668693",-0.01,-0.009000000000000008,0.047,0.014,14.7,"36.0",7.831629802770936,-5.304256826140415,32.88386472261336,0.5665399239543726,38.6890008899908,32.84731216907191
1315,805811,"Eldridge, Bryce",1881,69.9,0.258,0.185,0.326,0.442,0.351,0.349,0.246,67,260,92.4,14.8,2242,88.9,89.2,155,571,744,0.29999999999999716,6.36,117,146,128,152,297,329,304,"-9.645","9.645","72.3","7.3","3.561640356",305,183,41,15,0,11,80,26.2,42,13.8,"2.49","0.45","0.26","-0.26","92.5",164,50.27322404371585,12.021857923497267,7.213114754098362,5.75,-1.95,-0.12,2.33,0.357,22,"0.733460076",0.347,0.452,"-0.733460076",0.012,0.010000000000000009,-0.01,0.002,27.1,"37.8",11.617858655641163,-2.29581089681364,37.690403983715,0.39752650176678445,35.89252028897592,27.510468890585585
1305,680700,"Palacios, Richie",1536,85,0.249,0.154,0.276,0.404,0.334,0.323,0.258,71,285,86.8,15,2245,89.5,89.51,126,599,706,0,6.39,117,146,103,150,286,321,298,"-6.967","6.967","67.3","7.2","3.118073982",330,231,48,12,1,10,56,17,40,12.1,"2.4","0.5","0.38","-0.38","91.3",155,32.89473684210527,4.824561403508771,3.3333333333333335,5.76,-1.88,-0.13,2.29,0.345,11,"0.533869732",0.355,0.361,"-0.533869732",-0.009,-0.010000000000000009,0.043,0.011,21,"37.6",6.6258937738515264,-4.64458470731333,26.87204952571941,0.48653198653198654,34.559799479055656,31.130576621853823
1288,802415,"Simpson, Chandler",1951,66,0.305,0.048,0.326,0.353,0.31,0.28,0.27,109,357,84.1,2.7,2232,90.5,90.64,63,598,690,0.09999999999999432,6.46,101,143,87,144,273,310,294,"5.733","-5.733","62.4","6.4","2.054821126",384,334,95,11,3,0,27,7,23,6,"2.12","0.71","0.51","-0.51","89.6",133,14.071856287425149,0,0,5.8,-1.82,-0.05,2.32,0.344,0,"-0.445108696",0.313,0.311,"0.445108696",0.035,0.030999999999999972,0.042,0.03,10.5,"38.3",2.300999626768349,4.214016715726303,29.204727480538857,0.3287904599659284,39.325288795684315,20.76796241510557
1280,656716,"McKinstry, Zach",1622,78.9,0.214,0.115,0.247,0.329,0.284,0.286,0.229,63,295,86,15.5,2223,89.7,90.05,105,620,660,0.3999999999999915,6.49,117,147,109,152,290,325,300,"6.408","-6.408","66.4","6.6","2.623999633",335,243,41,14,4,4,54,16.1,34,10.1,"2.38","0.53","0.4","-0.4","90.1",168,23.868312757201647,2.4691358024691357,1.791044776119403,5.62,-1.98,-0.11,2.31,0.301,6,"-0.500625",0.314,0.315,"0.500625",-0.015,-0.013000000000000012,0.014,-0.002,16.9,"35.7",7.267331002334151,1.1899158437066741,37.92233804493164,0.3862876254180602,33.63212953307697,27.207480711233313
1279,686681,"Massey, Michael",1643,77.8,0.266,0.153,0.286,0.419,0.31,0.321,0.268,87,327,90.3,15.9,2249,90.2,90.52,122,683,596,0.29999999999999716,6.45,115,145,104,151,294,326,302,"2.711","-2.711","70.4","7.0","2.469329869",349,279,57,20,0,10,53,15.2,17,4.9,"2.21","0.63","0.38","-0.38","91.7",173,41.57706093189964,6.451612903225806,5.157593123209169,5.68,-1.95,-0.07,2.28,0.298,18,"-0.211962471",0.303,0.435,"0.211962471",-0.002,-0.0050000000000000044,-0.016,-0.011,17.9,"37.0",14.517113072631009,0.2214012623072174,34.21579866322814,0.5792592592592593,38.002109692114715,29.356960348431716
1276,671218,"Ramos, Heliot",1746,73.1,0.228,0.145,0.296,0.373,0.286,0.301,0.234,69,303,90.9,4.9,2326,90.8,91.05,189,653,623,0.29999999999999716,6.43,107,151,122,147,304,325,291,"7.936","-7.936","71.0","6.7","2.876767615",327,212,45,13,2,9,93,28.4,17,5.2,"2.18","0.64","0.34","0.34","92.1",159,44.97607655502392,12.918660287081341,8.256880733944955,5.75,-1.77,0.15,2.31,0.278,27,"-0.621943574",0.285,0.405,"0.621943574",-0.006,-0.006999999999999951,-0.032,-0.015,28.9,"38.2",6.69396514170554,7.271817414820319,33.04531483742897,0.46967340590979784,37.42287282193647,25.532107466188755
1269,669127,"Langeliers, Shea",1782,71.2,0.238,0.182,0.276,0.419,0.316,0.335,0.249,72,303,90.6,20.3,2326,90,90.12,199,643,626,0.09999999999999432,6.42,105,151,123,145,304,327,298,"1.306","-1.306","73.9","7.2","4.347377582",333,224,45,13,0,14,80,24,25,7.5,"2.35","0.51","0.16","0.16","92.2",165,38.839285714285715,12.5,8.408408408408409,5.77,-1.84,0.34,2.17,0.303,28,"-0.102915682",0.312,0.467,"0.102915682",-0.011,-0.009000000000000008,-0.048,-0.019,30.9,"37.7",11.593586899337922,-1.6315163104413009,31.205355000197113,0.5844370860927153,40.8026758804471,34.567700792238846
1268,663968,"Mangum, Jake",1739,72.9,0.274,0.088,0.339,0.362,0.308,0.285,0.249,84,307,85.6,3.5,2281,90.6,90.9,161,725,543,0.30000000000001137,6.41,111,146,100,148,286,315,298,"1.055","-1.055","65.2","6.5","1.621102041",334,242,65,14,2,3,66,19.8,19,5.7,"2.22","0.61","0.41","-0.41","90.3",148,30.125523012552303,1.6736401673640167,1.1976047904191618,5.66,-1.84,0.03,2.29,0.329,4,"-0.083201893",0.306,0.332,"0.083201893",0.025,0.02300000000000002,0.03,0.023,22.2,"36.2",3.8018903098907955,13.550038374729588,32.52571231698364,0.33703190013869627,36.70286171258353,18.622305981059593
1263,676391,"Clement, Ernie",1916,65.9,0.264,0.103,0.28,0.368,0.286,0.253,0.239,105,397,84,16.2,2340,90,90.2,109,712,551,0.20000000000000284,6.46,107,151,111,146,296,319,288,"10.981","-10.981","64.8","7.1","3.571407376",417,362,74,26,0,5,40,9.6,14,3.4,"2.36","0.5","0.24","0.24","90.2",151,20.165745856353592,1.6574585635359116,1.4388489208633095,5.68,-1.86,0.29,2.24,0.288,6,"-0.869437846",0.265,0.311,"0.869437846",0.025,0.022999999999999965,0.057,0.033,15.3,"36.2",11.867209014142132,-4.853005781293708,29.411952264114706,0.6,36.70103816831096,32.79223793451083
1260,650489,"Castro, Willi",1899,66.4,0.256,0.174,0.33,0.43,0.342,0.349,0.256,69,270,90.1,17.6,2243,90.7,91.23,202,641,619,0.5,6.46,115,146,109,151,295,328,304,"-3.561","3.561","70.2","7.1","2.628213933",310,187,44,14,0,11,85,27.4,34,11,"2.24","0.55","0.41","-0.41","92.2",178,47.05882352941176,10.16042780748663,6.129032258064516,5.65,-1.93,-0.23,2.33,0.345,19,"0.282619048",0.346,0.454,"-0.282619048",0,-0.0010000000000000009,-0.024,-0.007,31.5,"35.4",10.14405556368668,-1.848955260819694,39.34565899854185,0.47191011235955055,32.1699315431489,30.093006798166073
1255,694384,"Schanuel, Nolan",1678,74.8,0.294,0.115,0.322,0.409,0.347,0.353,0.301,84,286,88.9,14.1,2224,90.4,90.52,99,568,687,0.09999999999999432,6.44,116,146,117,151,290,320,300,"-7.506","7.506","66.2","6.7","3.164679625",326,250,61,18,0,5,39,12,34,10.4,"2.25","0.58","0.39","-0.39","91.1",158,36,2.4,1.8404907975460123,5.73,-1.85,-0.18,2.28,0.371,6,"0.598087649",0.38,0.415,"-0.598087649",-0.007,-0.009000000000000008,-0.006,-0.006,17.4,"37.6",6.63329481549791,-2.3412474563330803,35.393119622680736,0.4732965009208103,34.38390402604684,32.91348025534058
1251,665742,"Soto, Juan",1929,64.9,0.277,0.289,0.254,0.566,0.411,0.443,0.307,69,249,93.9,16.5,2258,89.8,89.9,91,471,780,0.10000000000000853,6.42,118,147,126,152,297,330,305,"-25.737","25.737","70.2","7.0","2.903891826",312,210,39,9,0,21,41,13.1,61,19.6,"2.42","0.46","0.39","-0.39","93.5",162,50.480769230769226,16.346153846153847,10.897435897435898,5.77,-1.77,-0.07,2.13,0.417,34,"2.057314149",0.419,0.633,"-2.057314149",-0.03,-0.0020000000000000018,-0.067,-0.032,19.3,"37.4",12.128770743869183,2.1447164624953343,28.077658755027215,0.6483516483516484,37.8995776921852,24.717885374882425
1241,666139,"Lowe, Josh",1465,84.7,0.206,0.175,0.255,0.381,0.29,0.304,0.221,53,257,90.2,19.2,2190,90.4,90.46,223,692,549,0.09999999999999432,6.41,115,146,111,151,294,324,302,"7.69","-7.69","72.1","7.4","2.016204768",284,173,32,9,0,12,85,29.9,23,8.1,"2.23","0.62","0.47","-0.47","91.0",174,41.040462427745666,10.404624277456648,6.338028169014084,5.67,-1.94,-0.11,2.39,0.278,18,"-0.619661563",0.29,0.406,"0.619661563",-0.015,-0.011999999999999955,-0.025,-0.014,32.2,"35.1",10.752313877665806,-1.5286402150899363,37.92587037753712,0.420899854862119,38.62196915187179,30.513496693483084
1241,691720,"Karros, Kyle",1907,65.1,0.236,0.15,0.282,0.386,0.323,0.325,0.238,63,267,90,10.9,2380,90,90.59,129,525,716,0.5999999999999943,6.48,107,151,121,147,307,330,296,"0.551","-0.551","67.9","6.9","5.710620251",312,203,42,10,3,8,67,21.5,38,12.2,"2.36","0.49","0.16","0.16","91.9",150,40.5940594059406,7.425742574257425,4.807692307692308,5.61,-2,0.32,2.19,0.337,15,"-0.044399678",0.343,0.376,"0.044399678",-0.002,-0.006000000000000005,0.01,-0.002,24.6,"35.2",6.965069951518171,-6.49464497196045,37.91260784028687,0.426,36.3104755136663,27.22860199858552
1238,687859,"Johnston, Troy",1637,75.6,0.299,0.12,0.371,0.419,0.355,0.343,0.289,87,291,89.6,12.3,2251,90,90.62,156,633,605,0.5999999999999943,6.47,114,146,110,151,297,331,305,"-8.095","8.095","68.6","6.6","2.298983841",334,231,57,27,1,2,63,18.9,32,9.6,"2.31","0.55","0.37","-0.37","91.2",170,36.95652173913043,1.7391304347826086,1.1976047904191618,5.68,-1.95,-0.11,2.36,0.38,4,"0.653877221",0.373,0.394,"-0.653877221",0.01,0.007000000000000006,0.025,0.012,24.6,"36.6",9.27484884422052,0.6617343956325252,34.30374868813631,0.4006514657980456,35.057235681816906,32.41587551193705
1233,680869,"Gelof, Zack",1696,72.7,0.24,0.206,0.283,0.446,0.33,0.321,0.233,69,287,89,14.8,2278,90.6,90.76,164,560,673,0.20000000000000284,6.4,107,151,116,145,300,326,294,"-6.17","6.17","71.9","7.2","2.543912752",316,206,41,12,1,15,81,25.6,23,7.3,"2.3","0.53","0.33","0.33","91.9",154,43.13725490196079,10.294117647058822,6.645569620253164,5.76,-1.83,0.11,2.2,0.31,21,"0.500405515",0.304,0.433,"-0.500405515",0.007,0.006000000000000005,0.013,0.009,29.3,"37.7",13.685134595426934,1.6345032807047826,31.823281614023774,0.6146435452793835,39.53544991146822,26.301805014403804
1231,694671,"Langford, Wyatt",1888,65.2,0.246,0.199,0.281,0.446,0.346,0.324,0.24,68,276,88.6,22.1,2276,90.6,90.87,143,567,664,0.30000000000001137,6.51,107,152,122,146,304,327,294,"-7.962","7.962","70.8","6.8","3.684241304",316,209,40,14,1,13,67,21.2,37,11.7,"2.21","0.61","0.33","0.33","92.0",165,36.36363636363637,7.655502392344498,5.063291139240507,5.68,-1.74,0.28,2.28,0.342,16,"0.646791227",0.334,0.397,"-0.646791227",0.006,0.008000000000000007,0.049,0.022,25.2,"36.9",12.327703921300326,-4.54268695963269,30.57373455234232,0.5295169946332737,35.81070741566136,32.46527766391065
1230,641857,"McMahon, Ryan",1487,82.7,0.219,0.167,0.276,0.385,0.292,0.296,0.228,59,270,90.7,14.6,2279,89.6,89.8,173,563,667,0.20000000000000284,6.44,118,146,114,151,293,326,299,"5.547","-5.547","72.4","7.2","3.5305744",294,185,36,12,0,11,86,29.3,23,7.8,"2.37","0.53","0.31","-0.31","92.3",161,46.19565217391305,10.326086956521738,6.462585034013606,5.69,-1.85,-0.03,2.29,0.279,19,"-0.45097561",0.288,0.388,"0.45097561",-0.009,-0.008999999999999952,-0.003,-0.004,30.7,"37.7",10.133451510307154,2.1036664629115536,36.669119243911005,0.45796064400715564,38.591759346192,25.05942307270454
1226,682626,"Alvarez, Francisco",1749,70.1,0.243,0.191,0.311,0.434,0.328,0.322,0.23,65,267,90.6,11.2,2335,90.2,90.43,191,557,669,0.20000000000000284,6.46,107,151,123,147,303,327,295,"1.039","-1.039","72.5","7.3","3.083547474",300,180,40,12,0,13,89,29.7,26,8.7,"2.29","0.55","0.29","0.29","92.7",153,48.06629834254144,15.469613259668508,9.333333333333334,5.67,-1.85,0.25,2.17,0.315,28,"-0.084747145",0.304,0.433,"0.084747145",0.013,0.01100000000000001,0.001,0.006,34.3,"36.2",10.346836130339366,0.03020414249924927,28.709086251100164,0.6007259528130672,36.86118544293459,26.79740181184097
1226,666152,"Hamilton, David",1542,79.5,0.223,0.104,0.286,0.327,0.283,0.291,0.231,56,251,87.6,14,2261,89.6,89.89,117,542,684,0.30000000000001137,6.46,111,145,95,149,285,318,297,"8.722","-8.722","65.0","6.8","2.64657543",280,188,39,11,3,3,63,22.5,28,10,"2.37","0.54","0.35","-0.35","90.4",161,35.1063829787234,4.25531914893617,2.857142857142857,5.66,-1.88,0.01,2.23,0.301,8,"-0.71141925",0.309,0.339,"0.71141925",-0.008,-0.008000000000000007,-0.012,-0.008,21.6,"36.2",3.9188521722806966,-3.106415756242721,33.0546058437431,0.3764478764478765,37.370176156446874,27.129008239846534
1218,660670,"Acuña Jr., Ronald",1875,65,0.268,0.201,0.299,0.468,0.355,0.376,0.273,76,284,90.5,16.2,2330,91.1,91.5,185,621,597,0.4000000000000057,6.52,108,152,123,147,312,329,298,"-12.579","12.579","73.1","7.5","2.312963646",324,219,49,12,0,15,68,21,33,10.2,"2.08","0.7","0.37","0.37","92.5",160,47.03196347031963,13.24200913242009,8.950617283950617,5.78,-1.84,0.22,2.31,0.349,29,"1.032758621",0.354,0.516,"-1.032758621",-0.005,-0.0050000000000000044,-0.048,-0.021,29.8,"38.0",10.789417483258687,5.036031548325247,36.547256545471186,0.5309446254071661,35.18107251357737,29.798802524819603
1214,624424,"Conforto, Michael",1264,96,0.235,0.212,0.277,0.446,0.334,0.325,0.233,61,260,89.9,17.2,2233,89.2,89.42,145,546,668,0.20000000000000284,6.39,117,146,121,152,294,325,302,"-4.972","4.972","70.6","7.2","3.428388735",302,186,32,16,0,13,78,25.8,34,11.3,"2.48","0.51","0.34","-0.34","92.0",163,41.62162162162162,10.81081081081081,6.622516556291391,5.71,-1.84,-0.05,2.27,0.328,20,"0.409555189",0.321,0.422,"-0.409555189",0.002,0.007000000000000006,0.024,0.009,26.6,"36.9",11.496120533376468,-3.9310806175143354,30.945415287363012,0.516504854368932,37.85187314353191,30.69701902266853
1212,691723,"Mayo, Coby",1880,64.5,0.177,0.147,0.241,0.323,0.252,0.278,0.201,47,266,90.6,18.6,2340,89,89.03,173,563,649,0,6.42,108,152,123,146,303,325,293,"12.282","-12.282","73.3","7.2","5.927723497",291,170,27,9,3,8,97,33.3,21,7.2,"2.46","0.46","0.09","0.09","93.2",161,45.294117647058826,7.647058823529412,4.4673539518900345,5.74,-1.91,0.35,2.23,0.244,13,"-1.013366337",0.268,0.363,"1.013366337",-0.024,-0.02400000000000002,-0.04,-0.026,30.7,"38.1",12.661914421297059,-15.154201008051333,38.07396891954554,0.4923954372623574,35.91143442754824,36.651087703964215
1209,656811,"O'Hearn, Ryan",1738,69.6,0.288,0.194,0.33,0.482,0.364,0.329,0.256,80,278,89.6,15.7,2317,90,90.21,129,569,640,0.20000000000000284,6.39,117,147,124,152,297,323,301,"-11.205","11.205","69.5","7.1","2.339206425",311,214,54,12,0,14,66,21.2,27,8.7,"2.36","0.5","0.32","-0.32","91.8",162,43.45794392523364,7.943925233644859,5.466237942122187,5.74,-1.79,-0.02,2.21,0.357,17,"0.926799007",0.328,0.418,"-0.926799007",0.032,0.02899999999999997,0.064,0.035,22.7,"38.2",11.745577330599732,0.0754059116651784,32.09604843728519,0.43189964157706096,39.29844078554937,26.96658038154347
1209,666160,"Moniak, Mickey",1516,79.7,0.251,0.263,0.279,0.514,0.342,0.301,0.23,80,319,90.7,21,2255,89.1,89.64,213,726,483,0.5,6.43,116,146,113,151,298,331,304,"-11.426","11.426","73.1","7.8","3.010953828",345,235,40,16,4,20,89,25.8,20,5.8,"2.49","0.41","0.27","-0.27","92.3",166,43.40425531914894,10.212765957446807,6.956521739130435,5.67,-1.97,-0.07,2.22,0.293,24,"0.945078577",0.275,0.43,"-0.945078577",0.021,0.01799999999999996,0.084,0.041,29.3,"36.7",13.684406796226453,-6.355732434508241,33.84139980082959,0.4888268156424581,38.66713560400388,29.785312093644674
1208,665750,"Taveras, Leody",1883,64.2,0.225,0.178,0.278,0.402,0.306,0.289,0.219,62,276,88.7,18.7,2225,90,90.25,146,585,623,0.29999999999999716,6.45,116,146,104,151,292,324,301,"1.451","-1.451","70.6","7.5","2.68643063",306,205,33,16,6,7,72,23.5,28,9.2,"2.31","0.55","0.38","-0.38","91.3",165,38.23529411764706,5.392156862745098,3.594771241830065,5.71,-1.91,-0.15,2.28,0.297,11,"-0.120115894",0.294,0.354,"0.120115894",0.006,0.0030000000000000027,0.048,0.017,25,"37.0",8.217189761064004,-8.629787434663239,33.858814235998715,0.4421416234887737,35.80350216357819,32.5684652452389
1205,678662,"Tovar, Ezequiel",1884,64,0.229,0.137,0.271,0.366,0.275,0.291,0.242,70,306,87.2,16.6,2346,89.8,90.42,218,743,462,0.6000000000000085,6.49,106,151,114,147,308,330,295,"15.237","-15.237","69.8","7.4","3.906400982",331,234,46,15,0,9,79,23.9,17,5.1,"2.33","0.56","0.19","0.19","91.0",162,34.763948497854074,6.437768240343347,4.531722054380665,5.66,-1.88,0.34,2.24,0.266,15,"-1.264481328",0.28,0.391,"1.264481328",-0.013,-0.014000000000000012,-0.025,-0.016,29.3,"36.6",9.51804931794392,-1.4364461803292337,35.0722940646385,0.4805013927576602,35.48954818463916,29.230054435428965
1205,687637,"Beavers, Dylan",1507,80,0.231,0.169,0.297,0.4,0.316,0.315,0.231,60,260,89.2,20.1,2239,89.5,89.64,128,512,693,0.09999999999999432,6.43,116,146,112,152,295,324,298,"-1.563","1.563","70.8","7.3","2.775057306",292,181,34,17,0,9,79,27.1,30,10.3,"2.32","0.59","0.37","-0.37","91.7",177,42.77777777777778,10,6.164383561643835,5.7,-1.97,-0.15,2.34,0.315,18,"0.129709544",0.313,0.403,"-0.129709544",0,0.0020000000000000018,-0.003,0.001,25,"37.1",9.53671385620701,-4.273952477344809,39.294615715239864,0.46653543307086615,34.803388985731864,32.57539047890942
1203,676609,"Caballero, José",1856,64.8,0.227,0.144,0.255,0.371,0.294,0.285,0.225,60,264,84,13,2303,90.1,90.44,162,603,600,0.30000000000001137,6.53,104,150,104,145,297,320,286,"4.053","-4.053","65.1","6.6","2.791446287",294,206,42,8,0,10,62,21.1,20,6.8,"2.28","0.61","0.28","0.28","90.3",146,27.669902912621357,4.854368932038835,3.4013605442176873,5.73,-1.74,0.3,2.17,0.293,10,"-0.336907731",0.294,0.341,"0.336907731",0.002,-0.0010000000000000009,0.03,0.009,26.9,"39.0",8.438580749972001,-0.2540906618209085,31.151447081181924,0.5267558528428093,33.86664097765439,32.7812804103656
1198,650402,"Torres, Gleyber",1785,67.1,0.268,0.092,0.318,0.36,0.317,0.3,0.249,70,261,85.8,8.1,2324,90.2,90.57,125,546,652,0.3999999999999915,6.49,108,151,122,147,303,324,288,"2.381","-2.381","66.4","7.0","2.133929902",292,207,58,6,0,6,55,18.8,29,9.9,"2.26","0.58","0.27","0.27","90.4",164,29.951690821256037,3.864734299516908,2.73972602739726,5.68,-1.82,0.23,2.32,0.342,8,"-0.198747913",0.326,0.341,"0.198747913",0.019,0.016000000000000014,0.019,0.017,22.9,"37.7",8.176239184200886,7.965381894288641,34.06518636912545,0.5340699815837937,36.37634584444766,28.025810282999547
1196,703607,"Bolte, Henry",1770,67.6,0.279,0.095,0.377,0.375,0.333,0.307,0.24,79,283,90,-1.3,2277,91.2,91.3,193,606,590,0.09999999999999432,6.39,109,150,115,147,305,325,289,"-2.935","2.935","75.0","7.5","2.7748562",324,203,62,11,2,4,82,25.3,29,9,"2.2","0.59","0.43","0.43","93.0",118,46.53465346534654,5.445544554455446,3.3950617283950617,5.79,-1.8,0.16,2.19,0.364,11,"0.245401338",0.33,0.346,"-0.245401338",0.039,0.033999999999999975,0.029,0.026,31.8,"38.1",5.77872235329585,6.303080398792431,32.69798829500079,0.41551724137931034,35.65517646107379,25.357197727085683
1193,691016,"Soderstrom, Tyler",1753,68.1,0.262,0.228,0.289,0.49,0.369,0.344,0.26,69,263,90.3,11.1,2192,89.8,89.96,108,532,661,0.20000000000000284,6.4,117,147,120,152,296,327,305,"-13.207","13.207","73.0","7.5","3.094784965",308,214,31,26,2,10,50,16.2,42,13.6,"2.42","0.45","0.49","-0.49","92.4",152,43.1924882629108,9.389671361502346,6.493506493506493,5.71,-1.92,-0.06,2.17,0.367,20,"1.107041073",0.355,0.424,"-1.107041073",0.002,0.01200000000000001,0.066,0.025,20.3,"36.3",9.58492460933887,0.13065778028325037,28.64032713724567,0.5060728744939271,39.26965182194443,27.953884087853158
1190,700932,"Manzardo, Kyle",1460,81.5,0.215,0.187,0.288,0.402,0.309,0.3,0.214,54,251,90.8,20.7,2259,90,90.14,163,554,636,0.09999999999999432,6.46,116,146,119,151,292,322,299,"3.021","-3.021","68.3","7.3","2.642421301",282,158,32,9,1,12,94,33.3,26,9.2,"2.3","0.58","0.35","-0.35","91.5",176,44.936708860759495,13.291139240506327,7.446808510638298,5.71,-1.83,-0.07,2.28,0.298,21,"-0.253865546",0.297,0.381,"0.253865546",0.001,0.0010000000000000009,0.021,0.009,29.4,"36.8",17.20159656956522,1.8423330516744272,37.52746237841657,0.477859778597786,39.62572984990335,33.69212325548597
1189,701762,"Kurtz, Nick",1884,63.1,0.265,0.274,0.353,0.54,0.412,0.424,0.274,57,215,95.4,12,2174,90.4,90.47,179,500,689,0.09999999999999432,6.37,118,147,130,152,302,331,307,"-25.041","25.041","76.5","7.7","3.034770174",276,134,29,12,1,15,81,29.3,60,21.7,"2.29","0.54","0.51","-0.51","94.0",175,64.92537313432835,22.388059701492537,10.869565217391305,5.77,-1.87,-0.05,2.32,0.428,30,"2.106055509",0.418,0.572,"-2.106055509",-0.009,0.010000000000000009,-0.032,-0.012,35.8,"36.4",11.684029386395595,6.399518349915401,37.96226612922814,0.49148936170212765,37.70030853303045,22.596284877474922
1182,683357,"Caissie, Owen",1364,86.7,0.214,0.214,0.284,0.429,0.308,0.314,0.214,54,252,91.6,17.6,2247,89,89.06,197,558,624,0.09999999999999432,6.39,117,146,118,151,294,323,302,"2.706","-2.706","73.1","7.0","3.549410037",287,155,28,12,0,14,104,36.2,25,8.7,"2.43","0.51","0.39","-0.39","92.2",166,47.096774193548384,15.483870967741936,8.362369337979095,5.62,-1.97,-0.09,2.26,0.286,24,"-0.22893401",0.291,0.432,"0.22893401",0,-0.0050000000000000044,-0.003,-0.006,35.3,"35.8",10.953926906349365,-1.4470790040015344,36.3049833781295,0.3669064748201439,36.39552941873726,33.03586478090424
1181,669224,"Wells, Austin",1591,74.2,0.207,0.157,0.247,0.364,0.309,0.327,0.226,50,242,89.7,19.7,2223,89.4,89.51,147,536,645,0.09999999999999432,6.4,117,145,116,151,293,326,297,"-0.039","0.039","71.5","7.5","3.145102918",286,169,34,5,0,11,74,25.9,40,14,"2.41","0.53","0.37","-0.37","92.4",173,44.97041420118343,8.875739644970414,5.244755244755245,5.74,-1.81,-0.18,2.21,0.325,15,"0.003302286",0.338,0.394,"-0.003302286",-0.019,-0.013000000000000012,-0.03,-0.018,27.4,"38.8",13.598056112781055,-4.97847472643355,32.626598898575466,0.5122873345935728,33.334078484758635,29.55803701040347
1180,673962,"Jung, Josh",1626,72.6,0.276,0.158,0.323,0.434,0.337,0.335,0.276,82,297,90.7,12.1,2309,90,90.34,114,584,596,0.29999999999999716,6.51,108,152,123,147,308,326,292,"-3.759","3.759","69.0","7.0","3.921793968",328,235,54,18,1,9,65,19.8,21,6.4,"2.32","0.54","0.28","0.28","92.0",154,48.08510638297872,6.808510638297872,4.878048780487805,5.68,-1.91,0.26,2.21,0.335,16,"0.318559322",0.338,0.426,"-0.318559322",0,-0.0030000000000000027,0.008,0.002,19.5,"36.7",12.237824891756244,0.8385884572146515,36.186062550757825,0.5598591549295775,33.504143743304105,31.114347241358885
1165,665833,"Cruz, Oneil",1749,66.6,0.255,0.238,0.331,0.494,0.372,0.37,0.246,61,239,93.8,6.7,2262,89.7,89.96,184,495,670,0.29999999999999716,6.45,120,146,126,151,300,326,303,"-15.134","15.134","76.5","7.5","3.219643456",280,152,36,9,0,16,87,31.1,38,13.6,"2.37","0.54","0.39","-0.39","93.7",152,53.64238410596026,17.218543046357617,9.285714285714286,5.69,-1.85,-0.1,2.31,0.364,26,"1.299055794",0.352,0.503,"-1.299055794",0.009,0.01200000000000001,-0.009,0.002,37.2,"37.7",7.069677907094918,-5.201363978800499,33.959585133084005,0.3524590163934426,36.05455214443126,34.10715747798909
1164,663457,"Nootbaar, Lars",1398,83.3,0.255,0.152,0.306,0.407,0.336,0.35,0.259,62,243,92.6,9.5,2235,90.5,90.72,82,446,718,0.20000000000000284,6.41,119,147,113,152,297,329,306,"-1.21","1.21","71.0","6.7","2.608598913",282,187,40,14,1,7,57,20.2,38,13.5,"2.28","0.53","0.45","-0.45","92.9",164,51.33689839572193,9.62566844919786,6.382978723404255,5.68,-1.96,-0.13,2.24,0.355,18,"0.10395189",0.352,0.448,"-0.10395189",-0.004,0.0030000000000000027,-0.041,-0.014,18.4,"36.2",7.726032683111509,0.9161029359534929,29.89127750303665,0.5181818181818182,38.043241536637105,31.274677807460165
1144,668715,"Steer, Spencer",1521,75.2,0.208,0.154,0.244,0.362,0.285,0.312,0.231,54,260,89,18,2345,90.6,90.92,132,508,636,0.30000000000001137,6.53,106,151,119,146,302,324,292,"7.912","-7.912","69.4","7.3","2.66407504",287,187,36,7,0,11,74,25.8,21,7.3,"2.23","0.59","0.35","0.35","91.8",162,39.20454545454545,11.363636363636363,6.968641114982578,5.63,-1.97,0.27,2.22,0.279,20,"-0.691608392",0.303,0.406,"0.691608392",-0.023,-0.023999999999999966,-0.044,-0.027,26,"36.2",12.947962997873532,0.2531330082465186,28.598835980455565,0.5871743486973948,35.30553140494625,29.741668847770136
1141,545121,"Vargas, Ildemaro",1716,66.5,0.206,0.094,0.223,0.301,0.251,0.275,0.245,59,286,87.6,9.7,2267,90.1,90.19,86,569,572,0.10000000000000853,6.35,116,146,107,152,290,323,300,"17.166","-17.166","67.4","7.2","4.062109513",309,254,42,10,4,3,33,10.7,20,6.5,"2.3","0.54","0.39","-0.39","91.5",130,35.43307086614173,1.574803149606299,1.2944983818770228,5.66,-2.06,-0.08,2.18,0.262,4,"-1.504469763",0.298,0.314,"1.504469763",-0.039,-0.035999999999999976,-0.013,-0.024,15.1,"35.6",4.895541317320631,-4.887890269040215,22.234037478633386,0.4756554307116105,35.21846354138077,24.853388849352047
1137,668939,"Rutschman, Adley",1700,66.9,0.252,0.209,0.278,0.462,0.342,0.332,0.249,59,234,89.6,14.8,2239,89.9,90.11,78,458,679,0.19999999999998863,6.44,115,145,124,151,289,324,299,"-8.317","8.317","69.2","6.8","2.620834575",267,189,29,20,1,9,49,18.4,27,10.1,"2.36","0.51","0.38","-0.38","91.7",166,41.17647058823529,8.55614973262032,5.992509363295881,5.65,-1.78,-0.22,2.21,0.33,16,"0.731486368",0.329,0.428,"-0.731486368",0.003,0.0010000000000000009,0.034,0.01,17,"36.0",8.486216850363462,-1.5211963712111418,32.272319907340346,0.4688888888888889,35.86453273684927,26.397383515292272
1134,691594,"Sanoja, Javier",1667,68,0.282,0.155,0.286,0.437,0.328,0.291,0.269,89,316,87,12.2,2344,90.3,90.3,65,595,539,0,6.35,107,150,108,147,300,316,286,"-7.308","7.308","67.4","7.3","2.500044895",335,294,58,20,4,7,23,6.9,18,5.4,"2.26","0.58","0.3","0.3","91.3",145,33.33333333333333,2.7210884353741496,2.3880597014925375,5.64,-1.87,0.26,2.12,0.319,8,"0.644444444",0.306,0.357,"-0.644444444",0.013,0.013000000000000012,0.08,0.037,10.9,"36.8",4.38292405478677,-6.199049690465779,22.150650455255764,0.4922813036020583,35.441118870329866,30.12026824321774
1125,678391,"Vivas, Jorbit",1318,85.4,0.238,0.094,0.274,0.332,0.301,0.293,0.234,63,265,83.9,13.9,2222,90.1,90.6,96,551,574,0.5,6.5,116,146,110,149,287,318,301,"4.126","-4.126","67.7","7.4","3.304039131",309,222,45,14,1,3,47,15.2,35,11.3,"2.28","0.56","0.4","-0.4","90.3",152,23.318385650224215,3.587443946188341,2.5889967637540456,5.75,-1.86,-0.07,2.33,0.331,8,"-0.366755556",0.328,0.315,"0.366755556",0.004,0.0030000000000000027,0.017,0.008,17.4,"37.0",5.192185631083453,-1.0953880114093968,32.123682487391825,0.40808823529411764,35.349976378913446,28.539078775774
1116,694208,"Ballesteros, Moisés",1356,82.3,0.208,0.131,0.243,0.338,0.278,0.293,0.219,54,260,90.9,10.4,2223,90.2,90.35,168,563,553,0.20000000000000284,6.44,118,147,123,151,294,325,303,"9.059","-9.059","70.5","7.0","2.580010342",290,194,38,7,0,9,68,23.4,28,9.7,"2.28","0.56","0.4","-0.4","92.1",157,47.15025906735752,8.808290155440414,5.862068965517241,5.71,-1.84,-0.14,2.34,0.283,17,"-0.811738351",0.294,0.364,"0.811738351",-0.011,-0.01100000000000001,-0.026,-0.015,29.8,"36.2",6.312917194263343,3.9662911131575154,28.924627099360965,0.4744525547445255,39.36969964857629,33.09500253158805
1114,686611,"Crews, Dylan",1627,68.5,0.204,0.127,0.255,0.331,0.268,0.302,0.233,56,275,90.1,12,2314,90.2,90.64,179,591,523,0.3999999999999915,6.45,107,150,119,146,308,323,295,"9.031","-9.031","71.7","7.5","3.875630601",301,199,36,12,1,7,77,25.6,18,6,"2.28","0.56","0.31","0.31","92.1",156,45.45454545454545,8.585858585858585,5.647840531561462,5.76,-1.97,0.14,2.23,0.269,17,"-0.810682226",0.296,0.389,"0.810682226",-0.029,-0.02699999999999997,-0.058,-0.034,30.3,"38.0",8.54166986294507,-2.963769559309762,28.217384529260723,0.44655172413793104,36.31349707626132,30.470723340881438
1111,694212,"Basallo, Samuel",1462,76,0.24,0.225,0.259,0.464,0.334,0.353,0.258,64,267,92,13.6,2263,89.4,89.53,166,587,524,0.09999999999999432,6.4,118,147,128,152,299,328,302,"-6.262","6.262","73.0","7.5","2.715500956",300,201,37,10,1,16,69,23,27,9,"2.44","0.46","0.28","-0.28","92.9",157,45.5,14.000000000000002,9.333333333333334,5.71,-1.88,-0.1,2.26,0.313,28,"0.563636364",0.323,0.502,"-0.563636364",-0.018,-0.010000000000000009,-0.038,-0.019,28.3,"36.9",11.18625891399692,-1.7639620755274759,33.45757701649161,0.5060034305317325,34.78798018146355,33.52381106048916
1110,672275,"Bailey, Patrick",1363,81.4,0.221,0.137,0.274,0.359,0.282,0.312,0.249,58,262,89.9,13.1,2242,90.4,90.64,145,564,546,0.19999999999998863,6.45,116,146,111,151,287,321,300,"9.589","-9.589","70.2","7.2","3.230979354",284,188,41,7,1,9,75,26.4,20,7,"2.31","0.53","0.42","-0.42","91.7",155,43.01075268817204,8.064516129032258,5.28169014084507,5.77,-1.78,-0.16,2.23,0.278,15,"-0.863873874",0.304,0.411,"0.863873874",-0.028,-0.025999999999999968,-0.052,-0.03,25.7,"38.6",6.519147796058289,-2.0797668651872603,33.916172844005274,0.37364620938628157,37.54480413940711,29.80471352393297
1105,696285,"Young, Jacob",1741,63.5,0.238,0.138,0.268,0.375,0.299,0.311,0.254,64,269,87.6,10.1,2324,90.3,90.62,102,481,624,0.29999999999999716,6.47,104,150,104,146,305,318,289,"3.742","-3.742","66.2","7.0","3.900396817",297,220,43,12,2,7,51,17.2,19,6.4,"2.25","0.59","0.28","0.28","91.3",161,32.42009132420091,5.93607305936073,4.377104377104377,5.84,-1.8,0.16,2.21,0.301,13,"-0.338642534",0.318,0.382,"0.338642534",-0.016,-0.017000000000000015,-0.007,-0.012,21.2,"38.7",10.426516653161572,-0.29618848892361244,30.719525574131268,0.586864406779661,39.88268556088758,27.682983177064454
1103,670764,"Walls, Taylor",1699,64.9,0.221,0.086,0.314,0.306,0.29,0.277,0.2,49,222,86.7,17.4,2265,90.1,90.19,111,451,652,0.10000000000000853,6.4,110,145,96,149,285,321,298,"5.597","-5.597","64.8","6.8","1.978066836",259,154,34,12,2,1,70,27,33,12.7,"2.28","0.6","0.36","-0.36","90.4",163,27.92207792207792,3.896103896103896,2.3166023166023164,5.75,-1.8,-0.11,2.3,0.324,6,"-0.50743427",0.308,0.296,"0.50743427",0.021,0.016000000000000014,0.01,0.013,24.6,"37.5",11.332333133522503,0.6871769628630264,33.25990207602096,0.5503355704697986,35.96507003391648,27.340801969673645
1100,687093,"Grissom, Vaughn",1812,60.7,0.228,0.161,0.251,0.39,0.298,0.301,0.235,61,267,87.2,14,2314,90.8,90.96,124,553,547,0.20000000000000284,6.44,108,151,120,146,306,323,291,"-1.878","1.878","68.7","7.2","3.646880417",294,213,38,13,0,10,57,19.4,16,5.4,"2.24","0.57","0.32","0.32","91.0",152,35.2112676056338,7.042253521126761,5.1020408163265305,5.77,-1.85,0.23,2.26,0.289,15,"0.170727273",0.298,0.382,"-0.170727273",-0.007,-0.009000000000000008,0.008,-0.003,22.4,"38.0",8.287925573280367,-0.9274387858162952,34.84483451182031,0.45075757575757575,37.39345663484102,29.535518732619433
1098,686217,"Frelick, Sal",1458,75.3,0.24,0.096,0.257,0.336,0.286,0.275,0.233,60,250,85.9,11.2,2280,90.6,90.92,43,474,624,0.30000000000001137,6.47,114,146,101,149,286,318,299,"7.374","-7.374","66.8","7.0","1.827748591",284,225,42,15,0,3,28,9.9,25,8.8,"2.19","0.66","0.4","-0.4","91.0",147,28.50877192982456,2.631578947368421,2.112676056338028,5.68,-1.92,0,2.32,0.306,6,"-0.671584699",0.298,0.314,"0.671584699",0.007,0.008000000000000007,0.022,0.011,9.1,"36.7",4.5896698832083676,2.8906558672949307,27.929531851584812,0.45146726862302483,35.972429647290596,23.115229493123877
1096,677588,"Tena, José",1172,93.5,0.216,0.145,0.296,0.361,0.29,0.287,0.221,52,241,90.9,8.3,2224,89.7,90.03,178,527,569,0.29999999999999716,6.45,117,147,108,150,293,322,304,"1.974","-1.974","72.3","7.0","2.797206935",268,159,32,12,1,7,83,31,24,9,"2.36","0.5","0.4","-0.4","92.3",148,47.16981132075472,8.176100628930817,4.850746268656716,5.74,-1.91,-0.17,2.25,0.291,13,"-0.180109489",0.296,0.35,"0.180109489",-0.005,-0.0050000000000000044,0.011,0.003,33.8,"36.2",6.983034956918242,0.21246715019234175,34.51207213251684,0.3877159309021113,33.80995126923653,32.99065393745544
1094,624585,"Soler, Jorge",1456,75.1,0.201,0.184,0.27,0.385,0.301,0.299,0.205,47,234,88.3,12.6,2341,90.2,90.32,193,515,579,0.09999999999999432,6.47,107,152,122,145,304,327,298,"1.703","-1.703","73.1","7.9","4.385140701",266,147,25,11,1,10,88,33.1,26,9.8,"2.38","0.48","0.24","0.24","92.4",143,43.53741496598639,12.244897959183673,6.7669172932330826,5.72,-1.85,0.35,2.14,0.293,18,"-0.155667276",0.298,0.37,"0.155667276",-0.004,-0.0050000000000000044,0.015,0.002,37.5,"37.9",11.885462334329699,-8.014272436195093,34.156272861024746,0.52046783625731,40.27119806463145,29.27859936580736
1092,608348,"Kelly, Carson",1646,66.3,0.239,0.081,0.278,0.32,0.292,0.296,0.239,62,259,85.5,12.8,2337,89.7,89.96,90,481,611,0.29999999999999716,6.38,108,151,123,147,302,323,293,"4.963","-4.963","69.3","6.8","3.849583559",289,213,49,9,0,4,46,15.9,25,8.7,"2.4","0.6","0.26","0.26","91.3",143,32.863849765258216,2.8169014084507045,2.0761245674740483,5.69,-1.81,0.25,2.31,0.318,6,"-0.454487179",0.318,0.337,"0.454487179",0,0,-0.017,-0.004,18.7,"36.7",9.0932964650309,-3.26572654530336,32.114158781030255,0.4861995753715499,37.87020433702962,29.715401671464175
1091,676724,"Young, Jared",1330,82,0.273,0.181,0.303,0.454,0.345,0.328,0.252,68,249,90.5,12.1,2282,90.2,90.34,123,520,571,0.09999999999999432,6.44,118,146,114,151,293,326,303,"-7.766","7.766","71.5","7.1","2.464810436",278,204,43,14,2,9,48,17.3,22,7.9,"2.33","0.52","0.33","-0.33","92.5",151,46.568627450980394,8.823529411764707,6.474820143884892,5.71,-1.79,0.05,2.36,0.338,18,"0.711824015",0.324,0.414,"-0.711824015",0.021,0.014000000000000012,0.04,0.017,23.7,"37.2",7.344894413241308,0.0359578506799269,27.505998564447108,0.578125,38.09204100163826,28.17160619094983
1083,660821,"Sánchez, Jesús",1187,91.2,0.267,0.163,0.328,0.43,0.328,0.336,0.266,67,251,91.7,11.7,2243,90.9,91.12,160,572,511,0.19999999999998863,6.44,115,146,120,151,293,327,303,"-0.134","0.134","71.7","6.7","2.535036552",280,188,42,17,0,8,68,24.3,17,6.1,"2.16","0.65","0.44","-0.44","92.3",159,47.87234042553192,12.23404255319149,8.214285714285714,5.74,-1.85,-0.11,2.42,0.325,23,"0.012373038",0.325,0.445,"-0.012373038",0.001,0,-0.015,-0.008,28,"37.6",6.135170057253138,6.462816890512158,28.92734446828994,0.4691588785046729,36.52664698193854,31.67815429096594
1071,669477,"Schmitt, Casey",1453,73.7,0.256,0.225,0.272,0.481,0.331,0.343,0.269,73,285,90,22.8,2348,90.2,90.56,120,563,508,0.3999999999999915,6.4,107,152,123,147,301,326,295,"-6.137","6.137","70.5","7.5","3.920244618",303,223,44,11,1,17,65,21.5,9,3,"2.26","0.57","0.25","0.25","92.5",173,45.94594594594595,12.612612612612612,9.24092409240924,5.77,-1.78,0.26,2.25,0.29,28,"0.573015873",0.304,0.495,"-0.573015873",-0.013,-0.014000000000000012,-0.014,-0.012,21.3,"38.2",8.5195149660295,-5.9172562949309935,33.09082215589554,0.49107142857142855,34.003369987565215,30.890386593946314
1067,621439,"Buxton, Byron",1509,70.7,0.253,0.294,0.263,0.547,0.367,0.337,0.238,67,265,89.2,21.8,2283,90,90.35,179,570,497,0.29999999999999716,6.51,107,152,122,144,302,328,296,"-8.795","8.795","72.3","7.9","4.082380874",293,196,32,13,1,21,71,24.2,21,7.2,"2.35","0.5","0.35","0.35","92.4",159,43.58974358974359,14.358974358974358,9.556313993174061,5.76,-1.9,0.21,2.16,0.317,28,"0.824273664",0.303,0.484,"-0.824273664",0.015,0.014000000000000012,0.063,0.03,31.4,"38.0",13.640594078587931,-8.128489796356329,34.458354934989536,0.5418181818181819,37.55994450922328,28.500079174133344
1065,608369,"Seager, Corey",1619,65.8,0.213,0.194,0.229,0.407,0.308,0.352,0.253,54,253,91.7,12.2,2172,89.7,89.98,180,564,501,0.29999999999999716,6.5,116,146,131,152,298,329,303,"0.481","-0.481","70.4","6.6","2.868531449",289,192,31,10,0,13,63,21.8,32,11.1,"2.39","0.49","0.45","-0.45","92.7",167,48.95833333333333,15.104166666666666,10.034602076124568,5.73,-1.85,-0.09,2.23,0.304,29,"-0.045164319",0.33,0.487,"0.045164319",-0.04,-0.026000000000000023,-0.08,-0.044,31.9,"37.3",13.997067294413235,3.659860999573602,33.5049865079865,0.5448028673835126,38.59715780614646,32.16868559475584
1049,669357,"Gorman, Nolan",1253,83.7,0.186,0.131,0.25,0.317,0.268,0.28,0.19,41,221,90.3,22.6,2202,90.5,90.78,190,505,544,0.29999999999999716,6.48,118,146,119,151,299,328,305,"8.831","-8.831","71.9","7.6","2.677146504",253,140,28,5,0,8,83,32.8,30,11.9,"2.23","0.6","0.49","-0.49","92.1",173,43.57142857142857,10,5.533596837944664,5.69,-1.81,-0.16,2.35,0.281,14,"-0.84184938",0.28,0.349,"0.84184938",-0.004,0.0010000000000000009,-0.032,-0.012,37.6,"37.1",17.515572213325324,-5.81089221092379,32.73259607984246,0.45691382765531063,37.3345868888478,34.03677713311073
1032,666397,"Julien, Edouard",1139,90.6,0.215,0.093,0.289,0.308,0.293,0.343,0.252,46,214,90.9,8.4,2287,90.1,90.73,100,429,603,0.6000000000000085,6.47,118,147,110,151,296,332,308,"2.078","-2.078","69.7","6.9","3.125414166",249,152,33,9,1,3,62,24.9,34,13.7,"2.29","0.55","0.3","-0.3","91.9",158,50,7.894736842105263,4.819277108433735,5.71,-1.89,-0.05,2.34,0.325,12,"-0.201356589",0.357,0.416,"0.201356589",-0.037,-0.03199999999999997,-0.108,-0.05,23.3,"36.8",10.559684394074052,8.482450212286828,42.92471562637965,0.3556085918854415,37.17426539616565,25.31983219581069
1028,656305,"Chapman, Matt",1424,72.2,0.229,0.128,0.287,0.357,0.297,0.275,0.205,52,227,87.2,9.3,2334,90.6,90.96,110,466,562,0.4000000000000057,6.43,105,150,122,146,304,326,293,"4.958","-4.958","73.9","7.3","1.938577222",257,169,34,12,1,5,61,23.7,22,8.6,"2.17","0.64","0.32","0.32","91.4",136,35.11904761904761,5.357142857142857,3.501945525291829,5.75,-1.78,0.16,2.32,0.307,9,"-0.48229572",0.293,0.307,"0.48229572",0.024,0.014000000000000012,0.05,0.022,23.6,"37.2",3.0685076639786226,-0.6181150427868775,25.03708328474808,0.41294642857142855,37.74833145759552,25.598682192961228
1024,691788,"Mack, Joe",1284,79.8,0.245,0.192,0.28,0.437,0.317,0.307,0.236,60,245,89.5,10.2,2221,89,89.07,123,491,533,0.09999999999999432,6.39,115,147,114,151,297,324,299,"-0.538","0.538","72.9","7.3","3.345561805",263,181,39,8,0,13,65,24.7,15,5.7,"2.46","0.47","0.41","-0.41","92.2",148,40.88397790055249,8.287292817679557,5.7034220532319395,5.68,-1.87,-0.15,2.15,0.293,15,"0.052539063",0.285,0.422,"-0.052539063",0.009,0.008000000000000007,0.015,0.01,25.1,"36.6",12.940486547876452,-3.4091307125602373,30.473854029925793,0.5693581780538303,35.68594985649015,31.53008714796403
1019,695731,"Montgomery, Braden",1411,72.2,0.265,0.135,0.304,0.4,0.337,0.347,0.275,61,230,89.3,0.7,2189,89.7,90.16,141,502,517,0.5,6.54,117,146,117,151,289,324,304,"-2.559","2.559","67.6","6.3","2.817976949",262,189,42,12,2,5,41,15.6,30,11.5,"2.42","0.45","0.4","-0.4","92.1",135,43.386243386243386,4.761904761904762,3.435114503816794,5.81,-1.95,-0.16,2.17,0.355,9,"0.251128557",0.365,0.415,"-0.251128557",-0.01,-0.010000000000000009,-0.015,-0.01,28.1,"38.4",5.557554001113622,7.870635342792194,32.161975230398795,0.42008196721311475,37.24411022751651,26.92266249058286
1014,670042,"Raley, Luke",1110,91.4,0.222,0.235,0.274,0.457,0.32,0.346,0.248,52,234,91.2,16.9,2222,89.2,89.3,223,545,469,0.09999999999999432,6.4,117,146,110,151,296,325,299,"0.869","-0.869","73.4","7.2","3.421083251",256,150,28,8,1,15,85,33.2,15,5.9,"2.44","0.47","0.39","-0.39","92.6",166,50,17.333333333333336,10.15625,5.77,-1.86,-0.16,2.26,0.285,26,"-0.085700197",0.308,0.497,"0.085700197",-0.026,-0.02300000000000002,-0.04,-0.026,40.9,"37.7",14.284161813294405,-3.7196839888570823,31.529180980586517,0.5679702048417132,38.28169492032614,32.34336164124639
1011,642086,"Smith, Dominic",1163,86.9,0.268,0.145,0.286,0.413,0.32,0.313,0.253,63,235,88.9,12.2,2268,90.3,90.67,110,493,518,0.4000000000000057,6.45,116,146,122,151,297,323,304,"2.329","-2.329","67.0","6.8","2.920817691",261,198,48,5,1,9,42,16.1,19,7.3,"2.31","0.52","0.35","-0.35","91.4",162,35.204081632653065,6.122448979591836,4.597701149425287,5.72,-1.9,-0.17,2.15,0.322,12,"-0.230365974",0.311,0.401,"0.230365974",0.015,0.01100000000000001,0.012,0.007,22.3,"36.8",8.343878961471857,-3.189581830787802,30.9203088803932,0.4784394250513347,36.341495903590484,34.83591023904025
1011,694374,"Tawa, Tim",1400,72.2,0.239,0.17,0.276,0.409,0.306,0.312,0.242,55,230,89.4,11.7,2344,90.2,90.35,141,499,512,0.09999999999999432,6.39,107,151,114,146,302,324,295,"0.42","-0.42","70.5","7.0","4.069117432",252,173,37,7,1,10,60,23.8,19,7.5,"2.29","0.55","0.23","0.23","91.9",151,44.18604651162791,11.046511627906977,7.5396825396825395,5.7,-1.98,0.33,2.23,0.294,19,"-0.041543027",0.298,0.42,"0.041543027",-0.003,-0.0040000000000000036,-0.011,-0.006,28.3,"36.9",8.952729710015019,-4.905626734388534,29.72336593125026,0.5523012552301255,36.73667971755153,32.177873141900875
1007,682987,"Jones, Spencer",1237,81.4,0.208,0.159,0.31,0.367,0.284,0.308,0.215,43,207,95,20.5,2236,90.4,90.57,219,535,472,0.19999999999998863,6.44,118,146,129,152,296,329,302,"3.604","-3.604","75.7","7.8","3.005684244",230,121,26,9,0,8,87,37.8,21,9.1,"2.24","0.62","0.44","-0.44","93.2",191,58.67768595041323,15.702479338842975,8.26086956521739,5.77,-1.8,-0.11,2.45,0.279,19,"-0.357894737",0.283,0.429,"0.357894737",-0.007,-0.003999999999999948,-0.062,-0.024,40.9,"40.2",13.537409019487013,1.526885078573081,43.51860262813823,0.41346153846153844,37.01110971954024,19.972529908816302
995,685133,"Meckler, Wade",1213,82,0.308,0.101,0.382,0.409,0.353,0.324,0.27,76,247,87.4,8.5,2173,90.3,90.45,94,436,559,0.20000000000000284,6.45,113,146,102,151,289,320,302,"-4.375","4.375","67.5","6.7","3.398002189",276,194,58,14,1,3,53,19.2,27,9.8,"2.31","0.53","0.47","-0.47","91.0",153,36.597938144329895,3.608247422680412,2.536231884057971,5.72,-1.9,-0.16,2.15,0.38,7,"0.439698492",0.347,0.378,"-0.439698492",0.038,0.03300000000000003,0.031,0.029,21.6,"36.9",11.575981767872177,3.8817570460205073,40.76419625822724,0.4513888888888889,35.14434209012512,30.034301477988222
993,665052,"Conine, Griffin",1232,80.6,0.271,0.276,0.333,0.548,0.397,0.379,0.255,60,221,91.8,12.5,2242,89,89.11,180,468,525,0.09999999999999432,6.38,117,146,123,151,297,325,302,"-17.385","17.385","72.3","7.4","2.729865022",257,144,35,7,0,18,77,30,32,12.5,"2.44","0.5","0.41","-0.41","93.4",165,52.083333333333336,18.055555555555554,10.116731517509727,5.62,-2.02,-0.16,2.21,0.374,26,"1.750755287",0.359,0.519,"-1.750755287",0.016,0.015000000000000013,0.029,0.018,38.5,"35.1",12.734222120219242,0.6304939705517688,27.74914084875494,0.4946236559139785,38.88982706809365,31.352760853129737
990,605170,"Caratini, Victor",1464,67.6,0.242,0.105,0.264,0.347,0.297,0.308,0.231,53,219,89.4,11.5,2232,90.2,90.56,83,404,586,0.3999999999999915,6.49,118,145,124,151,290,324,299,"1.413","-1.413","68.9","6.8","4.229521652",256,187,40,8,0,5,40,15.6,24,9.4,"2.28","0.58","0.45","-0.45","92.3",148,37.967914438502675,5.347593582887701,3.90625,5.76,-1.89,-0.13,2.21,0.32,10,"-0.142727273",0.318,0.365,"0.142727273",0.011,0.0020000000000000018,-0.018,-0.011,20.5,"38.1",9.664833517175,-1.067086801310839,32.02661529784833,0.5311720698254364,33.63308444621697,35.64824209619481
989,687401,"Ortiz, Joey",1607,61.5,0.277,0.143,0.318,0.42,0.33,0.306,0.251,64,231,89.3,4.9,2314,90.2,90.43,93,441,548,0.20000000000000284,6.44,105,149,109,147,303,319,286,"-1.502","1.502","71.6","7.5","3.412261948",259,186,46,10,1,7,50,19.3,23,8.9,"2.27","0.6","0.3","0.3","92.1",152,39.247311827956985,4.301075268817205,3.088803088803089,5.68,-1.81,0.16,2.29,0.336,8,"0.151870576",0.32,0.351,"-0.151870576",0.026,0.016000000000000014,0.069,0.024,21.1,"37.6",2.8379720687559313,-1.6056111692976185,27.61636238377114,0.36904761904761907,35.75143984653572,26.998246295757763
983,702616,"Holliday, Jackson",1348,72.9,0.226,0.12,0.272,0.346,0.283,0.294,0.236,53,234,87.4,13,2226,90,90.32,119,455,528,0.29999999999999716,6.5,116,146,109,152,292,325,303,"5.065","-5.065","68.8","6.9","1.926194754",263,179,38,8,1,6,59,22.4,25,9.5,"2.29","0.58","0.47","-0.47","91.1",161,35.19553072625698,6.70391061452514,4.562737642585551,5.65,-1.91,-0.15,2.27,0.297,12,"-0.51525941",0.301,0.361,"0.51525941",-0.01,-0.0040000000000000036,-0.015,-0.011,26.2,"37.2",7.780657428885092,1.419321125295225,32.60309494726702,0.4955555555555556,34.27263216112819,27.8110468859179
977,682657,"Martínez, Angel",1497,65.3,0.23,0.205,0.268,0.434,0.309,0.277,0.224,56,244,86.6,14.6,2241,90,90.18,115,528,449,0.20000000000000284,6.43,115,146,105,151,286,319,297,"3.439","-3.439","68.0","7.1","3.21725348",260,179,29,15,1,11,65,25,10,3.8,"2.33","0.52","0.35","-0.35","91.2",141,29.05027932960894,7.262569832402235,5,5.71,-1.97,-0.14,2.16,0.277,13,"-0.351995906",0.272,0.358,"0.351995906",0.006,0.0050000000000000044,0.076,0.032,21.8,"38.0",10.999972611073428,-5.437470685590403,35.97916021368038,0.4444444444444444,35.206779103039196,35.10333234851469
974,679845,"Loftin, Nick",1613,60.4,0.227,0.156,0.257,0.382,0.307,0.278,0.212,51,225,86.4,16.4,2350,89.7,90,69,392,582,0.29999999999999716,6.41,106,151,114,146,301,324,293,"2.065","-2.065","65.9","7.1","4.276829561",253,181,28,17,0,6,45,17.8,24,9.5,"2.33","0.55","0.22","0.22","91.0",153,29.2817679558011,4.41988950276243,3.1620553359683794,5.66,-1.92,0.22,2.18,0.308,8,"-0.21201232",0.296,0.318,"0.21201232",0.015,0.01200000000000001,0.064,0.029,17.6,"37.4",8.538596730534787,-6.655585141638531,30.99909990857744,0.5473684210526316,37.57123344383461,31.828412379292338
967,672580,"Garcia, Maikel",1316,73.5,0.246,0.102,0.289,0.347,0.292,0.296,0.255,58,236,89.5,8.7,2340,91.1,91.35,62,381,586,0.20000000000000284,6.49,106,150,115,145,307,324,292,"8.021","-8.021","69.8","7.1","2.914787211",260,198,39,15,3,1,40,15.4,22,8.5,"2.14","0.64","0.32","0.32","92.0",155,37.878787878787875,3.0303030303030303,2.307692307692308,5.64,-1.95,0.28,2.21,0.308,6,"-0.829472596",0.319,0.334,"0.829472596",-0.009,-0.01100000000000001,0.013,-0.004,16.3,"35.9",3.301865469662614,1.5084338773312878,28.078966793706115,0.39841688654353563,34.904947278064654,32.24172734888275
962,807799,"Yoshida, Masataka",1076,89.4,0.271,0.127,0.288,0.398,0.328,0.309,0.252,64,236,88.6,9.8,2227,89.3,89.6,65,414,548,0.29999999999999716,6.44,116,146,122,152,283,320,303,"-0.656","0.656","70.4","7.0","3.339476337",267,210,45,13,1,5,29,10.9,25,9.4,"2.34","0.57","0.38","-0.38","91.9",157,37.61904761904762,3.3333333333333335,2.6217228464419478,5.73,-1.86,-0.17,2.3,0.345,7,"0.068191268",0.329,0.359,"-0.068191268",0.019,0.01599999999999996,0.039,0.019,15.7,"37.9",7.214395245022034,0.9251773479994843,32.759822618844986,0.44794188861985473,33.06423534652582,30.79705769773077
957,622268,"Walton, Donovan",1024,93.5,0.27,0.19,0.308,0.46,0.367,0.331,0.25,57,211,87.3,12.1,2203,89,89.13,129,478,479,0.09999999999999432,6.4,115,145,109,151,288,321,300,"-9.87","9.87","65.9","6.8","3.705768504",245,167,34,14,1,8,44,18,27,11,"2.48","0.45","0.36","-0.36","90.9",160,32.33532934131736,5.389221556886228,3.6734693877551026,5.67,-1.9,-0.05,2.15,0.371,9,"1.031347962",0.354,0.383,"-1.031347962",0.02,0.017000000000000015,0.077,0.036,27,"37.1",12.079862788849718,-3.8524575573385365,33.347988458174676,0.48717948717948717,36.21948899591331,34.708905995903585
952,690976,"Freeland, Alex",1108,85.9,0.251,0.103,0.336,0.354,0.32,0.319,0.235,49,195,90.2,9.8,2263,89.5,89.82,97,376,576,0.29999999999999716,6.41,115,146,108,151,295,322,301,"1.94","-1.94","69.2","6.8","2.051885916",228,138,37,8,0,4,59,25.9,30,13.2,"2.42","0.5","0.37","-0.37","92.0",153,44.927536231884055,7.246376811594203,4.385964912280701,5.69,-1.91,-0.02,2.23,0.351,10,"-0.203781513",0.339,0.37,"0.203781513",0.016,0.011999999999999955,-0.016,0.001,25.8,"36.4",7.312559970029961,6.393872521806857,29.262568668681585,0.49731182795698925,36.27547819005096,28.318701735788302
950,666211,"Trammell, Taylor",1120,84.8,0.204,0.167,0.283,0.37,0.295,0.303,0.2,44,216,89.9,18.4,2265,90.5,90.7,180,464,486,0.20000000000000284,6.46,117,146,108,152,289,328,300,"3.578","-3.578","74.0","7.8","3.353676166",244,135,25,10,1,8,81,33.2,26,10.7,"2.26","0.57","0.4","-0.4","92.3",161,41.48148148148148,14.814814814814813,8.19672131147541,5.72,-1.98,-0.1,2.33,0.295,20,"-0.376631579",0.289,0.401,"0.376631579",0.004,0.006000000000000005,-0.031,-0.008,38.8,"36.2",9.106952377096116,-6.0283211264021235,29.313253679810884,0.49673202614379086,34.92273579076807,30.811475403927577
947,680777,"Jeffers, Ryan",1533,61.8,0.249,0.239,0.262,0.488,0.352,0.341,0.241,50,201,88.1,15,2326,90.7,91.02,73,400,547,0.29999999999999716,6.51,108,151,123,146,303,325,290,"-5.912","5.912","70.8","7.2","4.906912917",230,160,25,13,1,11,44,19.1,23,10,"2.22","0.59","0.29","0.29","92.1",161,41.25,11.875,8.26086956521739,5.7,-1.84,0.38,2.13,0.332,19,"0.624287223",0.331,0.438,"-0.624287223",0.008,0.0010000000000000009,0.05,0.011,18.3,"37.0",8.251702508573311,-1.7583835630935014,29.470492475158192,0.5089514066496164,36.52150599803378,30.203375530085193
932,804606,"Griffin, Konnor",1322,70.5,0.25,0.132,0.319,0.382,0.303,0.3,0.242,57,228,87.3,5.1,2352,90.1,90.34,145,490,442,0.20000000000000284,6.43,105,150,118,146,306,322,291,"3.274","-3.274","72.8","7.5","3.574002287",247,168,39,11,2,5,61,24.7,14,5.7,"2.34","0.57","0.33","0.33","92.1",139,40,7.878787878787878,5.263157894736842,5.73,-1.8,0.08,2.24,0.304,13,"-0.351287554",0.298,0.384,"0.351287554",0.008,0.006000000000000005,-0.002,0.003,29.6,"37.7",6.987019343291374,1.8873784849921227,32.8238363189409,0.4276729559748428,39.28360050557574,30.50902276668987
926,681393,"Norby, Connor",1474,62.8,0.242,0.142,0.336,0.384,0.313,0.294,0.22,53,219,88.2,19.5,2332,90.1,90.34,153,487,439,0.20000000000000284,6.43,105,150,120,145,305,323,292,"4.941","-4.941","68.4","6.9","3.234847444",247,146,34,13,0,6,75,30.4,20,8.1,"2.3","0.57","0.27","0.27","91.1",174,36.55172413793103,6.206896551724138,3.643724696356275,5.61,-1.88,0.27,2.21,0.32,9,"-0.533585313",0.301,0.358,"0.533585313",0.022,0.019000000000000017,0.026,0.019,31.4,"36.5",14.663660043262926,5.910060784223236,38.89957383899426,0.39791666666666664,35.54825183528503,29.34870190280431
909,681481,"Carpenter, Kerry",1017,89.4,0.216,0.226,0.244,0.442,0.312,0.3,0.216,45,208,90.3,21,2237,88.5,88.77,129,464,445,0.29999999999999716,6.45,116,146,126,152,297,332,300,"-3.78","3.78","70.4","7.4","2.506035611",232,144,26,4,2,13,67,28.9,17,7.3,"2.55","0.4","0.3","-0.3","91.8",171,45.45454545454545,9.79020979020979,6.0344827586206895,5.62,-1.93,-0.12,2.27,0.281,14,"0.415841584",0.284,0.4,"-0.415841584",0,-0.002999999999999947,0.042,0.012,27.8,"35.6",17.649317379323655,-0.027101694270204042,35.23442033129302,0.4750542299349241,39.02478202335347,27.00036037990869
887,655316,"Monasterio, Andruw",1495,59.3,0.236,0.087,0.29,0.323,0.27,0.253,0.211,46,195,86.1,21.2,2332,90.1,90.31,80,412,475,0.20000000000000284,6.4,106,150,112,146,292,319,290,"9.362","-9.362","67.2","6.7","2.347120272",214,156,31,14,0,1,43,20.1,12,5.6,"2.3","0.56","0.25","0.25","90.4",166,25.64102564102564,3.8461538461538463,2.803738317757009,5.66,-1.79,0.3,2.25,0.285,6,"-1.055467869",0.268,0.296,"1.055467869",0.025,0.01699999999999996,0.027,0.017,19.4,"37.6",8.81873076574231,-2.278777705368486,33.04713108255165,0.5441176470588235,34.834669769585844,33.197310244322324
885,672724,"Peraza, Oswald",1416,62.5,0.208,0.066,0.302,0.274,0.246,0.24,0.2,44,212,86.4,6,2314,90.7,90.77,150,487,398,0.09999999999999432,6.45,108,152,114,147,304,323,291,"10.509","-10.509","69.7","7.4","3.736556654",230,141,35,6,1,2,72,31.3,9,3.9,"2.26","0.59","0.33","0.33","90.8",120,35.714285714285715,2.857142857142857,1.7391304347826086,5.74,-1.89,0.21,2.22,0.265,4,"-1.187457627",0.259,0.268,"1.187457627",0.008,0.006000000000000005,0.006,0.006,30.8,"37.8",4.867372477969971,-0.2601198391297238,27.733972366950493,0.4166666666666667,38.512444129424885,28.155556988897178
881,641680,"Heim, Jonah",1457,60.5,0.16,0.09,0.183,0.25,0.214,0.264,0.221,34,212,87.2,14.2,2299,90.9,91.06,89,423,458,0.19999999999998863,6.36,116,147,121,151,293,325,299,"18.104","-18.104","67.8","7.4","1.965258845",231,172,21,10,0,3,42,18.2,15,6.5,"2.16","0.65","0.36","-0.29","91.2",156,30.994152046783626,2.923976608187134,2.1645021645021645,5.75,-1.82,-0.01,2.49,0.221,5,"-2.054937571",0.279,0.308,"2.054937571",-0.061,-0.058000000000000024,-0.058,-0.05,21,"36.0",7.850026156039969,0.23757207542859832,27.153600500740556,0.5188916876574308,39.224840407815606,29.138711527261822
877,650859,"Rengifo, Luis",1368,64.1,0.25,0.089,0.271,0.339,0.304,0.312,0.261,48,192,87,2.7,2283,89.3,89.56,78,401,476,0.29999999999999716,6.45,117,147,108,151,289,319,300,"2.582","-2.582","68.8","6.9","3.051908768",217,169,37,8,0,3,24,11.1,22,10.1,"2.37","0.6","0.37","-0.37","91.2",131,31.952662721893493,4.142011834319527,3.225806451612903,5.64,-1.93,-0.12,2.29,0.332,7,"-0.294412771",0.341,0.351,"0.294412771",-0.011,-0.009000000000000008,-0.012,-0.008,19.5,"36.1",4.9314655303173405,6.008612807425741,33.72354451674158,0.39845758354755784,35.0449521015927,26.538990380038598
875,682177,"Schneemann, Daniel",1137,77,0.202,0.099,0.278,0.3,0.252,0.292,0.233,41,203,88.5,11.8,2234,89.4,89.62,139,450,425,0.19999999999998863,6.44,117,146,111,151,289,322,301,"11.698","-11.698","69.8","7.0","2.930895023",219,137,29,8,0,4,66,30.1,16,7.3,"2.38","0.52","0.33","-0.33","91.2",163,37.22627737226277,7.2992700729927,4.5662100456621,5.72,-1.84,-0.18,2.21,0.26,10,"-1.336914286",0.289,0.375,"1.336914286",-0.031,-0.02899999999999997,-0.075,-0.04,30.9,"37.3",14.408295482175108,-0.476518107137581,33.39877850699983,0.5563063063063063,32.681113748529164,35.03489082194007
874,670770,"Friedl, TJ",1010,86.5,0.148,0.102,0.18,0.25,0.23,0.25,0.181,29,196,87.6,21.5,2222,90.7,90.9,101,373,501,0.20000000000000284,6.45,113,145,100,151,290,321,295,"15.061","-15.061","67.6","6.6","3.002351301",222,143,18,6,1,4,54,24.3,20,9,"2.17","0.64","0.54","-0.54","91.1",166,32.37410071942446,3.597122302158273,2.2522522522522523,5.69,-1.85,-0.23,2.3,0.243,5,"-1.723226545",0.274,0.266,"1.723226545",-0.033,-0.031000000000000028,-0.016,-0.02,27.1,"36.6",6.978224247176662,-4.149670218432981,29.095431165055516,0.5789473684210527,33.95415390458406,37.76737433971847
868,664728,"Isbel, Kyle",1148,75.6,0.238,0.112,0.297,0.35,0.284,0.273,0.235,51,214,88.8,13.4,2270,90.5,90.73,81,416,452,0.20000000000000284,6.48,113,145,100,150,291,323,301,"8.536","-8.536","68.5","7.0","3.482376797",232,160,37,9,0,5,56,24.1,13,5.6,"2.24","0.58","0.37","-0.37","91.6",152,36.875,3.75,2.586206896551724,5.65,-1.92,-0.06,2.25,0.289,6,"-0.983410138",0.286,0.325,"0.983410138",0.003,0.0030000000000000027,0.025,0.011,19.5,"36.4",1.3595135026951326,-4.8796753709944385,25.977709414787007,0.3857493857493858,36.62327065200049,29.405974276192914
867,592450,"Judge, Aaron",1234,70.3,0.24,0.257,0.3,0.497,0.361,0.39,0.255,42,175,93.9,15.8,2321,89.9,89.94,123,385,482,0,6.45,106,152,125,146,307,333,295,"-11.278","11.278","73.7","8.0","3.920183658",204,112,21,9,0,12,63,30.9,25,12.3,"2.33","0.54","0.26","0.26","93.2",177,56.25,20.535714285714285,11.27450980392157,5.75,-1.8,0.18,2.24,0.342,23,"1.300807382",0.348,0.569,"-1.300807382",-0.015,-0.00599999999999995,-0.072,-0.029,31.9,"39.4",10.294803619375877,-3.4902086772000547,38.47850842933903,0.4787234042553192,41.55853997138711,27.788276858499877
859,657041,"Thomas, Lane",1531,56.1,0.195,0.146,0.238,0.341,0.28,0.286,0.212,36,185,88.6,18.7,2345,90.4,90.7,75,361,498,0.29999999999999716,6.43,106,151,120,146,304,327,295,"7.424","-7.424","70.0","6.8","3.263754218",209,132,21,9,0,6,54,25.8,21,10,"2.22","0.6","0.3","0.3","91.3",155,36.36363636363637,8.333333333333332,5.263157894736842,5.69,-1.89,0.19,2.16,0.282,11,"-0.864260768",0.297,0.343,"0.864260768",-0.017,-0.015000000000000013,-0.002,-0.006,20.8,"38.4",7.843616836596402,-1.7119068154242325,26.69913817996468,0.6190476190476191,37.389014318006815,27.329407226634583
856,672386,"Kirk, Alejandro",1229,69.7,0.266,0.146,0.262,0.411,0.329,0.315,0.268,51,192,87.6,8,2305,90.9,91.08,51,381,475,0.19999999999998863,6.42,110,150,124,147,303,323,288,"-2.017","2.017","69.5","7.0","2.89068485",218,172,39,4,0,8,22,10.1,24,11,"2.24","0.56","0.41","0.41","91.7",154,40.116279069767444,4.069767441860465,3.211009174311927,5.67,-1.95,0.13,2.15,0.344,7,"0.235630841",0.334,0.374,"-0.235630841",-0.002,0.009999999999999953,0.037,0.014,13.4,"35.4",4.728182124972403,9.873975523158295,21.9824975923156,0.47883597883597884,39.18997719653106,27.891736101724916
855,669701,"Smith, Josh",982,87.1,0.215,0.138,0.246,0.354,0.297,0.294,0.215,39,181,86.5,18.2,2238,89.7,89.94,91,397,458,0.20000000000000284,6.47,116,146,107,150,288,323,300,"5.078","-5.078","66.9","6.9","3.76464192",209,140,27,5,1,6,43,20.6,24,11.5,"2.4","0.47","0.37","-0.37","91.0",155,30.935251798561154,6.474820143884892,4.30622009569378,5.68,-1.75,-0.1,2.19,0.311,9,"-0.593918129",0.309,0.343,"0.593918129",0,0.0020000000000000018,0.011,0.003,22.9,"36.9",11.048088460144344,-4.516174555585254,35.35518568650317,0.4260204081632653,34.34899077963805,33.10980229233544
854,694249,"Carrigg, Cole",1452,58.8,0.265,0.227,0.308,0.492,0.368,0.341,0.255,49,185,87.6,17.1,2269,90,90.78,101,407,447,0.7999999999999972,6.45,115,146,106,151,297,332,305,"-11.115","11.115","71.0","7.2","3.36264587",214,139,29,7,4,9,47,22,23,10.7,"2.38","0.46","0.35","-0.36","91.5",172,36.95652173913043,6.521739130434782,4.205607476635514,5.67,-1.91,-0.11,2.21,0.36,9,"1.301522248",0.349,0.423,"-1.301522248",0.01,0.01100000000000001,0.069,0.027,24.8,"36.7",11.557613823412945,-1.6434050254749635,40.118553173080386,0.45691906005221933,35.108239162128335,33.45081395562667
848,691781,"House, Brady",1293,65.6,0.2,0.132,0.25,0.332,0.259,0.294,0.234,44,220,90.4,9.5,2365,90.3,90.67,121,428,420,0.4000000000000057,6.47,107,151,122,147,307,322,291,"11.357","-11.357","71.8","7.5","3.443606286",240,158,27,11,0,6,65,27.1,14,5.8,"2.25","0.58","0.21","0.21","92.4",143,48.40764331210191,8.9171974522293,5.833333333333333,5.81,-1.85,0.28,2.27,0.254,14,"-1.339268868",0.287,0.388,"1.339268868",-0.034,-0.032999999999999974,-0.056,-0.035,28.3,"38.0",9.227465672241282,2.0160560985199214,35.86661906041642,0.5035460992907801,36.91850686149005,29.75269321280831
844,676439,"Feduccia, Hunter",1018,82.9,0.241,0.103,0.325,0.345,0.314,0.326,0.241,42,174,90,14.7,2275,89.2,89.3,80,347,497,0.09999999999999432,6.39,115,146,112,151,288,322,301,"-1.365","1.365","68.4","6.9","2.727090775",203,123,31,7,1,3,52,25.6,27,13.3,"2.52","0.45","0.31","-0.31","91.6",169,42.27642276422765,7.317073170731707,4.433497536945813,5.74,-1.91,-0.17,2.26,0.345,9,"0.161729858",0.346,0.377,"-0.161729858",0,-0.0010000000000000009,-0.032,-0.012,23.1,"36.7",10.278754785057695,-1.2278653766449366,33.48281903098727,0.4837758112094395,35.50004081040788,31.250741873953217
842,701678,"Lee, Hao-Yu",1389,60.6,0.263,0.155,0.326,0.418,0.329,0.294,0.221,51,194,87.7,12,2324,90.6,90.9,107,384,458,0.30000000000001137,6.46,109,151,119,147,305,328,289,"-5.089","5.089","69.0","6.9","2.737091827",218,144,34,10,1,6,52,23.9,22,10.1,"2.23","0.6","0.22","0.22","91.4",168,38.19444444444444,6.944444444444445,4.587155963302752,5.74,-1.92,0.23,2.27,0.335,10,"0.604394299",0.297,0.362,"-0.604394299",0.042,0.038000000000000034,0.056,0.035,27.9,"38.7",6.348802419089351,7.561468823177787,23.695439302234963,0.5040431266846361,35.934080734408894,25.78916793762218
837,673237,"Diaz, Yainer",1160,72.2,0.277,0.182,0.284,0.458,0.328,0.327,0.288,70,253,89.2,7.7,2331,89.7,89.83,104,479,358,0.09999999999999432,6.43,107,152,122,146,299,326,290,"-7.571","7.571","70.6","7.3","2.395308237",265,216,49,8,1,12,39,14.7,8,3,"2.4","0.48","0.22","0.22","92.0",141,40.27777777777778,6.481481481481481,5.283018867924529,5.79,-1.89,0.27,2.11,0.302,14,"0.904540024",0.314,0.44,"-0.904540024",-0.011,-0.01200000000000001,0.018,0.001,21.7,"37.6",7.462731969274655,2.4937912234477126,27.656817551610345,0.5632911392405063,38.96871178048139,31.304715930519716
836,691785,"Mayer, Marcelo",909,92,0.194,0.056,0.247,0.25,0.239,0.247,0.19,38,196,85.5,7.9,2198,89.2,89.56,110,407,429,0.3999999999999915,6.5,115,146,117,151,283,320,303,"13.87","-13.87","72.7","7.8","3.883246301",219,151,29,8,0,1,47,21.5,17,7.8,"2.37","0.54","0.45","-0.45","91.6",133,33.77483443708609,5.298013245033113,3.65296803652968,5.77,-1.8,-0.06,2.24,0.266,8,"-1.659090909",0.266,0.267,"1.659090909",0.004,0,-0.017,-0.008,27,"39.2",7.653275368029685,-4.957456111952853,30.595281845828527,0.40198511166253104,35.84470137167931,30.436482213379808
827,699393,"Ramírez, Pedro",1002,82.5,0.237,0.126,0.283,0.364,0.289,0.265,0.224,47,198,89.3,15.2,2228,89,89.22,91,413,414,0.20000000000000284,6.38,118,145,108,151,290,321,302,"7.751","-7.751","70.4","7.5","3.054491127",218,156,32,9,2,4,44,20.2,16,7.3,"2.56","0.46","0.35","-0.35","91.7",149,39.1025641025641,3.8461538461538463,2.7522935779816518,5.67,-1.87,-0.2,2.31,0.298,6,"-0.937243047",0.28,0.313,"0.937243047",0.013,0.01799999999999996,0.051,0.024,22,"35.7",4.814814896359852,-6.137997747767229,24.067787567482263,0.4485294117647059,33.81586038794557,33.79208986933674
823,665877,"Fermín, José",1541,53.4,0.233,0.078,0.263,0.311,0.272,0.28,0.239,42,180,86.1,12.5,2392,91.1,91.35,50,322,501,0.30000000000001137,6.47,107,151,114,147,303,321,290,"6.004","-6.004","64.1","7.1","2.755960894",203,154,32,8,0,2,30,14.8,15,7.4,"2.2","0.58","0.27","0.27","91.2",150,33.116883116883116,1.2987012987012987,0.9852216748768473,5.63,-1.89,0.28,2.21,0.294,2,"-0.729526124",0.304,0.316,"0.729526124",-0.006,-0.010000000000000009,-0.005,-0.008,15.5,"37.2",4.782290770575547,-0.43351491769214356,30.54198289459245,0.5382165605095541,38.44877585131961,23.945665184155807
821,686765,"Sogard, Nick",1127,72.8,0.234,0.114,0.286,0.347,0.312,0.311,0.244,39,167,85.6,15.1,2234,90,90.17,66,315,506,0.20000000000000284,6.4,117,146,106,151,280,319,302,"1.18","-1.18","66.5","6.9","2.689557859",195,129,27,8,1,3,39,20,26,13.3,"2.35","0.51","0.47","-0.47","90.7",162,27.131782945736433,3.875968992248062,2.564102564102564,5.68,-1.74,-0.14,2.26,0.338,5,"-0.143727162",0.347,0.337,"0.143727162",-0.01,-0.008999999999999952,0.01,0.001,21,"36.8",12.16173927173727,-1.098382258955038,34.72768590399433,0.4919093851132686,34.77162858811544,36.72763324897565
819,683734,"Vaughn, Andrew",1357,60.4,0.285,0.11,0.333,0.395,0.342,0.316,0.25,49,172,88.8,10.7,2321,90.6,91.02,70,329,490,0.4000000000000057,6.5,107,150,122,146,306,323,293,"-5.66","5.66","68.0","7.0","3.7144358",198,139,39,5,1,4,35,17.7,19,9.6,"2.26","0.57","0.27","0.27","91.7",151,41.726618705035975,4.316546762589928,3.0303030303030303,5.67,-1.9,0.21,2.18,0.369,6,"0.691086691",0.338,0.357,"-0.691086691",0.035,0.030999999999999972,0.038,0.026,21.3,"37.8",6.682139203953451,-0.03334029925315797,28.26803964485393,0.4968152866242038,37.78322440388918,28.57260053786045
812,669242,"Edman, Tommy",1210,67.1,0.254,0.122,0.301,0.376,0.311,0.294,0.242,50,197,87.2,15.5,2303,90.7,90.97,82,383,429,0.29999999999999716,6.39,118,146,109,152,291,320,300,"-0.513","0.513","68.2","6.7","2.302002678",218,157,36,8,2,4,41,18.8,13,6,"2.24","0.56","0.39","-0.39","91.0",148,33.12101910828025,4.45859872611465,3.211009174311927,5.66,-1.93,-0.05,2.3,0.321,7,"0.06317734",0.312,0.344,"-0.06317734",0.012,0.009000000000000008,0.032,0.017,21.4,"36.2",7.8954330524015734,0.19311613130742028,27.4729639131,0.4960212201591512,34.82086652005812,28.286898611163448
806,678554,"Mead, Curtis",1403,57.4,0.235,0.241,0.241,0.475,0.356,0.34,0.243,38,162,88.1,13,2318,91,91.44,59,322,484,0.4000000000000057,6.43,107,150,122,145,305,322,294,"-6.363","6.363","70.0","6.9","3.110497285",188,126,19,9,0,10,36,19.1,23,12.2,"2.15","0.62","0.32","0.32","91.6",156,42.4,9.6,6.382978723404255,5.86,-1.74,0.2,2.35,0.34,12,"0.789454094",0.349,0.418,"-0.789454094",-0.008,-0.008999999999999952,0.057,0.016,18.3,"39.1",4.778166319982104,-3.564922185212753,30.15287099721163,0.46835443037974683,35.305330331552234,30.72729859609843
805,669707,"Triolo, Jared",1345,59.9,0.215,0.068,0.283,0.283,0.266,0.253,0.199,41,191,86.4,4.7,2365,89.9,90.24,90,361,444,0.29999999999999716,6.41,107,150,113,145,304,319,287,"7.658","-7.658","67.2","7.4","3.853074766",216,140,32,7,0,2,52,24.1,18,8.3,"2.35","0.53","0.2","0.2","91.3",136,35.97122302158273,2.877697841726619,1.8518518518518516,5.64,-1.78,0.27,2.32,0.294,4,"-0.951304348",0.282,0.265,"0.951304348",0.016,0.01200000000000001,0.018,0.013,24.9,"37.0",5.116394205520615,0.8522987401209192,37.951745505396154,0.425,37.088474020993075,24.923207736252714
800,665966,"Narváez, Carlos",1144,69.9,0.159,0.074,0.231,0.233,0.219,0.274,0.206,28,176,90.7,17.8,2337,90.6,90.97,145,411,389,0.4000000000000057,6.53,107,151,122,147,295,322,293,"12.603","-12.603","69.4","7.4","2.68434545",198,111,21,4,0,3,68,34.3,13,6.6,"2.09","0.72","0.31","0.31","91.5",170,43.24324324324324,8.108108108108109,4.545454545454546,5.7,-1.88,0.28,2.36,0.237,9,"-1.575375",0.282,0.325,"1.575375",-0.047,-0.044999999999999984,-0.092,-0.055,35.3,"36.8",9.694246531506465,3.2612862511453513,30.878814897508818,0.47174447174447176,38.02229449054444,31.17562554045885
797,669134,"Campusano, Luis",1002,79.5,0.26,0.172,0.314,0.432,0.351,0.324,0.233,44,169,86.8,16,2349,89.8,89.98,102,379,418,0.20000000000000284,6.43,109,152,123,147,300,324,295,"-6.222","6.222","69.5","7.8","4.402928881",195,127,27,11,0,6,42,21.5,23,11.8,"2.39","0.48","0.26","0.26","91.6",147,35.714285714285715,9.523809523809524,6.153846153846154,5.65,-1.93,0.28,2.15,0.359,12,"0.780677541",0.336,0.391,"-0.780677541",0.027,0.022999999999999965,0.041,0.027,26.9,"35.3",10.606437943787327,-6.807620234937418,25.309317664095285,0.6532951289398281,37.65008167596505,28.902174788594788
796,666969,"García, Adolis",1082,73.6,0.174,0.087,0.262,0.262,0.232,0.268,0.202,30,172,91.6,12.8,2329,90.4,90.7,135,363,433,0.29999999999999716,6.47,108,151,124,146,303,325,293,"13.982","-13.982","69.6","7.6","3.251930702",191,106,22,4,1,3,68,35.6,13,6.8,"2.23","0.59","0.31","0.31","92.3",163,44.339622641509436,8.49056603773585,4.712041884816754,5.8,-1.83,0.23,2.25,0.246,9,"-1.756532663",0.275,0.319,"1.756532663",-0.028,-0.029000000000000026,-0.057,-0.036,37.2,"39.3",9.50824205129051,-0.2273721437604156,28.935402996564218,0.5955678670360111,36.846107007317926,31.682924856385903
793,669257,"Smith, Will",1179,67.3,0.293,0.192,0.301,0.485,0.369,0.408,0.299,49,167,89.4,20.8,2341,90.2,90.4,60,342,451,0.20000000000000284,6.43,109,151,123,146,305,324,294,"-8.163","8.163","67.7","7.2","2.573970976",193,144,33,8,0,8,27,14,20,10.4,"2.3","0.55","0.24","0.24","91.7",197,41.66666666666667,14.583333333333334,10.880829015544041,5.79,-1.97,0.27,2.23,0.368,21,"1.029382093",0.384,0.546,"-1.029382093",-0.006,-0.016000000000000014,-0.061,-0.039,17.5,"38.4",11.450126372042275,2.9553051504685186,33.82086829582109,0.6528189910979229,36.82119323738946,29.316608817177933
792,660688,"Ruiz, Keibert",1131,70,0.274,0.165,0.274,0.439,0.325,0.293,0.251,65,237,88.2,19.9,2228,90.1,90.54,58,438,354,0.4000000000000057,6.48,118,146,117,151,292,320,299,"-0.24","0.24","66.3","7.0","3.248141814",255,219,40,18,0,7,21,8.2,13,5.1,"2.32","0.51","0.39","-0.39","91.9",168,36.5296803652968,3.65296803652968,3.1372549019607843,5.74,-1.91,-0.12,2.26,0.314,8,"0.03030303",0.292,0.378,"-0.03030303",0.023,0.02200000000000002,0.061,0.032,13.2,"36.8",8.482552057249706,-8.513876418284601,32.89295278235686,0.5391705069124424,33.39023293112939,38.03637913219749
783,543877,"Vázquez, Christian",1030,76,0.203,0.115,0.23,0.319,0.259,0.231,0.187,37,182,85.8,13.8,2355,91.1,91.22,73,364,419,0.10000000000000853,6.42,107,151,120,147,296,321,284,"10.691","-10.691","63.4","6.6","3.502171267",197,141,28,3,0,6,41,20.8,15,7.6,"2.13","0.65","0.32","0.32","90.1",154,23.404255319148938,2.127659574468085,1.5228426395939088,5.81,-1.9,0.21,2.3,0.264,3,"-1.365389527",0.245,0.264,"1.365389527",0.016,0.019000000000000017,0.055,0.028,20.1,"37.6",8.658752059994535,3.7763445949810754,27.413283971584047,0.5916666666666667,37.175677209494964,32.150079911568454
783,620443,"Torrens, Luis",1105,70.9,0.237,0.147,0.285,0.384,0.298,0.288,0.231,42,177,88.7,8.5,2351,90.2,90.28,83,373,410,0.09999999999999432,6.35,109,150,121,147,305,324,290,"4.469","-4.469","68.7","7.0","3.411119465",192,135,26,11,0,5,43,22.4,11,5.7,"2.29","0.56","0.3","0.3","91.5",160,43.7037037037037,5.9259259259259265,4.166666666666666,5.74,-1.8,0.16,2.26,0.292,8,"-0.570753512",0.286,0.369,"0.570753512",0.006,0.006000000000000005,0.015,0.01,22.3,"37.8",6.811424858579664,7.511886067775262,29.942582395339574,0.48787061994609165,38.07698046773753,24.951667072834766
777,542303,"Ozuna, Marcell",1245,62.4,0.201,0.101,0.275,0.302,0.267,0.296,0.219,32,159,88.5,19.7,2349,89.9,90.19,97,330,447,0.29999999999999716,6.42,107,151,121,145,308,322,293,"8.43","-8.43","71.8","7.3","4.79781925",177,106,24,4,0,4,53,29.9,16,9,"2.32","0.58","0.26","0.26","91.5",151,35.57692307692308,6.730769230769231,3.954802259887006,5.71,-1.7,0.35,2.27,0.282,7,"-1.084942085",0.299,0.367,"1.084942085",-0.018,-0.017000000000000015,-0.065,-0.029,29.4,"38.7",14.228981439744228,-4.425645798143605,35.46739808895077,0.5046153846153846,36.03988584811313,32.709651803894886
772,806198,"Pratt, Cooper",1041,74.2,0.308,0.089,0.362,0.396,0.343,0.33,0.279,52,169,87.8,8.3,2354,90.5,90.76,79,354,418,0.29999999999999716,6.42,109,151,112,147,305,320,287,"-6.238","6.238","68.5","6.9","3.430743001",194,140,42,7,1,2,33,17,20,10.3,"2.32","0.55","0.26","0.26","90.7",153,30.434782608695656,3.6231884057971016,2.5773195876288657,5.75,-1.81,0.27,2.3,0.376,5,"0.808031088",0.358,0.38,"-0.808031088",0.029,0.018000000000000016,0.016,0.013,22.3,"37.8",6.0317929390149905,1.8892586084042378,36.34163179624126,0.3914285714285714,32.36557683750302,29.369806089001955
772,656555,"Hoskins, Rhys",1340,57.6,0.193,0.193,0.25,0.385,0.318,0.294,0.179,31,161,87.9,24.2,2304,90.6,91.02,103,315,457,0.4000000000000057,6.58,109,151,123,145,298,324,294,"-0.517","0.517","68.8","8.1","2.84703882",192,103,14,10,0,7,58,30.2,29,15.1,"2.2","0.62","0.25","0.25","92.0",164,38.83495145631068,12.62135922330097,6.770833333333333,5.76,-1.85,0.16,2.26,0.323,13,"0.066968912",0.311,0.33,"-0.066968912",0.014,0.01200000000000001,0.055,0.024,32.7,"39.6",15.842187372345775,-4.637353148086926,33.18093299124045,0.5460526315789473,37.213222574925524,32.51165953102497
770,667472,"Myers, Dane",1385,55.6,0.244,0.094,0.324,0.338,0.307,0.294,0.224,39,160,88.1,9.9,2329,90.8,91.16,80,338,432,0.4000000000000057,6.5,108,152,114,148,305,324,290,"-2.832","2.832","67.8","6.9","1.935996001",184,112,32,3,0,4,49,26.6,22,12,"2.28","0.53","0.35","0.35","90.7",153,33.63636363636363,3.6363636363636362,2.1739130434782608,5.61,-1.99,0.16,2.32,0.337,4,"0.367792208",0.324,0.315,"-0.367792208",0.02,0.013000000000000012,0.023,0.013,23.7,"34.7",6.297096599528304,11.016916149922794,28.82538875383261,0.4577922077922078,37.672489213156204,24.616340509211387
769,680779,"Davis, Henry",1121,68.6,0.18,0.156,0.192,0.335,0.3,0.324,0.218,30,167,90.1,18.3,2308,90,90.1,98,394,375,0.09999999999999432,6.34,107,151,118,146,305,321,291,"0.595","-0.595","70.4","7.1","2.735659688",200,127,18,5,0,7,40,20,25,12.5,"2.33","0.61","0.37","0.37","92.9",158,44.09448818897638,9.448818897637794,6,5.69,-1.76,0.15,2.27,0.315,12,"-0.077373212",0.347,0.366,"0.077373212",-0.038,-0.03199999999999997,-0.031,-0.024,24.9,"37.8",8.849930645951755,-5.781703895331617,28.93589576795708,0.5412371134020618,37.94636171494589,29.496551784841355
769,676356,"DeLuca, Jonny",1346,57.1,0.265,0.2,0.295,0.465,0.334,0.271,0.232,53,200,85.6,15.8,2323,90.2,90.41,100,398,371,0.20000000000000284,6.51,107,151,109,145,295,323,289,"-4.268","4.268","70.9","7.7","3.589658293",212,158,31,13,0,9,42,19.8,12,5.7,"2.23","0.65","0.23","0.23","91.2",146,31.0126582278481,5.063291139240507,3.7735849056603774,5.8,-1.8,0.29,2.23,0.307,8,"0.555006502",0.275,0.339,"-0.555006502",0.033,0.03199999999999997,0.126,0.063,25.1,"39.2",6.7735637594768034,-4.221445935315305,23.112283622902954,0.5739795918367347,38.077944973359536,30.747588955748594
765,699013,"Valdez, Esmerlyn",1267,60.4,0.232,0.205,0.355,0.437,0.332,0.309,0.198,35,151,89.4,15.5,2347,90.3,90.53,127,325,440,0.20000000000000284,6.4,106,151,122,146,305,323,293,"-1.073","1.073","71.7","7.8","3.182815588",176,84,20,7,0,8,70,39.8,21,11.9,"2.3","0.59","0.31","0.31","92.0",162,42.857142857142854,17.857142857142858,8.522727272727272,5.63,-1.84,0.16,2.34,0.324,15,"0.140261438",0.296,0.406,"-0.140261438",0.034,0.028000000000000025,0.031,0.023,39.1,"36.2",14.242454210180393,5.97568989295216,33.98570107375448,0.5236593059936908,39.24791265414482,26.59569029907269
764,805779,"Wilson, Jacob",1137,67.2,0.278,0.118,0.3,0.396,0.309,0.291,0.275,59,212,84.2,8,2308,90.5,90.68,58,412,352,0.20000000000000284,6.41,107,151,116,147,300,315,282,"-0.833","0.833","62.3","6.1","2.542347366",221,185,44,10,0,5,27,12.2,7,3.2,"2.27","0.55","0.34","0.34","90.5",138,30.601092896174865,3.278688524590164,2.7149321266968327,5.77,-1.87,0.23,2.21,0.308,6,"0.109031414",0.304,0.357,"-0.109031414",0.003,0.0040000000000000036,0.039,0.018,14.1,"37.6",2.9777229574052413,1.0531003183141634,34.4266646737027,0.37948717948717947,33.94292280798196,32.41410849666714
763,814439,"Waldschmidt, Ryan",1115,68.4,0.246,0.12,0.36,0.366,0.298,0.301,0.24,43,175,87.5,15.5,2351,89.8,89.94,115,339,424,0.10000000000000853,6.36,106,151,112,145,302,324,291,"2.715","-2.715","70.4","6.9","4.817033856",196,114,30,8,2,3,64,32.7,12,6.1,"2.37","0.49","0.22","0.22","91.0",168,33.33333333333333,7.894736842105263,4.591836734693878,5.64,-1.99,0.25,2.14,0.308,9,"-0.355832241",0.306,0.376,"0.355832241",0.006,0.0020000000000000018,-0.01,-0.003,33.9,"36.4",10.025372499455765,-10.422043152088413,35.4952522794795,0.44879518072289154,34.11716575603562,27.69221083618097
761,678218,"Valenzuela, Brandon",1109,68.6,0.235,0.147,0.298,0.382,0.309,0.309,0.241,40,170,87.5,14.9,2237,89.4,89.58,98,363,398,0.19999999999998863,6.42,117,146,117,151,290,323,298,"2.467","-2.467","70.5","7.9","3.486898522",189,120,27,7,0,6,50,26.5,19,10.1,"2.37","0.53","0.36","-0.36","91.0",153,35.833333333333336,6.666666666666667,4.232804232804233,5.74,-1.69,-0.1,2.29,0.312,8,"-0.324178712",0.317,0.378,"0.324178712",-0.006,-0.0050000000000000044,0.004,0,27,"39.6",9.660387612656235,-10.27226916836915,33.45267133253884,0.5464788732394367,37.68846126413607,32.749053589173556
754,694378,"Gonzalez, Jacob",889,84.8,0.214,0.143,0.232,0.357,0.268,0.306,0.255,39,182,88.2,16.7,2231,90.4,90.81,92,426,328,0.3999999999999915,6.45,116,146,113,150,290,321,301,"8.468","-8.468","69.3","7.1","2.102568042",193,145,27,5,0,7,38,19.7,9,4.7,"2.24","0.59","0.44","-0.44","91.1",172,38.19444444444444,4.861111111111112,3.6269430051813467,5.74,-1.95,-0.15,2.38,0.254,7,"-1.123076923",0.293,0.412,"1.123076923",-0.041,-0.03899999999999998,-0.055,-0.038,21.6,"37.8",7.746625380112142,0.9888690086260158,28.731259051339425,0.5334928229665071,36.33097246593647,29.948813904380444
750,670032,"Lopez, Nicky",990,75.8,0.273,0.055,0.331,0.328,0.298,0.279,0.252,50,183,85.7,3.6,2226,89.8,90.09,78,390,360,0.29999999999999716,6.48,115,146,103,150,282,317,298,"5.396","-5.396","64.3","6.6","1.355632175",201,149,43,5,1,1,35,17.4,11,5.5,"2.31","0.55","0.38","-0.38","89.9",140,25.503355704697988,0,0,5.73,-1.88,0.04,2.1,0.333,0,"-0.719466667",0.311,0.305,"0.719466667",0.021,0.02200000000000002,0.023,0.019,20,"37.9",6.613958622233365,10.195508297051221,25.86196921230621,0.5639686684073107,38.72991331706996,22.681966749582166
741,502671,"Goldschmidt, Paul",1504,49.3,0.213,0.138,0.254,0.351,0.256,0.255,0.212,40,188,85.5,14.9,2307,90.2,90.6,123,396,345,0.3999999999999915,6.53,109,152,124,147,305,327,289,"10.997","-10.997","69.3","7.5","2.907441466",197,137,28,5,0,7,53,26.9,7,3.6,"2.34","0.52","0.28","0.28","91.2",159,35.03649635036496,7.2992700729927,5.0761421319796955,5.71,-1.9,0.08,2.23,0.239,10,"-1.484075574",0.24,0.343,"1.484075574",0.001,-0.0010000000000000009,0.008,0.001,31.1,"38.1",11.694014175520325,3.7954466374272915,32.13276885364608,0.46683673469387754,42.716723443035605,19.980793707746844
736,681508,"Gasper, Mickey",860,85.6,0.275,0.246,0.283,0.521,0.391,0.377,0.267,46,167,89.6,15,2260,89.4,89.67,49,283,453,0.29999999999999716,6.41,116,146,114,152,284,322,305,"-11.571","11.571","69.9","6.4","3.845075118",197,137,26,9,1,10,31,15.7,24,12.2,"2.39","0.5","0.37","-0.37","92.8",155,41.605839416058394,11.678832116788321,8.121827411167512,5.74,-1.75,-0.16,2.14,0.381,16,"1.572146739",0.376,0.487,"-1.572146739",0.008,0.0050000000000000044,0.034,0.014,17.3,"37.7",12.112067789749629,-4.810781548133985,29.75231022084062,0.5480427046263345,36.33133348994036,32.86768757085026
733,665804,"Amaya, Miguel",1018,72,0.22,0.153,0.304,0.373,0.317,0.276,0.177,33,150,88.4,23.9,2332,89.6,89.96,97,341,392,0.4000000000000057,6.5,107,150,121,145,300,321,292,"-2.958","2.958","67.5","7.3","3.32083123",175,97,20,8,0,5,53,30.3,14,8,"2.4","0.53","0.19","0.19","91.0",155,39.175257731958766,9.278350515463918,5.142857142857142,5.68,-1.78,0.21,2.19,0.328,9,"0.403547067",0.291,0.306,"-0.403547067",0.043,0.03700000000000003,0.067,0.041,28.4,"37.0",11.38052520613463,-7.210947768074702,34.350132533550315,0.5688622754491018,37.688659335327785,27.192513790155154
727,666023,"Fermin, Freddy",1018,71.4,0.217,0.099,0.273,0.317,0.276,0.27,0.211,35,161,86.6,15.2,2320,90.4,90.72,105,382,345,0.29999999999999716,6.5,108,150,115,146,300,322,290,"3.827","-3.827","66.2","7.4","4.144580847",185,123,23,10,0,2,41,22.2,16,8.6,"2.27","0.59","0.37","0.37","90.5",153,26.01626016260163,2.4390243902439024,1.6216216216216217,5.63,-1.83,0.27,2.24,0.295,3,"-0.526409904",0.293,0.3,"0.526409904",0.006,0.0020000000000000018,0.017,0.006,27.5,"35.6",11.55766531095328,-4.374514190253026,33.98695036778788,0.505524861878453,35.676260653403624,30.48618952720185
719,687221,"Rushing, Dalton",957,75.1,0.255,0.242,0.31,0.497,0.361,0.352,0.261,42,165,89.8,16.7,2270,90.6,90.91,117,359,360,0.30000000000001137,6.4,115,144,121,149,295,324,302,"-6.686","6.686","71.0","7.4","2.496979859",187,111,24,7,0,11,55,29.4,18,9.6,"2.24","0.58","0.41","-0.41","92.3",173,45.04504504504504,13.513513513513514,8.02139037433155,5.71,-1.87,-0.09,2.35,0.337,15,"0.929902643",0.346,0.456,"-0.929902643",-0.006,-0.008999999999999952,0.041,0.009,32.6,"35.7",12.132922534528541,-1.7070746155409786,35.223173731750826,0.49019607843137253,36.70242128704586,30.654760137585612
718,683748,"Mesa Jr., Victor",943,76.1,0.228,0.275,0.233,0.503,0.345,0.342,0.252,39,171,90.7,23,2252,90.2,90.33,109,393,325,0.09999999999999432,6.4,115,146,103,151,289,326,301,"-7.125","7.125","72.5","7.9","1.732858323",191,128,19,5,3,12,44,23,18,9.4,"2.24","0.63","0.4","-0.4","92.1",179,47.65625,14.0625,9.424083769633508,5.72,-1.95,-0.14,2.35,0.304,18,"0.992339833",0.325,0.466,"-0.992339833",-0.024,-0.02100000000000002,0.037,0.003,27.7,"37.4",9.752047730529812,-2.3967742795029543,30.598144648115376,0.638961038961039,36.61129544950282,29.121865807375798
711,694203,"Guzman, Denzer",1135,62.6,0.231,0.065,0.304,0.296,0.252,0.254,0.231,43,186,87.2,9.4,2322,90,90.21,94,384,327,0.20000000000000284,6.52,107,151,117,146,303,322,294,"10.284","-10.284","72.1","7.9","2.996285078",196,137,35,6,0,2,49,25,8,4.1,"2.38","0.53","0.24","0.24","91.1",135,35.03649635036496,2.9197080291970803,2.0408163265306123,5.65,-1.89,0.27,2.21,0.267,4,"-1.446413502",0.267,0.304,"1.446413502",0,0,-0.008,-0.002,24.5,"36.3",5.03144093550809,-6.678980669841201,32.428020769447016,0.41798941798941797,36.210566242116045,29.315841496749673
702,668885,"Martin, Austin",1396,50.3,0.222,0.051,0.283,0.272,0.264,0.274,0.232,35,158,86.5,8.9,2352,90.6,91.01,63,296,406,0.4000000000000057,6.55,106,151,113,145,300,319,285,"8.42","-8.42","66.0","6.6","4.84144379",177,121,29,5,0,1,38,21.5,17,9.6,"2.2","0.64","0.39","0.39","90.4",130,26.446280991735538,0.8264462809917356,0.5649717514124294,5.76,-1.8,0.28,2.16,0.299,1,"-1.199430199",0.309,0.29,"1.199430199",-0.01,-0.010000000000000009,-0.018,-0.01,21.3,"37.9",10.096793750015383,-1.5000206892822898,38.09291465825045,0.5273972602739726,36.44725408207779,31.066714305214827
701,596115,"Story, Trevor",984,71.2,0.227,0.127,0.311,0.354,0.265,0.239,0.2,41,181,87.3,17,2354,90.2,90.37,120,393,308,0.20000000000000284,6.49,107,151,120,146,294,323,293,"8.014","-8.014","69.0","7.3","3.342836682",189,123,26,11,0,4,59,31.2,7,3.7,"2.21","0.65","0.27","0.27","91.2",160,38.21138211382114,5.691056910569105,3.7037037037037033,5.69,-1.82,0.27,2.34,0.254,7,"-1.143223966",0.231,0.314,"1.143223966",0.027,0.022999999999999993,0.04,0.026,30.5,"37.1",9.913808301871143,-1.4237205603094942,29.12514579508466,0.49612403100775193,39.90394511291831,33.68546392492984
693,677942,"Alexander, Blaze",1110,62.4,0.327,0.142,0.41,0.469,0.377,0.381,0.323,53,162,92.4,7.5,2333,91.3,91.6,99,387,306,0.29999999999999716,6.47,108,151,112,147,306,323,288,"-6.436","6.436","69.7","7.3","2.546128478",180,125,37,12,1,3,37,20.6,12,6.7,"2.15","0.61","0.34","0.34","91.8",169,53.6,8.799999999999999,6.111111111111111,5.72,-1.82,0.12,2.34,0.388,11,"0.928715729",0.384,0.492,"-0.928715729",0.004,0.0040000000000000036,-0.023,-0.004,25.6,"37.5",6.171005317949422,7.851047263426838,35.7621273891465,0.455026455026455,38.74110387755759,21.772114609853002
685,680728,"Del Castillo, Adrian",789,86.8,0.206,0.135,0.255,0.342,0.27,0.275,0.212,32,155,89.2,16.3,2227,89.5,89.6,90,326,359,0.09999999999999432,6.36,117,147,118,151,293,326,303,"4.16","-4.16","70.7","6.8","2.464367273",169,111,21,6,0,5,45,26.6,13,7.7,"2.4","0.48","0.42","-0.42","91.1",170,38.18181818181819,6.363636363636363,4.142011834319527,5.68,-2.02,-0.14,2.26,0.266,7,"-0.60729927",0.271,0.354,"0.60729927",-0.006,-0.0050000000000000044,-0.012,-0.005,27.6,"36.1",12.566749329207433,0.6576756538114337,34.3423978217932,0.45741324921135645,37.588227014809405,34.35879714621309
685,691777,"Muncy, Max",1110,61.7,0.242,0.158,0.324,0.4,0.298,0.275,0.219,40,165,87.4,13.9,2299,89.5,89.51,110,346,339,0,6.33,107,151,118,146,300,324,291,"0.12","-0.12","71.5","7.5","3.630282857",179,109,28,5,0,7,59,33,8,4.5,"2.42","0.47","0.26","0.26","92.2",146,40.36697247706422,10.091743119266056,6.145251396648044,5.67,-1.95,0.19,2.15,0.285,11,"-0.017518248",0.265,0.365,"0.017518248",0.023,0.019999999999999962,0.035,0.023,31.8,"35.9",10.229438333249115,-5.124188321843948,30.96094380896976,0.5295950155763239,37.027926981338595,32.42431747431496
677,696030,"Osuna, Alejandro",836,81,0.248,0.057,0.299,0.306,0.304,0.308,0.254,39,157,87.9,7.7,2226,90.6,90.88,56,325,352,0.30000000000001137,6.48,116,147,104,151,289,324,300,"2.896","-2.896","70.2","7.0","1.381747802",181,128,32,6,0,1,29,16,17,9.4,"2.13","0.68","0.49","-0.49","91.1",152,32.8125,0.78125,0.5524861878453038,5.67,-2.02,-0.07,2.37,0.348,1,"-0.427769572",0.353,0.316,"0.427769572",-0.006,-0.0050000000000000044,-0.01,-0.004,17.2,"36.0",1.689259330658945,7.241838632446639,28.40482638131988,0.33653846153846156,34.571955288183446,24.904968287150087
677,681351,"O'Hoppe, Logan",989,68.5,0.187,0.099,0.235,0.287,0.244,0.256,0.186,32,171,87.4,17,2315,89.9,89.95,106,353,324,0.09999999999999432,6.47,107,151,120,146,305,325,294,"10.282","-10.282","69.0","7.3","5.18945645",187,123,23,5,0,4,49,26.2,12,6.4,"2.35","0.54","0.28","0.28","91.9",144,35.77235772357724,9.75609756097561,6.417112299465241,5.68,-1.88,0.3,2.14,0.251,12,"-1.518759232",0.25,0.323,"1.518759232",0.001,0.0010000000000000009,-0.036,-0.012,30,"37.6",12.171685528022975,-6.35166528453545,30.95349541108698,0.5988538681948424,35.93544862627245,34.49625244592447
672,669236,"Jackson, Jeremiah",1064,63.2,0.212,0.164,0.229,0.376,0.265,0.266,0.221,40,189,88.3,8.4,2309,89.9,90.05,98,390,282,0.19999999999998863,6.46,106,151,120,147,304,323,291,"10.72","-10.72","69.7","7.4","4.188454576",198,148,25,7,0,8,43,21.7,6,3,"2.29","0.58","0.18","0.18","91.7",156,35.13513513513514,6.756756756756757,5.05050505050505,5.73,-1.88,0.14,2.19,0.237,10,"-1.595238095",0.248,0.365,"1.595238095",-0.009,-0.01100000000000001,0.011,-0.001,25.1,"36.8",9.759791007724564,0.4043120075401462,25.619839376231667,0.599476439790576,40.113009643084375,29.589192203740524
652,657136,"Wong, Connor",899,72.5,0.228,0.097,0.323,0.324,0.289,0.264,0.203,33,145,85.8,10.7,2343,89.9,90.08,84,312,340,0.19999999999998863,6.39,106,151,113,146,291,319,290,"4.487","-4.487","70.5","7.3","4.723323853",164,100,21,11,0,1,46,28,13,7.9,"2.33","0.56","0.24","0.24","91.5",131,34,3,1.8292682926829267,5.78,-1.85,0.31,2.18,0.311,3,"-0.688190184",0.29,0.279,"0.688190184",0.025,0.02100000000000002,0.045,0.025,26.9,"39.4",10.904878751752676,-4.301542882629557,31.84315443148926,0.46885245901639344,37.36633055250778,36.37931003970634
652,656484,"Gray, Tristan",732,89.1,0.222,0.092,0.298,0.314,0.257,0.271,0.226,34,153,88.6,13.7,2225,89.3,89.66,118,369,283,0.4000000000000057,6.52,114,145,108,151,292,326,297,"9.129","-9.129","70.6","7.0","4.349672161",166,107,26,5,0,3,49,29.5,10,6,"2.34","0.56","0.42","-0.42","91.4",157,39.62264150943396,5.660377358490567,3.614457831325301,5.75,-1.87,-0.05,2.2,0.265,6,"-1.400153374",0.274,0.333,"1.400153374",-0.004,-0.009000000000000008,-0.019,-0.014,32,"38.4",5.429131259103687,-7.642695179025049,29.219936949958054,0.37815126050420167,37.989095527489404,31.564578922780765
648,663647,"Hayes, Ke'Bryan",872,74.3,0.13,0.089,0.141,0.219,0.186,0.285,0.224,22,169,90.7,16.4,2369,90.2,90.49,72,293,355,0.29999999999999716,6.54,108,151,119,148,304,322,288,"17.168","-17.168","68.9","6.7","2.96145865",181,132,16,1,1,4,37,20.4,11,6.1,"2.3","0.55","0.23","0.23","92.1",175,41.53846153846154,8.461538461538462,6.077348066298343,5.67,-1.86,0.29,2.25,0.188,11,"-2.649382716",0.277,0.375,"2.649382716",-0.094,-0.08900000000000002,-0.156,-0.099,24.6,"37.1",4.634605066311507,-1.233081766583466,26.014350464076465,0.5463917525773195,36.39119230054136,35.40449047215215
643,806068,"Emerson, Colt",964,66.7,0.185,0.137,0.25,0.322,0.248,0.228,0.175,27,146,87.2,11.6,2277,89.7,90.04,125,357,286,0.29999999999999716,6.41,116,146,107,151,288,323,301,"9.498","-9.498","70.7","7.2","2.384107971",159,93,17,5,0,5,55,34.6,11,6.9,"2.36","0.5","0.35","-0.35","90.8",159,33.33333333333333,4.301075268817205,2.515723270440252,5.78,-1.8,-0.06,2.26,0.239,4,"-1.477138414",0.232,0.275,"1.477138414",0.01,0.0069999999999999785,0.047,0.02,35,"38.2",9.278004441595673,3.3445298525524985,30.573758612286948,0.5196629213483146,35.22037697422766,31.73938314702282
641,701350,"Anthony, Roman",956,67.1,0.252,0.2,0.357,0.452,0.357,0.362,0.256,34,135,94,12.5,2250,89.6,89.7,78,251,390,0.10000000000000853,6.47,119,147,125,153,286,325,305,"-6.864","6.864","74.9","7.4","3.681312891",159,88,18,9,3,4,47,29.6,23,14.5,"2.38","0.51","0.39","-0.39","93.6",166,55.172413793103445,14.942528735632186,8.176100628930817,5.71,-1.83,-0.12,2.24,0.365,13,"1.070826833",0.365,0.462,"-1.070826833",-0.004,0,-0.01,-0.005,31.1,"37.5",11.637991515667572,-0.3734936602044311,34.126224205094324,0.45491803278688525,34.09018869892864,36.77136001686969
639,596142,"Sánchez, Gary",1151,55.5,0.185,0.226,0.2,0.411,0.334,0.33,0.206,23,124,88,14.3,2299,90,90.26,63,233,406,0.29999999999999716,6.46,107,152,123,146,302,324,293,"-3.919","3.919","68.3","7.2","4.080516353",152,87,9,7,0,7,37,24.3,26,17.1,"2.33","0.59","0.29","0.29","91.7",148,32.18390804597701,9.195402298850574,5.263157894736842,5.75,-1.79,0.28,2.21,0.336,8,"0.613302034",0.343,0.388,"-0.613302034",-0.021,-0.007000000000000006,0.023,0.004,27,"38.7",10.590877504536257,-1.0781955057128847,29.040511030935672,0.5681818181818182,36.24376893191064,35.14684155268057
637,663494,"Torres, Bryan",756,84.3,0.237,0.122,0.284,0.36,0.299,0.289,0.23,33,139,87.6,12.6,2303,91.4,91.8,65,283,354,0.3999999999999915,6.53,116,147,106,151,289,321,303,"1.838","-1.838","63.8","6.4","2.415839558",157,106,26,1,2,4,35,22.3,16,10.2,"2.13","0.64","0.46","-0.46","90.5",161,30.18867924528302,3.7735849056603774,2.547770700636943,5.67,-1.82,-0.12,2.22,0.312,4,"-0.288540031",0.306,0.34,"0.288540031",0.007,0.006000000000000005,0.02,0.01,23,"36.8",7.437663528012326,-0.46873046943677177,33.26803387652309,0.52,37.49309116490378,30.089651644097145
630,671289,"Freeman, Tyler",1024,61.5,0.253,0.063,0.283,0.316,0.302,0.329,0.278,40,158,87.7,8.6,2323,90.8,91.42,37,308,322,0.6000000000000085,6.52,106,150,109,147,308,327,292,"0.841","-0.841","67.6","6.8","4.825561165",178,139,33,5,1,1,19,10.7,8,4.5,"2.26","0.56","0.32","0.32","91.3",144,39.130434782608695,1.4492753623188406,1.1235955056179776,5.65,-1.92,0.15,2.23,0.337,2,"-0.133492063",0.36,0.365,"0.133492063",-0.025,-0.022999999999999965,-0.049,-0.027,12,"37.5",1.6049525555563822,0.2609343451058041,33.8641642021604,0.31,38.66872708273681,28.700132008788767
630,663837,"Vierling, Matt",1098,57.4,0.174,0.093,0.197,0.267,0.208,0.278,0.238,28,161,86.8,17,2327,90.5,90.9,66,311,319,0.4000000000000057,6.5,106,151,118,145,304,327,290,"16.453","-16.453","69.4","7.3","2.32797155",171,130,20,4,1,3,34,19.9,7,4.1,"2.13","0.72","0.36","0.36","91.3",171,34.10852713178294,5.426356589147287,4.093567251461988,5.7,-1.81,0.19,2.39,0.205,7,"-2.611587302",0.271,0.362,"2.611587302",-0.064,-0.06600000000000003,-0.095,-0.07,21.2,"38.8",7.582729182699598,0.10753933855525327,30.721149897201066,0.5825242718446602,36.308686713691564,30.870510239528937
625,673357,"Robert Jr., Luis",884,70.7,0.224,0.161,0.263,0.385,0.304,0.296,0.223,32,143,88.6,15.3,2306,90.6,90.79,90,312,313,0.20000000000000284,6.48,108,151,123,145,301,325,295,"-0.875","0.875","74.4","7.6","2.458555952",162,105,21,5,0,6,40,24.7,17,10.5,"2.2","0.65","0.4","0.4","92.8",146,39.04761904761905,6.666666666666667,4.320987654320987,5.68,-1.94,0.27,2.36,0.302,7,"0.14",0.303,0.367,"-0.14",0.001,-0.0010000000000000009,0.018,0.008,28.8,"36.8",8.638519498011835,-3.1791441462132592,34.60451375318285,0.5194805194805194,36.854669521859044,27.992485424173537
623,609280,"Andujar, Miguel",935,66.6,0.262,0.183,0.293,0.445,0.321,0.296,0.261,43,164,87.9,6.1,2333,89.8,90.05,66,329,294,0.20000000000000284,6.49,108,152,122,147,299,322,294,"0.283","-0.283","68.8","7.5","4.623854363",173,137,23,14,2,4,27,15.6,6,3.5,"2.49","0.43","0.19","0.19","91.8",148,39.416058394160586,4.37956204379562,3.4682080924855487,5.61,-1.85,0.23,2.16,0.301,6,"-0.045425361",0.296,0.38,"0.045425361",0.001,0.0050000000000000044,0.065,0.025,20.1,"35.0",7.009935677272917,-1.6882674855024098,25.50589417312673,0.5705128205128205,39.398400241093285,32.094729047311176
621,682663,"Ramírez, Agustín",1009,61.5,0.223,0.122,0.271,0.345,0.277,0.25,0.209,33,148,88,6.1,2332,90.4,90.47,88,310,311,0.09999999999999432,6.44,106,151,123,146,306,322,292,"5.795","-5.795","74.8","7.6","3.916540733",161,111,23,6,0,4,38,23.6,11,6.8,"2.27","0.56","0.41","0.41","92.1",130,37.83783783783784,3.6036036036036037,2.484472049689441,5.66,-1.92,0.17,2.12,0.28,4,"-0.933172303",0.267,0.285,"0.933172303",0.014,0.013000000000000012,0.06,0.027,28.4,"36.2",8.008879014513099,-4.956872788674627,24.007198472979294,0.5584415584415584,41.012786206863396,32.94774669859199
620,643376,"Jansen, Danny",887,69.9,0.218,0.19,0.253,0.408,0.314,0.272,0.195,31,142,88.1,21.8,2310,90.3,90.58,68,276,344,0.29999999999999716,6.54,107,152,122,146,301,325,292,"0.011","-0.011","67.6","6.9","2.989808993",159,105,17,7,1,6,37,23.3,11,6.9,"2.23","0.62","0.3","0.3","91.8",159,38.095238095238095,6.666666666666667,4.40251572327044,5.62,-1.92,0.27,2.24,0.302,7,"-0.001774194",0.281,0.32,"0.001774194",0.023,0.020999999999999963,0.088,0.042,24.6,"35.4",14.293363469526032,-5.372079340329608,29.155327911613814,0.5767790262172284,39.38844046793266,35.293394786380354
619,668901,"Vientos, Mark",1068,58,0.182,0.126,0.216,0.308,0.238,0.282,0.212,29,159,89.1,15.8,2297,89.3,89.31,119,339,280,0,6.35,107,151,124,147,304,328,296,"11.945","-11.945","71.6","7.5","4.077322242",170,116,19,5,0,5,44,25.9,8,4.7,"2.43","0.5","0.25","0.25","91.9",147,42.241379310344826,9.482758620689655,6.470588235294119,5.8,-1.72,0.14,2.22,0.229,11,"-1.929725363",0.257,0.396,"1.929725363",-0.03,-0.027999999999999997,-0.088,-0.044,35.1,"37.8",13.042684361332597,0.9404978784148604,31.280489641238255,0.6083086053412463,36.775389789650376,29.188708273160756
614,657656,"Laureano, Ramón",847,72.5,0.22,0.189,0.295,0.409,0.313,0.319,0.227,29,132,89.2,11.5,2320,91.1,91.25,99,318,296,0.20000000000000284,6.43,110,152,121,146,302,324,296,"-0.752","0.752","69.9","6.9","3.065018303",151,84,18,3,2,6,50,33.1,15,9.9,"2.23","0.56","0.35","0.35","91.6",163,47.61904761904761,14.285714285714285,7.9470198675496695,5.61,-1.92,0.14,2.25,0.305,12,"0.12247557",0.312,0.415,"-0.12247557",-0.007,-0.007000000000000006,-0.006,-0.006,31.1,"33.7",13.047450329145951,1.410601057968555,32.34355441441793,0.4724137931034483,40.487430494687366,32.16886321532663
610,800325,"Lara, Luis",886,68.8,0.252,0.081,0.333,0.333,0.299,0.307,0.258,31,123,88,6,2262,90.5,90.71,46,243,367,0.20000000000000284,6.41,114,145,103,148,286,316,299,"3.944","-3.944","69.1","6.8","2.355751459",140,91,24,5,1,1,34,24.3,14,10,"2.32","0.6","0.38","-0.38","91.2",157,42.857142857142854,5.4945054945054945,3.571428571428571,5.73,-1.85,-0.06,2.33,0.329,5,"-0.646557377",0.334,0.35,"0.646557377",-0.006,-0.0050000000000000044,-0.017,-0.008,18.9,"37.4",-0.08390997449675787,5.300066532972076,28.79446816251183,0.25210084033613445,33.81036550217468,24.60531441053982
601,664774,"Wade Jr., LaMonte",669,89.8,0.198,0.144,0.24,0.342,0.294,0.266,0.184,22,111,85.8,15,2273,90.9,91.05,58,237,364,0.09999999999999432,6.4,118,146,108,152,289,328,301,"2.413","-2.413","70.0","6.9","2.350023226",128,79,14,4,0,4,32,25,17,13.3,"2.15","0.65","0.44","-0.44","91.0",150,32.91139240506329,3.79746835443038,2.34375,5.79,-1.96,-0.12,2.38,0.305,3,"-0.401497504",0.292,0.283,"0.401497504",0.014,0.013000000000000012,0.059,0.028,24.5,"35.5",9.215016794555943,-3.1916030994692064,30.081855686709922,0.5427350427350427,32.38052352772169,33.83324465256471
601,681546,"Outman, James",691,87,0.142,0.104,0.239,0.246,0.196,0.194,0.147,19,134,85.7,16.2,2222,89.2,89.51,133,309,292,0.29999999999999716,6.48,116,146,108,151,295,328,296,"17.523","-17.523","68.9","7.7","3.691858291",142,70,12,3,1,3,64,45.1,7,4.9,"2.38","0.57","0.43","-0.43","90.6",153,34.285714285714285,4.285714285714286,2.112676056338028,5.69,-2,-0.14,2.28,0.19,3,"-2.915640599",0.195,0.235,"2.915640599",-0.005,-0.0050000000000000044,0.011,0.002,43,"36.1",14.128521853943358,-6.034524456977132,34.275012944732445,0.46557377049180326,37.72514284558472,31.956618787209703
592,683011,"Volpe, Anthony",979,60.5,0.238,0.077,0.33,0.315,0.291,0.277,0.213,31,130,88,14,2332,90.2,90.53,71,282,310,0.29999999999999716,6.53,105,150,112,146,303,323,286,"4.347","-4.347","67.1","6.9","2.661372766",146,92,23,7,0,1,38,26,16,11,"2.26","0.64","0.28","0.28","90.5",163,36.26373626373626,4.395604395604396,2.73972602739726,5.75,-1.9,0.23,2.22,0.322,4,"-0.734290541",0.3,0.308,"0.734290541",0.025,0.02200000000000002,0.007,0.014,25.2,"39.9",10.196947486390949,4.682465879065233,32.0647129762447,0.5579710144927537,38.084490249115206,24.847283281675384
589,688363,"Pauley, Graham",630,93.5,0.216,0.172,0.258,0.388,0.283,0.254,0.202,29,134,84.5,18.3,2216,89.5,89.47,60,281,308,0,6.42,116,146,116,151,291,318,297,"3.709","-3.709","69.8","7.3","3.59076116",144,101,15,9,1,4,34,23.6,8,5.6,"2.36","0.54","0.47","-0.47","90.9",144,26.732673267326735,6.9306930693069315,4.861111111111112,5.58,-1.97,-0.14,2.24,0.264,7,"-0.629711375",0.25,0.326,"0.629711375",0.014,0.014000000000000012,0.062,0.029,21.4,"35.9",14.0521120299459,-6.565000185119381,30.4824782349457,0.5125448028673835,34.33446771077411,34.18001450551733
587,664954,"Sullivan, Brett",830,70.7,0.218,0.199,0.227,0.417,0.292,0.28,0.226,34,156,87.7,22.1,2248,89.7,90.24,54,307,280,0.5,6.47,116,146,112,152,291,326,302,"3.77","-3.77","67.3","7.3","1.852440832",168,126,18,8,1,7,32,19,10,6,"2.36","0.56","0.35","-0.35","91.2",169,34.4,4.8,3.571428571428571,5.57,-1.91,-0.14,2.28,0.262,6,"-0.642248722",0.274,0.367,"0.642248722",-0.008,-0.01200000000000001,0.05,0.012,17.6,"35.3",7.7445638003561115,-7.740877693216235,29.802722734261923,0.5413793103448276,37.56357857825124,31.88950459958494
584,691011,"Romo, Drew",737,79.2,0.145,0.145,0.149,0.29,0.238,0.261,0.193,21,145,84.4,17.7,2190,88.8,89.24,99,302,282,0.4000000000000057,6.51,118,145,109,151,289,320,295,"10.451","-10.451","68.4","7.4","3.569966028",163,107,12,3,0,6,39,23.9,14,8.6,"2.48","0.44","0.36","-0.36","91.0",145,28.037383177570092,6.5420560747663545,4.294478527607362,5.79,-1.88,-0.17,2.15,0.233,7,"-1.789554795",0.276,0.299,"1.789554795",-0.048,-0.04300000000000001,-0.009,-0.023,32.8,"37.9",12.268246928095145,-11.374477520616052,33.78878105608823,0.43521594684385384,35.755037588856524,35.515885298110746
584,682818,"Piñango, Yohendrick",698,83.7,0.285,0.124,0.343,0.409,0.33,0.316,0.268,39,137,90.8,11.1,2238,90.4,90.77,67,293,291,0.3999999999999915,6.48,116,147,113,152,290,324,300,"0.286","-0.286","74.2","7.1","2.418729822",148,106,30,5,0,4,31,20.9,11,7.4,"2.2","0.62","0.42","-0.42","92.3",167,43.39622641509434,5.660377358490567,4.054054054054054,5.73,-1.74,-0.09,2.36,0.338,6,"-0.048972603",0.322,0.396,"0.048972603",0.017,0.016000000000000014,0.013,0.014,22.9,"37.8",0.18057107885024293,-0.0034202753259252594,30.24361781508092,0.25862068965517243,36.6216508264295,28.707186557826862
581,668952,"Kreidler, Ryan",1001,58,0.222,0.153,0.289,0.375,0.278,0.276,0.212,32,144,87.1,11.6,2376,89.8,90.16,100,307,274,0.4000000000000057,6.51,106,150,115,145,298,324,289,"5.597","-5.597","70.4","7.7","2.966922302",152,101,21,4,3,4,43,28.3,8,5.3,"2.41","0.51","0.12","0.12","91.0",134,34.65346534653465,9.900990099009901,6.578947368421052,5.71,-1.99,0.22,2.23,0.263,10,"-0.963339071",0.253,0.383,"0.963339071",0.01,0.010000000000000009,-0.008,0.002,32.6,"37.2",10.22875505411484,-1.032944848022984,32.688468610081216,0.6274509803921569,39.89974696368093,33.293845083881145
577,823550,"Song, Sung-Mun",634,91,0.195,0.059,0.247,0.254,0.259,0.26,0.185,23,118,86.9,16.8,2272,90.8,91.07,55,246,331,0.29999999999999716,6.46,119,146,106,150,288,318,298,"6.661","-6.661","68.3","7.4","2.18135701",136,90,18,4,0,1,28,20.6,18,13.2,"2.15","0.69","0.55","-0.55","91.0",147,27.77777777777778,4.444444444444445,2.941176470588235,5.59,-1.94,-0.13,2.33,0.301,4,"-1.154419411",0.288,0.274,"1.154419411",0.01,0.013000000000000012,-0.02,-0.001,22.4,"33.6",6.172043732109301,-1.3715991947231938,24.133752381643063,0.5641025641025641,35.57743553810068,28.109273822556695
577,694728,"Matthews, Brice",961,60,0.194,0.101,0.272,0.295,0.251,0.259,0.192,25,129,87.2,10.4,2332,90,90.11,97,268,309,0.09999999999999432,6.44,106,151,108,146,295,325,291,"9.02","-9.02","68.9","7.1","3.261575731",142,84,18,4,0,3,46,32.4,12,8.5,"2.33","0.61","0.34","0.34","91.6",152,44.047619047619044,8.333333333333332,4.929577464788732,5.69,-1.88,0.3,2.23,0.261,7,"-1.563258232",0.265,0.309,"1.563258232",0.002,-0.0040000000000000036,-0.014,-0.008,36.2,"36.3",12.170512852950763,0.9464873196780619,31.798062140324788,0.5057471264367817,34.00322258082778,30.686914585882793
577,701852,"Cavanaugh, Drew",660,87.4,0.228,0.063,0.333,0.291,0.28,0.306,0.241,29,127,85.5,11.5,2259,90.5,90.93,74,268,309,0.4000000000000057,6.41,118,147,115,152,290,323,302,"5.953","-5.953","67.3","6.5","2.639144153",143,85,24,3,1,1,42,29.4,16,11.2,"2.24","0.62","0.33","-0.33","90.7",157,30.952380952380953,4.761904761904762,2.797202797202797,5.77,-1.91,-0.18,2.36,0.315,4,"-1.031715771",0.326,0.353,"1.031715771",-0.013,-0.01100000000000001,-0.062,-0.026,27.6,"39.3",5.011435491364625,4.9890473424228885,41.158804173789584,0.3716475095785441,35.53562639932737,24.921789385129852
573,810938,"Williamson, Ben",1109,51.7,0.246,0.067,0.298,0.313,0.296,0.294,0.249,33,134,86.7,1.5,2329,90.1,90.31,39,231,342,0.20000000000000284,6.55,107,150,115,148,301,320,284,"4.311","-4.311","65.8","6.7","2.892189448",151,106,28,3,0,2,28,18.5,16,10.6,"2.13","0.73","0.23","0.23","91.1",133,32.075471698113205,0.9433962264150944,0.6622516556291391,5.68,-1.91,0.13,2.35,0.331,1,"-0.752356021",0.334,0.309,"0.752356021",-0.003,-0.0030000000000000027,0.004,0.002,16.9,"36.6",1.1987982305568876,7.411921106480316,28.200055613732573,0.3130841121495327,38.73259700092115,26.669720244847973
565,699912,"Fernandez, Jose",869,65,0.248,0.102,0.31,0.35,0.287,0.268,0.232,34,137,86.9,11,2370,90,89.96,58,244,321,0,6.24,107,152,117,147,303,325,291,"2.096","-2.096","71.4","7.6","3.555570877",146,103,26,5,0,3,34,23.3,7,4.8,"2.37","0.49","0.21","0.21","92.0",119,36.89320388349515,2.912621359223301,2.054794520547945,5.73,-2,0.25,2.25,0.295,3,"-0.370973451",0.279,0.321,"0.370973451",0.016,0.01599999999999996,0.029,0.019,23.8,"36.3",6.993133978167955,-4.657903707393578,32.21796857095028,0.49130434782608695,38.24168884787028,29.73024588496452
562,669004,"Melendez, MJ",615,91.4,0.183,0.147,0.27,0.33,0.292,0.275,0.163,20,109,93.7,23.4,2308,90,90.06,91,263,299,0.09999999999999432,6.37,118,145,115,151,296,328,300,"4.541","-4.541","72.0","7.8","2.052765408",130,66,11,5,1,3,44,33.8,16,12.3,"2.27","0.6","0.27","-0.27","92.2",188,56.060606060606055,10.606060606060606,5.384615384615385,5.82,-1.87,-0.09,2.27,0.308,7,"-0.808007117",0.291,0.304,"0.808007117",0.02,0.017000000000000015,0.026,0.017,34.6,"37.1",12.768934034682179,-4.510968795693585,29.52048715682191,0.5801526717557252,36.986564922587675,29.724827922834578
559,641933,"O'Neill, Tyler",1049,53.3,0.202,0.076,0.282,0.277,0.273,0.284,0.197,24,119,87.9,22.6,2308,90.5,90.82,84,260,299,0.29999999999999716,6.49,109,151,123,145,304,329,298,"7.041","-7.041","70.4","7.2","3.018236458",137,80,19,3,0,2,39,28.5,16,11.7,"2.18","0.63","0.29","0.29","91.3",152,35,6.25,3.64963503649635,5.65,-1.85,0.3,2.28,0.307,5,"-1.259570662",0.303,0.321,"1.259570662",0.005,0.0040000000000000036,-0.044,-0.011,32.3,"34.5",14.031937928042558,-4.86108778753038,35.02115724690416,0.5433070866141733,33.433278580530896,30.931158929767022
556,664702,"Straw, Myles",1273,43.7,0.25,0.093,0.276,0.343,0.295,0.305,0.273,35,140,85.4,16.1,2294,90.2,90.33,24,230,326,0.09999999999999432,6.4,106,150,107,146,299,317,282,"3.613","-3.613","65.0","6.8","2.593438276",153,124,25,8,1,1,16,10.5,12,7.8,"2.3","0.58","0.42","0.42","90.5",136,22.58064516129032,0.8064516129032258,0.6535947712418301,5.66,-1.85,0.19,2.24,0.314,1,"-0.649820144",0.335,0.345,"0.649820144",-0.023,-0.02100000000000002,-0.002,-0.01,10.4,"35.5",6.324828838218922,-3.374030642731394,32.0466216615939,0.5384615384615384,33.39393658449381,29.70049015114725
551,543309,"Higashioka, Kyle",765,72,0.198,0.121,0.247,0.319,0.274,0.28,0.209,23,116,88.8,13.9,2301,89.7,89.96,61,237,314,0.29999999999999716,6.49,108,151,122,147,302,325,293,"4.085","-4.085","67.9","7.2","3.710749803",130,81,17,2,0,4,35,26.9,13,10,"2.36","0.52","0.25","0.25","92.1",152,40.74074074074074,8.641975308641975,5.384615384615385,5.7,-1.9,0.27,2.2,0.285,7,"-0.74137931",0.294,0.326,"0.74137931",-0.011,-0.009000000000000008,-0.007,-0.006,25.7,"36.7",11.418167545779808,-9.016180784580296,32.49526465554512,0.48717948717948717,33.6106692402427,29.873478022360725
545,694673,"Ortiz, Abimelec",596,91.4,0.186,0.169,0.205,0.356,0.251,0.285,0.221,22,118,90.4,15.5,2235,89.9,90.39,64,273,272,0.5,6.55,117,147,129,152,298,326,303,"5.36","-5.36","74.1","7.2","2.861369292",126,88,12,5,0,5,31,24.6,7,5.6,"2.34","0.51","0.41","-0.41","93.1",168,40.909090909090914,7.954545454545454,5.555555555555555,5.78,-2.03,-0.12,2.27,0.23,7,"-0.983486239",0.258,0.404,"0.983486239",-0.035,-0.027999999999999997,-0.048,-0.034,23.4,"37.0",7.797846579839798,-8.729520677694873,29.45173127060999,0.4981549815498155,38.637868651298824,37.10744343386759
545,682622,"Marte, Noelvi",761,71.6,0.201,0.108,0.24,0.309,0.245,0.248,0.213,28,139,88,7.2,2342,90.4,90.79,78,286,259,0.3999999999999915,6.54,108,151,122,146,305,324,292,"9.321","-9.321","69.7","7.3","4.053914641",148,107,19,6,0,3,33,22.3,8,5.4,"2.41","0.45","0.26","0.26","91.7",119,31.73076923076923,2.8846153846153846,2.027027027027027,5.6,-1.99,0.34,2.16,0.243,3,"-1.710275229",0.255,0.306,"1.710275229",-0.012,-0.01200000000000001,0.003,-0.003,27.3,"35.5",8.771521674001741,-5.11939264355823,32.296729880851416,0.558303886925795,37.633704226724795,36.40424087764038
537,667670,"Rooker, Brent",735,73.1,0.215,0.207,0.247,0.422,0.315,0.326,0.217,29,135,90.1,17.6,2303,89.6,89.67,100,265,272,0.10000000000000853,6.41,106,152,125,146,303,327,298,"2.441","-2.441","71.9","7.0","4.715342612",154,93,17,4,0,8,44,28.6,15,9.7,"2.36","0.52","0.22","0.22","92.5",170,42.391304347826086,16.304347826086957,9.740259740259742,5.77,-1.91,0.34,2.19,0.299,15,"-0.454562384",0.296,0.453,"0.454562384",-0.002,0.0030000000000000027,-0.031,-0.011,37.7,"36.7",12.824944398921074,-5.329471379052964,37.23770435657355,0.4763779527559055,36.393818519991804,32.99042662799476
537,663743,"Fortes, Nick",1120,47.9,0.267,0.127,0.293,0.393,0.302,0.259,0.233,40,150,85.1,7.4,2339,90.6,90.79,52,277,260,0.20000000000000284,6.55,108,150,114,146,297,322,288,"2.824","-2.824","69.6","7.3","2.753101694",156,127,29,7,0,4,23,14.7,4,2.6,"2.21","0.63","0.29","0.29","92.4",130,36,2.4,1.9230769230769231,5.74,-1.76,0.12,2.24,0.295,3,"-0.525884544",0.263,0.322,"0.525884544",0.034,0.03199999999999997,0.071,0.043,18.8,"37.6",2.4792636819147953,-7.3541162877716335,19.4899253938176,0.42435424354243545,36.02088952531906,29.011516616296287
531,622761,"Mateo, Jorge",842,63.1,0.2,0.125,0.276,0.325,0.253,0.281,0.22,24,120,87.2,11.8,2303,89.6,89.94,97,286,245,0.30000000000001137,6.47,107,150,112,146,306,323,291,"6.456","-6.456","70.2","7.6","4.295133728",129,79,15,6,0,3,42,32.6,7,5.4,"2.39","0.59","0.26","0.26","91.1",154,40.50632911392405,11.39240506329114,6.976744186046512,5.64,-1.91,0.27,2.23,0.248,9,"-1.215819209",0.268,0.376,"1.215819209",-0.02,-0.020000000000000018,-0.051,-0.028,33.9,"36.6",4.729293954794559,-8.62823561488414,27.600331136607192,0.45104895104895104,36.12690197835141,31.40460972712288
529,666971,"Gurriel Jr., Lourdes",727,72.8,0.213,0.096,0.255,0.309,0.248,0.265,0.22,29,136,88,18,2290,90.9,90.98,64,272,257,0.09999999999999432,6.37,108,151,123,147,305,327,296,"8.603","-8.603","69.0","7.5","4.752824463",147,108,20,7,0,2,31,21.1,6,4.1,"2.23","0.57","0.43","0.43","91.3",151,38.88888888888889,5.555555555555555,4.081632653061225,5.66,-1.98,0.2,2.23,0.252,6,"-1.626275992",0.269,0.301,"1.626275992",-0.007,-0.017000000000000015,0.008,-0.017,23.5,"36.4",9.857737504328208,-5.87418547954373,37.42060307043234,0.5058823529411764,36.34660527902292,31.094572582556832
523,806146,"Lombard Jr., George",653,80.1,0.224,0.152,0.271,0.376,0.282,0.272,0.225,28,125,87.1,8,2288,90.9,91.04,61,239,284,0.09999999999999432,6.42,107,151,112,145,303,325,288,"4.375","-4.375","69.7","7.2","1.692491368",134,90,19,4,0,5,36,26.9,7,5.2,"2.14","0.66","0.46","0.46","91.3",139,37.07865168539326,6.741573033707865,4.477611940298507,5.6,-1.87,0.02,2.28,0.269,6,"-0.836520076",0.271,0.344,"0.836520076",-0.001,-0.0020000000000000018,0.032,0.01,25.5,"37.6",7.556428761244463,6.2846424590228445,34.71648119843584,0.5301724137931034,38.09057262948649,31.4844716848012
520,691176,"Domínguez, Jasson",829,62.7,0.194,0.14,0.221,0.333,0.254,0.291,0.251,25,129,89.2,16,2188,90.6,91.06,59,258,262,0.5,6.52,117,147,122,153,293,329,299,"6.888","-6.888","73.8","7.7","2.658739358",137,99,15,6,0,4,30,21.9,7,5.1,"2.19","0.61","0.47","-0.47","92.4",152,42.857142857142854,5.1020408163265305,3.64963503649635,5.66,-1.85,-0.14,2.28,0.241,5,"-1.324615385",0.295,0.362,"1.324615385",-0.057,-0.05399999999999999,-0.029,-0.037,22.9,"38.1",5.732510218216556,-5.080647955431399,29.93136324994248,0.4470588235294118,33.43269330602411,28.34321925695703
517,703601,"Clark, Max",755,68.5,0.213,0.115,0.267,0.328,0.282,0.294,0.232,26,122,88.3,20.1,2243,90.9,91.21,41,239,278,0.29999999999999716,6.43,116,146,106,150,292,326,301,"5.273","-5.273","72.7","7.6","2.208261353",139,92,17,6,1,2,31,22.3,13,9.4,"2.19","0.62","0.45","-0.45","91.1",176,38.04347826086957,2.1739130434782608,1.4388489208633095,5.61,-1.94,-0.08,2.4,0.302,2,"-1.019922631",0.318,0.317,"1.019922631",-0.019,-0.016000000000000014,0.011,-0.012,17.2,"34.2",7.032373990148616,0.7385729734932331,32.35929610171124,0.41596638655462187,32.57532788211348,32.09828879544826
515,553869,"Díaz, Elias",942,54.7,0.21,0.076,0.282,0.286,0.239,0.229,0.193,25,119,86.9,15.6,2341,90.5,90.73,87,274,241,0.20000000000000284,6.44,108,151,122,147,304,324,291,"10.217","-10.217","72.5","7.0","5.73862841",128,86,18,6,0,1,35,27.3,5,3.9,"2.14","0.68","0.23","0.23","91.5",153,38.372093023255815,2.3255813953488373,1.5625,5.81,-1.81,0.31,2.24,0.25,2,"-1.983883495",0.236,0.272,"1.983883495",0.017,0.014000000000000012,0.014,0.01,31.8,"39.1",7.9127146839590665,-5.294610388577012,28.696338639784788,0.5166051660516605,37.30815764544587,37.6377047396669
514,669743,"Call, Alex",848,60.6,0.198,0.04,0.244,0.238,0.263,0.263,0.192,20,101,81.8,16.1,2312,90.6,91.07,31,206,308,0.5,6.4,107,152,115,146,303,319,289,"4.313","-4.313","63.1","6.5","1.312345171",119,82,16,4,0,0,20,16.8,14,11.8,"2.22","0.65","0.4","0.4","89.2",138,13.414634146341465,2.4390243902439024,1.680672268907563,5.77,-1.9,0.14,2.28,0.311,2,"-0.839105058",0.306,0.248,"0.839105058",0.006,0.0050000000000000044,-0.01,0,15,"37.2",5.4996447054272295,4.089952687365519,31.813205938389697,0.400990099009901,36.4589772026425,28.949302198827635
511,668670,"Rogers, Jake",688,74.3,0.142,0.104,0.191,0.245,0.231,0.243,0.156,15,106,87.4,22.8,2335,89.3,89.54,54,218,293,0.20000000000000284,6.42,108,151,120,146,296,326,293,"7.569","-7.569","67.3","7.3","3.437873482",124,70,9,3,1,2,38,30.6,15,12.1,"2.3","0.63","0.24","0.24","90.6",156,32.857142857142854,8.571428571428571,4.838709677419355,5.74,-2,0.28,2.34,0.25,6,"-1.481213307",0.263,0.263,"1.481213307",-0.014,-0.013000000000000012,-0.018,-0.012,24.8,"38.2",15.179420912231704,-2.241261714881884,30.580903243463535,0.6186046511627907,36.82080822192055,32.09133187693542
509,687952,"Encarnacion-Strand, Christian",796,63.9,0.27,0.175,0.323,0.444,0.32,0.281,0.231,34,126,88.7,18.7,2298,90.8,90.91,79,303,206,0.10000000000000853,6.46,107,151,122,146,305,327,295,"-1.348","1.348","71.6","7.2","2.421830746",134,97,20,10,0,4,31,23.1,3,2.2,"2.15","0.66","0.39","0.39","91.4",156,34.02061855670103,8.24742268041237,5.970149253731343,5.68,-1.98,0.24,2.28,0.299,8,"0.264833006",0.262,0.391,"-0.264833006",0.039,0.03699999999999998,0.053,0.039,26.1,"37.9",12.647816623118482,3.051550147745973,32.861614901265646,0.5435540069686411,39.72216235898864,27.217542136510136
507,683766,"Koss, Christian",765,66.3,0.232,0.036,0.33,0.268,0.25,0.251,0.224,32,138,84.2,9.3,2345,90.6,91.07,82,264,243,0.5,6.52,106,150,109,146,302,320,286,"8.521","-8.521","66.3","7.0","3.083598286",147,97,27,5,0,0,41,27.9,7,4.8,"2.22","0.64","0.24","0.24","90.8",136,27.835051546391753,3.0927835051546393,2.0408163265306123,5.75,-1.92,0.16,2.22,0.279,3,"-1.680670611",0.272,0.286,"1.680670611",0.008,0.007000000000000006,-0.018,-0.001,31.1,"39.4",9.177217015523343,4.511296895769589,27.063184493122286,0.5807692307692308,38.32149858201807,25.091179452499215
497,700337,"Quero, Edgar",838,59.3,0.236,0.009,0.313,0.245,0.264,0.28,0.228,26,110,92.4,7.4,2270,90.8,90.98,64,241,256,0.20000000000000284,6.41,111,146,118,151,287,323,302,"6.08","-6.08","67.2","6.8","1.060226566",124,83,25,1,0,0,28,22.6,10,8.1,"2.13","0.7","0.45","-0.45","91.6",156,41.46341463414634,1.2195121951219512,0.8064516129032258,5.67,-1.9,-0.13,2.43,0.315,1,"-1.22334004",0.312,0.296,"1.22334004",0.008,0.0030000000000000027,-0.051,-0.016,26.6,"36.4",4.646553911764222,9.543180551649495,27.95138135117619,0.5042016806722689,38.37427334098443,23.96222746665023
497,678011,"Seigler, Anthony",649,76.6,0.272,0.158,0.319,0.43,0.345,0.314,0.247,31,114,86.9,13.3,2256,90.5,90.77,54,230,267,0.29999999999999716,6.36,115,146,105,151,284,322,305,"-2.42","2.42","64.5","6.6","2.018136935",130,93,18,10,1,2,22,16.9,14,10.8,"2.29","0.57","0.4","-0.4","90.8",168,38.70967741935484,4.301075268817205,3.076923076923077,5.74,-1.87,-0.1,2.27,0.354,4,"0.486921529",0.334,0.367,"-0.486921529",0.025,0.019999999999999962,0.063,0.031,23.5,"37.6",8.426833766309704,11.018457355748865,36.75913336839544,0.5,35.32630567036571,28.74165939722344
496,687363,"Scott II, Victor",716,69.3,0.157,0.065,0.222,0.222,0.23,0.282,0.216,17,108,87.9,8.5,2219,90.1,90.24,63,229,267,0.10000000000000853,6.45,106,144,92,148,288,319,302,"10.746","-10.746","66.0","6.3","2.544241116",123,73,12,4,0,1,35,28.5,14,11.4,"2.25","0.62","0.44","-0.44","90.6",165,31.506849315068493,2.73972602739726,1.6260162601626018,5.68,-1.9,-0.15,2.26,0.26,2,"-2.166532258",0.312,0.303,"2.166532258",-0.059,-0.05199999999999999,-0.081,-0.052,27.5,"36.6",6.165510177591475,1.146691883183814,31.863027192975796,0.4,33.803406089973784,27.90311193147992
496,595879,"Báez, Javier",691,71.8,0.231,0.085,0.29,0.315,0.256,0.239,0.219,30,130,84.4,8,2378,88.4,88.64,78,266,230,0.19999999999998863,6.45,107,152,120,147,302,324,289,"7.396","-7.396","71.6","8.5","4.73203013",137,101,21,8,0,1,30,21.9,4,2.9,"2.6","0.38","0.05","0.05","90.9",127,32,1,0.7299270072992701,5.65,-1.78,0.39,2.16,0.263,1,"-1.491129032",0.256,0.275,"1.491129032",0.012,0.007000000000000006,0.04,0.017,29.3,"36.3",9.141963070312286,-6.9115687290603685,28.13536670230907,0.5416666666666666,41.89575767188827,32.09804347046789
495,686452,"Millas, Drew",585,84.6,0.186,0.088,0.226,0.274,0.249,0.269,0.213,21,113,83.1,12.9,2266,90.2,90.43,49,221,274,0.20000000000000284,6.4,115,146,112,149,287,317,301,"6.807","-6.807","66.0","7.0","2.46139698",129,86,15,4,0,2,28,21.7,10,7.8,"2.23","0.61","0.4","-0.4","90.0",145,23.52941176470588,3.5294117647058822,2.3255813953488373,5.91,-1.92,-0.1,2.4,0.268,3,"-1.375151515",0.293,0.3,"1.375151515",-0.027,-0.024999999999999967,-0.026,-0.02,22.2,"38.9",5.401975437012055,-1.0695128595772705,31.28196827611443,0.39814814814814814,34.60768869549439,25.43182353050559
495,623168,"Heineman, Tyler",693,71.4,0.171,0.065,0.2,0.236,0.217,0.243,0.21,21,123,81.2,11.9,2199,89.6,89.7,60,280,215,0.10000000000000853,6.41,117,147,105,151,289,320,296,"12.225","-12.225","61.7","6.7","2.926044118",133,101,16,3,1,1,22,16.5,5,3.8,"2.37","0.53","0.38","-0.38","89.6",146,12,1,0.7518796992481203,5.8,-1.93,-0.18,2.15,0.233,1,"-2.46969697",0.27,0.262,"2.46969697",-0.039,-0.037000000000000005,-0.026,-0.026,21.4,"37.5",4.2186743164090785,-7.815623029901438,30.72492959858366,0.42700729927007297,37.30152701749468,33.02289571900416
493,665923,"Ruiz, Esteury",1029,47.9,0.198,0.113,0.297,0.311,0.291,0.27,0.183,21,106,80.8,18.1,2360,90.3,90.38,72,241,252,0.10000000000000853,6.41,106,151,104,146,299,318,286,"0.758","-0.758","65.7","7.1","3.559354923",125,66,13,6,0,2,40,32,11,8.8,"2.29","0.55","0.31","0.31","89.9",132,19.402985074626866,5.970149253731343,3.2,5.56,-1.85,0.39,2.18,0.315,4,"-0.153752535",0.302,0.272,"0.153752535",0.015,0.013000000000000012,0.039,0.021,29.9,"36.0",11.461220509710309,-2.3827421716619126,35.194747155799845,0.4127659574468085,37.99805884745191,28.651906930801772
491,690984,"Halpin, Petey",663,74.1,0.256,0.113,0.295,0.368,0.298,0.315,0.265,34,133,87.1,20.3,2267,90.3,90.53,72,296,195,0.20000000000000284,6.41,111,145,104,151,288,321,301,"4.451","-4.451","68.1","6.9","1.366694911",142,108,26,4,1,3,25,17.6,7,4.9,"2.2","0.66","0.43","-0.43","90.8",176,31.48148148148148,6.481481481481481,4.929577464788732,5.7,-1.88,-0.18,2.32,0.303,7,"-0.906517312",0.312,0.407,"0.906517312",-0.009,-0.009000000000000008,-0.039,-0.017,24.3,"37.7",7.607975081072498,1.0823627225955896,34.85888169861741,0.47079037800687284,32.87938454291113,29.54658578980222
489,596146,"Kepler, Max",536,91.2,0.185,0.092,0.222,0.277,0.235,0.262,0.198,22,119,88.6,19.9,2185,90.4,90.59,67,258,231,0.19999999999998863,6.43,116,146,118,153,298,327,303,"9.245","-9.245","70.2","7.3","2.408203974",132,92,15,5,0,2,29,22,11,8.3,"2.26","0.57","0.59","-0.59","91.8",159,38.04347826086957,7.608695652173914,5.303030303030303,5.68,-1.9,-0.18,2.22,0.25,7,"-1.890593047",0.262,0.322,"1.890593047",-0.013,-0.01200000000000001,-0.045,-0.027,26,"36.4",6.700410200853209,-7.56259058657502,32.15796082444747,0.466403162055336,39.16654584010455,34.62326721696461
486,682848,"Rodríguez, Endy",612,79.4,0.297,0.216,0.365,0.514,0.396,0.347,0.258,33,111,92.9,19.6,2298,90.2,90.6,53,221,265,0.3999999999999915,6.45,114,145,115,150,293,321,298,"-8.119","8.119","70.8","7.1","3.682256559",130,80,21,6,0,6,31,23.8,18,13.8,"2.23","0.6","0.31","-0.31","92.5",184,49.382716049382715,11.11111111111111,6.923076923076923,5.64,-1.84,-0.06,2.32,0.395,9,"1.670576132",0.362,0.421,"-1.670576132",0.039,0.03300000000000003,0.093,0.049,24,"36.2",8.382870801647908,-3.275003216017742,36.41984133948597,0.44954128440366975,32.066591306269196,28.455544140077013
484,699625,"Crooks, Jimmy",565,85.7,0.181,0.138,0.236,0.319,0.255,0.288,0.198,21,116,92.5,18.9,2301,89.5,89.92,81,239,245,0.4000000000000057,6.46,115,145,120,151,296,325,303,"8.845","-8.845","70.7","7.1","3.34655429",128,76,13,4,0,4,41,32,8,6.3,"2.36","0.52","0.34","-0.34","92.4",171,53.333333333333336,10.666666666666668,6.25,5.64,-1.91,-0.02,2.21,0.25,8,"-1.827479339",0.268,0.39,"1.827479339",-0.017,-0.018000000000000016,-0.071,-0.033,33.9,"36.5",16.252414821904374,0.07615806020295252,36.493121571453145,0.3948497854077253,37.37405364898438,38.008766676099505
484,695336,"Saggese, Thomas",712,68,0.243,0.07,0.307,0.313,0.265,0.307,0.258,28,115,90.4,9.8,2337,90.7,91.02,63,258,226,0.29999999999999716,6.48,106,151,115,147,308,322,290,"5.667","-5.667","70.0","6.9","2.530227022",124,89,22,5,0,1,28,22.6,5,4,"2.22","0.6","0.28","0.28","91.9",174,42.04545454545455,6.8181818181818175,4.838709677419355,5.67,-1.89,0.24,2.27,0.282,6,"-1.170867769",0.301,0.393,"1.170867769",-0.015,-0.019000000000000017,-0.08,-0.042,24.4,"36.8",6.569558462952898,5.792989318018429,35.973803570006865,0.4196078431372549,36.326901132327365,26.846619873483732
483,703520,"Bateman, Brett",721,67,0.343,0.111,0.432,0.455,0.397,0.338,0.286,34,99,85,2,2253,90.3,90.35,29,205,278,0.10000000000000853,6.38,117,147,102,151,281,318,301,"-5.488","5.488","66.6","6.8","1.080273552",115,76,27,5,0,2,23,20,15,13,"2.33","0.52","0.43","-0.43","89.8",141,19.736842105263158,2.631578947368421,1.7391304347826086,5.69,-1.73,-0.05,2.35,0.435,2,"1.136231884",0.38,0.367,"-1.136231884",0.057,0.05499999999999999,0.088,0.059,14.1,"36.0",6.24172922175755,9.435693156679074,35.29964499447248,0.395,36.82083292860433,24.95291043409922
480,670231,"Rave, John",639,75.1,0.231,0.212,0.26,0.442,0.338,0.344,0.262,24,104,88.6,14.4,2275,89.3,89.62,47,199,281,0.29999999999999716,6.44,113,143,100,149,292,327,303,"0.054","-0.054","72.3","7.2","1.549917289",119,78,12,7,0,5,26,21.8,15,12.6,"2.38","0.52","0.3","-0.3","92.6",156,40.25974025974026,11.688311688311687,7.563025210084033,5.68,-1.96,-0.13,2.18,0.328,9,"-0.01125",0.356,0.422,"0.01125",-0.031,-0.02799999999999997,0.02,-0.006,23.6,"35.9",9.671449052147196,-5.3555926216399055,26.55819765312673,0.6461538461538462,37.098892811792915,33.81958226959549
479,669392,"Taylor, Samad",683,70.1,0.317,0.099,0.435,0.416,0.368,0.341,0.277,32,101,86.7,6.6,2287,90.6,91.11,59,204,275,0.5,6.58,99,149,100,145,302,322,288,"-5.398","5.398","64.8","6.7","2.960462349",118,71,26,4,0,2,31,26.3,16,13.6,"2.3","0.53","0.45","0.45","90.2",136,29.577464788732392,4.225352112676056,2.5423728813559325,5.69,-1.8,0.25,2.14,0.407,3,"1.126931106",0.379,0.355,"-1.126931106",0.04,0.02799999999999997,0.061,0.027,28.9,"36.4",12.376479277038598,2.1263414367573903,36.48948841704706,0.49746192893401014,32.13776633365133,28.973423374755818
476,624428,"Frazier, Adam",566,84.1,0.241,0.125,0.347,0.366,0.291,0.257,0.225,27,112,85.2,13.8,2208,90.8,90.87,74,262,214,0.10000000000000853,6.45,118,146,108,151,285,315,297,"2.111","-2.111","62.3","6.7","2.576491859",122,76,16,9,1,1,36,29.5,9,7.4,"2.2","0.63","0.43","-0.43","89.8",148,17.105263157894736,2.631578947368421,1.639344262295082,5.66,-2,-0.15,2.27,0.303,2,"-0.443487395",0.277,0.297,"0.443487395",0.016,0.025999999999999968,0.069,0.034,28.2,"35.3",10.046453543802546,4.854013653030761,39.28996191436076,0.4296875,32.21232990287352,23.691542763570617
468,678489,"Barrosa, Jorge",746,62.7,0.163,0.12,0.246,0.283,0.235,0.218,0.155,15,92,88.5,20.2,2246,90.9,91.08,67,203,265,0.19999999999998863,6.46,116,147,104,151,289,322,300,"7.777","-7.777","65.6","7.4","2.297030096",101,58,7,6,1,1,34,33.7,9,8.9,"2.11","0.7","0.42","-0.42","90.8",168,34.48275862068966,5.172413793103448,2.9702970297029703,5.74,-1.88,-0.12,2.32,0.238,3,"-1.661752137",0.23,0.244,"1.661752137",0.008,0.00799999999999998,0.039,0.017,33,"38.9",11.551127927699733,-2.6220935825064573,24.48802951633419,0.5373134328358209,36.59195187941457,28.237367119612472
467,656976,"Smith, Pavin",493,94.7,0.186,0.118,0.211,0.304,0.26,0.291,0.222,19,102,87.7,13.4,2315,89.7,89.81,42,209,258,0.09999999999999432,6.4,114,146,120,152,295,328,303,"5.445","-5.445","68.7","7.4","2.861833479",115,79,13,3,0,3,24,20.9,12,10.4,"2.41","0.47","0.3","-0.3","91.7",145,40.50632911392405,5.063291139240507,3.4782608695652173,5.64,-1.85,0.02,2.24,0.27,4,"-1.165952891",0.305,0.33,"1.165952891",-0.036,-0.034999999999999976,-0.026,-0.031,20.1,"36.2",10.102118525046738,-2.530342836998451,29.395372124508278,0.5853658536585366,38.17473535311202,27.949035656541085
466,666181,"Benson, Will",476,97.9,0.181,0.149,0.264,0.33,0.288,0.303,0.189,17,94,91.2,24.7,2265,89,89.21,73,201,265,0.20000000000000284,6.51,115,146,118,152,297,327,299,"4.897","-4.897","71.2","7.6","3.786282167",112,56,10,3,1,3,38,33.9,16,14.3,"2.53","0.41","0.39","-0.39","91.6",173,40.74074074074074,12.962962962962962,6.25,5.68,-1.87,-0.1,2.16,0.306,7,"-1.050858369",0.311,0.359,"1.050858369",-0.008,-0.0050000000000000044,-0.029,-0.015,36.3,"36.0",13.486111036181597,-7.022307661005546,37.323983758867186,0.4696969696969697,37.14018659109205,28.137907339538373
460,642350,"Siri, Jose",974,47.2,0.252,0.148,0.352,0.4,0.299,0.275,0.223,29,115,86.1,12.6,2334,90.4,90.48,101,258,202,0.09999999999999432,6.44,106,150,113,145,309,326,293,"1.519","-1.519","68.3","7.4","5.157636678",122,75,20,5,0,4,41,33.6,5,4.1,"2.34","0.53","0.28","0.28","91.3",141,35.13513513513514,12.162162162162163,7.377049180327869,5.69,-1.85,0.28,2.27,0.287,9,"-0.330217391",0.261,0.37,"0.330217391",0.029,0.025999999999999968,0.03,0.024,39.1,"37.1",8.845239590946628,-2.8352382338617432,32.575006846494546,0.46530612244897956,37.089490498787185,29.6885984456452
460,695720,"White, Tommy",703,65.4,0.23,0.115,0.25,0.344,0.257,0.306,0.266,28,122,84.5,9.9,2318,89.9,90.07,51,239,221,0.19999999999998863,6.38,110,151,122,147,303,323,288,"8.598","-8.598","66.8","7.3","3.614134389",126,103,20,5,0,3,20,15.9,3,2.4,"2.35","0.54","0.29","0.29","90.4",152,25.24271844660194,8.737864077669903,7.142857142857142,5.72,-1.8,0.33,2.18,0.246,9,"-1.869130435",0.285,0.416,"1.869130435",-0.036,-0.03899999999999998,-0.072,-0.049,21.3,"38.4",8.566303339477505,4.355575770942139,32.41367870545971,0.6111111111111112,32.57099030660516,27.123497203990794
455,808975,"Kim, Hyeseong",515,88.3,0.284,0.078,0.364,0.363,0.317,0.324,0.279,29,102,86,9.9,2166,89.5,89.66,58,210,245,0.20000000000000284,6.41,114,147,109,151,287,317,302,"0.62","-0.62","65.4","7.2","2.610980146",116,78,24,3,1,1,26,22.4,11,9.5,"2.34","0.56","0.6","-0.6","90.4",163,26.582278481012654,3.79746835443038,2.586206896551724,5.74,-1.99,-0.19,2.29,0.348,3,"-0.136263736",0.352,0.368,"0.136263736",0.005,-0.0040000000000000036,-0.005,-0.007,27.6,"35.9",6.95590059697889,2.7805152221696074,40.168866522179584,0.3605769230769231,34.89355978409301,23.282606027231427
455,595978,"Hedges, Austin",934,48.7,0.243,0.112,0.303,0.355,0.291,0.255,0.216,26,107,84.5,11,2391,90.7,91.02,54,204,251,0.29999999999999716,6.52,106,151,119,146,297,319,288,"2.38","-2.38","65.9","7.1","6.554766445",117,79,20,3,0,3,29,24.8,8,6.8,"2.19","0.62","0.17","0.17","90.7",146,26.582278481012654,5.063291139240507,3.418803418803419,5.76,-2,0.37,2.12,0.299,4,"-0.523076923",0.274,0.293,"0.523076923",0.027,0.024999999999999967,0.062,0.036,26.5,"39.2",9.459679093510788,-5.886571214418847,25.5188137831498,0.6060606060606061,37.5572563210482,34.446333536810776
454,672761,"Pérez, Wenceel",653,69.5,0.156,0.128,0.165,0.284,0.238,0.235,0.172,17,109,86.3,16,2230,89.5,89.74,37,212,242,0.20000000000000284,6.42,114,146,109,151,292,327,300,"9.34","-9.34","68.6","6.8","1.987335423",121,88,10,3,1,3,21,17.4,12,9.9,"2.32","0.58","0.44","-0.43","91.2",146,27.27272727272727,4.545454545454546,3.3057851239669422,5.6,-1.92,-0.12,2.32,0.24,4,"-2.057268722",0.254,0.258,"2.057268722",-0.016,-0.014000000000000012,0.026,0.003,17.5,"35.8",6.428845992036499,-5.874925804958452,27.13212336272637,0.4523809523809524,35.2247669669651,27.67670738152031
453,691458,"Jordan, Blaze",719,63,0.235,0.07,0.268,0.304,0.243,0.297,0.258,27,115,88.3,7.6,2335,90.7,90.9,54,247,206,0.20000000000000284,6.39,109,150,123,147,305,325,293,"6.277","-6.277","71.0","7.2","3.224237346",123,98,21,5,0,1,21,17.1,3,2.4,"2.22","0.59","0.31","0.31","92.0",144,47.42268041237113,9.278350515463918,7.317073170731707,5.71,-1.95,0.11,2.2,0.252,9,"-1.385651214",0.283,0.388,"1.385651214",-0.023,-0.030999999999999972,-0.084,-0.054,21.9,"37.0",4.3683725601847,0.8297398152371754,30.0692863293865,0.38271604938271603,39.72644163785561,30.86604780881689
453,675961,"Williams, Alika",835,54.3,0.252,0.143,0.318,0.395,0.296,0.234,0.202,30,119,85.5,11.6,2362,90.4,90.53,57,233,220,0.09999999999999432,6.35,106,151,112,146,299,320,286,"4.125","-4.125","66.6","6.9","4.196786991",126,90,18,9,1,2,30,23.8,5,4,"2.33","0.52","0.23","0.23","90.9",134,36.666666666666664,1.1111111111111112,0.7936507936507936,5.66,-1.83,0.3,2.23,0.286,1,"-0.910596026",0.24,0.286,"0.910596026",0.05,0.045999999999999985,0.109,0.062,24.5,"36.0",7.042710629690953,-7.11923481694191,35.56971254130811,0.4481132075471698,35.95089791790368,31.288048447104273
446,686780,"Pagés, Pedro",879,50.7,0.228,0.149,0.268,0.376,0.291,0.286,0.223,23,101,86,13.5,2358,90.5,90.71,61,212,234,0.20000000000000284,6.46,109,151,122,148,306,322,290,"3.711","-3.711","69.6","7.0","4.273006148",112,75,16,3,0,4,28,25,7,6.3,"2.22","0.61","0.27","0.27","91.8",151,34.66666666666667,6.666666666666667,4.464285714285714,5.65,-1.93,0.2,2.19,0.286,5,"-0.83206278",0.288,0.353,"0.83206278",0.005,-0.0020000000000000018,0.023,0.005,28.8,"35.3",11.215411473414596,-6.323684918270848,31.201442853768114,0.5024390243902439,36.0933345944749,36.038679995118564
443,694371,"Troy, Tommy",577,76.8,0.17,0.11,0.2,0.28,0.239,0.3,0.218,17,100,85.1,11.9,2320,89.7,89.82,53,195,248,0.09999999999999432,6.4,109,152,109,147,305,322,289,"6.537","-6.537","67.2","6.7","5.119205436",110,73,12,2,0,3,27,24.5,10,9.1,"2.39","0.49","0.29","0.29","91.1",141,32.87671232876712,9.58904109589041,6.363636363636363,5.56,-1.8,0.19,2.17,0.245,7,"-1.475620767",0.289,0.396,"1.475620767",-0.048,-0.043999999999999984,-0.116,-0.061,27.2,"35.6",9.869477974219333,-5.481366943865634,32.287850250699314,0.48404255319148937,36.63628511302515,31.60158015171467
439,687957,"Harris, Dustin",532,82.5,0.31,0.106,0.354,0.416,0.34,0.318,0.288,35,113,86,16.9,2286,89.4,89.66,41,210,229,0.29999999999999716,6.47,118,146,106,151,287,324,298,"-1.104","1.104","65.1","6.5","4.616821792",125,99,27,4,4,0,16,12.8,9,7.2,"2.36","0.54","0.32","-0.32","91.1",154,22.22222222222222,2.0202020202020203,1.6,5.73,-1.91,-0.16,2.25,0.36,2,"0.251480638",0.341,0.379,"-0.251480638",0.022,0.01899999999999996,0.037,0.022,19.5,"37.2",13.818806463446702,-8.62603334259759,38.782993243293795,0.3961352657004831,33.204564255616816,35.70150423885437
437,593871,"Polanco, Jorge",565,77.3,0.163,0.106,0.2,0.269,0.222,0.243,0.193,17,104,86.2,10.4,2252,90,90.14,40,186,251,0.09999999999999432,6.46,117,146,113,151,292,324,300,"9.093","-9.093","68.0","7.2","3.080003945",112,77,10,5,0,2,27,24.1,8,7.1,"2.3","0.56","0.44","-0.44","91.6",146,33.76623376623377,2.5974025974025974,1.7857142857142856,5.67,-1.78,-0.14,2.21,0.223,2,"-2.080778032",0.251,0.292,"2.080778032",-0.03,-0.027999999999999997,-0.023,-0.021,21.5,"36.3",7.066900291602461,-6.143264989476254,30.34263907002572,0.4918918918918919,37.10191792823431,28.473080499285405
435,660844,"Rivas, Leo",648,67.1,0.193,0.048,0.296,0.241,0.258,0.267,0.197,16,83,86.7,18.6,2255,89.6,89.79,40,166,269,0.20000000000000284,6.45,113,144,104,150,287,317,296,"5.368","-5.368","61.6","6.8","4.022603844",99,54,13,2,1,0,31,31.3,11,11.1,"2.21","0.68","0.38","-0.38","89.6",150,20.37037037037037,1.8518518518518516,1.0101010101010102,5.81,-1.91,-0.07,2.26,0.303,1,"-1.234022989",0.307,0.268,"1.234022989",-0.004,-0.0040000000000000036,-0.027,-0.009,24.1,"38.7",15.465487000668743,-5.132434632019676,38.37472900413546,0.4506172839506173,32.043822150438054,31.89634824436607
434,691019,"Teel, Kyle",612,70.9,0.212,0.2,0.295,0.412,0.335,0.333,0.205,18,85,86.5,15.1,2294,90,90.42,72,196,238,0.4000000000000057,6.56,116,144,117,150,290,322,303,"-2.284","2.284","70.4","6.8","2.565878684",103,49,11,2,0,5,37,35.9,14,13.6,"2.43","0.43","0.33","-0.33","91.8",176,51.02040816326531,14.285714285714285,6.796116504854369,5.74,-1.93,-0.05,2.26,0.34,7,"0.526267281",0.335,0.413,"-0.526267281",0.007,0.0050000000000000044,-0.001,0.002,36.7,"36.2",11.834647644774028,3.108751845093201,38.87858798535929,0.37755102040816324,36.6353508245271,29.388546158550618
432,643396,"Kiner-Falefa, Isiah",663,65.2,0.286,0.071,0.323,0.357,0.322,0.297,0.265,32,112,82.7,5.6,2290,89.8,90.16,37,203,229,0.4000000000000057,6.55,107,150,112,147,292,317,287,"0.164","-0.164","65.8","6.8","3.014713569",124,97,26,5,0,1,15,12.1,12,9.7,"2.3","0.61","0.38","0.38","90.6",124,27.835051546391753,1.0309278350515463,0.8064516129032258,5.7,-1.76,0.21,2.19,0.355,1,"-0.037962963",0.337,0.319,"0.037962963",0.021,0.01799999999999996,0.038,0.025,18.2,"38.5",2.918764236141518,0.515812442443704,30.177401632970884,0.39,34.262783819194595,30.11004905115871
430,621438,"Taylor, Tyrone",895,48,0.241,0.194,0.247,0.435,0.322,0.3,0.225,26,108,85.7,15.5,2295,89.4,89.55,42,190,240,0.19999999999998863,6.35,109,152,116,146,301,323,292,"0.941","-0.941","69.6","7.3","3.525417163",121,90,15,6,0,5,20,16.5,9,7.4,"2.49","0.6","0.31","0.31","91.3",155,31.11111111111111,10,7.43801652892562,5.77,-1.79,0.24,2.33,0.306,9,"-0.218837209",0.295,0.388,"0.218837209",0.016,0.01100000000000001,0.047,0.022,22.1,"36.7",9.597550326980786,-3.936951279313315,33.9027024264514,0.5828877005347594,36.2394837142582,27.647063049437143
430,660162,"Moncada, Yoán",552,77.9,0.222,0.133,0.315,0.356,0.309,0.29,0.196,20,90,90.9,20.1,2245,89.9,89.68,48,167,263,-0.20000000000000284,6.36,121,147,125,152,296,325,300,"1.013","-1.013","71.1","7.2","4.476788231",104,57,15,1,1,3,33,31.7,13,12.5,"2.35","0.52","0.37","-0.37","92.3",162,42.857142857142854,8.928571428571429,4.807692307692308,5.78,-1.92,-0.01,2.19,0.327,5,"-0.235581395",0.306,0.331,"0.235581395",0.026,0.02100000000000002,0.025,0.019,28.7,"36.9",12.263857787906447,-4.59549745815053,39.42078823010941,0.3558282208588957,35.48147844691092,33.94432859531825
428,695490,"Arroyo, Edwin",574,74.6,0.212,0.029,0.286,0.24,0.236,0.29,0.261,22,104,87.6,17.7,2253,89.8,90.36,63,242,186,0.6000000000000085,6.54,116,146,104,151,288,320,297,"7.978","-7.978","66.8","7.2","3.233004588",112,77,19,3,0,0,27,24.1,5,4.5,"2.42","0.45","0.33","-0.33","90.6",163,24,2.666666666666667,1.7857142857142856,5.68,-1.89,-0.14,2.2,0.268,2,"-1.864018692",0.315,0.336,"1.864018692",-0.049,-0.046999999999999986,-0.096,-0.054,26,"37.8",13.745322974629312,-5.349636473046772,36.86691080455716,0.42016806722689076,35.962235885534625,28.304122115276208
428,694388,"Loperfido, Joey",482,88.8,0.236,0.135,0.333,0.371,0.317,0.304,0.232,21,89,88.6,9.9,2244,89.5,89.56,68,204,224,0.09999999999999432,6.32,117,146,113,151,285,324,300,"0.516","-0.516","69.7","7.6","2.545706805",106,61,12,7,1,1,29,27.4,14,13.2,"2.41","0.47","0.22","-0.22","91.1",145,33.87096774193548,6.451612903225806,3.7735849056603774,5.76,-1.9,-0.06,2.21,0.343,4,"-0.120560748",0.333,0.339,"0.120560748",0.004,0.010000000000000009,0.032,0.013,33.3,"37.1",13.850850817386535,9.860961879651901,39.05250390632252,0.3969849246231156,39.30142335694778,24.989521798208425
424,668723,"Vilade, Ryan",1102,38.5,0.202,0.149,0.231,0.351,0.287,0.304,0.223,19,94,87.9,10.7,2323,91.6,91.76,47,189,235,0.20000000000000284,6.49,107,152,120,147,305,325,289,"1.037","-1.037","73.8","7.2","3.494279468",107,69,13,2,0,4,26,24.3,11,10.3,"2.03","0.75","0.4","0.4","91.8",149,39.130434782608695,7.246376811594203,4.672897196261682,5.79,-1.87,0.21,2.35,0.29,5,"-0.244575472",0.308,0.381,"0.244575472",-0.021,-0.018000000000000016,-0.03,-0.017,24.9,"39.5",3.0147123236636495,1.7455990317908072,29.44755212732662,0.37158469945355194,35.74499383092322,28.955174625390168
418,669397,"Allen, Nick",576,72.6,0.272,0.087,0.333,0.359,0.304,0.236,0.205,28,103,85.6,13,2330,90.9,91.09,49,197,221,0.19999999999998863,6.47,106,149,106,146,292,316,281,"2.25","-2.25","65.5","6.4","2.392502382",114,80,23,3,0,2,25,21.9,9,7.9,"2.22","0.75","0.39","0.39","90.5",138,27.500000000000004,1.25,0.8771929824561403,5.76,-1.98,0.29,2.25,0.325,1,"-0.538277512",0.266,0.249,"0.538277512",0.067,0.059,0.11,0.068,24.9,"37.0",4.795328247581466,-3.2447362187345212,26.85885056953255,0.5544041450777202,34.70855195426534,32.472952506918446
413,686668,"Doyle, Brenton",775,53.3,0.197,0.051,0.31,0.248,0.219,0.22,0.191,23,117,88.9,8.4,2347,89.7,90.05,74,226,187,0.29999999999999716,6.46,108,150,114,145,307,327,292,"9.076","-9.076","70.2","7.2","3.831251839",123,72,19,3,0,1,45,36.6,6,4.9,"2.3","0.6","0.22","0.22","90.6",162,31.944444444444443,4.166666666666666,2.4390243902439024,5.71,-1.95,0.22,2.22,0.236,3,"-2.197578692",0.231,0.261,"2.197578692",0.006,0.004999999999999977,-0.013,-0.001,32.7,"36.0",12.603190849009852,-0.42966026274397656,29.662563354136335,0.5964125560538116,38.639196239526406,27.945046588126065
409,807713,"Shaw, Matt",797,51.3,0.184,0.161,0.2,0.345,0.275,0.299,0.224,16,87,86.1,18.1,2320,89.5,89.75,37,180,229,0.20000000000000284,6.5,105,149,114,144,299,319,288,"1.424","-1.424","67.0","7.0","2.571256803",99,68,10,1,2,3,20,20.2,10,10.1,"2.55","0.57","0.21","0.21","90.6",172,35.294117647058826,5.88235294117647,4.040404040404041,5.69,-1.77,0.11,2.24,0.273,4,"-0.348166259",0.308,0.367,"0.348166259",-0.04,-0.034999999999999976,-0.022,-0.024,20.6,"38.3",8.620545220212543,0.25804434595338377,28.781282527617524,0.6285714285714286,37.139829652859056,30.191336365420582
402,699302,"Rodríguez, Héctor",560,71.8,0.245,0.225,0.274,0.471,0.332,0.28,0.213,25,102,88.4,11.3,2235,88.8,88.87,58,226,176,0.10000000000000853,6.4,117,147,107,152,291,321,299,"-2.031","2.031","73.6","7.8","3.565425108",110,78,14,4,2,5,24,21.8,7,6.4,"2.66","0.29","0.37","-0.37","92.4",134,33.33333333333333,7.6923076923076925,5.454545454545454,5.61,-1.89,-0.23,2.2,0.3,6,"0.505223881",0.27,0.364,"-0.505223881",0.032,0.02999999999999997,0.107,0.052,25.7,"36.3",11.079850240819441,-3.6198210441500622,34.13865823301231,0.5758928571428571,36.53928337721631,33.69726511052131
401,682997,"Callihan, Tyler",424,94.6,0.18,0.18,0.265,0.36,0.268,0.244,0.176,16,89,84.9,25.9,2255,89.8,90.21,78,220,181,0.4000000000000057,6.34,115,145,111,150,297,323,300,"4.965","-4.965","68.7","7.4","2.15706226",99,52,8,3,2,3,38,38.4,8,8.1,"2.36","0.51","0.25","-0.25","91.0",177,28.846153846153843,7.6923076923076925,4.040404040404041,5.66,-1.83,-0.11,2.27,0.253,4,"-1.238154613",0.25,0.29,"1.238154613",0.004,0.0030000000000000027,0.07,0.024,35.5,"36.7",10.871563542659821,-4.3104798162684945,33.72857536632656,0.3691588785046729,37.628619191125466,30.466213984818367
399,680977,"Donovan, Brendan",594,67.2,0.326,0.18,0.351,0.506,0.41,0.34,0.261,29,89,86.4,17.5,2279,90.7,90.71,27,177,222,0,6.41,118,146,108,152,287,320,299,"-7.408","7.408","67.6","6.8","2.343061204",107,77,20,5,1,3,13,12.1,12,11.2,"2.09","0.72","0.51","-0.51","91.0",168,30.666666666666664,4,2.803738317757009,5.82,-2.06,-0.07,2.29,0.43,3,"1.856641604",0.378,0.373,"-1.856641604",0.065,0.05199999999999999,0.133,0.07,15.3,"38.1",8.45289978436374,0.45423139114375066,29.30436322612039,0.5681818181818182,36.99193096293174,23.937162914769594
398,691740,"Susac, Daniel",591,67.3,0.196,0.103,0.25,0.299,0.241,0.263,0.214,19,97,85.2,21.9,2305,90,90.36,51,224,174,0.4000000000000057,6.36,105,149,120,145,306,326,289,"7.041","-7.041","64.9","7.1","3.080781521",109,73,12,5,1,1,28,25.7,5,4.6,"2.24","0.6","0.24","0.24","90.0",162,27.397260273972602,5.47945205479452,3.669724770642202,5.79,-1.79,0.1,2.28,0.248,4,"-1.769095477",0.27,0.31,"1.769095477",-0.018,-0.02200000000000002,-0.011,-0.022,22.8,"38.3",9.39035727235956,-1.1625487242178432,38.498927961400376,0.4700460829493088,36.981956080175976,33.03795835574087
391,670242,"Wallner, Matt",562,69.6,0.179,0.128,0.282,0.308,0.265,0.284,0.211,14,78,88.1,4.6,2229,89.5,89.57,95,202,189,0.09999999999999432,6.43,118,145,128,150,295,328,297,"4.578","-4.578","73.1","7.4","2.442828616",88,42,10,1,0,3,36,40.9,8,9.1,"2.32","0.57","0.37","-0.37","91.9",130,38.095238095238095,9.523809523809524,4.545454545454546,5.77,-1.72,-0.16,2.38,0.273,4,"-1.17084399",0.3,0.326,"1.17084399",-0.032,-0.02699999999999997,-0.018,-0.019,47,"39.4",9.785529810847196,-2.599659113896553,27.395261355428435,0.51,42.42519750186075,34.84797574324217
389,687231,"Hernaiz, Darell",620,62.7,0.224,0.035,0.288,0.259,0.265,0.256,0.208,19,85,85.4,10.1,2307,90.5,90.51,53,197,192,0,6.37,109,151,115,147,301,319,285,"5.167","-5.167","66.2","6.9","2.668768702",97,66,16,3,0,0,20,20.6,10,10.3,"2.24","0.59","0.27","0.27","90.0",142,27.27272727272727,1.5151515151515151,1.0309278350515463,5.71,-1.89,0.25,2.28,0.309,1,"-1.328277635",0.296,0.257,"1.328277635",0.016,0.013000000000000012,0.002,0.009,26.9,"36.5",4.214696115441189,-0.03703897576652593,33.47534043768302,0.390625,37.37774640144082,27.34393324406998
389,694362,"Dunn, Blake",549,70.9,0.273,0.131,0.329,0.404,0.324,0.279,0.235,27,99,88.9,15.4,2331,90.3,90.67,35,172,217,0.4000000000000057,6.53,106,150,106,148,303,321,286,"-1.267","1.267","67.4","6.0","3.216742786",109,78,19,5,1,2,22,20.2,7,6.4,"2.2","0.67","0.31","0.31","91.6",170,35.064935064935064,3.896103896103896,2.7522935779816518,5.72,-1.97,0.15,2.3,0.33,3,"0.325706941",0.299,0.323,"-0.325706941",0.038,0.031000000000000028,0.081,0.045,20.3,"39.1",1.9348294331938725,1.4137417640005343,33.51871786501752,0.3567251461988304,36.636016320532256,32.80839950660979
388,677870,"Jiménez, Leo",775,50.1,0.22,0.024,0.281,0.244,0.279,0.321,0.237,18,82,90.8,6.1,2325,90.9,91.06,38,161,227,0.19999999999998863,6.38,107,151,120,148,306,322,291,"4.15","-4.15","68.4","7.1","2.139686783",98,64,16,2,0,0,19,19.4,11,11.2,"2.15","0.65","0.3","0.3","91.9",143,42.857142857142854,3.1746031746031744,2.0408163265306123,5.67,-1.93,0.22,2.18,0.337,2,"-1.069587629",0.358,0.325,"1.069587629",-0.017,-0.020999999999999963,-0.081,-0.042,23.6,"36.2",4.134884200784657,2.3852101822737506,29.56030173882375,0.4012738853503185,36.81814389011605,29.21792916795613
388,682668,"Acuña, Luisangel",779,49.8,0.235,0.039,0.303,0.275,0.253,0.267,0.242,24,102,86.2,-0.9,2339,89.5,89.66,53,194,194,0.20000000000000284,6.4,103,148,104,145,303,321,286,"7.513","-7.513","66.6","7.2","3.195283429",110,77,22,1,0,1,26,23.6,6,5.5,"2.34","0.59","0.27","0.27","91.3",133,32.467532467532465,5.194805194805195,3.6363636363636362,5.85,-1.72,0.27,2.29,0.282,4,"-1.936340206",0.288,0.312,"1.936340206",-0.007,-0.006000000000000005,-0.037,-0.014,27.3,"39.2",5.288372817039085,0.25003373826674813,25.580439981239884,0.6666666666666666,36.04158387838309,29.462056502514343
388,621043,"Correa, Carlos",587,66.1,0.241,0.072,0.317,0.313,0.291,0.323,0.262,20,83,90.2,5.5,2360,90.7,90.7,42,174,214,0,6.41,110,151,123,146,299,324,288,"2.643","-2.643","72.0","7.1","4.067897439",93,63,14,6,0,0,20,21.5,10,10.8,"2.34","0.48","0.29","0.29","91.9",145,44.44444444444444,7.936507936507936,5.376344086021505,5.74,-1.96,0.21,2.23,0.323,5,"-0.681185567",0.341,0.383,"0.681185567",-0.021,-0.018000000000000016,-0.07,-0.032,24.1,"35.9",5.602929122897023,0.11759778557888001,35.70499721323534,0.3764705882352941,39.45291748279973,27.052337930916483
388,624431,"Trevino, Jose",544,71.3,0.223,0.161,0.233,0.384,0.262,0.222,0.207,25,112,86.2,7.9,2345,90.9,91.24,42,190,198,0.29999999999999716,6.54,107,151,119,147,301,320,287,"3.566","-3.566","66.4","7.0","3.050765892",114,91,17,3,0,5,22,19.3,1,0.9,"2.24","0.57","0.3","0.3","91.2",141,32.58426966292135,3.3707865168539324,2.631578947368421,5.57,-1.95,0.19,2.22,0.228,3,"-0.919072165",0.213,0.301,"0.919072165",0.016,0.015000000000000013,0.083,0.04,22.1,"34.9",7.984152509260863,2.0571478778787835,22.407881031759718,0.6702702702702703,41.01589437346662,27.49885830865626
385,695681,"Moore, Christian",598,64.4,0.159,0.114,0.231,0.273,0.223,0.23,0.17,14,88,85.9,10.4,2335,91.4,91.78,61,191,194,0.3999999999999915,6.54,107,150,118,146,306,323,293,"7.385","-7.385","68.6","7.0","4.480518016",95,54,9,2,1,2,34,35.8,6,6.3,"2.13","0.63","0.26","0.26","90.4",168,33.33333333333333,9.25925925925926,5.263157894736842,5.73,-1.9,0.28,2.33,0.221,5,"-1.918181818",0.231,0.284,"1.918181818",-0.011,-0.010000000000000009,-0.011,-0.007,31.9,"34.8",4.349833645765098,1.211508860022453,31.97888036558222,0.43478260869565216,35.08858907274272,29.89497965331685
378,624641,"Sosa, Edmundo",899,42,0.196,0.159,0.228,0.355,0.242,0.313,0.275,21,107,86.3,11.4,2356,90.8,91.09,71,244,134,0.29999999999999716,6.44,107,150,118,145,300,323,288,"6.567","-6.567","70.5","7.9","3.614602706",111,82,11,6,1,3,26,23.4,0,0,"2.25","0.54","0.37","0.37","91.6",151,32.926829268292686,7.317073170731707,5.405405405405405,5.73,-1.67,0.19,2.18,0.209,6,"-1.737301587",0.286,0.445,"1.737301587",-0.079,-0.07699999999999999,-0.09,-0.071,29.1,"37.0",9.80054821763036,-0.4008730042177637,33.80385844749041,0.5983606557377049,36.68472323355416,28.466461281268188
375,543510,"McCann, James",612,61.3,0.3,0.25,0.354,0.55,0.37,0.332,0.264,30,100,91.4,13.2,2318,90.4,90.43,60,196,179,0,6.35,109,150,122,146,304,324,291,"-4.892","4.892","69.2","6.8","5.073297631",104,72,19,4,0,7,29,27.9,2,1.9,"2.25","0.58","0.29","0.29","92.8",170,47.22222222222222,13.88888888888889,9.615384615384617,5.81,-1.82,0.2,2.23,0.317,10,"1.304533333",0.285,0.493,"-1.304533333",0.036,0.03200000000000003,0.057,0.038,30.6,"40.2",9.004655849386323,-3.3844878119561637,36.262144670875024,0.46236559139784944,35.99019205655154,36.50512299729742
371,805347,"Jarvis, Jim",457,81.2,0.217,0.087,0.264,0.304,0.25,0.252,0.229,20,92,88.8,3.3,2221,90.1,90.59,32,167,204,0.5,6.5,116,147,105,152,295,320,301,"4.826","-4.826","69.3","7.0","1.990782484",97,73,15,3,1,1,19,19.6,5,5.2,"2.26","0.6","0.42","-0.42","91.2",138,35.61643835616438,2.73972602739726,2.0618556701030926,5.65,-1.89,-0.21,2.26,0.258,2,"-1.300808625",0.269,0.297,"1.300808625",-0.012,-0.01100000000000001,0.007,-0.002,19.2,"34.9",3.6334977028768627,-1.3111167994373916,28.339983678061884,0.4049079754601227,35.605770906451845,27.86816312850728
368,672356,"Arias, Gabriel",570,64.6,0.308,0.198,0.451,0.505,0.371,0.322,0.25,28,91,90,4.7,2231,88.7,88.92,80,189,179,0.20000000000000284,6.46,107,151,118,146,302,322,291,"-2.913","2.913","73.3","7.3","2.915971692",97,56,20,3,0,5,35,36.1,6,6.2,"2.59","0.63","0.41","0.41","92.9",134,46.42857142857143,12.5,7.216494845360824,5.71,-1.69,0.07,2.27,0.351,7,"0.791576087",0.297,0.449,"-0.791576087",0.058,0.05399999999999999,0.056,0.049,42.3,"36.3",8.558090598504295,5.7027693635294465,31.909070822198025,0.44385026737967914,40.127046128127404,29.30368970356202
367,641584,"Fraley, Jake",411,89.3,0.205,0.154,0.275,0.359,0.288,0.272,0.186,16,78,84.9,23.2,2233,89.6,89.65,40,170,197,0.10000000000000853,6.54,114,144,115,150,287,322,294,"2.165","-2.165","69.3","6.9","2.117844099",87,53,8,6,0,2,25,28.7,9,10.3,"2.25","0.64","0.46","-0.46","90.0",173,20.754716981132077,9.433962264150944,5.747126436781609,5.76,-1.75,-0.15,2.31,0.287,5,"-0.589918256",0.272,0.335,"0.589918256",0.019,0.014999999999999958,0.024,0.016,23.5,"37.4",7.938889179041414,-5.428445928789191,36.810749234638656,0.42948717948717946,36.18509328669784,26.33551888200909
366,694197,"Genao, Angel",519,70.5,0.218,0.057,0.25,0.276,0.257,0.284,0.243,19,87,90.4,-4,2307,90.7,91,30,161,205,0.29999999999999716,6.43,115,146,106,151,286,323,304,"4.164","-4.164","70.2","7.0","1.686577396",95,73,16,2,0,1,14,14.7,8,8.4,"2.3","0.5","0.4","-0.4","92.8",129,50.68493150684932,4.10958904109589,3.1578947368421053,5.7,-2.06,-0.09,2.16,0.284,3,"-1.137704918",0.307,0.325,"1.137704918",-0.025,-0.02300000000000002,-0.049,-0.027,18.6,"38.7",3.418474373682523,5.689632598659863,30.932897471946283,0.36075949367088606,35.208318965552415,27.89247698622128
363,677950,"Thomas, Alek",415,87.5,0.177,0.146,0.211,0.323,0.237,0.293,0.242,17,96,89.5,12.4,2233,89.5,89.58,53,207,156,0.09999999999999432,6.38,118,147,107,151,291,323,305,"4.89","-4.89","67.8","6.9","2.435639681",101,73,7,8,0,2,23,22.8,4,4,"2.41","0.49","0.37","-0.37","92.1",163,42.25352112676056,7.042253521126761,4.9504950495049505,5.78,-2.05,-0.13,2.19,0.218,5,"-1.347107438",0.28,0.393,"1.347107438",-0.065,-0.06200000000000003,-0.07,-0.056,25.6,"38.7",7.222508184107009,3.5222647748638805,28.343498819209753,0.5502645502645502,37.6768547498177,28.490426669484396
363,666310,"Naylor, Bo",426,85.2,0.13,0.117,0.132,0.247,0.206,0.306,0.218,10,77,89.7,21.1,2204,88.1,88.21,26,160,203,0.10000000000000853,6.45,118,145,116,152,290,320,299,"8.198","-8.198","70.4","7.6","3.848590176",84,56,7,0,0,3,21,25,7,8.3,"2.57","0.42","0.3","-0.3","91.6",166,41.07142857142857,14.285714285714285,9.523809523809524,5.71,-1.84,0.01,2.12,0.202,8,"-2.258402204",0.285,0.417,"2.258402204",-0.088,-0.08299999999999996,-0.17,-0.1,16.3,"36.4",10.57589922746967,-6.183836073086419,31.270587344075665,0.4585987261146497,38.69509497948063,32.863172222689215
359,676694,"Meyers, Jake",546,65.8,0.227,0.114,0.265,0.341,0.285,0.274,0.22,20,88,85.6,13.2,2378,90.4,90.65,35,181,178,0.19999999999998863,6.47,108,152,114,148,299,324,286,"1.216","-1.216","64.4","6.7","4.092010488",98,70,14,4,0,2,19,19.4,8,8.2,"2.23","0.6","0.18","0.18","90.3",155,30,4.285714285714286,3.061224489795918,5.73,-1.93,0.19,2.26,0.296,3,"-0.338718663",0.29,0.323,"0.338718663",0.007,0.006000000000000005,0.018,0.011,19.3,"37.1",6.230571065470964,-3.448541671215386,32.878940930370305,0.5057471264367817,38.627901261878435,29.881911361430657
352,592206,"Castellanos, Nick",481,73.2,0.195,0.159,0.232,0.354,0.25,0.284,0.242,16,82,88.1,13.2,2305,89.8,90.08,72,203,149,0.29999999999999716,6.52,110,152,123,146,301,324,295,"2.875","-2.875","67.6","7.6","4.697770163",88,59,9,4,0,3,25,28.4,4,4.5,"2.44","0.43","0.23","0.23","91.0",152,33.89830508474576,6.779661016949152,4.545454545454546,5.6,-1.82,0.21,2.19,0.227,4,"-0.816761364",0.271,0.391,"0.816761364",-0.047,-0.04400000000000001,-0.037,-0.034,35.5,"34.0",15.478408482151348,-6.987578115290404,40.44398286818143,0.47959183673469385,38.75581024212725,32.21196126596017
350,673490,"Kim, Ha-Seong",637,54.9,0.149,0.015,0.208,0.164,0.23,0.251,0.166,10,67,84.5,16.1,2350,91.9,92.21,30,148,202,0.29999999999999716,6.44,105,151,115,146,304,321,288,"6.585","-6.585","68.2","6.8","3.141731237",80,48,9,1,0,0,19,23.8,12,15,"2.09","0.66","0.44","0.44","90.1",132,23.404255319148938,2.127659574468085,1.25,5.61,-1.87,0.08,2.29,0.287,1,"-1.881428571",0.303,0.206,"1.881428571",-0.017,-0.016000000000000014,-0.042,-0.021,20.3,"35.6",3.4120617617061475,0.8234299837594689,24.771023396956448,0.3819444444444444,32.58963991470715,31.040008593713413
347,545341,"Grichuk, Randal",1013,34.3,0.22,0.2,0.24,0.42,0.266,0.255,0.238,22,100,89.1,10.6,2298,90.6,90.86,57,181,166,0.30000000000001137,6.47,107,152,120,146,297,326,294,"4.225","-4.225","71.4","7.5","4.13516258",102,79,11,6,1,4,23,22.5,0,0,"2.13","0.68","0.3","0.3","93.1",164,39.743589743589745,5.128205128205128,3.9215686274509802,5.89,-1.7,0.19,2.18,0.216,4,"-1.217579251",0.235,0.36,"1.217579251",-0.018,-0.01899999999999999,0.06,0.011,31.5,"41.3",7.727231837656042,-2.7074607689954555,26.338514991775657,0.6277777777777778,38.72435619420287,30.81880316538314
345,668942,"Rojas, Josh",413,83.5,0.23,0.08,0.257,0.31,0.253,0.227,0.199,20,87,86.6,15.9,2208,88.3,88.73,31,170,175,0.4000000000000057,6.54,117,145,109,150,292,325,302,"4.582","-4.582","67.5","7.3","3.350685025",92,75,15,4,0,1,13,14.1,4,4.3,"2.48","0.54","0.52","-0.52","90.9",164,33.33333333333333,1.3333333333333335,1.0869565217391304,5.61,-1.89,-0.08,2.22,0.261,1,"-1.328115942",0.231,0.282,"1.328115942",0.031,0.03,0.028,0.026,18.2,"35.4",10.072087589958278,-5.508958691606345,31.350443763829382,0.4970414201183432,37.597319276757126,29.08134344476301
344,641598,"Garver, Mitch",632,54.4,0.139,0.139,0.189,0.278,0.257,0.31,0.203,10,72,89.8,19.9,2301,90.1,90.35,55,139,205,0.30000000000001137,6.45,108,151,123,146,300,324,296,"1.98","-1.98","69.5","7.4","5.048104852",85,40,6,1,0,3,32,37.6,13,15.3,"2.29","0.55","0.29","0.29","92.6",178,50,10,4.705882352941177,5.77,-1.81,0.27,2.2,0.271,4,"-0.575581395",0.325,0.361,"0.575581395",-0.064,-0.05399999999999999,-0.083,-0.053,39.6,"37.8",15.38224341497778,-8.542553562839414,28.30023407553863,0.60431654676259,38.04341707956233,32.99152563533823
342,804668,"Flores Jr., Rafael",653,52.4,0.253,0.241,0.3,0.494,0.344,0.357,0.264,20,79,91,10.7,2344,90.7,90.89,50,160,182,0.20000000000000284,6.41,107,152,123,148,307,320,288,"-1.91","1.91","70.7","7.2","3.533318181",85,55,11,4,0,5,24,28.2,6,7.1,"2.27","0.56","0.32","0.32","92.5",171,52.72727272727272,14.545454545454545,9.411764705882353,5.73,-1.59,0.21,2.22,0.306,8,"0.558479532",0.316,0.522,"-0.558479532",-0.011,-0.010000000000000009,-0.028,-0.013,31.3,"40.7",12.835048261897986,4.137944640239155,35.77621894780107,0.569620253164557,38.090893000229215,31.017775110072964
332,679822,"Foscue, Justin",995,33.4,0.175,0.125,0.2,0.3,0.225,0.274,0.214,14,80,87.6,16.4,2318,89.5,89.55,35,155,177,0.09999999999999432,6.38,107,151,120,146,302,325,291,"6.711","-6.711","68.8","7.1","4.001548914",85,58,10,1,0,3,23,27.1,3,3.5,"2.32","0.6","0.32","0.32","91.3",164,37.93103448275862,8.620689655172415,5.88235294117647,5.77,-1.87,0.22,2.24,0.212,5,"-2.021385542",0.251,0.373,"2.021385542",-0.039,-0.03900000000000001,-0.073,-0.049,22.6,"36.4",11.951377769325461,-1.8576715855195052,28.683829726972647,0.5570469798657718,38.410762375536855,32.69530397681337
329,664056,"Bader, Harrison",421,78.1,0.143,0.167,0.154,0.31,0.209,0.237,0.194,12,84,87.9,6.9,2328,90.4,90.64,57,176,153,0.19999999999998863,6.45,108,151,119,147,298,323,290,"7.973","-7.973","70.1","7.1","4.805121799",87,56,6,2,0,4,28,32.2,3,3.4,"2.26","0.58","0.31","0.31","91.2",137,39.285714285714285,5.357142857142857,3.4482758620689653,5.76,-1.89,0.36,2.12,0.172,3,"-2.423404255",0.222,0.323,"2.423404255",-0.051,-0.05000000000000002,-0.013,-0.028,32.4,"38.7",10.588247350773058,-2.7438128587213417,25.482267566657125,0.47701149425287354,37.34536001167291,32.107806730616936
328,656537,"Hill, Derek",831,39.5,0.221,0.132,0.308,0.353,0.29,0.303,0.224,15,68,88.1,9,2308,91.2,91.52,50,155,173,0.29999999999999716,6.41,105,151,110,147,304,323,288,"-0.282","0.282","67.8","6.8","3.118973491",75,42,12,0,0,3,26,34.7,6,8,"2.12","0.65","0.29","0.29","90.4",154,30.952380952380953,9.523809523809524,5.333333333333334,5.85,-1.57,0.27,2.25,0.293,4,"0.08597561",0.296,0.391,"-0.08597561",-0.003,-0.0030000000000000027,-0.038,-0.013,32.3,"41.5",11.801814077557538,9.759349388378872,36.76782858620767,0.49673202614379086,37.24491732295361,26.731105046442554
325,645302,"Robles, Victor",520,62.5,0.224,0.047,0.26,0.271,0.263,0.268,0.216,19,85,81.8,10,2366,89.8,89.93,38,181,144,0.10000000000000853,6.34,103,149,105,145,297,320,288,"3.862","-3.862","63.6","6.4","5.002887578",94,73,17,0,2,0,12,12.8,6,6.4,"2.37","0.49","0.2","0.2","89.8",131,17.80821917808219,1.36986301369863,1.0638297872340425,5.89,-1.72,0.14,2.04,0.298,1,"-1.188307692",0.291,0.297,"1.188307692",0.008,0.007000000000000006,-0.026,-0.005,21,"39.1",9.461326126975052,-1.9321239120178786,34.272164056111315,0.5139664804469274,40.497776733376135,23.006817240316142
325,806367,"Hill, Turner",493,65.9,0.25,0.118,0.286,0.368,0.319,0.354,0.272,17,68,88.6,14.1,2326,90.6,91,20,128,197,0.4000000000000057,6.47,112,145,102,149,286,318,299,"0.172","-0.172","64.2","6.4","1.870230207",81,57,11,5,0,1,13,16,10,12.3,"2.28","0.52","0.43","-0.43","91.5",157,36.84210526315789,7.017543859649122,4.938271604938271,5.78,-1.81,-0.2,2.24,0.346,4,"-0.052923077",0.368,0.433,"0.052923077",-0.022,-0.02200000000000002,-0.065,-0.035,15.6,"39.1",8.930703078774467,-0.12420675699308492,36.898131873906514,0.5203252032520326,36.307229660160324,31.86418963657991
324,687282,"Rincones Jr., Gabriel",344,94.2,0.165,0.127,0.22,0.291,0.217,0.208,0.149,13,79,90.4,14.4,2302,90.6,91.18,55,184,140,0.6000000000000085,6.55,117,147,120,150,290,326,302,"6.484","-6.484","74.7","7.0","3.125361251",84,52,7,4,0,2,28,33.3,2,2.4,"2.23","0.58","0.43","-0.43","92.0",162,38.775510204081634,10.204081632653061,5.952380952380952,5.75,-1.96,-0.08,2.33,0.202,5,"-2.001234568",0.191,0.282,"2.001234568",0.016,0.01100000000000001,0.009,0.009,29.9,"36.4",4.203479949727901,-1.053639341001048,27.642344273249208,0.3770491803278688,38.94546130361601,29.56788555861811
323,669221,"Murphy, Sean",451,71.6,0.215,0.127,0.288,0.342,0.282,0.294,0.234,17,79,89.2,4.4,2312,90.3,90.84,45,158,165,0.5,6.61,111,151,122,146,304,326,295,"1.362","-1.362","70.5","7.8","5.515417938",87,54,11,4,0,2,25,28.7,8,9.2,"2.31","0.68","0.4","0.4","92.1",122,46.2962962962963,7.4074074074074066,4.597701149425287,5.68,-1.92,0.07,2.17,0.287,4,"-0.421671827",0.305,0.353,"0.421671827",-0.019,-0.018000000000000016,-0.011,-0.012,28.5,"36.5",12.617749816819,-3.6964725805370606,30.01376126127142,0.5263157894736842,40.9341254139077,30.678763827828156
319,687597,"Beck, Jordan",710,44.9,0.092,0.066,0.135,0.158,0.149,0.202,0.16,7,76,86.8,19,2358,89.5,89.65,55,172,147,0.20000000000000284,6.34,107,151,118,147,305,328,294,"11.94","-11.94","71.4","7.7","4.922514722",82,52,3,3,1,0,24,29.3,6,7.3,"2.39","0.52","0.34","0.34","90.6",141,26.923076923076923,5.769230769230769,3.6585365853658534,5.66,-2.03,0.15,2.06,0.159,3,"-3.742946708",0.211,0.237,"3.742946708",-0.068,-0.05199999999999999,-0.079,-0.053,32,"33.0",12.488998275530056,-8.611757753314095,32.48349625006104,0.4785276073619632,39.56690447994056,31.090047127448724
316,665953,"Chaparro, Andrés",871,36.3,0.311,0.216,0.365,0.527,0.393,0.306,0.23,23,74,87.7,20.1,2322,88.6,89.01,57,175,141,0.4000000000000057,6.48,105,151,123,145,305,323,297,"-5.29","5.29","70.1","7.2","5.069420917",82,56,15,4,0,4,18,22,6,7.3,"2.44","0.5","0.01","0.01","92.5",152,33.92857142857143,10.714285714285714,7.317073170731707,5.79,-1.94,0.32,2.14,0.378,6,"1.674050633",0.305,0.385,"-1.674050633",0.081,0.07300000000000001,0.142,0.087,32.6,"39.1",11.296997099503487,-12.999725091306955,30.24099060541199,0.5348837209302325,37.25699237894404,35.324290068863974
307,642708,"Rosario, Amed",881,34.8,0.295,0.205,0.36,0.5,0.359,0.319,0.263,23,78,90.5,8.4,2309,87.9,87.92,47,168,139,0,6.35,109,152,122,148,304,324,287,"-3.158","3.158","71.5","7.4","3.366816627",84,55,17,1,0,5,24,28.6,5,6,"2.64","0.59","0.15","0.15","91.9",155,41.81818181818181,10.909090909090908,7.142857142857142,5.77,-1.69,0.22,2.37,0.333,6,"1.028664495",0.296,0.445,"-1.028664495",0.032,0.03700000000000003,0.055,0.04,28,"40.6",5.321374509548018,-0.05698115833751005,28.038990420153965,0.46540880503144655,34.88063748768122,27.92838682708354
306,678545,"Basabe, Osleivis",555,55.1,0.25,0.197,0.268,0.447,0.315,0.305,0.26,19,76,88.3,4,2305,90.2,90.52,31,138,168,0.29999999999999716,6.47,109,151,114,147,302,321,287,"0.86","-0.86","70.9","7.2","2.935920196",81,60,12,3,0,4,17,21,3,3.7,"2.34","0.54","0.28","0.28","92.5",166,40.67796610169492,10.16949152542373,7.4074074074074066,5.79,-2.07,0.16,2.24,0.284,6,"-0.281045752",0.294,0.413,"0.281045752",-0.01,-0.010000000000000009,0.034,0.01,22.5,"39.9",6.110386132430377,-2.003874478403795,23.488782222713255,0.6044776119402985,38.36084398728115,28.175398235926313
304,642201,"White, Eli",802,37.9,0.247,0.148,0.273,0.395,0.286,0.274,0.253,20,81,84.3,9.2,2332,90.8,91.2,36,160,144,0.4000000000000057,6.48,107,150,109,146,304,323,294,"0.957","-0.957","71.4","7.2","3.562680358",83,68,12,6,0,2,13,15.7,2,2.4,"2.26","0.58","0.36","0.36","90.9",126,27.941176470588236,7.352941176470589,6.024096385542169,5.64,-1.81,0.26,2.19,0.265,5,"-0.314802632",0.271,0.36,"0.314802632",-0.006,-0.006000000000000005,0.035,0.012,22.5,"35.9",8.23984501340777,0.40699663877476694,34.12924858208548,0.5534591194968553,36.434712765142095,31.277349856820415
300,682877,"Brito, Juan",471,63.7,0.154,0.077,0.184,0.231,0.212,0.216,0.177,10,65,83.4,17.5,2276,90,90.18,39,152,148,0.20000000000000284,6.47,116,146,109,152,285,317,295,"7.087","-7.087","67.2","7.3","3.014678369",71,50,7,2,0,1,15,21.1,5,7,"2.3","0.56","0.36","-0.36","90.7",137,28.000000000000004,0,0,5.66,-1.79,-0.08,2.19,0.225,0,"-2.362333333",0.247,0.216,"2.362333333",-0.023,-0.021999999999999992,0.015,-0.004,25.7,"38.1",12.995764228265138,-9.499515499959,30.76351459055854,0.6375838926174496,35.07271595617198,34.94373739779373
299,691783,"Lawlar, Jordan",534,56,0.229,0.186,0.295,0.414,0.309,0.282,0.221,16,70,88.4,15.3,2352,90.9,91.15,43,140,159,0.29999999999999716,6.43,108,152,114,146,300,327,293,"0.586","-0.586","65.8","7.0","2.799260389",76,47,10,2,1,3,23,30.3,1,1.3,"2.25","0.54","0.27","0.27","91.5",137,36.17021276595745,4.25531914893617,2.631578947368421,5.78,-2.02,0.09,2.33,0.289,2,"-0.195986622",0.282,0.35,"0.195986622",0.008,0.007000000000000006,0.064,0.027,30.7,"38.0",14.520325961896598,-5.2520054076009375,35.23452661110855,0.5072463768115942,35.73134994353744,31.19806176173009
296,500743,"Rojas, Miguel",881,33.6,0.227,0.027,0.243,0.253,0.236,0.306,0.295,17,75,85.8,13.2,2340,90.2,90.45,30,149,147,0.29999999999999716,6.41,107,150,115,147,300,317,287,"6.202","-6.202","63.9","6.7","3.427188001",85,70,15,2,0,0,9,10.6,5,5.9,"2.24","0.61","0.34","0.34","91.4",138,37.142857142857146,2.857142857142857,2.3529411764705883,5.59,-2.08,0.25,2.19,0.271,2,"-2.09527027",0.334,0.365,"2.09527027",-0.068,-0.063,-0.112,-0.07,20.1,"34.5",3.116835903604472,-9.703493824854013,30.548851309114102,0.4217687074829932,36.08017724510186,35.199566896539636
294,640902,"Pereda, Jhonny",431,68.2,0.274,0.048,0.327,0.323,0.289,0.307,0.285,17,62,89.7,6.8,2317,89.8,90.01,28,138,156,0.20000000000000284,6.32,107,151,123,148,305,323,289,"2.566","-2.566","69.1","7.2","2.582467214",66,50,16,0,0,1,12,18.2,4,6.1,"2.29","0.68","0.29","0.29","91.3",163,40.816326530612244,2.0408163265306123,1.5151515151515151,5.9,-1.89,0.29,2.16,0.318,1,"-0.872789116",0.33,0.362,"0.872789116",-0.011,-0.01200000000000001,-0.039,-0.018,20.3,"40.5",5.102186142461654,3.286607226940074,29.412222785805877,0.3897058823529412,37.30846124318468,25.647441378011123
294,701785,"Culpepper, Kaelen",491,59.9,0.264,0.111,0.315,0.375,0.316,0.303,0.239,19,72,88.2,19.3,2245,88.9,89.12,40,157,137,0.19999999999998863,6.36,108,151,120,146,304,324,289,"-1.445","1.445","72.5","7.3","3.823045265",79,56,15,2,0,2,16,20.3,5,6.3,"2.61","0.47","0.23","0.23","91.4",147,34.54545454545455,3.6363636363636362,2.5316455696202533,5.74,-1.84,0.29,2.2,0.329,2,"0.491496599",0.308,0.376,"-0.491496599",0.025,0.02100000000000002,-0.001,0.013,25.5,"39.0",11.63601391126419,-3.685964043591614,30.493769483675063,0.6438356164383562,37.13563512828583,33.73660302250736
289,694376,"Whitcomb, Shay",452,63.9,0.186,0.157,0.217,0.343,0.251,0.276,0.207,13,70,85.9,16.8,2379,90.5,90.77,42,145,144,0.29999999999999716,6.47,109,151,119,146,301,321,290,"3.213","-3.213","68.7","7.5","3.785149059",74,49,8,2,0,3,21,28.4,4,5.4,"2.31","0.56","0.29","0.29","91.2",141,36.734693877551024,10.204081632653061,6.756756756756757,5.75,-1.78,0.21,2.28,0.23,5,"-1.111764706",0.25,0.389,"1.111764706",-0.021,-0.01999999999999999,-0.046,-0.025,29,"37.8",10.0111243643953,0.9787583231404426,28.58475001859244,0.6204379562043796,37.487790370657954,26.929321836421174
289,676914,"Schneider, Davis",707,40.9,0.183,0.217,0.216,0.4,0.311,0.3,0.194,11,60,88,28.3,2281,89.6,89.98,34,113,176,0.4000000000000057,6.5,107,152,120,146,298,323,295,"-0.382","0.382","67.9","6.9","3.686493647",70,40,4,4,0,3,20,28.6,10,14.3,"2.26","0.7","0.23","0.23","93.1",174,50,10,5.714285714285714,5.67,-1.97,0.32,2.21,0.3,4,"0.132179931",0.309,0.355,"-0.132179931",-0.011,-0.009000000000000008,0.045,0.011,30.1,"35.5",16.285950374772113,-2.4217486960148253,32.60698282963933,0.47572815533980584,34.521948069342535,34.09120902334816
284,680664,"Valencia, Eduardo",538,52.8,0.352,0.225,0.386,0.577,0.423,0.408,0.307,25,71,89.4,12.1,2326,90.2,90.44,32,145,139,0.20000000000000284,6.4,108,152,124,148,304,329,294,"-6.291","6.291","71.7","7.7","2.702961708",78,60,15,7,0,3,11,14.1,5,6.4,"2.4","0.56","0.37","0.37","93.1",169,52.459016393442624,14.754098360655737,11.538461538461538,5.68,-1.78,0.19,2.25,0.403,9,"2.215140845",0.361,0.601,"-2.215140845",0.045,0.04200000000000004,-0.024,0.015,22.1,"36.4",12.294733541894194,3.499563464172243,32.49156676423137,0.5277777777777778,39.3982975153018,27.391192944236288
284,672284,"Kelenic, Jarred",326,87.1,0.203,0.078,0.343,0.281,0.271,0.346,0.239,13,64,92.9,12,2168,90,90.06,57,135,149,0.09999999999999432,6.34,116,145,114,151,294,327,301,"3.543","-3.543","71.1","7.4","3.819427132",73,36,10,2,0,1,28,38.4,9,12.3,"2.41","0.43","0.5","-0.5","92.7",165,52.77777777777778,22.22222222222222,10.95890410958904,5.7,-1.84,-0.15,2.16,0.301,8,"-1.247535211",0.333,0.461,"1.247535211",-0.036,-0.03200000000000003,-0.18,-0.075,42.2,"34.1",13.436340862449073,0.4015114928304909,31.6637973996005,0.5259259259259259,40.966677325100996,31.35978579584664
282,696135,"Watson, Kahlil",339,83.2,0.257,0.114,0.405,0.371,0.29,0.244,0.209,18,70,89.3,8.7,2278,90.6,91.03,54,153,129,0.4000000000000057,6.54,115,146,102,151,292,323,298,"1.411","-1.411","71.4","7.6","2.417582044",73,43,12,5,0,1,27,37,3,4.1,"2.27","0.54","0.32","-0.32","91.7",133,32.55813953488372,4.651162790697675,2.73972602739726,5.73,-1.76,-0.11,2.22,0.288,2,"-0.50035461",0.241,0.312,"0.50035461",0.048,0.046999999999999986,0.059,0.046,35.3,"36.1",14.906223836726072,2.765781940072843,35.01715653898578,0.4503311258278146,36.58262495115305,26.047174192896176
280,642215,"Wilson, Weston",781,35.9,0.228,0.105,0.333,0.333,0.305,0.275,0.206,13,57,84.9,15.5,2336,89.6,89.94,41,126,154,0.30000000000001137,6.46,106,150,118,146,296,324,291,"0.577","-0.577","68.1","7.4","4.163216277",66,37,9,3,0,1,20,30.3,9,13.6,"2.43","0.49","0.22","0.22","90.3",134,29.72972972972973,2.7027027027027026,1.5151515151515151,5.69,-1.8,0.23,2.1,0.333,1,"-0.206071429",0.314,0.275,"0.206071429",0.022,0.019000000000000017,0.058,0.03,32.5,"38.0",12.769704119590983,-3.3867399184915494,34.11368667797764,0.39344262295081966,37.97258433434484,31.41927956874461
277,699024,"Bernal, Leo",393,70.5,0.299,0.254,0.319,0.552,0.387,0.363,0.269,20,67,91.8,17.5,2326,90.1,90.5,32,130,147,0.4000000000000057,6.45,117,147,122,152,296,322,301,"-5.593","5.593","71.1","7.3","3.458966545",72,52,13,2,0,5,15,20.8,5,6.9,"2.42","0.46","0.3","-0.29","92.6",175,50,13.461538461538462,9.722222222222223,5.64,-1.97,-0.2,2.22,0.347,7,"2.019133574",0.319,0.53,"-2.019133574",0.03,0.02799999999999997,0.022,0.024,24.6,"36.7",9.319525596058577,-6.64305174408067,32.929980590079495,0.4883720930232558,33.64634259407276,31.978019794988366
276,687529,"McCray, Grant",394,70.1,0.111,0.167,0.125,0.278,0.223,0.288,0.191,6,54,87.7,10.2,2243,89.7,90.14,43,115,161,0.3999999999999915,6.49,113,146,105,151,288,324,305,"3.065","-3.065","66.5","6.9","4.305718483",62,34,2,1,1,2,20,32.3,8,12.9,"2.35","0.52","0.31","-0.31","91.2",153,32.35294117647059,14.705882352941178,8.064516129032258,5.71,-1.83,-0.1,2.23,0.226,5,"-1.110507246",0.284,0.363,"1.110507246",-0.08,-0.05799999999999997,-0.085,-0.065,37.4,"37.5",7.484455098948473,-7.603085374592573,33.27408368727121,0.40350877192982454,35.55439123415627,31.146161112129654
275,702176,"Roden, Alan",340,80.9,0.242,0.081,0.273,0.323,0.305,0.363,0.291,15,62,87.1,12.4,2271,89.5,90.03,17,118,157,0.5,6.53,119,146,117,151,296,324,301,"-1.662","1.662","67.1","6.7","2.385308688",75,55,10,5,0,0,9,12,11,14.7,"2.38","0.5","0.28","-0.28","91.7",155,41.81818181818181,3.6363636363636362,2.666666666666667,5.69,-2.09,-0.16,2.3,0.347,2,"0.604363636",0.397,0.411,"-0.604363636",-0.049,-0.050000000000000044,-0.088,-0.058,14.4,"34.7",5.3801198767107365,1.4863987861896804,30.443707966077433,0.41739130434782606,38.75852291496532,29.227826730131984
274,813841,"Cox, Jonah",639,42.9,0.222,0.079,0.394,0.302,0.249,0.229,0.197,14,63,86.7,9.9,2356,90.3,90.7,53,137,137,0.4000000000000057,6.46,104,151,108,146,305,322,288,"4.093","-4.093","66.0","6.4","1.741205543",67,34,11,2,0,1,29,43.3,3,4.5,"2.16","0.7","0.18","0.18","90.4",167,38.23529411764706,2.941176470588235,1.4925373134328357,5.75,-1.9,0.36,2.35,0.258,1,"-1.49379562",0.233,0.285,"1.49379562",0.025,0.024999999999999994,0.017,0.02,38.7,"39.3",7.930512627636703,10.309250848920987,35.359167676195646,0.4925373134328358,33.39572890009389,26.82020146414817
272,814430,"Callahan, Brett",278,97.8,0.211,0.113,0.318,0.324,0.269,0.29,0.211,15,71,89.9,18.6,2227,91,91.34,46,159,113,0.29999999999999716,6.45,118,146,114,151,292,328,301,"2.442","-2.442","72.2","6.9","4.640121897",79,45,10,3,1,1,27,34.2,7,8.9,"2.11","0.68","0.47","-0.47","91.9",164,44.44444444444444,11.11111111111111,6.329113924050633,5.76,-2,-0.09,2.34,0.278,5,"-0.897794118",0.282,0.375,"0.897794118",0,-0.003999999999999948,-0.051,-0.021,28.9,"38.3",6.399590556769129,-1.6251975667440282,36.330074330177254,0.2709677419354839,35.560076718927654,28.95865949377543
272,660710,"Durán, Rodolfo",353,77.1,0.164,0.179,0.178,0.343,0.242,0.252,0.196,11,67,87.4,18.1,2339,90.9,91.43,31,129,143,0.5,6.61,107,152,118,148,303,320,292,"2.767","-2.767","70.7","7.1","3.018099721",71,48,5,3,0,3,19,26.8,4,5.6,"2.22","0.57","0.28","0.28","91.4",144,33.33333333333333,8.333333333333332,5.633802816901409,5.49,-1.96,0.3,2.14,0.211,4,"-1.017279412",0.241,0.337,"1.017279412",-0.032,-0.03,0.006,-0.01,24,"33.4",13.051605439515166,-5.694800157465288,28.599639120490068,0.5645161290322581,37.62525208314038,34.763839963654135
271,663604,"Lockridge, Brandon",468,57.9,0.286,0.054,0.4,0.339,0.315,0.27,0.233,16,56,85.6,-0.9,2308,89.7,89.72,32,120,151,0,6.34,107,150,108,148,301,317,287,"-1.126","1.126","70.2","6.7","1.90597213",62,40,13,3,0,0,16,25.8,6,9.7,"2.43","0.66","0.38","0.38","91.0",126,32.5,2.5,1.6129032258064515,5.69,-1.87,0.1,2.28,0.355,1,"0.415498155",0.307,0.28,"-0.415498155",0.053,0.04799999999999999,0.059,0.045,26.7,"36.8",1.4870473088216494,10.564354475319758,29.625158658565624,0.39166666666666666,39.54061633440473,25.211859478488794
270,815873,"Keys, Sean",290,93.1,0.203,0.136,0.27,0.339,0.248,0.255,0.214,12,59,88.3,16.6,2220,88.8,88.81,43,140,130,0,6.28,118,147,121,152,291,323,300,"3.124","-3.124","73.3","7.3","4.229602148",64,39,8,2,0,2,22,34.4,2,3.1,"2.59","0.34","0.24","-0.24","92.4",158,51.28205128205128,10.256410256410255,6.25,5.65,-1.89,-0.13,2.19,0.238,4,"-1.157037037",0.25,0.344,"1.157037037",-0.011,-0.01200000000000001,-0.005,-0.007,30.7,"33.8",13.21824591738557,-7.646572075714847,30.317647615130767,0.45714285714285713,38.90192668208224,38.158235665846945
265,695670,"Ford, Harry",525,50.5,0.118,0.137,0.108,0.255,0.231,0.282,0.186,6,51,85.7,9.2,2263,90.5,91.07,28,111,154,0.5999999999999943,6.57,109,150,119,146,304,321,292,"3.447","-3.447","67.1","6.4","1.960499715",59,39,3,1,0,2,12,20.3,7,11.9,"2.17","0.64","0.39","0.39","90.9",125,33.33333333333333,7.6923076923076925,5.084745762711865,5.91,-1.74,0.28,2.14,0.237,3,"-1.300754717",0.296,0.326,"1.300754717",-0.068,-0.059,-0.071,-0.051,25.2,"41.4",13.31803930181156,3.40087017358845,36.33426196787686,0.5277777777777778,33.50357670306055,36.557985196948984
265,691728,"Veen, Zac",304,87.2,0.25,0.233,0.375,0.483,0.357,0.305,0.215,15,60,88.7,20.3,2278,91.1,91.7,60,148,117,0.6000000000000085,6.43,119,147,109,153,297,333,305,"-2.285","2.285","71.1","7.1","2.309770263",68,35,8,3,1,3,25,36.8,7,10.3,"2.18","0.58","0.27","-0.27","91.7",160,42.857142857142854,8.571428571428571,4.411764705882353,5.71,-1.94,0,2.46,0.338,3,"0.862264151",0.307,0.38,"-0.862264151",0.035,0.031000000000000028,0.103,0.052,40.5,"38.4",13.285511560551853,-1.1120135313058481,32.68418365391484,0.3888888888888889,36.719262816438736,34.880627051498344
264,641555,"Escarra, J.C.",352,75,0.154,0.077,0.204,0.231,0.203,0.201,0.156,10,65,89.3,10.8,2290,87.6,87.69,36,115,149,0.10000000000000853,6.45,116,147,121,152,290,323,295,"7.574","-7.574","68.5","7.3","2.665950587",70,49,6,3,1,0,16,22.9,5,7.1,"2.75","0.43","0.18","-0.18","91.9",145,33.33333333333333,2.083333333333333,1.4285714285714286,5.62,-2.01,-0.2,2.35,0.214,1,"-2.868939394",0.217,0.219,"2.868939394",-0.002,-0.0030000000000000027,0.012,0.002,31.3,"35.1",8.984806283849027,-4.680479723400959,28.0305414881195,0.5803571428571429,39.87160322064445,30.15096637934763
260,519317,"Stanton, Giancarlo",384,67.7,0.297,0.141,0.395,0.438,0.329,0.342,0.279,19,64,94.3,24.2,2297,89.8,89.71,43,120,140,-0.09999999999999432,6.36,110,152,126,147,305,331,294,"-1.315","1.315","76.9","8.3","3.751544836",66,45,14,3,0,2,19,28.8,2,3,"2.26","0.62","0.34","0.34","94.2",170,42.22222222222222,17.77777777777778,12.121212121212121,5.79,-1.7,0.06,2.32,0.318,8,"0.505769231",0.301,0.501,"-0.505769231",0.018,0.017000000000000015,-0.063,-0.013,35.8,"39.2",11.391085999251748,1.1149274694660913,27.173209185509158,0.6974789915966386,43.51707990831204,24.317734695764614
259,672820,"Sosa, Lenyn",439,59,0.186,0.057,0.22,0.243,0.194,0.235,0.222,13,70,86.9,21.9,2308,89.2,89.38,23,139,120,0.20000000000000284,6.46,110,152,122,147,304,327,293,"8.685","-8.685","70.5","7.3","2.937429855",71,59,9,4,0,0,11,15.5,0,0,"2.35","0.59","0.13","0.13","90.8",156,30.508474576271187,5.084745762711865,4.225352112676056,5.79,-1.85,0.48,2.11,0.197,3,"-3.353281853",0.233,0.307,"3.353281853",-0.036,-0.036000000000000004,-0.064,-0.041,16.5,"39.3",9.36788569076597,-0.2503208046812232,33.31011717447452,0.4892086330935252,37.85549072781879,31.643279812628403
259,805805,"Jenkins, Walker",340,76.2,0.258,0.226,0.261,0.484,0.35,0.332,0.252,16,62,86.9,14.8,2242,88.6,89.13,26,126,133,0.5,6.54,117,144,112,150,294,326,304,"-2.02","2.02","71.1","7.0","2.326189972",68,50,10,2,0,4,12,17.6,6,8.8,"2.62","0.43","0.17","-0.17","91.2",165,32,10,7.352941176470589,5.75,-1.96,-0.08,2.26,0.324,5,"0.77992278",0.318,0.445,"-0.77992278",0.006,0.006000000000000005,0.039,0.018,20.6,"38.7",10.884453066445449,-3.8197093859794182,33.98298681896235,0.5476190476190477,36.39050341237591,28.528039438044004
259,665561,"Marchán, Rafael",370,70,0.098,0.049,0.098,0.148,0.135,0.22,0.192,6,61,82.9,27.7,2299,91.2,91.45,24,132,127,0.29999999999999716,6.42,118,147,117,151,285,319,296,"9.883","-9.883","64.5","7.4","3.742216272",64,52,5,0,0,1,9,14.1,2,3.1,"2.02","0.75","0.48","-0.48","90.1",158,17.307692307692307,1.9230769230769231,1.5625,5.74,-1.88,-0.21,2.24,0.141,1,"-3.815830116",0.23,0.262,"3.815830116",-0.094,-0.08900000000000002,-0.114,-0.085,18.2,"37.8",13.893155970293787,-6.568578717121424,35.03013157336268,0.5151515151515151,35.96618475909216,31.734597695625215
252,669699,"Shewmake, Braden",297,84.8,0.284,0.189,0.305,0.473,0.321,0.309,0.259,21,74,91.2,13.9,2257,89.6,89.69,36,159,93,0.10000000000000853,6.4,110,145,107,150,286,323,299,"-1.824","1.824","67.7","6.9","1.600838937",77,62,13,5,0,3,14,18.2,1,1.3,"2.45","0.54","0.27","-0.27","91.9",164,43.54838709677419,8.064516129032258,6.493506493506493,5.78,-1.88,0.01,2.4,0.286,5,"0.723809524",0.27,0.444,"-0.723809524",0.025,0.01599999999999996,0.029,0.012,22.6,"36.6",9.462729418382134,0.5630143458402106,27.108046388328344,0.6582278481012658,39.44295815899188,27.179268833128276
249,694514,"Thompson, Sterlin",312,79.8,0.236,0.164,0.297,0.4,0.322,0.303,0.219,13,55,87.8,6.8,2209,90.6,91.18,38,120,129,0.6000000000000085,6.52,118,147,112,151,296,329,306,"-0.539","0.539","73.5","7.0","4.038312356",62,39,8,3,0,2,16,25.8,4,6.5,"2.32","0.55","0.41","-0.41","91.8",145,46.15384615384615,7.6923076923076925,4.838709677419355,5.65,-2.01,0,2.24,0.323,3,"0.216465863",0.307,0.366,"-0.216465863",0.017,0.016000000000000014,0.034,0.019,31.7,"34.4",7.906069313614231,2.286808785038373,35.5615508889292,0.4,35.105641595538145,26.797266343462407
241,669899,"Ward, Ryan",252,95.6,0.231,0.25,0.265,0.481,0.336,0.329,0.248,12,52,90.2,20.7,2334,91,91.56,33,126,115,0.5999999999999943,6.51,114,145,116,150,296,324,302,"0.155","-0.155","70.5","7.6","1.70649983",57,37,5,4,0,3,15,26.3,5,8.8,"2.1","0.68","0.37","-0.37","90.8",171,30.555555555555557,11.11111111111111,7.017543859649122,5.78,-1.98,-0.04,2.37,0.298,4,"-0.064315353",0.315,0.444,"0.064315353",-0.017,-0.017000000000000015,0.037,0.007,26.2,"39.0",8.202426110327863,3.184734731186172,28.033018282476828,0.5967741935483871,37.72649154235304,25.77581190105805
235,681807,"Fry, David",912,25.8,0.254,0.203,0.286,0.458,0.329,0.256,0.189,15,59,85.5,15.7,2253,89.4,89.65,38,113,122,0.29999999999999716,6.5,108,150,121,144,298,320,290,"-1.087","1.087","67.3","7.9","2.370936686",64,45,9,3,0,3,14,21.9,5,7.8,"2.47","0.57","0.29","0.29","91.3",148,27.27272727272727,11.363636363636363,7.8125,5.76,-1.81,0.12,2.25,0.313,5,"0.462553191",0.242,0.342,"-0.462553191",0.065,0.07100000000000001,0.116,0.073,33.6,"38.7",13.87309480679272,-3.719862776226031,30.91438390811,0.5818181818181818,42.665751726971855,24.30645275168644
233,695491,"Báez, Joshua",382,61,0.2,0.167,0.244,0.367,0.266,0.277,0.2,12,60,91.7,24.5,2444,89.8,90.23,45,128,105,0.4000000000000057,6.47,108,152,122,146,303,327,296,"1.995","-1.995","75.2","7.7","3.424406331",65,43,6,4,0,2,18,27.7,3,4.6,"2.44","0.42","0.17","0.17","92.3",170,44.18604651162791,6.976744186046512,4.615384615384616,5.64,-1.84,0.24,2.25,0.246,3,"-0.856223176",0.246,0.396,"0.856223176",0,0,-0.029,-0.011,35.2,"36.3",10.568337679024843,-7.090156497628632,27.123010093612855,0.6299212598425197,38.22253228308204,29.561234628200573
232,666624,"Morel, Christopher",387,59.9,0.182,0.109,0.257,0.291,0.252,0.237,0.182,10,55,88.5,15.2,2348,89.8,89.94,36,110,122,0.10000000000000853,6.5,106,150,122,145,303,322,293,"3.297","-3.297","73.6","7.9","3.006267606",61,36,6,3,0,1,19,31.1,5,8.2,"2.27","0.61","0.23","0.23","91.2",135,38.88888888888889,2.7777777777777777,1.639344262295082,5.59,-1.89,0.2,2.22,0.262,1,"-1.42112069",0.262,0.252,"1.42112069",0,0,0.039,0.015,32.7,"36.7",11.440804578570757,-5.345950743950408,24.782691082659888,0.7222222222222222,36.04592508886991,34.7190986776339
231,677592,"Pereira, Everson",404,57.2,0.213,0.213,0.256,0.426,0.3,0.303,0.221,13,61,88.3,8.6,2361,90,90.11,51,137,94,0.09999999999999432,6.39,106,151,116,148,305,327,292,"1.948","-1.948","71.9","8.0","4.110028832",67,42,6,4,0,3,20,29.9,2,3,"2.37","0.48","0.28","0.28","91.7",141,45.23809523809524,14.285714285714285,8.955223880597014,5.52,-2.02,0.13,2.22,0.269,6,"-0.843290043",0.276,0.428,"0.843290043",-0.008,-0.007000000000000006,-0.002,-0.003,37.2,"31.3",12.568435927584472,-0.05526627026301972,29.361935162001082,0.6119402985074627,37.961138404303185,28.27749092468961
229,691182,"Amador, Adael",374,61.2,0.255,0.294,0.22,0.549,0.378,0.26,0.182,13,51,83.6,11.7,2312,91.5,92.14,17,111,118,0.5999999999999943,6.42,116,146,105,152,291,330,303,"-2.95","2.95","67.2","6.7","1.888150661",57,45,6,3,0,4,6,10.5,5,8.8,"2.12","0.61","0.33","-0.33","90.5",127,26.666666666666668,8.88888888888889,7.017543859649122,5.77,-1.83,-0.1,2.26,0.333,4,"1.288209607",0.268,0.305,"-1.288209607",0.073,0.065,0.244,0.118,15.3,"38.4",1.6350131476298395,-0.7781492050641805,30.3731875674372,0.411214953271028,33.47920081454267,32.10661730345199
223,663698,"Bart, Joey",490,45.5,0.273,0.182,0.316,0.455,0.346,0.333,0.26,15,55,86,12.3,2322,88.5,88.64,26,107,116,0.09999999999999432,6.34,110,152,123,148,306,321,292,"-2.915","2.915","73.2","7.2","2.676415749",62,41,11,1,0,3,15,24.2,4,6.5,"2.63","0.61","0.35","0.35","91.4",150,31.70731707317073,9.75609756097561,6.451612903225806,5.69,-1.72,0.24,2.36,0.339,4,"1.307174888",0.328,0.436,"-1.307174888",0.013,0.01100000000000001,0.019,0.013,24.3,"37.1",7.733536777576155,-1.1418701998362024,34.52931739475968,0.45098039215686275,36.63895274794057,34.6652658069968
216,801126,"Rodden, Brock",286,75.5,0.178,0.111,0.296,0.289,0.269,0.225,0.11,8,45,87.4,24.6,2213,90,90.36,43,101,115,0.4000000000000057,6.48,112,143,103,148,283,321,298,"2.115","-2.115","66.3","6.9","2.981583571",54,27,4,3,1,0,19,35.2,8,14.8,"2.18","0.66","0.53","-0.53","90.5",182,33.33333333333333,7.4074074074074066,3.7037037037037033,5.65,-2.15,-0.13,2.22,0.296,2,"-0.979166667",0.248,0.212,"0.979166667",0.068,0.04799999999999999,0.077,0.044,42.6,"34.8",14.625309345748356,-1.2741908962941102,32.85035643435765,0.31,36.76943410471365,29.533205572119915
212,669720,"Hays, Austin",400,53,0.18,0.06,0.235,0.24,0.203,0.24,0.22,9,50,85.7,3.8,2304,89.3,89.38,41,111,101,0.10000000000000853,6.41,109,150,121,145,298,325,293,"4.879","-4.879","67.8","7.0","4.261423074",52,35,8,0,0,1,15,28.8,2,3.8,"2.51","0.53","0.12","0.12","91.4",131,42.857142857142854,2.857142857142857,1.9230769230769231,5.82,-1.77,0.38,2.1,0.212,1,"-2.301415094",0.25,0.291,"2.301415094",-0.04,-0.038000000000000006,-0.051,-0.037,36.9,"40.3",14.206730234426761,-2.096392736336623,30.572329061866327,0.5471698113207547,41.06241964652395,31.949526095010764
209,602104,"Urías, Ramón",362,57.7,0.096,0.038,0.116,0.135,0.169,0.209,0.138,5,52,86,16.3,2390,90.4,90.47,27,109,100,0.09999999999999432,6.39,107,151,120,146,311,322,292,"6.921","-6.921","68.0","7.2","2.265530693",60,43,3,2,0,0,10,16.7,5,8.3,"2.33","0.51","0.21","0.21","90.6",152,25.581395348837212,2.3255813953488373,1.6666666666666667,5.7,-1.73,0.09,2.23,0.2,1,"-3.311483254",0.239,0.192,"3.311483254",-0.042,-0.03899999999999998,-0.057,-0.04,24.8,"36.2",11.147466722968554,10.024108173513364,26.95797598459892,0.7383177570093458,37.11188119681872,26.08273161268242
208,686475,"Tolbert, Tyler",521,39.9,0.339,0.125,0.415,0.464,0.362,0.3,0.253,19,56,87.7,12.2,2289,88.9,89.42,33,106,102,0.5,6.5,104,150,102,146,304,322,288,"-2.302","2.302","64.6","6.3","3.761281685",60,43,16,1,0,2,14,23.3,2,3.3,"2.42","0.73","0.29","0.29","91.2",159,37.2093023255814,6.976744186046512,5,5.51,-1.95,0.09,2.31,0.367,3,"1.106730769",0.297,0.353,"-1.106730769",0.086,0.07,0.111,0.062,31.1,"36.6",3.750334900068861,-5.150795094986796,29.15987949303617,0.32038834951456313,33.962576429860555,30.868282972579962
207,701162,"Malgeri, Ben",530,39.1,0.277,0.255,0.31,0.532,0.397,0.351,0.265,13,47,90.1,12.3,2352,90,90.27,27,99,108,0.29999999999999716,6.41,109,151,120,145,303,326,289,"-3.532","3.532","66.3","6.4","3.088752838",55,33,9,0,0,4,14,25.5,7,12.7,"2.2","0.66","0.22","0.22","91.5",173,39.39393939393939,12.121212121212121,7.2727272727272725,5.76,-2.06,0.24,2.29,0.382,4,"1.706280193",0.372,0.414,"-1.706280193",0.012,0.010000000000000009,0.118,0.046,27.3,"37.0",7.531222909575734,4.22389917784002,34.12529956823719,0.3673469387755102,35.345025532797145,28.393355135483983
207,694377,"Yorke, Nick",463,44.7,0.204,0.061,0.256,0.265,0.259,0.309,0.259,10,49,89.6,6.9,2329,90.4,90.51,18,100,107,0.09999999999999432,6.43,107,151,121,149,311,318,289,"3.925","-3.925","71.5","7.2","2.121157286",55,39,7,3,0,0,10,18.2,4,7.3,"2.23","0.62","0.27","0.27","92.4",143,48.717948717948715,5.128205128205128,3.6363636363636362,5.8,-1.45,0.27,2.19,0.291,2,"-1.896135266",0.339,0.344,"1.896135266",-0.055,-0.04800000000000004,-0.079,-0.05,18,"42.2",1.4362929284848993,7.288735249876759,34.49254934028844,0.29591836734693877,34.02226529030938,23.173399920071926
206,683227,"Freeman, Cody",400,51.5,0.205,0.023,0.25,0.227,0.233,0.225,0.188,9,44,80.6,-3.3,2293,91.3,91.6,12,88,118,0.29999999999999716,6.52,106,152,115,147,303,323,289,"3.732","-3.732","64.0","6.6","2.839405622",48,36,8,1,0,0,8,16.7,4,8.3,"1.93","0.83","0.46","0.46","90.1",132,22.857142857142858,0,0,5.73,-1.81,0.25,2.29,0.271,0,"-1.811650485",0.257,0.227,"1.811650485",0.017,0.014000000000000012,0,0.008,13.6,"37.6",10.137978079945746,-1.5222328110998367,23.604532728921757,0.6704545454545454,33.4267965942665,34.203933010402515
206,642851,"Wynns, Austin",338,60.9,0.167,0,0.235,0.167,0.181,0.213,0.191,8,48,83.4,12.5,2381,90.1,90.19,24,108,98,0.10000000000000853,6.41,110,152,121,148,302,320,288,"5.869","-5.869","68.0","7.3","4.515767308",51,34,8,0,0,0,14,27.5,3,5.9,"2.44","0.41","0.12","0.12","90.3",128,20.588235294117645,0,0,5.71,-1.84,0.33,2.11,0.216,0,"-2.849029126",0.238,0.224,"2.849029126",-0.024,-0.021999999999999992,-0.057,-0.032,22.2,"35.6",11.171932100297354,-5.423092266019033,35.153537896969794,0.46601941747572817,38.18198023504897,33.65675991950008
205,596117,"Stubbs, Garrett",236,86.9,0.16,0,0.205,0.16,0.181,0.208,0.178,8,50,84.7,14.2,2280,91,91.1,20,107,98,0.09999999999999432,6.33,114,146,101,149,284,317,294,"6.147","-6.147","63.8","6.7","2.252249433",55,39,8,0,0,0,12,21.8,2,3.6,"2.27","0.52","0.45","-0.45","90.7",132,25.64102564102564,0,0,5.77,-1.87,-0.17,2.36,0.218,0,"-2.998536585",0.234,0.219,"2.998536585",-0.018,-0.016000000000000014,-0.059,-0.027,18.7,"37.4",7.961372365570604,-0.6747900300769986,27.130666490131745,0.4519230769230769,35.251234936003435,25.315423792815718
204,701305,"Dezenzo, Zach",333,61.3,0.2,0.06,0.357,0.26,0.229,0.221,0.187,10,50,86.7,4.2,2332,90,90.08,36,97,107,0.09999999999999432,6.45,111,154,121,147,295,328,291,"3.792","-3.792","73.9","7.6","4.091629417",53,28,7,3,0,0,22,41.5,3,5.7,"2.21","0.7","0.25","0.25","90.7",136,28.57142857142857,7.142857142857142,3.7735849056603774,5.75,-1.91,0.34,2.34,0.245,2,"-1.858823529",0.233,0.261,"1.858823529",0.013,0.011999999999999983,-0.001,0.008,37.1,"35.5",11.051258656385523,0.9525006061633565,37.66838754732592,0.4375,37.640140567726405,29.4938938798211
204,606992,"Haase, Eric",319,63.9,0.18,0.26,0.185,0.44,0.277,0.266,0.188,9,50,87.2,17.8,2424,90,90.35,44,102,102,0.29999999999999716,6.41,107,151,122,147,303,324,294,"0.902","-0.902","69.0","7.1","5.150409231",52,31,4,1,0,4,19,36.5,2,3.8,"2.35","0.52","0.18","0.18","91.6",167,38.70967741935484,19.35483870967742,11.538461538461538,5.71,-1.88,0.23,2.15,0.212,6,"-0.442156863",0.22,0.405,"0.442156863",-0.008,-0.008000000000000007,0.035,0.011,43.1,"36.7",14.11388446623991,-3.3295402065714232,30.120287415959233,0.6534653465346535,38.311474643292996,28.691764716131303
199,703155,"Montes, Lazaro",256,77.7,0.27,0.378,0.429,0.649,0.43,0.38,0.224,10,37,94.4,18.5,2236,89.8,90.15,44,96,103,0.4000000000000057,6.45,116,146,127,152,297,330,304,"-3.187","3.187","74.6","7.8","2.214133039",44,18,4,2,0,4,19,43.2,7,15.9,"2.25","0.61","0.25","-0.25","93.2",213,55.55555555555556,27.77777777777778,11.363636363636363,5.77,-2.17,-0.13,2.42,0.386,5,"1.601507538",0.333,0.564,"-1.601507538",0.046,0.05299999999999999,0.085,0.05,45.8,"36.4",13.325391383560875,0.8833890122391657,37.823340553031095,0.5,34.1863053489206,32.06769781247626
195,672016,"Clarke, Denzel",356,54.8,0.119,0,0.227,0.119,0.169,0.182,0.13,5,42,85.9,-3,2297,91.3,91.15,33,87,108,-0.20000000000000284,6.4,103,151,108,147,303,323,292,"5.998","-5.998","69.8","7.0","3.658541842",47,22,5,0,0,0,20,42.6,5,10.6,"2.04","0.75","0.45","0.45","90.4",93,36.36363636363637,0,0,5.62,-1.97,0.24,2.19,0.213,0,"-3.075897436",0.223,0.145,"3.075897436",-0.011,-0.010000000000000009,-0.026,-0.013,37.9,"35.9",-1.0893317400299851,-4.808797562795825,31.500235627090486,0.3488372093023256,37.508122120197726,27.033744721132155
193,661531,"Serven, Brian",322,59.9,0.152,0.196,0.138,0.348,0.251,0.283,0.218,7,46,86.2,12.5,2338,90.7,90.7,35,98,95,0,6.28,108,152,120,147,299,323,285,"4.321","-4.321","67.1","7.0","2.001444282",50,32,4,0,0,3,14,28,3,6,"2.17","0.64","0.35","0.35","90.9",164,28.125,6.25,4,5.65,-1.81,0.26,2.29,0.22,2,"-2.238860104",0.281,0.359,"2.238860104",-0.066,-0.061000000000000026,-0.011,-0.032,35.7,"36.7",8.367557039634796,-0.3284526638796501,31.635055025390766,0.5510204081632653,34.87839327478635,27.984546973986937
191,805904,"Cole, Zach",219,87.2,0.178,0.222,0.2,0.4,0.264,0.307,0.218,8,45,92.6,17.2,2220,89.8,89.78,36,85,106,0,6.38,111,143,106,150,281,326,298,"1.695","-1.695","73.9","7.2","2.772377805",47,28,4,1,0,3,17,36.2,1,2.1,"2.4","0.47","0.47","-0.47","92.6",166,50,17.857142857142858,10.638297872340425,5.71,-1.82,-0.01,2.13,0.213,5,"-0.887434555",0.251,0.471,"0.887434555",-0.04,-0.038000000000000006,-0.071,-0.043,42.4,"35.3",9.372916448945599,-1.1493458091907542,32.83943072277457,0.4166666666666667,37.865917078924845,23.601429761130948
188,828599,"Spence, Lucas",248,75.8,0.189,0.351,0.176,0.541,0.367,0.294,0.164,7,37,91.1,13.1,2195,89.7,89.94,34,85,103,0.20000000000000284,6.39,112,143,103,148,289,325,300,"-1.279","1.279","71.6","6.9","2.136315346",44,21,2,1,0,4,16,36.4,6,13.6,"2.31","0.58","0.37","-0.37","91.8",158,47.61904761904761,9.523809523809524,4.545454545454546,6.01,-1.67,-0.07,2.19,0.318,2,"0.680319149",0.297,0.352,"-0.680319149",0.025,0.02100000000000002,0.189,0.073,40,"40.3",9.02905751306926,-1.5282975235316516,30.50827362449963,0.5058823529411764,33.136575725463324,31.763416587750584
187,687749,"Bowen, Jase",366,51.1,0.089,0,0.174,0.089,0.119,0.231,0.183,4,45,83.6,10.3,2328,89.3,89.37,38,97,90,0.10000000000000853,6.35,104,149,110,145,302,320,287,"8.359","-8.359","66.8","7.4","4.315763867",48,23,4,0,0,0,22,45.8,1,2.1,"2.63","0.49","0.4","0.4","91.1",139,30.434782608695656,8.695652173913043,4.166666666666666,5.67,-1.85,0.19,2.21,0.146,2,"-4.470053476",0.234,0.28,"4.470053476",-0.094,-0.08800000000000002,-0.191,-0.112,39.2,"35.4",14.60716762718131,-6.2388652627082335,38.53917318223184,0.32967032967032966,36.904669045659354,35.712749719759366
187,807726,"Peck, John",279,67,0.136,0.023,0.167,0.159,0.223,0.336,0.222,6,44,89.7,15.1,2319,90.6,90.77,25,95,92,0.20000000000000284,6.4,110,149,117,144,303,328,290,"4.408","-4.408","70.1","7.1","2.776109439",54,36,5,1,0,0,9,16.7,7,13,"2.16","0.65","0.39","0.39","92.0",170,44.44444444444444,11.11111111111111,7.4074074074074066,5.77,-1.99,0.08,2.18,0.278,4,"-2.357219251",0.356,0.381,"2.357219251",-0.086,-0.07799999999999996,-0.222,-0.113,26.3,"38.2",8.253214672460421,9.840581683184974,29.011884810625997,0.6559139784946236,38.086844852961896,27.172059178225762
182,682674,"Bericoto, Victor",449,40.5,0.196,0.196,0.2,0.391,0.277,0.312,0.221,9,46,88.8,13.2,2238,89.6,90.02,30,105,77,0.4000000000000057,6.47,105,151,118,146,305,324,291,"-0.08","0.08","71.8","7.4","4.153982664",49,33,6,0,0,3,13,26.5,3,6.1,"2.43","0.46","0.15","0.15","91.2",169,39.39393939393939,12.121212121212121,8.16326530612245,5.72,-1.91,0.27,2.19,0.245,4,"0.043956044",0.269,0.466,"-0.043956044",-0.025,-0.02400000000000002,-0.075,-0.035,28.6,"39.6",11.24828352528251,0.22514503288214682,34.76659023790516,0.4807692307692308,35.09891424184187,30.65925825977682
180,656577,"Jackson, Alex",272,66.2,0.341,0.171,0.464,0.512,0.392,0.256,0.214,14,41,87,5.2,2341,90.4,90.86,26,99,81,0.5,6.5,107,150,118,144,298,325,293,"-2.119","2.119","70.7","7.1","2.494049158",44,29,9,4,0,1,12,27.3,2,4.5,"2.38","0.65","0.25","0.25","90.7",131,37.93103448275862,3.4482758620689653,2.272727272727273,5.79,-2.08,0.11,2.42,0.386,1,"1.177222222",0.267,0.302,"-1.177222222",0.127,0.119,0.21,0.136,26.3,"38.8",6.115582028314229,-1.3933173678800717,30.13989095150793,0.5154639175257731,37.6304707809772,31.45458372017957
172,665861,"Rivero, Sebastián",233,73.8,0.3,0.05,0.387,0.35,0.305,0.283,0.276,12,40,80.1,18.6,2318,90,90.11,26,102,70,0.09999999999999432,6.43,104,152,120,146,302,323,290,"0.925","-0.925","67.7","7.3","2.429231416",42,31,10,2,0,0,9,21.4,2,4.8,"2.25","0.6","0.16","0.16","89.0",142,9.67741935483871,0,0,5.92,-1.73,0.29,2.24,0.333,0,"-0.537790698",0.31,0.324,"0.537790698",0.024,0.02300000000000002,0.026,0.022,25.5,"42.7",7.191818390099237,-2.2788593320083264,33.67469657755532,0.4411764705882353,37.41447626436952,29.27112939854757
171,680474,"Schuemann, Max",358,47.8,0.182,0.152,0.25,0.333,0.314,0.328,0.207,6,33,90.9,23,2301,90.3,90.63,19,65,106,0.29999999999999716,6.47,104,148,107,142,305,322,283,"1.199","-1.199","66.9","6.9","1.836144376",41,21,3,2,0,1,12,29.3,6,14.6,"2.23","0.65","0.32","0.32","91.5",193,47.61904761904761,9.523809523809524,4.878048780487805,5.63,-1.8,0.11,2.41,0.341,2,"-0.701169591",0.362,0.346,"0.701169591",-0.025,-0.020999999999999963,-0.013,-0.014,29.2,"36.3",8.020311734655193,-3.834470531017314,31.211082359668787,0.4666666666666667,36.723842814405224,27.298748167274006
171,650559,"De La Cruz, Bryan",339,50.4,0.333,0.179,0.387,0.513,0.379,0.287,0.233,13,39,87.4,9.2,2310,90.9,91.26,22,87,84,0.3999999999999915,6.46,107,150,121,145,302,325,289,"-1.704","1.704","66.1","7.2","3.728036269",45,32,8,4,0,1,9,20,3,6.7,"2.21","0.58","0.22","0.22","91.1",143,34.375,6.25,4.444444444444445,5.74,-1.77,0.2,2.32,0.378,2,"0.996491228",0.299,0.342,"-0.996491228",0.1,0.07900000000000001,0.171,0.092,25.3,"39.0",11.477319844828665,2.491908794088201,36.766624117851585,0.42857142857142855,36.50490131906756,26.91395080958318
171,695238,"Wagner, Will",180,95,0.265,0.029,0.333,0.294,0.341,0.335,0.254,9,34,83.3,3.4,2215,91.2,91.63,12,70,101,0.3999999999999915,6.55,119,148,104,152,289,320,303,"-1.028","1.028","66.5","6.3","1.7773932",44,27,8,1,0,0,7,15.9,10,22.7,"2.2","0.57","0.39","-0.39","89.8",116,19.230769230769234,0,0,5.73,-1.69,-0.04,2.2,0.432,0,"0.601169591",0.414,0.288,"-0.601169591",0.011,0.018000000000000016,0.006,0.006,17.1,"38.8",0.3359923584427601,0.7682385171563351,33.12017600279678,0.3142857142857143,35.65080560886625,25.747857587023088
170,516782,"Marte, Starling",647,26.3,0.2,0.125,0.25,0.325,0.249,0.312,0.254,8,40,88.7,12.2,2378,89,89.24,24,93,77,0.20000000000000284,6.36,109,152,115,147,308,331,295,"2.969","-2.969","69.2","7.0","5.12328677",42,29,5,2,0,1,11,26.2,1,2.4,"2.27","0.69","0.19","0.19","91.6",151,37.93103448275862,13.793103448275861,9.523809523809524,5.64,-1.93,0.24,2.35,0.238,4,"-1.746470588",0.289,0.432,"1.746470588",-0.054,-0.05099999999999999,-0.107,-0.063,25.8,"37.2",6.009895353729308,1.649382161859099,35.34422359253134,0.41935483870967744,37.73337810612855,22.95794880307205
166,682927,"Simon, Ronny",264,62.9,0.225,0.075,0.273,0.3,0.261,0.259,0.234,9,40,84.9,11.6,2299,90.5,90.51,17,87,79,0,6.35,110,146,110,151,292,317,296,"2.001","-2.001","69.4","6.9","0.820804551",43,33,6,3,0,0,7,16.3,3,7,"2.26","0.63","0.44","-0.44","90.5",147,24.242424242424242,0,0,5.65,-1.84,-0.17,2.38,0.279,0,"-1.205421687",0.287,0.283,"1.205421687",-0.009,-0.007999999999999952,0.017,0.002,19.5,"37.9",-0.71438230396866,4.2101651596347205,25.30995436581342,0.27058823529411763,33.581701864316535,26.48047492600734
166,663368,"Perkins, Blake",419,39.6,0.029,0,0.043,0.029,0.11,0.206,0.137,1,35,83.7,9.2,2239,87.7,87.97,22,75,91,0.29999999999999716,6.43,112,142,102,147,288,319,299,"4.944","-4.944","63.9","6.8","1.819087678",40,23,1,0,0,0,12,30,4,10,"2.53","0.65","0.35","-0.31","89.9",130,30.434782608695656,0,0,5.76,-1.75,0.04,2.32,0.15,0,"-2.978313253",0.245,0.176,"2.978313253",-0.108,-0.095,-0.147,-0.096,29.3,"39.5",7.721287073641874,-7.624786184863727,32.77338275663866,0.6081081081081081,36.63528577873854,27.674144712959382
165,699115,"Jorge, Carlos",183,90.2,0.184,0.132,0.231,0.316,0.259,0.284,0.229,7,38,82.6,12,2260,89.5,89.58,27,92,73,0.09999999999999432,6.37,116,147,105,152,290,317,300,"1.527","-1.527","65.5","7.2","2.099167538",42,27,5,0,1,1,11,26.2,4,9.5,"2.45","0.44","0.38","-0.38","89.6",145,18.51851851851852,7.4074074074074066,4.761904761904762,5.66,-1.84,-0.12,2.2,0.262,2,"-0.925454545",0.302,0.331,"0.925454545",-0.045,-0.03999999999999998,-0.015,-0.025,29.3,"36.5",13.50787125465901,-2.977916783598025,32.1983757946229,0.44565217391304346,38.22910950130566,29.51583000313474
160,686894,"Wiemer, Joey",335,47.8,0.188,0.031,0.353,0.219,0.273,0.246,0.155,6,32,86,5.6,2294,89.8,89.95,18,58,102,0.20000000000000284,6.44,102,150,121,145,302,321,293,"1.04","-1.04","65.1","7.1","5.077346015",39,17,5,1,0,0,15,38.5,6,15.4,"2.4","0.47","0.11","0.11","90.8",127,35.294117647058826,0,0,5.86,-1.81,0.04,2.26,0.333,0,"-0.65",0.306,0.183,"0.65",0.033,0.027000000000000024,0.036,0.027,31,"38.7",3.705137230705586,5.309126621952881,24.356447302539973,0.3148148148148148,37.726550374212444,26.950546060497032
160,677595,"Mauricio, Ronny",220,72.7,0.205,0.136,0.25,0.341,0.256,0.247,0.191,9,44,88.7,7.1,2209,89,88.99,28,104,56,0,6.41,114,145,124,150,296,326,298,"1.819","-1.819","73.5","7.6","3.232588215",46,30,7,0,0,2,14,30.4,1,2.2,"2.52","0.41","0.23","-0.23","91.7",132,30,10,6.521739130434782,5.65,-1.9,0.04,2.29,0.239,3,"-1.136875",0.226,0.342,"1.136875",0.014,0.012999999999999984,-0.001,0.009,26.9,"35.6",9.619282854670288,-5.783732083313986,26.799571962248805,0.5728155339805825,34.93211122682099,36.093450528955984
159,678009,"Meadows, Parker",163,97.5,0.257,0.086,0.36,0.343,0.295,0.249,0.21,9,35,85.9,15.9,2183,90,90.09,15,72,87,0.09999999999999432,6.47,114,145,108,152,294,328,293,"1.049","-1.049","69.1","7.2","2.362810856",38,25,7,1,1,0,10,26.3,2,5.3,"2.33","0.53","0.49","-0.49","89.6",143,20,4,2.631578947368421,5.65,-2.01,-0.08,2.31,0.316,1,"-0.659748428",0.272,0.277,"0.659748428",0.047,0.043999999999999984,0.066,0.046,20.8,"35.9",6.492040369671126,-1.8652894900574055,29.82621136119924,0.43661971830985913,38.49044563130134,32.58119856007064
157,807727,"McAdoo, Charles",397,39.5,0.227,0.182,0.235,0.409,0.29,0.311,0.259,10,44,87.7,14.3,2385,90.9,91.23,14,85,72,0.29999999999999716,6.52,108,152,122,148,300,323,289,"0.084","-0.084","72.5","7.1","1.843506194",46,36,6,2,0,2,8,17.4,2,4.3,"2.25","0.56","0.44","0.44","90.9",140,27.77777777777778,8.333333333333332,6.521739130434782,5.64,-1.87,0.15,2.18,0.261,3,"-0.053503185",0.291,0.419,"0.053503185",-0.032,-0.02999999999999997,-0.01,-0.021,16.5,"34.5",5.711097422541424,2.9987274409892404,30.6901928751642,0.46153846153846156,36.63216742997948,27.197234904656828
155,663611,"Madrigal, Nick",239,64.9,0.343,0.029,0.364,0.371,0.373,0.32,0.264,12,35,88.7,9.8,2314,89.4,89.48,9,79,76,0.09999999999999432,6.44,106,151,108,147,303,316,283,"-1.554","1.554","64.2","6.4","3.196667138",41,33,11,1,0,0,2,4.9,5,12.2,"2.31","0.58","0.37","0.37","90.8",140,27.27272727272727,0,0,5.68,-1.86,0.35,2.18,0.439,0,"1.002580645",0.372,0.321,"-1.002580645",0.079,0.067,0.05,0.053,11.4,"37.6",3.4900540297758362,4.2408106236107,29.78989842644799,0.4583333333333333,34.17493274236875,24.792107525798013
154,670097,"Short, Zack",272,56.6,0.097,0.032,0.167,0.129,0.152,0.212,0.142,3,31,87.2,28.4,2255,89.6,89.93,20,72,82,0.30000000000001137,6.49,107,153,113,146,298,323,288,"4.747","-4.747","68.1","7.0","1.474738591",34,18,2,1,0,0,13,38.2,2,5.9,"2.26","0.63","0.27","0.27","90.0",168,16.666666666666664,5.555555555555555,2.941176470588235,5.77,-1.68,0.1,2.24,0.176,1,"-3.082467532",0.218,0.24,"3.082467532",-0.045,-0.04200000000000001,-0.111,-0.06,27.8,"40.0",11.538674760507979,-4.48752132888581,34.04666940842746,0.5694444444444444,33.316055717562364,34.86192825068182
152,811965,"Kuroda-Grauer, Joshua",262,58,0.359,0.103,0.424,0.462,0.383,0.314,0.297,14,39,88.3,5.4,2291,88.7,88.91,17,76,76,0.20000000000000284,6.28,108,153,116,148,306,325,282,"-2.486","2.486","66.7","6.9","2.665358346",42,33,10,4,0,0,6,14.3,2,4.8,"2.43","0.77","0.13","0.13","91.9",152,39.39393939393939,0,0,6,-1.59,0.36,2.33,0.405,0,"1.635526316",0.348,0.353,"-1.635526316",0.062,0.05700000000000005,0.109,0.069,22.4,"42.5",5.903791125475603,0.9525412960811689,29.587828348232076,0.4583333333333333,35.59030752983809,35.78084408105386
151,457705,"McCutchen, Andrew",356,42.4,0.2,0,0.353,0.2,0.204,0.178,0.153,6,30,88.6,6.9,2402,90,89.98,27,69,82,0,6.41,108,150,121,145,304,323,289,"2.431","-2.431","66.9","7.4","3.421740333",33,17,6,0,0,0,14,42.4,2,6.1,"2.36","0.5","0.11","0.11","90.8",114,47.05882352941176,0,0,5.78,-1.97,0.26,2.16,0.242,0,"-1.609933775",0.201,0.184,"1.609933775",0.047,0.04099999999999998,0.016,0.026,39.1,"37.3",13.822561452876169,1.7200796272551366,35.20346641369601,0.5147058823529411,39.51558148911986,25.425019197008638
150,669398,"Workman, Gage",150,100,0.171,0.244,0.227,0.415,0.245,0.299,0.222,7,41,94.1,11.7,2221,88.9,89.18,30,90,60,0.29999999999999716,6.45,116,147,115,152,293,329,304,"3.052","-3.052","69.7","6.8","3.274584617",41,24,1,4,0,2,17,41.5,0,0,"2.38","0.54","0.35","-0.35","91.8",183,45.83333333333333,20.833333333333336,12.195121951219512,5.66,-2,-0.12,2.17,0.171,5,"-2.034666667",0.222,0.489,"2.034666667",-0.051,-0.05099999999999999,-0.074,-0.054,33.3,"37.6",11.854233836787627,2.6542342461022246,41.756519745036535,0.3888888888888889,35.97372382050379,23.10022022164905
149,645305,"Sánchez, Ali",310,48.1,0.222,0,0.294,0.222,0.226,0.249,0.224,10,45,85,12.7,2332,91.4,91.93,15,79,70,0.5,6.63,108,152,122,147,301,322,284,"4.068","-4.068","69.5","7.2","3.146172606",49,34,10,0,0,0,12,24.5,1,2,"1.99","0.79","0.41","0.41","90.6",142,29.411764705882355,2.941176470588235,2.0408163265306123,5.68,-1.91,0.16,2.42,0.265,1,"-2.730201342",0.268,0.287,"2.730201342",-0.002,-0.0030000000000000027,-0.065,-0.023,19,"38.5",10.736031637317165,2.78045189851154,31.06859483500303,0.6447368421052632,38.69610048193769,30.646534469577695
148,518595,"d'Arnaud, Travis",317,46.7,0.114,0.029,0.154,0.143,0.173,0.263,0.179,4,35,88.8,9.3,2315,91.6,91.48,20,78,70,-0.09999999999999432,6.33,107,153,125,148,302,323,293,"5.046","-5.046","68.4","7.4","2.213983514",39,26,3,1,0,0,9,23.1,3,7.7,"2","0.77","0.42","0.42","90.7",145,38.46153846153847,11.538461538461538,7.6923076923076925,5.65,-1.9,0.14,2.42,0.205,3,"-3.409459459",0.263,0.318,"3.409459459",-0.065,-0.058000000000000024,-0.175,-0.09,25.6,"35.0",7.20590657776605,7.620608700594792,29.43119603322738,0.5256410256410257,37.93146709264422,27.5901722685887
145,801501,"Furman, Nate",147,98.6,0.125,0,0.182,0.125,0.191,0.227,0.16,4,32,80.9,7.7,2346,90.5,90.77,13,65,80,0.29999999999999716,6.43,113,146,102,151,286,322,302,"3.963","-3.963","65.0","6.7","2.75771527",37,22,4,0,0,0,10,27,5,13.5,"2.2","0.61","0.25","-0.25","89.2",130,18.181818181818183,0,0,5.73,-1.8,-0.14,2.29,0.243,0,"-2.733103448",0.274,0.191,"2.733103448",-0.035,-0.031000000000000028,-0.066,-0.036,20,"37.7",11.808364823232939,0.10183003833504164,39.56803140554956,0.4461538461538462,31.40561185485301,30.708972764800134
144,683679,"Rodriguez, Jesus",209,68.9,0.25,0.222,0.25,0.472,0.347,0.324,0.277,9,36,85.8,8.9,2226,87.9,88.31,19,73,71,0.3999999999999915,6.31,113,151,122,148,302,320,287,"-0.406","0.406","66.5","7.1","2.352667336",40,30,5,2,0,2,6,15,3,7.5,"2.67","0.59","0.27","0.27","90.5",140,33.33333333333333,3.3333333333333335,2.5,5.71,-1.73,0.19,2.23,0.325,1,"0.281944444",0.349,0.376,"-0.281944444",-0.027,-0.023999999999999966,0.096,0.023,26,"37.7",5.8513708805045646,3.558257453463078,34.8380118368947,0.4583333333333333,35.43260240182988,27.842780833387938
142,691907,"Cheng, Tsung-Che",165,86.1,0.219,0.031,0.304,0.25,0.254,0.339,0.262,7,32,86.6,12.5,2285,90.3,90.65,24,70,72,0.29999999999999716,6.46,115,147,103,152,277,318,309,"1.942","-1.942","62.3","6.4","3.683344013",37,23,6,1,0,0,10,27,4,10.8,"2.31","0.52","0.48","-0.48","90.5",174,26.08695652173913,8.695652173913043,5.405405405405405,5.73,-2.2,-0.12,2.28,0.297,2,"-1.367605634",0.336,0.451,"1.367605634",-0.043,-0.039000000000000035,-0.201,-0.085,34.3,"37.0",10.908126303867208,1.2245925659657475,32.910157381744746,0.6571428571428571,35.73064203572348,27.953792257425025
140,676551,"Hicklen, Brewer",174,80.5,0.258,0.097,0.444,0.355,0.345,0.303,0.19,8,31,87.4,4.9,2127,88.5,88.82,32,71,69,0.29999999999999716,6.41,109,151,118,146,309,327,299,"-0.55","0.55","71.3","7.6","3.048731948",38,18,5,3,0,0,13,34.2,7,18.4,"2.79","0.68","0.57","0.57","91.3",139,33.33333333333333,11.11111111111111,5.263157894736842,5.82,-1.96,0.02,2.35,0.395,2,"0.392857143",0.339,0.309,"-0.392857143",0.068,0.055999999999999994,0.046,0.042,45.1,"38.4",12.320532155903194,-4.700864535264567,27.46896066493585,0.6086956521739131,34.909177714602556,31.70450089659689
137,676369,"Velázquez, Nelson",455,30.1,0.207,0.138,0.294,0.345,0.258,0.333,0.239,6,29,92.4,15.8,2435,89.8,90.04,23,63,74,0.20000000000000284,6.48,106,151,123,145,302,326,294,"1.658","-1.658","72.5","7.5","5.852790376",32,18,4,1,0,1,12,37.5,2,6.3,"2.34","0.53","0.11","0.11","92.5",150,61.111111111111114,16.666666666666664,9.375,5.39,-2.31,0.32,2.27,0.25,3,"-1.210218978",0.298,0.458,"1.210218978",-0.032,-0.04799999999999999,-0.113,-0.075,36.5,"30.9",17.623046390447612,-5.778745707096357,33.219986931676814,0.5737704918032787,38.0721292591855,34.95810866679745
136,663697,"India, Jonathan",237,57.4,0.226,0.129,0.273,0.355,0.302,0.237,0.162,7,31,84.1,34.3,2285,90.4,90.58,15,60,76,0.19999999999998863,6.54,106,153,122,147,302,325,293,"-0.229","0.229","67.2","7.2","3.107393627",35,23,5,1,0,1,8,22.9,3,8.6,"2.11","0.73","0.2","0.2","90.2",143,26.08695652173913,4.3478260869565215,2.857142857142857,5.82,-1.81,0.02,2.4,0.314,1,"0.168382353",0.258,0.251,"-0.168382353",0.064,0.055999999999999994,0.104,0.065,25,"41.9",9.922348337279319,-6.550792644286987,31.54541822821028,0.5254237288135594,35.64343815206845,31.082327127028584
135,650968,"Pozo, Yohel",218,61.9,0.222,0.111,0.259,0.333,0.234,0.216,0.22,8,36,86.2,13.1,2337,89.6,89.88,23,81,54,0.30000000000001137,6.53,107,150,124,147,304,325,290,"1.213","-1.213","66.2","7.5","4.785637655",37,28,6,1,0,1,9,24.3,0,0,"2.33","0.55","0.04","0.04","91.2",159,25,3.571428571428571,2.7027027027027026,5.6,-1.98,0.32,2.14,0.216,1,"-0.898518519",0.218,0.282,"0.898518519",0.002,-0.0020000000000000018,0.051,0.018,28.4,"34.9",8.140611604592324,-2.3576209139064117,27.415484097485777,0.45569620253164556,39.01898067070909,29.617160281156522
133,571771,"Hernández, Enrique",342,38.9,0.282,0.205,0.333,0.487,0.348,0.294,0.241,11,39,89,5.1,2396,89.8,90.09,14,66,67,0.29999999999999716,6.39,105,152,119,146,302,321,292,"0.313","-0.313","68.7","7.3","2.960883453",41,29,7,2,0,2,10,24.4,2,4.9,"2.39","0.47","-0.01","-0.01","92.3",153,44.827586206896555,6.896551724137931,4.878048780487805,5.74,-1.9,0.29,2.23,0.317,2,"-0.235338346",0.278,0.4,"0.235338346",0.041,0.03899999999999998,0.087,0.054,21.2,"39.1",7.907843437091321,1.7742193669886812,27.117344651801847,0.6153846153846154,40.81477250413762,29.557399525347712
132,677956,"Hinds, Rece",287,46,0.2,0.086,0.318,0.286,0.231,0.179,0.159,7,35,87.8,22.9,2312,88,88,32,73,59,0,6.48,106,151,122,145,299,330,290,"2.803","-2.803","71.3","7.7","4.140888766",38,22,4,3,0,0,14,36.8,1,2.6,"2.43","0.57","0.12","0.12","91.0",127,25,0,0,5.79,-1.67,0.35,2.03,0.237,0,"-2.123484848",0.201,0.19,"2.123484848",0.041,0.035999999999999976,0.096,0.052,43.8,"38.5",9.214659149809268,-8.734422115442095,38.57880025899882,0.3972602739726027,38.528982208738846,32.77820846619932
132,670224,"Misner, Kameron",185,71.4,0.25,0,0.438,0.25,0.254,0.22,0.184,7,28,82.9,24.5,2233,88.4,88.99,26,70,62,0.5999999999999943,6.48,120,147,105,152,295,328,307,"0.67","-0.67","71.9","7.7","3.917645043",30,16,7,0,0,0,12,40,2,6.7,"2.49","0.6","0.5","-0.5","91.1",164,25,0,0,5.59,-1.87,-0.21,2.35,0.3,0,"-0.507575758",0.238,0.245,"0.507575758",0.066,0.062,0.005,0.034,37.1,"34.9",14.647090078991388,-14.205106516228117,37.55248709012249,0.47761194029850745,37.387032599168855,38.39744558606221
127,669369,"Johnson, Bryce",188,67.6,0.226,0.065,0.389,0.29,0.254,0.194,0.172,7,31,79.8,25.4,2291,91.1,91.23,19,59,68,0.10000000000000853,6.49,118,147,109,151,286,320,302,"2.211","-2.211","64.2","7.4","3.29066894",33,18,5,2,0,0,13,39.4,2,6.1,"2.17","0.63","0.48","-0.48","89.3",150,11.11111111111111,0,0,5.67,-1.84,-0.18,2.32,0.273,0,"-1.740944882",0.222,0.195,"1.740944882",0.054,0.05100000000000002,0.095,0.06,32.2,"34.8",8.982081770857937,-1.2878397145569955,39.80740549608136,0.26785714285714285,34.66398304360531,28.956357784741762
125,806956,"Salas, Ethan",149,83.9,0.281,0.25,0.304,0.531,0.356,0.209,0.17,9,32,90.1,26.9,2168,89.7,89.88,11,60,65,0.20000000000000284,6.34,110,142,108,147,288,322,299,"-0.694","0.694","68.3","6.9","3.757356496",33,25,6,0,1,2,7,21.2,1,3,"2.4","0.46","0.34","-0.34","92.3",179,36,4,3.0303030303030303,5.59,-1.88,-0.11,2.16,0.303,1,"0.5552",0.195,0.285,"-0.5552",0.111,0.10799999999999998,0.246,0.147,18.3,"35.4",8.076198974601002,3.611492584002496,31.06615453939375,0.5789473684210527,38.63444618131528,31.713571144201282
123,644433,"Tromp, Chadwick",182,67.6,0.129,0,0.174,0.129,0.111,0.165,0.176,4,31,86.5,8.4,2324,91,91.02,14,68,55,0,6.31,106,149,119,145,296,317,286,"5.617","-5.617","65.9","7.8","5.82863165",32,23,4,0,0,0,9,28.1,0,0,"2.19","0.59","0.39","0.39","89.8",109,27.27272727272727,0,0,5.81,-1.82,0.14,2.21,0.125,0,"-4.566666667",0.175,0.201,"4.566666667",-0.047,-0.04999999999999999,-0.072,-0.054,20.6,"38.4",9.237087561456137,-16.674887600700764,29.381660376170302,0.5714285714285714,38.07599288838604,30.531890803948247
123,663853,"Gonzalez, Romy",288,42.7,0.2,0.067,0.286,0.267,0.235,0.269,0.242,6,30,87.8,-1.3,2347,91.5,91.89,21,68,55,0.4000000000000057,6.43,102,146,116,143,298,325,296,"2.152","-2.152","70.3","6.6","6.236991373",32,21,4,2,0,0,9,28.1,1,3.1,"2.24","0.5","0.41","0.41","91.5",154,33.33333333333333,0,0,5.58,-2.14,0.07,2.26,0.25,0,"-1.749593496",0.289,0.311,"1.749593496",-0.042,-0.03899999999999998,-0.044,-0.034,30.9,"34.2",4.6317666368292665,4.929502559754326,28.79945272433484,0.3787878787878788,36.171888005166245,25.60037470369308
122,691181,"Rodriguez, Emmanuel",178,68.5,0.161,0.258,0.2,0.419,0.269,0.376,0.254,5,31,88.9,12.7,2216,89.4,90.05,25,63,59,0.5999999999999943,6.72,117,146,112,152,295,325,300,"1.062","-1.062","70.8","6.9","2.667851799",33,17,2,0,1,2,14,42.4,2,6.1,"2.38","0.52","0.46","-0.46","92.8",164,52.94117647058824,29.411764705882355,15.151515151515152,5.7,-2.28,-0.1,2.18,0.212,5,"-0.870491803",0.299,0.596,"0.870491803",-0.093,-0.087,-0.177,-0.107,39.7,"35.5",7.645914433732562,0.31451885133680735,30.6988191211405,0.49122807017543857,35.38806888123874,32.499251936172804
120,694410,"Groover, LuJames",208,57.7,0.172,0.034,0.217,0.207,0.231,0.29,0.236,5,29,88.4,16.9,2338,90.4,90.5,8,49,71,0.09999999999999432,6.4,106,150,118,146,309,322,288,"2.534","-2.534","69.6","6.8","7.009887458",33,23,4,1,0,0,6,18.2,4,12.1,"2.29","0.53","0.18","0.18","91.2",140,40.909090909090914,4.545454545454546,3.0303030303030303,5.82,-1.65,0.23,2.28,0.273,1,"-2.111666667",0.331,0.299,"2.111666667",-0.064,-0.057999999999999996,-0.092,-0.059,16.3,"39.2",6.84912666921317,-4.159913546378082,32.02075193307403,0.5208333333333334,37.87777805663249,31.64364583729448
116,681047,"Franklin, Christian",249,46.6,0.192,0,0.263,0.192,0.243,0.253,0.181,5,26,84.6,-1.7,2363,89.7,90.25,12,45,71,0.5,6.65,111,151,117,147,304,325,291,"2.004","-2.004","69.6","7.0","3.828630604",30,19,5,0,0,0,7,23.3,3,10,"2.24","0.63","0.27","0.27","91.5",115,26.31578947368421,5.263157894736842,3.3333333333333335,5.69,-2.05,0.35,2.26,0.3,1,"-1.727586207",0.29,0.243,"1.727586207",0.011,0.010000000000000009,-0.051,-0.01,26.7,"35.6",9.622175355194326,7.5579320469078874,33.17176862114966,0.3409090909090909,37.40240689302514,26.76450587046532
116,800543,"De Paula, Josue",170,68.2,0.286,0.238,0.333,0.524,0.442,0.446,0.295,6,21,88.8,13.1,2306,89.5,89.41,11,43,73,-0.09999999999999432,6.27,117,144,119,151,297,325,298,"-2.375","2.375","71.4","7.4","2.119197397",29,16,3,2,0,1,5,17.2,8,27.6,"2.48","0.4","0.27","-0.27","91.2",205,43.75,18.75,10.344827586206897,5.84,-1.51,-0.18,2.17,0.483,3,"2.047413793",0.49,0.53,"-2.047413793",-0.009,-0.007000000000000006,-0.006,-0.004,25.6,"38.8",11.013550665987056,-4.903804831029669,38.895191196890096,0.4878048780487805,35.937315453128726,32.56066278974743
112,671655,"Valera, George",120,93.3,0.229,0.086,0.286,0.314,0.248,0.204,0.199,8,35,90.2,10.1,2234,88,88.21,15,64,48,0.20000000000000284,6.54,116,146,117,152,287,324,297,"1.331","-1.331","71.2","6.8","1.25874933",36,28,5,3,0,0,7,19.4,1,2.8,"2.55","0.45","0.29","-0.29","92.0",106,35.714285714285715,0,0,5.75,-2.06,-0.17,2.24,0.25,0,"-1.188392857",0.222,0.239,"1.188392857",0.03,0.027999999999999997,0.075,0.044,23.4,"37.8",5.494743336779387,-7.2012505808178595,24.689115027653855,0.47619047619047616,36.977305859943236,36.7874127057111
112,681987,"Eaton, Nate",261,42.9,0.182,0.182,0.188,0.364,0.287,0.308,0.223,4,22,90.7,15.8,2387,91.4,91.71,15,49,63,0.29999999999999716,6.37,104,152,112,147,296,322,291,"0.308","-0.308","70.9","7.0","1.472243912",25,17,2,1,0,1,5,20,3,12,"2.15","0.6","0.35","0.35","92.0",136,41.17647058823529,5.88235294117647,4,5.6,-1.85,0.42,2.2,0.28,1,"-0.275",0.317,0.376,"0.275",-0.041,-0.03699999999999998,-0.012,-0.021,30.6,"33.3",5.422711621728813,-9.729907752385012,30.374792451150487,0.425531914893617,35.757916498436586,36.14411123239408
112,691373,"Garcia, Jhostynxon",179,62.6,0.188,0.031,0.3,0.219,0.21,0.271,0.227,6,32,85.8,8.4,2376,87.9,88.19,24,67,45,0.29999999999999716,6.44,107,149,116,144,302,320,290,"3.123","-3.123","72.1","7.7","3.775354682",34,20,5,1,0,0,12,35.3,1,2.9,"2.51","0.55","-0.05","-0.05","91.0",134,35,5,2.941176470588235,5.75,-1.67,0.36,2.27,0.235,1,"-2.788392857",0.273,0.336,"2.788392857",-0.039,-0.038000000000000034,-0.117,-0.061,35.8,"37.6",12.94134828034927,0.5118220005635202,37.12640796627992,0.4626865671641791,37.549173635185234,28.040418539793787
111,691002,"Morales, Yohandy",191,58.1,0.269,0.385,0.267,0.654,0.388,0.36,0.283,7,26,92.3,11.7,2255,89.2,89.85,19,59,52,0.7000000000000028,6.63,109,152,125,148,311,324,293,"-2.561","2.561","72.3","7.3","2.66008304",26,18,3,1,0,3,8,30.8,0,0,"2.32","0.57","0.14","0.14","92.9",146,72.22222222222221,16.666666666666664,11.538461538461538,5.75,-2.04,0.2,2.54,0.269,3,"2.307207207",0.283,0.571,"-2.307207207",-0.014,-0.013999999999999957,0.083,0.028,32.2,"41.2",14.580152724260945,6.387051778426049,33.2813552398563,0.5660377358490566,36.775137537249414,30.9107821478055
110,682988,"Locklear, Tyler",171,64.3,0.308,0.192,0.35,0.5,0.384,0.378,0.282,8,26,83.7,-1.7,2271,91.5,91.88,14,57,53,0.4000000000000057,6.44,106,149,118,144,310,325,296,"-0.814","0.814","70.4","6.7","1.129141956",29,21,5,2,0,1,5,17.2,2,6.9,"2.12","0.62","0.42","0.42","92.2",144,33.33333333333333,19.047619047619047,13.793103448275861,5.9,-1.72,0.07,2.18,0.379,4,"0.74",0.357,0.516,"-0.74",0.026,0.02200000000000002,-0.016,0.006,24.6,"41.1",6.238915279280386,6.083457382959082,31.28459302016812,0.543859649122807,40.949964757324935,24.992173153342613
108,664731,"Higgins, P.J.",128,84.4,0.261,0.043,0.353,0.304,0.273,0.304,0.292,6,23,84.1,21.8,2356,90.2,90.26,10,41,67,0.09999999999999432,6.45,106,149,120,145,299,321,286,"0.867","-0.867","63.9","6.4","4.040579505",26,17,5,1,0,0,7,26.9,2,7.7,"2.32","0.54","0.47","0.47","89.8",146,17.647058823529413,0,0,5.62,-1.91,0.16,2.24,0.308,0,"-0.802777778",0.337,0.347,"0.802777778",-0.031,-0.029000000000000026,-0.043,-0.031,24.4,"36.3",9.449279503606302,-3.1443527041166446,29.55347609153855,0.5365853658536586,38.89695181049259,32.06900538546306
107,668800,"Knizner, Andrew",291,36.8,0.308,0.192,0.35,0.5,0.397,0.367,0.271,8,26,90.5,15,2357,90.5,91.17,15,45,62,0.7000000000000028,6.66,104,152,122,147,301,320,290,"-2.453","2.453","64.5","6.8","2.542140558",30,21,5,2,0,1,5,16.7,1,3.3,"2.17","0.64","0.29","0.29","92.6",160,38.095238095238095,9.523809523809524,6.666666666666667,5.67,-1.69,0.36,2.33,0.4,2,"2.292523364",0.368,0.463,"-2.292523364",0.037,0.03200000000000003,0.037,0.03,33.3,"36.6",6.193782461232994,2.1424955676640725,25.517266492776216,0.5116279069767442,37.044576687856875,31.16832084736922
107,703492,"Morabito, Nick",173,61.8,0.269,0.077,0.412,0.346,0.3,0.289,0.267,7,26,89.5,7.6,2400,91.8,91.89,12,45,62,0.10000000000000853,6.43,106,151,108,147,303,324,285,"1.428","-1.428","68.0","6.7","1.787837171",28,17,5,2,0,0,9,32.1,1,3.6,"1.98","0.77","0.37","0.37","91.3",146,47.05882352941176,0,0,5.77,-1.89,0.31,2.26,0.321,0,"-1.334579439",0.319,0.323,"1.334579439",0.002,0.0020000000000000018,0.023,0.011,26.7,"35.9",5.327718439171355,9.8248374648571,33.55020496784553,0.28888888888888886,39.421248300664715,21.925020148996403
103,695508,"Cauley, Cam",237,43.5,0.28,0.12,0.333,0.4,0.337,0.295,0.256,7,25,83.5,13.3,2276,90.1,90.38,12,45,58,0.30000000000001137,6.46,107,151,107,147,305,324,287,"-0.286","0.286","63.9","6.6","3.887311283",28,21,4,3,0,0,4,14.3,3,10.7,"2.25","0.8","0.38","0.38","90.1",134,19.047619047619047,0,0,5.89,-1.99,0.25,2.36,0.357,0,"0.277669903",0.336,0.313,"-0.277669903",0.024,0.020999999999999963,0.087,0.042,26.7,"43.3",11.872024956747833,4.0812388543656795,31.32718320068888,0.5714285714285714,39.100845366771374,29.689293080321537
102,669326,"Teodosio, Bryce",258,39.5,0.16,0,0.25,0.16,0.202,0.19,0.137,4,25,78.9,2.1,2333,91.1,91.24,21,50,52,0.10000000000000853,6.44,105,149,108,145,296,318,285,"2.969","-2.969","64.0","6.4","5.328979488",28,16,4,0,0,0,9,32.1,3,10.7,"2.19","0.61","0.34","0.34","89.0",115,12.5,0,0,5.58,-1.87,0.38,2.26,0.25,0,"-2.910784314",0.229,0.156,"2.910784314",0.023,0.02099999999999999,0.004,0.012,42,"33.1",5.129219800688,3.21092387167835,32.995709627012,0.36,39.42079854322058,31.23142843932708
102,670156,"Mastrobuoni, Miles",107,95.3,0.16,0,0.25,0.16,0.177,0.187,0.147,4,25,90.1,13.1,2301,90.6,90.83,9,40,62,0.20000000000000284,6.26,120,147,107,152,291,322,304,"3.635","-3.635","66.4","6.3","4.888843134",28,16,4,0,0,0,10,35.7,2,7.1,"2.17","0.63","0.34","-0.34","90.3",172,25,0,0,6.08,-1.66,-0.1,2.22,0.214,0,"-3.56372549",0.206,0.205,"3.56372549",0.013,0.008000000000000007,-0.045,-0.01,22.5,"40.5",5.387140060600073,4.370749365722604,32.52230950659229,0.45,36.857692934443946,30.894683301772485
101,669384,"Delgado, Raynel",132,76.5,0.233,0.033,0.28,0.267,0.236,0.25,0.243,7,30,86.1,6.8,2169,90.3,90.52,12,52,49,0.20000000000000284,6.46,116,148,99,152,275,318,294,"2.951","-2.951","69.4","7.1","1.992636934",31,25,6,1,0,0,5,16.1,1,3.2,"2.16","0.67","0.49","-0.49","90.6",141,32,0,0,5.74,-1.69,-0.14,2.45,0.258,0,"-2.921782178",0.268,0.298,"2.921782178",-0.01,-0.010000000000000009,-0.031,-0.014,23.1,"40.0",8.855077144633878,2.289266547745517,32.48232908825556,0.5192307692307693,37.397878396557594,24.9383501961788
101,693409,"Prieto, César",112,90.2,0.061,0.061,0.069,0.121,0.094,0.284,0.247,2,33,88.7,2.2,2209,90.8,91.14,10,52,49,0.29999999999999716,6.53,113,146,102,149,289,320,300,"6.687","-6.687","67.5","6.8","1.689359199",34,29,1,0,1,0,4,11.8,1,2.9,"2.25","0.55","0.6","-0.6","92.0",152,34.48275862068966,3.4482758620689653,2.941176470588235,5.63,-1.88,-0.12,2.23,0.088,1,"-6.620792079",0.269,0.389,"6.620792079",-0.186,-0.18100000000000002,-0.268,-0.19,19.2,"36.1",8.400758317930185,2.6345108323010042,30.287725322522178,0.6274509803921569,36.07699003881613,27.25708920461105
100,506702,"León, Sandy",179,55.9,0.083,0,0.143,0.083,0.074,0.138,0.136,2,24,84.7,20.1,2323,89.1,89.2,13,51,49,0.10000000000000853,6.24,122,147,119,153,289,320,299,"5.073","-5.073","64.8","6.9","2.108847761",24,14,2,0,0,0,10,41.7,0,0,"2.34","0.66","0.44","-0.44","90.4",117,28.57142857142857,0,0,5.56,-1.76,-0.03,2.21,0.083,0,"-5.073",0.136,0.182,"5.073",-0.053,-0.053000000000000005,-0.099,-0.064,25.5,"36.2",14.898957435409946,-8.542643875753747,33.388208225411006,0.54,37.69861446153978,34.074523317435315
99,692216,"Kayfus, CJ",108,91.7,0.211,0.211,0.25,0.421,0.328,0.345,0.195,4,19,93.4,21.8,2200,89.4,89.24,16,51,48,-0.20000000000000284,6.41,117,145,109,151,284,312,292,"-0.35","0.35","67.6","6.4","5.263675318",22,13,2,1,0,1,6,27.3,2,9.1,"2.29","0.64","0.46","-0.46","91.8",165,53.84615384615385,23.076923076923077,13.636363636363635,5.71,-2.03,-0.22,2.39,0.318,3,"0.353535354",0.305,0.494,"-0.353535354",0.016,0.013000000000000012,-0.073,-0.017,31.4,"33.4",11.287902719419913,-1.3530571589552722,36.211959132365,0.3469387755102041,30.894363608541738,29.659821444321004
98,621550,"Wisdom, Patrick",190,51.6,0.12,0.16,0.133,0.28,0.188,0.361,0.236,3,25,92,26.8,2339,91.6,91.97,21,57,41,0.4000000000000057,6.43,111,153,122,146,299,328,294,"2.643","-2.643","73.8","8.0","3.700904422",26,16,1,1,0,1,9,34.6,1,3.8,"1.94","0.8","0.37","0.37","91.6",196,43.75,31.25,19.230769230769234,5.86,-1.73,0.29,2.4,0.154,5,"-2.696938776",0.265,0.599,"2.696938776",-0.116,-0.11100000000000002,-0.319,-0.173,36.8,"42.8",15.44013741653525,-5.717531062882004,33.80581324297332,0.6842105263157895,37.34135594535621,30.488535087960134
98,624512,"McGuire, Reese",110,89.1,0.148,0,0.211,0.148,0.19,0.217,0.17,4,27,73.4,19.2,2227,86.9,86.84,10,49,49,-0.10000000000000853,6.28,111,147,113,152,286,323,299,"3.47","-3.47","67.4","7.6","1.172548154",30,19,4,0,0,0,8,26.7,2,6.7,"2.81","0.68","0.33","-0.33","89.5",138,10.526315789473683,0,0,5.99,-1.54,-0.05,2.22,0.233,0,"-3.540816327",0.253,0.198,"3.540816327",-0.022,-0.01999999999999999,-0.05,-0.027,20.4,"42.0",8.255773852513999,-4.224602738569367,32.048553169964556,0.40816326530612246,35.459468196004316,28.772815491603584
94,672012,"Black, Tyler",97,96.9,0.346,0.154,0.474,0.5,0.378,0.193,0.17,9,26,83.1,13.7,2219,87.3,87.68,12,50,44,0.4000000000000057,6.48,116,145,111,149,289,318,301,"-1.221","1.221","69.4","7.1","1.323891408",27,19,5,4,0,0,7,25.9,1,3.7,"3.01","0.74","0.36","-0.36","90.3",151,15.789473684210526,0,0,5.76,-1.95,-0.18,2.46,0.37,0,"1.29893617",0.2,0.231,"-1.29893617",0.176,0.16999999999999998,0.269,0.185,24,"36.3",4.928274143202238,12.703934859827765,34.95731010398431,0.3877551020408163,35.33691800915516,20.527895734817786
94,680718,"Barger, Addison",119,79,0.053,0.053,0.071,0.105,0.169,0.252,0.128,1,19,89.1,16.1,2325,91.5,91.61,10,43,51,0.09999999999999432,6.38,116,147,125,151,293,328,307,"2.845","-2.845","73.5","7.3","2.277128273",24,14,0,1,0,0,6,25,4,16.7,"2.2","0.57","0.39","-0.39","92.9",166,50,0,0,5.83,-1.92,0.04,2.46,0.208,0,"-3.026595745",0.283,0.187,"3.026595745",-0.075,-0.07499999999999998,-0.082,-0.083,23.3,"37.9",6.22424192392123,1.0071623235691431,27.01637278589534,0.5476190476190477,34.27448558447237,28.59076740718994
94,694876,"Ingle, Cooper",105,89.5,0.118,0,0.286,0.118,0.194,0.207,0.127,2,17,92.5,-2.7,2292,89.4,89.74,8,40,54,0.29999999999999716,6.45,115,145,102,150,281,316,298,"2.226","-2.226","65.2","6.8","3.51487966",20,7,2,0,0,0,10,50,3,15,"2.48","0.42","0.11","-0.11","90.5",109,57.14285714285714,0,0,5.56,-2.12,-0.27,2.07,0.25,0,"-2.368085106",0.258,0.152,"2.368085106",-0.009,-0.008000000000000007,-0.034,-0.013,20,"32.1",13.167178231769123,4.28555330219297,35.51332313802773,0.358974358974359,34.18809531686394,26.97320383133438
91,656582,"Joe, Connor",210,43.3,0.235,0.059,0.364,0.294,0.28,0.328,0.274,4,17,91.4,12.8,2365,91.2,91.49,7,37,54,0.29999999999999716,6.48,112,152,120,147,300,318,290,"0.694","-0.694","70.5","7.1","1.867711502",19,11,3,1,0,0,6,31.6,2,10.5,"2.28","0.5","0.13","0.13","91.5",171,36.36363636363637,9.090909090909092,5.263157894736842,5.88,-1.58,0.21,2.39,0.316,1,"-0.762637363",0.35,0.385,"0.762637363",-0.039,-0.033999999999999975,-0.091,-0.048,18.9,"40.2",2.854536934590783,1.8517000523877125,28.85158580624604,0.5,39.67016069149583,27.865159045257627
89,467793,"Santana, Carlos",106,84,0.048,0.048,0.077,0.095,0.089,0.135,0.099,1,21,89.5,38,2229,90.5,90.78,16,49,40,0.29999999999999716,6.48,116,147,128,153,293,321,298,"4.197","-4.197","70.5","7.8","3.602469668",22,13,0,1,0,0,8,36.4,1,4.5,"2.13","0.68","0.39","-0.39","90.9",147,46.15384615384615,0,0,5.95,-1.71,0.09,2.28,0.091,0,"-4.715730337",0.14,0.154,"4.715730337",-0.051,-0.049000000000000016,-0.059,-0.046,32.7,"42.7",15.969602967617636,-8.6182852051549,29.321652899596312,0.5714285714285714,35.30567684436697,35.03799858156187
89,695391,"Harris, Brett",194,45.9,0.1,0,0.2,0.1,0.146,0.185,0.133,2,20,84.1,21.4,2301,89.7,90.36,8,33,56,0.7000000000000028,6.63,108,153,117,147,303,321,290,"3.152","-3.152","67.4","7.2","4.076948786",22,10,2,0,0,0,10,45.5,1,4.5,"2.34","0.65","0.2","0.2","89.5",141,20,0,0,5.74,-1.98,0.31,2.27,0.182,0,"-3.541573034",0.212,0.174,"3.541573034",-0.033,-0.03,-0.074,-0.039,24.2,"37.8",6.863511161948805,1.1739996363068945,30.066828808879574,0.48484848484848486,35.80480078431259,25.4135615129606
89,690924,"Fulford, Braxton",352,25.3,0.2,0.15,0.25,0.35,0.301,0.227,0.137,4,20,86.4,21.8,2274,87.3,87.42,14,44,45,0.10000000000000853,6.18,109,152,123,147,305,330,299,"0.533","-0.533","69.0","6.6","3.125723851",25,13,3,0,0,1,8,32,4,16,"2.8","0.48","0.34","0.34","91.5",165,38.46153846153847,0,0,5.7,-2.32,0.41,2.04,0.32,0,"-0.598876404",0.269,0.203,"0.598876404",0.063,0.05099999999999999,0.147,0.074,31.8,"33.6",9.127096911156602,-3.1506420383772973,32.07074380137119,0.43902439024390244,36.50982206375235,32.69084277412912
88,606115,"Arcia, Orlando",168,52.4,0.321,0.036,0.36,0.357,0.326,0.287,0.265,9,28,86.7,1,2307,90.2,90.81,7,44,44,0.5999999999999943,6.59,112,152,122,147,294,323,290,"-0.028","0.028","67.2","7.6","3.111635477",30,25,8,1,0,0,3,10,2,6.7,"2.27","0.54","0.17","0.17","91.1",131,24,0,0,5.79,-1.64,0.31,2.2,0.367,0,"0.031818182",0.314,0.33,"-0.031818182",0.056,0.05299999999999999,0.027,0.039,15.9,"40.4",2.672820913243633,0.574056063964055,25.720228908202426,0.4418604651162791,37.92768257104283,28.795672428764888
88,663330,"Jones, Jahmai",694,12.7,0.12,0,0.2,0.12,0.107,0.16,0.143,3,25,87.7,28.2,2369,89.4,89.58,22,51,37,0.19999999999998863,6.45,108,151,117,147,298,326,291,"4.428","-4.428","67.3","7.3","3.861822938",25,15,3,0,0,0,10,40,0,0,"2.29","0.62","0.23","0.23","90.7",139,40,0,0,5.71,-1.74,0.32,2.13,0.12,0,"-5.031818182",0.143,0.23,"5.031818182",-0.023,-0.022999999999999993,-0.11,-0.053,43.1,"38.5",10.455932909947311,-11.333632002572262,30.94957168569676,0.56,37.884157352646376,32.75504953162189
85,695257,"Cook, Billy",208,40.9,0.2,0.04,0.333,0.24,0.214,0.162,0.133,5,25,85.8,27,2324,87.1,87.43,22,51,34,0.30000000000001137,6.36,106,149,114,145,300,323,293,"2.649","-2.649","69.3","7.5","2.898237681",26,15,4,1,0,0,10,38.5,0,0,"2.81","0.44","0.01","0.01","93.4",188,33.33333333333333,0,0,5.76,-1.89,0.04,2.25,0.231,0,"-3.116470588",0.166,0.193,"3.116470588",0.067,0.065,0.047,0.052,43.1,"42.7",14.155289825638445,-5.931517463074202,30.7793069348055,0.5686274509803921,36.10787638748391,33.577632587716295
85,807747,"Nishida, Rikuu",97,87.6,0.25,0,0.3,0.25,0.223,0.244,0.254,6,24,87.4,3.3,2225,89,89.69,7,39,46,0.7000000000000028,6.62,110,145,95,146,279,312,291,"1.533","-1.533","58.6","5.8","1.423168612",24,20,6,0,0,0,4,16.7,0,0,"2.35","0.56","0.28","-0.28","90.0",152,15,0,0,5.82,-1.85,-0.09,2.32,0.25,0,"-1.803529412",0.254,0.304,"1.803529412",-0.004,-0.0040000000000000036,-0.054,-0.021,17.9,"39.5",3.8242231976550465,14.763409260185545,30.935732937774144,0.2972972972972973,34.184702321270315,25.339228158721912
84,650391,"Jiménez, Eloy",130,64.6,0.333,0,0.429,0.333,0.338,0.303,0.238,6,18,91.7,11.9,2375,89.8,90.42,15,45,39,0.6000000000000085,6.7,111,151,124,148,305,324,295,"-0.36","0.36","71.6","7.3","3.725419348",22,14,6,0,0,0,5,22.7,3,13.6,"2.41","0.46","-0.03","-0.03","92.0",158,42.857142857142854,7.142857142857142,4.545454545454546,5.97,-1.7,0.18,2.05,0.409,1,"0.428571429",0.338,0.33,"-0.428571429",0.095,0.07099999999999995,0.003,0.035,33.3,"45.3",7.268709889161136,-7.484755419398831,27.08395177324954,0.4444444444444444,40.94964966413006,30.86589053276335
84,649966,"Urías, Luis",230,36.5,0.318,0.318,0.294,0.636,0.43,0.312,0.254,7,22,85.7,10.3,2367,90.6,90.73,4,43,41,0.10000000000000853,6.45,108,153,122,148,297,322,288,"-1.598","1.598","70.8","7.5","3.119486442",24,19,4,1,0,2,3,12.5,2,8.3,"2.38","0.43","0.3","0.3","91.3",128,36.84210526315789,10.526315789473683,8.333333333333332,5.61,-2.27,0.31,2.15,0.375,2,"1.902380952",0.316,0.392,"-1.902380952",0.064,0.059,0.244,0.118,9.3,"34.4",7.76333565165688,-5.665757246412752,23.960175031804923,0.5813953488372093,36.5853708379016,33.19037696595776
83,700246,"Williams, Carson",142,58.5,0.19,0.19,0.214,0.381,0.263,0.257,0.194,4,21,84.5,30.1,2333,90.4,90.42,12,45,38,0,6.49,104,148,111,144,303,322,290,"1.156","-1.156","69.4","7.2","3.268311592",22,15,2,1,0,1,6,27.3,1,4.5,"2.33","0.51","0.34","0.34","90.5",138,20,6.666666666666667,4.545454545454546,5.7,-1.8,0.24,2.13,0.227,1,"-1.392771084",0.231,0.359,"1.392771084",-0.004,-0.0040000000000000036,0.022,0.006,26.7,"32.5",12.853028133034435,-3.149561406214095,32.47979593607573,0.5333333333333333,37.889823405312306,28.266978368092225
82,814154,"Bandura, Scott",128,64.1,0.118,0,0.333,0.118,0.138,0.134,0.105,2,17,79.5,16.5,2247,91,91.71,14,39,43,0.7000000000000028,6.7,116,146,108,152,292,319,301,"2.618","-2.618","69.5","6.4","2.120116964",18,6,2,0,0,0,11,61.1,1,5.6,"2.14","0.65","0.28","-0.28","89.7",174,16.666666666666664,0,0,5.98,-1.43,-0.06,2.46,0.167,0,"-3.192682927",0.155,0.123,"3.192682927",0.013,0.01200000000000001,-0.005,0.004,35.9,"44.0",4.826454096432598,0.8716599871143906,32.92657896529274,0.48717948717948717,34.96823241662342,30.716860266160058
81,691277,"De Los Santos, Deyvison",169,47.9,0.095,0,0.133,0.095,0.114,0.196,0.174,2,21,91.2,8.1,2413,89.8,89.69,8,37,44,-0.09999999999999432,6.25,110,150,126,148,311,323,297,"3.802","-3.802","75.6","8.0","8.482815975",22,15,2,0,0,0,6,27.3,0,0,"2.39","0.47","0.19","0.19","91.6",129,33.33333333333333,0,0,5.66,-1.82,0.14,2.1,0.136,0,"-4.69382716",0.212,0.217,"4.69382716",-0.079,-0.07599999999999998,-0.122,-0.082,21.6,"39.6",8.289011724093763,-9.222655599714175,26.812724558676504,0.5135135135135135,41.86158240680782,33.544624526111754
79,682729,"Clase, Jonatan",114,69.3,0.267,0.4,0.286,0.667,0.428,0.229,0.138,4,15,89,12.7,2066,90.4,90.79,14,34,45,0.3999999999999915,6.52,119,147,107,152,283,316,300,"-1.071","1.071","65.5","6.5","2.734884144",17,9,2,0,0,2,6,35.3,2,11.8,"2.32","0.5","0.67","-0.67","92.2",161,33.33333333333333,0,0,5.62,-1.61,-0.21,2.21,0.353,0,"1.355696203",0.239,0.259,"-1.355696203",0.129,0.11399999999999999,0.408,0.199,41.2,"34.8",5.70457694437117,2.1519232622717994,39.07009602055672,0.5757575757575758,35.63126417029273,28.92089608823699
77,669911,"Toglia, Michael",105,73.3,0.095,0.095,0.182,0.19,0.146,0.209,0.185,2,21,93.9,11.5,2268,90.8,90.8,15,37,40,0,6.33,119,146,120,153,297,327,298,"3.616","-3.616","71.8","7.6","4.676116388",22,11,0,2,0,0,10,45.5,1,4.5,"2.45","0.35","0.59","-0.59","92.4",185,63.63636363636363,0,0,5.67,-1.86,-0.16,2.28,0.136,0,"-4.696103896",0.222,0.25,"4.696103896",-0.09,-0.086,-0.06,-0.063,40.5,"32.3",11.001409366187822,0.3430050871178705,36.33860177222958,0.43243243243243246,36.46664351355965,27.183023290558435
76,669087,"Huff, Sam",124,61.3,0.095,0.048,0.222,0.143,0.13,0.147,0.097,2,21,90.2,10.3,2301,90.7,90.75,21,47,29,0.09999999999999432,6.46,109,149,121,144,300,321,292,"3.818","-3.818","70.0","7.5","1.808516733",22,9,1,1,0,0,12,54.5,1,4.5,"2.36","0.55","0.3","0.3","90.7",162,44.44444444444444,11.11111111111111,4.545454545454546,5.81,-2.05,0.14,2.52,0.136,1,"-5.023684211",0.138,0.188,"5.023684211",-0.002,-0.0020000000000000018,-0.045,-0.017,44.7,"35.2",9.282137487788168,-1.0810364290049481,33.34924395112753,0.4782608695652174,36.984165579846994,29.155976676777662
76,671083,"Kennedy, Buddy",217,35,0.222,0.056,0.286,0.278,0.268,0.307,0.259,4,18,82.4,22.4,2367,89,89.08,9,38,38,0.09999999999999432,6.28,107,152,120,146,297,325,288,"1.115","-1.115","69.1","6.7","5.684645852",20,14,3,1,0,0,4,20,1,5,"2.36","0.56","0.4","0.4","91.6",167,28.57142857142857,7.142857142857142,5,5.75,-2.05,0.21,2.18,0.3,1,"-1.467105263",0.333,0.345,"1.467105263",-0.037,-0.03300000000000003,-0.067,-0.039,23.7,"38.1",8.174543450278831,-10.869388531539187,33.45270516354408,0.4594594594594595,35.040678796795866,33.49017532982004
76,640459,"Navarreto, Brian",240,31.7,0.063,0,0.111,0.063,0.127,0.112,0.041,1,16,76.1,10,2269,88.2,88.59,12,37,39,0.3999999999999915,6.44,113,152,120,148,300,324,293,"2.918","-2.918","70.5","7.5","4.16982668",18,9,1,0,0,0,7,38.9,2,11.1,"2.41","0.67","0.27","0.27","89.2",101,0,0,0,5.49,-1.91,0.23,2.15,0.167,0,"-3.839473684",0.147,0.048,"3.839473684",0.022,0.020000000000000018,0.015,0.015,32.4,"32.8",11.219631766136924,-9.623332330296272,26.34372270477267,0.6486486486486487,35.279343969958674,33.80830192200718
74,666464,"Encarnacion, Jerar",159,46.5,0.176,0,0.214,0.176,0.157,0.16,0.146,3,17,85.9,5.7,2409,89.4,89.47,6,41,33,0.09999999999999432,6.4,111,153,124,147,298,322,285,"2.41","-2.41","71.6","7.2","2.54654739",17,14,3,0,0,0,3,17.6,0,0,"2.41","0.49","-0.01","-0.01","90.6",118,35.714285714285715,7.142857142857142,5.88235294117647,6.03,-2.16,0.13,2.38,0.176,1,"-3.256756757",0.146,0.225,"3.256756757",0.03,0.03,-0.049,-0.003,14.6,"43.9",2.441918186226534,6.760168950181312,36.49179566296139,0.4878048780487805,37.46868805965633,26.693010434243035
74,669289,"Espinal, Santiago",224,33,0.391,0.13,0.474,0.522,0.397,0.334,0.355,9,23,83.5,8.8,2225,86.1,86.26,9,43,31,0.20000000000000284,6.22,111,152,120,148,301,318,287,"-0.932","0.932","65.9","7.7","2.325019661",23,19,6,3,0,0,4,17.4,0,0,"2.62","0.76","0.18","0.18","90.1",147,36.84210526315789,0,0,5.81,-2.05,0.25,2.12,0.391,0,"1.259459459",0.355,0.415,"-1.259459459",0.036,0.03600000000000003,0.107,0.063,20.9,"41.8",8.341832869038008,-0.03975101536984238,35.30567731485613,0.4883720930232558,36.68163479572722,31.577688355482493
73,608701,"Refsnyder, Rob",523,14,0.105,0,0.154,0.105,0.124,0.258,0.234,2,19,87.9,19.6,2239,91.4,91.51,13,34,39,0.09999999999999432,6.4,106,152,119,147,305,320,290,"3.331","-3.331","70.0","7.6","2.830160092",20,13,2,0,0,0,6,30,1,5,"2.11","0.65","0.29","0.29","92.3",167,30.76923076923077,0,0,5.77,-1.66,0.08,2.37,0.15,0,"-4.563013699",0.273,0.312,"4.563013699",-0.129,-0.12300000000000003,-0.207,-0.134,38.2,"38.0",11.462851884689739,2.4234241036559823,33.901911363027494,0.6470588235294118,36.67858948085139,25.842439550277344
70,663967,"Salazar, César",95,73.7,0,0,0,0,0.177,0.354,0.217,0,12,89.2,10.2,2126,89.2,88.96,5,29,41,-0.20000000000000284,6.22,121,146,111,152,279,317,294,"1.663","-1.663","65.7","6.8","0.837444564",16,9,0,0,0,0,3,18.8,3,18.8,"2.45","0.46","0.53","-0.53","90.7",129,33.33333333333333,0,0,5.43,-1.84,-0.21,2.5,0.25,0,"-2.375714286",0.413,0.334,"2.375714286",-0.217,-0.16299999999999998,-0.334,-0.177,17.2,"28.2",15.321397515867325,-2.541088372176175,32.18760002208189,0.5862068965517241,34.533247348184084,30.815088402023726
68,686823,"Brennan, Will",78,87.2,0,0,0,0,0,0.14,0.131,0,21,83.5,20.6,2435,91,91.35,4,45,23,0.4000000000000057,6.56,120,148,105,152,289,323,297,"5.621","-5.621","67.7","6.5","1.243596345",21,18,0,0,0,0,3,14.3,0,0,"2.09","0.71","0.36","-0.36","90.1",139,29.411764705882355,0,0,5.87,-1.86,0.11,2.32,0,0,"-8.266176471",0.131,0.198,"8.266176471",-0.131,-0.131,-0.198,-0.14,8.9,"41.9",-2.4268172837064563,4.277781702755803,29.139631536911196,0.23255813953488372,36.151888798619495,26.320493445901235
65,677008,"Kjerstad, Heston",65,100,0.211,0.053,0.4,0.263,0.207,0.205,0.217,4,19,82.5,13,2318,88.8,88.77,16,37,28,0,6.38,119,148,117,153,294,326,304,"2.022","-2.022","70.2","7.1","2.25350737",19,10,3,1,0,0,9,47.4,0,0,"2.48","0.48","0.22","-0.22","90.4",178,20,0,0,5.55,-1.88,-0.09,2.4,0.211,0,"-3.110769231",0.217,0.249,"3.110769231",-0.006,-0.006000000000000005,0.014,0.002,43.2,"35.5",14.068921827507284,-1.3658668398646014,37.15557512692286,0.3888888888888889,36.73516488800957,30.298087250399906
63,571912,"Maile, Luke",177,35.6,0.067,0,0.1,0.067,0.135,0.25,0.177,1,15,75.1,-0.4,2242,84.9,85.15,7,23,40,0.29999999999999716,6.31,106,151,120,148,302,323,293,"2.077","-2.077","66.3","6.6","4.346060288",17,10,1,0,0,0,5,29.4,2,11.8,"3.13","0.63","0.05","0.05","89.4",140,10,0,0,5.64,-1.65,0.25,2.38,0.176,0,"-3.296825397",0.274,0.263,"3.296825397",-0.11,-0.09800000000000003,-0.196,-0.115,30.4,"36.9",7.291304237250292,3.8425773198708524,31.25077679598482,0.5217391304347826,36.573054171512304,31.008343848827018
62,680737,"Helman, Michael",113,54.9,0.154,0,0.182,0.154,0.246,0.267,0.173,2,13,76.5,12.5,2258,90.8,90.78,8,36,26,0,6.26,108,153,107,147,295,324,290,"1.336","-1.336","65.9","7.5","1.760457477",16,11,2,0,0,0,2,12.5,1,6.3,"2.32","0.48","0.47","0.47","88.5",135,9.090909090909092,0,0,5.76,-1.72,0.31,2.2,0.313,0,"-2.15483871",0.328,0.2,"2.15483871",-0.019,-0.015000000000000013,-0.046,-0.021,22.2,"36.9",11.525727594962056,-6.275056507724703,28.831985352345832,0.5833333333333334,35.018910193331415,32.83140397143846
61,642020,"Robinson, Chuckie",90,67.8,0.154,0,0.222,0.154,0.137,0.154,0.165,2,13,91,25.6,2310,91.2,91.51,11,35,26,0.29999999999999716,6.42,106,151,118,146,301,319,282,"2.146","-2.146","67.4","6.8","2.023472969",13,9,2,0,0,0,4,30.8,0,0,"2.02","0.75","0.4","0.4","90.1",132,22.22222222222222,0,0,5.88,-1.88,0.23,2.49,0.154,0,"-3.518032787",0.165,0.192,"3.518032787",-0.011,-0.01100000000000001,-0.038,-0.017,31.4,"41.8",8.327162246375014,6.779688954453814,30.626876528151225,0.5588235294117647,39.18265906951106,22.29430709361416
61,677060,"Stevens, Chad",151,40.4,0.077,0,0.125,0.077,0.143,0.197,0.123,1,13,87.1,22.1,2307,89,89.09,12,31,30,0.09999999999999432,6.37,110,151,119,149,306,328,294,"2.211","-2.211","72.5","7.4","6.983757818",16,8,1,0,0,0,6,37.5,2,12.5,"2.65","0.41","0.2","0.2","91.3",203,37.5,0,0,5.82,-1.95,0.16,2.07,0.188,0,"-3.624590164",0.226,0.189,"3.624590164",-0.046,-0.038000000000000006,-0.112,-0.054,38.7,"37.6",10.667171560400167,-4.685558556532374,34.03516856895131,0.4827586206896552,39.77703513755296,34.24254014104422
59,687515,"Thomas, Colby",442,13.3,0.059,0,0.1,0.059,0.052,0.127,0.125,1,17,85.8,11.5,2297,90.9,91.2,17,40,19,0.29999999999999716,6.41,108,151,118,146,306,328,292,"3.815","-3.815","74.1","7.8","2.273605247",17,10,1,0,0,0,7,41.2,0,0,"2.25","0.53","0.31","0.31","90.1",161,40,0,0,5.83,-1.62,0.33,2.06,0.059,0,"-6.466101695",0.125,0.169,"6.466101695",-0.066,-0.066,-0.11,-0.075,42.5,"38.5",10.971606176060453,-4.19508217140195,30.360350506026855,0.5142857142857142,39.730327182330896,29.25305065092599
59,805346,"Ross, Ben",90,65.6,0.077,0.077,0.333,0.154,0.097,0.065,0.061,1,13,78.8,19,2332,91.3,91.57,16,31,28,0.29999999999999716,6.47,103,151,118,147,307,322,294,"2.494","-2.494","66.7","7.0","3.047824829",13,3,0,1,0,0,10,76.9,0,0,"2.12","0.66","0.24","0.24","90.0",114,33.33333333333333,0,0,5.84,-1.95,0.15,2.15,0.077,0,"-4.227118644",0.061,0.089,"4.227118644",0.016,0.016,0.065,0.032,51.6,"38.0",11.789768279640903,-3.6124069392891975,35.759524846297104,0.36666666666666664,35.66443016416359,28.997703614589447
56,666163,"Rortvedt, Ben",100,56,0.077,0,0.143,0.077,0.068,0.082,0.086,1,13,89.3,9,2118,90.1,90.66,9,28,28,0.6000000000000085,6.49,118,148,111,152,286,320,303,"2.975","-2.975","57.8","6.0","4.407132853",13,7,1,0,0,0,6,46.2,0,0,"2.17","0.67","0.5","-0.5","88.9",149,0,0,0,5.94,-1.87,-0.1,2.18,0.077,0,"-5.3125",0.086,0.103,"5.3125",-0.009,-0.008999999999999994,-0.026,-0.014,32.1,"44.7",1.2451507686311265,0.37281540417692316,29.131227078074375,0.4642857142857143,34.26531950710442,27.759057437284348
53,687605,"Pinckney, Andrew",109,48.6,0.167,0,0.286,0.167,0.137,0.252,0.206,2,12,96.9,5.6,2428,91.1,91.51,8,19,34,0.4000000000000057,6.49,111,149,110,146,310,323,293,"2.004","-2.004","73.3","7.6","2.181566215",13,7,2,0,0,0,6,46.2,0,0,"2.11","0.66","0.26","0.26","95.9",164,71.42857142857143,14.285714285714285,7.6923076923076925,5.79,-2.06,0.22,2.05,0.154,1,"-3.781132075",0.236,0.306,"3.781132075",-0.039,-0.08199999999999999,-0.139,-0.115,42.1,"37.1",9.125406231906661,6.053690626684151,30.59249942845105,0.3888888888888889,38.257237388899114,28.556610369998882
53,605244,"Garcia, Aramis",64,82.8,0.063,0,0.1,0.063,0.056,0.145,0.143,1,16,83,15.8,2293,89.1,88.98,10,27,26,-0.09999999999999432,6.15,110,149,123,142,303,325,292,"3.714","-3.714","70.8","7.4","4.14604076",16,10,1,0,0,0,6,37.5,0,0,"2.35","0.62","0.34","0.34","91.0",156,20,0,0,5.66,-1.83,-0.01,2.48,0.063,0,"-7.00754717",0.143,0.188,"7.00754717",-0.08,-0.07999999999999999,-0.125,-0.089,37,"36.2",13.450781279821499,-4.95358451677315,32.11622812026453,0.7407407407407407,34.40753037895201,32.00623529565362
52,672613,"Alfonzo, Eliezer",94,55.3,0.143,0.143,0.167,0.286,0.18,0.161,0.153,2,14,88.5,21.5,2136,92.3,92.86,4,27,25,0.6000000000000085,6.46,118,145,115,149,285,315,300,"1.803","-1.803","66.4","7.0","2.548079808",14,12,0,2,0,0,2,14.3,0,0,"1.93","0.75","0.83","-0.83","90.3",191,16.666666666666664,0,0,5.55,-2.05,-0.32,2.44,0.143,0,"-3.467307692",0.153,0.23,"3.467307692",-0.01,-0.010000000000000009,0.056,0.019,14.8,"36.0",6.118450167688056,2.479045593474499,31.695684130643414,0.3333333333333333,38.131033244533,19.235576258151774
52,675659,"Jones, Greg",81,64.2,0.067,0,0.125,0.067,0.059,0.139,0.147,1,15,91.6,-6.1,2323,90.2,90.24,11,27,25,0,6.42,113,143,97,143,282,319,299,"3.448","-3.448","64.4","6.1","4.124396436",15,8,1,0,0,0,7,46.7,0,0,"2.13","0.71","0.44","-0.44","92.7",146,37.5,0,0,5.71,-1.77,-0.18,2.45,0.067,0,"-6.630769231",0.147,0.177,"6.630769231",-0.08,-0.07999999999999999,-0.11,-0.08,40.7,"34.9",2.2501312307452555,8.179173539719196,37.71067188677502,0.45454545454545453,34.16333746599854,24.09484785756956
51,694025,"Reyes, Felix",118,43.2,0.118,0.059,0.154,0.176,0.127,0.168,0.148,2,17,85.7,13.4,2261,90.2,90.23,9,29,22,0,6.46,107,150,122,145,305,327,293,"2.892","-2.892","74.0","7.5","3.602436098",17,13,1,1,0,0,4,23.5,0,0,"2.51","0.34","0.31","0.31","90.9",161,15.384615384615385,15.384615384615385,11.76470588235294,5.96,-1.38,0.17,1.97,0.118,2,"-5.670588235",0.148,0.254,"5.670588235",-0.03,-0.03,-0.078,-0.041,31,"40.1",6.741678814043533,-6.9927031484112305,28.019317684911844,0.4827586206896552,39.098711490532594,30.000019312959132
51,665828,"Cabrera, Oswaldo",95,53.7,0.2,0.067,0.3,0.267,0.234,0.249,0.225,3,15,89.1,-6.4,2282,89.8,90.32,5,26,25,0.5,6.6,111,139,105,145,279,317,295,"1.584","-1.584","67.3","7.3","5.393506507",16,10,2,1,0,0,5,31.3,1,6.3,"2.36","0.52","0.21","-0.21","91.7",123,50,0,0,5.7,-1.99,-0.2,2.17,0.25,0,"-3.105882353",0.273,0.286,"3.105882353",-0.025,-0.02300000000000002,-0.019,-0.015,19.2,"41.1",9.062072083886099,-0.39414592030619056,33.26642311766638,0.56,38.265927115362395,31.922810936472903
50,703197,"Arroyo, Michael",124,40.3,0.353,0.235,0.357,0.588,0.435,0.382,0.309,6,17,86,22.3,2342,89.9,90.42,6,31,19,0.5,6.53,107,148,118,144,306,324,291,"-3.247","3.247","71.6","7.6","0.654406875",19,15,4,1,0,1,2,10.5,2,10.5,"2.14","0.7","0.11","0.11","91.0",191,26.666666666666668,6.666666666666667,5.263157894736842,5.82,-2.01,0.22,2.2,0.421,1,"6.494",0.382,0.495,"-6.494",0.044,0.03899999999999998,0.093,0.053,19.4,"38.0",10.761774266081831,-1.8421394362707382,37.81708471580749,0.6666666666666666,32.947248446498044,31.96288413344536
49,691858,"Serna, Jared",119,41.2,0.364,0.091,0.4,0.455,0.381,0.286,0.205,4,11,83.3,19.7,2326,92.6,92.55,5,23,26,0,6.42,107,149,108,148,307,317,295,"-1.059","1.059","67.1","7.0","1.434292519",14,10,3,1,0,0,2,14.3,2,14.3,"2.03","0.66","0.84","0.84","90.6",162,30,0,0,5.36,-2.34,-0.09,2.4,0.429,0,"2.16122449",0.335,0.234,"-2.16122449",0.159,0.09399999999999997,0.221,0.095,21.7,"28.2",7.729099481632745,10.371121815990492,20.256005065012022,0.6956521739130435,34.31368357385592,26.025402089791356
49,663584,"Senger, Hayden",54,90.7,0.154,0.231,0.125,0.385,0.226,0.192,0.153,2,13,82.3,-3.1,2020,88.2,88.63,11,30,19,0.3999999999999915,6.54,112,151,123,146,299,323,294,"0.776","-0.776","70.6","7.6","2.74122596",13,9,1,0,0,1,4,30.8,0,0,"2.56","0.63","0.37","0.37","90.7",150,33.33333333333333,0,0,6.04,-1.23,0.2,2.29,0.154,0,"-1.583673469",0.153,0.305,"1.583673469",0.001,0.0010000000000000009,0.08,0.034,36.7,"41.9",9.59671377733615,6.787350955971377,27.990142947092473,0.6333333333333333,39.76380227539803,25.69568189996328
48,677943,"Banfield, Will",73,65.8,0.214,0.071,0.3,0.286,0.203,0.191,0.192,3,14,82.1,32.4,2312,90.3,90.31,11,29,19,0,6.4,112,149,120,144,299,317,285,"1.328","-1.328","72.4","7.1","5.348161093",15,10,2,1,0,0,5,33.3,0,0,"2.16","0.7","0.46","0.46","89.8",172,10,0,0,5.62,-2.17,0.17,2.28,0.2,0,"-2.766666667",0.193,0.244,"2.766666667",0.022,0.007000000000000006,0.042,0.012,37.9,"41.0",6.054424218375877,-15.221506734106445,23.327481232877293,0.4827586206896552,37.11879219359232,33.86717893084538
48,600869,"Candelario, Jeimer",83,57.8,0.077,0.077,0.125,0.154,0.097,0.163,0.162,1,13,95,20.4,2217,89.7,89.71,16,28,20,0,6.33,116,146,114,153,295,319,302,"2.607","-2.607","69.1","8.1","5.215559671",13,8,0,1,0,0,5,38.5,0,0,"2.26","0.61","0.35","-0.35","92.6",192,50,0,0,5.75,-1.95,-0.23,2.14,0.077,0,"-5.43125",0.162,0.217,"5.43125",-0.085,-0.085,-0.063,-0.066,57.1,"35.7",12.647278894860737,-6.5613391503740885,32.92119494201345,0.5185185185185185,40.326076772859004,29.383320854138987
46,669288,"Johnson, Daniel",53,86.8,0.091,0,0.125,0.091,0.176,0.305,0.251,1,11,91.1,24.4,2260,91.3,91.47,4,19,27,0.20000000000000284,6.5,122,148,110,152,289,323,293,"1.625","-1.625","72.2","7.3","0.576332959",13,8,1,0,0,0,3,23.1,2,15.4,"1.88","0.9","0.29","-0.29","91.5",153,50,0,0,5.94,-2.01,-0.24,2.72,0.231,0,"-3.532608696",0.366,0.283,"3.532608696",-0.16,-0.13499999999999998,-0.192,-0.129,21.1,"43.2",9.3908985064618,-0.4937078970154851,29.221061430800187,0.47368421052631576,36.81011224209287,30.3557809346776
43,690291,"Jung, Jace",43,100,0.222,0,0.333,0.222,0.289,0.367,0.301,2,9,84.2,22.7,2271,89.6,89.71,5,21,22,0.10000000000000853,6.42,122,146,124,152,295,329,297,"-0.09","0.09","69.7","7.5","8.882896464",11,6,2,0,0,0,3,27.3,2,18.2,"2.39","0.48","0.55","-0.55","91.3",210,16.666666666666664,0,0,5.47,-2.07,0.22,1.83,0.364,0,"0.209302326",0.428,0.376,"-0.209302326",-0.079,-0.064,-0.154,-0.078,23.8,"34.5",12.347098083325376,-12.269822052913682,37.25423991539501,0.5238095238095238,31.498504871398964,36.22376002109284
43,805672,"Price, Collin",53,81.1,0.1,0.1,0.2,0.2,0.178,0.276,0.212,1,10,96.7,17.2,2462,89.4,89.65,13,22,21,0.29999999999999716,6.5,110,151,122,148,295,324,292,"1.396","-1.396","73.3","7.9","7.013189885",11,5,0,1,0,0,5,45.5,1,9.1,"2.44","0.45","0.09","0.09","92.8",155,60,0,0,5.42,-2.15,0.29,2.07,0.182,0,"-3.246511628",0.284,0.329,"3.246511628",-0.112,-0.10199999999999998,-0.129,-0.098,59.1,"32.0",15.171010181920826,-15.81166425909797,32.887813145453634,0.22727272727272727,39.05467043284093,35.766643338011235
42,642133,"Tellez, Rowdy",52,80.8,0.25,0.375,0.25,0.625,0.404,0.458,0.326,2,8,90.9,25,2267,92.6,93,7,20,22,0.4000000000000057,6.48,110,141,124,148,302,325,302,"0.213","-0.213","75.6","8.1","5.626383466",9,5,1,0,0,1,3,33.3,1,11.1,"2.05","0.62","0.61","-0.61","90.8",190,40,20,11.11111111111111,5.64,-1.73,-0.25,2.14,0.333,1,"-0.507142857",0.401,0.69,"0.507142857",-0.076,-0.068,-0.065,-0.054,35,"35.9",10.164778296143652,-9.822747656378029,31.234403584202685,0.55,38.22841549598079,35.70672973041799
42,815589,"Davidson, Bo",78,53.8,0.125,0,0.167,0.125,0.159,0.232,0.196,1,8,90.5,20.8,2287,90.4,90.71,6,20,22,0.29999999999999716,6.39,113,145,119,151,293,320,299,"1.134","-1.134","72.4","7.6","1.023267898",10,6,1,0,0,0,3,30,1,10,"2.22","0.6","0.26","-0.26","90.8",159,33.33333333333333,0,0,5.89,-1.37,-0.09,2.26,0.2,0,"-2.7",0.257,0.27,"2.7",-0.071,-0.056999999999999995,-0.145,-0.073,30,"42.5",14.460443505616496,1.3788459130276647,32.01351290787666,0.55,41.70981740246263,31.641223466135497
40,682634,"Alcántara, Kevin",118,33.9,0.222,0,0.4,0.222,0.198,0.192,0.189,2,9,92.6,13.6,2247,82.4,82.12,9,21,19,-0.30000000000001137,5.94,107,150,121,146,300,323,295,"1.375","-1.375","76.2","8.1","5.114771939",9,5,2,0,0,0,4,44.4,0,0,"3.71","0.48","0.15","0.15","91.4",158,20,0,0,5.84,-1.8,0.26,2.01,0.222,0,"-3.4375",0.189,0.258,"3.4375",0.033,0.033,-0.036,0.006,42.9,"39.2",13.417284139327817,-14.500841721399395,34.29183751636607,0.47619047619047616,38.725842638100495,38.00772066396961
39,664059,"Haggerty, Sam",167,23.4,0.182,0,0.25,0.182,0.162,0.198,0.215,2,11,74.9,-2,2218,85.2,85.18,10,27,12,0,6.32,114,147,108,149,289,323,296,"1.699","-1.699","65.3","6.7","3.307953234",11,8,2,0,0,0,3,27.3,0,0,"2.93","0.42","-0.04","0.05","88.7",86,0,0,0,5.57,-2.38,0.05,1.82,0.182,0,"-4.356410256",0.215,0.239,"4.356410256",-0.033,-0.033,-0.057,-0.036,37,"32.7",5.994713372585427,-12.789273405845691,33.36160086076313,0.5185185185185185,37.1500061337989,32.65111360307601
37,641820,"Mancini, Trey",49,75.5,0.222,0,0.222,0.222,0.178,0.251,0.21,2,9,87.7,3.1,2427,87.5,87.72,2,23,14,0.20000000000000284,6.67,99,143,114,136,302,326,288,"1.127","-1.127","74.9","7.7","4.502431896",10,9,2,0,0,0,1,10,0,0,"2.53","0.52","0.01","0.01","90.1",94,33.33333333333333,11.11111111111111,10,5.46,-2.28,0.51,2.15,0.2,1,"-3.045945946",0.23,0.231,"3.045945946",0.012,-0.03,-0.009,-0.073,8.7,"31.0",12.21679152326012,-2.56862714161305,32.990140534124485,0.6956521739130435,37.929132800193415,29.80956868111834
37,676572,"Wagaman, Eric",221,16.7,0,0,0,0,0,0.124,0.133,0,9,87.4,-8.4,2305,90.8,90.92,7,21,16,0.10000000000000853,6.32,106,152,123,148,300,325,290,"2.409","-2.409","63.8","6.7","4.700778779",9,7,0,0,0,0,2,22.2,0,0,"2.29","0.49","0.27","0.27","91.1",118,28.57142857142857,0,0,5.52,-1.7,0.08,2.24,0,0,"-6.510810811",0.133,0.148,"6.510810811",-0.133,-0.133,-0.148,-0.124,33.3,"36.2",-0.35291626652922714,7.869238001645725,28.874039396342273,0.2857142857142857,39.49295418616384,25.45711590180388
36,663624,"Mountcastle, Ryan",54,66.7,0.3,0.1,0.333,0.4,0.34,0.296,0.253,3,10,88.6,4.2,2239,88,88.48,2,24,12,0.5,6.66,99,153,125,145,303,327,287,"0.095","-0.095","73.3","7.3","2.094559014",11,9,2,1,0,0,1,9.1,1,9.1,"2.5","0.5","-0.11","-0.11","91.9",166,44.44444444444444,0,0,5.85,-1.69,0.27,2.66,0.364,0,"-0.263888889",0.321,0.339,"0.263888889",0.047,0.04299999999999998,0.061,0.044,8.3,"32.8",3.8236963357882745,5.830439212911637,33.56247229468454,0.5,42.617412221774096,23.24074532837572
35,596103,"Slater, Austin",292,12,0.375,0,0.5,0.375,0.374,0.155,0.096,3,8,73.8,-35.2,2187,89.4,89.51,4,17,18,0.09999999999999432,6.45,106,150,120,149,306,322,290,"-0.879","0.879","69.5","6.9","5.379158859",9,6,3,0,0,0,2,22.2,1,11.1,"2.44","0.45","0","0","88.6",79,0,0,0,5.54,-1.85,0.39,1.96,0.444,0,"2.511428571",0.196,0.1,"-2.511428571",0.279,0.248,0.275,0.219,23.5,"35.4",14.231405979816047,0.8471076772814121,36.29691040937404,0.5294117647058824,35.605992684197695,33.3386533127565
35,690022,"Ritter, Ryan",76,46.1,0.273,0,0.375,0.273,0.243,0.283,0.28,3,11,93.9,18.5,2077,82.6,82.23,5,20,15,-0.3999999999999915,5.88,112,153,111,149,306,323,296,"0.879","-0.879","69.0","6.4","1.646664132",11,8,3,0,0,0,3,27.3,0,0,"3.43","1","0.44","0.44","92.9",215,50,0,0,5.91,-1.97,0.44,2.48,0.273,0,"-2.511428571",0.28,0.374,"2.511428571",-0.007,-0.007000000000000006,-0.101,-0.04,25,"39.2",9.571528994444808,6.377993116261252,33.38609421068176,0.5263157894736842,36.94698584937307,24.431237778444423
35,671155,"Johnson, Ivan",72,48.6,0.143,0,0.333,0.143,0.254,0.309,0.213,1,7,87.9,12.3,2456,90.6,90.87,8,17,18,0.30000000000001137,6.48,124,148,112,151,289,323,301,"0.192","-0.192","72.2","7.0","5.558554433",9,3,1,0,0,0,4,44.4,2,22.2,"2.48","0.34","-0.04","0.04","90.3",145,33.33333333333333,0,0,5.7,-1.88,0.14,2.14,0.333,0,"-0.548571429",0.388,0.237,"0.548571429",-0.07,-0.05499999999999999,-0.094,-0.055,47.1,"34.5",10.408342636295197,-4.437765404719402,38.56432473430877,0.23529411764705882,36.01647581167581,34.036048092046386
35,678577,"Perez, Junior",139,25.2,0.375,0.75,0.5,1.125,0.632,0.534,0.31,3,8,98.2,5.7,2402,91.2,92.16,7,17,18,1,6.73,104,145,115,138,271,312,282,"-2.38","2.38","68.2","6.9","2.400820782",9,4,1,0,0,2,4,44.4,1,11.1,"1.95","0.8","0.08","0.08","92.4",212,75,50,22.22222222222222,5.77,-1.73,-0.09,2.79,0.444,2,"6.8",0.387,0.934,"-6.8",0.065,0.056999999999999995,0.191,0.098,41.2,"41.8",2.2784413808657917,-9.382950046042744,29.175805072564355,0.29411764705882354,37.65349215518179,28.524660666809734
33,683021,"Stefanic, Michael",131,25.2,0.333,0,0.4,0.333,0.354,0.384,0.351,2,6,88.2,6,2340,89.6,89.78,2,16,17,0.20000000000000284,6.36,106,150,120,149,306,317,279,"-0.339","0.339","60.4","5.8","0.476336054",7,5,2,0,0,0,1,14.3,1,14.3,"2.33","0.54","0.12","0.12","89.7",152,40,0,0,5.33,-2.04,0.35,2.43,0.429,0,"1.027272727",0.444,0.411,"-1.027272727",-0.018,-0.015000000000000013,-0.078,-0.03,12.5,"30.8",-2.8503480083501893,12.965827819825709,28.787716891594474,0.0625,36.58696180549844,23.325326553769962
33,623205,"Velazquez, Andrew",45,73.3,0,0,0,0,0,0.145,0.145,0,9,86.2,26.9,2181,87.2,87.65,2,18,15,0.5,6.35,104,143,91,150,286,331,302,"2.389","-2.389","59.5","6.9","3.330025692",9,8,0,0,0,0,1,11.1,0,0,"2.77","0.23","0.15","-0.15","89.9",137,25,0,0,5.76,-2.15,-0.04,1.88,0,0,"-7.239393939",0.145,0.194,"7.239393939",-0.145,-0.145,-0.194,-0.145,11.1,"40.7",8.881116214491222,7.893357946144719,36.04848794642087,0.5555555555555556,36.60973885813357,25.30553088601956
33,681909,"Dean, Justin",37,89.2,0.429,0.286,0.75,0.714,0.53,0.384,0.303,3,7,85.7,-1,2036,78.6,78.04,5,18,15,-0.5999999999999943,5.66,113,152,118,149,300,322,292,"-1.238","1.238","65.6","6.7","9.702392088",9,4,2,0,1,0,3,33.3,2,22.2,"3.86","0.8","0.17","0.17","90.2",173,50,0,0,5.17,-1.83,0.11,2.55,0.556,0,"3.751515152",0.458,0.37,"-3.751515152",0.126,0.09800000000000003,0.344,0.146,27.8,"22.9",18.934185574280804,-4.343231423151011,32.878902292594525,0.3888888888888889,38.84482823741009,36.4316826721262
30,695020,"Murray, Tanner",105,28.6,0.333,0,0.286,0.333,0.314,0.362,0.264,2,6,93.3,24.9,2317,90.1,90.21,1,11,19,0.10000000000000853,6.4,107,153,107,148,306,327,293,"0.06","-0.06","71.9","7.3","14.920629168",8,7,2,0,0,0,0,0,0,0,"1.93","0.91","0.41","0.41","93.7",164,57.14285714285714,0,0,6,-1.99,0.1,2.71,0.375,0,"-0.2",0.34,0.489,"0.2",0.069,0.034999999999999976,-0.156,-0.048,9.1,"39.1",9.906806717841354,0.3191359378048588,26.481820007408817,0.5454545454545454,39.375934390207846,30.36108636177401
27,608841,"Meneses, Joey",76,35.5,0,0,0,0,0.155,0.223,0.095,0,7,83.6,30.8,2322,91.5,92.3,4,11,16,0.7999999999999972,6.69,98,153,126,145,297,326,294,"1.174","-1.174","64.3","6.9","3.051168852",9,5,0,0,0,0,2,22.2,2,22.2,"2.05","0.7","0.28","0.28","90.3",153,20,0,0,5.82,-1.95,0.06,2.47,0.222,0,"-4.348148148",0.296,0.103,"4.348148148",-0.095,-0.07399999999999998,-0.103,-0.068,36.4,"40.4",9.205998587811376,-6.180467269472891,31.773054233115566,0.36363636363636365,33.5588133373582,29.681453273005758
27,686554,"Dunn, Oliver",42,64.3,0,0,0,0,0.087,0.177,0.11,0,7,84.6,4.4,2453,90.2,90.06,2,10,17,-0.10000000000000853,6.27,119,148,102,150,285,319,306,"1.468","-1.468","73.2","7.2","1.56593322",8,5,0,0,0,0,2,25,1,12.5,"2.18","0.66","0.31","-0.31","90.7",92,20,0,0,5.98,-1.35,-0.12,2.73,0.125,0,"-5.437037037",0.221,0.122,"5.437037037",-0.11,-0.096,-0.122,-0.09,20,"41.5",12.31475379816555,3.798063352233237,26.61857006877852,0.8888888888888888,35.39768677284927,25.87781014279191
27,672569,"Campero, Gustavo",50,54,0.333,0.167,0.5,0.5,0.307,0.203,0.231,2,6,92.1,23.3,2158,90.9,91.22,5,15,12,0.29999999999999716,6.63,117,147,102,150,298,324,302,"0.147","-0.147","66.6","6.9","6.212992345",7,4,1,1,0,0,3,42.9,0,0,"2.41","0.4","0.54","-0.54","91.9",199,25,0,0,5.85,-2.13,-0.38,2.2,0.286,0,"-0.544444444",0.204,0.294,"0.544444444",0.102,0.08199999999999999,0.206,0.104,33.3,"33.8",12.268482203048237,-3.2129975956785146,33.80748460243011,0.4,33.06790541073517,30.55891920215139
27,693459,"Fedko, Kyler",78,34.6,0,0,0,0,0,0.196,0.196,0,7,84.8,10.3,2263,85.7,85.73,6,16,11,0,6.2,101,141,111,136,299,329,292,"2.006","-2.006","65.5","6.8","3.334780741",8,6,0,0,0,0,2,25,0,0,"3.5","0.62","0.34","0.34","90.9",146,33.33333333333333,0,0,5.71,-2.07,0.41,1.72,0,0,"-7.42962963",0.186,0.276,"7.42962963",-0.196,-0.186,-0.276,-0.196,37.5,"30.0",10.595022447434145,-6.205871408619265,30.07470036808664,0.4375,40.17745284273975,34.296640413496206
26,669208,"Bliss, Ryan",45,57.8,0,0,0,0,0.1,0.234,0.128,0,5,89.5,14.3,2332,93.6,94.14,7,13,13,0.5,6.7,100,146,100,142,308,322,285,"1.391","-1.391","60.0","5.9","1.310879152",7,4,0,0,0,0,2,28.6,1,14.3,"1.58","1.03","0.31","0.31","92.1",141,50,0,0,6.06,-1.82,0.25,2.46,0.143,0,"-5.35",0.276,0.176,"5.35",-0.128,-0.13300000000000003,-0.176,-0.134,53.8,"41.1",-0.12203714422187772,15.781808161908053,35.22113590580694,0.38461538461538464,37.694011046963304,22.531148775720375
25,660644,"Bruján, Vidal",39,64.1,0,0,0,0,0.1,0.248,0.157,0,6,81.7,18.2,2280,91,90.7,4,12,13,-0.29999999999999716,6.13,113,148,107,150,290,328,303,"1.268","-1.268","68.0","6.5","0.94549722",7,5,0,0,0,0,1,14.3,1,14.3,"2.18","0.71","0.63","-0.63","90.8",155,20,0,0,5.48,-1.87,-0.42,2.54,0.143,0,"-5.072",0.277,0.252,"5.072",-0.157,-0.13400000000000004,-0.252,-0.148,33.3,"30.6",6.179962571932481,12.967479157120394,25.99143383831429,0.5833333333333334,40.48770421113444,24.197847365818582
25,682641,"Matos, Luis",72,34.7,0.429,0,0.5,0.429,0.421,0.287,0.218,3,7,86.4,39.2,2294,88.7,88.75,2,15,10,0.09999999999999432,6.49,108,153,121,148,298,323,292,"-0.715","0.715","71.3","7.4","3.81588263",8,6,3,0,0,0,1,12.5,1,12.5,"2.02","1.04","0.56","0.56","92.0",142,50,0,0,5.93,-1.73,-0.13,2.38,0.5,0,"2.86",0.316,0.313,"-2.86",0.211,0.184,0.116,0.134,13.3,"39.1",9.447161778643334,-14.849472043534652,25.87535522552856,0.6666666666666666,31.51539085044791,35.67038575283742
24,571657,"Farmer, Kyle",63,38.1,0.143,0,0.167,0.143,0.111,0.275,0.287,1,7,85,12.7,2096,82.1,81.46,4,15,9,-0.5999999999999943,5.87,110,153,124,148,310,324,288,"1.497","-1.497","65.6","6.6","1.418003752",8,6,1,0,0,0,2,25,0,0,"3.8","0.82","0.34","0.34","90.4",174,16.666666666666664,16.666666666666664,12.5,5.89,-1.81,0.34,2.56,0.125,1,"-6.2375",0.258,0.424,"6.2375",-0.144,-0.133,-0.281,-0.164,26.7,"36.3",7.587786487517926,-2.708164360222523,28.750227973005696,0.5333333333333333,34.179614103596904,32.78399149208488
24,700652,"Piper, Kenny",49,49,0.167,0,0.2,0.167,0.227,0.168,0.083,1,6,87.2,36.6,2337,87.6,87.3,3,14,10,-0.29999999999999716,5.95,106,150,116,145,304,336,302,"0.546","-0.546","73.4","7.8","2.175194344",7,5,1,0,0,0,1,14.3,1,14.3,"2.73","0.25","0.1","0.1","91.1",170,20,0,0,5.86,-2.1,0.18,2.19,0.286,0,"-2.275",0.214,0.101,"2.275",0.084,0.07199999999999998,0.066,0.059,21.4,"39.8",18.372676621294502,-4.332521861777618,33.814088253540106,0.5714285714285714,35.35251512708473,30.174157290037847
23,502054,"Pham, Tommy",139,16.5,0.167,0,0.333,0.167,0.148,0.338,0.348,1,6,96.1,8,2376,90.7,91.23,5,12,11,0.5,6.62,117,152,123,148,298,316,284,"1.093","-1.093","68.4","6.9","1.95356008",6,3,1,0,0,0,3,50,0,0,"2","0.81","0.18","0.18","92.2",120,66.66666666666666,0,0,5.98,-1.89,0.18,1.92,0.167,0,"-4.752173913",0.348,0.42,"4.752173913",-0.181,-0.18099999999999997,-0.253,-0.19,41.7,"44.2",11.602383506899326,4.117255167009038,28.78866060166244,0.75,38.2236223138543,28.220870177152477
22,677347,"Paris, Kyren",83,26.5,0,0,,0,0.175,0.175,,0,3,,,2134,90.7,91.01,5,8,14,0.29999999999999716,6.36,99,146,121,142,280,319,286,"0.473","-0.473","70.9","7.9","7.306079299",4,0,0,0,0,0,3,75,1,25,"2.55","0.23","0.24","0.24","88.0",95,,,,5.6,-1.89,0.09,1.96,0.25,,"-2.15",0.25,,"2.15",,0,,0,62.5,"38.1",20.363792660301797,-13.160340882878865,39.58647641148643,0.25,38.46813387638302,30.034240848094445
22,683090,"Lugo, Matthew",56,39.3,0.333,0,0.4,0.333,0.354,0.179,0.096,2,6,82.4,34.2,2360,88,87.97,4,13,9,0,6.12,111,150,108,147,297,323,297,"-0.412","0.412","73.2","7.9","3.592122108",7,5,2,0,0,0,1,14.3,1,14.3,"2.8","0.69","-0.02","-0.02","88.5",152,0,0,0,5.8,-1.6,0.56,2.24,0.429,0,"1.872727273",0.225,0.117,"-1.872727273",0.237,0.204,0.216,0.175,30.8,"37.9",14.672822197407076,-4.916052164863049,29.091049964577763,0.7692307692307693,46.01303365831092,30.228945412359028
22,665506,"Pache, Cristian",42,52.4,0,0,0,0,0,0.127,0.137,0,4,91.9,39,2418,90.2,90.47,3,12,10,0.29999999999999716,6.51,110,153,126,150,311,316,291,"1.061","-1.061","70.1","7.1","1.35299276",4,2,0,0,0,0,2,50,0,0,"2.18","0.66","0.3","0.3","89.5",155,50,0,0,5,-2.06,0.29,2.76,0,0,"-4.822727273",0.137,0.153,"4.822727273",-0.137,-0.137,-0.153,-0.127,25,"21.5",3.4033106544198812,6.539258691073462,24.760204193865146,0.25,38.921864973821144,24.396977270704014
21,656413,"Fairchild, Stuart",110,19.1,0.25,0,1,0.25,0.318,0.225,0.116,1,4,104.2,-1,2388,91.6,91.68,9,11,10,0.10000000000000853,6.5,110,153,114,148,291,320,291,"0.119","-0.119","71.4","7.8","5.361597623",5,1,1,0,0,0,3,60,1,20,"2.33","0.43","0.09","0.09","96.1",125,100,0,0,5.57,-1.78,0.56,1.85,0.4,0,"-0.566666667",0.293,0.129,"0.566666667",0.134,0.10700000000000004,0.121,0.093,81.8,"38.7",22.328796594487585,-15.574432918124195,36.60777082002907,0.36363636363636365,37.0388093733965,40.60411202727015
21,676566,"Ross, Shawn",21,100,0.2,0.6,0,0.8,0.41,0.428,0.226,1,5,85.5,12.7,2694,86.5,87.22,5,10,11,0.7000000000000028,6.5,116,154,122,150,310,320,288,"-0.546","0.546","71.9","7.8","3.611530543",5,3,0,0,0,1,2,40,0,0,"2.74","0.32","-0.51","-0.51","93.6",223,33.33333333333333,33.33333333333333,20,5.82,-1.57,0.41,2.1,0.2,1,"2.6",0.226,0.84,"-2.6",-0.026,-0.025999999999999995,-0.04,-0.018,50,"46.9",18.007168717875906,-10.633423288220536,36.96531831376356,0.5,38.91045050245613,38.79882307657855
20,681230,"Murray Jr., BJ",46,43.5,0,0,0,0,0,0.048,0.025,0,4,97.9,40,2284,93.5,93.71,3,11,9,0.20000000000000284,6.4,126,149,134,154,292,320,307,"1.063","-1.063","69.9","7.2","0.280116396",4,1,0,0,0,0,3,75,0,0,"1.79","0.83","0.1","-0.1","89.4",187,100,0,0,6.05,-1.09,0.18,2.26,0,0,"-5.315",0.025,0.09,"5.315",-0.025,-0.025,-0.09,-0.048,27.3,"42.1",15.049464499710199,-1.5053250208117108,37.56377117543882,0.6363636363636364,32.9811450491844,29.457619850894865
19,805249,"Kemp, Otto",120,15.8,0,0,0,0,0,0.189,0.162,0,5,89.9,39.7,2173,88.4,88.08,6,13,6,-0.30000000000001137,6.01,110,153,124,149,299,326,292,"1.366","-1.366","66.4","7.3","8.733847411",5,3,0,0,0,0,2,40,0,0,"2.7","0.29","0.71","0.71","91.6",178,33.33333333333333,0,0,5.91,-1.79,-0.08,1.86,0,0,"-7.189473684",0.162,0.296,"7.189473684",-0.162,-0.162,-0.296,-0.189,46.2,"34.1",12.826698951626412,-10.893484175068572,33.678657749315136,0.3076923076923077,30.618405220168217,38.00856204153766
18,640492,"Azócar, José",69,26.1,0.25,0,0.333,0.25,0.318,0.323,0.237,1,4,83.4,-3,2398,91.6,92.06,4,10,8,0.5,6.44,107,152,117,147,314,321,286,"0.069","-0.069","66.3","6.9","6.880030143",5,3,1,0,0,0,1,20,1,20,"1.94","0.78","0.16","0.16","89.3",176,0,0,0,5.76,-1.77,0,2.66,0.4,0,"-0.383333333",0.39,0.279,"0.383333333",0.013,0.010000000000000009,-0.029,-0.005,40,"39.1",7.235050502861599,-5.112496369254176,33.00335495681197,0.3,38.83694797028197,30.598013586504976
18,669717,"Wilson, Will",25,72,0,0,0,0,0.175,0.206,0.035,0,3,81.7,0,2232,90.9,91.63,4,9,9,0.6999999999999886,6.61,111,153,119,145,291,317,281,"0.534","-0.534","60.1","6.8","7.333455348",4,2,0,0,0,0,1,25,1,25,"2.04","0.73","0.14","0.14","88.8",99,0,0,0,6.09,-1.3,0.02,2.51,0.25,0,"-2.966666667",0.276,0.061,"2.966666667",-0.035,-0.026000000000000023,-0.061,-0.031,44.4,"54.0",11.721287579455492,1.3733730389090621,25.654342331812355,0.6666666666666666,41.39722165316505,25.89206085780983
18,694224,"Gonzalez, Gabriel",43,41.9,0.5,0,0.667,0.5,0.502,0.298,0.21,2,4,84.6,-23.3,1782,74.4,74.2,2,11,7,-0.20000000000000284,5.77,112,152,125,148,303,323,288,"-0.548","0.548","69.8","6.9","2.664178746",5,3,2,0,0,0,1,20,0,0,"6.82","1.17","-0.32","-0.32","91.6",99,33.33333333333333,0,0,6.54,-0.92,-0.04,2.28,0.6,0,"3.044444444",0.368,0.221,"-3.044444444",0.29,0.23199999999999998,0.279,0.204,18.2,"59.1",3.781430341190262,5.349094983155999,30.80781991170264,0.09090909090909091,38.4714690080034,25.151498500951476
18,605353,"Machín, Vimael",24,75,0.5,0,0.667,0.5,0.445,0.401,0.418,2,4,96.6,5.3,2438,91.3,92.06,3,7,11,0.7999999999999972,6.46,124,146,107,154,286,326,301,"-0.282","0.282","73.9","7.9","1.635627412",4,3,2,0,0,0,1,25,0,0,"2.33","0.39","0.14","-0.14","95.2",131,66.66666666666666,0,0,5.61,-2.05,0.01,1.74,0.5,0,"1.566666667",0.418,0.506,"-1.566666667",0.082,0.08200000000000002,-0.006,0.044,42.9,"37.9",13.606653365987107,-12.737051615743017,29.88687594113811,0.7142857142857143,37.8629132874301,32.32515493251702
17,669360,"Cruz, Trei",21,81,0,0,0,0,0,0.121,0.12,0,4,96.7,19,2315,88.1,88.41,4,8,9,0.30000000000001137,6.38,108,148,105,151,290,329,307,"1.055","-1.055","72.3","6.9","2.116855149",4,2,0,0,0,0,2,50,0,0,"2.55","0.4","-0.19","0.19","93.8",180,50,0,0,5.74,-1.63,-0.49,2.58,0,0,"-6.205882353",0.12,0.159,"6.205882353",-0.12,-0.12,-0.159,-0.121,50,"33.4",8.135830656876035,-0.6840900842307018,28.97864681210028,0.375,36.1355235146237,28.487401161729927
17,680716,"Ornelas, Jonathan",89,19.1,0.2,0,1,0.2,0.178,0.07,0.05,1,5,97,24,2161,88.7,88.71,7,9,8,0,6.18,111,153,110,148,299,316,291,"0.628","-0.628","72.0","7.0","2.471341668",5,1,1,0,0,0,4,80,0,0,"3.03","0.42","0.39","0.39","92.5",149,100,0,0,5.76,-1.76,0.09,2.05,0.2,0,"-3.694117647",0.05,0.12,"3.694117647",0.15,0.15000000000000002,0.08,0.108,77.8,"36.2",8.723375272163652,-5.582925929950992,25.167425498879687,0.4444444444444444,33.8782538686632,33.71300360967969
16,680577,"Keirsey Jr., DaShawn",16,100,0.2,0,0.333,0.2,0.178,0.222,0.237,1,5,84.8,-1.3,2269,89.2,88.86,5,11,5,-0.29999999999999716,6.16,110,134,107,139,291,324,297,"0.891","-0.891","69.5","6.7","1.042266308",5,3,1,0,0,0,2,40,0,0,"2.55","1.01","0.74","-0.74","88.0",189,0,0,0,5.63,-1.51,-0.39,2.63,0.2,0,"-5.56875",0.237,0.273,"5.56875",-0.037,-0.03699999999999998,-0.073,-0.044,45.5,"49.7",3.1109421542140705,10.080299966708717,32.74133574870344,0.45454545454545453,39.12044085598677,24.507000523276645
16,666931,"Oliva, Jared",27,59.3,0.2,0,0.25,0.2,0.178,0.346,0.357,1,5,89.7,28.8,2485,90.3,90.57,3,9,7,0.29999999999999716,6.39,107,153,110,146,299,309,277,"0.7","-0.7","62.9","7.2","11.25071316",5,4,1,0,0,0,1,20,0,0,"2.16","0.65","0.12","0.12","92.2",174,50,0,0,6,-0.86,0.28,2.29,0.2,0,"-4.375",0.357,0.433,"4.375",-0.157,-0.15699999999999997,-0.233,-0.168,33.3,"39.6",4.577440971184552,0.9637457286331461,35.29648942619823,0.3333333333333333,42.998946213894946,26.022427088778795
15,663662,"Cameron, Daz",95,15.8,0.5,0,0.667,0.5,0.445,0.459,0.497,2,4,83.1,25,2260,93.7,94.21,1,7,8,0.5,6.77,102,153,122,148,310,331,293,"-0.219","0.219","65.0","5.9","2.852333784",4,3,2,0,0,0,1,25,0,0,"1.74","0.89","0.89","0.89","88.3",229,0,0,0,5.24,-1.75,0.22,2.54,0.5,0,"1.46",0.497,0.547,"-1.46",0.003,0.0030000000000000027,-0.047,-0.014,14.3,"25.0",-8.70082100454529,20.249337614913653,28.512807906976647,0,39.54451339336585,16.130867059135532
15,664238,"Moore, Dylan",81,18.5,0,0,0,0,0,0.032,0.023,0,3,86,29,2260,87.4,87.81,4,7,8,0.3999999999999915,6.18,104,153,126,144,299,328,297,"0.781","-0.781","68.8","7.8","22.318129998",3,1,0,0,0,0,2,66.7,0,0,"2.47","0.49","0.37","0.37","88.0",156,0,0,0,5.86,-1.38,0.56,1.42,0,0,"-5.206666667",0.023,0.05,"5.206666667",-0.023,-0.023,-0.05,-0.032,57.1,"39.3",18.868040498265547,-32.71771595153806,33.495457261065106,0.14285714285714285,37.08992687463287,42.725631323088784
14,701649,"Triantos, James",22,63.6,0,0,0,0,0.116,0.147,0.037,0,5,79.5,10.5,2189,85.9,88.95,2,6,8,3.0999999999999943,6.27,111,153,122,149,304,317,289,"0.9","-0.9","68.0","6.9","1.979476674",6,4,0,0,0,0,1,16.7,1,16.7,"3.01","0.48","0.25","0.25","91.0",31,25,0,0,5.8,-1.37,0.12,1.84,0.167,0,"-6.428571429",0.198,0.049,"6.428571429",-0.037,-0.031,-0.049,-0.031,33.3,"37.4",7.10198381366894,8.394360666680022,35.05766389890013,0.6666666666666666,36.98797542192681,21.576889382589947
13,678760,"Leonard, Eddys",38,34.2,0.333,0,0.5,0.333,0.297,0.382,0.412,1,3,62.7,-18,2314,90.4,90.38,4,8,5,0,6.06,116,153,122,146,303,322,290,"0.194","-0.194","74.4","7.7","4.822035415",3,2,1,0,0,0,1,33.3,0,0,"2.33","0.46","0.41","0.41","92.1",195,0,0,0,5.89,-1.83,0.42,1.8,0.333,0,"-1.492307692",0.412,0.45,"1.492307692",-0.079,-0.07899999999999996,-0.117,-0.085,50,"41.1",14.157930403378312,-20.212371852829378,27.938692957033428,0.75,35.326480899297145,39.14187385859624
12,683079,"Martinez, Omar",12,100,0.333,0,0.5,0.333,0.297,0.111,0.116,1,3,88.9,17,2313,90.8,91,1,5,7,0.20000000000000284,6.53,93,151,139,152,295,326,296,"0.221","-0.221","73.3","7.5",,3,2,1,0,0,0,1,33.3,0,0,"2.28","0.54","0.93","-0.93","94.0",111,50,0,0,5.79,-2.14,-0.49,2.4,0.333,0,"-1.841666667",0.116,0.136,"1.841666667",0.217,0.21700000000000003,0.197,0.186,20,"37.3",15.75425435335919,0.5820397066986627,29.57106718824546,0.4,39.391816072709055,28.748229733618693
11,681146,"Bride, Jonah",22,50,0.333,0,0.5,0.333,0.297,0.19,0.147,1,3,95.8,9.5,2293,90.5,90.87,1,4,7,0.4000000000000057,6.44,111,155,122,146,318,327,293,"0.104","-0.104","56.2","6.6","7.557927876",3,2,1,0,0,0,1,33.3,0,0,"2.23","0.58","0.14","0.14","95.8",192,50,0,0,6.11,-1.03,0.08,2.1,0.333,0,"-0.945454545",0.147,0.312,"0.945454545",0.186,0.18600000000000003,0.021,0.107,25,"51.7",-3.3091675167837886,20.569422658447607,32.8897290322021,0.3333333333333333,40.825422683439655,18.338534898732984
11,693306,"Sabato, Aaron",22,50,0,0,0,0,0,0.121,0.077,0,3,95.6,26,2312,89.4,89.79,2,6,5,0.3999999999999915,6.66,106,153,126,149,302,326,294,"0.797","-0.797","67.3","7.0","1.244421726",3,1,0,0,0,0,2,66.7,0,0,"2.16","0.72","0.49","0.49","89.9",208,100,0,0,5.38,-2.13,0.42,2.26,0,0,"-7.245454545",0.077,0.215,"7.245454545",-0.077,-0.077,-0.215,-0.121,33.3,"26.3",9.068586222713803,9.299174452170995,26.369701013836583,0.8333333333333334,43.047660272419535,25.58701846231899
11,676480,"Barrero, José",20,55,0.25,0,0.333,0.25,0.223,0.116,0.119,1,4,90.6,37.3,2655,86.6,86.49,3,7,4,-0.09999999999999432,6.51,104,150,128,150,290,326,284,"0.414","-0.414","72.0","8.0","6.889664216",4,3,1,0,0,0,1,25,0,0,"2.77","0.33","-0.64","-0.64","91.1",150,0,0,0,5.24,-2.57,0.4,2.24,0.25,0,"-3.763636364",0.119,0.15,"3.763636364",0.131,0.131,0.1,0.107,42.9,"29.9",16.39147233899168,-20.893113283494397,32.992059609412436,0.42857142857142855,39.840611035962844,37.87824760966809
9,678225,"Bae, Jihwan",13,69.2,0,0,,0,0.365,0.365,,0,1,,,1962,92,92.36,2,5,4,0.4000000000000057,6.51,120,146,98,149,281,319,300,"-0.032","0.032","48.5","4.8","3.949692276",2,0,0,0,0,0,1,50,0,0,"1.82","0.88","0.56","-0.56","88.0",190,,,,5.55,-1.17,0.52,2.81,0.5,,"0.355555556",0.5,,"-0.355555556",,0,,0,40,"42.5",6.145237217007038,10.272920795642971,26.89885778009825,0.25,31.345330080582208,29.44493237738749
8,663609,"Baker, Luken",24,33.3,0,0,,0,0,0,,0,2,,,2253,88.9,88.04,3,4,4,-0.9000000000000057,5.72,111,154,124,147,299,323,283,"0.517","-0.517","69.6","8.7","8.245140956",2,0,0,0,0,0,2,100,0,0,"2.83","0.06","0.2","0.2","88.0",4,,,,5.61,-2.2,0.2,2.15,0,,"-6.4625",,,"6.4625",,,,0,75,"26.0",18.96514605202795,-24.397645959266754,31.869555850959067,0.5,41.97345624741648,42.17138845525952
7,657675,"Martin Jr., Rudy",10,70,0,0,0,0,0.349,0.395,0.097,0,1,85.5,-13,2671,90.4,91.2,0,1,6,0.7999999999999972,6.66,105,142,94,142,275,312,305,"0.087","-0.087","72.6","6.7",,2,1,0,0,0,0,0,0,1,50,"2.49","0.33","-0.43","0.43","88.0",8,0,0,0,5.71,-1.26,0.05,1.58,0.5,0,"-1.242857143",0.548,0.106,"1.242857143",-0.097,-0.04800000000000004,-0.106,-0.046,0,"42.3",-0.3488407640895823,7.613010511466526,28.588989219203654,0,43.165229275828054,23.902317107728717
7,671286,"Rodríguez, Johnathan",76,9.2,0.5,0,1,0.5,0.445,0.226,0.238,1,2,87.5,8,2152,93.5,93.66,2,3,4,0.20000000000000284,6.3,112,153,125,146,290,314,296,"-0.175","0.175","78.7","8.5","5.769164988",2,1,1,0,0,0,1,50,0,0,"2.23","0.39","0.69","0.69","88.0",136,0,0,0,5.63,-1.45,0.17,2.04,0.5,0,"2.5",0.238,0.271,"-2.5",0.262,0.262,0.229,0.219,66.7,"42.1",15.861518820127866,-12.015460846076277,31.38033844516604,0,36.43999526725911,44.95373879887001
7,673995,"Wendzel, Davis",24,29.2,0,0,0,0,0,0.209,0.232,0,1,100,-14,2366,94.8,95.61,0,3,4,0.7999999999999972,6.74,119,154,129,150,310,327,288,"0.263","-0.263","68.4","6.6",,1,1,0,0,0,0,0,0,0,0,"1.99","0.57","-0.29","-0.29","92.0",77,100,0,0,5.37,-2.04,0.58,2.53,0,0,"-3.757142857",0.232,0.24,"3.757142857",-0.232,-0.232,-0.24,-0.209,0,"43.5",4.8557401489039975,-3.1918880013525888,26.09640501925068,0.6666666666666666,40.29346726643768,32.24274541616696
7,675448,"Hunt, Blake",17,41.2,0,0,,0,0,0,,0,1,,,2073,86.9,87.99,2,3,4,1.0999999999999943,7.09,88,152,117,148,305,337,295,"0.275","-0.275","71.2","8.4","2.02536117",1,0,0,0,0,0,1,100,0,0,"2.36","0.68","1.07","1.07","88.0",2,,,,5.57,-2.98,0.56,1.46,0,,"-3.928571429",,,"3.928571429",,,,0,66.7,"38.6",24.935415278752302,-24.394136321633592,39.45380658392629,0.3333333333333333,44.76031420112578,44.74575245738734
6,669256,"Solak, Nick",23,26.1,0.5,0,0.5,0.5,0.54,0.536,0.423,1,2,88.6,-20.5,2222,88,88.88,0,3,3,0.9000000000000057,6.7,108,153,115,148,311,330,289,"-0.591","0.591","72.7","7.6",,3,2,1,0,0,0,0,0,0,0,"2.16","0.79","0.23","0.23","93.1",104,50,0,0,6.06,-2,-0.02,2.56,0.667,0,"9.85",0.616,0.598,"-9.85",0.077,0.051000000000000045,-0.098,0.004,0,"39.3",11.326397159717867,-0.7070333013743539,26.36836852726589,0.3333333333333333,41.55034328105376,31.893592595825883
5,628451,"Ibáñez, Andy",79,6.3,0,0,0,0,0.349,0.461,0.243,0,1,68.3,-47,2314,89.8,89.86,0,1,4,0.10000000000000853,6.64,122,152,118,150,297,313,283,"0.129","-0.129","71.8","6.5",,2,1,0,0,0,0,0,0,1,50,"2.9","-0.02","0.02","0.02","88.0",2,0,0,0,4.89,-1.62,0.7,2.33,0.5,0,"-2.58",0.621,0.247,"2.58",-0.243,-0.121,-0.247,-0.112,0,"19.2",-2.358806475800875,9.610586635566642,31.442941767098457,0,26.796677305473175,21.04413532419764
5,682515,"Porter, Logan",28,17.9,0,0,,0,0,0,,0,1,,,2076,87.5,87.96,0,1,4,0.5,6.78,108,154,110,148,318,330,298,"0.259","-0.259","65.8","5.9",,1,0,0,0,0,0,1,100,0,0,"3.32","-0.29","0.63","0.63",,,,,,3.63,-1.58,0.4,2.37,0,,"-5.18",,,"5.18",,,,0,0,"0.3",4.41311873881367,12.533853499693997,40.285355149151776,0,24.314277851628077,25.421024655311165
4,666185,"Carlson, Dylan",20,20,0,0,0,0,0,0.184,0.163,0,1,80.7,28,2183,91.4,91.72,0,1,3,0.4000000000000057,6.8,122,148,104,154,299,337,300,"0.261","-0.261","66.1","7.2",,1,1,0,0,0,0,0,0,0,0,"2.06","0.7","0.23","-0.23","88.0",286,0,0,0,5.66,-1.94,-0.59,2.11,0,0,"-6.525",0.163,0.265,"6.525",-0.163,-0.163,-0.265,-0.184,0,"51.0",22.184102603948983,-11.31375879756003,38.52268189997139,0,33.893110990686246,39.31934940495158
4,668974,"Handley, Maverick",4,100,0,0,,0,0,0,,0,1,,,2200,87.1,87.5,2,3,1,0.4000000000000057,6.38,108,150,114,146,310,327,292,"0.255","-0.255","67.8","8.0","5.220183816",1,0,0,0,0,0,1,100,0,0,"2.49","0.5","-0.35","-0.35","88.0",104,,,,5.78,-2.5,0.96,1.7,0,,"-6.375",,,"6.375",,,,0,66.7,"33.2",22.562185558475544,-15.671455408983809,36.139730719930135,0.3333333333333333,43.81261119180412,42.13719356393194
4,672279,"Siani, Michael",4,100,0,0,0,0,0,0.292,0.302,0,1,79.9,6,1288,45.1,43.67,0,1,3,-1.3999999999999986,4.33,123,149,131,153,284,323,296,"0.259","-0.259","73.5","7.0",,1,1,0,0,0,0,0,0,0,0,"10.17","1.26","0.45","-0.45","88.0",81,0,0,0,6.67,-2.01,-0.75,3.15,0,0,"-6.475",0.302,0.353,"6.475",-0.302,-0.302,-0.353,-0.292,0,"35.7",14.403128801298132,1.0744539303226965,34.63078757031527,1,22.446113733864557,30.57507287642901
3,672642,"Berroa, Steward",23,13,0.5,0,0.5,0.5,0.445,0.462,0.481,1,2,91.5,25.5,2517,93,93.7,0,2,1,0.7000000000000028,6.4,119,148,121,153,286,310,297,"-0.443","0.443","69.6","6.7",,2,2,1,0,0,0,0,0,0,0,"2.05","0.58","0.09","-0.09","91.5",283,0,0,0,5.7,-1.99,0.21,2.07,0.5,0,"14.766666667",0.481,0.592,"-14.766666667",0.019,0.019000000000000017,-0.092,-0.017,0,"32.5",6.665928197026171,-4.139803369474489,37.59167254726445,0.5,29.829748510039497,31.834087466619607
3,664068,"Kingery, Scott",15,20,0,0,0,0,0,0.031,0.033,0,2,77.4,23,2397,94,93.93,1,3,0,-0.09999999999999432,6.3,92,145,119,141,291,314,276,"0.559","-0.559","72.0","7.5","0.154383456",2,2,0,0,0,0,0,0,0,0,"1.54","1.06","0.22","0.22","89.4",77,0,0,0,5.76,-1.01,-0.31,2.38,0,0,"-18.633333333",0.033,0.036,"18.633333333",-0.033,-0.033,-0.036,-0.031,33.3,"48.1",19.75974236981478,-16.604505066817158,37.1374941339815,0.6666666666666666,32.071990500398684,36.77473371880158
3,682989,"Mederos, Victor",3,100,1,0,1,1,0.89,0.543,0.583,1,1,103.7,5,1121,40.9,38.97,0,2,1,-1.8999999999999986,3.83,114,152,123,149,316,319,297,"-0.77","0.77","77.6","7.2",,1,1,1,0,0,0,0,0,0,0,"12.39","1.42","0.11","0.11","95.9",101,100,0,0,7.26,-1.82,0.36,2.45,1,0,"25.666666667",0.583,0.664,"-25.666666667",0.417,0.41700000000000004,0.336,0.347,0,"64.0",22.210625955214564,-19.134719080120554,23.349018928623316,0.5,33.42195984980759,46.84013119357865
2,571945,"Mikolas, Miles",3,66.7,,,,,,,,,,,,2412,96.3,96.7,0,1,1,0.4000000000000057,6.7,76,102,74,101,290,319,268,"0.005","-0.005","3.9","1.2",,,,,,,,,,,,"1.1","1.39","0.27","0.27","88.0",,,,,5.96,-1.3,-0.16,1.92,,,"-0.25",,,"0.25",,,,,0,"45.7",51.803952511756954,35.726878283821584,39.88447858141962,0,28.27608752363499,32.71348834395339
1,681190,"Vásquez, Randy",1,100,0,0,0,0,0,0.044,0.049,0,1,66.1,-22,1074,44.5,42.7,0,1,0,-1.7999999999999972,4.6,124,154,128,147,309,328,301,"0.262","-0.262","66.2","7.2",,1,1,0,0,0,0,0,0,0,0,"10.51","1.23","0.14","0.14","88.0",7,0,0,0,6.94,-0.88,0.09,2.57,0,0,"-26.2",0.049,0.05,"26.2",-0.049,-0.049,-0.05,-0.044,0,"54.5",24.172047149498496,-2.3821905782430983,29.193528967296903,0,31.496451026058555,39.70012182967527