id,name,swings_competitive,percent_swings_competitive,contact,avg_bat_speed,hard_swing_rate,squared_up_per_bat_contact,squared_up_per_swing,blast_per_bat_contact,blast_per_swing,swing_length,swords,batter_run_value,whiffs,whiff_per_swing,batted_ball_events,batted_ball_event_per_swing,year,bbe,gb_rate,air_rate,fb_rate,ld_rate,pu_rate,pull_rate,straight_rate,oppo_rate,pull_gb_rate,straight_gb_rate,oppo_gb_rate,pull_air_rate,straight_air_rate,oppo_air_rate
691406,"Caminero, Junior",1057,0.9112068965517242,825,79.474194702,0.8505203405865656,0.2921212121212121,0.228003784295175,0.2363636363636363,0.184484389782403,8.7134079,17,4.73656652214442,232,0.2194891201513718,445,0.4210028382213813,2026.0,487.0,0.4887063655030799,0.5112936344969198,0.2217659137577002,0.2012320328542094,0.0882956878850102,0.4496919917864478,0.3593429158110883,0.190965092402464,0.2238193018480492,0.2217659137577001,0.0431211498973306,0.2258726899383986,0.1375770020533881,0.1478439425051333
519317,"Stanton, Giancarlo",155,0.9011627906976744,99,79.335077806,0.929032258064516,0.303030303030303,0.1935483870967742,0.2222222222222222,0.1419354838709677,8.440819226,3,-2.993809892850063,56,0.3612903225806451,58,0.3741935483870968,2026.0,61.0,0.2950819672131147,0.7049180327868854,0.278688524590164,0.2950819672131147,0.1311475409836066,0.3934426229508197,0.4262295081967213,0.180327868852459,0.1147540983606557,0.180327868852459,0.0,0.2786885245901639,0.2459016393442623,0.180327868852459
691023,"Walker, Jordan",1087,0.9073455759599331,774,79.26713173,0.8546458141674333,0.2803617571059431,0.1996320147194112,0.2196382428940568,0.15639374425023,8.335322944,28,2.9679618924617115,313,0.2879484820607175,405,0.3725850965961361,2026.0,433.0,0.4272517321016164,0.5727482678983833,0.2424942263279447,0.2471131639722861,0.0831408775981524,0.3879907621247112,0.3926096997690529,0.2193995381062355,0.228637413394919,0.1662817551963046,0.0323325635103925,0.1593533487297921,0.2263279445727483,0.1870669745958429
701762,"Kurtz, Nick",668,0.907608695652174,433,78.191794296,0.8038922155688623,0.2609699769053117,0.1691616766467066,0.2147806004618937,0.1392215568862275,7.759190614,17,-6.143790614510201,235,0.3517964071856287,183,0.2739520958083832,2026.0,211.0,0.4170616113744076,0.5829383886255922,0.2890995260663506,0.2606635071090046,0.0331753554502369,0.3459715639810428,0.3791469194312795,0.2748815165876778,0.2180094786729857,0.1374407582938388,0.0616113744075829,0.127962085308057,0.2417061611374406,0.2132701421800948
701358,"Smith, Cam",1000,0.9025270758122744,720,77.95878494,0.7819999999999999,0.2347222222222222,0.169,0.1597222222222222,0.115,7.69596994,12,-28.577426107224618,280,0.28,339,0.339,2026.0,364.0,0.4478021978021976,0.552197802197802,0.2609890109890109,0.2170329670329669,0.0741758241758241,0.3873626373626375,0.3736263736263736,0.2390109890109891,0.2197802197802196,0.1648351648351648,0.0631868131868132,0.1675824175824178,0.2087912087912087,0.1758241758241758
665856,"Camargo, Jair",4,1.0,2,77.7574275,0.75,0.5,0.25,0.5,0.25,7.9414,0,0.3715342992853518,2,0.5,1,0.25,2026.0,1.0,0.0,1.0,0.0,1.0,0.0,0.0,1.0,0.0,0.0,0.0,0.0,0.0,1.0,0.0
665833,"Cruz, Oneil",652,0.911888111888112,420,77.716520644,0.7269938650306748,0.3166666666666666,0.2039877300613496,0.2238095238095238,0.1441717791411043,7.527763911,11,5.210316779850812,232,0.3558282208588957,205,0.3144171779141104,2026.0,229.0,0.5065502183406115,0.4934497816593886,0.222707423580786,0.2401746724890829,0.0305676855895196,0.4061135371179039,0.3930131004366811,0.2008733624454147,0.2445414847161572,0.1790393013100436,0.0829694323144105,0.1615720524017466,0.2139737991266374,0.1179039301310042
669003,"Mitchell, Garrett",817,0.910813823857302,542,77.644981848,0.8066095471236229,0.3191881918819188,0.211750305997552,0.2324723247232472,0.1542227662178702,7.257068911,23,-11.661784787537565,275,0.3365973072215422,275,0.3365973072215422,2026.0,295.0,0.5627118644067797,0.4372881355932201,0.1525423728813559,0.2610169491525421,0.023728813559322,0.3288135593220338,0.3966101694915256,0.2745762711864405,0.2406779661016948,0.2271186440677965,0.0949152542372881,0.088135593220339,0.1694915254237291,0.1796610169491524
682989,"Mederos, Victor",2,1.0,2,77.55225,0.5,0.5,0.5,0.5,0.5,7.2016,0,0.7444873470440724,0,0.0,1,0.5,2026.0,1.0,1.0,0.0,0.0,0.0,0.0,1.0,0.0,0.0,1.0,0.0,0.0,0.0,0.0,0.0
695491,"Báez, Joshua",189,0.9174757281553398,129,77.532896349,0.7407407407407408,0.2558139534883721,0.1746031746031746,0.1395348837209302,0.0952380952380952,7.756611587,5,1.1626934894131236,60,0.3174603174603174,64,0.3386243386243386,2026.0,68.0,0.323529411764706,0.6764705882352944,0.3970588235294119,0.1764705882352941,0.1029411764705882,0.4705882352941177,0.3382352941176472,0.1911764705882353,0.1911764705882353,0.1176470588235294,0.0147058823529411,0.2794117647058824,0.2205882352941178,0.1764705882352941
666176,"Adell, Jo",1209,0.9062968515742128,906,77.378326989,0.7212572373862696,0.2406181015452538,0.1803143093465674,0.1600441501103753,0.1199338296112489,7.712351795,30,-25.70097440193768,303,0.2506203473945409,417,0.3449131513647642,2026.0,443.0,0.4040632054176074,0.5959367945823926,0.2641083521444695,0.2370203160270878,0.0948081264108352,0.4040632054176074,0.3408577878103837,0.2550790067720091,0.2347629796839729,0.1331828442437923,0.036117381489842,0.1693002257336345,0.2076749435665913,0.2189616252821671
673357,"Robert Jr., Luis",399,0.9047619047619048,302,77.25030411,0.7293233082706768,0.2483443708609271,0.18796992481203,0.1556291390728476,0.1177944862155388,7.721698521,9,-6.7125333820044455,97,0.2431077694235588,145,0.3634085213032581,2026.0,151.0,0.4437086092715231,0.5562913907284769,0.271523178807947,0.1788079470198676,0.1059602649006622,0.4437086092715232,0.357615894039735,0.1986754966887417,0.2516556291390728,0.1589403973509934,0.0331125827814569,0.1920529801324503,0.1986754966887415,0.1655629139072847
656941,"Schwarber, Kyle",1151,0.9013312451057164,816,77.110197637,0.7480451781059948,0.2414215686274509,0.1711555169417897,0.1691176470588235,0.1198957428323197,7.495338019,49,-2.955808019288682,335,0.2910512597741094,339,0.2945264986967854,2026.0,361.0,0.3102493074792244,0.6897506925207757,0.3240997229916897,0.2659279778393353,0.0997229916897506,0.5401662049861499,0.2880886426592798,0.1717451523545707,0.2160664819944598,0.0803324099722992,0.0138504155124653,0.3240997229916901,0.2077562326869806,0.1578947368421054
682987,"Jones, Spencer",580,0.9105180533751962,365,77.087067586,0.717241379310345,0.2493150684931507,0.1568965517241379,0.1506849315068493,0.0948275862068965,7.885708655,9,-11.232852119010888,215,0.3706896551724138,145,0.25,2026.0,157.0,0.2675159235668791,0.7324840764331211,0.3949044585987261,0.2802547770700637,0.0573248407643312,0.3503184713375797,0.3821656050955412,0.2675159235668791,0.1401273885350318,0.1146496815286624,0.0127388535031847,0.2101910828025479,0.2675159235668788,0.2547770700636944
695506,"Caglianone, Jac",951,0.9048525214081828,703,77.040102345,0.7318611987381702,0.3157894736842105,0.2334384858044164,0.2318634423897581,0.1713985278654048,7.857462471,20,8.663500108591672,248,0.2607781282860147,348,0.3659305993690852,2026.0,363.0,0.4600550964187326,0.5399449035812673,0.2286501377410469,0.2837465564738293,0.0275482093663911,0.4600550964187329,0.3471074380165288,0.1928374655647383,0.2617079889807163,0.1625344352617077,0.0358126721763085,0.1983471074380166,0.184573002754821,0.1570247933884297
575929,"Contreras, Willson",890,0.9017223910840932,637,77.000783865,0.7112359550561796,0.2558869701726844,0.1831460674157303,0.1601255886970172,0.1146067415730337,7.891439382,24,15.475956474450497,253,0.2842696629213483,301,0.3382022471910112,2026.0,316.0,0.3797468354430379,0.6202531645569622,0.2848101265822785,0.2246835443037975,0.1107594936708861,0.4968354430379748,0.3132911392405066,0.1898734177215189,0.231012658227848,0.1075949367088607,0.0411392405063291,0.2658227848101266,0.2056962025316458,0.1487341772151898
695578,"Wood, James",863,0.9008350730688937,632,76.823828818,0.6825028968713789,0.3481012658227848,0.2549246813441483,0.2531645569620253,0.1853997682502897,7.403111738,45,-4.507252117739791,231,0.2676709154113557,314,0.3638470451911935,2026.0,334.0,0.4760479041916169,0.5239520958083835,0.2485029940119761,0.2604790419161678,0.0149700598802395,0.341317365269461,0.3502994011976049,0.3083832335329341,0.2245508982035928,0.1736526946107785,0.0778443113772455,0.1167664670658681,0.1766467065868263,0.2305389221556885
682634,"Alcántara, Kevin",43,0.8958333333333334,29,76.790991395,0.7209302325581395,0.2758620689655172,0.1860465116279069,0.1379310344827586,0.0930232558139534,8.022821395,2,0.064831111354907,14,0.3255813953488372,15,0.3488372093023256,2026.0,15.0,0.2666666666666666,0.7333333333333334,0.3333333333333333,0.4,0.0,0.4666666666666667,0.3333333333333333,0.2,0.1333333333333333,0.1333333333333333,0.0,0.3333333333333333,0.1999999999999999,0.2
703607,"Bolte, Henry",747,0.9098660170523752,520,76.769222102,0.7001338688085678,0.2884615384615384,0.2008032128514056,0.2076923076923077,0.144578313253012,7.578940991,22,-13.420408176683631,227,0.3038821954484605,247,0.3306559571619812,2026.0,280.0,0.6250000000000001,0.3749999999999999,0.1499999999999999,0.1928571428571428,0.0321428571428571,0.3249999999999998,0.4107142857142859,0.2642857142857144,0.2392857142857142,0.2642857142857143,0.1214285714285715,0.0857142857142856,0.1464285714285716,0.1428571428571428
691277,"De Los Santos, Deyvison",61,0.8970588235294118,44,76.721201639,0.6721311475409836,0.1590909090909091,0.1147540983606557,0.0681818181818181,0.0491803278688524,7.999607869,3,-4.495946758618863,17,0.2786885245901639,23,0.3770491803278688,2026.0,24.0,0.5000000000000001,0.4999999999999999,0.2083333333333333,0.1666666666666666,0.125,0.3749999999999999,0.3749999999999999,0.25,0.2083333333333333,0.25,0.0416666666666666,0.1666666666666666,0.1249999999999998,0.2083333333333333
672016,"Clarke, Denzel",125,0.9057971014492754,84,76.63959304,0.688,0.25,0.168,0.1309523809523809,0.088,7.4215948,4,-9.392056895863767,41,0.328,42,0.336,2026.0,48.0,0.7708333333333333,0.2291666666666667,0.0416666666666666,0.1041666666666667,0.0833333333333333,0.4583333333333333,0.2916666666666667,0.25,0.3958333333333333,0.2291666666666666,0.1458333333333333,0.0625,0.0625,0.1041666666666667
695657,"Montgomery, Colson",1115,0.9006462035541195,728,76.613593561,0.7049327354260088,0.2239010989010989,0.1461883408071748,0.1469780219780219,0.0959641255605381,7.972711471,37,-22.934722902169927,387,0.347085201793722,322,0.2887892376681614,2026.0,340.0,0.3088235294117648,0.6911764705882353,0.3441176470588236,0.2029411764705881,0.1441176470588235,0.4941176470588233,0.3294117647058822,0.1764705882352941,0.2,0.088235294117647,0.0205882352941176,0.2941176470588233,0.2411764705882351,0.1558823529411765
677594,"Rodríguez, Julio",1111,0.9061990212071778,829,76.564375446,0.6714671467146714,0.2834740651387213,0.2115211521152115,0.1785283474065138,0.1332133213321332,7.764112745,17,-21.3395907240746,282,0.2538253825382538,413,0.3717371737173717,2026.0,451.0,0.4279379157427938,0.5720620842572065,0.2549889135254991,0.2483370288248337,0.0687361419068736,0.3924611973392462,0.370288248337029,0.237250554323725,0.2084257206208425,0.1618625277161864,0.0576496674057649,0.1840354767184037,0.2084257206208425,0.17960088691796
668723,"Vilade, Ryan",465,0.9135559921414538,355,76.54866828,0.6559139784946239,0.2366197183098591,0.1806451612903225,0.1549295774647887,0.1182795698924731,7.459634968,5,-10.4829257331399,110,0.2365591397849462,153,0.3290322580645161,2026.0,180.0,0.4055555555555555,0.5944444444444443,0.2944444444444443,0.1999999999999999,0.1,0.3499999999999999,0.4333333333333333,0.2166666666666666,0.1555555555555556,0.1888888888888889,0.0611111111111111,0.1944444444444443,0.2444444444444444,0.1555555555555555
641343,"Bauers, Jake",837,0.9029126213592232,610,76.485887575,0.6810035842293907,0.3229508196721311,0.2353643966547192,0.1983606557377049,0.1445639187574671,7.664308471,33,-1.337059450564791,227,0.2712066905615293,303,0.3620071684587813,2026.0,320.0,0.4093749999999999,0.5906250000000001,0.3031250000000002,0.2531249999999998,0.034375,0.4156249999999999,0.3156249999999999,0.26875,0.2312499999999998,0.125,0.053125,0.1843750000000001,0.1906249999999998,0.215625
666211,"Trammell, Taylor",466,0.9031007751937984,302,76.467585215,0.6716738197424893,0.23841059602649,0.1545064377682403,0.1556291390728476,0.1008583690987124,7.885179206,16,-16.07931397215169,164,0.351931330472103,150,0.3218884120171674,2026.0,163.0,0.4294478527607363,0.5705521472392636,0.3006134969325152,0.1840490797546011,0.0858895705521472,0.4969325153374236,0.312883435582822,0.1901840490797546,0.2638036809815949,0.1165644171779141,0.0490797546012269,0.2331288343558286,0.1963190184049078,0.1411042944785276
805904,"Cole, Zach",84,0.8936170212765957,49,76.376682381,0.6666666666666669,0.3469387755102041,0.2023809523809523,0.2244897959183673,0.1309523809523809,7.384512857,1,-2.369159471837427,35,0.4166666666666667,29,0.3452380952380952,2026.0,30.0,0.4333333333333334,0.5666666666666668,0.3333333333333333,0.1333333333333333,0.1,0.5000000000000001,0.3333333333333333,0.1666666666666666,0.2666666666666667,0.1,0.0666666666666666,0.2333333333333334,0.2333333333333333,0.1
665487,"Tatis Jr., Fernando",991,0.9083409715857012,762,76.360774016,0.6468213925327951,0.363517060367454,0.2795156407669021,0.2454068241469816,0.1886982845610494,7.347686458,28,-1.2129680387578652,229,0.231079717457114,446,0.450050454086781,2026.0,499.0,0.5110220440881763,0.4889779559118236,0.2104208416833666,0.2364729458917836,0.0420841683366733,0.3326653306613229,0.4008016032064124,0.2665330661322646,0.2244488977955911,0.2204408817635272,0.0661322645290581,0.1082164328657318,0.1803607214428851,0.2004008016032064
642133,"Tellez, Rowdy",21,0.9130434782608696,14,76.357261905,0.5238095238095237,0.2142857142857142,0.1428571428571428,0.2142857142857142,0.1428571428571428,8.083818095,0,-0.8484358636427449,7,0.3333333333333333,7,0.3333333333333333,2026.0,7.0,0.1428571428571428,0.8571428571428572,0.5714285714285714,0.2857142857142857,0.0,0.1428571428571428,0.4285714285714286,0.4285714285714286,0.0,0.1428571428571428,0.0,0.1428571428571428,0.2857142857142857,0.4285714285714286
665489,"Guerrero Jr., Vladimir",918,0.9080118694362018,747,76.310055425,0.6252723311546842,0.3253012048192771,0.2647058823529412,0.2101740294511379,0.1710239651416122,7.583399412,13,-35.60982765093353,171,0.1862745098039215,436,0.4749455337690632,2026.0,465.0,0.4860215053763438,0.5139784946236555,0.1913978494623654,0.2537634408602148,0.0688172043010752,0.3526881720430108,0.387096774193548,0.2602150537634408,0.2279569892473116,0.1913978494623655,0.0666666666666666,0.1247311827956991,0.1956989247311825,0.1935483870967742
621550,"Wisdom, Patrick",94,0.903846153846154,57,76.306840851,0.6595744680851063,0.3157894736842105,0.1914893617021276,0.1578947368421052,0.0957446808510638,8.098305957,3,-6.976309707040991,37,0.3936170212765957,24,0.2553191489361702,2026.0,26.0,0.2692307692307692,0.7307692307692307,0.4230769230769231,0.1538461538461538,0.1538461538461538,0.3461538461538462,0.1923076923076923,0.4615384615384615,0.1153846153846153,0.0384615384615384,0.1153846153846154,0.2307692307692308,0.1538461538461538,0.3461538461538461
666624,"Morel, Christopher",170,0.9090909090909092,109,76.265580353,0.6235294117647059,0.2935779816513761,0.188235294117647,0.146788990825688,0.0941176470588235,8.017417588,2,-10.804137372815768,61,0.3588235294117647,57,0.3352941176470588,2026.0,63.0,0.4603174603174603,0.5396825396825398,0.2222222222222222,0.1904761904761905,0.126984126984127,0.5714285714285715,0.3174603174603174,0.111111111111111,0.3174603174603175,0.126984126984127,0.0158730158730158,0.2539682539682539,0.1904761904761904,0.0952380952380952
682829,"De La Cruz, Elly",934,0.9085603112840468,685,76.198245546,0.6124197002141328,0.3430656934306569,0.2516059957173447,0.2321167883211679,0.1702355460385439,7.180959026,24,15.472091451886351,249,0.2665952890792291,352,0.3768736616702355,2026.0,382.0,0.4738219895287958,0.5261780104712043,0.2670157068062826,0.2408376963350786,0.0183246073298429,0.3429319371727749,0.4240837696335081,0.2329842931937173,0.2251308900523558,0.2120418848167539,0.0366492146596858,0.117801047120419,0.2120418848167541,0.1963350785340314
687605,"Pinckney, Andrew",37,0.8809523809523809,25,76.191747297,0.7027027027027025,0.44,0.2972972972972973,0.24,0.1621621621621621,7.630542703,1,1.5625747025966397,12,0.3243243243243243,15,0.4054054054054054,2026.0,17.0,0.411764705882353,0.5882352941176471,0.2941176470588235,0.2941176470588235,0.0,0.2352941176470588,0.2941176470588236,0.4705882352941176,0.1764705882352941,0.1764705882352941,0.0588235294117647,0.0588235294117646,0.1176470588235294,0.4117647058823529
691181,"Rodriguez, Emmanuel",70,0.8860759493670886,50,76.144690429,0.6857142857142856,0.24,0.1714285714285714,0.14,0.1,6.979422571,5,-2.274576628205869,20,0.2857142857142857,25,0.3571428571428571,2026.0,29.0,0.3103448275862069,0.6896551724137931,0.3103448275862068,0.2758620689655173,0.1034482758620689,0.4482758620689654,0.3793103448275861,0.1724137931034483,0.1724137931034482,0.1034482758620689,0.0344827586206896,0.2758620689655172,0.2758620689655172,0.1379310344827586
656305,"Chapman, Matt",552,0.9093904448105437,427,76.129580707,0.6105072463768116,0.2201405152224824,0.1702898550724637,0.1334894613583138,0.1032608695652173,7.369365254,11,-13.621143764884296,125,0.2264492753623188,201,0.3641304347826087,2026.0,229.0,0.4541484716157204,0.5458515283842795,0.205240174672489,0.2183406113537118,0.1222707423580786,0.3930131004366812,0.3449781659388647,0.2620087336244537,0.2139737991266375,0.1703056768558951,0.0698689956331878,0.1790393013100436,0.1746724890829695,0.1921397379912658
670541,"Alvarez, Yordan",1014,0.9126912691269128,822,76.129383402,0.6134122287968443,0.3296836982968369,0.267258382642998,0.218978102189781,0.1775147928994082,7.668338047,5,19.49148253798888,192,0.1893491124260355,423,0.4171597633136095,2026.0,446.0,0.304932735426009,0.6950672645739908,0.3766816143497757,0.2668161434977577,0.0515695067264574,0.412556053811659,0.3363228699551568,0.2511210762331839,0.1681614349775783,0.100896860986547,0.0358744394618834,0.2443946188340806,0.2354260089686097,0.2152466367713005
687282,"Rincones Jr., Gabriel",178,0.9035532994923858,128,76.086965562,0.6123595505617978,0.1953125,0.1404494382022472,0.125,0.0898876404494382,7.143844663,4,-8.728704298950797,50,0.2808988764044944,53,0.297752808988764,2026.0,56.0,0.4464285714285713,0.5535714285714286,0.3214285714285714,0.1607142857142857,0.0714285714285714,0.2857142857142856,0.4107142857142857,0.3035714285714285,0.1607142857142857,0.1785714285714286,0.1071428571428571,0.1249999999999999,0.2321428571428571,0.1964285714285713
592450,"Judge, Aaron",465,0.9046692607003892,320,76.077789226,0.6387096774193548,0.3125,0.2150537634408602,0.203125,0.1397849462365591,8.133405527,12,4.057052528904818,145,0.3118279569892473,143,0.3075268817204301,2026.0,153.0,0.3790849673202614,0.6209150326797386,0.326797385620915,0.2287581699346405,0.065359477124183,0.431372549019608,0.3333333333333335,0.2352941176470588,0.2418300653594773,0.1045751633986928,0.0326797385620915,0.1895424836601307,0.2287581699346406,0.2026143790849673
671286,"Rodríguez, Johnathan",33,0.9166666666666666,24,75.99450303,0.6363636363636364,0.125,0.0909090909090909,0.125,0.0909090909090909,8.178336364,1,-1.565110483620542,9,0.2727272727272727,6,0.1818181818181818,2026.0,6.0,0.3333333333333333,0.6666666666666667,0.1666666666666666,0.5,0.0,0.3333333333333333,0.3333333333333333,0.3333333333333333,0.0,0.1666666666666666,0.1666666666666666,0.3333333333333333,0.1666666666666666,0.1666666666666667
676566,"Ross, Shawn",9,0.9,5,75.865873333,0.7777777777777778,0.2,0.1111111111111111,0.2,0.1111111111111111,7.757615556,1,0.5092959070007275,4,0.4444444444444444,3,0.3333333333333333,2026.0,3.0,0.3333333333333333,0.6666666666666667,0.6666666666666667,0.0,0.0,0.6666666666666666,0.3333333333333333,0.0,0.3333333333333333,0.0,0.0,0.3333333333333333,0.3333333333333333,0.0
682663,"Ramírez, Agustín",429,0.9031578947368422,309,75.829115058,0.5780885780885784,0.2653721682847896,0.1911421911421911,0.1521035598705501,0.1095571095571095,7.673327086,11,-16.545527479582834,120,0.2797202797202797,152,0.3543123543123543,2026.0,160.0,0.5187500000000002,0.4812500000000001,0.1625,0.23125,0.0875,0.4375,0.3687500000000001,0.1937499999999999,0.2937499999999999,0.2,0.025,0.14375,0.16875,0.1687499999999999
663586,"Riley, Austin",1077,0.9080944350758852,751,75.755690539,0.5905292479108637,0.2716378162450066,0.1894150417827298,0.1544607190412782,0.1077065923862581,7.569193435,25,-34.25533175329668,326,0.3026926648096564,337,0.3129062209842154,2026.0,366.0,0.3661202185792349,0.6338797814207654,0.2978142076502735,0.2431693989071039,0.0928961748633879,0.3934426229508194,0.3579234972677597,0.2486338797814207,0.1994535519125682,0.1202185792349726,0.046448087431694,0.1939890710382511,0.2377049180327869,0.2021857923497267
669394,"Burger, Jake",1027,0.9056437389770724,699,75.754388617,0.6231742940603698,0.3090128755364807,0.2103213242453749,0.1917024320457797,0.1304771178188899,7.532161597,32,-20.72899870641708,328,0.3193768257059396,370,0.3602726387536514,2026.0,388.0,0.4355670103092788,0.5644329896907221,0.2886597938144332,0.1907216494845362,0.0850515463917526,0.4432989690721649,0.3634020618556701,0.1932989690721648,0.2139175257731959,0.1675257731958763,0.0541237113402061,0.2293814432989689,0.1958762886597937,0.1391752577319586
694673,"Ortiz, Abimelec",262,0.9097222222222222,209,75.716303206,0.6183206106870232,0.2344497607655502,0.1870229007633587,0.1052631578947368,0.0839694656488549,7.336299313,3,-7.891151776066041,53,0.2022900763358778,81,0.3091603053435114,2026.0,90.0,0.3555555555555554,0.6444444444444446,0.3222222222222223,0.2555555555555556,0.0666666666666666,0.4444444444444446,0.3222222222222222,0.2333333333333334,0.2,0.1444444444444444,0.0111111111111111,0.2444444444444445,0.1777777777777777,0.2222222222222222
691723,"Mayo, Coby",744,0.914004914004914,522,75.709263965,0.5833333333333333,0.2835249042145594,0.1989247311827957,0.1647509578544061,0.1155913978494623,7.35039703,10,-8.678816378688996,222,0.2983870967741935,232,0.3118279569892473,2026.0,275.0,0.3454545454545457,0.6545454545454543,0.3527272727272725,0.1999999999999999,0.1018181818181818,0.5090909090909093,0.3054545454545454,0.1854545454545454,0.2109090909090908,0.0909090909090909,0.0436363636363636,0.2981818181818184,0.2145454545454544,0.1418181818181818
660670,"Acuña Jr., Ronald",802,0.9001122334455668,593,75.681165586,0.589775561097257,0.2765598650927487,0.2044887780548628,0.1703204047217538,0.1259351620947631,7.60774303,32,-11.774240705718872,209,0.2605985037406483,289,0.3603491271820448,2026.0,304.0,0.4078947368421053,0.592105263157895,0.2796052631578948,0.2335526315789474,0.0789473684210526,0.3651315789473685,0.3322368421052635,0.3026315789473683,0.1973684210526315,0.1546052631578947,0.0559210526315789,0.1677631578947369,0.1776315789473688,0.2467105263157893
682985,"Greene, Riley",990,0.9041095890410958,698,75.650916152,0.5888888888888888,0.2793696275071633,0.1969696969696969,0.166189111747851,0.1171717171717171,7.274421131,15,-3.765811663279705,292,0.2949494949494949,318,0.3212121212121212,2026.0,355.0,0.3492957746478873,0.6507042253521124,0.3436619718309857,0.2619718309859153,0.0450704225352112,0.3859154929577464,0.3718309859154927,0.2422535211267606,0.1859154929577464,0.1267605633802817,0.0366197183098591,0.1999999999999999,0.2450704225352109,0.2056338028169015
701350,"Anthony, Roman",330,0.9116022099447514,241,75.619993758,0.5515151515151514,0.3609958506224066,0.2636363636363636,0.2116182572614107,0.1545454545454545,7.446653182,8,-2.634572950281122,89,0.2696969696969697,131,0.396969696969697,2026.0,146.0,0.4863013698630137,0.5136986301369862,0.232876712328767,0.2671232876712328,0.0136986301369863,0.4178082191780822,0.3767123287671233,0.2054794520547946,0.2808219178082192,0.1780821917808219,0.0273972602739726,0.1369863013698629,0.1986301369863014,0.178082191780822
682818,"Piñango, Yohendrick",317,0.9031339031339032,241,75.595015804,0.5741324921135648,0.2738589211618257,0.2082018927444795,0.1742738589211618,0.1324921135646687,7.14926306,5,-8.588371241782022,76,0.2397476340694006,114,0.3596214511041009,2026.0,125.0,0.424,0.5760000000000001,0.216,0.3040000000000001,0.0559999999999999,0.288,0.4320000000000001,0.2799999999999999,0.12,0.2319999999999999,0.0719999999999999,0.1679999999999999,0.2000000000000001,0.208
687515,"Thomas, Colby",211,0.9134199134199136,138,75.495420569,0.5734597156398105,0.2753623188405797,0.1800947867298578,0.1521739130434782,0.0995260663507109,7.562052322,2,-8.376391857439833,73,0.3459715639810427,64,0.3033175355450237,2026.0,79.0,0.329113924050633,0.670886075949367,0.3417721518987341,0.2025316455696202,0.1265822784810126,0.3544303797468354,0.430379746835443,0.2151898734177215,0.189873417721519,0.1139240506329114,0.0253164556962025,0.1645569620253163,0.3164556962025316,0.189873417721519
682998,"Carroll, Corbin",1045,0.9094865100087032,785,75.488239608,0.5808612440191389,0.3312101910828025,0.2488038277511961,0.1834394904458598,0.1377990430622009,7.474942823,10,-17.280026201328,260,0.2488038277511961,408,0.3904306220095693,2026.0,433.0,0.4064665127020788,0.5935334872979218,0.2956120092378755,0.207852193995381,0.0900692840646651,0.4249422632794455,0.3464203233256352,0.2286374133949192,0.210161662817552,0.1685912240184757,0.0277136258660507,0.2147806004618935,0.1778290993071595,0.2009237875288684
694025,"Reyes, Felix",62,0.8985507246376812,48,75.458407903,0.5483870967741936,0.2916666666666667,0.2258064516129032,0.125,0.0967741935483871,7.450099516,2,-4.208538059322746,14,0.2258064516129032,29,0.4677419354838709,2026.0,29.0,0.4482758620689654,0.5517241379310344,0.1724137931034483,0.3448275862068965,0.0344827586206896,0.4827586206896553,0.3103448275862069,0.2068965517241379,0.2758620689655173,0.1034482758620689,0.0689655172413793,0.206896551724138,0.2068965517241379,0.1379310344827586
703155,"Montes, Lazaro",100,0.9090909090909092,54,75.4508234,0.5899999999999999,0.2592592592592592,0.14,0.1666666666666666,0.09,7.7687,0,-3.3928023753962897,46,0.46,22,0.22,2026.0,25.0,0.3599999999999999,0.6400000000000001,0.44,0.16,0.0399999999999999,0.32,0.36,0.3199999999999999,0.1599999999999999,0.0799999999999999,0.12,0.1600000000000001,0.28,0.1999999999999999
804606,"Griffin, Konnor",587,0.9044684129429892,430,75.434363305,0.5621805792163542,0.2558139534883721,0.1873935264054514,0.1465116279069767,0.1073253833049403,7.66940983,13,-12.701050104982706,157,0.2674616695059625,210,0.3577512776831346,2026.0,224.0,0.5178571428571427,0.482142857142857,0.1785714285714286,0.263392857142857,0.0401785714285714,0.3928571428571429,0.3660714285714286,0.2410714285714285,0.2544642857142857,0.1919642857142857,0.0714285714285714,0.1383928571428572,0.1741071428571429,0.1696428571428571
694514,"Thompson, Sterlin",119,0.9015151515151516,90,75.429328151,0.5546218487394956,0.2444444444444444,0.1848739495798319,0.1222222222222222,0.0924369747899159,7.029012689,0,-3.312733936023963,29,0.2436974789915966,42,0.3529411764705882,2026.0,48.0,0.5208333333333333,0.4791666666666666,0.2499999999999999,0.2291666666666666,0.0,0.4374999999999999,0.3125,0.25,0.3333333333333333,0.1041666666666667,0.0833333333333333,0.1041666666666665,0.2083333333333333,0.1666666666666667
669065,"Stowers, Kyle",912,0.9065606361829026,619,75.374370493,0.5515350877192984,0.3037156704361874,0.2061403508771929,0.2067851373182552,0.1403508771929824,6.800720921,29,-11.212475363364817,293,0.3212719298245614,277,0.3037280701754385,2026.0,289.0,0.370242214532872,0.6297577854671281,0.3321799307958478,0.2214532871972318,0.0761245674740484,0.4602076124567473,0.3564013840830451,0.1833910034602076,0.2318339100346021,0.1107266435986158,0.0276816608996539,0.2283737024221452,0.2456747404844293,0.1557093425605536
686948,"Baldwin, Drake",1076,0.9049621530698064,829,75.338857686,0.5650557620817842,0.3172496984318456,0.2444237918215613,0.1833534378769601,0.1412639405204461,7.31752526,22,-8.174452055079342,247,0.2295539033457249,384,0.3568773234200743,2026.0,414.0,0.4396135265700485,0.5603864734299521,0.2632850241545897,0.248792270531401,0.0483091787439613,0.3115942028985507,0.42512077294686,0.2632850241545895,0.1739130434782607,0.2270531400966182,0.038647342995169,0.1376811594202899,0.1980676328502417,0.2246376811594204
663698,"Bart, Joey",205,0.9070796460176992,147,75.303235073,0.5219512195121951,0.2176870748299319,0.1560975609756097,0.1428571428571428,0.1024390243902439,7.359530634,4,-3.9230197322667566,58,0.2829268292682926,72,0.3512195121951219,2026.0,78.0,0.4102564102564102,0.58974358974359,0.3461538461538462,0.1538461538461539,0.0897435897435897,0.4102564102564103,0.3589743589743588,0.2307692307692308,0.1923076923076924,0.1538461538461539,0.064102564102564,0.2179487179487179,0.2051282051282049,0.1666666666666667
670042,"Raley, Luke",523,0.9032815198618308,321,75.275832983,0.5717017208413001,0.3052959501557632,0.1873804971319311,0.1838006230529595,0.1128107074569789,7.282020096,11,-12.72314192854492,202,0.3862332695984704,159,0.3040152963671128,2026.0,172.0,0.3662790697674419,0.6337209302325582,0.2906976744186046,0.2790697674418605,0.063953488372093,0.4593023255813956,0.3023255813953488,0.2383720930232558,0.1802325581395348,0.1453488372093023,0.0406976744186046,0.2790697674418607,0.1569767441860465,0.1976744186046512
683146,"Baty, Brett",817,0.90677025527192,599,75.247406438,0.5618115055079559,0.2838063439065108,0.208078335373317,0.1585976627712854,0.1162790697674418,7.472486365,22,-18.90736360812272,218,0.2668298653610771,279,0.3414932680538555,2026.0,295.0,0.3966101694915256,0.6033898305084744,0.288135593220339,0.2644067796610168,0.0508474576271186,0.352542372881356,0.3661016949152543,0.2813559322033897,0.2067796610169492,0.1423728813559321,0.0474576271186441,0.1457627118644067,0.2237288135593221,0.2338983050847456
670242,"Wallner, Matt",264,0.9072164948453608,157,75.215032348,0.5681818181818183,0.2229299363057325,0.1325757575757575,0.1273885350318471,0.0757575757575757,7.469698068,15,-11.541930857786314,107,0.4053030303030303,66,0.25,2026.0,67.0,0.5074626865671641,0.4925373134328358,0.208955223880597,0.2388059701492537,0.044776119402985,0.4477611940298509,0.4029850746268657,0.1492537313432836,0.3283582089552239,0.164179104477612,0.0149253731343283,0.1194029850746269,0.2388059701492536,0.1343283582089552
678760,"Leonard, Eddys",20,0.9090909090909092,14,75.212396,0.6500000000000001,0.0714285714285714,0.05,0.0714285714285714,0.05,7.2952655,0,-0.917764122750484,6,0.3,6,0.3,2026.0,6.0,0.1666666666666666,0.8333333333333335,0.1666666666666666,0.5,0.1666666666666666,0.3333333333333333,0.1666666666666666,0.5,0.0,0.0,0.1666666666666666,0.3333333333333333,0.1666666666666666,0.3333333333333333
668904,"Lewis, Royce",878,0.9042224510813596,618,75.172111059,0.5478359908883826,0.2799352750809061,0.1970387243735763,0.1488673139158576,0.1047835990888382,8.062444886,22,-21.675378776917093,260,0.296127562642369,310,0.3530751708428246,2026.0,333.0,0.3243243243243243,0.6756756756756761,0.2942942942942945,0.2402402402402403,0.1411411411411412,0.4654654654654654,0.3393393393393393,0.1951951951951952,0.1801801801801804,0.1171171171171172,0.027027027027027,0.2852852852852849,0.2222222222222221,0.1681681681681681
701305,"Dezenzo, Zach",138,0.9019607843137256,87,75.14651587,0.5144927536231884,0.2298850574712643,0.144927536231884,0.1034482758620689,0.0652173913043478,7.65135413,2,-5.506702192581504,51,0.3695652173913043,42,0.3043478260869565,2026.0,44.0,0.4318181818181818,0.5681818181818181,0.2045454545454545,0.3181818181818181,0.0454545454545454,0.4318181818181817,0.2045454545454545,0.3636363636363636,0.3409090909090908,0.0454545454545454,0.0454545454545454,0.0909090909090909,0.159090909090909,0.3181818181818182
669127,"Langeliers, Shea",743,0.9105392156862744,525,75.133818089,0.5195154777927322,0.3161904761904762,0.2234185733512786,0.1752380952380952,0.1238223418573351,7.254693176,2,-5.448305682720009,218,0.2934051144010767,269,0.3620457604306864,2026.0,312.0,0.3557692307692309,0.6442307692307694,0.2980769230769233,0.2564102564102563,0.0897435897435897,0.4006410256410254,0.3589743589743591,0.2403846153846155,0.1923076923076923,0.1185897435897436,0.0448717948717948,0.2083333333333331,0.2403846153846154,0.1955128205128206
814430,"Callahan, Brett",140,0.9090909090909092,105,75.103733071,0.5214285714285716,0.219047619047619,0.1642857142857142,0.1238095238095238,0.0928571428571428,7.023025214,5,-3.388097779359932,35,0.25,43,0.3071428571428571,2026.0,45.0,0.3111111111111111,0.6888888888888889,0.311111111111111,0.2444444444444445,0.1333333333333333,0.3555555555555555,0.3999999999999998,0.2444444444444444,0.1555555555555555,0.1111111111111111,0.0444444444444444,0.1999999999999999,0.2888888888888887,0.1999999999999999
691718,"Crow-Armstrong, Pete",1272,0.90148830616584,994,75.101676352,0.5369496855345911,0.2625754527162978,0.205188679245283,0.1599597585513078,0.125,7.469977445,46,22.361724556783344,278,0.2185534591194968,408,0.320754716981132,2026.0,443.0,0.3115124153498871,0.6884875846501128,0.3363431151241534,0.2347629796839729,0.1173814898419864,0.5124153498871327,0.3002257336343115,0.1873589164785552,0.1715575620767496,0.110609480812641,0.0293453724604966,0.340857787810383,0.1896162528216705,0.1580135440180586
683357,"Caissie, Owen",562,0.9035369774919614,378,75.075924395,0.5569395017793595,0.2804232804232804,0.1886120996441281,0.1534391534391534,0.1032028469750889,7.121562687,17,-9.037425970479164,184,0.3274021352313167,168,0.298932384341637,2026.0,176.0,0.3693181818181819,0.6306818181818181,0.3238636363636362,0.25,0.0568181818181818,0.3352272727272727,0.4318181818181819,0.2329545454545455,0.1647727272727271,0.1704545454545453,0.0340909090909091,0.1704545454545455,0.2613636363636365,0.1988636363636364
678577,"Perez, Junior",64,0.927536231884058,40,75.053433281,0.5624999999999998,0.35,0.21875,0.2,0.125,7.518186875,0,-0.6992886457513698,24,0.375,20,0.3125,2026.0,21.0,0.2857142857142857,0.7142857142857143,0.3333333333333333,0.1904761904761904,0.1904761904761904,0.2857142857142857,0.4285714285714286,0.2857142857142857,0.0952380952380952,0.0952380952380952,0.0952380952380952,0.1904761904761904,0.3333333333333333,0.1904761904761904
553869,"Díaz, Elias",449,0.9016064257028112,332,75.049371715,0.5055679287305122,0.2379518072289156,0.1759465478841871,0.1475903614457831,0.1091314031180401,7.045147016,16,-12.88920525427092,117,0.2605790645879732,152,0.3385300668151447,2026.0,167.0,0.3652694610778443,0.6347305389221558,0.2634730538922157,0.2514970059880239,0.1197604790419161,0.377245508982036,0.311377245508982,0.3113772455089818,0.1736526946107784,0.125748502994012,0.0658682634730539,0.2035928143712575,0.18562874251497,0.2455089820359279
663728,"Raleigh, Cal",1005,0.9013452914798208,707,75.041131184,0.5154228855721392,0.2291371994342291,0.1611940298507462,0.1145685997171145,0.0805970149253731,7.907564597,26,-36.51285504447355,298,0.2965174129353234,268,0.2666666666666666,2026.0,284.0,0.2640845070422535,0.7359154929577467,0.433098591549296,0.176056338028169,0.1267605633802817,0.5281690140845074,0.2711267605633802,0.2007042253521127,0.1936619718309859,0.0528169014084506,0.0176056338028169,0.3345070422535215,0.2183098591549295,0.1830985915492958
680776,"Duran, Jarren",1004,0.9045045045045044,693,75.025631375,0.5089641434262947,0.2886002886002886,0.199203187250996,0.1659451659451659,0.1145418326693227,7.578556345,30,-41.829808913085664,311,0.3097609561752988,360,0.3585657370517928,2026.0,394.0,0.4568527918781726,0.5431472081218275,0.2284263959390863,0.2131979695431472,0.1015228426395939,0.3883248730964471,0.3807106598984771,0.2309644670050761,0.2411167512690354,0.1802030456852791,0.0355329949238578,0.1472081218274116,0.2005076142131979,0.1954314720812182
696100,"Goodman, Hunter",1004,0.9085972850678732,677,75.013495966,0.4940239043824703,0.2644017725258493,0.1782868525896414,0.1610044313146233,0.1085657370517928,7.333225518,17,-5.938068498288704,327,0.3256972111553785,305,0.3037848605577689,2026.0,342.0,0.3450292397660821,0.6549707602339185,0.3421052631578951,0.2222222222222221,0.0906432748538011,0.4766081871345027,0.3216374269005847,0.2017543859649123,0.1812865497076023,0.1228070175438596,0.0409356725146199,0.2953216374269003,0.198830409356725,0.1608187134502924
624585,"Soler, Jorge",619,0.9036496350364964,404,74.943144281,0.5121163166397417,0.2574257425742574,0.1680129240710824,0.1509900990099009,0.098546042003231,7.901856268,7,-14.453153709444988,215,0.3473344103392569,191,0.308562197092084,2026.0,202.0,0.3960396039603961,0.6039603960396039,0.2722772277227723,0.2722772277227722,0.0594059405940593,0.5198019801980195,0.3019801980198023,0.1782178217821781,0.2425742574257426,0.1138613861386138,0.0396039603960396,0.2772277227722768,0.1881188118811884,0.1386138613861385
671739,"Harris II, Michael",1075,0.9071729957805909,834,74.935850763,0.4986046511627907,0.3117505995203837,0.241860465116279,0.2062350119904076,0.16,8.122889098,20,-6.65174521039646,241,0.2241860465116279,423,0.3934883720930232,2026.0,473.0,0.4503171247357294,0.5496828752642703,0.2304439746300207,0.2600422832980973,0.0591966173361521,0.3572938689217758,0.3911205073995771,0.2515856236786469,0.1902748414376321,0.1881606765327693,0.0718816067653277,0.1670190274841436,0.2029598308668077,0.1797040169133192
693306,"Sabato, Aaron",12,0.9230769230769232,10,74.8355425,0.5833333333333333,0.3,0.25,0.0,0.0,7.0936425,1,-1.7526458158156737,2,0.1666666666666666,3,0.25,2026.0,3.0,0.6666666666666666,0.3333333333333333,0.3333333333333333,0.0,0.0,0.3333333333333333,0.6666666666666667,0.0,0.3333333333333333,0.3333333333333333,0.0,0.0,0.3333333333333333,0.0
699302,"Rodríguez, Héctor",264,0.9041095890410958,197,74.834909167,0.5113636363636364,0.233502538071066,0.1742424242424242,0.1218274111675127,0.0909090909090909,7.862782841,6,-5.219723195941613,67,0.2537878787878788,91,0.3446969696969697,2026.0,97.0,0.5463917525773198,0.4536082474226804,0.2989690721649484,0.1237113402061855,0.0309278350515463,0.4020618556701031,0.3917525773195877,0.2061855670103093,0.2474226804123712,0.2680412371134021,0.0309278350515464,0.1546391752577319,0.1237113402061855,0.1752577319587629
699013,"Valdez, Esmerlyn",460,0.8984375,281,74.805468152,0.5086956521739131,0.3060498220640569,0.1869565217391304,0.1850533807829181,0.1130434782608695,7.960877109,5,-0.5024575213238669,179,0.3891304347826086,124,0.2695652173913043,2026.0,136.0,0.3455882352941176,0.6544117647058825,0.3970588235294118,0.1985294117647059,0.0588235294117647,0.3750000000000002,0.4044117647058822,0.2205882352941177,0.1691176470588235,0.161764705882353,0.0147058823529411,0.2058823529411766,0.2426470588235292,0.2058823529411765
606466,"Marte, Ketel",954,0.9103053435114504,779,74.79361174,0.470649895178197,0.3299101412066752,0.2693920335429769,0.1810012836970475,0.1477987421383647,7.723464423,11,-13.910398187437362,175,0.1834381551362683,432,0.4528301886792453,2026.0,472.0,0.4152542372881355,0.5847457627118642,0.2796610169491522,0.2288135593220338,0.0762711864406781,0.489406779661017,0.3326271186440676,0.1779661016949153,0.2542372881355932,0.1313559322033898,0.0296610169491525,0.2351694915254237,0.2012711864406777,0.1483050847457628
621566,"Olson, Matt",1196,0.906060606060606,921,74.778132659,0.4999999999999999,0.3148751357220412,0.2424749163879598,0.1965255157437568,0.1513377926421404,7.589916948,21,-2.0546034768562653,275,0.229933110367893,426,0.3561872909698996,2026.0,455.0,0.3714285714285714,0.6285714285714288,0.3516483516483517,0.2021978021978022,0.0747252747252748,0.3802197802197806,0.3604395604395605,0.2593406593406592,0.1824175824175824,0.142857142857143,0.0461538461538461,0.1978021978021981,0.2175824175824175,0.2131868131868131
677595,"Mauricio, Ronny",106,0.8983050847457628,74,74.77118,0.4716981132075471,0.2162162162162162,0.1509433962264151,0.1081081081081081,0.0754716981132075,7.767643302,1,-6.143452911894733,32,0.3018867924528302,29,0.2735849056603773,2026.0,33.0,0.5454545454545454,0.4545454545454546,0.1818181818181818,0.2121212121212121,0.0606060606060606,0.3939393939393938,0.393939393939394,0.2121212121212121,0.2424242424242424,0.2424242424242425,0.0606060606060606,0.1515151515151514,0.1515151515151515,0.1515151515151515
808959,"Murakami, Munetaka",866,0.9039665970772442,518,74.717550982,0.502309468822171,0.3243243243243243,0.1939953810623556,0.2258687258687258,0.1351039260969977,7.865214192,29,-9.52098762990143,348,0.4018475750577367,238,0.2748267898383372,2026.0,253.0,0.4189723320158102,0.5810276679841898,0.3833992094861662,0.1541501976284584,0.0434782608695652,0.4703557312252963,0.33201581027668,0.1976284584980236,0.256916996047431,0.1264822134387351,0.0355731225296442,0.2134387351778652,0.2055335968379448,0.1620553359683793
676369,"Velázquez, Nelson",196,0.9032258064516128,122,74.716076582,0.5255102040816328,0.3770491803278688,0.2346938775510204,0.221311475409836,0.1377551020408163,7.435397602,4,-5.807962359582346,74,0.3775510204081632,61,0.3112244897959184,2026.0,64.0,0.265625,0.734375,0.375,0.296875,0.0625,0.4375,0.34375,0.21875,0.1875,0.0468749999999999,0.03125,0.2499999999999999,0.296875,0.1875
660271,"Ohtani, Shohei",975,0.9069767441860463,674,74.688029733,0.4923076923076923,0.3664688427299703,0.2533333333333333,0.2121661721068249,0.1466666666666666,7.896796308,11,-3.678972922497366,301,0.3087179487179487,340,0.3487179487179487,2026.0,370.0,0.4216216216216216,0.5783783783783785,0.3054054054054056,0.2405405405405403,0.0324324324324324,0.4783783783783784,0.3054054054054054,0.2162162162162162,0.2918918918918913,0.108108108108108,0.0216216216216216,0.186486486486487,0.1972972972972974,0.1945945945945945
545361,"Trout, Mike",954,0.9034090909090908,737,74.68221087,0.4853249475890985,0.2713704206241519,0.2096436058700209,0.1628222523744912,0.1257861635220125,7.454801111,25,-12.468842761039433,217,0.2274633123689727,328,0.3438155136268344,2026.0,348.0,0.3591954022988502,0.6408045977011495,0.3160919540229884,0.2528735632183909,0.0718390804597701,0.3563218390804598,0.3936781609195402,0.2499999999999999,0.1695402298850575,0.1436781609195402,0.0459770114942529,0.1867816091954022,0.25,0.204022988505747
641857,"McMahon, Ryan",597,0.903177004538578,438,74.676685997,0.4907872696817421,0.3059360730593607,0.2244556113902847,0.1780821917808219,0.1306532663316583,7.363454422,19,-17.02476634622306,159,0.2663316582914573,213,0.3567839195979899,2026.0,224.0,0.4107142857142858,0.5892857142857143,0.3124999999999999,0.2321428571428572,0.0446428571428571,0.4151785714285714,0.3348214285714286,0.2499999999999999,0.2455357142857143,0.1339285714285714,0.03125,0.169642857142857,0.2008928571428571,0.2187499999999999
592518,"Machado, Manny",1102,0.9084913437757626,851,74.67556608,0.4573502722323048,0.2843713278495887,0.219600725952813,0.1515863689776733,0.117059891107078,7.878184183,30,-31.69035774153745,251,0.2277676950998185,413,0.3747731397459165,2026.0,450.0,0.3933333333333331,0.6066666666666667,0.2844444444444445,0.242222222222222,0.08,0.4,0.3400000000000001,0.26,0.2044444444444442,0.1488888888888888,0.04,0.1955555555555558,0.1911111111111113,0.22
815873,"Keys, Sean",126,0.9064748201438848,89,74.675461905,0.5079365079365079,0.247191011235955,0.1746031746031746,0.1235955056179775,0.0873015873015873,7.425873968,1,-4.985815896915955,37,0.2936507936507936,37,0.2936507936507936,2026.0,37.0,0.4054054054054054,0.5945945945945945,0.1891891891891892,0.2972972972972972,0.1081081081081081,0.4054054054054054,0.3783783783783783,0.2162162162162162,0.2432432432432432,0.1621621621621621,0.0,0.1621621621621621,0.2162162162162161,0.2162162162162162
624413,"Alonso, Pete",1132,0.907051282051282,840,74.666029576,0.4734982332155475,0.3380952380952381,0.2508833922261484,0.2273809523809523,0.1687279151943463,7.180035018,18,1.8051902139688776,292,0.2579505300353357,400,0.3533568904593639,2026.0,438.0,0.415525114155251,0.584474885844749,0.3127853881278543,0.2237442922374427,0.047945205479452,0.367579908675799,0.3995433789954339,0.232876712328767,0.1894977168949772,0.1849315068493149,0.0410958904109589,0.1780821917808218,0.2146118721461189,0.191780821917808
666464,"Encarnacion, Jerar",75,0.9036144578313252,61,74.662510267,0.5466666666666666,0.2131147540983606,0.1733333333333333,0.1147540983606557,0.0933333333333333,7.5507412,1,-4.552601425955237,14,0.1866666666666666,25,0.3333333333333333,2026.0,26.0,0.5,0.5000000000000001,0.2307692307692308,0.2307692307692308,0.0384615384615384,0.3846153846153846,0.2692307692307692,0.3461538461538461,0.3076923076923077,0.0769230769230769,0.1153846153846154,0.0769230769230769,0.1923076923076923,0.2307692307692307
681297,"Cowser, Colton",653,0.9031811894882434,450,74.601943017,0.4793261868300153,0.2533333333333333,0.1745788667687595,0.1377777777777777,0.0949464012251148,7.473979908,20,-17.279088276084103,203,0.3108728943338438,205,0.3139356814701378,2026.0,224.0,0.4196428571428568,0.5803571428571431,0.3035714285714288,0.2321428571428572,0.0446428571428571,0.3839285714285714,0.388392857142857,0.2276785714285714,0.2008928571428571,0.1696428571428571,0.0491071428571428,0.1830357142857143,0.2187499999999998,0.1785714285714285
691785,"Mayer, Marcelo",391,0.9071925754060324,286,74.59234399,0.4654731457800511,0.2727272727272727,0.1994884910485933,0.1188811188811188,0.0869565217391304,7.948468082,8,-16.881231834934002,105,0.268542199488491,156,0.3989769820971867,2026.0,167.0,0.5149700598802391,0.4850299401197604,0.245508982035928,0.1616766467065868,0.0778443113772455,0.3592814371257486,0.3712574850299399,0.2694610778443113,0.2574850299401197,0.1856287425149701,0.0718562874251497,0.1017964071856289,0.1856287425149698,0.1976047904191616
682674,"Bericoto, Victor",209,0.9126637554585152,149,74.580310622,0.4928229665071771,0.3221476510067114,0.2296650717703349,0.1409395973154362,0.1004784688995215,7.613382344,6,-3.5977476471500536,60,0.2870813397129186,73,0.3492822966507177,2026.0,76.0,0.4868421052631579,0.5131578947368421,0.2499999999999999,0.2236842105263158,0.0394736842105263,0.3157894736842106,0.3684210526315789,0.3157894736842106,0.2499999999999999,0.1447368421052631,0.0921052631578947,0.0657894736842107,0.2236842105263157,0.2236842105263158
641820,"Mancini, Trey",29,0.90625,25,74.536593448,0.3793103448275862,0.24,0.2068965517241379,0.16,0.1379310344827586,7.625914828,0,0.3283700654314009,4,0.1379310344827586,10,0.3448275862068966,2026.0,11.0,0.6363636363636364,0.3636363636363637,0.1818181818181818,0.1818181818181818,0.0,0.3636363636363636,0.3636363636363636,0.2727272727272727,0.3636363636363636,0.2727272727272727,0.0,0.0,0.0909090909090909,0.2727272727272727
691176,"Domínguez, Jasson",376,0.910411622276029,284,74.530686144,0.4202127659574468,0.2922535211267605,0.2207446808510638,0.1514084507042253,0.1143617021276595,7.777663723,4,-12.144997965050356,92,0.2446808510638297,148,0.3936170212765957,2026.0,161.0,0.4285714285714287,0.5714285714285715,0.2236024844720497,0.2422360248447205,0.1055900621118012,0.4720496894409939,0.3291925465838512,0.1987577639751553,0.2546583850931675,0.1366459627329192,0.0372670807453416,0.2173913043478264,0.192546583850932,0.1614906832298136
669911,"Toglia, Michael",41,0.8913043478260869,28,74.495372195,0.5365853658536585,0.3928571428571428,0.2682926829268293,0.1071428571428571,0.073170731707317,7.593017805,2,-3.3724383253157777,13,0.3170731707317073,13,0.3170731707317073,2026.0,14.0,0.2857142857142857,0.7142857142857143,0.4285714285714286,0.2857142857142857,0.0,0.3571428571428571,0.3571428571428571,0.2857142857142857,0.1428571428571428,0.1428571428571428,0.0,0.2142857142857142,0.2142857142857142,0.2857142857142857
663993,"Lowe, Nathaniel",709,0.9054916985951468,572,74.485977461,0.4456981664315939,0.2465034965034965,0.1988716502115655,0.1520979020979021,0.1227080394922426,7.544323879,19,0.1506683294430675,137,0.1932299012693935,264,0.3723554301833568,2026.0,281.0,0.3807829181494659,0.6192170818505334,0.259786476868327,0.295373665480427,0.0640569395017793,0.3594306049822062,0.3772241992882564,0.2633451957295372,0.2064056939501777,0.1459074733096085,0.0284697508896797,0.1530249110320284,0.2313167259786478,0.2348754448398575
691373,"Garcia, Jhostynxon",98,0.8990825688073395,66,74.474399592,0.4489795918367348,0.2424242424242424,0.1632653061224489,0.106060606060606,0.0714285714285714,7.825669592,1,-7.133352926085482,32,0.3265306122448979,31,0.3163265306122449,2026.0,32.0,0.5312500000000001,0.46875,0.15625,0.21875,0.09375,0.3437499999999999,0.40625,0.25,0.2187499999999999,0.2812500000000001,0.03125,0.1249999999999999,0.1249999999999999,0.21875
545341,"Grichuk, Randal",466,0.9048543689320389,359,74.464786888,0.4613733905579399,0.3481894150417827,0.2682403433476394,0.2033426183844011,0.1566523605150214,7.723867082,9,4.318602478649478,107,0.2296137339055794,190,0.407725321888412,2026.0,201.0,0.3582089552238808,0.6417910447761195,0.2985074626865672,0.263681592039801,0.0796019900497512,0.4328358208955223,0.3233830845771144,0.2437810945273631,0.2189054726368159,0.1194029850746268,0.0199004975124378,0.2139303482587064,0.2039800995024876,0.2238805970149253
680577,"Keirsey Jr., DaShawn",1,1.0,1,74.43373,0.0,1.0,1.0,0.0,0.0,6.83226,0,0.4178854922216349,0,0.0,1,1.0,2026.0,1.0,0.0,1.0,0.0,1.0,0.0,0.0,1.0,0.0,0.0,0.0,0.0,0.0,1.0,0.0
694192,"Chourio, Jackson",889,0.9062181447502548,689,74.429334972,0.46681664791901,0.3381712626995646,0.2620922384701912,0.1843251088534107,0.1428571428571428,7.368765669,20,8.24423887677753,200,0.2249718785151856,350,0.3937007874015748,2026.0,382.0,0.4476439790575916,0.5523560209424084,0.3089005235602095,0.1989528795811518,0.0445026178010471,0.3036649214659685,0.4554973821989529,0.2408376963350785,0.1910994764397905,0.2356020942408378,0.0209424083769633,0.1125654450261779,0.219895287958115,0.2198952879581152
691016,"Soderstrom, Tyler",670,0.9054054054054054,524,74.418929821,0.4507462686567163,0.3072519083969465,0.2402985074626865,0.1774809160305343,0.1388059701492537,7.504831806,16,-14.587854105133168,146,0.217910447761194,267,0.3985074626865671,2026.0,306.0,0.4640522875816991,0.5359477124183007,0.2712418300653594,0.1928104575163399,0.0718954248366013,0.3888888888888887,0.3888888888888889,0.2222222222222223,0.2124183006535948,0.2091503267973857,0.0424836601307189,0.1764705882352938,0.1797385620915031,0.1797385620915033
672356,"Arias, Gabriel",258,0.8989547038327527,145,74.407160388,0.4379844961240311,0.3034482758620689,0.1705426356589147,0.193103448275862,0.1085271317829457,7.377021977,7,-4.563987624902588,113,0.437984496124031,75,0.2906976744186046,2026.0,79.0,0.5569620253164554,0.4430379746835443,0.1772151898734177,0.2151898734177215,0.050632911392405,0.3291139240506328,0.4177215189873418,0.2531645569620253,0.2531645569620253,0.2531645569620253,0.050632911392405,0.0759493670886075,0.1645569620253164,0.2025316455696202
663624,"Mountcastle, Ryan",32,0.9411764705882352,30,74.390176875,0.4374999999999999,0.2,0.1875,0.1333333333333333,0.125,7.507539688,0,-1.1824344664989326,2,0.0625,12,0.375,2026.0,12.0,0.5833333333333333,0.4166666666666666,0.1666666666666666,0.2499999999999999,0.0,0.25,0.4166666666666666,0.3333333333333333,0.1666666666666666,0.3333333333333333,0.0833333333333333,0.0833333333333333,0.0833333333333333,0.25
657757,"Sheets, Gavin",664,0.9058663028649386,542,74.389351807,0.4653614457831325,0.2490774907749077,0.2033132530120482,0.1162361623616236,0.0948795180722891,7.72734384,20,-17.045009687846747,122,0.1837349397590361,253,0.3810240963855422,2026.0,274.0,0.4562043795620438,0.5437956204379562,0.2335766423357664,0.2080291970802919,0.1021897810218978,0.386861313868613,0.3284671532846713,0.2846715328467153,0.1824817518248174,0.1824817518248175,0.0912408759124087,0.2043795620437956,0.1459854014598538,0.1934306569343066
572233,"Walker, Christian",1096,0.9005751848808545,813,74.3587049,0.4361313868613139,0.2730627306273063,0.2025547445255474,0.1599015990159901,0.1186131386861313,7.410542673,38,-25.564062204288188,283,0.2582116788321167,399,0.3640510948905109,2026.0,420.0,0.430952380952381,0.5690476190476192,0.2785714285714288,0.2119047619047618,0.0785714285714286,0.4166666666666665,0.3261904761904758,0.2571428571428572,0.2190476190476191,0.1500000000000001,0.0619047619047619,0.1976190476190473,0.1761904761904757,0.1952380952380952
666160,"Moniak, Mickey",790,0.9038901601830664,576,74.328223241,0.4556962025316456,0.2899305555555556,0.2113924050632911,0.1371527777777778,0.1,7.796888747,13,2.6856436092018363,214,0.2708860759493671,275,0.3481012658227848,2026.0,289.0,0.3425605536332176,0.6574394463667819,0.366782006920415,0.2006920415224913,0.0899653979238754,0.4809688581314881,0.3460207612456746,0.1730103806228374,0.2110726643598614,0.1280276816608996,0.0034602076124567,0.2698961937716266,0.2179930795847749,0.1695501730103807
681715,"Hernández, Heriberto",801,0.9081632653061223,566,74.32306804,0.466916354556804,0.3515901060070671,0.2484394506866417,0.1908127208480565,0.1348314606741573,7.734157516,26,-14.765011392928304,235,0.2933832709113608,294,0.3670411985018726,2026.0,309.0,0.4077669902912621,0.5922330097087382,0.3106796116504855,0.2038834951456311,0.0776699029126214,0.4627831715210353,0.3948220064724921,0.1423948220064726,0.226537216828479,0.1585760517799352,0.0226537216828479,0.2362459546925563,0.2362459546925568,0.1197411003236247
694203,"Guzman, Denzer",519,0.902608695652174,392,74.312018786,0.4547206165703276,0.2397959183673469,0.1811175337186898,0.125,0.094412331406551,7.983227861,1,-17.15335314645019,127,0.2447013487475915,189,0.3641618497109826,2026.0,200.0,0.4550000000000001,0.5450000000000002,0.2200000000000001,0.255,0.0699999999999999,0.43,0.35,0.2199999999999999,0.2399999999999999,0.1649999999999999,0.05,0.19,0.185,0.1699999999999999
686527,"Canzone, Dominic",844,0.90752688172043,625,74.297849609,0.4360189573459715,0.3616,0.2677725118483412,0.2112,0.1563981042654028,7.409868898,13,0.223059881561154,219,0.259478672985782,344,0.4075829383886256,2026.0,363.0,0.4435261707988983,0.5564738292011016,0.2782369146005506,0.2231404958677685,0.0550964187327823,0.3911845730027547,0.4077134986225894,0.2011019283746556,0.2176308539944904,0.18732782369146,0.0385674931129476,0.1735537190082643,0.2203856749311293,0.162534435261708
680718,"Barger, Addison",46,0.9019607843137256,37,74.294076304,0.4999999999999998,0.2432432432432432,0.1956521739130435,0.1351351351351351,0.108695652173913,7.191623913,1,-5.103840995254125,9,0.1956521739130435,16,0.3478260869565217,2026.0,16.0,0.375,0.625,0.4375,0.1875,0.0,0.3125,0.5,0.1875,0.125,0.25,0.0,0.1875,0.2499999999999999,0.1875
677592,"Pereira, Everson",191,0.90521327014218,126,74.292301204,0.4712041884816753,0.2777777777777778,0.1832460732984293,0.1587301587301587,0.1047120418848167,8.019791361,8,-4.261911418018941,65,0.3403141361256545,58,0.3036649214659686,2026.0,63.0,0.5079365079365076,0.492063492063492,0.2380952380952381,0.1746031746031746,0.0793650793650793,0.3650793650793653,0.3968253968253967,0.2380952380952382,0.2698412698412697,0.1428571428571429,0.0952380952380952,0.0952380952380955,0.2539682539682538,0.1428571428571429
671277,"García Jr., Luis",939,0.9090029041626332,765,74.286840831,0.452609158679446,0.3281045751633987,0.2673056443024494,0.1895424836601307,0.154419595314164,7.448793344,14,9.808462541076556,174,0.1853035143769968,391,0.4164004259850905,2026.0,421.0,0.4370546318289787,0.5629453681710214,0.2351543942992874,0.2541567695961996,0.0736342042755344,0.4180522565320665,0.375296912114014,0.2066508313539194,0.2327790973871734,0.163895486935867,0.0403800475059382,0.1852731591448931,0.2114014251781469,0.1662707838479811
694212,"Basallo, Samuel",688,0.907651715039578,489,74.272168576,0.4447674418604651,0.32719836400818,0.2325581395348837,0.1820040899795501,0.129360465116279,7.602706105,19,-14.697334826080048,199,0.2892441860465116,247,0.3590116279069767,2026.0,257.0,0.4474708171206226,0.5525291828793776,0.2762645914396889,0.2217898832684824,0.0544747081712062,0.4357976653696498,0.3540856031128402,0.2101167315175097,0.2723735408560312,0.1400778210116732,0.0350194552529182,0.1634241245136186,0.214007782101167,0.1750972762645914
670224,"Misner, Kameron",85,0.9239130434782608,51,74.260397176,0.411764705882353,0.196078431372549,0.1176470588235294,0.0392156862745098,0.0235294117647058,7.653476118,0,-4.01263396490458,34,0.4,21,0.2470588235294117,2026.0,25.0,0.28,0.7199999999999999,0.3999999999999999,0.1999999999999999,0.12,0.3999999999999999,0.3999999999999999,0.2,0.16,0.12,0.0,0.2399999999999999,0.2799999999999999,0.2
691788,"Mack, Joe",537,0.9055649241146712,407,74.256687691,0.4338919925512103,0.3095823095823096,0.2346368715083799,0.1474201474201474,0.1117318435754189,7.390999944,5,-14.116845436683263,130,0.2420856610800744,207,0.3854748603351955,2026.0,227.0,0.5022026431718061,0.4977973568281938,0.2466960352422908,0.1938325991189426,0.0572687224669603,0.4757709251101319,0.2995594713656386,0.224669603524229,0.2863436123348018,0.1718061674008811,0.0440528634361233,0.1894273127753301,0.1277533039647575,0.1806167400881057
680779,"Davis, Henry",506,0.9051878354203936,389,74.209341779,0.4268774703557313,0.2879177377892031,0.2213438735177865,0.1439588688946015,0.1106719367588932,7.304462134,14,-23.440219212331197,117,0.2312252964426877,181,0.3577075098814229,2026.0,196.0,0.3673469387755104,0.6326530612244898,0.2602040816326531,0.193877551020408,0.1785714285714285,0.5255102040816328,0.3163265306122448,0.1581632653061223,0.2244897959183674,0.1224489795918368,0.0204081632653061,0.3010204081632655,0.193877551020408,0.1377551020408162
700246,"Williams, Carson",71,0.8987341772151899,51,74.207787887,0.352112676056338,0.1764705882352941,0.1267605633802817,0.0588235294117647,0.0422535211267605,7.553689577,2,-5.54202379163447,20,0.2816901408450704,23,0.323943661971831,2026.0,25.0,0.3199999999999999,0.6799999999999999,0.3199999999999999,0.12,0.24,0.24,0.4399999999999999,0.32,0.12,0.08,0.12,0.12,0.3599999999999999,0.2
682626,"Alvarez, Francisco",701,0.9033505154639176,477,74.203841755,0.4293865905848787,0.320754716981132,0.2182596291012838,0.1949685534591195,0.1326676176890157,7.295662468,14,-14.734801002652985,224,0.3195435092724679,236,0.3366619115549215,2026.0,244.0,0.471311475409836,0.528688524590164,0.2581967213114755,0.2008196721311475,0.069672131147541,0.3934426229508198,0.4221311475409836,0.1844262295081967,0.2336065573770493,0.1967213114754098,0.040983606557377,0.1598360655737704,0.2254098360655737,0.1434426229508197
665953,"Chaparro, Andrés",378,0.9021479713603818,274,74.177303016,0.447089947089947,0.2956204379562044,0.2142857142857142,0.1496350364963503,0.1084656084656084,7.330217196,14,1.3159219417056076,104,0.2751322751322751,135,0.3571428571428571,2026.0,141.0,0.4042553191489362,0.595744680851064,0.2836879432624114,0.1914893617021277,0.1205673758865248,0.5035460992907801,0.3049645390070923,0.1914893617021277,0.2269503546099291,0.1418439716312056,0.0354609929078014,0.2765957446808509,0.1631205673758866,0.1560283687943263
683002,"Henderson, Gunnar",1179,0.9013761467889908,927,74.132133427,0.4156064461407973,0.2869471413160733,0.2256149279050042,0.145631067961165,0.1145038167938931,7.32104838,25,-21.14196124896022,252,0.2137404580152671,438,0.371501272264631,2026.0,469.0,0.4413646055437104,0.5586353944562902,0.2601279317697229,0.2324093816631131,0.0660980810234541,0.4264392324093815,0.3539445628997869,0.2196162046908315,0.1982942430703624,0.1855010660980809,0.0575692963752665,0.228144989339019,0.168443496801706,0.162046908315565
547180,"Harper, Bryce",1195,0.9066767830045523,844,74.113786326,0.4535564853556484,0.2890995260663507,0.20418410041841,0.159952606635071,0.1129707112970711,7.330506209,13,-10.64736053035925,351,0.2937238493723849,399,0.3338912133891213,2026.0,429.0,0.4335664335664337,0.5664335664335668,0.2634032634032634,0.258741258741259,0.0442890442890443,0.3916083916083917,0.3752913752913753,0.233100233100233,0.2237762237762237,0.1655011655011654,0.0442890442890442,0.1678321678321679,0.2097902097902098,0.1888111888111887
621439,"Buxton, Byron",691,0.9068241469816272,489,74.089327424,0.4037626628075254,0.2965235173824131,0.2098408104196816,0.1656441717791411,0.1172214182344428,7.982021056,14,-6.551994764161023,202,0.2923299565846599,244,0.3531114327062228,2026.0,272.0,0.334558823529412,0.665441176470588,0.3308823529411763,0.2095588235294116,0.125,0.4816176470588232,0.323529411764706,0.1948529411764704,0.2022058823529412,0.1066176470588235,0.025735294117647,0.2794117647058819,0.2169117647058824,0.1691176470588233
642708,"Rosario, Amed",420,0.8993576017130621,307,74.083006643,0.4119047619047619,0.3029315960912052,0.2214285714285714,0.1661237785016286,0.1214285714285714,7.411393143,4,-6.347377283025917,113,0.269047619047619,155,0.369047619047619,2026.0,173.0,0.4335260115606937,0.5664739884393063,0.254335260115607,0.2485549132947975,0.0635838150289017,0.3641618497109826,0.4046242774566475,0.2312138728323699,0.2138728323699422,0.1791907514450866,0.0404624277456647,0.1502890173410403,0.2254335260115608,0.1907514450867052
686611,"Crews, Dylan",736,0.913151364764268,530,74.077457636,0.3885869565217391,0.2981132075471698,0.2146739130434782,0.1660377358490566,0.1195652173913043,7.583939701,17,-20.81643651913464,206,0.2798913043478261,268,0.3641304347826087,2026.0,295.0,0.393220338983051,0.6067796610169494,0.2779661016949155,0.2576271186440677,0.0711864406779661,0.3322033898305083,0.4576271186440673,0.2101694915254236,0.1966101694915253,0.1661016949152542,0.0305084745762712,0.1355932203389829,0.291525423728813,0.1796610169491524
669004,"Melendez, MJ",256,0.9014084507042254,175,74.067085547,0.4062499999999999,0.3085714285714285,0.2109375,0.1828571428571428,0.125,7.916130977,5,-10.727703583689392,81,0.31640625,69,0.26953125,2026.0,72.0,0.2638888888888889,0.7361111111111113,0.4305555555555556,0.1944444444444445,0.1111111111111111,0.4999999999999999,0.3194444444444446,0.1805555555555556,0.1527777777777778,0.0833333333333333,0.0277777777777777,0.3472222222222221,0.2361111111111112,0.1527777777777778
683748,"Mesa Jr., Victor",425,0.9042553191489362,321,74.065247412,0.3952941176470588,0.2990654205607476,0.2258823529411764,0.1401869158878504,0.1058823529411764,7.903295906,4,-4.110075006208017,104,0.2447058823529412,153,0.36,2026.0,178.0,0.3258426966292133,0.6741573033707864,0.3146067415730336,0.2247191011235955,0.1348314606741573,0.3820224719101125,0.3595505617977528,0.258426966292135,0.1853932584269663,0.0898876404494382,0.0505617977528089,0.1966292134831462,0.2696629213483146,0.207865168539326
686554,"Dunn, Oliver",16,0.8888888888888888,10,74.061013125,0.375,0.2,0.125,0.1,0.0625,7.27459875,0,-1.8210421507554893,6,0.375,4,0.25,2026.0,8.0,0.875,0.125,0.0,0.0,0.125,0.25,0.5,0.25,0.25,0.375,0.25,0.0,0.125,0.0
691777,"Muncy, Max",466,0.9083820662768032,326,74.053243541,0.4549356223175967,0.2699386503067484,0.1888412017167382,0.1595092024539877,0.111587982832618,7.508564313,17,-8.611355719947912,140,0.3004291845493562,145,0.3111587982832618,2026.0,168.0,0.4107142857142856,0.5892857142857144,0.2261904761904761,0.2202380952380954,0.1428571428571429,0.4404761904761904,0.3452380952380952,0.2142857142857142,0.2440476190476191,0.1428571428571428,0.0238095238095238,0.1964285714285712,0.2023809523809524,0.1904761904761904
665052,"Conine, Griffin",524,0.9018932874354562,339,74.050494924,0.4217557251908397,0.3392330383480826,0.2194656488549618,0.2123893805309734,0.1374045801526717,7.472710153,14,1.4150375429017363,185,0.3530534351145038,172,0.3282442748091603,2026.0,183.0,0.4262295081967214,0.5737704918032788,0.2622950819672132,0.2295081967213114,0.0819672131147541,0.4207650273224043,0.3989071038251365,0.180327868852459,0.1967213114754099,0.1857923497267758,0.0437158469945355,0.2240437158469944,0.2131147540983606,0.1366120218579235
667670,"Rooker, Brent",314,0.9127906976744186,199,73.974290987,0.4108280254777072,0.2914572864321608,0.1847133757961783,0.1909547738693467,0.1210191082802547,7.085263312,7,-9.658179246572558,115,0.3662420382165605,104,0.3312101910828025,2026.0,117.0,0.3418803418803416,0.6581196581196583,0.4102564102564104,0.2051282051282051,0.0427350427350427,0.3931623931623931,0.358974358974359,0.2478632478632479,0.1880341880341881,0.1196581196581196,0.0341880341880341,0.205128205128205,0.2393162393162394,0.2136752136752137
699912,"Fernandez, Jose",331,0.9019073569482288,255,73.969504683,0.4290030211480363,0.2980392156862745,0.229607250755287,0.1529411764705882,0.1178247734138972,7.792893353,4,-8.031306845692331,76,0.229607250755287,131,0.3957703927492447,2026.0,158.0,0.4873417721518985,0.5126582278481014,0.1139240506329114,0.2531645569620255,0.1455696202531645,0.4113924050632912,0.3481012658227846,0.240506329113924,0.240506329113924,0.1835443037974684,0.0632911392405063,0.1708860759493672,0.1645569620253162,0.1772151898734177
694374,"Tawa, Tim",565,0.9098228663446056,412,73.963353097,0.3699115044247788,0.3179611650485437,0.231858407079646,0.1699029126213592,0.1238938053097345,7.178830124,14,-15.134750397223154,153,0.2707964601769911,206,0.3646017699115044,2026.0,232.0,0.4310344827586207,0.5689655172413794,0.2672413793103451,0.2370689655172413,0.064655172413793,0.3750000000000002,0.4353448275862067,0.189655172413793,0.2025862068965516,0.1637931034482758,0.064655172413793,0.1724137931034485,0.2715517241379308,0.125
687394,"Brannigan, Jack",3,1.0,0,73.94991,0.3333333333333333,,,,,6.728006667,0,-0.2834191692697553,3,,0,,,,,,,,,,,,,,,,,
683079,"Martinez, Omar",4,0.8,3,73.9474425,0.25,0.3333333333333333,0.25,0.0,0.0,7.6637675,0,-0.1017217667424115,1,0.25,2,0.5,2026.0,2.0,0.5,0.5,0.5,0.0,0.0,0.5,0.5,0.0,0.5,0.0,0.0,0.0,0.5,0.0
804668,"Flores Jr., Rafael",255,0.901060070671378,180,73.944971725,0.3960784313725489,0.3333333333333333,0.2352941176470588,0.1833333333333333,0.1294117647058823,7.487674745,6,4.404042650727783,75,0.2941176470588235,93,0.3647058823529411,2026.0,100.0,0.4400000000000001,0.5599999999999999,0.3699999999999999,0.1799999999999999,0.01,0.4599999999999999,0.3899999999999998,0.15,0.2300000000000001,0.1600000000000001,0.05,0.2299999999999998,0.2299999999999997,0.1
677588,"Tena, José",496,0.9051094890510948,334,73.942464657,0.4193548387096774,0.2994011976047904,0.2016129032258064,0.1826347305389221,0.1229838709677419,7.100014395,10,-10.320066763850392,162,0.3266129032258064,163,0.3286290322580645,2026.0,168.0,0.4880952380952381,0.5119047619047622,0.2083333333333334,0.2500000000000001,0.0535714285714285,0.3214285714285716,0.4107142857142857,0.2678571428571427,0.2023809523809523,0.2380952380952382,0.0476190476190476,0.1190476190476192,0.1726190476190474,0.220238095238095
668952,"Kreidler, Ryan",458,0.899803536345776,329,73.934778734,0.3908296943231442,0.2917933130699088,0.2096069868995633,0.1519756838905775,0.1091703056768559,7.905649651,15,-15.89424341508414,129,0.2816593886462882,172,0.3755458515283842,2026.0,183.0,0.5027322404371584,0.4972677595628416,0.2677595628415301,0.1475409836065574,0.081967213114754,0.4153005464480874,0.4043715846994534,0.1803278688524589,0.2404371584699453,0.2240437158469945,0.0382513661202185,0.1748633879781421,0.1803278688524589,0.1420765027322403
687597,"Beck, Jordan",308,0.9058823529411764,211,73.921856364,0.3863636363636363,0.2322274881516587,0.1590909090909091,0.1137440758293838,0.0779220779220779,7.885044188,3,-14.06640691823535,97,0.3149350649350649,89,0.288961038961039,2026.0,107.0,0.4018691588785046,0.5981308411214953,0.2897196261682241,0.2242990654205607,0.0841121495327102,0.4112149532710281,0.3084112149532711,0.2803738317757012,0.2336448598130842,0.1401869158878505,0.02803738317757,0.1775700934579439,0.1682242990654206,0.2523364485981311
677951,"Witt Jr., Bobby",982,0.9067405355493998,754,73.920088371,0.4175152749490835,0.3607427055702917,0.2769857433808554,0.2082228116710875,0.159877800407332,6.986436008,18,-9.057949736275429,228,0.2321792260692464,416,0.4236252545824847,2026.0,447.0,0.3601789709172259,0.6398210290827744,0.2662192393736019,0.2818791946308726,0.0917225950782997,0.3064876957494405,0.4071588366890381,0.2863534675615212,0.1476510067114092,0.1588366890380311,0.0536912751677852,0.1588366890380313,0.2483221476510069,0.2326621923937359
678246,"Vargas, Miguel",1093,0.9085619285120532,882,73.900946176,0.4236047575480328,0.3253968253968254,0.262580054894785,0.1621315192743764,0.1308325709057639,7.778608317,10,-10.550053384404835,211,0.1930466605672461,434,0.3970722781335773,2026.0,467.0,0.3019271948608137,0.6980728051391863,0.3533190578158458,0.2398286937901499,0.1049250535331905,0.4689507494646681,0.323340471092077,0.2077087794432548,0.184154175588865,0.0877944325481799,0.0299785867237687,0.284796573875803,0.235546038543897,0.1777301927194861
683090,"Lugo, Matthew",28,0.9333333333333332,16,73.869260357,0.5,0.1875,0.1071428571428571,0.0625,0.0357142857142857,7.569395,2,-2.398293848399049,12,0.4285714285714285,8,0.2857142857142857,2026.0,8.0,0.5,0.5,0.125,0.125,0.25,0.5,0.25,0.25,0.375,0.125,0.0,0.125,0.1249999999999999,0.25
670231,"Rave, John",221,0.9094650205761317,170,73.856851041,0.3710407239819004,0.3117647058823529,0.2398190045248869,0.1823529411764705,0.1402714932126696,7.240820181,2,-2.233751680580929,51,0.2307692307692307,91,0.4117647058823529,2026.0,103.0,0.4563106796116505,0.5436893203883496,0.2524271844660194,0.1844660194174757,0.1067961165048543,0.4368932038834952,0.3689320388349513,0.1941747572815534,0.1941747572815534,0.203883495145631,0.058252427184466,0.2427184466019417,0.1650485436893202,0.1359223300970874
695600,"Jensen, Carter",980,0.904059040590406,720,73.841233112,0.3704081632653062,0.3152777777777777,0.2316326530612245,0.1513888888888888,0.1112244897959183,7.137130612,45,-17.92768726801177,260,0.2653061224489796,337,0.3438775510204082,2026.0,360.0,0.3305555555555556,0.6694444444444444,0.3805555555555555,0.1972222222222222,0.0916666666666666,0.4166666666666667,0.3138888888888889,0.2694444444444447,0.1888888888888888,0.1083333333333333,0.0333333333333333,0.2277777777777778,0.2055555555555556,0.2361111111111113
671155,"Johnson, Ivan",28,0.875,15,73.833288929,0.3928571428571428,0.2,0.1071428571428571,0.1333333333333333,0.0714285714285714,7.252222143,0,-2.698315081701136,13,0.4642857142857143,8,0.2857142857142857,2026.0,9.0,0.4444444444444444,0.5555555555555556,0.4444444444444444,0.0,0.1111111111111111,0.3333333333333333,0.3333333333333333,0.3333333333333333,0.2222222222222222,0.2222222222222222,0.0,0.111111111111111,0.1111111111111111,0.3333333333333333
681047,"Franklin, Christian",87,0.9157894736842104,63,73.827315172,0.3908045977011494,0.2539682539682539,0.1839080459770115,0.1111111111111111,0.0804597701149425,7.049536897,3,-5.405199063114702,24,0.2758620689655172,33,0.3793103448275862,2026.0,35.0,0.6285714285714286,0.3714285714285715,0.1428571428571428,0.1142857142857143,0.1142857142857143,0.1428571428571428,0.4857142857142857,0.3714285714285714,0.1142857142857142,0.3714285714285714,0.1428571428571429,0.0285714285714285,0.1142857142857142,0.2285714285714284
622761,"Mateo, Jorge",396,0.9020501138952164,282,73.824582702,0.3737373737373736,0.2446808510638297,0.1742424242424242,0.1205673758865248,0.0858585858585858,7.735879874,11,-12.922210632510946,114,0.2878787878787879,128,0.3232323232323232,2026.0,135.0,0.3777777777777777,0.6222222222222223,0.2888888888888891,0.2592592592592592,0.074074074074074,0.3629629629629632,0.4074074074074074,0.2296296296296296,0.1851851851851852,0.162962962962963,0.0296296296296296,0.1777777777777779,0.2444444444444444,0.2
695020,"Murray, Tanner",42,0.8936170212765957,30,73.817516905,0.3809523809523809,0.4333333333333333,0.3095238095238095,0.2,0.1428571428571428,7.615133095,1,-1.1777752225190576,12,0.2857142857142857,21,0.5,2026.0,23.0,0.4782608695652174,0.5217391304347827,0.3043478260869566,0.0434782608695652,0.1739130434782609,0.3913043478260869,0.3478260869565217,0.2608695652173913,0.2608695652173913,0.1739130434782608,0.0434782608695652,0.1304347826086955,0.1739130434782608,0.217391304347826
677800,"Abreu, Wilyer",1164,0.9058365758754864,898,73.797811469,0.3642611683848797,0.3151447661469933,0.243127147766323,0.1547884187082405,0.1194158075601374,7.183535627,15,-18.94364590787279,266,0.2285223367697594,439,0.377147766323024,2026.0,462.0,0.331168831168831,0.6688311688311684,0.359307359307359,0.2229437229437229,0.0865800865800865,0.3571428571428574,0.3549783549783547,0.2878787878787881,0.168831168831169,0.1255411255411254,0.0367965367965368,0.1883116883116883,0.2294372294372293,0.2510822510822513
677943,"Banfield, Will",33,0.8918918918918919,21,73.793333636,0.2727272727272727,0.238095238095238,0.1515151515151515,0.0476190476190476,0.0303030303030303,7.023418182,0,-2.428833298259243,12,0.3636363636363636,12,0.3636363636363636,2026.0,13.0,0.2307692307692307,0.7692307692307692,0.3076923076923076,0.2307692307692307,0.2307692307692307,0.3846153846153846,0.2307692307692308,0.3846153846153846,0.0769230769230769,0.1538461538461538,0.0,0.3076923076923076,0.0769230769230769,0.3846153846153846
680869,"Gelof, Zack",642,0.9106382978723404,463,73.75854014,0.322429906542056,0.3326133909287257,0.2398753894080997,0.1490280777537797,0.1074766355140186,7.250748084,3,-4.90006364729893,179,0.278816199376947,248,0.3862928348909657,2026.0,286.0,0.4335664335664335,0.5664335664335662,0.3076923076923074,0.1853146853146853,0.0734265734265734,0.3951048951048952,0.398601398601399,0.2062937062937063,0.2167832167832168,0.1853146853146853,0.0314685314685314,0.1783216783216784,0.2132867132867137,0.1748251748251748
676475,"Burleson, Alec",1170,0.9069767441860463,938,73.754130222,0.376068376068376,0.3336886993603412,0.2675213675213675,0.1865671641791045,0.1495726495726495,7.688246299,18,-0.5747762131640988,232,0.1982905982905982,458,0.3914529914529914,2026.0,486.0,0.4465020576131687,0.5534979423868313,0.265432098765432,0.2263374485596708,0.0617283950617284,0.4835390946502058,0.2901234567901239,0.2263374485596707,0.2716049382716048,0.1296296296296296,0.0452674897119341,0.2119341563786009,0.1604938271604942,0.1810699588477365
678545,"Basabe, Osleivis",219,0.9125,171,73.711736712,0.365296803652968,0.2982456140350877,0.2328767123287671,0.1403508771929824,0.1095890410958904,7.285331416,7,-9.330046993569134,48,0.2191780821917808,92,0.4200913242009132,2026.0,102.0,0.4509803921568627,0.5490196078431373,0.2941176470588236,0.2058823529411764,0.0490196078431372,0.4019607843137254,0.392156862745098,0.2058823529411764,0.2156862745098039,0.196078431372549,0.0392156862745098,0.1862745098039215,0.1960784313725489,0.1666666666666666
807727,"McAdoo, Charles",163,0.9055555555555556,125,73.704946135,0.361963190184049,0.24,0.1840490797546012,0.08,0.0613496932515337,7.24553865,0,-5.792155673914503,38,0.2331288343558282,63,0.3865030674846625,2026.0,70.0,0.4142857142857143,0.5857142857142856,0.2285714285714285,0.2571428571428571,0.1,0.2428571428571428,0.4142857142857142,0.3428571428571429,0.1285714285714286,0.2285714285714285,0.0571428571428571,0.1142857142857143,0.1857142857142857,0.2857142857142857
805672,"Price, Collin",25,0.9615384615384616,9,73.682672,0.3599999999999999,0.5555555555555556,0.2,0.1111111111111111,0.04,7.8804416,0,-1.8501287557638613,16,0.64,6,0.24,2026.0,6.0,0.5,0.5,0.3333333333333333,0.1666666666666666,0.0,0.3333333333333333,0.1666666666666666,0.5,0.3333333333333333,0.0,0.1666666666666666,0.0,0.1666666666666666,0.3333333333333333
668901,"Vientos, Mark",513,0.911190053285968,360,73.660590039,0.3372319688109162,0.3361111111111111,0.2358674463937621,0.1916666666666666,0.1345029239766081,7.537724327,15,-12.885652123527874,153,0.2982456140350877,189,0.3684210526315789,2026.0,202.0,0.4306930693069307,0.5693069306930694,0.2970297029702972,0.1782178217821781,0.094059405940594,0.3712871287128712,0.3910891089108908,0.2376237623762375,0.193069306930693,0.1683168316831683,0.0693069306930692,0.1782178217821782,0.2227722772277225,0.1683168316831683
663662,"Cameron, Daz",44,0.8979591836734694,34,73.657902727,0.4090909090909091,0.2352941176470588,0.1818181818181818,0.1176470588235294,0.0909090909090909,6.760453409,0,-1.3666319420836304,10,0.2272727272727272,17,0.3863636363636363,2026.0,18.0,0.2777777777777778,0.7222222222222223,0.2222222222222222,0.3888888888888889,0.1111111111111111,0.2777777777777778,0.3333333333333333,0.3888888888888889,0.1111111111111111,0.0555555555555555,0.1111111111111111,0.1666666666666666,0.2777777777777778,0.2777777777777778
605353,"Machín, Vimael",9,1.0,5,73.655256667,0.2222222222222222,0.4,0.2222222222222222,0.4,0.2222222222222222,7.92468,0,0.5879129379896653,4,0.4444444444444444,4,0.4444444444444444,2026.0,4.0,0.5,0.5,0.0,0.5,0.0,0.75,0.25,0.0,0.5,0.0,0.0,0.25,0.25,0.0
666139,"Lowe, Josh",706,0.9028132992327366,475,73.651516459,0.3569405099150142,0.2421052631578947,0.1628895184135977,0.1010526315789473,0.0679886685552408,7.513266006,10,-29.224910796796756,231,0.3271954674220963,191,0.2705382436260623,2026.0,208.0,0.3461538461538461,0.6538461538461539,0.3413461538461538,0.2307692307692307,0.0817307692307692,0.3413461538461538,0.4038461538461539,0.2548076923076923,0.1682692307692308,0.1442307692307692,0.0336538461538461,0.1730769230769229,0.2596153846153847,0.2211538461538461
701785,"Culpepper, Kaelen",212,0.905982905982906,164,73.651256981,0.3537735849056603,0.25,0.1933962264150943,0.0853658536585365,0.0660377358490566,7.314514481,0,1.2600316849267752,48,0.2264150943396226,76,0.3584905660377358,2026.0,85.0,0.4117647058823529,0.5882352941176471,0.2470588235294117,0.2470588235294118,0.0941176470588235,0.411764705882353,0.4,0.188235294117647,0.2,0.1647058823529412,0.0470588235294117,0.2117647058823529,0.2352941176470588,0.1411764705882353
671056,"Herrera, Iván",1103,0.9048400328137818,896,73.643753445,0.4034451495920216,0.3046875,0.2475067996373526,0.1473214285714285,0.1196736174070716,7.700697924,21,-17.659755328942783,207,0.1876699909338168,437,0.3961922030825022,2026.0,467.0,0.490364025695931,0.5096359743040685,0.197002141327623,0.2269807280513918,0.0856531049250535,0.3790149892933619,0.3982869379014987,0.2226980728051392,0.2119914346895075,0.2012847965738758,0.0770877944325482,0.1670235546038543,0.1970021413276229,0.145610278372591
668709,"Bleday, JJ",866,0.9020833333333332,650,73.617041282,0.3210161662817552,0.3,0.2251732101616628,0.1369230769230769,0.102771362586605,7.296569018,26,-17.99227492584042,216,0.2494226327944572,320,0.3695150115473441,2026.0,344.0,0.2848837209302325,0.7151162790697676,0.3343023255813952,0.2732558139534886,0.1075581395348837,0.4680232558139533,0.3313953488372091,0.2005813953488372,0.1656976744186046,0.0930232558139534,0.0261627906976744,0.3023255813953486,0.2383720930232556,0.1744186046511628
703601,"Clark, Max",291,0.9065420560747663,249,73.60252756,0.3161512027491409,0.285140562248996,0.2439862542955326,0.108433734939759,0.0927835051546391,7.560456701,4,-4.391618262574798,42,0.1443298969072164,124,0.4261168384879725,2026.0,136.0,0.411764705882353,0.5882352941176472,0.2573529411764707,0.2647058823529412,0.0661764705882352,0.3529411764705883,0.3235294117647058,0.3235294117647057,0.2058823529411765,0.1323529411764706,0.0735294117647059,0.1470588235294118,0.1911764705882351,0.2499999999999997
671732,"Butler, Lawrence",876,0.9049586776859504,654,73.578679932,0.3732876712328766,0.2706422018348624,0.2020547945205479,0.1498470948012232,0.1118721461187214,7.015365913,21,-23.58618343685765,222,0.2534246575342466,290,0.3310502283105023,2026.0,331.0,0.5166163141993954,0.4833836858006043,0.2175226586102719,0.217522658610272,0.0483383685800604,0.3655589123867068,0.3625377643504531,0.2719033232628398,0.259818731117825,0.175226586102719,0.0815709969788519,0.1057401812688818,0.187311178247734,0.1903323262839878
669087,"Huff, Sam",66,0.9041095890410958,37,73.556924394,0.3484848484848484,0.2432432432432432,0.1363636363636363,0.1621621621621621,0.0909090909090909,7.838718788,1,-3.5195241412435685,29,0.4393939393939394,13,0.1969696969696969,2026.0,14.0,0.4285714285714285,0.5714285714285714,0.2857142857142857,0.2142857142857143,0.0714285714285714,0.857142857142857,0.1428571428571428,0.0,0.4285714285714285,0.0,0.0,0.4285714285714284,0.1428571428571428,0.0
650490,"Díaz, Yandy",1076,0.9072512647554806,934,73.550020288,0.3847583643122677,0.3383297644539614,0.2936802973977695,0.1980728051391863,0.1719330855018587,7.575905511,12,-0.0299536551450851,142,0.1319702602230483,476,0.4423791821561338,2026.0,518.0,0.5096525096525104,0.4903474903474903,0.194980694980695,0.2393822393822393,0.0559845559845559,0.2297297297297297,0.4691119691119692,0.301158301158301,0.1583011583011582,0.2837837837837837,0.0675675675675676,0.0714285714285715,0.1853281853281854,0.2335907335907334
660821,"Sánchez, Jesús",536,0.9069373942470388,390,73.547313582,0.4328358208955224,0.3102564102564102,0.2257462686567164,0.1666666666666666,0.1212686567164179,6.849219123,3,-19.89446067219497,146,0.2723880597014925,189,0.3526119402985074,2026.0,214.0,0.4439252336448598,0.5560747663551401,0.2710280373831774,0.2196261682242991,0.0654205607476635,0.3177570093457943,0.4205607476635512,0.2616822429906543,0.1682242990654205,0.219626168224299,0.0560747663551401,0.1495327102803737,0.2009345794392521,0.2056074766355141
691781,"House, Brady",574,0.9053627760252366,420,73.545251359,0.3362369337979096,0.3166666666666666,0.2317073170731707,0.1738095238095238,0.127177700348432,7.550013746,10,-12.37989029901562,154,0.2682926829268293,214,0.3728222996515679,2026.0,227.0,0.4669603524229074,0.5330396475770925,0.2687224669603524,0.2290748898678413,0.0352422907488986,0.3127753303964758,0.4317180616740091,0.2555066079295153,0.2114537444933921,0.2114537444933922,0.0440528634361233,0.1013215859030837,0.2202643171806169,0.211453744493392
666181,"Benson, Will",181,0.905,119,73.531456685,0.3756906077348066,0.3025210084033613,0.1988950276243093,0.134453781512605,0.0883977900552486,7.687908729,6,-9.794394850998454,62,0.3425414364640884,55,0.3038674033149171,2026.0,58.0,0.3103448275862069,0.6896551724137933,0.4655172413793104,0.1551724137931034,0.0689655172413793,0.4137931034482758,0.3103448275862069,0.2758620689655172,0.2068965517241379,0.0862068965517241,0.0172413793103448,0.2068965517241379,0.2241379310344827,0.2586206896551724
703197,"Arroyo, Michael",52,0.896551724137931,43,73.519205,0.3461538461538461,0.2790697674418604,0.2307692307692307,0.1162790697674418,0.0961538461538461,7.677640769,0,2.086398827563789,9,0.173076923076923,21,0.4038461538461538,2026.0,24.0,0.375,0.6250000000000001,0.25,0.2916666666666667,0.0833333333333333,0.4583333333333334,0.2916666666666667,0.25,0.2916666666666667,0.0833333333333333,0.0,0.1666666666666667,0.2083333333333333,0.25
664040,"Lowe, Brandon",1172,0.9015384615384616,798,73.512524906,0.3882252559726962,0.3170426065162907,0.2158703071672355,0.1641604010025062,0.1117747440273037,7.080540196,48,-4.136467207567077,374,0.3191126279863481,377,0.3216723549488055,2026.0,398.0,0.3618090452261307,0.6381909547738694,0.3366834170854272,0.236180904522613,0.0653266331658291,0.4623115577889448,0.334170854271357,0.2035175879396984,0.1859296482412059,0.1356783919597991,0.0402010050251256,0.2763819095477389,0.1984924623115579,0.1633165829145728
699024,"Bernal, Leo",153,0.9107142857142856,119,73.506561503,0.2875816993464053,0.3697478991596639,0.2875816993464052,0.2100840336134453,0.1633986928104575,7.408159216,3,1.564315119797457,34,0.2222222222222222,64,0.4183006535947712,2026.0,67.0,0.328358208955224,0.6716417910447762,0.3432835820895523,0.3134328358208955,0.0149253731343283,0.4029850746268656,0.4626865671641791,0.1343283582089552,0.1940298507462687,0.1343283582089552,0.0,0.2089552238805969,0.3283582089552239,0.1343283582089552
686555,"Collins, Isaac",710,0.9021601016518423,573,73.495240662,0.3309859154929577,0.3071553228621291,0.2478873239436619,0.1448516579406631,0.1169014084507042,6.756377028,28,-25.89035886023238,137,0.1929577464788732,304,0.428169014084507,2026.0,323.0,0.4086687306501549,0.591331269349845,0.2569659442724458,0.2291021671826624,0.1052631578947368,0.390092879256966,0.3219814241486068,0.2879256965944272,0.2291021671826625,0.1176470588235294,0.0619195046439628,0.1609907120743035,0.2043343653250774,0.2260061919504643
700652,"Piper, Kenny",22,0.88,14,73.488599545,0.2727272727272727,0.2142857142857142,0.1363636363636363,0.1428571428571428,0.0909090909090909,7.834906818,0,-0.4749103941553146,8,0.3636363636363636,6,0.2727272727272727,2026.0,6.0,0.3333333333333333,0.6666666666666666,0.5,0.0,0.1666666666666666,0.3333333333333333,0.3333333333333333,0.3333333333333333,0.1666666666666666,0.1666666666666666,0.0,0.1666666666666666,0.1666666666666666,0.3333333333333333
672279,"Siani, Michael",1,1.0,1,73.48681,0.0,1.0,1.0,0.0,0.0,6.96189,0,-0.3089208588822177,0,0.0,1,1.0,2026.0,1.0,1.0,0.0,0.0,0.0,0.0,1.0,0.0,0.0,1.0,0.0,0.0,0.0,0.0,0.0
661388,"Contreras, William",930,0.9064327485380116,755,73.48172128,0.3731182795698924,0.3880794701986755,0.3150537634408602,0.1960264900662251,0.1591397849462365,7.236066527,18,-11.896648883578,175,0.1881720430107527,442,0.4752688172043011,2026.0,479.0,0.4070981210855949,0.5929018789144049,0.2546972860125258,0.2505219206680585,0.0876826722338205,0.3653444676409186,0.4029227557411276,0.2317327766179541,0.2025052192066805,0.1732776617954071,0.0313152400835073,0.1628392484342381,0.2296450939457205,0.2004175365344468
680777,"Jeffers, Ryan",543,0.900497512437811,459,73.47291989,0.406998158379374,0.3246187363834422,0.2744014732965009,0.1481481481481481,0.1252302025782689,7.214086501,16,-0.4618649739996865,84,0.154696132596685,234,0.430939226519337,2026.0,251.0,0.390438247011952,0.6095617529880479,0.2868525896414344,0.2310756972111554,0.0916334661354581,0.3904382470119521,0.342629482071713,0.2669322709163346,0.1832669322709163,0.1394422310756971,0.0677290836653386,0.2071713147410357,0.2031872509960159,0.199203187250996
642350,"Siri, Jose",428,0.9029535864978904,274,73.466399766,0.383177570093458,0.2591240875912409,0.1658878504672897,0.1605839416058394,0.102803738317757,7.726446916,9,-8.308657198015947,154,0.3598130841121495,125,0.2920560747663551,2026.0,147.0,0.4217687074829933,0.5782312925170068,0.3129251700680271,0.2108843537414965,0.054421768707483,0.4353741496598639,0.3265306122448979,0.238095238095238,0.217687074829932,0.1428571428571429,0.0612244897959183,0.2176870748299318,0.183673469387755,0.1768707482993196
542303,"Ozuna, Marcell",472,0.9042145593869731,328,73.463952013,0.3686440677966101,0.2926829268292683,0.2033898305084746,0.1280487804878048,0.0889830508474576,7.475611419,4,-23.72727415083401,144,0.3050847457627119,156,0.3305084745762712,2026.0,171.0,0.3391812865497075,0.6608187134502926,0.2807017543859649,0.2631578947368423,0.1169590643274854,0.3801169590643275,0.3567251461988303,0.2631578947368419,0.1988304093567252,0.1052631578947368,0.0350877192982456,0.1812865497076023,0.2514619883040935,0.2280701754385963
669288,"Johnson, Daniel",20,0.9090909090909092,16,73.459043,0.3,0.4375,0.35,0.125,0.1,7.41687,0,-2.31980555146421,4,0.2,10,0.5,2026.0,11.0,0.5454545454545454,0.4545454545454546,0.0909090909090909,0.1818181818181818,0.1818181818181818,0.4545454545454546,0.3636363636363636,0.1818181818181818,0.2727272727272727,0.1818181818181818,0.0909090909090909,0.1818181818181818,0.1818181818181818,0.0909090909090909
687952,"Encarnacion-Strand, Christian",411,0.9133333333333332,298,73.446570827,0.3381995133819951,0.2449664429530201,0.1776155717761557,0.1174496644295302,0.0851581508515815,7.388747762,7,-0.4656630854039997,113,0.2749391727493917,125,0.3041362530413625,2026.0,143.0,0.3496503496503494,0.6503496503496504,0.3146853146853148,0.2447552447552446,0.0909090909090909,0.4545454545454547,0.3216783216783215,0.223776223776224,0.1748251748251748,0.1188811188811189,0.0559440559440559,0.2797202797202798,0.2027972027972026,0.167832167832168
669357,"Gorman, Nolan",535,0.9021922428330524,341,73.437957065,0.3308411214953271,0.2903225806451613,0.1850467289719626,0.1524926686217008,0.0971962616822429,7.648595757,9,-22.820487283409992,194,0.3626168224299065,155,0.2897196261682243,2026.0,170.0,0.3294117647058823,0.6705882352941178,0.3764705882352942,0.223529411764706,0.0705882352941176,0.4588235294117647,0.2941176470588236,0.2470588235294118,0.1882352941176471,0.1117647058823529,0.0294117647058823,0.2705882352941176,0.1823529411764706,0.2176470588235295
805811,"Eldridge, Bryce",730,0.9136420525657072,544,73.417615712,0.3438356164383561,0.3198529411764705,0.2383561643835616,0.1856617647058823,0.1383561643835616,7.378773068,9,-2.637842672748375,186,0.2547945205479452,249,0.3410958904109589,2026.0,270.0,0.392592592592593,0.6074074074074075,0.3037037037037038,0.2629629629629629,0.0407407407407407,0.3777777777777779,0.374074074074074,0.2481481481481481,0.2185185185185186,0.1185185185185185,0.0555555555555555,0.1592592592592593,0.2555555555555555,0.1925925925925925
621043,"Correa, Carlos",232,0.9098039215686274,180,73.405211983,0.3879310344827585,0.2833333333333333,0.2198275862068965,0.1666666666666666,0.1293103448275862,7.217647198,1,-4.393640108323558,52,0.2241379310344827,87,0.375,2026.0,97.0,0.4742268041237114,0.5257731958762887,0.1649484536082474,0.3195876288659794,0.0412371134020618,0.4020618556701033,0.2989690721649485,0.2989690721649484,0.2061855670103093,0.134020618556701,0.134020618556701,0.1958762886597939,0.1649484536082475,0.1649484536082474
676356,"DeLuca, Jonny",602,0.9052631578947368,465,73.393268007,0.3388704318936876,0.2580645161290322,0.1993355481727574,0.1311827956989247,0.101328903654485,7.826527674,10,-3.2099211904998666,137,0.2275747508305647,239,0.3970099667774086,2026.0,268.0,0.4328358208955224,0.5671641791044777,0.208955223880597,0.2126865671641792,0.1455223880597015,0.4477611940298509,0.3097014925373134,0.2425373134328359,0.246268656716418,0.1567164179104477,0.0298507462686567,0.2014925373134329,0.1529850746268656,0.2126865671641792
701538,"Merrill, Jackson",1169,0.91328125,864,73.384195261,0.3173652694610778,0.3090277777777778,0.2284003421727972,0.1643518518518518,0.1214713430282292,7.523197143,23,-21.43334436591629,305,0.2609067579127459,392,0.3353293413173652,2026.0,458.0,0.3689956331877727,0.6310043668122275,0.2991266375545856,0.2772925764192139,0.0545851528384279,0.3820960698689958,0.3515283842794764,0.2663755458515283,0.1965065502183405,0.1288209606986899,0.0436681222707423,0.1855895196506553,0.2227074235807865,0.2227074235807859
677956,"Hinds, Rece",134,0.91156462585034,74,73.379727313,0.3656716417910448,0.2297297297297297,0.126865671641791,0.1216216216216216,0.0671641791044776,7.73379209,4,-7.768395374189625,60,0.4477611940298507,31,0.2313432835820895,2026.0,33.0,0.3939393939393938,0.6060606060606061,0.2424242424242424,0.2727272727272727,0.0909090909090909,0.2727272727272728,0.3636363636363636,0.3636363636363637,0.1818181818181818,0.0909090909090909,0.1212121212121212,0.090909090909091,0.2727272727272727,0.2424242424242424
687749,"Bowen, Jase",146,0.929936305732484,84,73.334053014,0.2808219178082192,0.2738095238095238,0.1575342465753424,0.0714285714285714,0.0410958904109589,7.940187192,2,-6.622117591904684,62,0.4246575342465753,38,0.2602739726027397,2026.0,55.0,0.4545454545454546,0.5454545454545455,0.3090909090909091,0.2181818181818182,0.0181818181818181,0.4727272727272725,0.3272727272727272,0.2,0.3272727272727272,0.0727272727272727,0.0545454545454545,0.1454545454545453,0.2545454545454545,0.1454545454545454
687401,"Ortiz, Joey",613,0.9054652880354506,503,73.317382838,0.3327895595432301,0.3220675944333996,0.2642740619902121,0.147117296222664,0.1207177814029363,7.511541093,6,-6.64700518658347,110,0.1794453507340946,265,0.432300163132137,2026.0,298.0,0.503355704697986,0.4966442953020136,0.2013422818791947,0.2315436241610739,0.0637583892617449,0.3288590604026846,0.3993288590604029,0.2718120805369128,0.2248322147651006,0.1979865771812081,0.0805369127516778,0.1040268456375839,0.2013422818791947,0.191275167785235
673548,"Suzuki, Seiya",983,0.9010082493125572,768,73.297189349,0.363173957273652,0.2760416666666667,0.2156663275686673,0.1419270833333333,0.1108850457782299,7.217079491,22,-3.946744777816378,215,0.2187182095625635,371,0.3774160732451678,2026.0,393.0,0.3587786259541982,0.6412213740458015,0.3078880407124683,0.2493638676844782,0.083969465648855,0.4096692111959288,0.3486005089058524,0.2417302798982187,0.2010178117048345,0.1246819338422392,0.0330788804071246,0.2086513994910942,0.2239185750636131,0.208651399491094
595879,"Báez, Javier",337,0.913279132791328,244,73.293437656,0.3204747774480712,0.2991803278688524,0.2166172106824926,0.1311475409836065,0.0949554896142433,8.569341662,3,-10.078646403696668,93,0.2759643916913946,136,0.4035608308605341,2026.0,144.0,0.5138888888888888,0.4861111111111111,0.2013888888888889,0.2013888888888888,0.0833333333333333,0.423611111111111,0.3958333333333336,0.1805555555555556,0.2499999999999999,0.2222222222222222,0.0416666666666666,0.1736111111111111,0.1736111111111113,0.138888888888889
663604,"Lockridge, Brandon",182,0.900990099009901,130,73.286664066,0.4010989010989011,0.2230769230769231,0.1593406593406593,0.1538461538461538,0.1098901098901098,7.018015385,3,-3.460364340016137,52,0.2857142857142857,62,0.3406593406593406,2026.0,68.0,0.7205882352941179,0.2794117647058824,0.1176470588235294,0.1323529411764706,0.0294117647058823,0.2794117647058824,0.4558823529411765,0.2647058823529412,0.2794117647058824,0.3088235294117648,0.1323529411764706,0.0,0.1470588235294117,0.1323529411764706
691002,"Morales, Yohandy",76,0.9047619047619048,51,73.258208684,0.3289473684210526,0.3333333333333333,0.2236842105263158,0.2745098039215686,0.1842105263157894,7.518331842,2,3.2575716526835703,25,0.3289473684210526,27,0.3552631578947368,2026.0,31.0,0.4516129032258065,0.5483870967741936,0.3225806451612903,0.1290322580645161,0.0967741935483871,0.4516129032258063,0.2903225806451613,0.2580645161290322,0.2903225806451613,0.1290322580645161,0.032258064516129,0.161290322580645,0.1612903225806452,0.2258064516129032
695257,"Cook, Billy",94,0.903846153846154,64,73.242944362,0.2765957446808511,0.265625,0.1808510638297872,0.046875,0.0319148936170212,7.658678191,1,-4.483379348880783,30,0.3191489361702128,26,0.2765957446808511,2026.0,31.0,0.3870967741935484,0.6129032258064517,0.2903225806451613,0.1290322580645161,0.1935483870967742,0.2903225806451612,0.3548387096774194,0.3548387096774194,0.1935483870967742,0.064516129032258,0.1290322580645161,0.096774193548387,0.2903225806451613,0.2258064516129032
663457,"Nootbaar, Lars",451,0.9111111111111112,373,73.241735676,0.3458980044345898,0.3806970509383378,0.3148558758314856,0.1876675603217158,0.155210643015521,6.847146098,10,-11.35997954586112,78,0.1729490022172949,195,0.4323725055432372,2026.0,215.0,0.4651162790697676,0.5348837209302326,0.2837209302325582,0.2186046511627906,0.0325581395348837,0.3999999999999999,0.3720930232558138,0.227906976744186,0.2744186046511628,0.1348837209302327,0.055813953488372,0.1255813953488371,0.237209302325581,0.1720930232558139
664238,"Moore, Dylan",30,0.9090909090909092,22,73.236560667,0.2666666666666667,0.1363636363636363,0.1,0.0454545454545454,0.0333333333333333,7.191669333,1,-3.030219271653124,8,0.2666666666666666,6,0.2,2026.0,6.0,0.0,1.0,0.5,0.1666666666666666,0.3333333333333333,0.0,0.8333333333333334,0.1666666666666666,0.0,0.0,0.0,0.0,0.8333333333333334,0.1666666666666666
663330,"Jones, Jahmai",293,0.9099378881987578,190,73.21425686,0.3447098976109215,0.3,0.1945392491467577,0.1736842105263158,0.1126279863481228,7.672570956,5,-8.085480400089745,103,0.3515358361774744,92,0.3139931740614334,2026.0,100.0,0.3199999999999999,0.6800000000000003,0.3000000000000001,0.2700000000000001,0.11,0.5299999999999998,0.33,0.14,0.2200000000000001,0.09,0.01,0.3099999999999997,0.24,0.13
694249,"Carrigg, Cole",617,0.9046920821114368,479,73.200031199,0.3468395461912479,0.2442588726513569,0.1896272285251215,0.1210855949895615,0.0940032414910859,7.48536953,18,-6.762162912397541,138,0.2236628849270664,213,0.3452188006482982,2026.0,244.0,0.377049180327869,0.6229508196721314,0.2909836065573771,0.2622950819672132,0.0696721311475409,0.4754098360655737,0.3196721311475409,0.2049180327868852,0.2172131147540983,0.1188524590163934,0.040983606557377,0.2581967213114754,0.2008196721311475,0.1639344262295082
592885,"Yelich, Christian",782,0.9030023094688222,555,73.17279789,0.3107416879795396,0.3009009009009009,0.2135549872122762,0.1405405405405405,0.0997442455242966,7.60283633,11,-30.84190415122167,227,0.2902813299232736,273,0.3491048593350384,2026.0,309.0,0.5598705501618118,0.4401294498381878,0.197411003236246,0.2200647249190938,0.0226537216828479,0.3495145631067961,0.3721682847896438,0.2783171521035599,0.2718446601941747,0.2200647249190939,0.0679611650485437,0.0776699029126213,0.1521035598705499,0.2103559870550161
543807,"Springer, George",859,0.90041928721174,683,73.156431711,0.3538998835855646,0.3060029282576866,0.2433061699650756,0.1434846266471449,0.1140861466821886,7.450987939,28,-11.068268484911409,176,0.2048894062863795,344,0.4004656577415599,2026.0,368.0,0.4510869565217391,0.548913043478261,0.2581521739130434,0.2228260869565217,0.0679347826086957,0.4239130434782608,0.3532608695652173,0.2228260869565216,0.2472826086956519,0.1657608695652173,0.0380434782608695,0.1766304347826088,0.1875,0.1847826086956521
679529,"Torkelson, Spencer",977,0.9029574861367836,699,73.144448598,0.2569089048106448,0.2989985693848355,0.2139201637666325,0.1402002861230329,0.1003070624360286,7.730175977,24,-18.11628151619293,278,0.2845445240532241,327,0.3346980552712384,2026.0,335.0,0.3134328358208956,0.6865671641791048,0.3611940298507462,0.2537313432835824,0.0716417910447761,0.4805970149253735,0.2895522388059702,0.2298507462686566,0.1791044776119404,0.0805970149253731,0.053731343283582,0.301492537313433,0.208955223880597,0.1761194029850745
680664,"Valencia, Eduardo",241,0.909433962264151,176,73.143802241,0.3112033195020748,0.3295454545454545,0.2406639004149377,0.1818181818181818,0.1327800829875518,7.928545934,2,7.06625787462588,65,0.2697095435684647,82,0.3402489626556016,2026.0,91.0,0.4065934065934066,0.5934065934065934,0.2197802197802198,0.3076923076923077,0.0659340659340659,0.4175824175824175,0.3626373626373627,0.2197802197802198,0.1868131868131868,0.1318681318681318,0.0879120879120879,0.2307692307692307,0.2307692307692308,0.1318681318681319
676724,"Young, Jared",560,0.9105691056910568,433,73.138915732,0.325,0.3510392609699769,0.2714285714285714,0.1893764434180138,0.1464285714285714,7.203006536,10,-11.24525095410489,127,0.2267857142857142,228,0.4071428571428571,2026.0,248.0,0.4798387096774194,0.5201612903225806,0.2338709677419354,0.2177419354838709,0.0685483870967741,0.4274193548387097,0.4072580645161291,0.1653225806451612,0.2419354838709675,0.2056451612903226,0.032258064516129,0.1854838709677421,0.2016129032258065,0.1330645161290322
828599,"Spence, Lucas",86,0.8958333333333334,51,73.136315116,0.3023255813953487,0.3725490196078431,0.2209302325581395,0.2156862745098039,0.127906976744186,6.968765465,1,-2.129410848052624,35,0.4069767441860465,27,0.313953488372093,2026.0,29.0,0.4827586206896553,0.5172413793103449,0.2413793103448276,0.2413793103448276,0.0344827586206896,0.517241379310345,0.3103448275862069,0.1724137931034483,0.3448275862068965,0.1379310344827586,0.0,0.1724137931034484,0.1724137931034482,0.1724137931034483
642201,"White, Eli",369,0.902200488997555,277,73.120221978,0.2953929539295393,0.2418772563176895,0.1815718157181571,0.1046931407942238,0.078590785907859,7.262597425,7,-5.069347055226727,92,0.2493224932249322,132,0.3577235772357723,2026.0,147.0,0.5170068027210885,0.4829931972789116,0.2448979591836735,0.1972789115646258,0.0408163265306122,0.3673469387755101,0.3741496598639456,0.2585034013605442,0.2448979591836733,0.1904761904761905,0.0816326530612244,0.1224489795918367,0.183673469387755,0.1768707482993197
592663,"Realmuto, J.T.",736,0.9064039408866996,567,73.101518777,0.3233695652173913,0.3403880070546737,0.2622282608695652,0.128747795414462,0.0991847826086956,7.40570053,12,-32.53712633420613,169,0.2296195652173913,281,0.3817934782608695,2026.0,315.0,0.4222222222222221,0.5777777777777775,0.2698412698412696,0.2603174603174603,0.0476190476190476,0.4190476190476191,0.3365079365079364,0.2444444444444445,0.2507936507936508,0.1238095238095238,0.0476190476190476,0.1682539682539682,0.2126984126984125,0.1968253968253969
669236,"Jackson, Jeremiah",531,0.9045996592844976,391,73.094542392,0.3050847457627119,0.329923273657289,0.2429378531073446,0.1483375959079284,0.1092278719397363,7.533406836,18,-17.377117549724154,140,0.263653483992467,197,0.3709981167608286,2026.0,212.0,0.5047169811320751,0.4952830188679246,0.2311320754716981,0.1933962264150944,0.070754716981132,0.4056603773584906,0.3537735849056604,0.2405660377358491,0.2735849056603773,0.1745283018867924,0.0566037735849056,0.1320754716981132,0.179245283018868,0.1839622641509434
669360,"Cruz, Trei",8,0.8888888888888888,5,73.05634375,0.375,0.4,0.25,0.0,0.0,7.13007375,0,-0.9453757274926244,3,0.375,2,0.25,2026.0,2.0,0.5,0.5,0.5,0.0,0.0,0.5,0.0,0.5,0.5,0.0,0.0,0.0,0.0,0.5
672960,"Okamoto, Kazuma",1102,0.9010629599345872,777,73.055293848,0.3348457350272232,0.3204633204633205,0.2259528130671506,0.1505791505791505,0.1061705989110707,7.911536352,32,-11.299938742239233,325,0.2949183303085299,368,0.3339382940108893,2026.0,386.0,0.3601036269430054,0.6398963730569948,0.3393782383419688,0.2046632124352331,0.0958549222797927,0.5103626943005178,0.3031088082901554,0.1865284974093264,0.2409326424870465,0.0906735751295336,0.0284974093264248,0.2694300518134713,0.2124352331606218,0.1580310880829015
669720,"Hays, Austin",180,0.9045226130653268,120,73.011492889,0.261111111111111,0.3333333333333333,0.2222222222222222,0.1333333333333333,0.0888888888888888,7.288796889,7,-2.0592220027337973,60,0.3333333333333333,67,0.3722222222222222,2026.0,71.0,0.5070422535211266,0.4929577464788735,0.1549295774647888,0.3098591549295776,0.028169014084507,0.52112676056338,0.2535211267605633,0.2253521126760564,0.2816901408450704,0.1830985915492958,0.0422535211267605,0.2394366197183096,0.0704225352112675,0.1830985915492958
694728,"Matthews, Brice",378,0.908653846153846,234,73.005892778,0.2989417989417989,0.2905982905982906,0.1798941798941798,0.141025641025641,0.0873015873015873,7.328578016,8,-20.168659088717124,144,0.3809523809523809,120,0.3174603174603174,2026.0,143.0,0.5034965034965035,0.4965034965034965,0.2377622377622377,0.1818181818181818,0.0769230769230769,0.3426573426573426,0.4825174825174827,0.1748251748251748,0.2237762237762238,0.2237762237762236,0.0559440559440559,0.1188811188811187,0.2587412587412591,0.1188811188811189
682928,"Abrams, CJ",1143,0.9028436018957346,821,72.971422152,0.2782152230971128,0.3215590742996346,0.2309711286089238,0.1449451887941534,0.1041119860017497,7.70871063,30,-0.8333633196749353,322,0.2817147856517935,392,0.3429571303587052,2026.0,422.0,0.3649289099526067,0.6350710900473937,0.2867298578199052,0.2345971563981044,0.1137440758293839,0.4502369668246447,0.3222748815165874,0.2274881516587677,0.1966824644549763,0.1398104265402844,0.0284360189573459,0.2535545023696683,0.182464454976303,0.1990521327014217
665750,"Taveras, Leody",768,0.9056603773584906,583,72.965645026,0.2916666666666667,0.2727272727272727,0.20703125,0.111492281303602,0.0846354166666666,7.439405221,9,-23.952556742743017,185,0.2408854166666666,274,0.3567708333333333,2026.0,316.0,0.4272151898734178,0.572784810126582,0.2563291139240504,0.2341772151898733,0.0822784810126582,0.3670886075949366,0.3860759493670885,0.2468354430379747,0.1930379746835442,0.1772151898734177,0.0569620253164557,0.1740506329113924,0.2088607594936707,0.189873417721519
676551,"Hicklen, Brewer",72,0.9113924050632912,41,72.962398056,0.2916666666666666,0.3170731707317073,0.1805555555555555,0.1463414634146341,0.0833333333333333,7.701242083,0,-0.9185512172512378,31,0.4305555555555556,18,0.25,2026.0,19.0,0.4210526315789473,0.5789473684210527,0.2105263157894736,0.3157894736842105,0.0526315789473684,0.6315789473684212,0.3684210526315788,0.0,0.368421052631579,0.0526315789473684,0.0,0.2631578947368422,0.3157894736842104,0.0
696135,"Watson, Kahlil",162,0.9,110,72.962146235,0.271604938271605,0.3,0.2037037037037037,0.1272727272727272,0.0864197530864197,7.635052531,5,-3.963181460543582,52,0.3209876543209876,54,0.3333333333333333,2026.0,56.0,0.4821428571428572,0.5178571428571429,0.25,0.2321428571428571,0.0357142857142857,0.3571428571428572,0.3749999999999999,0.2678571428571429,0.2142857142857143,0.1785714285714285,0.0892857142857143,0.1428571428571429,0.1964285714285713,0.1785714285714286
681624,"Pages, Andy",972,0.9025069637883008,789,72.957634177,0.2839506172839506,0.302915082382763,0.2458847736625514,0.1356147021546261,0.1100823045267489,7.646707479,14,-7.952695115369729,183,0.1882716049382716,384,0.3950617283950617,2026.0,400.0,0.375,0.625,0.2725000000000002,0.2699999999999998,0.0825,0.3750000000000002,0.35,0.2749999999999999,0.19,0.1425,0.0425,0.1850000000000001,0.2074999999999999,0.2324999999999999
669134,"Campusano, Luis",383,0.8990610328638498,299,72.93759295,0.3002610966057442,0.2675585284280936,0.2088772845953002,0.1137123745819397,0.0887728459530026,7.863604595,17,-6.291403834424742,84,0.2193211488250653,139,0.3629242819843342,2026.0,161.0,0.3726708074534161,0.6273291925465838,0.2422360248447204,0.248447204968944,0.1366459627329193,0.4161490683229815,0.3540372670807454,0.2298136645962733,0.1863354037267081,0.1366459627329192,0.0496894409937888,0.2298136645962734,0.2173913043478262,0.1801242236024844
662139,"Varsho, Daulton",905,0.9086345381526104,716,72.925182575,0.281767955801105,0.2583798882681564,0.2044198895027624,0.0991620111731843,0.0784530386740331,7.717588729,4,-34.01585323214735,189,0.2088397790055248,335,0.3701657458563536,2026.0,378.0,0.3941798941798941,0.6058201058201058,0.2883597883597883,0.2195767195767195,0.0978835978835979,0.3809523809523809,0.3941798941798942,0.2248677248677248,0.1957671957671957,0.1402116402116403,0.0582010582010581,0.1851851851851851,0.2539682539682539,0.1666666666666666
656577,"Jackson, Alex",128,0.9014084507042254,89,72.919503047,0.296875,0.2134831460674157,0.1484375,0.0786516853932584,0.0546875,7.30647375,2,-4.5433210138665725,39,0.3046875,36,0.28125,2026.0,45.0,0.5333333333333334,0.4666666666666668,0.2444444444444445,0.2,0.0222222222222222,0.4444444444444443,0.3999999999999998,0.1555555555555555,0.2666666666666667,0.1999999999999999,0.0666666666666666,0.1777777777777776,0.1999999999999998,0.0888888888888888
672284,"Kelenic, Jarred",135,0.9121621621621622,83,72.905173333,0.2814814814814815,0.3373493975903614,0.2074074074074074,0.216867469879518,0.1333333333333333,7.372969111,4,-6.292431664686831,52,0.3851851851851852,41,0.3037037037037037,2026.0,42.0,0.4523809523809523,0.5476190476190477,0.3333333333333333,0.2142857142857143,0.0,0.2619047619047618,0.4761904761904762,0.2619047619047619,0.1666666666666666,0.2619047619047619,0.0238095238095238,0.0952380952380951,0.2142857142857143,0.2380952380952381
664056,"Bader, Harrison",203,0.9144144144144144,142,72.87897601,0.3793103448275863,0.323943661971831,0.2266009852216748,0.1197183098591549,0.083743842364532,7.234788276,6,-8.463578525800445,61,0.3004926108374384,71,0.3497536945812808,2026.0,73.0,0.4794520547945205,0.5205479452054796,0.2191780821917809,0.2191780821917809,0.0821917808219178,0.4657534246575343,0.2876712328767125,0.2465753424657534,0.2054794520547945,0.1780821917808219,0.0958904109589041,0.2602739726027397,0.1095890410958906,0.1506849315068493
657136,"Wong, Connor",374,0.9144254278728606,283,72.873327299,0.2914438502673796,0.2685512367491166,0.2032085561497326,0.1236749116607773,0.0935828877005347,7.420439385,10,-14.951658390977371,91,0.2433155080213903,139,0.3716577540106952,2026.0,157.0,0.4649681528662421,0.535031847133758,0.2484076433121018,0.197452229299363,0.089171974522293,0.4140127388535029,0.3503184713375797,0.2356687898089173,0.2356687898089172,0.1656050955414014,0.0636942675159235,0.1783439490445856,0.1847133757961783,0.1719745222929937
596019,"Lindor, Francisco",788,0.9026345933562429,605,72.871608617,0.2842639593908629,0.3454545454545454,0.2652284263959391,0.1438016528925619,0.1104060913705583,7.650912957,14,-19.701365039687047,183,0.232233502538071,289,0.366751269035533,2026.0,317.0,0.3501577287066245,0.6498422712933752,0.3406940063091482,0.2302839116719242,0.0788643533123028,0.4542586750788642,0.3154574132492114,0.2302839116719242,0.198738170347003,0.1198738170347002,0.0315457413249211,0.2555205047318611,0.1955835962145112,0.198738170347003
656582,"Joe, Connor",75,0.9036144578313252,59,72.870881333,0.3866666666666667,0.2711864406779661,0.2133333333333333,0.135593220338983,0.1066666666666666,7.329478933,2,-2.5560844488463177,16,0.2133333333333333,24,0.32,2026.0,24.0,0.3333333333333333,0.6666666666666666,0.3333333333333333,0.2916666666666667,0.0416666666666666,0.4166666666666667,0.3333333333333333,0.25,0.2083333333333333,0.125,0.0,0.2083333333333333,0.2083333333333333,0.25
665862,"Chisholm Jr., Jazz",869,0.9033264033264032,623,72.861864591,0.2819332566168009,0.3242375601926163,0.2324510932105868,0.1444622792937399,0.1035673187571921,7.855657894,15,-22.21844598638568,246,0.2830840046029919,288,0.3314154200230149,2026.0,318.0,0.421383647798742,0.5786163522012581,0.2893081761006291,0.20125786163522,0.0880503144654088,0.5094339622641507,0.3113207547169811,0.1792452830188679,0.2767295597484278,0.1132075471698113,0.0314465408805031,0.2327044025157229,0.1981132075471697,0.1477987421383648
640459,"Navarreto, Brian",107,0.8991596638655462,71,72.84690514,0.1775700934579439,0.2112676056338028,0.1401869158878504,0.0985915492957746,0.0654205607476635,7.844479252,2,-5.854491433758693,36,0.3364485981308411,29,0.2710280373831775,2026.0,34.0,0.5294117647058824,0.4705882352941177,0.2058823529411765,0.1176470588235294,0.1470588235294118,0.5294117647058824,0.1470588235294117,0.3235294117647058,0.3823529411764706,0.0294117647058823,0.1176470588235294,0.1470588235294117,0.1176470588235294,0.2058823529411763
686780,"Pagés, Pedro",374,0.9099756690997568,273,72.83659746,0.2459893048128342,0.238095238095238,0.1737967914438502,0.1098901098901098,0.0802139037433155,7.175217567,9,-15.895045121932124,101,0.2700534759358289,124,0.3315508021390374,2026.0,138.0,0.4492753623188406,0.5507246376811595,0.2753623188405797,0.1739130434782609,0.1014492753623188,0.3840579710144927,0.3695652173913042,0.246376811594203,0.217391304347826,0.181159420289855,0.0507246376811594,0.1666666666666666,0.1884057971014491,0.1956521739130436
650489,"Castro, Willi",879,0.9015384615384616,622,72.818255392,0.2775881683731512,0.2491961414790997,0.1763367463026166,0.1254019292604501,0.0887372013651877,7.333180114,11,-15.58654659489465,257,0.2923777019340159,270,0.3071672354948805,2026.0,301.0,0.3887043189368773,0.6112956810631232,0.3122923588039868,0.2325581395348838,0.0664451827242525,0.4451827242524918,0.3421926910299004,0.2126245847176081,0.2026578073089702,0.1495016611295681,0.0365448504983388,0.2425249169435215,0.1926910299003323,0.1760797342192692
672275,"Bailey, Patrick",575,0.905511811023622,429,72.807905722,0.3043478260869564,0.3123543123543124,0.2330434782608695,0.1305361305361305,0.097391304347826,7.346663757,14,-25.74762041606771,146,0.2539130434782609,205,0.3565217391304348,2026.0,221.0,0.4298642533936652,0.5701357466063348,0.2579185520361991,0.253393665158371,0.0588235294117647,0.3574660633484164,0.3981900452488687,0.2443438914027149,0.2036199095022625,0.1719457013574661,0.0542986425339366,0.1538461538461539,0.2262443438914025,0.1900452488687782
681987,"Eaton, Nate",104,0.9043478260869564,71,72.801597788,0.2307692307692308,0.2112676056338028,0.1442307692307692,0.0845070422535211,0.0576923076923076,7.505595192,1,-4.967205801302521,33,0.3173076923076923,30,0.2884615384615384,2026.0,33.0,0.3030303030303031,0.6969696969696969,0.2424242424242424,0.3333333333333333,0.1212121212121212,0.515151515151515,0.2727272727272727,0.2121212121212121,0.2121212121212121,0.0303030303030303,0.0606060606060606,0.3030303030303028,0.2424242424242423,0.1515151515151515
668804,"Reynolds, Bryan",1125,0.9036144578313252,849,72.790867511,0.2995555555555556,0.3286219081272085,0.248,0.1707891637220259,0.1288888888888889,6.973864107,52,-14.842630441203989,276,0.2453333333333333,408,0.3626666666666667,2026.0,432.0,0.4606481481481483,0.5393518518518516,0.2708333333333331,0.2407407407407407,0.0277777777777777,0.3842592592592591,0.3611111111111112,0.2546296296296297,0.222222222222222,0.1782407407407408,0.0601851851851851,0.162037037037037,0.1828703703703704,0.1944444444444445
663609,"Baker, Luken",7,0.875,4,72.784992857,0.1428571428571428,0.25,0.1428571428571428,0.25,0.1428571428571428,8.361607143,0,-0.4443345430941708,3,0.4285714285714285,2,0.2857142857142857,2026.0,2.0,0.0,1.0,0.5,0.5,0.0,0.0,1.0,0.0,0.0,0.0,0.0,0.0,1.0,0.0
676572,"Wagaman, Eric",86,0.8958333333333334,62,72.776942442,0.313953488372093,0.2903225806451613,0.2093023255813953,0.1451612903225806,0.1046511627906976,7.066431163,2,-1.703694373464353,24,0.2790697674418604,32,0.3720930232558139,2026.0,35.0,0.4857142857142858,0.5142857142857142,0.1714285714285714,0.3142857142857141,0.0285714285714285,0.3714285714285714,0.4,0.2285714285714285,0.2285714285714286,0.1428571428571428,0.1142857142857143,0.1428571428571428,0.2571428571428571,0.1142857142857142
671218,"Ramos, Heliot",781,0.9028901734104048,571,72.775717862,0.2893725992317543,0.3274956217162872,0.2394366197183098,0.180385288966725,0.1318822023047375,6.866257478,17,-15.658846273868363,210,0.2688860435339308,272,0.3482714468629961,2026.0,285.0,0.5052631578947371,0.4947368421052632,0.2385964912280703,0.231578947368421,0.0245614035087719,0.3403508771929824,0.4175438596491226,0.2421052631578948,0.2385964912280701,0.2280701754385965,0.0385964912280701,0.1017543859649122,0.1894736842105261,0.2035087719298246
669224,"Wells, Austin",650,0.9090909090909092,487,72.767037477,0.2676923076923077,0.2792607802874743,0.2092307692307692,0.1273100616016427,0.0953846153846153,7.567921354,17,-25.292214633263463,163,0.2507692307692307,219,0.3369230769230769,2026.0,234.0,0.3333333333333333,0.6666666666666663,0.3418803418803415,0.2051282051282051,0.1196581196581196,0.4743589743589741,0.3034188034188034,0.2222222222222222,0.2222222222222223,0.0811965811965812,0.0299145299145299,0.2521367521367518,0.2222222222222221,0.1923076923076923
694671,"Langford, Wyatt",769,0.9089834515366432,578,72.740215358,0.2691807542262679,0.3044982698961938,0.2288686605981794,0.129757785467128,0.0975292587776332,6.92303749,12,-9.71137791266144,191,0.2483745123537061,272,0.35370611183355,2026.0,298.0,0.3355704697986575,0.6644295302013424,0.3087248322147652,0.2315436241610737,0.1241610738255035,0.436241610738255,0.3389261744966442,0.2248322147651006,0.174496644295302,0.1174496644295302,0.0436241610738254,0.261744966442953,0.221476510067114,0.1812080536912751
657675,"Martin Jr., Rudy",3,1.0,1,72.73186,0.0,0.0,0.0,0.0,0.0,7.082406667,0,-0.4752545371597853,2,0.6666666666666666,1,0.3333333333333333,2026.0,1.0,1.0,0.0,0.0,0.0,0.0,0.0,1.0,0.0,0.0,1.0,0.0,0.0,0.0,0.0
656484,"Gray, Tristan",354,0.9076923076923076,231,72.707748277,0.3107344632768361,0.2424242424242424,0.1581920903954802,0.0995670995670995,0.0649717514124293,7.14750565,8,-14.501831979084812,123,0.3474576271186441,102,0.288135593220339,2026.0,117.0,0.3418803418803419,0.6581196581196582,0.2393162393162393,0.3418803418803419,0.0769230769230769,0.401709401709402,0.3846153846153845,0.2136752136752138,0.1538461538461538,0.1538461538461538,0.0341880341880342,0.2478632478632481,0.2307692307692306,0.1794871794871796
691458,"Jordan, Blaze",351,0.918848167539267,279,72.705749259,0.264957264957265,0.3225806451612903,0.2564102564102564,0.1541218637992831,0.1225071225071225,7.306579003,4,-9.605072737743434,72,0.2051282051282051,149,0.4245014245014245,2026.0,160.0,0.4562499999999999,0.5437500000000001,0.20625,0.2687500000000001,0.0687499999999999,0.3874999999999999,0.3687499999999999,0.2437500000000001,0.2500000000000001,0.1250000000000001,0.08125,0.1374999999999998,0.2437499999999997,0.1625000000000001
667452,"Julks, Corey",10,0.9090909090909092,9,72.677961,0.0999999999999999,0.4444444444444444,0.4,0.0,0.0,7.263588,0,-0.1454927492798555,1,0.1,6,0.6,2026.0,6.0,0.3333333333333333,0.6666666666666667,0.5,0.0,0.1666666666666666,0.3333333333333333,0.6666666666666666,0.0,0.1666666666666666,0.1666666666666666,0.0,0.1666666666666666,0.4999999999999999,0.0
682848,"Rodríguez, Endy",244,0.9070631970260224,184,72.67159082,0.2622950819672132,0.358695652173913,0.2704918032786885,0.1467391304347826,0.110655737704918,7.258096844,3,-0.3057857118437662,60,0.2459016393442623,91,0.3729508196721312,2026.0,94.0,0.3297872340425529,0.6702127659574468,0.3297872340425533,0.276595744680851,0.0638297872340425,0.4574468085106384,0.3297872340425531,0.2127659574468086,0.223404255319149,0.0851063829787234,0.0212765957446808,0.2340425531914894,0.2446808510638296,0.1914893617021277
663743,"Fortes, Nick",497,0.9119266055045872,413,72.668631791,0.2575452716297786,0.297820823244552,0.2474849094567404,0.1598062953995157,0.1327967806841046,7.534157163,7,-11.12660453260016,84,0.1690140845070422,232,0.4668008048289738,2026.0,256.0,0.5117187499999996,0.4882812499999999,0.171875,0.1953124999999999,0.1210937499999999,0.5156249999999998,0.3046874999999999,0.1796874999999999,0.2890624999999999,0.16015625,0.0624999999999999,0.2265624999999998,0.1445312499999998,0.1171874999999999
516782,"Marte, Starling",305,0.9077380952380952,224,72.642422525,0.3016393442622951,0.2991071428571428,0.2196721311475409,0.1607142857142857,0.1180327868852459,7.237870951,9,-10.838160904496556,81,0.2655737704918032,104,0.340983606557377,2026.0,114.0,0.526315789473684,0.4736842105263158,0.1578947368421052,0.2456140350877193,0.0701754385964912,0.3157894736842105,0.4298245614035088,0.2543859649122807,0.2105263157894737,0.2368421052631579,0.0789473684210526,0.1052631578947368,0.1929824561403508,0.1754385964912281
660710,"Durán, Rodolfo",140,0.9090909090909092,103,72.639820357,0.3214285714285715,0.2524271844660194,0.1857142857142857,0.0970873786407767,0.0714285714285714,7.157851,3,-5.658413443700357,37,0.2642857142857143,53,0.3785714285714285,2026.0,59.0,0.4576271186440677,0.5423728813559323,0.3050847457627119,0.1016949152542373,0.135593220338983,0.4067796610169492,0.3389830508474577,0.2542372881355932,0.2203389830508475,0.1694915254237288,0.0677966101694915,0.1864406779661017,0.1694915254237288,0.1864406779661017
694377,"Yorke, Nick",202,0.905829596412556,155,72.639074109,0.2425742574257425,0.2903225806451613,0.2227722772277227,0.1419354838709677,0.1089108910891089,7.338392921,4,-8.829212953762326,47,0.2326732673267326,74,0.3663366336633663,2026.0,80.0,0.5374999999999998,0.4624999999999999,0.2624999999999999,0.1624999999999999,0.0375,0.3124999999999999,0.4000000000000001,0.2875,0.2124999999999999,0.225,0.0999999999999999,0.1,0.175,0.1875
700250,"Rice, Ben",1035,0.9031413612565444,805,72.622426928,0.2434782608695652,0.3540372670807453,0.2753623188405797,0.1813664596273292,0.1410628019323671,7.68302286,15,8.696684376910442,230,0.2222222222222222,397,0.3835748792270531,2026.0,414.0,0.4033816425120769,0.5966183574879226,0.321256038647343,0.2342995169082125,0.0410628019323671,0.4492753623188404,0.3454106280193237,0.2053140096618357,0.2439613526570048,0.1352657004830918,0.0241545893719806,0.2053140096618355,0.2101449275362319,0.181159420289855
657041,"Thomas, Lane",563,0.9036918138041734,445,72.617508526,0.2593250444049735,0.3146067415730337,0.2486678507992895,0.1348314606741573,0.1065719360568383,6.869018046,20,-14.1108883535785,118,0.2095914742451154,222,0.3943161634103019,2026.0,235.0,0.3787234042553193,0.6212765957446809,0.2425531914893617,0.2468085106382979,0.1319148936170212,0.4468085106382979,0.3617021276595743,0.1914893617021276,0.1957446808510638,0.1446808510638298,0.0382978723404255,0.251063829787234,0.2170212765957444,0.153191489361702
678218,"Valenzuela, Brandon",477,0.9068441064638784,362,72.603584591,0.220125786163522,0.2596685082872928,0.1970649895178197,0.1187845303867403,0.090146750524109,7.855683836,8,-18.1106360147437,115,0.2410901467505241,153,0.320754716981132,2026.0,171.0,0.4210526315789473,0.5789473684210523,0.2339181286549707,0.2631578947368418,0.0818713450292397,0.4327485380116959,0.3801169590643275,0.1871345029239766,0.1929824561403509,0.1871345029239765,0.0409356725146198,0.239766081871345,0.1929824561403509,0.1461988304093567
650391,"Jiménez, Eloy",60,0.9090909090909092,43,72.589113667,0.2166666666666667,0.3255813953488372,0.2333333333333333,0.1860465116279069,0.1333333333333333,7.273669167,1,-2.192502030928584,17,0.2833333333333333,22,0.3666666666666666,2026.0,25.0,0.48,0.52,0.2,0.24,0.0799999999999999,0.52,0.2,0.2799999999999999,0.24,0.12,0.12,0.28,0.08,0.1599999999999999
672724,"Peraza, Oswald",675,0.9036144578313252,475,72.582896148,0.2785185185185185,0.2673684210526316,0.1881481481481481,0.1157894736842105,0.0814814814814814,7.5724532,15,-20.452285662426043,200,0.2962962962962963,211,0.3125925925925926,2026.0,230.0,0.5130434782608695,0.4869565217391302,0.2043478260869564,0.234782608695652,0.0478260869565217,0.3478260869565218,0.4173913043478262,0.2347826086956522,0.2347826086956522,0.2130434782608694,0.0652173913043478,0.1130434782608695,0.2043478260869567,0.1695652173913043
673237,"Diaz, Yainer",577,0.9058084772370488,461,72.578287712,0.2287694974003466,0.386117136659436,0.3084922010398613,0.1691973969631236,0.1351819757365684,7.347025373,19,4.705917921767072,116,0.2010398613518197,264,0.4575389948006932,2026.0,281.0,0.5480427046263345,0.4519572953736657,0.1708185053380785,0.2170818505338078,0.0640569395017793,0.3701067615658363,0.4163701067615659,0.213523131672598,0.2384341637010676,0.2562277580071171,0.0533807829181494,0.1316725978647687,0.1601423487544487,0.1601423487544486
677649,"Duran, Ezequiel",1052,0.9045571797076526,794,72.576740751,0.2766159695817489,0.2808564231738035,0.211977186311787,0.1221662468513853,0.0922053231939163,7.16714501,27,-11.069180198275554,258,0.2452471482889733,368,0.3498098859315589,2026.0,400.0,0.4674999999999996,0.5325000000000002,0.2300000000000002,0.235,0.0674999999999999,0.3725000000000003,0.3599999999999996,0.2675000000000004,0.2349999999999999,0.1825000000000002,0.0499999999999999,0.1375000000000004,0.1774999999999994,0.2175000000000004
624641,"Sosa, Edmundo",485,0.9031657355679702,360,72.576600722,0.2783505154639176,0.2861111111111111,0.2123711340206185,0.1388888888888889,0.1030927835051546,8.108758227,1,-3.161387161975687,125,0.2577319587628865,171,0.3525773195876289,2026.0,178.0,0.4719101123595505,0.5280898876404494,0.196629213483146,0.2528089887640449,0.0786516853932584,0.4213483146067415,0.3932584269662922,0.1853932584269663,0.2640449438202247,0.1629213483146068,0.044943820224719,0.1573033707865168,0.2303370786516854,0.1404494382022472
678554,"Mead, Curtis",501,0.8994614003590664,421,72.575305888,0.2734530938123752,0.3016627078384798,0.2534930139720558,0.1520190023752969,0.1277445109780439,7.063725529,9,2.154218501900956,80,0.1596806387225549,208,0.4151696606786427,2026.0,222.0,0.3738738738738737,0.6261261261261261,0.3063063063063062,0.2342342342342342,0.0855855855855856,0.4684684684684685,0.3333333333333336,0.1981981981981981,0.243243243243243,0.108108108108108,0.0225225225225225,0.2252252252252254,0.2252252252252256,0.1756756756756756
806068,"Emerson, Colt",459,0.903543307086614,314,72.545709847,0.2636165577342048,0.2292993630573248,0.1568627450980392,0.0732484076433121,0.0501089324618736,7.211625991,11,-15.65229465687042,145,0.3159041394335512,134,0.2919389978213507,2026.0,141.0,0.4609929078014182,0.5390070921985817,0.2269503546099292,0.226950354609929,0.0851063829787234,0.4113475177304964,0.3049645390070924,0.2836879432624115,0.2482269503546099,0.148936170212766,0.0638297872340425,0.1631205673758865,0.1560283687943264,0.2198581560283689
676480,"Barrero, José",12,0.9230769230769232,6,72.519896667,0.2499999999999999,0.3333333333333333,0.1666666666666666,0.0,0.0,7.904633333,0,-0.9543126559538226,6,0.5,3,0.25,2026.0,3.0,0.3333333333333333,0.6666666666666667,0.3333333333333333,0.0,0.3333333333333333,1.0,0.0,0.0,0.3333333333333333,0.0,0.0,0.6666666666666667,0.0,0.0
606192,"Hernández, Teoscar",823,0.9073869900771776,570,72.516333682,0.2527339003645201,0.3421052631578947,0.2369380315917375,0.175438596491228,0.1215066828675577,7.772855589,22,-11.389391000588605,253,0.307411907654921,287,0.3487241798298906,2026.0,306.0,0.4444444444444445,0.5555555555555552,0.2843137254901959,0.2026143790849671,0.0686274509803921,0.349673202614379,0.3888888888888888,0.261437908496732,0.2124183006535948,0.1830065359477123,0.0490196078431372,0.1372549019607842,0.2058823529411764,0.2124183006535947
687637,"Beavers, Dylan",558,0.9043760129659644,426,72.501097294,0.2132616487455197,0.3098591549295774,0.2365591397849462,0.1478873239436619,0.1129032258064516,7.358897527,8,-12.065166715447369,132,0.2365591397849462,209,0.3745519713261648,2026.0,227.0,0.3524229074889867,0.6475770925110133,0.3215859030837005,0.2466960352422906,0.079295154185022,0.4008810572687225,0.3259911894273126,0.2731277533039646,0.1806167400881058,0.1233480176211453,0.0484581497797357,0.2202643171806167,0.2026431718061672,0.2246696035242289
641598,"Garver, Mitch",234,0.9069767441860463,161,72.500435513,0.188034188034188,0.3354037267080745,0.2307692307692307,0.1366459627329192,0.094017094017094,7.397699701,8,-8.389684134330034,73,0.3119658119658119,72,0.3076923076923077,2026.0,77.0,0.3376623376623377,0.6623376623376623,0.3766233766233766,0.2337662337662338,0.0519480519480519,0.5324675324675324,0.3636363636363637,0.1038961038961039,0.2077922077922078,0.1298701298701298,0.0,0.3246753246753245,0.2337662337662339,0.1038961038961039
624424,"Conforto, Michael",475,0.903041825095057,353,72.491798147,0.2905263157894738,0.291784702549575,0.2168421052631579,0.121813031161473,0.0905263157894736,7.278639053,10,-8.800344978048868,122,0.2568421052631578,161,0.3389473684210526,2026.0,190.0,0.3631578947368422,0.6368421052631579,0.3421052631578947,0.2368421052631579,0.0578947368421052,0.4631578947368421,0.331578947368421,0.2052631578947369,0.1842105263157895,0.1421052631578948,0.0368421052631578,0.2789473684210526,0.1894736842105261,0.168421052631579
669477,"Schmitt, Casey",698,0.9076723016905072,562,72.489216777,0.2750716332378223,0.3398576512455516,0.2736389684813753,0.1743772241992882,0.1404011461318051,7.563831189,14,2.6735927852712127,136,0.1948424068767908,288,0.4126074498567335,2026.0,310.0,0.296774193548387,0.703225806451613,0.3451612903225807,0.2516129032258064,0.1064516129032258,0.3903225806451613,0.3677419354838709,0.2419354838709677,0.1290322580645161,0.1225806451612904,0.0451612903225806,0.2612903225806451,0.2451612903225805,0.196774193548387
691728,"Veen, Zac",141,0.903846153846154,84,72.486585248,0.2553191489361702,0.2261904761904762,0.1347517730496454,0.119047619047619,0.0709219858156028,7.247122553,5,-3.5855793771089552,57,0.4042553191489361,32,0.226950354609929,2026.0,40.0,0.3999999999999999,0.6,0.425,0.175,0.0,0.4000000000000001,0.3749999999999999,0.225,0.175,0.175,0.05,0.225,0.1999999999999999,0.175
665742,"Soto, Juan",641,0.9040902679830748,524,72.485143089,0.2886115444617784,0.4236641221374045,0.3463338533541342,0.2270992366412213,0.1856474258970359,7.104777582,27,6.325219781947402,117,0.1825273010920436,299,0.4664586583463339,2026.0,329.0,0.3951367781155016,0.6048632218844986,0.3282674772036473,0.1914893617021278,0.0851063829787234,0.398176291793313,0.4255319148936173,0.1762917933130699,0.2066869300911855,0.1671732522796353,0.0212765957446808,0.1914893617021275,0.258358662613982,0.1550151975683891
686668,"Doyle, Brenton",360,0.9090909090909092,247,72.479614972,0.188888888888889,0.3076923076923077,0.2111111111111111,0.1336032388663967,0.0916666666666666,7.353709861,9,-10.733710995848554,113,0.3138888888888889,121,0.3361111111111111,2026.0,133.0,0.5187969924812033,0.4812030075187971,0.2330827067669174,0.2180451127819548,0.0300751879699248,0.3609022556390978,0.4736842105263156,0.1654135338345864,0.225563909774436,0.2330827067669173,0.0601503759398496,0.1353383458646617,0.2406015037593982,0.1052631578947368
657656,"Laureano, Ramón",358,0.9017632241813602,249,72.474939637,0.2597765363128492,0.2650602409638554,0.1843575418994413,0.1204819277108433,0.0837988826815642,7.098213101,10,-9.70669454750324,109,0.3044692737430167,103,0.2877094972067039,2026.0,119.0,0.411764705882353,0.5882352941176472,0.3109243697478992,0.2184873949579833,0.0588235294117646,0.3529411764705881,0.3361344537815124,0.3109243697478991,0.176470588235294,0.1596638655462185,0.0756302521008403,0.176470588235294,0.1764705882352939,0.2352941176470588
680716,"Ornelas, Jonathan",46,0.9019607843137256,30,72.424511522,0.2608695652173913,0.2,0.1304347826086956,0.1333333333333333,0.0869565217391304,6.979732826,1,-2.2728008492505807,16,0.3478260869565217,8,0.1739130434782608,2026.0,10.0,0.5,0.5,0.1999999999999999,0.2,0.0999999999999999,0.8,0.1,0.1,0.3999999999999999,0.0,0.1,0.4000000000000001,0.1,0.0
694197,"Genao, Angel",200,0.9049773755656108,155,72.41700025,0.245,0.4,0.31,0.1483870967741935,0.115,7.1930191,3,-11.460476435710422,45,0.225,92,0.46,2026.0,102.0,0.7058823529411763,0.2941176470588235,0.1274509803921569,0.1470588235294117,0.0196078431372549,0.3725490196078432,0.4607843137254901,0.1666666666666667,0.3137254901960784,0.3333333333333334,0.0588235294117647,0.0588235294117647,0.1274509803921567,0.107843137254902
669221,"Murphy, Sean",191,0.9009433962264152,137,72.411104555,0.287958115183246,0.3065693430656934,0.2198952879581152,0.1824817518248175,0.1308900523560209,7.88200712,12,-8.127359178492139,54,0.2827225130890052,65,0.3403141361256545,2026.0,70.0,0.5571428571428572,0.4428571428571429,0.2428571428571428,0.1571428571428572,0.0428571428571428,0.4857142857142859,0.4000000000000001,0.1142857142857143,0.342857142857143,0.1999999999999999,0.0142857142857142,0.1428571428571428,0.2000000000000001,0.1
607043,"Nimmo, Brandon",1106,0.9050736497545008,849,72.40727698,0.2839059674502712,0.3227326266195524,0.2477396021699819,0.1637220259128386,0.1256781193490054,7.017080081,27,-27.554953584450104,257,0.2323688969258589,384,0.3471971066907776,2026.0,440.0,0.4204545454545458,0.5795454545454553,0.2659090909090912,0.2795454545454549,0.034090909090909,0.3295454545454545,0.4363636363636363,0.2340909090909091,0.2022727272727272,0.1727272727272727,0.0454545454545454,0.1272727272727273,0.2636363636363635,0.1886363636363636
671083,"Kennedy, Buddy",89,0.898989898989899,67,72.406395169,0.2134831460674157,0.208955223880597,0.1573033707865168,0.0597014925373134,0.0449438202247191,6.787506404,3,-6.772169789216592,22,0.247191011235955,27,0.3033707865168539,2026.0,28.0,0.25,0.7500000000000001,0.2857142857142857,0.1785714285714285,0.2857142857142858,0.3928571428571428,0.3571428571428572,0.25,0.1785714285714285,0.0,0.0714285714285714,0.2142857142857142,0.3571428571428572,0.1785714285714285
814439,"Waldschmidt, Ryan",426,0.9102564102564102,291,72.405558333,0.2183098591549295,0.2989690721649484,0.204225352112676,0.1134020618556701,0.0774647887323943,6.973357582,7,-8.285822084692445,135,0.3169014084507042,152,0.3568075117370892,2026.0,171.0,0.3567251461988305,0.6432748538011694,0.2748538011695905,0.327485380116959,0.0409356725146198,0.3801169590643274,0.3742690058479532,0.2456140350877193,0.1754385964912279,0.1345029239766082,0.0467836257309941,0.2046783625730995,0.239766081871345,0.1988304093567252
806146,"Lombard Jr., George",264,0.9041095890410958,201,72.401156174,0.2651515151515152,0.2736318407960199,0.2083333333333333,0.099502487562189,0.0757575757575757,7.398084697,3,-5.650826937593457,63,0.2386363636363636,101,0.3825757575757575,2026.0,111.0,0.4954954954954956,0.5045045045045045,0.2432432432432431,0.2072072072072072,0.054054054054054,0.3693693693693694,0.3333333333333332,0.2972972972972973,0.2072072072072072,0.2162162162162163,0.072072072072072,0.1621621621621621,0.1171171171171168,0.2252252252252252
687221,"Rushing, Dalton",411,0.9013157894736842,290,72.395937129,0.1532846715328467,0.3068965517241379,0.2165450121654501,0.1793103448275862,0.1265206812652068,7.505881071,11,0.3688512765676534,121,0.2944038929440389,143,0.3479318734793187,2026.0,149.0,0.3221476510067114,0.6778523489932886,0.2751677852348994,0.3154362416107382,0.0872483221476509,0.4563758389261744,0.3288590604026847,0.214765100671141,0.1812080536912752,0.1073825503355704,0.0335570469798657,0.2751677852348991,0.2214765100671142,0.1812080536912752
672820,"Sosa, Lenyn",217,0.9079497907949792,170,72.368454055,0.2258064516129032,0.3,0.2350230414746544,0.1352941176470588,0.1059907834101382,7.59072682,1,-11.360052112704276,47,0.216589861751152,86,0.3963133640552995,2026.0,90.0,0.4000000000000001,0.6000000000000002,0.2555555555555556,0.2333333333333334,0.1111111111111111,0.388888888888889,0.3222222222222222,0.2888888888888888,0.2111111111111111,0.1444444444444444,0.0444444444444444,0.1777777777777778,0.1777777777777777,0.2444444444444444
593428,"Bogaerts, Xander",777,0.9066511085180864,607,72.327260064,0.2831402831402832,0.3739703459637561,0.2921492921492921,0.1565074135090609,0.1222651222651222,7.314153822,21,-28.7130488187177,170,0.2187902187902188,334,0.4298584298584298,2026.0,415.0,0.5228915662650605,0.4771084337349398,0.2313253012048192,0.2048192771084338,0.0409638554216867,0.4385542168674695,0.3710843373493977,0.1903614457831327,0.2578313253012049,0.216867469879518,0.0481927710843373,0.1807228915662646,0.1542168674698796,0.1421686746987953
690291,"Jung, Jace",16,0.8888888888888888,15,72.324321875,0.25,0.2,0.1875,0.0666666666666666,0.0625,7.375915625,1,-0.6258276141290688,1,0.0625,6,0.375,2026.0,6.0,0.1666666666666666,0.8333333333333333,0.1666666666666666,0.6666666666666666,0.0,0.3333333333333333,0.3333333333333333,0.3333333333333333,0.0,0.0,0.1666666666666666,0.3333333333333333,0.3333333333333333,0.1666666666666666
642715,"Adames, Willy",849,0.9041533546325878,626,72.309419293,0.2544169611307421,0.2875399361022364,0.2120141342756183,0.121405750798722,0.0895170789163722,8.182485018,10,-8.110371968711718,223,0.2626619552414605,309,0.3639575971731448,2026.0,327.0,0.3333333333333335,0.6666666666666663,0.333333333333333,0.2079510703363913,0.125382262996942,0.4954128440366971,0.2966360856269111,0.2079510703363914,0.2201834862385321,0.0795107033639144,0.0336391437308868,0.275229357798165,0.2171253822629967,0.1743119266055045
641933,"O'Neill, Tyler",439,0.9051546391752576,309,72.279969977,0.1890660592255125,0.313915857605178,0.2209567198177676,0.1294498381877022,0.0911161731207289,7.35124041,7,-14.253507270500728,130,0.296127562642369,149,0.3394077448747152,2026.0,159.0,0.3018867924528303,0.6981132075471698,0.4088050314465408,0.2075471698113207,0.0817610062893082,0.440251572327044,0.3459119496855346,0.2138364779874214,0.1635220125786164,0.1132075471698114,0.0251572327044025,0.2767295597484275,0.2327044025157232,0.1886792452830189
665161,"Peña, Jeremy",852,0.9044585987261148,589,72.274472007,0.1549295774647887,0.3242784380305603,0.2241784037558685,0.1460101867572156,0.1009389671361502,7.576285117,17,-5.3162940799913,263,0.3086854460093897,302,0.3544600938967136,2026.0,325.0,0.4369230769230769,0.563076923076923,0.2523076923076923,0.2399999999999999,0.0707692307692308,0.4861538461538458,0.3076923076923077,0.2061538461538462,0.2769230769230769,0.1107692307692308,0.0492307692307692,0.2092307692307689,0.1969230769230769,0.1569230769230769
660162,"Moncada, Yoán",191,0.9095238095238096,139,72.272188586,0.3036649214659686,0.2949640287769784,0.2146596858638743,0.1366906474820144,0.0994764397905759,7.36174822,4,-7.696625384135435,52,0.2722513089005235,62,0.3246073298429319,2026.0,66.0,0.3484848484848485,0.6515151515151516,0.3636363636363636,0.2575757575757576,0.0303030303030303,0.393939393939394,0.409090909090909,0.196969696969697,0.1818181818181819,0.106060606060606,0.0606060606060606,0.2121212121212121,0.303030303030303,0.1363636363636364
681546,"Outman, James",311,0.9014492753623188,187,72.255756849,0.1929260450160771,0.267379679144385,0.1607717041800643,0.106951871657754,0.0643086816720257,7.790325273,14,-16.57508897356259,124,0.3987138263665595,83,0.2668810289389067,2026.0,86.0,0.3720930232558139,0.627906976744186,0.3023255813953488,0.2209302325581396,0.1046511627906977,0.5465116279069767,0.2325581395348838,0.2209302325581396,0.2906976744186047,0.0465116279069767,0.0348837209302325,0.255813953488372,0.186046511627907,0.186046511627907
553993,"Suárez, Eugenio",826,0.8997821350762527,572,72.255005339,0.2300242130750605,0.2534965034965035,0.1755447941888619,0.1118881118881118,0.0774818401937046,7.791024237,39,-10.303023067042815,254,0.3075060532687651,251,0.3038740920096852,2026.0,267.0,0.3370786516853933,0.6629213483146066,0.3220973782771537,0.235955056179775,0.1048689138576778,0.4681647940074905,0.3295880149812732,0.2022471910112358,0.2434456928838951,0.0936329588014981,0.0,0.2247191011235954,0.235955056179775,0.2022471910112358
682622,"Marte, Noelvi",353,0.9028132992327366,265,72.232909915,0.2719546742209631,0.2830188679245283,0.2124645892351274,0.1094339622641509,0.0821529745042493,7.355187989,8,-16.06411645250971,88,0.2492917847025495,129,0.3654390934844193,2026.0,139.0,0.5611510791366906,0.4388489208633094,0.2086330935251798,0.1223021582733813,0.1079136690647482,0.4460431654676258,0.3741007194244604,0.1798561151079136,0.2949640287769784,0.2302158273381296,0.0359712230215827,0.1510791366906473,0.1438848920863308,0.1438848920863309
592626,"Pederson, Joc",711,0.9080459770114944,509,72.225011224,0.2250351617440224,0.3575638506876228,0.2559774964838256,0.1827111984282907,0.1308016877637131,7.462763108,11,-8.215170911832438,202,0.2841068917018284,250,0.3516174402250351,2026.0,275.0,0.4109090909090908,0.5890909090909091,0.3127272727272728,0.2072727272727272,0.0690909090909091,0.4290909090909089,0.330909090909091,0.2399999999999999,0.2036363636363637,0.1454545454545453,0.0618181818181818,0.2254545454545452,0.1854545454545456,0.1781818181818181
695336,"Saggese, Thomas",317,0.9109195402298852,233,72.219694606,0.2271293375394321,0.3175965665236051,0.2334384858044164,0.1502145922746781,0.1104100946372239,6.987575205,7,-6.725009310816805,84,0.2649842271293375,103,0.3249211356466877,2026.0,111.0,0.4324324324324324,0.5675675675675675,0.2792792792792792,0.2612612612612612,0.027027027027027,0.2882882882882885,0.3963963963963965,0.3153153153153153,0.1531531531531531,0.1891891891891892,0.0900900900900901,0.1351351351351353,0.2072072072072072,0.2252252252252252
694208,"Ballesteros, Moisés",595,0.9042553191489362,436,72.215122017,0.2890756302521008,0.3371559633027522,0.2470588235294117,0.1582568807339449,0.1159663865546218,7.114064218,17,-27.51219982896656,159,0.2672268907563025,223,0.3747899159663865,2026.0,236.0,0.4661016949152544,0.5338983050847459,0.2627118644067798,0.2203389830508474,0.0508474576271186,0.3601694915254238,0.3644067796610168,0.2754237288135591,0.2161016949152544,0.1949152542372881,0.0550847457627118,0.1440677966101694,0.1694915254237287,0.2203389830508472
663616,"Larnach, Trevor",654,0.9045643153526972,486,72.193227339,0.2324159021406728,0.3333333333333333,0.2477064220183486,0.1563786008230452,0.1162079510703364,7.207440046,11,-6.467893438325064,168,0.2568807339449541,268,0.4097859327217125,2026.0,305.0,0.3901639344262294,0.6098360655737705,0.2360655737704917,0.2852459016393443,0.0885245901639344,0.4459016393442623,0.363934426229508,0.1901639344262295,0.2098360655737703,0.1344262295081966,0.0459016393442623,0.2360655737704919,0.2295081967213114,0.1442622950819672
677942,"Alexander, Blaze",539,0.9074074074074074,408,72.18299026,0.2393320964749536,0.3382352941176471,0.2560296846011132,0.1446078431372549,0.1094619666048237,7.42939462,12,-10.596899098909228,131,0.2430426716141001,185,0.3432282003710575,2026.0,201.0,0.4776119402985074,0.5223880597014925,0.2139303482587064,0.2935323383084576,0.0149253731343283,0.3333333333333335,0.3781094527363183,0.2885572139303483,0.2039800995024876,0.1990049751243782,0.0746268656716418,0.1293532338308458,0.1791044776119401,0.2139303482587065
671655,"Valera, George",61,0.9104477611940298,47,72.166478033,0.2131147540983606,0.3617021276595745,0.2786885245901639,0.1276595744680851,0.0983606557377049,6.759107541,0,-2.6056142159894278,14,0.2295081967213114,26,0.4262295081967213,2026.0,29.0,0.517241379310345,0.4827586206896553,0.0689655172413793,0.2413793103448276,0.1724137931034483,0.5172413793103449,0.2758620689655173,0.2068965517241379,0.2758620689655172,0.2068965517241379,0.0344827586206896,0.2413793103448276,0.0689655172413793,0.1724137931034482
605244,"Garcia, Aramis",31,0.9117647058823528,20,72.157587097,0.1612903225806451,0.4,0.2580645161290322,0.15,0.0967741935483871,7.556262903,0,-1.2844847363556915,11,0.3548387096774194,12,0.3870967741935484,2026.0,13.0,0.3076923076923076,0.6923076923076923,0.4615384615384615,0.2307692307692307,0.0,0.4615384615384615,0.4615384615384615,0.0769230769230769,0.2307692307692307,0.0769230769230769,0.0,0.2307692307692307,0.3846153846153846,0.0769230769230769
699393,"Ramírez, Pedro",433,0.9077568134171908,352,72.153684758,0.2217090069284064,0.3210227272727273,0.2609699769053117,0.1590909090909091,0.1293302540415704,7.527703811,10,-5.5235464302097945,81,0.1870669745958429,183,0.4226327944572748,2026.0,192.0,0.4427083333333333,0.5572916666666666,0.234375,0.234375,0.0885416666666666,0.4114583333333332,0.359375,0.2291666666666666,0.2187499999999999,0.1510416666666667,0.0729166666666666,0.1927083333333332,0.2083333333333332,0.15625
642215,"Wilson, Weston",308,0.9005847953216374,211,72.129564838,0.2012987012987012,0.2417061611374407,0.1655844155844155,0.1042654028436018,0.0714285714285714,7.571591818,10,-10.245212692795397,97,0.3149350649350649,96,0.3116883116883117,2026.0,103.0,0.4466019417475729,0.5533980582524272,0.2718446601941746,0.2135922330097088,0.0679611650485436,0.4563106796116506,0.3398058252427184,0.2038834951456311,0.2815533980582524,0.1359223300970874,0.029126213592233,0.1747572815533982,0.2038834951456309,0.1747572815533981
678662,"Tovar, Ezequiel",971,0.9057835820895522,687,72.12271069,0.219361483007209,0.2518195050946142,0.1781668383110195,0.0902474526928675,0.0638516992790937,7.582990021,14,-43.61722663379914,284,0.2924819773429454,291,0.2996910401647786,2026.0,339.0,0.3775811209439528,0.622418879056047,0.3156342182890854,0.2212389380530972,0.0855457227138643,0.3598820058997051,0.3923303834808258,0.2477876106194691,0.1710914454277285,0.1710914454277286,0.0353982300884955,0.1887905604719766,0.2212389380530971,0.2123893805309735
680728,"Del Castillo, Adrian",324,0.905027932960894,238,72.111858179,0.2376543209876543,0.3193277310924369,0.2345679012345679,0.1092436974789916,0.0802469135802469,6.888500154,8,-10.857776116673463,86,0.2654320987654321,116,0.3580246913580246,2026.0,127.0,0.3779527559055118,0.6220472440944883,0.2913385826771654,0.2362204724409448,0.0944881889763779,0.3543307086614173,0.4173228346456691,0.2283464566929135,0.1889763779527559,0.1496062992125984,0.0393700787401574,0.1653543307086613,0.2677165354330706,0.188976377952756
807726,"Peck, John",129,0.9214285714285714,93,72.104826202,0.1627906976744185,0.2903225806451613,0.2093023255813953,0.1182795698924731,0.0852713178294573,7.240302713,3,-8.989117842188213,36,0.2790697674418604,47,0.3643410852713178,2026.0,50.0,0.4199999999999999,0.5800000000000001,0.18,0.3,0.1,0.24,0.36,0.4000000000000001,0.16,0.18,0.08,0.08,0.1799999999999999,0.32
682668,"Acuña, Luisangel",334,0.9051490514905148,254,72.101462575,0.2724550898203594,0.3700787401574803,0.281437125748503,0.1574803149606299,0.1197604790419161,7.531401168,13,-22.301482876021407,80,0.2395209580838323,151,0.4520958083832335,2026.0,166.0,0.5903614457831329,0.4096385542168676,0.1506024096385542,0.2048192771084339,0.0542168674698795,0.3734939759036144,0.3734939759036144,0.2530120481927709,0.3132530120481929,0.2349397590361445,0.0421686746987952,0.0602409638554215,0.1385542168674698,0.2108433734939757
677060,"Stevens, Chad",58,0.90625,40,72.088606897,0.3620689655172413,0.175,0.1206896551724138,0.075,0.0517241379310344,7.116888966,1,-5.521477383833516,18,0.3103448275862069,11,0.1896551724137931,2026.0,16.0,0.375,0.625,0.375,0.25,0.0,0.3125,0.375,0.3125,0.125,0.125,0.125,0.1874999999999999,0.25,0.1874999999999999
701398,"Stewart, Sal",1175,0.9045419553502696,878,72.074990732,0.2638297872340425,0.3234624145785877,0.2417021276595744,0.1560364464692483,0.116595744680851,7.558080579,34,-10.694081000511249,297,0.2527659574468085,414,0.3523404255319149,2026.0,470.0,0.4510638297872339,0.5489361702127661,0.2808510638297875,0.227659574468085,0.0404255319148935,0.3191489361702127,0.3957446808510637,0.2851063829787231,0.1872340425531914,0.2127659574468084,0.051063829787234,0.1319148936170213,0.1829787234042552,0.2340425531914891
691019,"Teel, Kyle",241,0.8992537313432836,161,72.069349419,0.2863070539419088,0.2422360248447205,0.1618257261410788,0.124223602484472,0.0829875518672199,6.887445145,8,-6.829764186657909,80,0.3319502074688796,63,0.2614107883817427,2026.0,68.0,0.3823529411764706,0.6176470588235294,0.3088235294117646,0.2647058823529413,0.0441176470588235,0.3970588235294117,0.3676470588235294,0.2352941176470588,0.1911764705882353,0.1323529411764706,0.0588235294117647,0.2058823529411763,0.2352941176470588,0.1764705882352941
664034,"France, Ty",919,0.9063116370808678,682,72.067241415,0.2198041349292709,0.2932551319648094,0.2176278563656148,0.1480938416422287,0.1099020674646354,7.598179576,35,-6.92644710013592,237,0.2578890097932535,292,0.3177366702937976,2026.0,333.0,0.4144144144144145,0.5855855855855858,0.2522522522522523,0.2642642642642644,0.0690690690690691,0.3873873873873873,0.3363363363363364,0.2762762762762765,0.1921921921921921,0.1741741741741741,0.048048048048048,0.1951951951951952,0.1621621621621622,0.2282282282282285
665966,"Narváez, Carlos",517,0.9086115992970124,355,72.065205435,0.2011605415860735,0.3014084507042253,0.206963249516441,0.1014084507042253,0.06963249516441,7.539920909,17,-24.46642180885135,162,0.3133462282398452,151,0.2920696324951644,2026.0,168.0,0.3928571428571427,0.6071428571428572,0.3035714285714286,0.2142857142857142,0.0892857142857143,0.3154761904761904,0.3869047619047618,0.2976190476190475,0.1666666666666666,0.1845238095238094,0.0416666666666666,0.1488095238095238,0.2023809523809523,0.2559523809523809
677347,"Paris, Kyren",32,0.8888888888888888,20,72.046877813,0.1875,0.2,0.125,0.15,0.09375,7.254120313,0,-2.730348231942163,12,0.375,5,0.15625,2026.0,7.0,0.5714285714285714,0.4285714285714286,0.4285714285714286,0.0,0.0,0.4285714285714286,0.4285714285714286,0.1428571428571428,0.2857142857142857,0.2857142857142857,0.0,0.1428571428571428,0.1428571428571428,0.1428571428571428
681508,"Gasper, Mickey",295,0.9021406727828746,247,72.020631186,0.1423728813559321,0.3846153846153846,0.3220338983050847,0.1497975708502024,0.1254237288135593,6.609743661,9,-2.7716724394959997,48,0.1627118644067796,145,0.4915254237288136,2026.0,154.0,0.4220779220779219,0.5779220779220781,0.3116883116883118,0.2012987012987013,0.0649350649350648,0.4415584415584416,0.3506493506493506,0.207792207792208,0.2337662337662338,0.1688311688311688,0.0194805194805194,0.2077922077922078,0.1818181818181818,0.1883116883116885
690993,"Keith, Colt",633,0.9081779053084648,501,72.005186288,0.1974723538704581,0.3752495009980039,0.296998420221169,0.1756487025948103,0.1390205371248025,6.899143254,14,-14.572897511404232,132,0.2085308056872037,280,0.4423380726698262,2026.0,302.0,0.3973509933774833,0.6026490066225164,0.2516556291390726,0.2682119205298015,0.0827814569536423,0.3741721854304634,0.3973509933774835,0.228476821192053,0.1953642384105961,0.1655629139072847,0.0364238410596026,0.1788079470198673,0.2317880794701987,0.1920529801324504
694371,"Troy, Tommy",215,0.899581589958159,162,71.998537488,0.2325581395348836,0.2716049382716049,0.2046511627906976,0.1234567901234567,0.0930232558139534,6.96247907,7,-4.753810016960601,53,0.2465116279069767,84,0.3906976744186046,2026.0,96.0,0.4791666666666668,0.5208333333333333,0.2291666666666666,0.2291666666666666,0.0625,0.3229166666666666,0.4166666666666667,0.2604166666666666,0.21875,0.1875,0.0729166666666666,0.1041666666666665,0.2291666666666666,0.1874999999999999
682927,"Simon, Ronny",113,0.91869918699187,95,71.997873363,0.2389380530973451,0.2842105263157894,0.2389380530973451,0.0736842105263157,0.0619469026548672,7.155248496,1,-2.477481355675786,18,0.1592920353982301,40,0.3539823008849557,2026.0,49.0,0.4897959183673468,0.5102040816326531,0.1632653061224489,0.2244897959183673,0.1224489795918367,0.4081632653061224,0.326530612244898,0.2653061224489796,0.1836734693877551,0.163265306122449,0.1428571428571429,0.2244897959183673,0.163265306122449,0.1224489795918367
690924,"Fulford, Braxton",130,0.9090909090909092,87,71.996772615,0.2461538461538461,0.2183908045977011,0.1461538461538461,0.0804597701149425,0.0538461538461538,6.643994462,3,-5.753683784400839,43,0.3307692307692307,37,0.2846153846153846,2026.0,42.0,0.3333333333333333,0.6666666666666669,0.4047619047619049,0.1428571428571428,0.119047619047619,0.2857142857142858,0.3333333333333333,0.3809523809523807,0.1904761904761905,0.119047619047619,0.0238095238095238,0.0952380952380952,0.2142857142857142,0.3571428571428569
543510,"McCann, James",259,0.9087719298245616,180,71.98936668,0.2316602316602317,0.3888888888888889,0.2702702702702703,0.1666666666666666,0.1158301158301158,7.047469382,2,-1.2987338550824927,79,0.305019305019305,102,0.3938223938223938,2026.0,111.0,0.4774774774774774,0.5225225225225226,0.2432432432432433,0.2432432432432432,0.036036036036036,0.3243243243243243,0.4054054054054054,0.2702702702702703,0.1621621621621621,0.2522522522522523,0.063063063063063,0.1621621621621621,0.1531531531531531,0.2072072072072072
665019,"Clemens, Kody",978,0.907235621521336,754,71.9831768,0.1278118609406953,0.3753315649867374,0.2893660531697341,0.1750663129973474,0.1349693251533742,7.184988354,14,-4.507271884615608,224,0.2290388548057259,374,0.3824130879345603,2026.0,402.0,0.3955223880597011,0.6044776119402986,0.3308457711442788,0.2139303482587064,0.0597014925373134,0.4726368159203978,0.3084577114427862,0.2189054726368158,0.2437810945273631,0.126865671641791,0.0248756218905472,0.2288557213930346,0.1815920398009952,0.1940298507462685
682988,"Locklear, Tyler",77,0.9166666666666666,59,71.974727792,0.2597402597402597,0.2372881355932203,0.1818181818181818,0.1186440677966101,0.0909090909090909,6.768346234,1,-1.622537889889,18,0.2337662337662337,24,0.3116883116883117,2026.0,28.0,0.5357142857142857,0.4642857142857143,0.1785714285714285,0.25,0.0357142857142857,0.3571428571428571,0.5000000000000001,0.1428571428571429,0.25,0.25,0.0357142857142857,0.1071428571428571,0.2500000000000001,0.1071428571428571
823550,"Song, Sung-Mun",213,0.9063829787234042,169,71.959511972,0.1502347417840376,0.3254437869822485,0.2582159624413145,0.1005917159763313,0.0798122065727699,7.600384789,4,-13.258636708610712,44,0.2065727699530516,88,0.4131455399061033,2026.0,102.0,0.4313725490196077,0.5686274509803921,0.2647058823529412,0.1666666666666666,0.1372549019607843,0.4019607843137254,0.3431372549019607,0.2549019607843137,0.1862745098039216,0.1764705882352942,0.0686274509803921,0.2156862745098038,0.1666666666666665,0.1862745098039216
608701,"Refsnyder, Rob",204,0.8986784140969163,151,71.949695686,0.1911764705882353,0.2781456953642384,0.2058823529411764,0.1324503311258278,0.0980392156862745,7.592321912,7,-15.484025650297578,53,0.2598039215686274,76,0.3725490196078431,2026.0,81.0,0.3950617283950616,0.6049382716049383,0.2962962962962963,0.1728395061728395,0.1358024691358025,0.5061728395061726,0.2222222222222222,0.2716049382716048,0.3086419753086422,0.0740740740740741,0.0123456790123456,0.1975308641975304,0.1481481481481481,0.2592592592592592
805805,"Jenkins, Walker",135,0.906040268456376,105,71.948282148,0.1925925925925926,0.3238095238095238,0.2518518518518518,0.1047619047619047,0.0814814814814814,7.004326963,2,-3.095334657005397,30,0.2222222222222222,55,0.4074074074074074,2026.0,59.0,0.423728813559322,0.576271186440678,0.2711864406779661,0.2372881355932203,0.0677966101694915,0.3728813559322034,0.4406779661016948,0.1864406779661017,0.2033898305084746,0.2203389830508475,0.0,0.1694915254237287,0.2203389830508473,0.1864406779661017
677870,"Jiménez, Leo",288,0.9,223,71.943167118,0.1631944444444444,0.3632286995515695,0.28125,0.147982062780269,0.1145833333333333,7.32563816,8,-17.103891245282163,65,0.2256944444444444,121,0.4201388888888889,2026.0,130.0,0.5461538461538461,0.4538461538461539,0.2,0.2384615384615385,0.0153846153846153,0.3461538461538462,0.4230769230769232,0.2307692307692307,0.2384615384615385,0.2461538461538463,0.0615384615384615,0.1076923076923076,0.1769230769230768,0.1692307692307691
656555,"Hoskins, Rhys",494,0.9014598540145984,352,71.940482733,0.1700404858299595,0.3039772727272727,0.2165991902834008,0.1221590909090909,0.0870445344129554,8.219233644,15,-16.67943538263131,142,0.2874493927125506,154,0.3117408906882591,2026.0,167.0,0.2634730538922156,0.7365269461077845,0.3233532934131737,0.2215568862275448,0.1916167664670658,0.5449101796407188,0.2335329341317367,0.2215568862275449,0.2095808383233533,0.0359281437125748,0.0179640718562874,0.3353293413173654,0.1976047904191618,0.2035928143712574
605137,"Bell, Josh",1077,0.907329401853412,858,71.931175534,0.2571959145775301,0.324009324009324,0.2581244196843082,0.1468531468531468,0.116991643454039,7.890322191,22,-24.497093269920107,219,0.2033426183844011,415,0.3853296193129062,2026.0,444.0,0.4211711711711711,0.5788288288288288,0.2635135135135135,0.2342342342342342,0.0810810810810811,0.4054054054054053,0.364864864864865,0.2297297297297297,0.2049549549549549,0.1576576576576575,0.0585585585585586,0.2004504504504503,0.2072072072072075,0.1711711711711711
681351,"O'Hoppe, Logan",448,0.9068825910931174,331,71.920082612,0.2477678571428571,0.3081570996978852,0.2276785714285714,0.1510574018126888,0.1116071428571428,7.404592188,15,-19.680120985149696,117,0.2611607142857143,172,0.3839285714285714,2026.0,187.0,0.3903743315508021,0.6096256684491979,0.2887700534759359,0.2245989304812834,0.0962566844919786,0.4438502673796792,0.3155080213903742,0.2406417112299464,0.2245989304812835,0.1122994652406417,0.0534759358288769,0.2192513368983957,0.2032085561497325,0.1871657754010694
691620,"Quero, Jeferson",2,1.0,1,71.907325,0.0,0.0,0.0,0.0,0.0,7.589025,0,-0.3470475537829097,1,0.5,1,0.5,2026.0,1.0,1.0,0.0,0.0,0.0,0.0,1.0,0.0,0.0,1.0,0.0,0.0,0.0,0.0,0.0
699625,"Crooks, Jimmy",252,0.9163636363636364,165,71.901643413,0.2063492063492064,0.3454545454545454,0.2261904761904762,0.1515151515151515,0.0992063492063492,7.1647225,4,-13.353321242720936,87,0.3452380952380952,80,0.3174603174603174,2026.0,87.0,0.3218390804597701,0.6781609195402298,0.425287356321839,0.1954022988505747,0.057471264367816,0.3678160919540229,0.367816091954023,0.2643678160919541,0.160919540229885,0.1149425287356322,0.0459770114942528,0.2068965517241378,0.2528735632183908,0.2183908045977012
695681,"Moore, Christian",247,0.8981818181818182,166,71.897127004,0.2348178137651821,0.2771084337349397,0.1862348178137652,0.1204819277108433,0.0809716599190283,7.226475506,5,-11.743288684479172,81,0.3279352226720647,71,0.2874493927125506,2026.0,83.0,0.4578313253012048,0.5421686746987951,0.2650602409638554,0.2048192771084337,0.072289156626506,0.253012048192771,0.5180722891566263,0.2289156626506024,0.144578313253012,0.2771084337349398,0.036144578313253,0.108433734939759,0.2409638554216864,0.1927710843373493
673490,"Kim, Ha-Seong",220,0.9016393442622952,176,71.894614273,0.1818181818181818,0.2272727272727272,0.1818181818181818,0.0681818181818181,0.0545454545454545,7.088078227,2,-19.695944374209315,44,0.2,82,0.3727272727272727,2026.0,89.0,0.4157303370786517,0.5842696629213483,0.2921348314606741,0.146067415730337,0.1460674157303371,0.4269662921348315,0.3707865168539326,0.2022471910112359,0.2247191011235955,0.1685393258426966,0.0224719101123595,0.202247191011236,0.2022471910112359,0.1797752808988764
686681,"Massey, Michael",765,0.901060070671378,636,71.873849791,0.130718954248366,0.3411949685534591,0.2836601307189542,0.1273584905660377,0.1058823529411764,7.142874314,14,-10.131787993669024,129,0.1686274509803921,329,0.4300653594771242,2026.0,352.0,0.3977272727272727,0.6022727272727271,0.2982954545454546,0.2585227272727269,0.0454545454545454,0.5,0.3551136363636364,0.1448863636363636,0.2670454545454547,0.1136363636363636,0.0170454545454545,0.2329545454545452,0.2414772727272728,0.1278409090909091
672640,"Lopez, Otto",1001,0.9050632911392406,823,71.867962647,0.2347652347652347,0.3778857837181045,0.3106893106893107,0.1822600243013366,0.1498501498501498,6.75297953,23,-3.5233661241377523,178,0.1778221778221778,487,0.4865134865134865,2026.0,544.0,0.5110294117647063,0.4889705882352939,0.2261029411764704,0.2205882352941175,0.0422794117647059,0.3419117647058825,0.3952205882352939,0.2628676470588238,0.213235294117647,0.21875,0.0790441176470588,0.1286764705882354,0.1764705882352939,0.1838235294117649
646240,"Devers, Rafael",1091,0.9099249374478732,782,71.867350357,0.2117323556370303,0.3567774936061381,0.2557286892758936,0.1930946291560102,0.1384051329055912,7.533039872,13,-2.013477456680942,309,0.2832263978001833,360,0.3299725022914757,2026.0,401.0,0.4064837905236906,0.593516209476309,0.3516209476309226,0.1820448877805485,0.0598503740648378,0.3416458852867831,0.4164588528678302,0.2418952618453865,0.172069825436409,0.1970074812967581,0.0374064837905236,0.169576059850374,0.219451371571072,0.2044887780548628
802139,"Wetherholt, JJ",914,0.9121756487025948,748,71.864010427,0.1925601750547046,0.3703208556149732,0.3030634573304157,0.1430481283422459,0.1170678336980306,7.515849661,18,-32.14595594143925,166,0.1816192560175054,409,0.4474835886214442,2026.0,433.0,0.4526558891454965,0.5473441108545034,0.2933025404157043,0.2217090069284065,0.0323325635103925,0.3625866050808315,0.4018475750577368,0.2355658198614318,0.2309468822170898,0.1732101616628175,0.0484988452655889,0.1316397228637417,0.2286374133949192,0.1870669745958429
815589,"Davidson, Bo",23,0.8846153846153846,16,71.856446087,0.1739130434782608,0.3125,0.217391304347826,0.25,0.1739130434782608,7.571600435,0,-0.7040190490034491,7,0.3043478260869565,7,0.3043478260869565,2026.0,9.0,0.6666666666666666,0.3333333333333333,0.0,0.3333333333333333,0.0,0.1111111111111111,0.7777777777777778,0.1111111111111111,0.0,0.5555555555555556,0.1111111111111111,0.1111111111111111,0.2222222222222222,0.0
688363,"Pauley, Graham",258,0.8989547038327527,204,71.852712132,0.193798449612403,0.2549019607843137,0.2015503875968992,0.0931372549019607,0.0736434108527131,7.36940562,8,-9.652846492189989,54,0.2093023255813953,97,0.375968992248062,2026.0,104.0,0.3942307692307693,0.6057692307692308,0.2980769230769231,0.1923076923076923,0.1153846153846154,0.548076923076923,0.2884615384615384,0.1634615384615385,0.2403846153846154,0.1153846153846153,0.0384615384615384,0.3076923076923076,0.173076923076923,0.125
693307,"Dingler, Dillon",1002,0.9051490514905148,794,71.849232415,0.1666666666666667,0.3261964735516373,0.2584830339321357,0.1536523929471032,0.1217564870259481,7.57997492,11,-6.851338498073503,208,0.2075848303393213,386,0.3852295409181637,2026.0,415.0,0.3710843373493975,0.6289156626506023,0.2915662650602409,0.2457831325301203,0.0915662650602409,0.424096385542169,0.3710843373493976,0.2048192771084336,0.2120481927710842,0.1325301204819278,0.0265060240963855,0.2120481927710847,0.2385542168674698,0.178313253012048
663853,"Gonzalez, Romy",135,0.9121621621621622,88,71.847356889,0.1851851851851852,0.2954545454545454,0.1925925925925926,0.1590909090909091,0.1037037037037037,6.755960593,2,-7.072537138477836,47,0.3481481481481481,39,0.2888888888888888,2026.0,45.0,0.5555555555555555,0.4444444444444446,0.2,0.1777777777777778,0.0666666666666667,0.1999999999999999,0.4666666666666665,0.3333333333333333,0.1111111111111111,0.311111111111111,0.1333333333333333,0.0888888888888888,0.1555555555555554,0.2
694362,"Dunn, Blake",217,0.9041666666666668,178,71.821855253,0.2119815668202765,0.3595505617977528,0.2949308755760368,0.1179775280898876,0.0967741935483871,6.186199217,16,-3.01227223184294,39,0.1797235023041474,96,0.4423963133640553,2026.0,110.0,0.4636363636363635,0.5363636363636364,0.2181818181818182,0.2545454545454544,0.0636363636363636,0.2454545454545454,0.4909090909090909,0.2636363636363638,0.1454545454545454,0.2181818181818182,0.0999999999999999,0.1,0.2727272727272727,0.1636363636363638
666310,"Naylor, Bo",170,0.8994708994708994,149,71.819644059,0.1411764705882353,0.2684563758389262,0.2352941176470588,0.1342281879194631,0.1176470588235294,7.611980353,2,-9.78024961030658,21,0.1235294117647058,62,0.3647058823529411,2026.0,67.0,0.3432835820895522,0.6567164179104479,0.3432835820895523,0.208955223880597,0.1044776119402985,0.3880597014925373,0.417910447761194,0.1940298507462687,0.1343283582089552,0.208955223880597,0.0,0.253731343283582,0.208955223880597,0.1940298507462687
502054,"Pham, Tommy",43,0.8958333333333334,29,71.816717442,0.2093023255813953,0.3793103448275862,0.2558139534883721,0.2068965517241379,0.1395348837209302,7.102080233,1,-2.19624212130491,14,0.3255813953488372,13,0.3023255813953488,2026.0,14.0,0.5,0.5,0.2857142857142857,0.2142857142857143,0.0,0.6428571428571428,0.0714285714285714,0.2857142857142857,0.4285714285714286,0.0714285714285714,0.0,0.2142857142857142,0.0,0.2857142857142857
664023,"Happ, Ian",1052,0.9045571797076526,745,71.773009762,0.1806083650190114,0.2939597315436241,0.2081749049429657,0.138255033557047,0.0979087452471483,6.868906074,8,-24.646314993866334,307,0.2918250950570342,333,0.3165399239543726,2026.0,357.0,0.411764705882353,0.5882352941176472,0.3137254901960783,0.2100840336134454,0.0644257703081233,0.4593837535014006,0.3613445378151261,0.1792717086834734,0.2044817927170868,0.1764705882352941,0.030812324929972,0.2549019607843137,0.1848739495798319,0.1484593837535013
681481,"Carpenter, Kerry",455,0.900990099009901,338,71.770553385,0.1648351648351648,0.2899408284023668,0.2153846153846154,0.1094674556213017,0.0813186813186813,7.391827055,8,-11.04597178578848,117,0.2571428571428571,151,0.3318681318681318,2026.0,159.0,0.3207547169811321,0.6792452830188681,0.3899371069182391,0.2075471698113207,0.0817610062893082,0.4339622641509436,0.3144654088050315,0.2515723270440251,0.1949685534591195,0.10062893081761,0.0251572327044025,0.2389937106918241,0.2138364779874214,0.2264150943396226
800543,"De Paula, Josue",56,0.918032786885246,45,71.750285179,0.2499999999999999,0.2888888888888888,0.2321428571428571,0.1111111111111111,0.0892857142857142,7.263898393,0,0.6294242773144952,11,0.1964285714285714,24,0.4285714285714285,2026.0,26.0,0.346153846153846,0.6538461538461539,0.2307692307692307,0.4230769230769231,0.0,0.4615384615384614,0.3461538461538461,0.1923076923076923,0.1153846153846154,0.1538461538461538,0.0769230769230769,0.346153846153846,0.1923076923076923,0.1153846153846154
675448,"Hunt, Blake",6,0.8571428571428571,3,71.749111667,0.1666666666666666,0.0,0.0,0.0,0.0,7.788828333,1,-0.5408632534214921,3,0.5,0,0.0,,,,,,,,,,,,,,,,
694388,"Loperfido, Joey",203,0.9022222222222224,142,71.745073103,0.1871921182266009,0.3028169014084507,0.2118226600985221,0.0915492957746478,0.064039408866995,7.748779064,6,-7.836698799122033,61,0.3004926108374384,64,0.3152709359605911,2026.0,73.0,0.5205479452054794,0.4794520547945204,0.2602739726027396,0.1917808219178082,0.0273972602739726,0.273972602739726,0.4931506849315067,0.232876712328767,0.1917808219178082,0.2602739726027397,0.0684931506849315,0.0821917808219177,0.2328767123287669,0.1643835616438355
672515,"Moreno, Gabriel",873,0.9056016597510372,749,71.733822772,0.2279495990836197,0.3297730307076101,0.2829324169530355,0.1455273698264352,0.124856815578465,7.059653013,11,2.840850445588269,124,0.1420389461626575,376,0.4306987399770905,2026.0,401.0,0.418952618453865,0.5810473815461348,0.2543640897755612,0.2643391521197007,0.0623441396508728,0.3516209476309231,0.3017456359102243,0.3466334164588528,0.1870324189526184,0.1521197007481296,0.0798004987531172,0.1645885286783047,0.1496259351620947,0.2668329177057356
596146,"Kepler, Max",248,0.901818181818182,187,71.70510504,0.1653225806451613,0.3155080213903743,0.2379032258064516,0.1390374331550802,0.1048387096774193,7.439551411,7,-13.585339366949702,61,0.2459677419354838,91,0.3669354838709677,2026.0,102.0,0.3235294117647058,0.6764705882352939,0.3039215686274509,0.2549019607843136,0.1176470588235294,0.4313725490196077,0.3627450980392157,0.2058823529411765,0.1372549019607843,0.1470588235294117,0.0392156862745098,0.2941176470588235,0.2156862745098039,0.1666666666666667
696030,"Osuna, Alejandro",338,0.906166219839142,283,71.673694231,0.2278106508875739,0.3144876325088339,0.2633136094674556,0.1024734982332155,0.0857988165680473,6.987873314,3,-11.763853914241912,55,0.1627218934911242,148,0.4378698224852071,2026.0,165.0,0.4969696969696969,0.5030303030303032,0.1454545454545454,0.2848484848484849,0.0727272727272727,0.2484848484848483,0.387878787878788,0.3636363636363636,0.1636363636363636,0.2121212121212122,0.1212121212121212,0.0848484848484846,0.1757575757575757,0.2424242424242424
666969,"García, Adolis",442,0.9057377049180328,304,71.66664,0.2556561085972851,0.3585526315789473,0.2466063348416289,0.1513157894736842,0.1040723981900452,7.686367421,9,-19.580735464591346,138,0.3122171945701357,146,0.3303167420814479,2026.0,150.0,0.3933333333333331,0.6066666666666667,0.2333333333333335,0.2866666666666665,0.0866666666666666,0.3599999999999999,0.4066666666666668,0.2333333333333333,0.2266666666666666,0.1466666666666666,0.02,0.1333333333333332,0.2600000000000001,0.2133333333333333
672386,"Kirk, Alejandro",460,0.8984375,395,71.642442413,0.158695652173913,0.3721518987341772,0.3195652173913043,0.1670886075949367,0.1434782608695652,7.102801804,10,-5.932965327540855,65,0.1413043478260869,225,0.4891304347826087,2026.0,238.0,0.5042016806722689,0.4957983193277311,0.1890756302521008,0.2478991596638655,0.0588235294117647,0.2436974789915967,0.4201680672268906,0.3361344537815124,0.1302521008403361,0.2563025210084034,0.1176470588235294,0.1134453781512606,0.1638655462184872,0.218487394957983
641584,"Fraley, Jake",155,0.8959537572254336,118,71.623627484,0.2258064516129031,0.2288135593220339,0.1741935483870967,0.0508474576271186,0.0387096774193548,7.076364065,0,-4.852036881047456,37,0.2387096774193548,50,0.3225806451612903,2026.0,59.0,0.3220338983050848,0.6779661016949152,0.2542372881355932,0.271186440677966,0.1525423728813559,0.4745762711864406,0.271186440677966,0.2542372881355932,0.2203389830508474,0.0677966101694915,0.0338983050847457,0.2542372881355932,0.2033898305084744,0.2203389830508475
521692,"Perez, Salvador",1167,0.9053529868114818,902,71.617834533,0.1885175664095972,0.3159645232815964,0.2442159383033419,0.1463414634146341,0.1131105398457583,7.70601521,22,-35.31728702195627,265,0.2270779777206512,436,0.3736075407026564,2026.0,461.0,0.383947939262473,0.616052060737527,0.3015184381778744,0.2516268980477221,0.0629067245119306,0.4013015184381778,0.3492407809110628,0.2494577006507591,0.1908893709327548,0.1453362255965292,0.0477223427331887,0.2104121475054229,0.2039045553145336,0.2017353579175703
467793,"Santana, Carlos",48,0.8888888888888888,35,71.612416875,0.1666666666666667,0.2857142857142857,0.2083333333333333,0.0857142857142857,0.0625,7.755877708,1,-3.937935843590045,13,0.2708333333333333,13,0.2708333333333333,2026.0,16.0,0.2500000000000001,0.75,0.3125,0.1875,0.25,0.4374999999999999,0.3125,0.25,0.125,0.0625,0.0625,0.3124999999999999,0.25,0.1875
669899,"Ward, Ryan",119,0.9015151515151516,84,71.596718235,0.1092436974789915,0.2619047619047619,0.1848739495798319,0.119047619047619,0.0840336134453781,7.587248739,0,-4.058234144112119,35,0.2941176470588235,35,0.2941176470588235,2026.0,38.0,0.3947368421052631,0.605263157894737,0.2631578947368421,0.2631578947368421,0.0789473684210526,0.5526315789473683,0.2105263157894737,0.2368421052631579,0.2631578947368421,0.1052631578947368,0.0263157894736842,0.2894736842105261,0.1052631578947368,0.2105263157894737
672012,"Black, Tyler",46,0.9019607843137256,36,71.589413913,0.1304347826086956,0.2777777777777778,0.217391304347826,0.0277777777777777,0.0217391304347826,7.119481304,1,0.9594738511345612,10,0.217391304347826,20,0.4347826086956521,2026.0,20.0,0.4499999999999999,0.55,0.35,0.15,0.0499999999999999,0.3,0.45,0.25,0.25,0.1999999999999999,0.0,0.0499999999999999,0.25,0.25
669016,"Marsh, Brandon",954,0.902554399243141,733,71.583250734,0.1624737945492663,0.3287858117326057,0.2526205450733753,0.145975443383356,0.1121593291404612,7.268714371,4,-19.90168335593509,221,0.2316561844863731,366,0.3836477987421384,2026.0,384.0,0.4192708333333333,0.5807291666666665,0.2682291666666666,0.2708333333333332,0.0416666666666666,0.385416666666667,0.3437500000000001,0.2708333333333335,0.2135416666666666,0.1536458333333333,0.0520833333333333,0.1718750000000003,0.1901041666666668,0.2187500000000002
606992,"Haase, Eric",135,0.906040268456376,83,71.57627037,0.1407407407407407,0.2771084337349397,0.1703703703703703,0.1204819277108433,0.074074074074074,7.206455556,4,-3.918374662999797,52,0.3851851851851852,43,0.3185185185185185,2026.0,49.0,0.4897959183673468,0.5102040816326532,0.2040816326530612,0.1836734693877551,0.1224489795918367,0.3265306122448979,0.4489795918367346,0.2244897959183673,0.2244897959183673,0.2653061224489796,0.0,0.1020408163265305,0.1836734693877549,0.2244897959183673
702284,"Young, Cole",1026,0.9015817223198594,835,71.574845068,0.2183235867446393,0.3377245508982036,0.2748538011695906,0.1257485029940119,0.1023391812865497,6.941157339,16,-30.43200978909803,191,0.1861598440545809,437,0.4259259259259259,2026.0,468.0,0.4252136752136752,0.5747863247863249,0.2628205128205128,0.2222222222222222,0.0897435897435897,0.4209401709401706,0.3525641025641024,0.2264957264957265,0.2094017094017094,0.1581196581196582,0.0576923076923076,0.2115384615384611,0.1944444444444442,0.1688034188034188
621438,"Taylor, Tyrone",373,0.9053398058252428,296,71.572540992,0.1501340482573726,0.3479729729729729,0.2761394101876676,0.1385135135135135,0.1099195710455764,7.513021233,7,0.4914762042518116,77,0.2064343163538874,162,0.4343163538873995,2026.0,181.0,0.3701657458563538,0.6298342541436462,0.3370165745856351,0.2099447513812155,0.0828729281767955,0.5303867403314919,0.2817679558011052,0.1878453038674032,0.2596685082872929,0.0773480662983425,0.0331491712707182,0.270718232044199,0.2044198895027626,0.1546961325966849
663584,"Senger, Hayden",27,0.9,17,71.571551111,0.1851851851851851,0.2352941176470588,0.1481481481481481,0.1764705882352941,0.1111111111111111,7.59852,0,-0.5044726344208325,10,0.3703703703703703,8,0.2962962962962963,2026.0,13.0,0.6153846153846153,0.3846153846153846,0.1538461538461538,0.1538461538461538,0.0769230769230769,0.3076923076923076,0.3076923076923076,0.3846153846153846,0.2307692307692307,0.2307692307692307,0.1538461538461538,0.0769230769230768,0.0769230769230769,0.2307692307692307
672580,"Garcia, Maikel",452,0.9076305220883534,401,71.557434712,0.1792035398230089,0.4014962593516209,0.3561946902654867,0.1521197007481296,0.1349557522123893,7.09526885,10,-6.903090898033826,51,0.1128318584070796,247,0.5464601769911505,2026.0,260.0,0.4576923076923076,0.5423076923076924,0.2115384615384616,0.2653846153846154,0.0653846153846154,0.3423076923076922,0.3923076923076926,0.2653846153846154,0.1884615384615384,0.2038461538461538,0.0653846153846154,0.1538461538461538,0.1884615384615387,0.1999999999999999
656537,"Hill, Derek",360,0.9022556390977444,239,71.542059861,0.1861111111111111,0.3054393305439331,0.2027777777777777,0.1297071129707113,0.0861111111111111,7.088693972,7,-1.7951734951424034,121,0.3361111111111111,112,0.3111111111111111,2026.0,133.0,0.4661654135338345,0.5338345864661656,0.2857142857142858,0.2105263157894737,0.037593984962406,0.368421052631579,0.3308270676691729,0.3007518796992481,0.1804511278195489,0.1654135338345864,0.1203007518796992,0.1879699248120301,0.1654135338345864,0.1804511278195488
607208,"Turner, Trea",1156,0.9123914759273876,858,71.534936964,0.1885813148788927,0.3333333333333333,0.2474048442906574,0.1165501165501165,0.0865051903114186,7.602121367,17,-36.82686490313657,298,0.2577854671280277,450,0.3892733564013841,2026.0,493.0,0.4563894523326574,0.5436105476673427,0.255578093306288,0.2068965517241379,0.0811359026369168,0.3427991886409736,0.3813387423935093,0.2758620689655173,0.1886409736308316,0.1703853955375253,0.0973630831643003,0.1541582150101419,0.2109533468559839,0.1784989858012169
694497,"Carter, Evan",595,0.8960843373493976,420,71.529237782,0.2252100840336134,0.3142857142857143,0.2218487394957983,0.1214285714285714,0.0857142857142857,7.119022824,18,-33.16777647906972,175,0.2941176470588235,215,0.361344537815126,2026.0,283.0,0.4134275618374557,0.5865724381625441,0.2968197879858656,0.1978798586572438,0.0918727915194346,0.3957597173144876,0.3639575971731449,0.2402826855123676,0.2261484098939929,0.1448763250883391,0.0424028268551236,0.1696113074204947,0.2190812720848058,0.1978798586572439
621020,"Swanson, Dansby",790,0.9018264840182648,565,71.517653595,0.0987341772151898,0.3663716814159292,0.2620253164556962,0.1398230088495575,0.1,7.609428304,20,-18.89993952844891,225,0.2848101265822785,295,0.3734177215189873,2026.0,317.0,0.4290220820189274,0.5709779179810724,0.2996845425867508,0.198738170347003,0.0725552050473186,0.5015772870662462,0.3154574132492114,0.1829652996845424,0.2965299684542587,0.1135646687697161,0.0189274447949526,0.2050473186119874,0.2018927444794953,0.1640378548895897
807799,"Yoshida, Masataka",410,0.9010989010989012,350,71.517172927,0.1780487804878049,0.4314285714285714,0.3682926829268292,0.1657142857142857,0.1414634146341463,7.101162805,0,-5.589348012238059,60,0.1463414634146341,221,0.5390243902439025,2026.0,233.0,0.4978540772532188,0.502145922746781,0.2274678111587983,0.2231759656652359,0.0515021459227467,0.4334763948497852,0.339055793991416,0.2274678111587983,0.2660944206008584,0.1630901287553648,0.0686695278969957,0.1673819742489267,0.1759656652360511,0.1587982832618025
800050,"DeLauter, Chase",805,0.9065315315315317,705,71.507182571,0.1863354037267081,0.3985815602836879,0.3490683229813665,0.1829787234042553,0.1602484472049689,7.155767516,21,-13.926143210877878,100,0.124223602484472,391,0.4857142857142857,2026.0,412.0,0.4393203883495148,0.5606796116504855,0.1966019417475728,0.2718446601941747,0.0922330097087378,0.3786407766990292,0.3567961165048544,0.2645631067961164,0.2184466019417475,0.1771844660194174,0.0436893203883495,0.1601941747572816,0.1796116504854369,0.2208737864077669
687263,"Neto, Zach",1223,0.9019174041297936,840,71.503018316,0.1684382665576451,0.3107142857142857,0.2134096484055601,0.1130952380952381,0.0776778413736713,7.138054595,43,-15.12543306532413,383,0.3131643499591169,364,0.2976287816843826,2026.0,402.0,0.3059701492537313,0.6940298507462684,0.3557213930348257,0.2338308457711442,0.1044776119402985,0.4875621890547265,0.2960199004975125,0.2164179104477612,0.1815920398009952,0.0970149253731343,0.027363184079602,0.3059701492537313,0.1990049751243781,0.1890547263681592
630105,"Cronenworth, Jake",647,0.9036312849162011,514,71.500066167,0.1839258114374034,0.2976653696498054,0.2364760432766615,0.0972762645914396,0.0772797527047913,7.169189552,12,-18.94039965449091,133,0.2055641421947449,250,0.3863987635239567,2026.0,279.0,0.4838709677419354,0.5161290322580645,0.2186379928315411,0.2150537634408602,0.082437275985663,0.3046594982078852,0.4050179211469534,0.2903225806451611,0.1863799283154122,0.2222222222222223,0.0752688172043011,0.1182795698924729,0.1827956989247311,0.21505376344086
608369,"Seager, Corey",743,0.9094247246022032,515,71.486177631,0.1251682368775236,0.374757281553398,0.2597577388963661,0.1844660194174757,0.1278600269179004,6.698026972,25,-22.956983648442325,228,0.3068640646029609,266,0.3580080753701211,2026.0,276.0,0.4456521739130435,0.5543478260869565,0.3007246376811593,0.2173913043478261,0.036231884057971,0.4420289855072465,0.3442028985507246,0.213768115942029,0.2608695652173913,0.1557971014492753,0.0289855072463768,0.1811594202898552,0.1884057971014493,0.1847826086956522
664983,"McCarthy, Jake",936,0.9017341040462428,737,71.479059177,0.1591880341880341,0.3066485753052917,0.2414529914529914,0.112618724559023,0.0886752136752136,7.113139765,9,-7.2223763183303555,199,0.2126068376068376,403,0.4305555555555556,2026.0,454.0,0.4515418502202641,0.5484581497797354,0.2136563876651981,0.2753303964757707,0.0594713656387665,0.3810572687224671,0.3810572687224672,0.2378854625550661,0.2180616740088106,0.1762114537444934,0.0572687224669603,0.1629955947136564,0.2048458149779738,0.1806167400881057
666397,"Julien, Edouard",408,0.9066666666666666,319,71.477923873,0.1519607843137255,0.3573667711598746,0.2794117647058823,0.1473354231974921,0.1151960784313725,6.991182034,7,-17.78282963352061,89,0.2181372549019608,153,0.375,2026.0,165.0,0.5030303030303029,0.4969696969696971,0.2,0.2727272727272729,0.0242424242424242,0.3696969696969697,0.4000000000000001,0.2303030303030303,0.2545454545454547,0.1878787878787879,0.0606060606060606,0.115151515151515,0.2121212121212121,0.1696969696969697
680574,"McLain, Matt",758,0.901307966706302,554,71.471282507,0.1160949868073878,0.3194945848375451,0.233509234828496,0.1281588447653429,0.0936675461741424,6.918870264,24,-35.086243137970776,204,0.2691292875989446,273,0.3601583113456464,2026.0,299.0,0.3511705685618729,0.6488294314381272,0.3545150501672242,0.2006688963210702,0.0936454849498328,0.3779264214046824,0.354515050167224,0.2675585284280935,0.1939799331103679,0.1337792642140468,0.0234113712374581,0.1839464882943144,0.2207357859531772,0.2441471571906353
695734,"Lile, Daylen",1159,0.908307210031348,902,71.45594868,0.1268334771354616,0.3215077605321508,0.2502157031924072,0.1319290465631929,0.1026747195858498,7.461748412,15,-26.815874225196183,257,0.2217428817946505,434,0.3744607420189819,2026.0,475.0,0.3263157894736844,0.6736842105263158,0.3789473684210526,0.2336842105263157,0.0610526315789473,0.4084210526315786,0.305263157894737,0.2863157894736842,0.2000000000000001,0.0968421052631579,0.0294736842105263,0.2084210526315784,0.2084210526315791,0.2568421052631578
682657,"Martínez, Angel",686,0.9050131926121372,549,71.454274606,0.1793002915451895,0.3005464480874317,0.2405247813411078,0.1147540983606557,0.0918367346938775,7.350980671,13,-4.21006385724772,137,0.1997084548104956,260,0.3790087463556851,2026.0,299.0,0.4180602006688965,0.5819397993311038,0.2541806020066889,0.2541806020066891,0.0735785953177257,0.4414715719063543,0.3578595317725752,0.2006688963210702,0.2107023411371236,0.1471571906354515,0.060200668896321,0.2307692307692307,0.2107023411371237,0.1404682274247491
687529,"McCray, Grant",136,0.9006622516556292,87,71.451219485,0.1617647058823529,0.264367816091954,0.1691176470588235,0.1379310344827586,0.088235294117647,7.13727375,7,-7.855568876553062,49,0.3602941176470588,44,0.3235294117647059,2026.0,52.0,0.4615384615384615,0.5384615384615384,0.2307692307692307,0.2115384615384615,0.0961538461538461,0.3461538461538462,0.4423076923076923,0.2115384615384615,0.1730769230769231,0.2499999999999999,0.0384615384615384,0.1730769230769231,0.1923076923076923,0.173076923076923
518595,"d'Arnaud, Travis",142,0.8987341772151899,100,71.441437324,0.1549295774647887,0.33,0.2323943661971831,0.07,0.0492957746478873,7.763881761,2,-9.641970192501333,42,0.2957746478873239,50,0.352112676056338,2026.0,52.0,0.4615384615384615,0.5384615384615384,0.3461538461538461,0.1346153846153846,0.0576923076923077,0.2499999999999999,0.4807692307692308,0.2692307692307693,0.1153846153846153,0.2692307692307693,0.0769230769230769,0.1346153846153845,0.2115384615384615,0.1923076923076923
663656,"Tucker, Kyle",1046,0.9017241379310345,849,71.429589465,0.1931166347992352,0.3297997644287397,0.2676864244741874,0.1012956419316843,0.0822179732313575,7.308159073,15,-28.43455653347128,197,0.1883365200764818,412,0.3938814531548757,2026.0,434.0,0.3686635944700459,0.6313364055299544,0.3479262672811063,0.2188940092165899,0.064516129032258,0.423963133640553,0.3225806451612904,0.2534562211981568,0.2188940092165898,0.1105990783410138,0.0391705069124424,0.2050691244239632,0.2119815668202765,0.2142857142857143
805249,"Kemp, Otto",51,0.8947368421052632,32,71.423190196,0.1568627450980392,0.25,0.1568627450980392,0.03125,0.0196078431372549,7.394518627,1,-5.839305105673046,19,0.3725490196078431,14,0.2745098039215686,2026.0,15.0,0.2666666666666667,0.7333333333333334,0.3333333333333333,0.2666666666666666,0.1333333333333333,0.1333333333333333,0.3333333333333333,0.5333333333333333,0.0666666666666666,0.2,0.0,0.0666666666666666,0.1333333333333333,0.5333333333333333
664774,"Wade Jr., LaMonte",231,0.90234375,176,71.421432338,0.1038961038961039,0.3011363636363636,0.2294372294372294,0.1079545454545454,0.0822510822510822,6.949119524,4,-9.97282089922876,55,0.238095238095238,82,0.354978354978355,2026.0,90.0,0.3777777777777779,0.6222222222222225,0.3000000000000002,0.2444444444444444,0.0777777777777777,0.4222222222222221,0.3222222222222222,0.2555555555555555,0.1444444444444445,0.1555555555555555,0.0777777777777777,0.2777777777777777,0.1666666666666666,0.1777777777777777
649966,"Urías, Luis",104,0.9043478260869564,92,71.417568173,0.2403846153846154,0.2717391304347826,0.2403846153846154,0.0978260869565217,0.0865384615384615,7.69483875,2,-0.8705082406341239,12,0.1153846153846153,41,0.3942307692307692,2026.0,43.0,0.372093023255814,0.627906976744186,0.2790697674418604,0.2325581395348837,0.1162790697674418,0.6046511627906975,0.2558139534883721,0.1395348837209302,0.2790697674418604,0.0930232558139535,0.0,0.325581395348837,0.1627906976744186,0.1395348837209302
650859,"Rengifo, Luis",569,0.9031746031746032,461,71.399255378,0.1704745166959578,0.3492407809110629,0.2829525483304042,0.1084598698481561,0.0878734622144112,7.220702144,3,-25.86885345427404,108,0.1898066783831282,245,0.4305799648506151,2026.0,268.0,0.5410447761194034,0.4589552238805971,0.1753731343283583,0.2388059701492537,0.044776119402985,0.3880597014925375,0.3507462686567164,0.2611940298507462,0.2574626865671642,0.1977611940298508,0.085820895522388,0.1305970149253732,0.1529850746268656,0.1753731343283582
596142,"Sánchez, Gary",346,0.8987012987012987,255,71.395969249,0.2254335260115607,0.3568627450980392,0.2630057803468208,0.1725490196078431,0.1271676300578034,7.252979653,14,-7.901925498900537,91,0.2630057803468208,149,0.430635838150289,2026.0,163.0,0.4294478527607361,0.5705521472392641,0.2638036809815952,0.1901840490797546,0.1165644171779141,0.4294478527607362,0.3680981595092024,0.2024539877300614,0.2515337423312884,0.1411042944785276,0.0368098159509202,0.1779141104294477,0.2269938650306747,0.1656441717791412
693459,"Fedko, Kyler",38,0.9047619047619048,23,71.382807368,0.1052631578947368,0.2608695652173913,0.1578947368421052,0.0869565217391304,0.0526315789473684,6.78688,0,-3.679452165157098,15,0.3947368421052631,8,0.2105263157894736,2026.0,9.0,0.3333333333333333,0.6666666666666667,0.4444444444444444,0.2222222222222222,0.0,0.3333333333333333,0.4444444444444444,0.2222222222222222,0.2222222222222222,0.1111111111111111,0.0,0.1111111111111111,0.3333333333333332,0.2222222222222222
573262,"Yastrzemski, Mike",641,0.9079320113314449,506,71.366329657,0.0826833073322933,0.3498023715415019,0.2761310452418096,0.1284584980237154,0.1014040561622464,7.496984321,16,-16.556557775004837,135,0.2106084243369734,241,0.37597503900156,2026.0,259.0,0.3976833976833979,0.6023166023166023,0.2934362934362933,0.2432432432432432,0.0656370656370656,0.4517374517374516,0.3513513513513513,0.1969111969111969,0.2393822393822393,0.1235521235521233,0.0347490347490347,0.2123552123552122,0.2277992277992279,0.1621621621621622
701678,"Lee, Hao-Yu",555,0.9053833605220228,423,71.362729135,0.2108108108108108,0.359338061465721,0.2738738738738738,0.1489361702127659,0.1135135135135135,6.972463532,15,-3.559808194969305,132,0.2378378378378378,220,0.3963963963963964,2026.0,242.0,0.3925619834710744,0.6074380165289257,0.2644628099173554,0.2644628099173555,0.0785123966942148,0.2727272727272726,0.3842975206611568,0.3429752066115702,0.1280991735537189,0.1942148760330578,0.0702479338842975,0.1446280991735536,0.1900826446280989,0.2727272727272726
800325,"Lara, Luis",317,0.9057142857142856,272,71.360582555,0.167192429022082,0.3235294117647059,0.277602523659306,0.1286764705882352,0.1104100946372239,6.887830978,6,-11.769582408446135,45,0.1419558359621451,141,0.444794952681388,2026.0,144.0,0.5069444444444444,0.4930555555555557,0.1458333333333333,0.3055555555555557,0.0416666666666666,0.3055555555555557,0.3749999999999998,0.3194444444444445,0.2083333333333334,0.2013888888888888,0.0972222222222222,0.0972222222222222,0.1736111111111109,0.2222222222222223
664728,"Isbel, Kyle",457,0.9158316633266532,372,71.355741313,0.1400437636761488,0.3306451612903225,0.2691466083150984,0.1182795698924731,0.0962800875273523,7.135327549,3,-16.389747567199073,85,0.1859956236323851,196,0.4288840262582057,2026.0,228.0,0.4912280701754385,0.5087719298245614,0.206140350877193,0.206140350877193,0.0964912280701754,0.3201754385964911,0.368421052631579,0.3114035087719297,0.1885964912280702,0.1798245614035087,0.1228070175438596,0.1315789473684209,0.1885964912280702,0.18859649122807
672761,"Pérez, Wenceel",277,0.9052287581699346,227,71.354880614,0.1805054151624549,0.3656387665198238,0.2996389891696751,0.1365638766519823,0.111913357400722,6.995309386,0,-16.344221858252077,50,0.1805054151624548,121,0.4368231046931408,2026.0,132.0,0.4166666666666666,0.5833333333333334,0.3181818181818182,0.1363636363636363,0.1287878787878788,0.4469696969696969,0.2803030303030301,0.2727272727272728,0.2500000000000001,0.1136363636363636,0.053030303030303,0.1969696969696968,0.1666666666666664,0.2196969696969697
571970,"Muncy, Max",881,0.904517453798768,623,71.325373087,0.1407491486946651,0.3499197431781701,0.2474460839954597,0.1589085072231139,0.1123723041997729,6.964715358,16,-2.029988264714843,258,0.2928490351872871,309,0.3507377979568672,2026.0,346.0,0.3786127167630054,0.6213872832369941,0.3265895953757224,0.2225433526011561,0.0722543352601156,0.5086705202312134,0.3121387283236996,0.1791907514450868,0.2427745664739886,0.1156069364161849,0.0202312138728323,0.2658959537572247,0.1965317919075146,0.1589595375722544
502671,"Goldschmidt, Paul",645,0.9058988764044944,484,71.313982915,0.1426356589147286,0.3202479338842975,0.2403100775193798,0.1301652892561983,0.0976744186046511,7.536179101,6,-3.123229615240299,161,0.2496124031007752,246,0.3813953488372093,2026.0,262.0,0.431297709923664,0.5687022900763359,0.2938931297709923,0.2061068702290076,0.0687022900763359,0.3244274809160306,0.377862595419847,0.2977099236641223,0.1564885496183207,0.2099236641221372,0.0648854961832061,0.1679389312977098,0.1679389312977097,0.2328244274809162
686894,"Wiemer, Joey",116,0.8992248062015504,83,71.311724397,0.3448275862068966,0.2771084337349397,0.1982758620689655,0.1686746987951807,0.1206896551724138,7.197034224,11,2.624439791654292,33,0.2844827586206896,39,0.3362068965517241,2026.0,41.0,0.5365853658536585,0.4634146341463415,0.1707317073170732,0.2195121951219512,0.073170731707317,0.3658536585365853,0.3170731707317074,0.3170731707317073,0.2195121951219512,0.1951219512195121,0.1219512195121951,0.146341463414634,0.1219512195121952,0.1951219512195121
571448,"Arenado, Nolan",953,0.9016083254493852,747,71.309554092,0.1500524658971669,0.2904953145917001,0.2277019937040923,0.0896921017402945,0.0703043022035676,8.395970651,35,-1.62631298213957,206,0.2161594963273872,370,0.3882476390346275,2026.0,411.0,0.3722627737226279,0.6277372262773724,0.2773722627737228,0.2141119221411192,0.1362530413625303,0.4939172749391726,0.3406326034063259,0.1654501216545012,0.1897810218978101,0.1338199513381995,0.0486618004866179,0.3041362530413625,0.2068126520681263,0.1167883211678832
641487,"Crawford, J.P.",681,0.9019867549668874,570,71.297901395,0.1806167400881057,0.3421052631578947,0.2863436123348017,0.1035087719298245,0.0866372980910425,7.389040426,5,-25.591621274590963,111,0.1629955947136563,292,0.4287812041116006,2026.0,314.0,0.4745222929936303,0.5254777070063694,0.2229299363057324,0.2101910828025477,0.0923566878980892,0.3662420382165602,0.3949044585987261,0.2388535031847133,0.2229299363057323,0.1815286624203821,0.0700636942675158,0.1433121019108279,0.2133757961783439,0.1687898089171974
691026,"Winn, Masyn",779,0.902665121668598,606,71.295843363,0.1527599486521181,0.3580858085808581,0.2785622593068036,0.1386138613861386,0.1078305519897304,7.326844891,11,-24.80088339199068,173,0.2220795892169448,338,0.4338896020539153,2026.0,361.0,0.4404432132963988,0.5595567867036013,0.2105263157894737,0.2659279778393353,0.0831024930747922,0.2991689750692521,0.4044321329639889,0.2963988919667589,0.1745152354570638,0.2049861495844875,0.0609418282548476,0.1246537396121882,0.1994459833795014,0.2354570637119112
681807,"Fry, David",342,0.9,256,71.294315643,0.1403508771929824,0.25,0.1871345029239766,0.08984375,0.067251461988304,8.160288363,17,-9.272814832571664,86,0.2514619883040935,109,0.3187134502923976,2026.0,122.0,0.3688524590163937,0.6311475409836067,0.2950819672131147,0.1639344262295082,0.1721311475409837,0.5409836065573769,0.2950819672131147,0.1639344262295082,0.2131147540983608,0.1393442622950819,0.0163934426229508,0.3278688524590161,0.1557377049180327,0.1475409836065573
805808,"McGonigle, Kevin",1061,0.9029787234042552,906,71.255745401,0.1592836946277096,0.3520971302428256,0.3006597549481621,0.1236203090507726,0.1055607917059378,6.947324524,18,-16.02807158095154,155,0.1460885956644675,468,0.4410933081998115,2026.0,503.0,0.333996023856859,0.6660039761431412,0.3558648111332009,0.2306163021868787,0.0795228628230615,0.3737574552683896,0.3578528827037775,0.2683896620278331,0.1789264413518885,0.1192842942345925,0.0357852882703777,0.1948310139165011,0.238568588469185,0.2326043737574554
665923,"Ruiz, Esteury",399,0.9047619047619048,273,71.247108045,0.18796992481203,0.2161172161172161,0.1478696741854636,0.0695970695970696,0.0476190476190476,7.636560727,10,-8.227412773492748,126,0.3157894736842105,119,0.2982456140350877,2026.0,132.0,0.3030303030303028,0.696969696969697,0.265151515151515,0.2727272727272729,0.1590909090909091,0.5151515151515157,0.2727272727272727,0.2121212121212121,0.1666666666666667,0.1136363636363636,0.0227272727272727,0.3484848484848489,0.1590909090909091,0.1893939393939394
691858,"Serna, Jared",45,0.9183673469387756,34,71.222122222,0.1111111111111111,0.2941176470588235,0.2222222222222222,0.0588235294117647,0.0444444444444444,7.246932,1,-2.7469699737693243,11,0.2444444444444444,16,0.3555555555555555,2026.0,17.0,0.4705882352941176,0.5294117647058825,0.1176470588235294,0.2352941176470588,0.1764705882352941,0.2941176470588235,0.4705882352941177,0.2352941176470588,0.1176470588235294,0.2352941176470588,0.1176470588235294,0.1764705882352941,0.2352941176470589,0.1176470588235294
682177,"Schneemann, Daniel",498,0.9005424954792043,350,71.196405944,0.1144578313253011,0.3028571428571429,0.2128514056224899,0.1228571428571428,0.0863453815261044,7.04000743,12,-17.808057964820524,148,0.2971887550200803,163,0.3273092369477912,2026.0,174.0,0.4367816091954022,0.5632183908045977,0.2873563218390803,0.2298850574712644,0.0459770114942528,0.4770114942528734,0.3505747126436784,0.1724137931034482,0.2816091954022989,0.1379310344827587,0.0172413793103448,0.1954022988505745,0.2126436781609196,0.1551724137931033
609280,"Andujar, Miguel",433,0.9002079002079002,357,71.18961455,0.1916859122401848,0.3165266106442577,0.2609699769053117,0.1176470588235294,0.0969976905311778,7.552831848,9,-7.598708833421803,76,0.1755196304849884,178,0.4110854503464203,2026.0,201.0,0.5323383084577111,0.4676616915422887,0.1791044776119403,0.2288557213930349,0.0597014925373134,0.4477611940298506,0.3582089552238806,0.1940298507462685,0.2487562189054725,0.199004975124378,0.0845771144278606,0.1990049751243781,0.1592039800995026,0.1094527363184078
668715,"Steer, Spencer",611,0.903846153846154,465,71.171335254,0.0834697217675941,0.3440860215053763,0.2618657937806874,0.1526881720430107,0.11620294599018,7.376369885,9,-13.068103519243763,146,0.2389525368248772,242,0.3960720130932897,2026.0,256.0,0.4296874999999999,0.5703125,0.296875,0.1914062499999999,0.08203125,0.4726562499999998,0.3085937500000001,0.2187499999999999,0.2421874999999999,0.1562499999999999,0.03125,0.2304687499999998,0.1523437500000002,0.1874999999999999
667472,"Myers, Dane",485,0.9048507462686568,379,71.154848309,0.1835051546391752,0.3113456464379947,0.2432989690721649,0.1160949868073878,0.090721649484536,7.203589691,7,-6.162708224660878,106,0.2185567010309278,170,0.3505154639175257,2026.0,212.0,0.4528301886792452,0.5471698113207546,0.2452830188679245,0.2358490566037734,0.0660377358490566,0.2594339622641509,0.4481132075471699,0.2924528301886792,0.1886792452830188,0.2122641509433961,0.0518867924528301,0.070754716981132,0.2358490566037737,0.240566037735849
676439,"Feduccia, Hunter",362,0.9027431421446384,288,71.135702514,0.1353591160220994,0.3576388888888889,0.2845303867403315,0.1215277777777777,0.0966850828729281,7.016665552,7,-13.626599049603346,74,0.2044198895027624,139,0.3839779005524862,2026.0,158.0,0.3797468354430379,0.620253164556962,0.3164556962025316,0.2721518987341771,0.0316455696202531,0.3227848101265823,0.4113924050632913,0.2658227848101266,0.1518987341772152,0.170886075949367,0.0569620253164556,0.170886075949367,0.2405063291139242,0.2088607594936709
694378,"Gonzalez, Jacob",422,0.8997867803837953,342,71.132638886,0.1398104265402843,0.2748538011695906,0.2227488151658767,0.1081871345029239,0.0876777251184834,7.213559668,7,-14.072887731550791,80,0.1895734597156398,151,0.3578199052132701,2026.0,164.0,0.426829268292683,0.5731707317073172,0.2560975609756097,0.2378048780487806,0.0792682926829268,0.4207317073170732,0.3353658536585364,0.2439024390243903,0.2195121951219512,0.1524390243902439,0.0548780487804878,0.201219512195122,0.1829268292682925,0.1890243902439025
682641,"Matos, Luis",39,0.9069767441860463,29,71.108372821,0.1282051282051282,0.2413793103448276,0.1794871794871795,0.1034482758620689,0.0769230769230769,7.245812564,2,-1.7360913712774615,10,0.2564102564102564,13,0.3333333333333333,2026.0,13.0,0.5384615384615384,0.4615384615384615,0.0769230769230769,0.0769230769230769,0.3076923076923077,0.3846153846153846,0.4615384615384615,0.1538461538461538,0.3076923076923077,0.1538461538461538,0.0769230769230769,0.0769230769230768,0.3076923076923076,0.0769230769230769
694376,"Whitcomb, Shay",179,0.9132653061224488,129,71.102185922,0.1564245810055865,0.2558139534883721,0.1843575418994413,0.1240310077519379,0.0893854748603352,7.616986648,3,-8.166462099351708,50,0.2793296089385474,67,0.3743016759776536,2026.0,79.0,0.379746835443038,0.6202531645569621,0.3037974683544304,0.2151898734177215,0.1012658227848101,0.3417721518987341,0.3417721518987343,0.3164556962025318,0.189873417721519,0.1392405063291139,0.050632911392405,0.1518987341772151,0.2025316455696204,0.2658227848101267
664761,"Bohm, Alec",930,0.910871694417238,790,71.094532118,0.1408602150537634,0.4025316455696202,0.3419354838709677,0.1620253164556962,0.1376344086021505,7.177387376,8,-19.376786825066745,140,0.1505376344086021,448,0.4817204301075269,2026.0,478.0,0.4748953974895396,0.5251046025104604,0.2301255230125523,0.2489539748953976,0.0460251046025104,0.288702928870293,0.4518828451882848,0.2594142259414226,0.196652719665272,0.2343096234309622,0.0439330543933054,0.092050209205021,0.2175732217573226,0.2154811715481171
681230,"Murray Jr., BJ",22,0.9166666666666666,18,71.086169545,0.1363636363636363,0.2222222222222222,0.1818181818181818,0.0,0.0,6.941838636,0,-2.3452015229487886,4,0.1818181818181818,7,0.3181818181818182,2026.0,7.0,0.2857142857142857,0.7142857142857143,0.5714285714285714,0.0,0.1428571428571428,0.2857142857142857,0.4285714285714286,0.2857142857142857,0.1428571428571428,0.1428571428571428,0.0,0.1428571428571428,0.2857142857142857,0.2857142857142857
596103,"Slater, Austin",118,0.900763358778626,84,71.077563136,0.1016949152542372,0.2976190476190476,0.211864406779661,0.0595238095238095,0.0423728813559322,6.923558983,2,-4.994962437618716,34,0.288135593220339,40,0.3389830508474576,2026.0,45.0,0.4888888888888888,0.5111111111111112,0.2222222222222222,0.2,0.0888888888888889,0.3555555555555555,0.3555555555555555,0.2888888888888888,0.1777777777777778,0.2222222222222222,0.0888888888888888,0.1777777777777777,0.1333333333333333,0.1999999999999999
694410,"Groover, LuJames",77,0.8953488372093024,66,71.061923377,0.1038961038961039,0.4242424242424242,0.3636363636363636,0.1515151515151515,0.1298701298701298,6.894158831,2,-3.785371645953964,11,0.1428571428571428,35,0.4545454545454545,2026.0,37.0,0.4594594594594594,0.5405405405405407,0.2162162162162162,0.1891891891891892,0.1351351351351351,0.4054054054054054,0.3243243243243243,0.2702702702702702,0.2432432432432432,0.1621621621621622,0.054054054054054,0.1621621621621621,0.1621621621621621,0.2162162162162161
701807,"Benge, Carson",1057,0.9026473099914604,838,71.020010208,0.1721854304635761,0.3210023866348448,0.2544938505203405,0.1348448687350835,0.1069063386944181,6.604555506,32,-16.32577224676924,219,0.2071901608325449,407,0.3850520340586565,2026.0,446.0,0.428251121076233,0.5717488789237672,0.2802690582959643,0.2623318385650226,0.0291479820627802,0.3318385650224215,0.3834080717488793,0.2847533632287001,0.1928251121076233,0.1704035874439463,0.0650224215246636,0.1390134529147981,0.213004484304933,0.2197309417040365
675659,"Jones, Greg",31,0.8857142857142857,20,71.007872903,0.1290322580645161,0.25,0.1612903225806451,0.1,0.064516129032258,6.679380968,2,-3.0602720532306766,11,0.3548387096774194,8,0.2580645161290322,2026.0,14.0,0.5714285714285714,0.4285714285714286,0.1428571428571428,0.2142857142857143,0.0714285714285714,0.1428571428571428,0.6428571428571428,0.2142857142857142,0.1428571428571428,0.2857142857142857,0.1428571428571428,0.0,0.3571428571428571,0.0714285714285714
600869,"Candelario, Jeimer",40,0.8888888888888888,21,71.005341,0.15,0.3333333333333333,0.175,0.0952380952380952,0.05,8.00834875,0,-2.7050175174267657,19,0.475,8,0.2,2026.0,10.0,0.4,0.6,0.3999999999999999,0.2,0.0,0.6,0.2,0.2,0.3,0.1,0.0,0.3,0.1,0.2
670770,"Friedl, TJ",356,0.9012658227848102,270,71.003461376,0.1179775280898876,0.3518518518518518,0.2668539325842696,0.1,0.0758426966292134,6.80097927,13,-26.74783303558986,86,0.2415730337078651,153,0.4297752808988764,2026.0,182.0,0.4395604395604395,0.5604395604395607,0.252747252747253,0.2032967032967033,0.1043956043956043,0.3956043956043957,0.3901098901098901,0.2142857142857143,0.2197802197802198,0.1593406593406593,0.0604395604395604,0.1758241758241759,0.2307692307692308,0.1538461538461538
663697,"India, Jonathan",82,0.9010989010989012,67,71.00319939,0.1463414634146341,0.2985074626865671,0.2439024390243902,0.0895522388059701,0.073170731707317,7.386544756,3,-2.7120973589522963,15,0.1829268292682926,35,0.4268292682926829,2026.0,35.0,0.2857142857142857,0.7142857142857142,0.3142857142857142,0.1428571428571428,0.2571428571428572,0.4,0.2857142857142857,0.3142857142857142,0.1428571428571428,0.0571428571428571,0.0857142857142857,0.2571428571428572,0.2285714285714286,0.2285714285714284
656775,"Mullins, Cedric",822,0.9013157894736842,645,70.971455985,0.0936739659367396,0.3193798449612403,0.2506082725060827,0.0992248062015503,0.0778588807785888,7.432921277,10,-38.53423801600962,177,0.2153284671532846,298,0.3625304136253041,2026.0,346.0,0.3265895953757226,0.6734104046242773,0.3208092485549132,0.1820809248554912,0.1705202312138727,0.4595375722543353,0.3092485549132944,0.2312138728323698,0.1705202312138728,0.1127167630057803,0.0433526011560693,0.2890173410404624,0.196531791907514,0.1878612716763004
805347,"Jarvis, Jim",173,0.9010416666666666,141,70.967601214,0.1213872832369942,0.375886524822695,0.3063583815028902,0.1347517730496454,0.1098265895953757,7.115259422,3,-8.223105345487662,32,0.1849710982658959,79,0.4566473988439306,2026.0,92.0,0.5869565217391303,0.4130434782608696,0.1847826086956522,0.2065217391304348,0.0217391304347826,0.2717391304347828,0.5434782608695654,0.1847826086956522,0.1739130434782609,0.3586956521739131,0.0543478260869565,0.0978260869565219,0.1847826086956523,0.1304347826086956
656413,"Fairchild, Stuart",36,0.9,10,70.967086389,0.0277777777777777,0.3,0.0833333333333333,0.2,0.0555555555555555,7.56219,1,-3.028966771991283,26,0.7222222222222222,4,0.1111111111111111,2026.0,5.0,0.6,0.4,0.2,0.2,0.0,0.4,0.6,0.0,0.2,0.4,0.0,0.2,0.1999999999999999,0.0
543309,"Higashioka, Kyle",293,0.8987730061349694,224,70.964737816,0.1126279863481228,0.3258928571428571,0.2491467576791808,0.1160714285714285,0.0887372013651877,7.327369317,9,-8.203228410643009,69,0.2354948805460751,109,0.3720136518771331,2026.0,118.0,0.3389830508474575,0.6610169491525423,0.2796610169491525,0.2796610169491525,0.1016949152542372,0.3813559322033898,0.4152542372881356,0.2033898305084745,0.1779661016949152,0.1101694915254237,0.0508474576271186,0.2033898305084746,0.3050847457627119,0.1525423728813559
656976,"Smith, Pavin",181,0.8960396039603961,152,70.956949337,0.1049723756906077,0.2960526315789473,0.2486187845303867,0.1118421052631579,0.0939226519337016,7.442158674,5,-6.506552960273962,29,0.1602209944751381,71,0.3922651933701657,2026.0,79.0,0.4303797468354432,0.569620253164557,0.3164556962025316,0.1772151898734178,0.0759493670886075,0.4050632911392405,0.2784810126582279,0.3164556962025317,0.2151898734177215,0.1645569620253165,0.050632911392405,0.189873417721519,0.1139240506329114,0.2658227848101266
596115,"Story, Trevor",484,0.906367041198502,336,70.940005599,0.134297520661157,0.2797619047619047,0.1942148760330578,0.1160714285714285,0.0805785123966942,7.411502397,6,-13.166786041479376,148,0.3057851239669421,156,0.3223140495867768,2026.0,165.0,0.4606060606060607,0.5393939393939395,0.2424242424242423,0.2060606060606062,0.0909090909090909,0.4424242424242423,0.3393939393939393,0.2181818181818181,0.2303030303030303,0.1757575757575758,0.0545454545454545,0.212121212121212,0.1636363636363635,0.1636363636363636
605170,"Caratini, Victor",542,0.9063545150501672,430,70.91707179,0.1309963099630996,0.4069767441860465,0.3228782287822878,0.1255813953488372,0.0996309963099631,6.982620535,15,-19.92451777819707,112,0.2066420664206642,241,0.4446494464944649,2026.0,253.0,0.4584980237154151,0.541501976284585,0.2213438735177867,0.2608695652173912,0.0592885375494071,0.3754940711462448,0.3715415019762847,0.2529644268774701,0.2252964426877471,0.1857707509881423,0.0474308300395256,0.1501976284584976,0.1857707509881424,0.2055335968379444
545121,"Vargas, Ildemaro",727,0.904228855721393,631,70.904857689,0.170563961485557,0.358161648177496,0.3108665749656121,0.1299524564183835,0.1127922971114167,7.389603934,11,-17.492954505706624,96,0.1320495185694635,366,0.5034387895460798,2026.0,407.0,0.4373464373464373,0.5626535626535628,0.208845208845209,0.262899262899263,0.0909090909090908,0.402948402948403,0.4127764127764127,0.1842751842751842,0.2088452088452088,0.1793611793611794,0.0491400491400491,0.1941031941031941,0.2334152334152332,0.135135135135135
677008,"Kjerstad, Heston",32,0.8888888888888888,18,70.902080313,0.0625,0.2222222222222222,0.125,0.0555555555555555,0.03125,7.015975,0,-1.5855378598757728,14,0.4375,8,0.25,2026.0,10.0,0.3999999999999999,0.6000000000000001,0.2,0.4000000000000001,0.0,0.3,0.4,0.3,0.0999999999999999,0.0999999999999999,0.1999999999999999,0.2,0.3,0.1
666931,"Oliva, Jared",12,0.9230769230769232,10,70.8888775,0.1666666666666666,0.5,0.4166666666666667,0.2,0.1666666666666666,7.885349167,0,-0.2978310790985576,2,0.1666666666666666,6,0.5,2026.0,6.0,0.5,0.5,0.3333333333333333,0.1666666666666666,0.0,0.3333333333333333,0.5,0.1666666666666666,0.1666666666666666,0.3333333333333333,0.0,0.1666666666666666,0.1666666666666666,0.1666666666666666
668227,"Arozarena, Randy",1074,0.9002514668901928,813,70.88877095,0.2243947858472998,0.3480934809348093,0.2635009310986965,0.1476014760147601,0.1117318435754189,7.214199032,19,-6.138154698365951,261,0.2430167597765363,379,0.3528864059590316,2026.0,427.0,0.4847775175644028,0.5152224824355972,0.2388758782201404,0.2318501170960189,0.0444964871194379,0.3559718969555035,0.3840749414519909,0.259953161592506,0.1943793911007026,0.2248243559718969,0.0655737704918033,0.1615925058548008,0.159250585480094,0.1943793911007026
683011,"Volpe, Anthony",394,0.8995433789954338,300,70.884776523,0.1395939086294416,0.3266666666666666,0.248730964467005,0.1233333333333333,0.0939086294416243,7.060803096,8,-15.704087882831372,94,0.2385786802030456,151,0.383248730964467,2026.0,165.0,0.4303030303030303,0.5696969696969697,0.2303030303030303,0.2727272727272727,0.0666666666666667,0.3272727272727271,0.4545454545454545,0.2181818181818181,0.1696969696969697,0.2181818181818181,0.0424242424242424,0.1575757575757574,0.2363636363636364,0.1757575757575757
679822,"Foscue, Justin",394,0.8954545454545455,318,70.881668477,0.1091370558375634,0.3270440251572327,0.2639593908629442,0.1383647798742138,0.1116751269035533,7.126977792,4,4.62628124921799,76,0.1928934010152284,146,0.3705583756345177,2026.0,163.0,0.3680981595092024,0.6319018404907977,0.3128834355828221,0.2085889570552148,0.1104294478527607,0.4478527607361963,0.3558282208588958,0.1963190184049079,0.2147239263803681,0.1226993865030675,0.0306748466257668,0.2331288343558282,0.2331288343558282,0.1656441717791411
663837,"Vierling, Matt",474,0.9080459770114944,389,70.867111477,0.0759493670886076,0.3573264781491002,0.2932489451476793,0.1336760925449871,0.1097046413502109,7.422233523,2,-18.10407662945574,85,0.1793248945147679,210,0.4430379746835443,2026.0,223.0,0.3721973094170405,0.6278026905829596,0.2825112107623317,0.2331838565022421,0.1121076233183856,0.3363228699551569,0.4080717488789236,0.2556053811659191,0.2152466367713004,0.1300448430493274,0.0269058295964125,0.1210762331838565,0.2780269058295962,0.2286995515695065
687093,"Grissom, Vaughn",746,0.9020556227327692,592,70.862533673,0.1595174262734584,0.3327702702702703,0.2640750670241287,0.1266891891891892,0.1005361930294906,7.214089611,22,-10.831075062938584,154,0.2064343163538874,298,0.3994638069705093,2026.0,337.0,0.4480712166172104,0.5519287833827896,0.249258160237389,0.2433234421364984,0.0593471810089021,0.3946587537091987,0.3857566765578636,0.2195845697329378,0.2373887240356083,0.1810089020771513,0.029673590504451,0.1572700296735904,0.2047477744807123,0.1899109792284867
661531,"Serven, Brian",139,0.9025974025974026,102,70.836408489,0.0719424460431654,0.3725490196078431,0.2733812949640288,0.1568627450980392,0.1151079136690647,7.406251439,4,-4.922176408717076,37,0.2661870503597122,54,0.3884892086330935,2026.0,57.0,0.4561403508771929,0.5438596491228069,0.3157894736842104,0.2105263157894737,0.0175438596491228,0.3859649122807018,0.4561403508771929,0.1578947368421052,0.2105263157894736,0.2280701754385966,0.0175438596491228,0.1754385964912281,0.2280701754385963,0.1403508771929824
669242,"Edman, Tommy",490,0.9090909090909092,381,70.833257286,0.1428571428571429,0.3202099737532808,0.2489795918367346,0.1338582677165354,0.1040816326530612,7.001071918,2,-8.675523399145098,109,0.2224489795918367,205,0.4183673469387755,2026.0,221.0,0.4570135746606335,0.5429864253393667,0.2850678733031676,0.1990950226244343,0.0588235294117647,0.4298642533936651,0.3438914027149322,0.2262443438914027,0.262443438914027,0.1628959276018099,0.0316742081447964,0.167420814479638,0.1809954751131222,0.1945701357466063
690976,"Freeland, Alex",391,0.9093023255813952,290,70.828658977,0.0895140664961637,0.3586206896551724,0.2659846547314578,0.1448275862068965,0.1074168797953964,6.883798082,14,-12.65274731915867,101,0.258312020460358,148,0.3785166240409207,2026.0,162.0,0.4691358024691359,0.5308641975308642,0.2469135802469135,0.2345679012345679,0.0493827160493827,0.3456790123456792,0.3765432098765434,0.2777777777777777,0.2160493827160493,0.2160493827160493,0.037037037037037,0.1296296296296299,0.160493827160494,0.2407407407407407
666971,"Gurriel Jr., Lourdes",329,0.90633608815427,258,70.822242796,0.1094224924012158,0.3449612403100775,0.270516717325228,0.0930232558139534,0.0729483282674772,7.54816617,6,-17.334611610792916,71,0.21580547112462,133,0.4042553191489361,2026.0,151.0,0.4238410596026489,0.5761589403973512,0.2185430463576159,0.2384105960264902,0.119205298013245,0.390728476821192,0.3708609271523179,0.2384105960264901,0.2119205298013245,0.1655629139072848,0.0463576158940397,0.1788079470198674,0.205298013245033,0.1920529801324504
693304,"Gonzales, Nick",1013,0.9068934646374216,801,70.809745331,0.1194471865745311,0.3108614232209737,0.2458045409674235,0.1011235955056179,0.0799605133267522,7.390602182,15,-13.313322036136723,212,0.209279368213228,408,0.4027640671273445,2026.0,449.0,0.5189309576837416,0.4810690423162583,0.2138084632516703,0.2383073496659243,0.0289532293986637,0.3630289532293987,0.3608017817371939,0.2761692650334075,0.2605790645879731,0.1915367483296214,0.0668151447661469,0.1024498886414255,0.1692650334075724,0.2093541202672605
669256,"Solak, Nick",10,0.9090909090909092,10,70.790491,0.2,0.5,0.5,0.1,0.1,7.270808,0,-1.158104626777846,0,0.0,7,0.7,2026.0,8.0,0.5,0.5,0.25,0.25,0.0,0.125,0.625,0.25,0.125,0.375,0.0,0.0,0.25,0.25
805346,"Ross, Ben",39,0.9069767441860463,23,70.783590513,0.0512820512820512,0.1304347826086956,0.0769230769230769,0.1304347826086956,0.0769230769230769,7.155290513,1,-1.0126580836617871,16,0.4102564102564102,9,0.2307692307692307,2026.0,10.0,0.3999999999999999,0.6,0.2,0.1999999999999999,0.1999999999999999,0.4,0.3,0.3,0.3,0.1,0.0,0.0999999999999999,0.1999999999999999,0.3
673995,"Wendzel, Davis",13,0.9285714285714286,11,70.761064615,0.3076923076923077,0.2727272727272727,0.2307692307692307,0.0909090909090909,0.0769230769230769,6.714874615,0,-1.4381581105494257,2,0.1538461538461538,4,0.3076923076923077,2026.0,4.0,0.25,0.75,0.25,0.25,0.25,0.25,0.5,0.25,0.25,0.0,0.0,0.0,0.5,0.25
669384,"Delgado, Raynel",61,0.9384615384615383,46,70.737501967,0.0491803278688524,0.4130434782608695,0.3114754098360656,0.0652173913043478,0.0491803278688524,7.257628525,1,-2.918922289174942,15,0.2459016393442623,29,0.4754098360655737,2026.0,31.0,0.5483870967741935,0.4516129032258065,0.2258064516129032,0.1935483870967742,0.032258064516129,0.5161290322580645,0.3225806451612903,0.1612903225806452,0.2580645161290323,0.2258064516129032,0.064516129032258,0.2580645161290321,0.0967741935483871,0.0967741935483871
571771,"Hernández, Enrique",152,0.8994082840236687,115,70.732588816,0.1447368421052632,0.3391304347826087,0.2565789473684211,0.1304347826086956,0.0986842105263157,7.541865526,6,-4.779104109383844,37,0.2434210526315789,56,0.3684210526315789,2026.0,57.0,0.4210526315789472,0.5789473684210528,0.2105263157894737,0.280701754385965,0.087719298245614,0.2456140350877193,0.4912280701754384,0.2631578947368421,0.1403508771929824,0.2280701754385965,0.0526315789473684,0.1052631578947368,0.2631578947368419,0.2105263157894736
656811,"O'Hearn, Ryan",718,0.9100126742712294,576,70.719880919,0.086350974930362,0.3385416666666667,0.2715877437325905,0.1215277777777777,0.0974930362116991,7.131435139,13,-8.27144827373926,142,0.1977715877437326,287,0.3997214484679666,2026.0,307.0,0.4201954397394139,0.5798045602605862,0.2833876221498372,0.2410423452768728,0.0553745928338761,0.4006514657980457,0.3420195439739413,0.2573289902280129,0.2084690553745929,0.1563517915309445,0.0553745928338762,0.1921824104234528,0.1856677524429968,0.2019543973941366
676914,"Schneider, Davis",224,0.9032258064516128,151,70.712385982,0.1026785714285714,0.3178807947019867,0.2142857142857142,0.1390728476821192,0.09375,7.052475804,5,-9.655757601975065,73,0.3258928571428571,65,0.2901785714285714,2026.0,73.0,0.3287671232876714,0.6712328767123289,0.4246575342465754,0.1369863013698631,0.1095890410958904,0.4246575342465754,0.3424657534246577,0.2328767123287671,0.2191780821917808,0.0547945205479451,0.0547945205479452,0.2054794520547945,0.2876712328767125,0.1780821917808219
663757,"Grisham, Trent",678,0.9064171122994652,571,70.708871814,0.0870206489675516,0.4115586690017513,0.3466076696165192,0.1821366024518388,0.1533923303834808,7.35300795,6,-19.562742263689778,107,0.1578171091445427,311,0.4587020648967551,2026.0,333.0,0.3813813813813815,0.6186186186186183,0.3003003003003,0.2252252252252251,0.0930930930930931,0.4444444444444446,0.3843843843843845,0.1711711711711712,0.2282282282282283,0.1261261261261262,0.027027027027027,0.2162162162162162,0.2582582582582583,0.1441441441441441
695391,"Harris, Brett",65,0.9027777777777778,48,70.703640308,0.0615384615384615,0.3125,0.2307692307692307,0.1041666666666666,0.0769230769230769,7.281610923,2,-4.256808378135438,17,0.2615384615384615,22,0.3384615384615385,2026.0,24.0,0.5416666666666667,0.4583333333333334,0.2083333333333333,0.2083333333333334,0.0416666666666666,0.1666666666666666,0.625,0.2083333333333333,0.1666666666666666,0.25,0.125,0.0,0.375,0.0833333333333333
681393,"Norby, Connor",648,0.9012517385257302,488,70.698524306,0.095679012345679,0.2725409836065574,0.2052469135802469,0.096311475409836,0.0725308641975308,7.035031173,25,-15.004379407821016,160,0.2469135802469135,210,0.324074074074074,2026.0,219.0,0.3698630136986301,0.6301369863013698,0.3698630136986301,0.2009132420091324,0.0593607305936072,0.4063926940639269,0.3698630136986302,0.2237442922374428,0.2054794520547945,0.1369863013698631,0.0273972602739726,0.2009132420091323,0.232876712328767,0.1963470319634702
663647,"Hayes, Ke'Bryan",363,0.9143576826196472,281,70.696101433,0.0550964187327823,0.4270462633451957,0.3305785123966942,0.1672597864768683,0.1294765840220385,6.821033829,3,-26.339906571616226,82,0.2258953168044077,173,0.4765840220385675,2026.0,179.0,0.3463687150837989,0.6536312849162014,0.3128491620111733,0.2905027932960894,0.0502793296089385,0.3072625698324021,0.3966480446927375,0.2960893854748604,0.1620111731843576,0.1675977653631284,0.0167597765363128,0.1452513966480445,0.2290502793296091,0.2793296089385475
669398,"Workman, Gage",82,0.9111111111111112,55,70.682596951,0.1097560975609756,0.3636363636363636,0.2439024390243902,0.1454545454545454,0.0975609756097561,6.924650976,0,-4.058764779098605,27,0.3292682926829268,23,0.2804878048780488,2026.0,24.0,0.375,0.625,0.3333333333333333,0.2916666666666667,0.0,0.3333333333333334,0.2916666666666667,0.3749999999999999,0.125,0.1666666666666666,0.0833333333333333,0.2083333333333334,0.125,0.2916666666666666
640902,"Pereda, Jhonny",174,0.9015544041450776,137,70.659709425,0.057471264367816,0.3503649635036496,0.2758620689655172,0.1313868613138686,0.1034482758620689,7.32454,1,-6.248260882739234,37,0.2126436781609195,65,0.3735632183908046,2026.0,69.0,0.3913043478260871,0.6086956521739131,0.1304347826086956,0.4202898550724637,0.0579710144927536,0.318840579710145,0.391304347826087,0.2898550724637683,0.1159420289855072,0.1594202898550726,0.1159420289855072,0.2028985507246377,0.2318840579710144,0.1739130434782611
668670,"Rogers, Jake",254,0.900709219858156,191,70.626618189,0.0472440944881889,0.3246073298429319,0.2440944881889764,0.094240837696335,0.0708661417322834,7.56328622,12,-9.952029868052882,63,0.2480314960629921,88,0.3464566929133858,2026.0,96.0,0.3750000000000001,0.625,0.3541666666666666,0.1770833333333334,0.0937499999999999,0.4479166666666666,0.3645833333333334,0.1875,0.1875,0.1458333333333333,0.0416666666666666,0.2604166666666666,0.2187500000000001,0.1458333333333334
606115,"Arcia, Orlando",75,0.9036144578313252,61,70.623119867,0.1333333333333333,0.4098360655737705,0.3333333333333333,0.0491803278688524,0.04,7.810489867,3,-0.3632711759136883,14,0.1866666666666666,37,0.4933333333333333,2026.0,40.0,0.5500000000000002,0.45,0.2,0.2,0.0499999999999999,0.3500000000000001,0.3499999999999999,0.3,0.225,0.2750000000000001,0.0499999999999999,0.125,0.0749999999999998,0.25
666126,"Cortes, Carlos",592,0.8983308042488619,460,70.621249831,0.1283783783783783,0.3391304347826087,0.2635135135135135,0.1413043478260869,0.1097972972972973,7.025365203,11,-22.606791875995096,132,0.2229729729729729,240,0.4054054054054054,2026.0,278.0,0.4496402877697839,0.5503597122302156,0.2158273381294964,0.2553956834532371,0.079136690647482,0.3021582733812948,0.4280575539568343,0.2697841726618706,0.1618705035971223,0.2302158273381296,0.0575539568345324,0.1402877697841724,0.1978417266187047,0.2122302158273382
664068,"Kingery, Scott",7,0.875,6,70.614314286,0.0,0.1666666666666666,0.1428571428571428,0.0,0.0,7.31215,0,-1.0261613134998568,1,0.1428571428571428,3,0.4285714285714285,2026.0,4.0,0.25,0.75,0.5,0.0,0.25,0.5,0.25,0.25,0.0,0.25,0.0,0.5,0.0,0.25
650559,"De La Cruz, Bryan",143,0.89937106918239,115,70.613174825,0.1538461538461538,0.3217391304347826,0.2587412587412587,0.1130434782608695,0.0909090909090909,7.317705105,8,-1.128377914926436,28,0.1958041958041958,58,0.4055944055944055,2026.0,58.0,0.5344827586206895,0.4655172413793104,0.1379310344827586,0.2931034482758621,0.0344827586206896,0.3965517241379309,0.3620689655172414,0.2413793103448275,0.2758620689655173,0.1724137931034483,0.0862068965517241,0.1206896551724136,0.189655172413793,0.1551724137931034
668939,"Rutschman, Adley",604,0.9014925373134328,519,70.610740315,0.119205298013245,0.3583815028901734,0.3079470198675497,0.1368015414258188,0.1175496688741721,6.932104421,14,-7.544686939205447,85,0.140728476821192,269,0.445364238410596,2026.0,299.0,0.3979933110367892,0.6020066889632111,0.3043478260869568,0.2508361204013377,0.0468227424749164,0.3779264214046823,0.3979933110367893,0.2240802675585284,0.1839464882943143,0.1672240802675584,0.0468227424749164,0.1939799331103679,0.2307692307692309,0.177257525083612
703492,"Morabito, Nick",60,0.9090909090909092,45,70.6062385,0.2333333333333333,0.3777777777777777,0.2833333333333333,0.1777777777777777,0.1333333333333333,6.8208185,3,-3.1665343085202644,15,0.25,24,0.4,2026.0,25.0,0.48,0.5200000000000001,0.12,0.2800000000000001,0.1199999999999999,0.3599999999999999,0.44,0.1999999999999999,0.24,0.16,0.08,0.1199999999999998,0.2799999999999999,0.1199999999999999
686469,"Pasquantino, Vinnie",783,0.90625,681,70.597005824,0.10727969348659,0.3392070484581498,0.2950191570881226,0.1395007342143906,0.1213282247765006,7.376584853,12,-16.63180579616655,102,0.1302681992337164,326,0.4163473818646232,2026.0,346.0,0.3121387283236994,0.6878612716763007,0.3121387283236996,0.2572254335260115,0.1184971098265895,0.4393063583815028,0.3583815028901733,0.2023121387283236,0.1878612716763006,0.0953757225433526,0.0289017341040462,0.2514450867052021,0.2630057803468206,0.1734104046242774
608348,"Kelly, Carson",663,0.9057377049180328,531,70.588238914,0.085972850678733,0.352165725047081,0.282051282051282,0.1242937853107344,0.0995475113122171,6.941252353,5,-13.503558777960915,132,0.1990950226244343,284,0.4283559577677224,2026.0,310.0,0.4612903225806453,0.538709677419355,0.2419354838709677,0.2193548387096776,0.0774193548387097,0.3935483870967742,0.4000000000000004,0.2064516129032259,0.2225806451612902,0.1967741935483871,0.0419354838709677,0.170967741935484,0.2032258064516133,0.1645161290322582
663886,"Stephenson, Tyler",741,0.9080882352941176,564,70.586488259,0.078272604588394,0.3351063829787234,0.2550607287449393,0.1400709219858156,0.1066126855600539,7.395623644,26,-17.501415374743303,177,0.2388663967611336,263,0.3549257759784076,2026.0,286.0,0.3356643356643357,0.6643356643356644,0.3251748251748251,0.2867132867132866,0.0524475524475524,0.3636363636363635,0.3601398601398601,0.2762237762237762,0.1713286713286715,0.1433566433566433,0.0209790209790209,0.192307692307692,0.2167832167832168,0.2552447552447552
702616,"Holliday, Jackson",532,0.9032258064516128,398,70.558466861,0.0620300751879699,0.3517587939698492,0.2631578947368421,0.1155778894472361,0.0864661654135338,7.034651898,12,-16.688681068988743,134,0.2518796992481203,219,0.4116541353383459,2026.0,236.0,0.4406779661016951,0.5593220338983054,0.2415254237288136,0.2542372881355934,0.0635593220338983,0.3389830508474578,0.3940677966101695,0.2669491525423728,0.1906779661016948,0.1906779661016948,0.0593220338983051,0.148305084745763,0.2033898305084746,0.2076271186440677
671289,"Freeman, Tyler",424,0.8983050847457628,380,70.539777524,0.1273584905660377,0.3342105263157894,0.2995283018867924,0.1289473684210526,0.115566037735849,7.016817123,5,-15.286710131610477,44,0.1037735849056603,198,0.4669811320754717,2026.0,228.0,0.5175438596491223,0.4824561403508773,0.2017543859649122,0.2324561403508773,0.0482456140350877,0.337719298245614,0.3552631578947368,0.3070175438596494,0.2149122807017544,0.2017543859649122,0.1008771929824561,0.1228070175438596,0.1535087719298245,0.2061403508771933
457705,"McCutchen, Andrew",141,0.8980891719745223,99,70.534003972,0.0425531914893617,0.2828282828282828,0.1985815602836879,0.0808080808080808,0.0567375886524822,7.432390922,4,-8.209111536493259,42,0.2978723404255319,49,0.3475177304964539,2026.0,52.0,0.3653846153846155,0.6346153846153846,0.3653846153846153,0.1346153846153846,0.1346153846153846,0.3269230769230769,0.4999999999999999,0.1730769230769231,0.1923076923076923,0.1538461538461539,0.0192307692307692,0.1346153846153845,0.346153846153846,0.1538461538461538
628451,"Ibáñez, Andy",47,0.9215686274509804,38,70.511407447,0.0638297872340425,0.3684210526315789,0.2978723404255319,0.0526315789473684,0.0425531914893617,7.462472979,0,-3.5737833578116547,9,0.1914893617021276,21,0.4468085106382978,2026.0,22.0,0.3636363636363636,0.6363636363636364,0.5,0.1363636363636363,0.0,0.5454545454545456,0.3181818181818182,0.1363636363636363,0.2272727272727272,0.1363636363636363,0.0,0.3181818181818184,0.1818181818181818,0.1363636363636363
642851,"Wynns, Austin",156,0.9017341040462428,118,70.490578333,0.1346153846153846,0.2288135593220339,0.173076923076923,0.059322033898305,0.0448717948717948,7.4281025,4,-8.868902598274705,38,0.2435897435897435,50,0.3205128205128205,2026.0,60.0,0.3999999999999999,0.6000000000000001,0.25,0.25,0.1,0.3666666666666666,0.3666666666666666,0.2666666666666667,0.1666666666666667,0.1833333333333334,0.05,0.1999999999999999,0.1833333333333332,0.2166666666666667
673962,"Jung, Josh",680,0.9103078982597056,569,70.460891485,0.0838235294117646,0.3884007029876977,0.325,0.156414762741652,0.1308823529411764,7.001848529,15,0.8191526979630999,111,0.163235294117647,302,0.4441176470588235,2026.0,321.0,0.4236760124610595,0.5763239875389409,0.2305295950155763,0.3115264797507788,0.0342679127725857,0.3925233644859814,0.3520249221183801,0.2554517133956386,0.2274143302180684,0.1651090342679127,0.0311526479750778,0.1651090342679129,0.1869158878504673,0.2242990654205607
669707,"Triolo, Jared",522,0.9078260869565218,417,70.456214866,0.0478927203065134,0.3477218225419664,0.2777777777777778,0.1247002398081534,0.0996168582375478,7.641415824,10,-18.71753481436061,105,0.2011494252873563,238,0.4559386973180077,2026.0,254.0,0.5078740157480316,0.4921259842519684,0.1850393700787402,0.2716535433070866,0.0354330708661417,0.3858267716535434,0.358267716535433,0.2559055118110233,0.2952755905511809,0.1259842519685039,0.0866141732283465,0.0905511811023624,0.232283464566929,0.1692913385826767
683734,"Vaughn, Andrew",448,0.9050505050505052,368,70.442986049,0.1294642857142857,0.4130434782608695,0.3392857142857143,0.1413043478260869,0.1160714285714285,7.156394509,8,-5.560954615638607,80,0.1785714285714285,209,0.4665178571428571,2026.0,237.0,0.4514767932489451,0.5485232067510548,0.2405063291139241,0.2489451476793247,0.0590717299578059,0.3206751054852317,0.3881856540084389,0.2911392405063292,0.1729957805907174,0.2025316455696203,0.0759493670886076,0.1476793248945143,0.1856540084388186,0.2151898734177216
663368,"Perkins, Blake",150,0.9036144578313252,118,70.430577133,0.0866666666666666,0.3135593220338983,0.2466666666666666,0.1016949152542373,0.08,7.397832867,1,-7.451136976736205,32,0.2133333333333333,58,0.3866666666666666,2026.0,68.0,0.4411764705882353,0.5588235294117648,0.2205882352941176,0.2058823529411764,0.1323529411764706,0.4264705882352941,0.3088235294117646,0.2647058823529413,0.2058823529411765,0.2058823529411764,0.0294117647058823,0.2205882352941176,0.1029411764705882,0.2352941176470589
602104,"Urías, Ramón",156,0.912280701754386,122,70.427999808,0.0576923076923076,0.3360655737704918,0.2628205128205128,0.1229508196721311,0.0961538461538461,7.383530256,4,-7.147160844702022,34,0.2179487179487179,62,0.3974358974358974,2026.0,69.0,0.3913043478260868,0.6086956521739133,0.3623188405797102,0.1304347826086957,0.1159420289855072,0.3188405797101449,0.4492753623188407,0.2318840579710145,0.1884057971014493,0.1884057971014493,0.0144927536231884,0.1304347826086956,0.2608695652173913,0.2173913043478261
805999,"Ewing, A.J.",766,0.9043683589138136,587,70.422988982,0.1240208877284595,0.3304940374787052,0.2532637075718015,0.1345826235093696,0.1031331592689295,6.50826812,23,-22.402969249097108,179,0.2336814621409921,286,0.3733681462140992,2026.0,315.0,0.4634920634920635,0.5365079365079365,0.2444444444444443,0.2507936507936508,0.0412698412698413,0.3079365079365077,0.4095238095238095,0.2825396825396825,0.1777777777777777,0.2063492063492064,0.0793650793650793,0.13015873015873,0.203174603174603,0.2031746031746031
680474,"Schuemann, Max",126,0.9130434782608696,91,70.402333333,0.0714285714285714,0.3186813186813186,0.2301587301587301,0.1098901098901098,0.0793650793650793,7.32369381,2,-3.125086024865409,35,0.2777777777777778,41,0.3253968253968254,2026.0,51.0,0.3333333333333334,0.6666666666666666,0.372549019607843,0.2156862745098039,0.0784313725490196,0.3921568627450981,0.3333333333333333,0.2745098039215685,0.1372549019607843,0.1568627450980391,0.0392156862745098,0.2549019607843138,0.1764705882352941,0.2352941176470587
644433,"Tromp, Chadwick",85,0.913978494623656,64,70.352167765,0.0941176470588235,0.265625,0.2,0.03125,0.0235294117647058,8.167352118,2,-6.546926945845106,21,0.2470588235294117,32,0.3764705882352941,2026.0,38.0,0.4736842105263157,0.5263157894736843,0.2368421052631578,0.2105263157894737,0.0789473684210526,0.3421052631578946,0.3421052631578947,0.3157894736842105,0.2631578947368421,0.1842105263157894,0.0263157894736842,0.0789473684210525,0.1578947368421052,0.2894736842105263
670097,"Short, Zack",107,0.9145299145299144,73,70.328213925,0.0373831775700934,0.3150684931506849,0.2149532710280373,0.0547945205479452,0.0373831775700934,7.136677664,0,-7.943564674422279,34,0.3177570093457944,29,0.2710280373831775,2026.0,34.0,0.2058823529411765,0.7941176470588235,0.4705882352941176,0.1470588235294117,0.1764705882352941,0.3823529411764705,0.411764705882353,0.2058823529411765,0.1176470588235294,0.0588235294117647,0.0294117647058823,0.2647058823529411,0.3529411764705883,0.1764705882352941
668800,"Knizner, Andrew",121,0.9029850746268656,93,70.316660496,0.0743801652892562,0.3333333333333333,0.256198347107438,0.1290322580645161,0.0991735537190082,7.170355124,7,-2.73857947083764,28,0.2314049586776859,50,0.4132231404958678,2026.0,58.0,0.3620689655172412,0.6379310344827589,0.3103448275862069,0.1724137931034483,0.1551724137931034,0.3448275862068965,0.4655172413793104,0.1896551724137931,0.1724137931034482,0.1896551724137931,0.0,0.1724137931034482,0.2758620689655173,0.1896551724137931
665804,"Amaya, Miguel",404,0.9017857142857144,296,70.281650297,0.0965346534653465,0.3209459459459459,0.2351485148514851,0.0912162162162162,0.0668316831683168,7.447248441,7,-14.115507678372678,108,0.2673267326732673,133,0.3292079207920792,2026.0,148.0,0.3445945945945945,0.6554054054054054,0.331081081081081,0.2094594594594594,0.1148648648648648,0.385135135135135,0.3648648648648648,0.2500000000000002,0.1824324324324324,0.1283783783783784,0.0337837837837837,0.2027027027027026,0.2364864864864863,0.2162162162162164
666018,"Aranda, Jonathan",1084,0.9033333333333332,851,70.261027915,0.1282287822878228,0.3501762632197415,0.2749077490774907,0.1421856639247943,0.1116236162361623,7.124920932,20,-6.586940577522915,233,0.2149446494464944,384,0.3542435424354243,2026.0,422.0,0.3720379146919433,0.627962085308057,0.3104265402843603,0.2772511848341231,0.0402843601895734,0.3009478672985786,0.3981042654028437,0.3009478672985786,0.1398104265402844,0.1800947867298578,0.0521327014218009,0.1611374407582942,0.2180094786729858,0.2488151658767776
682997,"Callihan, Tyler",203,0.9103139013452914,131,70.233019409,0.1083743842364532,0.2061068702290076,0.1330049261083744,0.0763358778625954,0.0492610837438423,7.490657192,1,-8.877545076490666,72,0.354679802955665,48,0.2364532019704433,2026.0,59.0,0.2542372881355932,0.7457627118644068,0.4237288135593219,0.2372881355932204,0.0847457627118644,0.4406779661016949,0.3389830508474578,0.2203389830508475,0.1016949152542372,0.1186440677966102,0.0338983050847457,0.3389830508474576,0.2203389830508475,0.1864406779661017
665506,"Pache, Cristian",18,0.9,13,70.227948889,0.0555555555555555,0.0769230769230769,0.0555555555555555,0.0769230769230769,0.0555555555555555,7.143336667,0,-1.640048589499844,5,0.2777777777777778,3,0.1666666666666666,2026.0,4.0,0.25,0.75,0.25,0.25,0.25,0.25,0.25,0.5,0.0,0.25,0.0,0.25,0.0,0.5
664059,"Haggerty, Sam",75,0.9036144578313252,53,70.225228267,0.0933333333333333,0.2452830188679245,0.1733333333333333,0.0377358490566037,0.0266666666666666,7.023559733,3,-7.133184521232064,22,0.2933333333333333,24,0.32,2026.0,28.0,0.5357142857142857,0.4642857142857143,0.2142857142857142,0.1071428571428571,0.1428571428571428,0.3928571428571429,0.3928571428571428,0.2142857142857142,0.2500000000000001,0.25,0.0357142857142857,0.1428571428571428,0.1428571428571428,0.1785714285714285
645305,"Sánchez, Ali",136,0.9066666666666666,111,70.208982794,0.0735294117647058,0.2972972972972973,0.2426470588235294,0.0990990990990991,0.0808823529411764,7.230612868,0,-3.2721287208846945,25,0.1838235294117647,58,0.4264705882352941,2026.0,63.0,0.4285714285714285,0.5714285714285714,0.1746031746031746,0.238095238095238,0.1587301587301587,0.3809523809523809,0.3333333333333333,0.2857142857142857,0.253968253968254,0.0952380952380952,0.0793650793650793,0.1269841269841268,0.238095238095238,0.2063492063492063
692216,"Kayfus, CJ",51,0.9107142857142856,33,70.208144314,0.1764705882352941,0.2424242424242424,0.1568627450980392,0.1212121212121212,0.0784313725490196,6.641878039,0,-1.5942990934507033,18,0.3529411764705882,11,0.2156862745098039,2026.0,14.0,0.2857142857142857,0.7142857142857144,0.5000000000000001,0.0714285714285714,0.1428571428571428,0.2142857142857142,0.7142857142857143,0.0714285714285714,0.0714285714285714,0.2142857142857143,0.0,0.1428571428571428,0.5,0.0714285714285714
690022,"Ritter, Ryan",33,0.8918918918918919,21,70.180056364,0.0606060606060606,0.3809523809523809,0.2424242424242424,0.0952380952380952,0.0606060606060606,6.531915152,1,-2.811850015790569,12,0.3636363636363636,10,0.303030303030303,2026.0,12.0,0.4166666666666667,0.5833333333333333,0.1666666666666666,0.4166666666666666,0.0,0.25,0.6666666666666666,0.0833333333333333,0.1666666666666666,0.2499999999999999,0.0,0.0833333333333333,0.4166666666666666,0.0833333333333333
641680,"Heim, Jonah",610,0.9063893016344724,483,70.172385131,0.1131147540983606,0.3271221532091097,0.2590163934426229,0.0910973084886128,0.0721311475409836,7.580283738,10,-27.76138420080901,127,0.2081967213114754,250,0.4098360655737705,2026.0,289.0,0.4394463667820066,0.560553633217993,0.2664359861591694,0.2110726643598615,0.0830449826989619,0.3910034602076127,0.4048442906574394,0.204152249134948,0.2525951557093426,0.1453287197231833,0.0415224913494809,0.13840830449827,0.259515570934256,0.1626297577854671
608841,"Meneses, Joey",29,0.90625,23,70.169522069,0.2758620689655173,0.4782608695652174,0.3793103448275862,0.1739130434782608,0.1379310344827586,7.100473448,2,-3.2499206549398383,6,0.2068965517241379,14,0.4827586206896552,2026.0,17.0,0.5294117647058824,0.4705882352941176,0.1764705882352941,0.1764705882352941,0.1176470588235294,0.7058823529411765,0.1764705882352941,0.1176470588235294,0.4705882352941176,0.0588235294117647,0.0,0.2352941176470588,0.1176470588235294,0.1176470588235294
608070,"Ramírez, José",872,0.9111807732497388,744,70.165114484,0.1146788990825687,0.3293010752688172,0.2809633027522936,0.1263440860215053,0.1077981651376146,7.239377489,6,-23.768954915175883,128,0.146788990825688,363,0.4162844036697247,2026.0,406.0,0.334975369458128,0.6650246305418717,0.2733990147783246,0.2709359605911332,0.1206896551724138,0.4999999999999997,0.339901477832512,0.1600985221674876,0.2093596059113301,0.1034482758620689,0.022167487684729,0.2906403940886696,0.2364532019704431,0.1379310344827586
620443,"Torrens, Luis",465,0.9064327485380116,370,70.164871849,0.0688172043010752,0.3378378378378378,0.2688172043010752,0.1243243243243243,0.0989247311827957,7.058628688,6,-9.784174575889526,95,0.2043010752688172,183,0.3935483870967742,2026.0,198.0,0.5303030303030306,0.4696969696969698,0.2171717171717171,0.2070707070707071,0.0454545454545454,0.3131313131313131,0.3585858585858585,0.3282828282828283,0.2323232323232323,0.202020202020202,0.0959595959595959,0.0808080808080808,0.1565656565656565,0.2323232323232324
686797,"Lee, Brooks",1079,0.9044425817267392,870,70.155235579,0.0797034291010194,0.3390804597701149,0.273401297497683,0.1011494252873563,0.0815569972196478,7.011394458,26,-15.93282800811393,209,0.1936978683966636,425,0.3938832252085264,2026.0,481.0,0.3950103950103948,0.6049896049896049,0.3014553014553013,0.2307692307692307,0.0727650727650727,0.4220374220374219,0.3534303534303529,0.2245322245322245,0.1933471933471934,0.1642411642411642,0.0374220374220374,0.2286902286902284,0.1891891891891886,0.1871101871101871
805300,"Marsee, Jakob",823,0.9024122807017544,698,70.154093269,0.0583232077764277,0.335243553008596,0.284325637910085,0.1031518624641833,0.0874848116646415,6.73865384,28,-21.05538635556892,125,0.1518833535844471,360,0.4374240583232078,2026.0,394.0,0.3705583756345181,0.6294416243654822,0.2284263959390862,0.2868020304568527,0.1142131979695432,0.4035532994923857,0.3375634517766499,0.2588832487309642,0.1878172588832487,0.1294416243654823,0.0532994923857868,0.2157360406091369,0.2081218274111676,0.2055837563451774
687859,"Johnston, Troy",735,0.9051724137931034,563,70.143537374,0.0544217687074829,0.369449378330373,0.2829931972789116,0.1207815275310834,0.092517006802721,6.778196993,7,-18.65401813972954,172,0.2340136054421768,289,0.3931972789115646,2026.0,318.0,0.4056603773584907,0.5943396226415095,0.2389937106918239,0.3207547169811321,0.0345911949685534,0.3805031446540883,0.3805031446540882,0.2389937106918238,0.2169811320754717,0.1572327044025158,0.0314465408805031,0.1635220125786166,0.2232704402515724,0.2075471698113206
691720,"Karros, Kyle",709,0.9031847133757962,555,70.136179422,0.0691114245416079,0.3441441441441441,0.2693935119887165,0.1315315315315315,0.1029619181946403,6.990473047,28,-14.22599945869829,154,0.2172073342736248,276,0.389280677009873,2026.0,309.0,0.423948220064725,0.5760517799352751,0.2459546925566342,0.2718446601941748,0.058252427184466,0.4045307443365696,0.336569579288026,0.2588996763754045,0.2427184466019417,0.13915857605178,0.0420711974110032,0.1618122977346278,0.1974110032362459,0.2168284789644012
668930,"Turang, Brice",1052,0.9037800687285223,824,70.113504059,0.1131178707224334,0.3203883495145631,0.2509505703422053,0.137135922330097,0.1074144486692015,6.785998146,23,-3.4678995740502847,228,0.2167300380228136,371,0.3526615969581749,2026.0,413.0,0.4673123486682808,0.5326876513317187,0.2251815980629538,0.2881355932203387,0.0193704600484261,0.2905569007263919,0.4043583535108961,0.3050847457627119,0.2106537530266343,0.1937046004842615,0.0629539951573849,0.0799031476997576,0.2106537530266345,0.2421307506053269
518692,"Freeman, Freddie",1217,0.9068554396423248,964,70.095154158,0.0747740345110928,0.3257261410788382,0.2580115036976171,0.1307053941908713,0.1035332785538208,6.708965809,22,-24.48343898762324,253,0.2078882497945768,442,0.3631881676253081,2026.0,468.0,0.4316239316239315,0.5683760683760687,0.2585470085470086,0.2777777777777779,0.032051282051282,0.3333333333333333,0.3675213675213676,0.2991452991452993,0.1987179487179488,0.1645299145299145,0.0683760683760684,0.1346153846153845,0.202991452991453,0.2307692307692308
680737,"Helman, Michael",53,0.913793103448276,42,70.082507736,0.0188679245283018,0.3095238095238095,0.2452830188679245,0.0,0.0,7.719474151,0,-4.099814632771784,11,0.2075471698113207,20,0.3773584905660377,2026.0,26.0,0.3461538461538462,0.653846153846154,0.4230769230769231,0.1153846153846154,0.1153846153846153,0.3846153846153846,0.3461538461538461,0.2692307692307693,0.1923076923076923,0.1153846153846154,0.0384615384615384,0.1923076923076923,0.2307692307692306,0.2307692307692308
647304,"Naylor, Josh",970,0.9048507462686568,823,70.074830835,0.0896907216494845,0.37910085054678,0.3216494845360825,0.1251518833535844,0.1061855670103092,7.494354732,18,-35.482234347280304,147,0.1515463917525773,471,0.4855670103092783,2026.0,512.0,0.4531249999999999,0.5468750000000003,0.2089843750000001,0.2460937500000002,0.091796875,0.4082031250000001,0.3476562499999998,0.2441406250000001,0.2265625,0.162109375,0.064453125,0.181640625,0.1855468749999998,0.1796875
678009,"Meadows, Parker",66,0.9041095890410958,53,70.06977697,0.0151515151515151,0.3018867924528302,0.2424242424242424,0.0377358490566037,0.0303030303030303,7.235665758,0,-2.7743155613832986,13,0.1969696969696969,26,0.3939393939393939,2026.0,26.0,0.4230769230769231,0.5769230769230769,0.2307692307692307,0.2692307692307693,0.0769230769230769,0.3076923076923077,0.4615384615384615,0.2307692307692307,0.2692307692307693,0.1538461538461538,0.0,0.0384615384615384,0.3076923076923077,0.2307692307692307
623205,"Velazquez, Andrew",19,0.8636363636363636,16,70.055122105,0.1052631578947368,0.3125,0.2631578947368421,0.0,0.0,7.743908947,0,-2.668606858023082,3,0.1578947368421052,10,0.5263157894736842,2026.0,13.0,0.5384615384615384,0.4615384615384615,0.1538461538461538,0.1538461538461538,0.1538461538461538,0.3846153846153846,0.3846153846153846,0.2307692307692307,0.1538461538461538,0.3846153846153846,0.0,0.2307692307692307,0.0,0.2307692307692307
643217,"Benintendi, Andrew",813,0.9033333333333332,592,70.025097343,0.050430504305043,0.3614864864864865,0.2632226322263222,0.1351351351351351,0.0984009840098401,7.160313198,16,-22.4197854887324,221,0.2718327183271832,299,0.3677736777367774,2026.0,314.0,0.3598726114649681,0.640127388535032,0.3216560509554139,0.2515923566878982,0.0668789808917197,0.5031847133757961,0.3471337579617834,0.1496815286624204,0.2165605095541402,0.1178343949044586,0.0254777070063694,0.2866242038216559,0.2292993630573248,0.124203821656051
643376,"Jansen, Danny",331,0.8970189701897019,261,70.005078822,0.0694864048338368,0.318007662835249,0.2507552870090634,0.0881226053639846,0.0694864048338368,7.048100876,15,-14.28405072204767,70,0.2114803625377643,124,0.3746223564954682,2026.0,141.0,0.3829787234042553,0.6170212765957448,0.2907801418439716,0.1843971631205674,0.1418439716312056,0.553191489361702,0.3049645390070923,0.1418439716312056,0.2482269503546099,0.1063829787234042,0.0283687943262411,0.3049645390070921,0.198581560283688,0.1134751773049645
665861,"Rivero, Sebastián",119,0.8947368421052632,91,69.974327143,0.1008403361344537,0.2087912087912088,0.1596638655462184,0.0549450549450549,0.042016806722689,7.357137059,4,-3.7936940026276735,28,0.2352941176470588,39,0.3277310924369748,2026.0,42.0,0.4047619047619047,0.5952380952380955,0.2142857142857143,0.2142857142857143,0.1666666666666667,0.3571428571428571,0.4285714285714285,0.2142857142857143,0.238095238095238,0.1428571428571428,0.0238095238095238,0.1190476190476191,0.2857142857142857,0.1904761904761904
806198,"Pratt, Cooper",407,0.9004424778761062,322,69.948279091,0.0884520884520884,0.3354037267080745,0.2653562653562653,0.0993788819875776,0.0786240786240786,6.993738845,4,-5.903213308116646,85,0.2088452088452088,166,0.4078624078624078,2026.0,185.0,0.481081081081081,0.5189189189189187,0.2108108108108107,0.2864864864864864,0.0216216216216216,0.3297297297297297,0.389189189189189,0.2810810810810809,0.1891891891891893,0.1837837837837838,0.1081081081081081,0.1405405405405404,0.2054054054054051,0.1729729729729728
681082,"Stott, Bryson",916,0.9051383399209486,759,69.896734683,0.0709606986899563,0.3741765480895915,0.3100436681222707,0.1291172595520421,0.1069868995633187,7.239277828,16,-16.404928214132294,157,0.1713973799126637,398,0.4344978165938865,2026.0,436.0,0.422018348623853,0.5779816513761467,0.2706422018348621,0.2454128440366974,0.0619266055045871,0.3646788990825689,0.4266055045871559,0.208715596330275,0.2064220183486238,0.1720183486238533,0.0435779816513761,0.1582568807339451,0.2545871559633025,0.1651376146788989
695238,"Wagner, Will",62,0.8985507246376812,53,69.886913226,0.0483870967741935,0.2830188679245283,0.2419354838709677,0.0566037735849056,0.0483870967741935,6.581016129,1,-1.5303481904635143,9,0.1451612903225806,26,0.4193548387096774,2026.0,28.0,0.6785714285714288,0.3214285714285714,0.1071428571428571,0.1785714285714285,0.0357142857142857,0.2142857142857143,0.4642857142857142,0.3214285714285714,0.2142857142857143,0.2857142857142857,0.1785714285714285,0.0,0.1785714285714285,0.1428571428571429
677950,"Thomas, Alek",188,0.903846153846154,147,69.880905319,0.0638297872340425,0.3741496598639456,0.2925531914893617,0.1428571428571428,0.1117021276595744,6.934739628,6,-9.693542844375806,41,0.2180851063829787,74,0.3936170212765957,2026.0,87.0,0.425287356321839,0.5747126436781609,0.2643678160919539,0.2298850574712644,0.0804597701149425,0.2873563218390804,0.3908045977011493,0.3218390804597701,0.1379310344827587,0.2528735632183906,0.0344827586206896,0.1494252873563217,0.1379310344827586,0.2873563218390805
691011,"Romo, Drew",329,0.9013698630136986,234,69.871559027,0.0516717325227963,0.2948717948717949,0.2097264437689969,0.0897435897435897,0.0638297872340425,7.460105988,10,-17.75626294618986,95,0.2887537993920973,125,0.3799392097264438,2026.0,133.0,0.4060150375939851,0.5939849624060151,0.3007518796992482,0.1729323308270677,0.1203007518796991,0.3834586466165414,0.4060150375939849,0.2105263157894736,0.1954887218045113,0.1804511278195489,0.0300751879699248,0.1879699248120301,0.2255639097744359,0.1804511278195488
669257,"Smith, Will",433,0.9077568134171908,370,69.857479769,0.0646651270207852,0.3351351351351351,0.2863741339491917,0.1405405405405405,0.1200923787528868,7.285788245,11,-6.233032606166095,63,0.1454965357967667,180,0.4157043879907621,2026.0,192.0,0.2708333333333333,0.7291666666666666,0.4010416666666666,0.2760416666666666,0.0520833333333333,0.3020833333333332,0.4322916666666667,0.2656249999999998,0.140625,0.1041666666666666,0.0260416666666666,0.1614583333333332,0.328125,0.2395833333333331
690984,"Halpin, Petey",326,0.9005524861878453,249,69.856091656,0.0460122699386503,0.3132530120481928,0.2392638036809816,0.108433734939759,0.0828220858895705,7.031821595,4,-14.17079114341732,77,0.2361963190184049,128,0.3926380368098159,2026.0,145.0,0.3448275862068968,0.6551724137931034,0.3448275862068965,0.2068965517241379,0.1034482758620689,0.3586206896551723,0.4137931034482758,0.2275862068965516,0.1655172413793104,0.1448275862068965,0.0344827586206896,0.1931034482758618,0.2689655172413793,0.193103448275862
641355,"Bellinger, Cody",881,0.9008179959100204,723,69.848210806,0.0408626560726447,0.3928077455048409,0.322360953461975,0.1286307053941908,0.1055618615209988,7.902378116,13,-8.968013629801625,158,0.1793416572077185,386,0.438138479001135,2026.0,414.0,0.3623188405797102,0.6376811594202901,0.3019323671497583,0.2487922705314012,0.0869565217391304,0.4516908212560387,0.3623188405797101,0.1859903381642511,0.2222222222222221,0.1256038647342997,0.0144927536231883,0.2294685990338166,0.2367149758454103,0.1714975845410627
666182,"Bichette, Bo",1195,0.9005275056518462,973,69.827131582,0.1439330543933054,0.3268242548818088,0.2661087866108786,0.1366906474820144,0.1112970711297071,7.164178912,10,-21.988089949699,222,0.1857740585774058,465,0.3891213389121339,2026.0,511.0,0.4657534246575343,0.5342465753424659,0.2407045009784735,0.270058708414873,0.0234833659491193,0.2641878669275928,0.3659491193737772,0.3698630136986303,0.1448140900195695,0.2054794520547944,0.1154598825831702,0.1193737769080232,0.1604696673189827,0.25440313111546
700932,"Manzardo, Kyle",601,0.9024024024024024,437,69.822623161,0.0632279534109816,0.3295194508009153,0.2396006655574043,0.11441647597254,0.0831946755407653,7.3732399,12,-14.994319189930977,164,0.2728785357737104,193,0.3211314475873544,2026.0,200.0,0.3600000000000001,0.6400000000000001,0.3350000000000001,0.22,0.0849999999999999,0.435,0.4150000000000001,0.15,0.1999999999999999,0.14,0.0199999999999999,0.235,0.275,0.13
666023,"Fermin, Freddy",433,0.905857740585774,328,69.812653487,0.0623556581986143,0.3262195121951219,0.2471131639722864,0.0914634146341463,0.069284064665127,7.614243788,14,-20.791273678856594,105,0.2424942263279445,156,0.3602771362586605,2026.0,180.0,0.3944444444444444,0.6055555555555556,0.2777777777777777,0.2500000000000001,0.0777777777777778,0.3833333333333333,0.422222222222222,0.1944444444444446,0.1833333333333333,0.1777777777777777,0.0333333333333333,0.2,0.2444444444444443,0.1611111111111112
695508,"Cauley, Cam",89,0.898989898989899,61,69.804384045,0.1573033707865168,0.3278688524590163,0.2247191011235955,0.0655737704918032,0.0449438202247191,6.920512022,2,-2.076397138793989,28,0.3146067415730337,35,0.3932584269662921,2026.0,44.0,0.4545454545454545,0.5454545454545456,0.1818181818181818,0.2045454545454545,0.1590909090909091,0.4090909090909091,0.2045454545454545,0.3863636363636364,0.2727272727272727,0.0909090909090909,0.0909090909090909,0.1363636363636363,0.1136363636363636,0.2954545454545455
806956,"Salas, Ethan",59,0.921875,47,69.784758814,0.1525423728813559,0.3404255319148936,0.2711864406779661,0.0851063829787234,0.0677966101694915,6.880100339,0,0.0503094782975827,12,0.2033898305084746,22,0.3728813559322034,2026.0,26.0,0.3461538461538462,0.6538461538461539,0.4615384615384615,0.1153846153846153,0.0769230769230769,0.1923076923076923,0.5384615384615385,0.2692307692307692,0.0384615384615384,0.2692307692307693,0.0384615384615384,0.1538461538461538,0.2692307692307693,0.2307692307692307
669208,"Bliss, Ryan",19,0.9047619047619048,13,69.768816316,0.0526315789473684,0.3076923076923077,0.2105263157894736,0.0769230769230769,0.0526315789473684,6.736436316,0,-1.878744475542349,6,0.3157894736842105,5,0.2631578947368421,2026.0,6.0,0.3333333333333333,0.6666666666666667,0.3333333333333333,0.3333333333333333,0.0,0.1666666666666666,0.6666666666666667,0.1666666666666666,0.1666666666666666,0.1666666666666666,0.0,0.0,0.5,0.1666666666666666
605141,"Betts, Mookie",675,0.9012016021361816,615,69.753763496,0.0903703703703703,0.456910569105691,0.4162962962962963,0.1430894308943089,0.1303703703703703,7.00452683,26,-7.334556498081772,60,0.0888888888888888,377,0.5585185185185185,2026.0,417.0,0.330935251798561,0.6690647482014387,0.3237410071942442,0.2781774580335734,0.067146282973621,0.4004796163069544,0.398081534772182,0.2014388489208631,0.1750599520383694,0.1318944844124701,0.0239808153477218,0.225419664268585,0.2661870503597119,0.1774580335731412
677587,"Rocchio, Brayan",987,0.9105166051660516,778,69.753483921,0.0638297872340425,0.3419023136246786,0.2695035460992908,0.0886889460154241,0.0699088145896656,7.307686322,12,-29.251408742533854,209,0.2117527862208713,404,0.4093211752786221,2026.0,454.0,0.418502202643172,0.581497797356828,0.2533039647577093,0.2555066079295153,0.0726872246696034,0.4273127753303966,0.3678414096916298,0.2048458149779734,0.224669603524229,0.1475770925110133,0.0462555066079295,0.2026431718061675,0.2202643171806164,0.1585903083700439
608324,"Bregman, Alex",1021,0.9019434628975264,883,69.75092237,0.0333006856023506,0.3907134767836919,0.3379040156709109,0.1075877689694224,0.0930460333006856,6.992783839,17,-4.73655220881718,138,0.1351616062683643,476,0.4662095984329089,2026.0,508.0,0.3759842519685041,0.624015748031496,0.2755905511811024,0.232283464566929,0.1161417322834644,0.4803149606299209,0.3326771653543304,0.187007874015748,0.2283464566929134,0.1122047244094488,0.0354330708661417,0.2519685039370075,0.2204724409448816,0.1515748031496062
687551,"Gilbert, Drew",566,0.8984126984126984,457,69.75059083,0.0636042402826855,0.3588621444201313,0.2897526501766784,0.1203501094091903,0.097173144876325,7.526120283,16,-17.501173157530268,109,0.1925795053003533,256,0.4522968197879858,2026.0,273.0,0.4358974358974358,0.5641025641025641,0.2014652014652014,0.2564102564102564,0.1062271062271063,0.4358974358974357,0.2930402930402933,0.2710622710622712,0.2417582417582418,0.1172161172161172,0.0769230769230769,0.1941391941391939,0.1758241758241761,0.1941391941391942
671976,"Peters, Tristan",795,0.9034090909090908,621,69.750518906,0.0742138364779874,0.3381642512077294,0.2641509433962264,0.1207729468599033,0.0943396226415094,6.908831761,17,-11.893528015980705,174,0.2188679245283019,300,0.3773584905660377,2026.0,349.0,0.4097421203438395,0.5902578796561604,0.2836676217765043,0.2234957020057306,0.0830945558739254,0.5128939828080228,0.2893982808022922,0.1977077363896847,0.2492836676217767,0.1203438395415473,0.0401146131805157,0.263610315186246,0.1690544412607448,0.157593123209169
571912,"Maile, Luke",63,0.9,47,69.722537619,0.0317460317460317,0.2978723404255319,0.2222222222222222,0.1063829787234042,0.0793650793650793,6.699593333,2,-2.0312245526562984,16,0.2539682539682539,24,0.3809523809523809,2026.0,27.0,0.3703703703703703,0.6296296296296295,0.3333333333333333,0.1851851851851851,0.1111111111111111,0.4074074074074074,0.3333333333333333,0.2592592592592593,0.2222222222222222,0.0740740740740741,0.074074074074074,0.1851851851851851,0.2592592592592593,0.1851851851851852
701675,"Church, Nathan",855,0.9009483667017912,678,69.713232023,0.087719298245614,0.2831858407079646,0.2245614035087719,0.0973451327433628,0.0771929824561403,7.121844433,9,-26.764754763800063,177,0.2070175438596491,313,0.3660818713450292,2026.0,356.0,0.449438202247191,0.550561797752809,0.2331460674157303,0.2162921348314607,0.101123595505618,0.3286516853932581,0.3848314606741571,0.2865168539325839,0.1741573033707864,0.207865168539326,0.0674157303370786,0.1544943820224716,0.1769662921348311,0.2191011235955052
702176,"Roden, Alan",129,0.8958333333333334,111,69.706782868,0.1085271317829457,0.3513513513513513,0.3023255813953488,0.1261261261261261,0.1085271317829457,6.903151085,5,-3.230069211218755,18,0.1395348837209302,62,0.4806201550387597,2026.0,68.0,0.5,0.5,0.2205882352941176,0.2352941176470588,0.0441176470588235,0.3529411764705882,0.2794117647058823,0.3676470588235295,0.25,0.1176470588235294,0.1323529411764706,0.1029411764705882,0.1617647058823529,0.2352941176470588
642020,"Robinson, Chuckie",41,0.9111111111111112,26,69.706600976,0.048780487804878,0.3846153846153846,0.2439024390243902,0.0769230769230769,0.048780487804878,6.975624146,0,-3.4854427977914755,15,0.3658536585365853,13,0.3170731707317073,2026.0,21.0,0.5238095238095237,0.4761904761904762,0.1428571428571428,0.0952380952380952,0.2380952380952381,0.2857142857142857,0.4285714285714285,0.2857142857142857,0.1904761904761904,0.238095238095238,0.0952380952380952,0.0952380952380952,0.1904761904761904,0.1904761904761904
814154,"Bandura, Scott",49,0.8909090909090909,28,69.700972245,0.0816326530612245,0.1785714285714285,0.1020408163265306,0.0357142857142857,0.0204081632653061,6.465381429,0,-2.318849725713504,21,0.4285714285714285,9,0.1836734693877551,2026.0,10.0,0.1999999999999999,0.8,0.1999999999999999,0.3999999999999999,0.2,0.4,0.6,0.0,0.0999999999999999,0.1,0.0,0.3,0.4999999999999999,0.0
682877,"Brito, Juan",204,0.9107142857142856,154,69.689321716,0.0441176470588235,0.2857142857142857,0.2156862745098039,0.1168831168831168,0.088235294117647,7.486286471,2,-4.781087760960661,50,0.2450980392156862,73,0.3578431372549019,2026.0,76.0,0.4210526315789474,0.5789473684210527,0.2105263157894736,0.2368421052631579,0.131578947368421,0.5394736842105263,0.3289473684210527,0.131578947368421,0.3026315789473685,0.1184210526315789,0.0,0.2368421052631578,0.2105263157894737,0.131578947368421
695731,"Montgomery, Braden",613,0.9001468428781204,443,69.680642186,0.0864600326264274,0.3408577878103837,0.2463295269168026,0.1489841986455982,0.1076672104404567,6.534995873,24,-26.064222266953237,170,0.2773246329526916,226,0.3686786296900489,2026.0,248.0,0.6048387096774193,0.3951612903225806,0.1774193548387097,0.1814516129032257,0.0362903225806451,0.3588709677419354,0.3508064516129031,0.2903225806451613,0.2661290322580643,0.2096774193548387,0.1290322580645161,0.0927419354838711,0.1411290322580644,0.1612903225806452
683953,"Bazzana, Travis",797,0.9036281179138322,625,69.663990389,0.1204516938519448,0.3248,0.2547051442910916,0.0976,0.0765370138017565,6.989920678,27,-18.60522636505537,172,0.2158092848180677,291,0.3651191969887076,2026.0,340.0,0.4147058823529413,0.5852941176470587,0.2852941176470586,0.2029411764705883,0.0970588235294117,0.3882352941176472,0.3882352941176471,0.2235294117647059,0.2205882352941177,0.15,0.0441176470588235,0.1676470588235294,0.238235294117647,0.1794117647058824
592206,"Castellanos, Nick",238,0.9049429657794676,161,69.661222983,0.1008403361344538,0.3291925465838509,0.2226890756302521,0.124223602484472,0.0840336134453781,7.672651345,3,-6.941873118995777,77,0.3235294117647059,78,0.3277310924369748,2026.0,83.0,0.3253012048192771,0.6746987951807227,0.3734939759036143,0.2891566265060241,0.0120481927710843,0.5542168674698797,0.2771084337349396,0.1686746987951807,0.2289156626506024,0.0843373493975903,0.0120481927710843,0.3253012048192773,0.1927710843373493,0.1566265060240964
803011,"Antonacci, Sam",802,0.9021372328458944,697,69.650354863,0.0723192019950124,0.3543758967001434,0.3079800498753117,0.0918220946915351,0.0798004987531172,6.644514127,12,-20.970359080852305,105,0.1309226932668329,365,0.4551122194513716,2026.0,397.0,0.5012594458438283,0.4987405541561712,0.2191435768261965,0.246851385390428,0.0327455919395466,0.3198992443324935,0.4256926952141057,0.2544080604534005,0.2090680100755665,0.2317380352644835,0.0604534005037783,0.1108312342569269,0.1939546599496222,0.1939546599496221
807713,"Shaw, Matt",308,0.8979591836734694,251,69.636698247,0.0746753246753246,0.3306772908366533,0.2694805194805195,0.1035856573705179,0.0844155844155844,7.073724805,4,-6.0950808288326925,57,0.185064935064935,128,0.4155844155844156,2026.0,141.0,0.4042553191489361,0.5957446808510638,0.2765957446808508,0.2198581560283689,0.099290780141844,0.3120567375886525,0.4184397163120566,0.2695035460992909,0.1843971631205674,0.1773049645390071,0.0425531914893616,0.1276595744680851,0.2411347517730495,0.2269503546099291
641555,"Escarra, J.C.",140,0.9090909090909092,97,69.6112055,0.0357142857142857,0.4536082474226804,0.3142857142857143,0.1237113402061855,0.0857142857142857,7.366811071,1,-11.387858580853468,43,0.3071428571428571,57,0.4071428571428571,2026.0,68.0,0.485294117647059,0.5147058823529413,0.2500000000000001,0.2058823529411765,0.0588235294117647,0.3235294117647058,0.5000000000000001,0.1764705882352941,0.1911764705882354,0.25,0.0441176470588235,0.1323529411764704,0.2500000000000001,0.1323529411764706
696285,"Young, Jacob",658,0.905089408528198,527,69.609972067,0.0258358662613981,0.4060721062618596,0.3252279635258359,0.1328273244781783,0.1063829787234042,7.183070395,12,-7.801502956935781,131,0.1990881458966565,312,0.4741641337386018,2026.0,347.0,0.3948126801152736,0.6051873198847264,0.2795389048991354,0.2737752161383288,0.0518731988472622,0.3746397694524495,0.3688760806916428,0.2564841498559077,0.2161383285302595,0.1469740634005763,0.031700288184438,0.15850144092219,0.2219020172910664,0.2247838616714697
669326,"Teodosio, Bryce",104,0.9043478260869564,63,69.590743269,0.0288461538461538,0.2698412698412698,0.1634615384615384,0.0793650793650793,0.048076923076923,6.543467115,6,-7.313565589130906,41,0.3942307692307692,32,0.3076923076923077,2026.0,39.0,0.5128205128205129,0.4871794871794873,0.2051282051282051,0.1025641025641025,0.1794871794871795,0.282051282051282,0.3076923076923076,0.4102564102564102,0.2051282051282051,0.1794871794871795,0.1282051282051282,0.0769230769230768,0.1282051282051281,0.282051282051282
655316,"Monasterio, Andruw",621,0.9065693430656936,508,69.589674831,0.037037037037037,0.3129921259842519,0.2560386473429952,0.1023622047244094,0.0837359098228663,6.930013462,6,-19.01062819918112,113,0.1819645732689211,232,0.3735909822866344,2026.0,248.0,0.3346774193548389,0.6653225806451615,0.3104838709677421,0.2379032258064515,0.1169354838709677,0.3629032258064517,0.3709677419354839,0.2661290322580644,0.1814516129032259,0.1330645161290322,0.0201612903225806,0.1814516129032257,0.2379032258064516,0.2459677419354838
669699,"Shewmake, Braden",159,0.8983050847457628,120,69.580613899,0.0251572327044025,0.4,0.3018867924528302,0.1083333333333333,0.0817610062893081,7.144827736,1,-0.7552912263981912,39,0.2452830188679245,65,0.4088050314465409,2026.0,73.0,0.4657534246575343,0.5342465753424658,0.273972602739726,0.2054794520547945,0.0547945205479452,0.3424657534246577,0.3835616438356164,0.273972602739726,0.1917808219178082,0.1917808219178082,0.0821917808219178,0.1506849315068494,0.1917808219178082,0.1917808219178081
678882,"Rafaela, Ceddanne",1064,0.9016949152542372,814,69.530916598,0.0695488721804511,0.3194103194103194,0.244360902255639,0.0884520884520884,0.0676691729323308,7.279557406,26,-0.780135391187059,250,0.2349624060150376,395,0.3712406015037593,2026.0,428.0,0.4392523364485983,0.5607476635514019,0.2593457943925235,0.25,0.0514018691588784,0.3434579439252334,0.3341121495327105,0.3224299065420559,0.1915887850467289,0.1612149532710281,0.0864485981308411,0.1518691588785044,0.1728971962616823,0.2359813084112147
593871,"Polanco, Jorge",225,0.896414342629482,180,69.529663333,0.0311111111111111,0.3333333333333333,0.2666666666666666,0.1055555555555555,0.0844444444444444,7.232603867,5,-17.897612393907362,45,0.2,95,0.4222222222222222,2026.0,100.0,0.4000000000000001,0.6,0.24,0.2499999999999999,0.1099999999999999,0.47,0.29,0.24,0.21,0.1300000000000001,0.06,0.26,0.1599999999999999,0.18
691783,"Lawlar, Jordan",206,0.9035087719298246,153,69.52485966,0.0388349514563106,0.3529411764705882,0.2621359223300971,0.1241830065359477,0.0922330097087378,7.211071748,8,-1.3838169288918531,53,0.2572815533980582,71,0.3446601941747573,2026.0,83.0,0.3614457831325301,0.6385542168674697,0.36144578313253,0.2530120481927709,0.0240963855421686,0.433734939759036,0.2771084337349398,0.2891566265060241,0.1807228915662651,0.108433734939759,0.072289156626506,0.2530120481927709,0.1686746987951807,0.216867469879518
810938,"Williamson, Ben",401,0.901123595505618,333,69.433005711,0.1172069825436409,0.3543543543543543,0.2942643391521197,0.1291291291291291,0.1072319201995012,6.92712005,9,-12.31578414126536,68,0.169576059850374,180,0.4488778054862843,2026.0,206.0,0.5582524271844665,0.4417475728155338,0.1310679611650485,0.2669902912621358,0.0436893203883494,0.2766990291262137,0.3883495145631068,0.3349514563106799,0.1699029126213593,0.2427184466019419,0.1456310679611651,0.1067961165048544,0.1456310679611649,0.1893203883495148
683679,"Rodriguez, Jesus",96,0.9056603773584906,74,69.369200521,0.0312499999999999,0.3108108108108108,0.2395833333333333,0.081081081081081,0.0625,7.199373229,2,-3.4879029111810107,22,0.2291666666666666,39,0.40625,2026.0,44.0,0.5454545454545453,0.4545454545454546,0.25,0.1818181818181818,0.0227272727272727,0.3636363636363637,0.3636363636363636,0.2727272727272727,0.2954545454545454,0.2045454545454545,0.0454545454545454,0.0681818181818182,0.1590909090909091,0.2272727272727273
672569,"Campero, Gustavo",26,0.896551724137931,17,69.358936538,0.1153846153846153,0.2941176470588235,0.1923076923076923,0.1176470588235294,0.0769230769230769,6.981533846,1,-0.1285691206967064,9,0.3461538461538461,7,0.2692307692307692,2026.0,8.0,0.25,0.75,0.375,0.125,0.25,0.25,0.5,0.25,0.125,0.125,0.0,0.1249999999999999,0.375,0.25
693409,"Prieto, César",45,0.9183673469387756,38,69.358321556,0.0,0.5,0.4222222222222222,0.1842105263157894,0.1555555555555555,6.906347556,0,-8.00611525627109,7,0.1555555555555555,28,0.6222222222222222,2026.0,30.0,0.6333333333333333,0.3666666666666666,0.1666666666666666,0.1666666666666666,0.0333333333333333,0.4666666666666667,0.4,0.1333333333333333,0.2999999999999999,0.3333333333333333,0.0,0.1666666666666668,0.0666666666666667,0.1333333333333333
694224,"Gonzalez, Gabriel",21,0.9130434782608696,18,69.357491429,0.0952380952380952,0.2222222222222222,0.1904761904761904,0.0,0.0,6.929985714,1,-0.3979500131847135,3,0.1428571428571428,6,0.2857142857142857,2026.0,6.0,0.8333333333333334,0.1666666666666666,0.0,0.0,0.1666666666666666,0.3333333333333333,0.3333333333333333,0.3333333333333333,0.3333333333333333,0.3333333333333333,0.1666666666666666,0.0,0.0,0.1666666666666666
695720,"White, Tommy",333,0.902439024390244,266,69.352359249,0.1261261261261261,0.3233082706766917,0.2582582582582582,0.1165413533834586,0.093093093093093,7.356584895,8,-13.49006551887584,67,0.2012012012012012,140,0.4204204204204204,2026.0,152.0,0.5,0.5000000000000001,0.2302631578947368,0.2368421052631579,0.0328947368421052,0.2894736842105264,0.4605263157894738,0.2499999999999999,0.2171052631578948,0.2105263157894737,0.0723684210526315,0.0723684210526315,0.25,0.1776315789473683
650968,"Pozo, Yohel",117,0.9069767441860463,96,69.348463675,0.0769230769230769,0.3020833333333333,0.2478632478632478,0.1041666666666666,0.0854700854700854,7.549274701,1,-3.022413174920524,21,0.1794871794871795,48,0.4102564102564102,2026.0,52.0,0.4423076923076923,0.5576923076923077,0.1538461538461538,0.3076923076923077,0.0961538461538461,0.326923076923077,0.3269230769230769,0.3461538461538462,0.173076923076923,0.2115384615384616,0.0576923076923076,0.1538461538461539,0.1153846153846153,0.2884615384615385
691594,"Sanoja, Javier",741,0.902557856272838,665,69.319375007,0.0809716599190283,0.3654135338345864,0.3279352226720647,0.0992481203007518,0.0890688259109311,7.386342551,11,0.809378011508509,76,0.1025641025641025,370,0.4993252361673414,2026.0,416.0,0.4254807692307691,0.5745192307692308,0.1947115384615383,0.2788461538461539,0.1009615384615385,0.4014423076923076,0.3701923076923076,0.2283653846153846,0.1754807692307692,0.1947115384615384,0.0552884615384615,0.2259615384615384,0.1754807692307691,0.1730769230769231
683766,"Koss, Christian",331,0.8970189701897019,237,69.311776073,0.0634441087613293,0.270042194092827,0.1933534743202417,0.1054852320675105,0.0755287009063444,7.094669486,13,-10.090604224469988,94,0.283987915407855,126,0.3806646525679758,2026.0,148.0,0.5337837837837838,0.4662162162162163,0.1824324324324324,0.2027027027027028,0.081081081081081,0.4121621621621623,0.3108108108108107,0.277027027027027,0.2702702702702703,0.1554054054054053,0.1081081081081081,0.141891891891892,0.1554054054054053,0.1689189189189188
687231,"Hernaiz, Darell",272,0.9006622516556292,211,69.302668603,0.0772058823529411,0.2890995260663507,0.2242647058823529,0.0805687203791469,0.0625,7.069972794,10,-9.417483630991722,61,0.2242647058823529,101,0.3713235294117647,2026.0,109.0,0.4587155963302752,0.5412844036697249,0.2201834862385322,0.2385321100917431,0.0825688073394495,0.2660550458715596,0.3944954128440366,0.3394495412844037,0.2110091743119266,0.1559633027522936,0.091743119266055,0.0550458715596329,0.238532110091743,0.2477064220183486
666152,"Hamilton, David",538,0.8996655518394648,429,69.301049442,0.0483271375464684,0.3193473193473193,0.2546468401486988,0.0839160839160839,0.0669144981412639,7.114437732,24,-18.06957473468758,109,0.2026022304832713,216,0.4014869888475836,2026.0,260.0,0.4846153846153848,0.5153846153846153,0.2384615384615383,0.2307692307692308,0.0461538461538461,0.3384615384615386,0.3269230769230768,0.3346153846153846,0.219230769230769,0.1461538461538462,0.1192307692307692,0.1192307692307695,0.1807692307692306,0.2153846153846153
680700,"Palacios, Richie",616,0.9019033674963396,503,69.263723279,0.0422077922077922,0.3260437375745527,0.2662337662337662,0.0934393638170974,0.0762987012987013,7.279753718,19,-13.360399087549707,113,0.1834415584415584,259,0.4204545454545454,2026.0,274.0,0.4160583941605839,0.5839416058394159,0.2043795620437956,0.2700729927007297,0.1094890510948905,0.3832116788321167,0.3905109489051096,0.2262773722627738,0.1751824817518249,0.1788321167883212,0.0620437956204379,0.2080291970802917,0.2116788321167883,0.1642335766423359
624512,"McGuire, Reese",48,0.9056603773584906,38,69.261563125,0.0208333333333333,0.1842105263157894,0.1458333333333333,0.0,0.0,7.776196667,0,-2.827729092812272,10,0.2083333333333333,19,0.3958333333333333,2026.0,21.0,0.4285714285714286,0.5714285714285714,0.238095238095238,0.2380952380952381,0.0952380952380952,0.2857142857142857,0.4761904761904762,0.2380952380952382,0.0952380952380952,0.2857142857142857,0.0476190476190476,0.1904761904761905,0.1904761904761904,0.1904761904761905
678391,"Vivas, Jorbit",573,0.9037854889589906,475,69.258256353,0.0401396160558464,0.2736842105263158,0.2268760907504363,0.08,0.0663176265270506,7.524177609,7,-22.153128544587283,98,0.1710296684118673,243,0.4240837696335078,2026.0,264.0,0.4431818181818183,0.5568181818181819,0.2196969696969698,0.2689393939393938,0.0681818181818181,0.3825757575757574,0.3371212121212122,0.2803030303030303,0.2272727272727271,0.1553030303030303,0.0606060606060606,0.1553030303030303,0.1818181818181819,0.2196969696969697
702222,"Crawford, Justin",757,0.9033412887828164,634,69.232498137,0.0607661822985469,0.3217665615141956,0.2694848084544253,0.1167192429022082,0.0977542932628798,7.01237753,10,-18.42165923188224,123,0.1624834874504623,316,0.4174372523117569,2026.0,347.0,0.5878962536023052,0.4121037463976945,0.1642651296829971,0.2103746397694524,0.0374639769452449,0.2881844380403459,0.4005763688760809,0.3112391930835734,0.1988472622478383,0.2391930835734869,0.1498559077809798,0.0893371757925075,0.1613832853025939,0.1613832853025936
695490,"Arroyo, Edwin",283,0.909967845659164,207,69.231928057,0.0565371024734982,0.3429951690821256,0.2508833922261484,0.0772946859903381,0.0565371024734982,7.343329859,3,-13.746228109931817,76,0.2685512367491166,98,0.3462897526501767,2026.0,113.0,0.4247787610619469,0.575221238938053,0.1946902654867257,0.3097345132743362,0.0707964601769911,0.4247787610619468,0.3185840707964602,0.2566371681415929,0.2300884955752213,0.1327433628318584,0.0619469026548672,0.1946902654867255,0.1858407079646018,0.1946902654867257
702332,"Durbin, Caleb",862,0.901673640167364,740,69.204787633,0.0603248259860788,0.3162162162162162,0.271461716937355,0.0743243243243243,0.0638051044083526,7.010044443,23,-19.14019509468965,122,0.1415313225058004,398,0.4617169373549884,2026.0,436.0,0.4862385321100916,0.5137614678899082,0.1926605504587154,0.2155963302752294,0.1055045871559633,0.4128440366972478,0.3761467889908259,0.2110091743119266,0.2293577981651375,0.1926605504587155,0.0642201834862385,0.1834862385321103,0.1834862385321103,0.1467889908256881
701649,"Triantos, James",10,1.0,7,69.199753,0.0999999999999999,0.2857142857142857,0.2,0.0,0.0,6.886442,0,-1.2645342356280158,3,0.3,6,0.6,2026.0,6.0,0.6666666666666666,0.3333333333333333,0.1666666666666666,0.0,0.1666666666666666,0.3333333333333333,0.0,0.6666666666666666,0.3333333333333333,0.0,0.3333333333333333,0.0,0.0,0.3333333333333332
695670,"Ford, Harry",192,0.897196261682243,145,69.188327969,0.046875,0.296551724137931,0.2239583333333333,0.096551724137931,0.0729166666666666,6.474268646,7,-8.201491348982369,47,0.2447916666666666,60,0.3125,2026.0,69.0,0.5072463768115942,0.4927536231884059,0.3043478260869566,0.1304347826086956,0.0579710144927536,0.3623188405797102,0.4637681159420291,0.1739130434782609,0.2463768115942029,0.2463768115942029,0.0144927536231884,0.1159420289855072,0.2173913043478262,0.1594202898550724
640492,"Azócar, José",32,0.8888888888888888,23,69.187593438,0.09375,0.2608695652173913,0.1875,0.0869565217391304,0.0625,6.910841875,2,-0.3552888411093642,9,0.28125,9,0.28125,2026.0,13.0,0.6153846153846153,0.3846153846153846,0.1538461538461538,0.2307692307692307,0.0,0.5384615384615385,0.2307692307692307,0.2307692307692307,0.4615384615384615,0.0769230769230769,0.0769230769230769,0.076923076923077,0.1538461538461538,0.1538461538461538
807712,"Keaschall, Luke",809,0.9029017857142856,688,69.162977083,0.0951792336217552,0.3270348837209302,0.2781211372064276,0.0784883720930232,0.0667490729295426,6.705789135,31,-19.748452545806952,121,0.1495673671199011,367,0.453646477132262,2026.0,446.0,0.3699551569506725,0.6300448430493271,0.2982062780269054,0.242152466367713,0.0896860986547085,0.3923766816143496,0.3251121076233183,0.282511210762332,0.2286995515695068,0.0986547085201793,0.0426008968609865,0.1636771300448427,0.2264573991031389,0.2399103139013454
643289,"Dubón, Mauricio",1063,0.9008474576271186,921,69.151240461,0.0470366886171213,0.3224755700325732,0.2793979303857008,0.0792616720955483,0.0686735653809971,7.644251138,15,-19.568489917896912,142,0.1335841956726246,459,0.431796801505174,2026.0,500.0,0.4060000000000002,0.5940000000000002,0.2559999999999998,0.2580000000000003,0.0800000000000001,0.3120000000000004,0.3919999999999999,0.2960000000000001,0.1579999999999999,0.188,0.0599999999999999,0.1540000000000005,0.2039999999999999,0.2360000000000002
675961,"Williams, Alika",352,0.911917098445596,278,69.127779261,0.03125,0.276978417266187,0.21875,0.0899280575539568,0.0710227272727272,6.954482699,9,-8.54380981312409,74,0.2102272727272727,139,0.3948863636363636,2026.0,169.0,0.4615384615384617,0.5384615384615385,0.2307692307692307,0.2189349112426036,0.0887573964497041,0.4378698224852069,0.378698224852071,0.1834319526627219,0.2840236686390532,0.1538461538461539,0.0236686390532544,0.1538461538461536,0.2248520710059171,0.1597633136094675
686765,"Sogard, Nick",383,0.9033018867924528,304,69.119540313,0.0469973890339425,0.3552631578947368,0.2819843342036554,0.0888157894736842,0.0704960835509138,7.070578773,5,-9.207351508598384,79,0.206266318537859,161,0.4203655352480417,2026.0,186.0,0.3870967741935484,0.6129032258064518,0.2311827956989248,0.2795698924731183,0.1021505376344085,0.4462365591397849,0.3817204301075268,0.1720430107526881,0.2043010752688172,0.1451612903225807,0.0376344086021505,0.2419354838709676,0.2365591397849461,0.1344086021505376
701852,"Cavanaugh, Drew",253,0.906810035842294,183,69.104662964,0.0434782608695652,0.2786885245901639,0.2015810276679842,0.0983606557377049,0.0711462450592885,6.624616245,3,-14.941336418942756,70,0.2766798418972332,77,0.3043478260869565,2026.0,95.0,0.4631578947368419,0.5368421052631578,0.2,0.2736842105263157,0.0631578947368421,0.2842105263157895,0.3894736842105264,0.3263157894736842,0.1578947368421053,0.2,0.1052631578947368,0.1263157894736842,0.1894736842105263,0.2210526315789474
678489,"Barrosa, Jorge",257,0.8986013986013986,187,69.095653191,0.0311284046692606,0.3155080213903743,0.2295719844357976,0.0481283422459893,0.0350194552529182,7.713774514,3,-11.508729203182728,70,0.2723735408560311,83,0.3229571984435798,2026.0,107.0,0.4485981308411215,0.5514018691588786,0.2990654205607477,0.1775700934579439,0.0747663551401869,0.4392523364485982,0.3551401869158878,0.205607476635514,0.205607476635514,0.1775700934579439,0.0654205607476635,0.2336448598130841,0.1775700934579439,0.1401869158878505
500743,"Rojas, Miguel",361,0.9047619047619048,309,69.091256482,0.0581717451523545,0.3915857605177993,0.335180055401662,0.1423948220064725,0.1218836565096952,7.130491607,10,-8.493039273611991,52,0.1440443213296399,183,0.5069252077562327,2026.0,203.0,0.438423645320197,0.5615763546798032,0.2315270935960591,0.2413793103448277,0.0886699507389162,0.354679802955665,0.4187192118226601,0.2266009852216749,0.187192118226601,0.2019704433497538,0.0492610837438423,0.1674876847290639,0.2167487684729062,0.1773399014778325
668885,"Martin, Austin",475,0.903041825095057,389,69.088857011,0.04,0.403598971722365,0.3305263157894736,0.0925449871465295,0.0757894736842105,6.661906653,14,-23.18779928885943,86,0.1810526315789473,211,0.4442105263157895,2026.0,235.0,0.4765957446808511,0.5234042553191491,0.2255319148936171,0.2382978723404255,0.0595744680851064,0.3999999999999998,0.3531914893617021,0.2468085106382978,0.225531914893617,0.1829787234042552,0.0680851063829787,0.1744680851063827,0.1702127659574468,0.178723404255319
595978,"Hedges, Austin",353,0.9051282051282052,276,69.078439547,0.0764872521246459,0.3442028985507246,0.2691218130311614,0.1050724637681159,0.0821529745042493,7.232572805,14,-3.622650972381963,77,0.2181303116147308,157,0.4447592067988669,2026.0,175.0,0.4742857142857143,0.5257142857142857,0.2285714285714285,0.1999999999999999,0.0971428571428571,0.4742857142857141,0.3257142857142858,0.2000000000000001,0.2571428571428571,0.1657142857142856,0.0514285714285714,0.2171428571428569,0.1600000000000001,0.1485714285714287
686475,"Tolbert, Tyler",204,0.9066666666666666,141,69.040863333,0.0245098039215686,0.375886524822695,0.2598039215686274,0.0851063829787234,0.0588235294117647,6.703767108,5,-4.157167512785186,63,0.3088235294117647,87,0.4264705882352941,2026.0,102.0,0.4803921568627449,0.519607843137255,0.2156862745098039,0.2254901960784314,0.0784313725490196,0.3333333333333332,0.392156862745098,0.2745098039215686,0.215686274509804,0.2058823529411764,0.0588235294117647,0.1176470588235292,0.1862745098039215,0.2156862745098038
685133,"Meckler, Wade",459,0.9053254437869822,370,69.02284488,0.0217864923747276,0.4,0.3224400871459695,0.0864864864864864,0.0697167755991285,6.760631373,11,-10.067055324950696,89,0.1938997821350762,218,0.4749455337690632,2026.0,234.0,0.5299145299145299,0.4700854700854701,0.1923076923076922,0.2606837606837607,0.017094017094017,0.3333333333333332,0.4700854700854698,0.1965811965811966,0.2008547008547009,0.2905982905982904,0.0384615384615384,0.1324786324786323,0.1794871794871794,0.1581196581196581
801126,"Rodden, Brock",117,0.9069767441860463,73,69.021760342,0.017094017094017,0.3424657534246575,0.2136752136752136,0.0958904109589041,0.0598290598290598,7.206149487,3,-5.014722510620999,44,0.376068376068376,36,0.3076923076923077,2026.0,38.0,0.2894736842105262,0.7105263157894738,0.4736842105263158,0.2105263157894737,0.0263157894736842,0.5263157894736841,0.2631578947368421,0.2105263157894737,0.2105263157894736,0.0789473684210526,0.0,0.3157894736842104,0.1842105263157895,0.2105263157894737
669392,"Taylor, Samad",227,0.8972332015810277,164,69.020560441,0.052863436123348,0.3170731707317073,0.2290748898678414,0.0548780487804878,0.039647577092511,7.004599339,3,1.5535475324683126,63,0.2775330396475771,82,0.3612334801762114,2026.0,109.0,0.5229357798165137,0.4770642201834862,0.1743119266055046,0.2660550458715596,0.036697247706422,0.3302752293577981,0.4495412844036697,0.2201834862385322,0.2293577981651377,0.2201834862385321,0.073394495412844,0.1009174311926603,0.2293577981651375,0.1467889908256882
700337,"Quero, Edgar",363,0.9029850746268656,291,68.948030634,0.0385674931129476,0.3711340206185567,0.2975206611570248,0.127147766323024,0.1019283746556473,6.906819146,0,-19.46565338290163,72,0.1983471074380165,144,0.396694214876033,2026.0,151.0,0.5165562913907287,0.4834437086092715,0.2649006622516557,0.1788079470198675,0.0397350993377483,0.3311258278145697,0.4437086092715231,0.2251655629139073,0.2052980132450332,0.23841059602649,0.0728476821192053,0.1258278145695365,0.2052980132450331,0.1523178807947021
660644,"Bruján, Vidal",18,0.9,13,68.930750556,0.0,0.3846153846153846,0.2777777777777778,0.0769230769230769,0.0555555555555555,7.012614444,0,-2.70451693213182,5,0.2777777777777778,7,0.3888888888888889,2026.0,11.0,0.5454545454545455,0.4545454545454545,0.0909090909090909,0.0909090909090909,0.2727272727272727,0.3636363636363636,0.4545454545454545,0.1818181818181818,0.2727272727272727,0.0909090909090909,0.1818181818181818,0.0909090909090908,0.3636363636363636,0.0
669397,"Allen, Nick",229,0.9087301587301588,173,68.906163231,0.0174672489082969,0.3583815028901734,0.2707423580786026,0.1098265895953757,0.0829694323144104,6.693074498,4,-5.86279901480926,56,0.2445414847161572,103,0.4497816593886463,2026.0,118.0,0.4915254237288137,0.5084745762711864,0.2033898305084745,0.1864406779661017,0.1186440677966101,0.3983050847457628,0.3983050847457627,0.2033898305084746,0.2118644067796612,0.1949152542372881,0.0847457627118643,0.1864406779661016,0.2033898305084746,0.1186440677966102
664954,"Sullivan, Brett",352,0.8979591836734694,298,68.881729091,0.0482954545454545,0.3590604026845637,0.3039772727272727,0.0906040268456375,0.0767045454545454,7.303911023,5,-9.08620022676531,54,0.1534090909090909,157,0.4460227272727273,2026.0,181.0,0.3535911602209943,0.6464088397790055,0.2762430939226519,0.2541436464088398,0.1160220994475138,0.5138121546961325,0.2872928176795581,0.1988950276243093,0.2375690607734805,0.0773480662983425,0.0386740331491712,0.2762430939226519,0.2099447513812156,0.1602209944751381
813841,"Cox, Jonah",257,0.9017543859649124,159,68.869426381,0.0583657587548638,0.3144654088050314,0.1945525291828793,0.0943396226415094,0.0583657587548638,6.524102918,9,-7.3885154174454355,98,0.3813229571984435,66,0.2568093385214007,2026.0,88.0,0.4999999999999999,0.5,0.2272727272727273,0.2386363636363636,0.0340909090909091,0.2045454545454545,0.4090909090909091,0.3863636363636364,0.1477272727272727,0.2272727272727273,0.125,0.0568181818181817,0.1818181818181817,0.2613636363636364
691182,"Amador, Adael",143,0.9050632911392406,121,68.84574951,0.0839160839160839,0.2727272727272727,0.2307692307692307,0.0578512396694214,0.0489510489510489,6.811752378,0,-1.616928418099385,22,0.1538461538461538,55,0.3846153846153846,2026.0,66.0,0.5151515151515152,0.4848484848484849,0.2121212121212121,0.196969696969697,0.0757575757575757,0.5454545454545453,0.2727272727272728,0.1818181818181819,0.2727272727272729,0.196969696969697,0.0454545454545454,0.2727272727272724,0.0757575757575757,0.1363636363636364
642086,"Smith, Dominic",487,0.8985239852398524,397,68.828043737,0.0677618069815195,0.36272040302267,0.2956878850102669,0.1032745591939546,0.0841889117043121,6.881340575,15,-16.267075945557373,90,0.1848049281314168,210,0.4312114989733059,2026.0,223.0,0.4080717488789238,0.5919282511210763,0.2914798206278028,0.2421524663677128,0.0582959641255605,0.3542600896860985,0.3811659192825113,0.2645739910313903,0.179372197309417,0.179372197309417,0.0493273542600896,0.1748878923766815,0.2017937219730943,0.2152466367713006
679845,"Loftin, Nick",564,0.9024,474,68.815908032,0.0567375886524822,0.3860759493670886,0.324468085106383,0.090717299578059,0.076241134751773,7.164565674,14,-14.166327401285114,90,0.1595744680851064,272,0.4822695035460992,2026.0,306.0,0.4117647058823527,0.588235294117647,0.2908496732026143,0.238562091503268,0.0588235294117646,0.4346405228758171,0.3464052287581698,0.218954248366013,0.2385620915032681,0.1274509803921569,0.0457516339869281,0.196078431372549,0.2189542483660129,0.1732026143790849
676609,"Caballero, José",804,0.8993288590604027,586,68.815348719,0.0671641791044776,0.2798634812286689,0.2039800995024875,0.0750853242320819,0.0547263681592039,6.803545211,18,-17.62187234230511,218,0.2711442786069651,262,0.3258706467661691,2026.0,309.0,0.4627831715210356,0.5372168284789645,0.203883495145631,0.2168284789644014,0.116504854368932,0.4336569579288025,0.3559870550161811,0.2103559870550162,0.2297734627831715,0.1715210355987055,0.0614886731391586,0.2038834951456309,0.1844660194174756,0.1488673139158575
645277,"Albies, Ozzie",1229,0.9003663003663004,986,68.809272319,0.0512611879576891,0.3275862068965517,0.2628152969894223,0.075050709939148,0.0602115541090317,7.164928885,15,-43.98989688486687,243,0.1977217249796582,455,0.3702196908055329,2026.0,521.0,0.3512476007677543,0.6487523992322456,0.3301343570057581,0.2341650671785027,0.0844529750479846,0.4568138195777352,0.326295585412668,0.2168905950095968,0.1976967370441458,0.1266794625719769,0.0268714011516314,0.2591170825335894,0.199616122840691,0.1900191938579653
643446,"McNeil, Jeff",921,0.9029411764705882,801,68.744191346,0.0380021715526601,0.3370786516853932,0.2931596091205212,0.0611735330836454,0.0532030401737242,7.271700771,20,-23.79526210522565,120,0.1302931596091205,387,0.4201954397394137,2026.0,418.0,0.4162679425837318,0.5837320574162679,0.2200956937799043,0.2918660287081339,0.0717703349282297,0.4114832535885167,0.3325358851674641,0.2559808612440189,0.2177033492822967,0.1387559808612438,0.0598086124401913,0.19377990430622,0.1937799043062202,0.1961722488038275
668942,"Rojas, Josh",177,0.903061224489796,145,68.740794633,0.0282485875706214,0.4068965517241379,0.3333333333333333,0.0689655172413793,0.0564971751412429,7.293811582,3,-6.819568696877075,32,0.1807909604519774,81,0.4576271186440678,2026.0,88.0,0.3863636363636364,0.6136363636363638,0.3636363636363637,0.1590909090909091,0.0909090909090909,0.3181818181818181,0.3977272727272727,0.2840909090909091,0.1477272727272727,0.1590909090909091,0.0795454545454545,0.1704545454545454,0.2386363636363635,0.2045454545454545
691740,"Susac, Daniel",280,0.9120521172638436,214,68.727809679,0.0392857142857142,0.2803738317757009,0.2142857142857142,0.0934579439252336,0.0714285714285714,7.456344036,2,-10.563998271522548,66,0.2357142857142857,101,0.3607142857142857,2026.0,114.0,0.3859649122807017,0.6140350877192982,0.2894736842105263,0.263157894736842,0.0614035087719298,0.4210526315789473,0.3333333333333332,0.2456140350877193,0.2105263157894737,0.1140350877192983,0.0614035087719298,0.2105263157894735,0.2192982456140348,0.1842105263157895
672613,"Alfonzo, Eliezer",44,0.8979591836734694,38,68.689715455,0.0454545454545454,0.5,0.4318181818181818,0.1052631578947368,0.0909090909090909,7.021126591,1,-3.9412230764697913,6,0.1363636363636363,22,0.5,2026.0,25.0,0.44,0.56,0.2799999999999999,0.24,0.0399999999999999,0.3999999999999999,0.4800000000000001,0.12,0.24,0.1999999999999999,0.0,0.1599999999999999,0.2800000000000001,0.12
699115,"Jorge, Carlos",76,0.9047619047619048,51,68.678300921,0.0263157894736842,0.2549019607843137,0.1710526315789473,0.0392156862745098,0.0263157894736842,7.465660658,2,-3.1884031895760714,25,0.3289473684210526,21,0.2763157894736842,2026.0,27.0,0.4814814814814815,0.5185185185185186,0.1481481481481481,0.2962962962962964,0.074074074074074,0.4074074074074074,0.2222222222222222,0.3703703703703704,0.2222222222222222,0.074074074074074,0.1851851851851851,0.1851851851851851,0.1481481481481482,0.1851851851851852
669701,"Smith, Josh",396,0.9061784897025172,308,68.67806,0.0252525252525252,0.2954545454545454,0.2297979797979798,0.0811688311688311,0.0631313131313131,7.021471136,12,-16.41668865415371,88,0.2222222222222222,141,0.3560606060606061,2026.0,155.0,0.4129032258064515,0.5870967741935486,0.3225806451612904,0.2000000000000001,0.064516129032258,0.3548387096774192,0.3548387096774194,0.2903225806451613,0.1935483870967741,0.1354838709677419,0.0838709677419354,0.1612903225806451,0.2193548387096774,0.2064516129032259
687462,"Horwitz, Spencer",631,0.909221902017291,537,68.665576513,0.0443740095087163,0.3426443202979516,0.2916006339144215,0.0968342644320297,0.0824088748019017,6.936814532,11,-16.858157015308137,94,0.1489698890649762,279,0.4421553090332805,2026.0,313.0,0.4089456869009588,0.5910543130990416,0.2779552715654951,0.2204472843450479,0.0926517571884984,0.4057507987220448,0.3035143769968052,0.2907348242811498,0.2300319488817891,0.1214057507987221,0.0575079872204473,0.1757188498402556,0.1821086261980831,0.2332268370607025
701162,"Malgeri, Ben",208,0.9082969432314412,159,68.660093798,0.0288461538461538,0.3396226415094339,0.2596153846153846,0.1761006289308176,0.1346153846153846,6.418684423,11,-2.787491095794945,49,0.235576923076923,77,0.3701923076923077,2026.0,83.0,0.4216867469879519,0.5783132530120483,0.2530120481927711,0.2771084337349397,0.0481927710843373,0.3493975903614457,0.3614457831325301,0.2891566265060243,0.1686746987951808,0.1927710843373493,0.0602409638554216,0.1807228915662649,0.1686746987951808,0.2289156626506026
683737,"Busch, Michael",1087,0.9028239202657808,820,68.644589319,0.0542778288868445,0.3804878048780488,0.2870285188592456,0.1378048780487805,0.1039558417663293,7.039019816,25,-22.058742723759774,267,0.2456301747930082,409,0.3762649494020239,2026.0,437.0,0.3958810068649884,0.6041189931350115,0.345537757437071,0.2128146453089243,0.045766590389016,0.3958810068649884,0.3409610983981691,0.2631578947368419,0.2196796338672767,0.1327231121281465,0.0434782608695652,0.1762013729977116,0.2082379862700225,0.2196796338672766
514888,"Altuve, Jose",832,0.9023861171366594,664,68.588493954,0.0901442307692307,0.3539156626506024,0.2824519230769231,0.0888554216867469,0.0709134615384615,7.601945409,15,-12.747770464502064,168,0.2019230769230769,361,0.4338942307692308,2026.0,407.0,0.4643734643734645,0.5356265356265356,0.221130221130221,0.2334152334152334,0.0810810810810811,0.4299754299754297,0.4078624078624077,0.1621621621621621,0.2137592137592138,0.2186732186732186,0.0319410319410319,0.2162162162162159,0.1891891891891891,0.1302211302211302
543760,"Semien, Marcus",898,0.9025125628140704,712,68.580025078,0.0267260579064588,0.3651685393258427,0.289532293986637,0.0870786516853932,0.0690423162583518,7.789288474,26,-36.9880454218692,186,0.2071269487750557,372,0.4142538975501114,2026.0,393.0,0.3689567430025445,0.6310432569974554,0.3256997455470737,0.2239185750636131,0.0814249363867684,0.4707379134860052,0.3409669211195929,0.188295165394402,0.2162849872773536,0.1119592875318066,0.0407124681933842,0.2544529262086515,0.2290076335877862,0.1475826972010178
664702,"Straw, Myles",428,0.9067796610169492,383,68.577216168,0.0560747663551401,0.3942558746736292,0.352803738317757,0.0704960835509138,0.0630841121495327,6.98554229,14,-15.233268963326514,45,0.1051401869158878,214,0.5,2026.0,256.0,0.4062499999999999,0.5937499999999999,0.2734374999999999,0.2304687499999999,0.08984375,0.3515624999999998,0.3945312500000001,0.2539062500000001,0.1914062499999998,0.1679687500000001,0.046875,0.1601562499999999,0.2265625,0.20703125
687363,"Scott II, Victor",265,0.9013605442176872,195,68.543708302,0.0339622641509433,0.3230769230769231,0.2377358490566037,0.0666666666666666,0.0490566037735849,6.408784377,10,-15.959942761735368,70,0.2641509433962264,97,0.3660377358490566,2026.0,131.0,0.5496183206106869,0.4503816793893129,0.1679389312977099,0.2290076335877862,0.0534351145038168,0.3587786259541984,0.4274809160305343,0.2137404580152672,0.2595419847328243,0.2366412213740459,0.0534351145038168,0.0992366412213741,0.1908396946564884,0.1603053435114504
621493,"Ward, Taylor",756,0.9021479713603818,622,68.539508135,0.0304232804232804,0.405144694533762,0.3333333333333333,0.1270096463022508,0.1044973544973544,6.912451349,17,-30.125228029595267,134,0.1772486772486772,339,0.4484126984126984,2026.0,370.0,0.3891891891891892,0.6108108108108111,0.2675675675675675,0.2675675675675679,0.0756756756756757,0.3297297297297296,0.4000000000000001,0.2702702702702701,0.1945945945945945,0.1540540540540541,0.0405405405405405,0.1351351351351351,0.2459459459459459,0.2297297297297296
672642,"Berroa, Steward",11,0.9166666666666666,10,68.507935455,0.0,0.3,0.2727272727272727,0.0,0.0,6.688989091,0,-0.1087487143107709,1,0.0909090909090909,3,0.2727272727272727,2026.0,3.0,0.0,1.0,0.3333333333333333,0.6666666666666666,0.0,0.0,0.6666666666666666,0.3333333333333333,0.0,0.0,0.0,0.0,0.6666666666666666,0.3333333333333333
808982,"Lee, Jung Hoo",893,0.9047619047619048,793,68.450164267,0.0358342665173572,0.403530895334174,0.3583426651735722,0.0983606557377049,0.0873460246360582,7.695991445,4,-16.59558665652812,100,0.1119820828667413,452,0.5061590145576708,2026.0,486.0,0.4362139917695471,0.5637860082304527,0.2263374485596707,0.2901234567901234,0.0473251028806584,0.3765432098765431,0.3847736625514403,0.2386831275720164,0.2098765432098765,0.1666666666666667,0.0596707818930041,0.1666666666666665,0.2181069958847736,0.1790123456790122
624431,"Trevino, Jose",232,0.8957528957528957,185,68.434703534,0.0258620689655172,0.3567567567567568,0.2844827586206896,0.0918918918918919,0.0732758620689655,7.148236767,6,-5.128749551039183,47,0.2025862068965517,111,0.4784482758620689,2026.0,126.0,0.5634920634920637,0.4365079365079366,0.2063492063492064,0.1746031746031745,0.0555555555555555,0.3253968253968254,0.4523809523809524,0.2222222222222223,0.1984126984126984,0.2936507936507938,0.0714285714285714,0.1269841269841269,0.1587301587301586,0.1507936507936509
643396,"Kiner-Falefa, Isiah",273,0.900990099009901,232,68.421865531,0.0366300366300366,0.2887931034482758,0.2454212454212454,0.0818965517241379,0.0695970695970696,6.995089267,7,-12.88115371873524,41,0.1501831501831501,125,0.4578754578754578,2026.0,137.0,0.5036496350364965,0.4963503649635038,0.1605839416058394,0.2335766423357664,0.1021897810218979,0.3941605839416058,0.364963503649635,0.2408759124087592,0.2262773722627737,0.197080291970803,0.0802919708029197,0.167883211678832,0.167883211678832,0.1605839416058395
682515,"Porter, Logan",8,0.8888888888888888,6,68.403365,0.0,0.3333333333333333,0.25,0.1666666666666666,0.125,6.865795,0,0.092647410244387,2,0.25,2,0.25,2026.0,2.0,0.5,0.5,0.0,0.5,0.0,0.0,1.0,0.0,0.0,0.5,0.0,0.0,0.5,0.0
681198,"Rumfield, TJ",1001,0.904245709123758,821,68.381857762,0.0749250749250749,0.3057247259439707,0.2507492507492507,0.0779537149817296,0.0639360639360639,6.470659411,17,-11.467666780041744,180,0.1798201798201798,408,0.4075924075924076,2026.0,462.0,0.3961038961038964,0.6038961038961039,0.2878787878787879,0.2554112554112555,0.0606060606060606,0.4069264069264071,0.3419913419913422,0.2510822510822511,0.2012987012987013,0.1406926406926407,0.0541125541125541,0.2056277056277057,0.2012987012987015,0.1969696969696969
686823,"Brennan, Will",42,0.8936170212765957,39,68.361984286,0.0238095238095238,0.2307692307692307,0.2142857142857142,0.0512820512820512,0.0476190476190476,6.537552857,0,-4.145037605495874,3,0.0714285714285714,19,0.4523809523809524,2026.0,20.0,0.3999999999999999,0.6000000000000001,0.2,0.15,0.25,0.35,0.2,0.4499999999999999,0.25,0.0999999999999999,0.0499999999999999,0.0999999999999999,0.1,0.3999999999999999
694876,"Ingle, Cooper",40,0.8888888888888888,33,68.3435145,0.0,0.2121212121212121,0.175,0.0303030303030303,0.025,6.89782675,3,-3.064668009749536,7,0.175,9,0.225,2026.0,9.0,0.7777777777777778,0.2222222222222222,0.1111111111111111,0.1111111111111111,0.0,0.5555555555555556,0.2222222222222222,0.2222222222222222,0.5555555555555556,0.2222222222222222,0.0,0.0,0.0,0.2222222222222222
669364,"Edwards, Xavier",866,0.9039665970772442,720,68.342284018,0.0242494226327944,0.3930555555555555,0.3267898383371824,0.0777777777777777,0.0646651270207852,6.505576409,16,-25.39783607972376,146,0.1685912240184757,404,0.4665127020785219,2026.0,444.0,0.4819819819819819,0.518018018018018,0.2274774774774774,0.2477477477477477,0.0427927927927928,0.2860360360360358,0.3851351351351351,0.3288288288288289,0.1846846846846847,0.1981981981981981,0.0990990990990991,0.1013513513513511,0.186936936936937,0.2297297297297298
683083,"Nuñez, Nasim",783,0.901035673187572,629,68.341037663,0.0332056194125159,0.2972972972972973,0.2388250319284802,0.0635930047694753,0.0510855683269476,6.775393806,23,-42.93239617270004,154,0.1966794380587484,303,0.3869731800766283,2026.0,339.0,0.530973451327434,0.4690265486725663,0.1887905604719763,0.2271386430678466,0.0530973451327433,0.3244837758112094,0.4395280235988202,0.2359882005899705,0.2064896755162242,0.2536873156342179,0.0707964601769911,0.1179941002949851,0.1858407079646022,0.1651917404129794
689414,"Hicks, Liam",731,0.9013563501849567,657,68.330907073,0.042407660738714,0.3668188736681887,0.3296853625170998,0.1080669710806697,0.0971272229822161,6.861815212,11,-12.762358639998466,74,0.1012311901504788,384,0.5253077975376197,2026.0,422.0,0.4360189573459714,0.5639810426540287,0.2440758293838864,0.2227488151658769,0.0971563981042654,0.4289099526066352,0.3530805687203789,0.2180094786729857,0.2298578199052134,0.1587677725118483,0.0473933649289099,0.1990521327014218,0.1943127962085306,0.1706161137440757
686217,"Frelick, Sal",512,0.9014084507042254,473,68.325826777,0.03125,0.3805496828752642,0.3515625,0.0993657505285412,0.091796875,7.06698625,7,-23.3070875100912,39,0.076171875,270,0.52734375,2026.0,304.0,0.506578947368421,0.493421052631579,0.2138157894736841,0.1907894736842104,0.0888157894736842,0.3881578947368421,0.3552631578947369,0.2565789473684211,0.2499999999999999,0.1874999999999999,0.069078947368421,0.1381578947368421,0.1677631578947369,0.1875
663538,"Hoerner, Nico",1031,0.9043859649122808,925,68.314040485,0.01454898157129,0.3956756756756757,0.3549951503394762,0.0745945945945946,0.066925315227934,7.280463172,14,-26.56071618376753,106,0.1028128031037827,531,0.5150339476236664,2026.0,576.0,0.4340277777777779,0.5659722222222227,0.2083333333333333,0.2829861111111115,0.0746527777777778,0.3159722222222225,0.3819444444444443,0.3020833333333332,0.1788194444444445,0.1736111111111111,0.0815972222222222,0.1371527777777779,0.2083333333333332,0.2204861111111109
669289,"Espinal, Santiago",94,0.8952380952380953,82,68.304278298,0.0319148936170212,0.3780487804878049,0.3297872340425531,0.0975609756097561,0.0851063829787234,7.75244234,4,-2.449005992663249,12,0.1276595744680851,46,0.4893617021276595,2026.0,51.0,0.4313725490196077,0.5686274509803921,0.215686274509804,0.3137254901960783,0.0392156862745097,0.3333333333333334,0.4509803921568627,0.2156862745098039,0.1568627450980392,0.2352941176470588,0.0392156862745097,0.1764705882352941,0.2156862745098038,0.1764705882352941
665828,"Cabrera, Oswaldo",42,0.9130434782608696,32,68.282755238,0.0,0.21875,0.1666666666666666,0.0,0.0,7.368166429,1,-3.3067098958793864,10,0.238095238095238,11,0.2619047619047619,2026.0,13.0,0.8461538461538461,0.1538461538461538,0.0769230769230769,0.0769230769230769,0.0,0.3076923076923077,0.2307692307692307,0.4615384615384615,0.3076923076923077,0.1538461538461538,0.3846153846153846,0.0,0.0769230769230769,0.0769230769230768
680977,"Donovan, Brendan",236,0.9042145593869731,196,68.282186907,0.0084745762711864,0.3316326530612244,0.2754237288135593,0.0816326530612244,0.0677966101694915,6.832253008,2,-5.211377153031844,40,0.1694915254237288,107,0.4533898305084746,2026.0,115.0,0.4782608695652175,0.5217391304347827,0.1999999999999999,0.2521739130434783,0.0695652173913043,0.3478260869565218,0.4521739130434782,0.1999999999999999,0.2086956521739131,0.2173913043478262,0.0521739130434782,0.1391304347826087,0.234782608695652,0.1478260869565217
665926,"Giménez, Andrés",892,0.901010101010101,668,68.216839652,0.0414798206278027,0.3263473053892216,0.2443946188340807,0.0658682634730539,0.0493273542600896,6.992388061,19,-30.0835353974473,224,0.2511210762331838,327,0.3665919282511211,2026.0,376.0,0.4521276595744684,0.5478723404255319,0.2340425531914894,0.2207446808510637,0.0930851063829787,0.3962765957446806,0.327127659574468,0.2765957446808513,0.223404255319149,0.1675531914893617,0.0611702127659574,0.1728723404255316,0.1595744680851062,0.2154255319148939
670764,"Walls, Taylor",595,0.8974358974358975,472,68.207991647,0.0201680672268907,0.3474576271186441,0.2756302521008403,0.0466101694915254,0.0369747899159663,7.097205916,14,-26.807636840546817,123,0.2067226890756302,236,0.3966386554621848,2026.0,278.0,0.4280575539568344,0.5719424460431658,0.2769784172661874,0.1942446043165467,0.1007194244604316,0.4100719424460431,0.3201438848920864,0.2697841726618705,0.2338129496402878,0.1223021582733812,0.0719424460431655,0.1762589928057553,0.1978417266187051,0.197841726618705
650402,"Torres, Gleyber",668,0.8990578734858681,529,68.141449431,0.0344311377245508,0.3591682419659735,0.2844311377245509,0.0812854442344045,0.0643712574850299,7.010974865,6,-22.680926385058186,139,0.2080838323353293,260,0.3892215568862275,2026.0,279.0,0.4516129032258062,0.5483870967741934,0.2473118279569892,0.2688172043010751,0.032258064516129,0.2724014336917563,0.3512544802867384,0.3763440860215053,0.1720430107526882,0.1863799283154122,0.0931899641577061,0.1003584229390681,0.1648745519713261,0.2831541218637992
686452,"Millas, Drew",222,0.8951612903225806,168,68.141360946,0.036036036036036,0.3095238095238095,0.2342342342342342,0.0476190476190476,0.036036036036036,7.146034144,1,-11.44192802965697,54,0.2432432432432432,85,0.3828828828828828,2026.0,96.0,0.4479166666666666,0.5520833333333335,0.1979166666666667,0.2916666666666667,0.0624999999999999,0.3645833333333333,0.3125000000000001,0.3229166666666668,0.1875,0.1666666666666666,0.09375,0.1770833333333333,0.1458333333333334,0.2291666666666668
694384,"Schanuel, Nolan",643,0.9005602240896359,550,68.140249378,0.0559875583203732,0.3909090909090909,0.3343701399688958,0.0909090909090909,0.077760497667185,6.824910435,17,-13.653591376656165,93,0.1446345256609642,304,0.4727838258164852,2026.0,340.0,0.4352941176470589,0.564705882352941,0.214705882352941,0.3,0.0499999999999999,0.4205882352941176,0.388235294117647,0.1911764705882352,0.2147058823529412,0.173529411764706,0.0470588235294117,0.2058823529411763,0.214705882352941,0.1441176470588234
645302,"Robles, Victor",238,0.8981132075471698,184,68.128593361,0.0252100840336134,0.3532608695652174,0.2731092436974789,0.0652173913043478,0.0504201680672268,6.722721639,8,-8.391969977669941,54,0.226890756302521,99,0.4159663865546218,2026.0,115.0,0.4521739130434783,0.5478260869565218,0.2695652173913043,0.2260869565217391,0.0521739130434782,0.4434782608695652,0.3565217391304347,0.2,0.2347826086956522,0.1652173913043479,0.0521739130434782,0.208695652173913,0.1913043478260868,0.1478260869565217
811965,"Kuroda-Grauer, Joshua",116,0.8992248062015504,98,68.105687931,0.0862068965517241,0.3265306122448979,0.2758620689655172,0.1326530612244898,0.1120689655172413,6.88151069,2,2.690409092468464,18,0.1551724137931034,48,0.4137931034482758,2026.0,56.0,0.5357142857142856,0.4642857142857142,0.125,0.2857142857142856,0.0535714285714285,0.4107142857142856,0.375,0.2142857142857142,0.25,0.1964285714285715,0.0892857142857142,0.1607142857142856,0.1785714285714285,0.1249999999999999
670156,"Mastrobuoni, Miles",38,0.9047619047619048,31,68.024396316,0.0263157894736842,0.4193548387096774,0.3421052631578947,0.0967741935483871,0.0789473684210526,6.344909211,1,-3.4197114107704607,7,0.1842105263157894,16,0.4210526315789473,2026.0,18.0,0.5,0.5,0.2777777777777778,0.2222222222222222,0.0,0.3333333333333333,0.5555555555555556,0.1111111111111111,0.2222222222222222,0.2222222222222222,0.0555555555555555,0.1111111111111111,0.3333333333333333,0.0555555555555555
665877,"Fermín, José",527,0.9039451114922812,463,68.000330835,0.0227703984819734,0.3930885529157667,0.3453510436432637,0.0820734341252699,0.0721062618595825,7.366202694,8,-13.291211792148829,64,0.1214421252371916,256,0.4857685009487666,2026.0,282.0,0.397163120567376,0.6028368794326242,0.2340425531914892,0.2588652482269506,0.1099290780141843,0.4787234042553192,0.3368794326241136,0.1843971631205675,0.198581560283688,0.1453900709219858,0.0531914893617021,0.2801418439716312,0.1914893617021277,0.1312056737588654
656716,"McKinstry, Zach",663,0.9008152173913044,557,67.981131161,0.0437405731523378,0.3177737881508079,0.2669683257918552,0.0646319569120287,0.0542986425339366,6.633495837,9,-29.73560384754896,106,0.1598793363499245,268,0.4042232277526395,2026.0,305.0,0.4032786885245903,0.5967213114754097,0.2786885245901639,0.2655737704918031,0.0524590163934425,0.3934426229508195,0.3508196721311472,0.2557377049180327,0.239344262295082,0.1278688524590164,0.0360655737704918,0.1540983606557374,0.2229508196721307,0.2196721311475409
682729,"Clase, Jonatan",42,0.9333333333333332,29,67.949527619,0.1428571428571428,0.3448275862068966,0.238095238095238,0.1379310344827586,0.0952380952380952,6.600337381,4,-0.4577672215484871,13,0.3095238095238095,13,0.3095238095238095,2026.0,14.0,0.5714285714285714,0.4285714285714285,0.3571428571428571,0.0714285714285714,0.0,0.7142857142857144,0.2142857142857143,0.0714285714285714,0.4285714285714285,0.1428571428571428,0.0,0.2857142857142858,0.0714285714285714,0.0714285714285714
663968,"Mangum, Jake",857,0.8992654774396642,675,67.946216336,0.043173862310385,0.3155555555555555,0.2485414235705951,0.0755555555555555,0.0595099183197199,6.706880093,16,-15.156221256575725,182,0.2123687281213535,308,0.3593932322053675,2026.0,343.0,0.5830903790087458,0.4169096209912536,0.1690962099125363,0.2069970845481049,0.0408163265306122,0.2973760932944609,0.3411078717201167,0.3615160349854227,0.2069970845481049,0.19533527696793,0.1807580174927113,0.0903790087463559,0.1457725947521866,0.1807580174927113
666163,"Rortvedt, Ben",39,0.9069767441860463,31,67.934992564,0.0,0.3870967741935484,0.3076923076923077,0.0,0.0,6.794324103,2,-2.3340111785348165,8,0.2051282051282051,16,0.4102564102564102,2026.0,19.0,0.3157894736842105,0.6842105263157895,0.2631578947368421,0.368421052631579,0.0526315789473684,0.2105263157894737,0.4210526315789473,0.368421052631579,0.1052631578947368,0.1578947368421052,0.0526315789473684,0.1052631578947368,0.2631578947368421,0.3157894736842105
622268,"Walton, Donovan",441,0.9,325,67.863939138,0.0068027210884353,0.3815384615384615,0.2811791383219955,0.083076923076923,0.0612244897959183,6.89867805,6,-6.559923433566231,116,0.2630385487528344,162,0.3673469387755102,2026.0,183.0,0.4371584699453553,0.5628415300546447,0.2732240437158469,0.256830601092896,0.0327868852459016,0.4863387978142077,0.2896174863387978,0.2240437158469946,0.2786885245901637,0.1147540983606557,0.0437158469945355,0.207650273224044,0.174863387978142,0.1803278688524591
703520,"Bateman, Brett",254,0.900709219858156,221,67.855270669,0.0275590551181102,0.3167420814479638,0.2755905511811024,0.0542986425339366,0.0472440944881889,6.962602559,2,-1.1725800532860726,33,0.1299212598425196,105,0.4133858267716535,2026.0,120.0,0.6083333333333332,0.3916666666666668,0.125,0.2583333333333333,0.0083333333333333,0.3333333333333333,0.3499999999999998,0.3166666666666669,0.2916666666666668,0.175,0.1416666666666666,0.0416666666666665,0.1749999999999998,0.1750000000000002
668974,"Handley, Maverick",3,1.0,1,67.778986667,0.0,0.0,0.0,0.0,0.0,7.961806667,0,-0.2919858747319683,2,0.6666666666666666,0,0.0,,,,,,,,,,,,,,,,
660688,"Ruiz, Keibert",520,0.8996539792387543,458,67.673645038,0.0076923076923076,0.4519650655021834,0.398076923076923,0.1462882096069869,0.1288461538461538,7.048458327,4,-4.471259638184915,62,0.1192307692307692,274,0.5269230769230769,2026.0,296.0,0.3783783783783782,0.6216216216216217,0.287162162162162,0.2331081081081083,0.1013513513513513,0.5878378378378376,0.2668918918918917,0.1452702702702703,0.2499999999999996,0.0979729729729729,0.0304054054054054,0.337837837837838,0.1689189189189187,0.1148648648648649
669369,"Johnson, Bryce",72,0.8888888888888888,49,67.628901806,0.0277777777777777,0.1632653061224489,0.1111111111111111,0.0,0.0,7.49767625,2,-4.433902279204044,23,0.3194444444444444,22,0.3055555555555556,2026.0,28.0,0.5357142857142856,0.4642857142857143,0.2857142857142858,0.0357142857142857,0.1428571428571428,0.2857142857142857,0.357142857142857,0.3571428571428572,0.2142857142857143,0.1785714285714285,0.1428571428571428,0.0714285714285713,0.1785714285714284,0.2142857142857143
676694,"Meyers, Jake",241,0.8992537313432836,194,67.506161784,0.0456431535269709,0.3247422680412371,0.2614107883817427,0.0670103092783505,0.0539419087136929,6.986077635,8,-8.859486997649576,47,0.1950207468879668,95,0.3941908713692946,2026.0,111.0,0.4234234234234235,0.5765765765765766,0.2882882882882883,0.1981981981981982,0.09009009009009,0.3873873873873876,0.3153153153153153,0.2972972972972972,0.2432432432432432,0.1621621621621621,0.018018018018018,0.1441441441441443,0.1531531531531532,0.2792792792792792
676391,"Clement, Ernie",951,0.8997161778618732,831,67.296054732,0.0273396424815983,0.3935018050541516,0.3438485804416404,0.0517448856799037,0.0452155625657203,7.107513712,31,-25.854893844943728,120,0.1261829652996845,482,0.5068349106203995,2026.0,534.0,0.3820224719101122,0.6179775280898882,0.2827715355805247,0.2340823970037454,0.1011235955056179,0.4026217228464419,0.3951310861423219,0.202247191011236,0.1891385767790263,0.1685393258426964,0.0243445692883895,0.2134831460674155,0.2265917602996255,0.1779026217228465
672695,"Perdomo, Geraldo",945,0.9017175572519084,847,67.240939185,0.0126984126984126,0.3872491145218418,0.3470899470899471,0.0802833530106257,0.0719576719576719,6.953579333,24,-22.663641901351813,98,0.1037037037037037,440,0.4656084656084656,2026.0,488.0,0.418032786885246,0.5819672131147541,0.2500000000000001,0.2848360655737703,0.0471311475409836,0.4262295081967211,0.3442622950819674,0.2295081967213112,0.2315573770491804,0.1372950819672131,0.0491803278688524,0.1946721311475407,0.2069672131147542,0.1803278688524587
670623,"Paredes, Isaac",1046,0.9040622299049266,892,67.221011176,0.0669216061185468,0.3239910313901345,0.2762906309751434,0.0695067264573991,0.0592734225621414,7.764564837,10,-21.53363664839941,154,0.147227533460803,402,0.384321223709369,2026.0,474.0,0.2721518987341774,0.7278481012658233,0.3080168776371309,0.2763713080168779,0.1434599156118145,0.4936708860759494,0.2721518987341775,0.2341772151898734,0.160337552742616,0.0632911392405063,0.0485232067510548,0.3333333333333333,0.2088607594936711,0.1856540084388185
683227,"Freeman, Cody",141,0.8980891719745223,120,67.211056525,0.0,0.3666666666666666,0.3120567375886525,0.0416666666666666,0.0354609929078014,6.70597383,5,-4.803220271089027,21,0.1489361702127659,63,0.4468085106382978,2026.0,72.0,0.5416666666666666,0.4583333333333333,0.1944444444444444,0.1666666666666667,0.0972222222222222,0.4305555555555555,0.3194444444444445,0.2500000000000001,0.2638888888888888,0.1944444444444444,0.0833333333333333,0.1666666666666667,0.125,0.1666666666666668
506702,"León, Sandy",88,0.8979591836734694,62,66.97671625,0.0227272727272727,0.2741935483870967,0.1931818181818181,0.0161290322580645,0.0113636363636363,6.994659659,3,-7.327394166996211,26,0.2954545454545454,24,0.2727272727272727,2026.0,26.0,0.4615384615384615,0.5384615384615384,0.1538461538461538,0.1923076923076923,0.1923076923076923,0.6923076923076923,0.1923076923076923,0.1153846153846154,0.3846153846153846,0.0769230769230769,0.0,0.3076923076923077,0.1153846153846154,0.1153846153846154
664770,"Lukes, Nathan",755,0.9074519230769232,633,66.958288808,0.0304635761589404,0.3522906793048973,0.295364238410596,0.0758293838862559,0.0635761589403973,6.35021645,8,-17.176927990500214,122,0.1615894039735099,306,0.4052980132450331,2026.0,351.0,0.535612535612536,0.4643874643874643,0.1965811965811965,0.2222222222222222,0.0455840455840456,0.3162393162393165,0.393162393162393,0.2905982905982907,0.1937321937321936,0.2649572649572648,0.0769230769230769,0.1225071225071228,0.1282051282051282,0.2136752136752137
805367,"Meidroth, Chase",955,0.9009433962264152,771,66.946148806,0.0104712041884816,0.364461738002594,0.2942408376963351,0.0804150453955901,0.0649214659685863,6.652203853,14,-11.512604749432564,184,0.1926701570680628,368,0.3853403141361256,2026.0,432.0,0.4953703703703702,0.50462962962963,0.2175925925925926,0.2430555555555558,0.0439814814814814,0.4097222222222222,0.3449074074074075,0.2453703703703703,0.2222222222222223,0.2129629629629629,0.0601851851851851,0.1874999999999999,0.1319444444444446,0.1851851851851851
678011,"Seigler, Anthony",263,0.8976109215017065,209,66.912329278,0.0038022813688212,0.4210526315789473,0.3346007604562737,0.0909090909090909,0.0722433460076045,6.783912205,7,-7.114258198855255,54,0.2053231939163498,120,0.4562737642585551,2026.0,126.0,0.4206349206349207,0.5714285714285714,0.3015873015873015,0.2301587301587302,0.0396825396825396,0.3492063492063492,0.3333333333333332,0.3174603174603176,0.2063492063492064,0.1587301587301587,0.0555555555555555,0.1428571428571427,0.1746031746031744,0.261904761904762
687957,"Harris, Dustin",207,0.9,171,66.810037971,0.0338164251207729,0.4385964912280701,0.3623188405797101,0.0818713450292397,0.0676328502415458,6.551209517,7,-4.031059130064038,36,0.1739130434782608,97,0.4685990338164251,2026.0,108.0,0.4259259259259259,0.5740740740740741,0.1944444444444445,0.3055555555555554,0.074074074074074,0.4814814814814813,0.3888888888888889,0.1296296296296297,0.2222222222222223,0.1851851851851852,0.0185185185185185,0.2592592592592589,0.2037037037037036,0.1111111111111111
663967,"Salazar, César",37,0.902439024390244,32,66.796591351,0.0,0.28125,0.2432432432432432,0.0625,0.054054054054054,6.874852162,0,-4.043504050494169,5,0.1351351351351351,13,0.3513513513513513,2026.0,15.0,0.5333333333333333,0.4666666666666667,0.1999999999999999,0.2666666666666666,0.0,0.5333333333333333,0.3333333333333333,0.1333333333333333,0.2666666666666667,0.1999999999999999,0.0666666666666666,0.2666666666666666,0.1333333333333333,0.0666666666666666
664731,"Higgins, P.J.",42,0.8936170212765957,34,66.754575952,0.0,0.4117647058823529,0.3333333333333333,0.0294117647058823,0.0238095238095238,6.608366905,2,-2.084960393901008,8,0.1904761904761904,19,0.4523809523809524,2026.0,22.0,0.3636363636363636,0.6363636363636364,0.2727272727272727,0.2727272727272727,0.0909090909090909,0.4090909090909091,0.2727272727272727,0.3181818181818182,0.1363636363636363,0.1818181818181818,0.0454545454545454,0.2727272727272727,0.0909090909090909,0.2727272727272727
808975,"Kim, Hyeseong",215,0.899581589958159,166,66.669647581,0.0,0.3493975903614458,0.2697674418604651,0.072289156626506,0.055813953488372,7.190798465,5,-6.507483277947337,49,0.227906976744186,85,0.3953488372093023,2026.0,87.0,0.471264367816092,0.5287356321839082,0.1954022988505747,0.2988505747126437,0.0344827586206896,0.3218390804597701,0.4367816091954021,0.2413793103448274,0.2413793103448275,0.1609195402298851,0.0689655172413793,0.0804597701149426,0.275862068965517,0.1724137931034481
596117,"Stubbs, Garrett",102,0.9026548672566372,85,66.663003529,0.0,0.3176470588235294,0.2647058823529412,0.0235294117647058,0.0196078431372549,7.023278922,3,-8.668439626610922,17,0.1666666666666666,41,0.4019607843137255,2026.0,45.0,0.5111111111111111,0.4888888888888889,0.2666666666666666,0.1333333333333333,0.0888888888888889,0.2888888888888889,0.4444444444444443,0.2666666666666666,0.1777777777777777,0.2444444444444445,0.0888888888888888,0.1111111111111111,0.1999999999999998,0.1777777777777777
681909,"Dean, Justin",19,0.9047619047619048,14,66.628457368,0.0,0.2142857142857142,0.1578947368421052,0.1428571428571428,0.1052631578947368,6.535878421,0,0.6202844592285306,5,0.2631578947368421,4,0.2105263157894736,2026.0,4.0,0.5,0.5,0.0,0.5,0.0,0.75,0.0,0.25,0.5,0.0,0.0,0.25,0.0,0.25
669743,"Call, Alex",311,0.9040697674418604,261,66.605953055,0.0321543408360128,0.2950191570881226,0.247588424437299,0.0306513409961685,0.0257234726688102,6.716720868,7,-12.779847534939476,50,0.1607717041800643,117,0.3762057877813505,2026.0,127.0,0.4409448818897638,0.5590551181102366,0.2440944881889765,0.1889763779527559,0.125984251968504,0.3543307086614174,0.3858267716535434,0.2598425196850394,0.1732283464566928,0.188976377952756,0.0787401574803149,0.1811023622047245,0.1968503937007874,0.1811023622047244
691907,"Cheng, Tsung-Che",67,0.8933333333333333,44,66.527600299,0.0,0.3181818181818182,0.208955223880597,0.1136363636363636,0.0746268656716417,6.765597761,4,-3.6668415025969336,23,0.3432835820895522,23,0.3432835820895522,2026.0,26.0,0.4615384615384617,0.5384615384615385,0.3076923076923077,0.2307692307692307,0.0,0.4615384615384615,0.4230769230769231,0.1153846153846154,0.2692307692307693,0.1153846153846153,0.0769230769230769,0.1923076923076923,0.3076923076923077,0.0384615384615384
681146,"Bride, Jonah",3,0.75,3,66.462113333,0.0,1.0,1.0,0.0,0.0,6.541166667,1,-0.0885667477925128,0,0.0,3,1.0,2026.0,3.0,0.6666666666666666,0.3333333333333333,0.3333333333333333,0.0,0.0,0.0,0.3333333333333333,0.6666666666666666,0.0,0.0,0.6666666666666666,0.0,0.3333333333333333,0.0
670032,"Lopez, Nicky",428,0.8991596638655462,345,66.43579757,0.0093457943925233,0.336231884057971,0.2710280373831775,0.0405797101449275,0.0327102803738317,6.793414322,4,-16.314963644697613,83,0.1939252336448598,170,0.397196261682243,2026.0,203.0,0.6009852216748767,0.3990147783251231,0.1477832512315272,0.2216748768472905,0.0295566502463054,0.2906403940886699,0.4729064039408867,0.2364532019704433,0.206896551724138,0.334975369458128,0.0591133004926108,0.0837438423645318,0.1379310344827586,0.1773399014778325
571657,"Farmer, Kyle",29,0.90625,21,66.31415931,0.0,0.3333333333333333,0.2413793103448276,0.0476190476190476,0.0344827586206896,6.867335172,0,-0.9213678451912212,8,0.2758620689655172,12,0.4137931034482758,2026.0,13.0,0.5384615384615385,0.4615384615384615,0.0769230769230769,0.3076923076923076,0.0769230769230769,0.4615384615384615,0.3076923076923077,0.2307692307692308,0.1538461538461538,0.2307692307692307,0.1538461538461538,0.3076923076923076,0.0769230769230769,0.0769230769230769
801501,"Furman, Nate",58,0.8923076923076924,47,66.210719828,0.0,0.2553191489361702,0.2068965517241379,0.0425531914893617,0.0344827586206896,6.73606931,1,-5.380657532934934,11,0.1896551724137931,20,0.3448275862068966,2026.0,24.0,0.7500000000000001,0.25,0.125,0.0833333333333333,0.0416666666666666,0.4583333333333333,0.2916666666666667,0.25,0.375,0.2083333333333333,0.1666666666666666,0.0833333333333333,0.0833333333333334,0.0833333333333334
681190,"Vásquez, Randy",1,1.0,1,66.15199,0.0,0.0,0.0,0.0,0.0,7.20537,0,-0.2609434055265234,0,0.0,1,1.0,2026.0,1.0,1.0,0.0,0.0,0.0,0.0,1.0,0.0,0.0,1.0,0.0,0.0,0.0,0.0,0.0
665561,"Marchán, Rafael",163,0.9005524861878453,138,66.094399202,0.0,0.3405797101449275,0.2883435582822086,0.0289855072463768,0.0245398773006134,7.482381779,3,-12.50891780518404,25,0.1533742331288343,71,0.4355828220858895,2026.0,76.0,0.3289473684210526,0.6710526315789473,0.2631578947368421,0.1973684210526316,0.2105263157894736,0.4342105263157896,0.3552631578947368,0.2105263157894737,0.1710526315789474,0.131578947368421,0.0263157894736842,0.2631578947368422,0.2236842105263157,0.1842105263157895
663611,"Madrigal, Nick",98,0.8909090909090909,92,66.036609388,0.010204081632653,0.4130434782608695,0.3877551020408163,0.0652173913043478,0.0612244897959183,6.44718102,1,-2.825838063667912,6,0.0612244897959183,46,0.4693877551020408,2026.0,52.0,0.5192307692307694,0.4807692307692306,0.2115384615384615,0.2499999999999998,0.0192307692307692,0.3076923076923077,0.423076923076923,0.2692307692307693,0.1730769230769231,0.2692307692307694,0.0769230769230769,0.1346153846153846,0.1538461538461536,0.1923076923076923
663494,"Torres, Bryan",283,0.9012738853503184,229,65.888100671,0.0106007067137809,0.3973799126637554,0.3215547703180212,0.0393013100436681,0.0318021201413427,6.487468799,6,-10.517383562461683,54,0.1908127208480565,117,0.4134275618374558,2026.0,129.0,0.4573643410852713,0.5426356589147288,0.2325581395348837,0.2635658914728683,0.0465116279069767,0.4806201550387595,0.3023255813953486,0.2170542635658914,0.2635658914728682,0.1317829457364341,0.062015503875969,0.2170542635658913,0.1705426356589144,0.1550387596899224
669717,"Wilson, Will",12,0.9230769230769232,8,65.659586667,0.0,0.25,0.1666666666666666,0.125,0.0833333333333333,7.008129167,2,0.4837980219289173,4,0.3333333333333333,4,0.3333333333333333,2026.0,4.0,0.5,0.5,0.5,0.0,0.0,0.75,0.25,0.0,0.25,0.25,0.0,0.5,0.0,0.0
660844,"Rivas, Leo",190,0.8962264150943396,149,65.600163263,0.0052631578947368,0.3758389261744966,0.2947368421052631,0.0268456375838926,0.0210526315789473,7.121429684,8,-14.44230284362469,41,0.2157894736842105,76,0.4,2026.0,83.0,0.3855421686746988,0.6144578313253015,0.3012048192771086,0.2048192771084338,0.108433734939759,0.4578313253012048,0.3614457831325302,0.1807228915662651,0.2409638554216867,0.1204819277108433,0.0240963855421686,0.2168674698795181,0.2409638554216868,0.1566265060240964
543877,"Vázquez, Christian",428,0.9010526315789472,346,65.557141051,0.0046728971962616,0.3670520231213873,0.2967289719626168,0.0693641618497109,0.0560747663551401,6.705887664,7,-17.17252457187476,82,0.1915887850467289,175,0.4088785046728972,2026.0,195.0,0.4307692307692308,0.5692307692307694,0.2461538461538461,0.235897435897436,0.0871794871794871,0.3384615384615385,0.3435897435897435,0.317948717948718,0.1846153846153845,0.1641025641025641,0.082051282051282,0.153846153846154,0.1794871794871794,0.235897435897436
806367,"Hill, Turner",159,0.9085714285714286,141,65.452973459,0.0062893081761006,0.4468085106382978,0.3962264150943396,0.0851063829787234,0.0754716981132075,6.383587484,2,-7.679707023086166,18,0.1132075471698113,78,0.490566037735849,2026.0,84.0,0.4285714285714286,0.5714285714285714,0.2619047619047619,0.2619047619047618,0.0476190476190476,0.4523809523809524,0.3809523809523809,0.1666666666666666,0.2738095238095238,0.1309523809523809,0.0238095238095238,0.1785714285714285,0.2499999999999999,0.1428571428571428
666185,"Carlson, Dylan",5,0.8333333333333334,4,65.193974,0.0,0.5,0.4,0.0,0.0,6.693066,0,-0.7438564854373289,1,0.2,2,0.4,2026.0,2.0,0.5,0.5,0.5,0.0,0.0,1.0,0.0,0.0,0.5,0.0,0.0,0.5,0.0,0.0
624428,"Frazier, Adam",256,0.8982456140350877,192,65.170317305,0.0156249999999999,0.3177083333333333,0.23828125,0.0364583333333333,0.02734375,6.832116523,7,-8.054901299255457,64,0.25,84,0.328125,2026.0,94.0,0.5106382978723405,0.4893617021276598,0.2127659574468085,0.2659574468085108,0.0106382978723404,0.4361702127659573,0.3617021276595747,0.202127659574468,0.2446808510638297,0.1914893617021276,0.0744680851063829,0.1914893617021275,0.170212765957447,0.1276595744680851
802415,"Simpson, Chandler",786,0.903448275862069,712,65.096449784,0.005089058524173,0.4606741573033708,0.4173027989821883,0.0266853932584269,0.0241730279898218,6.570472048,10,-16.739419995780665,74,0.094147582697201,467,0.594147582697201,2026.0,538.0,0.615241635687732,0.3847583643122676,0.1412639405204461,0.2156133828996281,0.0278810408921933,0.2918215613382899,0.3903345724907065,0.3178438661710036,0.2267657992565056,0.2490706319702602,0.1394052044609665,0.0650557620817842,0.1412639405204462,0.178438661710037
623168,"Heineman, Tyler",314,0.8997134670487106,252,65.078142325,0.0031847133757961,0.3373015873015873,0.2707006369426751,0.0277777777777777,0.0222929936305732,7.032572866,7,-23.605669913482878,62,0.197452229299363,134,0.4267515923566879,2026.0,156.0,0.5320512820512816,0.4679487179487179,0.1987179487179487,0.1987179487179486,0.0705128205128205,0.4743589743589744,0.3141025641025641,0.2115384615384615,0.2692307692307693,0.1858974358974359,0.0769230769230769,0.2051282051282051,0.1282051282051282,0.1346153846153846
683021,"Stefanic, Michael",48,0.9056603773584906,44,64.984380417,0.0208333333333333,0.3863636363636363,0.3541666666666667,0.0681818181818181,0.0625,6.161164792,2,-0.1138130388368032,4,0.0833333333333333,20,0.4166666666666667,2026.0,20.0,0.5499999999999999,0.45,0.1,0.35,0.0,0.25,0.45,0.3,0.15,0.2,0.2,0.0999999999999999,0.25,0.1
805779,"Wilson, Jacob",537,0.8994974874371859,461,64.685836853,0.0055865921787709,0.3839479392624729,0.329608938547486,0.071583514099783,0.0614525139664804,6.22554959,8,-8.926907384134267,76,0.1415270018621973,246,0.4581005586592179,2026.0,283.0,0.5123674911660776,0.4876325088339222,0.2120141342756183,0.2402826855123674,0.0353356890459364,0.3498233215547703,0.3957597173144876,0.2544169611307419,0.2084805653710247,0.215547703180212,0.0883392226148409,0.1413427561837455,0.1802120141342756,0.166077738515901
650333,"Arraez, Luis",1027,0.9064430714916152,952,63.112816358,0.0009737098344693,0.4590336134453781,0.4255111976630964,0.0178571428571428,0.0165530671859785,5.869335122,3,-16.355556910205244,75,0.0730282375851996,517,0.5034079844206426,2026.0,588.0,0.3758503401360545,0.6241496598639452,0.3078231292517004,0.2687074829931972,0.0476190476190475,0.3095238095238095,0.3690476190476193,0.3214285714285713,0.1530612244897959,0.1666666666666666,0.0561224489795918,0.1564625850340135,0.2023809523809526,0.2653061224489794
680757,"Kwan, Steven",793,0.9001135073779796,742,62.425823796,0.0025220680958385,0.4555256064690027,0.4262295081967213,0.0175202156334231,0.0163934426229508,6.167619571,5,-15.35053644412009,51,0.0643127364438839,425,0.5359394703656999,2026.0,481.0,0.4178794178794177,0.5821205821205819,0.2245322245322244,0.3076923076923075,0.0498960498960499,0.2723492723492724,0.397089397089397,0.3305613305613308,0.1496881496881495,0.182952182952183,0.0852390852390853,0.1226611226611228,0.2141372141372139,0.2453222453222455
807747,"Nishida, Rikuu",35,0.8974358974358975,30,61.724923714,0.0,0.6,0.5142857142857142,0.0333333333333333,0.0285714285714285,6.053812857,1,-1.5332974365224878,5,0.1428571428571428,20,0.5714285714285714,2026.0,25.0,0.6400000000000001,0.36,0.08,0.2799999999999999,0.0,0.1599999999999999,0.56,0.28,0.12,0.3999999999999999,0.12,0.0399999999999999,0.1600000000000001,0.16
678225,"Bae, Jihwan",3,1.0,2,58.981056667,0.0,0.0,0.0,0.0,0.0,5.821016667,0,-0.2826877394867051,1,0.3333333333333333,0,0.0,2026.0,2.0,1.0,0.0,0.0,0.0,0.0,0.5,0.5,0.0,0.5,0.5,0.0,0.0,0.0,0.0
