"id","name","year","bbe","gb_rate","air_rate","fb_rate","ld_rate","pu_rate","pull_rate","straight_rate","oppo_rate","pull_gb_rate","straight_gb_rate","oppo_gb_rate","pull_air_rate","straight_air_rate","oppo_air_rate"
457705,"McCutchen, Andrew",2026,35,0.2285714285714286,0.7714285714285714,0.45714285714285713,0.14285714285714288,0.17142857142857143,0.2571428571428572,0.6000000000000002,0.1428571428571429,0.11428571428571428,0.1142857142857143,0,0.1428571428571429,0.4857142857142859,0.1428571428571429
467793,"Santana, Carlos",2026,3,0.6666666666666667,0.3333333333333333,0.3333333333333333,0,0,0.3333333333333333,0.33333333333333337,0.33333333333333337,0,0.33333333333333337,0.33333333333333337,0.3333333333333333,0,0
500743,"Rojas, Miguel",2026,132,0.40151515151515144,0.5984848484848487,0.2500000000000001,0.25757575757575774,0.09090909090909091,0.393939393939394,0.3863636363636364,0.21969696969696975,0.1893939393939394,0.1742424242424243,0.037878787878787894,0.20454545454545459,0.2121212121212121,0.18181818181818185
502054,"Pham, Tommy",2026,16,0.5625,0.43750000000000006,0.25000000000000006,0.125,0.0625,0.5625,0.12500000000000003,0.3125,0.4375000000000001,0.12500000000000003,0,0.12499999999999989,0,0.3125
502671,"Goldschmidt, Paul",2026,125,0.44000000000000006,0.56,0.2879999999999999,0.20800000000000013,0.06400000000000002,0.31999999999999995,0.3760000000000002,0.304,0.16800000000000004,0.21600000000000008,0.056000000000000015,0.1519999999999999,0.16000000000000014,0.24799999999999997
506702,"León, Sandy",2026,12,0.49999999999999994,0.5,0,0.25,0.25000000000000006,0.6666666666666666,0.16666666666666666,0.16666666666666669,0.33333333333333337,0.16666666666666666,0,0.33333333333333326,0,0.16666666666666669
514888,"Altuve, Jose",2026,96,0.40625000000000006,0.59375,0.21875000000000008,0.2916666666666666,0.08333333333333336,0.40625000000000006,0.4479166666666668,0.14583333333333331,0.1979166666666667,0.19791666666666669,0.01041666666666667,0.20833333333333334,0.2500000000000001,0.13541666666666666
516782,"Marte, Starling",2026,85,0.5647058823529415,0.43529411764705894,0.17647058823529416,0.20000000000000007,0.05882352941176469,0.2941176470588236,0.39999999999999986,0.30588235294117655,0.211764705882353,0.24705882352941183,0.10588235294117652,0.0823529411764706,0.15294117647058803,0.2
518595,"d'Arnaud, Travis",2026,26,0.4230769230769231,0.576923076923077,0.38461538461538464,0.15384615384615388,0.03846153846153846,0.26923076923076933,0.4615384615384614,0.2692307692307693,0.11538461538461538,0.23076923076923075,0.07692307692307691,0.15384615384615397,0.23076923076923064,0.19230769230769235
518692,"Freeman, Freddie",2026,154,0.4935064935064935,0.5064935064935066,0.2532467532467533,0.24675324675324686,0.006493506493506495,0.3311688311688311,0.3766233766233766,0.2922077922077922,0.21428571428571422,0.20129870129870134,0.07792207792207795,0.1168831168831169,0.17532467532467524,0.21428571428571425
519317,"Stanton, Giancarlo",2026,16,0.375,0.6250000000000001,0.3125,0.2500000000000001,0.0625,0.5625,0.25,0.18749999999999997,0.25000000000000006,0.12500000000000003,0,0.31249999999999994,0.12499999999999997,0.18749999999999997
521692,"Perez, Salvador",2026,131,0.32061068702290074,0.6793893129770996,0.3740458015267177,0.28244274809160325,0.02290076335877863,0.4351145038167938,0.32061068702290085,0.24427480916030528,0.19083969465648853,0.10687022900763354,0.022900763358778636,0.24427480916030525,0.2137404580152673,0.22137404580152664
542303,"Ozuna, Marcell",2026,65,0.35384615384615375,0.6461538461538463,0.2923076923076923,0.2461538461538462,0.1076923076923077,0.36923076923076925,0.4000000000000002,0.2307692307692308,0.18461538461538468,0.10769230769230774,0.06153846153846154,0.18461538461538457,0.29230769230769243,0.16923076923076927
543309,"Higashioka, Kyle",2026,35,0.22857142857142865,0.7714285714285715,0.2571428571428572,0.31428571428571417,0.20000000000000004,0.39999999999999997,0.3142857142857143,0.2857142857142857,0.14285714285714288,0.05714285714285714,0.028571428571428577,0.2571428571428571,0.2571428571428571,0.2571428571428571
543510,"McCann, James",2026,42,0.5000000000000001,0.5000000000000001,0.23809523809523814,0.19047619047619052,0.07142857142857142,0.11904761904761907,0.5476190476190477,0.3333333333333332,0.07142857142857144,0.35714285714285704,0.07142857142857144,0.04761904761904763,0.19047619047619063,0.26190476190476175
543760,"Semien, Marcus",2026,105,0.28571428571428575,0.7142857142857144,0.380952380952381,0.27619047619047626,0.05714285714285713,0.45714285714285735,0.3047619047619046,0.23809523809523828,0.15238095238095234,0.08571428571428569,0.04761904761904763,0.304761904761905,0.21904761904761894,0.19047619047619063
543807,"Springer, George",2026,112,0.38392857142857145,0.6160714285714286,0.3035714285714285,0.2232142857142858,0.08928571428571427,0.4642857142857142,0.2946428571428571,0.2410714285714286,0.24107142857142866,0.10714285714285716,0.03571428571428572,0.22321428571428553,0.18749999999999994,0.20535714285714288
543877,"Vázquez, Christian",2026,48,0.3749999999999999,0.6250000000000001,0.2291666666666667,0.31250000000000006,0.08333333333333334,0.31250000000000006,0.37499999999999994,0.3124999999999999,0.08333333333333333,0.20833333333333337,0.08333333333333334,0.22916666666666674,0.16666666666666657,0.22916666666666655
545121,"Vargas, Ildemaro",2026,147,0.35374149659863957,0.6462585034013606,0.23129251700680267,0.2993197278911566,0.11564625850340134,0.41496598639455784,0.4013605442176871,0.18367346938775506,0.21088435374149658,0.12244897959183676,0.020408163265306128,0.20408163265306126,0.2789115646258503,0.16326530612244894
545341,"Grichuk, Randal",2026,128,0.2734375000000001,0.7265625,0.3359375000000001,0.3046874999999999,0.08593750000000001,0.4609375,0.2968749999999999,0.2421875,0.1953125,0.07031249999999999,0.007812500000000002,0.265625,0.2265624999999999,0.234375
545361,"Trout, Mike",2026,104,0.403846153846154,0.5961538461538463,0.3173076923076924,0.21153846153846156,0.0673076923076923,0.30769230769230765,0.44230769230769235,0.2500000000000001,0.17307692307692307,0.17307692307692316,0.05769230769230771,0.13461538461538458,0.26923076923076916,0.1923076923076924
547180,"Harper, Bryce",2026,160,0.4500000000000001,0.55,0.25625,0.24375000000000005,0.05000000000000003,0.40625000000000006,0.3187500000000001,0.27499999999999986,0.23125000000000004,0.13125000000000012,0.08749999999999998,0.17500000000000002,0.18749999999999997,0.1874999999999999
553869,"Díaz, Elias",2026,78,0.34615384615384626,0.6538461538461541,0.25641025641025644,0.2820512820512822,0.1153846153846154,0.4615384615384616,0.29487179487179505,0.2435897435897436,0.19230769230769235,0.11538461538461549,0.038461538461538464,0.2692307692307693,0.17948717948717957,0.20512820512820515
553993,"Suárez, Eugenio",2026,58,0.3448275862068966,0.6551724137931035,0.3793103448275862,0.206896551724138,0.06896551724137931,0.41379310344827597,0.3448275862068965,0.24137931034482757,0.24137931034482757,0.10344827586206898,0,0.1724137931034484,0.24137931034482754,0.24137931034482757
571448,"Arenado, Nolan",2026,111,0.3963963963963964,0.6036036036036039,0.27927927927927954,0.2162162162162162,0.10810810810810813,0.5225225225225226,0.32432432432432456,0.15315315315315314,0.18918918918918926,0.1351351351351352,0.07207207207207206,0.33333333333333337,0.18918918918918937,0.08108108108108109
571657,"Farmer, Kyle",2026,8,0.625,0.37500000000000006,0,0.25000000000000006,0.125,0.25000000000000006,0.5,0.25000000000000006,0.12500000000000003,0.375,0.12500000000000003,0.12500000000000003,0.125,0.12500000000000003
571771,"Hernández, Enrique",2026,33,0.36363636363636365,0.6363636363636364,0.2727272727272727,0.27272727272727265,0.09090909090909095,0.18181818181818182,0.5151515151515152,0.3030303030303031,0.09090909090909095,0.24242424242424246,0.030303030303030318,0.09090909090909087,0.2727272727272728,0.27272727272727276
571912,"Maile, Luke",2026,20,0.25,0.75,0.4,0.15000000000000002,0.2,0.45,0.30000000000000004,0.25,0.15,0.09999999999999999,0,0.30000000000000004,0.20000000000000007,0.25
571970,"Muncy, Max",2026,82,0.39024390243902435,0.6097560975609757,0.2804878048780487,0.21951219512195128,0.10975609756097565,0.5243902439024392,0.3414634146341465,0.13414634146341461,0.20731707317073175,0.15853658536585377,0.02439024390243903,0.3170731707317074,0.1829268292682927,0.10975609756097558
572233,"Walker, Christian",2026,91,0.46153846153846156,0.5384615384615385,0.27472527472527475,0.1538461538461539,0.10989010989010992,0.48351648351648363,0.24175824175824176,0.2747252747252748,0.30769230769230776,0.07692307692307693,0.07692307692307694,0.17582417582417587,0.16483516483516483,0.19780219780219788
573262,"Yastrzemski, Mike",2026,21,0.380952380952381,0.6190476190476191,0.380952380952381,0.19047619047619047,0.04761904761904763,0.380952380952381,0.28571428571428575,0.3333333333333333,0.1904761904761905,0.047619047619047616,0.1428571428571429,0.1904761904761905,0.23809523809523814,0.1904761904761904
575929,"Contreras, Willson",2026,91,0.3406593406593406,0.6593406593406594,0.3296703296703297,0.1648351648351648,0.16483516483516494,0.5274725274725273,0.24175824175824168,0.2307692307692308,0.21978021978021983,0.06593406593406592,0.054945054945054944,0.30769230769230743,0.17582417582417575,0.17582417582417587
592206,"Castellanos, Nick",2026,24,0.29166666666666663,0.7083333333333333,0.45833333333333326,0.25000000000000006,0,0.5416666666666666,0.33333333333333337,0.12500000000000006,0.125,0.12500000000000003,0.04166666666666666,0.41666666666666663,0.20833333333333334,0.0833333333333334
592450,"Judge, Aaron",2026,41,0.43902439024390244,0.5609756097560976,0.3170731707317072,0.19512195121951226,0.048780487804878044,0.4878048780487806,0.26829268292682923,0.24390243902439027,0.26829268292682923,0.0975609756097561,0.07317073170731708,0.21951219512195136,0.17073170731707313,0.17073170731707318
592518,"Machado, Manny",2026,111,0.3873873873873875,0.6126126126126126,0.30630630630630634,0.24324324324324317,0.06306306306306309,0.43243243243243235,0.3063063063063063,0.26126126126126137,0.1891891891891892,0.14414414414414417,0.05405405405405407,0.24324324324324315,0.16216216216216212,0.2072072072072073
592626,"Pederson, Joc",2026,17,0.5294117647058824,0.4705882352941177,0.17647058823529416,0.23529411764705882,0.058823529411764705,0.47058823529411764,0.29411764705882354,0.23529411764705882,0.23529411764705888,0.23529411764705882,0.058823529411764705,0.23529411764705876,0.05882352941176472,0.1764705882352941
592663,"Realmuto, J.T.",2026,86,0.3139534883720931,0.6860465116279071,0.37209302325581395,0.24418604651162804,0.0697674418604651,0.4069767441860465,0.3023255813953489,0.2906976744186047,0.23255813953488375,0.046511627906976744,0.03488372093023256,0.17441860465116277,0.2558139534883721,0.25581395348837216
592885,"Yelich, Christian",2026,85,0.5764705882352938,0.423529411764706,0.17647058823529413,0.21176470588235305,0.03529411764705882,0.2705882352941176,0.43529411764705905,0.29411764705882354,0.21176470588235305,0.2823529411764706,0.08235294117647056,0.058823529411764525,0.15294117647058847,0.21176470588235297
593428,"Bogaerts, Xander",2026,120,0.5499999999999999,0.45000000000000007,0.22500000000000012,0.2083333333333333,0.01666666666666667,0.3583333333333332,0.4,0.24166666666666672,0.25000000000000006,0.2500000000000001,0.05,0.10833333333333317,0.1499999999999999,0.1916666666666667
593871,"Polanco, Jorge",2026,22,0.18181818181818185,0.8181818181818182,0.40909090909090906,0.27272727272727276,0.13636363636363638,0.2727272727272727,0.36363636363636365,0.36363636363636365,0.04545454545454545,0.04545454545454545,0.09090909090909093,0.22727272727272727,0.3181818181818182,0.2727272727272727
595879,"Báez, Javier",2026,46,0.49999999999999994,0.5,0.1956521739130435,0.2608695652173913,0.043478260869565244,0.4130434782608695,0.3695652173913043,0.21739130434782614,0.21739130434782614,0.23913043478260868,0.04347826086956523,0.19565217391304338,0.13043478260869565,0.17391304347826092
595978,"Hedges, Austin",2026,97,0.4948453608247422,0.5051546391752578,0.24742268041237117,0.16494845360824745,0.09278350515463919,0.5051546391752577,0.32989690721649473,0.16494845360824745,0.288659793814433,0.17525773195876293,0.0309278350515464,0.2164948453608247,0.1546391752577318,0.13402061855670105
596019,"Lindor, Francisco",2026,114,0.38596491228070184,0.6140350877192982,0.3421052631578946,0.19298245614035095,0.07894736842105263,0.45614035087719296,0.30701754385964897,0.2368421052631579,0.21929824561403521,0.14035087719298256,0.026315789473684226,0.23684210526315774,0.1666666666666664,0.21052631578947367
596103,"Slater, Austin",2026,39,0.4102564102564103,0.5897435897435898,0.25641025641025644,0.2307692307692308,0.10256410256410256,0.35897435897435903,0.33333333333333326,0.3076923076923078,0.15384615384615388,0.17948717948717954,0.07692307692307694,0.20512820512820515,0.15384615384615372,0.2307692307692309
596115,"Story, Trevor",2026,43,0.4883720930232558,0.5116279069767442,0.25581395348837205,0.2558139534883721,0,0.37209302325581395,0.3255813953488373,0.3023255813953489,0.18604651162790703,0.23255813953488372,0.06976744186046513,0.18604651162790692,0.09302325581395357,0.23255813953488375
596117,"Stubbs, Garrett",2026,4,1,0,0,0,0,0.5,0.5,0,0.5,0.5,0,0,0,0
596142,"Sánchez, Gary",2026,80,0.4500000000000001,0.5500000000000002,0.21250000000000005,0.22500000000000006,0.11250000000000003,0.43749999999999994,0.2875,0.2749999999999999,0.2750000000000001,0.1125,0.0625,0.16249999999999987,0.175,0.2124999999999999
596146,"Kepler, Max",2026,9,0.2222222222222222,0.7777777777777779,0.22222222222222227,0.5555555555555556,0,0.3333333333333333,0.6666666666666666,0,0,0.2222222222222222,0,0.3333333333333333,0.4444444444444444,0
600869,"Candelario, Jeimer",2026,2,0.5,0.5,0.5,0,0,0.5,0.5,0,0,0.5,0,0.5,0,0
602104,"Urías, Ramón",2026,26,0.3076923076923076,0.6923076923076923,0.5,0.11538461538461538,0.07692307692307693,0.26923076923076933,0.5384615384615383,0.19230769230769232,0.15384615384615383,0.1153846153846154,0.038461538461538464,0.1153846153846155,0.4230769230769229,0.15384615384615385
605137,"Bell, Josh",2026,157,0.3757961783439491,0.624203821656051,0.3057324840764332,0.22929936305732482,0.08917197452229297,0.3821656050955413,0.3821656050955413,0.23566878980891726,0.18471337579617833,0.1273885350318471,0.06369426751592358,0.19745222929936299,0.2547770700636942,0.17197452229299368
605141,"Betts, Mookie",2026,140,0.30714285714285705,0.692857142857143,0.342857142857143,0.2642857142857142,0.0857142857142857,0.39285714285714285,0.3785714285714285,0.22857142857142862,0.17857142857142846,0.12142857142857151,0.0071428571428571435,0.21428571428571438,0.257142857142857,0.22142857142857147
605170,"Caratini, Victor",2026,68,0.38235294117647056,0.6176470588235295,0.2647058823529413,0.29411764705882354,0.058823529411764705,0.4558823529411765,0.323529411764706,0.2205882352941177,0.23529411764705888,0.11764705882352942,0.029411764705882353,0.22058823529411764,0.20588235294117657,0.19117647058823534
605244,"Garcia, Aramis",2026,3,0.33333333333333337,0.6666666666666666,0.6666666666666666,0,0,0.3333333333333333,0.6666666666666667,0,0,0.33333333333333337,0,0.3333333333333333,0.33333333333333337,0
605353,"Machín, Vimael",2026,1,0,1,0,1,0,0,1,0,0,0,0,0,1,0
606115,"Arcia, Orlando",2026,15,0.4666666666666667,0.5333333333333333,0.26666666666666666,0.2,0.06666666666666668,0.4,0.2666666666666667,0.3333333333333333,0.2,0.2666666666666667,0,0.2,0,0.3333333333333333
606192,"Hernández, Teoscar",2026,99,0.4242424242424244,0.5757575757575757,0.3232323232323232,0.2222222222222222,0.030303030303030307,0.36363636363636365,0.393939393939394,0.2424242424242425,0.19191919191919202,0.19191919191919193,0.040404040404040414,0.17171717171717163,0.20202020202020204,0.20202020202020207
606466,"Marte, Ketel",2026,125,0.4079999999999999,0.5920000000000001,0.26400000000000007,0.25600000000000006,0.072,0.5600000000000002,0.28800000000000014,0.15200000000000002,0.2560000000000001,0.10400000000000006,0.04800000000000003,0.30400000000000005,0.18400000000000008,0.104
606992,"Haase, Eric",2026,14,0.6428571428571428,0.35714285714285715,0,0.2857142857142857,0.07142857142857144,0.35714285714285715,0.42857142857142855,0.2142857142857143,0.35714285714285715,0.2857142857142857,0,0,0.14285714285714285,0.2142857142857143
607043,"Nimmo, Brandon",2026,149,0.44966442953020136,0.5503355704697989,0.2416107382550337,0.2751677852348994,0.033557046979865765,0.29530201342281887,0.4093959731543624,0.2953020134228187,0.20805369127516782,0.18120805369127518,0.06040268456375839,0.08724832214765105,0.2281879194630872,0.2348993288590603
607208,"Turner, Trea",2026,172,0.4534883720930233,0.5465116279069768,0.22674418604651173,0.2093023255813953,0.11046511627906978,0.3604651162790696,0.4069767441860467,0.23255813953488372,0.19767441860465118,0.15116279069767444,0.10465116279069765,0.1627906976744184,0.2558139534883722,0.12790697674418605
608070,"Ramírez, José",2026,133,0.3759398496240601,0.62406015037594,0.25563909774436094,0.26315789473684215,0.10526315789473692,0.47368421052631576,0.33082706766917286,0.1954887218045113,0.21052631578947376,0.12781954887218042,0.03759398496240602,0.26315789473684204,0.20300751879699244,0.15789473684210528
608324,"Bregman, Alex",2026,126,0.33333333333333337,0.6666666666666669,0.3095238095238096,0.23809523809523822,0.11904761904761911,0.3888888888888889,0.3650793650793651,0.246031746031746,0.16666666666666657,0.1349206349206349,0.03174603174603176,0.22222222222222232,0.2301587301587302,0.21428571428571425
608348,"Kelly, Carson",2026,97,0.4536082474226806,0.5463917525773195,0.30927835051546393,0.19587628865979384,0.041237113402061855,0.35051546391752597,0.4123711340206186,0.23711340206185572,0.2061855670103093,0.20618556701030932,0.041237113402061855,0.14432989690721668,0.20618556701030927,0.19587628865979387
608369,"Seager, Corey",2026,92,0.4347826086956521,0.5652173913043479,0.31521739130434784,0.20652173913043487,0.04347826086956523,0.3913043478260869,0.35869565217391297,0.24999999999999994,0.25,0.16304347826086957,0.021739130434782615,0.14130434782608692,0.1956521739130434,0.22826086956521732
608701,"Refsnyder, Rob",2026,67,0.43283582089552236,0.5671641791044778,0.2835820895522389,0.13432835820895525,0.14925373134328365,0.4925373134328359,0.19402985074626872,0.31343283582089565,0.3283582089552241,0.08955223880597019,0.014925373134328358,0.1641791044776118,0.10447761194029853,0.2985074626865673
608841,"Meneses, Joey",2026,12,0.5833333333333334,0.4166666666666667,0.16666666666666669,0.25,0,0.7499999999999999,0.24999999999999997,0,0.49999999999999994,0.08333333333333334,0,0.24999999999999994,0.16666666666666663,0
609280,"Andujar, Miguel",2026,64,0.5468750000000001,0.4531250000000001,0.1875,0.20312500000000006,0.06250000000000003,0.4375,0.40624999999999994,0.15625,0.21875000000000003,0.2656249999999999,0.062499999999999986,0.21874999999999997,0.14062500000000006,0.09375000000000001
620443,"Torrens, Luis",2026,63,0.5396825396825398,0.4603174603174605,0.26984126984126994,0.1746031746031747,0.015873015873015883,0.31746031746031744,0.3968253968253967,0.28571428571428575,0.23809523809523805,0.23809523809523808,0.0634920634920635,0.07936507936507939,0.1587301587301586,0.22222222222222227
621020,"Swanson, Dansby",2026,88,0.4204545454545455,0.5795454545454545,0.2613636363636364,0.24999999999999997,0.06818181818181816,0.48863636363636365,0.3181818181818183,0.19318181818181826,0.31818181818181823,0.09090909090909091,0.011363636363636367,0.17045454545454541,0.22727272727272738,0.18181818181818188
621043,"Correa, Carlos",2026,34,0.47058823529411764,0.5294117647058824,0.20588235294117646,0.2647058823529412,0.05882352941176473,0.47058823529411775,0.2647058823529412,0.2647058823529412,0.23529411764705885,0.11764705882352944,0.11764705882352941,0.2352941176470589,0.14705882352941174,0.14705882352941177
621438,"Taylor, Tyrone",2026,92,0.3260869565217392,0.6739130434782609,0.3695652173913042,0.21739130434782616,0.08695652173913045,0.5434782608695653,0.28260869565217406,0.17391304347826095,0.23913043478260868,0.07608695652173912,0.010869565217391308,0.30434782608695665,0.20652173913043492,0.16304347826086965
621439,"Buxton, Byron",2026,76,0.36842105263157904,0.6315789473684211,0.2763157894736842,0.2763157894736843,0.07894736842105261,0.5,0.3815789473684211,0.11842105263157905,0.22368421052631585,0.14473684210526314,0,0.2763157894736842,0.23684210526315794,0.11842105263157905
621493,"Ward, Taylor",2026,119,0.34453781512605036,0.6554621848739497,0.2857142857142858,0.2941176470588236,0.07563025210084033,0.31932773109243706,0.42016806722689093,0.2605042016806721,0.1428571428571428,0.17647058823529418,0.025210084033613443,0.17647058823529427,0.24369747899159674,0.23529411764705868
621550,"Wisdom, Patrick",2026,10,0.4,0.6,0.39999999999999997,0,0.19999999999999998,0.4,0.20000000000000004,0.39999999999999997,0.30000000000000004,0,0.10000000000000002,0.09999999999999998,0.20000000000000004,0.29999999999999993
621566,"Olson, Matt",2026,187,0.39572192513369003,0.6042780748663105,0.36363636363636387,0.18181818181818185,0.05882352941176471,0.3529411764705883,0.3850267379679145,0.2620320855614973,0.19786096256684485,0.14438502673796785,0.05347593582887701,0.15508021390374346,0.24064171122994663,0.20855614973262032
622268,"Walton, Donovan",2026,17,0.5882352941176472,0.411764705882353,0.23529411764705882,0.11764705882352944,0.058823529411764705,0.35294117647058826,0.29411764705882354,0.3529411764705883,0.23529411764705882,0.23529411764705888,0.11764705882352944,0.11764705882352944,0.05882352941176466,0.23529411764705888
622761,"Mateo, Jorge",2026,58,0.2758620689655173,0.7241379310344829,0.37931034482758624,0.25862068965517254,0.08620689655172414,0.31034482758620696,0.41379310344827575,0.2758620689655173,0.12068965517241381,0.10344827586206899,0.051724137931034496,0.18965517241379315,0.31034482758620674,0.2241379310344828
623168,"Heineman, Tyler",2026,46,0.5869565217391303,0.41304347826086957,0.1739130434782609,0.17391304347826086,0.06521739130434784,0.41304347826086957,0.3478260869565216,0.2391304347826087,0.23913043478260873,0.2608695652173912,0.08695652173913043,0.17391304347826084,0.08695652173913043,0.15217391304347827
623205,"Velazquez, Andrew",2026,3,1,0,0,0,0,0.33333333333333337,0.6666666666666666,0,0.33333333333333337,0.6666666666666666,0,0,0,0
624413,"Alonso, Pete",2026,138,0.39130434782608703,0.608695652173913,0.326086956521739,0.24637681159420283,0.03623188405797102,0.391304347826087,0.42753623188405787,0.18115942028985507,0.15942028985507245,0.17391304347826095,0.05797101449275362,0.23188405797101452,0.2536231884057969,0.12318840579710146
624424,"Conforto, Michael",2026,9,0.4444444444444444,0.5555555555555556,0.22222222222222227,0.22222222222222227,0.1111111111111111,0.3333333333333333,0.4444444444444444,0.22222222222222227,0.2222222222222222,0.11111111111111113,0.1111111111111111,0.1111111111111111,0.33333333333333326,0.11111111111111116
624428,"Frazier, Adam",2026,14,0.6428571428571428,0.35714285714285715,0.14285714285714285,0.14285714285714285,0.07142857142857144,0.3571428571428571,0.5,0.14285714285714288,0.21428571428571433,0.2857142857142857,0.14285714285714288,0.14285714285714277,0.2142857142857143,0
624431,"Trevino, Jose",2026,33,0.6060606060606061,0.393939393939394,0.15151515151515152,0.15151515151515152,0.09090909090909093,0.21212121212121218,0.5757575757575759,0.21212121212121213,0.12121212121212124,0.36363636363636365,0.12121212121212122,0.09090909090909094,0.21212121212121227,0.09090909090909091
624512,"McGuire, Reese",2026,1,0,1,0,1,0,0,1,0,0,0,0,0,1,0
624585,"Soler, Jorge",2026,55,0.30909090909090914,0.6909090909090909,0.3454545454545454,0.3090909090909091,0.03636363636363636,0.4727272727272727,0.34545454545454546,0.1818181818181818,0.18181818181818182,0.10909090909090909,0.01818181818181818,0.2909090909090909,0.2363636363636364,0.1636363636363636
624641,"Sosa, Edmundo",2026,98,0.47959183673469385,0.5204081632653061,0.19387755102040824,0.2653061224489796,0.06122448979591837,0.4693877551020409,0.36734693877551033,0.16326530612244905,0.2755102040816329,0.17346938775510207,0.030612244897959186,0.193877551020408,0.19387755102040827,0.13265306122448986
628451,"Ibáñez, Andy",2026,21,0.33333333333333337,0.6666666666666665,0.5238095238095237,0.14285714285714285,0,0.5238095238095237,0.33333333333333337,0.14285714285714288,0.19047619047619047,0.14285714285714285,0,0.33333333333333326,0.19047619047619052,0.14285714285714288
630105,"Cronenworth, Jake",2026,70,0.5142857142857141,0.4857142857142859,0.15714285714285725,0.21428571428571427,0.11428571428571432,0.30000000000000004,0.32857142857142874,0.37142857142857144,0.20000000000000004,0.17142857142857157,0.1428571428571429,0.1,0.15714285714285717,0.22857142857142854
640459,"Navarreto, Brian",2026,22,0.40909090909090917,0.5909090909090908,0.2727272727272727,0.1818181818181818,0.13636363636363635,0.5454545454545454,0.1363636363636364,0.31818181818181823,0.3181818181818182,0,0.09090909090909093,0.22727272727272724,0.1363636363636364,0.2272727272727273
640492,"Azócar, José",2026,9,0.5555555555555556,0.4444444444444444,0.11111111111111113,0.3333333333333333,0,0.6666666666666666,0.22222222222222227,0.11111111111111113,0.5555555555555556,0,0,0.11111111111111105,0.22222222222222227,0.11111111111111113
640902,"Pereda, Jhonny",2026,21,0.33333333333333337,0.6666666666666667,0.14285714285714288,0.4761904761904762,0.047619047619047616,0.5238095238095238,0.380952380952381,0.09523809523809523,0.19047619047619047,0.09523809523809525,0.047619047619047616,0.33333333333333337,0.28571428571428575,0.047619047619047616
641343,"Bauers, Jake",2026,99,0.42424242424242414,0.5757575757575758,0.3131313131313131,0.20202020202020207,0.060606060606060615,0.404040404040404,0.29292929292929293,0.30303030303030304,0.22222222222222215,0.1414141414141414,0.0606060606060606,0.18181818181818182,0.15151515151515152,0.24242424242424243
641355,"Bellinger, Cody",2026,154,0.3506493506493509,0.6493506493506497,0.2597402597402599,0.2792207792207794,0.11038961038961041,0.46753246753246747,0.3441558441558442,0.18831168831168835,0.20779220779220792,0.12337662337662336,0.01948051948051949,0.25974025974025955,0.22077922077922085,0.16883116883116886
641487,"Crawford, J.P.",2026,104,0.5769230769230769,0.4230769230769232,0.16346153846153852,0.17307692307692316,0.08653846153846152,0.36538461538461525,0.40384615384615397,0.23076923076923084,0.2596153846153846,0.22115384615384623,0.09615384615384616,0.10576923076923067,0.18269230769230774,0.1346153846153847
641555,"Escarra, J.C.",2026,18,0.33333333333333337,0.6666666666666667,0.2777777777777778,0.3888888888888889,0,0.3888888888888889,0.4444444444444444,0.16666666666666669,0.2222222222222222,0.11111111111111113,0,0.16666666666666669,0.33333333333333326,0.16666666666666669
641584,"Fraley, Jake",2026,6,0.33333333333333337,0.6666666666666667,0.16666666666666669,0.5,0,0.33333333333333337,0.6666666666666666,0,0.16666666666666669,0.16666666666666666,0,0.16666666666666669,0.5,0
641598,"Garver, Mitch",2026,37,0.4324324324324324,0.5675675675675675,0.32432432432432423,0.16216216216216217,0.08108108108108109,0.5405405405405403,0.32432432432432423,0.13513513513513517,0.21621621621621626,0.21621621621621623,0,0.3243243243243241,0.108108108108108,0.13513513513513517
641680,"Heim, Jonah",2026,119,0.4285714285714287,0.5714285714285714,0.26890756302521,0.23529411764705893,0.06722689075630253,0.3697478991596638,0.3697478991596639,0.2605042016806723,0.26890756302521013,0.11764705882352948,0.042016806722689065,0.10084033613445365,0.2521008403361344,0.21848739495798322
641820,"Mancini, Trey",2026,2,0.5,0.5,0,0.5,0,0,0.5,0.5,0,0.5,0,0,0,0.5
641857,"McMahon, Ryan",2026,38,0.4473684210526315,0.5526315789473685,0.26315789473684215,0.26315789473684215,0.026315789473684223,0.3157894736842105,0.39473684210526316,0.2894736842105263,0.1578947368421053,0.18421052631578955,0.10526315789473685,0.1578947368421052,0.21052631578947362,0.1842105263157895
641933,"O'Neill, Tyler",2026,79,0.29113924050632917,0.708860759493671,0.4810126582278481,0.17721518987341778,0.05063291139240508,0.4430379746835443,0.29113924050632906,0.2658227848101267,0.17721518987341778,0.08860759493670883,0.025316455696202538,0.2658227848101265,0.20253164556962022,0.2405063291139242
642020,"Robinson, Chuckie",2026,8,0.625,0.37500000000000006,0.125,0,0.25000000000000006,0.25000000000000006,0.5,0.25,0.25000000000000006,0.25,0.125,0,0.25,0.125
642086,"Smith, Dominic",2026,29,0.3793103448275863,0.6206896551724138,0.27586206896551735,0.1379310344827586,0.20689655172413793,0.20689655172413798,0.44827586206896547,0.3448275862068965,0.10344827586206902,0.20689655172413793,0.06896551724137934,0.10344827586206896,0.24137931034482754,0.2758620689655172
642133,"Tellez, Rowdy",2026,2,0,1,1,0,0,0,0.5,0.5,0,0,0,0,0.5,0.5
642201,"White, Eli",2026,75,0.48,0.52,0.2666666666666667,0.22666666666666666,0.02666666666666667,0.3200000000000002,0.4,0.27999999999999997,0.24000000000000005,0.1733333333333334,0.06666666666666665,0.08000000000000013,0.22666666666666663,0.21333333333333332
642215,"Wilson, Weston",2026,69,0.4927536231884058,0.5072463768115942,0.2753623188405797,0.17391304347826092,0.05797101449275363,0.4927536231884057,0.3478260869565219,0.1594202898550725,0.3188405797101451,0.15942028985507256,0.014492753623188406,0.1739130434782606,0.18840579710144933,0.1449275362318841
642350,"Siri, Jose",2026,75,0.3466666666666668,0.6533333333333333,0.42666666666666664,0.18666666666666665,0.04,0.44000000000000006,0.32000000000000006,0.24,0.16,0.13333333333333333,0.05333333333333332,0.28,0.18666666666666673,0.18666666666666668
642708,"Rosario, Amed",2026,118,0.4067796610169492,0.593220338983051,0.27118644067796616,0.2457627118644069,0.07627118644067794,0.38983050847457634,0.4152542372881356,0.1949152542372882,0.2203389830508475,0.1525423728813559,0.03389830508474577,0.16949152542372883,0.26271186440677974,0.16101694915254244
642715,"Adames, Willy",2026,83,0.3614457831325301,0.6385542168674699,0.34939759036144574,0.21686746987951813,0.07228915662650602,0.5421686746987953,0.32530120481927716,0.1325301204819277,0.2650602409638554,0.0963855421686747,0,0.2771084337349399,0.22891566265060245,0.1325301204819277
642851,"Wynns, Austin",2026,25,0.31999999999999995,0.68,0.32000000000000006,0.24,0.12000000000000002,0.36,0.32000000000000006,0.32000000000000006,0.12,0.15999999999999998,0.039999999999999994,0.24,0.1600000000000001,0.2800000000000001
643217,"Benintendi, Andrew",2026,28,0.42857142857142855,0.5714285714285714,0.1428571428571429,0.3571428571428571,0.07142857142857144,0.46428571428571425,0.39285714285714285,0.14285714285714285,0.25,0.14285714285714288,0.035714285714285726,0.21428571428571425,0.24999999999999997,0.10714285714285712
643289,"Dubón, Mauricio",2026,178,0.41011235955056186,0.589887640449438,0.2640449438202244,0.24157303370786518,0.08426966292134835,0.353932584269663,0.39325842696629215,0.25280898876404506,0.18539325842696636,0.17415730337078658,0.05056179775280897,0.16853932584269665,0.21910112359550557,0.2022471910112361
643376,"Jansen, Danny",2026,39,0.35897435897435886,0.6410256410256409,0.3333333333333332,0.15384615384615385,0.15384615384615383,0.4358974358974359,0.3076923076923076,0.2564102564102564,0.15384615384615385,0.15384615384615388,0.05128205128205131,0.28205128205128205,0.15384615384615372,0.20512820512820507
643396,"Kiner-Falefa, Isiah",2026,37,0.4054054054054054,0.5945945945945946,0.13513513513513514,0.2972972972972973,0.1621621621621622,0.3783783783783783,0.40540540540540543,0.21621621621621628,0.1891891891891892,0.16216216216216217,0.054054054054054064,0.1891891891891891,0.24324324324324326,0.16216216216216223
643446,"McNeil, Jeff",2026,90,0.4555555555555556,0.5444444444444445,0.21111111111111114,0.25555555555555554,0.07777777777777778,0.3555555555555558,0.3555555555555555,0.2888888888888888,0.21111111111111122,0.17777777777777784,0.06666666666666665,0.14444444444444457,0.17777777777777767,0.22222222222222215
644433,"Tromp, Chadwick",2026,14,0.35714285714285715,0.6428571428571428,0.28571428571428575,0.21428571428571427,0.14285714285714285,0.2142857142857143,0.3571428571428571,0.42857142857142855,0.14285714285714288,0.14285714285714288,0.07142857142857142,0.07142857142857142,0.21428571428571422,0.3571428571428571
645277,"Albies, Ozzie",2026,224,0.3705357142857144,0.6294642857142857,0.28124999999999994,0.26339285714285726,0.08482142857142852,0.4241071428571428,0.3392857142857143,0.23660714285714288,0.16964285714285726,0.16071428571428567,0.04017857142857147,0.25446428571428553,0.17857142857142863,0.1964285714285714
645302,"Robles, Victor",2026,37,0.37837837837837834,0.6216216216216216,0.2702702702702703,0.2972972972972972,0.05405405405405405,0.5135135135135135,0.29729729729729726,0.1891891891891892,0.21621621621621626,0.13513513513513514,0.02702702702702704,0.29729729729729726,0.16216216216216212,0.16216216216216217
645305,"Sánchez, Ali",2026,29,0.3793103448275862,0.6206896551724139,0.17241379310344832,0.2413793103448276,0.20689655172413798,0.3448275862068966,0.3103448275862069,0.3448275862068965,0.20689655172413793,0.10344827586206899,0.06896551724137931,0.13793103448275865,0.2068965517241379,0.27586206896551724
646240,"Devers, Rafael",2026,141,0.44680851063829796,0.5531914893617023,0.3262411347517731,0.17021276595744692,0.056737588652482296,0.2836879432624114,0.4184397163120567,0.2978723404255321,0.13475177304964545,0.24113475177304963,0.07092198581560281,0.14893617021276598,0.17730496453900704,0.2269503546099293
647304,"Naylor, Josh",2026,179,0.45810055865921784,0.5418994413407824,0.20111731843575423,0.25139664804469297,0.08938547486033524,0.42458100558659223,0.37988826815642457,0.19553072625698323,0.2625698324022346,0.14525139664804468,0.05027932960893852,0.16201117318435765,0.2346368715083799,0.1452513966480447
649966,"Urías, Luis",2026,24,0.2916666666666667,0.7083333333333334,0.25,0.29166666666666674,0.16666666666666663,0.5833333333333334,0.25,0.16666666666666663,0.25,0.04166666666666667,0,0.33333333333333337,0.20833333333333331,0.16666666666666663
650333,"Arraez, Luis",2026,187,0.49732620320855636,0.5026737967914437,0.20320855614973252,0.24064171122994654,0.05882352941176469,0.32085561497326187,0.3957219251336899,0.283422459893048,0.20855614973262027,0.19786096256684488,0.0909090909090909,0.1122994652406416,0.19786096256684504,0.1925133689839571
650391,"Jiménez, Eloy",2026,11,0.6363636363636364,0.36363636363636365,0.0909090909090909,0.18181818181818185,0.09090909090909091,0.36363636363636365,0.2727272727272727,0.3636363636363636,0.18181818181818185,0.18181818181818182,0.2727272727272727,0.1818181818181818,0.09090909090909088,0.09090909090909088
650402,"Torres, Gleyber",2026,72,0.3611111111111112,0.6388888888888891,0.29166666666666685,0.2916666666666667,0.055555555555555566,0.26388888888888895,0.4027777777777778,0.33333333333333337,0.18055555555555566,0.13888888888888895,0.04166666666666667,0.08333333333333329,0.26388888888888884,0.2916666666666667
650489,"Castro, Willi",2026,113,0.46902654867256643,0.5309734513274336,0.2566371681415929,0.15044247787610623,0.1238938053097345,0.46017699115044247,0.33628318584070793,0.20353982300884954,0.23893805309734517,0.1769911504424779,0.053097345132743355,0.2212389380530973,0.15929203539823003,0.15044247787610618
650490,"Díaz, Yandy",2026,156,0.4551282051282051,0.5448717948717948,0.27564102564102555,0.20512820512820518,0.06410256410256407,0.30769230769230776,0.38461538461538447,0.30769230769230776,0.17948717948717957,0.20512820512820515,0.07051282051282053,0.1282051282051282,0.17948717948717932,0.23717948717948723
650559,"De La Cruz, Bryan",2026,27,0.6296296296296297,0.37037037037037046,0.0740740740740741,0.29629629629629634,0,0.5185185185185185,0.3333333333333334,0.14814814814814817,0.3703703703703704,0.2222222222222222,0.03703703703703704,0.14814814814814808,0.11111111111111122,0.11111111111111113
650859,"Rengifo, Luis",2026,96,0.43750000000000017,0.5625,0.1979166666666667,0.3229166666666667,0.04166666666666666,0.41666666666666663,0.375,0.20833333333333343,0.2499999999999999,0.17708333333333334,0.010416666666666668,0.16666666666666674,0.19791666666666666,0.19791666666666677
650968,"Pozo, Yohel",2026,24,0.5,0.5,0.16666666666666669,0.25,0.08333333333333331,0.375,0.25000000000000006,0.37499999999999994,0.29166666666666674,0.16666666666666669,0.041666666666666664,0.08333333333333326,0.08333333333333337,0.33333333333333326
655316,"Monasterio, Andruw",2026,91,0.3186813186813187,0.6813186813186811,0.36263736263736257,0.26373626373626363,0.05494505494505496,0.30769230769230776,0.45054945054945067,0.24175824175824176,0.1758241758241759,0.13186813186813187,0.010989010989010992,0.13186813186813187,0.31868131868131877,0.23076923076923078
656305,"Chapman, Matt",2026,60,0.3333333333333333,0.6666666666666667,0.21666666666666662,0.31666666666666676,0.13333333333333336,0.41666666666666663,0.31666666666666676,0.26666666666666666,0.1833333333333334,0.08333333333333333,0.06666666666666667,0.23333333333333323,0.23333333333333345,0.2
656413,"Fairchild, Stuart",2026,4,0.5,0.5,0.25,0.25,0,0.5,0.5,0,0.25,0.25,0,0.25,0.25,0
656484,"Gray, Tristan",2026,8,0.25000000000000006,0.75,0.375,0.375,0,0.375,0.6250000000000001,0,0,0.25000000000000006,0,0.375,0.37500000000000006,0
656537,"Hill, Derek",2026,88,0.45454545454545453,0.5454545454545453,0.2954545454545454,0.2272727272727272,0.02272727272727273,0.37500000000000017,0.3068181818181819,0.3181818181818181,0.17045454545454544,0.1477272727272728,0.1363636363636364,0.20454545454545472,0.1590909090909091,0.1818181818181817
656555,"Hoskins, Rhys",2026,64,0.21875000000000008,0.7812500000000002,0.35937500000000017,0.21875000000000003,0.203125,0.546875,0.15625000000000006,0.29687499999999994,0.18750000000000003,0.03125,0,0.359375,0.12500000000000006,0.29687499999999994
656577,"Jackson, Alex",2026,12,0.25,0.7500000000000001,0.3333333333333333,0.33333333333333337,0.08333333333333334,0.25000000000000006,0.4166666666666667,0.3333333333333333,0,0.08333333333333333,0.16666666666666666,0.25000000000000006,0.33333333333333337,0.16666666666666666
656582,"Joe, Connor",2026,13,0.38461538461538464,0.6153846153846153,0.3846153846153846,0.15384615384615385,0.07692307692307691,0.3846153846153846,0.46153846153846156,0.15384615384615385,0.15384615384615385,0.23076923076923078,0,0.23076923076923073,0.23076923076923078,0.15384615384615385
656716,"McKinstry, Zach",2026,62,0.46774193548387105,0.5322580645161292,0.17741935483870974,0.2741935483870968,0.08064516129032262,0.4193548387096774,0.3387096774193548,0.2419354838709678,0.2903225806451612,0.14516129032258063,0.03225806451612903,0.12903225806451618,0.1935483870967742,0.20967741935483877
656775,"Mullins, Cedric",2026,85,0.3647058823529411,0.6352941176470588,0.3176470588235292,0.14117647058823538,0.17647058823529418,0.48235294117647054,0.30588235294117655,0.21176470588235302,0.18823529411764708,0.15294117647058825,0.02352941176470589,0.2941176470588235,0.1529411764705883,0.18823529411764714
656811,"O'Hearn, Ryan",2026,97,0.48453608247422636,0.5154639175257733,0.2577319587628866,0.23711340206185566,0.020618556701030938,0.44329896907216493,0.3402061855670103,0.21649484536082475,0.2680412371134021,0.16494845360824745,0.05154639175257735,0.17525773195876282,0.17525773195876287,0.1649484536082474
656941,"Schwarber, Kyle",2026,146,0.33561643835616445,0.6643835616438359,0.2876712328767124,0.30136986301369884,0.07534246575342465,0.5205479452054798,0.31506849315068497,0.1643835616438357,0.22602739726027396,0.10958904109589039,0,0.29452054794520577,0.20547945205479456,0.1643835616438357
656976,"Smith, Pavin",2026,6,0.6666666666666666,0.33333333333333337,0.33333333333333337,0,0,0.33333333333333337,0.5,0.16666666666666669,0.16666666666666669,0.33333333333333337,0.16666666666666669,0.16666666666666669,0.16666666666666663,0
657041,"Thomas, Lane",2026,103,0.40776699029126223,0.5922330097087378,0.2427184466019418,0.2718446601941747,0.07766990291262135,0.4660194174757281,0.35922330097087374,0.17475728155339806,0.2038834951456311,0.1747572815533981,0.029126213592233025,0.262135922330097,0.18446601941747565,0.14563106796116504
657136,"Wong, Connor",2026,55,0.4181818181818181,0.5818181818181819,0.29090909090909095,0.20000000000000004,0.0909090909090909,0.4,0.4363636363636363,0.16363636363636366,0.18181818181818185,0.20000000000000007,0.03636363636363636,0.21818181818181817,0.23636363636363622,0.12727272727272732
657656,"Laureano, Ramón",2026,35,0.39999999999999997,0.6000000000000001,0.28571428571428575,0.2571428571428572,0.05714285714285714,0.3142857142857143,0.3714285714285715,0.3142857142857143,0.11428571428571428,0.20000000000000007,0.08571428571428573,0.2,0.17142857142857143,0.22857142857142854
657757,"Sheets, Gavin",2026,45,0.6222222222222221,0.37777777777777777,0.13333333333333336,0.17777777777777778,0.06666666666666667,0.2888888888888888,0.48888888888888876,0.22222222222222224,0.1777777777777779,0.35555555555555557,0.0888888888888889,0.11111111111111091,0.1333333333333332,0.13333333333333333
660162,"Moncada, Yoán",2026,9,0.7777777777777778,0.2222222222222222,0.2222222222222222,0,0,0.22222222222222227,0.2222222222222222,0.5555555555555557,0.22222222222222227,0.2222222222222222,0.3333333333333333,0,0,0.22222222222222238
660271,"Ohtani, Shohei",2026,130,0.44615384615384623,0.5538461538461539,0.30769230769230776,0.20000000000000004,0.046153846153846156,0.4076923076923078,0.3769230769230771,0.21538461538461548,0.26153846153846155,0.1461538461538461,0.03846153846153847,0.14615384615384625,0.23076923076923098,0.17692307692307702
660644,"Bruján, Vidal",2026,4,0.5,0.5,0.25,0,0.25,0.5,0.5,0,0.25,0.25,0,0.25,0.25,0
660670,"Acuña Jr., Ronald",2026,89,0.3932584269662921,0.606741573033708,0.3146067415730338,0.23595505617977527,0.05617977528089886,0.3595505617977528,0.34831460674157305,0.2921348314606742,0.16853932584269662,0.15730337078651685,0.06741573033707866,0.19101123595505617,0.1910112359550562,0.22471910112359555
660688,"Ruiz, Keibert",2026,78,0.5384615384615383,0.4615384615384616,0.19230769230769232,0.19230769230769237,0.07692307692307694,0.6025641025641025,0.32051282051282065,0.07692307692307694,0.358974358974359,0.15384615384615385,0.025641025641025647,0.24358974358974356,0.1666666666666668,0.051282051282051294
660710,"Durán, Rodolfo",2026,10,0.6,0.4,0.30000000000000004,0,0.1,0.3,0.5,0.20000000000000004,0.09999999999999999,0.39999999999999997,0.09999999999999999,0.2,0.10000000000000003,0.10000000000000005
660821,"Sánchez, Jesús",2026,26,0.4999999999999999,0.5,0.2692307692307693,0.1923076923076923,0.03846153846153846,0.2692307692307693,0.4615384615384615,0.2692307692307693,0.07692307692307694,0.2692307692307692,0.15384615384615385,0.19230769230769235,0.1923076923076923,0.11538461538461542
660844,"Rivas, Leo",2026,32,0.46875000000000006,0.5312500000000001,0.25000000000000006,0.09375000000000003,0.18750000000000003,0.49999999999999994,0.40625,0.09375000000000003,0.31249999999999994,0.12500000000000003,0.031250000000000014,0.1875,0.28125,0.06250000000000001
661388,"Contreras, William",2026,132,0.393939393939394,0.6060606060606063,0.2651515151515153,0.25757575757575757,0.08333333333333333,0.34848484848484873,0.3863636363636363,0.26515151515151525,0.18181818181818185,0.1742424242424242,0.03787878787878787,0.16666666666666688,0.2121212121212121,0.22727272727272738
661531,"Serven, Brian",2026,27,0.5555555555555556,0.4444444444444445,0.29629629629629634,0.14814814814814814,0,0.4074074074074074,0.3703703703703704,0.22222222222222224,0.3333333333333333,0.18518518518518517,0.037037037037037035,0.07407407407407407,0.18518518518518523,0.1851851851851852
662139,"Varsho, Daulton",2026,99,0.41414141414141425,0.585858585858586,0.23232323232323232,0.2323232323232324,0.12121212121212126,0.393939393939394,0.3636363636363637,0.24242424242424251,0.2424242424242424,0.1212121212121212,0.05050505050505051,0.15151515151515157,0.2424242424242425,0.191919191919192
663330,"Jones, Jahmai",2026,87,0.3333333333333333,0.6666666666666669,0.3103448275862071,0.27586206896551724,0.08045977011494253,0.5632183908045972,0.29885057471264376,0.13793103448275865,0.22988505747126448,0.09195402298850579,0.01149425287356322,0.33333333333333276,0.20689655172413796,0.12643678160919541
663368,"Perkins, Blake",2026,43,0.34883720930232565,0.6511627906976745,0.20930232558139544,0.27906976744186046,0.16279069767441862,0.39534883720930236,0.3255813953488372,0.2790697674418604,0.13953488372093026,0.1627906976744186,0.046511627906976744,0.2558139534883721,0.1627906976744186,0.23255813953488366
663457,"Nootbaar, Lars",2026,30,0.5333333333333333,0.4666666666666667,0.33333333333333337,0.1,0.03333333333333335,0.4666666666666667,0.2666666666666667,0.2666666666666667,0.33333333333333337,0.10000000000000002,0.1,0.1333333333333333,0.16666666666666669,0.1666666666666667
663494,"Torres, Bryan",2026,24,0.6666666666666667,0.33333333333333337,0.16666666666666669,0.16666666666666669,0,0.45833333333333337,0.29166666666666674,0.25,0.37499999999999994,0.125,0.16666666666666666,0.08333333333333343,0.16666666666666674,0.08333333333333334
663538,"Hoerner, Nico",2026,145,0.4275862068965517,0.5724137931034482,0.2482758620689655,0.26206896551724135,0.06206896551724139,0.3517241379310346,0.3379310344827585,0.3103448275862069,0.19310344827586212,0.13793103448275865,0.09655172413793105,0.15862068965517245,0.19999999999999987,0.21379310344827585
663584,"Senger, Hayden",2026,1,1,0,0,0,0,0,0,1,0,0,1,0,0,0
663586,"Riley, Austin",2026,102,0.4705882352941177,0.5294117647058825,0.24509803921568635,0.22549019607843146,0.05882352941176472,0.4215686274509805,0.372549019607843,0.20588235294117646,0.2647058823529413,0.14705882352941183,0.058823529411764726,0.1568627450980392,0.22549019607843115,0.14705882352941174
663604,"Lockridge, Brandon",2026,26,0.6538461538461537,0.34615384615384626,0.11538461538461543,0.19230769230769232,0.03846153846153847,0.3461538461538462,0.30769230769230776,0.34615384615384615,0.3461538461538462,0.15384615384615388,0.15384615384615385,0,0.15384615384615388,0.1923076923076923
663609,"Baker, Luken",2026,2,0,1,0.5,0.5,0,0,1,0,0,0,0,0,1,0
663611,"Madrigal, Nick",2026,19,0.5789473684210527,0.42105263157894735,0.2631578947368421,0.15789473684210525,0,0.3157894736842105,0.47368421052631576,0.21052631578947367,0.15789473684210528,0.26315789473684215,0.15789473684210528,0.15789473684210523,0.21052631578947362,0.05263157894736839
663616,"Larnach, Trevor",2026,34,0.35294117647058826,0.6470588235294119,0.23529411764705888,0.29411764705882354,0.11764705882352942,0.5000000000000001,0.2941176470588236,0.20588235294117652,0.14705882352941177,0.14705882352941177,0.058823529411764705,0.3529411764705883,0.14705882352941183,0.1470588235294118
663624,"Mountcastle, Ryan",2026,3,0.33333333333333337,0.6666666666666667,0.3333333333333333,0.33333333333333337,0,0.33333333333333337,0.33333333333333337,0.3333333333333333,0.33333333333333337,0,0,0,0.33333333333333337,0.3333333333333333
663647,"Hayes, Ke'Bryan",2026,47,0.3191489361702129,0.6808510638297871,0.2553191489361702,0.4255319148936169,0,0.4042553191489362,0.27659574468085113,0.31914893617021284,0.19148936170212771,0.1276595744680851,0,0.21276595744680848,0.14893617021276603,0.31914893617021284
663656,"Tucker, Kyle",2026,136,0.37500000000000006,0.6249999999999999,0.33088235294117635,0.21323529411764705,0.08088235294117649,0.47794117647058815,0.2647058823529412,0.2573529411764704,0.24264705882352958,0.08088235294117645,0.05147058823529412,0.23529411764705857,0.18382352941176472,0.20588235294117627
663662,"Cameron, Daz",2026,15,0.33333333333333337,0.6666666666666666,0.2,0.3333333333333333,0.13333333333333333,0.3333333333333333,0.39999999999999997,0.2666666666666667,0.13333333333333336,0.06666666666666667,0.13333333333333336,0.19999999999999996,0.3333333333333333,0.13333333333333336
663697,"India, Jonathan",2026,12,0.41666666666666663,0.5833333333333333,0.24999999999999997,0.16666666666666666,0.16666666666666669,0.41666666666666663,0.16666666666666666,0.4166666666666667,0.16666666666666669,0.08333333333333333,0.16666666666666669,0.24999999999999994,0.08333333333333333,0.25
663698,"Bart, Joey",2026,37,0.4054054054054055,0.5945945945945945,0.4054054054054054,0.08108108108108109,0.1081081081081081,0.4054054054054054,0.37837837837837845,0.21621621621621626,0.1891891891891892,0.16216216216216223,0.054054054054054064,0.21621621621621617,0.21621621621621623,0.1621621621621622
663728,"Raleigh, Cal",2026,103,0.34951456310679596,0.650485436893204,0.3398058252427186,0.2038834951456311,0.10679611650485438,0.5922330097087377,0.31067961165048547,0.09708737864077668,0.2524271844660195,0.07766990291262135,0.01941747572815534,0.3398058252427182,0.2330097087378641,0.07766990291262134
663743,"Fortes, Nick",2026,129,0.496124031007752,0.5038759689922481,0.17829457364341086,0.20155038759689925,0.12403100775193804,0.4806201550387596,0.31007751937984507,0.20930232558139544,0.24806201550387597,0.19379844961240306,0.05426356589147287,0.23255813953488363,0.11627906976744201,0.1550387596899226
663757,"Grisham, Trent",2026,93,0.3225806451612903,0.67741935483871,0.3118279569892475,0.29032258064516137,0.07526881720430108,0.3225806451612904,0.4838709677419355,0.1935483870967742,0.1720430107526882,0.10752688172043016,0.043010752688172046,0.1505376344086022,0.3763440860215053,0.15053763440860213
663837,"Vierling, Matt",2026,92,0.38043478260869573,0.6195652173913044,0.2608695652173913,0.2282608695652175,0.13043478260869565,0.3695652173913043,0.4021739130434783,0.22826086956521746,0.22826086956521735,0.141304347826087,0.010869565217391308,0.14130434782608697,0.26086956521739135,0.21739130434782616
663853,"Gonzalez, Romy",2026,23,0.5217391304347826,0.47826086956521735,0.21739130434782608,0.17391304347826086,0.08695652173913042,0.21739130434782605,0.4782608695652174,0.30434782608695654,0.13043478260869565,0.26086956521739135,0.13043478260869568,0.0869565217391304,0.21739130434782605,0.17391304347826086
663886,"Stephenson, Tyler",2026,69,0.27536231884057977,0.7246376811594204,0.4057971014492754,0.2898550724637682,0.028985507246376815,0.463768115942029,0.3188405797101452,0.21739130434782605,0.15942028985507253,0.11594202898550723,0,0.30434782608695643,0.20289855072463794,0.21739130434782605
663967,"Salazar, César",2026,5,0.6,0.4,0.2,0.2,0,0.6,0.2,0.2,0.4,0.2,0,0.19999999999999996,0,0.2
663968,"Mangum, Jake",2026,96,0.5208333333333335,0.4791666666666667,0.21875000000000003,0.20833333333333337,0.05208333333333333,0.33333333333333337,0.3645833333333334,0.30208333333333337,0.20833333333333334,0.17708333333333337,0.13541666666666666,0.12500000000000003,0.18750000000000006,0.1666666666666667
663993,"Lowe, Nathaniel",2026,36,0.4722222222222222,0.5277777777777779,0.08333333333333336,0.2777777777777778,0.1666666666666667,0.33333333333333337,0.36111111111111105,0.30555555555555547,0.2222222222222222,0.16666666666666669,0.08333333333333333,0.11111111111111116,0.19444444444444436,0.22222222222222215
664023,"Happ, Ian",2026,80,0.4374999999999999,0.5625000000000002,0.33750000000000013,0.13750000000000004,0.0875,0.38750000000000007,0.3375000000000001,0.2749999999999999,0.21250000000000002,0.1625,0.0625,0.17500000000000004,0.17500000000000007,0.2124999999999999
664034,"France, Ty",2026,87,0.43678160919540227,0.5632183908045976,0.24137931034482762,0.25287356321839066,0.06896551724137931,0.42528735632183906,0.2873563218390805,0.28735632183908055,0.20689655172413796,0.2183908045977012,0.01149425287356322,0.2183908045977011,0.06896551724137931,0.27586206896551735
664040,"Lowe, Brandon",2026,119,0.4117647058823529,0.5882352941176472,0.3277310924369749,0.18487394957983197,0.07563025210084032,0.38655462184873957,0.403361344537815,0.2100840336134454,0.13445378151260504,0.21848739495798333,0.058823529411764726,0.25210084033613456,0.1848739495798317,0.1512605042016807
664056,"Bader, Harrison",2026,17,0.17647058823529416,0.8235294117647058,0.29411764705882354,0.29411764705882354,0.23529411764705882,0.35294117647058826,0.35294117647058826,0.2941176470588236,0.058823529411764705,0.11764705882352942,0,0.29411764705882354,0.23529411764705882,0.2941176470588236
664059,"Haggerty, Sam",2026,20,0.4,0.6,0.25,0.15000000000000002,0.19999999999999998,0.35000000000000003,0.4,0.25,0.15,0.2,0.05000000000000001,0.20000000000000004,0.2,0.19999999999999998
664068,"Kingery, Scott",2026,2,0,1,1,0,0,0.5,0,0.5,0,0,0,0.5,0,0.5
664238,"Moore, Dylan",2026,5,0,1,0.4,0.2,0.4,0,0.8,0.2,0,0,0,0,0.8,0.2
664702,"Straw, Myles",2026,131,0.37404580152671746,0.6259541984732827,0.3435114503816796,0.22137404580152678,0.06106870229007635,0.2977099236641223,0.4045801526717556,0.29770992366412224,0.1755725190839696,0.16793893129770987,0.030534351145038174,0.12213740458015271,0.23664122137404575,0.2671755725190841
664728,"Isbel, Kyle",2026,58,0.5862068965517242,0.4137931034482759,0.15517241379310348,0.20689655172413798,0.051724137931034475,0.29310344827586204,0.43103448275862066,0.2758620689655171,0.206896551724138,0.24137931034482768,0.13793103448275867,0.08620689655172403,0.18965517241379298,0.13793103448275845
664731,"Higgins, P.J.",2026,3,0.33333333333333337,0.6666666666666667,0.3333333333333333,0,0.33333333333333337,0.3333333333333333,0.33333333333333337,0.33333333333333337,0,0,0.33333333333333337,0.3333333333333333,0.33333333333333337,0
664761,"Bohm, Alec",2026,157,0.40127388535031866,0.5987261146496814,0.286624203821656,0.2420382165605095,0.07006369426751592,0.33121019108280253,0.4267515923566878,0.24203821656050964,0.1847133757961784,0.17834394904458606,0.03821656050955414,0.14649681528662414,0.24840764331210174,0.2038216560509555
664770,"Lukes, Nathan",2026,62,0.6290322580645159,0.37096774193548393,0.11290322580645162,0.20967741935483875,0.048387096774193554,0.2258064516129032,0.38709677419354843,0.38709677419354827,0.19354838709677424,0.3387096774193549,0.09677419354838711,0.03225806451612895,0.048387096774193505,0.29032258064516114
664774,"Wade Jr., LaMonte",2026,10,0.4,0.6,0.19999999999999998,0.39999999999999997,0,0.2,0.39999999999999997,0.39999999999999997,0.1,0.09999999999999999,0.20000000000000004,0.1,0.3,0.19999999999999993
664954,"Sullivan, Brett",2026,56,0.4821428571428571,0.517857142857143,0.10714285714285712,0.28571428571428575,0.12500000000000006,0.48214285714285715,0.2678571428571429,0.25000000000000006,0.25000000000000006,0.12500000000000003,0.10714285714285716,0.2321428571428571,0.14285714285714288,0.1428571428571429
664983,"McCarthy, Jake",2026,142,0.5140845070422535,0.48591549295774644,0.16901408450704222,0.2676056338028169,0.049295774647887314,0.4295774647887323,0.33802816901408445,0.23239436619718318,0.267605633802817,0.17605633802816903,0.07042253521126761,0.16197183098591533,0.16197183098591542,0.16197183098591555
665019,"Clemens, Kody",2026,116,0.5172413793103448,0.48275862068965525,0.25000000000000006,0.16379310344827588,0.06896551724137934,0.5172413793103446,0.31896551724137934,0.16379310344827588,0.3103448275862069,0.17241379310344826,0.03448275862068965,0.20689655172413773,0.14655172413793108,0.12931034482758624
665052,"Conine, Griffin",2026,45,0.39999999999999997,0.6000000000000001,0.2666666666666667,0.2888888888888889,0.04444444444444446,0.35555555555555557,0.42222222222222217,0.22222222222222218,0.1333333333333334,0.1777777777777778,0.08888888888888892,0.22222222222222218,0.24444444444444435,0.13333333333333325
665161,"Peña, Jeremy",2026,79,0.4936708860759493,0.5063291139240506,0.2531645569620252,0.21518987341772156,0.03797468354430381,0.4430379746835444,0.39240506329113917,0.1645569620253165,0.3037974683544304,0.16455696202531656,0.025316455696202545,0.139240506329114,0.2278481012658226,0.13924050632911394
665487,"Tatis Jr., Fernando",2026,110,0.5545454545454545,0.44545454545454544,0.16363636363636364,0.24545454545454545,0.03636363636363637,0.3818181818181819,0.3818181818181819,0.23636363636363647,0.2636363636363637,0.22727272727272743,0.06363636363636364,0.11818181818181817,0.15454545454545446,0.17272727272727284
665489,"Guerrero Jr., Vladimir",2026,111,0.4324324324324324,0.5675675675675677,0.28828828828828834,0.2252252252252253,0.05405405405405406,0.32432432432432434,0.3603603603603603,0.31531531531531526,0.20720720720720728,0.13513513513513511,0.09009009009009006,0.11711711711711706,0.22522522522522517,0.2252252252252252
665506,"Pache, Cristian",2026,2,0,1,0.5,0.5,0,0,0,1,0,0,0,0,0,1
665561,"Marchán, Rafael",2026,24,0.41666666666666674,0.5833333333333334,0.25,0.20833333333333337,0.125,0.5416666666666666,0.4583333333333333,0,0.25,0.16666666666666666,0,0.29166666666666663,0.29166666666666663,0
665742,"Soto, Juan",2026,125,0.3999999999999998,0.6000000000000002,0.35200000000000015,0.16800000000000004,0.07999999999999996,0.4160000000000002,0.4159999999999999,0.16799999999999998,0.21600000000000003,0.136,0.047999999999999994,0.20000000000000018,0.2799999999999999,0.12
665750,"Taveras, Leody",2026,97,0.5051546391752579,0.4948453608247424,0.19587628865979387,0.23711340206185574,0.061855670103092786,0.329896907216495,0.35051546391752586,0.3195876288659794,0.25773195876288646,0.1855670103092784,0.06185567010309277,0.07216494845360855,0.16494845360824745,0.2577319587628866
665804,"Amaya, Miguel",2026,54,0.3333333333333334,0.6666666666666666,0.3333333333333333,0.27777777777777773,0.05555555555555555,0.4444444444444445,0.29629629629629634,0.2592592592592593,0.24074074074074073,0.055555555555555566,0.037037037037037035,0.20370370370370375,0.24074074074074076,0.22222222222222227
665828,"Cabrera, Oswaldo",2026,3,0.6666666666666666,0.33333333333333337,0.33333333333333337,0,0,0,0.33333333333333337,0.6666666666666666,0,0.33333333333333337,0.3333333333333333,0,0,0.3333333333333333
665833,"Cruz, Oneil",2026,77,0.5324675324675324,0.4675324675324678,0.1558441558441559,0.2987012987012989,0.012987012987012988,0.44155844155844154,0.3376623376623378,0.22077922077922082,0.2597402597402598,0.16883116883116894,0.10389610389610389,0.1818181818181817,0.16883116883116883,0.11688311688311694
665856,"Camargo, Jair",2026,1,0,1,0,1,0,0,1,0,0,0,0,0,1,0
665861,"Rivero, Sebastián",2026,11,0.5454545454545454,0.4545454545454546,0.2727272727272727,0.09090909090909093,0.09090909090909093,0.45454545454545453,0.1818181818181818,0.36363636363636365,0.45454545454545453,0.0909090909090909,0,0,0.0909090909090909,0.36363636363636365
665862,"Chisholm Jr., Jazz",2026,93,0.3548387096774194,0.6451612903225806,0.2903225806451612,0.22580645161290328,0.12903225806451613,0.46236559139784955,0.34408602150537637,0.1935483870967742,0.2473118279569893,0.07526881720430108,0.032258064516129045,0.21505376344086025,0.2688172043010753,0.16129032258064513
665877,"Fermín, José",2026,131,0.3358778625954197,0.66412213740458,0.25190839694656475,0.2748091603053436,0.1374045801526718,0.5190839694656484,0.32061068702290085,0.16030534351145037,0.19083969465648865,0.10687022900763359,0.03816793893129772,0.32824427480915974,0.21374045801526725,0.12213740458015265
665923,"Ruiz, Esteury",2026,62,0.19354838709677424,0.8064516129032258,0.3709677419354838,0.22580645161290314,0.20967741935483877,0.5322580645161291,0.2580645161290322,0.20967741935483877,0.14516129032258068,0.04838709677419355,0,0.38709677419354843,0.20967741935483863,0.20967741935483877
665926,"Giménez, Andrés",2026,113,0.5486725663716812,0.4513274336283186,0.1769911504424779,0.18584070796460175,0.08849557522123894,0.32743362831858397,0.4247787610619469,0.24778761061946913,0.2300884955752213,0.2300884955752213,0.08849557522123894,0.09734513274336268,0.1946902654867256,0.1592920353982302
665953,"Chaparro, Andrés",2026,89,0.44943820224719117,0.5505617977528091,0.31460674157303375,0.1460674157303371,0.08988764044943821,0.5280898876404494,0.303370786516854,0.1685393258426967,0.24719101123595502,0.1685393258426967,0.03370786516853933,0.2808988764044944,0.1348314606741573,0.13483146067415738
665966,"Narváez, Carlos",2026,47,0.3829787234042554,0.6170212765957448,0.4042553191489362,0.148936170212766,0.06382978723404258,0.276595744680851,0.40425531914893614,0.3191489361702127,0.21276595744680848,0.12765957446808512,0.042553191489361715,0.06382978723404253,0.276595744680851,0.276595744680851
666018,"Aranda, Jonathan",2026,115,0.4173913043478261,0.5826086956521741,0.2608695652173913,0.2869565217391306,0.03478260869565218,0.22608695652173924,0.4521739130434783,0.3217391304347828,0.13043478260869568,0.21739130434782622,0.06956521739130435,0.09565217391304356,0.2347826086956521,0.25217391304347847
666023,"Fermin, Freddy",2026,55,0.34545454545454546,0.6545454545454547,0.3272727272727272,0.2727272727272729,0.05454545454545456,0.4545454545454545,0.3636363636363635,0.18181818181818185,0.290909090909091,0.03636363636363636,0.018181818181818184,0.16363636363636347,0.3272727272727271,0.16363636363636366
666126,"Cortes, Carlos",2026,16,0.6250000000000001,0.375,0.06250000000000001,0.1875,0.12500000000000003,0.4375,0.12500000000000003,0.4375,0.375,0.12500000000000003,0.125,0.0625,0,0.3125
666139,"Lowe, Josh",2026,33,0.4242424242424243,0.5757575757575757,0.2727272727272726,0.2121212121212122,0.09090909090909093,0.3636363636363637,0.48484848484848486,0.15151515151515152,0.21212121212121213,0.21212121212121215,0,0.15151515151515157,0.2727272727272727,0.15151515151515152
666152,"Hamilton, David",2026,53,0.5660377358490565,0.4339622641509435,0.11320754716981134,0.24528301886792458,0.07547169811320756,0.33962264150943394,0.30188679245283023,0.3584905660377359,0.2452830188679245,0.1886792452830189,0.13207547169811323,0.09433962264150944,0.11320754716981132,0.22641509433962265
666160,"Moniak, Mickey",2026,56,0.37499999999999994,0.6250000000000001,0.3392857142857143,0.12500000000000006,0.16071428571428575,0.3214285714285715,0.4642857142857143,0.2142857142857143,0.19642857142857142,0.17857142857142858,0,0.12500000000000008,0.2857142857142857,0.2142857142857143
666163,"Rortvedt, Ben",2026,10,0.1,0.8999999999999999,0.19999999999999998,0.6,0.10000000000000002,0.20000000000000004,0.4,0.39999999999999997,0,0.1,0,0.20000000000000004,0.30000000000000004,0.39999999999999997
666176,"Adell, Jo",2026,133,0.3909774436090225,0.6090225563909776,0.32330827067669177,0.21052631578947373,0.07518796992481204,0.39849624060150374,0.3233082706766918,0.2781954887218045,0.24060150375939854,0.12030075187969932,0.030075187969924817,0.1578947368421052,0.2030075187969925,0.24812030075187969
666181,"Benson, Will",2026,1,0,1,1,0,0,0,1,0,0,0,0,0,1,0
666182,"Bichette, Bo",2026,148,0.4054054054054053,0.5945945945945948,0.23648648648648654,0.3310810810810812,0.027027027027027035,0.2905405405405405,0.39864864864864874,0.31081081081081074,0.10135135135135134,0.20270270270270282,0.10135135135135137,0.18918918918918917,0.19594594594594592,0.20945945945945937
666185,"Carlson, Dylan",2026,1,1,0,0,0,0,1,0,0,1,0,0,0,0,0
666211,"Trammell, Taylor",2026,26,0.6538461538461539,0.3461538461538461,0.2692307692307692,0.03846153846153846,0.03846153846153846,0.5000000000000001,0.2307692307692308,0.2692307692307692,0.3846153846153846,0.1923076923076923,0.07692307692307693,0.11538461538461553,0.03846153846153852,0.1923076923076923
666310,"Naylor, Bo",2026,11,0.5454545454545454,0.4545454545454546,0.09090909090909091,0.2727272727272727,0.09090909090909093,0.36363636363636365,0.6363636363636364,0,0.2727272727272727,0.27272727272727276,0,0.09090909090909094,0.3636363636363636,0
666397,"Julien, Edouard",2026,12,0.5833333333333333,0.41666666666666674,0.16666666666666666,0.25000000000000006,0,0.5833333333333333,0.08333333333333334,0.3333333333333333,0.41666666666666663,0.08333333333333334,0.08333333333333334,0.16666666666666663,0,0.24999999999999997
666464,"Encarnacion, Jerar",2026,12,0.41666666666666663,0.5833333333333333,0.08333333333333334,0.49999999999999994,0,0.33333333333333337,0.24999999999999997,0.41666666666666663,0.25,0,0.16666666666666666,0.08333333333333337,0.24999999999999997,0.24999999999999997
666624,"Morel, Christopher",2026,27,0.4814814814814815,0.5185185185185185,0.18518518518518517,0.18518518518518517,0.14814814814814817,0.5555555555555556,0.2592592592592592,0.18518518518518523,0.3703703703703703,0.07407407407407408,0.03703703703703705,0.18518518518518529,0.18518518518518512,0.1481481481481482
666931,"Oliva, Jared",2026,2,1,0,0,0,0,0.5,0.5,0,0.5,0.5,0,0,0,0
666969,"García, Adolis",2026,44,0.3181818181818182,0.681818181818182,0.25,0.3636363636363637,0.0681818181818182,0.38636363636363635,0.38636363636363635,0.22727272727272732,0.18181818181818185,0.13636363636363638,0,0.2045454545454545,0.24999999999999997,0.22727272727272732
666971,"Gurriel Jr., Lourdes",2026,43,0.5348837209302326,0.4651162790697675,0.16279069767441864,0.20930232558139536,0.0930232558139535,0.4186046511627906,0.32558139534883723,0.2558139534883721,0.3255813953488373,0.16279069767441864,0.046511627906976744,0.09302325581395332,0.1627906976744186,0.20930232558139536
667452,"Julks, Corey",2026,6,0.33333333333333337,0.6666666666666667,0.5,0,0.16666666666666669,0.33333333333333337,0.6666666666666667,0,0.16666666666666666,0.16666666666666669,0,0.1666666666666667,0.5,0
667472,"Myers, Dane",2026,95,0.3894736842105264,0.6105263157894739,0.3052631578947369,0.2421052631578949,0.0631578947368421,0.30526315789473685,0.3789473684210527,0.31578947368421056,0.18947368421052635,0.11578947368421053,0.0842105263157895,0.1157894736842105,0.26315789473684215,0.23157894736842105
667670,"Rooker, Brent",2026,24,0.16666666666666666,0.8333333333333333,0.41666666666666663,0.375,0.04166666666666666,0.5,0.29166666666666674,0.20833333333333331,0.08333333333333334,0.08333333333333333,0,0.41666666666666663,0.20833333333333343,0.20833333333333331
668227,"Arozarena, Randy",2026,134,0.4552238805970149,0.5447761194029853,0.25373134328358227,0.23134328358208964,0.05970149253731342,0.4402985074626866,0.34328358208955234,0.21641791044776124,0.20149253731343295,0.20149253731343286,0.05223880597014927,0.23880597014925367,0.14179104477611948,0.16417910447761197
668670,"Rogers, Jake",2026,24,0.375,0.6250000000000001,0.41666666666666674,0.12500000000000003,0.08333333333333334,0.3333333333333333,0.5,0.16666666666666663,0.16666666666666663,0.20833333333333337,0,0.16666666666666669,0.29166666666666663,0.16666666666666663
668709,"Bleday, JJ",2026,100,0.3300000000000001,0.6700000000000002,0.29,0.2500000000000001,0.1300000000000001,0.45,0.3399999999999999,0.21000000000000002,0.17000000000000004,0.12,0.040000000000000015,0.27999999999999997,0.21999999999999992,0.17
668715,"Steer, Spencer",2026,68,0.45588235294117657,0.5441176470588235,0.30882352941176466,0.19117647058823536,0.04411764705882353,0.4117647058823529,0.33823529411764713,0.25,0.20588235294117652,0.20588235294117643,0.044117647058823546,0.2058823529411764,0.1323529411764707,0.20588235294117646
668723,"Vilade, Ryan",2026,114,0.34210526315789475,0.6578947368421054,0.33333333333333326,0.21052631578947384,0.11403508771929824,0.38596491228070173,0.3947368421052631,0.2192982456140351,0.14912280701754382,0.1403508771929825,0.052631578947368425,0.2368421052631579,0.2543859649122806,0.16666666666666669
668800,"Knizner, Andrew",2026,38,0.34210526315789475,0.6578947368421053,0.34210526315789475,0.1315789473684211,0.1842105263157895,0.26315789473684215,0.5,0.23684210526315794,0.13157894736842107,0.21052631578947373,0,0.13157894736842107,0.28947368421052627,0.23684210526315794
668804,"Reynolds, Bryan",2026,158,0.4810126582278483,0.5189873417721521,0.27848101265822806,0.22151898734177217,0.01898734177215191,0.3481012658227848,0.3987341772151898,0.25316455696202533,0.19620253164556975,0.22151898734177222,0.0632911392405063,0.15189873417721503,0.17721518987341756,0.18987341772151903
668885,"Martin, Austin",2026,112,0.40178571428571436,0.5982142857142856,0.2589285714285714,0.27678571428571425,0.06250000000000001,0.37499999999999994,0.3125,0.31249999999999994,0.16964285714285715,0.13392857142857145,0.09821428571428573,0.2053571428571428,0.17857142857142855,0.21428571428571422
668901,"Vientos, Mark",2026,90,0.4222222222222221,0.577777777777778,0.31111111111111117,0.2111111111111112,0.05555555555555556,0.4,0.3777777777777778,0.22222222222222224,0.2,0.17777777777777784,0.04444444444444445,0.2,0.19999999999999998,0.17777777777777778
668904,"Lewis, Royce",2026,103,0.30097087378640786,0.6990291262135921,0.3106796116504854,0.28155339805825247,0.10679611650485438,0.42718446601941745,0.36893203883495157,0.20388349514563112,0.17475728155339812,0.087378640776699,0.03883495145631068,0.2524271844660193,0.2815533980582526,0.16504854368932043
668930,"Turang, Brice",2026,127,0.5905511811023623,0.4094488188976379,0.16535433070866146,0.2283464566929134,0.015748031496063,0.2598425196850394,0.4645669291338583,0.27559055118110243,0.24409448818897644,0.25984251968503946,0.08661417322834643,0.015748031496062964,0.2047244094488188,0.18897637795275601
668939,"Rutschman, Adley",2026,112,0.3839285714285714,0.6160714285714287,0.2857142857142858,0.29464285714285715,0.03571428571428572,0.36607142857142844,0.4196428571428572,0.2142857142857143,0.18749999999999997,0.1785714285714286,0.017857142857142856,0.17857142857142846,0.2410714285714286,0.19642857142857145
668942,"Rojas, Josh",2026,16,0.37499999999999994,0.625,0.375,0.12500000000000003,0.12500000000000003,0.3125,0.375,0.3125,0.125,0.1875,0.0625,0.1875,0.1875,0.25
668952,"Kreidler, Ryan",2026,79,0.5189873417721517,0.4810126582278482,0.24050632911392406,0.11392405063291147,0.12658227848101267,0.45569620253164556,0.329113924050633,0.21518987341772158,0.30379746835443056,0.18987341772151903,0.025316455696202535,0.151898734177215,0.13924050632911397,0.18987341772151906
669003,"Mitchell, Garrett",2026,74,0.6486486486486487,0.3513513513513514,0.10810810810810811,0.22972972972972977,0.013513513513513514,0.32432432432432445,0.41891891891891897,0.25675675675675674,0.2567567567567568,0.24324324324324328,0.14864864864864874,0.06756756756756765,0.17567567567567569,0.108108108108108
669004,"Melendez, MJ",2026,6,0.33333333333333337,0.6666666666666666,0.33333333333333337,0.16666666666666669,0.16666666666666666,0.33333333333333337,0.5,0.16666666666666669,0.16666666666666669,0.16666666666666669,0,0.16666666666666669,0.3333333333333333,0.16666666666666669
669016,"Marsh, Brandon",2026,75,0.49333333333333346,0.5066666666666666,0.22666666666666657,0.2266666666666667,0.053333333333333344,0.4133333333333334,0.2933333333333335,0.2933333333333335,0.2800000000000001,0.1466666666666667,0.06666666666666665,0.1333333333333333,0.1466666666666668,0.22666666666666685
669065,"Stowers, Kyle",2026,66,0.42424242424242425,0.5757575757575758,0.2272727272727273,0.25757575757575757,0.09090909090909093,0.42424242424242425,0.34848484848484845,0.22727272727272732,0.2575757575757576,0.12121212121212126,0.04545454545454545,0.16666666666666663,0.22727272727272718,0.18181818181818188
669087,"Huff, Sam",2026,5,0.6,0.4,0.2,0.2,0,0.8,0.2,0,0.6,0,0,0.20000000000000007,0.2,0
669127,"Langeliers, Shea",2026,92,0.40217391304347844,0.5978260869565217,0.3152173913043479,0.27173913043478254,0.010869565217391308,0.44565217391304346,0.3478260869565216,0.20652173913043487,0.1956521739130435,0.13043478260869568,0.07608695652173912,0.24999999999999997,0.21739130434782594,0.13043478260869573
669134,"Campusano, Luis",2026,35,0.39999999999999997,0.6000000000000001,0.2,0.25714285714285723,0.14285714285714285,0.4285714285714286,0.39999999999999997,0.17142857142857143,0.19999999999999998,0.2,0,0.22857142857142862,0.19999999999999996,0.17142857142857143
669208,"Bliss, Ryan",2026,2,0,1,0.5,0.5,0,0,1,0,0,0,0,0,1,0
669221,"Murphy, Sean",2026,19,0.5263157894736842,0.4736842105263158,0.368421052631579,0.05263157894736843,0.05263157894736842,0.368421052631579,0.5789473684210527,0.05263157894736843,0.2631578947368421,0.2631578947368421,0,0.10526315789473689,0.31578947368421056,0.05263157894736843
669224,"Wells, Austin",2026,62,0.3387096774193548,0.6612903225806452,0.3225806451612903,0.14516129032258068,0.19354838709677422,0.45161290322580633,0.27419354838709664,0.27419354838709664,0.2580645161290323,0.08064516129032259,0,0.19354838709677402,0.19354838709677405,0.27419354838709664
669236,"Jackson, Jeremiah",2026,64,0.4999999999999999,0.5,0.17187500000000003,0.28125,0.046875,0.32812500000000006,0.4062499999999999,0.26562499999999994,0.15625000000000003,0.23437500000000006,0.10937500000000001,0.17187500000000003,0.17187499999999983,0.15624999999999994
669242,"Edman, Tommy",2026,68,0.5294117647058822,0.47058823529411775,0.25,0.19117647058823536,0.029411764705882353,0.4852941176470589,0.3676470588235295,0.1470588235294118,0.29411764705882376,0.23529411764705885,0,0.19117647058823511,0.13235294117647065,0.1470588235294118
669256,"Solak, Nick",2026,6,0.5,0.5,0.33333333333333337,0.16666666666666669,0,0.16666666666666669,0.6666666666666666,0.16666666666666669,0.16666666666666669,0.33333333333333337,0,0,0.33333333333333326,0.16666666666666669
669257,"Smith, Will",2026,50,0.3000000000000001,0.7,0.41999999999999993,0.26000000000000006,0.019999999999999997,0.35999999999999993,0.36,0.28,0.12000000000000008,0.12000000000000002,0.06,0.23999999999999985,0.23999999999999996,0.22000000000000003
669288,"Johnson, Daniel",2026,3,0.6666666666666666,0.33333333333333337,0,0.33333333333333337,0,0.33333333333333337,0.33333333333333337,0.3333333333333333,0.33333333333333337,0,0.3333333333333333,0,0.33333333333333337,0
669289,"Espinal, Santiago",2026,31,0.3870967741935484,0.6129032258064517,0.32258064516129037,0.22580645161290322,0.06451612903225806,0.32258064516129026,0.41935483870967744,0.2580645161290323,0.19354838709677422,0.19354838709677422,0,0.12903225806451604,0.22580645161290322,0.2580645161290323
669326,"Teodosio, Bryce",2026,27,0.4444444444444445,0.5555555555555556,0.2222222222222222,0.14814814814814817,0.18518518518518523,0.37037037037037035,0.25925925925925924,0.3703703703703704,0.25925925925925924,0.1111111111111111,0.0740740740740741,0.1111111111111111,0.14814814814814814,0.2962962962962963
669357,"Gorman, Nolan",2026,31,0.4516129032258065,0.5483870967741936,0.29032258064516137,0.12903225806451615,0.12903225806451615,0.5483870967741935,0.29032258064516137,0.16129032258064516,0.2903225806451613,0.12903225806451615,0.03225806451612903,0.2580645161290322,0.1612903225806452,0.12903225806451613
669364,"Edwards, Xavier",2026,108,0.5370370370370369,0.462962962962963,0.20370370370370372,0.21296296296296302,0.04629629629629629,0.22222222222222224,0.42592592592592593,0.3518518518518519,0.10185185185185183,0.27777777777777773,0.15740740740740736,0.1203703703703704,0.1481481481481482,0.19444444444444456
669369,"Johnson, Bryce",2026,7,0.7142857142857143,0.28571428571428575,0.28571428571428575,0,0,0.2857142857142857,0.4285714285714286,0.28571428571428575,0.2857142857142857,0.4285714285714286,0,0,0,0.28571428571428575
669384,"Delgado, Raynel",2026,6,0.8333333333333334,0.16666666666666669,0.16666666666666669,0,0,0.5,0.33333333333333337,0.16666666666666669,0.33333333333333337,0.33333333333333337,0.16666666666666669,0.16666666666666663,0,0
669392,"Taylor, Samad",2026,33,0.48484848484848486,0.5151515151515151,0.30303030303030304,0.18181818181818182,0.030303030303030318,0.21212121212121213,0.45454545454545453,0.33333333333333326,0.09090909090909091,0.2727272727272727,0.12121212121212124,0.12121212121212122,0.18181818181818182,0.21212121212121202
669394,"Burger, Jake",2026,109,0.37614678899082565,0.6238532110091743,0.33027522935779813,0.1834862385321101,0.11009174311926605,0.4311926605504587,0.3577981651376147,0.21100917431192664,0.22018348623853226,0.09174311926605505,0.06422018348623851,0.21100917431192642,0.26605504587155965,0.14678899082568814
669397,"Allen, Nick",2026,34,0.5,0.5,0.17647058823529413,0.23529411764705885,0.08823529411764706,0.47058823529411775,0.3823529411764706,0.14705882352941183,0.2647058823529411,0.2058823529411765,0.029411764705882353,0.20588235294117663,0.17647058823529413,0.11764705882352947
669477,"Schmitt, Casey",2026,87,0.27586206896551735,0.7241379310344829,0.3218390804597702,0.3333333333333333,0.06896551724137931,0.42528735632183895,0.3448275862068966,0.2298850574712644,0.12643678160919541,0.09195402298850575,0.05747126436781608,0.29885057471264354,0.25287356321839083,0.17241379310344832
669699,"Shewmake, Braden",2026,9,0.6666666666666666,0.33333333333333337,0.11111111111111113,0.1111111111111111,0.11111111111111113,0.2222222222222222,0.4444444444444444,0.33333333333333337,0.2222222222222222,0.22222222222222227,0.22222222222222227,0,0.22222222222222215,0.1111111111111111
669701,"Smith, Josh",2026,19,0.7894736842105261,0.2105263157894737,0.10526315789473685,0.10526315789473685,0,0.368421052631579,0.4210526315789473,0.21052631578947367,0.368421052631579,0.2631578947368421,0.15789473684210525,0,0.1578947368421052,0.05263157894736842
669707,"Triolo, Jared",2026,112,0.45535714285714296,0.5446428571428571,0.1785714285714286,0.3392857142857142,0.02678571428571429,0.36607142857142844,0.3928571428571428,0.24107142857142874,0.2589285714285714,0.11607142857142859,0.08035714285714282,0.10714285714285704,0.2767857142857142,0.16071428571428592
669717,"Wilson, Will",2026,2,0.5,0.5,0.5,0,0,0.5,0.5,0,0,0.5,0,0.5,0,0
669720,"Hays, Austin",2026,39,0.46153846153846145,0.5384615384615384,0.12820512820512822,0.3846153846153846,0.025641025641025647,0.5641025641025639,0.20512820512820515,0.23076923076923078,0.28205128205128194,0.15384615384615385,0.025641025641025654,0.28205128205128194,0.051282051282051294,0.20512820512820512
669743,"Call, Alex",2026,48,0.4166666666666666,0.5833333333333335,0.2083333333333334,0.25000000000000006,0.125,0.41666666666666663,0.4166666666666667,0.16666666666666666,0.14583333333333337,0.18750000000000003,0.08333333333333333,0.27083333333333326,0.22916666666666666,0.08333333333333333
669899,"Ward, Ryan",2026,1,1,0,0,0,0,0,1,0,0,1,0,0,0,0
669911,"Toglia, Michael",2026,3,0,1,1,0,0,0,0.33333333333333337,0.6666666666666666,0,0,0,0,0.33333333333333337,0.6666666666666666
670032,"Lopez, Nicky",2026,47,0.6170212765957444,0.3829787234042554,0.14893617021276598,0.19148936170212771,0.0425531914893617,0.23404255319148926,0.5319148936170213,0.23404255319148942,0.1276595744680851,0.40425531914893614,0.08510638297872346,0.10638297872340416,0.12765957446808512,0.14893617021276595
670042,"Raley, Luke",2026,18,0.5,0.5,0.11111111111111113,0.38888888888888884,0,0.5555555555555556,0.33333333333333337,0.11111111111111113,0.2222222222222222,0.22222222222222218,0.055555555555555566,0.33333333333333337,0.11111111111111119,0.055555555555555566
670097,"Short, Zack",2026,15,0.20000000000000004,0.8,0.4666666666666667,0.2,0.13333333333333333,0.2666666666666667,0.4666666666666667,0.26666666666666666,0.13333333333333336,0,0.06666666666666667,0.13333333333333336,0.4666666666666667,0.2
670156,"Mastrobuoni, Miles",2026,2,1,0,0,0,0,0,0.5,0.5,0,0.5,0.5,0,0,0
670224,"Misner, Kameron",2026,8,0.25,0.75,0.5,0.125,0.12500000000000003,0.5,0.375,0.125,0.125,0.12500000000000003,0,0.375,0.24999999999999997,0.125
670231,"Rave, John",2026,25,0.43999999999999995,0.5599999999999999,0.36,0.12,0.08,0.4,0.44,0.16000000000000003,0.12000000000000002,0.28,0.039999999999999994,0.28,0.15999999999999998,0.12000000000000004
670242,"Wallner, Matt",2026,25,0.4,0.6000000000000001,0.36,0.24000000000000005,0,0.3599999999999999,0.52,0.12,0.24,0.12,0.039999999999999994,0.11999999999999988,0.4,0.08
670541,"Alvarez, Yordan",2026,137,0.3722627737226278,0.6277372262773725,0.343065693430657,0.24087591240875925,0.04379562043795621,0.39416058394160586,0.40145985401459844,0.2043795620437958,0.16788321167883213,0.1532846715328468,0.05109489051094893,0.22627737226277372,0.24817518248175163,0.15328467153284686
670623,"Paredes, Isaac",2026,117,0.17948717948717946,0.8205128205128204,0.29914529914529914,0.36752136752136744,0.15384615384615385,0.5042735042735041,0.2649572649572649,0.23076923076923087,0.11111111111111113,0.025641025641025657,0.042735042735042736,0.393162393162393,0.23931623931623924,0.18803418803418814
670764,"Walls, Taylor",2026,109,0.38532110091743116,0.6146788990825688,0.27522935779816504,0.18348623853211016,0.15596330275229356,0.3944954128440366,0.3394495412844037,0.26605504587155954,0.2293577981651377,0.09174311926605502,0.06422018348623852,0.1651376146788989,0.24770642201834867,0.201834862385321
670770,"Friedl, TJ",2026,27,0.6296296296296297,0.37037037037037046,0.07407407407407408,0.14814814814814817,0.14814814814814817,0.37037037037037035,0.4444444444444444,0.18518518518518517,0.3333333333333333,0.2222222222222222,0.07407407407407408,0.037037037037037035,0.2222222222222222,0.11111111111111109
671056,"Herrera, Iván",2026,142,0.36619718309859145,0.6338028169014086,0.2535211267605633,0.2746478873239438,0.10563380281690145,0.40140845070422526,0.33802816901408433,0.2605633802816903,0.1619718309859155,0.16197183098591553,0.04225352112676057,0.23943661971830976,0.1760563380281688,0.21830985915492973
671083,"Kennedy, Buddy",2026,14,0.21428571428571433,0.7857142857142857,0.3571428571428571,0.14285714285714288,0.2857142857142857,0.2857142857142857,0.3571428571428571,0.3571428571428571,0.14285714285714288,0,0.07142857142857144,0.14285714285714282,0.3571428571428571,0.28571428571428564
671155,"Johnson, Ivan",2026,6,0.33333333333333337,0.6666666666666667,0.5,0,0.16666666666666669,0.5,0.16666666666666669,0.33333333333333337,0.33333333333333337,0,0,0.16666666666666663,0.16666666666666669,0.33333333333333337
671218,"Ramos, Heliot",2026,73,0.3424657534246576,0.6575342465753425,0.26027397260273977,0.3835616438356164,0.013698630136986302,0.39726027397260266,0.356164383561644,0.24657534246575347,0.20547945205479445,0.12328767123287673,0.013698630136986311,0.1917808219178082,0.23287671232876725,0.23287671232876717
671277,"García Jr., Luis",2026,65,0.5538461538461537,0.4461538461538462,0.2,0.1384615384615385,0.10769230769230771,0.5076923076923078,0.3846153846153847,0.10769230769230774,0.38461538461538464,0.15384615384615394,0.015384615384615385,0.12307692307692314,0.23076923076923075,0.09230769230769235
671286,"Rodríguez, Johnathan",2026,5,0.2,0.8,0.2,0.6,0,0.4,0.4,0.2,0,0.2,0,0.4,0.2,0.2
671289,"Freeman, Tyler",2026,80,0.4625,0.5375,0.2375,0.23750000000000004,0.06249999999999998,0.28750000000000003,0.3875,0.3250000000000001,0.15000000000000005,0.20000000000000004,0.1125,0.13749999999999998,0.18749999999999997,0.21250000000000013
671655,"Valera, George",2026,1,1,0,0,0,0,1,0,0,1,0,0,0,0,0
671732,"Butler, Lawrence",2026,94,0.6170212765957447,0.38297872340425543,0.18085106382978727,0.18085106382978727,0.021276595744680857,0.3297872340425531,0.3829787234042553,0.28723404255319157,0.27659574468085096,0.24468085106382978,0.09574468085106383,0.05319148936170215,0.13829787234042554,0.19148936170212774
671739,"Harris II, Michael",2026,171,0.45029239766081863,0.5497076023391814,0.2046783625730994,0.2748538011695907,0.07017543859649127,0.4269005847953216,0.3333333333333334,0.23976608187134507,0.21637426900584797,0.15789473684210534,0.07602339181286553,0.21052631578947364,0.1754385964912281,0.16374269005847952
671976,"Peters, Tristan",2026,44,0.4772727272727273,0.5227272727272727,0.27272727272727265,0.15909090909090912,0.09090909090909091,0.5454545454545454,0.22727272727272727,0.22727272727272732,0.3409090909090909,0.09090909090909091,0.045454545454545456,0.20454545454545453,0.13636363636363635,0.18181818181818188
672012,"Black, Tyler",2026,1,1,0,0,0,0,0,1,0,0,1,0,0,0,0
672016,"Clarke, Denzel",2026,26,0.7307692307692308,0.2692307692307693,0,0.19230769230769235,0.07692307692307691,0.46153846153846145,0.30769230769230765,0.2307692307692308,0.38461538461538464,0.2307692307692308,0.11538461538461543,0.07692307692307682,0.07692307692307684,0.11538461538461538
672275,"Bailey, Patrick",2026,33,0.45454545454545453,0.5454545454545454,0.3333333333333332,0.15151515151515152,0.06060606060606061,0.30303030303030304,0.3333333333333333,0.36363636363636354,0.18181818181818182,0.1515151515151516,0.12121212121212122,0.12121212121212122,0.1818181818181817,0.24242424242424232
672284,"Kelenic, Jarred",2026,6,0.5,0.5,0.16666666666666669,0.33333333333333337,0,0,0.8333333333333334,0.16666666666666669,0,0.5,0,0,0.33333333333333337,0.16666666666666669
672356,"Arias, Gabriel",2026,25,0.48000000000000004,0.52,0.24000000000000005,0.24,0.039999999999999994,0.4000000000000001,0.3199999999999999,0.28,0.28,0.15999999999999998,0.04,0.12000000000000005,0.15999999999999992,0.24000000000000002
672386,"Kirk, Alejandro",2026,70,0.4857142857142857,0.5142857142857143,0.14285714285714288,0.3285714285714286,0.042857142857142864,0.21428571428571436,0.4571428571428571,0.3285714285714286,0.08571428571428573,0.28571428571428586,0.11428571428571428,0.12857142857142861,0.1714285714285712,0.21428571428571436
672515,"Moreno, Gabriel",2026,113,0.3893805309734513,0.6106194690265488,0.25663716814159293,0.2743362831858408,0.07964601769911502,0.3805309734513274,0.2743362831858408,0.3451327433628317,0.1504424778761062,0.1504424778761062,0.08849557522123891,0.2300884955752212,0.1238938053097346,0.25663716814159276
672569,"Campero, Gustavo",2026,4,0.25,0.75,0.25,0,0.5,0.25,0.25,0.5,0.25,0,0,0,0.25,0.5
672580,"Garcia, Maikel",2026,62,0.48387096774193555,0.5161290322580645,0.2258064516129032,0.2580645161290323,0.03225806451612903,0.43548387096774194,0.25806451612903214,0.30645161290322587,0.17741935483870971,0.1612903225806452,0.14516129032258068,0.25806451612903225,0.09677419354838693,0.16129032258064518
672613,"Alfonzo, Eliezer",2026,13,0.5384615384615384,0.4615384615384615,0.15384615384615385,0.30769230769230765,0,0.3846153846153846,0.5384615384615385,0.07692307692307691,0.30769230769230765,0.2307692307692308,0,0.07692307692307693,0.3076923076923077,0.07692307692307691
672640,"Lopez, Otto",2026,143,0.5174825174825176,0.4825174825174826,0.25174825174825183,0.2027972027972028,0.027972027972027986,0.32167832167832167,0.37062937062937057,0.30769230769230754,0.2167832167832168,0.22377622377622386,0.07692307692307697,0.10489510489510487,0.1468531468531467,0.23076923076923056
672642,"Berroa, Steward",2026,1,0,1,0,1,0,0,0,1,0,0,0,0,0,1
672695,"Perdomo, Geraldo",2026,152,0.5526315789473686,0.44736842105263175,0.19736842105263164,0.21052631578947376,0.03947368421052633,0.361842105263158,0.4013157894736843,0.2368421052631578,0.25,0.230263157894737,0.07236842105263161,0.11184210526315802,0.1710526315789473,0.1644736842105262
672724,"Peraza, Oswald",2026,88,0.3977272727272726,0.6022727272727272,0.24999999999999997,0.2727272727272726,0.07954545454545456,0.32954545454545436,0.4204545454545454,0.24999999999999997,0.15909090909090917,0.18181818181818193,0.056818181818181816,0.1704545454545452,0.23863636363636348,0.19318181818181815
672761,"Pérez, Wenceel",2026,44,0.3863636363636363,0.6136363636363638,0.3863636363636364,0.11363636363636366,0.11363636363636366,0.31818181818181823,0.4318181818181817,0.25,0.20454545454545456,0.13636363636363638,0.045454545454545456,0.11363636363636367,0.2954545454545453,0.20454545454545453
672820,"Sosa, Lenyn",2026,30,0.3999999999999999,0.6,0.30000000000000004,0.29999999999999993,0,0.4666666666666666,0.3,0.2333333333333333,0.2333333333333334,0.1,0.06666666666666668,0.23333333333333323,0.19999999999999998,0.16666666666666663
672960,"Okamoto, Kazuma",2026,106,0.3584905660377359,0.6415094339622641,0.38679245283018865,0.16981132075471697,0.0849056603773585,0.5660377358490566,0.31132075471698106,0.12264150943396229,0.26415094339622647,0.07547169811320754,0.01886792452830189,0.3018867924528301,0.23584905660377353,0.10377358490566041
673237,"Diaz, Yainer",2026,73,0.5753424657534246,0.4246575342465754,0.15068493150684936,0.1917808219178082,0.08219178082191783,0.31506849315068514,0.4383561643835617,0.24657534246575352,0.21917808219178084,0.3150684931506849,0.041095890410958916,0.0958904109589043,0.12328767123287676,0.20547945205479462
673357,"Robert Jr., Luis",2026,46,0.47826086956521735,0.5217391304347827,0.28260869565217395,0.17391304347826092,0.06521739130434784,0.4782608695652174,0.39130434782608703,0.13043478260869568,0.32608695652173897,0.1521739130434783,0,0.15217391304347844,0.23913043478260873,0.13043478260869568
673490,"Kim, Ha-Seong",2026,43,0.3720930232558139,0.627906976744186,0.39534883720930236,0.11627906976744189,0.11627906976744189,0.4186046511627908,0.39534883720930236,0.18604651162790703,0.20930232558139544,0.16279069767441862,0,0.20930232558139533,0.23255813953488375,0.18604651162790703
673548,"Suzuki, Seiya",2026,106,0.349056603773585,0.6509433962264151,0.24528301886792453,0.32075471698113206,0.08490566037735847,0.4150943396226417,0.34905660377358483,0.2358490566037736,0.17924528301886794,0.16037735849056606,0.009433962264150943,0.23584905660377375,0.18867924528301877,0.22641509433962265
673962,"Jung, Josh",2026,86,0.44186046511627924,0.558139534883721,0.22093023255813954,0.3139534883720931,0.023255813953488372,0.3488372093023257,0.302325581395349,0.3488372093023254,0.2209302325581396,0.19767441860465124,0.023255813953488372,0.1279069767441861,0.10465116279069775,0.32558139534883707
673995,"Wendzel, Davis",2026,3,0,1,0.33333333333333337,0.33333333333333337,0.3333333333333333,0,0.6666666666666666,0.33333333333333337,0,0,0,0,0.6666666666666666,0.33333333333333337
675659,"Jones, Greg",2026,4,0.25,0.75,0.25,0.5,0,0,0.75,0.25,0,0,0.25,0,0.75,0
675961,"Williams, Alika",2026,77,0.4155844155844155,0.5844155844155846,0.3116883116883118,0.22077922077922085,0.051948051948051965,0.4025974025974026,0.3506493506493507,0.2467532467532468,0.24675324675324675,0.14285714285714296,0.025974025974025976,0.15584415584415587,0.20779220779220775,0.22077922077922082
676356,"DeLuca, Jonny",2026,114,0.47368421052631593,0.5263157894736843,0.2017543859649123,0.2105263157894737,0.11403508771929827,0.456140350877193,0.3333333333333333,0.21052631578947373,0.29824561403508765,0.14912280701754388,0.02631578947368422,0.15789473684210537,0.18421052631578944,0.18421052631578952
676369,"Velázquez, Nelson",2026,47,0.25531914893617014,0.7446808510638298,0.40425531914893614,0.2765957446808511,0.06382978723404256,0.42553191489361697,0.3829787234042552,0.1914893617021277,0.19148936170212766,0.06382978723404256,0,0.2340425531914893,0.31914893617021267,0.1914893617021277
676391,"Clement, Ernie",2026,174,0.350574712643678,0.6494252873563221,0.31034482758620696,0.22988505747126453,0.1091954022988506,0.3793103448275863,0.42528735632183895,0.19540229885057486,0.1264367816091954,0.1954022988505747,0.028735632183908056,0.25287356321839094,0.22988505747126425,0.1666666666666668
676439,"Feduccia, Hunter",2026,33,0.36363636363636365,0.6363636363636365,0.3636363636363636,0.21212121212121218,0.06060606060606062,0.3030303030303031,0.4242424242424243,0.27272727272727276,0.12121212121212122,0.18181818181818188,0.06060606060606061,0.18181818181818188,0.24242424242424243,0.21212121212121215
676475,"Burleson, Alec",2026,158,0.5063291139240504,0.4936708860759494,0.23417721518987336,0.20886075949367094,0.05063291139240506,0.49367088607594956,0.31645569620253167,0.18987341772151894,0.2911392405063292,0.16455696202531653,0.05063291139240506,0.20253164556962033,0.15189873417721514,0.1392405063291139
676551,"Hicklen, Brewer",2026,5,0.2,0.8,0.2,0.4,0.2,0.6,0.4,0,0.2,0,0,0.39999999999999997,0.4,0
676572,"Wagaman, Eric",2026,28,0.39285714285714285,0.6071428571428571,0.21428571428571427,0.35714285714285715,0.035714285714285726,0.3571428571428571,0.3928571428571429,0.25,0.21428571428571427,0.07142857142857144,0.10714285714285715,0.14285714285714282,0.32142857142857145,0.14285714285714285
676609,"Caballero, José",2026,89,0.4269662921348314,0.5730337078651686,0.20224719101123603,0.2584269662921348,0.11235955056179779,0.47191011235955055,0.3258426966292136,0.202247191011236,0.22471910112359558,0.17977528089887643,0.022471910112359557,0.24719101123595497,0.14606741573033719,0.17977528089887646
676694,"Meyers, Jake",2026,41,0.39024390243902435,0.6097560975609756,0.31707317073170727,0.19512195121951223,0.09756097560975611,0.34146341463414637,0.31707317073170727,0.34146341463414626,0.17073170731707318,0.19512195121951217,0.024390243902439036,0.17073170731707318,0.12195121951219509,0.3170731707317072
676724,"Young, Jared",2026,42,0.5476190476190476,0.45238095238095244,0.1666666666666667,0.1904761904761905,0.09523809523809526,0.33333333333333326,0.4761904761904761,0.19047619047619052,0.2142857142857143,0.2857142857142857,0.04761904761904763,0.11904761904761896,0.1904761904761904,0.1428571428571429
676914,"Schneider, Davis",2026,34,0.3823529411764706,0.6176470588235294,0.38235294117647056,0.1470588235294118,0.0882352941176471,0.5294117647058826,0.3235294117647058,0.14705882352941177,0.2941176470588235,0.08823529411764706,0,0.2352941176470591,0.2352941176470587,0.14705882352941177
677060,"Stevens, Chad",2026,8,0.625,0.375,0.375,0,0,0.25,0.375,0.375,0.125,0.25000000000000006,0.25000000000000006,0.125,0.12499999999999994,0.12499999999999994
677347,"Paris, Kyren",2026,7,0.5714285714285714,0.4285714285714286,0.4285714285714286,0,0,0.4285714285714286,0.4285714285714286,0.14285714285714288,0.28571428571428575,0.2857142857142857,0,0.14285714285714285,0.1428571428571429,0.14285714285714288
677587,"Rocchio, Brayan",2026,154,0.4350649350649349,0.5649350649350647,0.26623376623376604,0.2402597402597403,0.058441558441558454,0.4090909090909092,0.34415584415584427,0.2467532467532468,0.2337662337662338,0.14285714285714282,0.05844155844155844,0.17532467532467544,0.20129870129870145,0.18831168831168837
677588,"Tena, José",2026,9,0.33333333333333337,0.6666666666666667,0.1111111111111111,0.5555555555555556,0,0.22222222222222227,0.2222222222222222,0.5555555555555556,0.22222222222222227,0,0.11111111111111113,0,0.2222222222222222,0.4444444444444444
677592,"Pereira, Everson",2026,21,0.47619047619047616,0.5238095238095237,0.23809523809523808,0.2380952380952381,0.047619047619047616,0.42857142857142855,0.23809523809523814,0.3333333333333333,0.2857142857142858,0.047619047619047616,0.14285714285714285,0.14285714285714274,0.19047619047619052,0.19047619047619047
677594,"Rodríguez, Julio",2026,134,0.3731343283582092,0.6268656716417909,0.34328358208955195,0.2313432835820896,0.05223880597014928,0.3432835820895523,0.4179104477611942,0.2388059701492539,0.1865671641791045,0.15671641791044771,0.029850746268656723,0.1567164179104478,0.26119402985074647,0.20895522388059717
677595,"Mauricio, Ronny",2026,9,0.22222222222222227,0.7777777777777778,0.4444444444444444,0.2222222222222222,0.11111111111111113,0.11111111111111113,0.1111111111111111,0.7777777777777778,0,0,0.22222222222222227,0.11111111111111113,0.1111111111111111,0.5555555555555556
677649,"Duran, Ezequiel",2026,103,0.4174757281553399,0.5825242718446602,0.25242718446601936,0.2718446601941748,0.058252427184466035,0.4174757281553398,0.3689320388349515,0.21359223300970878,0.2621359223300972,0.145631067961165,0.00970873786407767,0.1553398058252426,0.2233009708737865,0.20388349514563112
677800,"Abreu, Wilyer",2026,156,0.3782051282051282,0.6217948717948717,0.2884615384615384,0.23076923076923084,0.10256410256410252,0.35256410256410253,0.358974358974359,0.2884615384615385,0.16666666666666669,0.1666666666666667,0.04487179487179489,0.18589743589743585,0.19230769230769226,0.2435897435897436
677870,"Jiménez, Leo",2026,65,0.5230769230769229,0.4769230769230769,0.18461538461538465,0.26153846153846144,0.03076923076923077,0.33846153846153854,0.4461538461538463,0.21538461538461542,0.21538461538461534,0.26153846153846155,0.046153846153846156,0.1230769230769232,0.18461538461538474,0.16923076923076927
677942,"Alexander, Blaze",2026,71,0.4366197183098592,0.5633802816901412,0.2676056338028171,0.26760563380281704,0.028169014084507046,0.36619718309859167,0.32394366197183116,0.30985915492957755,0.2535211267605634,0.1267605633802817,0.05633802816901411,0.1126760563380283,0.19718309859154948,0.25352112676056343
677943,"Banfield, Will",2026,4,0.25,0.75,0.5,0,0.25,0,0.5,0.5,0,0.25,0,0,0.25,0.5
677950,"Thomas, Alek",2026,13,0.4615384615384615,0.5384615384615384,0.30769230769230765,0.15384615384615385,0.07692307692307693,0.15384615384615385,0.3846153846153846,0.46153846153846156,0.07692307692307693,0.3076923076923077,0.07692307692307691,0.07692307692307693,0.07692307692307687,0.38461538461538464
677951,"Witt Jr., Bobby",2026,125,0.42400000000000015,0.5760000000000001,0.20800000000000007,0.29600000000000004,0.07199999999999997,0.31199999999999983,0.4,0.288,0.20000000000000012,0.15200000000000002,0.07200000000000002,0.11199999999999971,0.248,0.21599999999999997
677956,"Hinds, Rece",2026,11,0.27272727272727276,0.7272727272727273,0.18181818181818182,0.45454545454545453,0.0909090909090909,0.09090909090909091,0.5454545454545454,0.36363636363636365,0,0.09090909090909093,0.18181818181818185,0.09090909090909091,0.4545454545454545,0.1818181818181818
678009,"Meadows, Parker",2026,1,1,0,0,0,0,0,1,0,0,1,0,0,0,0
678011,"Seigler, Anthony",2026,32,0.3125,0.6875,0.40625,0.25,0.031250000000000014,0.34375,0.43749999999999994,0.21875,0.1875,0.06250000000000001,0.0625,0.15625,0.37499999999999994,0.15625
678218,"Valenzuela, Brandon",2026,49,0.4693877551020407,0.5306122448979592,0.2244897959183674,0.2040816326530612,0.10204081632653064,0.3061224489795919,0.44897959183673464,0.24489795918367352,0.14285714285714288,0.26530612244897966,0.06122448979591836,0.16326530612244902,0.18367346938775497,0.18367346938775517
678225,"Bae, Jihwan",2026,2,1,0,0,0,0,0.5,0.5,0,0.5,0.5,0,0,0,0
678246,"Vargas, Miguel",2026,137,0.2919708029197082,0.7080291970802922,0.33576642335766427,0.26277372262773735,0.10948905109489061,0.4890510948905109,0.3065693430656933,0.20437956204379565,0.17518248175182485,0.08029197080291972,0.03649635036496352,0.3138686131386861,0.22627737226277356,0.16788321167883213
678391,"Vivas, Jorbit",2026,41,0.6097560975609756,0.39024390243902446,0.09756097560975609,0.26829268292682934,0.024390243902439036,0.43902439024390244,0.3658536585365853,0.19512195121951226,0.3414634146341463,0.2195121951219513,0.04878048780487806,0.09756097560975613,0.146341463414634,0.1463414634146342
678489,"Barrosa, Jorge",2026,42,0.49999999999999994,0.5,0.23809523809523808,0.19047619047619047,0.07142857142857144,0.5000000000000001,0.3095238095238094,0.19047619047619052,0.28571428571428575,0.11904761904761907,0.09523809523809523,0.21428571428571436,0.19047619047619035,0.09523809523809529
678545,"Basabe, Osleivis",2026,40,0.39999999999999997,0.5999999999999999,0.32499999999999996,0.2,0.075,0.325,0.4249999999999999,0.25,0.17500000000000004,0.17500000000000004,0.049999999999999996,0.14999999999999997,0.24999999999999983,0.2
678554,"Mead, Curtis",2026,96,0.32291666666666663,0.6770833333333336,0.3333333333333334,0.2395833333333335,0.10416666666666667,0.4583333333333333,0.33333333333333337,0.2083333333333334,0.2083333333333334,0.08333333333333334,0.031249999999999993,0.24999999999999992,0.25,0.1770833333333334
678577,"Perez, Junior",2026,17,0.23529411764705888,0.7647058823529413,0.35294117647058826,0.17647058823529416,0.23529411764705882,0.23529411764705888,0.41176470588235287,0.35294117647058826,0.05882352941176472,0.058823529411764705,0.11764705882352944,0.17647058823529416,0.35294117647058815,0.23529411764705882
678662,"Tovar, Ezequiel",2026,106,0.3490566037735847,0.650943396226415,0.42452830188679236,0.17924528301886794,0.04716981132075473,0.39622641509433965,0.38679245283018876,0.21698113207547176,0.18867924528301885,0.14150943396226418,0.01886792452830189,0.2075471698113208,0.24528301886792458,0.19811320754716988
678760,"Leonard, Eddys",2026,4,0,1,0.25,0.5,0.25,0.25,0.25,0.5,0,0,0,0.25,0.25,0.5
678882,"Rafaela, Ceddanne",2026,107,0.4112149532710281,0.588785046728972,0.29906542056074764,0.24299065420560761,0.0467289719626168,0.3084112149532709,0.34579439252336436,0.3457943925233645,0.14018691588785054,0.17757009345794386,0.09345794392523364,0.16822429906542036,0.1682242990654205,0.25233644859813087
679529,"Torkelson, Spencer",2026,101,0.3366336633663366,0.6633663366336635,0.3663366336633664,0.26732673267326734,0.0297029702970297,0.4554455445544552,0.33663366336633666,0.20792079207920788,0.19801980198019808,0.07920792079207921,0.05940594059405942,0.2574257425742571,0.25742574257425743,0.14851485148514848
679822,"Foscue, Justin",2026,106,0.349056603773585,0.6509433962264153,0.2830188679245284,0.23584905660377362,0.13207547169811332,0.46226415094339623,0.349056603773585,0.18867924528301885,0.2264150943396228,0.09433962264150943,0.028301886792452848,0.23584905660377342,0.2547169811320756,0.160377358490566
679845,"Loftin, Nick",2026,120,0.425,0.575,0.27499999999999997,0.25833333333333336,0.041666666666666664,0.4166666666666665,0.35833333333333334,0.22500000000000006,0.23333333333333336,0.1416666666666666,0.049999999999999996,0.18333333333333315,0.21666666666666673,0.17500000000000007
680474,"Schuemann, Max",2026,29,0.37931034482758624,0.6206896551724138,0.34482758620689663,0.17241379310344826,0.10344827586206899,0.4137931034482759,0.31034482758620696,0.2758620689655173,0.20689655172413793,0.13793103448275862,0.03448275862068967,0.20689655172413798,0.17241379310344834,0.24137931034482762
680574,"McLain, Matt",2026,80,0.32499999999999996,0.6749999999999999,0.34999999999999987,0.2250000000000001,0.10000000000000002,0.37499999999999994,0.2875000000000001,0.3375,0.2000000000000001,0.08750000000000001,0.0375,0.17499999999999985,0.20000000000000007,0.30000000000000004
680664,"Valencia, Eduardo",2026,36,0.3333333333333334,0.6666666666666665,0.25,0.33333333333333315,0.08333333333333336,0.4722222222222222,0.3055555555555555,0.22222222222222227,0.16666666666666669,0.11111111111111108,0.05555555555555555,0.3055555555555555,0.19444444444444445,0.1666666666666667
680700,"Palacios, Richie",2026,45,0.6222222222222221,0.3777777777777778,0.0888888888888889,0.1777777777777778,0.1111111111111111,0.4888888888888889,0.2888888888888889,0.22222222222222224,0.33333333333333337,0.22222222222222227,0.06666666666666668,0.1555555555555555,0.06666666666666665,0.15555555555555556
680716,"Ornelas, Jonathan",2026,9,0.5555555555555556,0.44444444444444453,0.11111111111111113,0.22222222222222227,0.11111111111111113,0.7777777777777778,0.11111111111111113,0.1111111111111111,0.4444444444444444,0,0.1111111111111111,0.33333333333333337,0.11111111111111113,0
680718,"Barger, Addison",2026,2,0.5,0.5,0.5,0,0,0.5,0,0.5,0.5,0,0,0,0,0.5
680728,"Del Castillo, Adrian",2026,17,0.47058823529411764,0.5294117647058824,0.29411764705882354,0.11764705882352941,0.11764705882352941,0.23529411764705882,0.5294117647058825,0.23529411764705882,0.11764705882352941,0.23529411764705888,0.11764705882352941,0.11764705882352941,0.2941176470588236,0.11764705882352941
680737,"Helman, Michael",2026,12,0.08333333333333333,0.9166666666666666,0.7499999999999999,0.08333333333333334,0.08333333333333334,0.24999999999999997,0.41666666666666663,0.33333333333333337,0.08333333333333333,0,0,0.16666666666666663,0.41666666666666663,0.33333333333333337
680757,"Kwan, Steven",2026,147,0.4353741496598636,0.5646258503401362,0.21088435374149667,0.2789115646258504,0.07482993197278916,0.2108843537414966,0.5238095238095238,0.2653061224489796,0.10884353741496602,0.2653061224489795,0.061224489795918366,0.10204081632653059,0.25850340136054434,0.20408163265306123
680776,"Duran, Jarren",2026,95,0.4736842105263158,0.5263157894736843,0.21052631578947376,0.2105263157894737,0.10526315789473688,0.3368421052631577,0.36842105263157904,0.29473684210526313,0.2526315789473685,0.17894736842105266,0.04210526315789477,0.08421052631578924,0.18947368421052638,0.2526315789473684
680777,"Jeffers, Ryan",2026,94,0.3723404255319149,0.6276595744680851,0.2446808510638299,0.2553191489361701,0.12765957446808512,0.3617021276595743,0.36170212765957455,0.2765957446808511,0.17021276595744683,0.11702127659574472,0.0851063829787234,0.1914893617021275,0.2446808510638298,0.19148936170212766
680779,"Davis, Henry",2026,65,0.30769230769230776,0.6923076923076925,0.29230769230769243,0.1846153846153847,0.2153846153846154,0.4923076923076924,0.3384615384615385,0.16923076923076927,0.20000000000000004,0.09230769230769231,0.015384615384615385,0.2923076923076924,0.24615384615384617,0.15384615384615388
680869,"Gelof, Zack",2026,80,0.37499999999999994,0.6249999999999999,0.3624999999999999,0.17500000000000004,0.08750000000000001,0.425,0.35000000000000003,0.22500000000000003,0.20000000000000007,0.15000000000000008,0.025,0.22499999999999992,0.19999999999999996,0.20000000000000004
680977,"Donovan, Brendan",2026,38,0.605263157894737,0.39473684210526316,0.10526315789473685,0.26315789473684215,0.02631578947368421,0.23684210526315794,0.5526315789473685,0.21052631578947373,0.18421052631578955,0.34210526315789463,0.07894736842105267,0.05263157894736839,0.21052631578947384,0.13157894736842107
681047,"Franklin, Christian",2026,16,0.5000000000000001,0.5,0.1875,0.1875,0.12500000000000003,0.0625,0.5,0.4375,0.0625,0.3125,0.12500000000000003,0,0.1875,0.3125
681082,"Stott, Bryson",2026,106,0.4811320754716983,0.5188679245283021,0.22641509433962276,0.2452830188679246,0.04716981132075472,0.35849056603773577,0.38679245283018865,0.2547169811320756,0.23584905660377364,0.1603773584905662,0.08490566037735846,0.12264150943396213,0.22641509433962245,0.1698113207547171
681146,"Bride, Jonah",2026,1,1,0,0,0,0,0,0,1,0,0,1,0,0,0
681198,"Rumfield, TJ",2026,146,0.5136986301369864,0.48630136986301375,0.24657534246575358,0.19178082191780818,0.047945205479452045,0.3698630136986302,0.356164383561644,0.27397260273972623,0.22602739726027404,0.1849315068493151,0.10273972602739727,0.14383561643835618,0.17123287671232887,0.17123287671232895
681230,"Murray Jr., BJ",2026,6,0.33333333333333337,0.6666666666666667,0.5,0,0.16666666666666669,0.16666666666666666,0.5,0.33333333333333337,0.16666666666666666,0.16666666666666669,0,0,0.3333333333333333,0.33333333333333337
681297,"Cowser, Colton",2026,31,0.41935483870967744,0.5806451612903227,0.25806451612903225,0.25806451612903236,0.06451612903225808,0.4516129032258065,0.3548387096774193,0.1935483870967742,0.22580645161290325,0.1612903225806452,0.03225806451612903,0.22580645161290325,0.1935483870967741,0.16129032258064516
681351,"O'Hoppe, Logan",2026,63,0.36507936507936506,0.6349206349206351,0.31746031746031755,0.2698412698412699,0.04761904761904763,0.3650793650793651,0.3492063492063492,0.28571428571428564,0.19047619047619047,0.11111111111111113,0.0634920634920635,0.17460317460317465,0.23809523809523805,0.22222222222222215
681393,"Norby, Connor",2026,78,0.3717948717948717,0.6282051282051283,0.41025641025641035,0.17948717948717954,0.038461538461538464,0.4358974358974359,0.3589743589743589,0.2051282051282052,0.21794871794871806,0.1153846153846154,0.03846153846153848,0.21794871794871784,0.2435897435897435,0.16666666666666674
681481,"Carpenter, Kerry",2026,15,0.26666666666666666,0.7333333333333333,0.4,0.19999999999999998,0.13333333333333333,0.6,0.26666666666666666,0.13333333333333333,0.2,0.06666666666666667,0,0.39999999999999997,0.2,0.13333333333333333
681508,"Gasper, Mickey",2026,17,0.35294117647058826,0.6470588235294117,0.35294117647058826,0.11764705882352941,0.1764705882352941,0.41176470588235287,0.11764705882352942,0.47058823529411764,0.23529411764705882,0.058823529411764705,0.05882352941176472,0.17647058823529405,0.05882352941176472,0.4117647058823529
681546,"Outman, James",2026,16,0.37499999999999994,0.6250000000000001,0.37500000000000006,0.18750000000000003,0.0625,0.43749999999999994,0.375,0.18749999999999997,0.3125,0.0625,0,0.12499999999999994,0.3125,0.18749999999999997
681624,"Pages, Andy",2026,119,0.3361344537815126,0.6638655462184871,0.3277310924369747,0.29411764705882343,0.04201680672268908,0.3193277310924369,0.42857142857142866,0.25210084033613445,0.15126050420168075,0.15126050420168066,0.033613445378151266,0.16806722689075615,0.277310924369748,0.2184873949579832
681715,"Hernández, Heriberto",2026,111,0.4054054054054053,0.5945945945945946,0.32432432432432434,0.19819819819819823,0.07207207207207207,0.5135135135135133,0.3243243243243244,0.16216216216216212,0.27027027027027023,0.1261261261261261,0.00900900900900901,0.24324324324324303,0.1981981981981983,0.15315315315315312
681807,"Fry, David",2026,78,0.3461538461538462,0.653846153846154,0.29487179487179493,0.20512820512820518,0.15384615384615383,0.5512820512820512,0.28205128205128205,0.16666666666666666,0.21794871794871806,0.11538461538461539,0.012820512820512822,0.33333333333333315,0.16666666666666666,0.15384615384615383
681987,"Eaton, Nate",2026,17,0.17647058823529416,0.8235294117647058,0.29411764705882354,0.4117647058823529,0.11764705882352944,0.5294117647058824,0.35294117647058826,0.11764705882352944,0.17647058823529416,0,0,0.3529411764705882,0.35294117647058826,0.11764705882352944
682177,"Schneemann, Daniel",2026,41,0.4878048780487805,0.5121951219512195,0.2682926829268293,0.17073170731707316,0.07317073170731708,0.5121951219512195,0.2682926829268294,0.21951219512195122,0.2926829268292683,0.14634146341463417,0.048780487804878044,0.21951219512195125,0.12195121951219523,0.17073170731707318
682515,"Porter, Logan",2026,2,0.5,0.5,0,0.5,0,0,1,0,0,0.5,0,0,0.5,0
682622,"Marte, Noelvi",2026,32,0.37500000000000006,0.6250000000000001,0.37500000000000006,0.09375000000000001,0.15625000000000003,0.4374999999999999,0.37500000000000006,0.18750000000000003,0.18750000000000003,0.1875,0,0.24999999999999986,0.18750000000000006,0.18750000000000003
682626,"Alvarez, Francisco",2026,66,0.5000000000000001,0.5,0.2727272727272727,0.196969696969697,0.030303030303030307,0.28787878787878796,0.40909090909090906,0.3030303030303031,0.2424242424242425,0.1666666666666667,0.09090909090909091,0.04545454545454547,0.24242424242424235,0.21212121212121218
682634,"Alcántara, Kevin",2026,10,0.3,0.7,0.39999999999999997,0.30000000000000004,0,0.4,0.39999999999999997,0.20000000000000004,0.09999999999999999,0.20000000000000004,0,0.30000000000000004,0.19999999999999993,0.20000000000000004
682641,"Matos, Luis",2026,7,0.7142857142857143,0.28571428571428575,0.14285714285714288,0,0.14285714285714288,0.28571428571428575,0.5714285714285714,0.14285714285714288,0.28571428571428575,0.2857142857142857,0.14285714285714288,0,0.2857142857142857,0
682657,"Martínez, Angel",2026,122,0.4016393442622951,0.5983606557377047,0.23770491803278684,0.27868852459016374,0.08196721311475409,0.40163934426229514,0.4262295081967214,0.1721311475409836,0.18852459016393444,0.1639344262295082,0.04918032786885245,0.2131147540983607,0.2622950819672132,0.12295081967213115
682663,"Ramírez, Agustín",2026,55,0.4727272727272728,0.5272727272727273,0.16363636363636366,0.29090909090909095,0.07272727272727272,0.3999999999999999,0.4000000000000001,0.2,0.23636363636363641,0.20000000000000012,0.03636363636363636,0.1636363636363635,0.19999999999999996,0.16363636363636364
682668,"Acuña, Luisangel",2026,89,0.5505617977528087,0.44943820224719105,0.16853932584269662,0.22471910112359558,0.05617977528089887,0.3932584269662922,0.38202247191011246,0.2247191011235955,0.31460674157303375,0.21348314606741572,0.022471910112359557,0.07865168539325845,0.16853932584269674,0.20224719101123595
682674,"Bericoto, Victor",2026,47,0.5319148936170213,0.4680851063829787,0.23404255319148934,0.19148936170212766,0.0425531914893617,0.31914893617021284,0.297872340425532,0.3829787234042553,0.2765957446808511,0.12765957446808512,0.12765957446808512,0.042553191489361764,0.1702127659574469,0.2553191489361702
682729,"Clase, Jonatan",2026,5,0.6,0.4,0.2,0.2,0,0.4,0.4,0.2,0.4,0.2,0,0,0.2,0.2
682818,"Piñango, Yohendrick",2026,19,0.4210526315789474,0.5789473684210527,0.15789473684210525,0.42105263157894735,0,0.368421052631579,0.47368421052631576,0.15789473684210528,0.15789473684210528,0.26315789473684204,0,0.2105263157894737,0.21052631578947373,0.15789473684210528
682829,"De La Cruz, Elly",2026,116,0.49999999999999994,0.5000000000000002,0.2327586206896553,0.25000000000000006,0.017241379310344848,0.353448275862069,0.4224137931034483,0.22413793103448276,0.22413793103448282,0.2241379310344829,0.051724137931034475,0.1293103448275862,0.19827586206896539,0.1724137931034483
682848,"Rodríguez, Endy",2026,13,0.38461538461538464,0.6153846153846154,0.3846153846153846,0.15384615384615383,0.07692307692307693,0.46153846153846156,0.23076923076923078,0.3076923076923077,0.23076923076923078,0.07692307692307693,0.07692307692307693,0.23076923076923078,0.15384615384615385,0.23076923076923078
682877,"Brito, Juan",2026,31,0.29032258064516137,0.7096774193548387,0.29032258064516125,0.3548387096774194,0.06451612903225808,0.5161290322580645,0.3870967741935484,0.09677419354838712,0.16129032258064516,0.12903225806451613,0,0.3548387096774194,0.25806451612903225,0.09677419354838712
682927,"Simon, Ronny",2026,19,0.4210526315789474,0.5789473684210527,0.26315789473684215,0.21052631578947373,0.10526315789473684,0.47368421052631576,0.368421052631579,0.1578947368421053,0.15789473684210525,0.21052631578947367,0.05263157894736843,0.3157894736842105,0.1578947368421053,0.10526315789473688
682928,"Abrams, CJ",2026,131,0.40458015267175573,0.5954198473282444,0.2442748091603054,0.23664122137404583,0.11450381679389311,0.48854961832061067,0.2977099236641221,0.21374045801526728,0.2519083969465647,0.13740458015267185,0.01526717557251909,0.23664122137404597,0.16030534351145023,0.1984732824427482
682985,"Greene, Riley",2026,108,0.3611111111111111,0.6388888888888893,0.2870370370370373,0.28703703703703703,0.06481481481481483,0.39814814814814825,0.3703703703703705,0.23148148148148154,0.19444444444444448,0.13888888888888884,0.02777777777777778,0.20370370370370378,0.23148148148148168,0.20370370370370375
682987,"Jones, Spencer",2026,36,0.22222222222222227,0.7777777777777779,0.3055555555555556,0.41666666666666674,0.055555555555555566,0.2777777777777778,0.36111111111111116,0.361111111111111,0.11111111111111113,0.08333333333333334,0.027777777777777783,0.16666666666666666,0.2777777777777778,0.3333333333333332
682988,"Locklear, Tyler",2026,7,0.4285714285714286,0.5714285714285715,0.4285714285714286,0.14285714285714288,0,0.4285714285714286,0.4285714285714286,0.14285714285714288,0.28571428571428575,0.14285714285714288,0,0.14285714285714285,0.2857142857142857,0.14285714285714288
682997,"Callihan, Tyler",2026,6,0.33333333333333337,0.6666666666666667,0.33333333333333337,0.33333333333333337,0,0,0.6666666666666666,0.33333333333333337,0,0,0.33333333333333337,0,0.6666666666666666,0
682998,"Carroll, Corbin",2026,137,0.45985401459854003,0.54014598540146,0.24087591240875922,0.23357664233576644,0.06569343065693435,0.35036496350364954,0.3868613138686131,0.26277372262773724,0.20437956204379568,0.21897810218978098,0.0364963503649635,0.14598540145985386,0.16788321167883213,0.22627737226277372
683002,"Henderson, Gunnar",2026,154,0.48051948051948057,0.5194805194805198,0.18831168831168843,0.24675324675324692,0.0844155844155844,0.41558441558441556,0.35714285714285726,0.2272727272727274,0.1948051948051948,0.20129870129870137,0.08441558441558446,0.22077922077922077,0.1558441558441559,0.14285714285714296
683011,"Volpe, Anthony",2026,73,0.4246575342465753,0.5753424657534248,0.2465753424657534,0.2876712328767125,0.04109589041095891,0.3013698630136987,0.49315068493150677,0.20547945205479456,0.1506849315068494,0.23287671232876714,0.041095890410958916,0.15068493150684933,0.26027397260273966,0.16438356164383566
683021,"Stefanic, Michael",2026,15,0.5333333333333333,0.4666666666666667,0.13333333333333336,0.3333333333333333,0,0.20000000000000004,0.4666666666666667,0.3333333333333333,0.06666666666666667,0.26666666666666666,0.2,0.13333333333333336,0.2,0.1333333333333333
683083,"Nuñez, Nasim",2026,105,0.5523809523809521,0.4476190476190476,0.2,0.18095238095238095,0.06666666666666667,0.3238095238095238,0.3714285714285714,0.3047619047619049,0.2095238095238096,0.24761904761904768,0.09523809523809525,0.11428571428571421,0.1238095238095237,0.20952380952380967
683090,"Lugo, Matthew",2026,3,0.6666666666666666,0.33333333333333337,0,0.33333333333333337,0,0.6666666666666667,0.3333333333333333,0,0.33333333333333337,0.3333333333333333,0,0.33333333333333337,0,0
683146,"Baty, Brett",2026,52,0.5384615384615384,0.4615384615384616,0.19230769230769235,0.25000000000000006,0.01923076923076923,0.28846153846153855,0.4038461538461538,0.30769230769230776,0.19230769230769235,0.2692307692307691,0.07692307692307691,0.0961538461538462,0.1346153846153847,0.23076923076923084
683227,"Freeman, Cody",2026,37,0.4324324324324325,0.5675675675675677,0.2972972972972973,0.13513513513513514,0.13513513513513517,0.3783783783783783,0.35135135135135126,0.2702702702702703,0.21621621621621626,0.16216216216216217,0.054054054054054064,0.16216216216216203,0.1891891891891891,0.21621621621621623
683357,"Caissie, Owen",2026,19,0.4210526315789474,0.5789473684210527,0.10526315789473684,0.368421052631579,0.10526315789473686,0.2631578947368421,0.5263157894736842,0.21052631578947373,0.21052631578947367,0.2105263157894737,0,0.05263157894736842,0.3157894736842105,0.21052631578947373
683679,"Rodriguez, Jesus",2026,13,0.5384615384615385,0.46153846153846156,0.3076923076923077,0.07692307692307693,0.07692307692307691,0.30769230769230765,0.4615384615384615,0.23076923076923078,0.30769230769230765,0.15384615384615383,0.07692307692307693,0,0.3076923076923077,0.15384615384615385
683734,"Vaughn, Andrew",2026,98,0.4591836734693878,0.5408163265306123,0.25510204081632654,0.24489795918367352,0.04081632653061224,0.336734693877551,0.37755102040816335,0.2857142857142857,0.19387755102040824,0.1938775510204082,0.07142857142857142,0.14285714285714277,0.18367346938775514,0.21428571428571427
683737,"Busch, Michael",2026,132,0.4469696969696971,0.553030303030303,0.32575757575757575,0.19696969696969693,0.030303030303030314,0.4469696969696972,0.3712121212121214,0.1818181818181818,0.2727272727272727,0.1439393939393939,0.030303030303030307,0.17424242424242448,0.2272727272727275,0.1515151515151515
683748,"Mesa Jr., Victor",2026,52,0.4423076923076924,0.5576923076923078,0.2307692307692308,0.21153846153846156,0.1153846153846154,0.326923076923077,0.30769230769230776,0.36538461538461525,0.2115384615384616,0.1153846153846154,0.1153846153846154,0.11538461538461539,0.19230769230769235,0.24999999999999983
683766,"Koss, Christian",2026,48,0.5416666666666667,0.45833333333333337,0.24999999999999997,0.08333333333333333,0.12500000000000003,0.43749999999999994,0.25000000000000006,0.31250000000000006,0.27083333333333326,0.14583333333333334,0.12500000000000003,0.16666666666666669,0.10416666666666671,0.18750000000000003
683953,"Bazzana, Travis",2026,105,0.4571428571428572,0.5428571428571429,0.30476190476190484,0.09523809523809523,0.14285714285714282,0.31428571428571433,0.4190476190476191,0.2666666666666667,0.20952380952380958,0.16190476190476194,0.08571428571428569,0.10476190476190475,0.2571428571428572,0.18095238095238103
685133,"Meckler, Wade",2026,40,0.6749999999999999,0.32500000000000007,0.1,0.20000000000000004,0.024999999999999998,0.475,0.3249999999999999,0.20000000000000004,0.37499999999999994,0.225,0.07500000000000001,0.10000000000000003,0.0999999999999999,0.12500000000000003
686217,"Frelick, Sal",2026,80,0.5125000000000001,0.48750000000000004,0.16249999999999998,0.25000000000000006,0.07499999999999998,0.38749999999999996,0.43750000000000006,0.17500000000000002,0.2625,0.23750000000000002,0.0125,0.12499999999999994,0.20000000000000004,0.1625
686452,"Millas, Drew",2026,7,0.5714285714285714,0.4285714285714286,0.14285714285714288,0.2857142857142857,0,0.4285714285714286,0.4285714285714286,0.14285714285714285,0.28571428571428575,0.14285714285714288,0.14285714285714285,0.14285714285714285,0.2857142857142857,0
686469,"Pasquantino, Vinnie",2026,96,0.32291666666666646,0.6770833333333334,0.28125,0.2604166666666667,0.13541666666666663,0.44791666666666674,0.34375000000000006,0.20833333333333331,0.19791666666666663,0.10416666666666669,0.020833333333333343,0.2500000000000001,0.23958333333333337,0.18749999999999997
686475,"Tolbert, Tyler",2026,58,0.5172413793103445,0.48275862068965525,0.22413793103448282,0.18965517241379315,0.06896551724137928,0.34482758620689663,0.32758620689655177,0.32758620689655177,0.2413793103448276,0.20689655172413793,0.06896551724137931,0.10344827586206903,0.12068965517241384,0.2586206896551725
686527,"Canzone, Dominic",2026,92,0.5217391304347826,0.4782608695652175,0.25000000000000006,0.18478260869565222,0.04347826086956524,0.30434782608695654,0.5217391304347825,0.1739130434782608,0.19565217391304354,0.2717391304347825,0.05434782608695652,0.108695652173913,0.25,0.1195652173913043
686554,"Dunn, Oliver",2026,3,1,0,0,0,0,0.33333333333333337,0.3333333333333333,0.33333333333333337,0.33333333333333337,0.3333333333333333,0.33333333333333337,0,0,0
686555,"Collins, Isaac",2026,107,0.39252336448598135,0.6074766355140186,0.2616822429906542,0.2149532710280375,0.13084112149532706,0.3551401869158877,0.3551401869158879,0.28971962616822416,0.2149532710280375,0.1121495327102804,0.06542056074766354,0.14018691588785023,0.2429906542056075,0.2242990654205606
686611,"Crews, Dylan",2026,99,0.3535353535353536,0.6464646464646463,0.31313131313131304,0.2525252525252525,0.08080808080808081,0.32323232323232326,0.42424242424242425,0.2525252525252526,0.18181818181818182,0.14141414141414144,0.030303030303030307,0.14141414141414144,0.2828282828282828,0.2222222222222223
686668,"Doyle, Brenton",2026,63,0.5079365079365079,0.4920634920634921,0.26984126984126977,0.1746031746031747,0.04761904761904763,0.253968253968254,0.5079365079365077,0.23809523809523817,0.17460317460317462,0.25396825396825395,0.07936507936507937,0.07936507936507939,0.25396825396825373,0.15873015873015878
686681,"Massey, Michael",2026,75,0.4666666666666667,0.5333333333333334,0.1866666666666667,0.26666666666666666,0.08000000000000002,0.4933333333333334,0.3600000000000001,0.14666666666666667,0.2933333333333334,0.13333333333333336,0.04,0.2,0.22666666666666674,0.10666666666666666
686765,"Sogard, Nick",2026,51,0.3725490196078431,0.627450980392157,0.2745098039215687,0.2352941176470588,0.11764705882352944,0.4901960784313724,0.39215686274509803,0.11764705882352944,0.196078431372549,0.13725490196078435,0.039215686274509796,0.29411764705882343,0.2549019607843137,0.07843137254901963
686780,"Pagés, Pedro",2026,60,0.4166666666666667,0.5833333333333334,0.25,0.21666666666666665,0.11666666666666668,0.30000000000000004,0.44999999999999996,0.25,0.19999999999999998,0.18333333333333335,0.03333333333333333,0.10000000000000006,0.2666666666666666,0.21666666666666667
686797,"Lee, Brooks",2026,142,0.37323943661971826,0.6267605633802819,0.3098591549295775,0.21830985915492968,0.09859154929577464,0.32394366197183094,0.4718309859154928,0.204225352112676,0.14788732394366197,0.2042253521126762,0.021126760563380288,0.17605633802816897,0.26760563380281654,0.18309859154929573
686823,"Brennan, Will",2026,2,0,1,0.5,0.5,0,0,0,1,0,0,0,0,0,1
686894,"Wiemer, Joey",2026,23,0.4782608695652174,0.5217391304347826,0.2173913043478261,0.2608695652173913,0.043478260869565216,0.3478260869565217,0.3478260869565217,0.30434782608695654,0.13043478260869568,0.2173913043478261,0.13043478260869565,0.217391304347826,0.13043478260869557,0.1739130434782609
686948,"Baldwin, Drake",2026,155,0.5483870967741937,0.4516129032258066,0.18064516129032254,0.2258064516129034,0.04516129032258066,0.2774193548387095,0.4064516129032258,0.31612903225806455,0.21290322580645174,0.2774193548387096,0.05806451612903229,0.06451612903225776,0.12903225806451618,0.25806451612903225
687093,"Grissom, Vaughn",2026,128,0.4453125000000002,0.5546875,0.23437500000000006,0.28906249999999994,0.031250000000000014,0.37500000000000006,0.375,0.25000000000000017,0.21093750000000008,0.19531249999999997,0.03906250000000001,0.16406249999999997,0.17968750000000003,0.21093750000000017
687221,"Rushing, Dalton",2026,40,0.3000000000000001,0.7,0.3,0.275,0.12500000000000003,0.45000000000000007,0.37500000000000006,0.17500000000000002,0.12500000000000006,0.12500000000000003,0.049999999999999996,0.325,0.25,0.12500000000000003
687231,"Hernaiz, Darell",2026,41,0.39024390243902435,0.6097560975609756,0.1951219512195122,0.3170731707317073,0.09756097560975611,0.26829268292682934,0.39024390243902435,0.3414634146341463,0.19512195121951223,0.12195121951219515,0.07317073170731708,0.07317073170731711,0.2682926829268292,0.26829268292682923
687263,"Neto, Zach",2026,124,0.29032258064516153,0.7096774193548385,0.3467741935483869,0.2741935483870968,0.08870967741935482,0.5080645161290325,0.3064516129032258,0.18548387096774202,0.18548387096774194,0.09677419354838705,0.008064516129032261,0.32258064516129054,0.20967741935483875,0.17741935483870977
687282,"Rincones Jr., Gabriel",2026,4,0.75,0.25,0.25,0,0,0.5,0.25,0.25,0.5,0.25,0,0,0,0.25
687363,"Scott II, Victor",2026,50,0.62,0.38,0.18,0.13999999999999999,0.060000000000000026,0.36000000000000004,0.42,0.22000000000000006,0.28,0.28,0.05999999999999999,0.08000000000000002,0.13999999999999996,0.16000000000000006
687401,"Ortiz, Joey",2026,106,0.47169811320754723,0.5283018867924529,0.20754716981132076,0.22641509433962279,0.09433962264150944,0.3018867924528302,0.4056603773584906,0.2924528301886794,0.16981132075471697,0.22641509433962273,0.07547169811320754,0.1320754716981132,0.17924528301886786,0.21698113207547187
687462,"Horwitz, Spencer",2026,61,0.47540983606557374,0.5245901639344264,0.22950819672131154,0.19672131147540986,0.09836065573770492,0.3442622950819671,0.31147540983606564,0.3442622950819674,0.2622950819672132,0.13114754098360656,0.0819672131147541,0.08196721311475391,0.18032786885245908,0.2622950819672133
687515,"Thomas, Colby",2026,69,0.30434782608695654,0.6956521739130436,0.34782608695652184,0.2173913043478261,0.13043478260869568,0.37681159420289856,0.39130434782608703,0.23188405797101458,0.18840579710144933,0.08695652173913043,0.02898550724637683,0.18840579710144922,0.3043478260869566,0.20289855072463775
687529,"McCray, Grant",2026,14,0.3571428571428571,0.6428571428571428,0.2142857142857143,0.3571428571428571,0.07142857142857142,0.14285714285714285,0.5000000000000001,0.3571428571428571,0.07142857142857142,0.28571428571428575,0,0.07142857142857142,0.21428571428571436,0.3571428571428571
687551,"Gilbert, Drew",2026,29,0.48275862068965514,0.517241379310345,0.10344827586206899,0.13793103448275865,0.2758620689655173,0.4482758620689654,0.41379310344827586,0.13793103448275862,0.31034482758620696,0.13793103448275862,0.034482758620689655,0.13793103448275845,0.27586206896551724,0.10344827586206896
687597,"Beck, Jordan",2026,56,0.33928571428571425,0.6607142857142857,0.32142857142857134,0.3214285714285715,0.017857142857142856,0.4642857142857143,0.1964285714285715,0.3392857142857143,0.2321428571428572,0.07142857142857142,0.03571428571428572,0.2321428571428571,0.12500000000000008,0.3035714285714286
687605,"Pinckney, Andrew",2026,10,0.3,0.7,0.4,0.3,0,0.20000000000000004,0.3,0.5,0.10000000000000002,0.20000000000000004,0,0.10000000000000002,0.09999999999999995,0.5
687637,"Beavers, Dylan",2026,46,0.4130434782608695,0.5869565217391305,0.3260869565217391,0.1521739130434783,0.10869565217391307,0.26086956521739135,0.36956521739130427,0.36956521739130427,0.19565217391304351,0.10869565217391307,0.10869565217391307,0.06521739130434784,0.2608695652173912,0.2608695652173912
687749,"Bowen, Jase",2026,30,0.43333333333333335,0.5666666666666668,0.36666666666666675,0.2,0,0.4666666666666667,0.23333333333333334,0.30000000000000004,0.30000000000000004,0.1,0.03333333333333333,0.16666666666666663,0.13333333333333333,0.2666666666666667
687859,"Johnston, Troy",2026,86,0.3953488372093023,0.6046511627906979,0.29069767441860483,0.2558139534883721,0.05813953488372093,0.2906976744186046,0.43023255813953487,0.27906976744186046,0.16279069767441864,0.18604651162790697,0.04651162790697675,0.12790697674418597,0.2441860465116279,0.23255813953488372
687952,"Encarnacion-Strand, Christian",2026,46,0.30434782608695654,0.6956521739130437,0.4347826086956523,0.1739130434782609,0.08695652173913045,0.4999999999999999,0.36956521739130427,0.13043478260869568,0.19565217391304354,0.10869565217391304,0,0.3043478260869563,0.26086956521739124,0.13043478260869568
687957,"Harris, Dustin",2026,15,0.6,0.4,0.06666666666666668,0.26666666666666666,0.06666666666666668,0.4666666666666666,0.39999999999999997,0.13333333333333336,0.2666666666666667,0.2666666666666667,0.06666666666666668,0.1999999999999999,0.13333333333333325,0.06666666666666668
688363,"Pauley, Graham",2026,7,0.7142857142857143,0.28571428571428575,0,0,0.28571428571428575,0.5714285714285714,0.28571428571428575,0.14285714285714288,0.4285714285714286,0.28571428571428575,0,0.1428571428571428,0,0.14285714285714288
689414,"Hicks, Liam",2026,89,0.5168539325842696,0.4831460674157304,0.20224719101123603,0.19101123595505623,0.08988764044943816,0.4382022471910112,0.33707865168539325,0.22471910112359555,0.2808988764044945,0.13483146067415727,0.10112359550561796,0.15730337078651668,0.20224719101123598,0.1235955056179776
690022,"Ritter, Ryan",2026,4,1,0,0,0,0,0.5,0.5,0,0.5,0.5,0,0,0,0
690924,"Fulford, Braxton",2026,29,0.3793103448275862,0.6206896551724137,0.4137931034482758,0.06896551724137931,0.13793103448275862,0.2758620689655173,0.34482758620689663,0.37931034482758613,0.206896551724138,0.13793103448275865,0.034482758620689655,0.06896551724137928,0.20689655172413798,0.34482758620689646
690976,"Freeland, Alex",2026,18,0.3888888888888889,0.6111111111111112,0.3333333333333333,0.2222222222222222,0.055555555555555566,0.3888888888888889,0.33333333333333337,0.27777777777777785,0.16666666666666666,0.22222222222222224,0,0.22222222222222224,0.11111111111111113,0.27777777777777785
690984,"Halpin, Petey",2026,36,0.41666666666666663,0.5833333333333334,0.25000000000000006,0.16666666666666669,0.16666666666666666,0.3888888888888888,0.44444444444444453,0.1666666666666667,0.1388888888888889,0.24999999999999992,0.027777777777777776,0.2499999999999999,0.19444444444444461,0.13888888888888895
690993,"Keith, Colt",2026,20,0.65,0.35000000000000003,0.05000000000000001,0.20000000000000004,0.09999999999999999,0.35000000000000003,0.5,0.15000000000000002,0.30000000000000004,0.30000000000000004,0.049999999999999996,0.04999999999999999,0.19999999999999996,0.10000000000000003
691002,"Morales, Yohandy",2026,14,0.42857142857142855,0.5714285714285714,0.2857142857142857,0.14285714285714288,0.14285714285714285,0.35714285714285715,0.3571428571428571,0.2857142857142857,0.35714285714285715,0.07142857142857144,0,0,0.28571428571428564,0.2857142857142857
691011,"Romo, Drew",2026,27,0.33333333333333337,0.6666666666666667,0.18518518518518517,0.33333333333333337,0.1481481481481482,0.33333333333333337,0.48148148148148145,0.1851851851851852,0.14814814814814814,0.1851851851851852,0,0.18518518518518523,0.2962962962962963,0.1851851851851852
691016,"Soderstrom, Tyler",2026,92,0.5217391304347826,0.4782608695652174,0.30434782608695654,0.08695652173913045,0.08695652173913043,0.3695652173913043,0.391304347826087,0.23913043478260865,0.2173913043478261,0.2173913043478261,0.08695652173913045,0.15217391304347822,0.17391304347826086,0.15217391304347822
691019,"Teel, Kyle",2026,19,0.47368421052631576,0.5263157894736842,0,0.42105263157894735,0.10526315789473684,0.5789473684210528,0.31578947368421056,0.10526315789473685,0.368421052631579,0.05263157894736842,0.05263157894736842,0.21052631578947378,0.26315789473684215,0.05263157894736843
691023,"Walker, Jordan",2026,114,0.3771929824561405,0.6228070175438598,0.23684210526315794,0.3421052631578948,0.043859649122807015,0.3333333333333334,0.4122807017543861,0.25438596491228066,0.20175438596491235,0.15789473684210528,0.017543859649122806,0.13157894736842107,0.2543859649122808,0.23684210526315785
691026,"Winn, Masyn",2026,96,0.3541666666666666,0.6458333333333334,0.22916666666666674,0.33333333333333326,0.08333333333333337,0.34375000000000006,0.41666666666666674,0.2395833333333334,0.17708333333333343,0.15625000000000003,0.02083333333333334,0.16666666666666663,0.26041666666666674,0.21875000000000006
691176,"Domínguez, Jasson",2026,62,0.45161290322580644,0.5483870967741935,0.24193548387096772,0.20967741935483872,0.09677419354838712,0.4677419354838709,0.3548387096774193,0.17741935483870966,0.24193548387096778,0.19354838709677424,0.016129032258064516,0.2258064516129031,0.16129032258064507,0.16129032258064513
691181,"Rodriguez, Emmanuel",2026,12,0.3333333333333333,0.6666666666666667,0.3333333333333333,0.33333333333333337,0,0.6666666666666667,0.3333333333333333,0,0.16666666666666666,0.16666666666666669,0,0.5000000000000001,0.16666666666666663,0
691182,"Amador, Adael",2026,26,0.5,0.5,0.1923076923076923,0.3076923076923077,0,0.6153846153846154,0.15384615384615383,0.23076923076923075,0.3076923076923077,0.15384615384615383,0.03846153846153846,0.3076923076923077,0,0.1923076923076923
691277,"De Los Santos, Deyvison",2026,16,0.5,0.5,0.12500000000000003,0.1875,0.1875,0.3125,0.375,0.3125,0.18749999999999997,0.25,0.06250000000000001,0.12500000000000003,0.125,0.25
691373,"Garcia, Jhostynxon",2026,12,0.4166666666666667,0.5833333333333333,0.16666666666666669,0.24999999999999997,0.16666666666666666,0.4166666666666667,0.24999999999999997,0.3333333333333333,0.25000000000000006,0.16666666666666666,0,0.16666666666666663,0.08333333333333331,0.3333333333333333
691406,"Caminero, Junior",2026,130,0.46923076923076923,0.5307692307692308,0.2076923076923077,0.23846153846153845,0.08461538461538462,0.4384615384615386,0.3692307692307691,0.19230769230769235,0.23076923076923078,0.20769230769230773,0.03076923076923078,0.20769230769230784,0.16153846153846135,0.16153846153846158
691458,"Jordan, Blaze",2026,62,0.3870967741935484,0.6129032258064517,0.20967741935483875,0.33870967741935487,0.06451612903225806,0.3870967741935483,0.3870967741935485,0.22580645161290314,0.2580645161290323,0.08064516129032259,0.04838709677419354,0.12903225806451601,0.30645161290322587,0.1774193548387096
691594,"Sanoja, Javier",2026,128,0.4375,0.5625000000000002,0.18750000000000006,0.2968750000000001,0.078125,0.35937499999999994,0.40624999999999994,0.23437499999999997,0.1484375,0.21875000000000008,0.07031249999999999,0.21093749999999994,0.18749999999999986,0.1640625
691620,"Quero, Jeferson",2026,1,1,0,0,0,0,1,0,0,1,0,0,0,0,0
691718,"Crow-Armstrong, Pete",2026,135,0.40740740740740744,0.5925925925925926,0.2666666666666666,0.21481481481481482,0.11111111111111119,0.4814814814814816,0.28148148148148155,0.2370370370370371,0.2,0.14074074074074078,0.0666666666666667,0.2814814814814816,0.14074074074074078,0.1703703703703704
691720,"Karros, Kyle",2026,110,0.34545454545454546,0.6545454545454545,0.2727272727272729,0.3363636363636363,0.04545454545454544,0.4454545454545453,0.3,0.25454545454545446,0.23636363636363641,0.06363636363636367,0.045454545454545435,0.2090909090909089,0.23636363636363633,0.20909090909090902
691723,"Mayo, Coby",2026,105,0.31428571428571417,0.6857142857142859,0.41904761904761917,0.20952380952380956,0.05714285714285716,0.49523809523809514,0.28571428571428564,0.21904761904761916,0.20000000000000004,0.07619047619047617,0.038095238095238106,0.2952380952380951,0.20952380952380947,0.18095238095238106
691728,"Veen, Zac",2026,5,0.8,0.2,0.2,0,0,0,0.8,0.2,0,0.6,0.2,0,0.20000000000000007,0
691740,"Susac, Daniel",2026,39,0.4871794871794872,0.5128205128205128,0.15384615384615383,0.358974358974359,0,0.33333333333333337,0.48717948717948717,0.17948717948717952,0.17948717948717954,0.1794871794871795,0.12820512820512822,0.15384615384615383,0.3076923076923077,0.051282051282051294
691777,"Muncy, Max",2026,59,0.40677966101694907,0.5932203389830507,0.25423728813559315,0.20338983050847448,0.13559322033898308,0.4406779661016948,0.3389830508474575,0.2203389830508475,0.23728813559322032,0.15254237288135597,0.016949152542372885,0.20338983050847448,0.18644067796610153,0.20338983050847462
691781,"House, Brady",2026,74,0.337837837837838,0.6621621621621623,0.2837837837837838,0.3783783783783784,0,0.310810810810811,0.3648648648648648,0.32432432432432434,0.1621621621621622,0.14864864864864868,0.027027027027027032,0.14864864864864882,0.21621621621621612,0.2972972972972973
691783,"Lawlar, Jordan",2026,38,0.26315789473684215,0.7368421052631577,0.44736842105263147,0.2631578947368421,0.02631578947368421,0.4473684210526316,0.2631578947368421,0.2894736842105262,0.15789473684210528,0.07894736842105263,0.02631578947368421,0.2894736842105263,0.18421052631578946,0.26315789473684204
691785,"Mayer, Marcelo",2026,21,0.33333333333333337,0.6666666666666665,0.4285714285714285,0.1904761904761905,0.047619047619047616,0.23809523809523814,0.4285714285714286,0.33333333333333337,0.09523809523809523,0.09523809523809525,0.14285714285714288,0.1428571428571429,0.33333333333333337,0.1904761904761905
691788,"Mack, Joe",2026,46,0.5652173913043478,0.4347826086956522,0.17391304347826086,0.1739130434782609,0.08695652173913046,0.45652173913043487,0.3478260869565218,0.19565217391304343,0.282608695652174,0.23913043478260873,0.04347826086956522,0.17391304347826086,0.10869565217391305,0.15217391304347822
691858,"Serna, Jared",2026,11,0.45454545454545453,0.5454545454545454,0.18181818181818182,0.2727272727272727,0.09090909090909093,0.36363636363636365,0.5454545454545454,0.09090909090909093,0.09090909090909093,0.2727272727272727,0.09090909090909093,0.2727272727272727,0.2727272727272727,0
691907,"Cheng, Tsung-Che",2026,1,1,0,0,0,0,0,1,0,0,1,0,0,0,0
692216,"Kayfus, CJ",2026,1,0,1,0,0,1,0,1,0,0,0,0,0,1,0
693304,"Gonzales, Nick",2026,146,0.5136986301369868,0.48630136986301375,0.23972602739726032,0.2123287671232877,0.03424657534246575,0.3150684931506851,0.3972602739726028,0.28767123287671226,0.24657534246575333,0.21917808219178073,0.047945205479452094,0.06849315068493175,0.17808219178082205,0.23972602739726018
693306,"Sabato, Aaron",2026,2,1,0,0,0,0,0.5,0.5,0,0.5,0.5,0,0,0,0
693307,"Dingler, Dillon",2026,124,0.3790322580645162,0.6209677419354839,0.2580645161290322,0.2741935483870968,0.08870967741935483,0.3951612903225807,0.41935483870967744,0.18548387096774197,0.20161290322580652,0.16935483870967752,0.008064516129032261,0.19354838709677416,0.24999999999999992,0.17741935483870971
693409,"Prieto, César",2026,3,0.6666666666666667,0.3333333333333333,0,0,0.3333333333333333,0.33333333333333337,0.33333333333333337,0.3333333333333333,0.33333333333333337,0.33333333333333337,0,0,0,0.3333333333333333
693459,"Fedko, Kyler",2026,3,0.3333333333333333,0.6666666666666667,0.6666666666666667,0,0,0.3333333333333333,0.6666666666666667,0,0.3333333333333333,0,0,0,0.6666666666666667,0
694025,"Reyes, Felix",2026,16,0.5000000000000001,0.49999999999999994,0.125,0.37499999999999994,0,0.37499999999999994,0.4375,0.1875,0.3125,0.125,0.06250000000000001,0.062499999999999944,0.3125,0.12499999999999999
694192,"Chourio, Jackson",2026,118,0.5000000000000001,0.5,0.2796610169491525,0.18644067796610175,0.03389830508474577,0.330508474576271,0.44067796610169513,0.228813559322034,0.22881355932203376,0.2542372881355931,0.016949152542372885,0.10169491525423727,0.18644067796610203,0.21186440677966112
694197,"Genao, Angel",2026,33,0.696969696969697,0.303030303030303,0.12121212121212122,0.15151515151515152,0.030303030303030304,0.3636363636363636,0.5151515151515151,0.12121212121212126,0.2727272727272728,0.3636363636363637,0.06060606060606062,0.09090909090909077,0.15151515151515144,0.060606060606060635
694203,"Guzman, Denzer",2026,68,0.4264705882352942,0.573529411764706,0.25000000000000006,0.22058823529411767,0.10294117647058824,0.4117647058823529,0.3235294117647059,0.26470588235294135,0.1764705882352941,0.17647058823529416,0.0735294117647059,0.23529411764705882,0.14705882352941174,0.19117647058823545
694208,"Ballesteros, Moisés",2026,45,0.488888888888889,0.5111111111111112,0.2444444444444445,0.20000000000000004,0.06666666666666668,0.3333333333333333,0.3999999999999999,0.2666666666666667,0.2,0.22222222222222218,0.06666666666666667,0.1333333333333333,0.17777777777777773,0.20000000000000007
694212,"Basallo, Samuel",2026,56,0.5178571428571427,0.48214285714285726,0.19642857142857148,0.21428571428571436,0.07142857142857144,0.5178571428571427,0.30357142857142866,0.17857142857142858,0.33928571428571447,0.16071428571428575,0.017857142857142856,0.17857142857142821,0.1428571428571429,0.16071428571428573
694224,"Gonzalez, Gabriel",2026,3,0.6666666666666667,0.3333333333333333,0,0,0.3333333333333333,0.6666666666666667,0,0.3333333333333333,0.6666666666666667,0,0,0,0,0.3333333333333333
694249,"Carrigg, Cole",2026,109,0.37614678899082554,0.6238532110091743,0.2752293577981652,0.27522935779816515,0.07339449541284403,0.49541284403669705,0.2935779816513761,0.21100917431192667,0.20183486238532117,0.1284403669724771,0.045871559633027525,0.2935779816513759,0.165137614678899,0.16513761467889915
694362,"Dunn, Blake",2026,28,0.5357142857142857,0.46428571428571425,0.10714285714285714,0.3214285714285714,0.03571428571428572,0.21428571428571433,0.5357142857142858,0.25,0.14285714285714288,0.2857142857142858,0.10714285714285715,0.07142857142857145,0.25,0.14285714285714285
694371,"Troy, Tommy",2026,21,0.4285714285714285,0.5714285714285714,0.2857142857142857,0.23809523809523808,0.047619047619047616,0.4285714285714286,0.33333333333333337,0.23809523809523808,0.33333333333333337,0.047619047619047616,0.04761904761904762,0.09523809523809523,0.28571428571428575,0.19047619047619047
694374,"Tawa, Tim",2026,59,0.3898305084745762,0.6101694915254238,0.25423728813559326,0.28813559322033894,0.06779661016949154,0.3389830508474577,0.45762711864406785,0.2033898305084746,0.15254237288135594,0.16949152542372883,0.06779661016949154,0.18644067796610178,0.288135593220339,0.13559322033898305
694376,"Whitcomb, Shay",2026,32,0.37499999999999994,0.6250000000000001,0.34375,0.2500000000000001,0.03125,0.5,0.21875000000000003,0.28125000000000006,0.25000000000000006,0.06250000000000001,0.06250000000000001,0.24999999999999994,0.15625,0.21875000000000006
694377,"Yorke, Nick",2026,40,0.55,0.45,0.32499999999999996,0.10000000000000002,0.024999999999999998,0.47499999999999987,0.29999999999999993,0.22500000000000003,0.35000000000000003,0.1,0.1,0.12499999999999983,0.19999999999999993,0.12500000000000003
694378,"Gonzalez, Jacob",2026,21,0.33333333333333337,0.6666666666666669,0.23809523809523814,0.28571428571428575,0.1428571428571429,0.33333333333333326,0.4285714285714286,0.23809523809523808,0.23809523809523808,0.09523809523809523,0,0.09523809523809518,0.33333333333333337,0.23809523809523808
694384,"Schanuel, Nolan",2026,89,0.5168539325842696,0.48314606741573035,0.17977528089887643,0.2359550561797753,0.06741573033707866,0.48314606741573035,0.303370786516854,0.21348314606741575,0.2921348314606742,0.146067415730337,0.07865168539325842,0.19101123595505615,0.15730337078651702,0.13483146067415733
694388,"Loperfido, Joey",2026,11,0.45454545454545453,0.5454545454545455,0.27272727272727276,0.1818181818181818,0.09090909090909093,0.2727272727272727,0.6363636363636364,0.09090909090909093,0.0909090909090909,0.3636363636363636,0,0.18181818181818182,0.27272727272727276,0.09090909090909093
694410,"Groover, LuJames",2026,14,0.4285714285714286,0.5714285714285714,0.4285714285714286,0.07142857142857144,0.07142857142857144,0.28571428571428575,0.5714285714285714,0.14285714285714285,0.07142857142857144,0.3571428571428571,0,0.2142857142857143,0.2142857142857143,0.14285714285714285
694497,"Carter, Evan",2026,45,0.5999999999999999,0.4,0.17777777777777778,0.08888888888888889,0.13333333333333336,0.3777777777777778,0.35555555555555557,0.26666666666666666,0.28888888888888886,0.2222222222222223,0.08888888888888889,0.08888888888888896,0.13333333333333328,0.17777777777777776
694514,"Thompson, Sterlin",2026,9,0.4444444444444444,0.5555555555555556,0.3333333333333333,0.22222222222222227,0,0.3333333333333333,0.33333333333333337,0.3333333333333333,0.22222222222222227,0.1111111111111111,0.1111111111111111,0.11111111111111105,0.22222222222222227,0.2222222222222222
694671,"Langford, Wyatt",2026,96,0.37500000000000006,0.6249999999999999,0.35416666666666663,0.16666666666666669,0.10416666666666667,0.40625,0.3854166666666666,0.20833333333333331,0.16666666666666674,0.16666666666666669,0.04166666666666668,0.23958333333333326,0.2187499999999999,0.16666666666666663
694673,"Ortiz, Abimelec",2026,5,0.8,0.2,0.2,0,0,0.8,0,0.2,0.8,0,0,0,0,0.2
694728,"Matthews, Brice",2026,54,0.46296296296296285,0.537037037037037,0.24074074074074073,0.16666666666666666,0.12962962962962965,0.2962962962962963,0.5185185185185184,0.18518518518518523,0.20370370370370375,0.22222222222222227,0.03703703703703704,0.09259259259259253,0.2962962962962961,0.1481481481481482
694876,"Ingle, Cooper",2026,2,0.5,0.5,0.5,0,0,0.5,0,0.5,0.5,0,0,0,0,0.5
695020,"Murray, Tanner",2026,15,0.4666666666666667,0.5333333333333333,0.26666666666666666,0.06666666666666667,0.19999999999999998,0.5333333333333333,0.2,0.2666666666666667,0.3333333333333333,0.06666666666666668,0.06666666666666667,0.2,0.13333333333333333,0.20000000000000007
695238,"Wagner, Will",2026,1,0,1,0,0,1,0,0,1,0,0,0,0,0,1
695257,"Cook, Billy",2026,18,0.44444444444444453,0.5555555555555556,0.27777777777777785,0.1111111111111111,0.16666666666666666,0.33333333333333337,0.16666666666666669,0.5,0.2777777777777778,0,0.1666666666666667,0.05555555555555558,0.16666666666666669,0.33333333333333326
695336,"Saggese, Thomas",2026,27,0.25925925925925936,0.7407407407407408,0.37037037037037035,0.3333333333333333,0.03703703703703705,0.4074074074074074,0.3333333333333334,0.2592592592592593,0.11111111111111116,0.1481481481481482,0,0.2962962962962962,0.18518518518518523,0.2592592592592593
695391,"Harris, Brett",2026,19,0.6315789473684211,0.3684210526315789,0.05263157894736843,0.2631578947368421,0.05263157894736842,0.368421052631579,0.4210526315789474,0.21052631578947373,0.31578947368421056,0.21052631578947367,0.10526315789473686,0.05263157894736842,0.21052631578947373,0.10526315789473686
695490,"Arroyo, Edwin",2026,31,0.4193548387096774,0.5806451612903225,0.16129032258064516,0.35483870967741926,0.06451612903225806,0.4516129032258065,0.2903225806451613,0.2580645161290323,0.1935483870967742,0.19354838709677422,0.032258064516129045,0.2580645161290323,0.0967741935483871,0.22580645161290325
695491,"Báez, Joshua",2026,25,0.35999999999999993,0.64,0.27999999999999997,0.24,0.12000000000000002,0.4,0.39999999999999997,0.2,0.20000000000000004,0.12000000000000005,0.04000000000000001,0.19999999999999998,0.2799999999999999,0.16
695506,"Caglianone, Jac",2026,113,0.48672566371681397,0.5132743362831858,0.23893805309734512,0.2566371681415929,0.01769911504424779,0.4424778761061946,0.3893805309734513,0.168141592920354,0.256637168141593,0.2035398230088495,0.026548672566371678,0.18584070796460161,0.1858407079646018,0.14159292035398233
695508,"Cauley, Cam",2026,23,0.4782608695652174,0.5217391304347827,0.2608695652173913,0.13043478260869568,0.13043478260869568,0.30434782608695654,0.2173913043478261,0.4782608695652175,0.21739130434782608,0.1739130434782609,0.08695652173913043,0.08695652173913046,0.043478260869565216,0.3913043478260871
695578,"Wood, James",2026,123,0.5853658536585366,0.41463414634146345,0.17886178861788615,0.19512195121951223,0.04065040650406505,0.3658536585365853,0.3739837398373984,0.2601626016260163,0.2764227642276422,0.2195121951219512,0.08943089430894309,0.08943089430894308,0.15447154471544722,0.1707317073170732
695600,"Jensen, Carter",2026,101,0.3960396039603961,0.6039603960396038,0.2772277227722772,0.2574257425742574,0.0693069306930693,0.3564356435643566,0.4059405940594061,0.2376237623762377,0.19801980198019808,0.12871287128712872,0.0693069306930693,0.1584158415841585,0.27722772277227736,0.1683168316831684
695657,"Montgomery, Colson",2026,118,0.3813559322033899,0.6186440677966102,0.29661016949152536,0.21186440677966106,0.11016949152542378,0.5593220338983054,0.3050847457627119,0.13559322033898308,0.27118644067796616,0.10169491525423725,0.008474576271186442,0.2881355932203392,0.20338983050847464,0.12711864406779663
695670,"Ford, Harry",2026,33,0.3939393939393939,0.6060606060606062,0.39393939393939403,0.18181818181818188,0.030303030303030304,0.30303030303030304,0.45454545454545453,0.24242424242424243,0.12121212121212127,0.24242424242424243,0.030303030303030318,0.18181818181818177,0.2121212121212121,0.2121212121212121
695681,"Moore, Christian",2026,33,0.5454545454545454,0.45454545454545464,0.18181818181818185,0.18181818181818185,0.09090909090909094,0.18181818181818182,0.6060606060606061,0.21212121212121213,0.12121212121212122,0.33333333333333326,0.09090909090909091,0.06060606060606061,0.2727272727272728,0.12121212121212122
695720,"White, Tommy",2026,52,0.596153846153846,0.4038461538461538,0.15384615384615388,0.24999999999999992,0,0.40384615384615385,0.40384615384615374,0.19230769230769235,0.3461538461538462,0.21153846153846162,0.03846153846153846,0.057692307692307654,0.19230769230769212,0.15384615384615388
695731,"Montgomery, Braden",2026,63,0.5238095238095238,0.4761904761904762,0.23809523809523808,0.17460317460317465,0.0634920634920635,0.4126984126984126,0.365079365079365,0.22222222222222218,0.3015873015873017,0.15873015873015878,0.06349206349206349,0.11111111111111094,0.20634920634920623,0.1587301587301587
695734,"Lile, Daylen",2026,127,0.3858267716535434,0.6141732283464568,0.267716535433071,0.2677165354330709,0.07874015748031497,0.3858267716535433,0.30708661417322825,0.3070866141732283,0.21259842519685043,0.14173228346456693,0.031496062992125984,0.17322834645669286,0.16535433070866132,0.2755905511811023
696030,"Osuna, Alejandro",2026,38,0.5526315789473683,0.44736842105263164,0.13157894736842107,0.23684210526315794,0.07894736842105263,0.21052631578947373,0.39473684210526316,0.394736842105263,0.18421052631578952,0.18421052631578952,0.18421052631578946,0.02631578947368421,0.21052631578947364,0.21052631578947353
696100,"Goodman, Hunter",2026,102,0.4019607843137254,0.5980392156862745,0.34313725490196073,0.21568627450980393,0.0392156862745098,0.46078431372549017,0.35294117647058837,0.18627450980392157,0.215686274509804,0.14705882352941183,0.03921568627450981,0.24509803921568618,0.20588235294117654,0.14705882352941177
696135,"Watson, Kahlil",2026,12,0.24999999999999997,0.7500000000000001,0.4166666666666667,0.25,0.08333333333333334,0.24999999999999997,0.33333333333333337,0.41666666666666663,0.08333333333333334,0.16666666666666666,0,0.16666666666666663,0.1666666666666667,0.41666666666666663
696285,"Young, Jacob",2026,125,0.35200000000000004,0.6480000000000002,0.30400000000000016,0.2800000000000001,0.06399999999999999,0.3760000000000002,0.352,0.272,0.19200000000000003,0.11200000000000002,0.04799999999999999,0.1840000000000002,0.23999999999999996,0.22400000000000003
699013,"Valdez, Esmerlyn",2026,52,0.3269230769230769,0.673076923076923,0.4807692307692307,0.15384615384615385,0.03846153846153846,0.40384615384615385,0.44230769230769224,0.15384615384615388,0.17307692307692307,0.15384615384615385,0,0.23076923076923078,0.2884615384615384,0.15384615384615388
699024,"Bernal, Leo",2026,18,0.33333333333333337,0.6666666666666667,0.16666666666666669,0.5,0,0.33333333333333337,0.5,0.16666666666666669,0.22222222222222224,0.11111111111111113,0,0.11111111111111113,0.38888888888888884,0.16666666666666669
699115,"Jorge, Carlos",2026,3,0,1,0.33333333333333337,0.3333333333333333,0.33333333333333337,0.33333333333333337,0.3333333333333333,0.33333333333333337,0,0,0,0.33333333333333337,0.3333333333333333,0.33333333333333337
699302,"Rodríguez, Héctor",2026,26,0.4615384615384615,0.5384615384615383,0.3461538461538461,0.11538461538461538,0.07692307692307693,0.3846153846153846,0.34615384615384615,0.26923076923076933,0.19230769230769232,0.23076923076923075,0.03846153846153847,0.19230769230769226,0.11538461538461539,0.23076923076923087
699393,"Ramírez, Pedro",2026,38,0.6052631578947368,0.39473684210526316,0.13157894736842107,0.21052631578947367,0.05263157894736842,0.3684210526315789,0.3157894736842105,0.31578947368421056,0.2894736842105262,0.1578947368421053,0.15789473684210528,0.07894736842105271,0.1578947368421052,0.15789473684210528
699625,"Crooks, Jimmy",2026,11,0.2727272727272727,0.7272727272727274,0.36363636363636365,0.27272727272727276,0.0909090909090909,0.1818181818181818,0.5454545454545454,0.2727272727272727,0.0909090909090909,0.09090909090909093,0.09090909090909093,0.0909090909090909,0.4545454545454545,0.18181818181818177
699912,"Fernandez, Jose",2026,48,0.45833333333333326,0.5416666666666667,0.08333333333333334,0.3125,0.14583333333333337,0.3541666666666667,0.5,0.14583333333333334,0.18750000000000003,0.20833333333333337,0.06250000000000001,0.16666666666666666,0.29166666666666663,0.08333333333333333
700246,"Williams, Carson",2026,9,0.3333333333333333,0.6666666666666667,0.4444444444444444,0.11111111111111113,0.1111111111111111,0.3333333333333333,0.33333333333333337,0.3333333333333333,0.1111111111111111,0.11111111111111113,0.1111111111111111,0.2222222222222222,0.22222222222222224,0.2222222222222222
700250,"Rice, Ben",2026,139,0.43884892086330923,0.5611510791366907,0.2589928057553958,0.23741007194244595,0.06474820143884895,0.4460431654676258,0.33812949640287776,0.21582733812949642,0.26618705035971246,0.14388489208633093,0.028776978417266195,0.17985611510791333,0.19424460431654683,0.18705035971223022
700337,"Quero, Edgar",2026,66,0.43939393939393934,0.5606060606060608,0.36363636363636365,0.15151515151515157,0.04545454545454547,0.4090909090909091,0.42424242424242425,0.1666666666666667,0.18181818181818188,0.2424242424242424,0.015151515151515152,0.22727272727272724,0.18181818181818185,0.15151515151515155
700652,"Piper, Kenny",2026,1,0,1,1,0,0,0,1,0,0,0,0,0,1,0
700932,"Manzardo, Kyle",2026,41,0.41463414634146334,0.5853658536585367,0.24390243902439032,0.26829268292682934,0.07317073170731708,0.5365853658536586,0.29268292682926833,0.17073170731707318,0.2439024390243903,0.0975609756097561,0.07317073170731707,0.2926829268292683,0.19512195121951223,0.09756097560975611
701162,"Malgeri, Ben",2026,52,0.44230769230769224,0.5576923076923076,0.21153846153846154,0.2884615384615383,0.05769230769230768,0.3076923076923076,0.38461538461538464,0.3076923076923077,0.13461538461538466,0.19230769230769235,0.11538461538461538,0.17307692307692293,0.1923076923076923,0.19230769230769235
701305,"Dezenzo, Zach",2026,16,0.3125,0.6875,0.3125,0.25,0.12500000000000003,0.3125,0.1875,0.5,0.1875,0,0.12500000000000003,0.125,0.1875,0.375
701350,"Anthony, Roman",2026,58,0.6379310344827583,0.3620689655172413,0.08620689655172414,0.2586206896551723,0.017241379310344838,0.46551724137931033,0.37931034482758624,0.15517241379310348,0.37931034482758613,0.2241379310344828,0.03448275862068966,0.0862068965517242,0.15517241379310345,0.12068965517241381
701358,"Smith, Cam",2026,97,0.39175257731958746,0.6082474226804125,0.32989690721649495,0.1958762886597939,0.08247422680412371,0.38144329896907203,0.39175257731958774,0.22680412371134023,0.18556701030927836,0.15463917525773202,0.0515463917525773,0.19587628865979367,0.23711340206185572,0.17525773195876293
701398,"Stewart, Sal",2026,115,0.4086956521739131,0.591304347826087,0.2608695652173914,0.26956521739130435,0.06086956521739129,0.32173913043478247,0.4260869565217391,0.2521739130434782,0.1652173913043479,0.19999999999999998,0.04347826086956522,0.15652173913043457,0.22608695652173913,0.20869565217391298
701538,"Merrill, Jackson",2026,129,0.3875968992248063,0.612403100775194,0.2868217054263567,0.2635658914728683,0.06201550387596899,0.35658914728682184,0.3875968992248062,0.2558139534883722,0.20155038759689922,0.14728682170542637,0.038759689922480633,0.15503875968992262,0.24031007751937986,0.21705426356589158
701649,"Triantos, James",2026,2,1,0,0,0,0,0.5,0,0.5,0.5,0,0.5,0,0,0
701675,"Church, Nathan",2026,83,0.5662650602409638,0.43373493975903615,0.20481927710843373,0.13253012048192775,0.09638554216867468,0.3132530120481929,0.4096385542168675,0.2771084337349397,0.2409638554216868,0.2530120481927709,0.07228915662650601,0.07228915662650609,0.1566265060240966,0.2048192771084337
701678,"Lee, Hao-Yu",2026,103,0.349514563106796,0.6504854368932037,0.29126213592233,0.29126213592233,0.06796116504854369,0.25242718446601947,0.3980582524271844,0.3495145631067962,0.07766990291262134,0.2330097087378642,0.03883495145631068,0.17475728155339815,0.1650485436893202,0.3106796116504855
701762,"Kurtz, Nick",2026,76,0.42105263157894746,0.5789473684210527,0.32894736842105265,0.22368421052631582,0.026315789473684223,0.36842105263157887,0.35526315789473684,0.27631578947368424,0.21052631578947378,0.11842105263157897,0.09210526315789473,0.1578947368421051,0.23684210526315785,0.1842105263157895
701785,"Culpepper, Kaelen",2026,34,0.47058823529411764,0.5294117647058824,0.2058823529411765,0.2647058823529412,0.05882352941176472,0.41176470588235287,0.3529411764705882,0.23529411764705888,0.20588235294117652,0.17647058823529413,0.08823529411764709,0.20588235294117635,0.17647058823529407,0.1470588235294118
701807,"Benge, Carson",2026,123,0.3983739837398375,0.6016260162601627,0.27642276422764234,0.29268292682926833,0.032520325203252036,0.27642276422764217,0.4390243902439026,0.2845528455284554,0.12195121951219509,0.22764227642276427,0.04878048780487805,0.15447154471544708,0.21138211382113833,0.23577235772357735
701852,"Cavanaugh, Drew",2026,9,0.3333333333333333,0.6666666666666667,0.22222222222222227,0.2222222222222222,0.2222222222222222,0.11111111111111113,0.4444444444444444,0.4444444444444444,0.11111111111111113,0.11111111111111113,0.11111111111111113,0,0.33333333333333326,0.33333333333333326
702176,"Roden, Alan",2026,15,0.5333333333333333,0.4666666666666668,0.19999999999999998,0.2666666666666668,0,0.4666666666666667,0.2666666666666668,0.26666666666666666,0.26666666666666666,0.13333333333333336,0.13333333333333336,0.2,0.13333333333333341,0.1333333333333333
702222,"Crawford, Justin",2026,47,0.6595744680851064,0.34042553191489366,0.10638297872340428,0.21276595744680857,0.021276595744680854,0.36170212765957444,0.38297872340425526,0.2553191489361702,0.297872340425532,0.2553191489361702,0.1063829787234043,0.06382978723404242,0.12765957446808507,0.1489361702127659
702284,"Young, Cole",2026,155,0.49032258064516143,0.5096774193548388,0.2774193548387096,0.17419354838709686,0.058064516129032254,0.40645161290322596,0.329032258064516,0.26451612903225824,0.2322580645161293,0.15483870967741933,0.10322580645161292,0.17419354838709666,0.1741935483870967,0.16129032258064532
702332,"Durbin, Caleb",2026,126,0.4603174603174603,0.53968253968254,0.23015873015873034,0.2222222222222223,0.08730158730158728,0.4126984126984128,0.3333333333333334,0.2539682539682539,0.23015873015873023,0.15079365079365076,0.07936507936507936,0.18253968253968256,0.18253968253968267,0.17460317460317454
702616,"Holliday, Jackson",2026,56,0.39285714285714285,0.6071428571428571,0.25000000000000006,0.33928571428571414,0.017857142857142856,0.24999999999999997,0.48214285714285715,0.26785714285714285,0.16071428571428575,0.1785714285714286,0.05357142857142858,0.08928571428571422,0.30357142857142855,0.21428571428571427
703155,"Montes, Lazaro",2026,10,0.5,0.5,0.3,0.10000000000000002,0.09999999999999999,0.4,0.39999999999999997,0.19999999999999998,0.30000000000000004,0.10000000000000002,0.10000000000000002,0.09999999999999998,0.29999999999999993,0.09999999999999996
703197,"Arroyo, Michael",2026,15,0.5333333333333334,0.4666666666666666,0.06666666666666667,0.3333333333333333,0.06666666666666667,0.4666666666666668,0.26666666666666666,0.26666666666666666,0.4666666666666668,0.06666666666666668,0,0,0.19999999999999998,0.26666666666666666
703492,"Morabito, Nick",2026,8,0.5,0.5,0.12500000000000003,0.25,0.125,0.25000000000000006,0.625,0.12500000000000003,0.25000000000000006,0.12500000000000003,0.12500000000000003,0,0.5,0
703520,"Bateman, Brett",2026,47,0.574468085106383,0.42553191489361714,0.148936170212766,0.2553191489361703,0.02127659574468085,0.2978723404255319,0.3829787234042553,0.3191489361702129,0.25531914893617025,0.1702127659574468,0.148936170212766,0.04255319148936165,0.2127659574468085,0.1702127659574469
703601,"Clark, Max",2026,50,0.5199999999999999,0.4800000000000001,0.17999999999999997,0.2800000000000001,0.019999999999999997,0.3199999999999999,0.38000000000000006,0.3,0.2,0.22000000000000003,0.10000000000000002,0.11999999999999988,0.16000000000000003,0.19999999999999996
703607,"Bolte, Henry",2026,81,0.5308641975308641,0.4691358024691359,0.17283950617283958,0.24691358024691357,0.04938271604938271,0.28395061728395055,0.46913580246913567,0.24691358024691357,0.18518518518518515,0.23456790123456792,0.11111111111111109,0.0987654320987654,0.23456790123456775,0.13580246913580246
800050,"DeLauter, Chase",2026,129,0.4728682170542634,0.5271317829457365,0.1472868217054263,0.29457364341085274,0.08527131782945738,0.3565891472868217,0.3798449612403102,0.2635658914728681,0.22480620155038764,0.21705426356589153,0.031007751937984517,0.13178294573643404,0.16279069767441867,0.23255813953488355
800325,"Lara, Luis",2026,56,0.607142857142857,0.3928571428571429,0.08928571428571427,0.2142857142857143,0.08928571428571429,0.26785714285714296,0.41071428571428575,0.32142857142857145,0.19642857142857148,0.26785714285714285,0.14285714285714293,0.07142857142857148,0.1428571428571429,0.17857142857142852
800543,"De Paula, Josue",2026,10,0.5,0.5,0.09999999999999999,0.4,0,0.5,0.39999999999999997,0.10000000000000002,0.19999999999999998,0.20000000000000004,0.10000000000000002,0.30000000000000004,0.19999999999999993,0
801126,"Rodden, Brock",2026,11,0.5454545454545454,0.45454545454545453,0.2727272727272727,0.18181818181818182,0,0.6363636363636364,0.27272727272727276,0.09090909090909093,0.36363636363636365,0.18181818181818185,0,0.2727272727272727,0.09090909090909091,0.09090909090909093
801501,"Furman, Nate",2026,1,1,0,0,0,0,0,0,1,0,0,1,0,0,0
802139,"Wetherholt, JJ",2026,160,0.39999999999999986,0.6000000000000003,0.3250000000000002,0.23125000000000012,0.04374999999999999,0.2812500000000001,0.4625,0.25624999999999987,0.16875000000000004,0.18750000000000003,0.04375,0.11250000000000007,0.275,0.21249999999999986
802415,"Simpson, Chandler",2026,187,0.6684491978609625,0.33155080213903754,0.13903743315508035,0.16042780748663096,0.03208556149732622,0.36898395721925137,0.3529411764705881,0.2780748663101604,0.3101604278074868,0.23529411764705888,0.12299465240641703,0.05882352941176455,0.11764705882352922,0.15508021390374332
803011,"Antonacci, Sam",2026,74,0.6216216216216216,0.3783783783783784,0.10810810810810813,0.22972972972972977,0.040540540540540536,0.2567567567567568,0.472972972972973,0.27027027027027034,0.20270270270270274,0.3378378378378379,0.08108108108108107,0.05405405405405406,0.13513513513513514,0.18918918918918926
804606,"Griffin, Konnor",2026,63,0.3809523809523809,0.6190476190476193,0.2222222222222223,0.3492063492063493,0.04761904761904762,0.47619047619047616,0.38095238095238104,0.14285714285714293,0.2063492063492064,0.15873015873015875,0.015873015873015876,0.26984126984126977,0.2222222222222223,0.12698412698412706
804668,"Flores Jr., Rafael",2026,48,0.4583333333333333,0.5416666666666666,0.39583333333333326,0.12500000000000006,0.020833333333333332,0.5,0.39583333333333337,0.10416666666666669,0.29166666666666674,0.14583333333333334,0.020833333333333332,0.20833333333333326,0.25,0.08333333333333336
805249,"Kemp, Otto",2026,12,0.3333333333333333,0.6666666666666667,0.4166666666666667,0.16666666666666666,0.08333333333333334,0.16666666666666666,0.33333333333333337,0.49999999999999994,0.08333333333333334,0.25000000000000006,0,0.08333333333333331,0.08333333333333331,0.49999999999999994
805300,"Marsee, Jakob",2026,80,0.5125,0.48750000000000004,0.15000000000000008,0.25,0.0875,0.4125000000000001,0.38750000000000007,0.20000000000000004,0.25000000000000006,0.18750000000000003,0.075,0.16250000000000003,0.20000000000000004,0.12500000000000006
805346,"Ross, Ben",2026,6,0.33333333333333337,0.6666666666666667,0.33333333333333337,0.16666666666666669,0.16666666666666669,0.16666666666666669,0.5,0.33333333333333337,0.16666666666666669,0.16666666666666669,0,0,0.3333333333333333,0.33333333333333337
805347,"Jarvis, Jim",2026,15,0.5333333333333333,0.4666666666666667,0.13333333333333333,0.3333333333333333,0,0.3333333333333333,0.6,0.06666666666666667,0.13333333333333336,0.3333333333333333,0.06666666666666667,0.19999999999999996,0.26666666666666666,0
805367,"Meidroth, Chase",2026,128,0.46875000000000017,0.53125,0.21875000000000003,0.2890625,0.023437500000000003,0.45312500000000006,0.2968750000000001,0.24999999999999986,0.2109375,0.1875000000000001,0.07031250000000001,0.24218750000000006,0.109375,0.17968749999999983
805672,"Price, Collin",2026,1,0,1,0,1,0,0,0,1,0,0,0,0,0,1
805779,"Wilson, Jacob",2026,98,0.48979591836734704,0.5102040816326532,0.2448979591836735,0.24489795918367355,0.020408163265306128,0.3061224489795918,0.37755102040816324,0.3163265306122448,0.2142857142857144,0.1938775510204082,0.08163265306122452,0.09183673469387738,0.18367346938775503,0.23469387755102028
805805,"Jenkins, Walker",2026,16,0.4375,0.5625000000000001,0.2500000000000001,0.25,0.0625,0.25000000000000006,0.5,0.25,0.18750000000000003,0.25,0,0.06250000000000003,0.25,0.25
805808,"McGonigle, Kevin",2026,144,0.3819444444444443,0.6180555555555556,0.33333333333333337,0.21527777777777782,0.06944444444444445,0.38888888888888906,0.375,0.2361111111111112,0.18750000000000003,0.14583333333333331,0.048611111111111105,0.20138888888888903,0.22916666666666669,0.18750000000000008
805811,"Eldridge, Bryce",2026,87,0.43678160919540227,0.5632183908045978,0.2643678160919541,0.27586206896551724,0.02298850574712644,0.41379310344827586,0.40229885057471276,0.18390804597701152,0.22988505747126442,0.12643678160919536,0.08045977011494253,0.18390804597701144,0.2758620689655174,0.10344827586206899
805904,"Cole, Zach",2026,2,0.5,0.5,0,0.5,0,1,0,0,0.5,0,0,0.5,0,0
805999,"Ewing, A.J.",2026,87,0.48275862068965514,0.5172413793103449,0.264367816091954,0.20689655172413798,0.04597701149425289,0.2988505747126438,0.4482758620689655,0.2528735632183908,0.19540229885057475,0.2183908045977012,0.0689655172413793,0.10344827586206906,0.22988505747126434,0.1839080459770115
806068,"Emerson, Colt",2026,46,0.4347826086956521,0.5652173913043479,0.28260869565217395,0.1739130434782609,0.10869565217391307,0.4130434782608696,0.19565217391304351,0.3913043478260869,0.23913043478260868,0.10869565217391307,0.08695652173913043,0.17391304347826095,0.08695652173913045,0.3043478260869565
806146,"Lombard Jr., George",2026,19,0.47368421052631576,0.5263157894736843,0.31578947368421056,0.15789473684210528,0.05263157894736842,0.47368421052631576,0.368421052631579,0.1578947368421053,0.2631578947368421,0.1578947368421053,0.05263157894736843,0.21052631578947367,0.21052631578947367,0.10526315789473688
806198,"Pratt, Cooper",2026,48,0.5208333333333335,0.47916666666666674,0.25000000000000006,0.20833333333333337,0.020833333333333332,0.375,0.3541666666666667,0.2708333333333333,0.20833333333333337,0.16666666666666666,0.14583333333333334,0.16666666666666663,0.18750000000000003,0.12499999999999997
806367,"Hill, Turner",2026,31,0.3870967741935484,0.6129032258064516,0.3225806451612903,0.2580645161290323,0.03225806451612903,0.38709677419354843,0.41935483870967744,0.19354838709677422,0.2903225806451613,0.06451612903225806,0.03225806451612903,0.09677419354838712,0.3548387096774194,0.16129032258064518
806956,"Salas, Ethan",2026,5,0.4,0.6000000000000001,0.4,0.2,0,0,1,0,0,0.4,0,0,0.6,0
807712,"Keaschall, Luke",2026,149,0.38255033557046975,0.61744966442953,0.2953020134228186,0.23489932885906045,0.08724832214765102,0.3489932885906041,0.3221476510067114,0.32885906040268476,0.22147651006711414,0.10067114093959734,0.060402684563758385,0.12751677852348994,0.22147651006711405,0.26845637583892634
807713,"Shaw, Matt",2026,70,0.4285714285714286,0.5714285714285716,0.25714285714285723,0.20000000000000004,0.11428571428571432,0.3000000000000001,0.3857142857142857,0.3142857142857144,0.15714285714285722,0.20000000000000004,0.07142857142857142,0.14285714285714288,0.18571428571428564,0.24285714285714297
807726,"Peck, John",2026,17,0.5294117647058824,0.4705882352941177,0.17647058823529416,0.29411764705882354,0,0.3529411764705882,0.29411764705882354,0.35294117647058826,0.17647058823529413,0.17647058823529413,0.17647058823529416,0.17647058823529407,0.11764705882352941,0.1764705882352941
807727,"McAdoo, Charles",2026,38,0.34210526315789463,0.6578947368421053,0.23684210526315794,0.2894736842105264,0.13157894736842107,0.23684210526315794,0.3684210526315789,0.3947368421052631,0.1578947368421053,0.13157894736842107,0.05263157894736842,0.07894736842105263,0.23684210526315785,0.3421052631578947
807747,"Nishida, Rikuu",2026,3,1,0,0,0,0,0.33333333333333337,0.6666666666666666,0,0.33333333333333337,0.6666666666666666,0,0,0,0
807799,"Yoshida, Masataka",2026,23,0.47826086956521746,0.5217391304347827,0.08695652173913045,0.4347826086956523,0,0.30434782608695654,0.5217391304347827,0.17391304347826086,0.17391304347826086,0.17391304347826084,0.13043478260869568,0.13043478260869568,0.34782608695652184,0.04347826086956519
808959,"Murakami, Munetaka",2026,75,0.36,0.6400000000000001,0.3466666666666668,0.22666666666666674,0.06666666666666667,0.37333333333333335,0.4800000000000001,0.14666666666666675,0.17333333333333342,0.16000000000000011,0.02666666666666667,0.19999999999999993,0.31999999999999995,0.12000000000000008
808975,"Kim, Hyeseong",2026,9,0.7777777777777778,0.2222222222222222,0.2222222222222222,0,0,0.5555555555555556,0.3333333333333333,0.1111111111111111,0.5555555555555556,0.22222222222222227,0,0,0.11111111111111105,0.1111111111111111
808982,"Lee, Jung Hoo",2026,148,0.4797297297297298,0.5202702702702703,0.21621621621621617,0.2635135135135136,0.040540540540540536,0.4121621621621621,0.3716216216216217,0.21621621621621626,0.25675675675675685,0.19594594594594605,0.027027027027027053,0.15540540540540526,0.17567567567567566,0.1891891891891892
810938,"Williamson, Ben",2026,100,0.5300000000000002,0.4700000000000002,0.17,0.2600000000000001,0.040000000000000015,0.25999999999999995,0.44000000000000006,0.30000000000000004,0.13999999999999996,0.2599999999999999,0.12999999999999998,0.12,0.18000000000000016,0.17000000000000007
811965,"Kuroda-Grauer, Joshua",2026,28,0.42857142857142855,0.5714285714285715,0.14285714285714285,0.3214285714285715,0.10714285714285714,0.42857142857142855,0.35714285714285715,0.21428571428571433,0.25,0.1428571428571429,0.03571428571428571,0.17857142857142855,0.21428571428571425,0.1785714285714286
813841,"Cox, Jonah",2026,48,0.45833333333333326,0.5416666666666667,0.31249999999999994,0.2083333333333334,0.020833333333333336,0.22916666666666669,0.4374999999999999,0.33333333333333326,0.12500000000000003,0.22916666666666663,0.10416666666666669,0.10416666666666666,0.20833333333333326,0.22916666666666657
814154,"Bandura, Scott",2026,6,0.33333333333333337,0.6666666666666667,0.16666666666666666,0.33333333333333337,0.16666666666666669,0.33333333333333337,0.6666666666666667,0,0,0.33333333333333337,0,0.33333333333333337,0.33333333333333337,0
814439,"Waldschmidt, Ryan",2026,55,0.3818181818181818,0.6181818181818183,0.2909090909090909,0.30909090909090914,0.01818181818181818,0.30909090909090914,0.32727272727272727,0.3636363636363636,0.14545454545454548,0.1636363636363637,0.07272727272727272,0.16363636363636366,0.16363636363636358,0.2909090909090909
815589,"Davidson, Bo",2026,8,0.625,0.3750000000000001,0.12500000000000003,0.25000000000000006,0,0.12500000000000003,0.625,0.25,0.12500000000000003,0.375,0.125,0,0.25,0.125
815873,"Keys, Sean",2026,1,0,1,1,0,0,0,1,0,0,0,0,0,1,0
823550,"Song, Sung-Mun",2026,9,0.5555555555555556,0.44444444444444453,0.22222222222222227,0.1111111111111111,0.11111111111111113,0.3333333333333333,0.3333333333333333,0.33333333333333337,0.11111111111111113,0.2222222222222222,0.2222222222222222,0.22222222222222218,0.1111111111111111,0.11111111111111116
828599,"Spence, Lucas",2026,12,0.49999999999999994,0.5,0.16666666666666669,0.3333333333333333,0,0.5,0.49999999999999994,0,0.3333333333333333,0.16666666666666669,0,0.16666666666666669,0.33333333333333326,0