"id","name","year","bbe","gb_rate","air_rate","fb_rate","ld_rate","pu_rate","pull_rate","straight_rate","oppo_rate","pull_gb_rate","straight_gb_rate","oppo_gb_rate","pull_air_rate","straight_air_rate","oppo_air_rate"
457705,"McCutchen, Andrew",2026,17,0.6470588235294118,0.3529411764705883,0.17647058823529413,0.11764705882352944,0.058823529411764705,0.47058823529411764,0.29411764705882354,0.23529411764705888,0.35294117647058826,0.2352941176470588,0.05882352941176472,0.11764705882352938,0.05882352941176475,0.17647058823529416
467793,"Santana, Carlos",2026,13,0.15384615384615385,0.846153846153846,0.30769230769230765,0.2307692307692308,0.30769230769230765,0.46153846153846156,0.30769230769230776,0.23076923076923075,0.15384615384615385,0,0,0.3076923076923077,0.30769230769230776,0.23076923076923075
500743,"Rojas, Miguel",2026,75,0.5066666666666668,0.4933333333333334,0.19999999999999998,0.2133333333333334,0.08,0.2800000000000001,0.48,0.24000000000000002,0.1733333333333334,0.26666666666666666,0.06666666666666665,0.10666666666666669,0.21333333333333332,0.17333333333333337
502054,"Pham, Tommy",2026,3,0.6666666666666666,0.33333333333333337,0,0.33333333333333337,0,1,0,0,0.6666666666666666,0,0,0.33333333333333337,0,0
502671,"Goldschmidt, Paul",2026,137,0.4233576642335768,0.5766423357664234,0.29927007299270064,0.20437956204379573,0.07299270072992703,0.3284671532846715,0.3795620437956205,0.2919708029197082,0.14598540145985398,0.20437956204379565,0.07299270072992704,0.18248175182481755,0.17518248175182483,0.2189781021897812
506702,"León, Sandy",2026,14,0.42857142857142855,0.5714285714285714,0.2857142857142857,0.14285714285714285,0.14285714285714288,0.7142857142857143,0.21428571428571427,0.07142857142857144,0.42857142857142855,0,0,0.28571428571428575,0.21428571428571427,0.07142857142857144
514888,"Altuve, Jose",2026,319,0.4858934169278996,0.5141065830721002,0.21630094043887133,0.21943573667711608,0.07836990595611285,0.4294670846394985,0.40438871473354226,0.16614420062695923,0.21316614420062696,0.23510971786833856,0.03761755485893416,0.21630094043887155,0.1692789968652037,0.12852664576802508
516782,"Marte, Starling",2026,29,0.41379310344827586,0.5862068965517242,0.10344827586206895,0.37931034482758624,0.10344827586206899,0.3793103448275862,0.5172413793103449,0.10344827586206899,0.20689655172413793,0.20689655172413793,0,0.17241379310344826,0.31034482758620696,0.10344827586206899
518595,"d'Arnaud, Travis",2026,26,0.5,0.5,0.3076923076923077,0.1153846153846154,0.07692307692307693,0.23076923076923075,0.4999999999999999,0.2692307692307692,0.11538461538461538,0.30769230769230776,0.07692307692307691,0.11538461538461538,0.19230769230769212,0.1923076923076923
518692,"Freeman, Freddie",2026,316,0.40189873417721506,0.598101265822785,0.26265822784810117,0.2911392405063294,0.04430379746835444,0.3354430379746836,0.3607594936708862,0.3037974683544304,0.19303797468354447,0.14556962025316472,0.06329113924050637,0.14240506329113914,0.2151898734177215,0.240506329113924
519317,"Stanton, Giancarlo",2026,45,0.2666666666666667,0.7333333333333335,0.2666666666666668,0.3111111111111111,0.15555555555555559,0.33333333333333337,0.4888888888888889,0.17777777777777784,0.06666666666666668,0.2,0,0.2666666666666667,0.28888888888888886,0.17777777777777784
521692,"Perez, Salvador",2026,337,0.4094955489614241,0.5905044510385755,0.2729970326409493,0.2403560830860535,0.07715133531157274,0.3887240356083086,0.35905044510385736,0.2522255192878337,0.18991097922848663,0.16023738872403562,0.05934718100890208,0.19881305637982197,0.19881305637982175,0.19287833827893164
542303,"Ozuna, Marcell",2026,106,0.33018867924528306,0.669811320754717,0.27358490566037724,0.2735849056603776,0.12264150943396226,0.3867924528301887,0.33018867924528317,0.2830188679245283,0.20754716981132088,0.10377358490566041,0.018867924528301886,0.17924528301886783,0.22641509433962276,0.2641509433962264
543309,"Higashioka, Kyle",2026,83,0.38554216867469865,0.6144578313253014,0.28915662650602425,0.26506024096385544,0.06024096385542169,0.3734939759036145,0.45783132530120485,0.1686746987951807,0.19277108433734938,0.13253012048192767,0.06024096385542167,0.18072289156626511,0.32530120481927716,0.10843373493975904
543510,"McCann, James",2026,75,0.4400000000000001,0.5600000000000002,0.28000000000000014,0.26666666666666666,0.013333333333333336,0.42666666666666675,0.3200000000000001,0.25333333333333347,0.21333333333333337,0.1733333333333333,0.053333333333333344,0.21333333333333337,0.1466666666666668,0.20000000000000012
543760,"Semien, Marcus",2026,291,0.39862542955326474,0.6013745704467355,0.30927835051546404,0.20274914089347074,0.0893470790378007,0.47422680412371154,0.35395189003436445,0.1718213058419244,0.2405498281786942,0.12027491408934715,0.03780068728522339,0.23367697594501735,0.2336769759450173,0.134020618556701
543807,"Springer, George",2026,257,0.4785992217898833,0.5214007782101169,0.24124513618677054,0.22178988326848256,0.058365758754863814,0.40856031128404674,0.3774319066147858,0.2140077821011673,0.24902723735408566,0.1906614785992217,0.03891050583657588,0.15953307392996108,0.18677042801556412,0.17509727626459143
543877,"Vázquez, Christian",2026,147,0.44897959183673464,0.5510204081632654,0.2517006802721089,0.21088435374149664,0.08843537414965984,0.3469387755102042,0.3333333333333333,0.3197278911564626,0.21768707482993213,0.14965986394557834,0.08163265306122448,0.12925170068027206,0.18367346938775497,0.23809523809523814
545121,"Vargas, Ildemaro",2026,260,0.4846153846153845,0.5153846153846154,0.19615384615384623,0.24230769230769228,0.07692307692307696,0.39615384615384613,0.4192307692307693,0.18461538461538451,0.20769230769230765,0.2115384615384616,0.06538461538461536,0.18846153846153849,0.2076923076923077,0.11923076923076915
545341,"Grichuk, Randal",2026,79,0.49367088607594933,0.5063291139240507,0.22784810126582278,0.18987341772151906,0.08860759493670886,0.4177215189873419,0.3417721518987342,0.24050632911392406,0.26582278481012644,0.18987341772151903,0.03797468354430379,0.15189873417721544,0.1518987341772152,0.20253164556962028
545361,"Trout, Mike",2026,246,0.345528455284553,0.6544715447154469,0.3130081300813007,0.26829268292682906,0.07317073170731711,0.3821138211382113,0.3699186991869919,0.24796747967479688,0.17479674796747974,0.13008130081300806,0.04065040650406507,0.20731707317073156,0.23983739837398382,0.2073170731707318
547180,"Harper, Bryce",2026,277,0.42599277978339345,0.5740072202166069,0.263537906137184,0.2671480144404337,0.043321299638989196,0.3862815884476531,0.40433212996389895,0.20938628158844774,0.22382671480144395,0.18411552346570392,0.018050541516245494,0.16245487364620914,0.22021660649819502,0.19133574007220225
553869,"Díaz, Elias",2026,90,0.3777777777777778,0.6222222222222222,0.27777777777777773,0.2222222222222222,0.12222222222222225,0.31111111111111117,0.32222222222222224,0.3666666666666667,0.15555555555555556,0.1333333333333333,0.08888888888888889,0.1555555555555556,0.18888888888888894,0.2777777777777778
553993,"Suárez, Eugenio",2026,210,0.33333333333333337,0.6666666666666667,0.3095238095238095,0.24285714285714297,0.11428571428571432,0.48571428571428565,0.3238095238095237,0.19047619047619044,0.24285714285714288,0.09047619047619047,0,0.24285714285714277,0.23333333333333323,0.19047619047619044
571448,"Arenado, Nolan",2026,305,0.3704918032786885,0.6295081967213116,0.2721311475409836,0.2131147540983607,0.1442622950819673,0.4885245901639344,0.3442622950819671,0.16721311475409847,0.1967213114754098,0.1344262295081967,0.039344262295081964,0.2918032786885246,0.2098360655737704,0.12786885245901652
571657,"Farmer, Kyle",2026,6,0.33333333333333337,0.6666666666666667,0.33333333333333337,0.33333333333333337,0,0.6666666666666666,0,0.33333333333333337,0.16666666666666666,0,0.16666666666666669,0.5,0,0.16666666666666669
571771,"Hernández, Enrique",2026,29,0.5172413793103449,0.48275862068965525,0.17241379310344826,0.24137931034482765,0.06896551724137932,0.3793103448275862,0.3793103448275863,0.2413793103448276,0.24137931034482762,0.17241379310344834,0.10344827586206898,0.13793103448275856,0.20689655172413796,0.13793103448275862
571912,"Maile, Luke",2026,10,0.6,0.4,0.19999999999999998,0.20000000000000004,0,0.4,0.3,0.3,0.4,0,0.19999999999999998,0,0.3,0.1
571945,"Mikolas, Miles",2026,1,1,0,0,0,0,0,1,0,0,1,0,0,0,0
571970,"Muncy, Max",2026,267,0.37078651685393255,0.6292134831460675,0.3408239700374532,0.22846441947565552,0.05992509363295881,0.5093632958801501,0.2996254681647942,0.19101123595505626,0.2509363295880149,0.10112359550561803,0.018726591760299623,0.2584269662921352,0.19850187265917615,0.17228464419475664
572233,"Walker, Christian",2026,336,0.41964285714285715,0.580357142857143,0.28273809523809534,0.22916666666666666,0.068452380952381,0.3928571428571429,0.34523809523809523,0.2619047619047619,0.1904761904761905,0.16964285714285712,0.05952380952380959,0.2023809523809524,0.1755952380952381,0.20238095238095233
573262,"Yastrzemski, Mike",2026,244,0.3934426229508195,0.6065573770491801,0.2909836065573769,0.24180327868852453,0.0737704918032787,0.45081967213114754,0.3606557377049181,0.18852459016393436,0.24180327868852472,0.1270491803278689,0.024590163934426233,0.20901639344262282,0.2336065573770492,0.16393442622950813
575929,"Contreras, Willson",2026,226,0.3982300884955752,0.6017699115044246,0.2654867256637166,0.24778761061946902,0.08849557522123892,0.48672566371681425,0.3407079646017698,0.1725663716814159,0.23893805309734506,0.12389380530973454,0.03539823008849558,0.2477876106194692,0.21681415929203524,0.13716814159292032
592206,"Castellanos, Nick",2026,59,0.33898305084745767,0.6610169491525422,0.3389830508474576,0.3050847457627118,0.016949152542372885,0.5593220338983049,0.25423728813559315,0.18644067796610175,0.27118644067796616,0.06779661016949154,0,0.28813559322033877,0.18644067796610161,0.18644067796610175
592450,"Judge, Aaron",2026,112,0.35714285714285704,0.6428571428571428,0.33035714285714285,0.2410714285714286,0.07142857142857142,0.4107142857142858,0.35714285714285704,0.23214285714285715,0.23214285714285723,0.10714285714285716,0.01785714285714286,0.17857142857142858,0.2499999999999999,0.2142857142857143
592518,"Machado, Manny",2026,345,0.39420289855072455,0.6057971014492755,0.27826086956521745,0.24057971014492754,0.08695652173913046,0.3913043478260869,0.3449275362318839,0.2637681159420292,0.2086956521739131,0.1478260869565217,0.03768115942028983,0.18260869565217383,0.1971014492753622,0.22608695652173938
592626,"Pederson, Joc",2026,258,0.4031007751937987,0.5968992248062015,0.32170542635658905,0.2054263565891473,0.06976744186046507,0.42635658914728686,0.3333333333333333,0.2403100775193798,0.20155038759689917,0.13953488372093018,0.06201550387596899,0.2248062015503877,0.19379844961240314,0.1782945736434108
592663,"Realmuto, J.T.",2026,234,0.4658119658119658,0.5341880341880342,0.2307692307692308,0.26495726495726496,0.03846153846153847,0.43162393162393153,0.34615384615384637,0.22222222222222207,0.26495726495726496,0.14957264957264957,0.05128205128205127,0.16666666666666657,0.1965811965811968,0.1709401709401708
592885,"Yelich, Christian",2026,227,0.5462555066079299,0.45374449339207057,0.20704845814977973,0.22466960352422916,0.02202643171806167,0.37444933920704854,0.34801762114537454,0.27753303964757703,0.290748898678414,0.19383259911894266,0.06167400881057269,0.08370044052863451,0.1541850220264319,0.21585903083700433
593428,"Bogaerts, Xander",2026,296,0.5101351351351355,0.48986486486486497,0.23648648648648654,0.20270270270270271,0.05067567567567569,0.4729729729729728,0.3581081081081081,0.168918918918919,0.26013513513513503,0.20270270270270282,0.04729729729729732,0.21283783783783777,0.1554054054054053,0.12162162162162168
593871,"Polanco, Jorge",2026,78,0.4615384615384615,0.5384615384615384,0.19230769230769235,0.24358974358974358,0.10256410256410255,0.5256410256410259,0.2692307692307692,0.20512820512820518,0.25641025641025644,0.1538461538461539,0.051282051282051294,0.26923076923076944,0.11538461538461531,0.15384615384615388
595879,"Báez, Javier",2026,101,0.514851485148515,0.4851485148514852,0.198019801980198,0.18811881188118815,0.09900990099009903,0.44554455445544544,0.39603960396039606,0.15841584158415842,0.26732673267326723,0.20792079207920794,0.039603960396039604,0.1782178217821782,0.18811881188118812,0.1188118811881188
595978,"Hedges, Austin",2026,79,0.4556962025316456,0.5443037974683546,0.20253164556962025,0.24050632911392414,0.10126582278481013,0.4430379746835444,0.3164556962025317,0.2405063291139241,0.22784810126582275,0.1518987341772152,0.0759493670886076,0.21518987341772164,0.16455696202531653,0.1645569620253165
596019,"Lindor, Francisco",2026,209,0.3301435406698566,0.6698564593301435,0.3397129186602869,0.24880382775119628,0.08133971291866027,0.45454545454545453,0.3157894736842104,0.22966507177033496,0.18660287081339713,0.10526315789473685,0.03827751196172247,0.26794258373205737,0.21052631578947356,0.1913875598086125
596103,"Slater, Austin",2026,6,1,0,0,0,0,0.33333333333333337,0.5,0.16666666666666666,0.33333333333333337,0.5,0.16666666666666666,0,0,0
596115,"Story, Trevor",2026,124,0.4516129032258066,0.5483870967741936,0.24193548387096786,0.18548387096774185,0.1209677419354839,0.45967741935483863,0.346774193548387,0.1935483870967742,0.2419354838709678,0.16129032258064513,0.04838709677419357,0.21774193548387083,0.18548387096774188,0.14516129032258063
596117,"Stubbs, Garrett",2026,41,0.46341463414634143,0.5365853658536585,0.2926829268292682,0.14634146341463417,0.09756097560975609,0.26829268292682934,0.4390243902439025,0.2926829268292683,0.14634146341463417,0.2195121951219512,0.09756097560975611,0.12195121951219517,0.2195121951219513,0.19512195121951215
596142,"Sánchez, Gary",2026,87,0.42528735632183906,0.5747126436781611,0.310344827586207,0.14942528735632188,0.11494252873563218,0.41379310344827586,0.4482758620689656,0.13793103448275867,0.22988505747126434,0.1839080459770115,0.01149425287356322,0.18390804597701152,0.2643678160919541,0.12643678160919544
596146,"Kepler, Max",2026,93,0.33333333333333326,0.6666666666666666,0.3118279569892473,0.22580645161290322,0.1290322580645161,0.4408602150537635,0.3333333333333334,0.22580645161290333,0.15053763440860216,0.1397849462365591,0.04301075268817205,0.29032258064516137,0.19354838709677433,0.18279569892473127
600869,"Candelario, Jeimer",2026,8,0.375,0.625,0.375,0.25,0,0.625,0.125,0.25000000000000006,0.375,0,0,0.25,0.125,0.25000000000000006
602104,"Urías, Ramón",2026,43,0.4418604651162791,0.558139534883721,0.2790697674418605,0.13953488372093026,0.13953488372093026,0.3488372093023256,0.3953488372093023,0.255813953488372,0.2093023255813953,0.23255813953488377,0,0.1395348837209303,0.16279069767441853,0.255813953488372
605137,"Bell, Josh",2026,293,0.44368600682593856,0.5563139931740615,0.24573378839590448,0.2354948805460751,0.07508532423208189,0.4197952218430033,0.35836177474402725,0.2218430034129693,0.2150170648464163,0.174061433447099,0.0546075085324232,0.20477815699658697,0.18430034129692824,0.16723549488054612
605141,"Betts, Mookie",2026,281,0.3380782918149468,0.6619217081850535,0.3202846975088969,0.28469750889679707,0.05693950177935946,0.40569395017793586,0.4056939501779358,0.18861209964412812,0.17081850533807838,0.13523131672597874,0.03202846975088968,0.23487544483985748,0.2704626334519571,0.15658362989323843
605170,"Caratini, Victor",2026,187,0.48663101604278075,0.5133689839572193,0.20320855614973257,0.251336898395722,0.05882352941176471,0.34224598930481265,0.39037433155080226,0.26737967914438515,0.21925133689839582,0.21390374331550793,0.053475935828876976,0.12299465240641683,0.17647058823529432,0.21390374331550818
605244,"Garcia, Aramis",2026,10,0.3,0.7,0.4,0.3,0,0.5,0.4,0.10000000000000002,0.3,0,0,0.2,0.4,0.10000000000000002
605353,"Machín, Vimael",2026,3,0.6666666666666666,0.33333333333333337,0,0.33333333333333337,0,1,0,0,0.6666666666666666,0,0,0.33333333333333337,0,0
606115,"Arcia, Orlando",2026,25,0.5999999999999999,0.39999999999999997,0.16,0.19999999999999998,0.04,0.32000000000000006,0.4,0.28,0.24,0.27999999999999997,0.08000000000000002,0.08000000000000007,0.12000000000000005,0.2
606192,"Hernández, Teoscar",2026,211,0.4502369668246443,0.5497630331753556,0.27014218009478674,0.19431279620853087,0.08530805687203792,0.33649289099526075,0.38388625592417047,0.27962085308056867,0.21800947867298587,0.18009478672985782,0.05213270142180095,0.11848341232227488,0.20379146919431265,0.2274881516587677
606466,"Marte, Ketel",2026,356,0.41573033707865203,0.5842696629213482,0.283707865168539,0.22471910112359564,0.07584269662921349,0.46348314606741586,0.34550561797752827,0.19101123595505612,0.2528089887640449,0.14044943820224728,0.02247191011235955,0.21067415730337097,0.20505617977528098,0.16853932584269657
606992,"Haase, Eric",2026,35,0.42857142857142855,0.5714285714285714,0.2857142857142857,0.14285714285714285,0.14285714285714285,0.31428571428571417,0.45714285714285724,0.22857142857142868,0.17142857142857146,0.2571428571428572,0,0.1428571428571427,0.20000000000000007,0.22857142857142868
607043,"Nimmo, Brandon",2026,299,0.4046822742474917,0.5953177257525077,0.27759197324414675,0.28093645484949814,0.03678929765886289,0.3444816053511707,0.451505016722408,0.20401337792642132,0.19397993311036796,0.17391304347826084,0.03678929765886288,0.15050167224080277,0.2775919732441472,0.16722408026755844
607208,"Turner, Trea",2026,329,0.4528875379939209,0.5471124620060791,0.26747720364741645,0.21580547112462,0.06382978723404263,0.32522796352583583,0.3799392097264436,0.29483282674772054,0.17933130699088154,0.18237082066869306,0.09118541033434656,0.1458966565349543,0.19756838905775057,0.20364741641337397
608070,"Ramírez, José",2026,278,0.32014388489208634,0.6798561151079133,0.2769784172661869,0.2733812949640287,0.12949640287769784,0.5107913669064746,0.34892086330935285,0.1402877697841727,0.20863309352517986,0.09712230215827339,0.014388489208633093,0.30215827338129475,0.25179856115107946,0.12589928057553962
608324,"Bregman, Alex",2026,386,0.3886010362694299,0.6113989637305699,0.26683937823834203,0.2305699481865284,0.1139896373056995,0.5155440414507774,0.3186528497409327,0.16580310880829,0.24870466321243528,0.10362694300518133,0.03626943005181346,0.2668393782383421,0.2150259067357514,0.12953367875647653
608348,"Kelly, Carson",2026,213,0.464788732394366,0.5352112676056339,0.2112676056338028,0.2300469483568075,0.09389671361502351,0.4131455399061033,0.3943661971830987,0.19248826291079818,0.23004694835680764,0.19248826291079807,0.04225352112676055,0.18309859154929567,0.2018779342723006,0.15023474178403762
608369,"Seager, Corey",2026,192,0.4479166666666667,0.5520833333333335,0.30208333333333354,0.21875,0.03125,0.4635416666666667,0.3385416666666666,0.19791666666666666,0.2604166666666667,0.15625000000000006,0.03125000000000003,0.203125,0.18229166666666652,0.16666666666666663
608701,"Refsnyder, Rob",2026,14,0.2142857142857143,0.7857142857142857,0.35714285714285715,0.35714285714285715,0.07142857142857144,0.5714285714285714,0.35714285714285715,0.07142857142857142,0.2142857142857143,0,0,0.3571428571428571,0.35714285714285715,0.07142857142857142
608841,"Meneses, Joey",2026,5,0.4,0.6000000000000001,0.2,0,0.4,0.6,0,0.4,0.4,0,0,0.19999999999999996,0,0.4
609280,"Andujar, Miguel",2026,137,0.5255474452554745,0.4744525547445256,0.17518248175182483,0.2408759124087592,0.05839416058394159,0.4525547445255474,0.3357664233576641,0.21167883211678837,0.26277372262773735,0.16788321167883213,0.09489051094890512,0.18978102189781004,0.16788321167883197,0.11678832116788325
620443,"Torrens, Luis",2026,137,0.518248175182482,0.4817518248175184,0.19708029197080298,0.22627737226277375,0.05839416058394164,0.313868613138686,0.3430656934306569,0.3430656934306569,0.22627737226277383,0.18248175182481752,0.1094890510948906,0.08759124087591219,0.1605839416058394,0.2335766423357663
621020,"Swanson, Dansby",2026,230,0.4347826086956522,0.5652173913043479,0.3130434782608696,0.1782608695652174,0.0739130434782609,0.5043478260869562,0.3130434782608694,0.18260869565217405,0.2869565217391304,0.1217391304347827,0.026086956521739132,0.21739130434782578,0.19130434782608674,0.15652173913043493
621043,"Correa, Carlos",2026,63,0.4761904761904761,0.5238095238095238,0.14285714285714293,0.3492063492063492,0.03174603174603175,0.36507936507936495,0.31746031746031744,0.31746031746031744,0.19047619047619047,0.1428571428571429,0.1428571428571429,0.17460317460317448,0.17460317460317454,0.17460317460317454
621438,"Taylor, Tyrone",2026,92,0.4021739130434782,0.597826086956522,0.3043478260869566,0.20652173913043487,0.08695652173913045,0.5217391304347825,0.282608695652174,0.19565217391304357,0.2717391304347827,0.07608695652173914,0.054347826086956534,0.24999999999999978,0.20652173913043487,0.14130434782608703
621439,"Buxton, Byron",2026,196,0.3214285714285715,0.6785714285714286,0.3520408163265306,0.18367346938775517,0.14285714285714285,0.4744897959183673,0.3010204081632653,0.22448979591836737,0.1938775510204082,0.09183673469387756,0.035714285714285705,0.2806122448979591,0.20918367346938777,0.18877551020408168
621493,"Ward, Taylor",2026,252,0.40873015873015883,0.5912698412698415,0.25793650793650796,0.2579365079365081,0.07539682539682542,0.33333333333333354,0.3928571428571428,0.2738095238095236,0.21825396825396826,0.14285714285714285,0.047619047619047616,0.11507936507936528,0.24999999999999994,0.226190476190476
621550,"Wisdom, Patrick",2026,16,0.18749999999999997,0.8125,0.4375,0.25000000000000006,0.125,0.31250000000000006,0.1875,0.5,0,0.06250000000000001,0.125,0.31250000000000006,0.12499999999999999,0.375
621566,"Olson, Matt",2026,273,0.3516483516483516,0.6483516483516486,0.347985347985348,0.21245421245421262,0.08791208791208793,0.3956043956043956,0.3406593406593408,0.26373626373626363,0.1721611721611722,0.1391941391941392,0.04029304029304028,0.2234432234432234,0.20146520146520158,0.22344322344322334
622268,"Walton, Donovan",2026,170,0.4176470588235295,0.5823529411764706,0.27647058823529413,0.2764705882352942,0.029411764705882353,0.5058823529411766,0.2823529411764706,0.21176470588235297,0.2823529411764706,0.09999999999999998,0.035294117647058844,0.22352941176470598,0.1823529411764706,0.17647058823529413
622761,"Mateo, Jorge",2026,82,0.4390243902439024,0.5609756097560976,0.23170731707317077,0.2560975609756098,0.07317073170731704,0.39024390243902446,0.42682926829268303,0.1829268292682927,0.2195121951219513,0.20731707317073175,0.012195121951219513,0.17073170731707316,0.21951219512195128,0.17073170731707318
623168,"Heineman, Tyler",2026,113,0.5132743362831858,0.48672566371681425,0.20353982300884957,0.21238938053097356,0.07079646017699116,0.4867256637168143,0.3008849557522124,0.21238938053097353,0.27433628318584086,0.15929203539823017,0.07964601769911504,0.21238938053097345,0.14159292035398224,0.1327433628318585
623205,"Velazquez, Andrew",2026,10,0.39999999999999997,0.6,0.19999999999999998,0.20000000000000004,0.19999999999999998,0.39999999999999997,0.3,0.3,0.10000000000000002,0.3,0,0.29999999999999993,0,0.3
624413,"Alonso, Pete",2026,300,0.42666666666666636,0.5733333333333334,0.30666666666666664,0.21333333333333332,0.05333333333333332,0.35666666666666663,0.3866666666666667,0.25666666666666654,0.20333333333333342,0.1899999999999999,0.03333333333333334,0.1533333333333332,0.19666666666666682,0.22333333333333322
624424,"Conforto, Michael",2026,186,0.3655913978494625,0.6344086021505375,0.3494623655913978,0.23118279569892455,0.05376344086021507,0.478494623655914,0.317204301075269,0.20430107526881724,0.18817204301075266,0.13978494623655918,0.03763440860215054,0.29032258064516137,0.1774193548387098,0.1666666666666667
624428,"Frazier, Adam",2026,80,0.4875000000000001,0.5125,0.22500000000000006,0.2874999999999999,0,0.45,0.3375,0.21250000000000002,0.24999999999999997,0.1750000000000001,0.06249999999999999,0.20000000000000004,0.16249999999999992,0.15000000000000002
624431,"Trevino, Jose",2026,93,0.5483870967741934,0.45161290322580655,0.2258064516129033,0.18279569892473116,0.04301075268817205,0.36559139784946243,0.40860215053763443,0.22580645161290333,0.22580645161290325,0.2688172043010752,0.05376344086021505,0.13978494623655918,0.13978494623655924,0.1720430107526883
624512,"McGuire, Reese",2026,20,0.44999999999999996,0.5499999999999999,0.25,0.19999999999999998,0.10000000000000002,0.30000000000000004,0.45,0.25,0.09999999999999999,0.3,0.049999999999999996,0.20000000000000007,0.15000000000000002,0.2
624585,"Soler, Jorge",2026,147,0.4285714285714286,0.5714285714285715,0.24489795918367346,0.2585034013605443,0.06802721088435373,0.5374149659863943,0.28571428571428564,0.17687074829931973,0.26530612244897955,0.11564625850340138,0.0476190476190476,0.2721088435374147,0.17006802721088426,0.12925170068027214
624641,"Sosa, Edmundo",2026,83,0.4457831325301204,0.5542168674698796,0.21686746987951816,0.24096385542168675,0.09638554216867475,0.3493975903614457,0.4216867469879518,0.22891566265060237,0.24096385542168683,0.1445783132530121,0.060240963855421686,0.10843373493975886,0.27710843373493965,0.16867469879518068
628451,"Ibáñez, Andy",2026,1,1,0,0,0,0,1,0,0,1,0,0,0,0,0
630105,"Cronenworth, Jake",2026,213,0.4741784037558686,0.5258215962441315,0.2441314553990611,0.21126760563380276,0.07042253521126764,0.30516431924882614,0.43661971830985913,0.2582159624413146,0.17840375586854462,0.24413145539906111,0.05164319248826292,0.12676056338028152,0.192488262910798,0.20657276995305168
640459,"Navarreto, Brian",2026,14,0.7857142857142858,0.2142857142857143,0.07142857142857142,0,0.14285714285714288,0.4285714285714286,0.28571428571428575,0.2857142857142857,0.4285714285714286,0.21428571428571433,0.14285714285714285,0,0.07142857142857142,0.14285714285714285
640492,"Azócar, José",2026,4,0.75,0.25,0.25,0,0,0.25,0.25,0.5,0.25,0.25,0.25,0,0,0.25
640902,"Pereda, Jhonny",2026,50,0.42000000000000004,0.5799999999999998,0.12000000000000002,0.39999999999999986,0.05999999999999999,0.24000000000000005,0.39999999999999997,0.3599999999999998,0.07999999999999999,0.2000000000000001,0.14,0.16000000000000006,0.19999999999999987,0.2199999999999998
641343,"Bauers, Jake",2026,225,0.4044444444444445,0.5955555555555555,0.29333333333333333,0.2799999999999999,0.022222222222222223,0.41333333333333333,0.3377777777777777,0.24888888888888885,0.23111111111111107,0.12444444444444441,0.04888888888888887,0.18222222222222226,0.21333333333333326,0.19999999999999998
641355,"Bellinger, Cody",2026,260,0.36923076923076925,0.630769230769231,0.32692307692307715,0.23076923076923075,0.07307692307692308,0.4423076923076923,0.3730769230769232,0.18461538461538465,0.2307692307692308,0.12692307692307683,0.011538461538461532,0.21153846153846148,0.24615384615384636,0.17307692307692313
641487,"Crawford, J.P.",2026,216,0.42592592592592576,0.5740740740740743,0.2546296296296296,0.22685185185185208,0.09259259259259262,0.37962962962962965,0.3842592592592593,0.23611111111111127,0.21296296296296285,0.1574074074074073,0.05555555555555554,0.1666666666666668,0.226851851851852,0.18055555555555575
641555,"Escarra, J.C.",2026,50,0.54,0.46,0.24,0.14000000000000004,0.08,0.30000000000000004,0.52,0.18,0.18000000000000002,0.3,0.05999999999999999,0.12000000000000002,0.22000000000000003,0.12
641584,"Fraley, Jake",2026,53,0.32075471698113195,0.6792452830188678,0.2641509433962264,0.24528301886792445,0.16981132075471694,0.4905660377358491,0.2264150943396227,0.2830188679245284,0.22641509433962265,0.05660377358490567,0.03773584905660378,0.26415094339622647,0.16981132075471703,0.24528301886792464
641598,"Garver, Mitch",2026,40,0.25000000000000006,0.7500000000000001,0.42500000000000004,0.30000000000000004,0.024999999999999998,0.5250000000000002,0.39999999999999997,0.07500000000000001,0.2,0.049999999999999996,0,0.32500000000000023,0.35,0.07500000000000001
641680,"Heim, Jonah",2026,172,0.4476744186046511,0.5523255813953489,0.2616279069767441,0.19767441860465126,0.09302325581395349,0.4069767441860464,0.4244186046511628,0.16860465116279075,0.244186046511628,0.1627906976744186,0.04069767441860464,0.1627906976744184,0.2616279069767442,0.1279069767441861
641820,"Mancini, Trey",2026,9,0.6666666666666666,0.33333333333333337,0.22222222222222227,0.1111111111111111,0,0.4444444444444444,0.3333333333333333,0.2222222222222222,0.4444444444444444,0.22222222222222227,0,0,0.11111111111111105,0.2222222222222222
641857,"McMahon, Ryan",2026,186,0.4032258064516129,0.5967741935483871,0.32258064516129037,0.22580645161290325,0.04838709677419355,0.4354838709677419,0.3225806451612903,0.2419354838709678,0.26344086021505403,0.12365591397849464,0.01612903225806453,0.17204301075268785,0.1989247311827957,0.22580645161290328
641933,"O'Neill, Tyler",2026,80,0.31250000000000006,0.6875,0.3375,0.2375,0.11250000000000003,0.4375,0.4000000000000001,0.16249999999999998,0.15000000000000008,0.1375,0.025000000000000005,0.2874999999999999,0.26250000000000007,0.13749999999999998
642020,"Robinson, Chuckie",2026,13,0.4615384615384615,0.5384615384615385,0.15384615384615383,0.15384615384615385,0.23076923076923078,0.3076923076923077,0.38461538461538464,0.30769230769230765,0.15384615384615385,0.23076923076923078,0.07692307692307691,0.15384615384615385,0.15384615384615385,0.23076923076923073
642086,"Smith, Dominic",2026,198,0.409090909090909,0.5909090909090909,0.2929292929292927,0.26262626262626293,0.035353535353535345,0.38383838383838403,0.3686868686868686,0.24747474747474757,0.19191919191919196,0.17171717171717182,0.045454545454545456,0.19191919191919207,0.1969696969696968,0.2020202020202021
642133,"Tellez, Rowdy",2026,5,0.2,0.8,0.4,0.4,0,0.2,0.4,0.4,0,0.2,0,0.2,0.2,0.4
642201,"White, Eli",2026,72,0.5555555555555556,0.44444444444444453,0.22222222222222218,0.16666666666666674,0.055555555555555566,0.41666666666666674,0.34722222222222227,0.23611111111111108,0.2500000000000001,0.2083333333333334,0.09722222222222222,0.16666666666666663,0.13888888888888887,0.13888888888888884
642215,"Wilson, Weston",2026,37,0.4054054054054054,0.5945945945945947,0.24324324324324326,0.2702702702702703,0.08108108108108109,0.4324324324324323,0.29729729729729726,0.2702702702702703,0.2702702702702703,0.08108108108108109,0.05405405405405405,0.162162162162162,0.21621621621621617,0.21621621621621623
642350,"Siri, Jose",2026,78,0.4871794871794871,0.5128205128205127,0.20512820512820515,0.24358974358974345,0.06410256410256408,0.42307692307692313,0.34615384615384626,0.23076923076923078,0.2564102564102564,0.1538461538461539,0.07692307692307691,0.16666666666666674,0.19230769230769235,0.15384615384615385
642708,"Rosario, Amed",2026,55,0.490909090909091,0.5090909090909091,0.21818181818181823,0.2545454545454546,0.03636363636363636,0.30909090909090914,0.3818181818181818,0.309090909090909,0.20000000000000004,0.2363636363636364,0.054545454545454536,0.1090909090909091,0.1454545454545454,0.2545454545454545
642715,"Adames, Willy",2026,244,0.32377049180327894,0.6762295081967213,0.32786885245901626,0.20491803278688542,0.14344262295081964,0.4795081967213114,0.2868852459016393,0.23360655737704908,0.20491803278688533,0.07377049180327871,0.04508196721311476,0.27459016393442603,0.21311475409836056,0.1885245901639343
642851,"Wynns, Austin",2026,35,0.4571428571428571,0.5428571428571429,0.19999999999999998,0.2571428571428572,0.08571428571428574,0.37142857142857133,0.4,0.22857142857142862,0.20000000000000004,0.2,0.05714285714285717,0.1714285714285713,0.2,0.17142857142857146
643217,"Benintendi, Andrew",2026,288,0.35416666666666663,0.6458333333333335,0.34027777777777796,0.23958333333333326,0.0659722222222223,0.5104166666666664,0.3402777777777778,0.14930555555555564,0.21527777777777776,0.11458333333333331,0.024305555555555573,0.2951388888888886,0.22569444444444448,0.12500000000000006
643289,"Dubón, Mauricio",2026,326,0.39877300613496924,0.6012269938650306,0.25460122699386506,0.26687116564417174,0.07975460122699386,0.28834355828220853,0.3865030674846628,0.3251533742331288,0.14110429447852768,0.19325153374233126,0.06441717791411045,0.14723926380368085,0.19325153374233153,0.26073619631901834
643376,"Jansen, Danny",2026,107,0.3738317757009346,0.6261682242990655,0.30841121495327095,0.18691588785046737,0.13084112149532717,0.5981308411214952,0.29906542056074764,0.10280373831775702,0.2710280373831775,0.08411214953271023,0.01869158878504673,0.3271028037383177,0.2149532710280374,0.08411214953271029
643396,"Kiner-Falefa, Isiah",2026,100,0.5399999999999999,0.46,0.17000000000000004,0.21,0.08,0.4,0.35,0.25000000000000006,0.23999999999999988,0.21000000000000002,0.09,0.16000000000000014,0.13999999999999996,0.16000000000000006
643446,"McNeil, Jeff",2026,334,0.4071856287425151,0.5928143712574853,0.22155688622754502,0.30239520958083843,0.06886227544910187,0.4281437125748503,0.3263473053892214,0.24550898203592803,0.22155688622754474,0.12874251497005992,0.05688622754491018,0.20658682634730555,0.19760479041916149,0.18862275449101784
644433,"Tromp, Chadwick",2026,24,0.5416666666666666,0.45833333333333337,0.20833333333333331,0.20833333333333337,0.04166666666666666,0.41666666666666663,0.33333333333333337,0.25,0.33333333333333337,0.20833333333333334,0,0.08333333333333326,0.12500000000000003,0.25
645277,"Albies, Ozzie",2026,300,0.3433333333333335,0.6566666666666668,0.3633333333333334,0.21000000000000002,0.08333333333333333,0.48333333333333306,0.31666666666666665,0.2,0.22333333333333327,0.1033333333333333,0.01666666666666667,0.2599999999999998,0.21333333333333335,0.18333333333333335
645302,"Robles, Victor",2026,78,0.48717948717948706,0.5128205128205129,0.2692307692307693,0.19230769230769235,0.05128205128205129,0.41025641025641024,0.3846153846153846,0.20512820512820515,0.24358974358974364,0.17948717948717952,0.0641025641025641,0.1666666666666666,0.20512820512820507,0.14102564102564105
645305,"Sánchez, Ali",2026,34,0.47058823529411764,0.5294117647058825,0.17647058823529416,0.23529411764705888,0.11764705882352944,0.4117647058823529,0.35294117647058826,0.23529411764705882,0.2941176470588236,0.08823529411764708,0.08823529411764709,0.11764705882352933,0.2647058823529412,0.14705882352941174
646240,"Devers, Rafael",2026,260,0.38461538461538464,0.6153846153846153,0.3653846153846154,0.18846153846153837,0.06153846153846157,0.3730769230769232,0.4153846153846157,0.21153846153846148,0.19230769230769232,0.1730769230769232,0.019230769230769232,0.18076923076923088,0.24230769230769247,0.19230769230769224
647304,"Naylor, Josh",2026,341,0.4516129032258062,0.5483870967741936,0.21407624633431094,0.2434017595307917,0.09090909090909091,0.3958944281524925,0.3313782991202344,0.272727272727273,0.20821114369501473,0.17008797653958946,0.07331378299120232,0.18768328445747776,0.16129032258064496,0.19941348973607065
649966,"Urías, Luis",2026,19,0.4736842105263158,0.5263157894736843,0.31578947368421056,0.15789473684210528,0.05263157894736842,0.6315789473684211,0.26315789473684215,0.10526315789473684,0.31578947368421056,0.1578947368421053,0,0.31578947368421056,0.10526315789473684,0.10526315789473684
650333,"Arraez, Luis",2026,401,0.3192019950124688,0.6807980049875314,0.3566084788029928,0.28179551122194507,0.04239401496259352,0.30423940149625933,0.3566084788029926,0.3391521197007478,0.12718204488778057,0.15211970074812972,0.03990024937655861,0.17705735660847877,0.2044887780548629,0.2992518703241892
650391,"Jiménez, Eloy",2026,14,0.35714285714285715,0.6428571428571428,0.2857142857142857,0.2857142857142857,0.07142857142857144,0.6428571428571428,0.14285714285714288,0.21428571428571427,0.28571428571428575,0.07142857142857144,0,0.35714285714285704,0.07142857142857144,0.21428571428571427
650402,"Torres, Gleyber",2026,207,0.48309178743961356,0.5169082125603867,0.23188405797101458,0.2608695652173914,0.02415458937198068,0.27536231884058004,0.3333333333333334,0.39130434782608686,0.16908212560386474,0.20289855072463764,0.11111111111111112,0.10628019323671531,0.1304347826086958,0.28019323671497576
650489,"Castro, Willi",2026,188,0.34042553191489366,0.6595744680851066,0.3457446808510638,0.28191489361702143,0.03191489361702126,0.43617021276595713,0.34574468085106363,0.21808510638297873,0.18085106382978722,0.1329787234042553,0.026595744680851074,0.2553191489361699,0.21276595744680835,0.19148936170212766
650490,"Díaz, Yandy",2026,366,0.5300546448087436,0.469945355191257,0.16120218579234968,0.2568306010928964,0.05191256830601095,0.1939890710382513,0.5054644808743165,0.3005464480874319,0.14754098360655732,0.31420765027322406,0.0683060109289618,0.046448087431693985,0.19125683060109244,0.23224043715847012
650559,"De La Cruz, Bryan",2026,32,0.46874999999999994,0.53125,0.1875,0.28125,0.06250000000000001,0.28125,0.40625,0.3125,0.18750000000000003,0.15625000000000003,0.125,0.09374999999999997,0.24999999999999997,0.1875
650859,"Rengifo, Luis",2026,172,0.5988372093023255,0.4011627906976745,0.16279069767441864,0.1918604651162791,0.04651162790697675,0.3720930232558139,0.33720930232558133,0.2906976744186047,0.26162790697674415,0.20930232558139542,0.12790697674418613,0.11046511627906974,0.1279069767441859,0.1627906976744186
650968,"Pozo, Yohel",2026,28,0.39285714285714285,0.6071428571428572,0.14285714285714293,0.3571428571428571,0.10714285714285716,0.28571428571428575,0.3928571428571429,0.3214285714285715,0.07142857142857142,0.25,0.07142857142857142,0.21428571428571433,0.1428571428571429,0.2500000000000001
655316,"Monasterio, Andruw",2026,159,0.3459119496855345,0.6540880503144653,0.28301886792452813,0.22012578616352202,0.15094339622641512,0.3962264150943396,0.3270440251572328,0.2767295597484278,0.18238993710691837,0.13836477987421383,0.025157232704402517,0.21383647798742123,0.18867924528301896,0.25157232704402527
656305,"Chapman, Matt",2026,169,0.4970414201183434,0.5029585798816569,0.20118343195266272,0.18343195266272194,0.11834319526627221,0.38461538461538475,0.35502958579881677,0.260355029585799,0.22485207100591734,0.2011834319526627,0.07100591715976333,0.1597633136094674,0.15384615384615408,0.18934911242603564
656413,"Fairchild, Stuart",2026,1,1,0,0,0,0,0,1,0,0,1,0,0,0,0
656484,"Gray, Tristan",2026,109,0.34862385321100914,0.6513761467889908,0.2293577981651377,0.33944954128440363,0.08256880733944952,0.4036697247706424,0.3669724770642201,0.22935779816513774,0.16513761467889904,0.14678899082568805,0.03669724770642202,0.23853211009174335,0.22018348623853204,0.19266055045871572
656537,"Hill, Derek",2026,45,0.488888888888889,0.5111111111111112,0.26666666666666666,0.17777777777777787,0.06666666666666668,0.35555555555555557,0.3777777777777776,0.2666666666666666,0.19999999999999996,0.2,0.08888888888888893,0.1555555555555556,0.1777777777777776,0.17777777777777767
656555,"Hoskins, Rhys",2026,103,0.29126213592233013,0.7087378640776699,0.3009708737864077,0.2233009708737865,0.18446601941747573,0.5436893203883495,0.2815533980582525,0.1747572815533981,0.22330097087378642,0.03883495145631069,0.029126213592233025,0.3203883495145631,0.24271844660194183,0.14563106796116507
656577,"Jackson, Alex",2026,33,0.6363636363636361,0.36363636363636376,0.21212121212121215,0.15151515151515157,0,0.5151515151515151,0.393939393939394,0.09090909090909093,0.3636363636363636,0.2424242424242425,0.030303030303030318,0.15151515151515155,0.1515151515151515,0.06060606060606061
656582,"Joe, Connor",2026,11,0.2727272727272727,0.7272727272727273,0.2727272727272727,0.4545454545454546,0,0.45454545454545453,0.18181818181818182,0.3636363636363636,0.2727272727272727,0,0,0.18181818181818182,0.18181818181818182,0.3636363636363636
656716,"McKinstry, Zach",2026,245,0.3836734693877551,0.6163265306122451,0.30612244897959184,0.26122448979591856,0.0489795918367347,0.38367346938775493,0.35510204081632674,0.26122448979591834,0.2244897959183673,0.12244897959183673,0.03673469387755103,0.15918367346938764,0.23265306122449,0.22448979591836732
656775,"Mullins, Cedric",2026,267,0.3183520599250936,0.6816479400749065,0.31835205992509374,0.19850187265917613,0.16479400749063666,0.4494382022471908,0.31835205992509374,0.23220973782771553,0.16479400749063686,0.10486891385767791,0.04868913857677902,0.2846441947565539,0.21348314606741584,0.1835205992509365
656811,"O'Hearn, Ryan",2026,214,0.39719626168224303,0.6028037383177569,0.2943925233644859,0.23831775700934568,0.07009345794392526,0.38317757009345793,0.3364485981308412,0.28037383177570097,0.18691588785046723,0.1495327102803739,0.060747663551401876,0.1962616822429907,0.1869158878504673,0.2196261682242991
656941,"Schwarber, Kyle",2026,221,0.29864253393665174,0.7013574660633483,0.3393665158371041,0.23981900452488666,0.12217194570135746,0.5565610859728507,0.27149321266968307,0.17194570135746615,0.21719457013574653,0.05882352941176472,0.022624434389140278,0.3393665158371042,0.21266968325791835,0.14932126696832587
656976,"Smith, Pavin",2026,79,0.4430379746835444,0.5569620253164558,0.29113924050632917,0.18987341772151903,0.07594936708860758,0.4177215189873418,0.2658227848101266,0.3164556962025317,0.24050632911392406,0.15189873417721517,0.05063291139240509,0.17721518987341772,0.11392405063291144,0.2658227848101266
657041,"Thomas, Lane",2026,132,0.3560606060606061,0.6439393939393941,0.2424242424242424,0.22727272727272738,0.17424242424242434,0.4318181818181817,0.3636363636363638,0.20454545454545467,0.1893939393939394,0.12121212121212126,0.04545454545454544,0.24242424242424232,0.24242424242424254,0.15909090909090923
657136,"Wong, Connor",2026,103,0.4951456310679613,0.5048543689320389,0.22330097087378648,0.19417475728155345,0.08737864077669902,0.41747572815533973,0.3106796116504856,0.27184466019417486,0.2621359223300969,0.15533980582524276,0.07766990291262134,0.15533980582524282,0.15533980582524282,0.19417475728155353
657656,"Laureano, Ramón",2026,84,0.41666666666666674,0.5833333333333334,0.32142857142857145,0.2023809523809524,0.05952380952380951,0.369047619047619,0.32142857142857134,0.30952380952380976,0.20238095238095244,0.14285714285714285,0.07142857142857142,0.16666666666666657,0.1785714285714285,0.23809523809523833
657675,"Martin Jr., Rudy",2026,1,1,0,0,0,0,0,1,0,0,1,0,0,0,0
657757,"Sheets, Gavin",2026,235,0.4127659574468087,0.5872340425531917,0.2595744680851067,0.20851063829787228,0.11914893617021276,0.3957446808510639,0.3063829787234041,0.2978723404255316,0.17872340425531913,0.14468085106382983,0.08936170212765958,0.21702127659574477,0.16170212765957426,0.20851063829787203
660162,"Moncada, Yoán",2026,57,0.28070175438596495,0.7192982456140352,0.3859649122807018,0.29824561403508776,0.03508771929824561,0.42105263157894746,0.4385964912280701,0.1403508771929825,0.1754385964912281,0.08771929824561404,0.017543859649122806,0.24561403508771937,0.35087719298245607,0.1228070175438597
660271,"Ohtani, Shohei",2026,246,0.4186991869918699,0.5813008130081301,0.30081300813008127,0.2560975609756097,0.02439024390243902,0.5162601626016264,0.2642276422764227,0.21951219512195122,0.313008130081301,0.08943089430894309,0.016260162601626018,0.20325203252032542,0.17479674796747963,0.2032520325203252
660644,"Bruján, Vidal",2026,7,0.5714285714285714,0.4285714285714286,0,0.14285714285714288,0.28571428571428575,0.28571428571428575,0.4285714285714286,0.2857142857142857,0.28571428571428575,0,0.2857142857142857,0,0.4285714285714286,0
660670,"Acuña Jr., Ronald",2026,219,0.42009132420091305,0.5799086757990869,0.2648401826484018,0.22831050228310518,0.0867579908675799,0.37442922374429227,0.3242009132420091,0.30136986301369867,0.21461187214611868,0.15525114155251135,0.050228310502283074,0.1598173515981736,0.16894977168949776,0.25114155251141557
660688,"Ruiz, Keibert",2026,220,0.3227272727272728,0.6772727272727272,0.32272727272727253,0.24545454545454554,0.10909090909090907,0.5818181818181817,0.24999999999999986,0.1681818181818182,0.20909090909090913,0.08181818181818182,0.03181818181818182,0.3727272727272726,0.16818181818181804,0.13636363636363638
660710,"Durán, Rodolfo",2026,49,0.42857142857142855,0.5714285714285714,0.30612244897959173,0.12244897959183676,0.14285714285714288,0.4285714285714285,0.3061224489795919,0.26530612244897966,0.24489795918367344,0.12244897959183672,0.06122448979591838,0.18367346938775506,0.1836734693877552,0.20408163265306128
660821,"Sánchez, Jesús",2026,188,0.4361702127659572,0.5638297872340428,0.27127659574468094,0.22340425531914898,0.06914893617021282,0.3244680851063829,0.41489361702127675,0.2606382978723405,0.18085106382978727,0.21276595744680846,0.04255319148936171,0.14361702127659565,0.2021276595744683,0.2180851063829788
660844,"Rivas, Leo",2026,54,0.35185185185185186,0.6481481481481481,0.33333333333333326,0.2592592592592593,0.05555555555555555,0.4444444444444444,0.33333333333333337,0.2222222222222222,0.2222222222222222,0.11111111111111113,0.018518518518518517,0.2222222222222222,0.22222222222222224,0.2037037037037037
661388,"Contreras, William",2026,349,0.4097421203438395,0.5902578796561607,0.2521489971346707,0.24928366762177667,0.08882521489971344,0.36962750716332377,0.40974212034383944,0.2206303724928367,0.20916905444126072,0.17191977077363912,0.028653295128939833,0.16045845272206305,0.23782234957020032,0.19197707736389688
661531,"Serven, Brian",2026,32,0.375,0.625,0.3125,0.28125,0.03125000000000001,0.375,0.53125,0.09375000000000003,0.125,0.25000000000000006,0,0.25,0.28124999999999994,0.09375000000000003
662139,"Varsho, Daulton",2026,279,0.3870967741935483,0.6129032258064516,0.30824372759856633,0.21505376344086014,0.08960573476702512,0.37634408602150526,0.40501792114695356,0.21863799283154126,0.17921146953405018,0.14695340501792112,0.06093189964157709,0.1971326164874551,0.2580645161290325,0.15770609318996417
663330,"Jones, Jahmai",2026,15,0.26666666666666666,0.7333333333333334,0.2,0.19999999999999998,0.33333333333333337,0.3333333333333333,0.5333333333333333,0.13333333333333336,0.19999999999999998,0.06666666666666668,0,0.13333333333333333,0.4666666666666667,0.13333333333333336
663368,"Perkins, Blake",2026,25,0.5999999999999999,0.4000000000000001,0.24000000000000005,0.07999999999999999,0.08000000000000002,0.48,0.27999999999999997,0.24000000000000005,0.32000000000000006,0.27999999999999997,0,0.15999999999999992,0,0.24000000000000005
663457,"Nootbaar, Lars",2026,188,0.4574468085106387,0.5425531914893619,0.2765957446808512,0.2340425531914894,0.031914893617021274,0.38829787234042545,0.3936170212765958,0.2180851063829786,0.2606382978723404,0.14893617021276606,0.047872340425531915,0.12765957446808507,0.24468085106382975,0.17021276595744667
663494,"Torres, Bryan",2026,106,0.41509433962264164,0.5849056603773584,0.24528301886792453,0.28301886792452824,0.05660377358490567,0.4905660377358491,0.3018867924528302,0.20754716981132088,0.24528301886792458,0.13207547169811318,0.037735849056603786,0.24528301886792453,0.169811320754717,0.16981132075471708
663538,"Hoerner, Nico",2026,433,0.43648960739030035,0.5635103926096998,0.19399538106235567,0.2886836027713627,0.08083140877598155,0.30484988452655903,0.3972286374133949,0.2979214780600463,0.17551963048498845,0.184757505773672,0.0762124711316398,0.12933025404157059,0.21247113163972292,0.2217090069284065
663584,"Senger, Hayden",2026,12,0.5833333333333333,0.41666666666666674,0.16666666666666669,0.16666666666666666,0.08333333333333334,0.33333333333333337,0.3333333333333333,0.33333333333333337,0.25,0.24999999999999997,0.08333333333333334,0.08333333333333337,0.08333333333333334,0.25
663586,"Riley, Austin",2026,268,0.32835820895522416,0.6716417910447763,0.3208955223880598,0.24626865671641787,0.10447761194029855,0.38432835820895506,0.3507462686567166,0.26492537313432846,0.17910447761194037,0.10820895522388067,0.04104477611940298,0.20522388059701469,0.2425373134328359,0.22388059701492546
663604,"Lockridge, Brandon",2026,43,0.7441860465116278,0.2558139534883721,0.11627906976744186,0.11627906976744186,0.02325581395348838,0.23255813953488377,0.5348837209302325,0.23255813953488375,0.23255813953488377,0.3953488372093023,0.11627906976744191,0,0.1395348837209302,0.11627906976744183
663611,"Madrigal, Nick",2026,33,0.48484848484848486,0.5151515151515151,0.18181818181818185,0.303030303030303,0.030303030303030304,0.303030303030303,0.39393939393939387,0.30303030303030304,0.1818181818181819,0.2727272727272726,0.030303030303030304,0.12121212121212108,0.12121212121212127,0.2727272727272727
663616,"Larnach, Trevor",2026,271,0.3948339483394835,0.6051660516605166,0.23616236162361623,0.28413284132841327,0.08487084870848711,0.43911439114391154,0.3726937269372694,0.18819188191881914,0.21771217712177124,0.13284132841328408,0.044280442804428055,0.2214022140221403,0.2398523985239853,0.14391143911439108
663624,"Mountcastle, Ryan",2026,9,0.6666666666666666,0.33333333333333337,0.11111111111111113,0.22222222222222227,0,0.22222222222222227,0.4444444444444444,0.33333333333333337,0.11111111111111113,0.4444444444444444,0.1111111111111111,0.11111111111111113,0,0.22222222222222227
663647,"Hayes, Ke'Bryan",2026,132,0.3560606060606061,0.643939393939394,0.3333333333333333,0.2424242424242425,0.06818181818181822,0.2727272727272727,0.4393939393939395,0.2878787878787879,0.15151515151515155,0.18181818181818177,0.02272727272727273,0.12121212121212116,0.25757575757575774,0.2651515151515152
663656,"Tucker, Kyle",2026,305,0.36065573770491827,0.639344262295082,0.35737704918032803,0.21967213114754086,0.062295081967213096,0.39344262295081955,0.35081967213114734,0.25573770491803277,0.20655737704918023,0.12131147540983615,0.03278688524590165,0.18688524590163932,0.22950819672131118,0.22295081967213112
663662,"Cameron, Daz",2026,3,0,1,0.3333333333333333,0.6666666666666667,0,0,0,1,0,0,0,0,0,1
663697,"India, Jonathan",2026,23,0.21739130434782608,0.7826086956521738,0.34782608695652173,0.13043478260869565,0.3043478260869565,0.3913043478260869,0.34782608695652173,0.2608695652173913,0.13043478260869568,0.04347826086956521,0.04347826086956521,0.26086956521739124,0.30434782608695654,0.21739130434782608
663698,"Bart, Joey",2026,41,0.41463414634146345,0.5853658536585366,0.29268292682926833,0.21951219512195125,0.07317073170731707,0.4146341463414634,0.34146341463414637,0.2439024390243902,0.19512195121951223,0.14634146341463417,0.07317073170731708,0.21951219512195116,0.1951219512195122,0.17073170731707313
663728,"Raleigh, Cal",2026,188,0.2180851063829787,0.781914893617021,0.4840425531914891,0.15957446808510636,0.13829787234042554,0.4734042553191487,0.2659574468085105,0.26063829787234044,0.15425531914893625,0.04255319148936172,0.021276595744680854,0.31914893617021245,0.22340425531914881,0.2393617021276596
663743,"Fortes, Nick",2026,129,0.5348837209302324,0.4651162790697676,0.1627906976744187,0.18604651162790703,0.11627906976744186,0.5426356589147283,0.31007751937984485,0.14728682170542637,0.3255813953488371,0.13953488372093023,0.06976744186046512,0.2170542635658912,0.17054263565891462,0.07751937984496125
663757,"Grisham, Trent",2026,240,0.40416666666666684,0.5958333333333333,0.29583333333333345,0.19999999999999987,0.09999999999999999,0.4916666666666676,0.34583333333333316,0.1625000000000001,0.25,0.13333333333333328,0.020833333333333343,0.24166666666666758,0.21249999999999988,0.14166666666666675
663837,"Vierling, Matt",2026,131,0.36641221374045807,0.6335877862595422,0.29770992366412213,0.23664122137404592,0.09923664122137406,0.31297709923664135,0.4122137404580154,0.27480916030534347,0.20610687022900773,0.12213740458015272,0.03816793893129771,0.10687022900763363,0.2900763358778627,0.23664122137404575
663853,"Gonzalez, Romy",2026,22,0.5909090909090909,0.4090909090909092,0.18181818181818185,0.1818181818181819,0.04545454545454545,0.1818181818181818,0.4545454545454546,0.3636363636363636,0.0909090909090909,0.36363636363636365,0.1363636363636364,0.0909090909090909,0.09090909090909094,0.22727272727272718
663886,"Stephenson, Tyler",2026,219,0.35616438356164404,0.6438356164383562,0.30136986301369867,0.28310502283105016,0.05936073059360733,0.3287671232876713,0.3744292237442924,0.2968036529680364,0.17351598173515975,0.15068493150684928,0.03196347031963472,0.15525114155251157,0.2237442922374431,0.2648401826484017
663967,"Salazar, César",2026,10,0.5,0.5,0.20000000000000004,0.3,0,0.5,0.39999999999999997,0.10000000000000002,0.20000000000000004,0.19999999999999998,0.10000000000000002,0.29999999999999993,0.19999999999999998,0
663968,"Mangum, Jake",2026,253,0.6047430830039527,0.3952569169960477,0.1501976284584981,0.2055335968379448,0.03952569169960478,0.2845849802371542,0.3280632411067194,0.38735177865612647,0.20158102766798414,0.20158102766798405,0.2015810276679842,0.08300395256917004,0.12648221343873536,0.18577075098814227
663993,"Lowe, Nathaniel",2026,254,0.36614173228346464,0.6338582677165356,0.2834645669291339,0.3031496062992127,0.04724409448818897,0.3661417322834644,0.3740157480314962,0.2598425196850394,0.20078740157480318,0.14173228346456693,0.023622047244094488,0.16535433070866123,0.23228346456692925,0.2362204724409449
664023,"Happ, Ian",2026,279,0.40860215053763466,0.5913978494623656,0.3046594982078853,0.22939068100358428,0.05734767025089604,0.4767025089605736,0.36917562724014336,0.1541218637992832,0.2007168458781362,0.18279569892473116,0.025089605734767033,0.2759856630824374,0.1863799283154122,0.12903225806451615
664034,"France, Ty",2026,253,0.41106719367588945,0.5889328063241105,0.2569169960474306,0.2608695652173913,0.07114624505928857,0.375494071146245,0.3517786561264823,0.2727272727272729,0.19367588932806332,0.15415019762845855,0.06324110671936756,0.18181818181818168,0.19762845849802374,0.20948616600790532
664040,"Lowe, Brandon",2026,283,0.33922261484098937,0.6607773851590107,0.3392226148409894,0.25441696113074214,0.06713780918727918,0.4946996466431096,0.3038869257950531,0.2014134275618374,0.204946996466431,0.10247349823321555,0.03180212014134277,0.2897526501766786,0.20141342756183755,0.16961130742049463
664056,"Bader, Harrison",2026,56,0.5714285714285713,0.4285714285714287,0.19642857142857148,0.1964285714285715,0.03571428571428572,0.4999999999999997,0.2678571428571429,0.2321428571428572,0.24999999999999992,0.19642857142857145,0.12499999999999996,0.2499999999999998,0.07142857142857145,0.10714285714285725
664059,"Haggerty, Sam",2026,8,0.875,0.125,0.125,0,0,0.5,0.375,0.125,0.5,0.375,0,0,0,0.125
664068,"Kingery, Scott",2026,2,0.5,0.5,0,0,0.5,0.5,0.5,0,0,0.5,0,0.5,0,0
664238,"Moore, Dylan",2026,1,0,1,1,0,0,0,1,0,0,0,0,0,1,0
664702,"Straw, Myles",2026,127,0.4409448818897636,0.5590551181102364,0.20472440944881906,0.23622047244094488,0.11811023622047251,0.40944881889763785,0.3858267716535433,0.204724409448819,0.21259842519685038,0.1653543307086615,0.06299212598425197,0.19685039370078747,0.22047244094488178,0.14173228346456704
664728,"Isbel, Kyle",2026,173,0.4624277456647398,0.5375722543352601,0.2196531791907515,0.20809248554913296,0.1098265895953757,0.33526011560693636,0.34682080924855485,0.3179190751445086,0.18497109826589597,0.16184971098265893,0.11560693641618497,0.1502890173410404,0.18497109826589592,0.20231213872832365
664731,"Higgins, P.J.",2026,19,0.368421052631579,0.6315789473684211,0.2631578947368421,0.3157894736842105,0.05263157894736843,0.4210526315789474,0.2631578947368421,0.31578947368421056,0.15789473684210525,0.2105263157894737,0,0.26315789473684215,0.05263157894736839,0.31578947368421056
664761,"Bohm, Alec",2026,327,0.5076452599388384,0.4923547400611621,0.2048929663608564,0.25076452599388366,0.036697247706422,0.26605504587155965,0.46788990825688087,0.26605504587155954,0.2018348623853211,0.25993883792048933,0.04587155963302754,0.06422018348623854,0.20795107033639154,0.220183486238532
664770,"Lukes, Nathan",2026,292,0.5205479452054792,0.4794520547945205,0.21232876712328766,0.22260273972602734,0.04452054794520548,0.33561643835616434,0.39726027397260283,0.26712328767123306,0.1952054794520548,0.25342465753424626,0.07191780821917813,0.14041095890410954,0.14383561643835657,0.1952054794520549
664774,"Wade Jr., LaMonte",2026,81,0.3827160493827161,0.617283950617284,0.30864197530864207,0.22222222222222224,0.08641975308641973,0.4444444444444445,0.32098765432098775,0.23456790123456794,0.14814814814814825,0.17283950617283952,0.06172839506172839,0.2962962962962962,0.14814814814814822,0.17283950617283955
664954,"Sullivan, Brett",2026,127,0.29921259842519693,0.7007874015748031,0.34645669291338577,0.24409448818897642,0.11023622047244094,0.5196850393700788,0.2913385826771654,0.18897637795275601,0.2283464566929135,0.055118110236220486,0.015748031496062992,0.2913385826771653,0.2362204724409449,0.17322834645669302
664983,"McCarthy, Jake",2026,320,0.4343750000000001,0.5656249999999997,0.22812499999999988,0.27499999999999974,0.06250000000000007,0.3656249999999999,0.39999999999999997,0.23437500000000003,0.20625,0.17812499999999998,0.050000000000000024,0.15937499999999993,0.221875,0.184375
665019,"Clemens, Kody",2026,294,0.34353741496598655,0.656462585034014,0.35714285714285743,0.24149659863945588,0.057823129251700675,0.45238095238095244,0.3095238095238093,0.23809523809523808,0.21428571428571425,0.10884353741496601,0.02040816326530613,0.2380952380952382,0.20068027210884332,0.21768707482993194
665052,"Conine, Griffin",2026,144,0.423611111111111,0.576388888888889,0.2708333333333334,0.21527777777777776,0.09027777777777775,0.43749999999999994,0.3958333333333333,0.1666666666666667,0.2083333333333334,0.18055555555555552,0.03472222222222222,0.22916666666666655,0.2152777777777778,0.1319444444444445
665161,"Peña, Jeremy",2026,255,0.41568627450980405,0.5843137254901961,0.25882352941176473,0.24705882352941178,0.07843137254901966,0.4941176470588236,0.2941176470588238,0.211764705882353,0.2588235294117644,0.10196078431372554,0.054901960784313746,0.2352941176470592,0.19215686274509827,0.15686274509803924
665487,"Tatis Jr., Fernando",2026,393,0.5012722646310437,0.49872773536895676,0.22391857506361323,0.23155216284987276,0.04325699745547075,0.3206106870229008,0.4071246819338422,0.2722646310432567,0.21628498727735368,0.21882951653944033,0.06615776081424936,0.10432569974554712,0.1882951653944019,0.20610687022900737
665489,"Guerrero Jr., Vladimir",2026,356,0.502808988764045,0.49719101123595505,0.1629213483146067,0.26123595505617986,0.07303370786516848,0.35955056179775285,0.39325842696629215,0.24719101123595508,0.23314606741573035,0.20786516853932577,0.06179775280898884,0.1264044943820225,0.18539325842696638,0.18539325842696625
665506,"Pache, Cristian",2026,2,0.5,0.5,0,0,0.5,0.5,0.5,0,0,0.5,0,0.5,0,0
665561,"Marchán, Rafael",2026,52,0.2884615384615385,0.7115384615384617,0.2692307692307693,0.19230769230769235,0.25000000000000006,0.3846153846153847,0.30769230769230776,0.3076923076923077,0.13461538461538464,0.11538461538461538,0.03846153846153846,0.25000000000000006,0.1923076923076924,0.2692307692307693
665742,"Soto, Juan",2026,212,0.38679245283018865,0.6132075471698113,0.31603773584905664,0.20754716981132074,0.08962264150943394,0.3867924528301886,0.43396226415094336,0.1792452830188678,0.1981132075471698,0.1839622641509433,0.004716981132075471,0.1886792452830188,0.25000000000000006,0.17452830188679233
665750,"Taveras, Leody",2026,219,0.39269406392694073,0.6073059360730596,0.28310502283105016,0.23287671232876742,0.091324200913242,0.3835616438356166,0.4018264840182648,0.21461187214611868,0.16438356164383572,0.17351598173515984,0.05479452054794522,0.21917808219178087,0.22831050228310498,0.15981735159817345
665804,"Amaya, Miguel",2026,98,0.336734693877551,0.6632653061224489,0.32653061224489793,0.1836734693877551,0.1530612244897959,0.3469387755102041,0.41836734693877553,0.23469387755102042,0.14285714285714282,0.163265306122449,0.030612244897959193,0.20408163265306126,0.25510204081632654,0.20408163265306123
665828,"Cabrera, Oswaldo",2026,12,0.7499999999999999,0.24999999999999997,0,0.24999999999999997,0,0.5,0.16666666666666669,0.33333333333333337,0.3333333333333333,0.08333333333333334,0.33333333333333337,0.16666666666666669,0.08333333333333334,0
665833,"Cruz, Oneil",2026,152,0.4934210526315787,0.506578947368421,0.256578947368421,0.21052631578947362,0.03947368421052633,0.388157894736842,0.42105263157894746,0.19078947368421054,0.2368421052631577,0.18421052631578944,0.07236842105263162,0.1513157894736843,0.23684210526315802,0.11842105263157891
665861,"Rivero, Sebastián",2026,31,0.35483870967741926,0.6451612903225807,0.19354838709677422,0.25806451612903225,0.19354838709677422,0.32258064516129037,0.5161290322580645,0.16129032258064518,0.1612903225806452,0.1612903225806452,0.03225806451612903,0.16129032258064516,0.35483870967741926,0.12903225806451615
665862,"Chisholm Jr., Jazz",2026,225,0.44888888888888884,0.5511111111111111,0.2888888888888888,0.19111111111111112,0.07111111111111114,0.5288888888888882,0.29777777777777786,0.17333333333333337,0.28888888888888914,0.1288888888888888,0.031111111111111103,0.23999999999999905,0.16888888888888906,0.14222222222222225
665877,"Fermín, José",2026,155,0.44516129032258067,0.5548387096774193,0.21935483870967734,0.24516129032258072,0.09032258064516133,0.45161290322580644,0.3419354838709679,0.20645161290322583,0.20645161290322595,0.1741935483870968,0.06451612903225803,0.2451612903225805,0.1677419354838711,0.1419354838709678
665923,"Ruiz, Esteury",2026,72,0.41666666666666674,0.5833333333333335,0.16666666666666674,0.3055555555555556,0.11111111111111113,0.4999999999999998,0.2916666666666669,0.20833333333333337,0.1944444444444445,0.1805555555555556,0.041666666666666685,0.30555555555555525,0.1111111111111113,0.16666666666666669
665926,"Giménez, Andrés",2026,268,0.41417910447761214,0.585820895522388,0.25373134328358204,0.23880597014925375,0.09328358208955219,0.42910447761194026,0.28731343283582106,0.28358208955223896,0.22388059701492558,0.14179104477611945,0.04850746268656717,0.20522388059701469,0.1455223880597016,0.2350746268656718
665953,"Chaparro, Andrés",2026,56,0.33928571428571436,0.6607142857142857,0.24999999999999992,0.25000000000000006,0.16071428571428573,0.46428571428571425,0.3035714285714286,0.2321428571428572,0.1785714285714286,0.10714285714285716,0.05357142857142858,0.28571428571428564,0.19642857142857145,0.17857142857142863
665966,"Narváez, Carlos",2026,121,0.3966942148760332,0.6033057851239672,0.26446280991735555,0.23966942148760337,0.09917355371900827,0.33057851239669445,0.38016528925619836,0.28925619834710764,0.14876033057851246,0.20661157024793395,0.04132231404958678,0.181818181818182,0.1735537190082644,0.24793388429752086
666018,"Aranda, Jonathan",2026,310,0.3548387096774194,0.6451612903225803,0.33225806451612877,0.2709677419354838,0.04193548387096774,0.3290322580645161,0.3741935483870967,0.29677419354838686,0.14516129032258077,0.16451612903225815,0.045161290322580684,0.18387096774193532,0.20967741935483852,0.25161290322580615
666023,"Fermin, Freddy",2026,128,0.41406249999999994,0.5859375000000002,0.25000000000000006,0.2421875000000001,0.09375000000000004,0.36718750000000017,0.43749999999999994,0.1953125,0.14062499999999994,0.2343750000000001,0.03906250000000001,0.22656250000000022,0.20312499999999983,0.15625
666126,"Cortes, Carlos",2026,267,0.44194756554307096,0.5580524344569291,0.2247191011235956,0.2584269662921349,0.07490636704119852,0.29213483146067404,0.44943820224719094,0.2584269662921348,0.14606741573033702,0.23970037453183526,0.056179775280898916,0.14606741573033702,0.20973782771535568,0.2022471910112359
666139,"Lowe, Josh",2026,177,0.3333333333333332,0.6666666666666669,0.3502824858757063,0.23728813559322037,0.07909604519774013,0.3389830508474577,0.38983050847457634,0.2711864406779663,0.1581920903954802,0.13559322033898316,0.03954802259887007,0.1807909604519775,0.2542372881355932,0.23163841807909624
666152,"Hamilton, David",2026,213,0.4647887323943662,0.5352112676056335,0.2676056338028166,0.23004694835680753,0.0375586854460094,0.3427230046948357,0.32863849765258235,0.32863849765258213,0.21126760563380284,0.1314553990610328,0.12206572769953049,0.13145539906103285,0.19718309859154956,0.20657276995305163
666160,"Moniak, Mickey",2026,235,0.3319148936170213,0.668085106382979,0.37446808510638313,0.22127659574468098,0.07234042553191493,0.519148936170213,0.3191489361702126,0.16170212765957456,0.21276595744680848,0.1148936170212766,0.004255319148936172,0.3063829787234045,0.20425531914893602,0.1574468085106384
666163,"Rortvedt, Ben",2026,9,0.5555555555555556,0.4444444444444444,0.3333333333333333,0.11111111111111113,0,0.22222222222222227,0.4444444444444444,0.3333333333333333,0.22222222222222227,0.2222222222222222,0.11111111111111113,0,0.2222222222222222,0.22222222222222218
666176,"Adell, Jo",2026,318,0.4150943396226414,0.5849056603773588,0.24213836477987422,0.24213836477987447,0.10062893081761014,0.41509433962264153,0.34591194968553446,0.23899371069182396,0.2358490566037735,0.1415094339622641,0.03773584905660382,0.17924528301886802,0.20440251572327037,0.20125786163522014
666181,"Benson, Will",2026,57,0.31578947368421056,0.6842105263157895,0.45614035087719296,0.1578947368421053,0.07017543859649124,0.4210526315789473,0.29824561403508776,0.28070175438596495,0.21052631578947373,0.08771929824561403,0.017543859649122806,0.21052631578947356,0.21052631578947373,0.26315789473684215
666182,"Bichette, Bo",2026,370,0.49189189189189186,0.5081081081081082,0.23783783783783796,0.245945945945946,0.02432432432432432,0.25135135135135134,0.3513513513513516,0.397297297297297,0.16216216216216214,0.20540540540540547,0.12432432432432428,0.0891891891891892,0.14594594594594612,0.27297297297297274
666185,"Carlson, Dylan",2026,1,0,1,1,0,0,1,0,0,0,0,0,1,0,0
666211,"Trammell, Taylor",2026,137,0.3868613138686131,0.6131386861313869,0.30656934306569344,0.21167883211678834,0.09489051094890515,0.4963503649635039,0.3284671532846715,0.17518248175182483,0.2408759124087591,0.1021897810218979,0.043795620437956186,0.25547445255474477,0.2262773722627736,0.13138686131386865
666310,"Naylor, Bo",2026,56,0.3035714285714286,0.6964285714285716,0.39285714285714296,0.19642857142857148,0.10714285714285715,0.39285714285714285,0.3749999999999999,0.23214285714285712,0.10714285714285716,0.19642857142857148,0,0.2857142857142857,0.1785714285714284,0.23214285714285712
666397,"Julien, Edouard",2026,153,0.49673202614379075,0.5032679738562088,0.2026143790849673,0.2745098039215683,0.026143790849673207,0.3529411764705881,0.4248366013071895,0.22222222222222227,0.24183006535947696,0.1960784313725491,0.05882352941176471,0.11111111111111113,0.22875816993464038,0.16339869281045755
666464,"Encarnacion, Jerar",2026,14,0.5714285714285714,0.42857142857142855,0.3571428571428571,0,0.07142857142857144,0.42857142857142855,0.28571428571428575,0.2857142857142857,0.3571428571428571,0.14285714285714285,0.07142857142857144,0.07142857142857145,0.1428571428571429,0.21428571428571425
666624,"Morel, Christopher",2026,36,0.4444444444444444,0.5555555555555557,0.25000000000000006,0.19444444444444448,0.11111111111111113,0.5833333333333333,0.36111111111111105,0.05555555555555555,0.2777777777777778,0.16666666666666669,0,0.30555555555555547,0.19444444444444436,0.05555555555555555
666931,"Oliva, Jared",2026,4,0.25,0.75,0.5,0.25,0,0.25,0.5,0.25,0,0.25,0,0.25,0.25,0.25
666969,"García, Adolis",2026,106,0.4245283018867925,0.5754716981132078,0.2264150943396227,0.2547169811320756,0.09433962264150944,0.34905660377358494,0.4150943396226415,0.23584905660377364,0.24528301886792464,0.15094339622641512,0.028301886792452834,0.1037735849056603,0.26415094339622636,0.20754716981132082
666971,"Gurriel Jr., Lourdes",2026,108,0.37962962962962954,0.6203703703703706,0.24074074074074084,0.25000000000000006,0.12962962962962965,0.3796296296296296,0.388888888888889,0.2314814814814816,0.16666666666666669,0.16666666666666666,0.04629629629629629,0.2129629629629629,0.22222222222222235,0.1851851851851853
667472,"Myers, Dane",2026,117,0.5042735042735041,0.4957264957264958,0.19658119658119658,0.23076923076923087,0.06837606837606834,0.22222222222222227,0.5042735042735043,0.27350427350427353,0.18803418803418803,0.2905982905982905,0.02564102564102564,0.03418803418803423,0.21367521367521375,0.2478632478632479
667670,"Rooker, Brent",2026,93,0.3870967741935484,0.6129032258064518,0.40860215053763466,0.16129032258064516,0.04301075268817204,0.3655913978494625,0.37634408602150543,0.2580645161290323,0.21505376344086027,0.12903225806451613,0.04301075268817205,0.1505376344086022,0.2473118279569893,0.21505376344086025
668227,"Arozarena, Randy",2026,297,0.4983164983164985,0.5016835016835017,0.2289562289562289,0.2356902356902357,0.03703703703703706,0.3265993265993268,0.39730639730639733,0.27609427609427617,0.1952861952861952,0.23232323232323238,0.07070707070707075,0.13131313131313158,0.16498316498316495,0.20538720538720542
668670,"Rogers, Jake",2026,72,0.375,0.6250000000000002,0.3333333333333335,0.19444444444444445,0.09722222222222227,0.48611111111111105,0.31944444444444464,0.1944444444444445,0.19444444444444448,0.12500000000000003,0.05555555555555556,0.2916666666666666,0.19444444444444461,0.13888888888888895
668709,"Bleday, JJ",2026,248,0.2620967741935485,0.7379032258064515,0.35483870967741915,0.28629032258064524,0.0967741935483871,0.4717741935483867,0.3346774193548388,0.19354838709677433,0.16129032258064516,0.08064516129032263,0.020161290322580645,0.31048387096774155,0.2540322580645162,0.17338709677419367
668715,"Steer, Spencer",2026,188,0.4202127659574466,0.5797872340425534,0.2925531914893618,0.1914893617021278,0.09574468085106383,0.49468085106382986,0.2978723404255319,0.2074468085106384,0.25531914893617014,0.1382978723404255,0.026595744680851064,0.23936170212765973,0.1595744680851064,0.18085106382978733
668723,"Vilade, Ryan",2026,70,0.5142857142857141,0.4857142857142858,0.2142857142857143,0.18571428571428578,0.08571428571428574,0.30000000000000016,0.4857142857142856,0.2142857142857143,0.1714285714285715,0.2714285714285715,0.07142857142857142,0.12857142857142864,0.21428571428571408,0.14285714285714288
668800,"Knizner, Andrew",2026,21,0.38095238095238093,0.6190476190476192,0.2857142857142858,0.23809523809523808,0.09523809523809523,0.47619047619047616,0.4285714285714286,0.09523809523809523,0.23809523809523808,0.1428571428571429,0,0.23809523809523808,0.2857142857142857,0.09523809523809523
668804,"Reynolds, Bryan",2026,278,0.44604316546762623,0.553956834532374,0.26258992805755405,0.2553956834532372,0.035971223021582746,0.4100719424460433,0.33812949640287776,0.2517985611510791,0.23741007194244598,0.15107913669064751,0.05755395683453237,0.1726618705035973,0.18705035971223025,0.19424460431654675
668885,"Martin, Austin",2026,125,0.5439999999999999,0.456,0.20000000000000007,0.19999999999999998,0.056,0.424,0.39199999999999996,0.18400000000000002,0.28,0.22400000000000006,0.039999999999999994,0.14399999999999996,0.1679999999999999,0.14400000000000002
668901,"Vientos, Mark",2026,116,0.4482758620689657,0.5517241379310346,0.2844827586206898,0.146551724137931,0.12068965517241378,0.35344827586206906,0.39655172413793094,0.2500000000000001,0.19827586206896547,0.1637931034482759,0.08620689655172412,0.1551724137931036,0.23275862068965503,0.163793103448276
668904,"Lewis, Royce",2026,235,0.3361702127659574,0.6638297872340428,0.2851063829787235,0.2255319148936172,0.15319148936170215,0.4851063829787235,0.3276595744680851,0.18723404255319168,0.18723404255319145,0.12765957446808515,0.021276595744680857,0.297872340425532,0.19999999999999993,0.16595744680851082
668930,"Turang, Brice",2026,291,0.4158075601374571,0.584192439862543,0.25085910652920973,0.31271477663230224,0.020618556701030924,0.30584192439862545,0.3780068728522337,0.316151202749141,0.1993127147766323,0.16151202749140892,0.05498281786941585,0.10652920962199317,0.2164948453608248,0.26116838487972516
668939,"Rutschman, Adley",2026,189,0.40740740740740755,0.5925925925925924,0.31746031746031744,0.22222222222222213,0.05291005291005291,0.3862433862433862,0.3862433862433864,0.2275132275132275,0.17989417989417986,0.16402116402116398,0.06349206349206349,0.20634920634920637,0.2222222222222224,0.164021164021164
668942,"Rojas, Josh",2026,76,0.39473684210526316,0.6052631578947371,0.34210526315789486,0.18421052631578955,0.07894736842105261,0.3289473684210526,0.40789473684210525,0.263157894736842,0.15789473684210528,0.1578947368421053,0.07894736842105264,0.17105263157894732,0.24999999999999994,0.18421052631578932
668952,"Kreidler, Ryan",2026,104,0.4903846153846155,0.5096153846153848,0.28846153846153855,0.1730769230769231,0.04807692307692308,0.3846153846153846,0.4615384615384616,0.15384615384615385,0.19230769230769235,0.24999999999999992,0.04807692307692305,0.19230769230769224,0.2115384615384617,0.10576923076923081
669003,"Mitchell, Garrett",2026,224,0.5312500000000003,0.46875,0.16964285714285715,0.27232142857142855,0.026785714285714298,0.32589285714285726,0.3883928571428572,0.28571428571428586,0.23214285714285726,0.21875,0.08035714285714285,0.09375,0.1696428571428572,0.20535714285714302
669004,"Melendez, MJ",2026,66,0.2575757575757576,0.7424242424242424,0.43939393939393934,0.19696969696969702,0.10606060606060608,0.5151515151515151,0.3030303030303031,0.18181818181818188,0.15151515151515155,0.07575757575757577,0.030303030303030304,0.3636363636363636,0.22727272727272732,0.15151515151515157
669016,"Marsh, Brandon",2026,315,0.4031746031746036,0.5968253968253966,0.2825396825396824,0.2761904761904761,0.03809523809523812,0.3777777777777778,0.358730158730159,0.26349206349206367,0.196825396825397,0.1587301587301587,0.0476190476190476,0.18095238095238084,0.20000000000000032,0.21587301587301605
669065,"Stowers, Kyle",2026,223,0.3542600896860988,0.6457399103139014,0.3632286995515695,0.2107623318385651,0.07174887892376683,0.47085201793721987,0.35874439461883395,0.17040358744394618,0.22421524663677128,0.10762331838565022,0.022421524663677136,0.2466367713004486,0.25112107623318375,0.14798206278026904
669087,"Huff, Sam",2026,9,0.33333333333333337,0.6666666666666667,0.3333333333333333,0.2222222222222222,0.1111111111111111,0.8888888888888888,0.1111111111111111,0,0.33333333333333337,0,0,0.5555555555555555,0.1111111111111111,0
669127,"Langeliers, Shea",2026,224,0.3392857142857142,0.6607142857142856,0.2901785714285715,0.24553571428571397,0.12500000000000014,0.3883928571428572,0.3571428571428573,0.25446428571428553,0.1964285714285716,0.11160714285714293,0.03125,0.19196428571428562,0.24553571428571438,0.22321428571428553
669134,"Campusano, Luis",2026,127,0.3700787401574803,0.6299212598425198,0.2519685039370079,0.2440944881889764,0.13385826771653547,0.4094488188976379,0.3464566929133858,0.24409448818897636,0.18110236220472442,0.12598425196850394,0.06299212598425197,0.22834645669291348,0.2204724409448819,0.1811023622047244
669208,"Bliss, Ryan",2026,4,0.5,0.5,0.25,0.25,0,0.25,0.5,0.25,0.25,0.25,0,0,0.25,0.25
669221,"Murphy, Sean",2026,54,0.5740740740740741,0.425925925925926,0.18518518518518523,0.20370370370370372,0.037037037037037035,0.537037037037037,0.33333333333333337,0.12962962962962965,0.38888888888888895,0.16666666666666669,0.018518518518518517,0.14814814814814803,0.16666666666666669,0.11111111111111113
669224,"Wells, Austin",2026,172,0.33139534883720934,0.6686046511627907,0.3488372093023256,0.2267441860465116,0.09302325581395353,0.4825581395348838,0.3139534883720931,0.2034883720930233,0.20930232558139533,0.08139534883720934,0.04069767441860466,0.27325581395348847,0.23255813953488375,0.16279069767441864
669236,"Jackson, Jeremiah",2026,148,0.5067567567567566,0.49324324324324326,0.2567567567567568,0.15540540540540537,0.08108108108108109,0.4391891891891891,0.33108108108108114,0.22972972972972977,0.32432432432432434,0.14864864864864868,0.03378378378378378,0.11486486486486475,0.18243243243243246,0.195945945945946
669242,"Edman, Tommy",2026,160,0.42499999999999993,0.5749999999999997,0.2999999999999998,0.20624999999999996,0.06875000000000002,0.39375000000000016,0.33749999999999986,0.26875000000000016,0.2375,0.13750000000000004,0.05,0.15625000000000017,0.19999999999999982,0.21875000000000017
669256,"Solak, Nick",2026,2,0.5,0.5,0,0.5,0,0,0.5,0.5,0,0.5,0,0,0,0.5
669257,"Smith, Will",2026,144,0.26388888888888884,0.736111111111111,0.39583333333333315,0.2777777777777779,0.06250000000000001,0.2777777777777778,0.4513888888888888,0.2708333333333335,0.14583333333333337,0.09722222222222221,0.020833333333333332,0.13194444444444442,0.3541666666666666,0.25000000000000017
669288,"Johnson, Daniel",2026,8,0.5,0.5,0.12500000000000003,0.125,0.25,0.5,0.375,0.12500000000000003,0.25000000000000006,0.25,0,0.24999999999999994,0.125,0.12500000000000003
669289,"Espinal, Santiago",2026,20,0.5000000000000001,0.4999999999999999,0.049999999999999996,0.4499999999999999,0,0.35000000000000003,0.5,0.15,0.10000000000000002,0.3,0.09999999999999999,0.25,0.2,0.05
669326,"Teodosio, Bryce",2026,17,0.5882352941176471,0.4117647058823529,0.11764705882352941,0.11764705882352941,0.17647058823529413,0.05882352941176472,0.35294117647058826,0.5882352941176471,0.05882352941176472,0.23529411764705882,0.29411764705882354,0,0.11764705882352944,0.29411764705882354
669357,"Gorman, Nolan",2026,140,0.3,0.7000000000000002,0.392857142857143,0.2428571428571429,0.06428571428571427,0.4357142857142858,0.2928571428571427,0.2714285714285716,0.16428571428571442,0.10714285714285714,0.02857142857142858,0.27142857142857135,0.18571428571428555,0.242857142857143
669360,"Cruz, Trei",2026,2,0.5,0.5,0.5,0,0,0.5,0,0.5,0.5,0,0,0,0,0.5
669364,"Edwards, Xavier",2026,336,0.46428571428571436,0.5357142857142856,0.23511904761904756,0.25892857142857134,0.04166666666666666,0.3065476190476192,0.3720238095238091,0.32142857142857156,0.2113095238095238,0.17261904761904778,0.08035714285714288,0.09523809523809537,0.1994047619047613,0.2410714285714287
669369,"Johnson, Bryce",2026,21,0.47619047619047616,0.5238095238095238,0.28571428571428575,0.04761904761904763,0.19047619047619047,0.2857142857142858,0.33333333333333337,0.380952380952381,0.19047619047619052,0.09523809523809526,0.1904761904761905,0.09523809523809529,0.2380952380952381,0.1904761904761905
669384,"Delgado, Raynel",2026,25,0.48000000000000004,0.52,0.24,0.24000000000000005,0.04000000000000001,0.5199999999999999,0.32,0.16,0.24,0.19999999999999998,0.039999999999999994,0.2799999999999999,0.12000000000000002,0.12000000000000001
669392,"Taylor, Samad",2026,78,0.5256410256410259,0.47435897435897434,0.12820512820512817,0.30769230769230776,0.03846153846153846,0.3846153846153845,0.43589743589743585,0.17948717948717957,0.2820512820512821,0.19230769230769237,0.05128205128205128,0.10256410256410242,0.24358974358974347,0.1282051282051283
669394,"Burger, Jake",2026,284,0.4577464788732394,0.5422535211267606,0.278169014084507,0.1901408450704226,0.07394366197183097,0.4471830985915494,0.36971830985915494,0.18309859154929584,0.2112676056338028,0.1971830985915492,0.049295774647887335,0.2359154929577466,0.17253521126760574,0.1338028169014085
669397,"Allen, Nick",2026,85,0.4941176470588235,0.5058823529411766,0.211764705882353,0.1647058823529412,0.1294117647058823,0.37647058823529417,0.4000000000000002,0.22352941176470592,0.20000000000000004,0.18823529411764703,0.10588235294117651,0.17647058823529413,0.21176470588235316,0.11764705882352941
669398,"Workman, Gage",2026,24,0.375,0.625,0.33333333333333326,0.29166666666666674,0,0.33333333333333337,0.29166666666666674,0.375,0.125,0.16666666666666663,0.08333333333333333,0.20833333333333337,0.1250000000000001,0.2916666666666667
669477,"Schmitt, Casey",2026,223,0.30493273542600896,0.6950672645739908,0.3542600896860984,0.21973094170403587,0.1210762331838565,0.37668161434977593,0.3766816143497759,0.24663677130044814,0.1300448430493275,0.13452914798206284,0.04035874439461885,0.24663677130044842,0.24215246636771304,0.2062780269058293
669699,"Shewmake, Braden",2026,64,0.43750000000000006,0.5625000000000001,0.296875,0.2187500000000001,0.046875,0.35937500000000006,0.37499999999999994,0.265625,0.18750000000000003,0.18750000000000006,0.0625,0.17187500000000003,0.1874999999999999,0.203125
669701,"Smith, Josh",2026,141,0.3546099290780142,0.6453900709219863,0.3475177304964542,0.22695035460992924,0.07092198581560284,0.3475177304964541,0.34042553191489366,0.3120567375886523,0.17021276595744678,0.11347517730496459,0.07092198581560283,0.17730496453900735,0.22695035460992907,0.2411347517730495
669707,"Triolo, Jared",2026,143,0.5524475524475524,0.44755244755244766,0.18881118881118886,0.21678321678321683,0.04195804195804197,0.39860139860139865,0.3356643356643357,0.2657342657342656,0.3216783216783215,0.1398601398601399,0.0909090909090909,0.07692307692307715,0.19580419580419578,0.17482517482517473
669717,"Wilson, Will",2026,2,0.5,0.5,0.5,0,0,1,0,0,0.5,0,0,0.5,0,0
669720,"Hays, Austin",2026,35,0.5714285714285714,0.42857142857142866,0.17142857142857146,0.22857142857142862,0.028571428571428584,0.45714285714285713,0.34285714285714286,0.2,0.2571428571428572,0.2571428571428572,0.057142857142857155,0.19999999999999996,0.08571428571428569,0.14285714285714285
669743,"Call, Alex",2026,82,0.4512195121951221,0.5487804878048781,0.2682926829268292,0.15853658536585374,0.12195121951219512,0.3292682926829268,0.35365853658536583,0.3170731707317074,0.19512195121951223,0.1829268292682927,0.0731707317073171,0.13414634146341456,0.17073170731707313,0.2439024390243903
669899,"Ward, Ryan",2026,37,0.37837837837837834,0.6216216216216217,0.27027027027027034,0.2702702702702703,0.08108108108108109,0.5675675675675675,0.18918918918918923,0.24324324324324323,0.2702702702702703,0.0810810810810811,0.027027027027027025,0.29729729729729726,0.10810810810810813,0.2162162162162162
669911,"Toglia, Michael",2026,11,0.36363636363636365,0.6363636363636364,0.2727272727272727,0.36363636363636365,0,0.45454545454545453,0.36363636363636365,0.18181818181818185,0.1818181818181818,0.18181818181818182,0,0.2727272727272727,0.18181818181818182,0.18181818181818185
670032,"Lopez, Nicky",2026,160,0.5874999999999999,0.41250000000000003,0.15000000000000002,0.23125,0.03125,0.3000000000000002,0.45625000000000004,0.2437500000000001,0.22499999999999998,0.30625000000000013,0.05625,0.07500000000000023,0.1499999999999999,0.1875000000000001
670042,"Raley, Luke",2026,154,0.35064935064935066,0.6493506493506496,0.31168831168831174,0.26623376623376643,0.07142857142857142,0.448051948051948,0.2987012987012987,0.25324675324675333,0.1753246753246753,0.13636363636363635,0.038961038961038974,0.2727272727272727,0.16233766233766234,0.21428571428571436
670097,"Short, Zack",2026,19,0.21052631578947367,0.7894736842105263,0.47368421052631576,0.10526315789473686,0.21052631578947367,0.4736842105263158,0.368421052631579,0.15789473684210528,0.10526315789473684,0.10526315789473686,0,0.368421052631579,0.26315789473684215,0.15789473684210528
670156,"Mastrobuoni, Miles",2026,16,0.43749999999999994,0.5625,0.3125,0.25,0,0.375,0.5625,0.0625,0.25,0.18749999999999997,0,0.125,0.375,0.0625
670224,"Misner, Kameron",2026,17,0.29411764705882354,0.7058823529411765,0.35294117647058826,0.23529411764705882,0.11764705882352941,0.3529411764705883,0.41176470588235287,0.23529411764705882,0.17647058823529416,0.11764705882352941,0,0.17647058823529416,0.2941176470588235,0.23529411764705882
670231,"Rave, John",2026,81,0.45679012345679015,0.54320987654321,0.2222222222222223,0.20987654320987656,0.11111111111111112,0.45679012345679026,0.33333333333333337,0.2098765432098766,0.22222222222222224,0.17283950617283952,0.06172839506172838,0.23456790123456803,0.16049382716049385,0.1481481481481482
670242,"Wallner, Matt",2026,42,0.5714285714285714,0.4285714285714286,0.11904761904761903,0.23809523809523814,0.07142857142857145,0.5000000000000001,0.33333333333333337,0.16666666666666669,0.3809523809523808,0.19047619047619047,0,0.11904761904761929,0.1428571428571429,0.16666666666666669
670541,"Alvarez, Yordan",2026,315,0.273015873015873,0.7269841269841271,0.3904761904761906,0.27936507936507937,0.05714285714285713,0.4222222222222224,0.30476190476190496,0.2730158730158729,0.16825396825396827,0.07619047619047623,0.02857142857142855,0.2539682539682541,0.22857142857142873,0.24444444444444433
670623,"Paredes, Isaac",2026,364,0.3021978021978022,0.6978021978021979,0.3076923076923079,0.2499999999999998,0.14010989010989017,0.48901098901098905,0.27472527472527464,0.23626373626373634,0.1730769230769231,0.07692307692307691,0.05219780219780221,0.3159340659340659,0.1978021978021977,0.18406593406593413
670764,"Walls, Taylor",2026,171,0.45029239766081874,0.5497076023391811,0.2807017543859647,0.20467836257309943,0.06432748538011697,0.42105263157894735,0.30409356725146186,0.27485380116959063,0.23391812865497075,0.14035087719298245,0.0760233918128655,0.1871345029239766,0.1637426900584794,0.19883040935672514
670770,"Friedl, TJ",2026,155,0.4064516129032259,0.5935483870967742,0.2838709677419354,0.21290322580645168,0.0967741935483871,0.39999999999999997,0.38064516129032244,0.21935483870967745,0.19999999999999998,0.1483870967741936,0.05806451612903228,0.19999999999999998,0.23225806451612885,0.16129032258064518
671056,"Herrera, Iván",2026,330,0.5363636363636367,0.4636363636363637,0.1787878787878788,0.2060606060606061,0.07878787878787881,0.36666666666666653,0.4272727272727271,0.206060606060606,0.23030303030303045,0.2151515151515153,0.09090909090909088,0.13636363636363608,0.2121212121212118,0.11515151515151512
671083,"Kennedy, Buddy",2026,14,0.2857142857142857,0.7142857142857144,0.2142857142857143,0.2142857142857143,0.2857142857142858,0.5000000000000001,0.35714285714285715,0.14285714285714288,0.21428571428571427,0,0.07142857142857144,0.2857142857142858,0.35714285714285715,0.07142857142857144
671155,"Johnson, Ivan",2026,3,0.6666666666666666,0.33333333333333337,0.33333333333333337,0,0,0,0.6666666666666666,0.33333333333333337,0,0.6666666666666666,0,0,0,0.33333333333333337
671218,"Ramos, Heliot",2026,212,0.5613207547169813,0.43867924528301877,0.23113207547169795,0.179245283018868,0.02830188679245283,0.32075471698113195,0.43867924528301905,0.24056603773584903,0.2500000000000001,0.2641509433962265,0.04716981132075472,0.07075471698113184,0.17452830188679253,0.1933962264150943
671277,"García Jr., Luis",2026,356,0.41573033707865154,0.5842696629213485,0.24157303370786518,0.27528089887640467,0.06741573033707873,0.4016853932584269,0.3735955056179775,0.22471910112359547,0.20505617977528065,0.16573033707865176,0.04494382022471914,0.19662921348314624,0.20786516853932574,0.17977528089887634
671286,"Rodríguez, Johnathan",2026,1,1,0,0,0,0,0,0,1,0,0,1,0,0,0
671289,"Freeman, Tyler",2026,148,0.5472972972972975,0.45270270270270263,0.18243243243243246,0.22972972972972963,0.04054054054054054,0.36486486486486475,0.3378378378378378,0.2972972972972973,0.25000000000000006,0.20270270270270274,0.09459459459459459,0.11486486486486469,0.13513513513513503,0.20270270270270274
671655,"Valera, George",2026,28,0.5,0.49999999999999994,0.07142857142857142,0.25,0.17857142857142855,0.4999999999999999,0.2857142857142858,0.21428571428571427,0.25,0.21428571428571427,0.035714285714285726,0.2499999999999999,0.07142857142857154,0.17857142857142855
671732,"Butler, Lawrence",2026,244,0.4795081967213117,0.5204918032786886,0.22540983606557377,0.23360655737704927,0.061475409836065566,0.3811475409836068,0.34426229508196715,0.27459016393442615,0.25000000000000006,0.14344262295081966,0.08606557377049183,0.13114754098360676,0.2008196721311475,0.1885245901639343
671739,"Harris II, Michael",2026,306,0.4477124183006535,0.5522875816993462,0.2418300653594773,0.2581699346405226,0.052287581699346386,0.31699346405228757,0.42483660130718953,0.25816993464052274,0.173202614379085,0.20588235294117654,0.06862745098039218,0.14379084967320258,0.218954248366013,0.18954248366013055
671976,"Peters, Tristan",2026,309,0.3980582524271845,0.6019417475728158,0.2880258899676377,0.23300970873786414,0.08090614886731394,0.5080906148867318,0.2944983818770225,0.19741100323624594,0.23624595469255652,0.1229773462783171,0.038834951456310676,0.2718446601941753,0.17152103559870538,0.15857605177993528
672012,"Black, Tyler",2026,19,0.42105263157894735,0.5789473684210527,0.368421052631579,0.15789473684210528,0.05263157894736842,0.3157894736842105,0.42105263157894735,0.26315789473684215,0.2631578947368421,0.15789473684210528,0,0.05263157894736842,0.26315789473684204,0.26315789473684215
672016,"Clarke, Denzel",2026,24,0.7916666666666667,0.20833333333333331,0.08333333333333333,0.04166666666666666,0.08333333333333334,0.4583333333333333,0.29166666666666674,0.25,0.4166666666666667,0.20833333333333337,0.16666666666666666,0.04166666666666663,0.08333333333333337,0.08333333333333334
672275,"Bailey, Patrick",2026,191,0.41884816753926696,0.5811518324607329,0.25654450261780104,0.26701570680628256,0.05759162303664924,0.3717277486910995,0.40837696335078544,0.2198952879581152,0.2041884816753926,0.1727748691099476,0.0418848167539267,0.16753926701570687,0.23560209424083783,0.1780104712041885
672279,"Siani, Michael",2026,1,1,0,0,0,0,1,0,0,1,0,0,0,0,0
672284,"Kelenic, Jarred",2026,36,0.4444444444444445,0.5555555555555556,0.3611111111111111,0.19444444444444445,0,0.3055555555555556,0.41666666666666663,0.2777777777777778,0.19444444444444448,0.22222222222222227,0.027777777777777783,0.1111111111111111,0.19444444444444436,0.25
672356,"Arias, Gabriel",2026,56,0.5892857142857144,0.4107142857142858,0.16071428571428575,0.19642857142857145,0.05357142857142858,0.3035714285714286,0.4464285714285714,0.24999999999999997,0.23214285714285718,0.2857142857142858,0.07142857142857144,0.07142857142857142,0.1607142857142856,0.17857142857142855
672386,"Kirk, Alejandro",2026,172,0.5174418604651163,0.4825581395348837,0.20348837209302317,0.2151162790697675,0.06395348837209304,0.25000000000000017,0.40697674418604657,0.34302325581395354,0.14534883720930233,0.25,0.12209302325581393,0.10465116279069783,0.15697674418604657,0.2209302325581396
672515,"Moreno, Gabriel",2026,290,0.4310344827586207,0.5689655172413792,0.2517241379310346,0.2620689655172412,0.05517241379310348,0.34137931034482755,0.3103448275862068,0.3482758620689656,0.20344827586206904,0.15172413793103445,0.07586206896551728,0.1379310344827585,0.15862068965517234,0.2724137931034483
672569,"Campero, Gustavo",2026,4,0.25,0.75,0.5,0.25,0,0.25,0.75,0,0,0.25,0,0.25,0.5,0
672580,"Garcia, Maikel",2026,200,0.45500000000000007,0.5450000000000002,0.20500000000000013,0.265,0.07500000000000004,0.3100000000000001,0.43500000000000016,0.2549999999999999,0.18999999999999997,0.2200000000000002,0.04499999999999999,0.12000000000000013,0.21499999999999997,0.2099999999999999
672613,"Alfonzo, Eliezer",2026,12,0.3333333333333333,0.6666666666666667,0.4166666666666667,0.16666666666666669,0.08333333333333333,0.41666666666666663,0.41666666666666663,0.16666666666666669,0.16666666666666666,0.16666666666666666,0,0.24999999999999997,0.24999999999999997,0.16666666666666669
672640,"Lopez, Otto",2026,406,0.5123152709359603,0.48768472906403926,0.21674876847290625,0.22413793103448276,0.04679802955665023,0.34729064039408863,0.4039408866995073,0.248768472906404,0.2118226600985221,0.21921182266009848,0.08128078817733986,0.13546798029556653,0.1847290640394088,0.16748768472906414
672642,"Berroa, Steward",2026,2,0,1,0.5,0.5,0,0,1,0,0,0,0,0,1,0
672695,"Perdomo, Geraldo",2026,341,0.35483870967741915,0.6451612903225807,0.278592375366569,0.31671554252199413,0.04985337243401757,0.4545454545454546,0.316715542521994,0.22873900293255123,0.219941348973607,0.09677419354838707,0.03812316715542522,0.23460410557184758,0.21994134897360695,0.190615835777126
672724,"Peraza, Oswald",2026,144,0.583333333333333,0.41666666666666685,0.17361111111111122,0.21527777777777785,0.02777777777777778,0.35416666666666674,0.41666666666666674,0.22916666666666663,0.27777777777777785,0.22916666666666682,0.0763888888888889,0.0763888888888889,0.18749999999999992,0.15277777777777773
672761,"Pérez, Wenceel",2026,88,0.4318181818181819,0.5681818181818182,0.28409090909090906,0.14772727272727276,0.13636363636363638,0.5113636363636361,0.20454545454545456,0.2840909090909091,0.27272727272727265,0.10227272727272728,0.056818181818181816,0.23863636363636348,0.10227272727272728,0.2272727272727273
672820,"Sosa, Lenyn",2026,60,0.40000000000000013,0.6000000000000001,0.2333333333333333,0.20000000000000007,0.16666666666666669,0.3499999999999998,0.33333333333333337,0.3166666666666667,0.2000000000000001,0.16666666666666669,0.03333333333333334,0.14999999999999972,0.16666666666666669,0.2833333333333334
672960,"Okamoto, Kazuma",2026,282,0.35815602836879434,0.6418439716312051,0.31914893617021234,0.21985815602836872,0.10283687943262411,0.48581560283687936,0.301418439716312,0.21276595744680862,0.2304964539007091,0.09574468085106382,0.03191489361702128,0.25531914893617025,0.2056737588652482,0.18085106382978733
673237,"Diaz, Yainer",2026,216,0.5370370370370369,0.462962962962963,0.18055555555555558,0.22685185185185183,0.055555555555555594,0.38888888888888884,0.40740740740740744,0.20370370370370366,0.24537037037037032,0.2361111111111111,0.05555555555555555,0.14351851851851852,0.17129629629629634,0.1481481481481481
673357,"Robert Jr., Luis",2026,105,0.42857142857142866,0.5714285714285713,0.2666666666666666,0.18095238095238092,0.12380952380952379,0.42857142857142855,0.3428571428571428,0.22857142857142862,0.21904761904761913,0.16190476190476186,0.04761904761904763,0.20952380952380942,0.18095238095238095,0.18095238095238098
673490,"Kim, Ha-Seong",2026,49,0.42857142857142855,0.5714285714285716,0.18367346938775514,0.22448979591836737,0.16326530612244905,0.4081632653061224,0.3877551020408165,0.2040816326530612,0.2244897959183674,0.16326530612244902,0.04081632653061225,0.183673469387755,0.22448979591836746,0.16326530612244894
673548,"Suzuki, Seiya",2026,287,0.3623693379790941,0.6376306620209059,0.3310104529616724,0.22299651567944256,0.08362369337979088,0.4076655052264808,0.34843205574912883,0.24390243902439054,0.20905923344947713,0.1114982578397213,0.041811846689895495,0.19860627177700368,0.23693379790940755,0.20209059233449506
673962,"Jung, Josh",2026,235,0.41702127659574467,0.5829787234042555,0.23404255319148945,0.31063829787234043,0.038297872340425546,0.4085106382978722,0.3702127659574469,0.22127659574468098,0.22978723404255333,0.15319148936170207,0.03404255319148938,0.17872340425531888,0.21702127659574483,0.1872340425531916
673995,"Wendzel, Davis",2026,1,1,0,0,0,0,1,0,0,1,0,0,0,0,0
675659,"Jones, Greg",2026,10,0.7,0.3,0.09999999999999999,0.09999999999999999,0.09999999999999999,0.2,0.6,0.19999999999999998,0.2,0.4000000000000001,0.09999999999999999,0,0.1999999999999999,0.09999999999999999
675961,"Williams, Alika",2026,92,0.5,0.5000000000000001,0.16304347826086962,0.2173913043478261,0.11956521739130441,0.46739130434782605,0.4021739130434782,0.13043478260869565,0.3152173913043477,0.16304347826086962,0.021739130434782615,0.15217391304347833,0.2391304347826086,0.10869565217391303
676356,"DeLuca, Jonny",2026,161,0.403726708074534,0.5962732919254661,0.22360248447204983,0.21118012422360252,0.16149068322981375,0.4409937888198759,0.2857142857142858,0.2732919254658386,0.20496894409937888,0.16149068322981366,0.03726708074534164,0.236024844720497,0.12422360248447215,0.23602484472049695
676369,"Velázquez, Nelson",2026,18,0.2777777777777778,0.7222222222222223,0.2777777777777778,0.38888888888888895,0.055555555555555566,0.4444444444444444,0.27777777777777785,0.27777777777777785,0.16666666666666669,0,0.11111111111111113,0.27777777777777773,0.27777777777777785,0.1666666666666667
676391,"Clement, Ernie",2026,365,0.3972602739726029,0.6027397260273974,0.26849315068493174,0.23287671232876714,0.10136986301369856,0.4136986301369865,0.380821917808219,0.20547945205479462,0.2191780821917809,0.1561643835616438,0.021917808219178096,0.1945205479452056,0.2246575342465752,0.18356164383561652
676439,"Feduccia, Hunter",2026,129,0.3875968992248062,0.6124031007751937,0.31007751937984496,0.2790697674418603,0.02325581395348838,0.32558139534883723,0.4031007751937986,0.2713178294573642,0.16279069767441856,0.17054263565891478,0.05426356589147289,0.16279069767441867,0.23255813953488383,0.21705426356589133
676475,"Burleson, Alec",2026,330,0.4181818181818181,0.5818181818181817,0.28181818181818186,0.23333333333333311,0.06666666666666672,0.48181818181818153,0.27575757575757576,0.24242424242424246,0.2636363636363639,0.11212121212121216,0.042424242424242406,0.21818181818181764,0.16363636363636358,0.20000000000000007
676480,"Barrero, José",2026,3,0.3333333333333333,0.6666666666666667,0.33333333333333337,0,0.33333333333333337,1,0,0,0.3333333333333333,0,0,0.6666666666666667,0,0
676551,"Hicklen, Brewer",2026,18,0.5,0.5,0.22222222222222227,0.2777777777777778,0,0.6111111111111112,0.3333333333333334,0.05555555555555555,0.4444444444444444,0.055555555555555566,0,0.16666666666666674,0.27777777777777785,0.05555555555555555
676566,"Ross, Shawn",2026,3,0.33333333333333337,0.6666666666666666,0.6666666666666666,0,0,0.6666666666666667,0.3333333333333333,0,0.33333333333333337,0,0,0.33333333333333337,0.3333333333333333,0
676572,"Wagaman, Eric",2026,7,0.8571428571428572,0.14285714285714288,0,0.14285714285714288,0,0.4285714285714286,0.4285714285714286,0.14285714285714285,0.28571428571428575,0.4285714285714286,0.14285714285714285,0.14285714285714285,0,0
676609,"Caballero, José",2026,220,0.47727272727272724,0.5227272727272726,0.2045454545454545,0.19999999999999987,0.1181818181818182,0.41818181818181804,0.36818181818181817,0.21363636363636365,0.2318181818181818,0.16818181818181824,0.07727272727272728,0.18636363636363623,0.19999999999999993,0.13636363636363635
676694,"Meyers, Jake",2026,70,0.4428571428571428,0.5571428571428573,0.27142857142857146,0.2000000000000001,0.08571428571428573,0.41428571428571437,0.3142857142857143,0.2714285714285715,0.2857142857142856,0.14285714285714296,0.014285714285714285,0.12857142857142878,0.17142857142857132,0.25714285714285723
676724,"Young, Jared",2026,206,0.4660194174757281,0.533980582524272,0.2475728155339806,0.2233009708737865,0.06310679611650488,0.4466019417475731,0.3932038834951456,0.16019417475728165,0.2475728155339807,0.18932038834951453,0.029126213592233035,0.19902912621359242,0.2038834951456311,0.13106796116504862
676914,"Schneider, Davis",2026,41,0.29268292682926833,0.7073170731707318,0.43902439024390244,0.14634146341463417,0.12195121951219515,0.36585365853658536,0.3414634146341463,0.29268292682926833,0.17073170731707318,0.024390243902439036,0.0975609756097561,0.19512195121951217,0.31707317073170727,0.19512195121951223
677008,"Kjerstad, Heston",2026,10,0.4,0.6,0.19999999999999998,0.39999999999999997,0,0.30000000000000004,0.39999999999999997,0.3,0.09999999999999999,0.10000000000000002,0.19999999999999998,0.20000000000000007,0.29999999999999993,0.1
677060,"Stevens, Chad",2026,8,0.125,0.875,0.375,0.5,0,0.375,0.375,0.25000000000000006,0.125,0,0,0.25,0.375,0.25000000000000006
677587,"Rocchio, Brayan",2026,304,0.404605263157895,0.5953947368421052,0.25000000000000006,0.26315789473684204,0.08223684210526314,0.44407894736842096,0.375,0.1809210526315791,0.2171052631578949,0.14802631578947367,0.03947368421052632,0.22697368421052605,0.22697368421052633,0.14144736842105277
677588,"Tena, José",2026,159,0.49685534591194974,0.5031446540880504,0.21383647798742142,0.23270440251572336,0.05660377358490567,0.32704402515723274,0.42138364779874216,0.2515723270440251,0.2012578616352202,0.25157232704402505,0.04402515723270442,0.12578616352201255,0.1698113207547171,0.20754716981132068
677592,"Pereira, Everson",2026,42,0.5238095238095238,0.4761904761904763,0.23809523809523814,0.14285714285714288,0.09523809523809526,0.3333333333333332,0.47619047619047616,0.1904761904761905,0.261904761904762,0.19047619047619052,0.07142857142857142,0.07142857142857123,0.28571428571428564,0.11904761904761907
677594,"Rodríguez, Julio",2026,321,0.44859813084112155,0.5514018691588785,0.2180685358255452,0.2523364485981307,0.0809968847352025,0.4112149532710282,0.35202492211838,0.23676012461059195,0.2149532710280375,0.1651090342679127,0.06853582554517142,0.1962616822429907,0.18691588785046728,0.16822429906542052
677595,"Mauricio, Ronny",2026,30,0.5666666666666669,0.43333333333333335,0.16666666666666666,0.19999999999999998,0.06666666666666668,0.5,0.43333333333333324,0.06666666666666668,0.29999999999999993,0.26666666666666666,0,0.20000000000000007,0.16666666666666657,0.06666666666666668
677649,"Duran, Ezequiel",2026,302,0.4867549668874171,0.5132450331125827,0.22185430463576156,0.21854304635761584,0.07284768211920534,0.3609271523178806,0.3543046357615894,0.28476821192052976,0.22847682119205287,0.19536423841059586,0.06291390728476827,0.1324503311258277,0.15894039735099352,0.2218543046357615
677800,"Abreu, Wilyer",2026,308,0.3084415584415584,0.6915584415584419,0.3928571428571431,0.22077922077922082,0.07792207792207795,0.3603896103896102,0.35389610389610426,0.2857142857142861,0.16883116883116872,0.10714285714285714,0.03246753246753251,0.19155844155844148,0.2467532467532471,0.25324675324675355
677870,"Jiménez, Leo",2026,65,0.5692307692307693,0.4307692307692308,0.21538461538461537,0.2153846153846154,0,0.353846153846154,0.4000000000000001,0.24615384615384622,0.2615384615384616,0.2307692307692308,0.07692307692307694,0.09230769230769237,0.16923076923076927,0.1692307692307693
677942,"Alexander, Blaze",2026,130,0.5,0.49999999999999994,0.18461538461538468,0.30769230769230754,0.007692307692307695,0.31538461538461543,0.40769230769230763,0.2769230769230769,0.17692307692307696,0.23846153846153847,0.08461538461538465,0.13846153846153847,0.16923076923076916,0.19230769230769224
677943,"Banfield, Will",2026,10,0.19999999999999998,0.8,0.20000000000000004,0.30000000000000004,0.3,0.5,0.09999999999999999,0.39999999999999997,0.10000000000000002,0.09999999999999999,0,0.39999999999999997,0,0.39999999999999997
677950,"Thomas, Alek",2026,74,0.41891891891891886,0.5810810810810813,0.2567567567567568,0.24324324324324328,0.0810810810810811,0.3108108108108109,0.391891891891892,0.29729729729729726,0.1486486486486487,0.24324324324324328,0.02702702702702703,0.1621621621621622,0.1486486486486487,0.27027027027027023
677951,"Witt Jr., Bobby",2026,328,0.3353658536585364,0.6646341463414636,0.28963414634146334,0.27743902439024415,0.09756097560975611,0.3140243902439025,0.4024390243902439,0.28353658536585385,0.13109756097560984,0.1585365853658536,0.045731707317073156,0.18292682926829265,0.24390243902439032,0.2378048780487807
677956,"Hinds, Rece",2026,22,0.4545454545454545,0.5454545454545454,0.2727272727272727,0.18181818181818182,0.0909090909090909,0.36363636363636365,0.2727272727272727,0.36363636363636365,0.2727272727272727,0.09090909090909091,0.0909090909090909,0.09090909090909094,0.1818181818181818,0.27272727272727276
678009,"Meadows, Parker",2026,25,0.4,0.6,0.24,0.2800000000000001,0.07999999999999999,0.3200000000000001,0.44000000000000006,0.24000000000000005,0.28,0.12000000000000002,0,0.04000000000000009,0.32000000000000006,0.24000000000000005
678011,"Seigler, Anthony",2026,94,0.4574468085106383,0.5319148936170216,0.26595744680851074,0.22340425531914906,0.042553191489361715,0.35106382978723405,0.2978723404255319,0.351063829787234,0.21276595744680854,0.19148936170212771,0.05319148936170215,0.1382978723404255,0.10638297872340419,0.29787234042553185
678218,"Valenzuela, Brandon",2026,123,0.3983739837398374,0.6016260162601627,0.24390243902439027,0.28455284552845533,0.07317073170731707,0.4796747967479675,0.35772357723577247,0.16260162601626027,0.21138211382113828,0.15447154471544722,0.032520325203252036,0.2682926829268292,0.20325203252032525,0.13008130081300823
678246,"Vargas, Miguel",2026,332,0.30421686746987975,0.6957831325301203,0.36144578313252995,0.22891566265060243,0.10542168674698799,0.4578313253012044,0.3283132530120482,0.21385542168674723,0.18674698795180722,0.09036144578313254,0.027108433734939767,0.2710843373493972,0.23795180722891568,0.18674698795180747
678391,"Vivas, Jorbit",2026,224,0.4107142857142857,0.5892857142857144,0.2410714285714287,0.2678571428571428,0.08035714285714286,0.3705357142857144,0.33035714285714285,0.29910714285714307,0.2053571428571429,0.14285714285714282,0.06250000000000001,0.1651785714285715,0.18750000000000003,0.23660714285714307
678489,"Barrosa, Jorge",2026,67,0.4029850746268658,0.5970149253731345,0.34328358208955234,0.164179104477612,0.08955223880597017,0.417910447761194,0.37313432835820914,0.20895522388059704,0.14925373134328365,0.2089552238805971,0.04477611940298507,0.26865671641791034,0.16417910447761205,0.16417910447761197
678545,"Basabe, Osleivis",2026,62,0.48387096774193544,0.5161290322580645,0.27419354838709675,0.20967741935483875,0.03225806451612904,0.45161290322580633,0.37096774193548393,0.17741935483870977,0.24193548387096778,0.20967741935483877,0.03225806451612903,0.20967741935483855,0.16129032258064516,0.14516129032258074
678554,"Mead, Curtis",2026,126,0.41269841269841273,0.5873015873015875,0.28571428571428586,0.23015873015873028,0.07142857142857142,0.47619047619047616,0.33333333333333337,0.19047619047619052,0.2698412698412697,0.126984126984127,0.01587301587301588,0.20634920634920645,0.20634920634920637,0.17460317460317465
678577,"Perez, Junior",2026,4,0.5,0.5,0.25,0.25,0,0.5,0.5,0,0.25,0.25,0,0.25,0.25,0
678662,"Tovar, Ezequiel",2026,240,0.3916666666666669,0.6083333333333337,0.26666666666666694,0.23750000000000013,0.10416666666666662,0.3500000000000001,0.3916666666666667,0.2583333333333336,0.17083333333333325,0.1791666666666666,0.041666666666666685,0.17916666666666684,0.2125000000000001,0.2166666666666669
678760,"Leonard, Eddys",2026,2,0.5,0.5,0,0.5,0,0.5,0,0.5,0,0,0.5,0.5,0,0
678882,"Rafaela, Ceddanne",2026,322,0.44720496894409945,0.5527950310559008,0.24534161490683257,0.25465838509316757,0.05279503105590063,0.35403726708074534,0.3322981366459628,0.313664596273292,0.20807453416149066,0.1552795031055901,0.08385093167701863,0.14596273291925468,0.1770186335403727,0.2298136645962734
679529,"Torkelson, Spencer",2026,235,0.30638297872340436,0.6936170212765957,0.35744680851063826,0.24680851063829784,0.08936170212765962,0.48936170212765956,0.2723404255319149,0.23829787234042546,0.17021276595744678,0.08510638297872342,0.05106382978723405,0.3191489361702128,0.18723404255319148,0.18723404255319143
679822,"Foscue, Justin",2026,58,0.396551724137931,0.603448275862069,0.3620689655172413,0.15517241379310348,0.08620689655172414,0.41379310344827586,0.3793103448275862,0.20689655172413793,0.1896551724137931,0.17241379310344826,0.034482758620689655,0.22413793103448276,0.20689655172413793,0.1724137931034483
679845,"Loftin, Nick",2026,186,0.403225806451613,0.5967741935483871,0.3010752688172043,0.22580645161290316,0.06989247311827959,0.446236559139785,0.3387096774193547,0.2150537634408602,0.24193548387096772,0.11827956989247308,0.04301075268817204,0.20430107526881727,0.22043010752688164,0.17204301075268816
680474,"Schuemann, Max",2026,22,0.2727272727272727,0.7272727272727273,0.4090909090909091,0.27272727272727276,0.04545454545454545,0.36363636363636365,0.36363636363636365,0.2727272727272727,0.04545454545454546,0.18181818181818182,0.04545454545454545,0.3181818181818182,0.18181818181818182,0.22727272727272727
680574,"McLain, Matt",2026,223,0.36771300448430516,0.6322869955156951,0.35426008968609873,0.18834080717488788,0.0896860986547085,0.38116591928251126,0.3811659192825113,0.23766816143497752,0.19730941704035887,0.15246636771300445,0.017937219730941714,0.1838565022421524,0.22869955156950686,0.2197309417040358
680577,"Keirsey Jr., DaShawn",2026,3,0.3333333333333333,0.6666666666666667,0.33333333333333337,0.33333333333333337,0,0,1,0,0,0.3333333333333333,0,0,0.6666666666666667,0
680664,"Valencia, Eduardo",2026,61,0.4754098360655739,0.5245901639344263,0.21311475409836067,0.2622950819672131,0.04918032786885248,0.4098360655737706,0.3934426229508198,0.1967213114754099,0.21311475409836067,0.16393442622950824,0.0983606557377049,0.19672131147540994,0.22950819672131154,0.09836065573770499
680700,"Palacios, Richie",2026,236,0.3771186440677966,0.6228813559322033,0.22033898305084737,0.28813559322033894,0.11440677966101698,0.3728813559322035,0.4025423728813561,0.22457627118644088,0.15254237288135591,0.16525423728813562,0.05932203389830512,0.2203389830508476,0.23728813559322046,0.16525423728813576
680716,"Ornelas, Jonathan",2026,1,0,1,1,0,0,1,0,0,0,0,0,1,0,0
680718,"Barger, Addison",2026,14,0.3571428571428572,0.6428571428571428,0.42857142857142855,0.2142857142857143,0,0.2857142857142857,0.5714285714285714,0.14285714285714285,0.07142857142857144,0.2857142857142857,0,0.21428571428571425,0.2857142857142857,0.14285714285714285
680728,"Del Castillo, Adrian",2026,111,0.3693693693693693,0.6306306306306309,0.2882882882882885,0.2522522522522523,0.0900900900900901,0.3693693693693692,0.4054054054054054,0.22522522522522528,0.1981981981981982,0.14414414414414414,0.027027027027027035,0.171171171171171,0.26126126126126126,0.19819819819819826
680737,"Helman, Michael",2026,14,0.5714285714285714,0.4285714285714286,0.14285714285714288,0.14285714285714288,0.14285714285714288,0.5,0.2857142857142857,0.21428571428571433,0.2857142857142857,0.21428571428571427,0.07142857142857144,0.2142857142857143,0.07142857142857142,0.1428571428571429
680757,"Kwan, Steven",2026,338,0.41124260355029596,0.5887573964497043,0.2278106508875741,0.32248520710059175,0.03846153846153847,0.2958579881656805,0.3431952662721894,0.3609467455621302,0.16568047337278105,0.14792899408284024,0.09763313609467454,0.13017751479289943,0.19526627218934914,0.26331360946745563
680776,"Duran, Jarren",2026,301,0.4518272425249168,0.548172757475083,0.2325581395348836,0.21262458471760803,0.10299003322259137,0.40531561461794013,0.3853820598006645,0.20930232558139533,0.23920265780730884,0.17940199335548176,0.03322259136212628,0.1661129568106313,0.2059800664451827,0.17607973421926904
680777,"Jeffers, Ryan",2026,160,0.39375000000000004,0.60625,0.3124999999999999,0.22500000000000006,0.06875,0.4125000000000001,0.3249999999999999,0.2625,0.1875,0.15,0.05625,0.2250000000000001,0.1749999999999999,0.20625000000000002
680779,"Davis, Henry",2026,133,0.39849624060150357,0.6015037593984965,0.24060150375939865,0.2030075187969926,0.1578947368421053,0.5413533834586465,0.30827067669172925,0.15037593984962408,0.23308270676691725,0.14285714285714282,0.022556390977443615,0.30827067669172925,0.16541353383458643,0.12781954887218047
680869,"Gelof, Zack",2026,210,0.4571428571428572,0.5428571428571429,0.28571428571428575,0.1904761904761905,0.06666666666666668,0.38095238095238076,0.4190476190476191,0.19999999999999996,0.21904761904761896,0.2047619047619048,0.03333333333333333,0.1619047619047618,0.2142857142857143,0.16666666666666663
680977,"Donovan, Brendan",2026,77,0.4155844155844156,0.5844155844155845,0.24675324675324672,0.2467532467532468,0.09090909090909093,0.4025974025974026,0.40259740259740273,0.19480519480519484,0.22077922077922077,0.1558441558441558,0.03896103896103895,0.18181818181818185,0.24675324675324692,0.1558441558441559
681047,"Franklin, Christian",2026,19,0.736842105263158,0.26315789473684215,0.10526315789473686,0.05263157894736842,0.10526315789473684,0.2105263157894737,0.47368421052631576,0.31578947368421056,0.15789473684210525,0.42105263157894735,0.1578947368421053,0.052631578947368446,0.05263157894736842,0.15789473684210525
681082,"Stott, Bryson",2026,337,0.40356083086053435,0.5964391691394664,0.2818991097922851,0.2492581602373889,0.06528189910979235,0.364985163204748,0.433234421364985,0.20178041543026706,0.19584569732937673,0.17507418397626107,0.03264094955489619,0.16913946587537126,0.25816023738872396,0.16913946587537088
681146,"Bride, Jonah",2026,2,0.5,0.5,0.5,0,0,0,0.5,0.5,0,0,0.5,0,0.5,0
681190,"Vásquez, Randy",2026,1,1,0,0,0,0,1,0,0,1,0,0,0,0,0
681198,"Rumfield, TJ",2026,317,0.34069400630914826,0.6593059936908519,0.30599369085173506,0.2870662460567824,0.06624605678233442,0.42586750788643524,0.33438485804416396,0.23974763406940083,0.18927444794952697,0.11987381703470026,0.03154574132492114,0.23659305993690827,0.2145110410094637,0.2082018927444797
681230,"Murray Jr., BJ",2026,1,0,1,1,0,0,1,0,0,0,0,0,1,0,0
681297,"Cowser, Colton",2026,193,0.41968911917098456,0.5803108808290155,0.310880829015544,0.22797927461139897,0.04145077720207254,0.3730569948186529,0.39378238341968924,0.233160621761658,0.1968911917098445,0.17098445595854928,0.0518134715025907,0.1761658031088084,0.22279792746113997,0.1813471502590673
681351,"O'Hoppe, Logan",2026,124,0.40322580645161293,0.5967741935483871,0.27419354838709675,0.20161290322580644,0.1209677419354839,0.48387096774193555,0.2983870967741935,0.21774193548387108,0.24193548387096786,0.1129032258064517,0.048387096774193554,0.2419354838709677,0.1854838709677418,0.16935483870967752
681393,"Norby, Connor",2026,146,0.3630136986301369,0.636986301369863,0.34931506849315064,0.2191780821917808,0.06849315068493152,0.39726027397260283,0.3767123287671233,0.22602739726027404,0.19863013698630144,0.14383561643835624,0.020547945205479465,0.1986301369863014,0.23287671232876705,0.20547945205479456
681481,"Carpenter, Kerry",2026,144,0.32638888888888895,0.6736111111111112,0.38888888888888895,0.20833333333333331,0.0763888888888889,0.4166666666666666,0.3194444444444443,0.2638888888888889,0.19444444444444456,0.1041666666666667,0.02777777777777779,0.22222222222222202,0.21527777777777762,0.2361111111111111
681508,"Gasper, Mickey",2026,137,0.4306569343065695,0.5693430656934306,0.3065693430656933,0.21167883211678837,0.05109489051094894,0.44525547445255476,0.37956204379562036,0.17518248175182485,0.23357664233576647,0.18248175182481755,0.014598540145985404,0.21167883211678828,0.19708029197080282,0.16058394160583944
681546,"Outman, James",2026,70,0.3714285714285715,0.6285714285714289,0.2857142857142859,0.22857142857142862,0.11428571428571428,0.5714285714285715,0.19999999999999998,0.2285714285714286,0.2857142857142857,0.04285714285714288,0.04285714285714287,0.2857142857142858,0.1571428571428571,0.18571428571428572
681624,"Pages, Andy",2026,285,0.3929824561403509,0.6070175438596489,0.2526315789473683,0.25614035087719295,0.09824561403508772,0.40000000000000024,0.31578947368421045,0.2842105263157894,0.20701754385964916,0.14035087719298245,0.04561403508771935,0.1929824561403511,0.175438596491228,0.23859649122807006
681715,"Hernández, Heriberto",2026,204,0.3970588235294119,0.6029411764705883,0.3137254901960786,0.21078431372549017,0.07843137254901958,0.43137254901960775,0.4264705882352941,0.14215686274509814,0.19607843137254907,0.17156862745098045,0.02941176470588238,0.23529411764705868,0.25490196078431365,0.11274509803921576
681807,"Fry, David",2026,47,0.4042553191489362,0.595744680851064,0.297872340425532,0.10638297872340424,0.19148936170212774,0.5106382978723405,0.31914893617021284,0.1702127659574468,0.2127659574468085,0.17021276595744683,0.021276595744680857,0.297872340425532,0.148936170212766,0.14893617021276595
681909,"Dean, Justin",2026,4,0.5,0.5,0,0.5,0,0.75,0,0.25,0.5,0,0,0.25,0,0.25
681987,"Eaton, Nate",2026,17,0.4117647058823529,0.5882352941176472,0.17647058823529416,0.29411764705882354,0.11764705882352944,0.5294117647058824,0.17647058823529416,0.29411764705882354,0.23529411764705882,0.05882352941176472,0.11764705882352941,0.29411764705882354,0.11764705882352944,0.17647058823529413
682177,"Schneemann, Daniel",2026,137,0.4160583941605839,0.5839416058394163,0.30656934306569356,0.24087591240875925,0.03649635036496352,0.45985401459853986,0.3795620437956205,0.16058394160583941,0.2700729927007298,0.13868613138686134,0.007299270072992703,0.18978102189781004,0.24087591240875914,0.15328467153284672
682622,"Marte, Noelvi",2026,107,0.6168224299065423,0.383177570093458,0.15887850467289724,0.13084112149532712,0.09345794392523363,0.4485981308411216,0.3738317757009348,0.17757009345794397,0.3271028037383178,0.2429906542056076,0.046728971962616835,0.12149532710280381,0.1308411214953272,0.13084112149532715
682626,"Alvarez, Francisco",2026,180,0.4666666666666666,0.5333333333333332,0.25000000000000006,0.19999999999999993,0.08333333333333329,0.42777777777777776,0.4333333333333332,0.13888888888888892,0.22777777777777775,0.21666666666666665,0.022222222222222227,0.2,0.21666666666666654,0.1166666666666667
682634,"Alcántara, Kevin",2026,5,0.2,0.8,0.2,0.6,0,0.6,0.2,0.2,0.2,0,0,0.39999999999999997,0.2,0.2
682641,"Matos, Luis",2026,6,0.33333333333333337,0.6666666666666667,0,0.16666666666666669,0.5,0.5,0.33333333333333337,0.16666666666666666,0.33333333333333337,0,0,0.16666666666666663,0.33333333333333337,0.16666666666666666
682657,"Martínez, Angel",2026,183,0.42622950819672145,0.5737704918032785,0.26775956284152996,0.2295081967213114,0.07650273224043716,0.4644808743169401,0.3169398907103827,0.21857923497267762,0.2185792349726776,0.14207650273224046,0.06557377049180331,0.24590163934426248,0.17486338797814224,0.15300546448087432
682663,"Ramírez, Agustín",2026,111,0.5495495495495492,0.4504504504504505,0.15315315315315314,0.19819819819819823,0.09909909909909911,0.46846846846846824,0.3333333333333334,0.19819819819819826,0.3333333333333332,0.1891891891891892,0.027027027027027042,0.13513513513513503,0.14414414414414423,0.1711711711711712
682668,"Acuña, Luisangel",2026,81,0.617283950617284,0.38271604938271614,0.1481481481481482,0.18518518518518523,0.049382716049382706,0.34567901234567894,0.3703703703703705,0.28395061728395077,0.30864197530864185,0.24691358024691354,0.06172839506172838,0.03703703703703709,0.12345679012345698,0.22222222222222238
682674,"Bericoto, Victor",2026,33,0.42424242424242425,0.5757575757575758,0.2727272727272727,0.2727272727272728,0.03030303030303031,0.3333333333333333,0.42424242424242425,0.24242424242424238,0.21212121212121213,0.15151515151515157,0.06060606060606062,0.12121212121212119,0.2727272727272727,0.18181818181818177
682729,"Clase, Jonatan",2026,9,0.5555555555555556,0.4444444444444444,0.4444444444444444,0,0,0.8888888888888888,0.1111111111111111,0,0.4444444444444444,0.1111111111111111,0,0.4444444444444444,0,0
682818,"Piñango, Yohendrick",2026,106,0.42452830188679236,0.5754716981132076,0.22641509433962276,0.2830188679245283,0.0660377358490566,0.2735849056603776,0.42452830188679247,0.30188679245283023,0.11320754716981132,0.22641509433962273,0.0849056603773585,0.16037735849056625,0.19811320754716974,0.21698113207547173
682829,"De La Cruz, Elly",2026,271,0.4612546125461254,0.5387453874538745,0.27675276752767514,0.23985239852398524,0.02214022140221402,0.3431734317343176,0.4206642066420664,0.23616236162361617,0.22509225092250912,0.20664206642066416,0.02952029520295204,0.11808118081180846,0.21402214022140223,0.20664206642066413
682848,"Rodríguez, Endy",2026,81,0.32098765432098786,0.6790123456790126,0.32098765432098775,0.29629629629629645,0.06172839506172838,0.4567901234567902,0.34567901234567905,0.19753086419753094,0.2222222222222223,0.08641975308641973,0.012345679012345678,0.23456790123456792,0.2592592592592593,0.18518518518518526
682877,"Brito, Juan",2026,50,0.5200000000000002,0.4800000000000001,0.16000000000000003,0.14,0.18000000000000005,0.5799999999999998,0.26,0.16,0.4000000000000001,0.10000000000000006,0.02000000000000001,0.17999999999999977,0.15999999999999995,0.13999999999999999
682927,"Simon, Ronny",2026,34,0.5294117647058824,0.47058823529411775,0.14705882352941177,0.20588235294117652,0.11764705882352942,0.38235294117647056,0.3235294117647059,0.2941176470588236,0.20588235294117652,0.14705882352941177,0.17647058823529416,0.17647058823529405,0.17647058823529413,0.11764705882352944
682928,"Abrams, CJ",2026,296,0.3479729729729729,0.6520270270270272,0.3040540540540541,0.22972972972972983,0.11824324324324323,0.43243243243243246,0.33445945945945943,0.2331081081081081,0.17229729729729734,0.14189189189189194,0.0337837837837838,0.2601351351351351,0.1925675675675675,0.1993243243243243
682985,"Greene, Riley",2026,251,0.3545816733067728,0.6454183266932273,0.3625498007968129,0.24701195219123512,0.03585657370517929,0.3824701195219124,0.3705179282868526,0.2470119521912351,0.18725099601593617,0.12350597609561764,0.04382470119521913,0.19521912350597623,0.24701195219123495,0.20318725099601595
682987,"Jones, Spencer",2026,121,0.28099173553719003,0.71900826446281,0.42148760330578516,0.23966942148760337,0.05785123966942146,0.3719008264462809,0.3884297520661157,0.2396694214876033,0.14876033057851235,0.1239669421487603,0.008264462809917354,0.22314049586776857,0.2644628099173554,0.23140495867768596
682988,"Locklear, Tyler",2026,21,0.5714285714285714,0.42857142857142855,0.09523809523809523,0.2857142857142857,0.047619047619047616,0.3333333333333335,0.5238095238095237,0.14285714285714285,0.23809523809523808,0.28571428571428575,0.047619047619047616,0.0952380952380954,0.23809523809523797,0.09523809523809523
682989,"Mederos, Victor",2026,1,1,0,0,0,0,1,0,0,1,0,0,0,0,0
682997,"Callihan, Tyler",2026,53,0.24528301886792445,0.7547169811320753,0.43396226415094324,0.22641509433962267,0.09433962264150945,0.4905660377358491,0.30188679245283023,0.20754716981132076,0.11320754716981134,0.13207547169811323,0,0.37735849056603776,0.169811320754717,0.20754716981132076
682998,"Carroll, Corbin",2026,302,0.3807947019867551,0.6192052980132452,0.314569536423841,0.20198675496688756,0.1026490066225166,0.45695364238410574,0.3311258278145694,0.21192052980132453,0.21523178807947016,0.14238410596026493,0.023178807947019882,0.24172185430463558,0.18874172185430446,0.18874172185430466
683002,"Henderson, Gunnar",2026,315,0.4222222222222223,0.5777777777777782,0.29523809523809563,0.22539682539682543,0.05714285714285711,0.43174603174603177,0.3523809523809526,0.21587301587301586,0.19999999999999993,0.17777777777777787,0.04444444444444445,0.23174603174603184,0.1746031746031747,0.1714285714285714
683011,"Volpe, Anthony",2026,92,0.4347826086956522,0.565217391304348,0.2173913043478262,0.2608695652173913,0.08695652173913045,0.34782608695652156,0.4239130434782609,0.22826086956521735,0.18478260869565213,0.2065217391304348,0.043478260869565216,0.16304347826086943,0.2173913043478261,0.18478260869565213
683021,"Stefanic, Michael",2026,5,0.6,0.4,0,0.4,0,0.4,0.4,0.2,0.4,0,0.2,0,0.4,0
683079,"Martinez, Omar",2026,2,0.5,0.5,0.5,0,0,0.5,0.5,0,0.5,0,0,0,0.5,0
683083,"Nuñez, Nasim",2026,238,0.5210084033613454,0.4789915966386554,0.1806722689075631,0.25210084033613434,0.046218487394958,0.3193277310924369,0.47478991596638664,0.20588235294117646,0.2016806722689076,0.2605042016806723,0.05882352941176476,0.1176470588235293,0.21428571428571436,0.1470588235294117
683090,"Lugo, Matthew",2026,5,0.4,0.6000000000000001,0.2,0,0.4,0.4,0.2,0.4,0.4,0,0,0,0.2,0.4
683146,"Baty, Brett",2026,248,0.37096774193548404,0.6290322580645167,0.30645161290322603,0.2661290322580649,0.05645161290322581,0.3629032258064517,0.3629032258064517,0.27419354838709675,0.20564516129032254,0.12500000000000003,0.04032258064516129,0.15725806451612914,0.23790322580645165,0.23387096774193547
683227,"Freeman, Cody",2026,36,0.6388888888888888,0.36111111111111116,0.11111111111111112,0.19444444444444448,0.05555555555555555,0.4722222222222222,0.3055555555555555,0.22222222222222227,0.30555555555555547,0.2222222222222222,0.1111111111111111,0.16666666666666674,0.08333333333333331,0.11111111111111116
683357,"Caissie, Owen",2026,157,0.3630573248407644,0.6369426751592359,0.35031847133757976,0.23566878980891726,0.05095541401273886,0.34394904458598724,0.4203821656050956,0.23566878980891726,0.159235668789809,0.16560509554140138,0.03821656050955416,0.18471337579617825,0.2547770700636942,0.1974522292993631
683679,"Rodriguez, Jesus",2026,31,0.5483870967741935,0.4516129032258065,0.22580645161290325,0.22580645161290322,0,0.38709677419354843,0.32258064516129037,0.29032258064516137,0.2903225806451613,0.22580645161290322,0.03225806451612904,0.09677419354838712,0.09677419354838715,0.2580645161290323
683734,"Vaughn, Andrew",2026,139,0.446043165467626,0.5539568345323742,0.23021582733812962,0.2517985611510791,0.07194244604316545,0.30935251798561136,0.39568345323741005,0.29496402877697836,0.15827338129496407,0.20863309352517997,0.07913669064748204,0.1510791366906473,0.18705035971223008,0.21582733812949634
683737,"Busch, Michael",2026,308,0.37662337662337675,0.6233766233766238,0.35064935064935093,0.22077922077922085,0.051948051948051945,0.3733766233766236,0.33116883116883117,0.29545454545454525,0.19805194805194812,0.12987012987013,0.048701298701298724,0.17532467532467547,0.20129870129870117,0.24675324675324653
683748,"Mesa Jr., Victor",2026,133,0.28571428571428575,0.7142857142857142,0.3383458646616539,0.24060150375939854,0.13533834586466179,0.3984962406015038,0.3834586466165413,0.21804511278195493,0.17293233082706774,0.08270676691729323,0.03007518796992481,0.22556390977443605,0.30075187969924805,0.18796992481203012
683766,"Koss, Christian",2026,103,0.524271844660194,0.47572815533980595,0.1553398058252428,0.25242718446601947,0.06796116504854369,0.3883495145631068,0.33980582524271835,0.27184466019417497,0.2621359223300971,0.16504854368932043,0.0970873786407767,0.1262135922330097,0.17475728155339793,0.17475728155339826
683953,"Bazzana, Travis",2026,242,0.3842975206611571,0.6157024793388428,0.2809917355371899,0.25206611570247933,0.08264462809917351,0.42148760330578505,0.3719008264462811,0.20661157024793386,0.2190082644628099,0.14049586776859505,0.024793388429752074,0.20247933884297514,0.23140495867768604,0.1818181818181818
685133,"Meckler, Wade",2026,199,0.5075376884422113,0.4924623115577887,0.20603015075376885,0.2713567839195977,0.015075376884422127,0.30653266331658274,0.49748743718592975,0.19597989949748748,0.1708542713567839,0.3065326633165827,0.030150753768844216,0.13567839195979883,0.19095477386934706,0.16582914572864327
686217,"Frelick, Sal",2026,227,0.5066079295154189,0.4933920704845819,0.22907488986784177,0.17180616740088106,0.09251101321585906,0.38766519823788553,0.32599118942731287,0.28634361233480177,0.2466960352422907,0.1718061674008811,0.08810572687224665,0.14096916299559484,0.15418502202643178,0.1982378854625551
686452,"Millas, Drew",2026,89,0.43820224719101125,0.5617977528089888,0.20224719101123598,0.29213483146067426,0.06741573033707865,0.35955056179775274,0.3033707865168541,0.33707865168539336,0.17977528089887643,0.16853932584269668,0.08988764044943821,0.17977528089887632,0.13483146067415744,0.24719101123595516
686469,"Pasquantino, Vinnie",2026,254,0.3031496062992126,0.6968503937007877,0.3307086614173231,0.25590551181102367,0.11023622047244093,0.43307086614173224,0.3661417322834645,0.20078740157480324,0.18110236220472437,0.09055118110236225,0.03149606299212598,0.25196850393700787,0.27559055118110226,0.16929133858267725
686475,"Tolbert, Tyler",2026,46,0.4565217391304348,0.5434782608695653,0.19565217391304354,0.26086956521739124,0.08695652173913045,0.3478260869565218,0.45652173913043487,0.19565217391304346,0.21739130434782608,0.1956521739130435,0.04347826086956522,0.1304347826086957,0.26086956521739135,0.15217391304347824
686527,"Canzone, Dominic",2026,278,0.4172661870503596,0.5827338129496401,0.2877697841726618,0.23741007194244593,0.05755395683453238,0.4172661870503598,0.37410071942446044,0.20863309352517984,0.21942446043165473,0.16546762589928068,0.032374100719424474,0.19784172661870505,0.20863309352517975,0.17625899280575535
686554,"Dunn, Oliver",2026,5,0.8,0.2,0,0,0.2,0.2,0.6,0.2,0.2,0.4,0.2,0,0.19999999999999996,0
686555,"Collins, Isaac",2026,221,0.4208144796380092,0.579185520361991,0.2533936651583712,0.23529411764705876,0.09049773755656107,0.4027149321266971,0.30769230769230743,0.28959276018099533,0.23529411764705874,0.11764705882352937,0.06787330316742085,0.16742081447963839,0.19004524886877805,0.22171945701357448
686611,"Crews, Dylan",2026,199,0.4170854271356783,0.5829145728643215,0.2562814070351758,0.2562814070351758,0.07035175879396986,0.34170854271356793,0.4723618090452263,0.1859296482412061,0.20603015075376888,0.18090452261306525,0.030150753768844227,0.13567839195979906,0.29145728643216107,0.15577889447236187
686668,"Doyle, Brenton",2026,75,0.5066666666666667,0.49333333333333335,0.24000000000000005,0.2399999999999999,0.013333333333333343,0.4666666666666665,0.43999999999999995,0.09333333333333332,0.2666666666666667,0.20000000000000007,0.039999999999999994,0.1999999999999998,0.23999999999999988,0.05333333333333333
686681,"Massey, Michael",2026,281,0.37722419928825607,0.6227758007117434,0.3274021352313165,0.2597864768683273,0.03558718861209966,0.5017793594306046,0.3523131672597865,0.14590747330960857,0.2597864768683274,0.10676156583629894,0.010676156583629894,0.2419928825622772,0.2455516014234876,0.13523131672597868
686765,"Sogard, Nick",2026,138,0.39855072463768115,0.6014492753623191,0.21014492753623204,0.29710144927536236,0.09420289855072464,0.42028985507246375,0.38405797101449285,0.19565217391304351,0.2028985507246379,0.15217391304347824,0.0434782608695652,0.21739130434782586,0.2318840579710146,0.15217391304347833
686780,"Pagés, Pedro",2026,79,0.4683544303797468,0.5316455696202532,0.2911392405063291,0.15189873417721525,0.08860759493670887,0.4430379746835444,0.3164556962025316,0.24050632911392414,0.22784810126582283,0.17721518987341772,0.06329113924050632,0.21518987341772156,0.1392405063291139,0.17721518987341783
686797,"Lee, Brooks",2026,346,0.39884393063583806,0.6011560693641617,0.3005780346820808,0.23699421965317913,0.06358381502890179,0.46242774566473993,0.3092485549132948,0.22832369942196537,0.21098265895953758,0.14450867052023128,0.043352601156069405,0.2514450867052024,0.1647398843930635,0.18497109826589597
686823,"Brennan, Will",2026,18,0.4444444444444444,0.5555555555555556,0.16666666666666666,0.1111111111111111,0.2777777777777778,0.3888888888888889,0.2222222222222222,0.3888888888888889,0.27777777777777785,0.11111111111111113,0.05555555555555555,0.11111111111111105,0.11111111111111108,0.33333333333333337
686894,"Wiemer, Joey",2026,18,0.6111111111111112,0.38888888888888895,0.1111111111111111,0.16666666666666669,0.11111111111111113,0.3888888888888889,0.27777777777777773,0.3333333333333333,0.33333333333333337,0.1666666666666667,0.1111111111111111,0.055555555555555525,0.11111111111111102,0.2222222222222222
686948,"Baldwin, Drake",2026,264,0.37878787878787873,0.621212121212121,0.31060606060606066,0.26136363636363613,0.04924242424242421,0.3257575757575757,0.4393939393939392,0.23484848484848492,0.14772727272727276,0.2007575757575756,0.030303030303030314,0.17803030303030293,0.23863636363636362,0.2045454545454546
687093,"Grissom, Vaughn",2026,215,0.44651162790697657,0.5534883720930233,0.26046511627906965,0.21860465116279082,0.07441860465116282,0.39999999999999986,0.39534883720930253,0.2046511627906977,0.24651162790697692,0.172093023255814,0.027906976744186053,0.15348837209302293,0.22325581395348854,0.17674418604651165
687221,"Rushing, Dalton",2026,111,0.33333333333333326,0.6666666666666666,0.27027027027027034,0.32432432432432423,0.07207207207207207,0.4594594594594593,0.3063063063063063,0.2342342342342343,0.2072072072072073,0.09909909909909907,0.027027027027027035,0.252252252252252,0.2072072072072072,0.20720720720720728
687231,"Hernaiz, Darell",2026,68,0.4999999999999999,0.5000000000000001,0.2352941176470589,0.19117647058823536,0.07352941176470588,0.26470588235294124,0.3970588235294118,0.3382352941176471,0.2205882352941177,0.17647058823529418,0.10294117647058824,0.04411764705882354,0.2205882352941176,0.23529411764705882
687263,"Neto, Zach",2026,281,0.31316725978647664,0.6868327402135233,0.3594306049822066,0.21708185053380782,0.11032028469750889,0.48042704626334526,0.28825622775800697,0.2313167259786477,0.18149466192170824,0.09608540925266904,0.03558718861209969,0.29893238434163705,0.19217081850533793,0.195729537366548
687282,"Rincones Jr., Gabriel",2026,52,0.423076923076923,0.576923076923077,0.326923076923077,0.17307692307692313,0.07692307692307691,0.2692307692307693,0.42307692307692313,0.3076923076923077,0.13461538461538466,0.1730769230769231,0.1153846153846154,0.1346153846153846,0.25,0.1923076923076923
687363,"Scott II, Victor",2026,81,0.5061728395061728,0.49382716049382724,0.16049382716049387,0.28395061728395066,0.04938271604938271,0.3580246913580248,0.43209876543209874,0.20987654320987656,0.24691358024691357,0.20987654320987656,0.04938271604938274,0.11111111111111122,0.22222222222222218,0.16049382716049382
687401,"Ortiz, Joey",2026,192,0.5208333333333336,0.47916666666666663,0.19791666666666669,0.23437499999999997,0.04687500000000003,0.34375,0.3958333333333333,0.2604166666666666,0.2552083333333334,0.18229166666666669,0.08333333333333334,0.08854166666666657,0.21354166666666663,0.17708333333333323
687462,"Horwitz, Spencer",2026,256,0.3945312500000001,0.6054687499999999,0.28906249999999983,0.22656250000000008,0.08984374999999997,0.41796874999999994,0.3085937500000002,0.27343750000000006,0.22265624999999997,0.12109375,0.050781250000000014,0.19531249999999997,0.18750000000000022,0.22265625000000006
687515,"Thomas, Colby",2026,10,0.5,0.5000000000000001,0.30000000000000004,0.10000000000000002,0.10000000000000002,0.19999999999999998,0.7,0.10000000000000002,0.19999999999999998,0.3,0,0,0.39999999999999997,0.10000000000000002
687529,"McCray, Grant",2026,38,0.5,0.5000000000000001,0.23684210526315794,0.15789473684210528,0.10526315789473686,0.4210526315789474,0.42105263157894735,0.15789473684210528,0.21052631578947373,0.23684210526315794,0.05263157894736843,0.21052631578947367,0.1842105263157894,0.10526315789473685
687551,"Gilbert, Drew",2026,245,0.4285714285714285,0.5714285714285716,0.21632653061224494,0.26938775510204094,0.08571428571428576,0.4326530612244896,0.27755102040816326,0.2897959183673471,0.23265306122449,0.11428571428571423,0.0816326530612245,0.1999999999999996,0.16326530612244905,0.20816326530612259
687597,"Beck, Jordan",2026,53,0.4528301886792453,0.5471698113207548,0.24528301886792458,0.15094339622641514,0.15094339622641512,0.35849056603773577,0.43396226415094336,0.2075471698113208,0.22641509433962265,0.20754716981132082,0.01886792452830189,0.13207547169811312,0.22641509433962254,0.1886792452830189
687605,"Pinckney, Andrew",2026,7,0.5714285714285714,0.4285714285714286,0.14285714285714288,0.28571428571428575,0,0.2857142857142857,0.28571428571428575,0.4285714285714286,0.2857142857142857,0.14285714285714285,0.14285714285714288,0,0.1428571428571429,0.2857142857142857
687637,"Beavers, Dylan",2026,181,0.3370165745856353,0.6629834254143647,0.32044198895027626,0.2707182320441989,0.07182320441988951,0.4364640883977901,0.3149171270718231,0.2486187845303868,0.17679558011049723,0.1270718232044199,0.033149171270718245,0.2596685082872929,0.18784530386740322,0.21546961325966857
687749,"Bowen, Jase",2026,27,0.48148148148148157,0.5185185185185186,0.2222222222222222,0.2592592592592593,0.037037037037037035,0.4444444444444444,0.44444444444444436,0.1111111111111111,0.3333333333333334,0.07407407407407408,0.07407407407407408,0.111111111111111,0.3703703703703703,0.03703703703703702
687859,"Johnston, Troy",2026,234,0.41025641025641013,0.58974358974359,0.21794871794871795,0.3461538461538463,0.025641025641025644,0.4145299145299144,0.3589743589743589,0.2264957264957264,0.23504273504273504,0.14529914529914534,0.02991452991452993,0.17948717948717935,0.21367521367521358,0.1965811965811965
687952,"Encarnacion-Strand, Christian",2026,97,0.3711340206185567,0.6288659793814433,0.2577319587628867,0.2783505154639174,0.0927835051546392,0.43298969072164945,0.2989690721649484,0.2680412371134022,0.16494845360824748,0.12371134020618565,0.08247422680412374,0.268041237113402,0.17525773195876274,0.18556701030927847
687957,"Harris, Dustin",2026,103,0.38834951456310673,0.6116504854368933,0.21359223300970878,0.32038834951456313,0.07766990291262134,0.5048543689320386,0.3689320388349515,0.12621359223300968,0.21359223300970884,0.16504854368932043,0.00970873786407767,0.29126213592232975,0.2038834951456311,0.11650485436893201
688363,"Pauley, Graham",2026,101,0.3861386138613862,0.6138613861386142,0.3069306930693071,0.19801980198019808,0.10891089108910898,0.5445544554455443,0.2772277227722773,0.17821782178217824,0.23762376237623772,0.09900990099009901,0.049504950495049514,0.30693069306930654,0.1782178217821783,0.12871287128712872
689414,"Hicks, Liam",2026,343,0.4110787172011661,0.588921282798834,0.25655976676384856,0.23615160349854228,0.09620991253644313,0.42857142857142894,0.3556851311953352,0.21574344023323605,0.21282798833819241,0.16618075801749277,0.03206997084548107,0.21574344023323652,0.1895043731778424,0.18367346938775497
690022,"Ritter, Ryan",2026,8,0.12500000000000003,0.875,0.25000000000000006,0.625,0,0.12500000000000003,0.75,0.125,0,0.12500000000000003,0,0.12500000000000003,0.625,0.125
690291,"Jung, Jace",2026,6,0.16666666666666669,0.8333333333333334,0.16666666666666666,0.6666666666666667,0,0.33333333333333337,0.33333333333333337,0.33333333333333337,0,0,0.16666666666666669,0.33333333333333337,0.33333333333333337,0.16666666666666669
690924,"Fulford, Braxton",2026,13,0.23076923076923078,0.7692307692307692,0.38461538461538464,0.30769230769230765,0.07692307692307693,0.3076923076923077,0.3076923076923077,0.3846153846153846,0.15384615384615383,0.07692307692307693,0,0.15384615384615388,0.23076923076923078,0.3846153846153846
690976,"Freeland, Alex",2026,144,0.4791666666666666,0.5208333333333334,0.23611111111111122,0.23611111111111105,0.048611111111111126,0.34027777777777773,0.3819444444444443,0.27777777777777773,0.22222222222222218,0.2152777777777778,0.04166666666666668,0.11805555555555555,0.16666666666666652,0.23611111111111105
690984,"Halpin, Petey",2026,113,0.3274336283185841,0.6725663716814158,0.36283185840707943,0.2212389380530974,0.08849557522123892,0.3539823008849558,0.39823008849557534,0.247787610619469,0.17699115044247796,0.11504424778761065,0.03539823008849558,0.17699115044247785,0.2831858407079647,0.21238938053097342
690993,"Keith, Colt",2026,282,0.3794326241134753,0.6205673758865247,0.2659574468085105,0.2730496453900708,0.08156028368794331,0.3758865248226952,0.39007092198581544,0.23404255319148953,0.18794326241134746,0.15602836879432636,0.03546099290780144,0.18794326241134773,0.2340425531914891,0.1985815602836881
691002,"Morales, Yohandy",2026,18,0.5000000000000001,0.5,0.33333333333333337,0.1111111111111111,0.05555555555555555,0.5,0.27777777777777785,0.2222222222222222,0.22222222222222227,0.22222222222222224,0.055555555555555566,0.27777777777777773,0.05555555555555561,0.16666666666666663
691011,"Romo, Drew",2026,109,0.42201834862385335,0.5779816513761469,0.32110091743119273,0.13761467889908266,0.11926605504587155,0.4036697247706423,0.38532110091743116,0.21100917431192664,0.20183486238532114,0.18348623853211005,0.03669724770642202,0.20183486238532114,0.2018348623853211,0.17431192660550462
691016,"Soderstrom, Tyler",2026,214,0.43925233644859824,0.5607476635514023,0.25700934579439266,0.238317757009346,0.06542056074766357,0.397196261682243,0.3878504672897195,0.21495327102803743,0.21028037383177564,0.20560747663551407,0.023364485981308414,0.18691588785046734,0.18224299065420543,0.19158878504672902
691019,"Teel, Kyle",2026,51,0.35294117647058815,0.6470588235294118,0.41176470588235287,0.215686274509804,0.019607843137254905,0.3333333333333333,0.392156862745098,0.27450980392156865,0.13725490196078433,0.15686274509803924,0.05882352941176472,0.196078431372549,0.23529411764705874,0.21568627450980393
691023,"Walker, Jordan",2026,325,0.44615384615384623,0.5538461538461535,0.24615384615384586,0.21230769230769225,0.09538461538461536,0.406153846153846,0.39076923076923065,0.20307692307692315,0.23692307692307715,0.17230769230769247,0.03692307692307692,0.16923076923076882,0.21846153846153818,0.16615384615384624
691026,"Winn, Masyn",2026,265,0.47169811320754695,0.5283018867924527,0.20377358490566028,0.24150943396226418,0.08301886792452833,0.2830188679245284,0.39999999999999997,0.3169811320754718,0.17358490566037743,0.22264150943396224,0.0754716981132076,0.10943396226415097,0.17735849056603772,0.2415094339622642
691176,"Domínguez, Jasson",2026,99,0.41414141414141414,0.5858585858585859,0.2121212121212122,0.26262626262626254,0.11111111111111112,0.47474747474747486,0.31313131313131315,0.21212121212121215,0.2626262626262627,0.10101010101010106,0.0505050505050505,0.21212121212121215,0.2121212121212121,0.16161616161616166
691181,"Rodriguez, Emmanuel",2026,17,0.29411764705882354,0.7058823529411765,0.29411764705882354,0.23529411764705882,0.17647058823529413,0.29411764705882354,0.4117647058823529,0.29411764705882354,0.1764705882352941,0.058823529411764705,0.058823529411764705,0.11764705882352944,0.3529411764705882,0.23529411764705882
691182,"Amador, Adael",2026,46,0.5217391304347826,0.4782608695652175,0.19565217391304351,0.1521739130434783,0.13043478260869568,0.45652173913043476,0.3695652173913043,0.17391304347826086,0.21739130434782608,0.26086956521739135,0.043478260869565216,0.23913043478260868,0.10869565217391297,0.13043478260869565
691277,"De Los Santos, Deyvison",2026,15,0.5333333333333333,0.4666666666666667,0.19999999999999998,0.2,0.06666666666666667,0.4666666666666667,0.39999999999999997,0.13333333333333333,0.26666666666666666,0.26666666666666666,0,0.2,0.1333333333333333,0.13333333333333333
691373,"Garcia, Jhostynxon",2026,20,0.6000000000000001,0.39999999999999997,0.15000000000000002,0.19999999999999996,0.05000000000000001,0.30000000000000004,0.5000000000000001,0.20000000000000004,0.20000000000000004,0.3499999999999999,0.049999999999999996,0.1,0.1500000000000002,0.15000000000000005
691406,"Caminero, Junior",2026,360,0.4944444444444444,0.5055555555555553,0.2277777777777776,0.18888888888888883,0.0888888888888889,0.4555555555555554,0.3555555555555559,0.18888888888888888,0.2222222222222222,0.22500000000000006,0.047222222222222235,0.23333333333333317,0.13055555555555584,0.14166666666666666
691458,"Jordan, Blaze",2026,98,0.4999999999999999,0.5,0.20408163265306123,0.2244897959183674,0.07142857142857141,0.38775510204081653,0.3571428571428571,0.25510204081632637,0.24489795918367352,0.1530612244897959,0.1020408163265306,0.14285714285714302,0.2040816326530612,0.15306122448979576
691594,"Sanoja, Javier",2026,296,0.4290540540540541,0.5709459459459459,0.195945945945946,0.26689189189189194,0.10810810810810804,0.4189189189189189,0.3581081081081086,0.22297297297297305,0.18918918918918923,0.18918918918918912,0.05067567567567571,0.2297297297297297,0.1689189189189195,0.17229729729729734
691718,"Crow-Armstrong, Pete",2026,309,0.2718446601941751,0.7281553398058255,0.365695792880259,0.2427184466019418,0.11974110032362469,0.5242718446601936,0.3106796116504853,0.16504854368932045,0.1585760517799353,0.10032362459546927,0.012944983818770222,0.36569579288025833,0.210355987055016,0.15210355987055024
691720,"Karros, Kyle",2026,204,0.4754901960784312,0.5245098039215688,0.23039215686274517,0.23039215686274514,0.06372549019607843,0.3872549019607843,0.35294117647058804,0.2598039215686275,0.2549019607843138,0.1813725490196079,0.039215686274509796,0.1323529411764705,0.17156862745098014,0.22058823529411772
691723,"Mayo, Coby",2026,170,0.3647058823529412,0.6352941176470588,0.3117647058823529,0.19411764705882353,0.1294117647058824,0.5176470588235296,0.31764705882352934,0.16470588235294129,0.21764705882352936,0.1,0.04705882352941177,0.3000000000000002,0.21764705882352933,0.11764705882352952
691728,"Veen, Zac",2026,35,0.3428571428571429,0.657142857142857,0.4571428571428571,0.19999999999999998,0,0.45714285714285713,0.3142857142857144,0.22857142857142856,0.2,0.1142857142857143,0.02857142857142857,0.2571428571428571,0.2000000000000001,0.19999999999999998
691740,"Susac, Daniel",2026,75,0.3333333333333336,0.6666666666666667,0.36000000000000004,0.21333333333333337,0.09333333333333332,0.46666666666666673,0.2533333333333333,0.27999999999999997,0.22666666666666677,0.08,0.02666666666666667,0.23999999999999996,0.17333333333333328,0.2533333333333333
691777,"Muncy, Max",2026,109,0.4128440366972477,0.5871559633027524,0.21100917431192662,0.22935779816513774,0.14678899082568808,0.44036697247706413,0.3486238532110092,0.21100917431192662,0.24770642201834872,0.13761467889908255,0.027522935779816522,0.1926605504587154,0.21100917431192664,0.1834862385321101
691781,"House, Brady",2026,158,0.5253164556962027,0.4746835443037976,0.25949367088607617,0.15822784810126578,0.05696202531645568,0.30379746835443033,0.46835443037974683,0.22784810126582283,0.22784810126582278,0.2468354430379748,0.05063291139240506,0.07594936708860756,0.22151898734177203,0.17721518987341778
691783,"Lawlar, Jordan",2026,48,0.43749999999999983,0.5625000000000001,0.27083333333333337,0.27083333333333337,0.020833333333333332,0.4374999999999999,0.2916666666666667,0.27083333333333337,0.2083333333333334,0.12500000000000003,0.1041666666666667,0.2291666666666665,0.16666666666666666,0.16666666666666669
691785,"Mayer, Marcelo",2026,151,0.5364238410596025,0.4635761589403975,0.22516556291390732,0.15231788079470207,0.08609271523178808,0.3774834437086092,0.3642384105960265,0.2582781456953641,0.2847682119205297,0.1920529801324503,0.05960264900662254,0.0927152317880795,0.1721854304635762,0.19867549668874157
691788,"Mack, Joe",2026,181,0.48618784530386716,0.5138121546961325,0.26519337016574585,0.19889502762430936,0.049723756906077346,0.48066298342541425,0.28729281767955794,0.23204419889502767,0.28729281767955805,0.15469613259668524,0.04419889502762432,0.1933701657458562,0.1325966850828727,0.18784530386740333
691858,"Serna, Jared",2026,10,0.4,0.6,0.20000000000000004,0.19999999999999998,0.19999999999999998,0.30000000000000004,0.39999999999999997,0.3,0.2,0.09999999999999999,0.09999999999999999,0.10000000000000003,0.3,0.2
691907,"Cheng, Tsung-Che",2026,25,0.43999999999999995,0.56,0.32,0.24,0,0.48,0.39999999999999997,0.12,0.28,0.07999999999999999,0.07999999999999999,0.19999999999999996,0.31999999999999995,0.04000000000000001
692216,"Kayfus, CJ",2026,13,0.30769230769230765,0.6923076923076923,0.5384615384615384,0.07692307692307691,0.07692307692307693,0.23076923076923078,0.6923076923076923,0.07692307692307693,0.07692307692307693,0.2307692307692308,0,0.15384615384615385,0.46153846153846145,0.07692307692307693
693304,"Gonzales, Nick",2026,307,0.5179153094462535,0.4820846905537459,0.20521172638436472,0.25081433224755706,0.02605863192182412,0.3811074918566774,0.3452768729641693,0.2736156351791531,0.2638436482084692,0.17915309446254077,0.07491856677524433,0.11726384364820824,0.16612377850162854,0.19869706840390877
693306,"Sabato, Aaron",2026,1,0,1,1,0,0,0,1,0,0,0,0,0,1,0
693307,"Dingler, Dillon",2026,293,0.36860068259385703,0.6313993174061433,0.303754266211604,0.2354948805460751,0.09215017064846424,0.43344709897610906,0.35153583617747447,0.21501706484641636,0.21501706484641642,0.11945392491467573,0.03412969283276454,0.21843003412969264,0.23208191126279876,0.18088737201365182
693409,"Prieto, César",2026,30,0.5999999999999999,0.4,0.2333333333333334,0.16666666666666666,0,0.43333333333333335,0.43333333333333335,0.13333333333333333,0.26666666666666666,0.33333333333333337,0,0.16666666666666669,0.09999999999999998,0.13333333333333333
693459,"Fedko, Kyler",2026,6,0.33333333333333337,0.6666666666666667,0.33333333333333337,0.33333333333333337,0,0.33333333333333337,0.33333333333333337,0.33333333333333337,0.16666666666666669,0.16666666666666669,0,0.16666666666666669,0.16666666666666669,0.33333333333333337
694025,"Reyes, Felix",2026,13,0.3846153846153846,0.6153846153846154,0.23076923076923078,0.3076923076923077,0.07692307692307691,0.6153846153846153,0.15384615384615383,0.23076923076923078,0.2307692307692308,0.07692307692307691,0.07692307692307693,0.38461538461538447,0.07692307692307691,0.15384615384615385
694192,"Chourio, Jackson",2026,272,0.4301470588235294,0.5698529411764706,0.31985294117647056,0.20220588235294112,0.04779411764705885,0.28676470588235287,0.4632352941176469,0.2500000000000002,0.1691176470588235,0.23161764705882362,0.029411764705882346,0.11764705882352935,0.2316176470588233,0.22058823529411786
694197,"Genao, Angel",2026,73,0.6986301369863013,0.3013698630136987,0.12328767123287673,0.1506849315068494,0.027397260273972615,0.3835616438356164,0.4246575342465754,0.1917808219178083,0.3424657534246577,0.3013698630136988,0.05479452054794523,0.041095890410958735,0.1232876712328766,0.13698630136986306
694203,"Guzman, Denzer",2026,139,0.474820143884892,0.5251798561151083,0.20863309352517997,0.26618705035971246,0.050359712230215826,0.4460431654676259,0.3597122302158274,0.1942446043165468,0.287769784172662,0.15107913669064754,0.03597122302158274,0.15827338129496388,0.20863309352517984,0.15827338129496407
694208,"Ballesteros, Moisés",2026,194,0.46391752577319595,0.536082474226804,0.2680412371134019,0.2216494845360825,0.04639175257731959,0.3711340206185568,0.35567010309278385,0.27319587628865993,0.22680412371134032,0.18556701030927836,0.05154639175257734,0.1443298969072165,0.1701030927835055,0.2216494845360826
694212,"Basallo, Samuel",2026,201,0.427860696517413,0.572139303482587,0.2985074626865671,0.22388059701492544,0.04975124378109454,0.4129353233830847,0.3681592039800995,0.21890547263681592,0.2537313432835822,0.13432835820895522,0.039800995024875614,0.15920398009950248,0.23383084577114427,0.17910447761194032
694224,"Gonzalez, Gabriel",2026,3,1,0,0,0,0,0,0.6666666666666666,0.33333333333333337,0,0.6666666666666666,0.33333333333333337,0,0,0
694249,"Carrigg, Cole",2026,141,0.3758865248226951,0.6241134751773052,0.297872340425532,0.26241134751773065,0.06382978723404256,0.47517730496453897,0.32624113475177297,0.19858156028368804,0.23404255319148942,0.10638297872340423,0.03546099290780142,0.24113475177304955,0.21985815602836872,0.16312056737588662
694362,"Dunn, Blake",2026,82,0.4390243902439025,0.5609756097560976,0.2560975609756099,0.23170731707317074,0.07317073170731705,0.2560975609756097,0.47560975609756095,0.26829268292682934,0.14634146341463414,0.19512195121951226,0.09756097560975611,0.10975609756097557,0.2804878048780487,0.1707317073170732
694371,"Troy, Tommy",2026,75,0.49333333333333346,0.5066666666666667,0.21333333333333337,0.2266666666666667,0.06666666666666665,0.2933333333333334,0.44,0.26666666666666666,0.18666666666666673,0.2266666666666667,0.08000000000000002,0.10666666666666666,0.2133333333333333,0.18666666666666665
694374,"Tawa, Tim",2026,181,0.4475138121546962,0.5524861878453039,0.26519337016574585,0.21546961325966857,0.07182320441988953,0.3756906077348065,0.4364640883977901,0.1878453038674034,0.2154696132596686,0.17127071823204418,0.06077348066298344,0.1602209944751379,0.26519337016574596,0.12707182320441995
694376,"Whitcomb, Shay",2026,51,0.392156862745098,0.607843137254902,0.25490196078431376,0.21568627450980393,0.13725490196078433,0.2745098039215686,0.411764705882353,0.3137254901960783,0.1764705882352941,0.17647058823529424,0.039215686274509796,0.0980392156862745,0.23529411764705874,0.27450980392156854
694377,"Yorke, Nick",2026,40,0.5249999999999999,0.47500000000000014,0.2000000000000001,0.22500000000000003,0.049999999999999996,0.15000000000000002,0.5000000000000001,0.35,0.07500000000000001,0.3499999999999999,0.09999999999999999,0.07500000000000001,0.1500000000000002,0.25
694378,"Gonzalez, Jacob",2026,146,0.43150684931506844,0.5684931506849316,0.26712328767123283,0.22602739726027407,0.07534246575342468,0.4315068493150686,0.3287671232876711,0.23972602739726026,0.2123287671232877,0.15753424657534248,0.06164383561643837,0.21917808219178092,0.17123287671232862,0.1780821917808219
694384,"Schanuel, Nolan",2026,251,0.4063745019920319,0.5936254980079682,0.2270916334661355,0.32270916334661354,0.04382470119521911,0.3984063745019919,0.4183266932270916,0.18326693227091634,0.18725099601593623,0.18326693227091634,0.03585657370517927,0.21115537848605567,0.23505976095617526,0.14741035856573706
694388,"Loperfido, Joey",2026,62,0.532258064516129,0.46774193548387105,0.2580645161290323,0.19354838709677424,0.016129032258064516,0.2741935483870969,0.46774193548387094,0.25806451612903236,0.20967741935483875,0.24193548387096778,0.08064516129032259,0.06451612903225817,0.22580645161290316,0.17741935483870977
694410,"Groover, LuJames",2026,23,0.4782608695652175,0.5217391304347827,0.08695652173913042,0.2608695652173913,0.17391304347826092,0.4782608695652175,0.17391304347826086,0.3478260869565218,0.34782608695652173,0.04347826086956521,0.08695652173913042,0.1304347826086958,0.13043478260869565,0.26086956521739135
694497,"Carter, Evan",2026,244,0.37295081967213106,0.627049180327869,0.31967213114754106,0.22131147540983612,0.08606557377049182,0.4016393442622953,0.3647540983606557,0.23360655737704936,0.20901639344262302,0.1311475409836065,0.032786885245901655,0.1926229508196723,0.2336065573770492,0.2008196721311477
694514,"Thompson, Sterlin",2026,39,0.5384615384615384,0.46153846153846156,0.2307692307692308,0.23076923076923075,0,0.4615384615384615,0.3076923076923077,0.2307692307692308,0.35897435897435903,0.10256410256410259,0.07692307692307693,0.10256410256410248,0.20512820512820512,0.15384615384615388
694671,"Langford, Wyatt",2026,209,0.3110047846889952,0.6889952153110046,0.2822966507177033,0.263157894736842,0.1435406698564593,0.44019138755980863,0.3253588516746414,0.2344497607655503,0.17703349282296654,0.09090909090909091,0.043062200956937795,0.2631578947368421,0.2344497607655505,0.1913875598086125
694673,"Ortiz, Abimelec",2026,88,0.3295454545454546,0.6704545454545453,0.3295454545454544,0.27272727272727276,0.06818181818181815,0.4204545454545455,0.35227272727272724,0.22727272727272735,0.17045454545454544,0.14772727272727276,0.011363636363636366,0.2500000000000001,0.20454545454545447,0.215909090909091
694728,"Matthews, Brice",2026,89,0.5280898876404494,0.4719101123595506,0.23595505617977527,0.19101123595505623,0.04494382022471911,0.3707865168539326,0.46067415730337075,0.1685393258426967,0.23595505617977522,0.22471910112359547,0.06741573033707865,0.13483146067415738,0.23595505617977527,0.10112359550561806
694876,"Ingle, Cooper",2026,7,0.8571428571428572,0.14285714285714288,0,0.14285714285714288,0,0.5714285714285714,0.28571428571428575,0.14285714285714288,0.5714285714285714,0.28571428571428575,0,0,0,0.14285714285714288
695020,"Murray, Tanner",2026,8,0.5,0.5,0.375,0,0.125,0.125,0.625,0.25,0.125,0.375,0,0,0.25,0.25
695238,"Wagner, Will",2026,27,0.7037037037037037,0.29629629629629634,0.11111111111111113,0.1851851851851852,0,0.2222222222222222,0.4814814814814815,0.2962962962962964,0.2222222222222222,0.29629629629629634,0.18518518518518517,0,0.18518518518518517,0.11111111111111122
695257,"Cook, Billy",2026,15,0.26666666666666666,0.7333333333333334,0.3333333333333333,0.2,0.2,0.26666666666666666,0.6,0.13333333333333336,0.06666666666666667,0.13333333333333333,0.06666666666666668,0.2,0.4666666666666667,0.06666666666666668
695336,"Saggese, Thomas",2026,89,0.47191011235955066,0.5280898876404494,0.25842696629213474,0.24719101123595505,0.02247191011235957,0.25842696629213463,0.3932584269662922,0.3483146067415731,0.16853932584269665,0.19101123595505623,0.11235955056179778,0.08988764044943798,0.20224719101123598,0.23595505617977533
695391,"Harris, Brett",2026,10,0.3,0.7,0.5,0.09999999999999999,0.1,0.19999999999999998,0.7,0.10000000000000002,0,0.19999999999999998,0.10000000000000002,0.19999999999999998,0.5,0
695490,"Arroyo, Edwin",2026,82,0.426829268292683,0.5731707317073172,0.20731707317073175,0.29268292682926844,0.07317073170731704,0.41463414634146345,0.3292682926829268,0.2560975609756097,0.2439024390243903,0.10975609756097565,0.07317073170731707,0.17073170731707316,0.21951219512195114,0.18292682926829262
695491,"Báez, Joshua",2026,43,0.3023255813953489,0.6976744186046513,0.4651162790697675,0.13953488372093026,0.09302325581395351,0.5116279069767442,0.3023255813953489,0.18604651162790703,0.18604651162790697,0.11627906976744187,0,0.32558139534883723,0.186046511627907,0.18604651162790703
695506,"Caglianone, Jac",2026,256,0.44531250000000006,0.5546875000000002,0.22265625000000006,0.3007812500000001,0.03125000000000002,0.4687499999999999,0.328125,0.203125,0.26171875000000017,0.14453125000000006,0.03906249999999999,0.20703124999999972,0.18359374999999994,0.1640625
695508,"Cauley, Cam",2026,21,0.42857142857142855,0.5714285714285716,0.09523809523809526,0.28571428571428575,0.19047619047619052,0.5238095238095238,0.1904761904761905,0.2857142857142857,0.3333333333333334,0,0.09523809523809523,0.1904761904761904,0.1904761904761905,0.19047619047619047
695578,"Wood, James",2026,215,0.413953488372093,0.5860465116279069,0.283720930232558,0.2976744186046512,0.004651162790697674,0.3255813953488371,0.33488372093023255,0.3395348837209303,0.19534883720930232,0.14883720930232555,0.06976744186046516,0.1302325581395348,0.186046511627907,0.2697674418604652
695600,"Jensen, Carter",2026,263,0.3003802281368822,0.6996197718631179,0.4296577946768059,0.17110266159695822,0.09885931558935364,0.44106463878327,0.27756653992395436,0.28136882129277574,0.18250950570342198,0.09885931558935357,0.019011406844106456,0.258555133079848,0.1787072243346008,0.2623574144486693
695657,"Montgomery, Colson",2026,225,0.2755555555555556,0.7244444444444444,0.368888888888889,0.19555555555555557,0.15999999999999998,0.4622222222222224,0.3422222222222222,0.19555555555555562,0.16888888888888884,0.08,0.026666666666666672,0.29333333333333356,0.2622222222222222,0.16888888888888895
695670,"Ford, Harry",2026,39,0.5897435897435898,0.4102564102564103,0.2307692307692308,0.10256410256410259,0.07692307692307693,0.41025641025641024,0.4615384615384616,0.12820512820512822,0.3333333333333333,0.25641025641025633,0,0.07692307692307693,0.2051282051282053,0.12820512820512822
695681,"Moore, Christian",2026,54,0.4259259259259258,0.5740740740740741,0.2962962962962962,0.22222222222222224,0.055555555555555566,0.2962962962962964,0.4629629629629629,0.24074074074074073,0.16666666666666669,0.2592592592592593,0,0.1296296296296297,0.2037037037037036,0.24074074074074073
695720,"White, Tommy",2026,103,0.4466019417475728,0.5533980582524273,0.27184466019417475,0.23300970873786417,0.04854368932038835,0.23300970873786403,0.47572815533980595,0.29126213592233025,0.1553398058252427,0.20388349514563106,0.08737864077669902,0.07766990291262132,0.27184466019417486,0.20388349514563123
695731,"Montgomery, Braden",2026,189,0.6243386243386243,0.37566137566137564,0.15873015873015878,0.1904761904761904,0.026455026455026464,0.33862433862433855,0.33862433862433866,0.3227513227513228,0.25396825396825384,0.2222222222222222,0.14814814814814817,0.0846560846560847,0.11640211640211645,0.17460317460317462
695734,"Lile, Daylen",2026,355,0.3014084507042253,0.6985915492957746,0.4225352112676055,0.21690140845070424,0.05915492957746482,0.41408450704225386,0.30704225352112685,0.2788732394366195,0.1943661971830986,0.07887323943661971,0.02816901408450702,0.21971830985915525,0.22816901408450713,0.2507042253521125
696030,"Osuna, Alejandro",2026,130,0.4769230769230769,0.5230769230769231,0.15384615384615385,0.30000000000000004,0.06923076923076923,0.2769230769230769,0.376923076923077,0.34615384615384603,0.16153846153846163,0.21538461538461545,0.09999999999999998,0.11538461538461525,0.16153846153846158,0.24615384615384606
696100,"Goodman, Hunter",2026,246,0.3211382113821138,0.6788617886178863,0.3495934959349594,0.21951219512195122,0.10975609756097562,0.48780487804878075,0.30081300813008155,0.21138211382113822,0.17073170731707324,0.1097560975609756,0.04065040650406505,0.3170731707317075,0.19105691056910595,0.17073170731707318
696135,"Watson, Kahlil",2026,44,0.5454545454545454,0.45454545454545453,0.20454545454545459,0.22727272727272724,0.022727272727272728,0.38636363636363635,0.38636363636363635,0.22727272727272727,0.25,0.18181818181818185,0.11363636363636363,0.13636363636363635,0.2045454545454545,0.11363636363636363
696285,"Young, Jacob",2026,225,0.41777777777777786,0.5822222222222221,0.26666666666666666,0.2666666666666665,0.04888888888888889,0.3733333333333334,0.3733333333333332,0.2533333333333333,0.23111111111111113,0.1644444444444445,0.022222222222222223,0.14222222222222228,0.20888888888888868,0.23111111111111107
699013,"Valdez, Esmerlyn",2026,84,0.3571428571428572,0.6428571428571429,0.3452380952380953,0.22619047619047625,0.07142857142857142,0.3571428571428572,0.3809523809523811,0.2619047619047619,0.1666666666666667,0.16666666666666677,0.02380952380952381,0.1904761904761905,0.21428571428571433,0.2380952380952381
699024,"Bernal, Leo",2026,52,0.30769230769230776,0.6923076923076923,0.423076923076923,0.2307692307692308,0.038461538461538464,0.4230769230769232,0.4423076923076923,0.1346153846153846,0.17307692307692304,0.13461538461538464,0,0.2500000000000001,0.30769230769230765,0.1346153846153846
699115,"Jorge, Carlos",2026,30,0.4666666666666667,0.5333333333333334,0.2,0.2666666666666667,0.06666666666666668,0.3666666666666667,0.3,0.33333333333333337,0.2333333333333334,0.06666666666666668,0.16666666666666666,0.1333333333333333,0.2333333333333333,0.1666666666666667
699302,"Rodríguez, Héctor",2026,79,0.5443037974683544,0.4556962025316457,0.278481012658228,0.12658227848101267,0.05063291139240507,0.41772151898734183,0.3924050632911393,0.18987341772151903,0.2658227848101265,0.25316455696202533,0.025316455696202535,0.15189873417721533,0.13924050632911394,0.1645569620253165
699393,"Ramírez, Pedro",2026,157,0.41401273885350326,0.5859872611464969,0.2547770700636943,0.2356687898089172,0.09554140127388533,0.42038216560509545,0.3630573248407642,0.2165605095541402,0.2038216560509555,0.14649681528662423,0.06369426751592357,0.21656050955413994,0.21656050955413997,0.15286624203821664
699625,"Crooks, Jimmy",2026,76,0.3289473684210528,0.6710526315789476,0.4342105263157896,0.18421052631578952,0.052631578947368446,0.39473684210526316,0.34210526315789486,0.263157894736842,0.17105263157894743,0.11842105263157897,0.03947368421052632,0.22368421052631574,0.22368421052631587,0.22368421052631565
699912,"Fernandez, Jose",2026,110,0.5,0.5,0.12727272727272723,0.22727272727272738,0.14545454545454545,0.4363636363636362,0.28181818181818197,0.28181818181818197,0.2636363636363637,0.1727272727272727,0.06363636363636362,0.17272727272727245,0.10909090909090927,0.21818181818181837
700246,"Williams, Carson",2026,16,0.3125,0.6875,0.25,0.12500000000000003,0.3125,0.1875,0.5,0.3125,0.125,0.06250000000000001,0.12500000000000003,0.0625,0.4375,0.18749999999999997
700250,"Rice, Ben",2026,275,0.38545454545454544,0.6145454545454547,0.35272727272727283,0.23272727272727284,0.029090909090909105,0.45090909090909115,0.3490909090909091,0.20000000000000004,0.2327272727272727,0.13090909090909092,0.021818181818181816,0.21818181818181845,0.2181818181818182,0.17818181818181822
700337,"Quero, Edgar",2026,85,0.576470588235294,0.4235294117647058,0.18823529411764703,0.19999999999999996,0.035294117647058816,0.2705882352941175,0.45882352941176463,0.2705882352941176,0.22352941176470595,0.23529411764705882,0.11764705882352947,0.04705882352941157,0.2235294117647058,0.1529411764705881
700652,"Piper, Kenny",2026,5,0.4,0.6000000000000001,0.4,0,0.2,0.4,0.2,0.4,0.2,0.2,0,0.2,0,0.4
700932,"Manzardo, Kyle",2026,159,0.3459119496855347,0.6540880503144656,0.3584905660377361,0.20754716981132068,0.08805031446540879,0.4088050314465409,0.4465408805031446,0.14465408805031443,0.18867924528301883,0.15094339622641514,0.006289308176100629,0.22012578616352207,0.2955974842767295,0.1383647798742138
701162,"Malgeri, Ben",2026,33,0.39393939393939387,0.6060606060606061,0.3030303030303031,0.2727272727272727,0.030303030303030304,0.42424242424242425,0.3030303030303029,0.2727272727272726,0.21212121212121215,0.18181818181818185,0,0.2121212121212121,0.12121212121212108,0.2727272727272726
701305,"Dezenzo, Zach",2026,28,0.4999999999999999,0.5,0.1428571428571429,0.3571428571428571,0,0.4999999999999999,0.21428571428571427,0.2857142857142858,0.4285714285714286,0.07142857142857145,0,0.07142857142857129,0.14285714285714282,0.2857142857142858
701350,"Anthony, Roman",2026,88,0.3863636363636364,0.6136363636363636,0.3295454545454544,0.2727272727272729,0.011363636363636374,0.3863636363636365,0.37499999999999994,0.23863636363636362,0.21590909090909094,0.14772727272727276,0.022727272727272735,0.17045454545454558,0.22727272727272718,0.21590909090909088
701358,"Smith, Cam",2026,271,0.4686346863468634,0.5313653136531367,0.23616236162361617,0.22509225092250937,0.07011070110701109,0.3911439114391145,0.3653136531365314,0.2435424354243543,0.23247232472324722,0.16974169741697415,0.06642066420664208,0.15867158671586726,0.19557195571955727,0.17712177121771222
701398,"Stewart, Sal",2026,363,0.46280991735537175,0.537190082644628,0.2837465564738291,0.2148760330578512,0.0385674931129477,0.32231404958677684,0.38292011019283745,0.29476584022038593,0.19283746556473827,0.2176308539944904,0.052341597796143245,0.12947658402203857,0.16528925619834706,0.24242424242424268
701538,"Merrill, Jackson",2026,331,0.3625377643504528,0.6374622356495468,0.3021148036253775,0.2839879154078552,0.05135951661631417,0.38972809667673713,0.34138972809667684,0.26888217522658614,0.1933534743202416,0.1238670694864049,0.045317220543806706,0.19637462235649553,0.21752265861027192,0.22356495468277943
701649,"Triantos, James",2026,4,0.5,0.5,0.25,0,0.25,0.25,0,0.75,0.25,0,0.25,0,0,0.5
701675,"Church, Nathan",2026,277,0.41877256317689526,0.5812274368231045,0.23826714801444032,0.24187725631768944,0.10108303249097476,0.3357400722021661,0.3790613718411552,0.2851985559566786,0.15884476534296035,0.19494584837545123,0.06498194945848376,0.17689530685920576,0.18411552346570395,0.22021660649819483
701678,"Lee, Hao-Yu",2026,144,0.4236111111111109,0.5763888888888891,0.2361111111111111,0.2569444444444446,0.08333333333333333,0.2847222222222224,0.375,0.34027777777777796,0.16666666666666666,0.1666666666666668,0.09027777777777778,0.11805555555555572,0.2083333333333332,0.25000000000000017
701762,"Kurtz, Nick",2026,135,0.4148148148148149,0.5851851851851854,0.2666666666666667,0.2814814814814816,0.03703703703703704,0.3333333333333335,0.3925925925925926,0.2740740740740739,0.22222222222222232,0.14814814814814806,0.044444444444444446,0.11111111111111116,0.24444444444444455,0.22962962962962946
701785,"Culpepper, Kaelen",2026,56,0.37500000000000006,0.6249999999999999,0.2678571428571428,0.23214285714285712,0.12500000000000003,0.4285714285714286,0.3928571428571429,0.1785714285714286,0.21428571428571436,0.14285714285714285,0.017857142857142856,0.21428571428571425,0.25000000000000006,0.16071428571428575
701807,"Benge, Carson",2026,331,0.4380664652567976,0.5619335347432028,0.27492447129909386,0.25679758308157125,0.03021148036253776,0.34441087613293037,0.3685800604229607,0.2870090634441086,0.21450151057401814,0.15407854984894256,0.06948640483383692,0.12990936555891222,0.21450151057401814,0.21752265861027167
701852,"Cavanaugh, Drew",2026,89,0.4606741573033707,0.5393258426966293,0.21348314606741575,0.26966292134831465,0.056179775280898875,0.30337078651685395,0.3707865168539327,0.3258426966292135,0.15730337078651693,0.20224719101123603,0.101123595505618,0.14606741573033702,0.16853932584269668,0.2247191011235955
702176,"Roden, Alan",2026,55,0.4727272727272727,0.5272727272727273,0.23636363636363641,0.23636363636363641,0.054545454545454536,0.3090909090909091,0.29090909090909084,0.4,0.23636363636363636,0.10909090909090911,0.1272727272727273,0.07272727272727272,0.1818181818181817,0.2727272727272727
702222,"Crawford, Justin",2026,306,0.5784313725490198,0.4215686274509806,0.1732026143790851,0.20915032679738568,0.03921568627450984,0.27777777777777773,0.40522875816993464,0.31699346405228757,0.18300653594771232,0.241830065359477,0.15359477124183002,0.09477124183006541,0.16339869281045766,0.16339869281045755
702284,"Young, Cole",2026,317,0.39747634069400634,0.6025236593059942,0.2555205047318615,0.24290220820189276,0.10410094637223984,0.4227129337539432,0.3690851735015773,0.20820189274447962,0.19558359621451096,0.16403785488958997,0.03785488958990534,0.22712933753943224,0.20504731861198736,0.17034700315457427
702332,"Durbin, Caleb",2026,314,0.49681528662420366,0.5031847133757962,0.17834394904458592,0.21019108280254775,0.1146496815286625,0.4076433121019109,0.39171974522292996,0.20063694267515939,0.22611464968152892,0.21019108280254792,0.0605095541401274,0.181528662420382,0.18152866242038204,0.14012738853503198
702616,"Holliday, Jackson",2026,180,0.4555555555555557,0.5444444444444445,0.23888888888888893,0.22777777777777777,0.07777777777777778,0.3666666666666665,0.36666666666666675,0.26666666666666666,0.20000000000000012,0.19444444444444445,0.061111111111111116,0.16666666666666635,0.1722222222222223,0.20555555555555555
703155,"Montes, Lazaro",2026,18,0.27777777777777785,0.7222222222222222,0.5,0.2222222222222222,0,0.3888888888888889,0.27777777777777785,0.33333333333333337,0.11111111111111113,0.055555555555555566,0.1111111111111111,0.2777777777777778,0.22222222222222227,0.22222222222222227
703197,"Arroyo, Michael",2026,15,0.2666666666666667,0.7333333333333333,0.39999999999999997,0.26666666666666666,0.06666666666666668,0.6,0.26666666666666666,0.13333333333333336,0.20000000000000004,0.06666666666666667,0,0.3999999999999999,0.2,0.13333333333333336
703492,"Morabito, Nick",2026,17,0.47058823529411764,0.5294117647058824,0.11764705882352944,0.29411764705882354,0.11764705882352941,0.4117647058823529,0.3529411764705883,0.23529411764705888,0.23529411764705882,0.17647058823529413,0.05882352941176472,0.1764705882352941,0.17647058823529418,0.17647058823529416
703520,"Bateman, Brett",2026,79,0.5949367088607596,0.4050632911392406,0.11392405063291139,0.2911392405063292,0,0.3417721518987342,0.329113924050633,0.329113924050633,0.30379746835443056,0.16455696202531647,0.1265822784810126,0.03797468354430367,0.16455696202531653,0.2025316455696204
703601,"Clark, Max",2026,92,0.3478260869565218,0.652173913043478,0.29347826086956513,0.26086956521739113,0.09782608695652172,0.3695652173913043,0.2934782608695652,0.33695652173913054,0.2065217391304348,0.07608695652173914,0.0652173913043478,0.1630434782608695,0.21739130434782605,0.27173913043478276
703607,"Bolte, Henry",2026,204,0.6568627450980392,0.3431372549019608,0.13725490196078433,0.17647058823529407,0.029411764705882363,0.3333333333333335,0.39705882352941196,0.2696078431372549,0.2549019607843135,0.27941176470588225,0.12254901960784317,0.07843137254902,0.11764705882352972,0.14705882352941171
800050,"DeLauter, Chase",2026,287,0.42160278745644614,0.5783972125435539,0.21602787456446,0.2648083623693378,0.09756097560975611,0.3867595818815332,0.34494773519163763,0.2682926829268293,0.21254355400696867,0.16027874564459932,0.04878048780487807,0.17421602787456453,0.1846689895470383,0.21951219512195122
800325,"Lara, Luis",2026,91,0.4505494505494506,0.5494505494505495,0.1868131868131869,0.3516483516483516,0.010989010989010992,0.3296703296703298,0.3406593406593408,0.32967032967032966,0.21978021978021975,0.15384615384615388,0.07692307692307693,0.10989010989011003,0.1868131868131869,0.25274725274725274
800543,"De Paula, Josue",2026,16,0.25,0.75,0.3125,0.43750000000000006,0,0.43749999999999994,0.3125,0.25000000000000006,0.0625,0.125,0.0625,0.37499999999999994,0.1875,0.18750000000000006
801126,"Rodden, Brock",2026,27,0.18518518518518523,0.8148148148148149,0.5555555555555556,0.2222222222222222,0.03703703703703704,0.4814814814814815,0.2592592592592593,0.2592592592592593,0.1481481481481482,0.03703703703703704,0,0.3333333333333333,0.22222222222222227,0.2592592592592593
801501,"Furman, Nate",2026,23,0.7391304347826088,0.26086956521739124,0.13043478260869565,0.08695652173913042,0.04347826086956521,0.47826086956521746,0.3043478260869565,0.21739130434782608,0.3913043478260869,0.21739130434782614,0.1304347826086957,0.08695652173913054,0.08695652173913035,0.08695652173913038
802139,"Wetherholt, JJ",2026,275,0.48363636363636364,0.5163636363636364,0.27272727272727265,0.21454545454545465,0.029090909090909084,0.41090909090909084,0.3636363636363638,0.22545454545454563,0.2690909090909092,0.16363636363636366,0.05090909090909094,0.14181818181818162,0.20000000000000015,0.1745454545454547
802415,"Simpson, Chandler",2026,351,0.5868945868945871,0.41310541310541304,0.14245014245014245,0.24501424501424499,0.025641025641025633,0.2507122507122508,0.4102564102564102,0.3390313390313394,0.18233618233618237,0.2564102564102563,0.1481481481481481,0.06837606837606841,0.1538461538461539,0.1908831908831913
803011,"Antonacci, Sam",2026,329,0.4680851063829786,0.5319148936170216,0.2401215805471125,0.2613981762917935,0.03039513677811552,0.3313069908814592,0.41641337386018246,0.25227963525835856,0.20972644376899677,0.20364741641337394,0.05471124620060789,0.12158054711246244,0.2127659574468085,0.19756838905775068
804606,"Griffin, Konnor",2026,169,0.5562130177514792,0.4437869822485208,0.1656804733727811,0.24260355029585806,0.03550295857988167,0.35502958579881644,0.3550295857988167,0.2899408284023669,0.260355029585799,0.2011834319526628,0.09467455621301774,0.09467455621301746,0.1538461538461539,0.19526627218934917
804668,"Flores Jr., Rafael",2026,55,0.43636363636363634,0.5636363636363637,0.34545454545454546,0.21818181818181825,0,0.43636363636363645,0.3636363636363636,0.20000000000000004,0.2,0.16363636363636364,0.07272727272727274,0.23636363636363644,0.19999999999999996,0.12727272727272732
805249,"Kemp, Otto",2026,3,0,1,0,0.6666666666666667,0.3333333333333333,0,0.33333333333333337,0.6666666666666666,0,0,0,0,0.33333333333333337,0.6666666666666666
805300,"Marsee, Jakob",2026,317,0.3343848580441639,0.6656151419558359,0.24605678233438485,0.29652996845425866,0.12302839116719248,0.40063091482649843,0.3249211356466875,0.27444794952681373,0.17350157728706628,0.11356466876971612,0.047318611987381735,0.22712933753943215,0.2113564668769714,0.22712933753943199
805346,"Ross, Ben",2026,4,0.5,0.5,0,0.25,0.25,0.75,0,0.25,0.5,0,0,0.25,0,0.25
805347,"Jarvis, Jim",2026,77,0.5974025974025975,0.4025974025974027,0.19480519480519484,0.18181818181818185,0.025974025974025993,0.25974025974025966,0.5324675324675325,0.20779220779220783,0.18181818181818182,0.36363636363636376,0.05194805194805194,0.07792207792207784,0.16883116883116878,0.1558441558441559
805367,"Meidroth, Chase",2026,306,0.5065359477124179,0.49346405228758183,0.21568627450980393,0.22549019607843146,0.052287581699346414,0.3921568627450982,0.36601307189542504,0.24183006535947724,0.22549019607843146,0.22549019607843143,0.055555555555555546,0.16666666666666674,0.1405228758169936,0.18627450980392168
805672,"Price, Collin",2026,5,0.6,0.4,0.4,0,0,0.4,0.2,0.4,0.4,0,0.2,0,0.2,0.2
805779,"Wilson, Jacob",2026,185,0.5243243243243242,0.4756756756756755,0.19459459459459463,0.2378378378378376,0.043243243243243246,0.3729729729729729,0.40540540540540526,0.22162162162162174,0.2054054054054055,0.2270270270270271,0.0918918918918919,0.16756756756756738,0.17837837837837817,0.12972972972972985
805805,"Jenkins, Walker",2026,50,0.43999999999999995,0.56,0.28,0.2200000000000001,0.06,0.42000000000000004,0.41999999999999993,0.16000000000000006,0.24,0.20000000000000004,0,0.18000000000000005,0.2199999999999999,0.16000000000000006
805808,"McGonigle, Kevin",2026,365,0.32054794520547947,0.6794520547945205,0.3643835616438355,0.23287671232876722,0.08219178082191783,0.3643835616438354,0.35342465753424646,0.2821917808219178,0.1753424657534246,0.11232876712328764,0.032876712328767155,0.1890410958904108,0.2410958904109588,0.24931506849315066
805811,"Eldridge, Bryce",2026,183,0.371584699453552,0.628415300546448,0.3224043715846996,0.256830601092896,0.049180327868852444,0.36065573770491816,0.3606557377049181,0.27868852459016397,0.21311475409836064,0.11475409836065574,0.043715846994535526,0.1475409836065575,0.24590163934426235,0.23497267759562845
805904,"Cole, Zach",2026,28,0.42857142857142855,0.5714285714285714,0.35714285714285715,0.10714285714285712,0.10714285714285714,0.46428571428571425,0.3571428571428571,0.17857142857142858,0.25,0.10714285714285716,0.07142857142857144,0.21428571428571425,0.24999999999999994,0.10714285714285714
805999,"Ewing, A.J.",2026,232,0.4525862068965516,0.5474137931034483,0.2370689655172415,0.2715517241379309,0.038793103448275884,0.31465517241379315,0.3965517241379309,0.2887931034482761,0.17241379310344834,0.1982758620689655,0.08189655172413794,0.1422413793103448,0.19827586206896539,0.20689655172413812
806068,"Emerson, Colt",2026,95,0.473684210526316,0.5263157894736842,0.20000000000000007,0.2526315789473684,0.07368421052631578,0.4105263157894737,0.35789473684210527,0.23157894736842102,0.2526315789473684,0.16842105263157894,0.052631578947368404,0.1578947368421053,0.18947368421052632,0.17894736842105263
806146,"Lombard Jr., George",2026,92,0.5,0.5000000000000001,0.22826086956521743,0.2173913043478261,0.054347826086956534,0.3478260869565219,0.3260869565217392,0.3260869565217392,0.19565217391304351,0.22826086956521752,0.07608695652173916,0.15217391304347838,0.09782608695652167,0.25
806198,"Pratt, Cooper",2026,142,0.4647887323943662,0.5352112676056339,0.1971830985915494,0.31690140845070425,0.021126760563380288,0.3169014084507041,0.40140845070422526,0.28169014084507055,0.18309859154929586,0.19014084507042245,0.09154929577464788,0.13380281690140822,0.2112676056338028,0.19014084507042267
806367,"Hill, Turner",2026,57,0.4210526315789474,0.5789473684210528,0.26315789473684215,0.26315789473684215,0.05263157894736843,0.4736842105263158,0.38596491228070173,0.14035087719298245,0.2456140350877194,0.15789473684210528,0.017543859649122816,0.22807017543859642,0.22807017543859645,0.12280701754385963
806956,"Salas, Ethan",2026,25,0.36,0.64,0.44,0.12000000000000002,0.07999999999999999,0.24,0.48,0.28,0.04000000000000001,0.2800000000000001,0.039999999999999994,0.19999999999999998,0.1999999999999999,0.24000000000000005
807712,"Keaschall, Luke",2026,302,0.36423841059602646,0.6357615894039734,0.2980132450331125,0.24834437086092714,0.08940397350993384,0.41059602649006616,0.3278145695364238,0.26158940397350994,0.23178807947019867,0.09933774834437085,0.03311258278145698,0.1788079470198675,0.22847682119205293,0.22847682119205295
807713,"Shaw, Matt",2026,73,0.3698630136986303,0.6301369863013699,0.315068493150685,0.23287671232876714,0.08219178082191782,0.3287671232876713,0.4383561643835617,0.2328767123287672,0.2054794520547946,0.15068493150684942,0.013698630136986304,0.12328767123287673,0.28767123287671226,0.2191780821917809
807726,"Peck, John",2026,36,0.3888888888888889,0.6111111111111112,0.19444444444444445,0.2777777777777778,0.1388888888888889,0.19444444444444448,0.3888888888888888,0.41666666666666663,0.16666666666666669,0.19444444444444442,0.027777777777777776,0.02777777777777779,0.19444444444444436,0.38888888888888884
807727,"McAdoo, Charles",2026,36,0.4444444444444443,0.5555555555555556,0.2777777777777778,0.22222222222222224,0.05555555555555555,0.24999999999999997,0.47222222222222215,0.2777777777777778,0.08333333333333336,0.3055555555555555,0.055555555555555566,0.16666666666666663,0.16666666666666663,0.2222222222222222
807747,"Nishida, Rikuu",2026,22,0.5909090909090909,0.40909090909090917,0.09090909090909093,0.31818181818181823,0,0.13636363636363635,0.5454545454545456,0.31818181818181823,0.09090909090909091,0.36363636363636365,0.1363636363636364,0.04545454545454544,0.181818181818182,0.18181818181818182
807799,"Yoshida, Masataka",2026,210,0.49999999999999956,0.4999999999999999,0.24285714285714274,0.19999999999999996,0.05714285714285714,0.4476190476190475,0.31904761904761936,0.23333333333333334,0.2761904761904762,0.16190476190476194,0.06190476190476194,0.17142857142857132,0.15714285714285742,0.1714285714285714
808959,"Murakami, Munetaka",2026,184,0.4347826086956522,0.5652173913043477,0.4021739130434782,0.12499999999999992,0.038043478260869554,0.5000000000000002,0.282608695652174,0.2173913043478261,0.2826086956521739,0.11413043478260869,0.03804347826086956,0.21739130434782633,0.1684782608695653,0.17934782608695654
808975,"Kim, Hyeseong",2026,78,0.43589743589743596,0.5641025641025641,0.1923076923076923,0.33333333333333337,0.038461538461538464,0.294871794871795,0.44871794871794873,0.2564102564102564,0.20512820512820523,0.15384615384615388,0.07692307692307696,0.08974358974358976,0.2948717948717948,0.17948717948717943
808982,"Lee, Jung Hoo",2026,338,0.4171597633136093,0.5828402366863904,0.23076923076923062,0.3017751479289941,0.05029585798816568,0.3609467455621301,0.39053254437869844,0.24852071005917165,0.18934911242603558,0.15384615384615377,0.07396449704142019,0.1715976331360945,0.23668639053254467,0.17455621301775145
810938,"Williamson, Ben",2026,108,0.5925925925925923,0.4074074074074074,0.0925925925925926,0.2685185185185185,0.046296296296296294,0.2870370370370371,0.34259259259259256,0.37037037037037046,0.19444444444444453,0.2314814814814815,0.16666666666666666,0.09259259259259256,0.11111111111111105,0.2037037037037038
811965,"Kuroda-Grauer, Joshua",2026,33,0.5454545454545456,0.4545454545454546,0.18181818181818185,0.2727272727272727,0,0.36363636363636365,0.4242424242424242,0.21212121212121218,0.21212121212121215,0.21212121212121218,0.12121212121212123,0.1515151515151515,0.21212121212121202,0.09090909090909095
813841,"Cox, Jonah",2026,45,0.5555555555555556,0.4444444444444445,0.13333333333333333,0.2666666666666667,0.044444444444444446,0.20000000000000004,0.37777777777777766,0.42222222222222217,0.1777777777777778,0.2444444444444445,0.13333333333333336,0.022222222222222227,0.13333333333333316,0.2888888888888888
814154,"Bandura, Scott",2026,6,0.33333333333333337,0.6666666666666667,0.16666666666666669,0.33333333333333337,0.16666666666666669,0.5,0.5,0,0.33333333333333337,0,0,0.16666666666666663,0.5,0
814430,"Callahan, Brett",2026,45,0.31111111111111106,0.6888888888888889,0.31111111111111106,0.24444444444444444,0.13333333333333336,0.3555555555555555,0.4,0.2444444444444445,0.15555555555555559,0.11111111111111113,0.044444444444444446,0.19999999999999993,0.28888888888888886,0.20000000000000004
814439,"Waldschmidt, Ryan",2026,116,0.3448275862068965,0.6551724137931032,0.2672413793103447,0.3362068965517241,0.05172413793103448,0.4137931034482759,0.39655172413793105,0.1896551724137931,0.18965517241379312,0.12068965517241384,0.03448275862068965,0.2241379310344828,0.27586206896551724,0.15517241379310345
815589,"Davidson, Bo",2026,6,0.5,0.5,0.33333333333333337,0.16666666666666669,0,0.16666666666666669,0.6666666666666666,0.16666666666666669,0,0.5,0,0.16666666666666669,0.16666666666666663,0.16666666666666669
815873,"Keys, Sean",2026,39,0.38461538461538464,0.6153846153846154,0.17948717948717954,0.30769230769230765,0.12820512820512822,0.43589743589743585,0.358974358974359,0.20512820512820512,0.2307692307692308,0.15384615384615385,0,0.20512820512820504,0.20512820512820512,0.20512820512820512
823550,"Song, Sung-Mun",2026,95,0.43157894736842095,0.5684210526315789,0.263157894736842,0.16842105263157903,0.13684210526315793,0.4210526315789474,0.336842105263158,0.24210526315789474,0.21052631578947364,0.168421052631579,0.05263157894736842,0.21052631578947376,0.168421052631579,0.18947368421052632
828599,"Spence, Lucas",2026,21,0.4285714285714286,0.5714285714285714,0.2857142857142857,0.23809523809523808,0.04761904761904763,0.5714285714285714,0.19047619047619047,0.23809523809523808,0.33333333333333337,0.09523809523809525,0,0.23809523809523803,0.09523809523809522,0.23809523809523808