Batters,Opp: 9/28,Roster Status,GP*,Rankings_Pre-Season,Rankings_Current,Trends_% Ros,Season (total)_H/AB*,Season (total)_R,Season (total)_HR,Season (total)_RBI,Season (total)_SB,Season (total)_OPS,
Pete Crow-ArmstrongPlayer Note CHC - OF ,,Detroit Fastballs,162,19,1,99%,175/626,119,45,107,41,0.942,
Yordan AlvarezPlayer Note HOU - OF,,Ranger danger,158,2,2,99%,179/567,105,42,106,1,1.033,
Pete AlonsoPlayer Note BAL - 1B,,Stealth Bomber,161,44,4,99%,161/602,100,43,113,5,0.885,
"CJ AbramsPlayer Note WSH - 2B,SS ",,Stealth Bomber,152,57,5,98%,151/579,93,33,106,34,0.833,
"Miguel VargasPlayer Note CWS - 1B,3B",,Detroit Fastballs,159,42,7,94%,147/588,106,33,93,22,0.837,
"Ben RicePlayer Note NYY - C,1B ",,Tm Mndlsn nd Mtchn,154,34,8,99%,151/573,105,41,97,3,0.897,
Junior CamineroPlayer Note TB - 3B ,,Ranger danger,162,17,9,99%,170/616,100,42,101,3,0.884,
Elly De La CruzPlayer Note CIN - SS ,,Tm Mndlsn nd Mtchn,143,18,10,99%,158/559,99,30,79,30,0.88,
Randy ArozarenaPlayer Note SEA - OF,,No Longer Rowdy,154,67,11,98%,161/572,113,26,79,26,0.865,
"Kyle SchwarberNo new player Notes PHI - 1B,OF ",,Cash is King,156,5,12,99%,135/581,95,45,97,3,0.857,
James WoodPlayer Note WSH - OF ,,Cookie Monster ,135,4,13,99%,136/513,106,30,77,21,0.891,
"Fernando Tatis Jr.Player Note SD - 2B,OF",,Stealth Bomber,159,32,14,99%,181/626,96,25,83,38,0.828,
Jordan WalkerPlayer Note STL - OF,,The Eds,158,48,16,93%,164/609,97,29,102,22,0.793,
Matt OlsonPlayer Note ATL - 1B,,Joey Spierer's Team,162,16,17,99%,157/625,99,41,93,4,0.823,
"Sal StewartPlayer Note CIN - 1B,2B,3B ",,NY Bombsquad,162,55,18,95%,164/623,87,32,111,15,0.787,
Brice TurangPlayer Note MIL - 2B,,The Eds,151,24,19,99%,156/582,102,21,100,19,0.816,
"Bryce HarperPlayer Note PHI - 1B,OF",,Tm Mndlsn nd Mtchn,162,25,21,99%,155/577,93,29,87,7,0.865,
Shohei Ohtani (Batter)Video ForecastPlayer Note LAD - Util ,,Trust The Process,135,1,22,98%,144/523,89,30,81,11,0.889,
Rafael DeversIL60No new player Notes SF - 1B ,,Rafael Devers,148,115,23,74%,144/558,88,37,98,0,0.865,
"Jake BauersPlayer Note MIL - 1B,OF",,Detroit Fastballs,144,168,24,80%,127/477,93,26,86,11,0.873,
Hunter GoodmanPlayer Note COL - C ,,Detroit Fastballs,138,54,25,96%,127/518,84,41,88,5,0.839,
Brandon LowePlayer Note PIT - 2B,,Stealth Bomber,150,152,26,92%,152/584,94,35,96,2,0.824,
Jackson ChourioPlayer Note MIL - OF ,,NY Bombsquad,127,15,28,99%,152/522,96,25,75,23,0.838,
Bobby Witt Jr.Player Note KC - SS,,Cash is King,143,7,29,99%,157/558,94,18,54,45,0.8,
Zach NetoPlayer Note LAA - SS ,,Cookie Monster ,157,28,30,97%,148/619,102,27,77,24,0.766,
"Alec BurlesonPlayer Note STL - 1B,OF ",,Joe Byron,160,64,31,94%,169/605,89,26,116,4,0.816,
Alex BregmanPlayer Note CHC - 3B,,Joey Spierer's Team,155,127,33,85%,161/608,92,28,93,3,0.819,
Corbin CarrollPlayer Note AZ - OF,,Cash is King,156,10,35,99%,139/582,91,22,78,21,0.795,
Seiya SuzukiPlayer Note CHC - OF,,Rafael Devers,143,86,36,94%,147/545,96,26,86,3,0.841,
Jackson MerrillPlayer Note SD - OF ,,Trust The Process,158,147,37,97%,156/613,86,26,87,27,0.743,
Jake McCarthyPlayer Note COL - OF,,No Longer Rowdy,147,216,40,84%,159/547,80,15,83,32,0.809,
"Otto LopezPlayer Note MIA - 2B,SS",,Cookie Monster ,157,63,42,92%,191/627,94,11,71,34,0.786,
"Munetaka MurakamiPlayer Note CWS - 1B,3B",,Fightin Farmers,127,102,43,92%,94/454,82,35,77,1,0.825,
Willson ContrerasPlayer Note BOS - 1B,,Cookie Monster ,130,60,47,85%,123/448,68,27,81,3,0.902,
Michael Harris IIPlayer Note ATL - OF,,Joey Spierer's Team,155,37,48,95%,174/591,79,26,87,12,0.812,
"Kevin McGoniglePlayer Note DET - 3B,SS ",,Detroit Fastballs,156,74,50,94%,168/605,97,18,72,12,0.806,
Oneil CruzDTDPlayer Note PIT - OF,,NY Bombsquad,97,61,51,95%,103/368,65,20,67,30,0.854,
Nolan ArenadoPlayer Note AZ - 3B,,Joey Spierer's Team,152,280,53,48%,136/533,80,30,86,4,0.806,
Andy PagesPlayer Note LAD - OF ,,Stealth Bomber,134,49,54,84%,140/511,75,23,85,13,0.811,
"Luis García Jr.Player Note NYY - 1B,2B",,Rafael Devers,147,209,55,83%,143/516,69,30,92,5,0.83,
Max MuncyPlayer Note LAD - 3B ,,Ranger danger,149,220,56,81%,123/488,81,29,76,3,0.838,
Yandy DíazPlayer Note TB - 1B,,Fightin Farmers,154,72,57,94%,180/614,93,22,85,3,0.805,
"Kazuma OkamotoPlayer Note TOR - 1B,3B",,Detroit Fastballs,156,271,58,87%,132/568,81,33,92,1,0.762,
Juan SotoPlayer Note NYM - OF ,,The Eds,111,3,59,99%,110/400,63,27,68,9,0.908,
Bryan ReynoldsPlayer Note PIT - OF,,Joe Byron,162,97,61,91%,155/595,102,17,72,9,0.789,
Drake BaldwinPlayer Note ATL - C,,Joe Byron,138,68,63,96%,156/549,85,25,79,3,0.817,
"Isaac ParedesPlayer Note HOU - 1B,3B",,Fightin Farmers,155,162,66,74%,147/562,69,25,94,0,0.807,
Carson BengePlayer Note NYM - OF,,Joe Byron,156,124,67,66%,168/595,86,20,65,22,0.776,
Manny MachadoPlayer Note SD - 3B,,No Longer Rowdy,158,77,68,97%,128/589,82,30,91,5,0.71,
Gabriel MorenoDTDPlayer Note AZ - C,,Cash is King,130,334,69,78%,147/473,72,16,83,6,0.874,
Carter JensenPlayer Note KC - C,,Ranger danger,149,321,71,68%,126/527,80,27,81,2,0.79,
Mike TroutNew Player Note LAA - OF,,No Longer Rowdy,142,166,73,92%,124/513,86,22,54,11,0.803,
Riley GreenePlayer Note DET - OF ,,Detroit Fastballs,140,50,74,97%,143/511,79,21,75,3,0.844,
Daylen LilePlayer Note WSH - OF,,The Eds,160,125,75,76%,148/602,81,22,89,15,0.725,
"Jazz Chisholm Jr.Player Note NYY - 2B,3B ",,Detroit Fastballs,137,39,76,90%,109/471,69,19,55,41,0.711,
Wilyer AbreuPlayer Note BOS - OF ,,Fightin Farmers,157,90,77,87%,148/597,81,24,76,8,0.773,
"Kody ClemensPlayer Note MIN - 1B,2B,OF",,Cash is King,145,295,78,50%,127/531,74,27,81,10,0.758,
Jonathan ArandaPlayer Note TB - 1B ,,Cash is King,155,174,79,84%,159/580,73,22,92,0,0.792,
"Jac CaglianoneNew Player Note KC - 1B,OF ",,Trust The Process,143,157,82,71%,148/512,72,23,75,7,0.834,
Ivan HerreraPlayer Note STL - C,,Stealth Bomber,161,268,85,89%,146/605,98,19,69,8,0.735,
Nick KurtzIL60No new player Notes ATH - 1B ,,Ranger danger,99,11,87,62%,90/352,62,21,69,7,0.879,
William ContrerasPlayer Note MIL - C,,Tm Mndlsn nd Mtchn,147,51,89,97%,153/566,82,18,94,1,0.758,
Jake BurgerPlayer Note TEX - 1B,,Stealth Bomber,155,229,91,26%,127/556,71,28,90,4,0.723,
Dillon DinglerPlayer Note DET - C,,Joey Spierer's Team,145,132,94,76%,134/551,72,27,91,0,0.748,
Josh BellPlayer Note MIN - 1B,,Ranger danger,154,354,95,29%,145/568,78,21,96,2,0.738,
Jeremy PeñaPlayer Note HOU - SS ,,Rafael Devers,112,137,96,84%,124/447,82,22,56,12,0.802,
"Zack GelofPlayer Note ATH - 2B,3B,OF",,Joey Spierer's Team,111,261,97,55%,101/394,76,22,55,16,0.797,
Ian HappPlayer Note CHC - OF,,Tm Mndlsn nd Mtchn,156,110,99,75%,119/546,89,24,68,4,0.738,
Kyle TuckerPlayer Note LAD - OF ,,Cash is King,154,30,101,96%,126/540,90,17,70,12,0.715,
"Luke KeaschallPlayer Note MIN - 2B,OF ",,The Eds,152,309,102,80%,149/528,86,10,52,20,0.781,
Christian WalkerPlayer Note HOU - 1B,,Joey Spierer's Team,156,111,104,74%,129/571,73,29,87,0,0.726,
Julio RodríguezPlayer Note SEA - OF,,The Eds,150,6,105,98%,147/596,69,22,71,22,0.708,
Dansby SwansonPlayer Note CHC - SS,,NY Bombsquad,126,239,106,58%,91/428,82,19,69,17,0.694,
Cody BellingerPlayer Note NYY - OF,,NY Bombsquad,132,46,107,97%,131/496,73,17,73,12,0.767,
Ronald Acuña Jr.Player Note ATL - OF ,,Ranger danger,107,53,108,98%,104/408,61,20,55,21,0.796,
"Liam HicksPlayer Note TB - C,1B",,Cookie Monster ,142,154,111,70%,136/479,66,18,82,3,0.801,
Trea TurnerPlayer Note PHI - SS,,Cash is King,157,33,112,97%,156/645,101,19,58,21,0.675,
Michael BuschPlayer Note CHC - 1B,,NY Bombsquad,160,76,114,81%,145/600,78,20,77,3,0.745,
"Ezequiel DuranNo new player Notes TEX - 1B,2B,3B,SS,OF",,Cookie Monster ,153,233,115,73%,140/539,71,17,83,12,0.739,
"Brooks LeePlayer Note MIN - 2B,3B,SS",,Detroit Fastballs,156,350,116,58%,148/586,72,24,83,8,0.728,
Spencer TorkelsonPlayer Note DET - 1B ,,Trust The Process,159,259,117,46%,121/526,66,26,77,1,0.766,
Ty FrancePlayer Note SD - 1B,,NY Bombsquad,133,405,118,31%,130/440,59,21,72,1,0.865,
José RamírezPlayer Note CLE - 3B ,,Fightin Farmers,125,101,119,98%,111/473,71,12,53,37,0.688,
Dominic CanzonePlayer Note SEA - OF,,Cookie Monster ,146,412,121,27%,126/477,60,23,77,2,0.82,
Freddie FreemanPlayer Note LAD - 1B,,Ranger danger,153,35,122,97%,167/579,74,16,70,7,0.792,
Ketel MarteNo new player Notes AZ - 2B ,,Cash is King,141,29,123,95%,140/562,78,22,76,4,0.748,
Gunnar HendersonPlayer Note BAL - SS,,The Eds,158,45,125,96%,141/623,88,24,60,10,0.715,
"Bryson StottNew Player Note PHI - 2B,3B,SS",,Trust The Process,155,326,126,56%,137/536,71,10,67,27,0.735,
"Colson MontgomeryPlayer Note CWS - 3B,SS ",,Joey Spierer's Team,153,130,128,81%,112/568,71,31,87,1,0.685,
TJ RumfieldPlayer Note COL - 1B,,FA,155,265,129,41%,164/547,67,16,73,0,0.843,
Jo AdellPlayer Note CLE - OF,,Rafael Devers,159,100,131,74%,145/603,70,23,94,5,0.699,
Chase DeLauterPlayer Note CLE - OF,,Fightin Farmers,133,247,133,59%,142/495,62,16,67,11,0.82,
Geraldo PerdomoPlayer Note AZ - SS ,,Joe Byron,157,164,135,88%,147/562,75,9,59,21,0.747,
"Chase MeidrothDTDPlayer Note CWS - 2B,3B,SS",,Detroit Fastballs,154,231,136,44%,156/566,90,16,63,4,0.765,
"Ceddanne RafaelaPlayer Note BOS - 2B,OF",,Cash is King,138,114,137,79%,153/541,67,16,70,17,0.761,
Mookie BettsPlayer Note LAD - SS,,No Longer Rowdy,123,129,139,97%,123/478,71,23,69,2,0.78,
Heriberto HernándezNew Player Note MIA - OF,,NY Bombsquad,130,438,141,20%,102/448,51,25,67,13,0.755,
Garrett MitchellNo new player Notes MIL - OF,,Joey Spierer's Team,145,283,143,16%,121/461,74,11,65,14,0.77,
"Caleb DurbinNo new player Notes BOS - 2B,3B",,Tm Mndlsn nd Mtchn,153,269,145,36%,126/508,74,13,64,20,0.71,
Ozzie AlbiesNo new player Notes ATL - 2B,,Cookie Monster ,162,94,146,91%,146/615,85,22,73,4,0.685,
"Brayan RocchioPlayer Note CLE - 2B,SS",,Fightin Farmers,153,277,147,18%,135/534,66,15,73,20,0.704,
Byron BuxtonIL10No new player Notes MIN - OF ,,Trust The Process,93,31,148,69%,94/370,65,25,46,7,0.83,
"JJ WetherholtPlayer Note STL - 2B,3B,SS ",,Tm Mndlsn nd Mtchn,139,83,149,83%,130/537,89,17,51,14,0.704,
"Sam AntonacciPlayer Note CWS - 2B,3B,OF",,The Eds,140,242,151,30%,133/480,81,8,48,20,0.766,
"Coby MayoNo new player Notes BAL - 1B,3B",,Stealth Bomber,132,357,159,25%,94/412,64,24,63,4,0.758,
Joc PedersonIL10Player Note TEX - 1B,,No Longer Rowdy,136,292,160,4%,88/374,56,26,53,2,0.816,
Jakob MarseePlayer Note MIA - OF ,,Joe Byron,155,258,163,53%,119/516,83,11,41,23,0.707,
JJ BledayPlayer Note CIN - OF,,Tm Mndlsn nd Mtchn,133,294,164,14%,101/466,61,24,58,6,0.74,
Travis BazzanaPlayer Note CLE - 2B ,,Joe Byron,124,199,166,35%,110/449,56,15,57,19,0.743,
Eugenio SuárezPlayer Note CIN - 3B,,NY Bombsquad,125,155,171,60%,92/434,50,26,74,1,0.74,
Jarren DuranPlayer Note BOS - OF ,,Cookie Monster ,151,179,172,78%,114/551,66,20,69,21,0.627,
Shea LangeliersPlayer Note ATH - C ,,Cookie Monster ,106,52,174,76%,111/424,58,23,58,3,0.802,
"Kyle StowersDTDPlayer Note MIA - 1B,OF ",,Detroit Fastballs,121,160,176,62%,107/447,57,21,65,1,0.79,
Xander BogaertsPlayer Note SD - SS,,FA,153,192,178,31%,120/520,68,13,57,22,0.676,
Brandon MarshPlayer Note PHI - OF,,Trust The Process,155,123,179,32%,136/524,71,18,62,11,0.712,
"Ryan O'HearnNo new player Notes PIT - 1B,OF",,Joe Byron,110,301,180,34%,108/407,58,18,76,1,0.77,
"Bo BichettePlayer Note NYM - 3B,SS",,Cookie Monster ,160,109,181,91%,166/638,76,18,78,2,0.702,
Wyatt LangfordPlayer Note TEX - OF ,,The Eds,110,99,187,87%,98/411,64,17,44,15,0.754,
Teoscar HernándezPlayer Note LAD - OF,,Cookie Monster ,125,96,188,86%,118/442,66,16,64,5,0.759,
Lawrence ButlerNew Player Note ATH - OF ,,The Eds,154,273,190,56%,112/472,64,17,62,10,0.72,
"José CaballeroPlayer Note NYY - 2B,3B,SS,OF",,Rafael Devers,136,382,191,44%,95/411,50,14,51,34,0.655,
Trent GrishamIL10Player Note NYY - OF ,,Rafael Devers,121,182,192,37%,88/418,67,18,59,9,0.703,
"Tyler SoderstromIL60No new player Notes ATH - 1B,OF ",,FA,109,62,197,51%,97/396,58,19,56,2,0.81,
"Willi CastroIL10No new player Notes COL - 1B,2B,3B,SS,OF",,Ranger danger,120,224,198,30%,111/427,65,15,56,10,0.748,
Cam SmithNo new player Notes HOU - OF,,Joe Byron,157,281,204,10%,107/510,67,21,56,12,0.669,
"Mauricio DubónNew Player Note ATL - 2B,3B,SS,OF",,Rafael Devers,153,380,206,37%,158/572,66,12,73,10,0.72,
Vinnie PasquantinoPlayer Note KC - 1B ,,Stealth Bomber,114,206,208,66%,105/421,54,17,63,5,0.761,
"Casey SchmittIL60No new player Notes SF - 1B,2B,3B,OF",,FA,98,82,209,18%,105/387,47,21,55,9,0.784,
"Luis ArraezDTDNew Player Note PHI - 1B,2B",,Rafael Devers,151,328,210,76%,185/596,67,6,64,10,0.764,
Chandler SimpsonDTDPlayer Note TB - OF ,,Ranger danger,151,234,211,69%,175/571,66,0,38,46,0.689,
"Javier SanojaPlayer Note MIA - 2B,3B,SS,OF",,Detroit Fastballs,144,416,213,52%,136/461,50,11,69,11,0.791,
"Angel MartínezPlayer Note CLE - 2B,OF",,FA,114,240,214,15%,99/389,49,18,62,11,0.755,
Cole YoungPlayer Note SEA - 2B,,Stealth Bomber,160,318,216,11%,142/577,76,17,66,4,0.693,
Mickey MoniakPlayer Note COL - OF,,Tm Mndlsn nd Mtchn,117,175,218,23%,96/404,49,23,65,1,0.758,
"Nico HoernerNo new player Notes CHC - 2B,SS",,Tm Mndlsn nd Mtchn,159,118,220,91%,165/628,62,8,72,23,0.666,
Bryce EldridgeIL7Player Note SF - 1B,,Cash is King,107,200,222,23%,104/386,50,17,57,1,0.825,
"Alec BohmPlayer Note PHI - 1B,3B",,Rafael Devers,155,311,223,52%,141/567,58,15,88,2,0.698,
Austin RileyPlayer Note ATL - 3B,,Fightin Farmers,159,201,224,73%,124/566,64,19,72,9,0.654,
Tristan PetersPlayer Note CWS - OF,,Joey Spierer's Team,156,525,225,18%,116/437,63,12,56,8,0.774,
"Xavier EdwardsDTDPlayer Note MIA - 2B,SS",,Joey Spierer's Team,142,80,227,73%,145/518,61,6,52,21,0.731,
Henry BoltePlayer Note ATH - OF,,Joe Byron,119,497,228,42%,115/415,57,11,38,21,0.764,
"Curtis MeadIL10Player Note BOS - 1B,2B,3B",,Tm Mndlsn nd Mtchn,88,266,229,14%,72/285,49,17,48,6,0.851,
Josh NaylorPlayer Note SEA - 1B,,No Longer Rowdy,152,36,230,85%,156/597,58,10,57,30,0.667,
"Cole CarriggPlayer Note COL - SS,OF",,Ranger danger,93,537,231,28%,93/333,50,12,53,11,0.818,
Andrew BenintendiPlayer Note CWS - OF,,FA,141,298,234,2%,101/421,58,15,78,1,0.715,
Christian YelichPlayer Note MIL - OF,,NY Bombsquad,118,136,235,73%,104/442,69,12,59,11,0.693,
Brandon NimmoPlayer Note TEX - OF,,NY Bombsquad,155,140,238,69%,154/593,65,14,62,7,0.729,
George SpringerPlayer Note TOR - OF ,,Joey Spierer's Team,126,181,239,67%,115/462,59,15,54,12,0.726,
"A.J. EwingNo new player Notes NYM - 2B,OF",,Joe Byron,120,165,246,30%,110/436,55,11,43,25,0.7,
Francisco LindorNew Player Note NYM - SS,,No Longer Rowdy,105,122,247,96%,94/418,63,21,49,3,0.732,
"Nick GonzalesPlayer Note PIT - 2B,3B,SS",,Trust The Process,148,312,252,36%,167/551,72,6,61,7,0.755,
"Richie PalaciosPlayer Note TB - 2B,OF",,FA,124,581,257,5%,81/345,51,10,57,17,0.704,
Kyle KarrosPlayer Note COL - 3B,,FA,131,604,258,5%,104/411,63,13,49,5,0.761,
Cal RaleighPlayer Note SEA - C,,No Longer Rowdy,126,105,260,95%,82/451,49,23,69,2,0.664,
Aaron JudgeIL10Video ForecastNew Player Note NYY - OF,,Joey Spierer's Team,66,116,261,90%,57/237,45,18,41,5,0.871,
Willy AdamesIL10Player Note SF - SS,,Tm Mndlsn nd Mtchn,121,91,263,51%,107/465,62,21,51,5,0.713,
Jung Hoo LeeIL10Player Note SF - OF,,FA,143,263,267,20%,149/539,65,10,57,12,0.724,
Corey SeagerDTDNew Player Note TEX - SS,,Ranger danger,102,78,268,89%,87/384,57,20,51,2,0.736,
"Griffin ConinePlayer Note MIA - 1B,OF",,FA,94,655,273,8%,75/284,45,19,43,4,0.846,
Jacob YoungPlayer Note WSH - OF,,Joe Byron,140,355,276,2%,106/421,57,10,50,18,0.708,
Ryan JeffersPlayer Note MIN - C,,Trust The Process,92,205,279,38%,81/317,49,14,56,1,0.814,
"Royce LewisPlayer Note MIN - 1B,2B,3B",,Cash is King,125,248,284,31%,105/463,51,15,57,16,0.667,
Cedric MullinsPlayer Note TB - OF,,FA,137,515,287,4%,90/439,56,15,48,21,0.628,
"Jose AltuvePlayer Note HOU - 2B,OF",,Cookie Monster ,135,188,289,78%,131/524,70,16,50,5,0.701,
Vladimir Guerrero Jr.Player Note TOR - 1B ,,The Eds,144,56,301,91%,141/542,72,9,57,7,0.688,
Trevor LarnachIL10No new player Notes MIN - OF,,No Longer Rowdy,122,267,306,3%,103/383,57,13,48,2,0.788,
Nathaniel LoweNo new player Notes CLE - 1B,,Stealth Bomber,126,508,310,2%,96/381,38,17,64,0,0.761,
"Salvador PerezPlayer Note KC - C,1B ",,Rafael Devers,152,153,312,75%,133/580,50,21,78,1,0.657,
"Esmerlyn ValdezIL10No new player Notes PIT - 1B,OF",,Tm Mndlsn nd Mtchn,72,1516,314,14%,56/241,40,17,47,0,0.855,
Jonny DeLucaPlayer Note TB - OF,,FA,112,547,321,1%,93/350,44,11,50,17,0.729,
Josh JungIL10Player Note TEX - 3B,,FA,104,198,322,20%,119/398,54,12,42,1,0.827,
Paul GoldschmidtNo new player Notes NYY - 1B,,Cash is King,105,227,326,5%,87/345,44,18,52,1,0.765,
Owen CaissieIL10No new player Notes MIA - OF,,FA,108,367,328,3%,64/291,45,14,58,5,0.7,
Steven KwanPlayer Note CLE - OF,,Rafael Devers,151,343,334,59%,152/539,80,3,32,10,0.731,
"Nasim NuñezPlayer Note WSH - 2B,SS",,No Longer Rowdy,147,566,335,10%,90/431,55,1,37,49,0.535,
"Vaughn GrissomPlayer Note LAA - 1B,2B,3B",,FA,119,1195,336,4%,102/422,47,13,72,1,0.693,
Randal GrichukPlayer Note CWS - OF,,FA,117,625,342,1%,76/265,41,15,46,0,0.88,
"Matt McLainPlayer Note CIN - 2B,SS",,Joey Spierer's Team,134,299,343,27%,81/437,59,15,40,20,0.608,
"Gavin SheetsNew Player Note SD - 1B,OF",,Fightin Farmers,125,659,354,4%,77/363,47,17,48,4,0.71,
"Spencer SteerIL60Player Note CIN - 1B,2B,OF",,Joey Spierer's Team,98,218,356,13%,81/340,54,16,40,3,0.74,
Adley RutschmanNo new player Notes BOS - C,,NY Bombsquad,99,113,364,59%,88/364,44,13,60,0,0.741,
"Ildemaro VargasNo new player Notes AZ - 1B,2B",,FA,142,323,369,8%,115/453,62,9,67,3,0.675,
Esteury RuizPlayer Note MIA - OF,,Fightin Farmers,109,1490,370,2%,46/213,38,6,17,34,0.699,
"Joey OrtizDTDPlayer Note MIL - 3B,SS",,FA,134,510,375,5%,100/371,49,9,47,9,0.73,
Dylan CrewsPlayer Note WSH - OF,,Joe Byron,109,370,383,28%,90/404,55,13,44,12,0.663,
Victor Mesa Jr.Player Note TB - OF,,FA,79,1444,386,20%,61/235,37,14,34,9,0.825,
Jake MangumPlayer Note PIT - OF,,FA,133,270,389,6%,120/435,56,5,33,23,0.694,
Carson KellyPlayer Note CHC - C,,FA,120,394,391,9%,98/380,57,10,58,0,0.712,
"Brett BatyPlayer Note NYM - 1B,2B,3B,OF",,FA,143,316,392,5%,99/420,53,11,56,5,0.68,
"Konnor GriffinPlayer Note PIT - SS,OF ",,NY Bombsquad,80,145,394,67%,85/312,43,6,33,23,0.728,
"Andrés GiménezPlayer Note TOR - 2B,SS",,Rafael Devers,148,371,402,11%,114/468,38,9,59,20,0.65,
"Michael MasseyNo new player Notes KC - 2B,OF",,Stealth Bomber,131,592,411,3%,115/423,49,13,50,3,0.731,
"Jeff McNeilPlayer Note ATH - 1B,2B,OF",,Joey Spierer's Team,144,487,413,19%,126/478,52,9,59,8,0.681,
Tyler StephensonPlayer Note CIN - C,,Cash is King,130,337,415,13%,99/411,41,15,54,0,0.727,
Drew GilbertPlayer Note SF - OF,,Trust The Process,134,1474,423,1%,81/340,53,11,43,3,0.724,
Leody TaverasPlayer Note BAL - OF,,FA,139,1338,429,1%,94/429,58,8,56,11,0.633,
Michael ConfortoPlayer Note CHC - OF,,FA,113,1489,433,1%,65/271,32,15,45,1,0.8,
"Samuel BasalloIL7Player Note BAL - C,1B",,The Eds,112,126,436,25%,80/360,40,18,54,0,0.697,
Andrés ChaparroPlayer Note WSH - 1B,,FA,83,1554,449,1%,53/198,36,13,39,0,0.894,
"David HamiltonNo new player Notes MIL - 2B,3B,SS",,FA,121,619,451,2%,83/339,49,4,26,30,0.65,
Marcus SemienPlayer Note NYM - 2B,,Rafael Devers,139,285,452,32%,106/494,55,15,49,10,0.62,
Heliot RamosPlayer Note NYY - OF,,FA,112,235,459,31%,99/404,48,13,46,4,0.716,
Nathan ChurchPlayer Note STL - OF,,FA,142,1185,463,2%,107/434,53,10,50,10,0.654,
Taylor WardPlayer Note SEA - OF,,Ranger danger,143,92,466,48%,112/498,71,7,37,4,0.67,
Colton CowserNo new player Notes BAL - OF,,FA,142,329,469,4%,77/341,41,13,40,10,0.687,
"J.P. CrawfordPlayer Note SEA - 3B,SS",,FA,116,369,488,8%,91/412,54,14,40,1,0.687,
Spencer JonesPlayer Note NYY - OF,,NY Bombsquad,86,1519,493,28%,64/261,36,11,40,10,0.742,
Keibert RuizNo new player Notes WSH - C,,FA,105,727,494,6%,93/332,44,10,48,2,0.759,
Taylor WallsPlayer Note TB - SS,,FA,124,1212,517,1%,82/369,60,2,36,21,0.607,
"Colt KeithIL10Player Note DET - 1B,2B,3B",,FA,140,322,518,7%,99/384,51,10,36,6,0.728,
Spencer HorwitzPlayer Note PIT - 1B,,Trust The Process,114,214,519,4%,94/385,45,10,49,1,0.708,
Evan CarterNo new player Notes TEX - OF,,FA,141,361,524,2%,76/391,52,9,40,17,0.603,
Yainer DiazPlayer Note HOU - C,,FA,98,121,526,45%,98/344,38,14,45,0,0.772,
Tyrone TaylorNew Player Note CHC - OF,,FA,97,1361,536,1%,61/219,36,11,38,3,0.827,
Gleyber TorresPlayer Note DET - 2B ,,No Longer Rowdy,96,243,538,40%,93/358,57,8,38,0,0.727,
"Jared YoungIL7No new player Notes NYM - 1B,OF",,No Longer Rowdy,103,1473,540,3%,82/308,46,9,39,3,0.759,
"Hao-Yu LeePlayer Note DET - 2B,3B",,NY Bombsquad,114,1488,541,19%,87/330,40,10,46,3,0.746,
"Tim TawaPlayer Note AZ - 1B,2B,3B,OF",,No Longer Rowdy,104,1417,546,10%,75/313,41,11,42,8,0.69,
"Tommy EdmanPlayer Note LAD - 2B,3B,OF",,NY Bombsquad,84,1217,550,31%,72/291,44,8,42,7,0.714,
Lane ThomasIL10New Player Note ATL - OF,,FA,118,1591,558,1%,73/326,37,11,40,9,0.701,
Cooper PrattPlayer Note MIL - SS,,FA,74,1468,566,8%,64/228,33,3,34,19,0.718,
Masyn WinnDTDPlayer Note STL - SS,,Rafael Devers,136,244,570,30%,109/470,54,5,56,10,0.625,
Ezequiel TovarPlayer Note COL - SS,,FA,146,212,577,32%,102/465,57,13,44,8,0.617,
Brady HousePlayer Note WSH - 3B,,FA,95,1401,581,2%,79/320,44,10,46,3,0.71,
Joe MackPlayer Note MIA - C,,FA,105,1544,595,2%,71/303,40,14,52,0,0.685,
"Gary SánchezPlayer Note MIL - C,1B",,FA,86,385,608,2%,47/225,37,12,38,0,0.771,
Mike YastrzemskiPlayer Note ATL - OF,,FA,139,1341,618,2%,81/361,51,12,41,1,0.689,
Nolan SchanuelIL10No new player Notes LAA - 1B,,FA,107,290,619,9%,108/392,43,7,49,1,0.736,
Francisco AlvarezPlayer Note NYM - C,,Fightin Farmers,113,245,625,17%,87/373,38,16,43,0,0.71,
"Troy JohnstonNo new player Notes COL - 1B,OF",,FA,128,238,641,3%,110/397,41,4,50,4,0.741,
Derek HillNo new player Notes PHI - OF,,FA,117,1526,646,0%,48/199,30,11,31,13,0.733,
Daulton VarshoIL10Player Note HOU - OF,,FA,140,161,652,18%,107/484,51,12,40,12,0.636,
"Nick LoftinNAPlayer Note KC - 2B,3B,OF",,FA,118,1563,665,1%,89/371,42,8,45,4,0.71,
Justin CrawfordNo new player Notes PHI - OF,,FA,149,365,680,5%,112/425,48,3,41,17,0.662,
Dalton RushingPlayer Note LAD - C,,Fightin Farmers,80,302,682,6%,55/224,37,12,36,0,0.788,
"Andrew VaughnIL10Player Note MIL - 1B,3B",,Fightin Farmers,104,257,684,23%,88/288,33,6,43,0,0.834,
J.T. RealmutoNo new player Notes PHI - C,,FA,123,381,701,17%,85/414,52,11,51,3,0.614,
"Ernie ClementPlayer Note TOR - 1B,2B,3B,SS",,Cookie Monster ,158,187,708,49%,153/590,60,9,48,7,0.649,
Nathan LukesPlayer Note TOR - OF,,FA,125,550,716,3%,113/408,48,10,41,1,0.714,
"Ryan ViladeNo new player Notes TB - 1B,2B,OF",,FA,96,1609,719,0%,60/245,28,11,43,3,0.75,
Jose SiriPlayer Note LAA - OF,,FA,108,1586,722,0%,55/228,36,10,33,9,0.713,
"Connor NorbyPlayer Note COL - 1B,2B,3B",,The Eds,105,1478,725,11%,80/329,36,7,34,10,0.719,
"Donovan WaltonPlayer Note ATH - 2B,3B,SS",,FA,92,1606,727,1%,60/230,36,9,32,3,0.806,
Dylan BeaversPlayer Note BAL - OF,,FA,104,1575,741,2%,74/324,41,9,44,5,0.68,
Dane MyersPlayer Note CIN - OF,,FA,117,1434,761,0%,75/292,39,8,27,10,0.721,
Will SmithPlayer Note LAD - C,,Trust The Process,73,221,771,68%,61/235,35,10,34,0,0.781,
"C. Encarnacion-StrandPlayer Note BAL - 1B,3B",,FA,58,1577,772,12%,54/195,25,11,39,1,0.838,
Dominic SmithNo new player Notes ATL - 1B,,FA,108,1423,778,1%,68/269,40,9,46,0,0.694,
Jorge SolerNANo new player Notes LAA - OF,,No Longer Rowdy,86,1610,784,5%,64/316,36,12,49,0,0.664,
Kyle ManzardoNANo new player Notes CLE - 1B,,FA,102,293,794,5%,67/312,40,13,39,0,0.684,
Rhys HoskinsIL10No new player Notes CLE - 1B,,FA,95,1633,806,1%,47/263,33,13,38,1,0.682,
Alejandro KirkPlayer Note TOR - C,,FA,79,305,810,37%,77/277,26,10,43,1,0.766,
"Edmundo SosaPlayer Note PHI - 2B,3B,SS,OF",,FA,84,1453,812,1%,57/231,31,9,44,4,0.712,
"Luke RaleyIL60No new player Notes SEA - 1B,OF",,Fightin Farmers,95,390,818,4%,59/262,28,15,39,1,0.723,
"Blaze AlexanderIL10Player Note BAL - 2B,3B,SS,OF",,The Eds,93,1314,828,4%,79/261,35,4,31,10,0.772,
"Pedro RamirezPlayer Note CHC - 2B,3B",,FA,80,1590,842,5%,63/241,36,6,32,9,0.723,
"Jake CronenworthPlayer Note SD - 1B,2B,3B,SS",,FA,109,1360,853,14%,85/377,46,7,41,9,0.629,
Wade MecklerPlayer Note LAA - OF,,FA,98,1496,857,1%,90/300,43,3,27,8,0.76,
Isaac CollinsPlayer Note KC - OF,,FA,145,1502,858,1%,94/442,47,6,40,8,0.641,
Lars NootbaarPlayer Note AZ - OF,,FA,90,315,866,3%,68/285,39,8,33,2,0.721,
"Justin FoscueNo new player Notes TEX - 1B,2B",,FA,100,1620,872,1%,61/225,26,11,34,0,0.816,
Carlos CortesPlayer Note ATH - OF,,FA,124,276,875,2%,86/343,30,10,43,2,0.715,
Luis TorrensNo new player Notes NYM - C,,FA,91,1593,892,1%,60/255,37,9,41,1,0.691,
"Tyler TolbertNo new player Notes KC - 2B,SS,OF",,FA,78,1532,898,2%,37/130,32,3,8,22,0.739,
"José FermínNo new player Notes STL - 2B,3B,OF",,FA,118,1585,901,1%,81/327,33,6,41,8,0.664,
Austin WellsPlayer Note NYY - C,,FA,122,1601,910,6%,62/334,39,14,32,4,0.624,
"Jackson HollidayIL10Player Note BAL - 2B,SS",,Rafael Devers,98,319,917,22%,72/315,45,7,30,8,0.64,
"Maikel GarciaPlayer Note KC - 2B,3B,SS,OF ",,Detroit Fastballs,82,189,920,61%,83/310,40,3,38,5,0.715,
Josh LoweNo new player Notes LAA - OF,,FA,114,1573,942,1%,65/311,32,12,29,10,0.633,
Kerry CarpenterIL60Player Note DET - OF,,FA,81,241,948,29%,48/231,27,13,36,0,0.692,
"Austin MartinNo new player Notes MIN - 2B,OF",,FA,118,310,951,1%,69/302,42,3,24,12,0.656,
Braden MontgomeryPlayer Note CWS - OF,,Stealth Bomber,93,232,953,6%,73/323,47,6,38,1,0.662,
Matt ChapmanIL60No new player Notes SF - 3B,,FA,84,81,954,38%,72/307,35,7,42,0,0.692,
"Andruw MonasterioNo new player Notes BOS - 1B,2B,3B,SS",,Trust The Process,107,1604,957,5%,73/313,35,6,43,4,0.666,
"Jorge MateoNo new player Notes TB - 2B,SS,OF",,FA,97,1611,964,1%,42/207,41,5,18,19,0.559,
"Mickey GasperIL10Player Note BOS - C,1B",,FA,67,1654,970,14%,48/191,26,10,24,0,0.823,
"Eduardo ValenciaNew Player Note DET - C,1B",,Detroit Fastballs,42,1629,974,4%,44/129,25,8,21,0,1.016,
"Mark VientosPlayer Note NYM - 1B,3B",,FA,87,223,980,3%,58/274,28,13,41,0,0.652,
Jacob WilsonIL60No new player Notes ATH - SS,,Trust The Process,80,143,984,36%,85/320,37,7,37,4,0.686,
Ryan McMahonPlayer Note NYY - 3B,,FA,124,1582,985,1%,70/328,33,11,41,3,0.636,
"Amed RosarioNo new player Notes NYY - 2B,3B",,FA,87,1605,986,1%,54/227,28,10,34,3,0.684,
"Jonah HeimPlayer Note ATH - C,1B",,FA,105,1626,994,2%,73/358,34,13,43,0,0.628,
"Samad TaylorPlayer Note SD - 2B,OF",,FA,47,173,998,9%,48/152,26,2,18,13,0.798,
Luis CampusanoNo new player Notes SD - C,,FA,71,1656,1005,2%,57/215,24,8,30,0,0.796,
Masataka YoshidaIL10No new player Notes BOS - OF,,FA,87,1596,1012,1%,72/263,34,5,28,2,0.746,
"Max MuncyIL10Player Note ATH - 2B,3B,SS",,FA,82,1635,1016,3%,59/256,31,9,30,3,0.683,
Henry DavisPlayer Note PIT - C,,FA,97,1687,1020,0%,44/256,33,10,38,3,0.585,
"José TenaNo new player Notes WSH - 2B,3B,OF",,FA,114,1646,1021,0%,57/257,36,7,25,6,0.672,
Luis Robert Jr.IL10No new player Notes BAL - OF,,Trust The Process,61,226,1024,36%,45/204,26,11,26,2,0.707,
"Jeremiah JacksonPlayer Note BAL - 2B,3B,OF",,FA,102,333,1026,2%,60/277,29,10,45,2,0.612,
"Endy RodríguezIL60No new player Notes PIT - C,1B",,FA,45,1664,1028,1%,36/135,20,7,20,6,0.84,
Brenton DoylePlayer Note CWS - OF,,FA,87,278,1030,29%,49/210,35,6,16,14,0.637,
Miguel AmayaPlayer Note CHC - C,,FA,83,1637,1034,1%,51/215,36,6,28,0,0.717,
"Luis RengifoIL60No new player Notes SD - 2B,3B,OF",,Fightin Farmers,95,1541,1038,4%,75/312,38,4,36,6,0.636,
"Rafael Flores Jr.Player Note PIT - C,1B",,Joey Spierer's Team,47,1670,1040,10%,39/148,17,11,25,0,0.858,
"Jonah CoxPlayer Note SF - 2B,OF",,The Eds,62,1644,1041,11%,38/151,26,4,16,16,0.682,
"Ryan KreidlerPlayer Note MIN - 2B,3B,SS,OF",,Fightin Farmers,105,1662,1043,0%,53/243,33,8,29,4,0.665,
Jesús SánchezNAPlayer Note AZ - OF,,FA,105,1551,1045,2%,72/284,24,8,35,1,0.712,
Myles StrawPlayer Note TOR - OF,,FA,146,1553,1046,0%,71/295,44,3,26,7,0.646,
Sal FrelickNo new player Notes MIL - OF,,Cash is King,111,250,1047,6%,78/339,36,4,40,7,0.614,
Patrick BaileyPlayer Note CLE - C,,FA,112,1628,1052,1%,64/310,31,10,37,3,0.607,
"Victor CaratiniNo new player Notes MIN - C,1B",,FA,106,1625,1054,2%,72/327,28,7,44,0,0.627,
Eli WhiteIL60Player Note BOS - OF,,FA,96,1595,1055,0%,47/191,27,6,29,5,0.687,
"Brandon ValenzuelaNo new player Notes TOR - C,1B",,FA,91,1685,1062,2%,54/239,29,9,24,2,0.688,
Max ClarkPlayer Note DET - OF,,Stealth Bomber,51,1657,1063,44%,49/180,27,3,23,5,0.767,
"Matt ShawNo new player Notes CHC - 2B,3B,OF",,FA,77,211,1065,6%,41/173,25,5,24,4,0.737,
"Oswald PerazaNo new player Notes LAA - 1B,2B,3B,SS",,FA,123,1642,1066,2%,77/341,33,7,25,12,0.616,
Tyler O'NeillIL60Player Note BAL - OF,,Fightin Farmers,85,1660,1067,1%,49/231,31,10,23,1,0.677,
"Jared TrioloNo new player Notes PIT - 1B,2B,3B,SS",,FA,125,1588,1068,1%,77/324,34,3,29,13,0.609,
"Anthony VolpePlayer Note NYY - 2B,SS",,FA,70,291,1069,5%,54/220,24,2,28,12,0.657,
Brent RookerIL60No new player Notes ATH - OF ,,Joe Byron,48,202,1070,41%,36/180,20,10,29,2,0.67,
John RaveNo new player Notes KC - OF,,FA,52,1663,1071,0%,33/142,26,6,13,8,0.744,
Nick FortesPlayer Note TB - C,,FA,109,1614,1075,2%,77/298,33,6,35,0,0.68,
"Daniel SchneemannPlayer Note CLE - 2B,3B,SS,OF",,FA,91,398,1076,1%,55/262,30,7,30,7,0.608,
Ryan WaldschmidtNo new player Notes AZ - OF,,FA,82,353,1081,3%,64/250,30,3,22,7,0.693,
Ramón LaureanoIL60No new player Notes SD - OF,,FA,53,1564,1084,22%,37/182,23,7,21,7,0.66,
Agustín RamírezPlayer Note MIA - C,,Cookie Monster ,72,1567,1089,30%,53/226,31,5,24,4,0.672,
Dustin HarrisPlayer Note SD - OF,,FA,45,1655,1093,6%,39/133,24,0,19,10,0.736,
Elias DíazPlayer Note TEX - C,,FA,87,1652,1094,0%,51/218,21,8,35,0,0.67,
Ben MalgeriPlayer Note DET - OF,,FA,60,1696,1097,0%,30/120,18,5,20,5,0.767,
Brett SullivanNo new player Notes COL - C,,FA,82,1692,1100,0%,49/218,23,7,33,1,0.658,
"Denzer GuzmanPlayer Note LAA - 3B,SS",,FA,87,1665,1102,0%,62/283,33,8,33,2,0.602,
Austin HedgesPlayer Note CLE - C,,FA,78,1689,1103,0%,53/215,25,6,25,1,0.702,
"Jordan LawlarPlayer Note AZ - 3B,MI,OF",,Detroit Fastballs,44,391,1104,5%,32/124,18,6,16,6,0.779,
James McCannPlayer Note AZ - C,,FA,51,1649,1105,1%,44/156,17,7,28,0,0.766,
"George Lombard Jr.Player Note NYY - 2B,3B,SS",,FA,42,1694,1106,35%,36/152,23,7,22,2,0.699,
"Jorbit VivasNo new player Notes WSH - 2B,3B",,FA,121,1684,1107,0%,74/311,32,3,31,2,0.653,
"Ben WilliamsonPlayer Note TB - 2B,3B,SS",,FA,88,1627,1109,0%,62/261,32,3,26,8,0.62,
"Alex FreelandNAPlayer Note LAD - 2B,3B,SS",,FA,89,1688,1110,0%,54/231,32,4,21,4,0.652,
"Moisés BallesterosNo new player Notes LAA - C,1B",,No Longer Rowdy,104,1679,1111,3%,68/317,26,9,35,1,0.612,
"Nick SogardPlayer Note BOS - 1B,2B,3B",,Joe Byron,66,1671,1113,13%,61/239,29,5,19,1,0.727,
Danny JansenNo new player Notes TEX - C,,FA,67,1681,1117,1%,40/197,21,8,26,1,0.677,
Taylor TrammellPlayer Note HOU - OF,,FA,99,1713,1119,0%,49/255,29,8,22,4,0.626,
Joshua BáezIL10No new player Notes STL - OF,,Detroit Fastballs,29,1711,1120,29%,23/100,18,7,18,2,0.788,
Brett BatemanPlayer Note TOR - OF,,Cash is King,41,1659,1121,8%,52/158,28,2,11,3,0.826,
Kyle TeelPlayer Note CWS - C,,Ranger danger,39,324,1123,6%,25/119,21,5,26,0,0.697,
"Edouard JulienNANo new player Notes COL - 1B,2B",,FA,88,1699,1124,0%,49/236,37,3,20,5,0.614,
"Jacob GonzalezNo new player Notes PIT - 1B,2B,3B,SS",,FA,81,1698,1125,1%,46/209,21,7,31,2,0.638,
"Nolan GormanPlayer Note STL - 2B,3B",,FA,85,1690,1130,1%,49/266,26,9,33,0,0.58,
"David FryPlayer Note CLE - C,1B,OF",,FA,91,1721,1132,0%,37/184,23,8,20,0,0.677,
"Miguel AndujarIL10Player Note SD - 3B,OF",,FA,74,372,1133,1%,62/239,24,5,22,2,0.726,
"Alika WilliamsDTDPlayer Note ATH - 2B,3B,SS",,FA,88,1683,1134,0%,58/215,29,4,16,2,0.735,
"Miguel RojasNo new player Notes LAD - 2B,3B,SS",,FA,105,1641,1135,1%,60/225,23,4,23,1,0.703,
Alejandro OsunaNo new player Notes TEX - OF,,FA,84,1658,1136,0%,53/204,27,1,25,5,0.653,
Trevor StoryPlayer Note BOS - SS ,,Joey Spierer's Team,64,307,1137,40%,59/251,24,5,29,5,0.622,
Roman AnthonyPlayer Note BOS - OF ,,Tm Mndlsn nd Mtchn,55,178,1138,86%,52/212,24,5,15,2,0.735,
Petey HalpinNo new player Notes CLE - OF,,FA,83,1693,1139,0%,40/178,27,4,14,10,0.594,
Kyle IsbelPlayer Note KC - OF,,FA,100,1638,1140,1%,66/294,32,6,24,6,0.591,
"Sung-Mun SongNo new player Notes SD - 2B,3B,SS",,FA,78,1714,1141,0%,25/131,22,1,17,13,0.535,
"Tyler FreemanNANo new player Notes COL - 2B,OF",,FA,79,1603,1142,1%,63/255,29,3,23,6,0.631,
"Jose FernandezNo new player Notes AZ - 1B,3B,SS",,FA,73,1676,1143,1%,52/204,26,3,16,9,0.643,
"Carlos CorreaIL60No new player Notes HOU - 3B,SS",,FA,32,1624,1144,9%,34/122,22,3,16,1,0.787,
Connor WongNo new player Notes BOS - C,,FA,77,1706,1146,0%,49/210,22,4,25,3,0.656,
Matt VierlingIL60No new player Notes DET - OF,,FA,92,1707,1147,0%,55/266,24,5,31,4,0.59,
"Nick AllenNo new player Notes HOU - 2B,3B,SS",,FA,94,1669,1148,0%,41/145,26,3,14,2,0.72,
"Colt EmersonIL60No new player Notes SEA - 3B,SS",,Joe Byron,69,362,1151,5%,42/221,24,8,23,3,0.581,
"Luisangel AcuñaNo new player Notes CWS - 2B,SS,OF",,FA,103,1651,1152,1%,48/210,23,2,13,18,0.537,
Jasson DomínguezNANo new player Notes NYY - OF,,FA,57,1619,1153,5%,47/209,22,6,14,8,0.635,
"Zach McKinstryPlayer Note DET - 2B,3B,SS,OF",,FA,129,1634,1154,2%,74/371,42,4,26,3,0.582,
Marcell OzunaNANo new player Notes PIT - Util,,FA,70,335,1155,3%,51/251,22,8,29,0,0.613,
"Isiah Kiner-FalefaNo new player Notes BOS - 2B,3B,SS",,FA,66,1639,1156,1%,39/161,23,2,16,8,0.633,
Jahmai JonesNo new player Notes BOS - OF,,FA,94,1702,1157,0%,33/160,20,6,16,3,0.667,
"Thomas SaggesePlayer Note STL - 2B,3B,SS,OF",,FA,57,1686,1159,22%,38/162,25,4,14,4,0.646,
Adael AmadorPlayer Note COL - 2B,,FA,27,1727,1160,1%,23/83,17,4,16,0,0.844,
"Brice MatthewsIL10Player Note HOU - 2B,OF",,FA,84,1718,1161,0%,43/214,23,7,22,4,0.587,
Luis LaraPlayer Note MIL - OF,,FA,61,1701,1162,2%,47/191,25,1,26,3,0.636,
Kyle HigashiokaIL10No new player Notes TEX - C,,FA,56,1682,1163,0%,36/165,20,7,18,0,0.676,
Leo BernalPlayer Note STL - C,,FA,24,1719,1164,13%,27/95,12,5,21,0,0.807,
"Weston WilsonNo new player Notes SEA - 2B,3B,OF",,FA,73,1712,1166,0%,33/164,24,4,14,7,0.589,
Wenceel PérezIL60No new player Notes DET - OF,,FA,53,1675,1168,0%,29/161,22,7,17,3,0.594,
Joey WiemerNANo new player Notes CWS - OF,,FA,32,1725,1169,1%,20/70,16,3,12,1,0.912,
"Davis SchneiderPlayer Note TOR - 2B,OF",,FA,69,1730,1170,0%,18/124,21,5,16,1,0.625,
"Nicky LopezPlayer Note TEX - 2B,3B,SS",,FA,100,1677,1171,0%,64/237,25,1,24,5,0.634,
Adolis GarcíaIL60No new player Notes PHI - OF,,Rafael Devers,67,286,1173,11%,45/231,21,7,21,3,0.599,
"Anthony SeiglerIL10No new player Notes BOS - 2B,3B",,FA,49,1731,1174,0%,37/150,21,3,13,2,0.727,
James OutmanNANo new player Notes DET - OF,,FA,94,1739,1175,0%,27/157,23,5,17,6,0.553,
Alex CallNo new player Notes LAD - OF,,FA,88,1680,1176,0%,38/163,25,1,20,1,0.656,
"Josh SmithPlayer Note TOR - 1B,2B,3B,SS,OF",,FA,80,1661,1177,1%,43/212,23,6,15,4,0.611,
Jorge BarrosaPlayer Note HOU - OF,,FA,105,1751,1179,0%,28/145,30,2,12,3,0.616,
"Tristan GrayNANo new player Notes MIN - 2B,3B,SS",,FA,66,1708,1180,0%,39/173,16,4,29,2,0.591,
"Blaze JordanIL10Player Note STL - 1B,3B",,FA,58,1724,1182,1%,46/186,16,3,28,0,0.658,
Blake DunnIL60No new player Notes CIN - OF,,FA,38,1710,1183,0%,40/142,20,2,7,6,0.722,
"Graham PauleyNo new player Notes MIA - 1B,3B",,FA,62,1728,1186,0%,30/142,15,4,25,1,0.63,
"LaMonte Wade Jr.No new player Notes HOU - 1B,OF",,FA,56,1754,1187,0%,26/127,18,4,19,0,0.654,
Christian VázquezNo new player Notes HOU - C,,FA,86,1733,1188,0%,50/242,22,7,25,1,0.583,
"Brendan DonovanIL7No new player Notes SEA - 2B,3B,SS,OF",,The Eds,39,1647,1189,35%,38/137,12,3,15,1,0.78,
"Bryan TorresPlayer Note STL - 2B,OF",,FA,74,1741,1190,0%,38/166,17,4,19,2,0.64,
Nelson VelázquezNo new player Notes HOU - OF,,FA,52,1779,1192,0%,19/101,12,6,18,0,0.663,
"Javier BáezPlayer Note DET - 2B,3B,SS,OF",,FA,58,1640,1193,3%,45/187,25,3,20,1,0.634,
Héctor RodríguezNo new player Notes CIN - OF,,Trust The Process,41,1744,1194,10%,33/144,16,6,17,0,0.68,
"Gabriel AriasNo new player Notes CHC - 2B,3B,SS",,FA,51,1672,1195,0%,34/140,14,5,14,4,0.653,
Daniel SusacIL60No new player Notes SF - C,,FA,53,1742,1196,0%,35/144,11,3,22,2,0.664,
"Noelvi MarteNANo new player Notes CIN - 3B,OF",,FA,63,308,1197,21%,36/190,19,6,15,7,0.55,
Yohendrick PiñangoNANo new player Notes TOR - OF,,FA,58,1732,1198,0%,44/169,12,5,20,0,0.702,
Freddy FerminNew Player Note SD - C,,FA,96,1723,1199,0%,47/232,22,4,24,1,0.589,
Harry FordNo new player Notes WSH - C,,FA,38,1793,1200,1%,19/100,17,3,10,3,0.664,
Everson PereiraIL10No new player Notes STL - OF,,FA,38,1768,1201,0%,23/98,10,5,12,1,0.748,
"Max SchuemannNAPlayer Note NYY - 2B,3B,SS,OF",,FA,42,1757,1202,0%,14/72,17,2,8,3,0.694,
Austin HaysNew Player Note SD - OF,,FA,38,1636,1203,0%,28/100,16,3,15,0,0.705,
Victor Scott IIPlayer Note STL - OF,,FA,80,1674,1204,1%,32/166,19,2,9,12,0.523,
"Tommy TroyNANo new player Notes AZ - 2B,OF",,FA,45,1756,1205,0%,28/129,23,4,9,1,0.638,
"Charles McAdooNo new player Notes TOR - 1B,2B,3B",,Stealth Bomber,36,1749,1206,0%,25/97,12,3,14,2,0.694,
Adrian Del CastilloPlayer Note AZ - C,,FA,64,1740,1208,0%,35/181,18,5,24,1,0.555,
Zac VeenNo new player Notes COL - OF,,Ranger danger,36,1781,1209,3%,16/69,10,3,13,2,0.747,
Victor RoblesNo new player Notes SEA - OF,,FA,65,1715,1210,0%,34/133,15,0,9,10,0.623,
"Hyeseong KimNAPlayer Note LAD - 2B,SS,OF",,FA,43,352,1211,1%,30/116,16,1,11,5,0.651,
"Christian KossPlayer Note SF - 2B,3B,SS",,FA,70,1697,1212,5%,44/203,27,4,12,5,0.562,
"Adam FrazierNo new player Notes LAA - 2B,OF",,FA,66,1678,1213,0%,31/129,19,1,13,3,0.664,
"Yohandy MoralesPlayer Note WSH - 1B,3B",,Trust The Process,17,1775,1214,2%,12/47,10,4,10,1,0.851,
Mitch GarverNANo new player Notes NYY - C,,FA,50,1748,1215,0%,22/126,17,4,15,1,0.596,
Lucas SpencePlayer Note HOU - OF,,FA,19,1796,1216,1%,12/55,9,4,12,0,0.826,
"Tyler CallihanNANo new player Notes PIT - 1B,2B,OF",,FA,37,1787,1217,0%,20/95,13,3,15,1,0.672,
Kaelen CulpepperPlayer Note MIN - SS,,Ranger danger,33,1745,1218,8%,32/117,15,3,11,1,0.721,
Brandon LockridgePlayer Note MIL - OF,,FA,39,1716,1219,0%,28/101,13,0,12,6,0.675,
Logan O'HoppeNAPlayer Note TEX - C,,FA,85,386,1220,2%,55/251,25,4,24,0,0.578,
Hunter FeducciaNo new player Notes LAD - C,,FA,93,1777,1221,0%,48/217,21,3,19,0,0.625,
Walker JenkinsPlayer Note MIN - OF,,Joey Spierer's Team,26,1780,1222,12%,19/84,14,4,10,1,0.686,
"Juan BritoPlayer Note CIN - 1B,2B",,FA,33,1758,1223,0%,26/106,13,3,14,1,0.683,
"Marcelo MayerPlayer Note SF - 2B,3B,SS",,Trust The Process,76,397,1224,3%,46/220,19,3,22,3,0.57,
Victor BericotoPlayer Note SF - OF,,FA,41,1761,1225,0%,27/112,9,5,15,1,0.687,
Turner HillPlayer Note SF - OF,,FA,34,1792,1226,1%,23/105,13,1,16,2,0.62,
"Osleivis BasabePlayer Note SF - 2B,3B,SS",,Detroit Fastballs,46,1794,1227,1%,26/129,13,5,13,2,0.609,
Joey BartIL10No new player Notes CWS - C,,FA,44,1746,1228,0%,24/112,13,4,13,0,0.662,
MJ MelendezNANo new player Notes NYM - OF,,FA,56,1840,1229,0%,23/120,14,4,11,0,0.665,
Jake RogersNAPlayer Note CWS - C,,FA,58,1815,1230,0%,23/143,17,4,14,1,0.563,
Nick CastellanosNANo new player Notes SD - OF,,FA,39,1667,1231,1%,22/115,9,4,20,2,0.56,
Bryan De La CruzNo new player Notes PHI - OF,,FA,34,1785,1232,0%,21/75,10,2,12,0,0.762,
Drew RomoPlayer Note CWS - C,,FA,61,1866,1233,0%,26/180,17,7,16,1,0.534,
Lazaro MontesPlayer Note SEA - OF,,Trust The Process,21,1806,1234,4%,11/52,7,4,11,0,0.786,
Grant McCrayNo new player Notes SF - OF,,FA,43,1817,1235,0%,11/77,14,2,4,8,0.523,
Giancarlo StantonIL60New Player Note NYY - OF,,Joe Byron,24,296,1236,14%,23/90,8,3,14,1,0.724,
"Enrique HernándezPlayer Note LAD - 1B,2B,3B,OF",,FA,41,1738,1237,1%,20/90,12,4,12,0,0.671,
Kahlil WatsonNANo new player Notes CLE - OF,,Stealth Bomber,27,1765,1238,0%,21/88,6,1,11,9,0.605,
"Braden ShewmakeNANo new player Notes HOU - 2B,3B,SS",,FA,34,1774,1239,0%,22/85,12,3,10,1,0.694,
"Abimelec OrtizPlayer Note WSH - 1B,OF",,FA,44,1797,1240,3%,24/128,16,5,14,0,0.572,
Josue De PaulaNAPlayer Note LAD - OF,,Joe Byron,11,1809,1241,13%,10/31,7,1,7,1,1.081,
Alan RodenPlayer Note MIN - OF,,FA,32,1771,1242,0%,23/79,7,1,14,0,0.768,
"Ryan WardNAPlayer Note LAD - 1B,OF",,FA,20,1803,1243,0%,12/55,8,3,12,0,0.738,
Jhonny PeredaNo new player Notes SEA - C,,FA,31,1759,1245,0%,27/90,12,2,8,0,0.755,
Brian ServenNo new player Notes ATH - C,,FA,29,1819,1246,0%,14/80,8,5,14,0,0.599,
Starling MarteNANo new player Notes KC - OF,,FA,59,1695,1247,0%,37/153,15,2,14,2,0.612,
"Ramón UríasNAPlayer Note STL - 2B,3B",,FA,43,1750,1249,0%,13/86,14,4,9,0,0.586,
Alek ThomasNANo new player Notes LAD - OF,,FA,35,1720,1251,0%,21/113,13,2,13,4,0.554,
Joey LoperfidoNANo new player Notes HOU - OF,,FA,40,1763,1252,0%,22/103,13,1,12,1,0.641,
Jose TrevinoNo new player Notes CIN - C,,FA,48,1736,1253,0%,33/152,12,5,19,0,0.557,
Pavin SmithPlayer Note AZ - 1B,,FA,40,1743,1254,0%,20/109,12,3,12,2,0.556,
Jimmy CrooksNANo new player Notes STL - C,,FA,52,1854,1255,0%,24/134,10,5,14,0,0.591,
Harrison BaderIL60No new player Notes SF - OF,,FA,30,332,1256,1%,18/106,10,5,14,0,0.556,
"Leo JiménezNANo new player Notes MIA - 1B,2B,3B",,FA,66,1826,1257,0%,33/166,18,2,14,1,0.565,
Edgar QueroNANo new player Notes CWS - C,,FA,69,1737,1258,0%,38/187,14,3,19,1,0.541,
"Luis UríasIL10No new player Notes TOR - 2B,3B",,FA,26,1772,1259,0%,13/52,5,3,8,0,0.803,
"Ronny MauricioPlayer Note NYM - 2B,3B,SS",,FA,20,1788,1260,0%,13/59,7,4,8,0,0.699,
Jake MeyersIL60Player Note HOU - OF,,FA,57,1704,1261,0%,30/141,15,3,11,1,0.594,
Braxton FulfordNo new player Notes COL - C,,FA,47,1804,1262,0%,13/74,12,1,7,4,0.529,
Jesus RodriguezIL60No new player Notes SF - C,,FA,22,1823,1264,0%,12/51,7,2,8,1,0.728,
"Shay WhitcombPlayer Note SF - 2B,3B",,FA,49,1802,1265,0%,24/116,9,4,13,2,0.569,
"Ronny SimonPlayer Note PIT - 2B,OF",,FA,21,1790,1266,0%,16/63,11,1,4,4,0.648,
"Josh RojasNo new player Notes KC - 2B,3B",,FA,43,1795,1267,0%,24/106,11,2,14,1,0.586,
Michael ArroyoPlayer Note SEA - 2B,,FA,15,1807,1268,1%,13/35,5,1,4,2,0.953,
Pedro PagésNo new player Notes STL - C,,FA,82,1734,1269,0%,41/189,14,4,12,2,0.587,
Blake PerkinsNANo new player Notes CLE - OF,,FA,55,1784,1270,0%,14/89,14,1,11,3,0.508,
Will BensonNANo new player Notes CIN - OF,,FA,51,1766,1271,0%,18/96,11,3,6,1,0.643,
Tyler LocklearIL60No new player Notes AZ - 1B,,FA,15,1805,1272,0%,10/36,8,1,6,1,0.801,
Colby ThomasNANo new player Notes PHI - OF,,FA,55,1770,1273,0%,23/114,11,4,11,1,0.568,
Yoán MoncadaIL60No new player Notes LAA - 3B,,FA,41,1762,1274,0%,21/111,9,3,10,1,0.605,
"Joshua Kuroda-GrauerPlayer Note ATH - 2B,3B,SS",,Joey Spierer's Team,21,1786,1275,2%,26/71,8,1,4,0,0.899,
Eric HaaseNANo new player Notes SF - C,,FA,29,1834,1276,0%,12/74,8,4,9,0,0.6,
Lourdes Gurriel Jr.NAPlayer Note AZ - OF,,FA,51,1673,1277,1%,39/186,13,2,22,1,0.544,
Matt WallnerNANo new player Notes MIN - OF,,FA,34,1752,1278,1%,20/120,14,4,10,0,0.551,
"Sterlin ThompsonNANo new player Notes COL - 1B,OF",,FA,27,1830,1279,0%,16/69,7,2,10,0,0.689,
Jase BowenNo new player Notes SD - OF,,FA,83,1836,1280,0%,14/96,14,2,7,6,0.438,
Alex JacksonNAPlayer Note MIN - C,,FA,33,1767,1281,0%,21/69,12,1,5,0,0.748,
Drew MillasIL60No new player Notes WSH - C,,FA,50,1813,1282,0%,24/130,18,2,11,0,0.539,
TJ FriedlNAPlayer Note CIN - OF,,FA,91,1700,1283,7%,41/239,20,4,13,5,0.51,
"Darell HernaizNANo new player Notes ATH - 2B,3B,SS",,FA,56,1773,1284,0%,32/137,13,1,9,3,0.593,
"Jonathan IndiaIL60No new player Notes KC - 2B,3B,OF",,FA,17,1753,1285,1%,8/48,8,2,8,0,0.623,
Billy CookNo new player Notes PIT - OF,,FA,87,1820,1286,0%,10/56,13,0,3,6,0.457,
Jonatan ClaseIL60No new player Notes TOR - OF,,FA,9,1821,1287,0%,6/22,4,2,6,0,0.905,
"Tommy WhitePlayer Note ATH - 1B,3B",,FA,56,1755,1288,1%,48/189,19,3,10,0,0.6,
Andrew PinckneyNANo new player Notes WSH - OF,,FA,17,1844,1289,0%,7/25,7,1,3,1,0.79,
Max KeplerNANo new player Notes AZ - OF,,FA,41,1729,1290,0%,27/132,11,2,15,0,0.565,
"Sean KeysNo new player Notes TOR - 1B,3B",,FA,25,1842,1291,0%,12/61,9,2,9,0,0.57,
Jake FraleyNAPlayer Note TB - OF,,FA,31,1783,1292,0%,19/88,6,2,5,3,0.653,
Junior PerezNANo new player Notes CWS - OF,,FA,22,1864,1293,0%,6/35,5,3,6,0,0.623,
Ethan SalasNo new player Notes SD - C,,FA,16,1846,1294,3%,10/39,6,2,5,0,0.737,
Sean MurphyPlayer Note ATL - C,,FA,33,1782,1295,2%,20/110,11,3,10,0,0.556,
Jordan BeckNo new player Notes COL - OF,,FA,63,339,1296,3%,33/165,17,1,11,2,0.552,
Kevin AlcantaraNANo new player Notes CHC - OF,,FA,24,1845,1297,0%,6/25,6,1,6,0,0.646,
"Angel GenaoNo new player Notes CLE - 2B,3B,SS",,FA,43,1837,1298,4%,27/127,15,2,6,1,0.572,
Brewer HicklenNo new player Notes ATL - OF,,FA,20,1853,1299,0%,10/39,9,0,3,0,0.768,
Bryce TeodosioNo new player Notes LAA - OF,,FA,43,1810,1300,0%,15/70,8,0,6,5,0.51,
Drew CavanaughNo new player Notes SF - C,,FA,59,1835,1301,0%,33/144,9,1,12,1,0.607,
"Cody FreemanNo new player Notes TEX - 2B,3B",,FA,36,1801,1302,0%,21/85,8,1,6,1,0.637,
Nick MadrigalNANo new player Notes TB - 2B,,FA,19,1847,1303,0%,15/54,8,0,3,1,0.68,
"Nick YorkeNANo new player Notes PIT - 2B,3B",,FA,40,1831,1304,0%,22/104,7,1,12,1,0.563,
Zach ColeNANo new player Notes HOU - OF,,FA,19,1838,1305,0%,8/51,4,3,8,0,0.542,
Kenny PiperNANo new player Notes TB - C,,FA,14,1879,1306,0%,2/9,4,1,2,1,0.92,
Rodolfo DuránNANo new player Notes SD - C,,FA,38,1920,1307,0%,12/82,8,3,8,0,0.527,
Andrew KniznerNo new player Notes SF - C,,FA,29,1852,1308,0%,16/73,8,2,4,0,0.644,
Christian MoorePlayer Note LAA - 2B,,FA,38,1824,1309,1%,25/134,5,2,18,1,0.528,
Austin SlaterNANo new player Notes TB - OF,,FA,28,1814,1310,0%,15/65,6,0,3,4,0.588,
"Nate EatonPlayer Note BOS - 3B,OF",,FA,24,1832,1311,0%,8/50,4,1,6,2,0.56,
Rob RefsnyderNANo new player Notes SEA - OF,,FA,53,1799,1312,0%,16/114,9,4,11,0,0.465,
"Romy GonzalezNANo new player Notes BOS - 1B,2B",,FA,19,1726,1313,1%,12/65,7,1,7,1,0.572,
"Gage WorkmanNANo new player Notes SD - 3B,SS,OF",,FA,18,1887,1314,0%,7/41,3,2,8,0,0.586,
"Cam CauleyPlayer Note TEX - 2B,SS,OF",,FA,34,1877,1315,0%,12/58,10,1,1,1,0.626,
Brett CallahanNo new player Notes DET - OF,,FA,33,1880,1316,0%,15/71,4,1,8,1,0.612,
Zach DezenzoNANo new player Notes HOU - OF,,FA,35,1825,1317,0%,16/75,11,1,3,1,0.587,
"Santiago EspinalNANo new player Notes AZ - 2B,3B,OF",,FA,36,1800,1318,0%,15/56,5,1,7,0,0.651,
Justin DeanNANo new player Notes CHC - OF,,FA,17,1876,1319,0%,3/8,3,0,3,1,1.125,
Jim JarvisNANo new player Notes ATL - SS,,FA,38,1860,1320,0%,23/111,10,1,11,0,0.564,
Tyler BlackNANo new player Notes MIL - 1B,,FA,9,1856,1321,0%,9/27,2,0,7,0,0.838,
"Eric WagamanNANo new player Notes NYM - 1B,OF",,FA,26,1747,1322,0%,9/47,5,2,5,0,0.588,
"Tsung-Che ChengNANo new player Notes BOS - 2B,3B,SS",,FA,14,1865,1323,0%,10/39,7,0,5,0,0.6,
Carlos JorgeNo new player Notes CIN - OF,,FA,18,1882,1324,0%,10/46,5,1,2,2,0.606,
"John PeckPlayer Note DET - 2B,3B,SS",,FA,24,1903,1325,1%,11/68,3,0,7,5,0.451,
Emmanuel RodriguezPlayer Note MIN - OF,,FA,13,1917,1326,3%,8/45,3,2,5,0,0.629,
Rowdy TellezNANo new player Notes ATL - 1B,,FA,7,1778,1327,0%,2/10,2,1,4,0,0.773,
Yohel PozoNo new player Notes BAL - C,,FA,37,1808,1328,0%,15/60,4,1,7,1,0.575,
Stuart FairchildNANo new player Notes SEA - OF,,FA,15,1899,1329,0%,3/19,4,0,1,2,0.565,
Bryce JohnsonNANo new player Notes SD - OF,,FA,32,1827,1330,0%,8/45,5,0,2,5,0.451,
Parker MeadowsIL60Player Note DET - OF,,FA,12,1829,1331,0%,9/36,3,0,2,3,0.641,
Alí SánchezNo new player Notes NYY - C,,FA,51,1848,1332,0%,21/86,7,1,8,0,0.577,
"Michael StefanicNo new player Notes ATH - 2B,3B",,FA,19,1873,1333,0%,9/26,3,0,4,0,0.799,
"Raynel DelgadoPlayer Note HOU - 2B,3B,SS",,FA,20,1883,1334,0%,9/37,4,1,4,0,0.651,
Connor JoeNANo new player Notes SEA - OF,,FA,21,1931,1335,0%,7/39,2,1,3,2,0.597,
"Brock RoddenIL10Player Note SEA - 2B,3B,SS",,FA,30,1922,1336,0%,12/61,8,0,4,0,0.585,
"CJ KayfusNA60No new player Notes CLE - 1B,OF",,FA,9,1850,1337,0%,4/22,4,1,2,0,0.644,
Jarred KelenicNANo new player Notes NYY - OF,,FA,36,1894,1338,0%,16/73,5,1,6,0,0.601,
"Orlando ArciaNANo new player Notes CIN - 1B,2B,3B,SS",,FA,19,1857,1339,0%,13/48,6,1,2,0,0.654,
Bo NaylorNo new player Notes MIL - C,,FA,31,1812,1340,0%,14/91,5,3,10,0,0.489,
"Leo RivasPlayer Note SEA - 2B,3B,SS",,FA,51,1870,1341,0%,19/124,11,0,11,2,0.461,
Christian FranklinPlayer Note BAL - OF,,FA,21,1921,1342,0%,9/50,6,0,1,3,0.525,
Carson WilliamsNANo new player Notes TB - SS,,FA,16,1878,1343,1%,4/37,7,1,6,0,0.37,
Andrew McCutchenNANo new player Notes TEX - OF,,FA,37,1760,1344,0%,14/73,8,1,5,0,0.537,
Sebastián RiveroNANo new player Notes LAA - C,,FA,24,1862,1345,0%,13/53,5,0,8,0,0.569,
"Will WilsonIL60No new player Notes SEA - 2B,3B,SS",,FA,2,1924,1346,0%,1/5,1,1,2,0,1.133,
Daz CameronNANo new player Notes TOR - OF,,FA,8,1895,1347,0%,5/24,3,1,3,0,0.575,
"Shawn RossNANo new player Notes TOR - C,1B",,FA,2,1932,1348,0%,1/5,1,1,2,0,1.0,
"Will WagnerNANo new player Notes SD - 1B,3B",,FA,16,1891,1349,0%,9/35,5,0,0,0,0.708,
Trey ManciniNANo new player Notes LAA - 1B,,FA,5,1908,1350,0%,4/13,1,0,4,0,0.748,
"Ben RossNo new player Notes MIN - 2B,3B,SS,OF",,FA,10,1918,1351,0%,4/21,5,0,1,1,0.571,
"Tanner MurrayIL60No new player Notes CWS - 2B,3B,SS,OF",,FA,13,1929,1352,0%,6/28,2,1,3,0,0.602,
Kameron MisnerNANo new player Notes PHI - OF,,FA,18,1811,1353,0%,9/41,2,0,4,3,0.5,
"Jared SernaNo new player Notes MIA - 2B,SS",,FA,17,1928,1354,0%,6/28,3,0,4,0,0.602,
Bo DavidsonPlayer Note SF - OF,,FA,6,1893,1355,1%,7/20,2,0,1,1,0.714,
Gabriel Rincones Jr.NANo new player Notes PHI - OF,,FA,29,1939,1356,0%,14/84,7,2,7,0,0.488,
José AzócarNANo new player Notes ATL - OF,,FA,11,1890,1357,0%,6/17,2,0,0,1,0.86,
Tommy PhamNo new player Notes CWS - OF,,FA,17,1791,1358,0%,3/30,5,1,3,0,0.429,
Nick MorabitoNo new player Notes NYM - OF,,FA,19,1926,1359,0%,8/41,4,0,4,1,0.527,
Denzel ClarkeNo new player Notes ATH - OF,,FA,40,1858,1360,0%,12/76,6,0,6,4,0.409,
Brian NavarretoNo new player Notes MIA - C,,FA,32,1938,1361,0%,7/52,8,1,3,0,0.443,
Jihwan BaeNANo new player Notes MIL - OF,,FA,4,1933,1362,0%,1/2,1,0,0,1,1.167,
"LuJames GrooverNANo new player Notes AZ - 1B,3B",,FA,15,1971,1363,0%,8/48,4,1,4,0,0.53,
Hayden SengerNANo new player Notes NYM - C,,FA,7,1956,1365,0%,2/15,2,1,2,0,0.466,
"Lenyn SosaNANo new player Notes TOR - 1B,2B",,FA,40,1709,1366,1%,22/113,11,1,9,0,0.49,
Scott KingeryNANo new player Notes CHC - 2B,,FA,8,1940,1367,0%,1/4,2,0,0,1,0.5,
Eloy JiménezNANo new player Notes TOR - OF,,FA,12,1904,1368,0%,9/31,2,0,3,0,0.633,
Logan PorterNANo new player Notes LAA - C,,FA,3,1963,1369,0%,1/4,2,0,0,0,1.0,
DaShawn Keirsey Jr.No new player Notes ATL - OF,,FA,5,1900,1370,0%,1/5,3,0,1,0,0.4,
Michael HelmanPlayer Note TEX - OF,,FA,16,1861,1371,0%,5/30,2,1,2,0,0.535,
Aramis GarciaNANo new player Notes AZ - C,,FA,8,1966,1372,0%,3/19,2,1,2,0,0.474,
Carlos NarváezNo new player Notes BAL - C,,FA,95,1798,1373,1%,40/248,22,3,10,2,0.467,
Gustavo CamperoIL10No new player Notes LAA - OF,,FA,4,1888,1374,0%,4/11,0,0,2,0,0.788,
J.C. EscarraNANo new player Notes NYY - C,,FA,32,1906,1375,0%,16/85,8,0,7,0,0.51,
"Kyle FarmerNo new player Notes ATL - 1B,2B,3B,SS",,FA,14,1841,1376,0%,4/18,2,0,3,0,0.489,
Gabriel GonzalezNANo new player Notes MIN - OF,,FA,7,1970,1377,0%,2/8,2,0,0,0,0.705,
Luke MaileNo new player Notes KC - C,,FA,18,1934,1378,0%,7/44,2,1,5,0,0.502,
P.J. HigginsNANo new player Notes CIN - C,,FA,13,1941,1379,0%,6/26,1,0,4,0,0.545,
Johnathan RodríguezNANo new player Notes ATH - OF,,FA,7,1944,1380,0%,2/11,0,0,2,0,0.606,
Oliver DunnNANo new player Notes TB - 3B,,FA,9,1948,1381,0%,1/11,4,0,1,0,0.258,
"Vidal BrujánNANo new player Notes NYM - 3B,SS,OF",,FA,9,1896,1382,0%,1/11,4,0,1,0,0.258,
George ValeraNANo new player Notes CLE - OF,,FA,13,1901,1383,0%,8/37,1,0,6,0,0.534,
Jace JungPlayer Note DET - 3B,,FA,6,1985,1384,0%,2/9,2,0,0,0,0.586,
"Dylan MooreNANo new player Notes PHI - 1B,2B,3B,OF",,FA,13,1828,1386,0%,0/12,3,0,0,1,0.2,
Eliézer AlfonzoNAPlayer Note LAD - C,,FA,13,1949,1387,0%,5/28,3,0,4,0,.429,
"Luis VázquezNANo new player Notes BAL - 3B,SS",,FA,1,1965,1388,0%,0/0,1,0,0,0,-,
Garrett StubbsNo new player Notes PHI - C,,FA,35,1945,1389,0%,9/59,11,0,3,0,.368,
Jared OlivaNANo new player Notes SF - OF,,FA,7,1978,1390,0%,1/7,1,0,0,1,.286,
Corey JulksNANo new player Notes DET - OF,,FA,4,1967,1391,0%,2/7,1,0,0,0,.715,
Vimael MachínNAPlayer Note COL - 3B,,FA,3,1958,1392,0%,3/6,0,0,0,0,1.000,
Nick SolakNANo new player Notes SD - 1B,,FA,4,2538,1393,0%,1/7,0,0,1,0,.443,
"Luke WilliamsNANo new player Notes ATL - 2B,SS",,FA,2,1959,1394,0%,0/0,0,0,0,0,-,
"Edwin ArroyoNANo new player Notes CIN - 2B,SS",,Joey Spierer's Team,50,1867,1395,1%,33/148,14,0,5,1,.530,
Ryan MountcastleIL60No new player Notes BAL - 1B,,FA,8,1818,1396,0%,4/14,0,0,1,0,.690,
Oswaldo CabreraPlayer Note CIN - 3B,,FA,7,1902,1397,0%,4/22,2,0,0,1,.490,
Jeferson QueroNANo new player Notes MIL - C,,FA,1,2524,1398,0%,0/1,0,0,0,0,.500,
"James TriantosNANo new player Notes CHC - 2B,OF",,FA,7,1996,1399,0%,1/8,2,0,0,0,.347,
Joey MenesesNANo new player Notes ATH - 1B,,FA,9,2533,1400,0%,3/20,1,0,2,0,.430,
M. Lorenzen (Batter)NAPlayer Note TOR - OF,,FA,32,2185,1401,0%,-/-,-,-,-,-,-,
"Owen MillerNANo new player Notes CHC - 2B,3B,SS,OF",,FA,1,2518,1402,0%,0/0,0,0,0,0,-,
Omar MartinezNANo new player Notes LAA - C,,FA,5,1988,1403,0%,1/3,0,0,0,0,.666,
"Rikuu NishidaNANo new player Notes CWS - 2B,OF",,FA,12,1936,1404,0%,7/29,3,0,2,0,.482,
Scott BanduraPlayer Note SF - OF,,FA,13,1968,1405,0%,6/29,2,0,1,1,.474,
Rudy Martin Jr.IL10No new player Notes TOR - OF,,FA,2,2529,1406,0%,0/2,0,0,0,0,.333,
Ryan BlissNANo new player Notes SEA - 2B,,FA,3,1991,1407,0%,1/8,0,0,1,0,.325,
"Miles MastrobuoniNANo new player Notes SEA - 2B,3B,OF",,FA,13,1874,1408,0%,5/26,3,0,1,0,.433,
"Jack BranniganNANo new player Notes PIT - 3B,SS",,FA,2,2525,1409,0%,0/1,0,0,0,0,.000,
Michael SianiNANo new player Notes DET - OF,,FA,1,1989,1410,0%,0/1,0,0,0,0,.000,
Maverick HandleyNANo new player Notes BAL - C,,FA,1,2551,1411,0%,0/1,0,0,0,0,.000,
Cristian PacheNo new player Notes NYM - OF,,FA,15,1995,1412,0%,1/8,2,0,0,0,0.25,
"Andy IbáñezNANo new player Notes SEA - 2B,3B",,FA,14,1871,1413,0%,2/23,1,0,5,0,0.202,
Heston KjerstadPlayer Note BAL - OF,,FA,11,1905,1414,0%,4/19,1,0,2,0,0.474,
Ivan JohnsonNA7New Player Note CIN - 2B,,FA,16,2546,1415,0%,1/16,0,0,0,2,0.274,
"Jonah BrideNANo new player Notes TEX - 1B,3B",,FA,2,2548,1416,0%,1/5,0,0,0,0,0.533,
"Jeimer CandelarioNANo new player Notes LAA - 1B,3B",,FA,7,2554,1417,0%,2/18,3,0,0,0,0.422,
Travis d'ArnaudNo new player Notes LAA - C,,FA,32,1952,1418,0%,12/76,7,1,3,0,0.475,
Dylan CarlsonNANo new player Notes CHC - OF,,FA,3,1913,1419,0%,0/4,1,0,0,0,0.0,
"Eddys LeonardNANo new player Notes SF - 1B,2B,OF",,FA,3,2519,1420,0%,2/8,0,0,0,0,0.625,
"Addison BargerIL60No new player Notes TOR - 3B,OF",,FA,9,358,1421,12%,1/22,2,0,2,0,0.305,
"Christopher MorelNo new player Notes NYM - 1B,OF",,FA,36,1822,1422,0%,17/98,6,1,6,1,0.474,
Steward BerroaNANo new player Notes PHI - OF,,FA,6,2528,1423,0%,1/7,0,0,1,0,0.286,
"Collin PriceNANo new player Notes HOU - C,1B",,FA,7,2532,1424,0%,2/12,1,0,0,0,0.481,
Luken BakerNANo new player Notes AZ - 1B,,FA,3,1994,1425,0%,1/5,0,0,0,0,0.4,
Reese McGuireNANo new player Notes CWS - C,,FA,11,1872,1426,0%,5/29,1,0,3,0,0.445,
Blake HuntNANo new player Notes SD - C,,FA,2,2539,1427,0%,0/3,0,0,0,0,0.0,
Daniel JohnsonNANo new player Notes HOU - OF,,FA,8,1982,1428,0%,2/14,1,0,0,0,0.437,
Zack ShortNANo new player Notes NYM - SS,,FA,29,2536,1429,0%,7/50,4,0,2,0,0.442,
"José BarreroNo new player Notes BAL - 3B,SS",,FA,2,2526,1430,0%,1/6,0,0,0,0,0.334,
"Ryan RitterNANo new player Notes COL - 2B,SS",,FA,16,1889,1431,0%,3/19,2,0,1,0,0.358,
"Davis WendzelNANo new player Notes PIT - 1B,3B,SS",,FA,2,2545,1432,0%,0/4,0,0,0,0,0.0,
Sam HaggertyNANo new player Notes TEX - OF,,FA,35,1843,1433,0%,7/44,3,0,1,2,0.395,
"Felix ReyesIL60No new player Notes PHI - 1B,OF",,FA,12,2534,1434,0%,6/38,2,1,2,0,0.421,
Nate FurmanIL10Player Note SF - 2B,,FA,22,2553,1435,0%,4/32,2,0,3,0,0.368,
"Trei CruzNANo new player Notes DET - SS,OF",,FA,2,2547,1436,0%,0/5,0,0,0,0,0.0,
"Patrick WisdomNANo new player Notes SEA - 1B,3B",,FA,19,2560,1437,0%,5/47,3,1,4,0,0.351,
Jonathan OrnelasNANo new player Notes MIL - 2B,,FA,9,2527,1438,0%,4/21,1,0,1,0,0.417,
Will BanfieldNo new player Notes CIN - C,,FA,11,2550,1439,0%,3/20,1,0,1,0,0.343,
Cooper IngleNANo new player Notes CLE - C,,FA,7,2555,1440,0%,2/21,1,0,2,0,0.303,
Aaron SabatoPlayer Note MIN - 1B,,FA,3,2552,1441,0%,0/6,0,0,0,0,0.0,
Luis MatosNANo new player Notes MIL - OF,,FA,9,1863,1442,0%,4/20,1,0,0,0,0.438,
Rece HindsNo new player Notes BAL - OF,,FA,25,2565,1443,0%,9/63,2,0,6,0,0.433,
Michael TogliaIL60No new player Notes CIN - 1B,,FA,10,1930,1444,0%,3/26,2,0,1,0,0.371,
Matthew LugoPlayer Note KC - OF,,FA,9,1969,1445,0%,2/14,0,0,0,0,0.343,
Kyler FedkoNA7No new player Notes PIT - OF,,FA,14,2566,1446,0%,0/16,1,0,1,0,0.105,
"Brett HarrisNo new player Notes SF - 1B,3B",,FA,21,2522,1447,0%,6/44,3,0,2,0,0.422,
"Andrew VelazquezNANo new player Notes KC - 2B,SS,OF",,FA,6,2557,1448,0%,1/15,0,0,0,1,0.134,
César SalazarNANo new player Notes HOU - C,,FA,9,2567,1449,0%,1/18,0,0,1,0,0.283,
"BJ Murray Jr.NANo new player Notes CHC - 1B,3B",,FA,7,2556,1450,0%,1/11,0,0,0,0,0.182,
"Chad StevensNANo new player Notes COL - 2B,3B,SS",,FA,16,2568,1451,0%,1/28,1,0,3,0,0.212,
Tyler HeinemanNo new player Notes LAA - C,,FA,75,1839,1452,0%,31/177,15,1,10,1,0.443,
Ke'Bryan HayesPlayer Note CIN - 3B,,FA,94,1849,1453,0%,32/227,19,5,9,1,0.419,
Buddy KennedyNANo new player Notes SEA - 3B,,FA,25,2569,1454,0%,5/43,4,0,1,0,0.364,
"Kyren ParisIL10No new player Notes LAA - 2B,OF",,FA,8,1975,1455,0%,0/15,0,0,0,0,0.167,
Greg JonesNANo new player Notes CHC - OF,,FA,12,2561,1456,0%,2/23,0,0,1,1,0.174,
Ben RortvedtNANo new player Notes LAD - C,,FA,16,2558,1457,0%,5/27,0,0,1,0,0.37,
"Ha-Seong KimNo new player Notes ATL - 2B,SS",,FA,51,1984,1458,0%,15/129,11,0,9,2,0.359,
Carlos SantanaNANo new player Notes AZ - 1B,,FA,8,1833,1459,0%,2/24,1,0,0,0,0.279,
Chadwick TrompNANo new player Notes LAD - C,,FA,21,2549,1460,0%,8/49,2,0,4,0,0.344,
Chuckie RobinsonNANo new player Notes ATL - C,,FA,8,2564,1461,0%,2/23,1,0,1,0,0.174,
Jerar EncarnacionNANo new player Notes SF - OF,,FA,17,2544,1462,0%,6/34,1,0,0,0,.406,
Sam HuffNANo new player Notes BAL - C,,FA,14,2563,1463,0%,4/33,1,0,1,0,.329,
Jhostynxon GarciaNAPlayer Note PIT - OF,,FA,20,2562,1464,0%,8/48,2,0,2,0,.388,
"Otto KempNANew Player Note PHI - 1B,3B,OF",,FA,13,1909,1465,0%,2/25,0,0,0,0,.228,
"Cesar PrietoNo new player Notes STL - 2B,3B,SS",,FA,16,2573,1466,0%,3/38,2,0,0,1,.235,
Will BrennanNANo new player Notes SF - OF,,FA,11,2571,1467,0%,2/23,0,0,0,0,.174,
"Jorge PolancoIL60No new player Notes NYM - 2B,3B",,FA,37,348,1468,14%,20/135,7,2,6,0,.431,
"Deyvison De Los SantosNo new player Notes MIA - 1B,3B",,FA,18,2570,1469,0%,6/42,1,0,0,0,.353,
Rafael MarchánNo new player Notes PHI - C,,FA,34,2572,1470,0%,9/91,5,2,6,0,.302,
Austin WynnsNANo new player Notes CHC - C,,FA,34,1974,1471,0%,12/82,4,1,1,0,.378,
Sandy LeónNANo new player Notes ATL - C,,FA,21,2574,1472,0%,4/44,0,0,0,0,.182,
"Deniel OrtizNANo new player Notes STL - 1B,3B",,FA,-,2297,1474,0%,-/-,-,-,-,-,-,
"Jhonkensy NoelNANo new player Notes BAL - 1B,OF",,FA,-,1943,1475,0%,-/-,-,-,-,-,-,
Maxton MartinNANo new player Notes TEX - OF,,FA,-,2308,1476,0%,-/-,-,-,-,-,-,
Dillon LewisNANo new player Notes MIA - OF,,FA,-,2444,1477,0%,-/-,-,-,-,-,-,
Jack SuwinskiNANo new player Notes TB - OF,,FA,-,1964,1478,0%,-/-,-,-,-,-,-,
"Dylan JassoNANo new player Notes MIA - 1B,2B,3B",,FA,-,2397,1479,0%,-/-,-,-,-,-,-,
"Cristian HernandezNANo new player Notes MIA - 2B,SS",,FA,-,2195,1480,0%,-/-,-,-,-,-,-,
"Kevin MadeNANo new player Notes WSH - 2B,SS",,FA,-,2234,1481,0%,-/-,-,-,-,-,-,
José AndersonNANo new player Notes MIL - OF,,FA,-,2431,1482,0%,-/-,-,-,-,-,-,
Benny MontgomeryNANo new player Notes COL - OF,,FA,-,2070,1483,0%,-/-,-,-,-,-,-,
Bryan RamosNANo new player Notes BAL - 3B,,FA,-,1993,1484,0%,-/-,-,-,-,-,-,
Izaac PachecoNANo new player Notes DET - 3B,,FA,-,2202,1485,0%,-/-,-,-,-,-,-,
"Dauri FernandezNANo new player Notes CLE - 2B,SS",,FA,-,2084,1486,0%,-/-,-,-,-,-,-,
Roberto CamposNANo new player Notes DET - OF,,FA,-,2376,1487,0%,-/-,-,-,-,-,-,
Blaine CrimNANo new player Notes COL - 1B,,FA,-,1915,1488,0%,-/-,-,-,-,-,-,
Daniel VazquezNANo new player Notes KC - SS,,FA,-,2247,1489,0%,-/-,-,-,-,-,-,
Adrian PlacenciaNANo new player Notes LAA - 2B,,FA,-,2218,1490,0%,-/-,-,-,-,-,-,
Edward DuranNANo new player Notes TOR - C,,FA,-,2494,1491,0%,-/-,-,-,-,-,-,
Ethan HollidayNANo new player Notes COL - SS,,FA,-,2103,1492,2%,-/-,-,-,-,-,-,
Aiva ArquetteNANo new player Notes MIA - SS,,FA,-,2045,1493,1%,-/-,-,-,-,-,-,
Eli WillitsNANo new player Notes WSH - SS,,Tm Mndlsn nd Mtchn,-,2328,1494,3%,-/-,-,-,-,-,-,
Jace LaVioletteNANo new player Notes CLE - OF,,FA,-,2406,1495,0%,-/-,-,-,-,-,-,
Billy CarlsonNANo new player Notes CWS - SS,,FA,-,2054,1496,0%,-/-,-,-,-,-,-,
Steele HallNANo new player Notes CIN - SS,,FA,-,2188,1497,0%,-/-,-,-,-,-,-,
Noah MillerNANo new player Notes LAD - SS,,FA,-,2122,1498,0%,-/-,-,-,-,-,-,
Marek HoustonNANo new player Notes MIN - SS,,FA,-,2261,1499,0%,-/-,-,-,-,-,-,
Kayson CunninghamNANo new player Notes AZ - SS,,FA,-,2469,1500,0%,-/-,-,-,-,-,-,
JoJo ParkerNANo new player Notes TOR - SS,,FA,-,2035,1501,1%,-/-,-,-,-,-,-,
"Gavin KilenNANo new player Notes SF - 2B,SS",,FA,-,2225,1502,0%,-/-,-,-,-,-,-,
Luke StevensonNANo new player Notes SEA - C,,FA,-,2364,1503,0%,-/-,-,-,-,-,-,
Daniel PierceNANo new player Notes TB - SS,,FA,-,2507,1504,0%,-/-,-,-,-,-,-,
Sean GambleNANo new player Notes KC - OF,,FA,-,2013,1505,0%,-/-,-,-,-,-,-,
"Ike IrishNANo new player Notes BAL - C,1B,OF",,FA,-,2166,1506,0%,-/-,-,-,-,-,-,
Trey SweeneyIL60No new player Notes DET - SS,,FA,-,1869,1507,0%,-/-,-,-,-,-,-,
Devin TaylorNANo new player Notes ATH - OF,,FA,-,2039,1508,0%,-/-,-,-,-,-,-,
Brendan SummerhillNANo new player Notes TB - OF,,FA,-,2198,1509,0%,-/-,-,-,-,-,-,
Slater de BrunNANo new player Notes TB - OF,,FA,-,2213,1510,0%,-/-,-,-,-,-,-,
Wehiwa AloyNANo new player Notes BAL - SS,,FA,-,2360,1511,0%,-/-,-,-,-,-,-,
Xavier NeyensNANo new player Notes HOU - SS,,FA,-,2001,1512,0%,-/-,-,-,-,-,-,
Max BelyeuNANo new player Notes COL - OF,,FA,-,2153,1513,0%,-/-,-,-,-,-,-,
Ethan ConradNANo new player Notes CHC - OF,,FA,-,2290,1514,0%,-/-,-,-,-,-,-,
Quentin YoungNANo new player Notes MIN - SS,,FA,-,2172,1515,0%,-/-,-,-,-,-,-,
Gavin FienNANo new player Notes WSH - SS,,FA,-,2067,1516,0%,-/-,-,-,-,-,-,
Johan RojasIL60No new player Notes PHI - OF,,FA,-,1859,1517,0%,-/-,-,-,-,-,-,
Ethan PetryNANo new player Notes WSH - OF,,FA,-,2293,1518,0%,-/-,-,-,-,-,-,
Andrew FischerNANo new player Notes MIL - 3B,,Ranger danger,-,2155,1519,2%,-/-,-,-,-,-,-,
Cam CannarellaNANo new player Notes MIA - OF,,Ranger danger,-,2124,1520,0%,-/-,-,-,-,-,-,
Caden BodineNANo new player Notes TB - C,,FA,-,2489,1521,0%,-/-,-,-,-,-,-,
Josh HammondNANo new player Notes KC - 3B,,FA,-,2068,1522,0%,-/-,-,-,-,-,-,
Brandon ComptonNANo new player Notes MIA - OF,,FA,-,2217,1523,0%,-/-,-,-,-,-,-,
Nick BeckerNANo new player Notes SEA - SS,,FA,-,2436,1524,0%,-/-,-,-,-,-,-,
Lonnie White Jr.NANo new player Notes PIT - OF,,FA,-,2402,1525,0%,-/-,-,-,-,-,-,
Tate SouthiseneNANo new player Notes ATL - SS,,FA,-,2449,1526,0%,-/-,-,-,-,-,-,
Ryan MitchellNANo new player Notes STL - OF,,FA,-,2280,1527,0%,-/-,-,-,-,-,-,
Dean MossNANo new player Notes TB - OF,,FA,-,2010,1528,0%,-/-,-,-,-,-,-,
Kala'i RosarioNANo new player Notes MIN - OF,,FA,-,2301,1529,0%,-/-,-,-,-,-,-,
Alex LodiseNANo new player Notes ATL - SS,,FA,-,2162,1530,0%,-/-,-,-,-,-,-,
Samuel ZavalaNANo new player Notes CWS - OF,,FA,-,2333,1531,0%,-/-,-,-,-,-,-,
Brady EbelNANo new player Notes MIL - SS,,FA,-,2077,1532,0%,-/-,-,-,-,-,-,
Kenedy CoronaNANo new player Notes NYY - OF,,FA,-,2521,1533,0%,-/-,-,-,-,-,-,
Jordan YostNANo new player Notes DET - SS,,FA,-,2372,1534,0%,-/-,-,-,-,-,-,
Charles DavalanNANo new player Notes LAD - OF,,FA,-,2019,1535,0%,-/-,-,-,-,-,-,
Mason NevilleNANo new player Notes CIN - OF,,FA,-,2392,1536,0%,-/-,-,-,-,-,-,
"Daniel DickinsonNANo new player Notes MIL - 2B,SS",,FA,-,2307,1537,0%,-/-,-,-,-,-,-,
Jaden FauskeNANo new player Notes CWS - OF,,FA,-,2223,1538,0%,-/-,-,-,-,-,-,
"Ben CowlesNANo new player Notes CHC - 2B,3B,SS",,FA,-,2325,1539,0%,-/-,-,-,-,-,-,
Henry GodboutNANo new player Notes BOS - 2B,,FA,-,2121,1540,0%,-/-,-,-,-,-,-,
Aeverson ArteagaNANo new player Notes SF - SS,,FA,-,2022,1541,0%,-/-,-,-,-,-,-,
Kyle LodiseNANo new player Notes CWS - SS,,FA,-,2214,1542,0%,-/-,-,-,-,-,-,
Gavin TurleyNANo new player Notes ATH - OF,,FA,-,2278,1543,0%,-/-,-,-,-,-,-,
Max WilliamsNANo new player Notes MIA - OF,,FA,-,2393,1544,0%,-/-,-,-,-,-,-,
Korbyn DickersonNANo new player Notes SEA - OF,,FA,-,2117,1545,0%,-/-,-,-,-,-,-,
Dax KilbyNANo new player Notes NYY - SS,,FA,-,2226,1546,0%,-/-,-,-,-,-,-,
Coy JamesNANo new player Notes WSH - SS,,FA,-,2475,1547,0%,-/-,-,-,-,-,-,
Carlos De La CruzNANo new player Notes WSH - OF,,FA,-,2407,1548,0%,-/-,-,-,-,-,-,
"Cooper KinneyNANo new player Notes TB - 2B,3B",,FA,-,2441,1549,0%,-/-,-,-,-,-,-,
Taitn GrayNANo new player Notes TB - C,,FA,-,2233,1550,0%,-/-,-,-,-,-,-,
Kane KepleyNANo new player Notes CHC - OF,,FA,-,2320,1551,0%,-/-,-,-,-,-,-,
Josiah HartshornNANo new player Notes CHC - OF,,FA,-,2427,1552,1%,-/-,-,-,-,-,-,
Nolan SchubartNANo new player Notes CLE - OF,,FA,-,2216,1553,0%,-/-,-,-,-,-,-,
Easton CarmichaelNANo new player Notes PIT - C,,FA,-,2075,1554,0%,-/-,-,-,-,-,-,
Aidan WestNANo new player Notes LAD - SS,,FA,-,2463,1555,0%,-/-,-,-,-,-,-,
"Colin YeamanNANo new player Notes BAL - 3B,SS",,FA,-,2362,1556,0%,-/-,-,-,-,-,-,
Dasan BrownNANo new player Notes MIL - OF,,FA,-,2147,1557,0%,-/-,-,-,-,-,-,
Nick DumesnilNANo new player Notes DET - OF,,FA,-,2140,1558,0%,-/-,-,-,-,-,-,
Cam DevanneyNANo new player Notes PIT - 3B,,FA,-,2541,1559,0%,-/-,-,-,-,-,-,
Tanner ThachNANo new player Notes COL - 1B,,FA,-,2227,1560,0%,-/-,-,-,-,-,-,
Gustavo MelendezNANo new player Notes PIT - SS,,FA,-,2210,1561,0%,-/-,-,-,-,-,-,
Murf GrayNANo new player Notes PIT - 3B,,FA,-,2076,1562,0%,-/-,-,-,-,-,-,
Jack GurevitchNANo new player Notes STL - 1B,,FA,-,2459,1563,0%,-/-,-,-,-,-,-,
Ty HarveyNANo new player Notes SD - C,,FA,-,2353,1564,0%,-/-,-,-,-,-,-,
Tim PiasentinNANo new player Notes TOR - 3B,,FA,-,2005,1565,0%,-/-,-,-,-,-,-,
Landon HodgeNANo new player Notes CWS - C,,FA,-,2485,1566,0%,-/-,-,-,-,-,-,
Dairon BlancoNANo new player Notes TEX - OF,,FA,-,1973,1567,0%,-/-,-,-,-,-,-,
Elian PeñaNANo new player Notes NYM - SS,,FA,-,2098,1568,0%,-/-,-,-,-,-,-,
Mitch VoitNANo new player Notes NYM - 2B,,FA,-,2318,1569,0%,-/-,-,-,-,-,-,
Cooper FlemmingNANo new player Notes TB - SS,,FA,-,2416,1570,0%,-/-,-,-,-,-,-,
Luke HillNANo new player Notes CLE - 3B,,FA,-,2314,1571,0%,-/-,-,-,-,-,-,
Josh OwensNANo new player Notes TEX - SS,,FA,-,2256,1572,0%,-/-,-,-,-,-,-,
Ethan FreyNANo new player Notes HOU - OF,,FA,-,2405,1573,0%,-/-,-,-,-,-,-,
Ryan WidemanNANo new player Notes SD - OF,,FA,-,2100,1574,0%,-/-,-,-,-,-,-,
Ethan HedgesNANo new player Notes COL - 3B,,FA,-,2491,1575,0%,-/-,-,-,-,-,-,
Antonio JimenezNANo new player Notes NYM - SS,,FA,-,2258,1576,0%,-/-,-,-,-,-,-,
Aaron WaltonNANo new player Notes CLE - OF,,FA,-,2135,1577,0%,-/-,-,-,-,-,-,
Lorenzo MeolaNANo new player Notes SF - 2B,,FA,-,2367,1578,0%,-/-,-,-,-,-,-,
Cal StevensonNANo new player Notes DET - OF,,FA,-,1992,1579,0%,-/-,-,-,-,-,-,
Cam MaldonadoNANo new player Notes SF - OF,,FA,-,2160,1580,0%,-/-,-,-,-,-,-,
"Justin TurnerNANo new player Notes CHC - 1B,3B",,FA,-,1907,1581,0%,-/-,-,-,-,-,-,
Isaiah JacksonNANo new player Notes BOS - OF,,FA,-,2267,1582,0%,-/-,-,-,-,-,-,
Enmanuel ValdezNANo new player Notes PIT - 1B,,FA,-,1947,1583,0%,-/-,-,-,-,-,-,
Michael OlivetoNANo new player Notes DET - C,,FA,-,2455,1584,0%,-/-,-,-,-,-,-,
Jason HeywardNANo new player Notes SD - OF,,FA,-,1962,1585,0%,-/-,-,-,-,-,-,
Warming BernabelNANo new player Notes WSH - 1B,,FA,-,1892,1586,0%,-/-,-,-,-,-,-,
Kade SnellNANo new player Notes CHC - OF,,FA,-,2065,1587,0%,-/-,-,-,-,-,-,
Brett WiselyNANo new player Notes ATL - 2B,,FA,-,1961,1588,0%,-/-,-,-,-,-,-,
Jase MitchellNANo new player Notes HOU - C,,FA,-,2322,1589,0%,-/-,-,-,-,-,-,
Blaine BullardNANo new player Notes TOR - OF,,FA,-,2080,1590,0%,-/-,-,-,-,-,-,
Jake CookNANo new player Notes TOR - OF,,FA,-,2302,1591,0%,-/-,-,-,-,-,-,
Trevor CohenNANo new player Notes SF - OF,,FA,-,2246,1592,0%,-/-,-,-,-,-,-,
Kaeden KentNANo new player Notes SF - SS,,FA,-,2041,1593,0%,-/-,-,-,-,-,-,
James Quinn-IronsNANo new player Notes TB - OF,,FA,-,2083,1594,0%,-/-,-,-,-,-,-,
Ryan NodaNAPlayer Note BAL - 1B,,FA,-,2537,1595,0%,-/-,-,-,-,-,-,
"Pablo AliendoNANo new player Notes CHC - C,1B",,FA,-,2460,1596,0%,-/-,-,-,-,-,-,
Matt MervisNANo new player Notes WSH - 1B,,FA,-,1923,1597,0%,-/-,-,-,-,-,-,
"Nick MonistereNANo new player Notes HOU - 3B,SS",,FA,-,2220,1598,0%,-/-,-,-,-,-,-,
Will RobertsonNANo new player Notes BAL - OF,,FA,-,2543,1599,0%,-/-,-,-,-,-,-,
"Core JacksonNANo new player Notes NYY - 2B,SS",,FA,-,2072,1600,0%,-/-,-,-,-,-,-,
Nacho Alvarez Jr.NANo new player Notes LAA - 3B,,FA,-,1910,1601,0%,-/-,-,-,-,-,-,
Matt KoperniakNANo new player Notes STL - OF,,FA,-,2336,1602,0%,-/-,-,-,-,-,-,
Diego VelasquezNANo new player Notes SF - 2B,,FA,-,2221,1603,0%,-/-,-,-,-,-,-,
Gavin ConticelloNANo new player Notes AZ - OF,,FA,-,2094,1604,0%,-/-,-,-,-,-,-,
"Jose IglesiasNANo new player Notes SD - 2B,3B,SS",,FA,-,1851,1605,0%,-/-,-,-,-,-,-,
Jesus LopezNANo new player Notes TEX - C,,FA,-,2042,1606,0%,-/-,-,-,-,-,-,
"Cristofer TorinNANo new player Notes AZ - 2B,SS",,FA,-,2285,1607,0%,-/-,-,-,-,-,-,
"Leo BalcazarNANo new player Notes CIN - 2B,SS",,FA,-,2020,1608,0%,-/-,-,-,-,-,-,
Rhylan ThomasNANo new player Notes TOR - OF,,FA,-,1987,1609,0%,-/-,-,-,-,-,-,
"Jesus BaezNANo new player Notes STL - 2B,3B,SS",,FA,-,2486,1610,0%,-/-,-,-,-,-,-,
"Rosman VerdugoNANo new player Notes SD - 2B,3B",,FA,-,2514,1611,0%,-/-,-,-,-,-,-,
Allan CastroNANo new player Notes BOS - OF,,FA,-,2324,1612,0%,-/-,-,-,-,-,-,
Carlos VirahondaNANo new player Notes AZ - C,,FA,-,2496,1613,0%,-/-,-,-,-,-,-,
"Enyervert PerezNANo new player Notes AZ - 1B,3B",,FA,-,2029,1614,0%,-/-,-,-,-,-,-,
Nate GeorgeNANo new player Notes BAL - OF,,FA,-,2482,1615,0%,-/-,-,-,-,-,-,
Jorge RodriguezNANo new player Notes BOS - C,,FA,-,2303,1616,0%,-/-,-,-,-,-,-,
Enddy AzocarNANo new player Notes BAL - OF,,FA,-,2116,1617,0%,-/-,-,-,-,-,-,
Juan TomasNANo new player Notes CHC - SS,,FA,-,2358,1618,0%,-/-,-,-,-,-,-,
Liberts AponteNANo new player Notes CIN - SS,,FA,-,2209,1619,0%,-/-,-,-,-,-,-,
Marcelo AlcalaNANo new player Notes CWS - OF,,FA,-,2266,1620,0%,-/-,-,-,-,-,-,
Cris RodriguezNANo new player Notes DET - OF,,FA,-,2415,1621,0%,-/-,-,-,-,-,-,
"Jude WarwickNANo new player Notes DET - 2B,SS",,FA,-,2115,1622,0%,-/-,-,-,-,-,-,
Kevin AlvarezNANo new player Notes HOU - OF,,FA,-,2451,1623,0%,-/-,-,-,-,-,-,
Ramcell MedinaNANo new player Notes KC - SS,,FA,-,2327,1624,0%,-/-,-,-,-,-,-,
Warren CalcañoNANo new player Notes KC - SS,,FA,-,2277,1625,0%,-/-,-,-,-,-,-,
Moises MarchánNANo new player Notes KC - C,,FA,-,2264,1626,0%,-/-,-,-,-,-,-,
Gabriel DavalilloNANo new player Notes LAA - C,,FA,-,2043,1627,0%,-/-,-,-,-,-,-,
"Andrew SalasNANo new player Notes MIA - 2B,SS,OF",,FA,-,2283,1628,0%,-/-,-,-,-,-,-,
Marlon QuinteroNANo new player Notes LAA - C,,FA,-,2244,1629,0%,-/-,-,-,-,-,-,
Brailyn AntunezNANo new player Notes MIL - OF,,FA,-,2055,1630,0%,-/-,-,-,-,-,-,
Stiven MarinezNANo new player Notes NYY - SS,,FA,-,2347,1631,0%,-/-,-,-,-,-,-,
"Deivid CoronilNANo new player Notes SD - 3B,SS",,FA,-,2107,1632,0%,-/-,-,-,-,-,-,
Darell MorelNANo new player Notes PIT - SS,,FA,-,2254,1633,0%,-/-,-,-,-,-,-,
"Luke AdamsNANo new player Notes MIL - 1B,3B",,FA,-,2129,1634,0%,-/-,-,-,-,-,-,
"Jhoan De La CruzNANo new player Notes SD - 2B,SS",,FA,-,2156,1635,0%,-/-,-,-,-,-,-,
Truitt MadonnaNANo new player Notes SD - C,,FA,-,2434,1636,0%,-/-,-,-,-,-,-,
Carlos GutierrezNANo new player Notes SF - OF,,FA,-,2294,1637,0%,-/-,-,-,-,-,-,
"Kendry MartinezNANo new player Notes SEA - 2B,SS",,FA,-,2242,1638,0%,-/-,-,-,-,-,-,
Yorger BautistaNANo new player Notes SEA - OF,,FA,-,2211,1639,0%,-/-,-,-,-,-,-,
Royelny StropNANo new player Notes STL - OF,,FA,-,2433,1640,0%,-/-,-,-,-,-,-,
Kenly HunterNANo new player Notes STL - OF,,FA,-,2385,1641,0%,-/-,-,-,-,-,-,
Anthony RendonIL60No new player Notes LAA - 3B,,FA,-,2207,1642,0%,-/-,-,-,-,-,-,
"Elorky RodriguezNANo new player Notes TEX - 2B,OF",,FA,-,2497,1643,0%,-/-,-,-,-,-,-,
"Juan SanchezNANo new player Notes TOR - 3B,SS",,FA,-,2163,1644,0%,-/-,-,-,-,-,-,
Jurickson ProfarSUSPNo new player Notes ATL - OF,,FA,-,1769,1645,3%,-/-,-,-,-,-,-,
Daniel HernandezNANo new player Notes WSH - C,,FA,-,2329,1646,0%,-/-,-,-,-,-,-,
Brayan CortesiaNANo new player Notes WSH - SS,,FA,-,2064,1647,0%,-/-,-,-,-,-,-,
Sir Jamison JonesNANo new player Notes WSH - C,,FA,-,2468,1648,0%,-/-,-,-,-,-,-,
"Marconi GermanNANo new player Notes WSH - 2B,SS",,FA,-,2464,1649,0%,-/-,-,-,-,-,-,
"Creed WillemsNANo new player Notes BAL - C,1B",,FA,-,2161,1650,0%,-/-,-,-,-,-,-,
Rafael Ramirez Jr.NANo new player Notes WSH - 2B,,FA,-,2229,1651,0%,-/-,-,-,-,-,-,
Darwing OzunaNANo new player Notes ATH - OF,,FA,-,2466,1652,0%,-/-,-,-,-,-,-,
Harold RivasNANo new player Notes BAL - OF,,FA,-,2368,1653,0%,-/-,-,-,-,-,-,
Raudi RodriguezNANo new player Notes LAA - OF,,FA,-,2388,1654,0%,-/-,-,-,-,-,-,
Donovan SolanoNANo new player Notes TEX - 1B,,FA,-,1897,1655,0%,-/-,-,-,-,-,-,
Reed TrimbleNA7No new player Notes BAL - OF,,FA,-,2395,1656,0%,-/-,-,-,-,-,-,
Austin GauthierNANo new player Notes LAD - 2B,,FA,-,2130,1657,0%,-/-,-,-,-,-,-,
Enmanuel BonillaNANo new player Notes TOR - OF,,FA,-,2287,1658,0%,-/-,-,-,-,-,-,
Gregory BarriosNANo new player Notes TB - SS,,FA,-,2167,1659,0%,-/-,-,-,-,-,-,
"Jadher AreinamoNANo new player Notes TB - 2B,3B,SS",,FA,-,2478,1660,0%,-/-,-,-,-,-,-,
Jace AvinaNANo new player Notes NYY - OF,,FA,-,2473,1661,0%,-/-,-,-,-,-,-,
"Omar AlfonzoNANo new player Notes NYY - C,1B",,FA,-,2087,1662,0%,-/-,-,-,-,-,-,
Wilmer FloresNANo new player Notes SF - 1B,,FA,-,1776,1663,0%,-/-,-,-,-,-,-,
"Boston BaroNANo new player Notes NYM - 2B,3B,SS",,FA,-,2359,1664,0%,-/-,-,-,-,-,-,
"Sammy StafuraNANo new player Notes NYM - 2B,SS",,FA,-,2383,1665,0%,-/-,-,-,-,-,-,
Colton LedbetterNANo new player Notes STL - OF,,FA,-,2508,1666,0%,-/-,-,-,-,-,-,
Spencer NivensNANo new player Notes KC - OF,,FA,-,2399,1667,0%,-/-,-,-,-,-,-,
Christian BethancourtNANo new player Notes PIT - C,,FA,-,2504,1668,0%,-/-,-,-,-,-,-,
"Max AndersonNANo new player Notes DET - 2B,3B",,FA,-,2000,1669,0%,-/-,-,-,-,-,-,
Matthew EtzelNANo new player Notes MIA - OF,,FA,-,2137,1670,0%,-/-,-,-,-,-,-,
Mike BoeveNANo new player Notes MIL - 1B,,FA,-,2487,1671,0%,-/-,-,-,-,-,-,
Roc RiggioNANo new player Notes COL - 2B,,FA,-,2089,1672,0%,-/-,-,-,-,-,-,
Kris BryantIL60No new player Notes COL - Util,,FA,-,2535,1673,0%,-/-,-,-,-,-,-,
Jesse WinkerNANo new player Notes NYM - OF,,FA,-,1937,1674,0%,-/-,-,-,-,-,-,
"Mac HorvathNANo new player Notes TB - 2B,3B,OF",,FA,-,2380,1675,0%,-/-,-,-,-,-,-,
Tom MurphyNANo new player Notes SF - C,,FA,-,2196,1676,0%,-/-,-,-,-,-,-,
Ethan O'DonnellNANo new player Notes MIA - OF,,FA,-,2384,1677,0%,-/-,-,-,-,-,-,
"Parks HarberNANo new player Notes SF - 1B,3B",,FA,-,2503,1678,0%,-/-,-,-,-,-,-,
Alfonsin RosarioNANo new player Notes CLE - OF,,FA,-,2352,1679,0%,-/-,-,-,-,-,-,
Tyler AustinIL60No new player Notes CHC - 1B,,FA,-,2062,1680,0%,-/-,-,-,-,-,-,
Nehomar Ochoa Jr.NANo new player Notes HOU - OF,,FA,-,2317,1681,0%,-/-,-,-,-,-,-,
Kemp AldermanNANo new player Notes MIA - OF,,FA,-,2430,1682,0%,-/-,-,-,-,-,-,
Zach LevensonNANo new player Notes STL - OF,,FA,-,2099,1683,0%,-/-,-,-,-,-,-,
"Kehden HettigerNANo new player Notes PHI - C,1B",,FA,-,2169,1684,0%,-/-,-,-,-,-,-,
Dylan CampbellNANo new player Notes CWS - OF,,FA,-,2200,1685,0%,-/-,-,-,-,-,-,
TJayy WaltonNANo new player Notes PHI - OF,,FA,-,2219,1686,0%,-/-,-,-,-,-,-,
"Tre' MorganNANo new player Notes TB - 1B,OF",,FA,-,2510,1687,0%,-/-,-,-,-,-,-,
Carson RuckerNANo new player Notes DET - 3B,,FA,-,2365,1688,0%,-/-,-,-,-,-,-,
Carson RoccaforteNANo new player Notes KC - OF,,FA,-,2394,1689,0%,-/-,-,-,-,-,-,
Jared DickeyNANo new player Notes ATH - OF,,FA,-,2424,1690,0%,-/-,-,-,-,-,-,
Aidan SmithNANo new player Notes NYM - OF,,FA,-,2309,1691,0%,-/-,-,-,-,-,-,
George WolkowNANo new player Notes CWS - OF,,FA,-,2450,1692,0%,-/-,-,-,-,-,-,
Jace BohrofenNANo new player Notes TOR - OF,,FA,-,2011,1693,0%,-/-,-,-,-,-,-,
Kendall GeorgeNANo new player Notes LAD - OF,,FA,-,2012,1694,0%,-/-,-,-,-,-,-,
Tai PeeteNANo new player Notes STL - OF,,FA,-,2101,1695,0%,-/-,-,-,-,-,-,
Ralphy VelazquezNANo new player Notes CLE - 1B,,Fightin Farmers,-,2422,1696,3%,-/-,-,-,-,-,-,
Dillon HeadNANo new player Notes MIA - OF,,FA,-,2505,1697,0%,-/-,-,-,-,-,-,
Blake MitchellNANo new player Notes KC - C,,FA,-,2476,1698,0%,-/-,-,-,-,-,-,
Aidan MillerNANo new player Notes PHI - SS,,FA,-,2178,1699,2%,-/-,-,-,-,-,-,
Arjun NimmalaNANo new player Notes LAA - SS,,FA,-,2180,1700,1%,-/-,-,-,-,-,-,
"Colin HouckNANo new player Notes NYM - 3B,SS",,FA,-,2361,1701,0%,-/-,-,-,-,-,-,
Enrique Bradfield Jr.NANo new player Notes BAL - OF,,FA,-,2442,1702,0%,-/-,-,-,-,-,-,
Brock WilkenNANo new player Notes MIL - 3B,,FA,-,2330,1703,0%,-/-,-,-,-,-,-,
"Walker MartinNANo new player Notes SF - 3B,SS",,FA,-,2477,1704,0%,-/-,-,-,-,-,-,
"Brayden TaylorNANo new player Notes MIA - 2B,3B",,FA,-,2175,1705,0%,-/-,-,-,-,-,-,
Jack HurleyNANo new player Notes AZ - OF,,FA,-,2457,1706,0%,-/-,-,-,-,-,-,
Adrian SantanaNANo new player Notes TB - SS,,FA,-,2093,1707,0%,-/-,-,-,-,-,-,
Chase DavisNANo new player Notes STL - OF,,FA,-,2007,1708,0%,-/-,-,-,-,-,-,
"Mitch JebbNANo new player Notes PIT - 2B,OF",,FA,-,2339,1709,0%,-/-,-,-,-,-,-,
Maui AhunaNANo new player Notes SF - SS,,FA,-,2104,1710,0%,-/-,-,-,-,-,-,
Jonny FarmeloNANo new player Notes SEA - OF,,FA,-,2222,1711,0%,-/-,-,-,-,-,-,
"Nazzan ZanetelloNANo new player Notes BOS - 2B,SS",,FA,-,2370,1712,0%,-/-,-,-,-,-,-,
Travis HoneymanNANo new player Notes STL - OF,,FA,-,2435,1713,0%,-/-,-,-,-,-,-,
Myles NaylorNANo new player Notes ATH - 3B,,FA,-,2313,1714,0%,-/-,-,-,-,-,-,
Eric BitontiNANo new player Notes MIL - 1B,,FA,-,2095,1715,0%,-/-,-,-,-,-,-,
"Brandon WinokurNANo new player Notes MIN - 3B,SS,OF",,FA,-,2498,1716,0%,-/-,-,-,-,-,-,
"Chris TaylorNANo new player Notes LAA - 2B,OF",,FA,-,1935,1717,0%,-/-,-,-,-,-,-,
Ryan LaskoNANo new player Notes ATH - OF,,FA,-,2024,1718,0%,-/-,-,-,-,-,-,
Homer Bush Jr.NANo new player Notes TB - OF,,FA,-,2074,1719,0%,-/-,-,-,-,-,-,
"Alex MooneyNANo new player Notes CLE - 2B,3B,SS",,FA,-,2231,1720,0%,-/-,-,-,-,-,-,
Sabin CeballosNANo new player Notes SF - 3B,,FA,-,2033,1721,0%,-/-,-,-,-,-,-,
Carson McCuskerNANo new player Notes MIN - OF,,FA,-,2530,1722,0%,-/-,-,-,-,-,-,
Dean CurleyNANo new player Notes CLE - SS,,FA,-,2051,1723,0%,-/-,-,-,-,-,-,
Manuel MargotNANo new player Notes DET - OF,,FA,-,1977,1724,0%,-/-,-,-,-,-,-,
J.D. GonzalezNANo new player Notes TB - C,,FA,-,2437,1725,0%,-/-,-,-,-,-,-,
"Devin SaltibanNANo new player Notes PHI - 2B,OF",,FA,-,2408,1726,0%,-/-,-,-,-,-,-,
"Kristian CampbellNA7No new player Notes BOS - 2B,OF",,FA,-,1875,1727,1%,-/-,-,-,-,-,-,
Hunter RenfroeNANo new player Notes KC - OF,,FA,-,2542,1728,0%,-/-,-,-,-,-,-,
"Tim AndersonNANo new player Notes LAA - 2B,SS",,FA,-,1983,1729,0%,-/-,-,-,-,-,-,
Mark CanhaNANo new player Notes TEX - OF,,FA,-,1979,1730,0%,-/-,-,-,-,-,-,
"Chase JaworskyNANo new player Notes MIA - 2B,SS",,FA,-,2447,1731,0%,-/-,-,-,-,-,-,
Jared SundstromNANo new player Notes SEA - OF,,FA,-,2259,1732,0%,-/-,-,-,-,-,-,
Jonathon LongNANo new player Notes MIA - 1B,,FA,-,2511,1733,0%,-/-,-,-,-,-,-,
"Sam ShawNANo new player Notes TOR - 2B,OF",,FA,-,2251,1734,0%,-/-,-,-,-,-,-,
Nate NankilNANo new player Notes ATH - OF,,FA,-,2203,1735,0%,-/-,-,-,-,-,-,
RJ SchreckNANo new player Notes TOR - OF,,FA,-,2419,1736,0%,-/-,-,-,-,-,-,
Avery Owusu-AsieduNANo new player Notes AZ - OF,,FA,-,2071,1737,0%,-/-,-,-,-,-,-,
Cole FontenelleNANo new player Notes LAA - 3B,,FA,-,2371,1738,0%,-/-,-,-,-,-,-,
"Yahil MelendezNANo new player Notes CHC - 3B,SS",,FA,-,2215,1739,0%,-/-,-,-,-,-,-,
Austin BarnesNANo new player Notes NYM - C,,FA,-,1986,1740,0%,-/-,-,-,-,-,-,
Gio UrshelaNANo new player Notes MIN - 3B,,FA,-,1927,1741,0%,-/-,-,-,-,-,-,
Jaron ElkinsNANo new player Notes LAD - OF,,FA,-,2323,1742,0%,-/-,-,-,-,-,-,
"Sammy HernandezNANo new player Notes STL - C,1B",,FA,-,2271,1743,0%,-/-,-,-,-,-,-,
"Jhonny SeverinoNANo new player Notes PIT - 2B,3B",,FA,-,2081,1744,0%,-/-,-,-,-,-,-,
Travis JankowskiNANo new player Notes NYM - OF,,FA,-,1951,1745,0%,-/-,-,-,-,-,-,
Estuar SueroNANo new player Notes PIT - OF,,FA,-,1997,1746,0%,-/-,-,-,-,-,-,
"Jeremy RodriguezNANo new player Notes NYM - 2B,3B,SS",,FA,-,2295,1747,0%,-/-,-,-,-,-,-,
"Tyler WadeNANew Player Note TEX - 2B,OF",,FA,-,1954,1748,0%,-/-,-,-,-,-,-,
Brendan RodgersNANo new player Notes BOS - 2B,,FA,-,1960,1749,0%,-/-,-,-,-,-,-,
"Jansel LuisNANo new player Notes AZ - 2B,3B,SS",,FA,-,2355,1750,0%,-/-,-,-,-,-,-,
Christian CerdaNANo new player Notes AZ - C,,FA,-,2403,1751,0%,-/-,-,-,-,-,-,
Luis GuanipaNANo new player Notes ATL - OF,,FA,-,2102,1752,0%,-/-,-,-,-,-,-,
"Luis AlmeydaNANo new player Notes BAL - 3B,SS",,FA,-,2108,1753,0%,-/-,-,-,-,-,-,
"Yoeilin CespedesNANo new player Notes BOS - 2B,SS",,FA,-,1998,1754,0%,-/-,-,-,-,-,-,
Johanfran GarciaNANo new player Notes BOS - C,,FA,-,2158,1755,0%,-/-,-,-,-,-,-,
Franklin AriasNANo new player Notes BOS - SS,,The Eds,-,2151,1756,6%,-/-,-,-,-,-,-,
Jefferson RojasNANo new player Notes NYM - SS,,FA,-,2069,1757,1%,-/-,-,-,-,-,-,
Derniche ValdezNANo new player Notes CHC - SS,,FA,-,2492,1758,0%,-/-,-,-,-,-,-,
"Brooks BaldwinIL60No new player Notes CWS - 2B,3B,SS,OF",,FA,-,1816,1759,0%,-/-,-,-,-,-,-,
Alfredo DunoNANo new player Notes CIN - C,,FA,-,2096,1760,1%,-/-,-,-,-,-,-,
Sheng-En LinNANo new player Notes CIN - SS,,FA,-,2387,1761,0%,-/-,-,-,-,-,-,
Welbyn FranciscaNANo new player Notes CLE - SS,,FA,-,2058,1762,0%,-/-,-,-,-,-,-,
Robert CalazNANo new player Notes COL - OF,,FA,-,2270,1763,0%,-/-,-,-,-,-,-,
"Enrique JimenezNANo new player Notes MIN - C,1B",,FA,-,2481,1764,0%,-/-,-,-,-,-,-,
Justice BigbieNANo new player Notes DET - OF,,FA,-,2349,1765,0%,-/-,-,-,-,-,-,
Luis BaezNANo new player Notes HOU - OF,,FA,-,2113,1766,0%,-/-,-,-,-,-,-,
Jacob StallingsNANo new player Notes BAL - C,,FA,-,2559,1767,0%,-/-,-,-,-,-,-,
Dario LaverdeNANo new player Notes LAA - C,,FA,-,2143,1768,0%,-/-,-,-,-,-,-,
"Felix MorrobelNANo new player Notes LAA - 2B,SS",,FA,-,2059,1769,0%,-/-,-,-,-,-,-,
Juan FloresNANo new player Notes LAA - C,,FA,-,2142,1770,0%,-/-,-,-,-,-,-,
"Capri OrtizNANo new player Notes LAA - 2B,SS",,FA,-,2474,1771,0%,-/-,-,-,-,-,-,
Anthony ScullNANo new player Notes LAA - OF,,FA,-,2182,1772,0%,-/-,-,-,-,-,-,
Joendry VargasNANo new player Notes LAD - SS,,FA,-,2061,1773,0%,-/-,-,-,-,-,-,
Thayron LiranzoNANo new player Notes DET - C,,FA,-,2106,1774,0%,-/-,-,-,-,-,-,
Andres ValorNANo new player Notes MIA - OF,,FA,-,2082,1775,0%,-/-,-,-,-,-,-,
Yophery RodriguezNANo new player Notes BOS - OF,,FA,-,2174,1776,0%,-/-,-,-,-,-,-,
"Filippo Di TuriNANo new player Notes MIL - 2B,3B,SS",,FA,-,2279,1777,0%,-/-,-,-,-,-,-,
"Juan BaezNANo new player Notes MIL - 2B,3B",,FA,-,2396,1778,0%,-/-,-,-,-,-,-,
"Ricardo OlivarNANo new player Notes MIN - C,OF",,FA,-,2126,1779,0%,-/-,-,-,-,-,-,
Brando MayeaNANo new player Notes NYY - OF,,FA,-,2205,1780,0%,-/-,-,-,-,-,-,
"Keiner DelgadoNANo new player Notes PIT - 2B,3B,SS",,FA,-,2346,1781,0%,-/-,-,-,-,-,-,
"Starlyn CabaNANo new player Notes MIA - 2B,SS",,FA,-,2281,1782,0%,-/-,-,-,-,-,-,
Raylin HerediaNANo new player Notes PHI - OF,,FA,-,2040,1783,0%,-/-,-,-,-,-,-,
Eduardo TaitNANo new player Notes MIN - C,,FA,-,2471,1784,0%,-/-,-,-,-,-,-,
Bryan RinconNANo new player Notes PHI - SS,,FA,-,2154,1785,0%,-/-,-,-,-,-,-,
Rayner AriasNANo new player Notes SF - OF,,FA,-,2136,1786,0%,-/-,-,-,-,-,-,
Onil PerezNANo new player Notes SF - C,,FA,-,2282,1787,0%,-/-,-,-,-,-,-,
Felnin CelestenNANo new player Notes SEA - SS,,FA,-,2181,1788,1%,-/-,-,-,-,-,-,
Brailer GuerreroNANo new player Notes TB - OF,,FA,-,2044,1789,0%,-/-,-,-,-,-,-,
"Sebastian WalcottNANo new player Notes TEX - 3B,SS",,FA,-,2228,1790,4%,-/-,-,-,-,-,-,
"Echedry VargasNANo new player Notes MIA - 3B,SS",,FA,-,2350,1791,0%,-/-,-,-,-,-,-,
Zyhir HopeNANo new player Notes DET - OF,,Trust The Process,-,2334,1792,2%,-/-,-,-,-,-,-,
Nelson RadaNANo new player Notes LAA - OF,,FA,-,2032,1793,0%,-/-,-,-,-,-,-,
Nolan JonesNANo new player Notes SEA - OF,,FA,-,1855,1794,0%,-/-,-,-,-,-,-,
Alex VerdugoNANo new player Notes SD - OF,,FA,-,1911,1795,0%,-/-,-,-,-,-,-,
"Gavin LuxIL60No new player Notes TB - 2B,3B,OF",,FA,-,1789,1796,1%,-/-,-,-,-,-,-,
"Richie MartinNANo new player Notes TEX - 3B,SS",,FA,-,2078,1797,0%,-/-,-,-,-,-,-,
"Waner LucianoNANo new player Notes HOU - 2B,3B",,FA,-,2351,1798,0%,-/-,-,-,-,-,-,
Anthony SantanderIL60Player Note TOR - OF,,Tm Mndlsn nd Mtchn,-,1953,1799,3%,-/-,-,-,-,-,-,
Wilson RodriguezNANo new player Notes NYY - OF,,FA,-,2066,1800,0%,-/-,-,-,-,-,-,
"Paul DeJongNA60No new player Notes DET - 2B,3B,SS",,FA,-,1868,1801,0%,-/-,-,-,-,-,-,
"Luis SuisbelNANo new player Notes SEA - 3B,SS",,FA,-,2516,1802,0%,-/-,-,-,-,-,-,
Tomás NidoNANo new player Notes BOS - C,,FA,-,1957,1803,0%,-/-,-,-,-,-,-,
"Rubel CespedesNANo new player Notes MIN - 1B,3B",,FA,-,2206,1804,0%,-/-,-,-,-,-,-,
"Jeral PerezNANo new player Notes CWS - 2B,SS",,FA,-,2176,1805,0%,-/-,-,-,-,-,-,
Leo De VriesNANo new player Notes ATH - SS,,Rafael Devers,-,2332,1806,8%,-/-,-,-,-,-,-,
"Garrett HampsonNANo new player Notes CIN - 2B,OF",,FA,-,1972,1807,0%,-/-,-,-,-,-,-,
Victor AriasNANo new player Notes TOR - OF,,FA,-,2243,1808,0%,-/-,-,-,-,-,-,
Jaison ChourioNANo new player Notes CLE - OF,,FA,-,2123,1809,0%,-/-,-,-,-,-,-,
Druw JonesNANo new player Notes AZ - OF,,FA,-,2144,1810,0%,-/-,-,-,-,-,-,
"Alejandro NunezNANo new player Notes HOU - 2B,3B,SS",,FA,-,2319,1811,0%,-/-,-,-,-,-,-,
Akil BaddooNANo new player Notes MIL - OF,,FA,-,2523,1812,0%,-/-,-,-,-,-,-,
Lewin DíazNANo new player Notes WSH - 1B,,FA,-,2291,1813,0%,-/-,-,-,-,-,-,
Thairo EstradaNANo new player Notes BAL - 2B,,FA,-,1881,1814,0%,-/-,-,-,-,-,-,
"Diego BenitezNANo new player Notes ATL - 1B,3B",,FA,-,2152,1815,0%,-/-,-,-,-,-,-,
"Josue BriceñoNANo new player Notes DET - C,1B",,Stealth Bomber,-,2426,1816,1%,-/-,-,-,-,-,-,
Douglas GlodNANo new player Notes ATL - OF,,FA,-,2345,1817,0%,-/-,-,-,-,-,-,
"David McCabeNANo new player Notes ATL - 1B,3B",,FA,-,2118,1818,0%,-/-,-,-,-,-,-,
Jud FabianNANo new player Notes BAL - OF,,FA,-,2501,1819,0%,-/-,-,-,-,-,-,
Miguel BleisNANo new player Notes BOS - OF,,FA,-,2015,1820,0%,-/-,-,-,-,-,-,
"Mikey RomeroNANo new player Notes BOS - 2B,3B",,FA,-,2401,1821,0%,-/-,-,-,-,-,-,
"Eddinson PaulinoNANo new player Notes NYM - 2B,SS",,FA,-,2186,1822,0%,-/-,-,-,-,-,-,
"Cutter CoffeyNANo new player Notes TOR - 2B,3B",,FA,-,2110,1823,0%,-/-,-,-,-,-,-,
"Niko KavadasNANo new player Notes LAA - 1B,OF",,FA,-,2540,1824,0%,-/-,-,-,-,-,-,
"Brooks BrannonNANo new player Notes BOS - C,1B",,FA,-,2171,1825,0%,-/-,-,-,-,-,-,
"Cam CollierNANo new player Notes CIN - 1B,3B",,FA,-,2506,1826,0%,-/-,-,-,-,-,-,
Ricky CabreraNANo new player Notes CIN - 3B,,FA,-,2454,1827,0%,-/-,-,-,-,-,-,
"Zach MorganNANo new player Notes SF - C,1B",,FA,-,2354,1828,0%,-/-,-,-,-,-,-,
Jake FoxNANo new player Notes CLE - OF,,FA,-,2238,1829,0%,-/-,-,-,-,-,-,
Yanquiel FernándezNANo new player Notes NYY - OF,,FA,-,1925,1830,0%,-/-,-,-,-,-,-,
"Dyan JorgeNANo new player Notes COL - 2B,SS",,FA,-,2390,1831,0%,-/-,-,-,-,-,-,
"Ryan BurrowesNANo new player Notes CWS - 2B,3B,SS",,FA,-,2257,1832,0%,-/-,-,-,-,-,-,
Justyn-Henry MalloyNANo new player Notes TB - OF,,FA,-,1912,1833,0%,-/-,-,-,-,-,-,
Keaton AnthonyNANo new player Notes PHI - 1B,,FA,-,2109,1834,0%,-/-,-,-,-,-,-,
Jacob MeltonIL60No new player Notes TB - OF,,FA,-,1950,1835,0%,-/-,-,-,-,-,-,
"Ryan CliffordNANo new player Notes NYM - 1B,OF",,FA,-,2036,1836,0%,-/-,-,-,-,-,-,
Alexander AlbertusNANo new player Notes CWS - 3B,,FA,-,2483,1837,0%,-/-,-,-,-,-,-,
Kenni GomezNANo new player Notes HOU - OF,,FA,-,2381,1838,0%,-/-,-,-,-,-,-,
Gavin CrossNANo new player Notes KC - OF,,FA,-,2191,1839,0%,-/-,-,-,-,-,-,
"Cayden WallaceNANo new player Notes WSH - 2B,3B",,FA,-,2003,1840,0%,-/-,-,-,-,-,-,
Tyler GentryNANo new player Notes DET - OF,,FA,-,2288,1841,0%,-/-,-,-,-,-,-,
"Austin CharlesNANo new player Notes KC - 3B,SS",,FA,-,2241,1842,0%,-/-,-,-,-,-,-,
"Payton EelesNANo new player Notes BAL - 2B,SS,OF",,FA,-,2499,1843,0%,-/-,-,-,-,-,-,
"Charlie CondonNANo new player Notes COL - 1B,OF",,Joe Byron,-,2021,1844,7%,-/-,-,-,-,-,-,
Randy De JesusNANo new player Notes LAA - OF,,FA,-,2262,1845,0%,-/-,-,-,-,-,-,
Bryce RainerNANo new player Notes DET - SS,,FA,-,2148,1846,1%,-/-,-,-,-,-,-,
Seaver KingNANo new player Notes WSH - SS,,Ranger danger,-,2088,1847,1%,-/-,-,-,-,-,-,
Caleb LomavitaNANo new player Notes WSH - C,,FA,-,2149,1848,0%,-/-,-,-,-,-,-,
"Billy AmickNANo new player Notes NYM - 1B,3B",,FA,-,2027,1849,0%,-/-,-,-,-,-,-,
Slade CaldwellNANo new player Notes AZ - OF,,FA,-,2237,1850,0%,-/-,-,-,-,-,-,
Vance HoneycuttNANo new player Notes BAL - OF,,FA,-,2079,1851,0%,-/-,-,-,-,-,-,
Dakota JordanNANo new player Notes SF - OF,,FA,-,2515,1852,0%,-/-,-,-,-,-,-,
"Cavan BiggioNANo new player Notes HOU - 1B,OF",,FA,-,1980,1853,0%,-/-,-,-,-,-,-,
Walker JanekNANo new player Notes HOU - C,,FA,-,2374,1854,0%,-/-,-,-,-,-,-,
Theo GillenNANo new player Notes TB - OF,,Cash is King,-,2296,1855,2%,-/-,-,-,-,-,-,
Rayne DonconNANo new player Notes MIN - 3B,,FA,-,2338,1856,0%,-/-,-,-,-,-,-,
"Logan WagnerNANo new player Notes LAD - 2B,3B",,FA,-,2034,1857,0%,-/-,-,-,-,-,-,
Kellon LindseyNANo new player Notes LAD - SS,,FA,-,2373,1858,0%,-/-,-,-,-,-,-,
Malcolm MooreNANo new player Notes TEX - C,,FA,-,2212,1859,0%,-/-,-,-,-,-,-,
"Wyatt SanfordNANo new player Notes PIT - 2B,SS",,FA,-,2008,1860,0%,-/-,-,-,-,-,-,
"Ronald HernandezNANo new player Notes NYM - C,1B",,FA,-,2253,1861,0%,-/-,-,-,-,-,-,
"Griff O'FerrallNANo new player Notes BAL - 2B,SS",,FA,-,2298,1862,0%,-/-,-,-,-,-,-,
Jacob CozartNANo new player Notes LAA - C,,FA,-,2194,1863,0%,-/-,-,-,-,-,-,
"Carter JohnsonNANo new player Notes MIA - 2B,SS",,FA,-,2073,1864,0%,-/-,-,-,-,-,-,
Tyson LewisNANo new player Notes CIN - SS,,FA,-,2453,1865,0%,-/-,-,-,-,-,-,
Hendry MendezNANo new player Notes MIN - OF,,FA,-,2340,1866,0%,-/-,-,-,-,-,-,
Kevin BazzellNANo new player Notes WSH - C,,FA,-,2248,1867,0%,-/-,-,-,-,-,-,
Dante NoriNANo new player Notes PHI - OF,,FA,-,2141,1868,0%,-/-,-,-,-,-,-,
PJ MorlandoNANo new player Notes MIA - OF,,FA,-,2284,1869,0%,-/-,-,-,-,-,-,
Jared ThomasNANo new player Notes COL - OF,,FA,-,2052,1870,0%,-/-,-,-,-,-,-,
Braylon PayneNANo new player Notes MIL - OF,,FA,-,2377,1871,0%,-/-,-,-,-,-,-,
"Tanner SchobelNANo new player Notes MIN - 3B,SS",,FA,-,2425,1872,0%,-/-,-,-,-,-,-,
Yasser MercedesNANo new player Notes MIN - OF,,FA,-,2023,1873,0%,-/-,-,-,-,-,-,
Mike SirotaNANo new player Notes LAD - OF,,Joe Byron,-,2343,1874,2%,-/-,-,-,-,-,-,
"Danny De AndradeNANo new player Notes MIN - 2B,3B,SS",,FA,-,2177,1875,0%,-/-,-,-,-,-,-,
"Caleb BonemerNANo new player Notes CWS - 3B,SS",,FA,-,2429,1876,2%,-/-,-,-,-,-,-,
Kavares TearsNANo new player Notes SD - OF,,FA,-,2157,1877,0%,-/-,-,-,-,-,-,
Kevin ParadaNANo new player Notes NYM - C,,FA,-,2305,1878,0%,-/-,-,-,-,-,-,
"Jett WilliamsNANo new player Notes MIL - 2B,SS,OF",,Detroit Fastballs,-,2412,1879,2%,-/-,-,-,-,-,-,
Blake BurkeNANo new player Notes MIL - 1B,,FA,-,1999,1880,0%,-/-,-,-,-,-,-,
"Peyton StovallNANo new player Notes CIN - 1B,2B",,FA,-,2090,1881,0%,-/-,-,-,-,-,-,
"Ethan AndersonNANo new player Notes BAL - C,1B",,FA,-,2230,1882,0%,-/-,-,-,-,-,-,
"Jacob ReimerNANo new player Notes NYM - 1B,3B",,FA,-,2375,1883,0%,-/-,-,-,-,-,-,
"Gage MillerNANo new player Notes MIA - 2B,3B",,FA,-,2133,1884,0%,-/-,-,-,-,-,-,
"Kyle DeBargeNANo new player Notes MIN - 2B,SS,OF",,FA,-,2382,1885,0%,-/-,-,-,-,-,-,
"Roderick AriasNANo new player Notes NYY - 3B,SS",,FA,-,2016,1886,0%,-/-,-,-,-,-,-,
Dylan DreilingNANo new player Notes TEX - OF,,FA,-,2465,1887,0%,-/-,-,-,-,-,-,
"Carson DeMartiniNANo new player Notes PHI - 3B,SS",,FA,-,2134,1888,0%,-/-,-,-,-,-,-,
Griffin BurkholderNANo new player Notes PHI - OF,,FA,-,2183,1889,0%,-/-,-,-,-,-,-,
Ty SouthiseneNANo new player Notes TOR - 2B,,FA,-,2467,1890,0%,-/-,-,-,-,-,-,
"Cooper BowmanNANo new player Notes TB - 1B,2B,OF",,FA,-,2452,1891,0%,-/-,-,-,-,-,-,
Austin OvernNANo new player Notes TB - OF,,FA,-,2047,1892,0%,-/-,-,-,-,-,-,
"Jon BertiNANo new player Notes TOR - 2B,3B",,FA,-,1914,1893,0%,-/-,-,-,-,-,-,
"William BergollaNANo new player Notes CWS - 2B,SS",,FA,-,2480,1894,0%,-/-,-,-,-,-,-,
JD DixNANo new player Notes AZ - 2B,,FA,-,2128,1895,0%,-/-,-,-,-,-,-,
Cole MathisNANo new player Notes NYM - 3B,,FA,-,2239,1896,0%,-/-,-,-,-,-,-,
Jared JonesNANo new player Notes PIT - 1B,,FA,-,2017,1897,0%,-/-,-,-,-,-,-,
Caleb RickettsNANo new player Notes PHI - C,,FA,-,2187,1898,0%,-/-,-,-,-,-,-,
Termarr JohnsonNANo new player Notes PIT - 2B,,FA,-,2411,1899,0%,-/-,-,-,-,-,-,
"Kale FountainNANo new player Notes SD - 1B,3B",,FA,-,2038,1900,0%,-/-,-,-,-,-,-,
Chase HarlanNANo new player Notes LAD - 3B,,FA,-,2112,1901,0%,-/-,-,-,-,-,-,
Shalin PolancoNANo new player Notes PIT - OF,,FA,-,2357,1902,0%,-/-,-,-,-,-,-,
John SpikermanNANo new player Notes NYM - OF,,FA,-,2132,1903,0%,-/-,-,-,-,-,-,
Casey SauckeNANo new player Notes CWS - Util,,FA,-,2170,1904,0%,-/-,-,-,-,-,-,
"Robert HipwellNANo new player Notes SF - 1B,3B",,FA,-,2056,1905,0%,-/-,-,-,-,-,-,
Cole MessinaNANo new player Notes COL - C,,FA,-,2009,1906,0%,-/-,-,-,-,-,-,
"Lamar King Jr.NANo new player Notes SD - C,1B",,FA,-,2105,1907,0%,-/-,-,-,-,-,-,
Victor LabradaNANo new player Notes SEA - OF,,FA,-,2046,1908,0%,-/-,-,-,-,-,-,
"Luke DickersonNANo new player Notes WSH - 2B,SS",,FA,-,2252,1909,0%,-/-,-,-,-,-,-,
Nick McLainNANo new player Notes CWS - OF,,FA,-,2417,1910,0%,-/-,-,-,-,-,-,
"Jonathan MejiaNANo new player Notes STL - 2B,SS",,FA,-,2224,1911,0%,-/-,-,-,-,-,-,
"Khadim DiawNANo new player Notes MIN - C,OF",,FA,-,2146,1912,0%,-/-,-,-,-,-,-,
Won-Bin ChoNANo new player Notes STL - OF,,FA,-,2263,1913,0%,-/-,-,-,-,-,-,
"Casey CookNANo new player Notes TEX - 2B,SS",,FA,-,2164,1914,0%,-/-,-,-,-,-,-,
Josh CaronNANo new player Notes SEA - C,,FA,-,2500,1915,0%,-/-,-,-,-,-,-,
Ryan CamposNANo new player Notes STL - C,,FA,-,2208,1916,0%,-/-,-,-,-,-,-,
Xavier IsaacNANo new player Notes TB - Util,,FA,-,2063,1917,0%,-/-,-,-,-,-,-,
"Émilien PitreNANo new player Notes NYM - 2B,SS",,FA,-,2344,1918,0%,-/-,-,-,-,-,-,
Dom KeeganNANo new player Notes BAL - C,,FA,-,2418,1919,0%,-/-,-,-,-,-,-,
Drew WatersNANo new player Notes KC - OF,,FA,-,1884,1920,0%,-/-,-,-,-,-,-,
Anthony GutierrezNANo new player Notes TEX - OF,,FA,-,2190,1921,0%,-/-,-,-,-,-,-,
Nick MontgomeryNANo new player Notes ATL - C,,FA,-,2310,1922,0%,-/-,-,-,-,-,-,
Triston CasasIL60No new player Notes BOS - 1B,,FA,-,1976,1923,1%,-/-,-,-,-,-,-,
Gleider FiguereoNANo new player Notes TEX - 3B,,FA,-,2245,1924,0%,-/-,-,-,-,-,-,
Carter MathisonNANo new player Notes PHI - OF,,FA,-,2018,1925,0%,-/-,-,-,-,-,-,
Sam PetersenNANo new player Notes WSH - OF,,FA,-,2363,1926,0%,-/-,-,-,-,-,-,
"Josh KasevichNANo new player Notes TOR - 3B,SS",,FA,-,2378,1927,0%,-/-,-,-,-,-,-,
"Jakob ChristianNANo new player Notes SF - 1B,OF",,FA,-,2490,1928,0%,-/-,-,-,-,-,-,
Devin Fitz-GeraldNANo new player Notes WSH - Util,,FA,-,2085,1929,0%,-/-,-,-,-,-,-,
Ivan LucianoNANo new player Notes AZ - C,,FA,-,2300,1930,0%,-/-,-,-,-,-,-,
Zach EhrhardNANo new player Notes LAD - OF,,FA,-,2192,1931,0%,-/-,-,-,-,-,-,
Bobby BoserNANo new player Notes ATH - SS,,FA,-,2445,1932,0%,-/-,-,-,-,-,-,
Nathan FlewellingNANo new player Notes TB - C,,FA,-,2337,1933,0%,-/-,-,-,-,-,-,
Payton HenryNANo new player Notes PHI - C,,FA,-,2316,1934,0%,-/-,-,-,-,-,-,
Fenwick TrimbleNANo new player Notes MIA - OF,,FA,-,2439,1935,0%,-/-,-,-,-,-,-,
Tirso OrnelasNANo new player Notes SD - OF,,FA,-,2531,1936,0%,-/-,-,-,-,-,-,
"Cobb HightowerNANo new player Notes BAL - 2B,SS",,FA,-,2306,1937,0%,-/-,-,-,-,-,-,
Ronny CruzNANo new player Notes WSH - SS,,FA,-,2398,1938,0%,-/-,-,-,-,-,-,
Elijah GreenNANo new player Notes WSH - OF,,FA,-,2391,1939,0%,-/-,-,-,-,-,-,
Cristhian VaqueroNANo new player Notes WSH - OF,,FA,-,2274,1940,0%,-/-,-,-,-,-,-,
"Marco LucianoNANo new player Notes NYY - 2B,SS",,FA,-,2125,1941,0%,-/-,-,-,-,-,-,
Ivan MelendezNANo new player Notes AZ - 1B,,FA,-,2236,1942,0%,-/-,-,-,-,-,-,
"Ruben SantanaNANo new player Notes STL - 1B,3B",,FA,-,2356,1943,0%,-/-,-,-,-,-,-,
"Orelvis MartinezNANo new player Notes WSH - 2B,3B",,FA,-,2131,1944,0%,-/-,-,-,-,-,-,
Andrew PintarNANo new player Notes MIA - OF,,FA,-,2199,1945,0%,-/-,-,-,-,-,-,
Carlos JimenezNANo new player Notes SEA - OF,,FA,-,2479,1946,0%,-/-,-,-,-,-,-,
"Gabriel RodriguezNANo new player Notes CLE - 3B,SS",,FA,-,2440,1947,0%,-/-,-,-,-,-,-,
Brendan TuninkNANo new player Notes LAD - OF,,FA,-,2004,1948,0%,-/-,-,-,-,-,-,
"Jacob BerryNANo new player Notes KC - 2B,3B,OF",,FA,-,2458,1949,0%,-/-,-,-,-,-,-,
"DJ LaytonNANo new player Notes BAL - 2B,SS",,FA,-,2204,1950,0%,-/-,-,-,-,-,-,
Carlos RodríguezNANo new player Notes SD - OF,,FA,-,2127,1951,0%,-/-,-,-,-,-,-,
"Caden PowellNANo new player Notes HOU - 3B,SS",,FA,-,2049,1952,0%,-/-,-,-,-,-,-,
Joseph SullivanNANo new player Notes HOU - OF,,FA,-,2513,1953,0%,-/-,-,-,-,-,-,
"Marco VargasNANo new player Notes NYM - 2B,SS",,FA,-,2326,1954,0%,-/-,-,-,-,-,-,
"Max WagnerNANo new player Notes BAL - 2B,3B",,FA,-,2512,1955,0%,-/-,-,-,-,-,-,
"Aron EstradaNANo new player Notes BAL - 2B,OF",,FA,-,2250,1956,0%,-/-,-,-,-,-,-,
Braylin TaveraNANo new player Notes BAL - OF,,FA,-,2159,1957,0%,-/-,-,-,-,-,-,
"Leandro AriasNANo new player Notes BAL - 2B,3B,SS",,FA,-,2438,1958,0%,-/-,-,-,-,-,-,
"Coco MontesNANo new player Notes TB - 2B,3B,OF",,FA,-,2517,1959,0%,-/-,-,-,-,-,-,
"Axiel PlazNANo new player Notes PIT - C,1B",,FA,-,2366,1960,0%,-/-,-,-,-,-,-,
Tony Blanco Jr.NANo new player Notes PIT - 1B,,FA,-,2053,1961,0%,-/-,-,-,-,-,-,
"Yordany De Los SantosNANo new player Notes PIT - 2B,3B,SS",,FA,-,2311,1962,0%,-/-,-,-,-,-,-,
Brennan MiloneNANo new player Notes ATH - 1B,,FA,-,2111,1963,0%,-/-,-,-,-,-,-,
Carlos PachecoNANo new player Notes ATH - OF,,FA,-,2410,1964,0%,-/-,-,-,-,-,-,
"Javi VazNANo new player Notes KC - 2B,OF",,FA,-,2292,1965,0%,-/-,-,-,-,-,-,
Mason McCoyNANo new player Notes SD - SS,,FA,-,1981,1966,0%,-/-,-,-,-,-,-,
"Jesús MadeNANo new player Notes MIL - 2B,3B,SS",,The Eds,-,2119,1967,10%,-/-,-,-,-,-,-,
"Luis PeñaNANo new player Notes MIL - 2B,3B,SS",,FA,-,2232,1968,2%,-/-,-,-,-,-,-,
"Jorge QuintanaNANo new player Notes SD - 3B,SS",,FA,-,2379,1969,0%,-/-,-,-,-,-,-,
Joswa LugoNANo new player Notes LAA - SS,,FA,-,2304,1970,0%,-/-,-,-,-,-,-,
Hayden AlvarezNANo new player Notes LAA - OF,,FA,-,2502,1971,0%,-/-,-,-,-,-,-,
"Pascanel FerrerasNANo new player Notes HOU - 2B,3B,SS",,FA,-,2446,1972,0%,-/-,-,-,-,-,-,
"Jancel VillarroelNANo new player Notes SF - C,OF",,FA,-,2014,1973,0%,-/-,-,-,-,-,-,
Jose PerdomoNANo new player Notes ATL - SS,,FA,-,2386,1974,0%,-/-,-,-,-,-,-,
Rainiel RodriguezNANo new player Notes STL - C,,FA,-,2321,1975,2%,-/-,-,-,-,-,-,
Yairo PadillaNANo new player Notes STL - SS,,FA,-,2461,1976,0%,-/-,-,-,-,-,-,
Adriel RadneyNANo new player Notes AZ - OF,,FA,-,2235,1977,0%,-/-,-,-,-,-,-,
Yassel SolerNANo new player Notes AZ - 3B,,FA,-,2025,1978,0%,-/-,-,-,-,-,-,
"Demetrio CrisantesNANo new player Notes AZ - 2B,3B",,FA,-,2289,1979,0%,-/-,-,-,-,-,-,
Alberto BarrigaNANo new player Notes AZ - C,,FA,-,2086,1980,0%,-/-,-,-,-,-,-,
Fernando CruzNANo new player Notes CHC - SS,,FA,-,2448,1981,0%,-/-,-,-,-,-,-,
Eli LovichNANo new player Notes CHC - OF,,FA,-,2030,1982,0%,-/-,-,-,-,-,-,
Stiven MartinezNANo new player Notes BAL - OF,,FA,-,2201,1983,0%,-/-,-,-,-,-,-,
Thomas SosaNANo new player Notes BAL - OF,,FA,-,2456,1984,0%,-/-,-,-,-,-,-,
"Joshua LiranzoNANo new player Notes BAL - 1B,3B,SS",,FA,-,2240,1985,0%,-/-,-,-,-,-,-,
"Emilio SanchezNANo new player Notes BAL - 3B,SS",,FA,-,2509,1986,0%,-/-,-,-,-,-,-,
Jordan SanchezNANo new player Notes BAL - OF,,FA,-,2423,1987,0%,-/-,-,-,-,-,-,
Nelly TaylorNANo new player Notes BOS - OF,,FA,-,2421,1988,0%,-/-,-,-,-,-,-,
"Angel CepedaNANo new player Notes CHC - 2B,3B,SS",,FA,-,2138,1989,0%,-/-,-,-,-,-,-,
Robert AriasNANo new player Notes CLE - OF,,FA,-,2097,1990,0%,-/-,-,-,-,-,-,
Ashly AndujarNANo new player Notes COL - SS,,FA,-,2488,1991,0%,-/-,-,-,-,-,-,
"Franyerber MontillaNANo new player Notes DET - 2B,SS",,FA,-,2414,1992,0%,-/-,-,-,-,-,-,
Nestor MirandaNANo new player Notes DET - Util,,FA,-,2249,1993,0%,-/-,-,-,-,-,-,
Yandel RicardoNANo new player Notes KC - SS,,FA,-,2331,1994,0%,-/-,-,-,-,-,-,
Ramon RamirezNANo new player Notes KC - C,,FA,-,2389,1995,0%,-/-,-,-,-,-,-,
"Jhonayker UgarteNANo new player Notes KC - 3B,SS",,FA,-,2400,1996,0%,-/-,-,-,-,-,-,
Asbel GonzalezNANo new player Notes KC - OF,,FA,-,2255,1997,0%,-/-,-,-,-,-,-,
Hyungchan UmNANo new player Notes KC - C,,FA,-,2472,1998,0%,-/-,-,-,-,-,-,
Emil MoralesNANo new player Notes LAD - SS,,FA,-,2341,1999,1%,-/-,-,-,-,-,-,
Eduardo QuinteroNANo new player Notes LAD - OF,,FA,-,2184,2000,1%,-/-,-,-,-,-,-,
Ching-Hsien KoNANo new player Notes LAD - OF,,FA,-,2031,2001,0%,-/-,-,-,-,-,-,
Luis CovaNANo new player Notes MIA - OF,,FA,-,2432,2002,0%,-/-,-,-,-,-,-,
Eduardo BeltreNANo new player Notes MIN - OF,,FA,-,2165,2003,0%,-/-,-,-,-,-,-,
"Dameury PenaNANo new player Notes TOR - 2B,OF",,FA,-,2276,2004,0%,-/-,-,-,-,-,-,
Daiverson GutierrezNANo new player Notes NYM - C,,FA,-,2026,2005,0%,-/-,-,-,-,-,-,
"Edward LantiguaNANo new player Notes NYM - 2B,3B,SS",,FA,-,2409,2006,0%,-/-,-,-,-,-,-,
Yovanny RodriguezNANo new player Notes NYM - C,,FA,-,2189,2007,0%,-/-,-,-,-,-,-,
Francisco VilorioNANo new player Notes NYY - OF,,FA,-,2050,2008,0%,-/-,-,-,-,-,-,
Edgleen PerezNANo new player Notes PIT - C,,FA,-,2420,2009,0%,-/-,-,-,-,-,-,
Ryan FitzgeraldNANo new player Notes LAD - SS,,FA,-,1919,2010,0%,-/-,-,-,-,-,-,
Engelth UrenaNANo new player Notes NYY - C,,FA,-,2315,2011,0%,-/-,-,-,-,-,-,
"Aroon EscobarNANo new player Notes PHI - 2B,3B",,FA,-,2150,2012,0%,-/-,-,-,-,-,-,
"Alirio FerrebusNANo new player Notes PHI - C,1B",,FA,-,2286,2013,0%,-/-,-,-,-,-,-,
"Edward FlorentinoNANo new player Notes PIT - 1B,OF",,FA,-,2470,2014,1%,-/-,-,-,-,-,-,
Romeo SanabriaNANo new player Notes SD - 1B,,FA,-,2173,2015,0%,-/-,-,-,-,-,-,
Jhonny LevelNANo new player Notes SF - SS,,FA,-,2404,2016,0%,-/-,-,-,-,-,-,
Yohendry SanchezNANo new player Notes SF - C,,FA,-,2428,2017,0%,-/-,-,-,-,-,-,
Jose OrtizNANo new player Notes SF - OF,,FA,-,2091,2018,0%,-/-,-,-,-,-,-,
Oliver TejadaNANo new player Notes SF - OF,,FA,-,2495,2019,0%,-/-,-,-,-,-,-,
"Dawel JosephNANo new player Notes SEA - 3B,SS",,FA,-,2342,2020,0%,-/-,-,-,-,-,-,
Paulino SantanaNANo new player Notes TEX - OF,,FA,-,2193,2021,0%,-/-,-,-,-,-,-,
"Yolfran CastilloNANo new player Notes TEX - 3B,SS",,FA,-,2006,2022,0%,-/-,-,-,-,-,-,
Braylin MorelNANo new player Notes TEX - OF,,FA,-,2048,2023,0%,-/-,-,-,-,-,-,
Yeremy CabreraNANo new player Notes WSH - OF,,FA,-,2413,2024,0%,-/-,-,-,-,-,-,
Victor HurtadoNANo new player Notes WSH - OF,,FA,-,2268,2025,0%,-/-,-,-,-,-,-,
"Angel FelizNANo new player Notes WSH - 2B,SS",,FA,-,2260,2026,0%,-/-,-,-,-,-,-,
Korey LeeNANo new player Notes CWS - C,,FA,-,1942,2027,0%,-/-,-,-,-,-,-,
Adolfo SanchezNANo new player Notes CIN - OF,,FA,-,2335,2028,0%,-/-,-,-,-,-,-,
"Naibel MarianoNANo new player Notes CIN - 3B,SS",,FA,-,2060,2029,0%,-/-,-,-,-,-,-,
Eli Serrano IIINANo new player Notes NYM - OF,,FA,-,2037,2030,0%,-/-,-,-,-,-,-,
James Tibbs IIINANo new player Notes LAD - OF,,Detroit Fastballs,-,2272,2031,4%,-/-,-,-,-,-,-,
Shotaro MoriiNANo new player Notes ATH - SS,,FA,-,2299,2032,0%,-/-,-,-,-,-,-,
Josuar GonzalezNANo new player Notes SF - SS,,FA,-,2139,2033,1%,-/-,-,-,-,-,-,
"Logan DavidsonNANo new player Notes TB - 1B,3B",,FA,-,1990,2034,0%,-/-,-,-,-,-,-,
Arnoldo LantiguaNANo new player Notes CIN - OF,,FA,-,2265,2035,0%,-/-,-,-,-,-,-,
Edgar MonteroNANo new player Notes ATH - SS,,FA,-,2275,2036,0%,-/-,-,-,-,-,-,
Maximo AcostaNANo new player Notes MIA - SS,,FA,-,1946,2037,0%,-/-,-,-,-,-,-,
Alex RamírezNANo new player Notes NYM - OF,,FA,-,2493,2038,0%,-/-,-,-,-,-,-,
"Kevin HidalgoNANo new player Notes COL - 3B,SS",,FA,-,2057,2039,0%,-/-,-,-,-,-,-,
Andy PerezNANo new player Notes COL - SS,,FA,-,2348,2040,0%,-/-,-,-,-,-,-,
Mani CedenoNANo new player Notes NYY - SS,,FA,-,2002,2041,0%,-/-,-,-,-,-,-,
Robert Hassell IIINANo new player Notes PIT - OF,,FA,-,1886,2042,0%,-/-,-,-,-,-,-,
Riley AdamsNANo new player Notes WSH - C,,FA,-,1898,2043,0%,-/-,-,-,-,-,-,
Brayan BuelvasNANo new player Notes ATH - OF,,FA,-,2114,2044,0%,-/-,-,-,-,-,-,
John GilNANo new player Notes ATL - SS,,FA,-,2092,2045,0%,-/-,-,-,-,-,-,
"Chris SueroNANo new player Notes NYM - C,1B,OF",,FA,-,2179,2046,0%,-/-,-,-,-,-,-,
Willie MacIverNANo new player Notes SEA - C,,FA,-,1955,2047,0%,-/-,-,-,-,-,-,
Braedon KarpathiosNANo new player Notes SD - OF,,FA,-,2028,2048,0%,-/-,-,-,-,-,-,
Brendan JonesNANo new player Notes MIA - OF,,FA,-,2269,2049,0%,-/-,-,-,-,-,-,
"Jordan WestburgIL60New Player Note BAL - 2B,3B",,Joe Byron,-,1764,2050,8%,-/-,-,-,-,-,-,
"Will BushNANo new player Notes HOU - C,1B",,FA,-,2462,2051,0%,-/-,-,-,-,-,-,
Tyler FitzgeraldNANo new player Notes SF - 2B,,FA,-,1885,2052,0%,-/-,-,-,-,-,-,
Josh AdamczewskiNANo new player Notes MIL - 2B,,FA,-,2443,2053,0%,-/-,-,-,-,-,-,
Pedro LeónNANo new player Notes PHI - OF,,FA,-,2312,2054,0%,-/-,-,-,-,-,-,
Diego TornesNANo new player Notes ATL - OF,,FA,-,2168,2055,0%,-/-,-,-,-,-,-,
Justin GonzalesNANo new player Notes BOS - OF,,FA,-,2273,2056,0%,-/-,-,-,-,-,-,
Dorian SotoNANo new player Notes BOS - SS,,FA,-,2145,2057,0%,-/-,-,-,-,-,-,
Wilfri De La CruzNANo new player Notes BAL - SS,,FA,-,2120,2058,0%,-/-,-,-,-,-,-,
"Juan CabadaNANo new player Notes CHC - 2B,3B",,FA,-,2484,2059,0%,-/-,-,-,-,-,-,
"Javier MogollonNANo new player Notes CWS - 2B,SS",,FA,-,2197,2060,0%,-/-,-,-,-,-,-,
Juneiker CaceresNANo new player Notes CLE - OF,,FA,-,2369,2061,0%,-/-,-,-,-,-,-,
